测试时间/Sec,电流/A,容量/Ah,SOC|DOD/%,电压/V,Unnamed: 5,测试时间/Sec.1,电流/A.1,容量/Ah.1,SOC|DOD/%.1,电压/V.1
0.0,3.48214,0.0,0.0,3.617932,,3458.0,0.0,2.467,100.0,4.155963351934676
1.0,3.47842,0.00094,0.038,3.624132,,3459.0,0.0,2.467,100.0,3.974856952056499
2.0,3.47842,0.00193,0.0783,3.630332,,3460.0,0.0,2.467,100.0,4.056708884775166
3.0,3.47842,0.00292,0.1183,3.635293,,3462.0,0.0,2.467,100.0,4.244795748044734
4.0,3.47842,0.00391,0.1586,3.639013,,3463.0,0.0,2.467,100.0,4.264684718385454
5.0,3.48028,0.00491,0.199,3.642423,,3464.0,0.0,2.467,100.0,3.950444809629688
6.0,3.47842,0.0059,0.2393,3.645213,,3465.0,0.0,2.467,100.0,4.319262851511235
7.0,3.48028,0.0069,0.2796,3.648004,,3466.0,0.0,2.467,100.0,4.209475880081159
8.0,3.47842,0.00791,0.3208,3.650794,,3467.0,0.0,2.467,100.0,4.02304092310544
9.0,3.48028,0.0089,0.3607,3.652964,,3468.0,0.0,2.467,100.0,4.036032849867233
10.0,3.47842,0.00989,0.4011,3.654824,,3469.0,0.0,2.467,100.0,4.300987351171007
11.0,3.47842,0.01088,0.441,3.656994,,3470.0,0.0,2.467,100.0,4.161965848237141
12.0,3.47842,0.01186,0.4809,3.658854,,3471.0,0.0,2.467,100.0,4.250620626073876
13.0,3.47842,0.01285,0.5209,3.660714,,3472.0,0.0,2.467,100.0,4.111735075036156
14.0,3.47842,0.01385,0.5612,3.662264,,3473.0,0.0,2.467,100.0,4.273401495146707
15.0,3.48028,0.01484,0.6016,3.663815,,3474.0,0.0,2.467,100.0,4.293325227766798
16.0,3.47656,0.01584,0.6419,3.665365,,3475.0,0.0,2.467,100.0,4.219184534364775
17.0,3.47842,0.01689,0.6846,3.666915,,3475.0,0.0,2.467,100.0,4.275982253581996
19.0,3.47842,0.01791,0.7261,3.668155,,3475.0,0.0,2.467,100.0,4.257527931638142
20.0,3.48028,0.0189,0.7661,3.669395,,,,,,
21.0,3.47842,0.01989,0.8064,3.670635,,3475.0,-0.6715,0.0,0.0,4.105616369982948
22.0,3.47842,0.02087,0.846,3.671875,,3477.0,-0.6715,0.00019,1.9926,4.073582753574651
23.0,3.47842,0.02187,0.8863,3.673425,,3478.0,-0.6715,0.00038,3.932,4.189027812801668
24.0,3.47656,0.02285,0.9263,3.674355,,3479.0,-0.6715,0.00057,5.8874,4.1533849106396215
25.0,3.48214,0.02384,0.9662,3.675595,,3480.0,-0.6715,0.00076,7.864,4.087327832846079
26.0,3.47842,0.02483,1.0066,3.676525,,3481.0,-0.6715,0.00096,9.8406,4.192632976773244
27.0,3.47842,0.02582,1.0465,3.677455,,3482.0,-0.6715,0.00115,11.8172,4.154677733794813
28.0,3.47842,0.02681,1.0868,3.678695,,3483.0,-0.6715,0.00134,13.7938,4.263572604060666
29.0,3.47842,0.0278,1.1268,3.679626,,3484.0,-0.6715,0.00152,15.6376,4.234266313543113
30.0,3.48028,0.02878,1.1667,3.680246,,3485.0,-0.6715,0.00173,17.7471,4.126980642896036
31.0,3.48028,0.02978,1.2071,3.681176,,3486.0,-0.6715,0.00192,19.7184,4.2184834728863825
32.0,3.47842,0.03076,1.247,3.682106,,3487.0,-0.6715,0.00211,21.695,4.1079166961584805
33.0,3.48028,0.03167,1.2839,3.683036,,3488.0,-0.6715,0.0023,23.6716,4.099937681625792
34.0,3.48028,0.0327,1.3254,3.683966,,3489.0,-0.6715,0.00249,25.6482,3.971958063150664
35.0,3.47842,0.03369,1.3657,3.684586,,3490.0,-0.6715,0.00269,27.6461,4.094542597484497
36.0,3.47842,0.03469,1.406,3.685516,,3491.0,-0.67336,0.00288,29.6387,3.909950694647175
37.0,3.47842,0.03567,1.446,3.686136,,3492.0,-0.6715,0.00307,31.6153,4.183662745670511
38.0,3.47842,0.03667,1.4863,3.686756,,3493.0,-0.6715,0.00326,33.5707,4.116542070990003
39.0,3.47656,0.03765,1.5263,3.687376,,3494.0,-0.6715,0.00346,35.5685,4.2111783418104745
40.0,3.47842,0.03865,1.5666,3.687996,,3495.0,-0.6715,0.00367,37.7152,4.10645448735933
41.0,3.47842,0.03964,1.6066,3.688616,,3496.0,-0.67336,0.00386,39.7343,4.131046925743958
42.0,3.47842,0.04063,1.6469,3.689236,,3497.0,-0.6715,0.00406,41.7056,4.26591310075057
43.0,3.48028,0.04162,1.6873,3.689546,,3498.0,-0.6715,0.00427,43.932,3.9822610569696764
44.0,3.47842,0.04261,1.7272,3.690476,,3499.0,-0.6715,0.00446,45.8927,4.148543086891216
45.0,3.47842,0.04376,1.7738,3.690786,,3500.0,-0.6715,0.00465,47.848,4.200214885324147
46.0,3.47656,0.04467,1.8106,3.691406,,3501.0,-0.6715,0.00484,49.8034,3.974752987564894
47.0,3.47656,0.04565,1.8506,3.692026,,3502.0,-0.67336,0.00502,51.6259,4.042535695086095
48.0,3.47842,0.04664,1.8906,3.692646,,3503.0,-0.6715,0.00521,53.6238,4.137393588984802
49.0,3.47656,0.04763,1.9309,3.692956,,3503.0,-1.34673,0.00521,53.6238,4.19933278226649
50.0,3.48028,0.04862,1.9708,3.693576,,3505.0,-1.34673,0.00563,57.8959,4.127556100808002
51.0,3.47656,0.04961,2.0108,3.694506,,3506.0,-1.34859,0.00602,61.865,4.115296615462339
52.0,3.47842,0.0506,2.0511,3.694816,,3507.0,-1.34859,0.0064,65.8395,4.040912259193751
53.0,3.47656,0.05158,2.0907,3.695127,,3508.0,-1.34859,0.00678,69.7715,4.171707730217476
54.0,3.47842,0.05257,2.131,3.695746,,3509.0,-1.35045,0.00717,73.746,3.92237097880899
56.0,3.48028,0.05356,2.171,3.695746,,3510.0,-1.35045,0.00756,77.7152,4.047975536071528
57.0,3.47842,0.05454,2.2109,3.696057,,3511.0,-1.35045,0.00794,81.6472,3.9369914378821154
58.0,3.48028,0.05554,2.2512,3.696676,,3512.0,-1.34673,0.00833,85.6217,4.014778545196399
59.0,3.47842,0.05655,2.2923,3.696987,,3513.0,-1.35045,0.00871,89.5537,4.231994788484553
60.0,3.48028,0.05754,2.3323,3.701637,,3514.0,-1.34859,0.00909,93.5229,4.068431437163795
61.0,3.47842,0.05853,2.3727,3.700707,,3515.0,-1.35045,0.00948,97.4974,4.228275036799875
62.0,3.48028,0.05952,2.4126,3.701947,,3516.0,-1.34673,0.00972,100.0,4.135517627793769
63.0,3.48028,0.06051,2.453,3.694816,,3516.0,-1.34673,0.00972,100.0,4.085581888329582
64.0,3.47842,0.0615,2.4929,3.694506,,,,,,
65.0,3.47842,0.0625,2.5333,3.694816,,3516.0,0.67894,0.0,0.0,4.123577608610372
66.0,3.48028,0.06353,2.5752,3.695436,,3517.0,0.6715,0.00021,13.7825,4.085734788116548
67.0,3.47656,0.06452,2.6151,3.696676,,3518.0,0.67336,0.0004,26.5048,4.164090273177042
68.0,3.47842,0.06551,2.6555,3.696367,,3519.0,0.67708,0.00059,39.1245,4.036998133766812
69.0,3.47842,0.0665,2.6958,3.701017,,3520.0,0.66964,0.00079,52.1546,4.20440199573985
70.0,3.47842,0.06751,2.7365,3.700707,,3521.0,0.67522,0.00098,65.0137,4.220338619385817
71.0,3.47842,0.0685,2.7765,3.705047,,3522.0,0.67336,0.00118,77.8728,4.21134048278614
72.0,3.47656,0.06949,2.8168,3.705357,,3523.0,0.66964,0.00137,90.4925,4.1648739546266755
73.0,3.47842,0.0704,2.8536,3.709697,,3524.0,0.66778,0.00151,100.0,4.135259983160398
74.0,3.47656,0.07138,2.8936,3.713728,,3524.0,0.0,0.00151,100.0,4.083724468009371
75.0,3.47842,0.07237,2.9335,3.714968,,3525.0,0.0,0.00151,100.0,4.171161339251111
76.0,3.47656,0.07338,2.9746,3.717448,,3526.0,0.0,0.00151,100.0,4.096254607033876
77.0,3.48028,0.07438,3.015,3.705667,,3527.0,0.0,0.00151,100.0,4.122219768628877
78.0,3.47656,0.07536,3.0549,3.705047,,3528.0,0.0,0.00151,100.0,4.12326614723179
79.0,3.47842,0.07635,3.0949,3.705047,,3529.0,0.0,0.00151,100.0,4.216024221595612
80.0,3.47842,0.07734,3.1348,3.709077,,3530.0,0.0,0.00151,100.0,4.054790910101193
81.0,3.47656,0.07832,3.1748,3.718998,,3531.0,0.0,0.00151,100.0,4.159846798024043
82.0,3.47842,0.07932,3.2151,3.714038,,3532.0,0.0,0.00151,100.0,4.2907937016130555
83.0,3.47842,0.08035,3.257,3.712488,,3533.0,0.0,0.00151,100.0,4.004559266240774
84.0,3.47842,0.08137,3.2981,3.719308,,3534.0,0.0,0.00151,100.0,4.064573792860791
85.0,3.48028,0.08237,3.3389,3.719618,,3535.0,0.0,0.00151,100.0,4.080369172076824
86.0,3.4747,0.08337,3.3796,3.718068,,3536.0,0.0,0.00151,100.0,4.044304879304273
87.0,3.47842,0.08436,3.4195,3.715588,,3537.0,0.0,0.00151,100.0,4.210198638467556
88.0,3.47842,0.08535,3.4595,3.714038,,3538.0,0.0,0.00151,100.0,4.049384897985323
89.0,3.47842,0.08633,3.4994,3.714038,,3539.0,0.0,0.00151,100.0,4.112800399464207
90.0,3.47656,0.08726,3.5371,3.719928,,3540.0,0.0,0.00151,100.0,4.211289539811557
91.0,3.47842,0.08833,3.5805,3.717138,,3540.0,0.0,0.00151,100.0,4.031568858628215
92.0,3.47842,0.08932,3.6205,3.713418,,,,,,
93.0,3.47656,0.09026,3.6588,3.713418,,3540.0,-0.6715,0.0,0.0,4.162518545389677
94.0,3.47842,0.09129,3.7004,3.718378,,3541.0,-0.6715,0.00019,0.9329,4.225500804049425
96.0,3.47842,0.09228,3.7407,3.714348,,3542.0,-0.6715,0.00044,2.1195,3.996494774349981
97.0,3.48028,0.09327,3.7807,3.717448,,3543.0,-0.6715,0.00064,3.0623,4.204009553566213
98.0,3.47842,0.09425,3.8206,3.714968,,3544.0,-0.6715,0.00083,3.9951,4.147775870982232
99.0,3.47842,0.09524,3.8605,3.715588,,3545.0,-0.6715,0.00102,4.9131,4.062109608772479
100.0,3.47842,0.09623,3.9005,3.719308,,3546.0,-0.6715,0.00122,5.8559,4.121907428514172
101.0,3.47842,0.09722,3.9409,3.716208,,3547.0,-0.6715,0.0014,6.7439,4.034984822557049
102.0,3.47842,0.0982,3.9804,3.708457,,3548.0,-0.6715,0.0016,7.6793,4.1885869091760455
103.0,3.47842,0.09918,4.0203,3.718688,,3549.0,-0.6715,0.00179,8.6047,4.022922510119335
104.0,3.47842,0.10017,4.0603,3.715588,,3550.0,-0.6715,0.00199,9.5997,3.893338367086281
105.0,3.47656,0.10116,4.1006,3.717138,,3551.0,-0.6715,0.00218,10.5177,4.064270533549005
106.0,3.47842,0.10216,4.141,3.716518,,3552.0,-0.6715,0.00237,11.4331,4.097890392306569
107.0,3.47656,0.10311,4.1797,3.712488,,3553.0,-0.6715,0.00257,12.3685,4.173640884834958
108.0,3.47842,0.1041,4.2197,3.709077,,3554.0,-0.6715,0.00276,13.2839,4.167552036648347
109.0,3.47842,0.10522,4.2651,3.709077,,3555.0,-0.6715,0.00295,14.2193,4.177508266503778
110.0,3.47656,0.10619,4.3043,3.709077,,3556.0,-0.6715,0.00315,15.1521,4.256578628615546
111.0,3.47842,0.10719,4.345,3.709077,,3557.0,-0.6715,0.00335,16.1148,4.07094212314656
112.0,3.47842,0.10817,4.3846,3.709077,,3558.0,-0.6715,0.00353,17.0129,4.160375120647618
113.0,3.47656,0.10916,4.4249,3.709697,,3559.0,-0.67336,0.00373,17.9383,4.242694486164834
114.0,3.47842,0.11015,4.4649,3.709697,,3561.0,-0.6715,0.00392,18.8637,4.074406728857962
115.0,3.48214,0.11114,4.5052,3.710007,,3562.0,-0.6715,0.00411,19.789,3.884476255103352
116.0,3.47656,0.11216,4.5463,3.710317,,3563.0,-0.6715,0.00435,20.9284,4.132310213851673
117.0,3.47842,0.11314,4.5863,3.710628,,3564.0,-0.67336,0.00453,21.8264,4.253288450709979
118.0,3.47842,0.11413,4.6262,3.710628,,3565.0,-0.6715,0.00472,22.7344,4.081509207949667
119.0,3.47842,0.11512,4.6662,3.710938,,3566.0,-0.6715,0.0049,23.5951,4.090246583751999
120.0,3.47842,0.1161,4.7061,3.711247,,3567.0,-0.67336,0.00509,24.513,4.077732680365351
121.0,3.47842,0.11709,4.7461,3.711558,,3568.0,-0.67336,0.00528,25.436,4.214712721543563
122.0,3.47842,0.11808,4.7864,3.711558,,3569.0,-0.67336,0.00548,26.3614,4.053113564127295
123.0,3.47842,0.11907,4.8264,3.711868,,3570.0,-0.6715,0.00567,27.2867,4.153989723599675
124.0,3.47656,0.12008,4.8675,3.712488,,3571.0,-0.6715,0.00586,28.2047,4.145692227546277
125.0,3.47656,0.12101,4.9051,3.712488,,3572.0,-0.6715,0.00605,29.1201,4.115450270795549
126.0,3.47842,0.12202,4.9462,3.712798,,3573.0,-0.67336,0.00624,30.0381,4.121089441253784
127.0,3.48214,0.12302,4.9866,3.713108,,3574.0,-0.6715,0.00643,30.961,3.9875701428342465
128.0,3.48028,0.124,5.0265,3.713108,,3575.0,-0.6715,0.00662,31.8789,3.9841577030302613
129.0,3.47842,0.12499,5.0665,3.713418,,3576.0,-0.6715,0.00681,32.8043,4.144381503232586
130.0,3.47842,0.12598,5.1068,3.713728,,3577.0,-0.6715,0.00701,33.7297,3.981771146994337
131.0,3.47842,0.12698,5.1471,3.714038,,3578.0,-0.67336,0.0072,34.6476,4.073187555030845
133.0,3.47842,0.12798,5.1879,3.714038,,3579.0,-0.6715,0.00739,35.573,4.089450253206277
134.0,3.47842,0.12897,5.2278,3.714658,,3580.0,-0.67336,0.00758,36.5084,4.02863264720699
135.0,3.47842,0.12997,5.2682,3.714968,,3581.0,-0.6715,0.00777,37.4238,4.091611305208471
136.0,3.48028,0.13099,5.3097,3.715588,,3582.0,-0.6715,0.00796,38.3393,4.041320419577271
137.0,3.47656,0.13199,5.3504,3.715588,,3583.0,-0.6715,0.00815,39.2547,4.064046093220144
138.0,3.4747,0.13298,5.3903,3.715898,,3584.0,-0.6715,0.00835,40.1801,4.0318118006939825
139.0,3.47842,0.13398,5.4307,3.716208,,3585.0,-0.6715,0.00855,41.1801,4.102350225692935
140.0,3.47842,0.1351,5.4761,3.716518,,3586.0,-0.6715,0.00875,42.1229,4.395041089375697
141.0,3.47842,0.13613,5.518,3.716828,,3587.0,-0.6715,0.00894,43.0384,4.112750879567943
142.0,3.47842,0.13709,5.5568,3.716828,,3588.0,-0.6715,0.00913,43.9538,4.176292585930356
143.0,3.47842,0.1381,5.5979,3.717138,,3589.0,-0.6715,0.00932,44.8792,4.017167953448035
144.0,3.47842,0.13907,5.6371,3.717448,,3591.0,-0.6715,0.00951,45.8046,4.119796221355145
145.0,3.47842,0.14005,5.677,3.717758,,3592.0,-0.6715,0.0097,46.7201,4.240223658478435
146.0,3.47842,0.14104,5.717,3.718068,,3593.0,-0.67336,0.0099,47.6455,4.11615656733299
147.0,3.48028,0.14203,5.7573,3.718068,,3594.0,-0.6715,0.01009,48.5709,4.180324685945578
148.0,3.47656,0.14303,5.7977,3.718378,,3595.0,-0.6715,0.01028,49.4863,4.0796753009728635
149.0,3.48028,0.144,5.8372,3.718688,,3596.0,-0.67336,0.01047,50.4117,4.24777122443229
150.0,3.47842,0.14503,5.8787,3.718688,,3597.0,-0.6715,0.01066,51.3396,4.115192528937335
151.0,3.48028,0.14602,5.9191,3.719308,,3598.0,-0.67336,0.01085,52.2476,4.156327432876862
152.0,3.47656,0.14698,5.9579,3.719308,,3599.0,-0.67336,0.01104,53.1357,4.180513888342796
153.0,3.47656,0.14799,5.9986,3.719618,,3600.0,-0.6715,0.01123,54.061,4.328029299908461
154.0,3.47656,0.14898,6.0389,3.719928,,3601.0,-0.67336,0.01142,54.9765,4.332272213145852
155.0,3.47656,0.14999,6.0796,3.720238,,3602.0,-0.6715,0.01161,55.9019,3.9785936245079783
156.0,3.48028,0.15098,6.12,3.720548,,3603.0,-0.6715,0.0118,56.8273,3.959670413010675
157.0,3.47656,0.15197,6.1599,3.720548,,3604.0,-0.67336,0.01199,57.7427,4.256927068927286
158.0,3.47656,0.15296,6.2003,3.720858,,3605.0,-0.6715,0.01221,58.7776,4.102717262347053
159.0,3.47842,0.154,6.2426,3.721168,,3606.0,-0.6715,0.01238,59.6134,3.981550080961258
160.0,3.47656,0.15494,6.2806,3.721478,,3607.0,-0.6715,0.0126,60.6458,4.07439898123608
161.0,3.47842,0.15592,6.3201,3.721788,,3608.0,-0.6715,0.01278,61.5513,4.001326633010034
162.0,3.47842,0.1569,6.3601,3.722098,,3609.0,-0.6715,0.01298,62.4866,4.01554850032198
163.0,3.47842,0.1579,6.4004,3.722408,,3610.0,-0.6715,0.01317,63.412,4.154402712816196
165.0,3.47656,0.15889,6.4408,3.722718,,3611.0,-0.6715,0.01336,64.3275,4.100119220378247
166.0,3.48028,0.15987,6.4803,3.722718,,3612.0,-0.6715,0.01356,65.2628,4.088311972739148
167.0,3.47842,0.16085,6.5203,3.723028,,3613.0,-0.67336,0.01375,66.1882,4.14029013400343
168.0,3.48028,0.16184,6.5602,3.723338,,3614.0,-0.6715,0.01394,67.1136,4.064767670578878
169.0,3.47656,0.16293,6.6045,3.723648,,3615.0,-0.6715,0.01413,68.039,3.993613381914526
170.0,3.47842,0.16396,6.646,3.723958,,3616.0,-0.6715,0.01431,68.8823,3.931408389531114
171.0,3.47842,0.16494,6.6859,3.723958,,3617.0,-0.6715,0.01451,69.845,4.133712353767564
172.0,3.48028,0.16593,6.7259,3.726129,,3618.0,-0.6715,0.01469,70.7431,3.87895943414906
173.0,3.48028,0.16691,6.7659,3.727369,,3619.0,-0.6715,0.01489,71.6684,4.152256254537522
174.0,3.47842,0.1679,6.8058,3.736359,,3620.0,-0.6715,0.01508,72.5938,4.125905636229413
175.0,3.4747,0.16882,6.843,3.729539,,3621.0,-0.6715,0.01527,73.5367,4.197326345665745
176.0,3.47842,0.16981,6.8833,3.730779,,3622.0,-0.6715,0.01545,74.38,4.17435745587811
177.0,3.47842,0.17084,6.9249,3.729849,,3623.0,-0.6715,0.01564,75.3078,4.178938850183721
178.0,3.47842,0.17175,6.9621,3.735429,,3624.0,-0.6715,0.01583,76.2308,4.317477081254732
179.0,3.47656,0.17274,7.002,3.741319,,3625.0,-0.67336,0.01602,77.1487,4.195892459665371
180.0,3.48028,0.17373,7.042,3.740079,,3626.0,-0.6715,0.01623,78.1263,3.9675480698292613
181.0,3.47842,0.17485,7.0874,3.727369,,3627.0,-0.6715,0.01625,78.2432,3.9023116669667814
182.0,3.47842,0.17575,7.1242,3.737599,,3627.0,-1.35789,0.01625,78.2432,3.9077091652140563
183.0,3.47842,0.17674,7.1642,3.735429,,3628.0,-1.34673,0.0166,79.9199,4.059630956246424
184.0,3.47842,0.17777,7.2061,3.730469,,3629.0,-1.34859,0.01699,81.7806,4.030877163119642
185.0,3.47842,0.17879,7.2472,3.729539,,3630.0,-1.34859,0.01737,83.6414,4.1547689142486455
186.0,3.48028,0.17979,7.288,3.729849,,3631.0,-1.34859,0.01776,85.4847,4.012410611550951
187.0,3.47842,0.18078,7.3279,3.74597,,3632.0,-1.35231,0.01814,87.3256,4.063749403337359
188.0,3.47842,0.18178,7.3686,3.729539,,3633.0,-1.35231,0.01854,89.2584,4.110608720555826
189.0,3.47842,0.18279,7.4094,3.729849,,3634.0,-1.35045,0.01892,91.1018,4.224970546012691
190.0,3.47842,0.18376,7.4485,3.729849,,3635.0,-1.35045,0.01931,92.96,4.005301925625138
191.0,3.48028,0.18475,7.4889,3.729849,,3636.0,-1.35045,0.0197,94.8208,4.054426598497352
192.0,3.48028,0.18574,7.5288,3.730159,,3637.0,-1.34859,0.02008,96.6815,4.127833567269754
193.0,3.47842,0.18672,7.5688,3.730159,,3638.0,-1.34859,0.02047,98.5398,4.049324733498778
194.0,3.48028,0.18771,7.6087,3.730469,,3639.0,-1.34673,0.02077,100.0,4.156590722960397
195.0,3.48028,0.18871,7.6495,3.730779,,3639.0,-1.34673,0.02077,100.0,4.196195124266081
196.0,3.48028,0.18968,7.6886,3.731089,,,,,,
197.0,3.48028,0.19063,7.727,3.731089,,3639.0,0.67708,0.0,0.0,4.094010128924743
198.0,3.47842,0.19162,7.7674,3.731399,,3640.0,0.66964,0.0002,13.2848,4.107922202665484
199.0,3.47842,0.19263,7.8081,3.731709,,3641.0,0.66592,0.00039,26.1533,4.130481925183926
200.0,3.48028,0.19371,7.852,3.732019,,3642.0,0.67336,0.00058,39.0912,4.0757050250574975
202.0,3.48028,0.1947,7.8923,3.732329,,3643.0,0.67336,0.00076,51.1273,4.146240077405147
203.0,3.47842,0.19568,7.9319,3.732639,,3644.0,0.67336,0.00096,64.1693,4.157369559540108
204.0,3.47842,0.19667,7.9722,3.732949,,3645.0,0.6715,0.00115,76.8991,4.071032230054355
205.0,3.47842,0.19762,8.0106,3.732949,,3646.0,0.66778,0.00134,90.2879,4.159529521874214
206.0,3.47842,0.19868,8.0537,3.733259,,3647.0,0.6715,0.00149,100.0,4.149127961779837
207.0,3.47842,0.19968,8.094,3.733569,,3647.0,0.0,0.00149,100.0,4.225582988173341
208.0,3.48028,0.20067,8.134,3.734189,,3648.0,0.0,0.00149,100.0,4.246207587772298
209.0,3.47842,0.20165,8.1739,3.734189,,3649.0,0.0,0.00149,100.0,4.293998703735008
210.0,3.47842,0.20264,8.2139,3.735119,,3650.0,0.0,0.00149,100.0,3.997415474968566
211.0,3.47656,0.20363,8.2542,3.742249,,3651.0,0.0,0.00149,100.0,4.158971386787201
212.0,3.47842,0.20462,8.2941,3.735739,,3652.0,0.0,0.00149,100.0,3.9477224780307503
213.0,3.47656,0.2056,8.3341,3.742249,,3653.0,0.0,0.00149,100.0,4.203596655847362
214.0,3.47842,0.20653,8.3717,3.736359,,3654.0,0.0,0.00149,100.0,4.08271582158628
215.0,3.48028,0.2075,8.4109,3.736359,,3655.0,0.0,0.00149,100.0,4.04341747376189
216.0,3.47656,0.20848,8.4508,3.739769,,3656.0,0.0,0.00149,100.0,4.138845666655966
217.0,3.48028,0.20948,8.4911,3.739769,,3657.0,0.0,0.00149,100.0,4.001353873742195
218.0,3.48028,0.21046,8.5311,3.739769,,3658.0,0.0,0.00149,100.0,4.136215395876276
219.0,3.47842,0.21144,8.5707,3.739149,,3659.0,0.0,0.00149,100.0,4.311416832087402
220.0,3.47842,0.21243,8.611,3.738219,,3660.0,0.0,0.00149,100.0,3.9920465422793487
221.0,3.47842,0.21356,8.6568,3.738529,,3661.0,0.0,0.00149,100.0,3.9722635771819026
222.0,3.47842,0.21452,8.6956,3.738529,,3662.0,0.0,0.00149,100.0,4.105072406827153
223.0,3.47842,0.21554,8.7367,3.738839,,3663.0,0.0,0.00149,100.0,4.159471478863906
224.0,3.47842,0.21658,8.779,3.739149,,3663.0,0.0,0.00149,100.0,4.099983422807239
225.0,3.48028,0.21756,8.819,3.740389,,,,,,
226.0,3.47842,0.21857,8.8597,3.740389,,3663.0,-0.6715,0.0,0.0,4.187494975255072
227.0,3.47842,0.21955,8.8996,3.740389,,3664.0,-0.6715,0.00018,0.4447,4.053906697194478
228.0,3.47842,0.22055,8.94,3.741319,,3665.0,-0.6715,0.00039,0.9385,4.160444041240409
229.0,3.47842,0.22154,8.98,3.74194,,3666.0,-0.6715,0.00058,1.4109,4.118462265317468
230.0,3.47656,0.22252,9.0199,3.742559,,3667.0,-0.6715,0.00077,1.8732,4.0876020983567845
231.0,3.47842,0.22351,9.0599,3.742249,,3668.0,-0.6715,0.00096,2.3443,4.282691340758564
232.0,3.47842,0.22449,9.0998,3.74287,,3669.0,-0.67336,0.00117,2.8343,3.971098898647535
233.0,3.47842,0.22549,9.1401,3.74287,,3670.0,-0.6715,0.00134,3.2652,4.033470401465574
234.0,3.48028,0.22647,9.1801,3.74318,,3671.0,-0.6715,0.00154,3.7326,4.1177178890180475
235.0,3.48028,0.22746,9.22,3.74349,,3672.0,-0.6715,0.00174,4.2188,4.128294332271811
236.0,3.47656,0.22845,9.2604,3.7438,,3673.0,-0.6715,0.00192,4.6585,3.921970546325899
237.0,3.47842,0.22944,9.3003,3.74442,,3674.0,-0.67336,0.0021,5.1171,4.231500812501565
238.0,3.47842,0.23043,9.3407,3.74473,,3675.0,-0.6715,0.0023,5.5882,4.0691753529066865
240.0,3.47656,0.23138,9.3791,3.74504,,3676.0,-0.6715,0.00249,6.0656,4.004698268477745
241.0,3.47842,0.23246,9.4229,3.74597,,3677.0,-0.6715,0.00271,6.587,3.879636048314178
242.0,3.47842,0.23345,9.4629,3.74535,,3678.0,-0.6715,0.00289,7.0267,4.112338664281308
243.0,3.47656,0.23444,9.5032,3.74659,,3679.0,-0.6715,0.00308,7.4853,4.171219107322791
244.0,3.48028,0.23544,9.5435,3.7469,,3680.0,-0.6715,0.00327,7.9527,4.15886733288464
245.0,3.47842,0.23643,9.5835,3.74721,,3681.0,-0.6715,0.00347,8.4288,3.858145630738945
246.0,3.47842,0.23742,9.6238,3.74752,,3682.0,-0.6715,0.00366,8.8874,3.9835698697361783
247.0,3.47842,0.23844,9.665,3.74783,,3683.0,-0.6715,0.00385,9.3497,3.9049027282390316
248.0,3.47842,0.23949,9.7077,3.74876,,3684.0,-0.6715,0.00404,9.8171,3.930319757325814
249.0,3.47842,0.24046,9.7472,3.74845,,3685.0,-0.6715,0.00423,10.2844,4.007447043005539
250.0,3.47842,0.24146,9.7876,3.75,,3686.0,-0.6715,0.00442,10.7468,4.0208036999195516
251.0,3.47842,0.24246,9.8283,3.75,,3688.0,-0.6715,0.00461,11.2141,4.113113337726678
252.0,3.47842,0.24345,9.8683,3.75496,,3689.0,-0.6715,0.00479,11.6589,4.058656553708411
253.0,3.47842,0.24445,9.9086,3.765501,,3690.0,-0.6715,0.005,12.1489,4.0545303032816555
254.0,3.48028,0.24544,9.9489,3.764571,,3691.0,-0.6715,0.00519,12.6124,4.2870907479588025
255.0,3.47656,0.24645,9.9897,3.764261,,3692.0,-0.6715,0.00538,13.0798,4.113081407021737
256.0,3.47842,0.24746,10.0308,3.74907,,3693.0,-0.6715,0.00557,13.5421,4.268522632175232
257.0,3.47842,0.24847,10.0719,3.74876,,3694.0,-0.6715,0.00576,14.0095,4.190882982754233
258.0,3.47842,0.24948,10.1127,3.74876,,3695.0,-0.6715,0.00595,14.4769,3.9128810773358453
259.0,3.47842,0.25049,10.1538,3.74938,,3696.0,-0.6715,0.00615,14.9442,4.011904890794835
260.0,3.48028,0.25143,10.1918,3.74969,,3697.0,-0.6715,0.00634,15.4116,3.718970444327682
261.0,3.47842,0.2525,10.2353,3.74969,,3698.0,-0.6715,0.00652,15.8651,4.057518061124789
262.0,3.47656,0.25349,10.2752,3.75,,3698.0,-5.40365,0.00652,15.8651,3.973043052764208
263.0,3.47656,0.25444,10.3136,3.75,,3699.0,-5.40551,0.00801,19.4796,3.8209168708608146
264.0,3.47842,0.25544,10.3543,3.75031,,3700.0,-5.40737,0.00954,23.2034,3.848487516306237
265.0,3.47656,0.25644,10.3946,3.75031,,3701.0,-5.40365,0.01107,26.9285,3.7796879586019796
266.0,3.47842,0.25742,10.4346,3.75062,,3702.0,-5.40737,0.01262,30.6887,3.9467777218098936
268.0,3.47656,0.25841,10.4745,3.75093,,3703.0,-5.40551,0.01417,34.4502,3.71631475186787
269.0,3.48028,0.25941,10.5153,3.75124,,3704.0,-5.40551,0.0157,38.174,3.688572544501688
270.0,3.47842,0.26041,10.5556,3.75155,,3705.0,-5.40737,0.01723,41.8991,3.889445853484782
271.0,3.47842,0.26141,10.5964,3.75186,,3706.0,-5.40551,0.01857,45.148,3.853050094760414
272.0,3.47842,0.2624,10.6363,3.75186,,3706.0,-3.38542,0.01857,45.148,3.913329402830865
273.0,3.47842,0.26345,10.679,3.75217,,3707.0,-3.37798,0.01952,47.4521,4.115403870718095
274.0,3.48214,0.26442,10.7182,3.75248,,3708.0,-3.37798,0.02051,49.8706,3.9531601629453132
275.0,3.47656,0.2654,10.7581,3.75279,,3709.0,-3.37798,0.02145,52.1521,3.736478191272588
276.0,3.47842,0.26639,10.798,3.7531,,3710.0,-3.37426,0.02249,54.6837,3.82627567507054
277.0,3.47656,0.26737,10.838,3.75341,,3711.0,-3.37798,0.02337,56.8295,3.9979525487736165
278.0,3.47842,0.26831,10.876,3.75372,,3712.0,-3.37798,0.02433,59.1562,4.060777000925115
279.0,3.47842,0.26929,10.9155,3.75372,,3713.0,-3.37798,0.02529,61.483,3.801946616796026
280.0,3.47656,0.27026,10.9551,3.75403,,3714.0,-3.37984,0.02625,63.8336,3.891469070717594
281.0,3.47656,0.27127,10.9958,3.75434,,3715.0,-3.37798,0.02722,66.1842,3.8759983946662224
282.0,3.47842,0.27233,11.0389,3.75465,,3716.0,-3.37984,0.02818,68.511,3.918179817754232
283.0,3.47842,0.27332,11.0792,3.75496,,3717.0,-3.37798,0.02914,70.8603,3.996175298309646
284.0,3.47842,0.27431,11.1192,3.75527,,3718.0,-3.37798,0.03011,73.211,3.997630579131894
285.0,3.48028,0.2753,11.1591,3.75527,,3719.0,-3.37984,0.03112,75.6759,4.0326733440146025
286.0,3.47842,0.27628,11.1991,3.75558,,3720.0,-3.37984,0.03207,77.98,3.9059146515039127
287.0,3.47842,0.27728,11.2394,3.75589,,3721.0,-3.37798,0.03304,80.3307,3.941608481446288
288.0,3.47656,0.27826,11.2794,3.75589,,3722.0,-3.37984,0.034,82.6813,4.017741111909508
289.0,3.47842,0.27925,11.3193,3.7562,,3723.0,-3.37984,0.03492,84.9176,3.966177428987485
290.0,3.47656,0.28024,11.3597,3.75651,,3724.0,-3.37798,0.03591,87.3134,3.826120755079346
291.0,3.47842,0.28124,11.4,3.75682,,3725.0,-3.37984,0.03688,89.6628,4.032654546276225
292.0,3.48028,0.28222,11.44,3.75713,,3726.0,-3.37984,0.03784,92.0134,4.082794130997231
293.0,3.48028,0.28322,11.4803,3.75713,,3727.0,-3.37798,0.0388,94.3402,3.959584646904104
294.0,3.47842,0.2842,11.5199,3.757441,,3728.0,-3.37798,0.03979,96.7599,3.8185307696366975
295.0,3.48028,0.28519,11.5602,3.757751,,3729.0,-3.37984,0.04076,99.1092,3.7310741572630977
296.0,3.47842,0.28619,11.6005,3.75806,,3730.0,-3.37798,0.04113,100.0,3.7515971887244364
297.0,3.4747,0.28718,11.6409,3.75806,,3730.0,-3.37798,0.04113,100.0,3.9609293217721047
298.0,3.47842,0.28818,11.6812,3.758371,,,,,,
299.0,3.47842,0.28917,11.7216,3.758991,,3730.0,1.34673,0.0,0.0,4.1473999806065205
300.0,3.47656,0.29017,11.7619,3.759301,,3731.0,1.35045,0.00041,13.4217,3.929262733908283
301.0,3.48028,0.29116,11.8022,3.759301,,3732.0,1.34859,0.00077,25.3653,4.110077715963549
302.0,3.47842,0.29217,11.843,3.759611,,3733.0,1.34859,0.00116,38.0564,3.95934269010602
303.0,3.47842,0.29318,11.8841,3.759921,,3734.0,1.35045,0.00154,50.7305,4.316509479677929
304.0,3.48028,0.29419,11.9248,3.760231,,3735.0,1.34859,0.00192,63.2858,3.9815826976356257
305.0,3.48028,0.29515,11.964,3.760541,,3736.0,1.35045,0.00232,76.3507,4.297508442543518
307.0,3.47842,0.29616,12.0047,3.760541,,3737.0,1.34673,0.0027,88.9059,4.066322110500314
308.0,3.48028,0.29715,12.0451,3.760851,,3738.0,1.34487,0.00304,100.0,4.109318482688184
309.0,3.47842,0.29812,12.0843,3.760851,,3738.0,1.34487,0.00304,100.0,3.952516046163459
310.0,3.47842,0.29905,12.1218,3.761161,,,,,,
311.0,3.47842,0.30003,12.1618,3.761471,,3738.0,-1.35045,0.0,0.0,3.8960709808788487
312.0,3.47842,0.30106,12.2037,3.761781,,3739.0,-1.35045,0.00039,3.2189,4.031681443475617
313.0,3.47656,0.30206,12.244,3.762091,,3740.0,-1.35045,0.00077,6.4334,3.9747523051430917
314.0,3.48028,0.30306,12.2844,3.762091,,3741.0,-1.35045,0.00115,9.6179,3.9184844057966592
315.0,3.47842,0.30404,12.3243,3.762401,,3742.0,-1.35045,0.00154,12.8367,4.085584666934039
316.0,3.47842,0.30506,12.3655,3.762711,,3743.0,-1.34859,0.00194,16.1158,4.1007906359026105
317.0,3.47842,0.30604,12.4054,3.762711,,3744.0,-1.35231,0.00232,19.3003,3.927779568596297
318.0,3.47656,0.30703,12.4454,3.763021,,3745.0,-1.34859,0.00269,22.3944,4.103978477059107
319.0,3.47842,0.30801,12.4853,3.763331,,3746.0,-1.35045,0.00308,25.6132,4.052253304741749
320.0,3.47842,0.309,12.5252,3.763641,,3747.0,-1.34859,0.00346,28.8321,4.0069333050541305
321.0,3.47656,0.31,12.566,3.763951,,3748.0,-1.34859,0.00384,32.0165,4.0829052968491855
322.0,3.47656,0.31094,12.604,3.763951,,3749.0,-1.34859,0.00428,35.6399,4.049250296941317
323.0,3.48028,0.31194,12.6443,3.764261,,3750.0,-1.34859,0.00465,38.6952,3.9897368245578275
324.0,3.48028,0.31292,12.6843,3.764571,,3751.0,-1.35045,0.00503,41.9141,4.038366464842734
325.0,3.48214,0.31392,12.7246,3.764881,,3752.0,-1.34859,0.00545,45.4127,4.019452175807887
326.0,3.47842,0.31488,12.7638,3.764881,,3753.0,-1.34859,0.00582,48.5025,4.0608095143101135
327.0,3.47656,0.31592,12.8057,3.765191,,3755.0,-1.34673,0.00621,51.7213,4.067256456797448
328.0,3.48028,0.3169,12.8456,3.765501,,3756.0,-1.34859,0.00661,55.0306,4.036021042658905
329.0,3.48028,0.31788,12.8852,3.765501,,3757.0,-1.34859,0.00699,58.1806,3.824351747830725
330.0,3.47842,0.31885,12.9248,3.765811,,3758.0,-1.35045,0.00737,61.3693,4.086895813782878
331.0,3.47842,0.31984,12.9647,3.765811,,3759.0,-1.35045,0.00772,64.3343,4.032252500735685
332.0,3.47656,0.32083,13.0047,3.766431,,3760.0,-1.35045,0.00811,67.5488,3.906383197672936
333.0,3.47842,0.32181,13.0446,3.766431,,3761.0,-1.34859,0.00852,70.9571,4.047048196673857
334.0,3.47656,0.3228,13.0846,3.766741,,3762.0,-1.35045,0.00891,74.1716,4.0795895136367895
335.0,3.47656,0.32379,13.1249,3.767051,,3763.0,-1.35045,0.00929,77.3604,4.124850892214088
336.0,3.48028,0.32479,13.1653,3.767051,,3764.0,-1.35045,0.00966,80.42,4.071928765534316
337.0,3.47656,0.32578,13.2056,3.767361,,3765.0,-1.35045,0.01007,83.8842,4.025642267467858
338.0,3.47842,0.32676,13.2452,3.767671,,3766.0,-1.35045,0.01046,87.103,3.788712626913029
339.0,3.4747,0.32774,13.2851,3.767981,,3767.0,-1.35231,0.01084,90.3176,4.0665315045796655
340.0,3.47842,0.32874,13.3254,3.768291,,3768.0,-1.35045,0.01123,93.5063,4.175182646721014
341.0,3.47656,0.32973,13.3658,3.768291,,3769.0,-1.34859,0.01162,96.751,3.9781992147835563
342.0,3.47656,0.33075,13.4069,3.768601,,3770.0,-1.35045,0.01201,100.0,4.129746222741857
343.0,3.48028,0.33173,13.4468,3.768601,,3770.0,-1.35045,0.01201,100.0,4.129005385550105
344.0,3.4747,0.33277,13.4887,3.769221,,,,,,
345.0,3.47842,0.33377,13.5295,3.769221,,3770.0,2.70647,0.0,0.0,4.224934568047554
346.0,3.47656,0.33477,13.5698,3.769531,,3771.0,2.70461,0.00072,12.1149,4.0398604710933625
348.0,3.47842,0.33576,13.6101,3.769841,,3772.0,2.69903,0.00152,25.6097,4.237480658387909
349.0,3.47842,0.33675,13.6501,3.769841,,3773.0,2.70089,0.0023,38.5924,4.1962757035185545
350.0,3.47656,0.33773,13.69,3.770151,,3774.0,2.70275,0.00306,51.4536,4.280337022839232
351.0,3.48028,0.33873,13.7304,3.770151,,3775.0,2.70461,0.00384,64.445,4.196200184529839
352.0,3.47842,0.33971,13.7703,3.770461,,3776.0,2.69903,0.0046,77.3063,4.309001434264093
353.0,3.48214,0.34063,13.8075,3.770771,,3777.0,2.70275,0.00538,90.2977,4.183233208659253
354.0,3.48028,0.34167,13.8495,3.771081,,3778.0,2.70461,0.00595,100.0,4.11216433477637
355.0,3.47656,0.34265,13.8894,3.771081,,3778.0,0.0,0.00595,100.0,4.074636697106592
356.0,3.47842,0.34365,13.9297,3.771391,,3779.0,0.0,0.00595,100.0,3.8214747134565847
357.0,3.47656,0.34464,13.9701,3.771391,,3780.0,0.0,0.00595,100.0,4.135916737242869
358.0,3.47656,0.34562,14.0096,3.771701,,3781.0,0.0,0.00595,100.0,4.003969787169079
359.0,3.47656,0.34653,14.0464,3.771701,,3782.0,0.0,0.00595,100.0,4.252373538604235
360.0,3.47842,0.34757,14.0887,3.772012,,3783.0,0.0,0.00595,100.0,3.9822521997939333
361.0,3.47842,0.34856,14.1291,3.772012,,3784.0,0.0,0.00595,100.0,3.866357363723326
362.0,3.47842,0.34955,14.169,3.772321,,3785.0,0.0,0.00595,100.0,4.055506869138192
363.0,3.47842,0.35055,14.2094,3.772631,,3786.0,0.0,0.00595,100.0,4.2708977009172715
364.0,3.48028,0.35153,14.2493,3.772941,,3787.0,0.0,0.00595,100.0,4.032859548215648
365.0,3.47842,0.35252,14.2893,3.772941,,3788.0,0.0,0.00595,100.0,4.027655030082796
366.0,3.47842,0.35351,14.3296,3.773252,,3789.0,0.0,0.00595,100.0,3.9839106235154103
367.0,3.47842,0.35452,14.3704,3.773561,,3790.0,0.0,0.00595,100.0,4.062241051223976
368.0,3.48028,0.3555,14.4103,3.773561,,3791.0,0.0,0.00595,100.0,4.230882101951759
369.0,3.47656,0.35649,14.4503,3.773871,,3792.0,0.0,0.00595,100.0,4.099770148564897
370.0,3.47842,0.35747,14.4902,3.774182,,3793.0,0.0,0.00595,100.0,4.091292740868584
371.0,3.47656,0.35846,14.5302,3.774182,,3794.0,0.0,0.00595,100.0,4.0819087341422735
372.0,3.47842,0.35945,14.5701,3.774492,,3795.0,0.0,0.00595,100.0,4.083601866240902
373.0,3.47842,0.36043,14.61,3.774801,,3796.0,0.0,0.00595,100.0,3.9697164255627615
374.0,3.47842,0.36143,14.6504,3.774801,,3797.0,0.0,0.00595,100.0,4.005857121838123
375.0,3.47842,0.36243,14.6911,3.775112,,3798.0,0.0,0.00595,100.0,3.9825767242066976
376.0,3.47842,0.36346,14.7327,3.775112,,3799.0,0.0,0.00595,100.0,4.101082520071711
377.0,3.47842,0.36437,14.7699,3.775422,,3801.0,0.0,0.00595,100.0,4.045902225763877
378.0,3.48214,0.36537,14.8102,3.775422,,3802.0,0.0,0.00595,100.0,3.9251711626329264
379.0,3.47842,0.36635,14.8502,3.775732,,3803.0,0.0,0.00595,100.0,4.2890652850650905
380.0,3.47842,0.36734,14.8901,3.776042,,3804.0,0.0,0.00595,100.0,4.0682177666215
381.0,3.48028,0.36833,14.9301,3.776042,,3805.0,0.0,0.00595,100.0,4.268119631150879
382.0,3.48028,0.36931,14.97,3.776352,,3806.0,0.0,0.00595,100.0,4.1953594895364885
383.0,3.48028,0.37031,15.0104,3.776662,,3807.0,0.0,0.00595,100.0,4.070098612937356
384.0,3.48028,0.3713,15.0507,3.776662,,3808.0,0.0,0.00595,100.0,4.187145566003577
385.0,3.48028,0.37229,15.0907,3.776972,,3809.0,0.0,0.00595,100.0,4.118737464196745
386.0,3.47842,0.37327,15.1306,3.776972,,3810.0,0.0,0.00595,100.0,4.050896172878154
387.0,3.47842,0.37425,15.1702,3.777282,,3811.0,0.0,0.00595,100.0,4.150901286077531
388.0,3.47842,0.37524,15.2105,3.777592,,3812.0,0.0,0.00595,100.0,4.151257794792063
389.0,3.47842,0.37623,15.2505,3.777592,,3813.0,0.0,0.00595,100.0,4.126251726842519
390.0,3.48028,0.37722,15.2904,3.777902,,3814.0,0.0,0.00595,100.0,3.958956530872675
391.0,3.47842,0.37825,15.3324,3.778212,,3815.0,0.0,0.00595,100.0,4.10839089669645
392.0,3.47842,0.37923,15.3719,3.778522,,3816.0,0.0,0.00595,100.0,4.177336687483008
394.0,3.48028,0.38021,15.4119,3.778522,,3817.0,0.0,0.00595,100.0,4.134944306779613
395.0,3.47842,0.38121,15.4522,3.778522,,3818.0,0.0,0.00595,100.0,3.946650998315482
396.0,3.47842,0.38219,15.4922,3.778832,,3819.0,0.0,0.00595,100.0,4.30855530507839
397.0,3.47842,0.38319,15.5325,3.778832,,3820.0,0.0,0.00595,100.0,4.124515589350189
398.0,3.47656,0.38417,15.5725,3.779142,,3821.0,0.0,0.00595,100.0,4.117211389615525
399.0,3.47656,0.38517,15.6128,3.779452,,3822.0,0.0,0.00595,100.0,4.199457094844321
400.0,3.48028,0.38615,15.6528,3.779452,,3823.0,0.0,0.00595,100.0,4.069000344089144
401.0,3.47842,0.38714,15.6927,3.779762,,3824.0,0.0,0.00595,100.0,4.209361099692742
402.0,3.47842,0.38813,15.733,3.779762,,3825.0,0.0,0.00595,100.0,4.240845164359626
403.0,3.47842,0.38913,15.7734,3.780382,,3826.0,0.0,0.00595,100.0,4.151057232711933
404.0,3.47656,0.39016,15.8153,3.780692,,3827.0,0.0,0.00595,100.0,3.9928019931008834
405.0,3.47842,0.39114,15.8549,3.780692,,3828.0,0.0,0.00595,100.0,4.104952947640095
406.0,3.48028,0.39212,15.8944,3.781002,,3829.0,0.0,0.00595,100.0,4.058109032662229
407.0,3.47842,0.39312,15.9352,3.781002,,3830.0,0.0,0.00595,100.0,3.9468809105710223
408.0,3.47842,0.3941,15.9747,3.781312,,3831.0,0.0,0.00595,100.0,4.083770703467435
409.0,3.47842,0.39509,16.0151,3.781622,,3832.0,0.0,0.00595,100.0,4.236344145559075
410.0,3.48028,0.39608,16.055,3.781622,,3833.0,0.0,0.00595,100.0,4.135210498670935
411.0,3.47842,0.39707,16.0953,3.781932,,3833.0,0.0,0.00595,100.0,3.991929231790605
412.0,3.47842,0.39806,16.1353,3.781932,,,,,,
413.0,3.47842,0.39904,16.1752,3.782242,,3833.0,-0.66964,0.0,0.0,4.231505871033505
414.0,3.47656,0.40004,16.2156,3.782242,,3834.0,-0.6715,0.00019,1.9135,4.279734712207031
415.0,3.47656,0.40103,16.2559,3.782552,,3835.0,-0.6715,0.00038,3.8748,4.112358045316754
416.0,3.47842,0.40194,16.2927,3.782552,,3836.0,-0.6715,0.00057,5.8467,4.205506213265284
417.0,3.47842,0.40294,16.3331,3.782862,,3837.0,-0.6715,0.00076,7.824,4.1282547797565945
418.0,3.47842,0.40392,16.373,3.783172,,3838.0,-0.6715,0.00095,9.78,4.135595047438237
419.0,3.47842,0.40491,16.413,3.783172,,3839.0,-0.6715,0.00114,11.7413,4.0812018843201106
420.0,3.48028,0.4059,16.4533,3.783482,,3840.0,-0.6715,0.00132,13.5272,3.9725540098595347
421.0,3.47842,0.4069,16.4937,3.783792,,3841.0,-0.6715,0.00151,15.5204,4.146793612738706
422.0,3.47842,0.40787,16.5332,3.783792,,3842.0,-0.6715,0.00173,17.7687,4.11441689603868
423.0,3.47842,0.40887,16.5736,3.784102,,3843.0,-0.6715,0.00192,19.7406,4.155352792314964
424.0,3.47656,0.40984,16.6127,3.784412,,3844.0,-0.6715,0.00211,21.7019,4.040850385959829
425.0,3.47656,0.41083,16.6531,3.784412,,3845.0,-0.6715,0.0023,23.6792,4.065246373326632
426.0,3.47656,0.41184,16.6938,3.784412,,3846.0,-0.6715,0.00249,25.6511,3.9107492629768545
427.0,3.48028,0.41283,16.7341,3.784722,,3847.0,-0.6715,0.00269,27.6284,3.9395746502904263
428.0,3.47842,0.41384,16.7749,3.785032,,3848.0,-0.6715,0.00288,29.6056,4.183100689733538
429.0,3.47842,0.41492,16.8187,3.785032,,3849.0,-0.6715,0.00307,31.5829,4.04520386007675
430.0,3.47656,0.41591,16.8591,3.785342,,3850.0,-0.6715,0.00326,33.5761,4.085091866225402
431.0,3.47842,0.41691,16.8994,3.785342,,3851.0,-0.6715,0.00346,35.5533,3.9374860581554225
433.0,3.47842,0.4179,16.9398,3.785652,,3853.0,-0.6715,0.00365,37.589,4.334515678898352
434.0,3.47842,0.41889,16.9797,3.785652,,3854.0,-0.6715,0.00385,39.6035,4.08016322316868
435.0,3.47842,0.41989,17.0201,3.785962,,3855.0,-0.6715,0.00404,41.602,4.197451039826423
436.0,3.47842,0.4209,17.0612,3.786272,,3856.0,-0.6715,0.00424,43.5952,4.027118536292793
437.0,3.47842,0.4219,17.1015,3.786272,,3857.0,-0.6715,0.00442,45.514,4.077594955309262
438.0,3.47842,0.42288,17.1415,3.786582,,3858.0,-0.6715,0.00462,47.5072,3.9778756228612786
439.0,3.47842,0.42387,17.1814,3.786582,,3859.0,-0.6715,0.00481,49.4844,3.918265307620439
440.0,3.47842,0.42486,17.2218,3.786892,,3860.0,-0.6715,0.00501,51.4989,4.159909409779752
441.0,3.47842,0.42595,17.266,3.786892,,3861.0,-0.6715,0.00519,53.4389,4.100048088346347
442.0,3.47656,0.42694,17.306,3.787202,,3861.0,-0.6715,0.00522,53.7259,3.9456227676016216
443.0,3.47842,0.42792,17.3459,3.787202,,3861.0,-1.34673,0.00522,53.7259,3.9389878280034893
444.0,3.47656,0.42897,17.3882,3.787512,,3862.0,-1.35045,0.00561,57.6964,4.124439762964969
445.0,3.47842,0.42989,17.4254,3.787822,,3863.0,-1.34859,0.00599,61.5871,3.9800582654333763
446.0,3.47842,0.43087,17.4654,3.787822,,3864.0,-1.35045,0.00638,65.6373,4.011824547443147
447.0,3.47842,0.43186,17.5053,3.788132,,3865.0,-1.34859,0.00677,69.6131,3.974933489911766
448.0,3.47842,0.43284,17.5453,3.788442,,3866.0,-1.35045,0.00715,73.5463,4.123482784981772
449.0,3.47656,0.43407,17.595,3.788442,,3867.0,-1.35231,0.00754,77.5167,4.117744049014798
450.0,3.47656,0.43506,17.635,3.788753,,3868.0,-1.34859,0.00792,81.45,4.120383686818977
451.0,3.47842,0.43604,17.6749,3.788753,,3869.0,-1.35231,0.0083,85.3832,4.002766440124357
452.0,3.47842,0.43703,17.7149,3.789063,,3870.0,-1.34859,0.00869,89.359,3.9674603059841163
453.0,3.48028,0.43801,17.7548,3.789063,,3871.0,-1.34859,0.00906,93.2497,4.04914087348928
454.0,3.47842,0.43901,17.7952,3.789372,,3872.0,-1.35045,0.00943,97.0341,3.979620009080677
455.0,3.48028,0.43999,17.8351,3.789372,,3873.0,-1.34673,0.00972,100.0,4.087170074192402
456.0,3.48028,0.44099,17.8754,3.789683,,3873.0,-1.34673,0.00972,100.0,4.159058325122733
457.0,3.47656,0.44198,17.9158,3.789683,,,,,,
458.0,3.47842,0.44297,17.9557,3.789993,,3873.0,0.6715,0.0,0.0,4.177294046687299
459.0,3.47656,0.44395,17.9957,3.789993,,3874.0,0.66964,0.00018,12.0374,4.039891988229161
461.0,3.48028,0.44495,18.036,3.790303,,3875.0,0.67894,0.00038,25.32,4.2463667631271225
462.0,3.48028,0.44594,18.0764,3.790303,,3876.0,0.6715,0.00057,38.1183,4.328738446106595
463.0,3.48028,0.44693,18.1163,3.790613,,3877.0,0.67336,0.00078,51.9543,4.135468505125159
464.0,3.47656,0.44792,18.1566,3.790613,,3878.0,0.6715,0.00095,63.8188,4.1358563409436435
465.0,3.47842,0.44893,18.1974,3.790923,,3879.0,0.66964,0.00115,77.0668,4.050819587690514
466.0,3.48028,0.44984,18.2342,3.790923,,3880.0,0.67708,0.00133,88.8274,4.1643026335579965
467.0,3.47842,0.45083,18.2745,3.791233,,3881.0,0.67336,0.00149,100.0,4.220887575892113
468.0,3.48028,0.45185,18.3156,3.791233,,3881.0,0.0,0.00149,100.0,4.089811887947815
469.0,3.47842,0.45289,18.358,3.791543,,3882.0,0.0,0.00149,100.0,4.271188267376907
470.0,3.47842,0.45388,18.3979,3.791853,,3883.0,0.0,0.00149,100.0,4.216768402034489
471.0,3.47842,0.45486,18.4379,3.792163,,3884.0,0.0,0.00149,100.0,4.050784212742597
472.0,3.47656,0.45585,18.4778,3.792163,,3885.0,0.0,0.00149,100.0,3.984042813017857
473.0,3.47842,0.45684,18.5182,3.792163,,3886.0,0.0,0.00149,100.0,4.137712790955941
474.0,3.47842,0.45783,18.5581,3.792473,,3887.0,0.0,0.00149,100.0,4.070584473243077
475.0,3.47656,0.45881,18.5981,3.792473,,3888.0,0.0,0.00149,100.0,4.045866473350156
476.0,3.47656,0.4598,18.638,3.792783,,3889.0,0.0,0.00149,100.0,4.097888303636062
477.0,3.47842,0.46079,18.678,3.792783,,3890.0,0.0,0.00149,100.0,4.176135667418151
478.0,3.47842,0.46176,18.7175,3.793093,,3891.0,0.0,0.00149,100.0,4.014356192541847
479.0,3.47842,0.46275,18.7574,3.793093,,3892.0,0.0,0.00149,100.0,4.0887852164739655
480.0,3.47656,0.46374,18.7978,3.793403,,3893.0,0.0,0.00149,100.0,4.039426527114039
481.0,3.48028,0.46473,18.8377,3.793713,,3894.0,0.0,0.00149,100.0,4.087762811598277
482.0,3.47842,0.46572,18.8781,3.793713,,3896.0,0.0,0.00149,100.0,4.024539847759141
483.0,3.47842,0.46677,18.9204,3.793713,,3897.0,0.0,0.00149,100.0,4.12065104524374
484.0,3.48028,0.46777,18.9611,3.794023,,3897.0,0.0,0.00149,100.0,4.087152626407443
485.0,3.47842,0.46876,19.0011,3.794023,,3897.0,0.0,0.00149,100.0,4.001878994086518
486.0,3.47656,0.46975,19.0414,3.794333,,,,,,
487.0,3.47842,0.47075,19.0817,3.794643,,3897.0,-0.66964,0.0,0.0,4.115113046297057
488.0,3.47842,0.47174,19.1221,3.794643,,3898.0,-0.6715,0.0002,0.9444,4.036782154585067
489.0,3.48028,0.47273,19.162,3.794643,,3899.0,-0.6715,0.00039,1.8889,4.218993064268653
490.0,3.48214,0.47372,19.2024,3.794953,,3900.0,-0.6715,0.0006,2.8781,4.06460542697673
491.0,3.48028,0.47471,19.2423,3.794953,,3901.0,-0.6715,0.00079,3.7952,4.1609309301646515
492.0,3.47656,0.47569,19.2823,3.795263,,3902.0,-0.6715,0.00098,4.7222,4.124130428845841
493.0,3.47842,0.47669,19.3226,3.795573,,3903.0,-0.6715,0.00117,5.6591,4.023940332379151
494.0,3.47656,0.47768,19.3629,3.795573,,3904.0,-0.6715,0.00137,6.5936,4.2072417608715735
495.0,3.47656,0.47869,19.4037,3.795573,,3905.0,-0.6715,0.00154,7.4483,4.0339948343356244
496.0,3.47842,0.47968,19.444,3.795883,,3906.0,-0.6715,0.00174,8.3753,4.133971573094828
497.0,3.47842,0.48058,19.4804,3.795883,,3907.0,-0.6715,0.00193,9.2923,3.9178839602356907
499.0,3.47842,0.48166,19.5243,3.796193,,3908.0,-0.6715,0.00212,10.2367,4.126253627800411
500.0,3.48028,0.48266,19.5646,3.796193,,3909.0,-0.6715,0.00232,11.1812,3.9583429943585116
501.0,3.47842,0.48363,19.6038,3.796503,,3911.0,-0.6715,0.00251,12.1081,4.06168308681622
502.0,3.47656,0.48462,19.6441,3.796813,,3912.0,-0.6715,0.0027,13.0351,4.174535620073034
503.0,3.48028,0.48567,19.6868,3.796813,,3913.0,-0.6715,0.00289,13.9522,4.120177656231229
504.0,3.484,0.48667,19.7272,3.797123,,3914.0,-0.6715,0.00308,14.8692,4.1881829853674795
505.0,3.47842,0.48766,19.7671,3.797123,,3915.0,-0.6715,0.00327,15.7887,4.078350195785807
506.0,3.4747,0.48864,19.8071,3.797123,,3916.0,-0.6715,0.00347,16.7331,4.057677867698573
507.0,3.47842,0.48964,19.8474,3.797433,,3917.0,-0.6715,0.00366,17.6601,4.116346428870631
508.0,3.48028,0.49057,19.8854,3.797743,,3918.0,-0.6715,0.00385,18.5771,4.042436945381827
509.0,3.47842,0.49162,19.9277,3.797743,,3919.0,-0.6715,0.00404,19.5041,4.028496669278344
510.0,3.47842,0.4926,19.9677,3.798053,,3920.0,-0.6715,0.00424,20.4311,3.9980887277975508
511.0,3.48028,0.49365,20.0099,3.798053,,3921.0,-0.6715,0.00444,21.4279,4.184325870411933
512.0,3.47842,0.49463,20.0499,3.798363,,3922.0,-0.6715,0.00464,22.3548,4.09201147441325
513.0,3.47842,0.49562,20.0898,3.798673,,3923.0,-0.6715,0.00483,23.2818,4.141266263850145
514.0,3.47842,0.49661,20.1302,3.798673,,3924.0,-0.67336,0.00503,24.2362,4.079929380159739
515.0,3.47656,0.49761,20.1705,3.798673,,3925.0,-0.6715,0.0052,25.081,4.120687758962672
516.0,3.47842,0.4986,20.2109,3.798983,,3926.0,-0.6715,0.00539,26.0179,4.084895574657209
517.0,3.48028,0.49959,20.2508,3.799293,,3927.0,-0.6715,0.00559,26.935,4.055219500876784
518.0,3.47656,0.50058,20.2912,3.799293,,3928.0,-0.6715,0.00578,27.852,4.061897841175341
519.0,3.48028,0.50158,20.3315,3.799603,,3929.0,-0.6715,0.00597,28.769,4.009144987716826
520.0,3.47842,0.50257,20.3719,3.799603,,3930.0,-0.6715,0.00616,29.6885,4.061883321247773
521.0,3.47842,0.50357,20.4122,3.799603,,3931.0,-0.6715,0.00635,30.6255,4.1786250245256085
522.0,3.47842,0.50457,20.4526,3.799913,,3932.0,-0.6715,0.00654,31.5425,4.070108597336971
523.0,3.48028,0.50555,20.4925,3.800223,,3933.0,-0.6715,0.00673,32.4695,4.273919693536566
524.0,3.47842,0.50654,20.5324,3.800223,,3934.0,-0.6715,0.00692,33.3865,4.08506825373076
525.0,3.47842,0.50752,20.5724,3.800533,,3935.0,-0.6715,0.00711,34.3035,3.986998442596467
526.0,3.47656,0.50852,20.6127,3.800533,,3936.0,-0.67336,0.00731,35.2305,3.9331481925644316
527.0,3.47842,0.50952,20.6535,3.800533,,3937.0,-0.6715,0.0075,36.1575,4.119561661132015
528.0,3.484,0.51043,20.6903,3.800533,,3938.0,-0.6715,0.00769,37.0845,4.119401897297835
529.0,3.48028,0.51142,20.7303,3.801153,,3939.0,-0.6715,0.00788,37.994,3.924074370997303
530.0,3.47842,0.5124,20.7702,3.801153,,3940.0,-0.6715,0.00808,38.9559,4.246259319130236
531.0,3.47842,0.51345,20.8126,3.801463,,3941.0,-0.6715,0.00826,39.8455,4.011650199366819
532.0,3.48028,0.51445,20.8533,3.801463,,3942.0,-0.6715,0.00845,40.755,3.9334402312652634
533.0,3.48028,0.51545,20.8936,3.802083,,3943.0,-0.6715,0.00866,41.7717,4.131301436119407
534.0,3.47656,0.51634,20.9301,3.802083,,3944.0,-0.6715,0.00885,42.6888,3.8894607029257298
535.0,3.47656,0.51738,20.972,3.802083,,3945.0,-0.6715,0.00904,43.6157,4.119127447763605
536.0,3.48028,0.51836,21.0119,3.802393,,3947.0,-0.6715,0.00924,44.5427,4.066632818266023
538.0,3.47842,0.51936,21.0523,3.802393,,3948.0,-0.6715,0.00943,45.4697,4.2433981936536425
539.0,3.48028,0.52035,21.0922,3.802703,,3949.0,-0.6715,0.00962,46.3867,3.9837674661898617
540.0,3.47656,0.52127,21.1298,3.802703,,3950.0,-0.6715,0.00981,47.3137,4.097079574836294
541.0,3.47842,0.52238,21.1749,3.803013,,3951.0,-0.6715,0.01,48.2308,4.010272063395395
542.0,3.48028,0.52337,21.2148,3.803013,,3952.0,-0.6715,0.01019,49.1503,4.132996166670636
543.0,3.47842,0.52429,21.252,3.803324,,3953.0,-0.6715,0.01039,50.0847,3.9415246019366776
544.0,3.47842,0.52527,21.292,3.803324,,3954.0,-0.6715,0.01058,51.0017,4.06016186167313
545.0,3.47842,0.52626,21.3319,3.803633,,3955.0,-0.67336,0.01076,51.9113,4.080367941501438
546.0,3.47656,0.52724,21.3719,3.803633,,3956.0,-0.6715,0.01095,52.8034,3.9711649773947317
547.0,3.47842,0.52826,21.413,3.803943,,3957.0,-0.6715,0.01114,53.7279,3.948564260381462
548.0,3.47656,0.52923,21.4522,3.803943,,3958.0,-0.6715,0.01133,54.6648,4.082095057435826
549.0,3.48028,0.53022,21.4925,3.803943,,3959.0,-0.6715,0.01154,55.6442,4.167750058771651
550.0,3.48028,0.53121,21.5325,3.804254,,3960.0,-0.6715,0.01173,56.5711,4.009249005356552
551.0,3.48214,0.5322,21.5728,3.804254,,3961.0,-0.6715,0.01192,57.4882,4.1170080066870325
552.0,3.47842,0.53318,21.6124,3.804564,,3962.0,-0.6715,0.01211,58.4151,4.064043811358498
553.0,3.47656,0.53417,21.6527,3.804873,,3963.0,-0.6715,0.01229,59.2798,4.060063657800402
554.0,3.47842,0.53515,21.6923,3.804873,,3964.0,-0.6715,0.01249,60.2592,4.061770377147727
555.0,3.47656,0.53614,21.7326,3.804873,,3965.0,-0.6715,0.01267,61.1164,4.0156242051971365
556.0,3.47842,0.53716,21.7737,3.805184,,3966.0,-0.67336,0.01286,62.0409,4.0097529373104495
557.0,3.47842,0.53814,21.8137,3.805494,,3967.0,-0.6715,0.01305,62.9604,3.9676363656880094
558.0,3.47842,0.53913,21.8536,3.805494,,3968.0,-0.6715,0.01325,63.8874,3.9098923575259725
559.0,3.48028,0.54012,21.894,3.805804,,3969.0,-0.6715,0.01344,64.8318,3.9780291124374494
560.0,3.47656,0.54112,21.9343,3.805804,,3970.0,-0.6715,0.01363,65.7488,3.990531080042701
561.0,3.47842,0.54211,21.9746,3.805804,,3971.0,-0.6715,0.01382,66.6484,4.122365073534527
562.0,3.48214,0.54311,22.015,3.806113,,3972.0,-0.6715,0.01401,67.5754,4.1660597517741005
563.0,3.47842,0.54418,22.0585,3.806424,,3973.0,-0.6715,0.0142,68.4924,3.974722710275694
564.0,3.48028,0.54511,22.0961,3.806424,,3974.0,-0.6715,0.0144,69.4269,4.009130207114228
565.0,3.47842,0.5461,22.136,3.806424,,3975.0,-0.6715,0.01459,70.3638,4.236934690362133
566.0,3.47842,0.54709,22.1763,3.806734,,3976.0,-0.6715,0.01479,71.3431,4.051373134824555
567.0,3.47842,0.54807,22.2159,3.806734,,3977.0,-0.6715,0.01499,72.2701,4.019439427815787
568.0,3.47842,0.54905,22.2559,3.807044,,3978.0,-0.6715,0.01518,73.232,4.015787497350322
569.0,3.47842,0.55005,22.2962,3.807354,,3979.0,-0.6715,0.01538,74.169,4.027114190697141
570.0,3.47842,0.55103,22.3361,3.807354,,3980.0,-0.67336,0.01557,75.0959,3.9721292453097496
571.0,3.47842,0.55219,22.3832,3.807354,,3981.0,-0.6715,0.01576,76.013,4.12875804967935
573.0,3.47656,0.5532,22.4239,3.807354,,3983.0,-0.6715,0.01594,76.8951,4.039870767244477
574.0,3.47656,0.55418,22.4639,3.807664,,3984.0,-0.6715,0.01614,77.8595,4.129132911839025
575.0,3.47842,0.5553,22.5093,3.807974,,3984.0,-0.6715,0.01624,78.3005,4.258985325770088
576.0,3.47842,0.55627,22.5485,3.807974,,3984.0,-1.34859,0.01624,78.3005,3.976524149884363
577.0,3.47842,0.55726,22.5884,3.808284,,3985.0,-1.34859,0.01663,80.2143,4.058225768862334
578.0,3.47656,0.55826,22.6291,3.808284,,3986.0,-1.35045,0.01699,81.9337,4.117098940560399
579.0,3.47842,0.55926,22.6695,3.808594,,3987.0,-1.35045,0.01737,83.7777,3.872963772162934
580.0,3.47842,0.56026,22.7102,3.808594,,3988.0,-1.35231,0.01776,85.6417,4.0980049091104656
581.0,3.48028,0.56126,22.7506,3.808904,,3989.0,-1.35045,0.01814,87.4857,3.9527695505943026
582.0,3.48028,0.56224,22.7905,3.808904,,3990.0,-1.35045,0.01853,89.3471,4.116183168314268
583.0,3.47842,0.56316,22.8277,3.809214,,3991.0,-1.35045,0.01891,91.1911,4.024780083183868
584.0,3.47842,0.56414,22.8673,3.809214,,3992.0,-1.35045,0.0193,93.0551,4.024865687238014
585.0,3.47842,0.56513,22.9076,3.809524,,3993.0,-1.34859,0.01968,94.8991,4.1145396453034655
586.0,3.47842,0.56613,22.948,3.809524,,3994.0,-1.35045,0.02009,96.8702,4.009913806861818
587.0,3.47656,0.56711,22.9879,3.809524,,3995.0,-1.34859,0.02045,98.607,4.134025495740158
588.0,3.48028,0.56811,23.0282,3.809834,,3996.0,-1.34859,0.02074,100.0,4.1982229456098965
589.0,3.47842,0.56909,23.0682,3.809834,,3996.0,-1.34859,0.02074,100.0,4.260000079946769
590.0,3.47656,0.57009,23.1085,3.810144,,,,,,
591.0,3.47842,0.57108,23.1489,3.810454,,3996.0,0.66778,0.0,0.0,4.037361675336885
592.0,3.47842,0.57208,23.1892,3.810454,,3997.0,0.6715,0.0002,13.6929,4.139213371136614
593.0,3.47842,0.57307,23.2296,3.810764,,3998.0,0.67708,0.00039,26.0028,4.205154266931275
594.0,3.47842,0.57406,23.2695,3.810764,,3999.0,0.67522,0.00058,38.7967,4.030233039228101
595.0,3.48028,0.57504,23.3095,3.810764,,4000.0,0.67336,0.00078,52.3513,4.296807750448932
596.0,3.47842,0.57604,23.3498,3.811074,,4001.0,0.67894,0.00096,64.1425,4.166079118239297
597.0,3.47656,0.57703,23.3898,3.811074,,4002.0,0.67522,0.00118,78.7344,4.046823784785426
598.0,3.47656,0.57809,23.4329,3.811384,,4003.0,0.66964,0.00137,91.8741,4.112055561009397
599.0,3.47656,0.57909,23.4736,3.811384,,4004.0,0.6715,0.00149,100.0,4.1148372151907955
600.0,3.48214,0.58008,23.5135,3.811694,,4004.0,0.0,0.00149,100.0,4.119397999402437
601.0,3.48028,0.58106,23.5535,3.811694,,4005.0,0.0,0.00149,100.0,4.28347725615071
602.0,3.47842,0.58206,23.5938,3.812004,,4006.0,0.0,0.00149,100.0,4.047395259992788
603.0,3.47656,0.58305,23.6341,3.812004,,4007.0,0.0,0.00149,100.0,4.020427850823842
604.0,3.47842,0.58404,23.6741,3.812314,,4008.0,0.0,0.00149,100.0,3.9287249273457783
605.0,3.47842,0.58503,23.7141,3.812314,,4009.0,0.0,0.00149,100.0,4.100477331783241
607.0,3.47842,0.58604,23.7552,3.812624,,4010.0,0.0,0.00149,100.0,4.090193040967609
608.0,3.47842,0.58697,23.7928,3.812624,,4011.0,0.0,0.00149,100.0,4.118138895242683
609.0,3.48028,0.58795,23.8327,3.812624,,4012.0,0.0,0.00149,100.0,4.051351555451238
610.0,3.47842,0.58895,23.8731,3.812934,,4013.0,0.0,0.00149,100.0,4.115590493199976
611.0,3.47656,0.58993,23.913,3.813244,,4014.0,0.0,0.00149,100.0,4.101839731283428
612.0,3.48028,0.59092,23.953,3.813244,,4015.0,0.0,0.00149,100.0,4.035081784898088
613.0,3.48028,0.59196,23.9953,3.813554,,4016.0,0.0,0.00149,100.0,4.167705693503065
614.0,3.47842,0.59295,24.0352,3.813554,,4017.0,0.0,0.00149,100.0,4.118158421115533
615.0,3.47842,0.59394,24.0752,3.813864,,4018.0,0.0,0.00149,100.0,4.054245852117818
616.0,3.47842,0.59496,24.1167,3.813864,,4019.0,0.0,0.00149,100.0,4.1014623586841905
617.0,3.47842,0.59594,24.1566,3.813864,,4020.0,0.0,0.00149,100.0,4.188237136056043
618.0,3.47656,0.59694,24.197,3.814174,,4020.0,0.0,0.00149,100.0,4.130091150709724
619.0,3.47842,0.59793,24.2373,3.814174,,,,,,
620.0,3.48028,0.59893,24.2777,3.814484,,4020.0,-0.6715,0.0,0.0,3.9600981704687923
621.0,3.47842,0.59991,24.3172,3.814484,,4021.0,-0.6715,0.00022,0.5392,4.021105469032551
622.0,3.47842,0.6009,24.3576,3.814484,,4022.0,-0.6715,0.0004,0.9819,4.01616101734861
623.0,3.47842,0.60189,24.3975,3.814794,,4023.0,-0.6715,0.00061,1.4709,4.047589018399131
624.0,3.48028,0.60287,24.4375,3.814794,,4024.0,-0.6715,0.00078,1.901,3.982365450860469
625.0,3.47842,0.60386,24.4774,3.815104,,4025.0,-0.6715,0.00097,2.3625,4.154666733421665
626.0,3.47842,0.60484,24.5174,3.815414,,4026.0,-0.6715,0.00116,2.8252,3.9394244756709598
627.0,3.47842,0.60583,24.5573,3.815414,,4027.0,-0.6715,0.00136,3.2904,3.992628333267275
628.0,3.47842,0.60681,24.5973,3.815414,,4028.0,-0.6715,0.00155,3.767,4.03920088433984
629.0,3.4747,0.60781,24.6376,3.815724,,4030.0,-0.6715,0.00175,4.246,3.8335066067559396
630.0,3.47656,0.60879,24.6771,3.815724,,4031.0,-0.6715,0.00197,4.7714,4.021510939089762
631.0,3.47656,0.60971,24.7147,3.815724,,4032.0,-0.6715,0.00215,5.2291,3.970415619464793
632.0,3.47656,0.61072,24.7555,3.816034,,4033.0,-0.6715,0.00235,5.6956,4.11414283598435
633.0,3.47842,0.61172,24.7962,3.816344,,4034.0,-0.6715,0.00254,6.1533,4.2912830358987835
634.0,3.47842,0.61271,24.8361,3.816344,,4035.0,-0.6715,0.00273,6.6185,3.9807217361059584
635.0,3.47656,0.6138,24.8804,3.816654,,4036.0,-0.6715,0.00292,7.0762,3.9487327191363906
636.0,3.47842,0.61479,24.9203,3.816654,,4037.0,-0.6715,0.00311,7.5515,3.9955626979010077
637.0,3.47656,0.61578,24.9607,3.816964,,4038.0,-0.6715,0.0033,8.018,3.835894402236068
638.0,3.47656,0.61673,24.9991,3.816964,,4039.0,-0.6715,0.0035,8.4844,4.090997712176539
639.0,3.47842,0.61771,25.039,3.817274,,4040.0,-0.6715,0.00369,8.9509,4.119233366945775
640.0,3.47842,0.61871,25.0793,3.817274,,4041.0,-0.6715,0.00388,9.4174,4.130445239396482
641.0,3.47842,0.61973,25.1208,3.817274,,4042.0,-0.6715,0.00407,9.8789,4.192233326785165
642.0,3.47842,0.62072,25.1608,3.817584,,4043.0,-0.6715,0.00427,10.3629,4.064619089048846
643.0,3.47842,0.62171,25.2012,3.817894,,4044.0,-0.67336,0.00446,10.8294,4.102529242563262
644.0,3.4747,0.62271,25.2415,3.817894,,4045.0,-0.6715,0.00465,11.2871,3.959566305116585
645.0,3.47842,0.62369,25.2814,3.818204,,4046.0,-0.6715,0.00484,11.7486,3.8915065092429866
647.0,3.47842,0.62468,25.3214,3.818204,,4047.0,-0.6715,0.00504,12.2288,4.07199090120382
648.0,3.47842,0.62566,25.3613,3.818514,,4048.0,-0.6715,0.00522,12.6627,4.009957003801429
649.0,3.48028,0.62668,25.4024,3.818514,,4049.0,-0.6715,0.00541,13.1292,4.050774998634897
650.0,3.48028,0.62767,25.4428,3.818824,,4050.0,-0.67336,0.0056,13.5919,4.181367834375742
651.0,3.47842,0.62869,25.4839,3.818824,,4051.0,-0.6715,0.00579,14.0584,4.021197511642829
652.0,3.47656,0.62967,25.5239,3.819134,,4052.0,-0.6715,0.00598,14.5199,4.235828984194411
653.0,3.47842,0.63066,25.5638,3.819134,,4053.0,-0.6715,0.00619,15.0177,3.8444998854630823
654.0,3.47656,0.63166,25.6042,3.819444,,4054.0,-0.6715,0.00637,15.4704,4.0752308726005575
655.0,3.47842,0.63266,25.6449,3.819444,,4055.0,-0.6715,0.00654,15.8779,3.9211734297068284
656.0,3.47842,0.6336,25.6829,3.819444,,4055.0,-5.40365,0.00654,15.8779,3.925902458360757
657.0,3.47656,0.63458,25.7228,3.819754,,4056.0,-5.40737,0.00806,19.5571,3.7697370597557236
658.0,3.48028,0.63557,25.7628,3.819754,,4057.0,-5.40737,0.00963,23.383,3.831426205386373
659.0,3.47842,0.63656,25.8031,3.820065,,4058.0,-5.40737,0.01117,27.101,3.758081974060386
660.0,3.47656,0.63755,25.8431,3.820065,,4059.0,-5.40551,0.01271,30.8542,3.872518477004676
661.0,3.47842,0.63854,25.8834,3.820374,,4060.0,-5.40551,0.01425,34.5723,3.903076740980361
662.0,3.47842,0.63954,25.9238,3.820684,,4061.0,-5.40737,0.01578,38.2891,3.642720629200293
663.0,3.47842,0.6405,25.9625,3.820684,,4062.0,-5.40737,0.01749,42.4448,3.7458127612295655
664.0,3.47656,0.64151,26.0036,3.820684,,4063.0,-5.40923,0.01865,45.2512,3.828521719161569
665.0,3.47842,0.64251,26.044,3.820995,,4063.0,-3.3817,0.01865,45.2512,3.547214184264263
666.0,3.47842,0.64359,26.0879,3.820995,,4064.0,-3.37798,0.01962,47.6199,4.022775314943993
667.0,3.47656,0.64458,26.1282,3.821305,,4065.0,-3.37984,0.02058,49.9423,3.8248307872586658
668.0,3.47842,0.64557,26.1681,3.821615,,4066.0,-3.37798,0.02146,52.0829,3.8580138989233754
669.0,3.47842,0.64656,26.2085,3.821615,,4067.0,-3.37798,0.02244,54.4516,3.779764522909987
670.0,3.47842,0.64753,26.2476,3.821615,,4068.0,-3.37798,0.02349,57.0022,3.949240538265279
671.0,3.47842,0.64852,26.2876,3.821925,,4069.0,-3.37798,0.02445,59.3484,3.862405222346445
672.0,3.48028,0.6495,26.3275,3.821925,,4070.0,-3.37798,0.02542,61.6934,3.7961995490763196
673.0,3.48028,0.65049,26.3675,3.822235,,4071.0,-3.37798,0.02638,64.0158,3.9683922188412364
674.0,3.47842,0.65147,26.4074,3.822545,,4072.0,-3.37798,0.02734,66.3619,3.8694179429169617
675.0,3.47656,0.65248,26.4482,3.822545,,4073.0,-3.37984,0.0283,68.6843,3.8443368974408174
676.0,3.47842,0.65349,26.4893,3.822545,,4075.0,-3.37798,0.02927,71.0318,3.690417026505548
677.0,3.47842,0.65448,26.5292,3.822855,,4076.0,-3.37984,0.03023,73.3541,3.986513049352284
678.0,3.47842,0.65551,26.5711,3.822855,,4077.0,-3.37798,0.03121,75.7455,3.7974227618330754
679.0,3.47842,0.65642,26.608,3.823165,,4078.0,-3.37984,0.03217,78.0691,3.9373572529987473
680.0,3.47842,0.6574,26.6479,3.823165,,4079.0,-3.37798,0.03308,80.2786,3.947091568703992
681.0,3.47842,0.65839,26.6878,3.823785,,4080.0,-3.37798,0.03405,82.6474,3.73243493651616
683.0,3.48214,0.6595,26.7329,3.823785,,4081.0,-3.37984,0.03503,85.0162,3.97230187181952
684.0,3.47842,0.66044,26.7709,3.824095,,4082.0,-3.37426,0.03598,87.3147,4.020709643834358
685.0,3.47842,0.66141,26.8105,3.824095,,4083.0,-3.37984,0.037,89.7976,3.923030950893046
686.0,3.47842,0.66245,26.8524,3.824405,,4084.0,-3.37798,0.03796,92.12,3.733771888335352
687.0,3.47842,0.66338,26.89,3.824405,,4085.0,-3.37798,0.03892,94.4436,3.843862065158504
688.0,3.47842,0.66436,26.9299,3.824715,,4086.0,-3.37612,0.03984,96.6983,3.7752520602257524
689.0,3.47656,0.66536,26.9703,3.824405,,4087.0,-3.37984,0.04085,99.1348,4.067578404323097
690.0,3.47842,0.66633,27.0098,3.825025,,4087.0,-3.37984,0.0412,100.0,3.8592253954338447
691.0,3.4747,0.66733,27.0501,3.825025,,4087.0,-3.37984,0.0412,100.0,3.67668261039451
692.0,3.48214,0.66831,27.0901,3.825335,,,,,,
693.0,3.47656,0.6693,27.13,3.825335,,4087.0,1.34673,0.0,0.0,4.000206503616388
694.0,3.47656,0.67029,27.1704,3.825335,,4088.0,1.34859,0.00039,12.8704,4.020606745636277
695.0,3.47656,0.67128,27.2103,3.825645,,4089.0,1.35045,0.00074,24.621,4.142222703547449
696.0,3.47656,0.67226,27.2503,3.825955,,4090.0,1.34859,0.00114,37.8704,4.201578022058978
697.0,3.47656,0.67326,27.2906,3.825955,,4091.0,1.35045,0.00151,50.4997,3.9611144793591557
698.0,3.47842,0.67425,27.3306,3.825955,,4092.0,1.34859,0.0019,63.2495,4.14034122397188
699.0,3.47842,0.67529,27.3729,3.826265,,4093.0,1.35045,0.00232,77.3949,4.1592088972348344
700.0,3.4747,0.67619,27.4093,3.826575,,4094.0,1.34859,0.00271,90.2653,4.088143902798018
701.0,3.48028,0.67718,27.4496,3.826575,,4095.0,1.35045,0.003,100.0,3.963182052995712
702.0,3.484,0.6783,27.4951,3.826885,,4095.0,1.35045,0.003,100.0,4.290531714023143
703.0,3.47842,0.67932,27.5362,3.826885,,,,,,
704.0,3.47842,0.6803,27.5762,3.827195,,4095.0,-1.35045,0.0,0.0,3.799361134304425
705.0,3.47842,0.6813,27.6165,3.827505,,4096.0,-1.35045,0.00037,3.0542,4.089967296363495
706.0,3.47842,0.68231,27.6576,3.827505,,4097.0,-1.35045,0.00076,6.332,3.9930496425049014
707.0,3.48028,0.68331,27.698,3.827505,,4098.0,-1.34859,0.00115,9.5496,3.9858451858167445
708.0,3.47656,0.68429,27.7379,3.827815,,4099.0,-1.35045,0.00153,12.7328,3.882129222730733
709.0,3.47842,0.68528,27.7778,3.827815,,4100.0,-1.35045,0.00191,15.9203,4.158604764863277
710.0,3.47842,0.68627,27.8178,3.828125,,4101.0,-1.35045,0.0023,19.1337,4.125710485443514
711.0,3.48028,0.68726,27.8581,3.828125,,4102.0,-1.34859,0.00268,22.3169,3.91043057108648
712.0,3.47842,0.68826,27.8985,3.828435,,4103.0,-1.35045,0.00308,25.6549,4.042491842891344
713.0,3.47842,0.68925,27.9388,3.828745,,4104.0,-1.34859,0.00347,28.8725,3.8784232475090663
714.0,3.47656,0.69024,27.9788,3.828745,,4106.0,-1.35045,0.00386,32.1203,3.8816497601955913
715.0,3.48028,0.69122,28.0187,3.828745,,4107.0,-1.34673,0.00425,35.3981,3.9596536417410975
716.0,3.47656,0.69222,28.0591,3.829055,,4108.0,-1.35045,0.0046,38.3017,3.970630024271802
717.0,3.48214,0.6932,28.099,3.829055,,4109.0,-1.35231,0.00499,41.5494,3.8839922570283103
718.0,3.48214,0.69419,28.139,3.829365,,4110.0,-1.35045,0.0054,44.9219,4.0526661815756935
719.0,3.48028,0.69518,28.1793,3.829365,,4111.0,-1.35231,0.00577,48.0105,4.038507875584596
721.0,3.48028,0.69617,28.2193,3.829365,,4112.0,-1.34859,0.00615,51.198,3.940139148363325
722.0,3.47656,0.69716,28.2596,3.829675,,4113.0,-1.35231,0.00653,54.3812,4.032137256693158
723.0,3.48028,0.69816,28.3,3.829985,,4114.0,-1.35231,0.00693,57.7236,3.9806695437338853
724.0,3.47842,0.69914,28.3395,3.829985,,4115.0,-1.35231,0.00732,60.9412,3.9684607647831065
725.0,3.47656,0.70014,28.3802,3.830295,,4116.0,-1.35045,0.00769,63.9997,4.09080390272934
726.0,3.47842,0.70114,28.4206,3.830295,,4117.0,-1.34859,0.00808,67.2818,4.0569275774464115
727.0,3.47656,0.70214,28.4613,3.830605,,4118.0,-1.34859,0.00847,70.4951,3.7945303525001113
728.0,3.47842,0.70314,28.5017,3.830605,,4119.0,-1.34859,0.00887,73.8031,4.053361502760695
729.0,3.47284,0.70413,28.542,3.830915,,4120.0,-1.34859,0.00925,76.9906,3.923314392775229
730.0,3.48214,0.70513,28.5823,3.831225,,4121.0,-1.35045,0.00965,80.2985,3.82244548815622
731.0,3.48214,0.70611,28.6223,3.831225,,4122.0,-1.34859,0.00999,83.2021,3.991164983963385
732.0,3.47656,0.70711,28.6626,3.831225,,4123.0,-1.34859,0.01038,86.3896,4.010604741670415
733.0,3.47656,0.70803,28.7002,3.831535,,4124.0,-1.35231,0.01076,89.5728,3.8268645589716828
734.0,3.48028,0.70908,28.7425,3.831845,,4125.0,-1.34859,0.01114,92.7561,4.002144824343602
735.0,3.47656,0.71004,28.7817,3.831845,,4126.0,-1.35231,0.01151,95.8489,3.963738922958283
736.0,3.47656,0.71107,28.8232,3.832155,,4127.0,-1.34859,0.01192,99.2171,3.990671441862483
737.0,3.47842,0.71207,28.8639,3.832465,,4127.0,-1.35045,0.01201,100.0,4.158750111639946
738.0,3.47842,0.71306,28.9039,3.832465,,4127.0,-1.35045,0.01201,100.0,4.094257441680891
739.0,3.48214,0.71404,28.9438,3.832465,,,,,,
740.0,3.48028,0.71502,28.9833,3.832775,,4127.0,2.70833,0.0,0.0,4.24738226935846
741.0,3.48214,0.71602,29.0237,3.833085,,4128.0,2.70275,0.00078,13.0083,4.214759994049349
742.0,3.47842,0.717,29.0636,3.833085,,4129.0,2.70461,0.0015,25.0258,4.175858370556368
743.0,3.47842,0.71795,29.102,3.833085,,4130.0,2.69903,0.00227,37.7929,4.384500437001745
744.0,3.47656,0.71896,29.1431,3.833395,,4131.0,2.70089,0.00303,50.5686,4.027965418537997
745.0,3.48028,0.71996,29.1835,3.833395,,4132.0,2.70275,0.00381,63.4562,4.143172828594315
746.0,3.47842,0.72095,29.2238,3.833705,,4133.0,2.70275,0.00456,76.1027,4.118721030822122
747.0,3.47842,0.72194,29.2638,3.834015,,4134.0,2.70089,0.00541,90.2395,4.124324105355936
748.0,3.47842,0.72291,29.3033,3.834015,,4135.0,2.70275,0.006,100.0,4.157229444123564
749.0,3.47656,0.72391,29.3437,3.834015,,4135.0,0.0,0.006,100.0,4.147596210955652
750.0,3.47656,0.72489,29.3836,3.834325,,4136.0,0.0,0.006,100.0,3.9506804395109083
751.0,3.48214,0.72588,29.4236,3.834325,,4137.0,0.0,0.006,100.0,4.058438546966113
752.0,3.47842,0.72687,29.4635,3.834635,,4138.0,0.0,0.006,100.0,4.0153509925944615
753.0,3.47842,0.72785,29.5035,3.834945,,4139.0,0.0,0.006,100.0,4.005754692026205
754.0,3.48028,0.72884,29.5434,3.834945,,4140.0,0.0,0.006,100.0,4.050384244750822
755.0,3.47842,0.72987,29.5853,3.835255,,4141.0,0.0,0.006,100.0,4.096486380124423
756.0,3.47842,0.73078,29.6222,3.835566,,4143.0,0.0,0.006,100.0,3.842939467299538
757.0,3.47656,0.73177,29.6625,3.835566,,4144.0,0.0,0.006,100.0,4.114692670631245
758.0,3.47842,0.73276,29.7024,3.835876,,4145.0,0.0,0.006,100.0,4.169470059551815
759.0,3.48214,0.73374,29.7424,3.835876,,4146.0,0.0,0.006,100.0,4.177329863643946
760.0,3.47842,0.73475,29.7831,3.836185,,4147.0,0.0,0.006,100.0,4.115976836142525
762.0,3.48028,0.73573,29.823,3.836185,,4148.0,0.0,0.006,100.0,4.179327599038055
763.0,3.47842,0.73676,29.8646,3.836496,,4149.0,0.0,0.006,100.0,4.110896077961062
764.0,3.47842,0.73765,29.9006,3.836806,,4150.0,0.0,0.006,100.0,4.130094612146246
765.0,3.47842,0.73865,29.9414,3.836806,,4151.0,0.0,0.006,100.0,4.002335068532463
766.0,3.48028,0.73965,29.9817,3.837116,,4152.0,0.0,0.006,100.0,4.216991068889473
767.0,3.47842,0.74063,30.0216,3.837116,,4153.0,0.0,0.006,100.0,4.144405860661114
768.0,3.47656,0.74162,30.0616,3.837426,,4154.0,0.0,0.006,100.0,3.9502307989788497
769.0,3.47656,0.74261,30.1015,3.837426,,4155.0,0.0,0.006,100.0,4.160823277190109
770.0,3.47842,0.74359,30.1415,3.837426,,4156.0,0.0,0.006,100.0,4.180584621351536
771.0,3.47842,0.74458,30.1814,3.837736,,4157.0,0.0,0.006,100.0,4.070256242276705
772.0,3.48028,0.74557,30.2218,3.837736,,4158.0,0.0,0.006,100.0,3.93434582046605
773.0,3.47284,0.74657,30.2621,3.838046,,4159.0,0.0,0.006,100.0,4.133903411473258
774.0,3.48028,0.74768,30.3072,3.838046,,4160.0,0.0,0.006,100.0,4.109860857827841
775.0,3.48586,0.74861,30.3448,3.838666,,4161.0,0.0,0.006,100.0,4.199435784289251
776.0,3.484,0.74959,30.3847,3.838356,,4162.0,0.0,0.006,100.0,4.02190699370249
777.0,3.48028,0.75058,30.4247,3.838976,,4163.0,0.0,0.006,100.0,4.1299869640771245
778.0,3.47842,0.75157,30.465,3.839286,,4164.0,0.0,0.006,100.0,4.203540731101308
779.0,3.47842,0.75259,30.5061,3.838976,,4165.0,0.0,0.006,100.0,4.020410267192667
780.0,3.47842,0.75364,30.5488,3.839286,,4166.0,0.0,0.006,100.0,4.066884530904644
781.0,3.48214,0.75463,30.5891,3.839286,,4167.0,0.0,0.006,100.0,3.985994553920923
782.0,3.47842,0.75553,30.6256,3.839596,,4168.0,0.0,0.006,100.0,4.114798375947854
783.0,3.47656,0.75653,30.6659,3.839286,,4169.0,0.0,0.006,100.0,4.117470691882419
784.0,3.47842,0.75751,30.7059,3.839906,,4170.0,0.0,0.006,100.0,4.038047071851667
785.0,3.47656,0.75851,30.7462,3.839906,,4171.0,0.0,0.006,100.0,3.978448421711056
786.0,3.48028,0.75955,30.7885,3.840216,,4172.0,0.0,0.006,100.0,4.060531380977106
787.0,3.48028,0.76055,30.8289,3.840526,,4173.0,0.0,0.006,100.0,4.282236575738418
788.0,3.47656,0.76154,30.8692,3.840526,,4174.0,0.0,0.006,100.0,4.176315201925959
789.0,3.47842,0.76244,30.9056,3.840836,,4174.0,0.0,0.006,100.0,4.15579720966251
790.0,3.47656,0.76346,30.9467,3.840836,,4175.0,0.0,0.006,100.0,3.9880892893839124
791.0,3.47656,0.76445,30.9871,3.840836,,4176.0,0.0,0.006,100.0,4.152257555157284
792.0,3.47842,0.76544,31.027,3.841146,,4177.0,0.0,0.006,100.0,4.146363781403817
793.0,3.48028,0.76643,31.0674,3.841456,,4178.0,0.0,0.006,100.0,4.258046700561178
794.0,3.48028,0.76743,31.1077,3.841456,,4180.0,0.0,0.006,100.0,3.9727739421347446
795.0,3.48028,0.76843,31.1484,3.841766,,4181.0,0.0,0.006,100.0,4.001659515023944
796.0,3.47842,0.76943,31.1888,3.841766,,4182.0,0.0,0.006,100.0,4.246268138779319
797.0,3.47842,0.77041,31.2287,3.842076,,4183.0,0.0,0.006,100.0,4.057593064734003
798.0,3.47656,0.77142,31.2694,3.842076,,4184.0,0.0,0.006,100.0,3.999103830993032
800.0,3.47842,0.77243,31.3106,3.842386,,4185.0,0.0,0.006,100.0,3.9206645414754018
801.0,3.47842,0.77363,31.3592,3.842696,,4186.0,0.0,0.006,100.0,3.8896290129114774
802.0,3.47656,0.7746,31.3983,3.842696,,4187.0,0.0,0.006,100.0,4.16260281213288
803.0,3.47842,0.77557,31.4379,3.843006,,4188.0,0.0,0.006,100.0,4.060241675623239
804.0,3.47842,0.77657,31.4782,3.843006,,4189.0,0.0,0.006,100.0,4.0626406524224
805.0,3.47842,0.77756,31.5186,3.843316,,4190.0,0.0,0.006,100.0,4.012058986437534
806.0,3.47842,0.7786,31.5605,3.843316,,4191.0,0.0,0.006,100.0,4.076084724073353
807.0,3.47842,0.77953,31.5984,3.843626,,4191.0,0.0,0.006,100.0,4.041635277556405
808.0,3.47842,0.78054,31.6392,3.843626,,4191.0,0.0,0.006,100.0,4.05323708668337
809.0,3.48028,0.78164,31.6839,3.843936,,,,,,
810.0,3.48028,0.78259,31.7222,3.844246,,4191.0,-0.66964,0.0,0.0,3.9630878857367793
811.0,3.48214,0.78358,31.7626,3.844246,,4192.0,-0.6715,0.00019,1.9343,3.930013782325667
812.0,3.47842,0.78458,31.803,3.844556,,4193.0,-0.6715,0.00038,3.9428,3.9886576794587674
813.0,3.47656,0.78556,31.8429,3.844246,,4194.0,-0.6715,0.00057,5.893,4.131641043927343
814.0,3.484,0.78656,31.8833,3.845176,,4196.0,-0.6715,0.00077,7.8643,4.100302455780134
815.0,3.47842,0.78757,31.9244,3.845176,,4197.0,-0.6715,0.00096,9.8145,4.001560628041112
816.0,3.48028,0.78856,31.9643,3.845486,,4198.0,-0.6715,0.00115,11.7647,3.9881431874480393
817.0,3.47842,0.78955,32.0043,3.845486,,4199.0,-0.6715,0.00134,13.7361,4.004193856096309
818.0,3.47842,0.79054,32.0446,3.845796,,4200.0,-0.6715,0.00152,15.5909,3.9125638522110933
819.0,3.484,0.79153,32.0846,3.846106,,4201.0,-0.6715,0.00172,17.6365,4.0501221717568745
820.0,3.48028,0.79251,32.1245,3.846106,,4202.0,-0.6715,0.00191,19.6078,4.1003340822042205
821.0,3.47656,0.79351,32.1649,3.846106,,4203.0,-0.6715,0.0021,21.5792,4.035635830984139
822.0,3.47656,0.79459,32.2088,3.846416,,4204.0,-0.6715,0.0023,23.5506,4.108693486864796
823.0,3.48028,0.7956,32.2495,3.846726,,4205.0,-0.6715,0.00249,25.522,4.2446389960346815
824.0,3.4747,0.79658,32.2894,3.846726,,4206.0,-0.6715,0.00268,27.4722,4.1657642823156165
825.0,3.4747,0.7975,32.3267,3.847036,,4207.0,-0.6715,0.00287,29.4436,4.036309563701643
826.0,3.48028,0.79851,32.3678,3.847036,,4208.0,-0.6715,0.00306,31.3937,4.047952634853927
828.0,3.47842,0.7995,32.4078,3.847346,,4209.0,-0.6715,0.00325,33.3651,3.9071962223009367
829.0,3.47656,0.8005,32.4485,3.847656,,4210.0,-0.6715,0.00344,35.2782,4.114162353810399
830.0,3.47656,0.80152,32.4896,3.847656,,4211.0,-0.6715,0.00364,37.3503,3.9293737412974696
831.0,3.47842,0.80252,32.5303,3.847966,,4212.0,-0.6715,0.00383,39.3164,4.16346237732358
832.0,3.47656,0.80354,32.5715,3.847966,,4213.0,-0.6715,0.00403,41.3302,4.13572349733176
833.0,3.48028,0.80453,32.6118,3.848276,,4214.0,-0.6715,0.00423,43.3386,4.042170535159133
834.0,3.48214,0.80552,32.6518,3.848276,,4215.0,-0.6715,0.00441,45.1934,4.149255026830115
835.0,3.47656,0.80652,32.6921,3.848586,,4216.0,-0.67336,0.0046,47.186,4.080764702595956
836.0,3.47656,0.80751,32.7325,3.848896,,4217.0,-0.6715,0.0048,49.2316,4.043962532537269
837.0,3.47842,0.80851,32.7728,3.848896,,4218.0,-0.6715,0.00499,51.203,4.045790330525051
838.0,3.47656,0.80949,32.8128,3.849206,,4219.0,-0.6715,0.00517,53.0207,3.9069985151074906
839.0,3.47842,0.81049,32.8531,3.849206,,4219.0,-0.6715,0.00523,53.6884,3.938378163344706
840.0,3.47842,0.81156,32.8966,3.849516,,4219.0,-1.34487,0.00523,53.6884,4.1322768796631735
841.0,3.47842,0.81249,32.9342,3.849516,,4220.0,-1.34859,0.00562,57.6894,4.14445488482248
842.0,3.47842,0.81348,32.9745,3.849826,,4222.0,-1.35045,0.00601,61.6905,4.2094381605518745
843.0,3.47656,0.81447,33.0145,3.849826,,4223.0,-1.34859,0.0064,65.6545,3.9824922456555725
844.0,3.48028,0.81545,33.0544,3.850446,,4224.0,-1.35045,0.00679,69.6131,3.9598541249542105
845.0,3.47656,0.81645,33.0947,3.850446,,4225.0,-1.34859,0.00717,73.5771,4.104936918782847
846.0,3.48028,0.8174,33.1335,3.850446,,4226.0,-1.35045,0.00756,77.504,3.957324062617084
847.0,3.48028,0.81846,33.1762,3.850756,,4227.0,-1.35231,0.00794,81.4626,4.024850036510045
848.0,3.48028,0.81945,33.2165,3.850756,,4228.0,-1.34859,0.00833,85.4213,3.967561810065245
849.0,3.47842,0.82044,33.2565,3.851066,,4229.0,-1.34673,0.00871,89.3482,3.9830098562007286
850.0,3.48028,0.82142,33.2964,3.851377,,4230.0,-1.35231,0.00907,93.0366,3.9886707477627605
851.0,3.48028,0.82242,33.3368,3.851377,,4231.0,-1.35045,0.00946,97.0005,3.8216269437533317
852.0,3.47842,0.82341,33.3771,3.851686,,4231.0,-1.34859,0.00975,100.0,4.028671752597214
853.0,3.48028,0.82441,33.4175,3.851996,,4231.0,-1.34859,0.00975,100.0,3.9466481002894684
854.0,3.48214,0.82536,33.4559,3.851996,,,,,,
855.0,3.47842,0.82633,33.4954,3.852307,,4231.0,0.68824,0.0,0.0,4.0188121254911975
856.0,3.48028,0.82735,33.5365,3.852307,,4233.0,0.67336,0.00018,11.9228,4.202825927508531
857.0,3.47656,0.82833,33.5765,3.852617,,4234.0,0.6715,0.00037,24.9828,4.00282905132732
858.0,3.48028,0.82936,33.618,3.852617,,4235.0,0.67522,0.00057,37.836,4.083007765673608
859.0,3.484,0.83034,33.658,3.852926,,4236.0,0.67336,0.00078,52.0331,4.169153532975994
860.0,3.48028,0.83127,33.6955,3.853237,,4237.0,0.67708,0.00096,64.0248,4.2479168609206
861.0,3.47842,0.83228,33.7363,3.853237,,4238.0,0.6715,0.00117,77.705,4.032340329750232
862.0,3.47284,0.83326,33.7762,3.853237,,4239.0,0.66778,0.00136,90.4204,4.126750881879101
863.0,3.47656,0.83426,33.8166,3.853547,,4240.0,0.67336,0.0015,100.0,4.168967567276498
864.0,3.48028,0.83523,33.8561,3.853857,,4240.0,0.0,0.0015,100.0,4.185837814465796
866.0,3.47842,0.83624,33.8969,3.853857,,4241.0,0.0,0.0015,100.0,4.159472261200569
867.0,3.47656,0.8373,33.9399,3.854167,,4242.0,0.0,0.0015,100.0,4.018937716236104
868.0,3.4747,0.8383,33.9807,3.854477,,4243.0,0.0,0.0015,100.0,3.9802480359013894
869.0,3.4747,0.83923,34.0182,3.854477,,4244.0,0.0,0.0015,100.0,4.1079998763000205
870.0,3.48028,0.84024,34.059,3.854787,,4245.0,0.0,0.0015,100.0,4.1321053312245954
871.0,3.47656,0.84122,34.0989,3.854787,,4246.0,0.0,0.0015,100.0,4.11531505382468
872.0,3.47842,0.84222,34.1392,3.855097,,4247.0,0.0,0.0015,100.0,4.21817719370987
873.0,3.48028,0.8432,34.1792,3.855407,,4248.0,0.0,0.0015,100.0,4.274333219420214
874.0,3.47656,0.84419,34.2191,3.855407,,4249.0,0.0,0.0015,100.0,3.997481457966122
875.0,3.47842,0.84518,34.2595,3.855407,,4250.0,0.0,0.0015,100.0,4.172720564637744
876.0,3.47656,0.84618,34.2998,3.856027,,4251.0,0.0,0.0015,100.0,4.1217186457404535
877.0,3.48028,0.84716,34.3398,3.856027,,4252.0,0.0,0.0015,100.0,4.050312059054817
878.0,3.47656,0.84815,34.3797,3.856337,,4253.0,0.0,0.0015,100.0,3.957130591889779
879.0,3.47842,0.84912,34.4193,3.856337,,4254.0,0.0,0.0015,100.0,4.042875685062143
880.0,3.47842,0.85012,34.4596,3.856647,,4255.0,0.0,0.0015,100.0,4.270695481899321
881.0,3.47842,0.8511,34.4996,3.856957,,4256.0,0.0,0.0015,100.0,3.9661726393966474
882.0,3.47656,0.85208,34.5391,3.856957,,4256.0,0.0,0.0015,100.0,3.8528955612125273
883.0,3.47656,0.85308,34.5795,3.857267,,,,,,
884.0,3.4747,0.85412,34.6218,3.857577,,4256.0,-0.66964,0.0,0.0,4.133607007768884
885.0,3.47842,0.85508,34.6605,3.857577,,4257.0,-0.6715,0.00022,1.067,4.087369821260245
886.0,3.47656,0.85617,34.7048,3.857887,,4258.0,-0.6715,0.00043,2.0521,4.043724431310854
887.0,3.47656,0.85711,34.7428,3.857887,,4259.0,-0.6715,0.00062,2.9553,4.000719211743488
888.0,3.48028,0.85809,34.7828,3.858197,,4260.0,-0.6715,0.00081,3.871,4.1140198239111685
889.0,3.48028,0.85912,34.8247,3.858197,,4261.0,-0.6715,0.001,4.8114,4.023249197387325
890.0,3.47656,0.86007,34.863,3.858507,,4262.0,-0.6715,0.0012,5.7419,4.091401736306158
891.0,3.47842,0.86106,34.903,3.858817,,4263.0,-0.6715,0.0014,6.727,4.211467630084488
892.0,3.48028,0.86213,34.9465,3.858817,,4264.0,-0.67336,0.00159,7.6427,4.103986775437319
893.0,3.48028,0.86304,34.9833,3.859127,,4265.0,-0.6715,0.00177,8.4938,3.913753998192784
894.0,3.47842,0.86405,35.0244,3.859127,,4266.0,-0.6715,0.00197,9.469,4.0040867426775995
895.0,3.48028,0.8651,35.0667,3.859437,,4267.0,-0.6715,0.00216,10.3921,3.8520739689566303
896.0,3.48028,0.86608,35.1067,3.859747,,4268.0,-0.6715,0.00236,11.3151,4.071588659853264
897.0,3.48028,0.86711,35.1482,3.859747,,4269.0,-0.6715,0.00255,12.2481,4.048023646392556
898.0,3.47842,0.86809,35.1881,3.860057,,4270.0,-0.6715,0.00274,13.1687,4.131377264337036
899.0,3.47842,0.86908,35.2281,3.860057,,4271.0,-0.6715,0.00293,14.0918,4.12433070135763
900.0,3.47842,0.87004,35.2673,3.860367,,4272.0,-0.6715,0.00313,15.0248,4.112271971665112
901.0,3.48214,0.87104,35.3076,3.860677,,4273.0,-0.67336,0.00332,15.928,4.188108405273067
903.0,3.47842,0.87202,35.3476,3.860677,,4274.0,-0.6715,0.00351,16.8337,3.983462617512446
904.0,3.47656,0.87301,35.3875,3.860677,,4275.0,-0.6715,0.0037,17.7568,3.961994884130554
905.0,3.47656,0.87404,35.4294,3.860987,,4276.0,-0.6715,0.00389,18.6873,4.078076144062119
906.0,3.48028,0.87502,35.469,3.861297,,4277.0,-0.6715,0.00408,19.6104,4.201882742944996
907.0,3.47842,0.87602,35.5094,3.861607,,4278.0,-0.6715,0.00427,20.5161,4.01699136140824
908.0,3.48028,0.87702,35.5501,3.861607,,4279.0,-0.6715,0.00445,21.3672,3.997730494308183
909.0,3.48028,0.87801,35.5901,3.861917,,4280.0,-0.6715,0.00464,22.2878,4.055436464934576
910.0,3.47656,0.87899,35.63,3.861917,,4281.0,-0.6715,0.00484,23.2382,3.8134186425720658
911.0,3.47656,0.87997,35.6696,3.861917,,4282.0,-0.6715,0.00502,24.1067,4.211625548363552
912.0,3.47842,0.88095,35.7095,3.862537,,4283.0,-0.6715,0.00522,25.0471,4.0861601632820435
913.0,3.48028,0.88194,35.7494,3.862537,,4285.0,-0.67336,0.00541,25.9702,4.179619948105635
914.0,3.484,0.88293,35.7894,3.862537,,4286.0,-0.6715,0.0056,26.8933,3.9497870018371315
915.0,3.47842,0.8839,35.829,3.862847,,4287.0,-0.6715,0.00579,27.8164,4.112373521235992
916.0,3.47842,0.88493,35.8705,3.863157,,4288.0,-0.6715,0.00598,28.7295,4.003800353684673
917.0,3.47842,0.88591,35.9105,3.863157,,4289.0,-0.6715,0.00618,29.6625,3.8350485735037205
918.0,3.47842,0.8869,35.9504,3.863467,,4290.0,-0.6715,0.00637,30.5856,4.167636801188552
919.0,3.48214,0.88787,35.99,3.863777,,4291.0,-0.6715,0.00656,31.4988,3.9925527943549466
920.0,3.47842,0.88877,36.0264,3.863777,,4292.0,-0.6715,0.00675,32.4119,4.0716018097858075
921.0,3.48028,0.88985,36.0699,3.864087,,4293.0,-0.6715,0.00694,33.3251,3.895051986552865
922.0,3.47842,0.89081,36.1091,3.864397,,4294.0,-0.6715,0.00713,34.2481,3.968501419441491
923.0,3.48028,0.89171,36.1455,3.864397,,4295.0,-0.6715,0.00732,35.1638,3.946983566451816
924.0,3.47842,0.89273,36.187,3.864707,,4296.0,-0.6715,0.00751,36.0844,4.09375572850555
925.0,3.48214,0.89376,36.2285,3.865017,,4297.0,-0.6715,0.00771,37.0174,4.1244403742610265
926.0,3.48028,0.89477,36.2697,3.865017,,4298.0,-0.6715,0.0079,37.9231,4.039804722464507
927.0,3.47842,0.89567,36.3061,3.865327,,4299.0,-0.6715,0.00809,38.8462,4.176800941636602
928.0,3.47656,0.8967,36.3476,3.865327,,4300.0,-0.6715,0.00828,39.7593,3.96456157285154
929.0,3.47842,0.89773,36.3895,3.865637,,4301.0,-0.6715,0.00848,40.7444,4.10285046354991
930.0,3.48028,0.89864,36.4263,3.865947,,4302.0,-0.6715,0.00867,41.6576,3.9137670575546877
931.0,3.48028,0.89962,36.4663,3.865947,,4303.0,-0.67336,0.00887,42.5806,3.9021383951446698
932.0,3.47842,0.90064,36.5074,3.866257,,4304.0,-0.6715,0.00906,43.5137,3.868083070710801
933.0,3.47842,0.90169,36.5501,3.866878,,4305.0,-0.6715,0.00925,44.4367,4.183307444172728
934.0,3.48214,0.9027,36.5908,3.866878,,4306.0,-0.6715,0.00944,45.3499,3.8875857234159836
935.0,3.47656,0.90367,36.6304,3.867188,,4307.0,-0.6715,0.00963,46.2556,4.062235893462523
936.0,3.47842,0.90466,36.6703,3.867188,,4308.0,-0.67336,0.00982,47.1787,4.197586993794628
937.0,3.47842,0.9057,36.7126,3.867497,,4309.0,-0.6715,0.01002,48.1117,4.18510843462589
938.0,3.48214,0.90671,36.7534,3.867808,,4310.0,-0.6715,0.01021,49.0248,4.1033340695061655
939.0,3.47656,0.90769,36.7933,3.867808,,4311.0,-0.6715,0.0104,49.9479,3.859090996113349
940.0,3.47656,0.90869,36.8336,3.868118,,4312.0,-0.6715,0.01059,50.861,4.175255077048727
942.0,3.47656,0.90971,36.8751,3.868428,,4313.0,-0.6715,0.01079,51.8015,4.146955256040771
943.0,3.4747,0.91071,36.9155,3.868738,,4314.0,-0.6715,0.01096,52.6278,4.110991053296072
944.0,3.48214,0.91169,36.9554,3.868738,,4315.0,-0.6715,0.01116,53.603,3.9748532563772954
945.0,3.47842,0.91268,36.9954,3.869048,,4316.0,-0.6715,0.01136,54.5434,4.149060911249977
946.0,3.47656,0.91366,37.0353,3.869048,,4317.0,-0.6715,0.01155,55.4591,3.892055429844782
947.0,3.4747,0.91466,37.0756,3.869358,,4318.0,-0.6715,0.01174,56.3821,4.107831816214871
948.0,3.47842,0.91564,37.1156,3.869668,,4319.0,-0.6715,0.01193,57.3052,4.156436892714793
949.0,3.47842,0.91663,37.1555,3.869668,,4320.0,-0.6715,0.01212,58.2184,4.0046075029786765
950.0,3.47842,0.91763,37.1963,3.869978,,4321.0,-0.6715,0.01232,59.1414,4.091902784554758
951.0,3.47842,0.91864,37.237,3.870288,,4323.0,-0.6715,0.01251,60.0819,4.119955787613362
952.0,3.48028,0.91962,37.277,3.870288,,4324.0,-0.6715,0.01271,61.0149,4.083483484150527
953.0,3.47842,0.92061,37.3169,3.870598,,4325.0,-0.6715,0.0129,61.928,4.20878093316901
954.0,3.48028,0.9216,37.3569,3.870908,,4326.0,-0.6715,0.01309,62.8511,3.819014125040678
955.0,3.47842,0.92258,37.3968,3.870908,,4327.0,-0.6715,0.01328,63.7643,3.9884259112627514
956.0,3.47656,0.92349,37.4336,3.871218,,4328.0,-0.6715,0.01347,64.6774,3.774618302860044
957.0,3.47842,0.92446,37.4732,3.871218,,4329.0,-0.6715,0.01366,65.6104,4.2338926867715925
958.0,3.48028,0.92544,37.5128,3.871528,,4330.0,-0.6715,0.01385,66.5335,4.015470986570773
959.0,3.47842,0.92644,37.5531,3.871838,,4331.0,-0.6715,0.01405,67.4566,3.9697598511445427
960.0,3.47842,0.92742,37.5931,3.872148,,4332.0,-0.6715,0.01424,68.3797,4.100072490815343
961.0,3.48028,0.92842,37.6334,3.872458,,4333.0,-0.6715,0.01443,69.2928,4.009156568095319
962.0,3.47842,0.92939,37.673,3.872458,,4334.0,-0.6715,0.01462,70.206,3.9397680917206395
963.0,3.47842,0.93038,37.7129,3.872768,,4335.0,-0.6715,0.0148,71.0943,4.063799243697679
964.0,3.47842,0.93135,37.7525,3.872768,,4336.0,-0.6715,0.015,72.0521,4.093832886808571
965.0,3.47842,0.93242,37.7956,3.873078,,4337.0,-0.6715,0.01521,73.0273,4.116125235687812
966.0,3.47842,0.9334,37.8355,3.873388,,4338.0,-0.6715,0.0154,73.9677,4.109909711808104
967.0,3.47842,0.9344,37.8759,3.873698,,4339.0,-0.6715,0.01559,74.8834,3.8844457484138246
968.0,3.48214,0.93538,37.9159,3.873698,,4340.0,-0.6715,0.01578,75.7866,4.0846799100550175
969.0,3.47842,0.93638,37.9562,3.874008,,4341.0,-0.6715,0.01596,76.6303,4.090129730711611
970.0,3.47656,0.93733,37.9946,3.874008,,4342.0,-0.6715,0.01619,77.7668,4.1198438281103815
971.0,3.47842,0.93835,38.0361,3.874628,,4343.0,-0.6715,0.01626,78.072,4.060968840972717
972.0,3.47842,0.93934,38.076,3.874628,,4343.0,-1.35045,0.01626,78.072,3.884433770910402
973.0,3.47842,0.94032,38.116,3.874628,,4344.0,-1.35045,0.01667,80.0695,3.8839117121667592
974.0,3.47656,0.9413,38.1555,3.874938,,4345.0,-1.35231,0.01706,81.9057,4.085452934140139
975.0,3.47842,0.94229,38.1959,3.875248,,4346.0,-1.34859,0.01744,83.7618,4.01644111364167
976.0,3.47842,0.94322,38.2335,3.875248,,4347.0,-1.35045,0.01783,85.6154,4.054893125596324
977.0,3.47842,0.94424,38.275,3.875558,,4348.0,-1.34859,0.01821,87.469,4.076316686831231
978.0,3.47842,0.94515,38.3118,3.875868,,4349.0,-1.35045,0.0186,89.3251,3.895198390618103
979.0,3.47842,0.94612,38.351,3.876178,,4350.0,-1.34859,0.01899,91.1787,3.9799609312880415
980.0,3.48028,0.94717,38.3937,3.876178,,4351.0,-1.35045,0.01937,93.0323,4.007215070393691
981.0,3.47842,0.94816,38.4336,3.876488,,4352.0,-1.35045,0.01975,94.8511,3.938838276288217
982.0,3.47656,0.94913,38.4732,3.876488,,4353.0,-1.34859,0.02013,96.67,3.962660889233863
983.0,3.47842,0.95012,38.5131,3.876798,,4354.0,-1.35045,0.02049,98.3797,4.009997662801596
984.0,3.48214,0.9511,38.5531,3.877108,,4355.0,-1.35045,0.02082,100.0,3.956825531186742
985.0,3.47842,0.95209,38.593,3.877418,,4355.0,-1.35045,0.02082,100.0,3.834844448955834
986.0,3.47656,0.95309,38.6334,3.877728,,,,,,
987.0,3.48028,0.95406,38.6729,3.877728,,4355.0,0.67336,0.0,0.0,4.020301934756858
988.0,3.47842,0.95505,38.7129,3.877728,,4356.0,0.67522,0.00017,11.6214,4.318378173117684
989.0,3.47656,0.95594,38.7489,3.878348,,4357.0,0.67336,0.00037,24.6347,4.095646975627949
990.0,3.47842,0.95698,38.7912,3.878348,,4358.0,0.67336,0.00056,37.6131,4.215871849194677
991.0,3.47842,0.95797,38.8311,3.878658,,4359.0,0.67336,0.00075,50.4175,4.28739349950642
992.0,3.48028,0.95895,38.8711,3.878658,,4360.0,0.6715,0.00094,63.1524,4.165469547612373
994.0,3.47842,0.95991,38.9099,3.878968,,4361.0,0.6715,0.00113,76.2352,4.3676631507623895
995.0,3.48214,0.96097,38.953,3.879278,,4362.0,0.6715,0.00134,90.0835,4.03517480110965
996.0,3.47842,0.96196,38.9929,3.879588,,4363.0,0.6715,0.00148,100.0,4.057612565635811
997.0,3.47842,0.96288,39.0305,3.879588,,4363.0,0.0,0.00148,100.0,3.9809932464236537
998.0,3.47842,0.96386,39.0701,3.879588,,4364.0,0.0,0.00148,100.0,4.339913979535702
999.0,3.48214,0.96482,39.1089,3.879898,,4365.0,0.0,0.00148,100.0,4.1728767424129645
1000.0,3.48028,0.96581,39.1492,3.880208,,4366.0,0.0,0.00148,100.0,4.018681765957255
1001.0,3.47842,0.9668,39.1892,3.880518,,4367.0,0.0,0.00148,100.0,3.972254682144181
1002.0,3.47656,0.96778,39.2292,3.880828,,4368.0,0.0,0.00148,100.0,3.924923268160265
1003.0,3.47842,0.96877,39.2691,3.880828,,4369.0,0.0,0.00148,100.0,4.10787963340619
1004.0,3.47842,0.96974,39.3086,3.881138,,4370.0,0.0,0.00148,100.0,3.950626484828458
1005.0,3.48028,0.97074,39.349,3.881449,,4371.0,0.0,0.00148,100.0,4.137970304965941
1006.0,3.47842,0.97173,39.3889,3.881449,,4372.0,0.0,0.00148,100.0,4.085816347413913
1007.0,3.47842,0.9727,39.4285,3.881758,,4373.0,0.0,0.00148,100.0,4.1612510165327095
1008.0,3.47656,0.97369,39.4684,3.882068,,4374.0,0.0,0.00148,100.0,3.9833713562226007
1009.0,3.47656,0.97467,39.5084,3.882379,,4375.0,0.0,0.00148,100.0,4.282786262026551
1010.0,3.47656,0.97566,39.5483,3.882379,,4376.0,0.0,0.00148,100.0,4.056638637886923
1011.0,3.47842,0.97664,39.5883,3.882689,,4377.0,0.0,0.00148,100.0,4.120185091620309
1012.0,3.47842,0.97764,39.6286,3.882998,,4378.0,0.0,0.00148,100.0,4.008975598441233
1013.0,3.47842,0.97873,39.6729,3.882998,,4379.0,0.0,0.00148,100.0,4.122610381627845
1014.0,3.47842,0.97972,39.7129,3.883309,,4379.0,0.0,0.00148,100.0,3.911072908435408
1015.0,3.47842,0.9807,39.7528,3.883619,,,,,,
1016.0,3.47842,0.98169,39.7928,3.883619,,4379.0,-0.66964,0.0,0.0,4.000556531060426
1017.0,3.47842,0.98266,39.8323,3.883929,,4380.0,-0.6715,0.00019,0.4578,4.2073440968894955
1018.0,3.47842,0.98365,39.8723,3.884238,,4381.0,-0.6715,0.00037,0.9068,4.014508212007487
1019.0,3.47842,0.98463,39.9118,3.884549,,4382.0,-0.6715,0.00057,1.3835,3.9461707769789056
1020.0,3.47842,0.98561,39.9518,3.884549,,4383.0,-0.6715,0.00076,1.8464,4.007206050346637
1021.0,3.47842,0.98654,39.9894,3.884859,,4384.0,-0.6715,0.00095,2.3142,3.845197385184825
1022.0,3.47656,0.98756,40.0309,3.885169,,4385.0,-0.6715,0.00116,2.8324,3.9538459457888653
1023.0,3.47842,0.98855,40.0708,3.885479,,4386.0,-0.6715,0.00134,3.2588,4.198864153086744
1024.0,3.47842,0.98956,40.112,3.885789,,4387.0,-0.6715,0.00153,3.7317,4.440516776067168
1025.0,3.47842,0.99056,40.1523,3.886099,,4388.0,-0.6715,0.00174,4.2449,4.147111464349584
1026.0,3.48028,0.99154,40.1922,3.886099,,4389.0,-0.6715,0.00193,4.6888,3.9144676425711173
1027.0,3.47842,0.99253,40.2322,3.886409,,4390.0,-0.6715,0.00212,5.1617,4.126466180152152
1028.0,3.47842,0.99351,40.2718,3.886719,,4391.0,-0.6715,0.00231,5.6296,4.02360043083721
1029.0,3.47842,0.99459,40.3156,3.886719,,4392.0,-0.6715,0.0025,6.0975,4.01013397533207
1030.0,3.47842,0.99557,40.3556,3.887029,,4393.0,-0.6715,0.00269,6.5553,4.107265293080013
1031.0,3.47656,0.99656,40.3955,3.887339,,4394.0,-0.6715,0.00289,7.0458,4.212194438267027
1032.0,3.47656,0.99754,40.4355,3.887649,,4395.0,-0.67336,0.00309,7.5187,4.022956017713039
1033.0,3.47842,0.99856,40.4766,3.887649,,4396.0,-0.67336,0.00328,7.9904,4.1487623577938635
1034.0,3.47656,0.99949,40.5142,3.887959,,4397.0,-0.6715,0.00347,8.4495,3.9111851771793833
1036.0,3.47842,1.00048,40.5545,3.888579,,4398.0,-0.6715,0.00366,8.9173,4.054272512854273
1037.0,3.47842,1.00164,40.6015,3.888889,,4399.0,-0.6715,0.00385,9.3802,3.971494260220869
1038.0,3.47656,1.00265,40.6423,3.889199,,4401.0,-0.6715,0.00405,9.8481,4.061065913029511
1039.0,3.47842,1.00364,40.6826,3.889199,,4402.0,-0.6715,0.00425,10.3336,3.7832292801636016
1040.0,3.47842,1.00463,40.7226,3.889509,,4403.0,-0.6715,0.00442,10.7612,3.82215592775658
1041.0,3.47842,1.00561,40.7625,3.889819,,4404.0,-0.6715,0.00461,11.2291,4.113064635886395
1042.0,3.47842,1.0066,40.8024,3.889819,,4405.0,-0.6715,0.0048,11.6869,4.05095175416838
1043.0,3.47656,1.00751,40.8393,3.890129,,4406.0,-0.6715,0.005,12.1824,4.002318360937487
1044.0,3.48028,1.00849,40.8792,3.890439,,4407.0,-0.6715,0.0052,12.6591,4.095756203211413
1045.0,3.48028,1.00955,40.9223,3.890749,,4408.0,-0.6715,0.00539,13.127,4.149587984884008
1046.0,3.47842,1.01057,40.9634,3.891059,,4409.0,-0.6715,0.00558,13.5898,3.804770645222046
1047.0,3.47842,1.01156,41.0038,3.891369,,4410.0,-0.6715,0.00577,14.0527,4.0229571033095395
1048.0,3.47656,1.01254,41.0433,3.891369,,4411.0,-0.6715,0.00597,14.5294,3.9356733523972074
1049.0,3.47842,1.01352,41.0833,3.891679,,4412.0,-0.6715,0.00616,14.9884,4.04870610713184
1050.0,3.47842,1.01452,41.1236,3.891989,,4413.0,-0.6715,0.00635,15.4563,4.054189250385586
1051.0,3.47842,1.0155,41.1632,3.892299,,4414.0,-0.6715,0.00654,15.9242,3.935394212646677
1052.0,3.47842,1.01648,41.2031,3.892609,,4414.0,-5.40551,0.00654,15.9242,3.8331096154897226
1053.0,3.47842,1.01746,41.2427,3.892609,,4415.0,-5.40551,0.00803,19.5414,3.748464609145391
1054.0,3.47842,1.01844,41.2826,3.892919,,4416.0,-5.40737,0.00963,23.453,3.7437990010882713
1055.0,3.47656,1.01943,41.3226,3.893229,,4417.0,-5.40551,0.01118,27.2174,4.076354853067253
1056.0,3.47842,1.02041,41.3625,3.893539,,4418.0,-5.40551,0.01283,31.2371,3.669227583206278
1057.0,3.47842,1.02143,41.4037,3.893849,,4419.0,-5.40551,0.01427,34.7462,3.8414668468584274
1058.0,3.48028,1.02241,41.4433,3.893849,,4420.0,-5.40551,0.01591,38.7307,3.7808958236279007
1059.0,3.47842,1.02339,41.4832,3.894159,,4421.0,-5.40551,0.01747,42.5328,3.802505039821678
1060.0,3.47842,1.0243,41.52,3.894469,,4422.0,-5.40551,0.01861,45.3112,3.792867163200904
1061.0,3.47842,1.02539,41.5643,3.894779,,4422.0,-3.37984,0.01861,45.3112,3.9256853661874502
1062.0,3.47842,1.02635,41.603,3.894779,,4423.0,-3.37612,0.01951,47.482,3.826620206966953
1063.0,3.47842,1.02738,41.6449,3.895089,,4424.0,-3.37798,0.02054,49.995,3.923705829579647
1064.0,3.47656,1.02837,41.6849,3.895399,,4425.0,-3.37984,0.02144,52.1885,3.976320112363009
1065.0,3.47842,1.02935,41.7248,3.895709,,4426.0,-3.3817,0.02242,54.5857,3.808580737489292
1066.0,3.47842,1.03035,41.7652,3.895709,,4427.0,-3.37984,0.02341,56.9855,3.8166963448595403
1067.0,3.47842,1.03132,41.8048,3.896329,,4428.0,-3.37798,0.02438,59.3387,3.75427283018401
1068.0,3.47842,1.03231,41.8447,3.896329,,4429.0,-3.37984,0.02534,61.6906,3.885556152541231
1069.0,3.47842,1.03329,41.8843,3.896639,,4430.0,-3.37798,0.02632,64.0665,3.8784123609678947
1070.0,3.47656,1.03427,41.9242,3.896949,,4431.0,-3.37798,0.02728,66.3971,3.9331509385813836
1071.0,3.47656,1.03527,41.9645,3.897259,,4432.0,-3.37798,0.02824,68.7491,3.957462473133898
1072.0,3.47656,1.03624,42.0041,3.897569,,4433.0,-3.37612,0.02933,71.3991,4.009520115800561
1073.0,3.47842,1.03723,42.0441,3.897569,,4434.0,-3.37798,0.03022,73.57,3.745688593652237
1074.0,3.47656,1.03821,42.084,3.897879,,4435.0,-3.37984,0.03125,76.0603,3.90016453401279
1076.0,3.47656,1.03924,42.1255,3.89819,,4436.0,-3.37798,0.03223,78.4588,3.750445455178808
1077.0,3.47842,1.04022,42.1655,3.898499,,4437.0,-3.3817,0.0332,80.812,3.9729363028058318
1078.0,3.47842,1.04121,42.2054,3.898809,,4438.0,-3.37798,0.03417,83.1652,4.023384585993783
1079.0,3.47656,1.04218,42.245,3.898809,,4439.0,-3.37798,0.03513,85.5159,3.8922507809373528
1080.0,3.48028,1.04317,42.2849,3.89912,,4441.0,-3.37798,0.03613,87.9371,3.823477824080916
1081.0,3.47656,1.04416,42.3249,3.89943,,4442.0,-3.37612,0.03708,90.2677,3.9023803162814494
1082.0,3.47842,1.04515,42.3652,3.89974,,4443.0,-3.37984,0.03805,92.6196,3.8350518809149783
1083.0,3.47842,1.04613,42.4048,3.89974,,4444.0,-3.37984,0.03898,94.8823,3.856836397696266
1084.0,3.47842,1.04711,42.4447,3.90005,,4445.0,-3.37984,0.03998,97.3273,3.8094144106483108
1085.0,3.47842,1.0481,42.4847,3.90067,,4446.0,-3.37984,0.04096,99.7032,3.803349590544071
1086.0,3.48028,1.04907,42.5242,3.90067,,4446.0,-3.37612,0.04108,100.0,3.639216737885617
1087.0,3.47842,1.05006,42.5642,3.90098,,4446.0,-3.37612,0.04108,100.0,4.009432465100212
1088.0,3.48028,1.05106,42.6049,3.90129,,,,,,
1089.0,3.48028,1.05205,42.6449,3.9016,,4446.0,1.35603,0.0,0.0,4.003335591684335
1090.0,3.47842,1.05303,42.6844,3.9016,,4447.0,1.34859,0.00037,12.3495,4.170810168150929
1091.0,3.47842,1.05402,42.7248,3.90191,,4448.0,1.34859,0.00076,25.301,4.01118106694845
1092.0,3.48028,1.05501,42.7647,3.90222,,4449.0,1.34487,0.00116,38.5277,4.079759726036079
1093.0,3.47842,1.05603,42.8062,3.90253,,4450.0,1.34673,0.00155,51.5996,3.8988339337964835
1094.0,3.48028,1.05701,42.8458,3.90284,,4451.0,1.34859,0.00195,65.0671,3.916303611453678
1095.0,3.47842,1.05799,42.8857,3.90315,,4452.0,1.35045,0.00233,77.5542,3.931992847326112
1096.0,3.47842,1.05899,42.9261,3.90315,,4453.0,1.34673,0.00272,90.3853,4.054547468481913
1097.0,3.47842,1.05997,42.966,3.90346,,4454.0,1.35045,0.003,100.0,4.194098499917798
1098.0,3.47842,1.06096,43.006,3.90377,,4454.0,1.35045,0.003,100.0,3.8556248514466716
1099.0,3.47842,1.06193,43.0455,3.90408,,,,,,
1100.0,3.47656,1.06286,43.0831,3.90408,,4454.0,-1.35045,0.0,0.0,4.100466818033457
1101.0,3.47842,1.06394,43.127,3.9047,,4455.0,-1.35045,0.00041,3.3724,3.8095739756942963
1102.0,3.47842,1.06493,43.1669,3.9047,,4456.0,-1.34859,0.0008,6.616,3.947011916917993
1103.0,3.47656,1.06591,43.2069,3.90501,,4457.0,-1.34859,0.00118,9.8251,3.968361339513035
1104.0,3.47656,1.06689,43.2464,3.90532,,4458.0,-1.34859,0.00156,13.0043,4.086042403095001
1105.0,3.47842,1.06788,43.2864,3.90563,,4459.0,-1.34859,0.00195,16.2177,3.9160029896640562
1106.0,3.48214,1.06887,43.3267,3.90563,,4460.0,-1.34859,0.00231,19.182,3.901096616855225
1107.0,3.47656,1.06985,43.3663,3.90625,,4461.0,-1.34859,0.0027,22.4857,3.831278586962421
1108.0,3.47842,1.07084,43.4066,3.90625,,4462.0,-1.35045,0.00312,25.9441,3.9890633370656605
1109.0,3.47842,1.07183,43.4466,3.90656,,4463.0,-1.34859,0.00349,29.0029,4.064293345146882
1110.0,3.47842,1.0728,43.4861,3.90687,,4464.0,-1.35231,0.00387,32.2121,3.8952849447501046
1111.0,3.47656,1.07379,43.5261,3.90718,,4465.0,-1.35045,0.00433,35.9883,4.024716214917349
1112.0,3.47842,1.07476,43.5652,3.90749,,4466.0,-1.34859,0.00471,39.1373,3.9537013681773483
1113.0,3.47656,1.07566,43.6021,3.9078,,4467.0,-1.35231,0.00508,42.1962,3.9598939498718755
1114.0,3.47842,1.07666,43.6424,3.90811,,4468.0,-1.34859,0.00546,45.371,4.016076854069985
1115.0,3.47842,1.07766,43.6832,3.90811,,4469.0,-1.34673,0.00587,48.7692,3.93943215063647
1116.0,3.47656,1.07865,43.7231,3.90842,,4471.0,-1.35045,0.00626,52.0127,3.9803830281685677
1117.0,3.47842,1.07964,43.7631,3.90873,,4472.0,-1.35045,0.00662,55.0372,3.9279178214116204
1118.0,3.48028,1.08061,43.8026,3.90904,,4473.0,-1.34859,0.00703,58.4697,3.8970229790223683
1119.0,3.47842,1.08161,43.843,3.90935,,4474.0,-1.35231,0.00742,61.6832,4.05115771418508
1121.0,3.47842,1.08267,43.886,3.90997,,4475.0,-1.34859,0.00778,64.6776,4.285782443094542
1122.0,3.48028,1.08357,43.9225,3.90997,,4476.0,-1.34859,0.00819,68.0758,3.8944322771857727
1123.0,3.47842,1.08455,43.9624,3.91028,,4477.0,-1.34859,0.00854,71.0057,4.060402496020213
1124.0,3.47842,1.08554,44.0024,3.91059,,4478.0,-1.34859,0.00897,74.5929,4.020109303620419
1125.0,3.48028,1.08652,44.0423,3.9109,,4479.0,-1.35045,0.00934,77.6174,4.00557697182855
1126.0,3.47842,1.08751,44.0823,3.91121,,4480.0,-1.35045,0.00975,81.0757,3.8790285178646267
1127.0,3.48028,1.0885,44.1222,3.91152,,4481.0,-1.35045,0.01013,84.2248,3.844200227556173
1128.0,3.47842,1.08948,44.1622,3.91152,,4482.0,-1.34859,0.01051,87.4039,4.087982771030317
1129.0,3.47842,1.09047,44.2021,3.91183,,4483.0,-1.35045,0.01092,90.8322,3.915011669168826
1130.0,3.48028,1.09145,44.2421,3.91214,,4484.0,-1.35045,0.01129,93.891,3.9893448192501095
1131.0,3.47842,1.09245,44.2824,3.91245,,4485.0,-1.35045,0.01172,97.4138,3.975390350313348
1132.0,3.47842,1.09342,44.322,3.91276,,4486.0,-1.35045,0.01203,100.0,4.029332105595408
1133.0,3.48214,1.09446,44.3639,3.91307,,4486.0,-1.35045,0.01203,100.0,3.99621810003362
1134.0,3.47842,1.09546,44.4046,3.91307,,,,,,
1135.0,3.47842,1.09645,44.4446,3.91338,,4486.0,2.70833,0.0,0.0,4.1515238241667145
1136.0,3.47842,1.09743,44.4845,3.913691,,4487.0,2.70275,0.00072,12.029,3.9701787156382875
1137.0,3.47656,1.09846,44.526,3.914001,,4488.0,2.70275,0.0015,25.0668,4.188898067949052
1138.0,3.47842,1.09946,44.5668,3.91431,,4489.0,2.70089,0.00229,38.2254,4.1274349981644685
1139.0,3.47842,1.10045,44.6067,3.914621,,4490.0,2.70461,0.00305,50.8839,4.212272299564176
1140.0,3.47842,1.1015,44.6494,3.914931,,4491.0,2.69903,0.00389,64.9133,4.187781862785332
1141.0,3.48214,1.10243,44.687,3.915241,,4492.0,2.70275,0.00466,77.6925,4.175174201057575
1142.0,3.48028,1.10343,44.7274,3.915551,,4493.0,2.70647,0.00541,90.351,4.105325483335423
1143.0,3.48028,1.10441,44.7673,3.915551,,4494.0,2.70647,0.00599,100.0,4.111058161913036
1144.0,3.47842,1.10545,44.8096,3.915861,,4494.0,0.0,0.00599,100.0,3.9714514797827536
1145.0,3.48028,1.10641,44.8484,3.916481,,4495.0,0.0,0.00599,100.0,4.124740171873568
1146.0,3.48028,1.1074,44.8884,3.916481,,4496.0,0.0,0.00599,100.0,4.030309952209959
1147.0,3.48028,1.10846,44.9315,3.916791,,4497.0,0.0,0.00599,100.0,4.174006989287407
1148.0,3.47842,1.10941,44.9699,3.917101,,4498.0,0.0,0.00599,100.0,4.116672219929055
1149.0,3.47656,1.11038,45.0094,3.917411,,4499.0,0.0,0.00599,100.0,4.056450719157075
1150.0,3.47656,1.11137,45.0493,3.917721,,4500.0,0.0,0.00599,100.0,4.064078232674787
1151.0,3.47842,1.11235,45.0893,3.918031,,4501.0,0.0,0.00599,100.0,4.014951605916873
1152.0,3.48028,1.11334,45.1293,3.918341,,4502.0,0.0,0.00599,100.0,3.8971942102041472
1153.0,3.48028,1.11432,45.1688,3.918651,,4503.0,0.0,0.00599,100.0,4.0411558898763875
1154.0,3.47842,1.1153,45.2088,3.918651,,4504.0,0.0,0.00599,100.0,3.7978191167086055
1155.0,3.47656,1.1163,45.2491,3.919271,,4505.0,0.0,0.00599,100.0,4.038029273103572
1156.0,3.48586,1.11728,45.2891,3.919581,,4506.0,0.0,0.00599,100.0,3.935803689176853
1157.0,3.48028,1.11824,45.3278,3.919581,,4507.0,0.0,0.00599,100.0,3.9616911907609804
1158.0,3.47656,1.11923,45.3682,3.919891,,4508.0,0.0,0.00599,100.0,4.000197687737868
1159.0,3.47656,1.12032,45.4121,3.920201,,4509.0,0.0,0.00599,100.0,3.811564874334411
1161.0,3.47842,1.12125,45.4501,3.920511,,4511.0,0.0,0.00599,100.0,4.010421860315971
1162.0,3.48028,1.12224,45.49,3.920821,,4512.0,0.0,0.00599,100.0,3.990548216780641
1163.0,3.47656,1.12324,45.5307,3.921131,,4513.0,0.0,0.00599,100.0,4.066878702428741
1164.0,3.47656,1.12429,45.573,3.921441,,4514.0,0.0,0.00599,100.0,4.2313971287696575
1165.0,3.47842,1.12521,45.6106,3.921751,,4515.0,0.0,0.00599,100.0,3.965874375635314
1166.0,3.48028,1.12625,45.6525,3.922061,,4516.0,0.0,0.00599,100.0,4.1821988138370205
1167.0,3.47842,1.12723,45.6925,3.922371,,4517.0,0.0,0.00599,100.0,3.9808896675200764
1168.0,3.48028,1.12821,45.7321,3.922681,,4518.0,0.0,0.00599,100.0,4.124067186284296
1169.0,3.47842,1.12911,45.7685,3.922991,,4519.0,0.0,0.00599,100.0,4.2635480258964025
1170.0,3.48214,1.13009,45.8084,3.922991,,4520.0,0.0,0.00599,100.0,4.09031141348649
1171.0,3.47842,1.13108,45.8484,3.923301,,4521.0,0.0,0.00599,100.0,4.129774975729871
1172.0,3.47842,1.13212,45.8907,3.923611,,4522.0,0.0,0.00599,100.0,4.091281425437159
1173.0,3.48028,1.13311,45.9306,3.923921,,4523.0,0.0,0.00599,100.0,4.080005891501193
1174.0,3.47842,1.13409,45.9702,3.924231,,4524.0,0.0,0.00599,100.0,3.930530804673636
1175.0,3.47656,1.13507,46.0101,3.924541,,4525.0,0.0,0.00599,100.0,4.077986339519568
1176.0,3.48028,1.13606,46.0501,3.924851,,4526.0,0.0,0.00599,100.0,4.237797674480402
1177.0,3.47656,1.13704,46.09,3.925161,,4527.0,0.0,0.00599,100.0,4.029147606416608
1178.0,3.47842,1.13803,46.13,3.925471,,4528.0,0.0,0.00599,100.0,4.074910899804513
1179.0,3.47656,1.13901,46.1699,3.925781,,4529.0,0.0,0.00599,100.0,4.082980849544082
1180.0,3.47842,1.14001,46.2103,3.926091,,4530.0,0.0,0.00599,100.0,3.928089454211002
1181.0,3.47842,1.14098,46.2499,3.926401,,4531.0,0.0,0.00599,100.0,4.194154623666693
1182.0,3.47842,1.14196,46.2894,3.926711,,4532.0,0.0,0.00599,100.0,3.800987963111044
1183.0,3.484,1.14297,46.3301,3.926711,,4533.0,0.0,0.00599,100.0,4.1286134653043804
1184.0,3.47842,1.14397,46.3709,3.927021,,4534.0,0.0,0.00599,100.0,4.104010682616445
1185.0,3.47842,1.14497,46.4112,3.927641,,4535.0,0.0,0.00599,100.0,4.203378685788299
1186.0,3.48028,1.14594,46.4508,3.927641,,4536.0,0.0,0.00599,100.0,3.954577478666084
1187.0,3.47656,1.14694,46.4911,3.927951,,4537.0,0.0,0.00599,100.0,4.125678951978143
1188.0,3.47656,1.14791,46.5307,3.928262,,4538.0,0.0,0.00599,100.0,4.132776813991329
1189.0,3.48214,1.1489,46.5706,3.928571,,4539.0,0.0,0.00599,100.0,3.866152165778549
1190.0,3.47842,1.14987,46.6102,3.928881,,4540.0,0.0,0.00599,100.0,4.1182480592255555
1191.0,3.47842,1.15086,46.6501,3.929191,,4541.0,0.0,0.00599,100.0,4.0714439968175675
1192.0,3.48028,1.15184,46.6901,3.929811,,4542.0,0.0,0.00599,100.0,4.1037365020847405
1193.0,3.47656,1.15282,46.7296,3.929811,,4543.0,0.0,0.00599,100.0,3.9705154995645326
1194.0,3.48028,1.15381,46.7696,3.930121,,4545.0,0.0,0.00599,100.0,4.016464584859743
1195.0,3.47656,1.1548,46.8099,3.930432,,4546.0,0.0,0.00599,100.0,4.0873571780813815
1196.0,3.47842,1.15578,46.8495,3.930742,,4547.0,0.0,0.00599,100.0,4.028701602312634
1197.0,3.47842,1.15676,46.8894,3.931051,,4548.0,0.0,0.00599,100.0,4.207394101657048
1198.0,3.47656,1.15775,46.9294,3.931672,,4549.0,0.0,0.00599,100.0,3.9780400891572327
1199.0,3.47842,1.15867,46.9666,3.931982,,4549.0,0.0,0.00599,100.0,4.107452399750306
1200.0,3.48028,1.15964,47.0062,3.932292,,4549.0,0.0,0.00599,100.0,4.319913942434174
1201.0,3.47842,1.16063,47.0461,3.932602,,,,,,
1202.0,3.48028,1.16161,47.0861,3.932912,,4549.0,-0.66964,0.0,0.0,4.0806334415807255
1203.0,3.47842,1.1627,47.1299,3.933222,,4550.0,-0.6715,0.00021,2.1294,4.027943981438257
1204.0,3.47842,1.16363,47.1679,3.933532,,4551.0,-0.6715,0.0004,4.1419,3.8373352810306898
1205.0,3.48028,1.16462,47.2079,3.933532,,4552.0,-0.6715,0.00059,6.096,4.017136145050812
1206.0,3.47842,1.16561,47.2482,3.934152,,4553.0,-0.6715,0.00078,8.0501,3.8252023987033574
1207.0,3.47656,1.1666,47.2882,3.934462,,4554.0,-0.6715,0.00098,10.0255,3.993139145862417
1208.0,3.47842,1.1676,47.3289,3.934772,,4555.0,-0.6715,0.00116,11.9424,4.188753197786312
1209.0,3.47842,1.16859,47.3689,3.935082,,4556.0,-0.6715,0.00135,13.8966,4.0852871764485705
1211.0,3.47842,1.16958,47.4088,3.935392,,4557.0,-0.6715,0.00155,15.8932,4.212218714958481
1212.0,3.47656,1.17063,47.4515,3.935702,,4558.0,-0.6715,0.00173,17.7517,4.272969807792959
1213.0,3.4747,1.17158,47.4899,3.936012,,4559.0,-0.6715,0.00193,19.8014,3.906847805512769
1214.0,3.48028,1.17256,47.5298,3.936322,,4560.0,-0.6715,0.00212,21.7608,3.990290479646873
1215.0,3.47842,1.17355,47.5698,3.936632,,4561.0,-0.6715,0.00231,23.6937,4.048692460767367
1216.0,3.47842,1.17456,47.6109,3.936942,,4562.0,-0.6715,0.0025,25.6691,3.8892472740869874
1217.0,3.48214,1.17563,47.654,3.937252,,4563.0,-0.6715,0.00269,27.6073,4.028905522574262
1218.0,3.4747,1.17661,47.694,3.937562,,4564.0,-0.67336,0.00288,29.5614,4.111681435721597
1219.0,3.47842,1.17754,47.7315,3.937872,,4566.0,-0.6715,0.00307,31.5155,4.076797638484568
1220.0,3.48028,1.17861,47.775,3.938182,,4567.0,-0.6715,0.00326,33.4537,3.8551256634622844
1221.0,3.484,1.1796,47.815,3.938492,,4568.0,-0.6715,0.00345,35.5034,3.8630138564702996
1222.0,3.48028,1.18058,47.8549,3.938492,,4569.0,-0.6715,0.00364,37.4203,3.8859355909509232
1223.0,3.47842,1.18158,47.8952,3.939112,,4570.0,-0.6715,0.00382,39.263,4.019057203700646
1224.0,3.47656,1.1825,47.9328,3.939422,,4571.0,-0.6715,0.00402,41.2755,3.9471478636727184
1225.0,3.48586,1.18357,47.9759,3.939732,,4572.0,-0.6715,0.0042,43.2084,3.956148211859868
1226.0,3.48028,1.18455,48.0159,3.940042,,4573.0,-0.6715,0.0044,45.2634,4.037517644455992
1227.0,3.47842,1.18555,48.0562,3.940352,,4574.0,-0.6715,0.00458,47.0847,4.0525744553012615
1228.0,3.47842,1.18653,48.0962,3.940662,,4575.0,-0.6715,0.00477,49.0601,3.9197767668653603
1229.0,3.48028,1.18752,48.1361,3.940972,,4576.0,-0.6715,0.00496,51.0142,4.064940323902019
1230.0,3.47842,1.1885,48.1761,3.941282,,4577.0,-0.6715,0.00517,53.1223,3.930682761999856
1231.0,3.47842,1.18949,48.216,3.941592,,4577.0,-0.6715,0.00522,53.6374,4.045926383754284
1232.0,3.47842,1.19047,48.2556,3.941902,,4577.0,-1.35231,0.00522,53.6374,3.9194987433371304
1233.0,3.47842,1.19145,48.2955,3.942212,,4578.0,-1.35045,0.0056,57.5722,3.8508683625183653
1234.0,3.48028,1.19244,48.3355,3.942522,,4579.0,-1.35045,0.00598,61.5017,3.917533912009383
1235.0,3.47842,1.19341,48.375,3.942832,,4580.0,-1.34859,0.00637,65.4312,3.9393182160065234
1236.0,3.48214,1.1944,48.415,3.943142,,4581.0,-1.35045,0.00675,69.366,4.208963157175327
1237.0,3.47284,1.19539,48.4553,3.943452,,4582.0,-1.34859,0.00713,73.2955,3.97553977575555
1238.0,3.47656,1.19638,48.4953,3.943452,,4583.0,-1.34859,0.00751,77.2249,3.9290540930099285
1239.0,3.47656,1.19737,48.5356,3.944072,,4584.0,-1.34859,0.0079,81.1544,3.9973633211836264
1240.0,3.47842,1.19835,48.5752,3.944382,,4585.0,-1.34859,0.00828,85.0467,3.9390569810272895
1241.0,3.47842,1.19934,48.6151,3.944382,,4586.0,-1.35231,0.00866,89.0187,4.0851403931642505
1242.0,3.47656,1.20028,48.6535,3.945003,,4587.0,-1.34859,0.00904,92.9057,3.9386719124865417
1243.0,3.47842,1.20134,48.6962,3.945313,,4588.0,-1.34859,0.00944,97.0317,3.8728396127929825
1244.0,3.47842,1.20235,48.7373,3.945622,,4589.0,-1.35045,0.00973,100.0,3.840375418956715
1245.0,3.47656,1.20335,48.7777,3.946243,,4589.0,-1.35045,0.00973,100.0,3.943605256307111
1246.0,3.47842,1.20434,48.818,3.946243,,,,,,
1247.0,3.47842,1.20525,48.8548,3.946553,,4589.0,0.68266,0.0,0.0,4.074279296726264
1248.0,3.47842,1.20632,48.8983,3.947173,,4590.0,0.67336,0.00021,14.1927,4.106025607901789
1249.0,3.484,1.20731,48.9382,3.947173,,4591.0,0.6715,0.00041,26.9455,3.9434494467289465
1250.0,3.48214,1.20822,48.975,3.947483,,4592.0,0.67522,0.0006,39.664,4.201534244196927
1252.0,3.48214,1.2093,49.0189,3.947793,,4593.0,0.67336,0.00079,52.1769,4.230351773553489
1253.0,3.47842,1.2102,49.0557,3.948103,,4594.0,0.66964,0.00098,65.204,4.230298101167578
1254.0,3.48028,1.21119,49.0957,3.948723,,4595.0,0.6715,0.00117,77.5797,4.096785907319003
1255.0,3.47656,1.21217,49.1352,3.948723,,4596.0,0.6715,0.00135,89.5783,4.108472179561891
1256.0,3.4747,1.21327,49.1799,3.949343,,4597.0,0.67522,0.00151,100.0,4.108607114025876
1257.0,3.484,1.21423,49.219,3.949343,,4597.0,0.0,0.00151,100.0,4.155120260900092
1258.0,3.47656,1.21522,49.259,3.949963,,4598.0,0.0,0.00151,100.0,4.050175693963122
1259.0,3.47842,1.21623,49.3001,3.949963,,4599.0,0.0,0.00151,100.0,4.000148557735151
1260.0,3.48028,1.21715,49.3373,3.950583,,4600.0,0.0,0.00151,100.0,4.07859714046803
1261.0,3.47656,1.21813,49.3769,3.951203,,4601.0,0.0,0.00151,100.0,4.112797819886668
1262.0,3.47656,1.2191,49.4164,3.951513,,4602.0,0.0,0.00151,100.0,4.096154382912914
1263.0,3.47842,1.2201,49.4568,3.951513,,4603.0,0.0,0.00151,100.0,4.112018453455662
1264.0,3.484,1.22106,49.4956,3.951823,,4604.0,0.0,0.00151,100.0,4.083464848340736
1265.0,3.47656,1.22204,49.5356,3.952133,,4605.0,0.0,0.00151,100.0,3.9510248841493842
1266.0,3.47842,1.22305,49.5763,3.952443,,4607.0,0.0,0.00151,100.0,4.092997743723102
1267.0,3.47842,1.22404,49.6166,3.952753,,4608.0,0.0,0.00151,100.0,4.124523831753195
1268.0,3.48214,1.22504,49.657,3.953373,,4609.0,0.0,0.00151,100.0,3.953404215578609
1269.0,3.47656,1.22601,49.6965,3.953683,,4610.0,0.0,0.00151,100.0,4.03744670675028
1270.0,3.47842,1.227,49.7364,3.953993,,4611.0,0.0,0.00151,100.0,4.131182291020706
1271.0,3.47842,1.22798,49.7764,3.954303,,4612.0,0.0,0.00151,100.0,4.165565425693691
1272.0,3.47842,1.22897,49.8163,3.954613,,4613.0,0.0,0.00151,100.0,4.021689435134243
1273.0,3.48028,1.22994,49.8555,3.955233,,4613.0,0.0,0.00151,100.0,4.156622975638761
1274.0,3.48028,1.23092,49.8955,3.955543,,4613.0,0.0,0.00151,100.0,4.207443225456231
1275.0,3.47842,1.23192,49.9358,3.955853,,,,,,
1276.0,3.48586,1.23292,49.9766,3.956473,,4613.0,-0.66964,0.0,0.0,4.1235221711525085
1277.0,3.47842,1.23391,50.0165,3.956473,,4614.0,-0.6715,0.00019,0.914,3.8802382126297905
1278.0,3.47842,1.23489,50.0565,3.956783,,4615.0,-0.6715,0.00038,1.833,3.923857730655114
1279.0,3.47842,1.23602,50.1019,3.957093,,4616.0,-0.6715,0.00059,2.8218,3.831964837290889
1280.0,3.47656,1.23703,50.1431,3.957403,,4617.0,-0.6715,0.00077,3.7209,4.042049706828974
1281.0,3.48028,1.23802,50.183,3.958023,,4618.0,-0.6715,0.00096,4.6274,3.991638645782967
1282.0,3.48028,1.23899,50.2226,3.958333,,4619.0,-0.6715,0.00115,5.5464,4.14900880746527
1283.0,3.47842,1.23998,50.2625,3.958643,,4620.0,-0.6715,0.00134,6.4629,4.024663317050794
1284.0,3.47842,1.24096,50.3025,3.958643,,4621.0,-0.6715,0.00154,7.4069,4.0459756247557985
1285.0,3.47842,1.24195,50.3424,3.959263,,4622.0,-0.6715,0.00171,8.2611,4.0202834263836404
1286.0,3.47842,1.24293,50.3824,3.959574,,4623.0,-0.6715,0.0019,9.1776,3.7903276842841787
1287.0,3.47842,1.24402,50.4263,3.959883,,4624.0,-0.6715,0.00211,10.1763,4.099217953024613
1289.0,3.47656,1.24504,50.4678,3.960193,,4625.0,-0.6715,0.0023,11.1028,3.9562040743405142
1290.0,3.47842,1.246,50.5065,3.960814,,4626.0,-0.6715,0.00249,12.0094,3.9720489251146307
1291.0,3.47656,1.24705,50.5492,3.961123,,4627.0,-0.6715,0.00268,12.9284,3.958474965494745
1292.0,3.47656,1.24798,50.5868,3.961434,,4628.0,-0.6715,0.00287,13.8524,4.099373702468373
1293.0,3.48214,1.24896,50.6268,3.961744,,4629.0,-0.6715,0.00307,14.7788,3.928025741986362
1294.0,3.48586,1.24995,50.6668,3.961744,,4630.0,-0.6715,0.00325,15.653,4.066444868966589
1295.0,3.48214,1.25094,50.7067,3.962363,,4632.0,-0.6715,0.00346,16.6592,4.031186487210709
1296.0,3.47842,1.25191,50.7463,3.962674,,4633.0,-0.6715,0.00365,17.5757,4.020145245065405
1297.0,3.47842,1.25294,50.7878,3.962984,,4634.0,-0.67336,0.00384,18.4947,4.230662890456784
1298.0,3.4747,1.25391,50.8274,3.963604,,4635.0,-0.6715,0.00403,19.4112,3.9360279504562508
1299.0,3.47656,1.25496,50.87,3.963914,,4636.0,-0.6715,0.00422,20.3452,4.023941836772659
1300.0,3.47842,1.25598,50.9112,3.963914,,4637.0,-0.6715,0.00439,21.182,4.0618859589326055
1301.0,3.47842,1.25697,50.9515,3.964224,,4638.0,-0.6715,0.00459,22.1085,4.139354322161928
1302.0,3.47842,1.25794,50.9907,3.964534,,4639.0,-0.6715,0.00478,23.025,3.972503324794732
1303.0,3.48028,1.25894,51.031,3.965154,,4640.0,-0.6715,0.00496,23.9241,3.960363825776312
1304.0,3.47842,1.25992,51.0709,3.965464,,4641.0,-0.6715,0.00515,24.8331,4.044258379266842
1305.0,3.47842,1.26091,51.1109,3.965774,,4642.0,-0.6715,0.00534,25.7497,4.2535030351453615
1306.0,3.48028,1.26188,51.1505,3.966394,,4643.0,-0.6715,0.00553,26.6662,4.1281627213267456
1307.0,3.48028,1.26287,51.1904,3.966704,,4644.0,-0.6715,0.00572,27.5852,4.103519527589242
1308.0,3.47656,1.26381,51.2284,3.966704,,4645.0,-0.6715,0.00592,28.5117,4.056304256025227
1309.0,3.47842,1.26479,51.2684,3.967324,,4646.0,-0.6715,0.00611,29.4282,3.9624981426692827
1310.0,3.48214,1.26577,51.3079,3.967634,,4647.0,-0.6715,0.0063,30.3447,3.9318637374369088
1311.0,3.47842,1.26675,51.3478,3.967944,,4648.0,-0.6715,0.00649,31.2612,4.001345719180405
1312.0,3.47842,1.26775,51.3882,3.968254,,4649.0,-0.6715,0.00668,32.1802,3.9785934496923074
1313.0,3.48028,1.26872,51.4278,3.968564,,4650.0,-0.6715,0.00687,33.0967,3.966063142690743
1314.0,3.48214,1.26982,51.472,3.968874,,4651.0,-0.6715,0.00706,34.0132,3.9589288852136613
1315.0,3.47656,1.27083,51.5131,3.969184,,4652.0,-0.6715,0.00725,34.9323,4.079472142757209
1316.0,3.47842,1.27182,51.5531,3.969804,,4653.0,-0.6715,0.00744,35.8388,3.9773723412730337
1317.0,3.47842,1.2728,51.593,3.970114,,4654.0,-0.6715,0.00763,36.7553,3.918900559594861
1318.0,3.47842,1.27378,51.6326,3.970114,,4655.0,-0.6715,0.00782,37.6743,4.060544858503358
1319.0,3.484,1.27476,51.6725,3.970424,,4656.0,-0.6715,0.00802,38.6531,4.014740744984435
1320.0,3.48028,1.27575,51.7125,3.970734,,4657.0,-0.6715,0.0082,39.5173,4.073932943106568
1321.0,3.4747,1.27673,51.7525,3.971664,,4658.0,-0.6715,0.00839,40.4513,4.033712009468904
1322.0,3.47656,1.27771,51.792,3.971664,,4659.0,-0.6715,0.00858,41.3703,3.9712461621525503
1323.0,3.48028,1.27869,51.8319,3.971974,,4660.0,-0.6715,0.00878,42.3316,3.947566704336294
1324.0,3.47842,1.27968,51.8719,3.972284,,4661.0,-0.6715,0.00897,43.2482,3.899370223768898
1325.0,3.47842,1.28066,51.9114,3.972904,,4662.0,-0.6715,0.00916,44.1672,3.8467672617403927
1326.0,3.47842,1.28165,51.9518,3.972904,,4663.0,-0.6715,0.00935,45.0837,4.034944199476859
1327.0,3.48214,1.28265,51.9922,3.973524,,4664.0,-0.6715,0.00954,45.9927,3.9003660218793463
1329.0,3.47656,1.28366,52.0333,3.973524,,4665.0,-0.6715,0.00973,46.8918,4.066025099873765
1330.0,3.47842,1.2846,52.0713,3.974144,,4666.0,-0.6715,0.00992,47.8083,4.065445794614698
1331.0,3.47842,1.28557,52.1108,3.974764,,4667.0,-0.6715,0.01011,48.7174,3.983703436989031
1332.0,3.48028,1.28656,52.1508,3.975074,,4668.0,-0.6715,0.0103,49.6339,4.055190639642447
1333.0,3.47842,1.28755,52.1907,3.975384,,4669.0,-0.6715,0.01049,50.5504,3.9735217159692997
1334.0,3.47842,1.28854,52.2311,3.975694,,4670.0,-0.6715,0.01069,51.5118,3.9162187383679656
1335.0,3.47656,1.28952,52.2706,3.976315,,4671.0,-0.6715,0.01086,52.3486,4.092708518765308
1336.0,3.47842,1.29051,52.3109,3.976624,,4672.0,-0.6715,0.01107,53.3747,4.0892876633898325
1337.0,3.47842,1.29156,52.3533,3.976934,,4673.0,-0.6715,0.01126,54.2912,4.0077114419029245
1338.0,3.47842,1.29254,52.3932,3.977245,,4674.0,-0.6715,0.01145,55.1828,4.110004832099495
1339.0,3.47656,1.29353,52.4332,3.977555,,4675.0,-0.6715,0.01164,56.0993,4.206714921079195
1340.0,3.47842,1.29451,52.4731,3.977865,,4676.0,-0.6715,0.01183,57.0158,4.001912087850991
1341.0,3.47656,1.2955,52.5131,3.978175,,4678.0,-0.6715,0.01202,57.9348,4.0178108589776516
1342.0,3.47656,1.29647,52.5526,3.978485,,4679.0,-0.6715,0.01221,58.8613,4.035933511363572
1343.0,3.47656,1.29746,52.5926,3.978795,,4680.0,-0.6715,0.01243,59.9049,3.9220827446158006
1344.0,3.47842,1.29845,52.6325,3.979105,,4681.0,-0.6715,0.01261,60.7591,3.9358191298473795
1345.0,3.47656,1.29942,52.6721,3.979415,,4682.0,-0.6715,0.0128,61.6756,4.099320445179438
1346.0,3.47842,1.30041,52.712,3.979725,,4683.0,-0.6715,0.01299,62.5922,4.073177593348015
1347.0,3.47842,1.30131,52.7485,3.980035,,4684.0,-0.6715,0.01318,63.5112,4.047209772798732
1348.0,3.47842,1.30241,52.7931,3.980655,,4685.0,-0.6715,0.01337,64.4277,4.045908176125743
1349.0,3.47842,1.30341,52.8338,3.980965,,4686.0,-0.6715,0.01356,65.3442,3.940791515614673
1350.0,3.47656,1.30439,52.8734,3.981275,,4687.0,-0.6715,0.01375,66.2707,4.003591670300722
1351.0,3.47842,1.30535,52.9126,3.981585,,4688.0,-0.6715,0.01394,67.1872,3.8450291567948858
1352.0,3.47656,1.30633,52.9521,3.981895,,4689.0,-0.6715,0.01413,68.0888,3.942706617618143
1353.0,3.47656,1.30731,52.9921,3.982205,,4690.0,-0.6715,0.01433,69.085,4.123423162954846
1354.0,3.48214,1.3083,53.032,3.982825,,4691.0,-0.6715,0.01452,70.0015,3.927164283242888
1355.0,3.47656,1.30923,53.0696,3.982825,,4692.0,-0.6715,0.01472,70.9379,4.037922335239769
1356.0,3.48028,1.3103,53.1131,3.983135,,4693.0,-0.6715,0.01491,71.8819,4.107396931150872
1357.0,3.47842,1.31129,53.153,3.983755,,4694.0,-0.6715,0.0151,72.7984,4.029043318917878
1358.0,3.47656,1.31227,53.193,3.984065,,4695.0,-0.6715,0.01528,73.6701,4.095003792047919
1359.0,3.47656,1.31326,53.2329,3.984375,,4696.0,-0.6715,0.01549,74.6513,4.202199744337044
1360.0,3.47842,1.31424,53.2729,3.984685,,4697.0,-0.6715,0.01567,75.533,4.059555592670293
1361.0,3.47656,1.31523,53.3128,3.984995,,4698.0,-0.6715,0.01588,76.5566,3.9469315213482665
1362.0,3.47842,1.31621,53.3528,3.985305,,4699.0,-0.6715,0.01607,77.4656,3.9353763706773
1363.0,3.47842,1.3172,53.3927,3.985925,,4700.0,-0.6715,0.01625,78.3473,3.8919726282490563
1364.0,3.47842,1.31818,53.4323,3.985925,,4700.0,-1.35045,0.01625,78.3473,3.9338639929042802
1365.0,3.47842,1.31917,53.4727,3.986545,,4701.0,-1.35045,0.01663,80.1355,3.737725990611983
1366.0,3.47656,1.32016,53.5126,3.986855,,4702.0,-1.35045,0.01703,82.1055,3.8698700701557245
1367.0,3.47842,1.32114,53.5526,3.987165,,4703.0,-1.35045,0.01742,83.9485,3.855843140106269
1368.0,3.48028,1.32212,53.5921,3.987475,,4704.0,-1.35045,0.0178,85.794,3.942814235444913
1369.0,3.47842,1.3231,53.6321,3.987785,,4705.0,-1.35045,0.01818,87.637,3.8094967168805822
1370.0,3.47656,1.32418,53.6756,3.988095,,4706.0,-1.35045,0.01856,89.48,4.149118451808427
1371.0,3.47842,1.3251,53.7132,3.988715,,4707.0,-1.35045,0.01895,91.3429,3.803367730076703
1373.0,3.47842,1.3261,53.7535,3.988715,,4708.0,-1.35045,0.01934,93.2058,4.0349905856081225
1374.0,3.47656,1.32709,53.7934,3.989335,,4709.0,-1.34859,0.01972,95.0488,3.91252317143913
1375.0,3.48028,1.32807,53.8334,3.989645,,4710.0,-1.35045,0.02011,96.9466,4.018852401207619
1376.0,3.48214,1.32907,53.8737,3.989955,,4711.0,-1.35045,0.02051,98.8444,3.963441938880213
1377.0,3.48028,1.33005,53.9137,3.990265,,4712.0,-1.34859,0.02075,100.0,4.1630780589474465
1378.0,3.47656,1.33104,53.9536,3.990575,,4712.0,-1.34859,0.02075,100.0,4.046070377029715
1379.0,3.47842,1.33202,53.9936,3.991195,,,,,,
1380.0,3.47842,1.33304,54.0347,3.991505,,4712.0,0.6808,0.0,0.0,3.972940559378554
1381.0,3.48028,1.33402,54.0747,3.991816,,4713.0,0.67894,0.00023,14.9623,4.158803411471942
1382.0,3.484,1.33511,54.1189,3.992126,,4714.0,0.67708,0.00041,27.1791,4.170702023292815
1383.0,3.48214,1.33603,54.1562,3.992435,,4715.0,0.66778,0.0006,39.8421,4.0859092466978435
1384.0,3.47656,1.33702,54.1961,3.992746,,4716.0,0.66964,0.00081,53.6376,3.970622130843475
1385.0,3.47656,1.338,54.2361,3.993056,,4717.0,0.67708,0.001,66.3693,4.093055007015036
1386.0,3.48028,1.33899,54.276,3.993676,,4719.0,0.66778,0.00119,79.3068,3.9627567485653303
1387.0,3.48028,1.34006,54.3195,3.993986,,4720.0,0.67894,0.00139,92.0041,4.168460024925048
1388.0,3.48028,1.34108,54.3606,3.994296,,4720.0,0.6715,0.00151,100.0,3.8914800026007828
1389.0,3.47656,1.34205,54.4002,3.994296,,4720.0,0.0,0.00151,100.0,4.051580120531104
1390.0,3.47842,1.34304,54.4402,3.994916,,4721.0,0.0,0.00151,100.0,4.170021494747007
1391.0,3.47656,1.34396,54.4774,3.995226,,4722.0,0.0,0.00151,100.0,4.162802233825559
1392.0,3.47842,1.34497,54.5185,3.995536,,4724.0,0.0,0.00151,100.0,4.193086474437211
1393.0,3.47656,1.34596,54.5585,3.996466,,4725.0,0.0,0.00151,100.0,4.132279106933888
1394.0,3.47842,1.34697,54.5996,3.996776,,4726.0,0.0,0.00151,100.0,4.101079421879869
1395.0,3.47656,1.348,54.6411,3.997086,,4727.0,0.0,0.00151,100.0,4.0736755098155575
1396.0,3.47842,1.349,54.6818,3.997396,,4728.0,0.0,0.00151,100.0,4.122304028730804
1397.0,3.48028,1.34998,54.7214,3.997706,,4729.0,0.0,0.00151,100.0,3.908146558993795
1398.0,3.47842,1.35096,54.7613,3.998016,,4730.0,0.0,0.00151,100.0,4.0908453397348685
1399.0,3.48028,1.35197,54.8021,3.998636,,4731.0,0.0,0.00151,100.0,3.8896328327350593
1400.0,3.47842,1.35297,54.8428,3.998946,,4732.0,0.0,0.00151,100.0,3.944400943435981
1401.0,3.47656,1.35398,54.8835,3.999256,,4733.0,0.0,0.00151,100.0,4.01467570300273
1402.0,3.47842,1.35493,54.9223,3.999566,,4734.0,0.0,0.00151,100.0,4.058765615601225
1403.0,3.47656,1.35592,54.9623,3.999876,,4735.0,0.0,0.00151,100.0,4.037975608696214
1404.0,3.47842,1.3569,55.0018,4.000186,,4736.0,0.0,0.00151,100.0,4.176335902291865
1405.0,3.4747,1.35788,55.0417,4.000496,,4736.0,0.0,0.00151,100.0,4.220599944526281
1406.0,3.48028,1.35887,55.0817,4.000806,,4736.0,0.0,0.00151,100.0,4.010504001897744
1407.0,3.47842,1.35985,55.1217,4.001116,,,,,,
1408.0,3.47656,1.36083,55.1612,4.001426,,4736.0,-0.66964,0.0,0.0,3.9346092439502716
1409.0,3.48214,1.36182,55.2016,4.001736,,4737.0,-0.6715,0.00019,0.4579,3.9692640398171024
1410.0,3.48214,1.36281,55.2415,4.002356,,4738.0,-0.6715,0.00038,0.9333,4.031890503017643
1411.0,3.47842,1.36379,55.2811,4.002666,,4739.0,-0.6715,0.00058,1.4038,4.088958942904367
1413.0,3.47284,1.36477,55.321,4.002976,,4740.0,-0.6715,0.00077,1.8617,4.05914885660971
1414.0,3.48214,1.36575,55.3606,4.003286,,4741.0,-0.6715,0.00096,2.3284,3.969872077178879
1415.0,3.47284,1.36672,55.4002,4.003596,,4742.0,-0.6715,0.00115,2.7938,4.086757731806678
1416.0,3.48028,1.36776,55.4421,4.003906,,4743.0,-0.6715,0.00134,3.2517,4.015023708862053
1417.0,3.48028,1.36874,55.482,4.004526,,4744.0,-0.6715,0.00153,3.7096,3.910057384975041
1418.0,3.4747,1.36975,55.5227,4.004836,,4746.0,-0.6715,0.00172,4.1712,4.030079105512264
1419.0,3.47656,1.37071,55.5619,4.005147,,4747.0,-0.6715,0.00191,4.6379,4.221028106110057
1420.0,3.47842,1.37171,55.6022,4.005456,,4748.0,-0.6715,0.00212,5.1359,4.111748762506702
1421.0,3.4747,1.37271,55.6429,4.005766,,4749.0,-0.6715,0.00231,5.5976,3.9236964037144237
1422.0,3.47842,1.37363,55.6801,4.006386,,4750.0,-0.6715,0.0025,6.0643,4.056753777038824
1423.0,3.47842,1.37462,55.7201,4.006696,,4751.0,-0.6715,0.0027,6.5485,4.1090023683567525
1424.0,3.47656,1.3756,55.76,4.007007,,4752.0,-0.6715,0.00288,6.9876,4.091218460261005
1425.0,3.47842,1.37659,55.8,4.007317,,4753.0,-0.6715,0.00307,7.4542,3.9087788466121327
1426.0,3.484,1.37757,55.84,4.007627,,4754.0,-0.6715,0.00326,7.9159,3.9624690371096887
1427.0,3.48214,1.37856,55.8799,4.007936,,4755.0,-0.6715,0.00345,8.3876,3.879712886152326
1428.0,3.47842,1.37953,55.9195,4.008556,,4756.0,-0.6715,0.00365,8.863,4.042619047945214
1429.0,3.48214,1.38052,55.9594,4.008867,,4757.0,-0.6715,0.00384,9.3297,4.080711754745189
1430.0,3.47842,1.38152,55.9998,4.008867,,4758.0,-0.6715,0.00403,9.7964,4.208200910356564
1431.0,3.47842,1.38249,56.0394,4.009487,,4759.0,-0.6715,0.00424,10.2944,4.01619137455736
1432.0,3.47842,1.38348,56.0793,4.009797,,4760.0,-0.6715,0.00444,10.7749,3.9160087320033816
1433.0,3.48028,1.38446,56.1193,4.010107,,4761.0,-0.6715,0.00462,11.2278,3.8648739581938454
1434.0,3.48214,1.38545,56.1592,4.010726,,4762.0,-0.6715,0.00481,11.6894,4.127689227159641
1435.0,3.48586,1.38643,56.1992,4.010726,,4763.0,-0.6715,0.005,12.1511,4.09504427826646
1436.0,3.48586,1.38744,56.2399,4.011037,,4764.0,-0.6715,0.00519,12.6002,4.052956347020292
1437.0,3.47656,1.38843,56.2799,4.011657,,4765.0,-0.6715,0.00538,13.0619,4.045262093498765
1438.0,3.484,1.3894,56.3195,4.011657,,4766.0,-0.67336,0.00557,13.5235,4.059608100307938
1439.0,3.47656,1.39039,56.3594,4.012277,,4767.0,-0.6715,0.00576,13.9902,3.9100560414768237
1440.0,3.48586,1.39138,56.3998,4.012587,,4768.0,-0.6715,0.00595,14.4531,4.006905280439573
1441.0,3.48028,1.39237,56.4397,4.012897,,4769.0,-0.6715,0.00616,14.9461,4.0562247457982705
1442.0,3.48214,1.39335,56.4797,4.013207,,4770.0,-0.6715,0.00633,15.3714,3.9457184901846993
1443.0,3.48028,1.39433,56.5192,4.013517,,4771.0,-0.6715,0.00652,15.8343,4.083044505293346
1444.0,3.48586,1.39532,56.5592,4.014137,,4771.0,-5.39993,0.00652,15.8343,3.862011118645956
1445.0,3.48586,1.39631,56.5996,4.014447,,4772.0,-5.40365,0.00819,19.8788,3.792975270717699
1446.0,3.47842,1.3973,56.6396,4.014757,,4773.0,-5.40737,0.00969,23.5244,3.7148964330429415
1447.0,3.48028,1.39829,56.6799,4.015067,,4774.0,-5.40737,0.01124,27.2791,3.8898455050283967
1448.0,3.48028,1.3994,56.7246,4.015377,,4775.0,-5.40551,0.01277,30.9987,3.730956236078291
1449.0,3.47098,1.40037,56.7641,4.015377,,4776.0,-5.40365,0.0143,34.717,3.5559180587396257
1450.0,3.48586,1.4013,56.8017,4.016307,,4777.0,-5.40737,0.01579,38.3275,3.672959464263766
1451.0,3.47656,1.4023,56.8424,4.016617,,4779.0,-5.40923,0.01745,42.3745,3.924760984211585
1452.0,3.47656,1.40329,56.8824,4.016927,,4779.0,-5.40737,0.01861,45.1821,3.520248650487507
1453.0,3.47656,1.40428,56.9223,4.017237,,4779.0,-3.37612,0.01861,45.1821,3.67449551105711
1454.0,3.47098,1.40526,56.9623,4.017237,,4780.0,-3.37798,0.0196,47.5757,3.926682863260402
1455.0,3.4747,1.40627,57.003,4.018167,,4781.0,-3.37798,0.02054,49.8764,3.8724763039730377
1456.0,3.47842,1.40726,57.0434,4.018477,,4782.0,-3.37984,0.0215,52.1998,3.7630066829074607
1458.0,3.47656,1.40825,57.0833,4.018787,,4783.0,-3.37798,0.02251,54.6598,3.836687020003914
1459.0,3.47656,1.40937,57.1288,4.019097,,4784.0,-3.37798,0.02347,56.9844,4.0331765386412135
1460.0,3.48214,1.41037,57.1695,4.019407,,4786.0,-3.37984,0.02444,59.3316,3.894223991506662
1461.0,3.47656,1.41136,57.2095,4.020027,,4787.0,-3.37984,0.02539,61.6562,3.8332346441992775
1462.0,3.48214,1.41233,57.249,4.020337,,4788.0,-3.37798,0.02636,64.0021,3.737334688547233
1463.0,3.47842,1.41333,57.2894,4.020648,,4789.0,-3.37612,0.02732,66.3267,3.795044169843165
1464.0,3.47842,1.41432,57.3293,4.020957,,4790.0,-3.37984,0.02828,68.6726,3.9408598449788417
1465.0,3.47842,1.4153,57.3693,4.021267,,4791.0,-3.37798,0.02935,71.2707,3.9380915281329796
1466.0,3.47842,1.41628,57.4088,4.021577,,4792.0,-3.37984,0.03029,73.5489,3.932583337556011
1467.0,3.47842,1.41726,57.4488,4.022197,,4793.0,-3.37612,0.0312,75.7593,3.85637300437865
1468.0,3.47842,1.41824,57.4883,4.022508,,4794.0,-3.37984,0.03216,78.0826,3.868207330471718
1469.0,3.47656,1.41921,57.5279,4.022818,,4795.0,-3.37984,0.03326,80.7484,3.7615988668857354
1470.0,3.47656,1.4202,57.5678,4.023128,,4796.0,-3.37612,0.03424,83.1408,3.8323692939465075
1471.0,3.47656,1.42115,57.6062,4.023438,,4797.0,-3.38356,0.03519,85.4428,3.795790319016118
1472.0,3.47842,1.42217,57.6477,4.024057,,4798.0,-3.37426,0.03616,87.7874,3.7097911599611457
1473.0,3.47656,1.42315,57.6873,4.024367,,4799.0,-3.37612,0.03705,89.9527,3.895304904231435
1474.0,3.48028,1.42413,57.7273,4.024367,,4800.0,-3.37798,0.03802,92.2999,3.7930911608167333
1475.0,3.48028,1.42512,57.7672,4.024678,,4801.0,-3.38542,0.039,94.6909,3.7544030605175145
1476.0,3.47842,1.4261,57.8072,4.025298,,4802.0,-3.37798,0.03995,96.993,3.9057371291798844
1477.0,3.48028,1.42709,57.8471,4.025608,,4803.0,-3.37798,0.04091,99.3163,3.9541919110383787
1478.0,3.47842,1.42808,57.8871,4.025918,,4803.0,-3.37612,0.04119,100.0,3.894404716971997
1479.0,3.47842,1.42903,57.9258,4.026227,,4803.0,-3.37612,0.04119,100.0,3.7619134557202174
1480.0,3.47842,1.43003,57.9662,4.026848,,,,,,
1481.0,3.47656,1.43101,58.0061,4.026848,,4803.0,1.34487,0.0,0.0,4.115962355711844
1482.0,3.48028,1.432,58.0461,4.027158,,4804.0,1.34859,0.00037,12.2646,3.8972954541647677
1483.0,3.47842,1.43298,58.086,4.027468,,4805.0,1.35045,0.00078,26.1876,3.8358433410905386
1484.0,3.48214,1.43397,58.126,4.027778,,4806.0,1.35045,0.00116,38.7113,4.039042839130006
1485.0,3.47656,1.43494,58.1655,4.028398,,4808.0,1.35045,0.00155,51.8742,3.905268767155813
1486.0,3.47842,1.43593,58.2055,4.028708,,4809.0,1.35045,0.00193,64.6744,4.082576761746232
1487.0,3.47656,1.43691,58.2451,4.029018,,4810.0,1.34859,0.00231,77.0772,3.945785756769154
1488.0,3.4747,1.4379,58.2854,4.029328,,4811.0,1.34859,0.0027,90.361,3.9928369403509723
1489.0,3.47842,1.43889,58.3253,4.029638,,4811.0,1.35045,0.00299,100.0,3.989945857911319
1490.0,3.48028,1.43986,58.3649,4.030258,,4811.0,1.35045,0.00299,100.0,3.9622338365099288
1491.0,3.48028,1.44088,58.406,4.030568,,,,,,
1492.0,3.48214,1.44185,58.4456,4.030878,,4811.0,-1.35231,0.0,0.0,4.2397618287733465
1493.0,3.47842,1.44285,58.4859,4.031188,,4812.0,-1.34859,0.00041,3.3688,3.9695377114494415
1494.0,3.47656,1.44383,58.5259,4.031498,,4813.0,-1.35045,0.00076,6.3256,3.8811984718240793
1495.0,3.47656,1.44484,58.5666,4.031808,,4814.0,-1.34859,0.00114,9.5056,3.7616329646833244
1496.0,3.4747,1.44582,58.6066,4.032118,,4816.0,-1.35045,0.00154,12.7757,3.8574334343772985
1497.0,3.48028,1.44693,58.6512,4.032428,,4817.0,-1.34859,0.00192,15.9514,3.943331826625843
1499.0,3.48028,1.44788,58.69,4.032738,,4818.0,-1.34673,0.0023,19.1271,3.8139622278796264
1500.0,3.47842,1.44887,58.73,4.033358,,4819.0,-1.35045,0.0027,22.4315,3.7905300409014338
1501.0,3.48028,1.44985,58.7695,4.033668,,4820.0,-1.35045,0.00308,25.5429,3.864983828084513
1502.0,3.47842,1.45089,58.8118,4.033978,,4821.0,-1.34859,0.0035,29.0318,4.027938976500184
1503.0,3.47842,1.45184,58.8502,4.034288,,4822.0,-1.35231,0.00388,32.2376,4.034127740180372
1504.0,3.47842,1.45282,58.8901,4.034598,,4823.0,-1.34859,0.00427,35.4776,4.058213277593933
1505.0,3.47842,1.4538,58.9297,4.034908,,4824.0,-1.34859,0.00464,38.5632,4.0934175171965315
1506.0,3.47656,1.45475,58.9685,4.035218,,4825.0,-1.35231,0.00505,41.9535,3.9621159127768557
1507.0,3.48028,1.45575,59.0088,4.035528,,4826.0,-1.34859,0.00542,44.9747,3.9840247739288537
1508.0,3.47842,1.45675,59.0495,4.035838,,4827.0,-1.35045,0.00582,48.3349,3.9617911672972403
1509.0,3.47842,1.45774,59.0895,4.036149,,4828.0,-1.35045,0.0062,51.4806,3.8338180741705497
1510.0,3.47842,1.45872,59.1294,4.036768,,4829.0,-1.34859,0.00658,54.6906,3.839655828084491
1511.0,3.47842,1.4597,59.169,4.037078,,4830.0,-1.35231,0.00695,57.7118,4.13738532743668
1512.0,3.47656,1.4607,59.2093,4.037388,,4831.0,-1.34859,0.00734,60.9518,4.088944616691086
1513.0,3.47656,1.46168,59.2493,4.037388,,4832.0,-1.35045,0.00771,64.0632,3.9537290417534803
1514.0,3.48028,1.46268,59.2896,4.037698,,4833.0,-1.34673,0.00813,67.5521,3.8871692692065367
1515.0,3.47842,1.46374,59.3327,4.038319,,4834.0,-1.34859,0.00852,70.7278,3.952804454181796
1516.0,3.47842,1.46475,59.3738,4.038629,,4835.0,-1.35045,0.0089,73.9336,3.7973876782227727
1517.0,3.48028,1.46569,59.4118,4.038939,,4836.0,-1.35045,0.00929,77.1436,3.748724651632583
1518.0,3.47842,1.46675,59.4549,4.039558,,4837.0,-1.34859,0.00966,80.2549,3.9385655130389345
1519.0,3.47656,1.46774,59.4949,4.039868,,4838.0,-1.34673,0.01002,83.216,4.017834671079928
1520.0,3.47656,1.46872,59.5348,4.040179,,4839.0,-1.34859,0.01043,86.6406,3.947633767202087
1521.0,3.47842,1.46963,59.5716,4.040799,,4840.0,-1.35045,0.01081,89.7562,4.03431746687425
1522.0,3.47656,1.47068,59.6139,4.041109,,4841.0,-1.34859,0.01126,93.5242,4.003163796470856
1523.0,3.47656,1.47167,59.6543,4.041419,,4842.0,-1.35045,0.01161,96.4209,3.68961391994764
1524.0,3.47842,1.47267,59.6946,4.041728,,4843.0,-1.34859,0.01199,99.5966,4.03060796671427
1525.0,3.47842,1.4736,59.7326,4.042039,,4843.0,-1.35045,0.01204,100.0,3.871264657273106
1526.0,3.47842,1.47461,59.7733,4.042349,,4843.0,-1.35045,0.01204,100.0,4.019708091255702
1527.0,3.48028,1.47558,59.8129,4.042659,,,,,,
1528.0,3.47842,1.47656,59.8525,4.042969,,4843.0,2.70275,0.0,0.0,4.16302710569557
1529.0,3.47656,1.47755,59.8924,4.043589,,4845.0,2.70275,0.0008,13.3634,4.196324135165706
1530.0,3.48028,1.4786,59.9351,4.043899,,4846.0,2.70275,0.00152,25.4686,4.040288623156488
1531.0,3.47656,1.47959,59.975,4.044209,,4847.0,2.70461,0.00229,38.4589,4.038192713610589
1532.0,3.48214,1.48057,60.015,4.044519,,4848.0,2.70461,0.00307,51.5706,4.066423034740473
1533.0,3.47842,1.48155,60.0545,4.044829,,4849.0,2.70275,0.00384,64.5609,4.284806937013815
1534.0,3.47842,1.48253,60.0945,4.045139,,4850.0,2.70275,0.00468,78.5578,4.1144380694611735
1535.0,3.47842,1.48352,60.1344,4.045759,,4851.0,2.70275,0.00538,90.4113,3.9642000717213146
1536.0,3.47656,1.4845,60.1744,4.046069,,4851.0,2.70461,0.00595,100.0,4.198547073904377
1537.0,3.48028,1.48549,60.2144,4.046379,,4851.0,0.0,0.00595,100.0,3.9343119012624577
1538.0,3.48028,1.48645,60.2531,4.046689,,4853.0,0.0,0.00595,100.0,4.000267219882328
1539.0,3.48028,1.48743,60.2931,4.046999,,4854.0,0.0,0.00595,100.0,4.138910951287452
1540.0,3.48028,1.48841,60.3326,4.047309,,4855.0,0.0,0.00595,100.0,4.195996179548704
1541.0,3.47842,1.48943,60.3742,4.047619,,4856.0,0.0,0.00595,100.0,4.014188371940286
1542.0,3.47842,1.49034,60.411,4.047929,,4857.0,0.0,0.00595,100.0,3.935520710096325
1543.0,3.47842,1.49133,60.4509,4.048239,,4858.0,0.0,0.00595,100.0,4.04746772841428
1545.0,3.47842,1.49231,60.4909,4.048549,,4859.0,0.0,0.00595,100.0,4.055484104875857
1546.0,3.47842,1.49329,60.5305,4.048859,,4860.0,0.0,0.00595,100.0,4.012868423243014
1547.0,3.47842,1.49427,60.5704,4.049479,,4861.0,0.0,0.00595,100.0,3.9888559564384694
1548.0,3.48028,1.49526,60.6104,4.049789,,4862.0,0.0,0.00595,100.0,4.07365150603611
1549.0,3.47842,1.49624,60.6503,4.050099,,4863.0,0.0,0.00595,100.0,4.053054349093134
1550.0,3.47842,1.49723,60.6903,4.050409,,4864.0,0.0,0.00595,100.0,4.053264633223826
1551.0,3.47842,1.49822,60.7302,4.050719,,4865.0,0.0,0.00595,100.0,4.0977633977035115
1552.0,3.47656,1.49921,60.7706,4.051029,,4866.0,0.0,0.00595,100.0,3.983050207122969
1553.0,3.47656,1.5002,60.8105,4.051339,,4867.0,0.0,0.00595,100.0,4.053434826819877
1554.0,3.47842,1.50118,60.8505,4.051649,,4868.0,0.0,0.00595,100.0,3.846180248327177
1555.0,3.47842,1.50217,60.8904,4.052269,,4869.0,0.0,0.00595,100.0,4.107953673242759
1556.0,3.47656,1.50315,60.9304,4.052269,,4870.0,0.0,0.00595,100.0,3.951037304639747
1557.0,3.47842,1.50417,60.9715,4.052579,,4871.0,0.0,0.00595,100.0,3.965606646358364
1558.0,3.47842,1.50515,61.0114,4.052889,,4872.0,0.0,0.00595,100.0,4.07878556660673
1559.0,3.47656,1.50615,61.0518,4.053199,,4873.0,0.0,0.00595,100.0,3.9802480837915803
1560.0,3.47842,1.50713,61.0917,4.053509,,4874.0,0.0,0.00595,100.0,4.258345328325844
1561.0,3.48028,1.50813,61.1321,4.05382,,4875.0,0.0,0.00595,100.0,4.093782286559898
1562.0,3.47656,1.50918,61.1747,4.05413,,4876.0,0.0,0.00595,100.0,4.177455648689457
1563.0,3.48028,1.5102,61.2159,4.054749,,4877.0,0.0,0.00595,100.0,4.034803134568608
1564.0,3.48028,1.51118,61.2558,4.055059,,4878.0,0.0,0.00595,100.0,4.052617295128099
1565.0,3.48214,1.51216,61.2954,4.055369,,4879.0,0.0,0.00595,100.0,4.17675628319706
1566.0,3.47842,1.51314,61.3353,4.05568,,4880.0,0.0,0.00595,100.0,3.9826657597155894
1567.0,3.47656,1.51416,61.3765,4.05599,,4882.0,0.0,0.00595,100.0,3.85217341277535
1568.0,3.47656,1.51515,61.4168,4.0563,,4883.0,0.0,0.00595,100.0,3.9138250974084516
1569.0,3.484,1.51613,61.4564,4.05723,,4884.0,0.0,0.00595,100.0,4.0308567314261925
1570.0,3.48028,1.51711,61.496,4.05723,,4885.0,0.0,0.00595,100.0,3.9039331133965045
1571.0,3.47842,1.51806,61.5347,4.057539,,4886.0,0.0,0.00595,100.0,3.99147985148027
1572.0,3.47842,1.51905,61.5747,4.05785,,4887.0,0.0,0.00595,100.0,4.04666231264267
1573.0,3.47842,1.52007,61.6162,4.05816,,4888.0,0.0,0.00595,100.0,4.155472422530138
1574.0,3.47842,1.5211,61.6577,4.05847,,4889.0,0.0,0.00595,100.0,4.153364083019109
1575.0,3.47842,1.52209,61.6981,4.05878,,4890.0,0.0,0.00595,100.0,3.911730373691717
1576.0,3.47842,1.52305,61.7368,4.05909,,4890.0,0.0,0.00595,100.0,4.0322695037754706
1577.0,3.47842,1.52406,61.778,4.05971,,4890.0,0.0,0.00595,100.0,4.121073959082299
1578.0,3.47842,1.52505,61.8179,4.06002,,4892.0,0.0,0.00595,100.0,3.815721545960522
1579.0,3.48772,1.52604,61.8579,4.06002,,4893.0,0.0,0.00595,100.0,4.151126139000755
1580.0,3.47656,1.52701,61.8975,4.06064,,4894.0,0.0,0.00595,100.0,3.9110010165038003
1581.0,3.48028,1.52807,61.9406,4.06126,,4895.0,0.0,0.00595,100.0,3.7218151664506722
1582.0,3.48028,1.52906,61.9805,4.06157,,4896.0,0.0,0.00595,100.0,3.9686334394021094
1584.0,3.48214,1.53006,62.0209,4.06188,,4897.0,0.0,0.00595,100.0,3.9923750899809636
1585.0,3.47842,1.53105,62.0612,4.06219,,4898.0,0.0,0.00595,100.0,3.9714404387920976
1586.0,3.47656,1.53204,62.1011,4.06281,,4899.0,0.0,0.00595,100.0,4.1349517689741075
1587.0,3.48028,1.53302,62.1411,4.06281,,4900.0,0.0,0.00595,100.0,3.8374264812627388
1588.0,3.48028,1.534,62.1806,4.06312,,4901.0,0.0,0.00595,100.0,4.059254275251801
1589.0,3.47842,1.53498,62.2206,4.06343,,4902.0,0.0,0.00595,100.0,3.8935116972868977
1590.0,3.47842,1.53598,62.2609,4.06374,,4903.0,0.0,0.00595,100.0,3.936611423175272
1591.0,3.47842,1.53695,62.3005,4.06405,,4904.0,0.0,0.00595,100.0,4.115198683152694
1592.0,3.47842,1.53793,62.3401,4.06467,,4905.0,0.0,0.00595,100.0,4.050285460160743
1593.0,3.47656,1.53892,62.38,4.06498,,4906.0,0.0,0.00595,100.0,4.060668151415047
1594.0,3.47842,1.53989,62.4196,4.06529,,4907.0,0.0,0.00595,100.0,4.042519830356016
1595.0,3.47842,1.54088,62.4595,4.06591,,4907.0,0.0,0.00595,100.0,3.9976394598138447
1596.0,3.48028,1.54186,62.4995,4.06591,,4907.0,0.0,0.00595,100.0,4.030525969661943
1597.0,3.47656,1.54285,62.5394,4.06622,,,,,,
1598.0,3.48028,1.54383,62.5794,4.06653,,4907.0,-0.66964,0.0,0.0,4.155274769555967
1599.0,3.47656,1.54484,62.6201,4.06684,,4908.0,-0.6715,0.00019,1.9663,3.9857098625979352
1600.0,3.47842,1.54579,62.6585,4.06715,,4910.0,-0.6715,0.00038,3.9114,4.092754024863667
1601.0,3.48214,1.54677,62.6984,4.067461,,4911.0,-0.6715,0.00057,5.8565,3.9427323941098718
1602.0,3.47656,1.54776,62.7384,4.06777,,4912.0,-0.6715,0.00076,7.8228,4.185672895850032
1603.0,3.48028,1.54876,62.7791,4.06808,,4913.0,-0.6715,0.00096,9.7891,4.073145833947905
1604.0,3.47842,1.54975,62.8191,4.06839,,4914.0,-0.6715,0.00115,11.7554,3.960334500001623
1605.0,3.48028,1.55073,62.859,4.0687,,4915.0,-0.6715,0.00134,13.7005,4.138502026837316
1606.0,3.47842,1.5517,62.8982,4.06932,,4916.0,-0.6715,0.00155,15.8571,4.033248792348838
1607.0,3.48028,1.55268,62.9381,4.069631,,4917.0,-0.6715,0.00175,17.8604,4.083218710874996
1608.0,3.47656,1.55366,62.9777,4.069941,,4918.0,-0.6715,0.00194,19.8266,3.912592927481168
1609.0,3.48028,1.55467,63.0184,4.070251,,4919.0,-0.6715,0.00213,21.8088,4.038371742282862
1610.0,3.47842,1.55564,63.058,4.07056,,4920.0,-0.6715,0.00232,23.775,4.0358064113404994
1611.0,3.48028,1.55665,63.0987,4.07087,,4921.0,-0.6715,0.00252,25.7413,3.9853402938011198
1612.0,3.48028,1.55763,63.1387,4.07118,,4922.0,-0.6715,0.00271,27.7076,3.9638222270491057
1613.0,3.47842,1.55862,63.1786,4.071491,,4923.0,-0.6715,0.0029,29.6527,4.0504403220695515
1614.0,3.47842,1.5597,63.2225,4.071801,,4924.0,-0.6715,0.00309,31.6402,3.9659115818311568
1615.0,3.47842,1.56069,63.2625,4.072111,,4925.0,-0.6715,0.00327,33.469,3.979668236405757
1616.0,3.47842,1.56162,63.3004,4.072421,,4926.0,-0.6715,0.00348,35.5516,3.856277540916613
1617.0,3.47656,1.56263,63.3412,4.072731,,4927.0,-0.6715,0.00369,37.7081,4.17050584072393
1618.0,3.48028,1.56361,63.3811,4.07304,,4928.0,-0.6715,0.00388,39.7325,4.058605025066386
1619.0,3.48028,1.56461,63.4215,4.073351,,4929.0,-0.6715,0.00408,41.7358,3.891536743683335
1620.0,3.47656,1.56559,63.4614,4.073661,,4930.0,-0.67336,0.00427,43.6651,4.1219001857417545
1621.0,3.47842,1.5666,63.5022,4.073971,,4931.0,-0.6715,0.00446,45.6525,4.200785247526
1622.0,3.47842,1.56758,63.5417,4.074281,,4932.0,-0.67336,0.00466,47.6347,4.223593859211467
1623.0,3.47842,1.56857,63.5821,4.074591,,4933.0,-0.6715,0.00484,49.4688,3.9360826814834713
1624.0,3.48028,1.56955,63.6216,4.074901,,4934.0,-0.6715,0.00503,51.4562,4.038300720018281
1625.0,3.47656,1.57054,63.662,4.075211,,4935.0,-0.6715,0.00523,53.4595,4.039011336476603
1626.0,3.47842,1.57153,63.7019,4.075831,,4935.0,-1.34487,0.00523,53.4595,4.106602265818002
1628.0,3.48028,1.57253,63.7427,4.075831,,4937.0,-1.35045,0.00565,57.7515,3.8655918717207234
1629.0,3.48028,1.57351,63.7822,4.076451,,4938.0,-1.35045,0.00599,61.3246,4.042386950368487
1630.0,3.47842,1.57449,63.8222,4.076761,,4939.0,-1.35045,0.00638,65.273,4.003850668379478
1631.0,3.47842,1.57549,63.8625,4.077071,,4940.0,-1.35231,0.00676,69.1897,3.9108536305774737
1632.0,3.47842,1.57647,63.9025,4.077381,,4941.0,-1.34859,0.00715,73.1011,3.8626640969700548
1633.0,3.47842,1.57746,63.9424,4.077691,,4942.0,-1.35045,0.00753,77.0495,4.067414597452526
1634.0,3.47842,1.57845,63.9824,4.078001,,4943.0,-1.34859,0.00794,81.1935,4.103236442199853
1635.0,3.47842,1.57943,64.0223,4.078311,,4944.0,-1.35045,0.00829,84.7666,3.9308341165459026
1636.0,3.47656,1.58048,64.0646,4.078621,,4945.0,-1.35045,0.00866,88.567,3.990338918066501
1637.0,3.47842,1.58139,64.1018,4.078931,,4946.0,-1.35045,0.00905,92.5947,4.002119637210066
1638.0,3.47656,1.58241,64.143,4.079241,,4947.0,-1.35045,0.00944,96.5484,3.946125090155607
1639.0,3.47656,1.5834,64.1833,4.079551,,4948.0,-1.35045,0.00978,100.0,3.928772508575728
1640.0,3.47656,1.58438,64.2228,4.079861,,4948.0,-1.35045,0.00978,100.0,3.978545867519724
1641.0,3.47656,1.58536,64.2628,4.080171,,,,,,
1642.0,3.47842,1.58634,64.3024,4.080481,,4948.0,0.67708,0.0,0.0,4.001031075528154
1643.0,3.47842,1.58733,64.3423,4.081101,,4949.0,0.67336,0.00017,11.6488,4.062722652573048
1644.0,3.47842,1.5883,64.3819,4.081101,,4950.0,0.6715,0.00037,24.7494,4.248030700269136
1645.0,3.47842,1.58929,64.4218,4.081721,,4951.0,0.67336,0.00056,37.608,4.091882681438758
1646.0,3.47656,1.59032,64.4637,4.081721,,4952.0,0.66964,0.00076,50.8469,4.006444224845819
1647.0,3.47656,1.59132,64.5041,4.081721,,4953.0,0.6715,0.00093,62.4957,4.035839871054746
1648.0,3.48214,1.59227,64.5428,4.082341,,4954.0,0.6715,0.00113,75.2852,3.943293134115679
1649.0,3.48028,1.59332,64.5851,4.082961,,4955.0,0.66592,0.00133,88.9043,4.072384071920425
1650.0,3.47842,1.59429,64.6247,4.083272,,4956.0,0.6715,0.00149,100.0,4.048083241765186
1651.0,3.47656,1.59528,64.6647,4.083581,,4956.0,0.0,0.00149,100.0,4.1386231347275055
1652.0,3.48214,1.59626,64.7043,4.083891,,4957.0,0.0,0.00149,100.0,4.0401729575426035
1653.0,3.47842,1.5972,64.7426,4.084511,,4958.0,0.0,0.00149,100.0,4.131111797982539
1654.0,3.47656,1.5982,64.783,4.084821,,4959.0,0.0,0.00149,100.0,4.276671478687101
1655.0,3.48028,1.59918,64.8229,4.084821,,4960.0,0.0,0.00149,100.0,3.9889815001320126
1656.0,3.47842,1.60021,64.8645,4.085132,,4961.0,0.0,0.00149,100.0,3.9146611431457647
1657.0,3.48028,1.60117,64.9036,4.085442,,4962.0,0.0,0.00149,100.0,3.9998314431218023
1658.0,3.47842,1.60216,64.9436,4.086061,,4963.0,0.0,0.00149,100.0,4.175428048921781
1659.0,3.48028,1.60316,64.9839,4.086061,,4964.0,0.0,0.00149,100.0,4.181530449239661
1660.0,3.47842,1.60413,65.0235,4.086371,,4965.0,0.0,0.00149,100.0,3.881532859440456
1661.0,3.48028,1.60512,65.0634,4.086681,,4966.0,0.0,0.00149,100.0,3.986233379928638
1662.0,3.48028,1.6061,65.1034,4.086992,,4967.0,0.0,0.00149,100.0,4.041613499283655
1663.0,3.48028,1.60708,65.1429,4.087302,,4968.0,0.0,0.00149,100.0,4.190831135128868
1664.0,3.48586,1.60806,65.1829,4.087612,,4969.0,0.0,0.00149,100.0,3.8686614871504545
1665.0,3.47656,1.60907,65.2236,4.087922,,4970.0,0.0,0.00149,100.0,4.207287471320213
1666.0,3.48028,1.61005,65.2636,4.088232,,4971.0,0.0,0.00149,100.0,3.967014551457372
1667.0,3.48586,1.61103,65.3032,4.088851,,4972.0,0.0,0.00149,100.0,4.110509478480173
1668.0,3.47842,1.61201,65.3431,4.088851,,4972.0,0.0,0.00149,100.0,4.043483469893246
1669.0,3.484,1.61301,65.3834,4.089162,,,,,,
1670.0,3.4747,1.614,65.4234,4.089472,,4972.0,-0.66964,0.0,0.0,4.085879494102347
1671.0,3.48214,1.61498,65.4633,4.090092,,4973.0,-0.6715,0.0002,0.97,4.181235265492261
1672.0,3.48586,1.61589,65.5001,4.090402,,4974.0,-0.6715,0.0004,1.925,3.9029276270148885
1673.0,3.48214,1.61688,65.5401,4.091022,,4975.0,-0.6715,0.00058,2.7878,3.807304254633746
1674.0,3.47842,1.61786,65.5801,4.091022,,4976.0,-0.6715,0.00079,3.8151,3.826986259557876
1675.0,3.47656,1.61885,65.62,4.091332,,4977.0,-0.6715,0.00098,4.7327,3.9208802359599995
1676.0,3.48214,1.61983,65.66,4.091642,,4978.0,-0.6715,0.00116,5.6079,4.0782361721688565
1678.0,3.47284,1.62083,65.7003,4.091952,,4979.0,-0.6715,0.00137,6.6153,3.9568817942245302
1679.0,3.47284,1.62181,65.7403,4.091952,,4980.0,-0.6715,0.00156,7.5155,4.043870554220294
1680.0,3.48028,1.6228,65.7802,4.092572,,4981.0,-0.6715,0.00175,8.4331,3.9613206578575917
1681.0,3.47842,1.62378,65.8198,4.092882,,4982.0,-0.6715,0.00192,9.2884,4.105360632180937
1682.0,3.4747,1.62475,65.8593,4.092882,,4983.0,-0.6715,0.00212,10.2159,3.859694255307281
1683.0,3.47842,1.62573,65.8989,4.093502,,4984.0,-0.6715,0.00231,11.1435,4.005300777316051
1684.0,3.47284,1.62671,65.9388,4.093812,,4985.0,-0.6715,0.0025,12.0611,4.023648690717135
1685.0,3.47842,1.6277,65.9788,4.094122,,4986.0,-0.6715,0.00269,12.9887,3.8845288890540286
1686.0,3.48028,1.62868,66.0187,4.094432,,4987.0,-0.6715,0.00288,13.9063,4.12761140819119
1687.0,3.47842,1.62971,66.0602,4.094742,,4988.0,-0.6715,0.00307,14.824,4.077966944066412
1688.0,3.484,1.6307,66.1006,4.095362,,4989.0,-0.6715,0.00328,15.8139,3.963049716787945
1689.0,3.48028,1.6317,66.1409,4.095362,,4990.0,-0.67336,0.00346,16.6891,4.1159259566562225
1690.0,3.47842,1.63268,66.1809,4.095982,,4991.0,-0.6715,0.00365,17.6242,3.946503750397338
1691.0,3.47842,1.63367,66.2208,4.095982,,4992.0,-0.6715,0.00384,18.5518,3.851228141367394
1692.0,3.47842,1.63478,66.2659,4.096602,,4993.0,-0.6715,0.00403,19.4694,3.9113470321069266
1693.0,3.48214,1.63573,66.3043,4.096912,,4994.0,-0.6715,0.00422,20.3795,4.037785074731308
1694.0,3.47842,1.63676,66.3462,4.096912,,4995.0,-0.6715,0.00443,21.3694,3.9817574792839663
1695.0,3.47842,1.63771,66.3846,4.097532,,4996.0,-0.6715,0.00462,22.307,4.063269222215216
1696.0,3.47842,1.63868,66.4238,4.097532,,4997.0,-0.6715,0.00482,23.252,3.7402885427205477
1697.0,3.47656,1.63966,66.4637,4.097842,,4998.0,-0.6715,0.00499,24.0874,4.022898460916208
1698.0,3.48028,1.64065,66.5037,4.098152,,4999.0,-0.6715,0.00519,25.0249,3.9764762939252236
1699.0,3.47842,1.64163,66.5436,4.098462,,5000.0,-0.6715,0.00538,25.9425,3.9544632827178456
1700.0,3.47656,1.64261,66.5832,4.099082,,5001.0,-0.6715,0.00557,26.8602,3.9660584437403945
1701.0,3.47656,1.64359,66.6231,4.099392,,5003.0,-0.6715,0.00576,27.7878,4.038082306306006
1702.0,3.47842,1.64459,66.6635,4.099392,,5004.0,-0.6715,0.00595,28.7054,4.044314527764823
1703.0,3.47656,1.64556,66.703,4.100012,,5005.0,-0.67336,0.00614,29.6255,3.947190287741313
1704.0,3.48028,1.64659,66.7445,4.100322,,5006.0,-0.6715,0.00633,30.5506,3.8905962932778357
1705.0,3.48028,1.64748,66.7806,4.100322,,5007.0,-0.6715,0.00653,31.4956,4.01828900597918
1706.0,3.48586,1.64852,66.8229,4.100633,,5008.0,-0.6715,0.00672,32.4232,4.086818894793472
1707.0,3.47656,1.64951,66.8628,4.100943,,5009.0,-0.6715,0.00691,33.3508,4.164891726551262
1708.0,3.4747,1.6505,66.9032,4.101253,,5010.0,-0.6715,0.0071,34.2684,3.7996552813026
1709.0,3.47284,1.65151,66.9439,4.101872,,5011.0,-0.6715,0.00729,35.1885,3.9687185004405956
1710.0,3.4747,1.65251,66.9846,4.102182,,5012.0,-0.6715,0.00748,36.1136,3.846542362857935
1711.0,3.48214,1.6535,67.0246,4.102492,,5013.0,-0.6715,0.00767,37.0337,3.9483604037217415
1712.0,3.47656,1.65442,67.0622,4.102803,,5014.0,-0.67336,0.00787,37.9962,4.096476013144758
1713.0,3.47284,1.6555,67.1056,4.103113,,5015.0,-0.6715,0.00807,38.9238,4.014772603446275
1714.0,3.47284,1.65648,67.1456,4.103423,,5016.0,-0.6715,0.00826,39.8414,3.981915937719081
1715.0,3.48028,1.65747,67.1855,4.103733,,5017.0,-0.6715,0.00846,40.8313,3.9836648733689395
1716.0,3.48028,1.65845,67.2255,4.104352,,5018.0,-0.6715,0.00864,41.714,3.9830314466882117
1717.0,3.47842,1.65944,67.2654,4.104663,,5019.0,-0.6715,0.00883,42.6317,4.069518933024716
1718.0,3.48214,1.66042,67.305,4.104973,,5020.0,-0.6715,0.00902,43.5518,3.9746181403048255
1719.0,3.48028,1.6614,67.3449,4.105283,,5021.0,-0.67336,0.00921,44.4694,3.951488133418971
1720.0,3.47842,1.66239,67.3849,4.105593,,5022.0,-0.6715,0.00941,45.4069,4.059700908124252
1721.0,3.47842,1.66337,67.4249,4.105903,,5023.0,-0.6715,0.0096,46.3246,4.024187159572447
1722.0,3.47842,1.66436,67.4648,4.106213,,5024.0,-0.6715,0.00979,47.2422,3.9603299715900944
1724.0,3.47656,1.66534,67.5048,4.106523,,5025.0,-0.6715,0.00998,48.1698,4.156276731538872
1725.0,3.47842,1.66633,67.5447,4.106833,,5026.0,-0.6715,0.01017,49.0799,4.060287954400484
1726.0,3.484,1.66731,67.5847,4.107143,,5027.0,-0.6715,0.01036,49.9975,4.044469477304398
1727.0,3.47842,1.6683,67.6246,4.107143,,5028.0,-0.6715,0.01055,50.9251,4.033681647608045
1728.0,3.47842,1.6693,67.665,4.107453,,5029.0,-0.6715,0.01074,51.8352,3.9252524611305772
1729.0,3.48028,1.67028,67.7049,4.108073,,5030.0,-0.6715,0.01094,52.8177,3.8974327771865696
1730.0,3.48028,1.67122,67.7429,4.108383,,5031.0,-0.6715,0.01115,53.7976,3.9153648160410497
1731.0,3.48214,1.6722,67.7828,4.108693,,5032.0,-0.6715,0.01133,54.6704,3.8844478747124573
1732.0,3.47842,1.6732,67.8232,4.109003,,5033.0,-0.6715,0.01152,55.5905,3.969715246700299
1733.0,3.47842,1.67418,67.8631,4.109003,,5034.0,-0.6715,0.01171,56.5181,3.9192185460230653
1734.0,3.4747,1.67518,67.9035,4.109623,,5035.0,-0.6715,0.0119,57.4456,4.0930788115259515
1735.0,3.47842,1.67617,67.9434,4.109623,,5036.0,-0.6715,0.01209,58.3633,3.9721604173558367
1736.0,3.47842,1.67715,67.9834,4.110243,,5038.0,-0.6715,0.0123,59.3357,3.9694001864715185
1737.0,3.48028,1.67813,68.0229,4.110553,,5039.0,-0.6715,0.01247,60.191,4.056792399910532
1738.0,3.47842,1.6791,68.0625,4.110863,,5040.0,-0.6715,0.01266,61.0986,3.9727179781965902
1739.0,3.47656,1.68009,68.1024,4.111173,,5041.0,-0.6715,0.01285,62.0262,3.7911641351674694
1740.0,3.47842,1.68119,68.1471,4.111173,,5042.0,-0.6715,0.01304,62.9463,3.8468194131508304
1741.0,3.47842,1.68218,68.187,4.111483,,5043.0,-0.6715,0.01324,63.8739,3.9861254983560097
1742.0,3.47656,1.68316,68.227,4.111793,,5044.0,-0.6715,0.01343,64.8015,3.995706591699759
1743.0,3.47842,1.68415,68.2669,4.112103,,5045.0,-0.6715,0.01362,65.7191,4.074268387392101
1744.0,3.47656,1.68511,68.3061,4.112413,,5046.0,-0.6715,0.01383,66.7265,4.114958020903842
1745.0,3.48028,1.68606,68.3445,4.113033,,5047.0,-0.6715,0.01402,67.6541,4.165184411443569
1746.0,3.48214,1.68705,68.3845,4.113343,,5048.0,-0.6715,0.01421,68.5717,3.8047351740265944
1747.0,3.47656,1.68805,68.4252,4.113653,,5049.0,-0.6715,0.0144,69.4993,3.8582277186616434
1748.0,3.47842,1.68904,68.4652,4.113963,,5050.0,-0.6715,0.0146,70.4369,4.020065240736944
1749.0,3.48586,1.69009,68.5079,4.114274,,5051.0,-0.6715,0.01477,71.2822,3.9485595327847487
1750.0,3.47656,1.69107,68.5474,4.114583,,5052.0,-0.6715,0.01496,72.2098,3.8932352822014615
1751.0,3.484,1.69205,68.5874,4.114893,,5053.0,-0.6715,0.01518,73.2371,4.073364360055477
1752.0,3.47656,1.69293,68.623,4.115203,,5054.0,-0.6715,0.01536,74.1447,4.0393862471536215
1753.0,3.47842,1.694,68.6665,4.115203,,5055.0,-0.6715,0.01555,75.0449,4.084364214963613
1754.0,3.4747,1.69499,68.7065,4.115513,,5056.0,-0.6715,0.01573,75.9101,3.994078061304753
1755.0,3.47842,1.69599,68.7472,4.116133,,5057.0,-0.6715,0.01593,76.8726,4.015957137181164
1756.0,3.47842,1.69699,68.7875,4.116133,,5058.0,-0.6715,0.01613,77.8551,3.9436092307692405
1757.0,3.47656,1.69789,68.824,4.116754,,5059.0,-0.6715,0.01624,78.3588,4.030412570397885
1758.0,3.47842,1.69895,68.8671,4.116754,,5059.0,-1.35045,0.01624,78.3588,3.9607532253780375
1759.0,3.48028,1.69994,68.907,4.117064,,5060.0,-1.35045,0.01661,80.1691,4.051182750757001
1760.0,3.47656,1.70092,68.9469,4.117373,,5061.0,-1.34859,0.017,82.0492,3.907948546254426
1761.0,3.48214,1.70193,68.9877,4.117683,,5062.0,-1.34859,0.01738,83.8944,3.925206738041065
1762.0,3.47842,1.70291,69.0276,4.117993,,5063.0,-1.35045,0.01777,85.7396,3.739161701020095
1763.0,3.47842,1.7039,69.0676,4.118304,,5064.0,-1.35045,0.01815,87.5848,3.9630744396156294
1764.0,3.48028,1.7049,69.1083,4.118614,,5065.0,-1.35045,0.01853,89.4125,4.070851210823007
1766.0,3.47842,1.70592,69.1495,4.119234,,5066.0,-1.35231,0.01891,91.2777,3.945740390998853
1767.0,3.4747,1.7069,69.1894,4.119544,,5067.0,-1.34859,0.0193,93.1229,4.0751313796501485
1768.0,3.4747,1.7079,69.2298,4.119544,,5068.0,-1.34859,0.01964,94.7861,4.028686386097636
1769.0,3.48028,1.70889,69.2701,4.119853,,5069.0,-1.35045,0.02007,96.8507,3.9296145796240705
1770.0,3.47656,1.70988,69.31,4.120164,,5070.0,-1.35045,0.02046,98.7133,4.026298300858778
1771.0,3.484,1.71087,69.35,4.120784,,5071.0,-1.35045,0.02072,100.0,3.996210265666233
1772.0,3.47656,1.71185,69.39,4.120784,,5071.0,-1.35045,0.02072,100.0,3.8540020089039295
1773.0,3.48214,1.71283,69.4295,4.121094,,,,,,
1774.0,3.47656,1.71376,69.4675,4.121404,,5071.0,0.67708,0.0,0.0,4.222509739167451
1775.0,3.484,1.71477,69.5083,4.121714,,5072.0,0.67336,0.00021,14.3646,3.854351886948116
1776.0,3.47656,1.71576,69.5482,4.122024,,5073.0,0.66964,0.00041,27.0718,4.060939948367948
1777.0,3.47656,1.71676,69.5889,4.122024,,5074.0,0.6715,0.0006,39.9171,3.8307109697320567
1778.0,3.47098,1.71786,69.6336,4.122954,,5075.0,0.6715,0.00078,52.2445,3.9359653852316736
1779.0,3.48028,1.7188,69.6715,4.122954,,5076.0,0.67336,0.00097,65.1243,3.9011173531094374
1780.0,3.47656,1.71977,69.7111,4.123264,,5077.0,0.6715,0.00118,78.8329,4.222664079795682
1781.0,3.47842,1.72077,69.7514,4.123574,,5078.0,0.67708,0.00139,93.0939,3.9703209951824316
1782.0,3.48028,1.72174,69.791,4.123884,,5079.0,0.6715,0.0015,100.0,4.032885460623552
1783.0,3.47656,1.72274,69.8313,4.124504,,5079.0,0.0,0.0015,100.0,3.92945547534816
1784.0,3.47098,1.72372,69.8712,4.124814,,5080.0,0.0,0.0015,100.0,3.956552272002643
1785.0,3.48214,1.72471,69.9112,4.124814,,5081.0,0.0,0.0015,100.0,4.085207109168469
1786.0,3.47656,1.7257,69.9511,4.125434,,5082.0,0.0,0.0015,100.0,3.7937463778488905
1787.0,3.47842,1.72668,69.9911,4.125434,,5083.0,0.0,0.0015,100.0,3.9122460658460163
1788.0,3.47842,1.72766,70.0306,4.126054,,5084.0,0.0,0.0015,100.0,4.0871354669182685
1789.0,3.47842,1.72864,70.0706,4.126364,,5085.0,0.0,0.0015,100.0,3.997736543312388
1790.0,3.47656,1.72964,70.1109,4.126674,,5086.0,0.0,0.0015,100.0,3.965095494258532
1791.0,3.47656,1.7307,70.154,4.126674,,5087.0,0.0,0.0015,100.0,4.200317937588587
1792.0,3.4747,1.73168,70.1935,4.126984,,5088.0,0.0,0.0015,100.0,3.9782613798475817
1793.0,3.4747,1.73266,70.2335,4.127294,,5089.0,0.0,0.0015,100.0,3.861338506163335
1794.0,3.47842,1.73365,70.2734,4.127914,,5090.0,0.0,0.0015,100.0,3.938608352254307
1795.0,3.47842,1.73463,70.3134,4.127914,,5091.0,0.0,0.0015,100.0,4.183961502933448
1796.0,3.47842,1.73561,70.353,4.128224,,5092.0,0.0,0.0015,100.0,4.158015033851509
1797.0,3.47842,1.7366,70.3933,4.128534,,5093.0,0.0,0.0015,100.0,4.1205898172014015
1798.0,3.4747,1.73759,70.4332,4.128844,,5094.0,0.0,0.0015,100.0,4.119444318103715
1799.0,3.48028,1.73857,70.4732,4.129154,,5095.0,0.0,0.0015,100.0,4.114527662926115
1800.0,3.47842,1.73956,70.5131,4.129774,,5095.0,0.0,0.0015,100.0,4.080198246472609
1801.0,3.47842,1.74056,70.5535,4.129774,,,,,,
1802.0,3.48028,1.74154,70.5934,4.130085,,5095.0,-0.66964,0.0,0.0,3.9211164272771173
1803.0,3.47842,1.74253,70.6334,4.130394,,5096.0,-0.6715,0.00019,0.4713,3.9777510608396076
1804.0,3.48586,1.74351,70.6733,4.130704,,5097.0,-0.6715,0.00039,0.9377,4.110283537948833
1805.0,3.48214,1.7445,70.7133,4.131014,,5098.0,-0.6715,0.0006,1.4505,4.015063149782031
1806.0,3.47842,1.74548,70.7532,4.131324,,5099.0,-0.6715,0.00079,1.9181,4.165450013597331
1807.0,3.47842,1.74648,70.7936,4.131634,,5100.0,-0.6715,0.00098,2.3806,4.109149336459762
1809.0,3.47842,1.74749,70.8347,4.131945,,5101.0,-0.6715,0.00117,2.8394,3.9980130416364283
1810.0,3.47842,1.74851,70.8758,4.132255,,5102.0,-0.6715,0.00135,3.2932,4.163469461237823
1811.0,3.47842,1.74949,70.9158,4.132565,,5103.0,-0.6715,0.00155,3.7607,3.7612627574609756
1812.0,3.47656,1.75048,70.9557,4.132874,,5104.0,-0.6715,0.00174,4.2233,3.9279192786887367
1813.0,3.47656,1.75146,70.9957,4.133184,,5105.0,-0.6715,0.00193,4.7047,4.041307706966388
1814.0,3.47842,1.75246,71.036,4.133494,,5106.0,-0.6715,0.00212,5.1672,4.0427130663772815
1815.0,3.48028,1.75344,71.076,4.133805,,5107.0,-0.6715,0.00231,5.6298,3.9405236420821734
1816.0,3.48214,1.75457,71.1214,4.134115,,5108.0,-0.6715,0.00251,6.0974,4.070135012626331
1817.0,3.48028,1.75553,71.1606,4.134425,,5109.0,-0.6715,0.00269,6.5461,4.192040546615364
1818.0,3.47842,1.75652,71.2005,4.134735,,5110.0,-0.6715,0.00289,7.0325,4.105877233054191
1819.0,3.48028,1.7575,71.2405,4.135045,,5111.0,-0.6715,0.00308,7.5001,3.9467995475160387
1820.0,3.47842,1.75849,71.2804,4.135355,,5112.0,-0.6715,0.00327,7.9626,4.097368365143576
1821.0,3.47656,1.75947,71.3204,4.135664,,5113.0,-0.6715,0.00347,8.434,4.009441309549795
1822.0,3.47842,1.76046,71.3603,4.135975,,5114.0,-0.6715,0.00366,8.8978,3.942470567493413
1823.0,3.47842,1.76145,71.4003,4.136285,,5115.0,-0.6715,0.00385,9.3691,4.016217358377971
1824.0,3.47842,1.76243,71.4402,4.136595,,5116.0,-0.6715,0.00404,9.8367,3.9942116074035305
1825.0,3.48214,1.76342,71.4802,4.136905,,5117.0,-0.6715,0.00425,10.3496,3.722338601492636
1826.0,3.47842,1.7644,71.5201,4.137215,,5118.0,-0.6715,0.00444,10.8121,3.8584656712334184
1827.0,3.47842,1.76539,71.5601,4.137525,,5120.0,-0.67336,0.00464,11.2759,3.901085708447967
1828.0,3.47842,1.76634,71.5989,4.137835,,5121.0,-0.6715,0.00482,11.7334,3.8706014042828554
1829.0,3.47842,1.76737,71.6404,4.138145,,5122.0,-0.6715,0.00501,12.1884,3.9923843648058783
1830.0,3.47842,1.76835,71.6803,4.138455,,5123.0,-0.6715,0.0052,12.6548,3.9411437787344803
1831.0,3.48028,1.76934,71.7203,4.138765,,5124.0,-0.6715,0.00539,13.1223,3.9511557891680864
1832.0,3.48028,1.77033,71.7602,4.139075,,5125.0,-0.6715,0.00559,13.5899,3.971152138933338
1833.0,3.47842,1.77131,71.8002,4.139385,,5126.0,-0.6715,0.00578,14.0575,3.840613084343749
1834.0,3.47842,1.7723,71.8401,4.139695,,5127.0,-0.6715,0.00597,14.5112,3.935508163277109
1835.0,3.48028,1.77327,71.8797,4.140005,,5128.0,-0.6715,0.00614,14.9336,4.117931098844501
1836.0,3.47842,1.77424,71.9189,4.140315,,5129.0,-0.67336,0.00633,15.3961,3.8817853270631795
1837.0,3.47842,1.77519,71.9573,4.140625,,5130.0,-0.6715,0.00652,15.8637,3.8797579542194183
1838.0,3.47656,1.77617,71.9972,4.140935,,5130.0,-0.6715,0.00655,15.9228,3.9753537078203576
1839.0,3.48028,1.77717,72.0376,4.141245,,5130.0,-5.40365,0.00655,15.9228,3.8052396780841944
1840.0,3.48028,1.77814,72.0771,4.141555,,5131.0,-5.40365,0.00814,19.7941,3.859235079902509
1841.0,3.47842,1.77913,72.117,4.141865,,5132.0,-5.40737,0.00967,23.5209,3.7579630047629644
1842.0,3.47842,1.78011,72.157,4.141865,,5133.0,-5.40737,0.01131,27.5016,3.7427061051559036
1843.0,3.47842,1.7811,72.1969,4.142485,,5134.0,-5.40365,0.01285,31.2636,3.783762415734215
1844.0,3.48214,1.78209,72.2369,4.142795,,5135.0,-5.40551,0.0144,35.0268,3.66330903450469
1845.0,3.47842,1.78308,72.2772,4.143105,,5136.0,-5.40923,0.01584,38.5349,3.7583764715137105
1846.0,3.47098,1.78407,72.3172,4.143105,,5137.0,-5.40551,0.01737,42.2617,3.6434716534100673
1847.0,3.47842,1.78505,72.3571,4.143725,,5138.0,-5.40551,0.01853,45.0735,3.8311603749552066
1848.0,3.47842,1.78609,72.3994,4.144035,,5138.0,-3.37984,0.01853,45.0735,3.813665540782823
1850.0,3.47656,1.78705,72.4382,4.144345,,5139.0,-3.37798,0.01952,47.4931,3.9367406267293417
1851.0,3.47656,1.78804,72.4782,4.144655,,5140.0,-3.37798,0.02047,49.7995,3.6062576949962235
1852.0,3.47656,1.78902,72.5181,4.144965,,5141.0,-3.37798,0.02145,52.1739,3.8133168416063725
1853.0,3.47842,1.79006,72.56,4.145275,,5142.0,-3.37612,0.02236,54.3886,3.7464597776626243
1854.0,3.47842,1.79107,72.6011,4.145275,,5143.0,-3.37798,0.02332,56.7403,3.975098688843408
1855.0,3.48028,1.79205,72.6407,4.145895,,5144.0,-3.37798,0.02428,59.0681,3.8182160644745773
1856.0,3.47842,1.79303,72.6806,4.146205,,5145.0,-3.37798,0.02524,61.3972,3.7939023200295137
1857.0,3.47842,1.79401,72.7202,4.146205,,5146.0,-3.37798,0.02622,63.7715,3.670717680170736
1858.0,3.47842,1.79496,72.7586,4.146515,,5147.0,-3.37612,0.02718,66.1233,3.6619217527679813
1859.0,3.47842,1.79592,72.7978,4.146825,,5148.0,-3.37612,0.02814,68.4511,3.6814691728533973
1860.0,3.48028,1.79697,72.8401,4.147135,,5149.0,-3.37798,0.02911,70.8028,3.697540339985308
1861.0,3.47656,1.79788,72.8773,4.147756,,5150.0,-3.37984,0.03013,73.2915,3.6247560223358066
1862.0,3.47656,1.79888,72.9176,4.148066,,5151.0,-3.37798,0.03105,75.5289,3.7032233314342253
1863.0,3.47842,1.79987,72.958,4.148376,,5152.0,-3.37984,0.03201,77.8579,3.737512284350151
1864.0,3.47842,1.80094,73.0011,4.148685,,5153.0,-3.37984,0.033,80.2775,3.7019456620139235
1865.0,3.47842,1.80184,73.0375,4.148995,,5154.0,-3.37984,0.03396,82.6054,3.6360098023470053
1866.0,3.47656,1.80283,73.0778,4.149305,,5155.0,-3.3724,0.0351,85.3907,3.6317992202506684
1867.0,3.47842,1.80383,73.1182,4.149926,,5156.0,-3.37612,0.036,87.5815,3.66410829188852
1868.0,3.47842,1.80482,73.1585,4.149926,,5157.0,-3.37984,0.03696,89.9094,3.8681951607352896
1869.0,3.47842,1.80581,73.1984,4.150236,,5158.0,-3.37984,0.03798,92.3981,3.7728896462707047
1870.0,3.47842,1.80678,73.238,4.150856,,5159.0,-3.37984,0.03887,94.5663,3.7715398945351657
1871.0,3.47656,1.80777,73.2779,4.151165,,5161.0,-3.37798,0.03984,96.918,3.921250626354344
1872.0,3.48028,1.80889,73.3234,4.151476,,5162.0,-3.37798,0.04086,99.4067,3.8057202160838046
1873.0,3.48028,1.80986,73.3626,4.151786,,5162.0,-3.37798,0.04111,100.0,3.7907241038206
1874.0,3.47842,1.81084,73.4025,4.152096,,5162.0,-3.37798,0.04111,100.0,3.7731090531733473
1875.0,3.47656,1.81183,73.4425,4.152406,,,,,,
1876.0,3.47842,1.81281,73.4824,4.152406,,5162.0,1.35045,0.0,0.0,4.1262653255045025
1877.0,3.47842,1.8138,73.5224,4.153026,,5163.0,1.34859,0.00038,12.8116,3.9763449421405657
1878.0,3.47656,1.81477,73.5619,4.153336,,5164.0,1.34673,0.00078,26.0907,4.250059451323517
1879.0,3.47842,1.81576,73.6019,4.153336,,5165.0,1.34859,0.00117,39.2659,4.034575639924924
1880.0,3.48028,1.81674,73.6414,4.153646,,5166.0,1.34673,0.00155,52.0776,4.062680674207238
1881.0,3.47842,1.81773,73.6818,4.153956,,5167.0,1.34859,0.00191,64.1274,3.8877102341040373
1882.0,3.47842,1.81873,73.7221,4.154576,,5168.0,1.34673,0.00231,77.4238,3.946605067486799
1883.0,3.47842,1.81974,73.7632,4.154576,,5169.0,1.34487,0.0027,90.3393,3.9862992084045294
1884.0,3.48214,1.82066,73.8004,4.155196,,5170.0,1.34673,0.00298,100.0,4.055211512940959
1885.0,3.47842,1.82164,73.8404,4.155506,,5170.0,1.34673,0.00298,100.0,4.2153958991753155
1886.0,3.47656,1.82262,73.88,4.155816,,,,,,
1887.0,3.47842,1.82361,73.9203,4.156126,,5170.0,-1.35417,0.0,0.0,3.95875317109596
1888.0,3.47656,1.82462,73.961,4.156436,,5171.0,-1.35045,0.00042,3.4899,3.953276984230894
1889.0,3.4747,1.82561,74.001,4.156746,,5172.0,-1.34859,0.00081,6.6964,4.000256965448497
1890.0,3.484,1.82659,74.0409,4.156746,,5173.0,-1.35231,0.00118,9.8429,3.80035763306159
1891.0,3.48214,1.82758,74.0809,4.157056,,5174.0,-1.35045,0.00157,13.0194,3.955474391053112
1892.0,3.48214,1.82856,74.1208,4.157366,,5175.0,-1.34673,0.00196,16.2903,3.8037093839395726
1894.0,3.48214,1.82955,74.1608,4.157676,,5176.0,-1.34859,0.00235,19.5012,3.8333851564155292
1895.0,3.47656,1.83053,74.2007,4.158296,,5177.0,-1.34859,0.00269,22.3644,3.8749274172818904
1896.0,3.47842,1.83157,74.2426,4.158606,,5178.0,-1.34859,0.00313,25.9744,3.970583427265498
1897.0,3.48028,1.83248,74.2798,4.158916,,5179.0,-1.34859,0.00352,29.2497,3.8924376802484906
1898.0,3.47842,1.83357,74.3237,4.158916,,5180.0,-1.34859,0.0039,32.4262,3.894229879007374
1899.0,3.47656,1.83455,74.3636,4.159536,,5181.0,-1.35231,0.00429,35.6327,3.775370463789533
1900.0,3.47656,1.83546,74.4004,4.159846,,5182.0,-1.35231,0.00466,38.7491,3.8699292479138925
1901.0,3.47656,1.8365,74.4427,4.159846,,5183.0,-1.34859,0.00503,41.8012,3.8565381368570004
1902.0,3.48028,1.83749,74.4827,4.160156,,5184.0,-1.35045,0.00542,45.0077,3.8601598471507574
1903.0,3.47842,1.83846,74.5222,4.160776,,5185.0,-1.35045,0.00584,48.5276,3.8197918126554367
1904.0,3.47842,1.83946,74.5626,4.161086,,5186.0,-1.35045,0.00622,51.7084,3.9378850469778275
1905.0,3.48214,1.84045,74.6025,4.161086,,5187.0,-1.35045,0.0066,54.8249,3.9766092526304972
1906.0,3.48028,1.84143,74.6425,4.161706,,5188.0,-1.35045,0.00697,57.9112,4.072069599836791
1907.0,3.48214,1.84242,74.6824,4.161706,,5189.0,-1.35045,0.00735,61.0234,3.9539523232366345
1908.0,3.47842,1.84341,74.7228,4.162016,,5190.0,-1.35231,0.00776,64.4832,3.9433572239960477
1909.0,3.47842,1.84433,74.76,4.162326,,5191.0,-1.34859,0.00814,67.5996,3.954335078531698
1910.0,3.48028,1.84537,74.8023,4.162636,,5193.0,-1.35231,0.00855,70.995,4.042293657073469
1911.0,3.47842,1.84636,74.8422,4.163257,,5194.0,-1.35045,0.00893,74.2016,3.7451281277639623
1912.0,3.47842,1.84734,74.8821,4.163257,,5195.0,-1.34859,0.00931,77.3824,3.8436395632845475
1913.0,3.47842,1.84833,74.9221,4.163877,,5196.0,-1.35045,0.00968,80.4344,3.924177530113017
1914.0,3.47842,1.84931,74.962,4.164186,,5197.0,-1.34859,0.01009,83.7998,3.884900093954624
1915.0,3.47842,1.8503,75.002,4.164496,,5198.0,-1.35045,0.01047,87.0064,3.9567095433270265
1916.0,3.47842,1.85129,75.042,4.164806,,5199.0,-1.35045,0.01085,90.1528,3.9472403875176716
1917.0,3.47842,1.85227,75.0819,4.165117,,5200.0,-1.35045,0.01122,93.2091,3.854164573230024
1918.0,3.47842,1.85326,75.1219,4.165427,,5201.0,-1.35045,0.0116,96.3857,3.931080971678705
1919.0,3.48028,1.85423,75.1614,4.165737,,5202.0,-1.35045,0.01204,100.0,3.899155728633711
1920.0,3.47842,1.85526,75.2029,4.166047,,5202.0,-1.35045,0.01204,100.0,3.767677245153645
1921.0,3.47842,1.85624,75.2429,4.166357,,,,,,
1922.0,3.47842,1.85723,75.2828,4.166667,,5202.0,2.70461,0.0,0.0,4.033096383280069
1923.0,3.47842,1.85821,75.3228,4.166976,,5203.0,2.70461,0.00075,12.485,4.0374837394301535
1924.0,3.47842,1.85922,75.3635,4.166976,,5204.0,2.69903,0.00154,25.5972,4.101285600134107
1925.0,3.47656,1.86019,75.4031,4.167287,,5205.0,2.70275,0.00231,38.4516,4.1315542497583495
1926.0,3.47842,1.86118,75.443,4.167597,,5206.0,2.70275,0.00309,51.3147,4.165964186707837
1927.0,3.47842,1.86213,75.4814,4.168217,,5207.0,2.70461,0.00385,64.0488,4.065938718742913
1928.0,3.48028,1.86313,75.5221,4.168217,,5208.0,2.70089,0.00458,76.1643,4.062232788681615
1929.0,3.47842,1.86413,75.5625,4.168527,,5209.0,2.70089,0.00535,88.8984,4.128959468121693
1930.0,3.48028,1.86511,75.6024,4.169147,,5210.0,2.69903,0.00601,100.0,4.010007040249315
1931.0,3.47842,1.86614,75.644,4.169767,,5210.0,0.0,0.00601,100.0,3.986191740562834
1932.0,3.47656,1.86716,75.6855,4.170077,,5211.0,0.0,0.00601,100.0,4.165981700463731
1933.0,3.47842,1.86815,75.7254,4.170077,,5212.0,0.0,0.00601,100.0,4.171131089937081
1934.0,3.48028,1.86914,75.7657,4.170697,,5213.0,0.0,0.00601,100.0,3.965490949833202
1936.0,3.47842,1.8702,75.8084,4.171007,,5214.0,0.0,0.00601,100.0,3.952049346625268
1937.0,3.47842,1.87119,75.8488,4.171317,,5215.0,0.0,0.00601,100.0,4.1281479888826444
1938.0,3.47842,1.87218,75.8887,4.171317,,5216.0,0.0,0.00601,100.0,4.020220050186978
1939.0,3.47842,1.87316,75.9287,4.171627,,5217.0,0.0,0.00601,100.0,4.097836194408824
1940.0,3.47656,1.87407,75.9655,4.171937,,5218.0,0.0,0.00601,100.0,4.188403629745163
1941.0,3.47842,1.87508,76.0066,4.172557,,5219.0,0.0,0.00601,100.0,3.9342413347780245
1942.0,3.47842,1.87607,76.0466,4.172867,,5220.0,0.0,0.00601,100.0,3.9726603670446687
1943.0,3.48028,1.87709,76.0881,4.173177,,5221.0,0.0,0.00601,100.0,4.117401068356317
1944.0,3.47842,1.8781,76.1288,4.173487,,5222.0,0.0,0.00601,100.0,4.100559086023569
1945.0,3.4747,1.87909,76.1688,4.173487,,5223.0,0.0,0.00601,100.0,3.9674642915705887
1946.0,3.47842,1.88007,76.2087,4.174107,,5224.0,0.0,0.00601,100.0,3.970890949954679
1947.0,3.47656,1.88106,76.2487,4.174417,,5225.0,0.0,0.00601,100.0,3.8371004381302574
1948.0,3.48028,1.88204,76.2886,4.174727,,5226.0,0.0,0.00601,100.0,4.237037526582024
1949.0,3.47842,1.88302,76.3282,4.175037,,5228.0,0.0,0.00601,100.0,4.165497763185167
1950.0,3.47842,1.884,76.3681,4.175347,,5229.0,0.0,0.00601,100.0,4.033858703564613
1951.0,3.48028,1.88499,76.4081,4.175657,,5230.0,0.0,0.00601,100.0,4.068511039962588
1952.0,3.47842,1.88596,76.4476,4.175967,,5231.0,0.0,0.00601,100.0,4.010016594747833
1953.0,3.48028,1.88696,76.488,4.176277,,5232.0,0.0,0.00601,100.0,4.13367994211007
1954.0,3.48028,1.88795,76.5279,4.176587,,5233.0,0.0,0.00601,100.0,4.248023465901122
1955.0,3.47842,1.88893,76.5679,4.176898,,5234.0,0.0,0.00601,100.0,3.894986803094337
1956.0,3.47842,1.88991,76.6074,4.176898,,5235.0,0.0,0.00601,100.0,4.184575452031486
1957.0,3.47842,1.89089,76.6474,4.177207,,5236.0,0.0,0.00601,100.0,3.9059082648508063
1958.0,3.47842,1.89188,76.6873,4.177517,,5237.0,0.0,0.00601,100.0,3.9276433775202966
1959.0,3.47842,1.89279,76.7241,4.177827,,5238.0,0.0,0.00601,100.0,4.041655191622124
1960.0,3.47842,1.89382,76.7661,4.178447,,5239.0,0.0,0.00601,100.0,3.993902400807916
1961.0,3.48214,1.89481,76.806,4.178447,,5240.0,0.0,0.00601,100.0,3.9279364077663588
1962.0,3.48028,1.89579,76.846,4.178758,,5241.0,0.0,0.00601,100.0,4.116978843134293
1963.0,3.48028,1.89677,76.8855,4.179378,,5242.0,0.0,0.00601,100.0,3.8334293272306974
1964.0,3.48028,1.89776,76.9258,4.179378,,5243.0,0.0,0.00601,100.0,4.065681959474521
1965.0,3.47656,1.89877,76.9666,4.179997,,5244.0,0.0,0.00601,100.0,4.051213194653669
1966.0,3.47656,1.8998,77.0085,4.180307,,5245.0,0.0,0.00601,100.0,3.9602847851348084
1967.0,3.47842,1.90071,77.0453,4.180617,,5246.0,0.0,0.00601,100.0,4.180733395745251
1968.0,3.47656,1.90168,77.0848,4.180928,,5247.0,0.0,0.00601,100.0,3.946008769885765
1969.0,3.47656,1.90267,77.1248,4.180928,,5248.0,0.0,0.00601,100.0,4.012425516993724
1970.0,3.47842,1.90366,77.1648,4.181548,,5249.0,0.0,0.00601,100.0,4.062013447472105
1971.0,3.47842,1.90482,77.2121,4.181858,,5250.0,0.0,0.00601,100.0,3.8644315065903765
1972.0,3.47842,1.90574,77.2493,4.181858,,5251.0,0.0,0.00601,100.0,3.913769060625049
1973.0,3.47842,1.90673,77.2893,4.182477,,5252.0,0.0,0.00601,100.0,3.968866971754544
1974.0,3.47842,1.90771,77.3292,4.182788,,5253.0,0.0,0.00601,100.0,4.009952352503011
1975.0,3.47656,1.90874,77.3707,4.183098,,5254.0,0.0,0.00601,100.0,3.937413542179708
1976.0,3.4747,1.90972,77.4107,4.183408,,5255.0,0.0,0.00601,100.0,4.028768815031127
1977.0,3.47842,1.9107,77.4502,4.183718,,5256.0,0.0,0.00601,100.0,3.952017246980769
1978.0,3.47842,1.91169,77.4906,4.184028,,5257.0,0.0,0.00601,100.0,4.002217591224405
1980.0,3.47842,1.91262,77.5282,4.184338,,5258.0,0.0,0.00601,100.0,4.121165997007846
1981.0,3.47842,1.91364,77.5693,4.184648,,5259.0,0.0,0.00601,100.0,4.180868439604067
1982.0,3.47842,1.91462,77.6092,4.184958,,5260.0,0.0,0.00601,100.0,4.178111178480623
1983.0,3.47842,1.9156,77.6488,4.185268,,5262.0,0.0,0.00601,100.0,3.857576266564693
1984.0,3.47656,1.91659,77.6891,4.185578,,5263.0,0.0,0.00601,100.0,4.051249535003471
1985.0,3.47842,1.91758,77.7291,4.185888,,5264.0,0.0,0.00601,100.0,4.134207168841017
1986.0,3.4747,1.91855,77.7686,4.186198,,5265.0,0.0,0.00601,100.0,3.9964262085686695
1987.0,3.48028,1.91954,77.8086,4.186508,,5265.0,0.0,0.00601,100.0,3.8949812470395435
1988.0,3.47842,1.92052,77.8485,4.186818,,5265.0,0.0,0.00601,100.0,4.082105503267611
1989.0,3.47842,1.92152,77.8889,4.187128,,,,,,
1990.0,3.47656,1.92252,77.9292,4.187438,,5265.0,-0.66964,0.0,0.0,3.957624837051832
1991.0,3.47842,1.9235,77.9692,4.187748,,5266.0,-0.6715,0.00021,2.1091,3.90406278549721
1992.0,3.47656,1.92448,78.0088,4.188058,,5267.0,-0.6715,0.00039,4.0482,4.101467695344518
1993.0,3.48028,1.92547,78.0491,4.188368,,5268.0,-0.6715,0.00059,6.0405,3.8144871665399114
1994.0,3.48214,1.92646,78.089,4.188678,,5269.0,-0.6715,0.00078,8.0008,3.972066331183462
1995.0,3.47842,1.92744,78.129,4.188988,,5270.0,-0.6715,0.00097,9.9718,4.052044872309827
1996.0,3.47842,1.92855,78.174,4.189608,,5271.0,-0.6715,0.00116,11.911,3.9865893410081594
1997.0,3.47842,1.92953,78.2136,4.189918,,5272.0,-0.6715,0.00134,13.7916,3.809180224385586
1998.0,3.47842,1.93052,78.2535,4.190228,,5273.0,-0.6715,0.00157,16.092,3.76989480479644
1999.0,3.48028,1.9315,78.2935,4.190848,,5274.0,-0.6715,0.00176,18.0843,3.9750527527590243
2000.0,3.47842,1.93249,78.3334,4.191158,,5275.0,-0.6715,0.00196,20.1031,3.985316060103895
2001.0,3.47842,1.93346,78.373,4.191468,,5276.0,-0.6715,0.00215,22.1166,3.9550691988960267
2002.0,3.47842,1.93448,78.4141,4.191778,,5277.0,-0.6715,0.00234,24.0929,4.161072624581428
2003.0,3.47842,1.93549,78.4552,4.192088,,5278.0,-0.6715,0.00253,26.0639,3.866742674509429
2004.0,3.47842,1.93651,78.4964,4.192399,,5279.0,-0.6715,0.00273,28.0242,4.026864067857413
2005.0,3.47656,1.9375,78.5367,4.192708,,5280.0,-0.6715,0.00292,29.9793,4.014897332972931
2006.0,3.47842,1.93853,78.5782,4.193328,,5281.0,-0.67336,0.00311,31.9556,3.9516023230987556
2007.0,3.47842,1.93949,78.6174,4.193638,,5283.0,-0.6715,0.0033,33.9106,3.830572485035563
2008.0,3.47842,1.94048,78.6573,4.193638,,5284.0,-0.6715,0.00349,35.8657,3.9494984047780393
2009.0,3.47842,1.94146,78.6973,4.194258,,5285.0,-0.6715,0.00368,37.8261,4.063324769634082
2010.0,3.47842,1.94244,78.7368,4.194569,,5286.0,-0.6715,0.00386,39.6696,3.9036403800898656
2011.0,3.47842,1.94348,78.7792,4.194879,,5287.0,-0.6715,0.00406,41.7415,4.017898872982477
2012.0,3.47842,1.94446,78.8187,4.195189,,5288.0,-0.6715,0.00425,43.6965,3.7696908084533183
2013.0,3.47842,1.94543,78.8583,4.195498,,5289.0,-0.6715,0.00444,45.6728,3.955686276405344
2014.0,3.47842,1.94639,78.897,4.195808,,5290.0,-0.6715,0.00462,47.4791,3.9721293650608303
2015.0,3.47842,1.94745,78.9398,4.196118,,5291.0,-0.6715,0.00482,49.5883,3.6525178693244773
2016.0,3.47842,1.94843,78.9797,4.196429,,5292.0,-0.6715,0.00502,51.6018,3.8682192344133552
2018.0,3.47842,1.94941,79.0193,4.196739,,5293.0,-0.6715,0.00519,53.3496,4.071981151125391
2019.0,3.47656,1.95038,79.0588,4.197049,,5293.0,-0.67336,0.00522,53.695,3.9681781602995208
2020.0,3.48028,1.95137,79.0987,4.197359,,5293.0,-1.34859,0.00522,53.695,4.036227450625838
2021.0,3.47656,1.95236,79.1391,4.197669,,5294.0,-1.34859,0.00566,58.2426,3.919238345563529
2022.0,3.47842,1.95335,79.179,4.197978,,5295.0,-1.35045,0.00606,62.3333,3.7846141053427833
2023.0,3.47842,1.95436,79.2202,4.198289,,5296.0,-1.34859,0.00645,66.3391,3.896807773254973
2024.0,3.47842,1.95539,79.2617,4.198909,,5297.0,-1.35045,0.00683,70.2757,3.939094898346754
2025.0,3.47842,1.95639,79.3024,4.198909,,5298.0,-1.35231,0.00722,74.2071,3.972548647342927
2026.0,3.47842,1.95737,79.342,4.199529,,5299.0,-1.34859,0.0076,78.1809,3.8352584115283896
2027.0,3.47842,1.95836,79.3823,4.199839,,5300.0,-1.34859,0.00799,82.1495,3.8358859358102557
2027.0,3.47842,1.95873,79.3972,4.200149,,5301.0,-1.35045,0.00836,85.9268,3.9048206636324823
2027.0,3.46726,1.95873,79.3972,4.199839,,5302.0,-1.35045,0.00874,89.8635,3.9216861903875113
2028.0,3.45982,1.95971,79.437,4.199529,,5304.0,-1.34859,0.00924,94.9902,3.867331975665162
2029.0,3.45052,1.96069,79.4767,4.199839,,5305.0,-1.35231,0.00963,99.0012,3.9269907794873076
2030.0,3.44122,1.96188,79.5247,4.199839,,5305.0,-1.35231,0.00973,100.0,3.852751353518799
2031.0,3.43006,1.96278,79.5615,4.199839,,5305.0,-1.35231,0.00973,100.0,4.102633724474605
2032.0,3.4189,1.96375,79.6008,4.199529,,,,,,
2033.0,3.4096,1.96472,79.64,4.199839,,5305.0,0.66778,0.0,0.0,4.042143418231543
2035.0,3.4003,1.9657,79.6795,4.199839,,5306.0,0.67522,0.00021,14.099,4.0193155236988884
2036.0,3.38914,1.96666,79.7185,4.199529,,5307.0,0.67894,0.0004,26.8913,4.013853262434966
2037.0,3.3817,1.96762,79.7574,4.199529,,5308.0,0.6715,0.0006,39.9243,4.120640822857519
2038.0,3.37054,1.96858,79.7966,4.199529,,5309.0,0.67894,0.00079,52.5103,4.046264363364057
2039.0,3.35938,1.96963,79.839,4.199529,,5310.0,0.66778,0.00098,65.2682,3.997863172407329
2040.0,3.35193,1.97051,79.8746,4.199529,,5311.0,0.6715,0.00117,78.1981,4.156298012391173
2041.0,3.34635,1.97146,79.9131,4.199529,,5312.0,0.67336,0.00136,90.4402,3.8988582548014734
2042.0,3.33705,1.97239,79.9511,4.199529,,5313.0,0.6715,0.0015,100.0,3.963282024497535
2043.0,3.32961,1.97334,79.9894,4.199529,,5313.0,0.0,0.0015,100.0,3.941498597115663
2044.0,3.32217,1.97428,80.0276,4.199839,,5314.0,0.0,0.0015,100.0,3.8758402824258553
2045.0,3.31473,1.97522,80.0657,4.199839,,5315.0,0.0,0.0015,100.0,3.9571567287235663
2046.0,3.30543,1.97616,80.1037,4.199839,,5316.0,0.0,0.0015,100.0,4.001170148570575
2047.0,3.29799,1.9771,80.1419,4.199839,,5317.0,0.0,0.0015,100.0,4.0497854751537945
2048.0,3.29055,1.97804,80.1797,4.199839,,5318.0,0.0,0.0015,100.0,3.950971792442993
2049.0,3.27939,1.97898,80.2178,4.199839,,5319.0,0.0,0.0015,100.0,3.924268291030108
2050.0,3.27381,1.97991,80.2558,4.199839,,5320.0,0.0,0.0015,100.0,3.904155673063472
2051.0,3.26451,1.98083,80.293,4.199839,,5321.0,0.0,0.0015,100.0,3.9197569137382446
2052.0,3.25521,1.98176,80.3308,4.199529,,5322.0,0.0,0.0015,100.0,3.822967386545759
2053.0,3.24963,1.98267,80.3678,4.199839,,5323.0,0.0,0.0015,100.0,3.8073378985985973
2054.0,3.23847,1.98359,80.405,4.199839,,5324.0,0.0,0.0015,100.0,3.948420434338491
2055.0,3.23289,1.98452,80.4426,4.199839,,5325.0,0.0,0.0015,100.0,4.140077445960074
2056.0,3.22359,1.98546,80.4807,4.199839,,5326.0,0.0,0.0015,100.0,3.9895327326565013
2057.0,3.21429,1.98637,80.5177,4.199529,,5328.0,0.0,0.0015,100.0,4.121770547362765
2058.0,3.20499,1.98728,80.5546,4.199529,,5329.0,0.0,0.0015,100.0,3.975076443846774
2059.0,3.20127,1.98819,80.5913,4.199839,,5329.0,0.0,0.0015,100.0,4.060137002811766
2060.0,3.19382,1.9891,80.628,4.199839,,5329.0,0.0,0.0015,100.0,4.036880329047132
2061.0,3.18266,1.99,80.6646,4.199529,,,,,,
2062.0,3.17708,1.99089,80.7008,4.199529,,5329.0,-0.66964,0.0,0.0,4.071316312466796
2063.0,3.16964,1.99184,80.7394,4.199839,,5330.0,-0.6715,0.00019,0.9102,3.9595467270527243
2064.0,3.1622,1.99272,80.775,4.199839,,5331.0,-0.6715,0.00038,1.8452,3.8796368698230923
2065.0,3.15476,1.99362,80.8113,4.199839,,5332.0,-0.6715,0.00057,2.7355,4.054071403470896
2066.0,3.1436,1.99454,80.8488,4.199529,,5333.0,-0.6715,0.00077,3.7354,3.855647072619423
2067.0,3.13802,1.9954,80.8835,4.199839,,5334.0,-0.6715,0.00097,4.7004,4.034220525294415
2068.0,3.12872,1.99629,80.9195,4.199839,,5335.0,-0.6715,0.00116,5.5906,3.913009288021759
2069.0,3.12314,1.99722,80.9575,4.199839,,5336.0,-0.6715,0.00136,6.5806,3.9197214096649997
2070.0,3.1157,1.99818,80.9965,4.199839,,5337.0,-0.6715,0.00155,7.4708,3.8794652394041926
2071.0,3.1064,1.99912,81.0343,4.199839,,5338.0,-0.6715,0.00175,8.4358,3.9001439892023813
2073.0,3.0971,1.99999,81.0696,4.199839,,5339.0,-0.6715,0.00194,9.3634,3.8648260756735904
2074.0,3.09152,2.00086,81.1048,4.199839,,5340.0,-0.6715,0.00213,10.281,3.9335881479296897
2075.0,3.08222,2.00174,81.1405,4.199839,,5341.0,-0.6715,0.00232,11.2086,4.004952465968695
2076.0,3.07478,2.00261,81.1759,4.199839,,5342.0,-0.6715,0.00251,12.1362,3.9368162679776124
2077.0,3.06734,2.00348,81.2111,4.199839,,5343.0,-0.6715,0.0027,13.0539,3.8777146271686918
2078.0,3.06176,2.0043,81.2442,4.199529,,5344.0,-0.6715,0.0029,13.9715,4.109071533446583
2079.0,3.05246,2.00525,81.2828,4.199529,,5346.0,-0.6715,0.00309,14.8991,3.778441273827859
2080.0,3.04502,2.00611,81.3178,4.199839,,5347.0,-0.67336,0.00327,15.8018,3.986369889249354
2081.0,3.03757,2.00696,81.3523,4.199839,,5348.0,-0.6715,0.00346,16.702,4.046663711312028
2082.0,3.03013,2.00782,81.3871,4.199839,,5349.0,-0.6715,0.00365,17.6296,3.871968297807385
2083.0,3.02269,2.00867,81.4215,4.199839,,5350.0,-0.6715,0.00385,18.5822,4.001369649680223
2084.0,3.01711,2.00953,81.4562,4.199529,,5351.0,-0.6715,0.00405,19.5272,4.101675987791713
2085.0,3.00781,2.01038,81.4908,4.199529,,5352.0,-0.6715,0.00424,20.4473,3.8937116195724393
2086.0,2.99851,2.01123,81.5252,4.199529,,5353.0,-0.6715,0.00445,21.4548,4.062197993969797
2087.0,2.99293,2.01208,81.5597,4.199529,,5354.0,-0.6715,0.00464,22.3998,3.825001058678163
2088.0,2.98735,2.01295,81.595,4.199529,,5355.0,-0.6715,0.00483,23.32,4.101387961019363
2089.0,2.97805,2.01373,81.6265,4.199839,,5356.0,-0.6715,0.00501,24.1653,4.050740143718177
2090.0,2.97061,2.01457,81.6607,4.199839,,5357.0,-0.6715,0.00521,25.1203,3.987206787019706
2091.0,2.96503,2.01541,81.6948,4.199529,,5358.0,-0.6715,0.0054,26.0454,4.035618150705846
2092.0,2.95573,2.01625,81.7288,4.199839,,5359.0,-0.6715,0.00559,26.9656,3.9573894847352213
2093.0,2.94829,2.01709,81.7627,4.199839,,5360.0,-0.6715,0.00578,27.8932,4.017339659934522
2094.0,2.94271,2.01792,81.7965,4.199839,,5361.0,-0.6715,0.00597,28.8108,3.94776447366387
2095.0,2.93527,2.01884,81.8336,4.199529,,5362.0,-0.6715,0.00616,29.7285,4.043432781326987
2096.0,2.92783,2.01968,81.8679,4.199839,,5363.0,-0.6715,0.00635,30.6386,3.8719540426112515
2097.0,2.92225,2.0205,81.9012,4.199839,,5364.0,-0.6715,0.00654,31.5662,3.797951272671674
2098.0,2.91481,2.0214,81.9373,4.199529,,5365.0,-0.6715,0.00673,32.4938,3.816930946314004
2099.0,2.90923,2.02216,81.9682,4.199839,,5366.0,-0.6715,0.00693,33.4214,4.0961732142332
2100.0,2.90365,2.02298,82.0015,4.199529,,5367.0,-0.6715,0.00712,34.3391,3.965433962417668
2101.0,2.89435,2.02381,82.0352,4.199529,,5368.0,-0.6715,0.00731,35.2667,3.979922012872563
2102.0,2.88877,2.02462,82.068,4.199839,,5369.0,-0.6715,0.0075,36.1843,4.061225890777969
2103.0,2.88318,2.02547,82.1025,4.199529,,5370.0,-0.6715,0.00769,37.102,3.8776975713657964
2104.0,2.8776,2.02631,82.1365,4.199839,,5371.0,-0.6715,0.00789,38.067,3.9644975026253957
2105.0,2.86644,2.02712,82.1695,4.199839,,5372.0,-0.6715,0.00809,39.0569,4.064369360987019
2106.0,2.86272,2.02798,82.2043,4.199839,,5373.0,-0.6715,0.00828,39.9646,3.966668945754041
2107.0,2.85528,2.02881,82.2377,4.199529,,5374.0,-0.6715,0.00847,40.8847,4.018860783519083
2108.0,2.84784,2.02961,82.2705,4.199529,,5375.0,-0.6715,0.00865,41.7575,4.157891844859745
2109.0,2.8404,2.03045,82.3044,4.199529,,5376.0,-0.6715,0.00885,42.6926,4.063285665569742
2111.0,2.8311,2.03121,82.3354,4.199529,,5377.0,-0.6715,0.00904,43.6102,3.9658483364322192
2112.0,2.8218,2.03203,82.3685,4.199529,,5379.0,-0.6715,0.00923,44.5403,3.7310648343101014
2113.0,2.81622,2.03283,82.4009,4.199839,,5380.0,-0.6715,0.00942,45.4654,4.047620716100354
2114.0,2.80878,2.03364,82.4335,4.199839,,5381.0,-0.6715,0.00963,46.4753,3.8760095980648877
2115.0,2.8032,2.03452,82.4692,4.199839,,5382.0,-0.6715,0.00982,47.383,3.9158816627421538
2116.0,2.79576,2.03533,82.5023,4.199839,,5383.0,-0.67336,0.01001,48.3031,3.820764455853309
2117.0,2.78832,2.03612,82.5344,4.199839,,5384.0,-0.6715,0.0102,49.2208,3.9715315046186213
2118.0,2.78274,2.03693,82.567,4.199529,,5385.0,-0.6715,0.01039,50.1484,4.020779558907736
2119.0,2.7753,2.03771,82.5986,4.199839,,5386.0,-0.6715,0.01058,51.076,4.014757800046913
2120.0,2.76786,2.03849,82.6304,4.199839,,5387.0,-0.67336,0.01076,51.9039,3.815464856787126
2121.0,2.76228,2.03928,82.6622,4.199839,,5388.0,-0.6715,0.01095,52.8215,4.140682313425493
2122.0,2.7567,2.04005,82.6935,4.199529,,5389.0,-0.6715,0.01114,53.7416,4.04368213652677
2123.0,2.7474,2.04084,82.7254,4.199529,,5390.0,-0.6715,0.01134,54.749,3.8045252481587664
2124.0,2.74368,2.04161,82.7567,4.199839,,5391.0,-0.6715,0.01152,55.6143,4.014195451658714
2125.0,2.73438,2.04238,82.7881,4.199529,,5392.0,-0.6715,0.01172,56.5394,4.004319363172563
2126.0,2.73065,2.04315,82.8192,4.199839,,5393.0,-0.6715,0.01191,57.4595,4.03681467273534
2127.0,2.72321,2.04392,82.8505,4.199839,,5394.0,-0.6715,0.0121,58.3772,3.839042016501937
2128.0,2.71391,2.04468,82.8811,4.199529,,5395.0,-0.6715,0.01229,59.2948,3.9814379011835457
2129.0,2.70833,2.04538,82.9095,4.199839,,5396.0,-0.6715,0.01249,60.2947,3.9537416672779244
2130.0,2.70275,2.04615,82.9406,4.199839,,5397.0,-0.6715,0.01269,61.2298,4.019833099190948
2131.0,2.69531,2.04696,82.9737,4.199839,,5398.0,-0.67336,0.01288,62.1574,3.9420118174818684
2132.0,2.68973,2.04771,83.0041,4.199839,,5399.0,-0.6715,0.01307,63.0851,3.901321708751999
2133.0,2.68415,2.04848,83.0352,4.199839,,5400.0,-0.6715,0.01326,64.0127,3.9326671694269364
2134.0,2.67485,2.04922,83.0654,4.199839,,5401.0,-0.6715,0.01346,64.9403,4.010232451882937
2135.0,2.66927,2.04998,83.0961,4.199839,,5402.0,-0.6715,0.01365,65.8679,3.9283414678321353
2136.0,2.66555,2.05074,83.1268,4.199839,,5403.0,-0.6715,0.01384,66.7855,3.961215221313572
2137.0,2.65997,2.05149,83.1573,4.199839,,5404.0,-0.6715,0.01404,67.758,3.9600218083352834
2138.0,2.65067,2.05225,83.1878,4.199839,,5405.0,-0.6715,0.01422,68.6482,3.7940704921766506
2139.0,2.64509,2.053,83.2185,4.199839,,5406.0,-0.6715,0.01442,69.5758,4.022848143857377
2140.0,2.63951,2.05375,83.2489,4.199529,,5407.0,-0.6715,0.01461,70.4935,4.087200077455035
2141.0,2.63021,2.05449,83.2789,4.199529,,5408.0,-0.67336,0.01479,71.3937,3.807971576345155
2142.0,2.62463,2.05524,83.309,4.199529,,5409.0,-0.6715,0.01499,72.3213,3.9891266824984526
2143.0,2.61905,2.05598,83.3391,4.199529,,5410.0,-0.6715,0.01518,73.2389,3.8799302143869254
2144.0,2.61161,2.05672,83.3692,4.199529,,5411.0,-0.6715,0.01537,74.1665,3.8773381453604414
2145.0,2.60603,2.05745,83.3989,4.199839,,5412.0,-0.67336,0.01556,75.0767,3.7841544570494468
2146.0,2.60231,2.05819,83.4288,4.199839,,5413.0,-0.6715,0.01575,76.0143,4.012494454294433
2147.0,2.59301,2.05893,83.4587,4.199529,,5414.0,-0.6715,0.01595,76.9868,4.065793398971951
2148.0,2.58929,2.05965,83.4882,4.199529,,5415.0,-0.6715,0.01614,77.8869,3.9218852665825814
2149.0,2.58371,2.06039,83.5179,4.199529,,5416.0,-0.67336,0.01624,78.3906,3.80643253704937
2150.0,2.57999,2.06113,83.5478,4.199839,,5416.0,-1.35045,0.01624,78.3906,3.8122416055520496
2151.0,2.57254,2.06185,83.5771,4.199839,,5417.0,-1.34859,0.01664,80.2907,3.973526326897779
2152.0,2.5651,2.06258,83.6066,4.199529,,5418.0,-1.34859,0.01702,82.1185,3.8460609996837016
2153.0,2.55952,2.0633,83.636,4.199529,,5419.0,-1.35045,0.01741,84.0187,3.8608783521233634
2154.0,2.55208,2.06403,83.6654,4.199529,,5420.0,-1.35045,0.0178,85.8839,3.921012923972827
2155.0,2.5465,2.06475,83.6947,4.199839,,5421.0,-1.35045,0.01818,87.7466,4.0267339647923865
2156.0,2.54092,2.06547,83.7239,4.199529,,5422.0,-1.34859,0.01857,89.6093,4.122056750372869
2157.0,2.5372,2.06619,83.7531,4.199529,,5423.0,-1.34859,0.01895,91.457,4.108084921169715
2158.0,2.52976,2.06691,83.7825,4.199529,,5424.0,-1.35045,0.01933,93.3022,4.054257581359561
2160.0,2.52418,2.06763,83.8115,4.199839,,5425.0,-1.35045,0.01972,95.1475,3.8333251848728724
2161.0,2.51674,2.06835,83.8407,4.199839,,5426.0,-1.35045,0.02011,97.0651,4.0314873481411295
2162.0,2.51116,2.06906,83.8693,4.199839,,5427.0,-1.35045,0.02048,98.8405,3.90283729257687
2163.0,2.50558,2.06977,83.8981,4.199529,,5428.0,-1.35045,0.02072,100.0,3.8632309607525417
2164.0,2.49814,2.07047,83.9266,4.199839,,5428.0,-1.35045,0.02072,100.0,3.7892325230910693
2165.0,2.4907,2.07118,83.9552,4.199839,,,,,,
2166.0,2.49442,2.07188,83.9836,4.199529,,5428.0,0.67336,0.0,0.0,4.014712965540689
2167.0,2.4814,2.07252,84.0099,4.199839,,5429.0,0.67336,0.00021,13.9448,3.9717258751636906
2168.0,2.47582,2.07325,84.0392,4.199529,,5430.0,0.67336,0.00042,27.7872,3.9695653312590093
2169.0,2.4721,2.07394,84.0673,4.199529,,5431.0,0.67894,0.0006,39.6522,3.949438057025068
2170.0,2.46652,2.07464,84.0956,4.199529,,5432.0,0.67708,0.00081,53.7334,4.028942154725001
2171.0,2.45722,2.07534,84.1239,4.199839,,5433.0,0.67336,0.00101,66.4507,3.973071959084607
2172.0,2.45164,2.07603,84.1518,4.199839,,5434.0,0.67894,0.00118,78.077,4.019843059529121
2173.0,2.44606,2.07673,84.1802,4.199839,,5435.0,0.67522,0.00137,90.3512,3.9167260284912646
2174.0,2.43862,2.07742,84.2083,4.199839,,5436.0,0.67708,0.00152,100.0,3.9693629215034725
2175.0,2.43676,2.07815,84.238,4.199529,,5436.0,0.0,0.00152,100.0,3.705696230257056
2176.0,2.43118,2.07881,84.2645,4.199839,,5437.0,0.0,0.00152,100.0,4.0513551822237135
2177.0,2.42374,2.07949,84.2921,4.199529,,5438.0,0.0,0.00152,100.0,3.8793054408752776
2178.0,2.41629,2.08017,84.3199,4.199839,,5439.0,0.0,0.00152,100.0,4.021189758441763
2179.0,2.41257,2.08085,84.3474,4.199529,,5440.0,0.0,0.00152,100.0,4.140291802523029
2180.0,2.40885,2.08153,84.3751,4.199839,,5441.0,0.0,0.00152,100.0,3.8312349631576113
2181.0,2.40327,2.08222,84.4027,4.199839,,5442.0,0.0,0.00152,100.0,3.9043352332271386
2182.0,2.39769,2.0829,84.4303,4.199839,,5443.0,0.0,0.00152,100.0,3.9138328145406502
2183.0,2.39211,2.08357,84.4577,4.199839,,5444.0,0.0,0.00152,100.0,3.9911100262282697
2184.0,2.38467,2.08425,84.4852,4.199839,,5445.0,0.0,0.00152,100.0,4.061649771390677
2185.0,2.38095,2.08493,84.5125,4.199529,,5446.0,0.0,0.00152,100.0,4.04383319307096
2186.0,2.37351,2.0856,84.5398,4.199839,,5447.0,0.0,0.00152,100.0,3.8618519396339175
2187.0,2.37165,2.08631,84.5687,4.199839,,5448.0,0.0,0.00152,100.0,3.913051442436611
2188.0,2.36421,2.08699,84.5964,4.199839,,5449.0,0.0,0.00152,100.0,4.193010216932585
2189.0,2.35677,2.08766,84.6235,4.199839,,5451.0,0.0,0.00152,100.0,4.031074411337635
2190.0,2.35305,2.08833,84.6506,4.199839,,5452.0,0.0,0.00152,100.0,3.7601802996518967
2191.0,2.34933,2.08899,84.6773,4.199839,,5452.0,0.0,0.00152,100.0,4.014916867996932
2192.0,2.34003,2.08965,84.7042,4.199839,,5452.0,0.0,0.00152,100.0,3.8829488979930993
2193.0,2.33631,2.09032,84.7311,4.199839,,,,,,
2194.0,2.33073,2.09095,84.7565,4.199839,,5452.0,-0.66964,0.0,0.0,3.9454659553942473
2195.0,2.32329,2.09165,84.7851,4.199839,,5453.0,-0.6715,0.00021,0.5036,3.978849134806529
2196.0,2.32143,2.09231,84.8118,4.199529,,5454.0,-0.6715,0.00039,0.9432,3.943597297199002
2197.0,2.31771,2.09297,84.8384,4.199839,,5455.0,-0.6715,0.00058,1.4004,3.8726574504138345
2198.0,2.31399,2.09361,84.8648,4.199839,,5456.0,-0.6715,0.00079,1.9128,3.9523259962039794
2199.0,2.30655,2.09427,84.8912,4.199529,,5457.0,-0.6715,0.00098,2.38,3.8738229536703206
2200.0,2.30097,2.09492,84.9177,4.199839,,5458.0,-0.6715,0.00117,2.8422,3.997406811590916
2201.0,2.29353,2.09557,84.9441,4.199839,,5459.0,-0.6715,0.00136,3.3006,3.9182149895294835
2202.0,2.29167,2.09622,84.9704,4.199839,,5460.0,-0.6715,0.00154,3.7314,3.934444192896687
2203.0,2.28609,2.09687,84.9967,4.199839,,5461.0,-0.6715,0.00173,4.1936,3.9099144652128404
2204.0,2.27865,2.09752,85.0229,4.199839,,5462.0,-0.6715,0.00192,4.6571,3.8646700288058424
2205.0,2.27493,2.09816,85.049,4.199839,,5463.0,-0.6715,0.00212,5.1557,3.8913189936488073
2206.0,2.27121,2.09877,85.0738,4.199529,,5464.0,-0.6715,0.00231,5.6229,3.771043345500875
2207.0,2.26377,2.09941,85.0999,4.199839,,5465.0,-0.6715,0.0025,6.0888,3.80531508239186
2208.0,2.2619,2.10005,85.1256,4.199839,,5467.0,-0.6715,0.00271,6.5837,4.0720748262608195
2210.0,2.2526,2.10075,85.154,4.199839,,5468.0,-0.6715,0.0029,7.0421,3.8557185105584275
2211.0,2.25074,2.10138,85.1794,4.199839,,5469.0,-0.6715,0.00309,7.5043,3.849140451162606
2212.0,2.24702,2.10197,85.2034,4.199839,,5470.0,-0.6715,0.00328,7.9715,4.065862602499634
2213.0,2.23958,2.1026,85.2291,4.199839,,5471.0,-0.6715,0.00348,8.4475,3.928704185304188
2214.0,2.23772,2.10329,85.2569,4.199839,,5472.0,-0.67336,0.00367,8.911,3.9801294911850458
2215.0,2.22842,2.1039,85.2815,4.199839,,5473.0,-0.6715,0.00386,9.3782,4.000190828462224
2216.0,2.22098,2.10454,85.3076,4.199529,,5474.0,-0.6715,0.00405,9.8404,4.1012131024567795
2217.0,2.22098,2.10518,85.3336,4.199839,,5475.0,-0.6715,0.00424,10.3076,3.9079951337192664
2218.0,2.21354,2.10582,85.3593,4.199839,,5476.0,-0.6715,0.00442,10.7522,3.9705874596778403
2219.0,2.20796,2.10648,85.3864,4.199529,,5477.0,-0.6715,0.00462,11.2332,4.0347964411421975
2220.0,2.2061,2.1071,85.4115,4.199839,,5478.0,-0.6715,0.00481,11.6992,3.962794472212446
2221.0,2.1968,2.10773,85.4371,4.199529,,5479.0,-0.6715,0.005,12.1576,3.898374551934866
2222.0,2.19308,2.10837,85.4631,4.199529,,5480.0,-0.6715,0.0052,12.6512,3.9482070017015376
2223.0,2.19122,2.109,85.4882,4.199839,,5481.0,-0.6715,0.0054,13.1184,3.8269256317312053
2224.0,2.18378,2.10962,85.5134,4.199839,,5482.0,-0.6715,0.00559,13.5818,3.6815336818180673
2225.0,2.1782,2.11023,85.5382,4.199529,,5483.0,-0.6715,0.00578,14.044,3.95503031355401
2226.0,2.17634,2.11085,85.5632,4.199839,,5484.0,-0.6715,0.00597,14.5062,4.038504021181619
2227.0,2.17076,2.11147,85.5884,4.199839,,5485.0,-0.6715,0.00616,14.9646,3.929437171303169
2228.0,2.16518,2.11208,85.6133,4.199529,,5486.0,-0.6715,0.00634,15.418,4.016688836113962
2229.0,2.16518,2.1127,85.6384,4.199839,,5487.0,-0.6715,0.00654,15.8853,4.005507804912404
2230.0,2.1596,2.11326,85.661,4.199839,,5487.0,-0.6715,0.00654,15.8853,4.12422446077509
2231.0,2.15216,2.11393,85.6882,4.199839,,5487.0,-5.40365,0.00654,15.8853,3.847714555712746
2232.0,2.14844,2.11453,85.7126,4.199839,,5488.0,-5.40737,0.00823,20.0111,3.4991206367195193
2233.0,2.14472,2.11511,85.7361,4.199529,,5489.0,-5.40551,0.00976,23.7349,3.7409336321571085
2234.0,2.13914,2.11573,85.7611,4.199529,,5490.0,-5.40737,0.0113,27.4576,3.735478012744446
2235.0,2.13356,2.11633,85.7857,4.199839,,5491.0,-5.40365,0.01284,31.2166,3.5952865916457686
2236.0,2.12984,2.11695,85.8106,4.199839,,5492.0,-5.40923,0.01437,34.9405,3.546677855044462
2237.0,2.12426,2.11755,85.8348,4.199529,,5493.0,-5.40737,0.01592,38.7008,3.768498072641769
2238.0,2.12054,2.11815,85.8595,4.199839,,5494.0,-5.40551,0.0175,42.5327,3.821883489893356
2239.0,2.11682,2.11875,85.8838,4.199529,,5495.0,-5.40737,0.01865,45.3436,3.5892614045922753
2240.0,2.10938,2.11935,85.9081,4.199839,,5495.0,-3.37426,0.01865,45.3436,3.951015600106139
2241.0,2.10565,2.12,85.9344,4.199839,,5496.0,-3.37984,0.01961,47.6708,3.613019540210504
2242.0,2.10193,2.1206,85.9586,4.199839,,5497.0,-3.37984,0.02058,50.0207,3.6637861512479324
2243.0,2.09821,2.12119,85.9825,4.199529,,5498.0,-3.37798,0.02153,52.3254,3.8007865002475163
2244.0,2.09821,2.12174,86.0047,4.199529,,5499.0,-3.37798,0.02249,54.6753,3.8411321918302317
2245.0,2.09077,2.1224,86.0315,4.199529,,5500.0,-3.37984,0.02345,57.0013,3.755802552316927
2246.0,2.08705,2.12298,86.055,4.199529,,5501.0,-3.37798,0.02442,59.3512,4.025257637659951
2247.0,2.07961,2.12357,86.079,4.199839,,5502.0,-3.37798,0.02538,61.6998,3.6770993158020584
2248.0,2.07589,2.12416,86.1028,4.199529,,5503.0,-3.37798,0.02634,64.0271,3.8180437811181003
2249.0,2.07217,2.12475,86.1267,4.199839,,5504.0,-3.37798,0.02731,66.377,3.7444672237772307
2251.0,2.07031,2.12533,86.1504,4.199839,,5505.0,-3.37984,0.02827,68.7256,3.980855749026916
2252.0,2.06473,2.12591,86.1739,4.199529,,5506.0,-3.37984,0.02925,71.0981,3.7368506844758493
2253.0,2.06287,2.1265,86.1976,4.199839,,5507.0,-3.37798,0.03013,73.242,3.607523427426962
2254.0,2.05729,2.12707,86.2208,4.199839,,5508.0,-3.37798,0.03112,75.6383,3.73173899569056
2255.0,2.05171,2.12764,86.2439,4.199839,,5510.0,-3.37798,0.03221,78.2834,3.8421396301677566
2256.0,2.04613,2.12822,86.2677,4.199839,,5511.0,-3.37984,0.03317,80.6345,3.689213439934275
2257.0,2.04427,2.1288,86.2909,4.199529,,5512.0,-3.37798,0.03411,82.9153,3.7510830889553772
2258.0,2.04055,2.12934,86.3127,4.199529,,5513.0,-3.37984,0.03507,85.2413,3.820197586588229
2259.0,2.03497,2.12991,86.3362,4.199839,,5514.0,-3.37798,0.03604,87.5912,3.6101654179029254
2260.0,2.03125,2.13049,86.3595,4.199839,,5515.0,-3.37798,0.03691,89.7113,3.8833281052812927
2261.0,2.02753,2.13107,86.3828,4.199529,,5516.0,-3.3817,0.03788,92.0825,3.7923741167861498
2262.0,2.02195,2.13163,86.4058,4.199839,,5517.0,-3.37984,0.03885,94.4324,3.8063323450296003
2263.0,2.01823,2.13221,86.429,4.199529,,5518.0,-3.37798,0.03985,96.8526,3.9700289524990753
2264.0,2.01265,2.13278,86.4521,4.199529,,5519.0,-3.37798,0.04077,99.1108,3.9158382136125875
2265.0,2.01079,2.13334,86.475,4.199839,,5519.0,-3.37984,0.04114,100.0,3.6696211956014038
2266.0,2.00707,2.13391,86.4981,4.199529,,5519.0,-3.37984,0.04114,100.0,3.6332261504910184
2267.0,2.00149,2.13448,86.5211,4.199839,,,,,,
2268.0,1.99963,2.13504,86.5441,4.199529,,5519.0,1.34673,0.0,0.0,4.0411920026777635
2269.0,1.99405,2.13561,86.567,4.199839,,5520.0,1.35045,0.0004,13.3678,4.048169613335898
2270.0,1.98847,2.13617,86.5896,4.199839,,5521.0,1.34859,0.00079,26.4944,3.8077750841579645
2271.0,1.98661,2.13673,86.6124,4.199529,,5522.0,1.35045,0.00119,39.621,3.903697747262801
2272.0,1.98103,2.1373,86.6355,4.199839,,5523.0,1.34859,0.00157,52.2481,4.127287791170523
2273.0,1.97917,2.13786,86.6582,4.199529,,5524.0,1.35045,0.00195,64.9957,4.001010264054849
2274.0,1.97173,2.13845,86.682,4.199839,,5525.0,1.35045,0.00232,77.2438,4.013090983439772
2275.0,1.96801,2.13902,86.7053,4.199529,,5526.0,1.34673,0.00271,90.491,4.031380977256652
2276.0,1.96615,2.13958,86.7281,4.199529,,5527.0,1.35045,0.003,100.0,3.9642530905184503
2277.0,1.96057,2.14014,86.7507,4.199839,,5527.0,1.35045,0.003,100.0,4.148057792137599
2278.0,1.95685,2.14072,86.7743,4.199529,,,,,,
2279.0,1.95313,2.14123,86.7949,4.199839,,5527.0,-1.35045,0.0,0.0,3.858437198550009
2280.0,1.95126,2.14179,86.8174,4.199529,,5528.0,-1.35045,0.00039,3.2654,3.7233873337093084
2281.0,1.94568,2.14234,86.84,4.199529,,5529.0,-1.35045,0.00078,6.475,4.0060377252142585
2282.0,1.94196,2.14289,86.8623,4.199529,,5530.0,-1.35045,0.00117,9.7147,4.014431618375837
2283.0,1.93638,2.14344,86.8844,4.199839,,5531.0,-1.35045,0.00155,12.8599,3.9255982594262884
2284.0,1.93452,2.14399,86.9066,4.199529,,5532.0,-1.35045,0.00193,16.0352,3.932098373521669
2285.0,1.9308,2.14453,86.9286,4.199839,,5533.0,-1.35231,0.00239,19.8369,4.073772970865789
2286.0,1.92894,2.14508,86.9509,4.199839,,5534.0,-1.35045,0.00275,22.8277,3.8729081745155947
2287.0,1.92522,2.14565,86.9739,4.199839,,5536.0,-1.35231,0.00317,26.3463,3.954945087446824
2288.0,1.91964,2.14619,86.996,4.199839,,5537.0,-1.35231,0.00355,29.4615,4.0210377260205314
2289.0,1.91592,2.14674,87.0182,4.199839,,5538.0,-1.35045,0.00393,32.6411,3.953111501220588
2290.0,1.9122,2.14728,87.04,4.199839,,5539.0,-1.34859,0.00433,35.9708,3.8893992901619843
2291.0,1.90662,2.14782,87.0621,4.199529,,5540.0,-1.34859,0.0047,38.9916,3.6363800630537644
2292.0,1.9029,2.14835,87.0833,4.199839,,5541.0,-1.35045,0.00512,42.4802,3.848287298588776
2293.0,1.9029,2.14889,87.1054,4.199529,,5542.0,-1.35045,0.00551,45.7498,4.09489203483132
2294.0,1.89546,2.14943,87.1272,4.199529,,5543.0,-1.35045,0.00587,48.7063,3.8288791504726243
2295.0,1.89174,2.14997,87.1492,4.199839,,5544.0,-1.34859,0.00626,52.006,3.741847363985238
2296.0,1.88988,2.15052,87.1715,4.199839,,5545.0,-1.34859,0.00666,55.2757,3.687158735111952
2297.0,1.88244,2.15105,87.1928,4.199839,,5546.0,-1.35231,0.0071,58.953,3.9106611606002057
2299.0,1.88058,2.15159,87.2148,4.199839,,5547.0,-1.34673,0.00747,62.0639,3.933084849679164
2300.0,1.87872,2.15213,87.2366,4.199839,,5548.0,-1.34859,0.00786,65.2435,3.8382597933174716
2301.0,1.87314,2.1527,87.2596,4.199839,,5549.0,-1.34859,0.00824,68.4531,3.9783776202657353
2302.0,1.86942,2.15323,87.2811,4.199839,,5550.0,-1.35231,0.00863,71.6584,3.9325092405009032
2303.0,1.86384,2.15376,87.3026,4.199839,,5551.0,-1.35231,0.00903,74.9925,3.8798054229778054
2304.0,1.86198,2.15428,87.324,4.199839,,5552.0,-1.35045,0.00945,78.4767,3.868185935126513
2305.0,1.8564,2.15481,87.3454,4.199839,,5553.0,-1.35045,0.00982,81.5619,3.932143573341608
2306.0,1.85454,2.15534,87.3667,4.199529,,5554.0,-1.35045,0.01021,84.7715,3.751849455754519
2307.0,1.84896,2.15586,87.3878,4.199529,,5556.0,-1.35045,0.01068,88.6934,3.886260079833615
2308.0,1.8471,2.15638,87.409,4.199839,,5557.0,-1.35045,0.01107,91.903,3.76521955989769
2309.0,1.84338,2.15691,87.4304,4.199839,,5558.0,-1.35045,0.01142,94.8638,3.723644726305191
2310.0,1.83966,2.15743,87.4516,4.199529,,5559.0,-1.34859,0.01185,98.3823,3.819266151421965
2311.0,1.8378,2.15795,87.4725,4.199529,,5559.0,-1.35045,0.01204,100.0,3.912512141762723
2312.0,1.83594,2.15847,87.4936,4.199529,,5559.0,-1.35045,0.01204,100.0,3.7377297173532646
2313.0,1.83036,2.15899,87.5146,4.199839,,,,,,
2314.0,1.8285,2.15951,87.5356,4.199529,,5559.0,2.70647,0.0,0.0,3.9262280234887403
2315.0,1.82478,2.16,87.5556,4.199529,,5560.0,2.70275,0.00078,12.9499,4.313446679743339
2316.0,1.8192,2.1605,87.5761,4.199839,,5561.0,2.69903,0.00148,24.5286,4.227216407771676
2317.0,1.81734,2.16104,87.5978,4.199529,,5562.0,2.70275,0.0023,38.1042,4.097857875195842
2318.0,1.81362,2.16155,87.6187,4.199839,,5563.0,2.70461,0.00308,51.0542,4.028126419393154
2319.0,1.8099,2.16203,87.638,4.199529,,5564.0,2.70275,0.00384,63.7641,4.024977310185341
2320.0,1.80618,2.16254,87.6588,4.199529,,5565.0,2.70089,0.00456,75.5914,4.267256163128426
2321.0,1.80246,2.16309,87.681,4.199839,,5566.0,2.70461,0.00536,88.9184,4.095169850746881
2322.0,1.80246,2.16356,87.6998,4.199529,,5567.0,2.70275,0.00603,100.0,4.088811040942392
2323.0,1.79688,2.16407,87.7205,4.199839,,5567.0,0.0,0.00603,100.0,3.898609491193908
2324.0,1.79129,2.16458,87.7413,4.199839,,5568.0,0.0,0.00603,100.0,4.07228335432228
2325.0,1.78943,2.16509,87.7618,4.199529,,5569.0,0.0,0.00603,100.0,3.915490834719134
2326.0,1.78571,2.16558,87.782,4.199839,,5570.0,0.0,0.00603,100.0,4.101527406518961
2327.0,1.78199,2.1661,87.8028,4.199839,,5571.0,0.0,0.00603,100.0,3.891701477905242
2328.0,1.78013,2.16661,87.8235,4.199839,,5572.0,0.0,0.00603,100.0,3.9575298869971784
2329.0,1.77641,2.16713,87.8447,4.199839,,5573.0,0.0,0.00603,100.0,4.032335961491835
2330.0,1.77083,2.16761,87.8643,4.199529,,5574.0,0.0,0.00603,100.0,3.9702856228221868
2331.0,1.76897,2.16811,87.8846,4.199839,,5575.0,0.0,0.00603,100.0,3.874576356910175
2332.0,1.76711,2.16861,87.9045,4.199839,,5577.0,0.0,0.00603,100.0,4.072310128776221
2333.0,1.76339,2.16912,87.9252,4.199839,,5578.0,0.0,0.00603,100.0,4.050447795206465
2334.0,1.75967,2.16961,87.9452,4.199839,,5579.0,0.0,0.00603,100.0,3.92011709686378
2335.0,1.75409,2.17011,87.9654,4.199839,,5580.0,0.0,0.00603,100.0,3.9524006737296973
2336.0,1.75223,2.1706,87.9855,4.199839,,5581.0,0.0,0.00603,100.0,3.894815734591026
2337.0,1.74851,2.1711,88.0056,4.199839,,5582.0,0.0,0.00603,100.0,4.093240010126106
2338.0,1.74479,2.17161,88.0265,4.199839,,5583.0,0.0,0.00603,100.0,4.0948281808593885
2339.0,1.74107,2.17211,88.0465,4.199529,,5584.0,0.0,0.00603,100.0,3.9610714713544137
2340.0,1.73735,2.1726,88.0665,4.199529,,5585.0,0.0,0.00603,100.0,3.8795566918206785
2341.0,1.73363,2.1731,88.0866,4.199839,,5586.0,0.0,0.00603,100.0,4.029145524935316
2342.0,1.72991,2.17358,88.1063,4.199839,,5587.0,0.0,0.00603,100.0,4.036325631800139
2343.0,1.72805,2.17408,88.1262,4.199529,,5588.0,0.0,0.00603,100.0,3.8249642589797284
2344.0,1.72805,2.17456,88.146,4.199839,,5589.0,0.0,0.00603,100.0,4.02603006142033
2345.0,1.72247,2.17505,88.1658,4.199529,,5590.0,0.0,0.00603,100.0,3.9354240957992492
2346.0,1.71875,2.17555,88.1858,4.199529,,5591.0,0.0,0.00603,100.0,4.144739481092633
2347.0,1.71503,2.17603,88.2055,4.199529,,5592.0,0.0,0.00603,100.0,3.838825555925911
2348.0,1.71131,2.17652,88.2252,4.199529,,5593.0,0.0,0.00603,100.0,4.06349699174084
2349.0,1.70945,2.17701,88.2453,4.199839,,5594.0,0.0,0.00603,100.0,4.002263044832272
2350.0,1.70759,2.1775,88.2649,4.199839,,5595.0,0.0,0.00603,100.0,3.9601490944072606
2352.0,1.70201,2.17798,88.2845,4.199529,,5596.0,0.0,0.00603,100.0,3.9910252608406975
2353.0,1.70201,2.17851,88.3059,4.199529,,5597.0,0.0,0.00603,100.0,3.773070707159892
2354.0,1.69643,2.179,88.326,4.199839,,5598.0,0.0,0.00603,100.0,4.068068001911606
2355.0,1.69271,2.17948,88.3455,4.199529,,5599.0,0.0,0.00603,100.0,3.651668234550171
2356.0,1.69271,2.17998,88.3655,4.199839,,5600.0,0.0,0.00603,100.0,3.891010931835479
2357.0,1.68713,2.18046,88.3849,4.199529,,5601.0,0.0,0.00603,100.0,3.988618195262189
2358.0,1.68341,2.18093,88.404,4.199839,,5602.0,0.0,0.00603,100.0,4.027814620581488
2359.0,1.68341,2.18141,88.4234,4.199839,,5603.0,0.0,0.00603,100.0,3.7858023936268035
2360.0,1.67783,2.18188,88.4426,4.199529,,5604.0,0.0,0.00603,100.0,4.009053774577628
2361.0,1.67597,2.18237,88.4625,4.199529,,5605.0,0.0,0.00603,100.0,3.963203122048988
2362.0,1.67039,2.18282,88.4805,4.199839,,5606.0,0.0,0.00603,100.0,3.860693393863957
2363.0,1.66853,2.18329,88.4997,4.199839,,5606.0,0.0,0.00603,100.0,4.073528450514213
2364.0,1.66667,2.18381,88.5207,4.199529,,5607.0,0.0,0.00603,100.0,3.797413227337429
2365.0,1.66295,2.1843,88.5406,4.199839,,5608.0,0.0,0.00603,100.0,3.9214391481454878
2366.0,1.65923,2.18477,88.5596,4.199839,,5609.0,0.0,0.00603,100.0,3.712773855077204
2367.0,1.65737,2.18524,88.5787,4.199839,,5610.0,0.0,0.00603,100.0,3.9537760982434116
2368.0,1.65365,2.1857,88.5975,4.199839,,5611.0,0.0,0.00603,100.0,3.931754585946111
2369.0,1.64993,2.18617,88.6165,4.199839,,5612.0,0.0,0.00603,100.0,3.94789691593374
2370.0,1.64621,2.1866,88.6341,4.199839,,5613.0,0.0,0.00603,100.0,4.123020325698576
2371.0,1.64435,2.18707,88.653,4.199839,,5614.0,0.0,0.00603,100.0,3.913228210912416
2372.0,1.64249,2.18755,88.6722,4.199839,,5615.0,0.0,0.00603,100.0,3.951950590031431
2373.0,1.6369,2.18802,88.6916,4.199529,,5616.0,0.0,0.00603,100.0,3.9896876137580297
2374.0,1.63504,2.18849,88.7106,4.199529,,5618.0,0.0,0.00603,100.0,3.9565357468865066
2375.0,1.63132,2.18896,88.7295,4.199839,,5619.0,0.0,0.00603,100.0,3.777871506443516
2376.0,1.6276,2.18942,88.7482,4.199839,,5620.0,0.0,0.00603,100.0,3.818087368222099
2377.0,1.62574,2.18991,88.768,4.199839,,5621.0,0.0,0.00603,100.0,4.0476015013310285
2378.0,1.62202,2.19038,88.7872,4.199839,,5622.0,0.0,0.00603,100.0,3.8458308929847274
2379.0,1.62016,2.19085,88.806,4.199839,,5623.0,0.0,0.00603,100.0,4.014979752747719
2380.0,1.61644,2.19131,88.8248,4.199839,,5623.0,0.0,0.00603,100.0,4.116221085582066
2381.0,1.61272,2.19174,88.8421,4.199839,,5623.0,0.0,0.00603,100.0,3.7695990843547236
2383.0,1.61086,2.19221,88.8611,4.199839,,,,,,
2384.0,1.609,2.19267,88.8798,4.199839,,5623.0,-0.66964,0.0,0.0,3.96203703066165
2385.0,1.60528,2.19313,88.8986,4.199839,,5624.0,-0.6715,0.00019,1.9288,3.952502386793572
2386.0,1.60342,2.1936,88.9175,4.199529,,5625.0,-0.6715,0.00038,3.937,4.102184862442626
2387.0,1.5997,2.19406,88.9363,4.199839,,5626.0,-0.6715,0.00057,5.887,3.9838182275606466
2388.0,1.59598,2.19452,88.9548,4.199839,,5627.0,-0.6715,0.00076,7.837,3.9452630777400763
2389.0,1.59412,2.19501,88.9747,4.199839,,5628.0,-0.6715,0.00095,9.7923,3.8299170125627593
2390.0,1.5904,2.19542,88.9916,4.199529,,5629.0,-0.6715,0.00115,11.7423,3.8204864153171925
2391.0,1.58668,2.19588,89.01,4.199529,,5630.0,-0.6715,0.00134,13.6922,3.9002191893184337
2392.0,1.58482,2.19633,89.0282,4.199839,,5631.0,-0.6715,0.00153,15.6634,3.657913764211608
2393.0,1.5811,2.19679,89.0468,4.199839,,5633.0,-0.6715,0.00173,17.7512,3.8429040194590467
2394.0,1.57924,2.19725,89.0656,4.199839,,5634.0,-0.6715,0.00192,19.7011,3.906818908932873
2395.0,1.57924,2.1977,89.0839,4.199529,,5635.0,-0.6715,0.00211,21.6511,3.8942319147663986
2396.0,1.5718,2.19816,89.1024,4.199529,,5636.0,-0.6715,0.0023,23.6011,3.954441441175474
2397.0,1.56994,2.19865,89.1222,4.199529,,5637.0,-0.6715,0.00249,25.5511,3.8904217496580364
2398.0,1.56808,2.19909,89.1404,4.199529,,5638.0,-0.6715,0.00268,27.5064,3.879391968687107
2399.0,1.56622,2.19954,89.1585,4.199529,,5639.0,-0.6715,0.00287,29.4351,4.00106187932107
2400.0,1.56436,2.19999,89.1769,4.199839,,5640.0,-0.6715,0.00306,31.3904,3.7610262698276937
2401.0,1.5625,2.20045,89.1953,4.199839,,5641.0,-0.67336,0.00325,33.3033,3.8234856621749325
2402.0,1.55692,2.2009,89.2134,4.199529,,5642.0,-0.6715,0.00344,35.2904,4.0263781214317
2403.0,1.55506,2.20134,89.2312,4.199839,,5643.0,-0.6715,0.00363,37.2033,3.92952097255287
2404.0,1.55134,2.20178,89.2493,4.199839,,5644.0,-0.6715,0.0038,39.0208,3.718377203669625
2405.0,1.54762,2.20222,89.2672,4.199839,,5645.0,-0.6715,0.004,41.0502,3.919599308923088
2406.0,1.5439,2.20267,89.2851,4.199839,,5646.0,-0.6715,0.0042,43.1009,4.044561585401296
2407.0,1.54204,2.20311,89.3032,4.199839,,5647.0,-0.6715,0.00439,44.9714,3.9251196928475705
2408.0,1.53832,2.20355,89.3211,4.199839,,5648.0,-0.6715,0.00458,46.9267,3.9146207075031865
2409.0,1.53646,2.20395,89.3374,4.199529,,5649.0,-0.6715,0.00478,49.0303,3.736752918987148
2410.0,1.53274,2.20439,89.3552,4.199839,,5650.0,-0.6715,0.00496,50.8849,3.898515494586625
2411.0,1.53088,2.20483,89.3728,4.199529,,5651.0,-0.6715,0.00517,52.9727,3.876344782578213
2412.0,1.53088,2.20526,89.3904,4.199839,,5651.0,-0.6715,0.00523,53.6615,4.147712519992112
2413.0,1.5253,2.2057,89.4083,4.199839,,5651.0,-1.35045,0.00523,53.6615,3.796534421569856
2415.0,1.52158,2.20614,89.4259,4.199529,,5652.0,-1.35045,0.00565,57.8953,3.7546176393636426
2416.0,1.51972,2.20658,89.4439,4.199529,,5653.0,-1.35045,0.00601,61.6257,3.748057771479301
2417.0,1.51786,2.20703,89.4619,4.199839,,5654.0,-1.35045,0.00639,65.5468,3.7901813298710714
2418.0,1.51414,2.20746,89.4793,4.199839,,5655.0,-1.35045,0.00678,69.5104,3.993267057183117
2419.0,1.51228,2.20789,89.4968,4.199529,,5657.0,-1.34859,0.00717,73.5057,4.035507070029722
2420.0,1.50856,2.20832,89.5142,4.199529,,5658.0,-1.35045,0.00755,77.4269,4.053678836337212
2421.0,1.50856,2.20875,89.5319,4.199839,,5659.0,-1.34859,0.00796,81.5812,3.9191559729245538
2422.0,1.50484,2.20918,89.549,4.199529,,5660.0,-1.35231,0.00835,85.6613,3.9291084564007774
2423.0,1.50112,2.2096,89.5661,4.199529,,5661.0,-1.35045,0.00872,89.3864,3.919762774830481
2424.0,1.49926,2.21003,89.5837,4.199529,,5662.0,-1.35045,0.00913,93.6202,3.8264829217901237
2425.0,1.4974,2.21048,89.6021,4.199529,,5663.0,-1.35231,0.00951,97.5413,3.875487666769071
2426.0,1.49554,2.21092,89.6199,4.199529,,5663.0,-1.34859,0.00975,100.0,3.965579367967286
2427.0,1.49554,2.21135,89.6371,4.199839,,5663.0,-1.34859,0.00975,100.0,3.8312962724139124
2428.0,1.49368,2.21182,89.6561,4.199529,,,,,,
2429.0,1.48624,2.21222,89.6723,4.199529,,5663.0,0.66964,0.0,0.0,3.7998325454215642
2430.0,1.48624,2.21265,89.6899,4.199839,,5664.0,0.67522,0.0002,13.1606,3.9338617633106105
2431.0,1.48065,2.21308,89.7071,4.199529,,5665.0,0.6715,0.00039,25.5711,3.8960684587055723
2432.0,1.47879,2.21349,89.7241,4.199839,,5666.0,0.67522,0.00058,38.1521,3.8763718618623018
2433.0,1.47879,2.21392,89.7412,4.199839,,5668.0,0.67894,0.00076,50.358,4.153450935488454
2434.0,1.47507,2.21434,89.7582,4.199839,,5669.0,0.6715,0.00101,66.5189,4.0291268537981235
2435.0,1.47321,2.21475,89.7751,4.199839,,5670.0,0.66964,0.0012,79.2022,4.073371486587189
2436.0,1.46949,2.21518,89.7923,4.199839,,5671.0,0.6715,0.00138,91.1354,3.8819309081666464
2437.0,1.46577,2.21559,89.8092,4.199529,,5671.0,0.6715,0.00152,100.0,3.969134924472422
2438.0,1.46577,2.21601,89.8262,4.199839,,5671.0,0.0,0.00152,100.0,3.8161380360761212
2439.0,1.46205,2.21643,89.843,4.199839,,5672.0,0.0,0.00152,100.0,4.08429035008912
2440.0,1.46019,2.21685,89.8599,4.199529,,5674.0,0.0,0.00152,100.0,4.054694254837173
2441.0,1.45647,2.21727,89.8772,4.199529,,5675.0,0.0,0.00152,100.0,3.987202825195251
2442.0,1.45647,2.21769,89.8943,4.199839,,5676.0,0.0,0.00152,100.0,3.8485818576351325
2443.0,1.45089,2.21811,89.9112,4.199529,,5677.0,0.0,0.00152,100.0,3.822162763948799
2445.0,1.44903,2.21852,89.9279,4.199839,,5678.0,0.0,0.00152,100.0,4.110389081061733
2446.0,1.44531,2.21893,89.9445,4.199529,,5679.0,0.0,0.00152,100.0,4.010886615852762
2447.0,1.44345,2.21935,89.9614,4.199529,,5680.0,0.0,0.00152,100.0,3.896230009922865
2448.0,1.44345,2.21976,89.9781,4.199529,,5681.0,0.0,0.00152,100.0,3.9787102520413393
2449.0,1.43787,2.22017,89.9949,4.199839,,5682.0,0.0,0.00152,100.0,4.047910766312425
2450.0,1.43601,2.22058,90.0114,4.199529,,5683.0,0.0,0.00152,100.0,3.892632396189087
2451.0,1.43415,2.221,90.0282,4.199529,,5684.0,0.0,0.00152,100.0,4.076451328149931
2452.0,1.42857,2.22141,90.0448,4.199529,,5685.0,0.0,0.00152,100.0,3.9406433422773355
2453.0,1.42857,2.22181,90.0611,4.199529,,5686.0,0.0,0.00152,100.0,4.0033352439467516
2454.0,1.42857,2.22221,90.0773,4.199839,,5687.0,0.0,0.00152,100.0,3.9642369936052986
2455.0,1.42671,2.22262,90.0939,4.199839,,5687.0,0.0,0.00152,100.0,3.9562191312055384
2456.0,1.42485,2.22305,90.1114,4.199839,,5687.0,0.0,0.00152,100.0,3.9601308763963097
2457.0,1.41927,2.22342,90.1266,4.199839,,,,,,
2458.0,1.41741,2.22383,90.143,4.199529,,5687.0,-0.6715,0.0,0.0,3.888742354421522
2459.0,1.41741,2.22423,90.1593,4.199839,,5688.0,-0.6715,0.00019,0.9164,3.8897598517710232
2460.0,1.41369,2.22463,90.1755,4.199839,,5690.0,-0.6715,0.0004,1.9051,3.9534886227256294
2461.0,1.41183,2.22505,90.1926,4.199529,,5691.0,-0.6715,0.00057,2.7518,3.791578463475964
2462.0,1.40997,2.22545,90.2088,4.199839,,5692.0,-0.6715,0.0008,3.8475,3.880869481347537
2463.0,1.40997,2.22585,90.2251,4.199839,,5693.0,-0.6715,0.00098,4.7116,3.8916706625529636
2464.0,1.40625,2.22626,90.2415,4.199529,,5694.0,-0.6715,0.00118,5.6903,3.963956145283935
2465.0,1.40253,2.22665,90.2572,4.199839,,5695.0,-0.6715,0.00136,6.5345,4.010221827188838
2466.0,1.40067,2.22708,90.2746,4.199529,,5696.0,-0.6715,0.00156,7.5257,4.05586018041007
2467.0,1.39881,2.22748,90.2908,4.199839,,5697.0,-0.6715,0.00175,8.4321,4.0756935198245765
2468.0,1.39695,2.22786,90.3065,4.199839,,5698.0,-0.6715,0.00195,9.3859,3.8561241278933975
2469.0,1.39323,2.22824,90.3217,4.199529,,5699.0,-0.6715,0.00214,10.3297,4.053098166938898
2470.0,1.39137,2.22864,90.3379,4.199839,,5700.0,-0.6715,0.00233,11.2387,3.8906169157544688
2471.0,1.38765,2.22903,90.354,4.199529,,5701.0,-0.6715,0.00252,12.1551,3.8189382839424106
2472.0,1.38765,2.22943,90.37,4.199529,,5702.0,-0.6715,0.00271,13.0715,3.9517598439579507
2473.0,1.38393,2.22983,90.3862,4.199839,,5703.0,-0.67336,0.0029,13.9879,4.041326531064885
2474.0,1.38021,2.23023,90.4024,4.199529,,5704.0,-0.6715,0.00309,14.9069,3.836008751968594
2475.0,1.37835,2.23062,90.4184,4.199839,,5705.0,-0.6715,0.00328,15.8059,3.830180397112355
2476.0,1.37649,2.23104,90.4351,4.199529,,5706.0,-0.6715,0.00347,16.7223,4.064130837195261
2477.0,1.37463,2.2314,90.4498,4.199529,,5707.0,-0.6715,0.00366,17.6387,3.978388031031813
2478.0,1.37091,2.23181,90.4664,4.199529,,5708.0,-0.6715,0.00385,18.5576,3.9508020364857095
2479.0,1.36905,2.2322,90.4823,4.199839,,5709.0,-0.67336,0.00404,19.4741,3.732047671054336
2480.0,1.36719,2.23259,90.4982,4.199529,,5710.0,-0.6715,0.00422,20.3556,3.7601211093317755
2481.0,1.36533,2.23298,90.5139,4.199529,,5711.0,-0.6715,0.00442,21.3169,3.8411649139673525
2482.0,1.36533,2.23337,90.5297,4.199529,,5712.0,-0.6715,0.00461,22.2358,4.010013216615643
2484.0,1.36161,2.23376,90.5455,4.199839,,5713.0,-0.6715,0.0048,23.1248,3.9024679716332984
2485.0,1.35975,2.23415,90.5613,4.199839,,5714.0,-0.6715,0.00501,24.1334,3.8617956393902118
2486.0,1.35789,2.23453,90.5769,4.199529,,5715.0,-0.6715,0.0052,25.0573,4.036347672973171
2487.0,1.35603,2.23492,90.5926,4.199529,,5716.0,-0.6715,0.00539,25.9837,3.851233579724678
2488.0,1.35231,2.23531,90.6083,4.199839,,5717.0,-0.6715,0.00558,26.8926,3.727450678423529
2489.0,1.35045,2.23569,90.6239,4.199529,,5718.0,-0.6715,0.00577,27.809,3.921208361227173
2490.0,1.35045,2.23607,90.6393,4.199529,,5719.0,-0.6715,0.00596,28.728,3.913235723643568
2491.0,1.34487,2.23646,90.655,4.199839,,5720.0,-0.6715,0.00615,29.6444,3.8919760988343044
2492.0,1.34487,2.23686,90.6713,4.199529,,5721.0,-0.6715,0.00634,30.5633,3.883191448565886
2493.0,1.34301,2.23723,90.686,4.199529,,5722.0,-0.6715,0.00653,31.4797,4.054439393919527
2494.0,1.33929,2.23761,90.7015,4.199839,,5723.0,-0.6715,0.00672,32.3962,4.054698775821728
2495.0,1.33929,2.23799,90.7171,4.199529,,5725.0,-0.6715,0.00691,33.3126,3.8385758502366096
2496.0,1.33557,2.23837,90.7326,4.199839,,5726.0,-0.67336,0.0071,34.2315,3.9170604194245935
2497.0,1.33557,2.23875,90.7478,4.199839,,5727.0,-0.6715,0.00729,35.1579,4.004647949844412
2498.0,1.33371,2.23913,90.7631,4.199839,,5728.0,-0.6715,0.00748,36.0644,3.812417992381878
2499.0,1.32813,2.23951,90.7785,4.199839,,5729.0,-0.6715,0.00767,36.9808,3.985071385357195
2500.0,1.32626,2.23989,90.7939,4.199839,,5730.0,-0.6715,0.00787,37.9346,3.7925705646061236
2501.0,1.32626,2.24027,90.8093,4.199529,,5731.0,-0.6715,0.00805,38.7887,3.948295886049698
2502.0,1.32254,2.24065,90.8247,4.199839,,5732.0,-0.6715,0.00824,39.7076,3.9458933548777364
2503.0,1.32068,2.24102,90.8399,4.199839,,5733.0,-0.67336,0.00846,40.7785,3.8404196581687358
2504.0,1.31696,2.2414,90.8551,4.199839,,5734.0,-0.6715,0.00864,41.6326,3.9851272742956745
2505.0,1.31882,2.24178,90.8704,4.199529,,5735.0,-0.6715,0.00883,42.559,3.8964763931508
2506.0,1.3151,2.24215,90.8856,4.199529,,5736.0,-0.6715,0.00902,43.4754,4.0261437765235035
2507.0,1.31324,2.24252,90.9007,4.199529,,5737.0,-0.6715,0.00921,44.4018,3.9586797479499136
2508.0,1.31138,2.24294,90.9175,4.199839,,5738.0,-0.6715,0.0094,45.3183,3.9561698750185377
2509.0,1.30766,2.24331,90.9326,4.199529,,5739.0,-0.6715,0.0096,46.2446,3.8487347143991397
2510.0,1.3058,2.24369,90.9479,4.199529,,5740.0,-0.6715,0.00979,47.1636,3.7276670997936385
2511.0,1.30394,2.24406,90.963,4.199839,,5741.0,-0.6715,0.00998,48.0974,3.9026397984341523
2512.0,1.30208,2.24443,90.9781,4.199839,,5742.0,-0.67336,0.01017,49.0238,3.866298124354819
2513.0,1.30022,2.2448,90.9929,4.199839,,5743.0,-0.67336,0.01036,49.9328,3.9957720191216266
2514.0,1.29836,2.24514,91.0069,4.199839,,5744.0,-0.6715,0.01055,50.8591,4.030995933813962
2515.0,1.29836,2.24551,91.0219,4.199839,,5745.0,-0.6715,0.01075,51.8104,4.052638025909126
2516.0,1.29464,2.24588,91.0369,4.199839,,5746.0,-0.6715,0.01095,52.7543,3.9552334229234707
2517.0,1.29092,2.24625,91.0518,4.199839,,5747.0,-0.6715,0.01115,53.718,3.8635643427334307
2518.0,1.29278,2.24662,91.0666,4.199839,,5748.0,-0.67336,0.01134,54.6444,3.8067814305765775
2520.0,1.29092,2.24699,91.0816,4.199839,,5749.0,-0.6715,0.01153,55.5508,3.908319539269832
2521.0,1.28906,2.24735,91.0966,4.199839,,5750.0,-0.6715,0.01172,56.4698,3.756231268841883
2522.0,1.28534,2.24772,91.1114,4.199529,,5751.0,-0.6715,0.01191,57.3862,3.8879146658765014
2523.0,1.28534,2.24809,91.1263,4.199839,,5752.0,-0.6715,0.0121,58.3026,4.0452020315676025
2524.0,1.28348,2.24845,91.1412,4.199839,,5753.0,-0.6715,0.01231,59.3187,3.800340123767322
2525.0,1.28162,2.2488,91.1553,4.199529,,5755.0,-0.6715,0.01251,60.3173,3.9958223910718664
2526.0,1.2779,2.2492,91.1713,4.199529,,5756.0,-0.6715,0.01271,61.2611,3.892813036692248
2527.0,1.27604,2.24956,91.1861,4.199529,,5757.0,-0.6715,0.0129,62.18,4.134441045923538
2528.0,1.27604,2.24993,91.2011,4.199839,,5758.0,-0.6715,0.0131,63.1587,3.7362336929614433
2529.0,1.27418,2.2503,91.2159,4.199529,,5759.0,-0.6715,0.0133,64.0776,3.7551078568736607
2530.0,1.27232,2.25066,91.2305,4.199529,,5760.0,-0.6715,0.01348,64.9865,3.907065342647786
2531.0,1.27046,2.25102,91.2451,4.199839,,5761.0,-0.6715,0.01367,65.903,4.047765500999394
2532.0,1.26674,2.25137,91.2595,4.199839,,5762.0,-0.67336,0.01386,66.8194,3.9113157500091713
2533.0,1.26116,2.25171,91.2731,4.199839,,5763.0,-0.67336,0.01404,67.6761,4.077072213277595
2534.0,1.26302,2.25207,91.2877,4.199529,,5764.0,-0.6715,0.01423,68.5925,4.001060255373079
2535.0,1.2593,2.25243,91.3022,4.199529,,5765.0,-0.6715,0.01443,69.5637,3.7939658612595863
2536.0,1.26116,2.2528,91.3173,4.199529,,5766.0,-0.6715,0.01462,70.4702,3.9452044760531844
2537.0,1.2593,2.25316,91.3317,4.199839,,5767.0,-0.6715,0.01481,71.3966,4.089394373774316
2538.0,1.25744,2.25351,91.3462,4.199839,,5768.0,-0.6715,0.015,72.3055,3.810489750555505
2539.0,1.25744,2.25388,91.3609,4.199529,,5769.0,-0.6715,0.01518,73.1422,3.90149492578689
2540.0,1.25372,2.25423,91.3755,4.199529,,5770.0,-0.6715,0.01537,74.0587,3.9108876242429322
2541.0,1.25186,2.25459,91.3898,4.199529,,5771.0,-0.6715,0.01559,75.1195,3.9562647758870053
2542.0,1.25186,2.25494,91.4042,4.199529,,5772.0,-0.6715,0.01577,76.0285,3.814015975781004
2543.0,1.24814,2.2553,91.4187,4.199529,,5773.0,-0.6715,0.01597,76.9623,4.018059615312665
2544.0,1.24628,2.25565,91.4329,4.199529,,5774.0,-0.6715,0.01616,77.8987,3.796880865514364
2545.0,1.24256,2.25601,91.4473,4.199839,,5775.0,-0.6715,0.01623,78.2224,3.9284622072622617
2546.0,1.24256,2.25636,91.4616,4.199529,,5775.0,-1.34301,0.01623,78.2224,3.878980994864773
2547.0,1.23884,2.25672,91.476,4.199529,,5776.0,-1.35045,0.01663,80.1375,3.7766973420914844
2548.0,1.23698,2.25707,91.4903,4.199839,,5777.0,-1.35231,0.01704,82.1272,3.876742951121214
2549.0,1.23884,2.25742,91.5046,4.199839,,5778.0,-1.35231,0.01742,83.9526,3.9404091906583543
2550.0,1.23698,2.25777,91.5189,4.199529,,5779.0,-1.34859,0.0178,85.778,3.8957651967537426
2551.0,1.23512,2.25812,91.5332,4.199529,,5780.0,-1.35045,0.01821,87.7503,3.9035048680912006
2552.0,1.23326,2.25848,91.5477,4.199839,,5781.0,-1.35045,0.01859,89.5931,3.877723210714581
2553.0,1.2314,2.25883,91.5616,4.199839,,5782.0,-1.35045,0.01897,91.4359,3.7151843829254676
2554.0,1.22954,2.25918,91.5759,4.199839,,5783.0,-1.35045,0.01935,93.2812,3.7982673103586158
2555.0,1.22582,2.25953,91.5901,4.199839,,5784.0,-1.35045,0.01975,95.1962,3.9761498635283754
2556.0,1.22396,2.25988,91.6042,4.199839,,5785.0,-1.34859,0.02014,97.0889,3.934341340491679
2557.0,1.22396,2.26022,91.6182,4.199839,,5786.0,-1.35045,0.02058,99.2031,3.794653424067971
2558.0,1.2221,2.26057,91.6323,4.199839,,5787.0,-1.35417,0.02075,100.0,3.872952112140439
2559.0,1.2221,2.26092,91.6464,4.199839,,5787.0,-1.35417,0.02075,100.0,3.634248135349143
2560.0,1.22024,2.26126,91.6604,4.199839,,,,,,
2561.0,1.21652,2.26161,91.6746,4.199529,,5787.0,0.67708,0.0,0.0,3.9645757176352427
2562.0,1.21652,2.26196,91.6885,4.199839,,5788.0,0.67336,0.00021,14.069,3.843483482336834
2563.0,1.21466,2.26227,91.7012,4.199839,,5789.0,0.67336,0.00039,26.1724,4.0468010566829244
2565.0,1.2128,2.26265,91.7167,4.199839,,5790.0,0.67708,0.00058,38.7931,4.019190708365666
2566.0,1.20908,2.26297,91.7295,4.199839,,5791.0,0.67336,0.00078,52.2759,4.029501949027325
2567.0,1.20908,2.26331,91.7434,4.199839,,5792.0,0.67336,0.00097,64.4828,3.9658535210347816
2568.0,1.20722,2.26365,91.7573,4.199839,,5793.0,0.66964,0.00117,77.8276,3.9057626318468333
2569.0,1.20536,2.26399,91.7711,4.199839,,5794.0,0.6715,0.00137,91.1724,3.968663891325342
2570.0,1.20536,2.26436,91.7859,4.199839,,5795.0,0.66778,0.0015,100.0,4.009692890554795
2571.0,1.20164,2.2647,91.7999,4.199529,,5795.0,0.0,0.0015,100.0,3.945788724111531
2572.0,1.2035,2.26504,91.8137,4.199839,,5796.0,0.0,0.0015,100.0,3.9314193746775072
2573.0,1.19978,2.26535,91.8261,4.199839,,5797.0,0.0,0.0015,100.0,3.7971353022427907
2574.0,1.19606,2.26571,91.8405,4.199529,,5798.0,0.0,0.0015,100.0,3.924122741585942
2575.0,1.1942,2.26605,91.8543,4.199529,,5799.0,0.0,0.0015,100.0,3.769570269882574
2576.0,1.19234,2.26641,91.8689,4.199529,,5800.0,0.0,0.0015,100.0,3.852020655611416
2577.0,1.19234,2.26672,91.8814,4.199839,,5801.0,0.0,0.0015,100.0,4.019883717956325
2578.0,1.19048,2.26706,91.8953,4.199529,,5802.0,0.0,0.0015,100.0,3.997099960962529
2579.0,1.1849,2.26743,91.9104,4.199529,,5803.0,0.0,0.0015,100.0,3.950842878843555
2580.0,1.18676,2.26775,91.9234,4.199529,,5804.0,0.0,0.0015,100.0,3.9301610933078117
2581.0,1.1849,2.26809,91.9373,4.199529,,5805.0,0.0,0.0015,100.0,3.955938456082352
2582.0,1.1849,2.26843,91.9509,4.199529,,5806.0,0.0,0.0015,100.0,3.7932248864253544
2583.0,1.18118,2.26877,91.9645,4.199529,,5807.0,0.0,0.0015,100.0,4.1013247508569695
2584.0,1.18118,2.2691,91.9782,4.199529,,5808.0,0.0,0.0015,100.0,3.8821023573609965
2585.0,1.17932,2.26944,91.992,4.199529,,5809.0,0.0,0.0015,100.0,4.014568485496309
2586.0,1.17932,2.26978,92.0057,4.199529,,5810.0,0.0,0.0015,100.0,3.865354522435563
2587.0,1.17746,2.27012,92.0192,4.199529,,5811.0,0.0,0.0015,100.0,3.7084885407878923
2588.0,1.1756,2.27049,92.0346,4.199839,,5811.0,0.0,0.0015,100.0,3.9885247896716503
2589.0,1.17188,2.27083,92.0484,4.199529,,,,,,
2590.0,1.17374,2.27117,92.062,4.199839,,5811.0,-0.6715,0.0,0.0,3.8862000790044395
2591.0,1.16815,2.27149,92.075,4.199529,,5812.0,-0.6715,0.00018,0.4321,3.9256402289929024
2592.0,1.16815,2.27184,92.0891,4.199529,,5813.0,-0.6715,0.00038,0.9234,3.986774469714088
2593.0,1.16629,2.27217,92.1026,4.199529,,5814.0,-0.6715,0.00057,1.392,3.9971423257470042
2594.0,1.16443,2.27251,92.1161,4.199839,,5815.0,-0.6715,0.00076,1.8556,3.8537437644347734
2596.0,1.16257,2.27284,92.1297,4.199529,,5816.0,-0.6715,0.00095,2.3191,3.6838382271110857
2597.0,1.16257,2.27317,92.1429,4.199839,,5817.0,-0.6715,0.00114,2.7878,3.9628030237928544
2598.0,1.16257,2.27351,92.1566,4.199839,,5818.0,-0.6715,0.00133,3.2513,3.748005225458934
2599.0,1.15885,2.27383,92.17,4.199529,,5819.0,-0.6715,0.00152,3.7162,3.8333813607920075
2600.0,1.15699,2.27418,92.1839,4.199529,,5820.0,-0.6715,0.00171,4.1797,3.875863970485521
2601.0,1.15699,2.27451,92.1975,4.199529,,5821.0,-0.6715,0.00189,4.603,3.9061429483463743
2602.0,1.15699,2.27484,92.2107,4.199529,,5822.0,-0.6715,0.00209,5.1031,3.764202530249285
2603.0,1.15141,2.27518,92.2244,4.199529,,5823.0,-0.6715,0.00228,5.5616,4.104728883197499
2604.0,1.15141,2.27548,92.2365,4.199529,,5824.0,-0.6715,0.00247,6.0214,3.8232277783535715
2605.0,1.15141,2.27581,92.2502,4.199529,,5825.0,-0.6715,0.00266,6.4812,3.788196677765058
2606.0,1.14955,2.27614,92.2635,4.199529,,5826.0,-0.6715,0.00284,6.9221,3.948210131027696
2607.0,1.14955,2.27647,92.2766,4.199529,,5827.0,-0.67336,0.00304,7.3996,3.8352599160289507
2608.0,1.14769,2.27679,92.2899,4.199529,,5828.0,-0.6715,0.00323,7.8631,3.9655501951827605
2609.0,1.14583,2.27712,92.3032,4.199529,,5829.0,-0.6715,0.00342,8.3267,3.808372820878983
2610.0,1.14397,2.27745,92.3165,4.199529,,5830.0,-0.6715,0.00361,8.7953,3.9574912582994592
2611.0,1.14583,2.27778,92.3297,4.199529,,5831.0,-0.6715,0.0038,9.2589,3.9918607155544215
2612.0,1.14025,2.27812,92.3435,4.199839,,5832.0,-0.6715,0.00399,9.7237,4.087466689378827
2613.0,1.13839,2.27844,92.3568,4.199839,,5833.0,-0.6715,0.00421,10.2642,3.7924948393069053
2614.0,1.13839,2.27876,92.3696,4.199529,,5834.0,-0.6715,0.00439,10.6962,3.827702046875191
2615.0,1.13467,2.27908,92.3827,4.199529,,5835.0,-0.6715,0.00458,11.1749,3.980926801644073
2616.0,1.13467,2.27938,92.3947,4.199529,,5836.0,-0.6715,0.00479,11.6839,4.022814522431595
2617.0,1.13467,2.2797,92.4077,4.199839,,5837.0,-0.6715,0.00497,12.121,3.8041985355132555
2618.0,1.13281,2.28002,92.4209,4.199839,,5838.0,-0.6715,0.00516,12.5846,4.1010367659311715
2619.0,1.13281,2.28035,92.4339,4.199529,,5839.0,-0.6715,0.00535,13.0444,3.7864374803332432
2620.0,1.13095,2.28067,92.447,4.199529,,5840.0,-0.6715,0.00554,13.5079,3.8973590620704877
2621.0,1.13095,2.28099,92.4599,4.199529,,5841.0,-0.6715,0.00573,13.9677,3.8396177479066407
2622.0,1.12723,2.28131,92.473,4.199529,,5843.0,-0.6715,0.00595,14.5132,3.9230010875196157
2623.0,1.12537,2.28163,92.4859,4.199839,,5844.0,-0.6715,0.00615,14.9906,4.049847479591833
2624.0,1.12537,2.28195,92.4988,4.199839,,5845.0,-0.6715,0.00633,15.4227,3.824687879920232
2625.0,1.12537,2.28227,92.5119,4.199839,,5846.0,-0.6715,0.00653,15.919,3.998856693779502
2626.0,1.12351,2.28259,92.5248,4.199839,,5846.0,-5.40365,0.00653,15.919,3.658524367000393
2627.0,1.12351,2.28291,92.5378,4.199529,,5847.0,-5.40737,0.008,19.5054,3.657863112139344
2628.0,1.11793,2.28323,92.5509,4.199839,,5848.0,-5.40551,0.00952,23.2027,3.5339072481688483
2629.0,1.11607,2.28355,92.5638,4.199839,,5849.0,-5.40551,0.01105,26.9365,3.6646577100761197
2630.0,1.11793,2.28387,92.5768,4.199839,,5850.0,-5.40551,0.01271,30.9991,3.538911567016482
2631.0,1.11421,2.28419,92.5896,4.199839,,5851.0,-5.40551,0.0142,34.6245,3.744023120062663
2632.0,1.11049,2.28451,92.6025,4.199839,,5852.0,-5.40551,0.01578,38.4692,3.6773498186170697
2633.0,1.10863,2.28482,92.6154,4.199839,,5853.0,-5.40179,0.01733,42.2395,3.826288350704464
2634.0,1.10677,2.28514,92.6282,4.199529,,5854.0,-5.40737,0.01847,45.0222,3.5650919180909653
2635.0,1.10677,2.28547,92.6418,4.199529,,5854.0,-3.37798,0.01847,45.0222,3.6942758183490847
2637.0,1.10863,2.2858,92.6549,4.199529,,5855.0,-3.37612,0.01943,47.3792,3.6885854209409352
2638.0,1.10677,2.28611,92.6677,4.199529,,5856.0,-3.3817,0.02052,50.0334,3.7792455158719345
2639.0,1.10491,2.28643,92.6804,4.199839,,5857.0,-3.37798,0.0216,52.6637,3.7965547859725426
2640.0,1.10491,2.28674,92.6932,4.199839,,5858.0,-3.37798,0.02255,54.9752,3.655188046271562
2641.0,1.10119,2.28706,92.706,4.199839,,5859.0,-3.37798,0.02353,57.3548,3.687244317337504
2642.0,1.10119,2.28737,92.7188,4.199839,,5860.0,-3.37612,0.02448,59.6878,3.696733899952874
2643.0,1.10119,2.28769,92.7316,4.199529,,5861.0,-3.37984,0.02544,62.0221,3.5551990533268656
2644.0,1.09933,2.28801,92.7447,4.199529,,5862.0,-3.37612,0.02641,64.3778,3.7115605145579287
2645.0,1.09747,2.28833,92.7575,4.199529,,5863.0,-3.37798,0.02735,66.6881,3.8732942636902155
2646.0,1.09561,2.28864,92.7701,4.199529,,5864.0,-3.37798,0.02831,69.0223,3.6775041090768164
2647.0,1.09747,2.28897,92.7836,4.199839,,5865.0,-3.37798,0.02927,71.3566,3.6626663185267674
2648.0,1.09375,2.28928,92.7962,4.199529,,5866.0,-3.37984,0.03016,73.5296,3.852943801140619
2649.0,1.09189,2.2896,92.8092,4.199529,,5867.0,-3.37798,0.03119,76.0465,4.089515148394112
2650.0,1.09003,2.2899,92.8214,4.199529,,5868.0,-3.37798,0.03216,78.4034,3.712974416130153
2651.0,1.09003,2.29022,92.8342,4.199839,,5869.0,-3.37798,0.0331,80.6911,3.6182495211596
2652.0,1.08631,2.29053,92.8467,4.199839,,5870.0,-3.37798,0.03405,83.0253,3.750088288733751
2653.0,1.08631,2.29084,92.8593,4.199839,,5871.0,-3.3724,0.03513,85.6544,3.698561181896844
2654.0,1.08259,2.29115,92.8719,4.199839,,5872.0,-3.37798,0.03609,87.9873,3.7037800581008526
2655.0,1.08445,2.29148,92.8854,4.199839,,5873.0,-3.37798,0.03706,90.343,3.6995012161188914
2656.0,1.08445,2.29177,92.8968,4.199839,,5874.0,-3.38542,0.03811,92.9078,3.7603269087459745
2657.0,1.08259,2.29208,92.9094,4.199529,,5876.0,-3.37798,0.03908,95.2874,3.6799909437513505
2658.0,1.08073,2.29241,92.9229,4.199529,,5877.0,-3.37798,0.04016,97.9177,3.83022193414647
2659.0,1.07887,2.29272,92.9356,4.199529,,5878.0,-3.37984,0.04102,100.0,3.95186728169
2660.0,1.07701,2.29303,92.9481,4.199839,,5878.0,-3.37984,0.04102,100.0,3.6096341231178837
2661.0,1.07887,2.29334,92.9606,4.199839,,,,,,
2662.0,1.07515,2.29365,92.9731,4.199839,,5878.0,1.34487,0.0,0.0,3.9262959888165163
2663.0,1.07701,2.29393,92.9847,4.199529,,5879.0,1.34859,0.00039,12.9204,3.927269702153102
2664.0,1.07143,2.29425,92.9974,4.199529,,5880.0,1.34859,0.00083,27.7282,4.061266036390407
2666.0,1.07329,2.29455,93.0097,4.199839,,5881.0,1.34859,0.00121,40.1682,4.1369451819567145
2667.0,1.07143,2.29486,93.0221,4.199529,,5882.0,1.35045,0.00159,52.7282,3.9604101720292513
2668.0,1.06771,2.29517,93.0349,4.199529,,5883.0,1.35045,0.00197,65.2883,3.9052963459937495
2669.0,1.06771,2.29548,93.0473,4.199529,,5884.0,1.34859,0.00234,77.8655,3.9646579805781283
2670.0,1.06213,2.29578,93.0597,4.199529,,5885.0,1.34859,0.00272,90.4255,3.9667267871429464
2671.0,1.06585,2.29609,93.0721,4.199839,,5886.0,1.34673,0.00301,100.0,3.8722954231280884
2672.0,1.06771,2.29639,93.0844,4.199839,,5886.0,1.34673,0.00301,100.0,3.9883534887354024
2673.0,1.06213,2.2967,93.0967,4.199839,,,,,,
2674.0,1.06213,2.297,93.1091,4.199529,,5886.0,-1.35231,0.0,0.0,3.9049301591214207
2675.0,1.06213,2.29731,93.1214,4.199839,,5887.0,-1.35045,0.00042,3.4637,3.7698327097240667
2676.0,1.06213,2.29763,93.1345,4.199529,,5888.0,-1.35045,0.0008,6.6738,3.8309769048384514
2677.0,1.06027,2.29793,93.1468,4.199529,,5889.0,-1.35045,0.00118,9.8238,3.837743069016554
2678.0,1.05469,2.29823,93.1589,4.199529,,5890.0,-1.35045,0.00157,13.0984,3.7515153198592155
2679.0,1.05655,2.29854,93.1715,4.199839,,5891.0,-1.34859,0.00196,16.2785,3.8686122314451996
2680.0,1.05841,2.29884,93.1837,4.199839,,5892.0,-1.35045,0.00237,19.7078,3.881004607202904
2681.0,1.05469,2.29914,93.1958,4.199839,,5893.0,-1.35045,0.00275,22.8621,3.816618001488718
2682.0,1.05655,2.29944,93.208,4.199839,,5894.0,-1.34859,0.00315,26.2011,3.7923777489910897
2683.0,1.05097,2.29974,93.2198,4.199529,,5895.0,-1.35045,0.00353,29.3511,3.718801905759588
2684.0,1.04911,2.30003,93.2319,4.199529,,5896.0,-1.35231,0.00388,32.2819,3.777847091940958
2685.0,1.04353,2.30032,93.2437,4.199529,,5897.0,-1.34859,0.00432,35.896,3.8381081465903946
2686.0,1.05097,2.30063,93.2561,4.199839,,5898.0,-1.34859,0.0047,39.0804,3.8759220588414176
2687.0,1.05283,2.30093,93.2684,4.199529,,5899.0,-1.35045,0.00507,42.1358,3.822135710250159
2688.0,1.05097,2.30124,93.2807,4.199839,,5900.0,-1.35045,0.00548,45.5995,3.8193628988784125
2689.0,1.02865,2.30154,93.2931,4.199529,,5901.0,-1.35045,0.00587,48.8483,4.087825558444121
2690.0,1.04539,2.30183,93.3049,4.199839,,5902.0,-1.34859,0.00626,52.0885,3.793746887604598
2691.0,1.04539,2.30214,93.3173,4.199839,,5903.0,-1.34859,0.00662,55.0494,3.8086226664557983
2692.0,1.03609,2.30244,93.3293,4.199529,,5904.0,-1.35045,0.007,58.2295,3.8462368148511548
2693.0,1.03795,2.30273,93.3413,4.199839,,5905.0,-1.35417,0.00741,61.6029,3.8268302045522855
2694.0,1.03237,2.30303,93.3533,4.199839,,5906.0,-1.34859,0.00779,64.783,4.001806998352424
2695.0,1.03981,2.30332,93.3652,4.199529,,5907.0,-1.35231,0.00814,67.6837,3.7595382188358193
2696.0,1.02679,2.30362,93.3772,4.200149,,5908.0,-1.35045,0.00856,71.2076,3.8378734864048205
2697.0,1.03981,2.30391,93.3892,4.199839,,5910.0,-1.35231,0.00897,74.6111,3.991722779114402
2698.0,1.04539,2.30421,93.4012,4.199529,,5911.0,-1.35045,0.00933,77.6364,3.690445577521939
2699.0,1.03609,2.3045,93.4131,4.199529,,5912.0,-1.35045,0.00973,80.9411,3.7457724783801862
2701.0,1.03423,2.30479,93.4249,4.199529,,5913.0,-1.34859,0.01012,84.1856,3.8026895074246596
2702.0,1.03051,2.30509,93.4369,4.199839,,5914.0,-1.35045,0.01051,87.3958,3.821206651012479
2703.0,1.03423,2.30538,93.4488,4.199529,,5915.0,-1.34859,0.01087,90.4254,3.9187763910925613
2704.0,1.03237,2.30568,93.4608,4.199529,,5916.0,-1.35045,0.0113,93.9794,3.9052663056124923
2705.0,1.02865,2.30597,93.4726,4.199529,,5917.0,-1.35045,0.01168,97.1337,3.9646172855919746
2706.0,1.03237,2.30626,93.4845,4.199529,,5918.0,-1.35045,0.01202,100.0,4.036957071044171
2707.0,1.02493,2.30656,93.4964,4.199529,,5918.0,-1.35045,0.01202,100.0,3.8108417016344553
2708.0,1.02307,2.30685,93.5083,4.199839,,,,,,
2709.0,1.01749,2.30715,93.5203,4.199839,,5918.0,2.70275,0.0,0.0,4.159970931772264
2710.0,1.01749,2.30744,93.5321,4.199839,,5919.0,2.70089,0.00079,13.0375,4.00576401203047
2711.0,1.01749,2.30771,93.5433,4.199839,,5920.0,2.70089,0.00152,25.0919,4.037703366222873
2712.0,1.03423,2.30801,93.5551,4.199529,,5921.0,2.69717,0.00228,37.7618,4.097653976194559
2713.0,1.01563,2.3083,93.5669,4.199529,,5922.0,2.70089,0.00305,50.4317,4.135353000430557
2714.0,0.99516,2.30859,93.5786,4.200149,,5923.0,2.70275,0.0039,64.4695,4.14264817520192
2715.0,1.01935,2.30888,93.5904,4.199529,,5924.0,2.70461,0.00462,76.3957,4.084257488621626
2716.0,1.01563,2.30917,93.6023,4.199839,,5925.0,2.70275,0.00538,88.9373,4.10441140462394
2717.0,1.01749,2.30946,93.6141,4.199529,,5926.0,2.70089,0.00604,100.0,4.034228190221075
2718.0,1.01749,2.30975,93.6259,4.199839,,5926.0,0.0,0.00604,100.0,3.918583900701936
2719.0,1.01563,2.31006,93.6383,4.199839,,5927.0,0.0,0.00604,100.0,3.9401041163346
2720.0,1.02121,2.31034,93.6499,4.199529,,5928.0,0.0,0.00604,100.0,3.9317624045072312
2721.0,1.00074,2.31063,93.6614,4.199529,,5929.0,0.0,0.00604,100.0,3.957487955779448
2722.0,1.01563,2.31094,93.6739,4.199529,,5930.0,0.0,0.00604,100.0,3.7532818386784688
2723.0,1.01376,2.3112,93.6847,4.199839,,5931.0,0.0,0.00604,100.0,3.7704259225650523
2724.0,1.0026,2.31149,93.6963,4.199839,,5932.0,0.0,0.00604,100.0,3.973886225576649
2725.0,1.0026,2.31178,93.7079,4.199839,,5933.0,0.0,0.00604,100.0,3.8658010592672856
2726.0,1.01376,2.31206,93.7196,4.199839,,5934.0,0.0,0.00604,100.0,3.9482140182900936
2727.0,1.00818,2.31236,93.7315,4.199529,,5935.0,0.0,0.00604,100.0,3.874632940206719
2728.0,1.0119,2.31265,93.7433,4.199839,,5936.0,0.0,0.00604,100.0,3.9523733704079977
2729.0,1.01004,2.31293,93.7549,4.199529,,5937.0,0.0,0.00604,100.0,3.9435850858024257
2730.0,1.0026,2.31322,93.7666,4.199839,,5938.0,0.0,0.00604,100.0,4.027531696309267
2731.0,1.00446,2.31353,93.779,4.199839,,5939.0,0.0,0.00604,100.0,4.01196087584562
2733.0,1.00446,2.31382,93.7908,4.199529,,5940.0,0.0,0.00604,100.0,4.1075414927284335
2734.0,0.99702,2.31411,93.8024,4.200149,,5941.0,0.0,0.00604,100.0,4.048236652345682
2735.0,0.9933,2.31439,93.8138,4.199529,,5942.0,0.0,0.00604,100.0,3.9714322213854842
2736.0,1.0026,2.31468,93.8255,4.199529,,5943.0,0.0,0.00604,100.0,3.8199437760277934
2737.0,0.99888,2.31496,93.8371,4.199219,,5944.0,0.0,0.00604,100.0,3.9486155839964168
2738.0,0.99144,2.31525,93.8486,4.199529,,5945.0,0.0,0.00604,100.0,3.870917937890761
2739.0,1.00074,2.31553,93.86,4.199839,,5946.0,0.0,0.00604,100.0,3.921382672623944
2740.0,0.99516,2.3158,93.8709,4.199839,,5947.0,0.0,0.00604,100.0,3.8725538646057167
2741.0,0.98958,2.31609,93.8827,4.199529,,5948.0,0.0,0.00604,100.0,3.8594514478718485
2742.0,0.98214,2.31637,93.8942,4.199839,,5949.0,0.0,0.00604,100.0,3.8284923295021867
2743.0,0.99702,2.31665,93.9056,4.199529,,5951.0,0.0,0.00604,100.0,4.212400832174042
2744.0,0.98772,2.31694,93.9171,4.199529,,5952.0,0.0,0.00604,100.0,4.068997704172888
2745.0,0.99702,2.31722,93.9285,4.200149,,5953.0,0.0,0.00604,100.0,3.9596614361751525
2746.0,0.98772,2.3175,93.9399,4.199529,,5954.0,0.0,0.00604,100.0,3.9753818621482777
2747.0,0.98586,2.31779,93.9518,4.199839,,5955.0,0.0,0.00604,100.0,3.958305415112369
2748.0,0.97842,2.31806,93.9627,4.199839,,5956.0,0.0,0.00604,100.0,3.796272954847539
2749.0,0.98772,2.31834,93.9739,4.199529,,5957.0,0.0,0.00604,100.0,3.957906380583653
2750.0,0.99144,2.31862,93.9853,4.199529,,5958.0,0.0,0.00604,100.0,3.9477290329960995
2751.0,0.97842,2.3189,93.9966,4.199839,,5959.0,0.0,0.00604,100.0,3.8926485550832415
2752.0,0.97656,2.31918,94.008,4.199839,,5960.0,0.0,0.00604,100.0,3.784618129369413
2753.0,0.98586,2.31946,94.0193,4.199839,,5961.0,0.0,0.00604,100.0,3.935332552006634
2754.0,0.9654,2.31974,94.0305,4.199839,,5962.0,0.0,0.00604,100.0,3.954011105253609
2755.0,0.97842,2.32001,94.0416,4.200149,,5963.0,0.0,0.00604,100.0,3.9385877814645602
2756.0,0.98214,2.32029,94.0529,4.199839,,5964.0,0.0,0.00604,100.0,4.031539958224626
2757.0,0.98028,2.32057,94.0643,4.199529,,5965.0,0.0,0.00604,100.0,3.9259771835460313
2758.0,0.97284,2.32085,94.0755,4.199839,,5966.0,0.0,0.00604,100.0,3.873640112394512
2759.0,0.9747,2.32112,94.0869,4.199839,,5967.0,0.0,0.00604,100.0,4.135557078908568
2760.0,0.97284,2.3214,94.0981,4.199839,,5968.0,0.0,0.00604,100.0,3.897845110280629
2761.0,0.9747,2.3217,94.1103,4.199529,,5969.0,0.0,0.00604,100.0,3.9413181717278114
2762.0,0.95796,2.32197,94.1211,4.199839,,5970.0,0.0,0.00604,100.0,3.988233055274598
2763.0,0.9654,2.32225,94.1324,4.199839,,5971.0,0.0,0.00604,100.0,3.763331589226813
2764.0,0.97098,2.32252,94.1435,4.199839,,5972.0,0.0,0.00604,100.0,4.005130356621528
2765.0,0.96726,2.3228,94.1547,4.199529,,5973.0,0.0,0.00604,100.0,3.7671652534793707
2766.0,0.9747,2.32307,94.1659,4.199839,,5974.0,0.0,0.00604,100.0,4.036911304275865
2767.0,0.96354,2.32334,94.1765,4.199529,,5975.0,0.0,0.00604,100.0,3.872963895273087
2769.0,0.97098,2.32363,94.1883,4.199839,,5976.0,0.0,0.00604,100.0,3.984405798193562
2770.0,0.95424,2.3239,94.1994,4.199219,,5977.0,0.0,0.00604,100.0,3.874171321001351
2771.0,0.95796,2.32418,94.2106,4.199529,,5978.0,0.0,0.00604,100.0,4.069248241611836
2772.0,0.96168,2.32445,94.2217,4.199529,,5979.0,0.0,0.00604,100.0,4.082521784042823
2773.0,0.95796,2.32473,94.2329,4.199529,,5980.0,0.0,0.00604,100.0,3.888654584981901
2774.0,0.95796,2.325,94.2441,4.200149,,5981.0,0.0,0.00604,100.0,3.8846585673206144
2775.0,0.95424,2.32528,94.2552,4.199529,,5981.0,0.0,0.00604,100.0,3.7891679115488133
2776.0,0.95052,2.32555,94.2664,4.199529,,,,,,
2777.0,0.96168,2.32583,94.2776,4.199839,,5981.0,-0.6715,0.0,0.0,3.7862501627006013
2778.0,0.95982,2.3261,94.2887,4.199839,,5982.0,-0.6715,0.00021,2.1076,3.996792140775893
2779.0,0.95424,2.32638,94.2997,4.199219,,5983.0,-0.6715,0.0004,4.0612,3.840258456823673
2780.0,0.95238,2.32667,94.3116,4.199529,,5984.0,-0.6715,0.00059,6.0201,3.9281740965593803
2781.0,0.9561,2.32694,94.3225,4.199529,,5985.0,-0.6715,0.00078,7.9737,3.917657148549033
2782.0,0.95424,2.32723,94.3342,4.199839,,5986.0,-0.6715,0.00097,9.9273,3.921447215951978
2783.0,0.94866,2.3275,94.3452,4.199839,,5987.0,-0.6715,0.00116,11.918,4.053670673509548
2784.0,0.95238,2.32777,94.3562,4.199839,,5988.0,-0.6715,0.00135,13.8557,3.9769494228735898
2785.0,0.94866,2.32804,94.3673,4.199839,,5989.0,-0.6715,0.00154,15.7722,3.7858610396407535
2786.0,0.94866,2.3283,94.3775,4.199839,,5990.0,-0.6715,0.00171,17.5718,4.001820773678008
2787.0,0.94866,2.32861,94.3905,4.199529,,5991.0,-0.6715,0.0019,19.4723,3.7703034196718566
2788.0,0.94494,2.32889,94.4016,4.199529,,5992.0,-0.6715,0.00209,21.4259,3.9729947857590586
2789.0,0.95052,2.32916,94.4125,4.199529,,5993.0,-0.6715,0.00228,23.3848,3.875163640644258
2790.0,0.94308,2.32943,94.4234,4.199529,,5994.0,-0.67336,0.00247,25.3384,3.7795354155373366
2791.0,0.9468,2.3297,94.4343,4.199219,,5995.0,-0.6715,0.00266,27.3133,3.9666199699050595
2792.0,0.94866,2.32997,94.4452,4.199839,,5996.0,-0.6715,0.00285,29.2669,3.814400270150079
2793.0,0.94308,2.33023,94.4561,4.199839,,5997.0,-0.6715,0.00304,31.2045,3.955811644321331
2794.0,0.94122,2.3305,94.4671,4.199529,,5998.0,-0.6715,0.00323,33.1794,3.6678109695857493
2795.0,0.93564,2.33077,94.4779,4.199529,,5999.0,-0.6715,0.00343,35.2869,3.8822326753906022
2796.0,0.94494,2.33104,94.4888,4.199839,,6000.0,-0.6715,0.00363,37.3202,3.796338704031019
2797.0,0.9468,2.33131,94.4997,4.199529,,6001.0,-0.6715,0.00384,39.4065,4.118252472280047
2799.0,0.94494,2.33158,94.5105,4.199839,,6002.0,-0.6715,0.00402,41.2698,3.7755768430662133
2800.0,0.94308,2.33185,94.5215,4.199529,,6003.0,-0.6715,0.00423,43.4358,3.847302258111127
2801.0,0.93936,2.33211,94.5323,4.199529,,6004.0,-0.6715,0.00442,45.3894,3.882550276724031
2802.0,0.93192,2.33238,94.543,4.199529,,6005.0,-0.6715,0.0046,47.2103,4.1216798622066575
2803.0,0.9282,2.33265,94.554,4.199839,,6006.0,-0.6715,0.00479,49.1692,3.8686589660684048
2804.0,0.9375,2.3329,94.5641,4.199219,,6007.0,-0.6715,0.00499,51.2767,4.00191597953355
2805.0,0.93192,2.33317,94.5751,4.199839,,6009.0,-0.6715,0.0052,53.4055,3.884030842420282
2806.0,0.93378,2.33343,94.5858,4.199839,,6009.0,-0.6715,0.00523,53.6922,3.9096447782859256
2807.0,0.93192,2.3337,94.5966,4.199529,,6009.0,-1.34859,0.00523,53.6922,4.010541952267437
2808.0,0.92076,2.33397,94.6074,4.199839,,6010.0,-1.35045,0.0056,57.5782,3.730345444207565
2809.0,0.93192,2.33423,94.6181,4.199529,,6011.0,-1.35231,0.00599,61.5066,3.907328263843949
2810.0,0.93378,2.3345,94.6289,4.199529,,6012.0,-1.34859,0.00638,65.5147,3.8442908066990844
2811.0,0.93378,2.33476,94.6397,4.199529,,6013.0,-1.35045,0.00676,69.4484,3.747416796452574
2812.0,0.92448,2.33503,94.6505,4.199839,,6014.0,-1.35045,0.00714,73.3397,4.0352064472860825
2813.0,0.92448,2.33529,94.6612,4.199839,,6015.0,-1.35231,0.00752,77.2681,3.9732034873054474
2814.0,0.92076,2.33555,94.6717,4.199839,,6016.0,-1.34859,0.00791,81.2762,3.725322836940055
2815.0,0.92448,2.33582,94.6824,4.199529,,6017.0,-1.35045,0.00829,85.1675,3.872863791337611
2816.0,0.92634,2.33608,94.6931,4.199529,,6018.0,-1.35417,0.00863,88.6765,4.03110633970913
2817.0,0.92634,2.33635,94.7039,4.199839,,6019.0,-1.35045,0.00908,93.2579,3.951338742936699
2818.0,0.9189,2.33661,94.7144,4.199529,,6020.0,-1.35045,0.00945,97.0696,3.8945433880102454
2819.0,0.9189,2.33687,94.7249,4.199839,,6021.0,-1.35045,0.00973,100.0,3.88029225654025
2820.0,0.92448,2.33713,94.7358,4.199839,,6021.0,-1.35045,0.00973,100.0,3.9423557491372407
2821.0,0.92076,2.3374,94.7465,4.199529,,,,,,
2822.0,0.9189,2.33768,94.758,4.199839,,6021.0,0.67522,0.0,0.0,4.019081231528453
2823.0,0.91704,2.33794,94.7686,4.199529,,6022.0,0.67336,0.00018,11.9652,3.8551176624325825
2824.0,0.92076,2.33821,94.7792,4.199839,,6023.0,0.67708,0.00038,25.5652,4.072294129049978
2825.0,0.92076,2.33844,94.7887,4.199529,,6024.0,0.6715,0.00057,38.3652,4.068391164517478
2826.0,0.92076,2.33871,94.7998,4.199529,,6025.0,0.67708,0.00076,51.2,3.837162809259512
2827.0,0.91146,2.33898,94.8105,4.199839,,6026.0,0.67708,0.00095,63.8261,3.878876932977916
2828.0,0.91332,2.33924,94.8213,4.199529,,6027.0,0.67522,0.00115,77.1826,4.028921296530509
2829.0,0.90774,2.33951,94.8319,4.199839,,6028.0,0.67522,0.00134,90.2957,4.028991241710182
2830.0,0.91146,2.33978,94.8429,4.199529,,6029.0,0.67708,0.00149,100.0,4.060592432079983
2831.0,0.9096,2.34004,94.8537,4.199839,,6029.0,0.0,0.00149,100.0,3.897542456140746
2832.0,0.9096,2.3403,94.8643,4.199839,,6030.0,0.0,0.00149,100.0,4.0420199235261975
2833.0,0.90774,2.34056,94.8746,4.199529,,6031.0,0.0,0.00149,100.0,3.9207103373223977
2835.0,0.90588,2.34082,94.8854,4.200149,,6032.0,0.0,0.00149,100.0,3.729389543332658
2836.0,0.91704,2.34109,94.8961,4.199529,,6033.0,0.0,0.00149,100.0,3.8081426116021313
2837.0,0.90774,2.34135,94.9067,4.199839,,6034.0,0.0,0.00149,100.0,3.835761098809187
2838.0,0.90588,2.34161,94.9173,4.199529,,6035.0,0.0,0.00149,100.0,4.011597598869557
2839.0,0.90402,2.34187,94.9278,4.199839,,6036.0,0.0,0.00149,100.0,3.8689905996818608
2840.0,0.91146,2.34213,94.9383,4.199529,,6037.0,0.0,0.00149,100.0,4.007455239126985
2841.0,0.90216,2.34239,94.9488,4.199529,,6038.0,0.0,0.00149,100.0,3.8686710269185407
2842.0,0.90402,2.34262,94.9582,4.199839,,6039.0,0.0,0.00149,100.0,4.071896223191076
2843.0,0.90402,2.34289,94.9692,4.199529,,6040.0,0.0,0.00149,100.0,4.120375703078972
2844.0,0.90588,2.34315,94.9795,4.199529,,6041.0,0.0,0.00149,100.0,3.986251650163147
2845.0,0.90774,2.3434,94.99,4.199529,,6042.0,0.0,0.00149,100.0,4.050140348602502
2846.0,0.9003,2.34366,95.0005,4.199529,,6043.0,0.0,0.00149,100.0,4.0339054654975355
2847.0,0.90402,2.34393,95.0113,4.199839,,6044.0,0.0,0.00149,100.0,3.9924543526085965
2848.0,0.89286,2.34419,95.0218,4.199839,,6045.0,0.0,0.00149,100.0,3.858450810265549
2849.0,0.89472,2.34445,95.0322,4.199839,,6045.0,0.0,0.00149,100.0,3.7365577238275804
2850.0,0.88542,2.34469,95.0422,4.199839,,,,,,
2851.0,0.89658,2.34495,95.0526,4.199839,,6045.0,-0.66964,0.0,0.0,3.8204802240383082
2852.0,0.89472,2.3452,95.0629,4.199529,,6046.0,-0.6715,0.00018,0.864,3.75465882514032
2853.0,0.89844,2.34546,95.0731,4.199839,,6047.0,-0.6715,0.00037,1.7977,3.9013206582771707
2854.0,0.89844,2.34572,95.0839,4.199839,,6048.0,-0.6715,0.00057,2.724,3.807323926653348
2855.0,0.891,2.34598,95.0942,4.199529,,6049.0,-0.6715,0.00076,3.6751,4.038762933367104
2856.0,0.891,2.34623,95.1044,4.199839,,6050.0,-0.6715,0.00096,4.6113,4.010897282713036
2857.0,0.891,2.34649,95.115,4.199529,,6051.0,-0.6715,0.00115,5.555,3.96282281189618
2858.0,0.88914,2.34674,95.1253,4.199529,,6052.0,-0.6715,0.00135,6.4887,3.8885852653281763
2859.0,0.88728,2.347,95.1356,4.199529,,6053.0,-0.6715,0.00154,7.4349,3.9884381127195865
2860.0,0.891,2.34725,95.1459,4.199839,,6054.0,-0.6715,0.00174,8.3686,3.9001642440987
2861.0,0.88356,2.3475,95.1561,4.199529,,6055.0,-0.6715,0.00193,9.3148,3.8538098574818855
2862.0,0.88728,2.34776,95.1664,4.199529,,6056.0,-0.6715,0.00212,10.2211,3.9770379455155025
2863.0,0.88728,2.34801,95.1767,4.199839,,6057.0,-0.6715,0.00232,11.1922,3.9372048679266336
2864.0,0.88914,2.34826,95.1869,4.199839,,6058.0,-0.6715,0.00251,12.111,3.9256876607828426
2865.0,0.89658,2.34852,95.1972,4.200149,,6059.0,-0.6715,0.0027,13.0173,3.8724864921187803
2866.0,0.87984,2.34877,95.2074,4.199529,,6060.0,-0.6715,0.00289,13.9261,3.8878996150800877
2867.0,0.8817,2.34902,95.2176,4.199839,,6061.0,-0.6715,0.00308,14.8424,3.9861642189013753
2868.0,0.8817,2.34927,95.2277,4.199529,,6062.0,-0.67336,0.00327,15.7786,3.9596948837967023
2869.0,0.8817,2.34952,95.238,4.199219,,6063.0,-0.6715,0.00347,16.7048,4.000002767222409
2870.0,0.87984,2.34978,95.2482,4.199839,,6064.0,-0.6715,0.00365,17.6112,3.919418097078322
2872.0,0.88356,2.35002,95.2583,4.199839,,6065.0,-0.6715,0.00385,18.53,4.033324752563321
2873.0,0.8817,2.35028,95.2685,4.199529,,6066.0,-0.6715,0.00404,19.4562,3.860642984017437
2874.0,0.88356,2.35053,95.2787,4.199839,,6067.0,-0.6715,0.00423,20.3725,3.8408085978442967
2875.0,0.87984,2.35078,95.2889,4.199529,,6068.0,-0.6715,0.00441,21.2614,3.776580770287997
2876.0,0.8817,2.35103,95.299,4.199839,,6070.0,-0.6715,0.00462,22.2524,3.8047944484679626
2877.0,0.8817,2.35128,95.3092,4.199839,,6071.0,-0.67336,0.00481,23.1786,3.8922909382240154
2878.0,0.88356,2.35153,95.3193,4.199839,,6072.0,-0.6715,0.005,24.1049,3.8638443427862246
2879.0,0.87984,2.35178,95.3295,4.199529,,6073.0,-0.6715,0.00519,25.0112,3.7528963917160354
2880.0,0.87612,2.35202,95.339,4.199839,,6074.0,-0.6715,0.00538,25.92,3.783451029779054
2881.0,0.87798,2.35229,95.35,4.199529,,6075.0,-0.6715,0.00557,26.8363,4.084397707096862
2882.0,0.87054,2.35252,95.3596,4.199839,,6076.0,-0.6715,0.00576,27.7725,3.891967749510282
2883.0,0.86868,2.35277,95.3698,4.199839,,6077.0,-0.6715,0.00596,28.6988,3.7810012698081343
2884.0,0.87054,2.35302,95.3799,4.199529,,6078.0,-0.6715,0.00615,29.6151,3.8681068613049936
2885.0,0.86868,2.35327,95.39,4.199839,,6079.0,-0.6715,0.00633,30.5239,3.929874962844248
2886.0,0.87054,2.35352,95.4001,4.199839,,6080.0,-0.6715,0.00653,31.4501,3.696306971654238
2887.0,0.87612,2.35377,95.4102,4.199839,,6081.0,-0.6715,0.00672,32.3664,3.9406769726285815
2888.0,0.87054,2.35402,95.4204,4.199839,,6082.0,-0.67336,0.00691,33.2852,3.929666856328161
2889.0,0.86868,2.35427,95.4305,4.199529,,6083.0,-0.6715,0.0071,34.2015,3.862272233495357
2890.0,0.86496,2.35452,95.4406,4.199839,,6084.0,-0.6715,0.00729,35.1178,4.040430889516603
2891.0,0.87054,2.35478,95.451,4.199529,,6085.0,-0.6715,0.00748,36.0266,3.661308152340779
2892.0,0.86868,2.355,95.4601,4.199839,,6086.0,-0.67336,0.00767,36.9528,3.910819405681703
2893.0,0.86868,2.35525,95.4701,4.199529,,6087.0,-0.6715,0.00786,37.8691,3.9093480336323188
2894.0,0.86682,2.3555,95.4801,4.199839,,6088.0,-0.6715,0.00803,38.7157,3.8808403705699126
2895.0,0.87054,2.35575,95.4903,4.199529,,6089.0,-0.6715,0.00822,39.6245,3.685976438378
2896.0,0.86496,2.356,95.5004,4.199839,,6090.0,-0.6715,0.00842,40.5682,3.903706967135094
2897.0,0.86124,2.35624,95.5104,4.199529,,6091.0,-0.6715,0.00861,41.4745,3.953980382394382
2898.0,0.85565,2.35649,95.5204,4.199839,,6092.0,-0.6715,0.00881,42.4381,3.7145905884919213
2899.0,0.85938,2.35674,95.5305,4.199839,,6093.0,-0.6715,0.009,43.3544,3.8254189661276783
2900.0,0.85938,2.35698,95.5404,4.199839,,6094.0,-0.6715,0.00919,44.2707,4.026731603698973
2901.0,0.86124,2.35723,95.5504,4.199839,,6095.0,-0.6715,0.00938,45.1795,3.8483143393332604
2902.0,0.85751,2.3575,95.5615,4.199839,,6096.0,-0.6715,0.00957,46.0958,3.950492338152029
2903.0,0.86496,2.35775,95.5713,4.199529,,6097.0,-0.6715,0.00976,47.0221,3.65087116599302
2904.0,0.85751,2.35797,95.5805,4.199529,,6098.0,-0.6715,0.00995,47.9583,3.88620689529581
2905.0,0.86124,2.35822,95.5904,4.199529,,6099.0,-0.6715,0.01014,48.8746,3.8880918010819547
2906.0,0.85007,2.35846,95.6004,4.199839,,6100.0,-0.6715,0.01033,49.7834,3.6600465819397967
2908.0,0.8631,2.35871,95.6102,4.199839,,6101.0,-0.6715,0.01052,50.6997,3.875845100292778
2909.0,0.85007,2.35895,95.6202,4.199839,,6102.0,-0.6715,0.01072,51.6807,4.114719729923496
2910.0,0.85379,2.35924,95.6317,4.199529,,6103.0,-0.6715,0.01091,52.597,3.9393609364904654
2911.0,0.84821,2.35946,95.6406,4.199529,,6104.0,-0.6715,0.01111,53.5158,3.84463679187215
2912.0,0.85007,2.35971,95.6508,4.199839,,6105.0,-0.6715,0.01128,54.3773,3.8843664351965255
2913.0,0.86496,2.35995,95.6606,4.199529,,6106.0,-0.6715,0.01149,55.3658,4.065463577401009
2914.0,0.84821,2.36019,95.6705,4.199839,,6107.0,-0.6715,0.01169,56.3094,3.9157416082594207
2915.0,0.85379,2.36044,95.6804,4.199529,,6108.0,-0.6715,0.01188,57.2357,3.8505309603722755
2916.0,0.85193,2.36068,95.6902,4.199529,,6109.0,-0.6715,0.01207,58.1445,3.6890229430704142
2917.0,0.84635,2.36092,95.7001,4.199529,,6110.0,-0.6715,0.01226,59.0708,3.968097350896953
2918.0,0.84635,2.36116,95.7099,4.199839,,6112.0,-0.6715,0.01248,60.1389,3.842069321843653
2919.0,0.84449,2.36141,95.7197,4.199839,,6113.0,-0.6715,0.01267,61.0652,3.6716699489609503
2920.0,0.84635,2.36165,95.7294,4.199839,,6114.0,-0.6715,0.01286,61.9914,3.93170714757769
2921.0,0.85007,2.36189,95.7392,4.199529,,6115.0,-0.6715,0.01305,62.9003,3.945011253162098
2922.0,0.84635,2.36213,95.749,4.199529,,6116.0,-0.6715,0.01324,63.8165,3.978503909268174
2923.0,0.84449,2.36237,95.7588,4.199839,,6117.0,-0.6715,0.01343,64.7328,3.854965633604977
2924.0,0.84635,2.36261,95.7686,4.199529,,6118.0,-0.6715,0.01362,65.6491,3.8905380073594995
2925.0,0.84635,2.36285,95.7784,4.199529,,6119.0,-0.6715,0.01381,66.5579,3.7922396430282492
2926.0,0.83705,2.3631,95.7882,4.199839,,6120.0,-0.6715,0.014,67.4742,3.6897695510140665
2927.0,0.84635,2.36334,95.798,4.199529,,6121.0,-0.6715,0.01418,68.3557,4.063988364682639
2928.0,0.84263,2.36359,95.8082,4.199839,,6122.0,-0.6715,0.01438,69.3093,3.9746819619440052
2929.0,0.84077,2.36383,95.818,4.199529,,6123.0,-0.6715,0.01457,70.2281,3.8681915760317773
2930.0,0.84449,2.36407,95.8275,4.199529,,6124.0,-0.6715,0.01477,71.1618,3.8620504751682496
2931.0,0.84263,2.36429,95.8367,4.199529,,6125.0,-0.6715,0.01495,72.0532,3.865947183296062
2932.0,0.84263,2.36453,95.8464,4.199529,,6126.0,-0.6715,0.01514,72.9695,3.823198704294983
2933.0,0.84263,2.36477,95.856,4.199839,,6127.0,-0.67336,0.01534,73.9032,3.959200033696878
2934.0,0.83891,2.36501,95.8658,4.199839,,6128.0,-0.6715,0.01554,74.9016,3.851729350072749
2935.0,0.83891,2.36525,95.8755,4.199839,,6129.0,-0.6715,0.01572,75.7656,3.860010461809164
2936.0,0.83333,2.36549,95.885,4.199839,,6130.0,-0.6715,0.01593,76.7542,3.886490656325894
2937.0,0.83705,2.36572,95.8946,4.199529,,6131.0,-0.6715,0.01611,77.6082,3.9529495889555397
2938.0,0.83519,2.36596,95.9043,4.199529,,6132.0,-0.67336,0.01624,78.2456,3.823382242293915
2939.0,0.83333,2.3662,95.9139,4.199839,,6132.0,-1.34301,0.01624,78.2456,3.8087295528669687
2940.0,0.83333,2.36644,95.9236,4.199839,,6133.0,-1.34859,0.01663,80.1404,3.7571226280552517
2941.0,0.83891,2.36668,95.9333,4.199839,,6134.0,-1.34673,0.01699,81.8933,4.09578209558224
2942.0,0.83147,2.36691,95.9429,4.199839,,6135.0,-1.35045,0.01737,83.7184,3.8444500781299813
2944.0,0.83333,2.36715,95.9526,4.199529,,6136.0,-1.34859,0.01777,85.6158,3.8487741370485296
2945.0,0.83705,2.36739,95.9622,4.199839,,6137.0,-1.35045,0.01816,87.4931,3.74059646473046
2946.0,0.83519,2.36763,95.972,4.199529,,6138.0,-1.34859,0.01855,89.373,3.85396986670705
2947.0,0.83705,2.36788,95.9819,4.199529,,6139.0,-1.34859,0.01893,91.233,3.964772543352928
2948.0,0.84077,2.36811,95.9916,4.199839,,6140.0,-1.34859,0.01932,93.1129,3.997504392768287
2949.0,0.83519,2.36835,96.001,4.199839,,6141.0,-1.35045,0.01971,94.9729,3.9937113305028005
2950.0,0.83333,2.36858,96.0106,4.199529,,6142.0,-1.35045,0.0201,96.8527,3.674906705797746
2951.0,0.83333,2.36882,96.0202,4.199839,,6143.0,-1.34673,0.02052,98.8596,3.9897737482224636
2952.0,0.83147,2.36906,96.0297,4.199839,,6144.0,-1.35045,0.02075,100.0,3.9081795164837123
2953.0,0.82961,2.3693,96.0396,4.199839,,6144.0,-1.35045,0.02075,100.0,3.705514826814094
2954.0,0.82403,2.36952,96.0484,4.199839,,,,,,
2955.0,0.82589,2.36975,96.0581,4.199839,,6144.0,0.67522,0.0,0.0,3.827526934976387
2956.0,0.82403,2.37,96.0679,4.199529,,6145.0,0.67336,0.00019,12.6591,3.9054077124521225
2957.0,0.82775,2.37024,96.0778,4.199839,,6146.0,0.67336,0.00038,25.3526,4.078455781018817
2958.0,0.82217,2.37048,96.0875,4.199529,,6147.0,0.67708,0.00058,38.8029,3.8980704298383166
2959.0,0.82031,2.37072,96.0971,4.199839,,6148.0,0.67336,0.00077,51.3932,4.0482159355202905
2960.0,0.81845,2.37095,96.1067,4.199839,,6149.0,0.67336,0.00096,63.7771,3.9415165228600966
2961.0,0.82403,2.37119,96.1164,4.199529,,6150.0,0.67336,0.00116,77.0898,3.924126258289529
2962.0,0.82589,2.37141,96.1252,4.199839,,6151.0,0.67336,0.00134,88.9233,3.7739792878588885
2963.0,0.82403,2.37166,96.1353,4.199529,,6152.0,0.67336,0.0015,100.0,4.115456860239663
2964.0,0.82589,2.37189,96.1448,4.199839,,6152.0,0.0,0.0015,100.0,3.9478391568404545
2965.0,0.82031,2.37213,96.1544,4.199839,,6153.0,0.0,0.0015,100.0,3.8303788333193505
2966.0,0.81845,2.37236,96.1639,4.199529,,6154.0,0.0,0.0015,100.0,4.037779459130763
2967.0,0.82031,2.3726,96.1733,4.199529,,6155.0,0.0,0.0015,100.0,3.919463432239217
2968.0,0.81659,2.37283,96.1827,4.199529,,6156.0,0.0,0.0015,100.0,3.8709021323222723
2969.0,0.81845,2.37306,96.1922,4.199839,,6157.0,0.0,0.0015,100.0,3.821658546195653
2970.0,0.81659,2.37329,96.2013,4.199839,,6158.0,0.0,0.0015,100.0,3.906063597699482
2971.0,0.81473,2.37352,96.2108,4.199529,,6159.0,0.0,0.0015,100.0,3.887870135817991
2972.0,0.81659,2.37377,96.2208,4.199839,,6160.0,0.0,0.0015,100.0,3.928053891903116
2973.0,0.81287,2.37399,96.2298,4.199839,,6161.0,0.0,0.0015,100.0,4.050872244954283
2974.0,0.81287,2.37422,96.2391,4.199839,,6162.0,0.0,0.0015,100.0,3.833769706159006
2975.0,0.81287,2.37445,96.2485,4.199839,,6163.0,0.0,0.0015,100.0,3.996400499645332
2976.0,0.81473,2.37468,96.2579,4.199839,,6164.0,0.0,0.0015,100.0,4.031301447355411
2977.0,0.81101,2.37492,96.2673,4.199839,,6165.0,0.0,0.0015,100.0,3.885059888442891
2979.0,0.81101,2.37515,96.2768,4.199839,,6166.0,0.0,0.0015,100.0,4.2824661521562835
2980.0,0.81287,2.37538,96.2862,4.199529,,6167.0,0.0,0.0015,100.0,3.8186934893202857
2981.0,0.81473,2.37561,96.2956,4.199839,,6168.0,0.0,0.0015,100.0,3.9306325920329854
2982.0,0.81101,2.37585,96.305,4.199839,,6168.0,0.0,0.0015,100.0,4.134755475670615
2983.0,0.80915,2.37607,96.3143,4.199529,,,,,,
2984.0,0.80915,2.37631,96.3237,4.199529,,6168.0,-0.66964,0.0,0.0,3.7562155780971924
2985.0,0.80915,2.37654,96.333,4.199839,,6169.0,-0.6715,0.0002,0.4943,3.6801917508701103
2986.0,0.80729,2.37677,96.3425,4.199839,,6170.0,-0.6715,0.00038,0.9256,3.9143131872990105
2987.0,0.80915,2.377,96.3519,4.199529,,6171.0,-0.6715,0.00059,1.4299,3.9643949975236605
2988.0,0.80729,2.37723,96.3612,4.199529,,6172.0,-0.6715,0.00077,1.8701,3.852131294649775
2989.0,0.80543,2.37746,96.3705,4.199529,,6173.0,-0.6715,0.00096,2.3342,3.7688612698993866
2990.0,0.80915,2.37769,96.3798,4.199839,,6174.0,-0.6715,0.00115,2.797,3.9116982613752342
2991.0,0.80543,2.37792,96.3893,4.199839,,6175.0,-0.6715,0.00134,3.2686,3.8164906709923017
2992.0,0.80357,2.37815,96.3986,4.199839,,6176.0,-0.6715,0.00156,3.7868,3.886297710662899
2993.0,0.80915,2.37838,96.4079,4.199839,,6177.0,-0.6715,0.00175,4.2496,3.8701358471353324
2994.0,0.80543,2.37861,96.4169,4.199839,,6178.0,-0.6715,0.00193,4.7086,3.6695351021001
2995.0,0.80171,2.37885,96.4268,4.199839,,6179.0,-0.67336,0.00212,5.1664,3.7814100182822705
2996.0,0.79799,2.37908,96.4362,4.199839,,6180.0,-0.6715,0.00231,5.6305,3.994236047297701
2997.0,0.80357,2.37931,96.4456,4.199529,,6181.0,-0.6715,0.0025,6.0933,4.04778873519987
2998.0,0.79799,2.37954,96.4549,4.199529,,6182.0,-0.6715,0.00269,6.5561,3.817957283422986
2999.0,0.79985,2.37977,96.4641,4.199839,,6183.0,-0.6715,0.00288,7.0063,3.8373530788993344
3000.0,0.79613,2.38,96.4734,4.199839,,6184.0,-0.6715,0.00309,7.5106,3.981373481251662
3001.0,0.80171,2.38023,96.4826,4.199529,,6185.0,-0.6715,0.00328,7.9734,4.021148327079486
3002.0,0.79799,2.38048,96.4928,4.199529,,6187.0,-0.6715,0.00347,8.4362,3.8528812613558805
3003.0,0.79613,2.38071,96.5023,4.199839,,6188.0,-0.6715,0.00365,8.8953,4.017987331271232
3004.0,0.79427,2.38094,96.5114,4.199839,,6189.0,-0.67336,0.00384,9.3581,3.909295727521163
3005.0,0.79427,2.38117,96.5208,4.199839,,6190.0,-0.6715,0.00404,9.8222,3.7686102887355717
3006.0,0.79427,2.3814,96.5299,4.199839,,6191.0,-0.6715,0.00423,10.285,3.8840241125053874
3008.0,0.79613,2.38163,96.5396,4.199839,,6192.0,-0.6715,0.00442,10.7528,3.9773353800716325
3009.0,0.79799,2.38187,96.549,4.199839,,6193.0,-0.6715,0.00461,11.2295,3.8920845316067862
3010.0,0.79241,2.38209,96.5583,4.199839,,6194.0,-0.6715,0.0048,11.6923,3.805365894745302
3011.0,0.79427,2.38232,96.5676,4.199839,,6195.0,-0.6715,0.00498,12.1237,3.93230954469259
3012.0,0.79427,2.38255,96.5768,4.199839,,6196.0,-0.6715,0.00517,12.5915,3.950641533202886
3013.0,0.79427,2.38277,96.5856,4.199529,,6197.0,-0.6715,0.00537,13.0593,4.06018072147824
3014.0,0.78869,2.383,96.595,4.199839,,6198.0,-0.6715,0.00556,13.5221,3.7786069753824596
3015.0,0.78683,2.38323,96.6043,4.199529,,6199.0,-0.6715,0.00575,13.9862,3.9787191377599136
3016.0,0.78683,2.38345,96.6133,4.199839,,6200.0,-0.6715,0.00594,14.449,3.9580530521853947
3017.0,0.79055,2.38367,96.6222,4.199529,,6201.0,-0.6715,0.00613,14.9169,4.0432684164486155
3018.0,0.78125,2.3839,96.6313,4.199529,,6202.0,-0.6715,0.00632,15.3797,3.9911203532148933
3019.0,0.78497,2.38412,96.6404,4.199839,,6203.0,-0.67336,0.00651,15.8526,3.872389256704999
3020.0,0.78497,2.38432,96.6486,4.199529,,6203.0,-0.67336,0.00654,15.9117,3.69648202953083
3021.0,0.78497,2.38455,96.6578,4.199529,,6203.0,-5.39993,0.00654,15.9117,3.7687652004221612
3022.0,0.78311,2.38477,96.6668,4.199529,,6204.0,-5.40737,0.0081,19.7123,3.6972022174983366
3023.0,0.78311,2.385,96.6759,4.199529,,6205.0,-5.40737,0.00963,23.4412,3.778388848034175
3024.0,0.78683,2.38522,96.685,4.199839,,6206.0,-5.40365,0.01116,27.1688,3.7114776863488532
3025.0,0.77939,2.38545,96.6941,4.199529,,6207.0,-5.40737,0.01269,30.8964,3.757631259282006
3026.0,0.77753,2.38567,96.7032,4.199839,,6208.0,-5.40551,0.01427,34.7335,3.6657059794523557
3027.0,0.78125,2.38589,96.7121,4.199839,,6209.0,-5.40737,0.01573,38.28,3.579882568540268
3028.0,0.78311,2.38611,96.7212,4.199839,,6210.0,-5.40551,0.01739,42.3385,3.6709655018843437
3029.0,0.78125,2.38634,96.7303,4.199839,,6211.0,-5.40737,0.01854,45.1166,3.52020127177752
3030.0,0.78311,2.38656,96.7394,4.199839,,6211.0,-3.37426,0.01854,45.1166,3.6833409987227914
3031.0,0.77753,2.38678,96.7484,4.199529,,6212.0,-3.3817,0.01952,47.5136,3.605046686143127
3032.0,0.78497,2.38701,96.7574,4.199529,,6213.0,-3.37612,0.02052,49.9346,3.676317242589786
3033.0,0.77939,2.38724,96.7668,4.199839,,6214.0,-3.37612,0.02143,52.1719,3.9156886281842613
3034.0,0.77753,2.38745,96.7755,4.199839,,6215.0,-3.37798,0.02238,54.4797,3.545738522466603
3035.0,0.77939,2.38768,96.7847,4.199529,,6216.0,-3.37612,0.02333,56.7862,3.7410298630058376
3036.0,0.77753,2.3879,96.7938,4.199529,,6217.0,-3.37426,0.02429,59.1154,3.8104712658871294
3037.0,0.77567,2.38812,96.8026,4.199529,,6218.0,-3.37612,0.02524,61.4458,3.720848165871362
3038.0,0.77753,2.38834,96.8115,4.199839,,6219.0,-3.37984,0.0262,63.7749,3.844000747371574
3039.0,0.77939,2.38855,96.8199,4.199839,,6220.0,-3.37984,0.02716,66.1041,3.5735515384050314
3040.0,0.77567,2.38878,96.8294,4.199529,,6221.0,-3.37984,0.02812,68.4345,3.5185865048563296
3041.0,0.77567,2.38901,96.8384,4.199529,,6222.0,-3.37612,0.02907,70.7649,3.613697095565109
3042.0,0.77381,2.38921,96.8466,4.199529,,6223.0,-3.3817,0.03005,73.1406,3.8131403797212493
3043.0,0.77195,2.38943,96.8558,4.199529,,6224.0,-3.37984,0.03104,75.5628,3.8269275978848403
3044.0,0.77381,2.38965,96.8646,4.199839,,6225.0,-3.37612,0.03203,77.9611,3.651141239050641
3046.0,0.76637,2.38988,96.8737,4.199839,,6226.0,-3.37984,0.03302,80.3821,3.8010973953639824
3047.0,0.76823,2.39009,96.8824,4.199839,,6227.0,-3.37798,0.03393,82.5968,3.7397022161101017
3048.0,0.77195,2.39033,96.892,4.199839,,6228.0,-3.37798,0.03489,84.9259,3.8745045887703435
3049.0,0.76637,2.39053,96.9004,4.199529,,6229.0,-3.37612,0.03585,87.2551,3.8279637870916305
3050.0,0.77009,2.39075,96.9093,4.199529,,6230.0,-3.37984,0.03684,89.676,3.883279686415404
3051.0,0.77009,2.39097,96.9182,4.199529,,6232.0,-3.3817,0.03776,91.9146,3.575607853760716
3052.0,0.77009,2.39119,96.927,4.199529,,6233.0,-3.37798,0.03872,94.2438,3.7499907817529206
3053.0,0.76079,2.39141,96.9359,4.199839,,6234.0,-3.37612,0.03981,96.8936,3.763355260645321
3054.0,0.76637,2.39163,96.9448,4.199839,,6235.0,-3.37984,0.04074,99.1536,3.870711341588583
3055.0,0.76265,2.39185,96.9536,4.199529,,6235.0,-3.3817,0.04108,100.0,3.8005319058098097
3056.0,0.76265,2.39207,96.9626,4.199529,,6235.0,-3.3817,0.04108,100.0,3.7240210863896674
3057.0,0.76637,2.39229,96.9714,4.200149,,,,,,
3058.0,0.77567,2.39251,96.9803,4.199839,,6235.0,1.34487,0.0,0.0,4.003396039930659
3059.0,0.76079,2.39272,96.9891,4.199839,,6236.0,1.35045,0.00043,14.1669,3.7220080973627105
3060.0,0.76079,2.39294,96.9979,4.199839,,6237.0,1.35045,0.00081,26.7221,4.006329757706804
3061.0,0.76637,2.39316,97.0068,4.199529,,6238.0,1.35045,0.00122,39.905,3.8687683719873998
3062.0,0.76265,2.39338,97.0157,4.199529,,6239.0,1.35045,0.00157,51.4761,3.9981972639588954
3063.0,0.76265,2.3936,97.0245,4.199529,,6240.0,1.35045,0.00195,64.0482,4.002820724201578
3064.0,0.76265,2.39381,97.0333,4.199529,,6241.0,1.34859,0.00233,76.6033,3.927504816068004
3065.0,0.75707,2.39403,97.042,4.199839,,6242.0,1.35045,0.00271,89.0397,3.9281728725428113
3066.0,0.76265,2.39424,97.0507,4.199839,,6243.0,1.35045,0.00305,100.0,3.920917999626256
3067.0,0.76451,2.39446,97.0595,4.199839,,6243.0,1.35045,0.00305,100.0,3.757337266992611
3068.0,0.76079,2.39468,97.0686,4.199529,,,,,,
3069.0,0.76451,2.39492,97.0781,4.199529,,6243.0,-1.34859,0.0,0.0,3.8477219160733416
3070.0,0.75521,2.39512,97.0861,4.199529,,6244.0,-1.35045,0.00039,3.277,3.821654158120573
3071.0,0.75893,2.39533,97.0949,4.199529,,6245.0,-1.34859,0.00078,6.5239,3.904789902164862
3072.0,0.75893,2.39555,97.1038,4.199839,,6246.0,-1.34859,0.00117,9.7364,3.8133971728099634
3073.0,0.75335,2.39577,97.1125,4.199839,,6247.0,-1.35045,0.00155,12.9188,3.826404728617798
3074.0,0.76079,2.39598,97.1212,4.199839,,6248.0,-1.35045,0.00193,16.1011,3.8175288443160356
3075.0,0.75521,2.3962,97.1301,4.199529,,6249.0,-1.35231,0.00235,19.5674,3.768760196580952
3076.0,0.75707,2.39644,97.1399,4.199839,,6250.0,-1.34859,0.00271,22.5906,3.8656836353541233
3077.0,0.75149,2.39665,97.1483,4.199839,,6251.0,-1.35231,0.0031,25.7773,3.848047305725937
3079.0,0.75893,2.39686,97.157,4.199839,,6252.0,-1.34859,0.0035,29.1145,3.7525480139038723
3080.0,0.75149,2.3971,97.1664,4.199529,,6253.0,-1.34673,0.00389,32.3872,3.8445129009851393
3081.0,0.75335,2.39731,97.1751,4.199529,,6255.0,-1.35045,0.00427,35.5739,3.9781509046946093
3082.0,0.75335,2.39753,97.1838,4.199529,,6256.0,-1.35231,0.00467,38.8509,3.7822657013365983
3083.0,0.75149,2.39774,97.1925,4.199839,,6257.0,-1.35231,0.00502,41.814,3.6275102469104454
3084.0,0.74591,2.39795,97.2012,4.199839,,6258.0,-1.35045,0.00545,45.3748,3.7923948213836747
3085.0,0.75335,2.39817,97.21,4.199839,,6259.0,-1.35045,0.00589,48.9958,3.8238383712825987
3086.0,0.75149,2.39838,97.2183,4.199839,,6260.0,-1.35231,0.00626,52.118,3.773227479819629
3087.0,0.74777,2.39859,97.227,4.199839,,6261.0,-1.34859,0.00664,55.2703,3.801205378598347
3088.0,0.75149,2.3988,97.2353,4.199839,,6262.0,-1.35045,0.00704,58.5774,3.736589428080484
3089.0,0.75149,2.39901,97.2439,4.199839,,6263.0,-1.34859,0.0074,61.6093,3.7122698261051403
3090.0,0.74591,2.39922,97.2526,4.199839,,6264.0,-1.35045,0.00781,64.9766,3.8107704818809545
3091.0,0.74591,2.39944,97.2613,4.199529,,6265.0,-1.35045,0.00818,68.0643,3.819232939894575
3092.0,0.74963,2.39965,97.2699,4.199839,,6266.0,-1.34859,0.00856,71.2811,3.703725790605742
3093.0,0.75149,2.39986,97.2785,4.199839,,6267.0,-1.35045,0.00904,75.2462,3.7155235800382975
3094.0,0.74777,2.40007,97.2871,4.199839,,6268.0,-1.34859,0.00941,78.3039,3.8489611253048612
3095.0,0.74591,2.40029,97.2958,4.199529,,6269.0,-1.34859,0.00979,81.4863,3.6349769844360975
3096.0,0.73847,2.4005,97.3043,4.199529,,6270.0,-1.35045,0.01017,84.6084,3.6308130819588413
3097.0,0.74405,2.40071,97.313,4.199839,,6271.0,-1.34859,0.01057,88.0145,3.735263271750065
3098.0,0.74591,2.40092,97.3215,4.199529,,6272.0,-1.35045,0.01092,90.9173,3.912804510357084
3099.0,0.74405,2.40114,97.3301,4.199529,,6273.0,-1.35045,0.01132,94.1943,3.6659689170154097
3100.0,0.74033,2.40135,97.3387,4.199529,,6274.0,-1.35045,0.01173,97.6261,3.9077740098120737
3101.0,0.73847,2.40156,97.3473,4.199529,,6275.0,-1.35045,0.01201,100.0,3.8096608204504068
3102.0,0.74033,2.40177,97.3559,4.199839,,6275.0,-1.35045,0.01201,100.0,3.65243289369437
3103.0,0.74033,2.40198,97.3645,4.199839,,,,,,
3104.0,0.74033,2.40221,97.3738,4.199839,,6275.0,2.70089,0.0,0.0,4.148927428349651
3105.0,0.74033,2.40242,97.382,4.199839,,6276.0,2.70647,0.00077,12.967,4.061949316296949
3106.0,0.74405,2.40263,97.3908,4.199839,,6277.0,2.70275,0.00155,25.934,3.9287372495552653
3107.0,0.73847,2.40285,97.3995,4.199839,,6278.0,2.70089,0.00232,38.9096,3.976269421024708
3108.0,0.73475,2.40306,97.4082,4.199839,,6279.0,2.70833,0.00309,51.7552,4.104099527755291
3109.0,0.74033,2.40328,97.4169,4.199529,,6280.0,2.70275,0.00385,64.6095,3.93775337888635
3110.0,0.73475,2.40349,97.4254,4.199529,,6281.0,2.70647,0.00463,77.7065,3.944633876034338
3112.0,0.74033,2.4037,97.434,4.199839,,6282.0,2.70089,0.00539,90.4308,4.11098459796092
3113.0,0.73475,2.40392,97.443,4.199529,,6283.0,2.70461,0.00596,100.0,3.987753495360082
3114.0,0.73103,2.40413,97.4516,4.199529,,6283.0,0.0,0.00596,100.0,3.781697103378294
3115.0,0.73289,2.40434,97.4602,4.199529,,6284.0,0.0,0.00596,100.0,3.9102886537322257
3116.0,0.73661,2.40455,97.4687,4.199839,,6285.0,0.0,0.00596,100.0,4.093227952461457
3117.0,0.73103,2.40476,97.4772,4.199529,,6286.0,0.0,0.00596,100.0,3.96125919424471
3118.0,0.73103,2.40497,97.4857,4.199529,,6287.0,0.0,0.00596,100.0,4.161851665572782
3119.0,0.73661,2.40519,97.4943,4.199839,,6288.0,0.0,0.00596,100.0,3.9993714102322744
3120.0,0.73475,2.40538,97.5022,4.199839,,6289.0,0.0,0.00596,100.0,3.8975515528791145
3121.0,0.73475,2.40559,97.5107,4.199839,,6290.0,0.0,0.00596,100.0,3.854410299606846
3122.0,0.73661,2.4058,97.5191,4.199839,,6291.0,0.0,0.00596,100.0,3.9575066179930425
3123.0,0.72917,2.40601,97.5276,4.199529,,6293.0,0.0,0.00596,100.0,3.8157548070253062
3124.0,0.72917,2.40622,97.5363,4.199529,,6294.0,0.0,0.00596,100.0,3.7559068648218115
3125.0,0.73289,2.40643,97.5448,4.199529,,6295.0,0.0,0.00596,100.0,4.018586416101571
3126.0,0.73289,2.40664,97.5532,4.199839,,6296.0,0.0,0.00596,100.0,3.9585829063291005
3127.0,0.72731,2.40684,97.5615,4.199839,,6297.0,0.0,0.00596,100.0,3.8227042595898606
3128.0,0.72545,2.40705,97.57,4.199529,,6298.0,0.0,0.00596,100.0,3.9027528676170125
3129.0,0.72545,2.40726,97.5785,4.199529,,6299.0,0.0,0.00596,100.0,3.8627862718956636
3130.0,0.72359,2.40747,97.5869,4.199839,,6300.0,0.0,0.00596,100.0,3.9273898829752634
3131.0,0.71801,2.40768,97.5953,4.199839,,6301.0,0.0,0.00596,100.0,3.811948881040725
3132.0,0.72545,2.40789,97.6038,4.199529,,6302.0,0.0,0.00596,100.0,3.7384290067186963
3133.0,0.73103,2.4081,97.6123,4.199529,,6303.0,0.0,0.00596,100.0,4.044799864426828
3134.0,0.72545,2.4083,97.6206,4.199529,,6304.0,0.0,0.00596,100.0,3.922511595163092
3135.0,0.72545,2.40851,97.6291,4.199839,,6305.0,0.0,0.00596,100.0,3.9170739005316646
3136.0,0.72359,2.40872,97.6375,4.199529,,6306.0,0.0,0.00596,100.0,3.7720631584229083
3137.0,0.71801,2.40894,97.6466,4.199839,,6307.0,0.0,0.00596,100.0,4.007337525470442
3138.0,0.72731,2.40916,97.6552,4.199529,,6308.0,0.0,0.00596,100.0,3.8766198784008785
3139.0,0.72173,2.40936,97.6636,4.199839,,6309.0,0.0,0.00596,100.0,3.8250524496394567
3140.0,0.72545,2.40957,97.6719,4.199529,,6310.0,0.0,0.00596,100.0,3.7808830017865005
3141.0,0.72173,2.40976,97.6796,4.199839,,6311.0,0.0,0.00596,100.0,4.045260750544782
3142.0,0.71615,2.40996,97.688,4.199839,,6312.0,0.0,0.00596,100.0,3.8134289087379227
3144.0,0.71987,2.41018,97.6965,4.199529,,6313.0,0.0,0.00596,100.0,3.7404748546324007
3145.0,0.71801,2.41038,97.7049,4.199529,,6314.0,0.0,0.00596,100.0,3.898081052275344
3146.0,0.71987,2.41059,97.7133,4.199529,,6315.0,0.0,0.00596,100.0,3.9588603163660103
3147.0,0.71801,2.41079,97.7215,4.199529,,6316.0,0.0,0.00596,100.0,3.8168774657404
3148.0,0.71801,2.411,97.7299,4.199529,,6317.0,0.0,0.00596,100.0,3.9120172220881724
3149.0,0.71615,2.4112,97.7383,4.199529,,6318.0,0.0,0.00596,100.0,3.7682733803953754
3150.0,0.71429,2.41141,97.7466,4.199839,,6319.0,0.0,0.00596,100.0,3.931347153806797
3151.0,0.71429,2.41162,97.7549,4.199839,,6320.0,0.0,0.00596,100.0,3.961283360770352
3152.0,0.71987,2.41182,97.7632,4.199839,,6321.0,0.0,0.00596,100.0,3.8695695015586113
3153.0,0.71987,2.41203,97.7716,4.199529,,6322.0,0.0,0.00596,100.0,3.8799143779675798
3154.0,0.71429,2.41223,97.7799,4.199529,,6322.0,0.0,0.00596,100.0,3.8873473941161714
3155.0,0.71429,2.41243,97.7881,4.199529,,6323.0,0.0,0.00596,100.0,3.7347306466602634
3156.0,0.71243,2.41264,97.7964,4.199529,,6324.0,0.0,0.00596,100.0,3.8202968834487527
3157.0,0.71429,2.41284,97.8046,4.199529,,6325.0,0.0,0.00596,100.0,3.810506813441141
3158.0,0.71615,2.41305,97.813,4.199839,,6326.0,0.0,0.00596,100.0,3.6499278078078294
3159.0,0.70871,2.41325,97.8212,4.199529,,6327.0,0.0,0.00596,100.0,4.120391175187502
3160.0,0.71243,2.41347,97.83,4.199839,,6328.0,0.0,0.00596,100.0,3.9659392501069703
3161.0,0.71243,2.41365,97.8374,4.199839,,6329.0,0.0,0.00596,100.0,3.9336794298667774
3162.0,0.70871,2.41385,97.8455,4.199839,,6330.0,0.0,0.00596,100.0,3.95970569047003
3163.0,0.71057,2.41405,97.8538,4.199529,,6331.0,0.0,0.00596,100.0,3.877681510095793
3164.0,0.71243,2.41426,97.862,4.199529,,6332.0,0.0,0.00596,100.0,3.8600777308916987
3165.0,0.71057,2.41446,97.8702,4.199529,,6333.0,0.0,0.00596,100.0,3.871777959716692
3166.0,0.70871,2.41466,97.8784,4.199839,,6334.0,0.0,0.00596,100.0,3.821474240901783
3167.0,0.71057,2.41487,97.8866,4.199839,,6336.0,0.0,0.00596,100.0,3.8863215725181273
3168.0,0.71057,2.41507,97.8949,4.199529,,6337.0,0.0,0.00596,100.0,3.8475810332762905
3169.0,0.71243,2.41528,97.9036,4.199839,,6338.0,0.0,0.00596,100.0,3.800790386121715
3170.0,0.70685,2.41549,97.9118,4.199839,,6339.0,0.0,0.00596,100.0,4.0616157128783845
3171.0,0.70499,2.41572,97.9213,4.199529,,6339.0,0.0,0.00596,100.0,3.7913846120904697
3172.0,0.71429,2.41591,97.929,4.199529,,6339.0,0.0,0.00596,100.0,3.89230741679464
3174.0,0.70685,2.41611,97.9371,4.199529,,,,,,
3175.0,0.70499,2.41631,97.9453,4.199529,,6339.0,-0.6715,0.0,0.0,4.065706134971728
3176.0,0.70871,2.41651,97.9535,4.199529,,6340.0,-0.6715,0.00021,2.1587,3.844827345249215
3177.0,0.70126,2.41672,97.9617,4.199839,,6341.0,-0.6715,0.0004,4.1058,3.8565024149647265
3178.0,0.70313,2.41693,97.9705,4.199529,,6342.0,-0.6715,0.00059,6.0529,3.914766431304957
3179.0,0.70313,2.41714,97.9787,4.199529,,6343.0,-0.6715,0.00078,8.0053,3.910841007328148
3180.0,0.70313,2.41734,97.9869,4.199529,,6344.0,-0.6715,0.00097,9.9524,3.8439888855877187
3181.0,0.70126,2.41754,97.9951,4.199529,,6345.0,-0.6715,0.00116,11.8995,3.993510911254418
3182.0,0.70313,2.41774,98.003,4.199839,,6346.0,-0.6715,0.00135,13.8677,3.897900785889095
3183.0,0.70313,2.41794,98.0111,4.199839,,6348.0,-0.6715,0.00154,15.7196,3.791770490423825
3184.0,0.6994,2.41812,98.0188,4.199839,,6349.0,-0.6715,0.00173,17.6878,3.9627042646723076
3185.0,0.69754,2.41833,98.0271,4.199839,,6350.0,-0.6715,0.00192,19.6349,4.006543314532384
3186.0,0.70126,2.41853,98.0352,4.199839,,6351.0,-0.6715,0.00211,21.582,4.016740448657176
3187.0,0.6994,2.41873,98.0432,4.199529,,6352.0,-0.6715,0.0023,23.5344,3.829975150929996
3188.0,0.70126,2.41893,98.0514,4.199529,,6353.0,-0.6715,0.00249,25.4815,3.65408301418302
3189.0,0.69754,2.41913,98.0596,4.199529,,6354.0,-0.6715,0.00268,27.4074,4.0473997945502225
3190.0,0.69568,2.41935,98.0684,4.199529,,6355.0,-0.6715,0.00287,29.3598,3.6644828298166603
3191.0,0.69754,2.41955,98.0764,4.199529,,6356.0,-0.6715,0.00306,31.3069,3.8876718267529617
3192.0,0.69382,2.41975,98.0847,4.199839,,6357.0,-0.6715,0.00327,33.4444,4.059339976389326
3193.0,0.69382,2.41994,98.0922,4.199839,,6358.0,-0.67336,0.00345,35.3545,4.06911413388801
3194.0,0.69568,2.42014,98.1003,4.199529,,6359.0,-0.6715,0.00364,37.2857,3.879691034446875
3195.0,0.69754,2.42034,98.1084,4.199529,,6360.0,-0.6715,0.00383,39.2328,3.700464453016258
3196.0,0.69568,2.42054,98.1166,4.199529,,6361.0,-0.67336,0.00401,41.0899,3.953835644107824
3197.0,0.69382,2.42074,98.1246,4.199529,,6362.0,-0.6715,0.00422,43.1905,3.853712707140598
3198.0,0.69382,2.42093,98.1326,4.199529,,6363.0,-0.6715,0.0044,45.0476,3.941825340251401
3199.0,0.6901,2.42113,98.1406,4.199839,,6364.0,-0.6715,0.00459,46.9947,3.860332398205586
3200.0,0.69196,2.42133,98.1487,4.199839,,6365.0,-0.6715,0.0048,49.1905,3.9106785141286298
3201.0,0.69196,2.42153,98.1567,4.199529,,6366.0,-0.6715,0.00498,50.9894,3.981669862298226
3202.0,0.68824,2.42173,98.1647,4.199529,,6367.0,-0.6715,0.00519,53.1058,3.9837783759190706
3203.0,0.69382,2.42192,98.1728,4.199529,,6367.0,-0.6715,0.00521,53.3968,3.85978965465083
3205.0,0.6901,2.42215,98.1818,4.199839,,6367.0,-1.34859,0.00521,53.3968,3.7932013786947554
3206.0,0.69196,2.42233,98.1893,4.199529,,6368.0,-1.34859,0.00562,57.5767,3.9052297710099855
3207.0,0.68824,2.42253,98.1973,4.199839,,6369.0,-1.35045,0.00601,61.5291,3.925459191391462
3208.0,0.68824,2.42273,98.2055,4.199839,,6370.0,-1.34859,0.00639,65.4815,3.794146496369528
3209.0,0.68824,2.42294,98.2139,4.199839,,6371.0,-1.34859,0.00678,69.4762,3.7600869415071383
3210.0,0.68824,2.42313,98.2219,4.199839,,6372.0,-1.35045,0.00717,73.3915,3.690533790428362
3211.0,0.68824,2.42333,98.2297,4.199839,,6373.0,-1.34859,0.00755,77.3122,3.7664700059195395
3212.0,0.6901,2.42352,98.2373,4.199529,,6374.0,-1.35045,0.00793,81.2275,3.9991162686138555
3213.0,0.68638,2.42371,98.2452,4.199529,,6375.0,-1.35045,0.00831,85.1429,3.9080550927779876
3214.0,0.68638,2.4239,98.2531,4.199529,,6376.0,-1.35045,0.00869,89.0212,3.774599354145207
3215.0,0.6901,2.4241,98.261,4.199529,,6377.0,-1.35045,0.00905,92.6667,3.75237536888086
3216.0,0.68266,2.4243,98.2689,4.199839,,6378.0,-1.34673,0.00943,96.582,3.7274302462374744
3217.0,0.68266,2.42449,98.2769,4.199529,,6379.0,-1.35231,0.00977,100.0,3.827870893789599
3218.0,0.68638,2.42469,98.2847,4.199529,,6379.0,-1.35231,0.00977,100.0,3.889494354168573
3219.0,0.6808,2.42488,98.2927,4.199839,,,,,,
3220.0,0.68266,2.42508,98.3005,4.199839,,6379.0,0.6715,0.0,0.0,4.038842874987477
3221.0,0.68452,2.42527,98.3084,4.199839,,6380.0,0.67522,0.00018,12.3259,4.0063711563158275
3222.0,0.67894,2.42547,98.3164,4.199839,,6381.0,0.67522,0.00038,25.3134,3.986524884128553
3223.0,0.68638,2.42569,98.3255,4.199529,,6382.0,0.66964,0.00057,38.1267,4.026162199460743
3224.0,0.67894,2.42589,98.3335,4.199529,,6383.0,0.67336,0.00075,50.4526,3.8201112168245284
3225.0,0.68638,2.42608,98.3414,4.199839,,6384.0,0.6715,0.00096,64.7284,3.8799147386464337
3226.0,0.6808,2.42628,98.3493,4.199529,,6385.0,0.67336,0.00114,76.5668,3.900435640418807
3227.0,0.67894,2.42647,98.3572,4.199839,,6386.0,0.67336,0.00133,89.5543,3.9322500922438017
3228.0,0.68266,2.42667,98.3651,4.199529,,6387.0,0.67522,0.00148,100.0,4.13892194485162
3229.0,0.67894,2.42686,98.3729,4.199839,,6387.0,0.0,0.00148,100.0,3.7792944724865687
3230.0,0.67894,2.42706,98.3808,4.199839,,6388.0,0.0,0.00148,100.0,4.040671667312918
3231.0,0.6808,2.42725,98.3886,4.199529,,6389.0,0.0,0.00148,100.0,3.9937562211640025
3232.0,0.67708,2.42744,98.3964,4.199529,,6390.0,0.0,0.00148,100.0,3.735289571019679
3233.0,0.67708,2.42763,98.4043,4.199529,,6391.0,0.0,0.00148,100.0,4.014218580020913
3234.0,0.67708,2.42783,98.4121,4.199839,,6392.0,0.0,0.00148,100.0,3.7587186746765826
3235.0,0.67708,2.42802,98.4199,4.199839,,6394.0,0.0,0.00148,100.0,4.059373429482741
3237.0,0.6715,2.42821,98.4278,4.199839,,6395.0,0.0,0.00148,100.0,3.9037901661392427
3238.0,0.67522,2.42841,98.4356,4.199839,,6396.0,0.0,0.00148,100.0,3.975604099337265
3239.0,0.67336,2.4286,98.4435,4.199839,,6397.0,0.0,0.00148,100.0,3.824140603321792
3240.0,0.6715,2.42879,98.4512,4.199839,,6398.0,0.0,0.00148,100.0,3.905277281353388
3241.0,0.67708,2.42897,98.4584,4.199529,,6399.0,0.0,0.00148,100.0,4.047094342788814
3242.0,0.67708,2.42918,98.4667,4.199839,,6400.0,0.0,0.00148,100.0,3.8232693356067124
3243.0,0.67708,2.42937,98.4745,4.199839,,6401.0,0.0,0.00148,100.0,3.9929991520611043
3244.0,0.67522,2.42956,98.4823,4.199529,,6402.0,0.0,0.00148,100.0,3.9731233369428076
3245.0,0.67708,2.42975,98.4901,4.199839,,6403.0,0.0,0.00148,100.0,3.996385121122675
3246.0,0.67336,2.42994,98.4978,4.199529,,6403.0,0.0,0.00148,100.0,3.838629203113913
3247.0,0.6715,2.43013,98.5056,4.199529,,6403.0,0.0,0.00148,100.0,3.861117492375188
3248.0,0.6715,2.43033,98.5137,4.199839,,,,,,
3249.0,0.66964,2.43053,98.5215,4.199529,,6403.0,-0.6715,0.0,0.0,4.026185926576508
3250.0,0.6715,2.43072,98.5292,4.199529,,6404.0,-0.6715,0.00019,0.9143,3.976476067813327
3251.0,0.67336,2.43091,98.5369,4.199839,,6406.0,-0.6715,0.00042,2.0,3.948089664724452
3252.0,0.67522,2.4311,98.5446,4.199839,,6407.0,-0.6715,0.00061,2.9317,3.8708891337985007
3253.0,0.66778,2.43129,98.5523,4.199839,,6408.0,-0.6715,0.00079,3.8037,3.900085694673611
3254.0,0.66778,2.43148,98.5601,4.199529,,6409.0,-0.6715,0.00098,4.718,4.029377155591121
3255.0,0.66406,2.43167,98.5678,4.199529,,6410.0,-0.6715,0.00118,5.677,4.098839642570053
3256.0,0.66592,2.43186,98.5757,4.199529,,6411.0,-0.6715,0.00137,6.5839,3.911423791438445
3257.0,0.66778,2.43205,98.5834,4.199839,,6412.0,-0.6715,0.00156,7.4981,3.8439551746715073
3258.0,0.66778,2.43224,98.5911,4.199839,,6413.0,-0.6715,0.00175,8.4124,3.6782832707553035
3259.0,0.66034,2.43243,98.5988,4.199529,,6414.0,-0.6715,0.00193,9.2571,3.86577084142565
3260.0,0.66406,2.43263,98.6066,4.199529,,6415.0,-0.6715,0.00212,10.1988,3.9266022341726803
3261.0,0.66592,2.43281,98.6141,4.199839,,6416.0,-0.6715,0.00231,11.113,3.9046858447073802
3262.0,0.66778,2.433,98.6218,4.199839,,6417.0,-0.6715,0.0025,12.0373,3.9566621623569014
3263.0,0.66406,2.43319,98.6294,4.199529,,6418.0,-0.6715,0.00269,12.9441,3.7758179412250508
3264.0,0.66406,2.43338,98.6371,4.199839,,6419.0,-0.6715,0.00288,13.8584,4.065734284928123
3265.0,0.65848,2.43357,98.6448,4.199839,,6420.0,-0.6715,0.00307,14.7727,3.8463698000195072
3266.0,0.6622,2.43376,98.6524,4.199839,,6421.0,-0.6715,0.00328,15.7615,3.9871969915808836
3267.0,0.66778,2.43394,98.6599,4.199839,,6422.0,-0.6715,0.00346,16.6137,4.047464115204602
3268.0,0.6622,2.43413,98.6676,4.199529,,6423.0,-0.6715,0.00365,17.528,3.8647088989350418
3269.0,0.65662,2.43431,98.6747,4.199529,,6424.0,-0.6715,0.00384,18.4522,4.046519742533687
3270.0,0.66406,2.4345,98.6824,4.199839,,6425.0,-0.6715,0.00403,19.3665,3.9965043426302542
3271.0,0.65848,2.43468,98.69,4.199529,,6426.0,-0.6715,0.00421,20.2634,3.771299314937211
3272.0,0.66406,2.43487,98.6977,4.199529,,6427.0,-0.6715,0.00441,21.1975,3.799836656385193
3273.0,0.6622,2.43506,98.7053,4.199839,,6428.0,-0.67336,0.0046,22.1118,3.7464370317809896
3275.0,0.65662,2.43525,98.7129,4.199839,,6429.0,-0.6715,0.0048,23.0807,3.7859550150605497
3276.0,0.66406,2.43544,98.7206,4.199529,,6430.0,-0.6715,0.005,24.0323,3.792783117043663
3277.0,0.66034,2.43563,98.7281,4.199839,,6431.0,-0.6715,0.00519,24.954,3.8961119618830358
3278.0,0.65848,2.43581,98.7358,4.199839,,6432.0,-0.6715,0.00538,25.8708,3.722639725457469
3279.0,0.66034,2.436,98.7433,4.199839,,6433.0,-0.6715,0.00557,26.7851,3.8947704053838024
3280.0,0.66034,2.43619,98.751,4.199529,,6434.0,-0.6715,0.00576,27.6994,3.8543113048529904
3281.0,0.65104,2.43637,98.7584,4.199839,,6435.0,-0.6715,0.00595,28.6161,3.7571000857537626
3282.0,0.65848,2.43657,98.7664,4.199839,,6436.0,-0.6715,0.00615,29.5578,3.870015943897373
3283.0,0.6529,2.43676,98.774,4.199839,,6437.0,-0.6715,0.00634,30.4646,3.870186853754861
3284.0,0.65476,2.43695,98.7817,4.199529,,6438.0,-0.6715,0.00653,31.3789,3.92200754751453
3285.0,0.65848,2.43712,98.7888,4.199839,,6439.0,-0.6715,0.00672,32.2932,4.008500294974334
3286.0,0.65662,2.43731,98.7964,4.199529,,6440.0,-0.6715,0.00691,33.2075,3.9566070997066807
3287.0,0.6529,2.43749,98.8039,4.199529,,6441.0,-0.6715,0.0071,34.1242,3.964855213217007
3288.0,0.65104,2.43768,98.8115,4.199529,,6442.0,-0.6715,0.00729,35.0385,3.8792372773925305
3289.0,0.65104,2.43786,98.8187,4.199529,,6443.0,-0.6715,0.00748,35.9528,3.845967103718135
3290.0,0.65848,2.43805,98.8266,4.199529,,6444.0,-0.6715,0.00767,36.8596,3.978475927127817
3291.0,0.6529,2.43825,98.8345,4.199839,,6445.0,-0.6715,0.00786,37.7839,3.7292783027744916
3292.0,0.65476,2.43841,98.8412,4.199839,,6446.0,-0.6715,0.00804,38.6534,4.074820425063932
3293.0,0.65104,2.43862,98.8495,4.199529,,6448.0,-0.6715,0.00824,39.6224,3.8079143947095666
3294.0,0.6529,2.4388,98.857,4.199529,,6449.0,-0.6715,0.00843,40.5466,4.15673360007876
3295.0,0.64732,2.43897,98.8639,4.199839,,6450.0,-0.6715,0.00864,41.5429,3.853344081949516
3296.0,0.64546,2.43916,98.8713,4.199839,,6451.0,-0.6715,0.00883,42.4745,3.9295370697316674
3297.0,0.64918,2.43934,98.8788,4.199839,,6452.0,-0.6715,0.00903,43.3988,3.8680100633471013
3298.0,0.64918,2.43953,98.8862,4.199529,,6453.0,-0.6715,0.00922,44.313,3.7687354631718573
3299.0,0.64732,2.43971,98.8938,4.199839,,6454.0,-0.6715,0.00941,45.2273,3.9325709983015367
3300.0,0.6529,2.4399,98.9013,4.199529,,6455.0,-0.6715,0.00958,46.082,3.8806142444105522
3301.0,0.64546,2.44008,98.9088,4.199839,,6456.0,-0.6715,0.00978,47.0062,3.8368265591994315
3302.0,0.64732,2.44027,98.9163,4.199839,,6457.0,-0.6715,0.00997,47.9205,3.763015331078732
3303.0,0.64918,2.44045,98.9237,4.199839,,6458.0,-0.6715,0.01016,48.8348,3.851345470492308
3304.0,0.6436,2.44064,98.9315,4.199529,,6459.0,-0.6715,0.01035,49.7516,3.9378883028279192
3305.0,0.64918,2.44083,98.939,4.199839,,6460.0,-0.6715,0.01054,50.6658,3.8737316978963223
3306.0,0.64918,2.44101,98.9465,4.199839,,6461.0,-0.6715,0.01073,51.5702,3.754564513037654
3307.0,0.64918,2.4412,98.9542,4.199529,,6462.0,-0.6715,0.01094,52.5863,3.696612593256551
3308.0,0.63988,2.44138,98.9615,4.199529,,6463.0,-0.6715,0.01113,53.518,3.776932967760645
3309.0,0.64546,2.44157,98.969,4.199839,,6464.0,-0.6715,0.01133,54.4596,3.905150376494949
3310.0,0.64732,2.44175,98.9764,4.199839,,6465.0,-0.6715,0.01151,55.3665,3.9530367128544044
3311.0,0.64174,2.44193,98.9838,4.199529,,6466.0,-0.6715,0.01171,56.2907,3.727528969496329
3312.0,0.64732,2.44211,98.991,4.199839,,6467.0,-0.67336,0.0119,57.205,3.9032679600546896
3313.0,0.63802,2.44228,98.9981,4.199839,,6468.0,-0.6715,0.01209,58.1193,3.6643183235135006
3314.0,0.64546,2.44247,99.0054,4.199529,,6469.0,-0.6715,0.01228,59.0634,3.5513719093473064
3315.0,0.64174,2.44265,99.0131,4.199839,,6470.0,-0.6715,0.01249,60.0497,3.821189141815789
3316.0,0.6436,2.44284,99.0206,4.199839,,6471.0,-0.6715,0.01267,60.9391,4.065717525410666
3317.0,0.6436,2.44302,99.028,4.199529,,6472.0,-0.6715,0.01286,61.8534,3.9574656086435445
3319.0,0.63988,2.44321,99.0354,4.199839,,6473.0,-0.67336,0.01305,62.7702,3.8452110071719563
3320.0,0.63802,2.44338,99.0424,4.199839,,6474.0,-0.6715,0.01324,63.6845,4.049857172874598
3321.0,0.63802,2.44357,99.0502,4.199529,,6475.0,-0.6715,0.01343,64.5913,3.825058030867483
3322.0,0.63988,2.44375,99.0576,4.199839,,6476.0,-0.67336,0.01362,65.5056,3.9556858883726123
3323.0,0.63616,2.44393,99.0649,4.199839,,6477.0,-0.6715,0.01382,66.4298,3.6879382709302275
3324.0,0.64174,2.44412,99.0723,4.199839,,6478.0,-0.6715,0.01402,67.4162,3.9448157980611693
3325.0,0.63988,2.4443,99.0797,4.199839,,6479.0,-0.6715,0.01421,68.3503,3.8742094913823886
3326.0,0.63616,2.44448,99.0871,4.199839,,6480.0,-0.6715,0.0144,69.2571,3.9854724228591936
3327.0,0.6343,2.44466,99.0945,4.199529,,6482.0,-0.6715,0.01459,70.1714,3.989691876179026
3328.0,0.64174,2.44484,99.1016,4.199529,,6483.0,-0.6715,0.01479,71.0956,3.7226165355847023
3329.0,0.64174,2.44504,99.1097,4.199529,,6484.0,-0.6715,0.01497,71.9752,3.8199653294881903
3330.0,0.63988,2.44522,99.117,4.199839,,6485.0,-0.6715,0.01516,72.882,3.8218286810186735
3331.0,0.63802,2.44538,99.1235,4.199529,,6486.0,-0.6715,0.01537,73.8857,3.9485744395128024
3332.0,0.63988,2.44558,99.1315,4.199529,,6487.0,-0.6715,0.01555,74.7925,3.8168809133765835
3333.0,0.63616,2.44576,99.1389,4.199839,,6488.0,-0.6715,0.01573,75.6447,3.967618122058008
3334.0,0.63616,2.44594,99.1464,4.199839,,6489.0,-0.6715,0.01593,76.6137,3.7486722939007677
3335.0,0.63244,2.44612,99.1537,4.199529,,6490.0,-0.6715,0.01612,77.528,3.8464277858737557
3336.0,0.62872,2.44631,99.1611,4.199529,,6490.0,-0.6715,0.01626,78.2012,3.8784457376087613
3337.0,0.6343,2.44649,99.1685,4.199839,,6490.0,-1.35045,0.01626,78.2012,3.863965693518205
3338.0,0.63244,2.44667,99.1758,4.199529,,6492.0,-1.34859,0.01663,79.9677,3.7549997504991626
3339.0,0.6343,2.44685,99.1831,4.199529,,6493.0,-1.35045,0.01702,81.8435,3.789196810059637
3340.0,0.6343,2.44704,99.191,4.199839,,6494.0,-1.35045,0.0174,83.6646,3.9356758336061204
3341.0,0.63244,2.44721,99.1977,4.199529,,6495.0,-1.35045,0.01779,85.5205,3.8907548334140203
3342.0,0.62872,2.44739,99.205,4.199529,,6496.0,-1.35045,0.01818,87.3963,3.791612294956596
3343.0,0.6343,2.44757,99.2123,4.199529,,6497.0,-1.35231,0.01856,89.2522,3.6498097182207454
3344.0,0.62872,2.44775,99.2196,4.199529,,6498.0,-1.35045,0.01894,91.0932,3.8374306516705374
3345.0,0.62872,2.44793,99.2269,4.199529,,6499.0,-1.35045,0.01933,92.9317,3.7417520378768994
3346.0,0.63244,2.44811,99.2343,4.199529,,6500.0,-1.35045,0.01971,94.7553,3.7512516201071042
3347.0,0.63058,2.44829,99.2415,4.199529,,6501.0,-1.35045,0.0201,96.6658,3.892265504752349
3348.0,0.62686,2.44847,99.2488,4.199529,,6502.0,-1.35045,0.02048,98.487,3.871532343983013
3349.0,0.625,2.44865,99.2561,4.199839,,6503.0,-1.34859,0.0208,100.0,3.826736272006761
3351.0,0.62686,2.44883,99.2634,4.199839,,6503.0,-1.34859,0.0208,100.0,3.691056652820402
3352.0,0.62872,2.44902,99.2713,4.199839,,,,,,
3353.0,0.625,2.4492,99.2785,4.199839,,6503.0,0.6622,0.0,0.0,3.986246842505508
3354.0,0.625,2.44938,99.2857,4.199529,,6504.0,0.67336,0.00018,12.0329,4.107722291271211
3355.0,0.625,2.44956,99.293,4.199839,,6505.0,0.66964,0.00038,24.8886,3.860681084790403
3356.0,0.62128,2.44974,99.3003,4.199529,,6506.0,0.67522,0.00057,37.5386,3.8541765803505506
3357.0,0.62314,2.44992,99.3075,4.199529,,6507.0,0.6715,0.00077,51.1484,4.164434783777654
3358.0,0.63058,2.4501,99.3149,4.199529,,6508.0,0.67336,0.00095,63.1814,3.8662742462697643
3359.0,0.62686,2.45028,99.3221,4.199529,,6509.0,0.67336,0.00115,76.3113,3.9537897019456043
3360.0,0.62314,2.45045,99.3292,4.199839,,6510.0,0.67336,0.00134,88.9613,3.908796134426721
3361.0,0.62686,2.45063,99.3365,4.199839,,6511.0,0.6715,0.00151,100.0,4.088431532995456
3362.0,0.62314,2.45081,99.3437,4.199839,,6511.0,0.0,0.00151,100.0,3.8820120000966525
3363.0,0.61942,2.45098,99.3506,4.199529,,6512.0,0.0,0.00151,100.0,3.8044476742117808
3364.0,0.62314,2.45117,99.3581,4.199529,,6513.0,0.0,0.00151,100.0,3.710385148600622
3365.0,0.62128,2.45134,99.3652,4.199529,,6514.0,0.0,0.00151,100.0,3.81166601720476
3366.0,0.625,2.45151,99.3721,4.199839,,6515.0,0.0,0.00151,100.0,3.7843134164861434
3367.0,0.62314,2.45169,99.3795,4.199529,,6516.0,0.0,0.00151,100.0,3.8183997670439678
3368.0,0.625,2.45187,99.3867,4.199839,,6517.0,0.0,0.00151,100.0,3.9308939196090487
3369.0,0.6157,2.45205,99.3939,4.199219,,6518.0,0.0,0.00151,100.0,3.870598057145159
3370.0,0.61942,2.45223,99.4011,4.199839,,6519.0,0.0,0.00151,100.0,3.919429853155922
3371.0,0.61756,2.4524,99.4082,4.199529,,6520.0,0.0,0.00151,100.0,3.8661076644053325
3372.0,0.61756,2.45258,99.4154,4.199839,,6521.0,0.0,0.00151,100.0,3.7989710469996845
3373.0,0.6157,2.45276,99.4225,4.199839,,6522.0,0.0,0.00151,100.0,3.8628115018513265
3374.0,0.6157,2.45295,99.4304,4.199529,,6523.0,0.0,0.00151,100.0,3.805212271719393
3375.0,0.6157,2.45312,99.4375,4.199529,,6524.0,0.0,0.00151,100.0,3.956993460087573
3376.0,0.61942,2.4533,99.4447,4.199839,,6525.0,0.0,0.00151,100.0,3.9512590666146563
3377.0,0.6157,2.45348,99.4519,4.199529,,6526.0,0.0,0.00151,100.0,3.9763834095699835
3378.0,0.61756,2.45366,99.4592,4.199529,,6527.0,0.0,0.00151,100.0,3.88604951899808
3379.0,0.61756,2.45384,99.4664,4.199839,,6527.0,0.0,0.00151,100.0,3.9849484258064414
3380.0,0.61942,2.45402,99.4736,4.199529,,,,,,
3382.0,0.62128,2.4542,99.4809,4.199839,,6527.0,-0.6715,0.0,0.0,3.9126075019957534
3383.0,0.61384,2.45437,99.4881,4.199529,,6528.0,-0.6715,0.00019,0.4679,3.805028752967318
3384.0,0.61942,2.45455,99.4951,4.199839,,6529.0,-0.6715,0.00039,0.9584,3.968360879990811
3385.0,0.61942,2.45472,99.5023,4.199529,,6530.0,-0.6715,0.00059,1.4301,3.8573963253081844
3386.0,0.61198,2.4549,99.5093,4.199529,,6531.0,-0.6715,0.00078,1.8891,3.7147763436976144
3387.0,0.61012,2.45507,99.5163,4.199529,,6532.0,-0.6715,0.00097,2.352,4.035604066048718
3388.0,0.61012,2.45525,99.5235,4.199529,,6533.0,-0.6715,0.00115,2.7884,3.9247924487596206
3389.0,0.61756,2.45542,99.5303,4.199839,,6534.0,-0.6715,0.00134,3.2651,3.955608691462971
3390.0,0.61198,2.45559,99.5374,4.199839,,6535.0,-0.6715,0.00153,3.728,3.8087905940248734
3391.0,0.61012,2.45576,99.5445,4.199839,,6536.0,-0.6715,0.00173,4.2135,3.8200308677731756
3392.0,0.61012,2.45594,99.5515,4.199529,,6537.0,-0.6715,0.00193,4.6864,3.8148087618691213
3393.0,0.61012,2.45611,99.5587,4.199839,,6538.0,-0.6715,0.00211,5.1442,4.039182306207645
3394.0,0.61384,2.45629,99.5657,4.199529,,6539.0,-0.6715,0.0023,5.6083,3.6189001426808662
3395.0,0.61198,2.45645,99.5724,4.199529,,6540.0,-0.67336,0.00249,6.0573,3.9598171356391774
3396.0,0.60454,2.45663,99.5795,4.199839,,6541.0,-0.6715,0.00268,6.5164,3.801608966839277
3397.0,0.60454,2.4568,99.5865,4.199529,,6542.0,-0.6715,0.00286,6.9667,3.9014816630363915
3398.0,0.6064,2.45698,99.5939,4.199839,,6543.0,-0.6715,0.00306,7.4383,3.7285020586847533
3399.0,0.61012,2.45716,99.6012,4.199839,,6544.0,-0.6715,0.00325,7.9062,3.7755663035101605
3400.0,0.60826,2.45734,99.6084,4.199529,,6545.0,-0.6715,0.00344,8.364,3.8093629858393903
3401.0,0.6064,2.45751,99.6154,4.199529,,6546.0,-0.6715,0.00363,8.8319,3.718710305930175
3402.0,0.61198,2.45769,99.6224,4.199529,,6547.0,-0.6715,0.00382,9.291,3.917490373082265
3403.0,0.60826,2.45787,99.6299,4.199529,,6548.0,-0.6715,0.00401,9.7551,4.037773657569767
3404.0,0.60826,2.45804,99.6366,4.199529,,6549.0,-0.6715,0.00421,10.2544,3.740615535180008
3405.0,0.61012,2.45821,99.6437,4.199839,,6550.0,-0.6715,0.00439,10.6896,3.8072376504093857
3406.0,0.60454,2.45838,99.6505,4.199529,,6551.0,-0.6715,0.00458,11.1575,3.856865695889765
3407.0,0.6064,2.45856,99.6578,4.199839,,6552.0,-0.6715,0.00478,11.6355,3.934706010925269
3408.0,0.60454,2.45873,99.6649,4.199529,,6553.0,-0.6715,0.00497,12.0895,3.9313524442048067
3409.0,0.60268,2.45891,99.672,4.199529,,6554.0,-0.6715,0.00516,12.5524,3.798058907587701
3410.0,0.60268,2.45908,99.679,4.199839,,6555.0,-0.67336,0.00535,13.0202,3.732630375116947
3411.0,0.60268,2.45925,99.6857,4.199529,,6556.0,-0.6715,0.00554,13.4932,3.823061588545379
3413.0,0.60082,2.45944,99.6934,4.199529,,6557.0,-0.6715,0.00573,13.956,3.7978016391873517
3414.0,0.60082,2.45961,99.7004,4.199529,,6559.0,-0.6715,0.00593,14.4327,3.885173071921894
3415.0,0.60082,2.45978,99.7073,4.199529,,6560.0,-0.6715,0.00613,14.9232,3.8716653182658547
3416.0,0.59896,2.45995,99.7143,4.199839,,6561.0,-0.6715,0.00632,15.3823,3.929746479733606
3417.0,0.59896,2.46012,99.7212,4.199839,,6562.0,-0.6715,0.00651,15.8451,3.9212461038770203
3418.0,0.60454,2.46029,99.7281,4.199529,,6562.0,-0.6715,0.00653,15.9043,3.842129445186329
3419.0,0.59896,2.46047,99.7351,4.199839,,6562.0,-5.40737,0.00653,15.9043,3.784957712353118
3420.0,0.60268,2.46064,99.742,4.199839,,6563.0,-5.40551,0.00808,19.6687,3.6658922591591843
3421.0,0.5971,2.46081,99.7489,4.199839,,6564.0,-5.40551,0.00961,23.3967,3.780885573065773
3422.0,0.59896,2.46098,99.7559,4.199529,,6565.0,-5.40551,0.01113,27.0882,3.614868145819146
3423.0,0.5971,2.46115,99.7628,4.199839,,6566.0,-5.41109,0.01268,30.8539,3.498487309842699
3424.0,0.59524,2.46132,99.7697,4.199529,,6567.0,-5.40551,0.01421,34.5844,3.6656416407572556
3425.0,0.59896,2.46149,99.7767,4.199529,,6568.0,-5.40551,0.01563,38.0558,3.613081633607492
3426.0,0.59896,2.46166,99.7836,4.199839,,6569.0,-5.40365,0.01717,41.7837,3.716150442185704
3427.0,0.60082,2.46183,99.7905,4.199529,,6570.0,-5.40365,0.0185,45.0375,3.6010762555428744
3428.0,0.60268,2.46201,99.7976,4.199839,,6570.0,-3.37798,0.0185,45.0375,3.7794847319450917
3429.0,0.59524,2.46218,99.8046,4.199839,,6571.0,-3.37798,0.01953,47.5279,3.7895263144346196
3430.0,0.59524,2.46235,99.8114,4.199529,,6572.0,-3.37612,0.02049,49.8811,3.6932234251389717
3431.0,0.5971,2.46252,99.8184,4.199839,,6573.0,-3.37798,0.02147,52.2558,3.6980262745679355
3432.0,0.59524,2.46269,99.8253,4.199529,,6574.0,-3.37984,0.02245,54.6556,3.644594684909624
3433.0,0.5971,2.46286,99.8321,4.199839,,6575.0,-3.37984,0.0234,56.9635,3.5841589522085036
3434.0,0.59338,2.46303,99.839,4.199839,,6576.0,-3.37798,0.02436,59.2929,3.6999243236765276
3435.0,0.59338,2.46319,99.8457,4.199529,,6577.0,-3.37798,0.02532,61.6235,3.615022995684058
3436.0,0.59524,2.46336,99.8524,4.199839,,6578.0,-3.37984,0.02626,63.9302,3.665057752624727
3437.0,0.59338,2.46353,99.8593,4.199529,,6579.0,-3.37612,0.02722,66.2608,3.7372141300280908
3438.0,0.58966,2.4637,99.8662,4.199529,,6580.0,-3.37798,0.02818,68.5902,3.6878496731482975
3439.0,0.5971,2.46386,99.8727,4.199839,,6581.0,-3.37798,0.02914,70.9208,3.7612597249168553
3440.0,0.59152,2.46403,99.8795,4.199839,,6582.0,-3.37984,0.03003,73.0917,3.8356425080324446
3441.0,0.59152,2.4642,99.8864,4.199839,,6583.0,-3.3817,0.03107,75.6273,3.6375962786937324
3442.0,0.5878,2.46437,99.8932,4.199529,,6584.0,-3.37798,0.03195,77.7755,3.766565023986301
3443.0,0.5878,2.46454,99.9002,4.199529,,6585.0,-3.3817,0.03297,80.2659,3.562360689195414
3444.0,0.5878,2.46472,99.9073,4.199529,,6586.0,-3.3817,0.03393,82.5965,3.829938237654244
3445.0,0.58966,2.46488,99.9141,4.199839,,6587.0,-3.37426,0.03481,84.7422,3.9907376287227474
3446.0,0.58966,2.46506,99.9211,4.199839,,6588.0,-3.37798,0.03581,87.1621,3.7046520404066308
3448.0,0.5878,2.46523,99.9281,4.199839,,6589.0,-3.37798,0.03676,89.4927,3.713745400870232
3449.0,0.5878,2.4654,99.935,4.199529,,6590.0,-3.37798,0.03772,91.8221,3.698365464004392
3450.0,0.59152,2.46557,99.9419,4.199529,,6591.0,-3.37798,0.03859,93.9477,3.8226660971900848
3451.0,0.59152,2.46574,99.9488,4.199529,,6592.0,-3.37798,0.03968,96.5978,3.6492226109774784
3452.0,0.58408,2.46591,99.9556,4.199839,,6593.0,-3.37798,0.0406,98.8353,3.611628699594375
3453.0,0.5878,2.46608,99.9625,4.199529,,6594.0,-3.37984,0.04108,100.0,3.868742805921652
3454.0,0.5878,2.46625,99.9694,4.199839,,6594.0,-3.37984,0.04108,100.0,3.5975642094267855
3455.0,0.5878,2.46641,99.9761,4.199529,,,,,,
3456.0,0.58594,2.46657,99.9827,4.199529,,6594.0,1.34673,0.0,0.0,3.6679715502975223
3457.0,0.58408,2.46673,99.989,4.199839,,6595.0,1.34859,0.00041,13.456,4.06133919516118
3458.0,0.58594,2.4669,99.9958,4.199839,,6596.0,1.35045,0.00076,24.9532,4.022611138679597
3458.0,0.58036,2.467,100.0,4.199839,,6597.0,1.34859,0.00118,38.7668,3.8816399304281206
,,,,,,6598.0,1.34859,0.00156,51.3541,3.9083414401840773
,,,,,,6599.0,1.34673,0.00192,63.209,3.7773880607922266
,,,,,,6600.0,1.35231,0.00232,76.4265,3.8875137729717113
,,,,,,6601.0,1.34859,0.0027,88.9116,3.8856347794592945
,,,,,,6602.0,1.34673,0.00303,100.0,3.8056786993098424
,,,,,,6602.0,1.34673,0.00303,100.0,3.963916747165625
,,,,,,,,,,
,,,,,,6602.0,-1.35045,0.0,0.0,3.794693116346559
,,,,,,6603.0,-1.35045,0.00039,3.279,3.8098061749883225
,,,,,,6604.0,-1.35045,0.00077,6.4374,3.8674918989556395
,,,,,,6605.0,-1.35045,0.00115,9.626,3.544890564998455
,,,,,,6606.0,-1.35045,0.00154,12.849,3.8351336929040785
,,,,,,6607.0,-1.35045,0.00192,16.0074,3.937660745217142
,,,,,,6608.0,-1.35417,0.00229,19.1012,3.8218322474894357
,,,,,,6609.0,-1.35045,0.00267,22.2294,3.695779400518316
,,,,,,6610.0,-1.35045,0.00305,25.4481,3.7650673020957566
,,,,,,6611.0,-1.34859,0.00344,28.6668,3.8413989795751498
,,,,,,6612.0,-1.34859,0.00383,31.9804,3.5997847356920705
,,,,,,6613.0,-1.35045,0.00423,35.2982,3.812819021172358
,,,,,,6614.0,-1.35045,0.00463,38.6117,3.774782622734191
,,,,,,6615.0,-1.35231,0.005,41.7054,3.7153361498010082
,,,,,,6616.0,-1.34859,0.00547,45.5791,3.6369175646156897
,,,,,,6617.0,-1.35045,0.00584,48.7117,3.828945674308476
,,,,,,6618.0,-1.35045,0.00622,51.9002,3.7564074311230318
,,,,,,6619.0,-1.35045,0.00658,54.8733,3.673622811183623
,,,,,,6620.0,-1.34673,0.00696,58.0619,3.7907064533513846
,,,,,,6622.0,-1.35045,0.00736,61.3797,3.6967343793238716
,,,,,,6623.0,-1.35045,0.00774,64.5381,3.690798971154704
,,,,,,6624.0,-1.35045,0.00816,68.067,3.909102973368654
,,,,,,6625.0,-1.35045,0.00855,71.2901,3.7012088286630647
,,,,,,6626.0,-1.35231,0.00892,74.358,3.826415285128451
,,,,,,6627.0,-1.34859,0.00933,77.8266,3.9297497054970534
,,,,,,6628.0,-1.35045,0.00973,81.1746,3.822026770517378
,,,,,,6629.0,-1.35045,0.01009,84.1132,3.7982803253910773
,,,,,,6630.0,-1.34859,0.01047,87.3018,3.893611705209712
,,,,,,6631.0,-1.35045,0.01086,90.5248,3.786761620958185
,,,,,,6632.0,-1.35045,0.01123,93.6832,3.892760987985372
,,,,,,6633.0,-1.35231,0.01162,96.8718,3.7838729817524817
,,,,,,6634.0,-1.34673,0.01199,100.0,3.8481459143132866
,,,,,,6634.0,-1.34673,0.01199,100.0,3.727613197796654
,,,,,,,,,,
,,,,,,6634.0,2.70461,0.0,0.0,3.8474791333471723
,,,,,,6635.0,2.70275,0.00083,13.5854,3.8793031327322662
,,,,,,6636.0,2.70275,0.00155,25.565,3.9289171422695213
,,,,,,6637.0,2.70275,0.00232,38.1563,3.876822641632744
,,,,,,6638.0,2.70089,0.00309,50.8751,3.863248879984614
,,,,,,6639.0,2.70275,0.00385,63.339,3.848400249566434
,,,,,,6640.0,2.70275,0.00464,76.3042,3.972606280038174
,,,,,,6641.0,2.70275,0.00541,88.887,4.065181084769721
,,,,,,6642.0,2.70089,0.00608,100.0,4.036114406968365
,,,,,,6642.0,0.0,0.00608,100.0,3.675572953570647
,,,,,,6643.0,0.0,0.00608,100.0,3.916685014042458
,,,,,,6644.0,0.0,0.00608,100.0,3.7689957297437284
,,,,,,6645.0,0.0,0.00608,100.0,3.8730635321546365
,,,,,,6646.0,0.0,0.00608,100.0,3.9503404180058306
,,,,,,6647.0,0.0,0.00608,100.0,3.690302449688078
,,,,,,6648.0,0.0,0.00608,100.0,3.9152071450417427
,,,,,,6649.0,0.0,0.00608,100.0,3.7613339716072067
,,,,,,6650.0,0.0,0.00608,100.0,3.794667022102715
,,,,,,6651.0,0.0,0.00608,100.0,3.6531787299940732
,,,,,,6652.0,0.0,0.00608,100.0,3.963816370865279
,,,,,,6653.0,0.0,0.00608,100.0,3.811933161048368
,,,,,,6654.0,0.0,0.00608,100.0,3.9610021847138386
,,,,,,6655.0,0.0,0.00608,100.0,3.8696444747636867
,,,,,,6656.0,0.0,0.00608,100.0,3.9345479254085065
,,,,,,6657.0,0.0,0.00608,100.0,3.867002572488924
,,,,,,6658.0,0.0,0.00608,100.0,3.7622709765211693
,,,,,,6659.0,0.0,0.00608,100.0,3.909821705574293
,,,,,,6660.0,0.0,0.00608,100.0,3.7917846180141144
,,,,,,6662.0,0.0,0.00608,100.0,3.9139290169278924
,,,,,,6663.0,0.0,0.00608,100.0,3.8493202187862003
,,,,,,6664.0,0.0,0.00608,100.0,3.833368189189596
,,,,,,6665.0,0.0,0.00608,100.0,3.9494746814678483
,,,,,,6666.0,0.0,0.00608,100.0,3.9222903750395237
,,,,,,6667.0,0.0,0.00608,100.0,3.958669929059174
,,,,,,6668.0,0.0,0.00608,100.0,3.7986337495548055
,,,,,,6669.0,0.0,0.00608,100.0,3.8137333356841894
,,,,,,6670.0,0.0,0.00608,100.0,3.9067492723991935
,,,,,,6671.0,0.0,0.00608,100.0,3.8874358930262405
,,,,,,6672.0,0.0,0.00608,100.0,3.9591330961217652
,,,,,,6673.0,0.0,0.00608,100.0,3.8800904109375263
,,,,,,6674.0,0.0,0.00608,100.0,3.669969004929351
,,,,,,6675.0,0.0,0.00608,100.0,4.032123697738639
,,,,,,6676.0,0.0,0.00608,100.0,3.93699258563489
,,,,,,6677.0,0.0,0.00608,100.0,4.084894252809688
,,,,,,6678.0,0.0,0.00608,100.0,3.7667736165830665
,,,,,,6679.0,0.0,0.00608,100.0,3.858803158942357
,,,,,,6680.0,0.0,0.00608,100.0,4.007208418590112
,,,,,,6681.0,0.0,0.00608,100.0,3.9253183437629233
,,,,,,6682.0,0.0,0.00608,100.0,3.7479685685814017
,,,,,,6683.0,0.0,0.00608,100.0,3.849706369026552
,,,,,,6684.0,0.0,0.00608,100.0,4.055260764606943
,,,,,,6685.0,0.0,0.00608,100.0,3.7936053323040673
,,,,,,6686.0,0.0,0.00608,100.0,3.885600222073164
,,,,,,6687.0,0.0,0.00608,100.0,3.8946923961427693
,,,,,,6688.0,0.0,0.00608,100.0,3.7790080671539874
,,,,,,6689.0,0.0,0.00608,100.0,3.872709600202139
,,,,,,6690.0,0.0,0.00608,100.0,3.71654495327687
,,,,,,6691.0,0.0,0.00608,100.0,3.7708690185465303
,,,,,,6692.0,0.0,0.00608,100.0,3.8630493268954096
,,,,,,6693.0,0.0,0.00608,100.0,3.8384090043498555
,,,,,,6694.0,0.0,0.00608,100.0,3.9536639400950038
,,,,,,6695.0,0.0,0.00608,100.0,3.823485739975067
,,,,,,6696.0,0.0,0.00608,100.0,4.042743258923614
,,,,,,6697.0,0.0,0.00608,100.0,3.6912969346448117
,,,,,,6697.0,0.0,0.00608,100.0,3.9269507310300664
,,,,,,,,,,
,,,,,,6697.0,-0.6715,0.0,0.0,3.7595290643931474
,,,,,,6698.0,-0.6715,0.00018,1.8221,3.88073288769459
,,,,,,6699.0,-0.6715,0.00037,3.8143,3.7168998511558557
,,,,,,6700.0,-0.6715,0.00056,5.7905,3.7750290326192095
,,,,,,6701.0,-0.6715,0.00075,7.7454,3.6966226803726205
,,,,,,6702.0,-0.6715,0.00094,9.7057,3.906269025036701
,,,,,,6703.0,-0.6715,0.00113,11.6606,3.8220066654910543
,,,,,,6704.0,-0.6715,0.00133,13.6581,3.917605230584289
,,,,,,6705.0,-0.6715,0.00153,15.7459,3.94513080001986
,,,,,,6706.0,-0.6715,0.00173,17.7592,3.945540378268727
,,,,,,6707.0,-0.6715,0.00192,19.7354,3.758804445410958
,,,,,,6708.0,-0.6715,0.00211,21.6957,3.872597116625643
,,,,,,6709.0,-0.6715,0.0023,23.6294,3.8843731013959197
,,,,,,6710.0,-0.6715,0.00249,25.5897,3.7313513850539817
,,,,,,6711.0,-0.67336,0.00268,27.5446,3.7208228633622498
,,,,,,6712.0,-0.67336,0.00287,29.4996,3.8953103512784986
,,,,,,6713.0,-0.6715,0.00306,31.4598,3.9684264330557406
,,,,,,6714.0,-0.6715,0.00325,33.4148,3.7978540054705343
,,,,,,6715.0,-0.6715,0.00343,35.2741,3.8206018055617097
,,,,,,6717.0,-0.6715,0.00365,37.5212,3.8697089355829983
,,,,,,6718.0,-0.6715,0.00386,39.6674,3.9593456735666446
,,,,,,6719.0,-0.6715,0.00404,41.5268,3.799066916179516
,,,,,,6720.0,-0.67336,0.00425,43.6995,3.8339186176469724
,,,,,,6721.0,-0.6715,0.00444,45.6545,3.7565781189577607
,,,,,,6722.0,-0.6715,0.00463,47.6094,3.769103398549071
,,,,,,6723.0,-0.6715,0.00481,49.4528,3.6503550287038093
,,,,,,6724.0,-0.6715,0.00502,51.599,3.8998596123558387
,,,,,,6725.0,-0.6715,0.00523,53.7293,3.777316270679057
,,,,,,6725.0,-1.34859,0.00523,53.7293,3.7263057270751303
,,,,,,6726.0,-1.35045,0.00559,57.4692,3.782792023915939
,,,,,,6727.0,-1.35231,0.00601,61.7881,3.7344079224952944
,,,,,,6728.0,-1.35045,0.00638,65.6449,3.8024132466372773
,,,,,,6729.0,-1.35231,0.00677,69.5814,3.7617850000669186
,,,,,,6730.0,-1.35045,0.00715,73.555,3.7548532313400855
,,,,,,6731.0,-1.35045,0.00754,77.5234,3.941065513990017
,,,,,,6732.0,-1.35045,0.00793,81.5342,3.6932588112162184
,,,,,,6733.0,-1.35045,0.00834,85.6991,3.8113301168420692
,,,,,,6734.0,-1.35045,0.00871,89.5559,3.7503287452270135
,,,,,,6735.0,-1.34859,0.00906,93.1789,3.807540587891713
,,,,,,6736.0,-1.35045,0.00949,97.5351,3.8828646968157003
,,,,,,6737.0,-1.35045,0.00973,100.0,3.775511020691926
,,,,,,6737.0,-1.35045,0.00973,100.0,3.7643406023775228
,,,,,,,,,,
,,,,,,6737.0,0.67894,0.0,0.0,3.9570125558588534
,,,,,,6738.0,0.67522,0.00018,12.0386,4.020320882943645
,,,,,,6739.0,0.67708,0.00037,24.7327,3.896851252121193
,,,,,,6740.0,0.67336,0.00056,37.4612,3.924062416379241
,,,,,,6741.0,0.66964,0.00076,50.9486,3.8666917440411503
,,,,,,6742.0,0.67336,0.00094,63.0217,3.9722159577026943
,,,,,,6743.0,0.67522,0.00114,76.0262,3.984447149341829
,,,,,,6744.0,0.6715,0.00133,88.8582,3.8760790875357984
,,,,,,6745.0,0.67708,0.0015,100.0,4.036123745495405
,,,,,,6745.0,0.0,0.0015,100.0,3.856459529069308
,,,,,,6746.0,0.0,0.0015,100.0,3.8856349289387793
,,,,,,6747.0,0.0,0.0015,100.0,3.9136913633681747
,,,,,,6748.0,0.0,0.0015,100.0,3.977284734955823
,,,,,,6749.0,0.0,0.0015,100.0,3.7952776207719494
,,,,,,6750.0,0.0,0.0015,100.0,3.8576041572172834
,,,,,,6751.0,0.0,0.0015,100.0,4.017802449026898
,,,,,,6752.0,0.0,0.0015,100.0,3.759127189167072
,,,,,,6753.0,0.0,0.0015,100.0,3.8585638970128904
,,,,,,6754.0,0.0,0.0015,100.0,3.94527866679167
,,,,,,6755.0,0.0,0.0015,100.0,4.011225528258576
,,,,,,6757.0,0.0,0.0015,100.0,3.953742824965442
,,,,,,6758.0,0.0,0.0015,100.0,3.852302923102172
,,,,,,6759.0,0.0,0.0015,100.0,3.9657206687936535
,,,,,,6760.0,0.0,0.0015,100.0,3.7637704619333183
,,,,,,6761.0,0.0,0.0015,100.0,3.851668719203856
,,,,,,6761.0,0.0,0.0015,100.0,3.6696406863561686
,,,,,,6761.0,0.0,0.0015,100.0,3.816192857543681
,,,,,,,,,,
,,,,,,6761.0,-0.6715,0.0,0.0,3.8680211709976065
,,,,,,6762.0,-0.6715,0.00019,0.8991,3.8796380215566053
,,,,,,6763.0,-0.6715,0.00038,1.8257,3.8070698686643722
,,,,,,6764.0,-0.6715,0.00056,2.7148,3.731324527072476
,,,,,,6765.0,-0.6715,0.00075,3.6164,3.6474372756863094
,,,,,,6766.0,-0.6715,0.00093,4.4956,3.777853637158322
,,,,,,6767.0,-0.6715,0.00114,5.5044,3.9279198915926616
,,,,,,6768.0,-0.6715,0.00132,6.3761,3.960564552540387
,,,,,,6769.0,-0.6715,0.00152,7.34,3.7861251310369584
,,,,,,6770.0,-0.6715,0.00171,8.2291,4.020188051877312
,,,,,,6771.0,-0.6715,0.00192,9.2628,3.766873741541978
,,,,,,6772.0,-0.6715,0.00211,10.1893,3.8486363335418288
,,,,,,6773.0,-0.6715,0.0023,11.0959,3.8240603941668287
,,,,,,6774.0,-0.6715,0.00249,12.0224,3.9309408119379583
,,,,,,6775.0,-0.6715,0.00269,12.9489,3.9502693877569492
,,,,,,6776.0,-0.6715,0.00288,13.868,3.882335510821013
,,,,,,6777.0,-0.6715,0.00307,14.7846,3.8227916909329154
,,,,,,6778.0,-0.6715,0.00326,15.7011,4.040839698704439
,,,,,,6780.0,-0.6715,0.00343,16.5554,3.81808143497261
,,,,,,6781.0,-0.67336,0.00363,17.4745,3.8173322412368766
,,,,,,6782.0,-0.6715,0.00382,18.391,3.9890026209585794
,,,,,,6783.0,-0.6715,0.00401,19.3076,3.76416054371617
,,,,,,6784.0,-0.6715,0.0042,20.2341,3.6497839497560274
,,,,,,6785.0,-0.6715,0.0044,21.188,3.834130282189441
,,,,,,6786.0,-0.6715,0.00459,22.1146,3.8657728365227837
,,,,,,6787.0,-0.6715,0.00478,23.0386,3.8578919969153818
,,,,,,6788.0,-0.6715,0.00496,23.8854,3.7735865321833257
,,,,,,6789.0,-0.6715,0.00514,24.7945,3.7502276032811155
,,,,,,6790.0,-0.6715,0.00533,25.7036,3.903134925135547
,,,,,,6791.0,-0.6715,0.00552,26.6202,3.831382718386491
,,,,,,6792.0,-0.6715,0.00571,27.5367,3.8583943292730356
,,,,,,6793.0,-0.67336,0.0059,28.4633,3.9658270333897825
,,,,,,6794.0,-0.6715,0.0061,29.3823,3.9918329290318275
,,,,,,6795.0,-0.6715,0.00629,30.2989,3.9062924955684433
,,,,,,6796.0,-0.6715,0.00648,31.2329,3.7546329269689607
,,,,,,6797.0,-0.67336,0.00667,32.1594,3.970612836077837
,,,,,,6798.0,-0.6715,0.00686,33.076,3.897839645933292
,,,,,,6799.0,-0.6715,0.00705,33.995,3.8785893611903477
,,,,,,6800.0,-0.6715,0.00724,34.9141,3.739483988413201
,,,,,,6801.0,-0.6715,0.00743,35.8207,3.8269131139485464
,,,,,,6802.0,-0.6715,0.00762,36.7397,3.7061889730603985
,,,,,,6803.0,-0.67336,0.00781,37.6563,3.971205494831916
,,,,,,6804.0,-0.6715,0.00801,38.6177,3.7382821958049655
,,,,,,6805.0,-0.6715,0.0082,39.5442,3.724041955805759
,,,,,,6806.0,-0.6715,0.00838,40.4159,3.790126926096165
,,,,,,6807.0,-0.6715,0.00857,41.3176,3.9080124154217435
,,,,,,6808.0,-0.6715,0.00878,42.3064,3.888113923043767
,,,,,,6809.0,-0.6715,0.00897,43.2503,3.7848103495336187
,,,,,,6810.0,-0.6715,0.00916,44.1768,3.819515108006246
,,,,,,6811.0,-0.6715,0.00936,45.0959,4.018578408241485
,,,,,,6812.0,-0.6715,0.00955,46.0125,3.792537156808602
,,,,,,6813.0,-0.6715,0.00974,46.9664,3.8777535460715153
,,,,,,6814.0,-0.6715,0.00994,47.8929,3.777910529753859
,,,,,,6815.0,-0.6715,0.01012,48.7995,3.9046392193397903
,,,,,,6816.0,-0.6715,0.01031,49.7161,3.7713697160068675
,,,,,,6817.0,-0.6715,0.0105,50.6351,3.9235392966232903
,,,,,,6818.0,-0.6715,0.0107,51.5791,4.017521880437793
,,,,,,6819.0,-0.6715,0.01088,52.4608,3.8489000417273314
,,,,,,6821.0,-0.6715,0.01111,53.5567,3.8822723536845927
,,,,,,6822.0,-0.6715,0.01129,54.4035,3.881259043072215
,,,,,,6823.0,-0.6715,0.01149,55.3649,3.8090585390801683
,,,,,,6824.0,-0.6715,0.01168,56.3014,3.9354650584453212
,,,,,,6825.0,-0.6715,0.01187,57.2179,3.953891348996183
,,,,,,6826.0,-0.6715,0.01206,58.127,3.854565267485677
,,,,,,6827.0,-0.6715,0.01225,59.0262,4.009420389392322
,,,,,,6828.0,-0.6715,0.01243,59.9153,3.702523297332653
,,,,,,6829.0,-0.67336,0.01263,60.8593,3.7614013660065337
,,,,,,6830.0,-0.67336,0.01282,61.7783,3.6812270193403798
,,,,,,6831.0,-0.67336,0.01301,62.6949,3.98500915900605
,,,,,,6832.0,-0.67336,0.0132,63.6139,3.8308541247348598
,,,,,,6833.0,-0.6715,0.01339,64.5305,3.879065991463129
,,,,,,6834.0,-0.6715,0.01358,65.4496,4.137811484677083
,,,,,,6835.0,-0.6715,0.01377,66.3661,3.959238660576887
,,,,,,6836.0,-0.6715,0.01396,67.2752,3.6846233475402155
,,,,,,6837.0,-0.6715,0.01416,68.264,3.7709876872234456
,,,,,,6838.0,-0.67336,0.01434,69.1457,3.7457474617795845
,,,,,,6839.0,-0.6715,0.01453,70.0548,3.7569098562406897
,,,,,,6840.0,-0.6715,0.01473,70.9813,3.7392434989194268
,,,,,,6841.0,-0.6715,0.01493,71.99,3.9545755373051032
,,,,,,6842.0,-0.67336,0.01512,72.9066,3.8785473140251305
,,,,,,6843.0,-0.6715,0.01531,73.8057,3.8509074463256154
,,,,,,6844.0,-0.6715,0.0155,74.7049,3.870979105164471
,,,,,,6845.0,-0.6715,0.01568,75.5791,3.8783564814230487
,,,,,,6846.0,-0.6715,0.01587,76.5056,3.887283047134041
,,,,,,6847.0,-0.6715,0.01607,77.467,3.8217443751649802
,,,,,,6848.0,-0.6715,0.01624,78.259,3.5839243559356886
,,,,,,6848.0,-1.34673,0.01624,78.259,3.8925388449307374
,,,,,,6849.0,-1.34859,0.01663,80.1744,3.5578785649654634
,,,,,,6850.0,-1.34859,0.01701,81.9826,3.8397893883086036
,,,,,,6851.0,-1.35231,0.01738,83.7709,3.8732392666084783
,,,,,,6852.0,-1.34859,0.01776,85.614,3.83002026709996
,,,,,,6853.0,-1.34859,0.01814,87.457,3.7965128244548794
,,,,,,6854.0,-1.35045,0.01853,89.3026,3.894259631619038
,,,,,,6855.0,-1.35045,0.01891,91.1631,3.7469181439534536
,,,,,,6856.0,-1.34859,0.01931,93.061,3.7617268296546267
,,,,,,6857.0,-1.35045,0.01968,94.8867,3.813078148044807
,,,,,,6858.0,-1.34673,0.02009,96.8543,3.793057497454635
,,,,,,6859.0,-1.35231,0.02046,98.6077,3.815419998016381
,,,,,,6860.0,-1.34859,0.02075,100.0,3.7322648420118028
,,,,,,6860.0,-1.34859,0.02075,100.0,4.019749221474866
,,,,,,,,,,
,,,,,,6860.0,0.67522,0.0,0.0,3.9935689417740043
,,,,,,6861.0,0.6715,0.00019,12.9032,3.8902277800664127
,,,,,,6862.0,0.6715,0.00037,24.6965,3.942089623910914
,,,,,,6863.0,0.67336,0.00057,38.2934,4.030444452551607
,,,,,,6864.0,0.67894,0.00076,51.1273,4.009366219389641
,,,,,,6865.0,0.67522,0.00094,62.9206,3.944520783927419
,,,,,,6866.0,0.67522,0.00115,77.0725,3.767679380847795
,,,,,,6867.0,0.67336,0.00132,88.9004,3.8474141690123407
,,,,,,6868.0,0.67336,0.00149,100.0,3.7586673285591625
,,,,,,6868.0,0.0,0.00149,100.0,3.710360314536514
,,,,,,6869.0,0.0,0.00149,100.0,3.9114844312162265
,,,,,,6870.0,0.0,0.00149,100.0,3.9346584140122545
,,,,,,6871.0,0.0,0.00149,100.0,3.932033749507314
,,,,,,6872.0,0.0,0.00149,100.0,3.8686651100907485
,,,,,,6873.0,0.0,0.00149,100.0,4.0089333427749985
,,,,,,6874.0,0.0,0.00149,100.0,3.6832560870713213
,,,,,,6875.0,0.0,0.00149,100.0,3.857548758298313
,,,,,,6876.0,0.0,0.00149,100.0,3.836438991336894
,,,,,,6877.0,0.0,0.00149,100.0,3.791568033475698
,,,,,,6878.0,0.0,0.00149,100.0,3.7869742075699047
,,,,,,6880.0,0.0,0.00149,100.0,3.7651801621262884
,,,,,,6881.0,0.0,0.00149,100.0,3.8879647911878434
,,,,,,6882.0,0.0,0.00149,100.0,3.92720635338479
,,,,,,6883.0,0.0,0.00149,100.0,4.0130648201979975
,,,,,,6884.0,0.0,0.00149,100.0,3.7273131598143316
,,,,,,6884.0,0.0,0.00149,100.0,3.9144156259124077
,,,,,,6884.0,0.0,0.00149,100.0,3.809881339025946
,,,,,,,,,,
,,,,,,6884.0,-0.6715,0.0,0.0,3.8228785342943232
,,,,,,6885.0,-0.6715,0.00019,0.4589,3.825061229093499
,,,,,,6886.0,-0.6715,0.00037,0.9077,3.6263958705614816
,,,,,,6887.0,-0.6715,0.00057,1.393,3.77292347147991
,,,,,,6888.0,-0.6715,0.00076,1.8607,3.9143583788247276
,,,,,,6889.0,-0.6715,0.00095,2.3196,3.8548943786999357
,,,,,,6890.0,-0.6715,0.00115,2.7873,3.9304314706301366
,,,,,,6891.0,-0.6715,0.00134,3.2499,3.953586516830493
,,,,,,6892.0,-0.6715,0.00153,3.7227,3.6812131513022868
,,,,,,6893.0,-0.6715,0.00172,4.1853,3.9278392435062277
,,,,,,6894.0,-0.6715,0.00192,4.6668,3.819793173936844
,,,,,,6895.0,-0.6715,0.0021,5.1069,3.5579997777869523
,,,,,,6896.0,-0.6715,0.00229,5.5708,3.7366850348931515
,,,,,,6897.0,-0.6715,0.00248,6.0334,3.774898354379124
,,,,,,6898.0,-0.6715,0.00267,6.4923,3.884427083009931
,,,,,,6900.0,-0.6715,0.00288,7.0053,3.748242580972979
,,,,,,6901.0,-0.6715,0.00307,7.4679,3.876251878133524
,,,,,,6902.0,-0.67336,0.00326,7.9306,3.9321035237654463
,,,,,,6903.0,-0.6715,0.00345,8.3895,3.9924862034435646
,,,,,,6904.0,-0.6715,0.00364,8.8521,3.7873752681519903
,,,,,,6905.0,-0.6715,0.00383,9.3148,3.8925763968368168
,,,,,,6906.0,-0.67336,0.00402,9.7787,3.6286030924103145
,,,,,,6907.0,-0.6715,0.00421,10.2414,3.7411181243719676
,,,,,,6908.0,-0.67336,0.0044,10.7053,3.838906550342855
,,,,,,6909.0,-0.6715,0.00459,11.173,3.9083760936552774
,,,,,,6910.0,-0.6715,0.00478,11.6306,3.921996792166615
,,,,,,6911.0,-0.6715,0.00497,12.0945,3.838554533359381
,,,,,,6912.0,-0.6715,0.00515,12.5258,3.9246929734939284
,,,,,,6913.0,-0.6715,0.00534,12.9884,3.8238655224213094
,,,,,,6914.0,-0.6715,0.00553,13.4524,3.9052580795107517
,,,,,,6915.0,-0.6715,0.00572,13.915,3.8280389402537986
,,,,,,6916.0,-0.6715,0.00592,14.3953,3.8807085651628057
,,,,,,6917.0,-0.67336,0.0061,14.8491,3.762182563023305
,,,,,,6918.0,-0.6715,0.00631,15.3533,3.8785926029540945
,,,,,,6919.0,-0.6715,0.0065,15.8172,3.8065148513054825
,,,,,,6919.0,-0.67336,0.00652,15.8763,3.974049724989883
,,,,,,6919.0,-5.40551,0.00652,15.8763,3.5484934601954654
,,,,,,6920.0,-5.40551,0.00803,19.5273,3.6737472440999936
,,,,,,6921.0,-5.40737,0.00963,23.4373,3.669226559203485
,,,,,,6922.0,-5.40551,0.01116,27.1637,3.6112891845697117
,,,,,,6923.0,-5.40737,0.0127,30.8914,3.583422648058276
,,,,,,6924.0,-5.40551,0.01424,34.6543,3.561692695388453
,,,,,,6925.0,-5.40551,0.01583,38.529,3.525313711294511
,,,,,,6926.0,-5.40551,0.01738,42.2919,3.5277139003759417
,,,,,,6927.0,-5.40737,0.01854,45.1044,3.6771763015650625
,,,,,,6927.0,-3.37984,0.01854,45.1044,3.6983703280320896
,,,,,,6928.0,-3.3817,0.01956,47.5949,3.538489211984349
,,,,,,6929.0,-3.37984,0.02058,50.0842,3.616843822108719
,,,,,,6930.0,-3.37798,0.02155,52.4353,3.88017690589141
,,,,,,6931.0,-3.37984,0.02246,54.6505,3.7782866114140763
,,,,,,6932.0,-3.37798,0.02344,57.0254,3.549450451008644
,,,,,,6933.0,-3.37798,0.02439,59.355,3.6657787014499568
,,,,,,6934.0,-3.37612,0.02536,61.7061,3.7583930037841196
,,,,,,6935.0,-3.37984,0.02632,64.0357,3.6344068744421616
,,,,,,6936.0,-3.37798,0.02728,66.3653,3.7155963909443046
,,,,,,6937.0,-3.37798,0.02822,68.6711,3.719526386855501
,,,,,,6938.0,-3.37984,0.02918,71.0007,3.713953748416819
,,,,,,6940.0,-3.37798,0.03024,73.5806,3.8516823885117053
,,,,,,6941.0,-3.37798,0.03123,75.9781,3.6124287807922197
,,,,,,6942.0,-3.37612,0.03218,78.3078,3.621403337408853
,,,,,,6943.0,-3.37612,0.0331,80.5444,3.6631147292154043
,,,,,,6944.0,-3.38356,0.03412,83.0111,3.6531090579981225
,,,,,,6945.0,-3.37426,0.03507,85.3407,3.778732184536406
,,,,,,6946.0,-3.37612,0.03615,87.9645,3.616053495769319
,,,,,,6947.0,-3.37798,0.03712,90.3168,3.6292411264966074
,,,,,,6948.0,-3.37798,0.03809,92.6691,3.733934860792449
,,,,,,6949.0,-3.38914,0.03899,94.8617,3.8407382096242197
,,,,,,6950.0,-3.37798,0.03995,97.2152,3.802073666855481
,,,,,,6951.0,-3.37798,0.04098,99.7033,3.7324512944602115
,,,,,,6951.0,-3.37798,0.0411,100.0,3.598500406363517
,,,,,,6951.0,-3.37798,0.0411,100.0,3.733282424488578
,,,,,,,,,,
,,,,,,6951.0,1.35603,0.0,0.0,4.035216689537798
,,,,,,6952.0,1.34859,0.0004,13.3436,3.8906069268945935
,,,,,,6953.0,1.34859,0.00079,25.9543,3.8222055712667466
,,,,,,6954.0,1.35045,0.0012,39.4342,3.8931672181259023
,,,,,,6955.0,1.34859,0.00158,52.045,3.875579074212951
,,,,,,6956.0,1.35231,0.00196,64.6558,3.798201196776414
,,,,,,6957.0,1.35045,0.00233,76.8916,3.722368410349774
,,,,,,6958.0,1.34673,0.00274,90.4738,3.781019345039217
,,,,,,6959.0,1.34859,0.00303,100.0,3.835750553571277
,,,,,,6959.0,1.34859,0.00303,100.0,3.931504490570019
,,,,,,,,,,
,,,,,,6959.0,-1.34673,0.0,0.0,3.8376528860149324
,,,,,,6960.0,-1.35045,0.00037,3.0922,3.8699142953185697
,,,,,,6961.0,-1.35045,0.00075,6.2747,3.8490038247303455
,,,,,,6962.0,-1.35045,0.00114,9.4616,3.617441538126826
,,,,,,6963.0,-1.35231,0.00152,12.6441,3.758372884978852
,,,,,,6964.0,-1.35045,0.0019,15.8266,3.731562963553217
,,,,,,6965.0,-1.35045,0.0023,19.1682,3.6199796940278053
,,,,,,6966.0,-1.35045,0.00266,22.1658,3.8406062965237355
,,,,,,6967.0,-1.35045,0.00305,25.3828,3.822439821320792
,,,,,,6968.0,-1.35231,0.00344,28.6599,3.680046816623137
,,,,,,6969.0,-1.35045,0.00384,31.9671,3.6624383712064374
,,,,,,6970.0,-1.35045,0.00422,35.1497,3.937934749411487
,,,,,,6972.0,-1.35045,0.00461,38.3924,3.8836286172330188
,,,,,,6973.0,-1.35045,0.00499,41.5448,3.872033065043553
,,,,,,6974.0,-1.34859,0.00539,44.8219,3.75562733646016
,,,,,,6975.0,-1.35045,0.00576,47.9443,3.7012824239984674
,,,,,,6976.0,-1.35231,0.00613,51.0322,3.774038924717488
,,,,,,6977.0,-1.35231,0.00652,54.2448,3.713866225084518
,,,,,,6978.0,-1.35045,0.00691,57.4918,3.8191738604875898
,,,,,,6979.0,-1.35045,0.0073,60.7346,3.7258381969004537
,,,,,,6980.0,-1.34859,0.00769,64.0117,3.8868940576459647
,,,,,,6981.0,-1.35231,0.00812,67.5727,3.7716702875171966
,,,,,,6982.0,-1.35045,0.0085,70.7896,3.692499908389384
,,,,,,6983.0,-1.35045,0.00886,73.7227,3.8042523929775136
,,,,,,6984.0,-1.35045,0.00935,77.8127,4.010901018113509
,,,,,,6985.0,-1.35045,0.00972,80.8662,3.7453296753140948
,,,,,,6986.0,-1.34859,0.0101,84.0831,3.6061716321550676
,,,,,,6987.0,-1.35231,0.01048,87.2699,3.9125185486447194
,,,,,,6988.0,-1.35231,0.01088,90.5771,3.6569523770515495
,,,,,,6989.0,-1.35045,0.01125,93.6651,3.77143388753308
,,,,,,6990.0,-1.35045,0.01163,96.8175,3.716654344935305
,,,,,,6991.0,-1.35045,0.01201,100.0,4.007217632561498
,,,,,,6991.0,-1.35045,0.01201,100.0,3.673793781547368
,,,,,,,,,,
,,,,,,6991.0,2.70833,0.0,0.0,3.9956564207046914
,,,,,,6992.0,2.70275,0.00085,14.2202,3.9221021773895477
,,,,,,6993.0,2.70461,0.00163,27.2979,3.9915778937498936
,,,,,,6994.0,2.70275,0.00242,40.5055,3.921106823583722
,,,,,,6996.0,2.70461,0.00318,53.3322,4.021606401448655
,,,,,,6997.0,2.70275,0.00395,66.1676,3.999143859374667
,,,,,,6998.0,2.70461,0.00469,78.6135,3.878204271846866
,,,,,,6999.0,2.70275,0.00549,91.9508,3.88419758953338
,,,,,,6999.0,2.70275,0.00597,100.0,3.8727876845706346
,,,,,,6999.0,0.0,0.00597,100.0,3.8551240730199607
,,,,,,7001.0,0.0,0.00597,100.0,3.9357259212637485
,,,,,,7002.0,0.0,0.00597,100.0,3.9195655190886
,,,,,,7003.0,0.0,0.00597,100.0,3.8357701006689164
,,,,,,7004.0,0.0,0.00597,100.0,3.8043194534318596
,,,,,,7005.0,0.0,0.00597,100.0,3.8215941108198455
,,,,,,7006.0,0.0,0.00597,100.0,3.8038536625050834
,,,,,,7007.0,0.0,0.00597,100.0,3.9686332387312224
,,,,,,7008.0,0.0,0.00597,100.0,3.9266071519837302
,,,,,,7009.0,0.0,0.00597,100.0,3.9333927241410294
,,,,,,7010.0,0.0,0.00597,100.0,3.930830717057405
,,,,,,7011.0,0.0,0.00597,100.0,3.8741709022570205
,,,,,,7012.0,0.0,0.00597,100.0,3.650873863356818
,,,,,,7013.0,0.0,0.00597,100.0,3.866605039005767
,,,,,,7014.0,0.0,0.00597,100.0,3.7766826004980065
,,,,,,7015.0,0.0,0.00597,100.0,3.8894293447967847
,,,,,,7016.0,0.0,0.00597,100.0,3.915270485883454
,,,,,,7017.0,0.0,0.00597,100.0,3.89052402308747
,,,,,,7018.0,0.0,0.00597,100.0,3.9675149876085594
,,,,,,7019.0,0.0,0.00597,100.0,3.8377965991436036
,,,,,,7020.0,0.0,0.00597,100.0,3.8959111305174736
,,,,,,7021.0,0.0,0.00597,100.0,3.9120363235055198
,,,,,,7022.0,0.0,0.00597,100.0,3.791812309479579
,,,,,,7023.0,0.0,0.00597,100.0,3.8983276779280676
,,,,,,7024.0,0.0,0.00597,100.0,3.9487119218385835
,,,,,,7025.0,0.0,0.00597,100.0,3.7940406053595446
,,,,,,7026.0,0.0,0.00597,100.0,3.8415783158968178
,,,,,,7027.0,0.0,0.00597,100.0,3.9098916241802866
,,,,,,7028.0,0.0,0.00597,100.0,3.882153533439261
,,,,,,7029.0,0.0,0.00597,100.0,3.9364724761916188
,,,,,,7030.0,0.0,0.00597,100.0,3.841000298962383
,,,,,,7031.0,0.0,0.00597,100.0,3.6623012448745174
,,,,,,7032.0,0.0,0.00597,100.0,3.881867973216795
,,,,,,7033.0,0.0,0.00597,100.0,3.808645384903488
,,,,,,7034.0,0.0,0.00597,100.0,3.6541007021001266
,,,,,,7035.0,0.0,0.00597,100.0,3.769732174719175
,,,,,,7036.0,0.0,0.00597,100.0,3.7674094847589767
,,,,,,7037.0,0.0,0.00597,100.0,3.7562190034764575
,,,,,,7038.0,0.0,0.00597,100.0,3.810997938802028
,,,,,,7038.0,0.0,0.00597,100.0,3.99773671431539
,,,,,,7039.0,0.0,0.00597,100.0,3.755089933891768
,,,,,,7040.0,0.0,0.00597,100.0,3.783240002132751
,,,,,,7041.0,0.0,0.00597,100.0,3.9115617102769065
,,,,,,7042.0,0.0,0.00597,100.0,3.86148981785904
,,,,,,7044.0,0.0,0.00597,100.0,3.87574802447568
,,,,,,7045.0,0.0,0.00597,100.0,4.054917974815198
,,,,,,7046.0,0.0,0.00597,100.0,3.739309025476325
,,,,,,7047.0,0.0,0.00597,100.0,3.6769108194405806
,,,,,,7048.0,0.0,0.00597,100.0,3.8690908402733557
,,,,,,7049.0,0.0,0.00597,100.0,3.6592901850227135
,,,,,,7050.0,0.0,0.00597,100.0,3.779681091917446
,,,,,,7051.0,0.0,0.00597,100.0,3.820396216001954
,,,,,,7052.0,0.0,0.00597,100.0,3.8605017355197284
,,,,,,7053.0,0.0,0.00597,100.0,3.778246009874931
,,,,,,7054.0,0.0,0.00597,100.0,3.8603044199874748
,,,,,,7055.0,0.0,0.00597,100.0,3.879026955574357
,,,,,,7055.0,0.0,0.00597,100.0,4.018833046804251
,,,,,,7055.0,0.0,0.00597,100.0,3.8245770936359813
,,,,,,,,,,
,,,,,,7055.0,-0.6715,0.0,0.0,3.6726894602635634
,,,,,,7056.0,-0.6715,0.0002,2.0815,3.8489442649686954
,,,,,,7057.0,-0.6715,0.0004,4.0941,3.764597762245089
,,,,,,7059.0,-0.6715,0.00059,6.0431,3.76551936099058
,,,,,,7060.0,-0.67336,0.00078,7.9922,3.820042457182229
,,,,,,7061.0,-0.6715,0.00097,9.9253,3.6886508752713287
,,,,,,7062.0,-0.67336,0.00116,11.8638,3.7811296808791397
,,,,,,7063.0,-0.67336,0.00135,13.834,3.7579898996548966
,,,,,,7064.0,-0.6715,0.00155,15.8413,3.917745662634288
,,,,,,7065.0,-0.6715,0.00174,17.7904,3.7267580647822567
,,,,,,7066.0,-0.6715,0.00193,19.7394,3.8693465355345777
,,,,,,7067.0,-0.6715,0.00212,21.6938,3.8332941871715898
,,,,,,7068.0,-0.6715,0.0023,23.6216,3.6607476735273248
,,,,,,7069.0,-0.6715,0.0025,25.5972,3.8412829340489845
,,,,,,7070.0,-0.6715,0.00269,27.5462,3.94600509599919
,,,,,,7071.0,-0.6715,0.00288,29.4953,3.810847080827985
,,,,,,7072.0,-0.6715,0.00307,31.4284,3.887462144914419
,,,,,,7073.0,-0.6715,0.00326,33.3828,3.8712974551250863
,,,,,,7074.0,-0.6715,0.00343,35.1782,3.746810658814549
,,,,,,7075.0,-0.6715,0.00362,37.1114,3.8277452645787795
,,,,,,7076.0,-0.6715,0.00381,39.0445,3.8806948623643227
,,,,,,7077.0,-0.67336,0.00402,41.1896,3.878693753953369
,,,,,,7078.0,-0.6715,0.00422,43.2551,3.876606137225464
,,,,,,7079.0,-0.6715,0.0044,45.1141,3.8878303167640085
,,,,,,7080.0,-0.6715,0.00462,47.3121,3.80032184818225
,,,,,,7081.0,-0.6715,0.0048,49.2241,3.7265492657917965
,,,,,,7082.0,-0.6715,0.00499,51.1943,3.772054424046446
,,,,,,7083.0,-0.6715,0.00518,53.1434,3.8983214703866826
,,,,,,7083.0,-0.6715,0.00524,53.6783,3.9206989011487576
,,,,,,7083.0,-1.34487,0.00524,53.6783,3.9447712340570944
,,,,,,7084.0,-1.34859,0.00561,57.5234,3.6124523699876154
,,,,,,7085.0,-1.35045,0.00601,61.5592,3.7310601166547377
,,,,,,7086.0,-1.35045,0.00639,65.5209,3.7366620243270097
,,,,,,7088.0,-1.35045,0.00677,69.4455,3.673593861665916
,,,,,,7089.0,-1.35045,0.00716,73.3648,3.843141994478131
,,,,,,7090.0,-1.35231,0.00754,77.284,3.762799841428921
,,,,,,7091.0,-1.35231,0.00793,81.2457,3.781175977386123
,,,,,,7092.0,-1.35045,0.00829,85.0114,3.7901175177011543
,,,,,,7093.0,-1.35231,0.00874,89.6245,3.6688130292285397
,,,,,,7094.0,-1.35045,0.00913,93.5862,3.837666023850863
,,,,,,7095.0,-1.34859,0.00951,97.4684,3.730806077765986
,,,,,,7095.0,-1.34673,0.00976,100.0,3.922983899756071
,,,,,,7095.0,-1.34673,0.00976,100.0,3.841295184855661
,,,,,,,,,,
,,,,,,7095.0,0.66592,0.0,0.0,3.987446174480575
,,,,,,7096.0,0.66964,0.00019,12.9223,3.9520295103861844
,,,,,,7098.0,0.6715,0.00039,26.0536,3.7836088848714677
,,,,,,7099.0,0.67336,0.00058,38.9063,3.907867512246841
,,,,,,7100.0,0.6715,0.00077,51.759,3.928456186607732
,,,,,,7101.0,0.6715,0.00095,63.8454,3.8015876433926494
,,,,,,7102.0,0.6715,0.00116,78.0564,3.7962089497791682
,,,,,,7103.0,0.6715,0.00136,91.536,3.7984539187727506
,,,,,,7103.0,0.67336,0.00148,100.0,3.7577315899398043
,,,,,,7103.0,0.0,0.00148,100.0,4.058035903611107
,,,,,,7105.0,0.0,0.00148,100.0,3.656996202122496
,,,,,,7106.0,0.0,0.00148,100.0,3.9205641440026575
,,,,,,7107.0,0.0,0.00148,100.0,3.8466073632711986
,,,,,,7108.0,0.0,0.00148,100.0,3.7120992082218
,,,,,,7109.0,0.0,0.00148,100.0,3.8751725164937474
,,,,,,7110.0,0.0,0.00148,100.0,3.8791298840679986
,,,,,,7111.0,0.0,0.00148,100.0,3.880182509001092
,,,,,,7112.0,0.0,0.00148,100.0,3.913769576471476
,,,,,,7113.0,0.0,0.00148,100.0,3.8273922152276216
,,,,,,7114.0,0.0,0.00148,100.0,3.7056498831490616
,,,,,,7115.0,0.0,0.00148,100.0,3.979201852192085
,,,,,,7116.0,0.0,0.00148,100.0,3.812646440314329
,,,,,,7117.0,0.0,0.00148,100.0,3.8405993329651498
,,,,,,7118.0,0.0,0.00148,100.0,3.8837861394687945
,,,,,,7119.0,0.0,0.00148,100.0,3.9036499337185777
,,,,,,7120.0,0.0,0.00148,100.0,3.7563978531855216
,,,,,,7120.0,0.0,0.00148,100.0,3.7446672293266765
,,,,,,,,,,
,,,,,,7120.0,-0.6715,0.0,0.0,3.6995450311360893
,,,,,,7121.0,-0.6715,0.00018,0.8722,3.687995414123795
,,,,,,7122.0,-0.6715,0.00041,1.9787,3.7519281692873396
,,,,,,7123.0,-0.67336,0.0006,2.8982,3.802003851563516
,,,,,,7124.0,-0.67336,0.00078,3.7779,3.7985364472420233
,,,,,,7125.0,-0.6715,0.00098,4.7423,3.7733753090280806
,,,,,,7126.0,-0.6715,0.00119,5.7242,3.9012922771906715
,,,,,,7127.0,-0.67336,0.00138,6.6412,3.7537215952149405
,,,,,,7128.0,-0.6715,0.00156,7.5334,3.838795832289868
,,,,,,7129.0,-0.6715,0.00176,8.5053,3.5997310740952377
,,,,,,7130.0,-0.6715,0.00196,9.4498,3.7918990973392144
,,,,,,7131.0,-0.6715,0.00215,10.3668,3.743986801246524
,,,,,,7132.0,-0.6715,0.00234,11.2839,3.838139236898579
,,,,,,7133.0,-0.6715,0.00253,12.1935,3.8373436000178014
,,,,,,7134.0,-0.6715,0.00272,13.113,3.836812434613039
,,,,,,7135.0,-0.6715,0.00291,14.0401,3.979778752529828
,,,,,,7136.0,-0.6715,0.0031,14.9571,3.6405537165476307
,,,,,,7137.0,-0.6715,0.00328,15.8219,3.7423176670702536
,,,,,,7138.0,-0.6715,0.00348,16.8012,3.8246359290792724
,,,,,,7139.0,-0.6715,0.00367,17.7183,3.8165131335535514
,,,,,,7140.0,-0.6715,0.00386,18.6379,3.7257479304556482
,,,,,,7141.0,-0.6715,0.00405,19.5549,3.596082803271682
,,,,,,7142.0,-0.6715,0.00423,20.4097,3.813961368542588
,,,,,,7143.0,-0.6715,0.00442,21.3268,3.8356789296590463
,,,,,,7144.0,-0.67336,0.00461,22.2463,3.7698391561925506
,,,,,,7145.0,-0.6715,0.00482,23.2631,3.7433148663784497
,,,,,,7146.0,-0.6715,0.005,24.1278,3.9638275748332847
,,,,,,7147.0,-0.6715,0.00519,25.0449,3.6575534831514407
,,,,,,7148.0,-0.6715,0.00539,25.9719,3.8422290984941965
,,,,,,7149.0,-0.67336,0.00557,26.8815,3.776946892522943
,,,,,,7151.0,-0.6715,0.00577,27.8085,3.8472667825320066
,,,,,,7152.0,-0.6715,0.00596,28.7256,3.738833032866122
,,,,,,7153.0,-0.6715,0.00615,29.6526,3.7864844509951077
,,,,,,7154.0,-0.6715,0.00634,30.5796,3.8531054914037375
,,,,,,7155.0,-0.67336,0.00653,31.4892,3.932622001196591
,,,,,,7156.0,-0.67336,0.00672,32.4262,3.8355207715234707
,,,,,,7157.0,-0.6715,0.00692,33.3533,3.809362162701264
,,,,,,7158.0,-0.67336,0.00711,34.2703,3.720273580879551
,,,,,,7159.0,-0.6715,0.00729,35.1799,3.675845557389909
,,,,,,7160.0,-0.6715,0.00748,36.0995,3.9383728806825213
,,,,,,7161.0,-0.67336,0.00768,37.0265,3.8651669153401347
,,,,,,7162.0,-0.67336,0.0079,38.1155,3.7917441671848917
,,,,,,7163.0,-0.67336,0.00809,39.0251,3.806239352120235
,,,,,,7164.0,-0.67336,0.00828,39.9422,3.9109904960820066
,,,,,,7165.0,-0.6715,0.00847,40.8418,3.7257518284000484
,,,,,,7166.0,-0.6715,0.00866,41.7888,3.8111871498401824
,,,,,,7167.0,-0.6715,0.00885,42.7058,3.7353397515974107
,,,,,,7168.0,-0.6715,0.00904,43.6229,3.6495417697102996
,,,,,,7169.0,-0.6715,0.00924,44.5425,3.7166141796272365
,,,,,,7170.0,-0.6715,0.00941,45.3972,3.7830406398217593
,,,,,,7171.0,-0.6715,0.00961,46.3591,3.857393851735632
,,,,,,7172.0,-0.67336,0.0098,47.2787,3.703628612509297
,,,,,,7173.0,-0.6715,0.00999,48.1883,3.7839220179705344
,,,,,,7174.0,-0.67336,0.01018,49.0979,3.620510289045175
,,,,,,7175.0,-0.6715,0.01037,50.0224,3.8833977507839528
,,,,,,7176.0,-0.6715,0.01056,50.932,3.8390456945259195
,,,,,,7177.0,-0.6715,0.01074,51.7793,3.666771031765519
,,,,,,7178.0,-0.6715,0.01095,52.806,3.7459206542442858
,,,,,,7179.0,-0.67336,0.01115,53.7879,3.8422628635208564
,,,,,,7180.0,-0.6715,0.01133,54.6676,3.992920387370319
,,,,,,7181.0,-0.6715,0.01153,55.5871,4.008913999479571
,,,,,,7182.0,-0.6715,0.01171,56.4942,3.8756415463610816
,,,,,,7183.0,-0.6715,0.01191,57.4213,3.946704995183301
,,,,,,7184.0,-0.6715,0.01209,58.3308,3.980207457581493
,,,,,,7185.0,-0.6715,0.0123,59.3401,3.6707712268821333
,,,,,,7186.0,-0.6715,0.01249,60.2397,3.89768526435069
,,,,,,7188.0,-0.6715,0.01268,61.1742,3.8803037590617317
,,,,,,7189.0,-0.67336,0.01287,62.0938,3.7619837313458646
,,,,,,7190.0,-0.6715,0.01306,63.0034,3.596810249242928
,,,,,,7191.0,-0.6715,0.01325,63.9205,3.7814231139223167
,,,,,,7192.0,-0.6715,0.01344,64.8375,3.8478946158918417
,,,,,,7193.0,-0.6715,0.01364,65.7646,3.8643656904417556
,,,,,,7194.0,-0.6715,0.01383,66.6816,3.839675918581994
,,,,,,7195.0,-0.6715,0.01402,67.6012,3.9392472196284993
,,,,,,7196.0,-0.6715,0.01421,68.5108,3.670138867495519
,,,,,,7197.0,-0.6715,0.0144,69.4278,3.7836715457718264
,,,,,,7198.0,-0.6715,0.01459,70.3449,3.743770256652685
,,,,,,7199.0,-0.6715,0.01476,71.1997,3.649173034753929
,,,,,,7200.0,-0.6715,0.01497,72.2164,3.857234669989723
,,,,,,7201.0,-0.6715,0.01517,73.1709,3.8250796667067197
,,,,,,7202.0,-0.67336,0.01537,74.1153,3.8342995413291328
,,,,,,7203.0,-0.67336,0.01554,74.9626,3.8452433785276
,,,,,,7204.0,-0.6715,0.01576,75.9868,3.78988205051861
,,,,,,7205.0,-0.6715,0.01595,76.9313,3.8353115754676192
,,,,,,7206.0,-0.6715,0.01614,77.8608,3.7402719440177834
,,,,,,7207.0,-0.6715,0.01624,78.3269,3.8522998865797535
,,,,,,7207.0,-1.35045,0.01624,78.3269,3.636591714126151
,,,,,,7208.0,-1.35045,0.01664,80.2432,3.6784717027722538
,,,,,,7209.0,-1.34859,0.01703,82.1247,3.804277373109788
,,,,,,7210.0,-1.35045,0.01741,83.9688,3.7886590700852687
,,,,,,7211.0,-1.35045,0.01779,85.8154,3.7654818264072505
,,,,,,7212.0,-1.34859,0.01818,87.6595,3.8284810339558573
,,,,,,7213.0,-1.35231,0.01857,89.541,3.7345012745427892
,,,,,,7214.0,-1.35231,0.01894,91.3701,3.6680368520849207
,,,,,,7215.0,-1.35045,0.01932,93.1968,3.7283913126436627
,,,,,,7216.0,-1.35045,0.01972,95.1131,3.783737044535864
,,,,,,7217.0,-1.35045,0.02007,96.8152,3.6095378244768446
,,,,,,7218.0,-1.34673,0.02046,98.6618,3.8503445684051285
,,,,,,7219.0,-1.34487,0.02073,100.0,3.858169141741941
,,,,,,7219.0,-1.34487,0.02073,100.0,3.6093227268140207
,,,,,,,,,,
,,,,,,7219.0,0.67708,0.0,0.0,3.9366565667522697
,,,,,,7220.0,0.67336,0.00021,13.7599,3.905959164795352
,,,,,,7221.0,0.67522,0.0004,26.8662,3.808862691821871
,,,,,,7222.0,0.6715,0.00059,39.5597,3.7432249707430656
,,,,,,7223.0,0.67522,0.00079,52.3908,3.9092751295860397
,,,,,,7224.0,0.67336,0.00097,64.3619,3.678981117357193
,,,,,,7225.0,0.6715,0.00117,77.5714,3.876778200939056
,,,,,,7226.0,0.67336,0.00136,90.4025,3.9571575287339975
,,,,,,7227.0,0.67336,0.0015,100.0,3.6893986062948048
,,,,,,7227.0,0.0,0.0015,100.0,3.7894087499994016
,,,,,,7228.0,0.0,0.0015,100.0,3.832930046903749
,,,,,,7229.0,0.0,0.0015,100.0,3.9435268172644444
,,,,,,7230.0,0.0,0.0015,100.0,4.082047682833704
,,,,,,7231.0,0.0,0.0015,100.0,3.8935368860393664
,,,,,,7232.0,0.0,0.0015,100.0,3.8750824134685917
,,,,,,7233.0,0.0,0.0015,100.0,3.961994114758024
,,,,,,7234.0,0.0,0.0015,100.0,3.760884979063531
,,,,,,7235.0,0.0,0.0015,100.0,3.830027679764782
,,,,,,7236.0,0.0,0.0015,100.0,3.8099197757411467
,,,,,,7237.0,0.0,0.0015,100.0,3.7874534898559835
,,,,,,7238.0,0.0,0.0015,100.0,3.8561355905905654
,,,,,,7239.0,0.0,0.0015,100.0,3.864253501200781
,,,,,,7240.0,0.0,0.0015,100.0,3.954426948122174
,,,,,,7241.0,0.0,0.0015,100.0,3.913817810356066
,,,,,,7242.0,0.0,0.0015,100.0,3.7911068291784007
,,,,,,7243.0,0.0,0.0015,100.0,3.754288674429245
,,,,,,7243.0,0.0,0.0015,100.0,3.9198535223671036
,,,,,,,,,,
,,,,,,7243.0,-0.6715,0.0,0.0,3.7950000990176034
,,,,,,7244.0,-0.6715,0.00018,0.4349,3.724041309213986
,,,,,,7245.0,-0.6715,0.00037,0.9049,3.750364034624339
,,,,,,7246.0,-0.6715,0.00056,1.3624,3.7716911947166225
,,,,,,7247.0,-0.6715,0.00075,1.8274,4.0696000590892165
,,,,,,7248.0,-0.6715,0.00094,2.2899,3.853914195761108
,,,,,,7249.0,-0.67336,0.00114,2.7649,3.767578915537874
,,,,,,7250.0,-0.6715,0.00134,3.2499,3.767995676029941
,,,,,,7251.0,-0.6715,0.00153,3.7112,3.850629354872719
,,,,,,7252.0,-0.6715,0.00172,4.1812,3.9824973366633727
,,,,,,7253.0,-0.6715,0.00192,4.6612,3.8536220981655767
,,,,,,7254.0,-0.6715,0.00211,5.1225,3.7740103662440005
,,,,,,7255.0,-0.6715,0.0023,5.5799,3.8955720007702754
,,,,,,7256.0,-0.6715,0.00249,6.0412,3.7204835561538787
,,,,,,7257.0,-0.67336,0.00268,6.5036,3.5234306759573752
,,,,,,7258.0,-0.6715,0.00287,6.9611,3.893042327065011
,,,,,,7259.0,-0.6715,0.00306,7.4173,3.8111781735536217
,,,,,,7260.0,-0.6715,0.00325,7.8836,3.9023843909538027
,,,,,,7261.0,-0.6715,0.00344,8.3461,3.829864975955099
,,,,,,7262.0,-0.6715,0.00363,8.8073,3.6684778254396067
,,,,,,7263.0,-0.6715,0.00382,9.2685,3.8121800461810547
,,,,,,7264.0,-0.6715,0.00401,9.7298,3.5281361005815914
,,,,,,7265.0,-0.6715,0.00421,10.2061,3.8998632781853226
,,,,,,7266.0,-0.6715,0.00438,10.636,3.7717002175707264
,,,,,,7267.0,-0.6715,0.00457,11.0972,4.033746471331235
,,,,,,7268.0,-0.6715,0.00477,11.5597,3.765306069679775
,,,,,,7269.0,-0.67336,0.00496,12.0297,3.8425312659506736
,,,,,,7270.0,-0.6715,0.00515,12.4909,3.990413835798145
,,,,,,7271.0,-0.6715,0.00534,12.9572,3.7556691589180082
,,,,,,7272.0,-0.6715,0.00554,13.4284,3.7541266767257295
,,,,,,7273.0,-0.67336,0.00573,13.8897,3.8130940144819436
,,,,,,7275.0,-0.6715,0.00592,14.3521,3.803391455072467
,,,,,,7276.0,-0.67336,0.00612,14.841,3.6695940505135547
,,,,,,7277.0,-0.6715,0.00631,15.3034,3.9171519680196902
,,,,,,7278.0,-0.6715,0.0065,15.7697,3.7602919755590873
,,,,,,7278.0,-0.6715,0.00652,15.8236,3.856957400981447
,,,,,,7278.0,-5.40551,0.00652,15.8236,3.471708394871994
,,,,,,7279.0,-5.40365,0.00816,19.7942,3.5543755746446157
,,,,,,7280.0,-5.40551,0.00968,23.4728,3.7637283624649127
,,,,,,7281.0,-5.40179,0.01121,27.1865,3.565052793401631
,,,,,,7282.0,-5.41109,0.01276,30.9403,3.639832672904475
,,,,,,7283.0,-5.40365,0.01427,34.6176,3.4565454794764827
,,,,,,7284.0,-5.40737,0.01568,38.0418,3.6041503970258626
,,,,,,7285.0,-5.40737,0.0172,41.7216,3.555859744194764
,,,,,,7286.0,-5.40923,0.01873,45.4365,3.575715557054552
,,,,,,7286.0,-3.37984,0.01873,45.4365,3.672606453170521
,,,,,,7287.0,-3.37798,0.01961,47.5773,3.6274652528122067
,,,,,,7288.0,-3.37984,0.02058,49.921,3.6173278812724905
,,,,,,7289.0,-3.37798,0.02158,52.3576,3.550647369282302
,,,,,,7290.0,-3.37984,0.0226,54.8154,3.5062438912743152
,,,,,,7291.0,-3.37798,0.02356,57.1378,3.7030033391118558
,,,,,,7292.0,-3.37612,0.02451,59.4591,3.490540866251618
,,,,,,7293.0,-3.37612,0.02547,61.7803,3.4966201357458133
,,,,,,7294.0,-3.3817,0.02642,64.0802,3.6299853241389184
,,,,,,7295.0,-3.37984,0.02737,66.4026,3.3837416937048843
,,,,,,7296.0,-3.37612,0.02833,68.7238,3.7786634892819473
,,,,,,7297.0,-3.37984,0.02929,71.0451,3.4914047422083208
,,,,,,7298.0,-3.37798,0.0303,73.5029,3.5859188853772617
,,,,,,7299.0,-3.37984,0.03129,75.893,3.673924720441543
,,,,,,7300.0,-3.37798,0.03246,78.7394,3.628164280866691
,,,,,,7301.0,-3.37798,0.03343,81.0832,3.633653476547531
,,,,,,7303.0,-3.37984,0.03438,83.4044,3.5216123395160697
,,,,,,7304.0,-3.38356,0.03536,85.7719,3.64945018044299
,,,,,,7305.0,-3.37798,0.03624,87.9127,3.615759276561482
,,,,,,7306.0,-3.37984,0.0372,90.2339,3.4072748623952127
,,,,,,7307.0,-3.38542,0.03825,92.7844,3.556131394648622
,,,,,,7308.0,-3.37984,0.03923,95.1508,3.627449361911737
,,,,,,7309.0,-3.37984,0.0401,97.269,3.678826846835714
,,,,,,7310.0,-3.37984,0.0411,99.7042,3.61152858887603
,,,,,,7310.0,-3.37612,0.04123,100.0,3.692553666582022
,,,,,,7310.0,-3.37612,0.04123,100.0,3.6134177681493598
,,,,,,,,,,
,,,,,,7310.0,1.34487,0.0,0.0,3.921133503940325
,,,,,,7311.0,1.35045,0.0004,13.2798,3.8845187819067886
,,,,,,7312.0,1.34859,0.00082,27.1407,3.8863255983802123
,,,,,,7313.0,1.34859,0.0012,39.7881,4.047122921894012
,,,,,,7314.0,1.34673,0.00158,52.4184,3.8883109845430535
,,,,,,7315.0,1.34859,0.00197,65.3051,3.8183610935017587
,,,,,,7316.0,1.35045,0.00236,77.9354,3.8228099419578787
,,,,,,7317.0,1.34673,0.00273,90.4632,3.7200688582464805
,,,,,,7318.0,1.34673,0.00302,100.0,3.883912226455598
,,,,,,7318.0,1.34673,0.00302,100.0,3.8837678942415703
,,,,,,,,,,
,,,,,,7318.0,-1.34859,0.0,0.0,3.8951035973350336
,,,,,,7319.0,-1.35045,0.00035,2.9421,3.8400556436380016
,,,,,,7320.0,-1.34859,0.00074,6.1386,3.7412084943110626
,,,,,,7321.0,-1.34859,0.00112,9.3309,3.9646007969219976
,,,,,,7322.0,-1.34859,0.0015,12.5232,3.5620456380245216
,,,,,,7323.0,-1.35045,0.00188,15.7155,3.600262197935779
,,,,,,7324.0,-1.35231,0.00229,19.132,3.6297432211794467
,,,,,,7325.0,-1.34859,0.00267,22.2596,3.644209012789477
,,,,,,7326.0,-1.34859,0.00307,25.6417,3.868398928954492
,,,,,,7327.0,-1.34859,0.00346,28.8987,3.6562853360181933
,,,,,,7328.0,-1.35045,0.00384,32.0909,3.6944785033713057
,,,,,,7329.0,-1.35045,0.00425,35.4428,3.641519429457377
,,,,,,7330.0,-1.35045,0.00464,38.73,3.806449311390815
,,,,,,7331.0,-1.35231,0.005,41.767,3.670949685916112
,,,,,,7332.0,-1.34859,0.00541,45.1792,3.740870251403384
,,,,,,7333.0,-1.35045,0.0058,48.4362,3.878938723837591
,,,,,,7334.0,-1.34859,0.0062,51.7234,3.645978084469145
,,,,,,7335.0,-1.34859,0.00658,54.9717,4.105650136049764
,,,,,,7336.0,-1.35045,0.00696,58.1381,3.67691164882772
,,,,,,7337.0,-1.34859,0.00735,61.3951,3.828312749916923
,,,,,,7339.0,-1.35045,0.00775,64.6823,3.635297218416875
,,,,,,7340.0,-1.35045,0.00817,68.1895,3.753633487830888
,,,,,,7341.0,-1.35045,0.00852,71.1617,3.7423948232988824
,,,,,,7342.0,-1.35231,0.00894,74.6085,3.771413962670697
,,,,,,7343.0,-1.35045,0.00932,77.8353,3.7731073187702977
,,,,,,7344.0,-1.34859,0.00974,81.2778,3.7682848142253365
,,,,,,7345.0,-1.35231,0.01013,84.5649,3.570440108445757
,,,,,,7346.0,-1.35045,0.01051,87.7615,3.679245151335911
,,,,,,7347.0,-1.35045,0.01086,90.7036,3.789071781921593
,,,,,,7348.0,-1.34859,0.01125,93.9261,3.804292021228881
,,,,,,7349.0,-1.34859,0.01163,97.1226,3.7004281490593542
,,,,,,7350.0,-1.35045,0.01198,100.0,3.8916430531842265
,,,,,,7350.0,-1.35045,0.01198,100.0,3.7468372410707365
,,,,,,,,,,
,,,,,,7350.0,2.70089,0.0,0.0,3.851238852611618
,,,,,,7351.0,2.70275,0.00086,14.2322,3.823274332829992
,,,,,,7352.0,2.70461,0.00158,25.9859,4.114306621828482
,,,,,,7353.0,2.70275,0.00234,38.6083,4.011121377807988
,,,,,,7354.0,2.70461,0.00311,51.2392,4.04636238169009
,,,,,,7355.0,2.70275,0.00393,64.8497,3.9469459137275784
,,,,,,7356.0,2.70461,0.00463,76.3649,3.962885225102564
,,,,,,7357.0,2.70275,0.0054,88.9873,3.8437625409207774
,,,,,,7358.0,2.70275,0.00607,100.0,4.003512884984366
,,,,,,7358.0,0.0,0.00607,100.0,3.722488631678254
,,,,,,7359.0,0.0,0.00607,100.0,3.796108154297536
,,,,,,7360.0,0.0,0.00607,100.0,3.9696689513363745
,,,,,,7361.0,0.0,0.00607,100.0,3.959829285470092
,,,,,,7362.0,0.0,0.00607,100.0,3.8682473974084655
,,,,,,7363.0,0.0,0.00607,100.0,3.8670818941538316
,,,,,,7364.0,0.0,0.00607,100.0,3.922434603223538
,,,,,,7365.0,0.0,0.00607,100.0,3.7086460033674067
,,,,,,7366.0,0.0,0.00607,100.0,3.5647217896205095
,,,,,,7367.0,0.0,0.00607,100.0,3.845289812619419
,,,,,,7368.0,0.0,0.00607,100.0,3.9269548045596756
,,,,,,7369.0,0.0,0.00607,100.0,3.8554281720415733
,,,,,,7370.0,0.0,0.00607,100.0,4.0412028246988765
,,,,,,7371.0,0.0,0.00607,100.0,3.8289476879715525
,,,,,,7372.0,0.0,0.00607,100.0,3.9448344106214095
,,,,,,7373.0,0.0,0.00607,100.0,3.825773250257885
,,,,,,7374.0,0.0,0.00607,100.0,3.5954705162059977
,,,,,,7375.0,0.0,0.00607,100.0,3.8631999518969566
,,,,,,7376.0,0.0,0.00607,100.0,3.7176718012607424
,,,,,,7377.0,0.0,0.00607,100.0,3.80518177039275
,,,,,,7378.0,0.0,0.00607,100.0,3.900005013068446
,,,,,,7379.0,0.0,0.00607,100.0,3.9083437423931553
,,,,,,7380.0,0.0,0.00607,100.0,3.8598381104461548
,,,,,,7382.0,0.0,0.00607,100.0,3.8797690029931693
,,,,,,7383.0,0.0,0.00607,100.0,3.8321724632162875
,,,,,,7384.0,0.0,0.00607,100.0,3.646061544005266
,,,,,,7385.0,0.0,0.00607,100.0,3.7999767021463997
,,,,,,7386.0,0.0,0.00607,100.0,3.8764897475587135
,,,,,,7387.0,0.0,0.00607,100.0,3.730287756262647
,,,,,,7388.0,0.0,0.00607,100.0,3.7831719561834247
,,,,,,7389.0,0.0,0.00607,100.0,4.016469686742568
,,,,,,7390.0,0.0,0.00607,100.0,3.911394036839922
,,,,,,7391.0,0.0,0.00607,100.0,3.9725733363555067
,,,,,,7392.0,0.0,0.00607,100.0,3.8909138278866946
,,,,,,7393.0,0.0,0.00607,100.0,3.7879396435457187
,,,,,,7394.0,0.0,0.00607,100.0,3.742867369542822
,,,,,,7395.0,0.0,0.00607,100.0,3.7958767750441695
,,,,,,7396.0,0.0,0.00607,100.0,3.99317982400686
,,,,,,7397.0,0.0,0.00607,100.0,3.9578778069338476
,,,,,,7398.0,0.0,0.00607,100.0,3.857248483623033
,,,,,,7399.0,0.0,0.00607,100.0,3.770845384576793
,,,,,,7400.0,0.0,0.00607,100.0,3.6814662582264877
,,,,,,7401.0,0.0,0.00607,100.0,3.8641117759073214
,,,,,,7402.0,0.0,0.00607,100.0,3.942564857209794
,,,,,,7403.0,0.0,0.00607,100.0,3.864240010880952
,,,,,,7404.0,0.0,0.00607,100.0,3.7631752581340843
,,,,,,7405.0,0.0,0.00607,100.0,3.7622064067056145
,,,,,,7406.0,0.0,0.00607,100.0,4.028964169410481
,,,,,,7407.0,0.0,0.00607,100.0,3.667666155342993
,,,,,,7408.0,0.0,0.00607,100.0,3.7571090247365335
,,,,,,7409.0,0.0,0.00607,100.0,3.6744100357803404
,,,,,,7410.0,0.0,0.00607,100.0,3.92486097443118
,,,,,,7411.0,0.0,0.00607,100.0,3.75729616200774
,,,,,,7412.0,0.0,0.00607,100.0,4.069374549167794
,,,,,,7413.0,0.0,0.00607,100.0,3.899082553053401
,,,,,,7413.0,0.0,0.00607,100.0,4.01201869537637
,,,,,,,,,,
,,,,,,7413.0,-0.6715,0.0,0.0,3.679722846847794
,,,,,,7414.0,-0.6715,0.00019,1.9203,3.8213870154731366
,,,,,,7415.0,-0.6715,0.00038,3.8823,3.720582649891061
,,,,,,7416.0,-0.6715,0.00057,5.8025,3.738038205717897
,,,,,,7417.0,-0.6715,0.00076,7.7228,3.669247544299485
,,,,,,7418.0,-0.6715,0.00095,9.6431,3.7485008426870765
,,,,,,7419.0,-0.6715,0.00116,11.699,3.8147229384734436
,,,,,,7420.0,-0.67336,0.00135,13.661,3.733138009543026
,,,,,,7421.0,-0.67336,0.00155,15.6178,3.886108831423322
,,,,,,7422.0,-0.6715,0.00174,17.5798,3.7822215915618185
,,,,,,7423.0,-0.6715,0.00192,19.354,3.8630739188289223
,,,,,,7424.0,-0.6715,0.00211,21.2743,3.8738083864571
,,,,,,7425.0,-0.6715,0.0023,23.2154,3.80818950904894
,,,,,,7426.0,-0.67336,0.00249,25.1409,3.799700457086362
,,,,,,7427.0,-0.6715,0.00268,27.0612,3.995474085765218
,,,,,,7428.0,-0.6715,0.00287,28.9658,3.8356297538007462
,,,,,,7429.0,-0.67336,0.00306,30.8913,3.6440586647646267
,,,,,,7430.0,-0.67336,0.00325,32.8689,4.020165427120796
,,,,,,7432.0,-0.6715,0.00345,34.8101,3.86457571464259
,,,,,,7433.0,-0.6715,0.00368,37.1321,4.0005378403225205
,,,,,,7434.0,-0.67336,0.00386,38.995,3.8068850418890996
,,,,,,7435.0,-0.67336,0.00406,40.9779,3.6988156715522855
,,,,,,7436.0,-0.6715,0.00426,43.0495,3.782756795426414
,,,,,,7437.0,-0.6715,0.00445,44.975,3.9802296313245478
,,,,,,7438.0,-0.6715,0.00464,46.8743,3.916597293401398
,,,,,,7439.0,-0.6715,0.00483,48.7946,3.7590054716778294
,,,,,,7440.0,-0.6715,0.00504,50.8662,3.835034089234309
,,,,,,7442.0,-0.6715,0.00542,54.712,3.8530012506468303
,,,,,,7442.0,-1.35045,0.00542,54.712,3.9041315550677957
,,,,,,7443.0,-1.34859,0.00577,58.2707,3.720760045183429
,,,,,,7444.0,-1.35045,0.00619,62.4765,3.722178093410815
,,,,,,7445.0,-1.35045,0.00657,66.3379,3.60545993477495
,,,,,,7446.0,-1.35045,0.00695,70.1993,3.7490469848953407
,,,,,,7447.0,-1.35045,0.00733,74.066,3.819152026409432
,,,,,,7448.0,-1.34859,0.00771,77.8908,3.7288866999160626
,,,,,,7449.0,-1.35045,0.00815,82.2793,3.7709905409181768
,,,,,,7450.0,-1.34859,0.00853,86.1824,3.66279987205149
,,,,,,7451.0,-1.35231,0.00892,90.0804,3.555980966349119
,,,,,,7452.0,-1.35045,0.00928,93.7174,3.539330505447161
,,,,,,7453.0,-1.35045,0.00966,97.5788,3.8153492792185633
,,,,,,7454.0,-1.34859,0.0099,100.0,3.6258525928311482
,,,,,,7454.0,-1.34859,0.0099,100.0,3.8321634306543966
,,,,,,,,,,
,,,,,,7454.0,0.66592,0.0,0.0,3.7587450404707465
,,,,,,7455.0,0.67522,0.0002,13.4801,3.812008930320078
,,,,,,7456.0,0.66592,0.0004,26.4099,3.8734001406074805
,,,,,,7457.0,0.6715,0.00059,38.9615,3.6490679737176763
,,,,,,7458.0,0.67336,0.00078,51.6162,3.9200183475601302
,,,,,,7459.0,0.67522,0.00095,63.4457,3.80214423229988
,,,,,,7460.0,0.67336,0.00114,75.9973,4.04024845974544
,,,,,,7461.0,0.66964,0.00134,89.3054,3.6732076486410654
,,,,,,7462.0,0.6715,0.0015,100.0,3.8014127224974485
,,,,,,7462.0,0.0,0.0015,100.0,3.8151800800834708
,,,,,,7463.0,0.0,0.0015,100.0,3.6759892789968425
,,,,,,7464.0,0.0,0.0015,100.0,3.69713667515814
,,,,,,7465.0,0.0,0.0015,100.0,3.876610283786414
,,,,,,7466.0,0.0,0.0015,100.0,3.9586153049535064
,,,,,,7467.0,0.0,0.0015,100.0,3.593574354473376
,,,,,,7468.0,0.0,0.0015,100.0,3.973010722078182
,,,,,,7469.0,0.0,0.0015,100.0,3.791615971150041
,,,,,,7470.0,0.0,0.0015,100.0,3.729917610275958
,,,,,,7471.0,0.0,0.0015,100.0,3.66329564867951
,,,,,,7473.0,0.0,0.0015,100.0,4.134374057798708
,,,,,,7474.0,0.0,0.0015,100.0,3.6459540200978755
,,,,,,7475.0,0.0,0.0015,100.0,3.895416611036186
,,,,,,7476.0,0.0,0.0015,100.0,3.7423766381270966
,,,,,,7477.0,0.0,0.0015,100.0,3.871938761911325
,,,,,,7478.0,0.0,0.0015,100.0,3.757002251139705
,,,,,,7478.0,0.0,0.0015,100.0,3.879517899309139
,,,,,,7478.0,0.0,0.0015,100.0,4.003044602220308
,,,,,,,,,,
,,,,,,7478.0,-0.6715,0.0,0.0,3.843621712924544
,,,,,,7479.0,-0.6715,0.00021,1.0163,3.6826749226753153
,,,,,,7480.0,-0.6715,0.0004,1.9429,3.8653586161211995
,,,,,,7481.0,-0.6715,0.0006,2.8769,3.8745614092109752
,,,,,,7482.0,-0.6715,0.00078,3.7413,3.8703045739230055
,,,,,,7483.0,-0.6715,0.00098,4.7226,3.717819398225902
,,,,,,7484.0,-0.6715,0.00116,5.5845,3.718262614217896
,,,,,,7485.0,-0.6715,0.00135,6.5036,3.758562378203078
,,,,,,7486.0,-0.6715,0.00155,7.475,3.741388154615856
,,,,,,7488.0,-0.6715,0.00175,8.4365,3.836383989818598
,,,,,,7489.0,-0.6715,0.00194,9.3531,3.655052320564506
,,,,,,7490.0,-0.67336,0.00213,10.2722,3.5984106764151402
,,,,,,7491.0,-0.67336,0.00232,11.1889,3.8494691079838725
,,,,,,7492.0,-0.67336,0.00251,12.108,3.9774251691532543
,,,,,,7493.0,-0.6715,0.0027,13.0172,3.8732308223563305
,,,,,,7494.0,-0.6715,0.00289,13.9338,3.8573787944552906
,,,,,,7495.0,-0.6715,0.0031,14.9401,3.7298235119447085
,,,,,,7496.0,-0.67336,0.0033,15.8866,3.783881052637223
,,,,,,7497.0,-0.67336,0.00349,16.8032,3.8865319730634478
,,,,,,7498.0,-0.6715,0.00368,17.7224,3.7188095021267675
,,,,,,7499.0,-0.6715,0.00387,18.649,3.7167683246261634
,,,,,,7500.0,-0.6715,0.00404,19.4859,4.02651590612394
,,,,,,7501.0,-0.6715,0.00424,20.4474,3.638697482165938
,,,,,,7502.0,-0.6715,0.00443,21.364,3.7900528919154937
,,,,,,7503.0,-0.6715,0.00462,22.2731,3.6278902256234202
,,,,,,7504.0,-0.6715,0.00482,23.2172,3.786692014874868
,,,,,,7505.0,-0.6715,0.005,24.1189,3.7537627004594194
,,,,,,7506.0,-0.67336,0.00519,25.038,3.752776745247333
,,,,,,7507.0,-0.67336,0.00538,25.9471,3.8695182955980374
,,,,,,7508.0,-0.6715,0.00557,26.8638,3.837267087618892
,,,,,,7509.0,-0.6715,0.00576,27.7829,3.9718164342207216
,,,,,,7510.0,-0.67336,0.00595,28.6995,3.738521423445551
,,,,,,7511.0,-0.6715,0.00615,29.6361,3.6974745945701706
,,,,,,7512.0,-0.6715,0.00634,30.5527,3.6492922892407167
,,,,,,7513.0,-0.67336,0.00653,31.4718,3.603102662574024
,,,,,,7514.0,-0.67336,0.00672,32.381,3.770862722662335
,,,,,,7515.0,-0.67336,0.00691,33.3076,3.5923270139139847
,,,,,,7516.0,-0.6715,0.0071,34.2442,3.6789468324974486
,,,,,,7517.0,-0.6715,0.00729,35.1533,3.6100320047988608
,,,,,,7518.0,-0.6715,0.00748,36.0699,3.8338929643690616
,,,,,,7519.0,-0.6715,0.00767,36.9791,3.93131866930081
,,,,,,7520.0,-0.6715,0.00787,37.948,3.69477410535188
,,,,,,7521.0,-0.6715,0.00806,38.8771,3.625048683011438
,,,,,,7522.0,-0.67336,0.00826,39.8037,3.8031508849273363
,,,,,,7523.0,-0.6715,0.00844,40.6855,3.7641543156270765
,,,,,,7524.0,-0.6715,0.00863,41.6021,3.6011809503059875
,,,,,,7525.0,-0.6715,0.00882,42.5212,3.598920379250519
,,,,,,7526.0,-0.6715,0.00901,43.4379,3.796930090709097
,,,,,,7528.0,-0.6715,0.0092,44.347,3.7660778926346863
,,,,,,7529.0,-0.67336,0.00939,45.2836,3.8120843498015002
,,,,,,7530.0,-0.6715,0.0096,46.2998,3.7739377667852385
,,,,,,7531.0,-0.6715,0.00979,47.2165,3.785911309625439
,,,,,,7532.0,-0.6715,0.00999,48.1356,3.785116069804044
,,,,,,7533.0,-0.67336,0.01018,49.0522,3.709870306114585
,,,,,,7534.0,-0.6715,0.01037,49.9714,3.7868738417063494
,,,,,,7535.0,-0.6715,0.01057,50.9503,3.904261361229039
,,,,,,7536.0,-0.6715,0.01076,51.8793,3.7483992464269633
,,,,,,7537.0,-0.67336,0.01093,52.7063,3.837218036042216
,,,,,,7538.0,-0.6715,0.01114,53.6852,3.666978225403725
,,,,,,7539.0,-0.6715,0.01133,54.5944,3.8583409934428685
,,,,,,7540.0,-0.6715,0.01151,55.4761,3.7758832409741667
,,,,,,7541.0,-0.6715,0.0117,56.3952,3.7077906686569952
,,,,,,7542.0,-0.6715,0.01189,57.3119,3.738806727694774
,,,,,,7543.0,-0.6715,0.01209,58.2833,3.8683178938600324
,,,,,,7544.0,-0.6715,0.01227,59.1651,3.781760359912467
,,,,,,7545.0,-0.6715,0.01247,60.1091,3.8438081439152527
,,,,,,7546.0,-0.6715,0.01266,61.0357,3.7084876275715066
,,,,,,7547.0,-0.6715,0.01285,61.9548,3.81417412124304
,,,,,,7548.0,-0.67336,0.01304,62.8615,3.8769798019670585
,,,,,,7549.0,-0.6715,0.01323,63.7806,4.003107977194429
,,,,,,7550.0,-0.6715,0.01342,64.6972,3.811781603238665
,,,,,,7551.0,-0.6715,0.01361,65.6164,3.7422053056892057
,,,,,,7552.0,-0.6715,0.01384,66.7049,3.7509139724962948
,,,,,,7553.0,-0.6715,0.01402,67.5841,3.7980756164761766
,,,,,,7554.0,-0.6715,0.01421,68.5107,3.9204068605161293
,,,,,,7555.0,-0.6715,0.0144,69.4298,3.6279165266826428
,,,,,,7556.0,-0.6715,0.01461,70.4187,3.6802454592829004
,,,,,,7557.0,-0.67336,0.0148,71.3627,3.7347666724983264
,,,,,,7558.0,-0.6715,0.01499,72.2619,3.9047863590449166
,,,,,,7559.0,-0.6715,0.01518,73.1811,3.719340710362095
,,,,,,7560.0,-0.6715,0.01536,74.0255,3.5485364221571727
,,,,,,7562.0,-0.6715,0.01555,74.9521,3.490202666993657
,,,,,,7563.0,-0.67336,0.01575,75.9235,3.7742237132929803
,,,,,,7564.0,-0.6715,0.01596,76.9497,3.7940937573180427
,,,,,,7565.0,-0.67336,0.01614,77.824,3.7689591876862365
,,,,,,7565.0,-0.67336,0.01624,78.2898,3.9223039154505868
,,,,,,7565.0,-1.34859,0.01624,78.2898,3.8912364105873083
,,,,,,7566.0,-1.35231,0.01665,80.2426,3.974405394307042
,,,,,,7567.0,-1.34859,0.01703,82.0858,3.709207996493687
,,,,,,7568.0,-1.35045,0.01738,83.7846,3.849959871316762
,,,,,,7569.0,-1.35045,0.01776,85.6303,3.7512498466710653
,,,,,,7570.0,-1.34859,0.01815,87.4735,3.727489940334193
,,,,,,7571.0,-1.35045,0.01853,89.3342,3.5169374412229124
,,,,,,7572.0,-1.34859,0.01892,91.1949,3.911876608181242
,,,,,,7573.0,-1.35045,0.0193,93.0231,3.792815001987155
,,,,,,7574.0,-1.34859,0.01974,95.1553,3.587453684067853
,,,,,,7576.0,-1.35045,0.02013,97.0558,3.772212380862094
,,,,,,7577.0,-1.34859,0.02052,98.9339,3.7166666998942746
,,,,,,7577.0,-1.34859,0.02074,100.0,3.678917899358023
,,,,,,7577.0,-1.34859,0.02074,100.0,3.804980751889593
,,,,,,,,,,
,,,,,,7577.0,0.67336,0.0,0.0,3.7530724434377394
,,,,,,7578.0,0.67522,0.0002,13.2737,3.9476743040285407
,,,,,,7579.0,0.66964,0.0004,26.5131,4.008500097301288
,,,,,,7580.0,0.67708,0.00058,38.6176,3.752505423765161
,,,,,,7581.0,0.67336,0.00078,51.8226,3.7424708620465883
,,,,,,7582.0,0.67894,0.00097,64.8556,3.7742545343613783
,,,,,,7583.0,0.67522,0.00116,76.9257,3.897849912076972
,,,,,,7584.0,0.6715,0.00135,89.7868,3.7808673789398126
,,,,,,7585.0,0.67336,0.0015,100.0,3.7314014213327558
,,,,,,7585.0,0.0,0.0015,100.0,3.843879100228424
,,,,,,7586.0,0.0,0.0015,100.0,3.932030416155244
,,,,,,7587.0,0.0,0.0015,100.0,3.8486008578779
,,,,,,7588.0,0.0,0.0015,100.0,3.867346253619068
,,,,,,7589.0,0.0,0.0015,100.0,3.9903875775605337
,,,,,,7590.0,0.0,0.0015,100.0,3.7295012507632643
,,,,,,7592.0,0.0,0.0015,100.0,3.783333712536589
,,,,,,7593.0,0.0,0.0015,100.0,3.870789603857291
,,,,,,7594.0,0.0,0.0015,100.0,3.894437274657337
,,,,,,7595.0,0.0,0.0015,100.0,3.740958637234791
,,,,,,7596.0,0.0,0.0015,100.0,3.912125903410518
,,,,,,7597.0,0.0,0.0015,100.0,3.754210324136063
,,,,,,7598.0,0.0,0.0015,100.0,3.6447435445797143
,,,,,,7599.0,0.0,0.0015,100.0,3.7449622819684265
,,,,,,7600.0,0.0,0.0015,100.0,3.7616352268561015
,,,,,,7601.0,0.0,0.0015,100.0,3.860862760246778
,,,,,,7601.0,0.0,0.0015,100.0,3.856600087975337
,,,,,,7601.0,0.0,0.0015,100.0,3.864747572861606
,,,,,,,,,,
,,,,,,7601.0,-0.6715,0.0,0.0,3.8038059274795155
,,,,,,7602.0,-0.6715,0.00023,0.5642,3.724299932548717
,,,,,,7603.0,-0.6715,0.00041,0.9961,3.749004287594956
,,,,,,7604.0,-0.6715,0.0006,1.4595,3.774493508173145
,,,,,,7605.0,-0.6715,0.00079,1.9229,3.64580023268893
,,,,,,7606.0,-0.6715,0.00098,2.3863,3.8344931624214196
,,,,,,7607.0,-0.6715,0.00118,2.8825,3.7531738343100516
,,,,,,7609.0,-0.6715,0.00137,3.3459,3.616896527245655
,,,,,,7610.0,-0.6715,0.00156,3.8106,3.8283650645059493
,,,,,,7611.0,-0.6715,0.00175,4.269,3.6987010383647205
,,,,,,7612.0,-0.6715,0.00195,4.7475,3.955098541845748
,,,,,,7613.0,-0.67336,0.00214,5.2197,3.765461176125067
,,,,,,7614.0,-0.6715,0.00233,5.6844,3.782913633930205
,,,,,,7615.0,-0.6715,0.00252,6.1478,3.8706731625841253
,,,,,,7616.0,-0.6715,0.0027,6.5836,3.789855708320404
,,,,,,7617.0,-0.6715,0.00289,7.052,3.8109476215530935
,,,,,,7618.0,-0.6715,0.00308,7.5167,3.6966654809976314
,,,,,,7619.0,-0.6715,0.00327,7.9801,3.8993410564790665
,,,,,,7620.0,-0.6715,0.00346,8.4435,3.7736888601677276
,,,,,,7621.0,-0.6715,0.00366,8.9082,3.840882127423335
,,,,,,7622.0,-0.6715,0.00385,9.3767,3.8362700908701326
,,,,,,7623.0,-0.6715,0.00405,9.8728,3.842286396881705
,,,,,,7624.0,-0.67336,0.00425,10.3501,3.9398468821971537
,,,,,,7625.0,-0.6715,0.00444,10.8148,3.746160419516122
,,,,,,7626.0,-0.6715,0.00463,11.2782,3.8083154303949027
,,,,,,7627.0,-0.67336,0.00482,11.7378,3.6820569496946898
,,,,,,7628.0,-0.67336,0.005,12.1786,3.7020964135309202
,,,,,,7629.0,-0.6715,0.00519,12.6382,3.5781230074261767
,,,,,,7630.0,-0.6715,0.00538,13.1029,3.804905344151943
,,,,,,7631.0,-0.6715,0.00557,13.5701,3.687903964471172
,,,,,,7632.0,-0.6715,0.00576,14.0297,3.643995429929154
,,,,,,7633.0,-0.6715,0.00596,14.5259,3.9036828574260447
,,,,,,7634.0,-0.6715,0.00614,14.9717,3.7109043401546846
,,,,,,7635.0,-0.6715,0.00633,15.4351,3.7513659130141317
,,,,,,7636.0,-0.6715,0.00653,15.9086,3.7306718882987373
,,,,,,7636.0,-0.6715,0.00655,15.964,3.7051966193034733
,,,,,,7636.0,-5.40923,0.00655,15.964,3.4078715262384156
,,,,,,7637.0,-5.40551,0.00823,20.0617,3.839100182517795
,,,,,,7638.0,-5.40551,0.00978,23.832,3.4188944492717446
,,,,,,7639.0,-5.40737,0.01133,27.6011,3.5530557601742028
,,,,,,7640.0,-5.40923,0.01284,31.2983,3.383743709317009
,,,,,,7642.0,-5.40737,0.01443,35.1782,3.632799757165417
,,,,,,7643.0,-5.40551,0.016,38.985,3.5785395193000356
,,,,,,7644.0,-5.40551,0.01754,42.7541,3.647669438107007
,,,,,,7644.0,-5.40737,0.01849,45.0598,3.620456521772362
,,,,,,7644.0,-3.38356,0.01849,45.0598,3.642497112272811
,,,,,,7645.0,-3.37798,0.01943,47.3467,3.6187062002391075
,,,,,,7646.0,-3.37798,0.02046,49.8627,3.626143790176787
,,,,,,7647.0,-3.37798,0.02145,52.2881,3.7343942843589986
,,,,,,7648.0,-3.37798,0.02233,54.4138,3.7191524699096434
,,,,,,7649.0,-3.37612,0.02328,56.7473,3.573997554238643
,,,,,,7650.0,-3.37798,0.02424,59.0795,3.595999111479314
,,,,,,7651.0,-3.37984,0.0252,61.4129,3.6174492713795976
,,,,,,7652.0,-3.37612,0.02615,63.7237,3.578091548519498
,,,,,,7653.0,-3.37798,0.0271,66.0559,3.6860246493148168
,,,,,,7654.0,-3.37798,0.02807,68.412,3.5089949783418275
,,,,,,7655.0,-3.37984,0.02908,70.8828,3.574140402835182
,,,,,,7657.0,-3.37798,0.02999,73.079,3.701218639527761
,,,,,,7658.0,-3.37612,0.03099,75.5257,3.478459088474172
,,,,,,7659.0,-3.37798,0.03197,77.9272,3.6116304314511143
,,,,,,7660.0,-3.37798,0.0329,80.1914,3.6987514161239345
,,,,,,7661.0,-3.37798,0.03386,82.5236,3.564972703958092
,,,,,,7662.0,-3.37426,0.03487,84.9931,3.6354259550557124
,,,,,,7663.0,-3.37612,0.0358,87.2573,3.3219043427059085
,,,,,,7664.0,-3.37984,0.03675,89.5681,3.6035877417442665
,,,,,,7665.0,-3.37612,0.03772,91.9242,3.682210767466624
,,,,,,7666.0,-3.37984,0.03873,94.3962,3.7035675009784503
,,,,,,7667.0,-3.37798,0.03966,96.6616,3.5228646521345413
,,,,,,7668.0,-3.37612,0.04067,99.1311,3.4373302346590293
,,,,,,7668.0,-3.37798,0.04103,100.0,3.5747290434929466
,,,,,,7668.0,-3.37798,0.04103,100.0,3.6761423043720076
,,,,,,,,,,
,,,,,,7668.0,1.35045,0.0,0.0,3.6753691622510902
,,,,,,7669.0,1.34859,0.00037,12.2171,3.648324363613814
,,,,,,7670.0,1.35045,0.00078,25.7955,3.8679733329528068
,,,,,,7671.0,1.34859,0.00117,38.3869,3.8259055339181423
,,,,,,7672.0,1.35231,0.00155,50.9784,3.890522197460272
,,,,,,7673.0,1.34859,0.00195,64.3185,3.865830899572098
,,,,,,7674.0,1.34859,0.00232,76.2974,3.7869804498945796
,,,,,,7675.0,1.35045,0.0027,88.8889,3.9796364855959374
,,,,,,7676.0,1.35045,0.00304,100.0,3.9139491508211823
,,,,,,7676.0,1.35045,0.00304,100.0,3.720429476059629
,,,,,,,,,,
,,,,,,7676.0,-1.35231,0.0,0.0,3.624313960640666
,,,,,,7677.0,-1.34859,0.00041,3.3706,3.9139016896043355
,,,,,,7678.0,-1.35045,0.00075,6.2683,3.7015916002259517
,,,,,,7679.0,-1.35231,0.00114,9.4841,3.5416544248980313
,,,,,,7680.0,-1.35231,0.00152,12.6311,3.8128989060587704
,,,,,,7681.0,-1.35045,0.0019,15.8469,3.638863800719181
,,,,,,7682.0,-1.34859,0.00229,19.0284,3.6342501595800414
,,,,,,7684.0,-1.35045,0.0027,22.4635,3.6791165193627298
,,,,,,7685.0,-1.35045,0.00308,25.6148,3.6444327274261523
,,,,,,7686.0,-1.35417,0.00346,28.8306,3.7890232585973593
,,,,,,7687.0,-1.35045,0.00385,32.0077,3.7761623676734883
,,,,,,7688.0,-1.35045,0.00429,35.6578,3.6925300024780943
,,,,,,7689.0,-1.34859,0.00466,38.779,3.655747906108239
,,,,,,7690.0,-1.34859,0.00504,41.9604,3.669055044669104
,,,,,,7691.0,-1.35045,0.00543,45.2064,3.6169862204787595
,,,,,,7692.0,-1.34859,0.00581,48.3276,3.557916936739309
,,,,,,7693.0,-1.35045,0.00619,51.5434,3.68520452470044
,,,,,,7694.0,-1.35231,0.00655,54.4755,3.691631699887766
,,,,,,7695.0,-1.34859,0.00698,58.0954,3.749170116115001
,,,,,,7696.0,-1.35231,0.00742,61.7154,3.725254549475422
,,,,,,7697.0,-1.35045,0.00781,64.9914,3.681239774499613
,,,,,,7698.0,-1.35045,0.00817,67.988,3.7153560714409943
,,,,,,7699.0,-1.35045,0.00857,71.3242,3.7378476583551636
,,,,,,7700.0,-1.35045,0.00898,74.7592,3.9006723637462106
,,,,,,7701.0,-1.35045,0.00937,77.9407,3.6035084889334694
,,,,,,7702.0,-1.35417,0.00977,81.3113,3.667358398914659
,,,,,,7703.0,-1.35417,0.01016,84.497,3.845031871738674
,,,,,,7704.0,-1.35045,0.01054,87.7085,3.677951626890145
,,,,,,7706.0,-1.34859,0.01095,91.1393,3.689353156589807
,,,,,,7707.0,-1.35045,0.01134,94.325,3.5988774038460623
,,,,,,7708.0,-1.34859,0.01172,97.5022,3.6433376906038974
,,,,,,7708.0,-1.35045,0.01202,100.0,3.7210248739940557
,,,,,,7708.0,-1.35045,0.01202,100.0,3.810529421633466
,,,,,,,,,,
,,,,,,7708.0,2.70461,0.0,0.0,3.783330975420254
,,,,,,7709.0,2.70275,0.00083,13.8241,3.7843002640571486
,,,,,,7710.0,2.70275,0.00154,25.5228,3.919183534328877
,,,,,,7712.0,2.70461,0.00231,38.3613,3.831635454064203
,,,,,,7713.0,2.70461,0.00309,51.1827,3.8562734509083656
,,,,,,7714.0,2.70275,0.00393,65.1354,3.9857360848241705
,,,,,,7715.0,2.70275,0.00472,78.3339,3.902387954713674
,,,,,,7716.0,2.70089,0.00549,91.0353,3.8069883308943053
,,,,,,7716.0,2.69903,0.00603,100.0,3.8666729527982544
,,,,,,7716.0,0.0,0.00603,100.0,3.918080287046149
,,,,,,7717.0,0.0,0.00603,100.0,3.779864112216906
,,,,,,7719.0,0.0,0.00603,100.0,3.801284155443297
,,,,,,7720.0,0.0,0.00603,100.0,3.7368665021188283
,,,,,,7721.0,0.0,0.00603,100.0,3.833076213341275
,,,,,,7722.0,0.0,0.00603,100.0,3.6725379328893317
,,,,,,7723.0,0.0,0.00603,100.0,3.9005097884810223
,,,,,,7724.0,0.0,0.00603,100.0,3.9435846791283913
,,,,,,7725.0,0.0,0.00603,100.0,3.884508971241438
,,,,,,7726.0,0.0,0.00603,100.0,3.686212961634339
,,,,,,7727.0,0.0,0.00603,100.0,3.789705702363192
,,,,,,7728.0,0.0,0.00603,100.0,3.942455517270189
,,,,,,7729.0,0.0,0.00603,100.0,3.8539526675644185
,,,,,,7730.0,0.0,0.00603,100.0,3.7855072153092317
,,,,,,7731.0,0.0,0.00603,100.0,3.837017593056533
,,,,,,7732.0,0.0,0.00603,100.0,3.9884631808374227
,,,,,,7733.0,0.0,0.00603,100.0,3.6116263591413036
,,,,,,7734.0,0.0,0.00603,100.0,3.7380034884462985
,,,,,,7735.0,0.0,0.00603,100.0,3.7556352117865743
,,,,,,7736.0,0.0,0.00603,100.0,3.7308115620908118
,,,,,,7737.0,0.0,0.00603,100.0,3.846442741334887
,,,,,,7738.0,0.0,0.00603,100.0,3.880867448387346
,,,,,,7739.0,0.0,0.00603,100.0,3.765567229896415
,,,,,,7740.0,0.0,0.00603,100.0,3.7017978869560118
,,,,,,7741.0,0.0,0.00603,100.0,3.836431464366329
,,,,,,7742.0,0.0,0.00603,100.0,3.823552614259222
,,,,,,7743.0,0.0,0.00603,100.0,3.824300786088144
,,,,,,7744.0,0.0,0.00603,100.0,3.841074375860253
,,,,,,7745.0,0.0,0.00603,100.0,3.867437625261804
,,,,,,7746.0,0.0,0.00603,100.0,3.7559811428018812
,,,,,,7747.0,0.0,0.00603,100.0,3.7544894674564526
,,,,,,7748.0,0.0,0.00603,100.0,3.9094961825979153
,,,,,,7749.0,0.0,0.00603,100.0,3.814386805931562
,,,,,,7750.0,0.0,0.00603,100.0,3.8182908023465187
,,,,,,7751.0,0.0,0.00603,100.0,3.422693238155575
,,,,,,7752.0,0.0,0.00603,100.0,3.902528416780795
,,,,,,7753.0,0.0,0.00603,100.0,3.778314936062482
,,,,,,7754.0,0.0,0.00603,100.0,3.7126154758438217
,,,,,,7755.0,0.0,0.00603,100.0,3.7532087387523965
,,,,,,7755.0,0.0,0.00603,100.0,3.865697419435291
,,,,,,7755.0,0.0,0.00603,100.0,3.6831707835857497
,,,,,,7756.0,0.0,0.00603,100.0,3.9728442624725124
,,,,,,7757.0,0.0,0.00603,100.0,3.9782314458013004
,,,,,,7758.0,0.0,0.00603,100.0,3.8113052935140703
,,,,,,7760.0,0.0,0.00603,100.0,3.702116750162274
,,,,,,7761.0,0.0,0.00603,100.0,3.8479195068809218
,,,,,,7762.0,0.0,0.00603,100.0,3.963085044440815
,,,,,,7763.0,0.0,0.00603,100.0,3.943926275331612
,,,,,,7764.0,0.0,0.00603,100.0,3.792432591799311
,,,,,,7765.0,0.0,0.00603,100.0,3.824015650452574
,,,,,,7766.0,0.0,0.00603,100.0,3.847086726624842
,,,,,,7767.0,0.0,0.00603,100.0,3.733343981862035
,,,,,,7768.0,0.0,0.00603,100.0,3.9416609292819635
,,,,,,7769.0,0.0,0.00603,100.0,3.717503265647709
,,,,,,7770.0,0.0,0.00603,100.0,3.630276359361322
,,,,,,7771.0,0.0,0.00603,100.0,3.816672816622808
,,,,,,7772.0,0.0,0.00603,100.0,3.7545447810498045
,,,,,,7772.0,0.0,0.00603,100.0,3.873315587818017
,,,,,,7772.0,0.0,0.00603,100.0,3.72792308714828
,,,,,,,,,,
,,,,,,7772.0,-0.6715,0.0,0.0,3.777823690757058
,,,,,,7773.0,-0.6715,0.00019,1.9564,3.730976968181553
,,,,,,7774.0,-0.6715,0.00038,3.9075,3.892931254687457
,,,,,,7776.0,-0.6715,0.00057,5.8587,3.788088958710026
,,,,,,7777.0,-0.67336,0.00076,7.8151,3.847922216626765
,,,,,,7778.0,-0.6715,0.00095,9.7715,3.7040365899195336
,,,,,,7779.0,-0.6715,0.00114,11.7067,3.8013742270582567
,,,,,,7780.0,-0.6715,0.00134,13.7745,3.9289875395473692
,,,,,,7781.0,-0.67336,0.00153,15.7309,3.8905760103265523
,,,,,,7782.0,-0.67336,0.00173,17.7032,3.6094625450589453
,,,,,,7783.0,-0.67336,0.00192,19.6543,3.770779071673752
,,,,,,7784.0,-0.6715,0.00211,21.6107,3.7537838410283557
,,,,,,7785.0,-0.6715,0.00229,23.5406,3.617205564566879
,,,,,,7786.0,-0.6715,0.00248,25.4971,3.611468512889527
,,,,,,7787.0,-0.6715,0.00267,27.4482,3.8158434142583735
,,,,,,7788.0,-0.6715,0.00287,29.4046,3.778686041110605
,,,,,,7789.0,-0.6715,0.00305,31.3398,3.6768906899335625
,,,,,,7790.0,-0.6715,0.00324,33.275,3.6885606683641097
,,,,,,7791.0,-0.6715,0.00343,35.189,3.65532930767041
,,,,,,7792.0,-0.6715,0.00362,37.1401,3.691924545607767
,,,,,,7793.0,-0.6715,0.00381,39.1337,3.6754118302220666
,,,,,,7794.0,-0.6715,0.00398,40.878,3.8602973112532
,,,,,,7795.0,-0.67336,0.00418,42.9086,3.827546729772155
,,,,,,7796.0,-0.6715,0.00437,44.8598,3.7227999351816363
,,,,,,7797.0,-0.6715,0.00457,46.8904,3.847512966295055
,,,,,,7798.0,-0.6715,0.00474,48.6772,3.827042595681805
,,,,,,7799.0,-0.6715,0.00497,50.9941,3.6788531533072124
,,,,,,7800.0,-0.6715,0.00515,52.8127,3.7423664628716815
,,,,,,7800.0,-0.6715,0.00524,53.7882,3.838853849125387
,,,,,,7800.0,-1.35417,0.00524,53.7882,3.740749502433682
,,,,,,7801.0,-1.35045,0.00562,57.7117,3.676063252248501
,,,,,,7803.0,-1.34859,0.00601,61.6351,3.707429250761904
,,,,,,7804.0,-1.35045,0.00639,65.5957,3.7384121501868885
,,,,,,7805.0,-1.35045,0.00677,69.482,3.72212762161335
,,,,,,7806.0,-1.34859,0.00715,73.4054,3.5044313482754785
,,,,,,7807.0,-1.35045,0.00754,77.3289,3.74815750490443
,,,,,,7808.0,-1.35231,0.0079,81.0296,3.5248455208830167
,,,,,,7809.0,-1.35045,0.00834,85.6052,3.641032850037035
,,,,,,7810.0,-1.35045,0.00874,89.6506,3.672233392798903
,,,,,,7811.0,-1.35045,0.00912,93.6112,3.7785233412321753
,,,,,,7812.0,-1.35045,0.00951,97.577,3.6706757995317005
,,,,,,7812.0,-1.34859,0.00975,100.0,3.893269370612755
,,,,,,7812.0,-1.34859,0.00975,100.0,3.683159272634517
,,,,,,,,,,
,,,,,,7812.0,0.68452,0.0,0.0,3.8516328244406077
,,,,,,7814.0,0.67336,0.0002,13.1918,3.9153354816212462
,,,,,,7815.0,0.67336,0.00039,26.314,3.9279214030164855
,,,,,,7816.0,0.67708,0.00058,38.8096,3.6732252891762402
,,,,,,7817.0,0.67708,0.00076,51.4793,3.8487756296967373
,,,,,,7818.0,0.66964,0.00097,65.2976,3.984863973101034
,,,,,,7819.0,0.6715,0.00115,77.2363,3.574714830515276
,,,,,,7820.0,0.67708,0.00134,90.4281,3.8651805583508643
,,,,,,7820.0,0.66964,0.00148,100.0,3.7786153944165046
,,,,,,7820.0,0.0,0.00148,100.0,3.7220583023484144
,,,,,,7822.0,0.0,0.00148,100.0,3.7243155423193928
,,,,,,7823.0,0.0,0.00148,100.0,3.7433364568316336
,,,,,,7824.0,0.0,0.00148,100.0,3.791188192346905
,,,,,,7825.0,0.0,0.00148,100.0,3.7213143761079106
,,,,,,7826.0,0.0,0.00148,100.0,3.745580335892179
,,,,,,7827.0,0.0,0.00148,100.0,3.7517105603771386
,,,,,,7828.0,0.0,0.00148,100.0,3.754438116720024
,,,,,,7829.0,0.0,0.00148,100.0,3.8462044875586656
,,,,,,7830.0,0.0,0.00148,100.0,3.6760775640905976
,,,,,,7831.0,0.0,0.00148,100.0,3.832186369555677
,,,,,,7832.0,0.0,0.00148,100.0,3.7927491208102113
,,,,,,7833.0,0.0,0.00148,100.0,3.684492762810584
,,,,,,7834.0,0.0,0.00148,100.0,3.868520219153643
,,,,,,7835.0,0.0,0.00148,100.0,3.8088311492633244
,,,,,,7836.0,0.0,0.00148,100.0,3.6979856814299463
,,,,,,7836.0,0.0,0.00148,100.0,3.887072754860427
,,,,,,7836.0,0.0,0.00148,100.0,3.774357872819769
,,,,,,,,,,
,,,,,,7836.0,-0.66964,0.0,0.0,3.8828974868206596
,,,,,,7838.0,-0.6715,0.00019,0.9258,3.706963669061698
,,,,,,7839.0,-0.6715,0.00037,1.7869,3.791592476675263
,,,,,,7840.0,-0.6715,0.00058,2.8123,3.7265889439853
,,,,,,7841.0,-0.6715,0.00077,3.7207,3.5403002773211463
,,,,,,7842.0,-0.67336,0.001,4.8082,3.6853977241927973
,,,,,,7843.0,-0.6715,0.00118,5.7067,3.7584969979265717
,,,,,,7844.0,-0.6715,0.00138,6.6599,3.8460165430346605
,,,,,,7845.0,-0.6715,0.00157,7.5683,3.742578234677094
,,,,,,7846.0,-0.6715,0.00175,8.4294,3.816868129141868
,,,,,,7847.0,-0.6715,0.00194,9.3477,3.862641451863154
,,,,,,7848.0,-0.6715,0.00213,10.2636,3.9783819204400195
,,,,,,7849.0,-0.6715,0.00232,11.1819,3.744044010523171
,,,,,,7850.0,-0.6715,0.00251,12.0978,3.633273456542842
,,,,,,7851.0,-0.6715,0.0027,13.0236,3.6384892597229177
,,,,,,7852.0,-0.6715,0.00289,13.9419,3.897703117652657
,,,,,,7853.0,-0.6715,0.0031,14.9399,3.6886695047792193
,,,,,,7854.0,-0.6715,0.00328,15.8035,3.7900986828202528
,,,,,,7855.0,-0.6715,0.00347,16.7193,3.732911291378995
,,,,,,7856.0,-0.67336,0.00366,17.6352,3.657174327225637
,,,,,,7857.0,-0.6715,0.00385,18.5511,3.9165524925404402
,,,,,,7858.0,-0.6715,0.00406,19.559,3.6859232546450253
,,,,,,7859.0,-0.67336,0.00424,20.4151,3.7786272793449296
,,,,,,7860.0,-0.6715,0.00443,21.3509,3.716425531052472
,,,,,,7861.0,-0.6715,0.00466,22.436,3.718068307883715
,,,,,,7862.0,-0.67336,0.00485,23.3444,3.683971238865694
,,,,,,7864.0,-0.67336,0.00504,24.2801,3.880319776214301
,,,,,,7865.0,-0.6715,0.00523,25.2059,3.766563460835835
,,,,,,7866.0,-0.67336,0.00542,26.1243,3.737955273011335
,,,,,,7867.0,-0.6715,0.00561,27.0401,3.5855809849978897
,,,,,,7868.0,-0.6715,0.0058,27.9585,3.649423178322894
,,,,,,7869.0,-0.6715,0.006,28.8843,3.7478892853626116
,,,,,,7870.0,-0.67336,0.00618,29.7827,3.89368290139604
,,,,,,7871.0,-0.67336,0.00637,30.7011,3.7747008740278027
,,,,,,7872.0,-0.6715,0.00657,31.6269,3.7590118014034974
,,,,,,7873.0,-0.6715,0.00676,32.5627,3.808029806581307
,,,,,,7874.0,-0.6715,0.00695,33.4785,3.7273184253162945
,,,,,,7875.0,-0.6715,0.00714,34.3869,3.629041923810663
,,,,,,7876.0,-0.67336,0.00734,35.3301,3.810510129633226
,,,,,,7877.0,-0.67336,0.00752,36.2385,3.8190996915547846
,,,,,,7878.0,-0.67336,0.0077,37.0747,3.8117711394391653
,,,,,,7879.0,-0.6715,0.00789,38.003,3.6502292397349088
,,,,,,7880.0,-0.67336,0.00808,38.9189,3.7219055072407117
,,,,,,7881.0,-0.6715,0.00828,39.8621,3.6506569683226133
,,,,,,7882.0,-0.6715,0.00847,40.7805,3.7258695916385
,,,,,,7883.0,-0.6715,0.00866,41.7063,3.7579423302189183
,,,,,,7884.0,-0.6715,0.00885,42.6246,3.7946495970763685
,,,,,,7885.0,-0.6715,0.00904,43.5405,3.7643296887602777
,,,,,,7886.0,-0.6715,0.00923,44.4389,3.832038414209672
,,,,,,7887.0,-0.6715,0.00942,45.3846,3.82824429404261
,,,,,,7888.0,-0.6715,0.00961,46.293,3.6126726285950763
,,,,,,7889.0,-0.67336,0.0098,47.2089,3.5201302028188617
,,,,,,7890.0,-0.6715,0.00999,48.1272,3.703584998062012
,,,,,,7891.0,-0.67336,0.01018,49.0456,3.6907147631726986
,,,,,,7892.0,-0.6715,0.01037,49.9639,3.6520415217394024
,,,,,,7893.0,-0.6715,0.01056,50.8723,3.8473193249163367
,,,,,,7894.0,-0.67336,0.01076,51.8504,3.7145199990606868
,,,,,,7895.0,-0.6715,0.01095,52.7314,3.6952884314311434
,,,,,,7896.0,-0.6715,0.01116,53.7567,3.6614445904268367
,,,,,,7897.0,-0.6715,0.01136,54.7,3.6876139604067277
,,,,,,7898.0,-0.6715,0.01155,55.6084,3.8846973654652786
,,,,,,7899.0,-0.6715,0.01174,56.5342,3.7067166628043373
,,,,,,7900.0,-0.6715,0.01193,57.4525,3.766435050360485
,,,,,,7901.0,-0.6715,0.01212,58.3958,3.684821545551274
,,,,,,7902.0,-0.67336,0.0123,59.2593,3.742269771561302
,,,,,,7904.0,-0.67336,0.01251,60.2673,3.857560373041782
,,,,,,7905.0,-0.67336,0.0127,61.1831,3.6871251977115014
,,,,,,7906.0,-0.6715,0.01289,62.0915,3.811046516445111
,,,,,,7907.0,-0.6715,0.01308,63.0099,3.86455102733955
,,,,,,7908.0,-0.6715,0.01327,63.9257,3.987907752510332
,,,,,,7909.0,-0.6715,0.01346,64.8441,3.867166294457988
,,,,,,7910.0,-0.67336,0.01365,65.7525,3.653850032686094
,,,,,,7911.0,-0.67336,0.01384,66.6509,3.6353111157244404
,,,,,,7912.0,-0.67336,0.01403,67.5593,3.82265530761075
,,,,,,7913.0,-0.6715,0.01422,68.4851,3.734563160678464
,,,,,,7914.0,-0.6715,0.01441,69.401,4.0084789324216175
,,,,,,7915.0,-0.67336,0.0146,70.3193,3.7744370252200437
,,,,,,7916.0,-0.6715,0.01477,71.163,3.663649428589187
,,,,,,7917.0,-0.67336,0.01499,72.2083,3.8339261997272995
,,,,,,7918.0,-0.6715,0.01517,73.0619,3.702953102310439
,,,,,,7919.0,-0.67336,0.01537,74.025,3.7173514273036528
,,,,,,7920.0,-0.67336,0.01558,75.023,3.9400368508389945
,,,,,,7921.0,-0.67336,0.01576,75.8966,3.9487331192946162
,,,,,,7922.0,-0.67336,0.01598,76.9767,3.8324803115726755
,,,,,,7923.0,-0.6715,0.01616,77.8477,3.7592581085863768
,,,,,,7924.0,-0.6715,0.01624,78.1986,3.794209614744095
,,,,,,7924.0,-1.34859,0.01624,78.1986,3.7119704334077666
,,,,,,7925.0,-1.35045,0.01664,80.1672,3.6768688857772482
,,,,,,7926.0,-1.35231,0.01703,82.0089,3.6505122604216034
,,,,,,7927.0,-1.34859,0.01741,83.868,3.583198801290896
,,,,,,7928.0,-1.35417,0.0178,85.7122,3.818052410470978
,,,,,,7929.0,-1.35045,0.01818,87.5563,3.8450310620043178
,,,,,,7930.0,-1.34859,0.01856,89.3805,3.8861491801476604
,,,,,,7931.0,-1.35045,0.01894,91.2396,3.697687242890511
,,,,,,7932.0,-1.35045,0.01931,93.0116,3.820188407874631
,,,,,,7933.0,-1.34859,0.0197,94.9056,3.676521140087422
,,,,,,7934.0,-1.34859,0.02009,96.7497,3.7169673120261533
,,,,,,7935.0,-1.35045,0.02046,98.5715,3.8548135521742295
,,,,,,7936.0,-1.34859,0.02076,100.0,3.687542813560776
,,,,,,7936.0,-1.34859,0.02076,100.0,3.855131060482827
,,,,,,,,,,
,,,,,,7936.0,0.66964,0.0,0.0,3.7644398231419767
,,,,,,7937.0,0.66964,0.00019,12.5217,3.7936072969981147
,,,,,,7938.0,0.66778,0.00038,25.3217,3.793441236555297
,,,,,,7939.0,0.6715,0.00058,39.0609,3.7749822457858513
,,,,,,7940.0,0.67522,0.00076,51.1304,3.6958926702734214
,,,,,,7941.0,0.67522,0.00095,63.9652,3.800189069085174
,,,,,,7942.0,0.6715,0.00114,76.9391,3.9510748056928238
,,,,,,7943.0,0.66964,0.00134,90.1565,3.9460971390100803
,,,,,,7944.0,0.66406,0.00149,100.0,3.671152699451703
,,,,,,7944.0,0.0,0.00149,100.0,3.809667605052616
,,,,,,7945.0,0.0,0.00149,100.0,3.8547037549305836
,,,,,,7946.0,0.0,0.00149,100.0,3.979845477844494
,,,,,,7947.0,0.0,0.00149,100.0,3.691262050648058
,,,,,,7948.0,0.0,0.00149,100.0,3.624788404574665
,,,,,,7949.0,0.0,0.00149,100.0,3.8370837333822134
,,,,,,7950.0,0.0,0.00149,100.0,3.7728779194932796
,,,,,,7951.0,0.0,0.00149,100.0,3.784081923791658
,,,,,,7952.0,0.0,0.00149,100.0,3.6470179598573247
,,,,,,7953.0,0.0,0.00149,100.0,3.8758909520997937
,,,,,,7954.0,0.0,0.00149,100.0,3.6873388997294025
,,,,,,7955.0,0.0,0.00149,100.0,3.847506395706391
,,,,,,7956.0,0.0,0.00149,100.0,3.9001020601520437
,,,,,,7957.0,0.0,0.00149,100.0,3.874236222224061
,,,,,,7958.0,0.0,0.00149,100.0,3.7794392263543206
,,,,,,7959.0,0.0,0.00149,100.0,3.6802999347635756
,,,,,,7960.0,0.0,0.00149,100.0,4.123185219237595
,,,,,,7960.0,0.0,0.00149,100.0,3.694882860370032
,,,,,,,,,,
,,,,,,7960.0,-0.6715,0.0,0.0,3.6439614487944225
,,,,,,7961.0,-0.6715,0.00022,0.5308,3.826293986644144
,,,,,,7962.0,-0.6715,0.00041,0.9949,3.8207139815745332
,,,,,,7963.0,-0.6715,0.0006,1.4527,3.7023781899898034
,,,,,,7964.0,-0.6715,0.00079,1.9294,3.7039698627060202
,,,,,,7965.0,-0.67336,0.00097,2.362,3.780124381958532
,,,,,,7966.0,-0.6715,0.00117,2.8475,3.75704671813008
,,,,,,7967.0,-0.6715,0.00136,3.3104,3.8167944715981497
,,,,,,7968.0,-0.6715,0.00156,3.7921,3.72522223736287
,,,,,,7969.0,-0.6715,0.00174,4.2474,3.6607642313759032
,,,,,,7970.0,-0.6715,0.00193,4.7052,3.655191556643253
,,,,,,7971.0,-0.6715,0.00213,5.1743,3.8638245713894395
,,,,,,7972.0,-0.6715,0.00231,5.6334,3.6642201577356026
,,,,,,7973.0,-0.6715,0.0025,6.0962,3.713047784200278
,,,,,,7974.0,-0.6715,0.0027,6.578,3.829599625049472
,,,,,,7975.0,-0.67336,0.0029,7.0509,3.738366313765647
,,,,,,7976.0,-0.67336,0.00309,7.515,3.57370292304373
,,,,,,7977.0,-0.6715,0.00328,7.9778,3.852195648920652
,,,,,,7978.0,-0.6715,0.00347,8.4407,3.7619332164768515
,,,,,,7979.0,-0.6715,0.00366,8.9048,3.5556007405734023
,,,,,,7980.0,-0.6715,0.00385,9.3726,3.735520068956091
,,,,,,7981.0,-0.6715,0.00403,9.8179,3.9442055274286227
,,,,,,7982.0,-0.6715,0.00423,10.2858,3.647602555444652
,,,,,,7983.0,-0.6715,0.00442,10.7499,3.7567777212227527
,,,,,,7984.0,-0.67336,0.00462,11.2542,3.641375361870664
,,,,,,7985.0,-0.6715,0.0048,11.6818,3.5376052299412897
,,,,,,7986.0,-0.6715,0.00499,12.1447,3.856846697467443
,,,,,,7987.0,-0.6715,0.00518,12.6126,3.7724708757355434
,,,,,,7988.0,-0.6715,0.00537,13.0716,3.8282068307130435
,,,,,,7989.0,-0.67336,0.00556,13.5395,3.909490948192855
,,,,,,7990.0,-0.67336,0.00576,14.0313,3.628012449924511
,,,,,,7991.0,-0.67336,0.00595,14.4904,3.642066018759633
,,,,,,7992.0,-0.67336,0.00614,14.9532,3.8840451951407653
,,,,,,7994.0,-0.6715,0.00634,15.4223,3.7721535695738706
,,,,,,7995.0,-0.6715,0.00653,15.8902,3.899554250983
,,,,,,7995.0,-0.6715,0.00653,15.8902,3.800465635360096
,,,,,,7995.0,-5.39807,0.00653,15.8902,3.579332112852322
,,,,,,7996.0,-5.40365,0.00801,19.5087,3.6484681344619836
,,,,,,7997.0,-5.40737,0.00953,23.2002,3.6218781511965634
,,,,,,7998.0,-5.40737,0.01105,26.8916,3.5560056631039245
,,,,,,7999.0,-5.40365,0.01261,30.695,3.507156447642738
,,,,,,8000.0,-5.40737,0.01414,34.4242,3.4857555121417176
,,,,,,8001.0,-5.40551,0.01566,38.1157,3.5104458836301022
,,,,,,8002.0,-5.40737,0.01721,41.8813,3.482843628461082
,,,,,,8003.0,-5.40551,0.01854,45.1338,3.662019025687653
,,,,,,8003.0,-3.38542,0.01854,45.1338,3.6339691891671246
,,,,,,8004.0,-3.37984,0.01956,47.6229,3.329153425419441
,,,,,,8005.0,-3.37798,0.02051,49.9308,3.6695424146091677
,,,,,,8006.0,-3.37798,0.02138,52.0325,3.645930721340176
,,,,,,8007.0,-3.37984,0.02237,54.4536,3.3733863540658775
,,,,,,8008.0,-3.37612,0.02333,56.7842,3.574900638448978
,,,,,,8009.0,-3.3817,0.02428,59.1136,3.6408336879635668
,,,,,,8010.0,-3.37426,0.02524,61.4441,3.7417278829629206
,,,,,,8011.0,-3.37984,0.02622,63.8187,3.620514049500645
,,,,,,8012.0,-3.37798,0.02718,66.172,3.6844252511431157
,,,,,,8013.0,-3.37984,0.02814,68.5013,3.61127748032613
,,,,,,8014.0,-3.37984,0.02914,70.9224,3.5938649220135694
,,,,,,8015.0,-3.37612,0.03007,73.1838,3.4476565539989004
,,,,,,8016.0,-3.37798,0.03108,75.6515,3.5135183092676243
,,,,,,8017.0,-3.37798,0.03205,78.0035,3.614865356646158
,,,,,,8018.0,-3.37984,0.033,80.3341,3.684261204656861
,,,,,,8019.0,-3.37426,0.03388,82.4584,3.4985186695850987
,,,,,,8020.0,-3.37612,0.03493,85.0153,3.6613074015506215
,,,,,,8021.0,-3.37984,0.03588,87.3447,3.4345748172848167
,,,,,,8022.0,-3.37984,0.03684,89.6753,3.629569323066131
,,,,,,8023.0,-3.37612,0.0379,92.2574,3.6859696500618218
,,,,,,8024.0,-3.37798,0.03896,94.8383,3.5709718011017912
,,,,,,8025.0,-3.37984,0.03988,97.077,3.67821156203097
,,,,,,8026.0,-3.37798,0.04085,99.429,3.571650232216686
,,,,,,8027.0,-3.37612,0.04108,100.0,3.585513064630933
,,,,,,8027.0,-3.37612,0.04108,100.0,3.692007346429534
,,,,,,,,,,
,,,,,,8027.0,1.34673,0.0,0.0,3.978398240900072
,,,,,,8028.0,1.35045,0.0004,13.339,3.7504261888072463
,,,,,,8029.0,1.34859,0.00076,25.1067,3.901389273670983
,,,,,,8030.0,1.34673,0.00114,37.6089,3.8127499230445974
,,,,,,8031.0,1.34859,0.00153,50.6063,3.684477578242621
,,,,,,8032.0,1.34673,0.00192,63.6038,3.720228211810465
,,,,,,8033.0,1.34487,0.00231,76.2425,3.847491184675609
,,,,,,8034.0,1.34673,0.00269,88.8471,3.945580456970087
,,,,,,8035.0,1.34673,0.00303,100.0,3.8021725383946854
,,,,,,8035.0,1.34673,0.00303,100.0,3.7600815683184288
,,,,,,,,,,
,,,,,,8035.0,-1.35231,0.0,0.0,3.720980990975572
,,,,,,8036.0,-1.35045,0.00039,3.2366,3.6966008343388492
,,,,,,8037.0,-1.35231,0.00077,6.4131,3.7414113740631008
,,,,,,8038.0,-1.34859,0.00115,9.5939,3.6550464386502806
,,,,,,8039.0,-1.34859,0.00154,12.7704,3.7550699281102786
,,,,,,8040.0,-1.34859,0.00194,16.1315,3.782299276856694
,,,,,,8041.0,-1.35045,0.0023,19.0934,3.6616312481331597
,,,,,,8042.0,-1.34859,0.00268,22.2699,3.7483503490669565
,,,,,,8043.0,-1.35231,0.00306,25.4207,3.70758406487634
,,,,,,8044.0,-1.34859,0.00346,28.7517,3.6812248587606904
,,,,,,8045.0,-1.35045,0.00384,31.9282,3.700167115561342
,,,,,,8046.0,-1.34859,0.00425,35.2936,3.8529332696354657
,,,,,,8047.0,-1.35045,0.00463,38.5002,3.785542742567031
,,,,,,8048.0,-1.35231,0.00499,41.4921,3.510950287883701
,,,,,,8049.0,-1.34859,0.00541,44.9519,3.776665049407894
,,,,,,8050.0,-1.35045,0.0058,48.1585,3.7184132404199595
,,,,,,8051.0,-1.35045,0.00618,51.3693,3.808837518340963
,,,,,,8052.0,-1.35231,0.00656,54.4857,3.6566254973078727
,,,,,,8053.0,-1.34673,0.00696,57.8511,3.6650797602911562
,,,,,,8054.0,-1.34859,0.00735,61.0276,3.6535714983712797
,,,,,,8055.0,-1.35045,0.00773,64.2042,3.801051252291819
,,,,,,8056.0,-1.35045,0.0081,67.3206,3.598216694622983
,,,,,,8057.0,-1.34859,0.0085,70.6516,3.7938786440524845
,,,,,,8058.0,-1.34859,0.00888,73.7337,3.6377388673504183
,,,,,,8059.0,-1.35045,0.00929,77.1635,3.739946975082445
,,,,,,8060.0,-1.34859,0.00966,80.2455,3.6068819981779687
,,,,,,8061.0,-1.35231,0.01004,83.422,3.585741093077256
,,,,,,8063.0,-1.35231,0.01043,86.6329,3.708566135573613
,,,,,,8064.0,-1.35045,0.01083,89.9639,3.5745870527758967
,,,,,,8065.0,-1.34859,0.01121,93.1447,3.7980126776201306
,,,,,,8066.0,-1.35045,0.01162,96.5702,3.7020301787133216
,,,,,,8067.0,-1.35231,0.01204,100.0,3.702538624137943
,,,,,,8067.0,-1.35231,0.01204,100.0,3.6966833868999953
,,,,,,,,,,
,,,,,,8067.0,2.69717,0.0,0.0,3.947732828776463
,,,,,,8068.0,2.70461,0.00079,13.1163,3.743678544094753
,,,,,,8069.0,2.69903,0.00156,25.9749,3.890832938052464
,,,,,,8070.0,2.70275,0.00234,38.9538,3.8053774654105856
,,,,,,8071.0,2.70275,0.00326,54.1831,4.0320253952247915
,,,,,,8072.0,2.70461,0.004,66.5436,3.814502159592206
,,,,,,8073.0,2.70461,0.00477,79.2733,3.9023114041630556
,,,,,,8074.0,2.70275,0.00553,92.0117,3.818431053058579
,,,,,,8075.0,2.70461,0.00602,100.0,3.958797352717997
,,,,,,8075.0,0.0,0.00602,100.0,3.8718412702060747
,,,,,,8076.0,0.0,0.00602,100.0,3.745137422013432
,,,,,,8077.0,0.0,0.00602,100.0,3.702364865972836
,,,,,,8078.0,0.0,0.00602,100.0,3.7809947669615975
,,,,,,8079.0,0.0,0.00602,100.0,3.6796866102600942
,,,,,,8080.0,0.0,0.00602,100.0,3.7012532551022423
,,,,,,8081.0,0.0,0.00602,100.0,3.9460292016041705
,,,,,,8082.0,0.0,0.00602,100.0,3.802344442207958
,,,,,,8083.0,0.0,0.00602,100.0,3.6921876763076744
,,,,,,8084.0,0.0,0.00602,100.0,3.7768078570113435
,,,,,,8085.0,0.0,0.00602,100.0,3.903576584941696
,,,,,,8086.0,0.0,0.00602,100.0,3.6965446791515553
,,,,,,8087.0,0.0,0.00602,100.0,3.7757419285643095
,,,,,,8088.0,0.0,0.00602,100.0,3.81737939430053
,,,,,,8089.0,0.0,0.00602,100.0,3.8623601894415165
,,,,,,8090.0,0.0,0.00602,100.0,3.767508503919669
,,,,,,8091.0,0.0,0.00602,100.0,3.7086948150073584
,,,,,,8092.0,0.0,0.00602,100.0,3.9119460062131095
,,,,,,8093.0,0.0,0.00602,100.0,3.691009994985262
,,,,,,8094.0,0.0,0.00602,100.0,3.925907393443559
,,,,,,8095.0,0.0,0.00602,100.0,3.908397872940726
,,,,,,8096.0,0.0,0.00602,100.0,3.916296726682502
,,,,,,8097.0,0.0,0.00602,100.0,3.571775216726804
,,,,,,8098.0,0.0,0.00602,100.0,3.7868607713605082
,,,,,,8099.0,0.0,0.00602,100.0,3.844707370305776
,,,,,,8100.0,0.0,0.00602,100.0,3.626702734166778
,,,,,,8101.0,0.0,0.00602,100.0,3.9617942509511708
,,,,,,8102.0,0.0,0.00602,100.0,3.6090253532131276
,,,,,,8103.0,0.0,0.00602,100.0,3.6452248297167045
,,,,,,8104.0,0.0,0.00602,100.0,3.7808746793744272
,,,,,,8105.0,0.0,0.00602,100.0,3.7934505135387218
,,,,,,8106.0,0.0,0.00602,100.0,3.9153266357805876
,,,,,,8108.0,0.0,0.00602,100.0,4.012325139018109
,,,,,,8109.0,0.0,0.00602,100.0,3.729305242754428
,,,,,,8110.0,0.0,0.00602,100.0,3.833344929983659
,,,,,,8111.0,0.0,0.00602,100.0,3.6279212912722305
,,,,,,8112.0,0.0,0.00602,100.0,3.7962810610294295
,,,,,,8113.0,0.0,0.00602,100.0,3.798627492622174
,,,,,,8114.0,0.0,0.00602,100.0,3.789265159078706
,,,,,,8115.0,0.0,0.00602,100.0,3.921942488409862
,,,,,,8116.0,0.0,0.00602,100.0,3.7830111961420307
,,,,,,8117.0,0.0,0.00602,100.0,3.8730444321953836
,,,,,,8118.0,0.0,0.00602,100.0,3.838098722391763
,,,,,,8119.0,0.0,0.00602,100.0,3.758972832323155
,,,,,,8120.0,0.0,0.00602,100.0,3.654455903304641
,,,,,,8121.0,0.0,0.00602,100.0,3.6112347653906376
,,,,,,8122.0,0.0,0.00602,100.0,3.6942303323396315
,,,,,,8123.0,0.0,0.00602,100.0,3.823766090855938
,,,,,,8124.0,0.0,0.00602,100.0,3.7917081172427802
,,,,,,8125.0,0.0,0.00602,100.0,3.85344980655046
,,,,,,8126.0,0.0,0.00602,100.0,3.754044706693507
,,,,,,8127.0,0.0,0.00602,100.0,3.723979643236112
,,,,,,8128.0,0.0,0.00602,100.0,3.693750825457446
,,,,,,8129.0,0.0,0.00602,100.0,3.7528798683728395
,,,,,,8130.0,0.0,0.00602,100.0,3.7448510405836797
,,,,,,8130.0,0.0,0.00602,100.0,3.6453125365879084
,,,,,,,,,,
,,,,,,8130.0,-0.67336,0.0,0.0,3.7845772866176066
,,,,,,8131.0,-0.6715,0.00019,1.9836,3.6135626939795973
,,,,,,8132.0,-0.6715,0.00039,4.0307,3.6428016618745356
,,,,,,8133.0,-0.67336,0.00058,5.9773,3.5396467692079514
,,,,,,8134.0,-0.6715,0.00077,7.9291,3.7764877935740215
,,,,,,8135.0,-0.6715,0.00097,9.8969,3.945047874098871
,,,,,,8136.0,-0.6715,0.00116,11.9228,3.5853226729535272
,,,,,,8137.0,-0.67336,0.00135,13.8323,3.719333299097164
,,,,,,8138.0,-0.6715,0.00155,15.8371,3.8797165172816093
,,,,,,8139.0,-0.6715,0.00172,17.5985,3.801110385361172
,,,,,,8140.0,-0.67336,0.00192,19.6615,3.863159679981872
,,,,,,8141.0,-0.6715,0.00212,21.6662,3.888085253551711
,,,,,,8142.0,-0.6715,0.00231,23.6974,3.7015428759827986
,,,,,,8143.0,-0.6715,0.00251,25.7234,3.6924592573738244
,,,,,,8144.0,-0.6715,0.00271,27.7281,3.860731757617652
,,,,,,8145.0,-0.6715,0.0029,29.68,3.7202218516180605
,,,,,,8146.0,-0.6715,0.00309,31.6107,3.7139523989039502
,,,,,,8147.0,-0.6715,0.00329,33.6736,3.727311081037737
,,,,,,8149.0,-0.6715,0.00355,36.3713,4.091027097286527
,,,,,,8150.0,-0.6715,0.00377,38.5877,3.5677976637538693
,,,,,,8151.0,-0.67336,0.00396,40.5025,3.829740595346869
,,,,,,8152.0,-0.6715,0.00414,42.3909,3.9676838645348282
,,,,,,8153.0,-0.6715,0.00433,44.3004,3.7088639497339466
,,,,,,8154.0,-0.6715,0.00452,46.2682,3.9431519304384675
,,,,,,8155.0,-0.6715,0.00473,48.4687,3.598290153436119
,,,,,,8156.0,-0.67336,0.00492,50.3623,3.8670276389120395
,,,,,,8157.0,-0.67336,0.00512,52.3883,3.640088052012515
,,,,,,8158.0,-0.6715,0.00526,53.8217,3.6414948282045314
,,,,,,8158.0,-1.35231,0.00526,53.8217,3.621534327812873
,,,,,,8159.0,-1.35045,0.00561,57.4292,3.5470568282110904
,,,,,,8160.0,-1.35045,0.006,61.3806,3.6340570038379783
,,,,,,8161.0,-1.35045,0.00638,65.3002,3.8313590748785025
,,,,,,8162.0,-1.35045,0.00676,69.2145,3.5887594831410814
,,,,,,8163.0,-1.35045,0.00714,73.0918,3.705699150073991
,,,,,,8164.0,-1.35045,0.00753,77.0484,3.677442455164899
,,,,,,8165.0,-1.35045,0.00791,80.9627,3.6900583216496163
,,,,,,8166.0,-1.34859,0.00832,85.2208,3.7622435869884545
,,,,,,8167.0,-1.35045,0.00871,89.1775,3.626411934587582
,,,,,,8168.0,-1.35231,0.0091,93.1288,3.7475642243505565
,,,,,,8169.0,-1.35231,0.00948,97.0484,3.756935595532683
,,,,,,8170.0,-1.35045,0.00977,100.0,3.724212952312257
,,,,,,8170.0,-1.35045,0.00977,100.0,3.6392780006537144
,,,,,,,,,,
,,,,,,8170.0,0.6715,0.0,0.0,3.858095433638768
,,,,,,8171.0,0.67708,0.00019,13.0284,3.6691030250382624
,,,,,,8172.0,0.6715,0.00039,25.9182,3.8172832502210006
,,,,,,8173.0,0.67522,0.00058,38.8773,3.8204535814176546
,,,,,,8174.0,0.67336,0.00078,52.0097,3.803581839508642
,,,,,,8175.0,0.66964,0.00096,64.1719,3.675057446007549
,,,,,,8176.0,0.66964,0.00115,77.4428,3.683427007555605
,,,,,,8177.0,0.6715,0.00136,90.9563,3.84783894699291
,,,,,,8178.0,0.67522,0.00149,100.0,3.7995644286866046
,,,,,,8178.0,0.0,0.00149,100.0,3.792926440151491
,,,,,,8179.0,0.0,0.00149,100.0,3.627577472619079
,,,,,,8180.0,0.0,0.00149,100.0,3.644242777757368
,,,,,,8181.0,0.0,0.00149,100.0,3.808382234211908
,,,,,,8182.0,0.0,0.00149,100.0,3.7475959568397794
,,,,,,8183.0,0.0,0.00149,100.0,3.886760732523704
,,,,,,8184.0,0.0,0.00149,100.0,3.824978630649435
,,,,,,8185.0,0.0,0.00149,100.0,3.9091229868766018
,,,,,,8186.0,0.0,0.00149,100.0,3.8289646351509656
,,,,,,8187.0,0.0,0.00149,100.0,3.8532861830220426
,,,,,,8188.0,0.0,0.00149,100.0,3.72689965982583
,,,,,,8189.0,0.0,0.00149,100.0,3.9926811906459236
,,,,,,8191.0,0.0,0.00149,100.0,3.5588063271502026
,,,,,,8192.0,0.0,0.00149,100.0,3.809869339473582
,,,,,,8193.0,0.0,0.00149,100.0,3.724040335838298
,,,,,,8194.0,0.0,0.00149,100.0,3.698136297645656
,,,,,,8194.0,0.0,0.00149,100.0,3.5696780817329197
,,,,,,8194.0,0.0,0.00149,100.0,3.84885209411121
,,,,,,,,,,
,,,,,,8194.0,-0.6715,0.0,0.0,3.6039535351464984
,,,,,,8195.0,-0.6715,0.00019,0.926,3.788680179524179
,,,,,,8196.0,-0.67336,0.00041,1.9765,3.7495166744536466
,,,,,,8197.0,-0.6715,0.00059,2.8502,3.6810562399025177
,,,,,,8198.0,-0.6715,0.0008,3.831,3.7259514905586992
,,,,,,8199.0,-0.6715,0.00097,4.6849,3.857413720039783
,,,,,,8200.0,-0.6715,0.00117,5.6457,3.8953496766249613
,,,,,,8201.0,-0.67336,0.00135,6.5095,3.706279516713622
,,,,,,8202.0,-0.6715,0.00156,7.5002,3.8768835045234478
,,,,,,8203.0,-0.6715,0.00173,8.3441,3.830502981845813
,,,,,,8204.0,-0.6715,0.00194,9.3349,3.8499873045500568
,,,,,,8205.0,-0.6715,0.00213,10.2509,3.8527560308251223
,,,,,,8206.0,-0.6715,0.00232,11.1595,3.6611792876775033
,,,,,,8207.0,-0.6715,0.00251,12.0756,3.7333907458576796
,,,,,,8208.0,-0.6715,0.0027,12.9941,3.7458702404929207
,,,,,,8209.0,-0.6715,0.00289,13.9127,3.8316382952505417
,,,,,,8211.0,-0.6715,0.00308,14.8387,3.6866213543477597
,,,,,,8212.0,-0.6715,0.00326,15.6851,3.7107752221309664
,,,,,,8213.0,-0.6715,0.00345,16.6011,3.798565422418095
,,,,,,8214.0,-0.67336,0.00364,17.5271,3.875123279866146
,,,,,,8215.0,-0.6715,0.00383,18.4357,3.698260551045773
,,,,,,8216.0,-0.6715,0.00402,19.3617,3.944403104210146
,,,,,,8217.0,-0.6715,0.00424,20.4421,3.772272353875739
,,,,,,8218.0,-0.67336,0.00444,21.388,3.7824142287862683
,,,,,,8219.0,-0.6715,0.00463,22.3041,3.6655860401374087
,,,,,,8220.0,-0.6715,0.00481,23.1505,3.716995011732196
,,,,,,8221.0,-0.6715,0.005,24.1039,3.639200398444211
,,,,,,8222.0,-0.6715,0.0052,25.0299,3.657943973481201
,,,,,,8223.0,-0.6715,0.00539,25.9459,3.8698888455315434
,,,,,,8224.0,-0.67336,0.00558,26.8645,3.7797171901409072
,,,,,,8225.0,-0.67336,0.00576,27.7731,3.603705663708121
,,,,,,8226.0,-0.6715,0.00596,28.6916,3.5997809127090488
,,,,,,8227.0,-0.67336,0.00615,29.6102,3.5366258824175176
,,,,,,8228.0,-0.67336,0.00634,30.5262,3.755675215319354
,,,,,,8229.0,-0.67336,0.00653,31.4448,3.7781002270037067
,,,,,,8230.0,-0.67336,0.00672,32.3633,3.7203466702341075
,,,,,,8231.0,-0.6715,0.00691,33.2819,3.8697468135890065
,,,,,,8232.0,-0.67336,0.0071,34.2079,3.7880814344532157
,,,,,,8233.0,-0.6715,0.00729,35.1339,3.760952457875005
,,,,,,8234.0,-0.67336,0.00748,36.05,3.6440990595509994
,,,,,,8235.0,-0.67336,0.00768,36.976,3.831028468242808
,,,,,,8236.0,-0.6715,0.00786,37.8597,3.6662341035693626
,,,,,,8237.0,-0.6715,0.00805,38.7583,3.9500654142027725
,,,,,,8238.0,-0.67336,0.00824,39.6868,3.777714148251983
,,,,,,8239.0,-0.67336,0.00843,40.6203,3.9572842755043856
,,,,,,8240.0,-0.6715,0.00862,41.5488,3.796277217113583
,,,,,,8241.0,-0.67336,0.00881,42.4574,3.734765017552833
,,,,,,8242.0,-0.6715,0.009,43.376,3.7015390043815577
,,,,,,8243.0,-0.6715,0.00919,44.292,3.795370388658314
,,,,,,8244.0,-0.6715,0.0094,45.2654,3.7111833003702572
,,,,,,8245.0,-0.67336,0.00959,46.2088,3.6298290516088403
,,,,,,8246.0,-0.6715,0.00978,47.1273,3.754869316061141
,,,,,,8247.0,-0.67336,0.00997,48.0434,3.744814512050526
,,,,,,8248.0,-0.6715,0.01016,48.962,3.976600169667706
,,,,,,8249.0,-0.6715,0.01035,49.8805,3.685348996049196
,,,,,,8250.0,-0.6715,0.01054,50.7966,3.6936114134290956
,,,,,,8252.0,-0.6715,0.01074,51.74,3.7302570306556007
,,,,,,8253.0,-0.6715,0.01094,52.6934,3.658334309406147
,,,,,,8254.0,-0.6715,0.01112,53.5572,3.692769498835982
,,,,,,8255.0,-0.6715,0.0113,54.4384,3.7761144983403976
,,,,,,8256.0,-0.6715,0.01151,55.4466,3.69175105157389
,,,,,,8257.0,-0.6715,0.0117,56.3626,3.655646793221768
,,,,,,8258.0,-0.67336,0.01189,57.2712,3.55409707748671
,,,,,,8259.0,-0.67336,0.01206,58.1176,3.7251997295380477
,,,,,,8260.0,-0.67336,0.01228,59.1507,3.757697337900562
,,,,,,8261.0,-0.6715,0.01245,59.997,3.8532997841005296
,,,,,,8262.0,-0.6715,0.01264,60.9156,3.474991527137178
,,,,,,8263.0,-0.67336,0.01283,61.8316,3.6999786888841184
,,,,,,8264.0,-0.6715,0.01302,62.7402,3.8105065097111446
,,,,,,8265.0,-0.6715,0.01321,63.6588,3.7178101546366307
,,,,,,8266.0,-0.67336,0.0134,64.5773,3.7520864107481358
,,,,,,8267.0,-0.6715,0.01359,65.4959,3.5466864539604037
,,,,,,8268.0,-0.67336,0.01379,66.4119,3.568605122852172
,,,,,,8269.0,-0.6715,0.01397,67.3031,3.684762701347279
,,,,,,8270.0,-0.67336,0.01418,68.2938,3.6402259988011227
,,,,,,8271.0,-0.6715,0.01437,69.2199,3.6981237807741545
,,,,,,8272.0,-0.6715,0.01457,70.2006,3.8687644526421954
,,,,,,8273.0,-0.6715,0.01476,71.1267,3.6844864852096513
,,,,,,8274.0,-0.6715,0.01495,72.0253,3.724671861151227
,,,,,,8275.0,-0.6715,0.01513,72.8891,3.752144083769444
,,,,,,8276.0,-0.67336,0.01532,73.7977,3.644711490296
,,,,,,8277.0,-0.6715,0.01551,74.7411,3.785604277897419
,,,,,,8278.0,-0.6715,0.0157,75.6597,3.7035532425992344
,,,,,,8279.0,-0.67336,0.0159,76.5882,3.834478401507012
,,,,,,8280.0,-0.67336,0.01611,77.6138,3.645351304477044
,,,,,,8281.0,-0.67336,0.01625,78.2684,3.7172544208738487
,,,,,,8281.0,-1.35417,0.01625,78.2684,3.586235087905131
,,,,,,8282.0,-1.35045,0.01664,80.1852,3.701746412505764
,,,,,,8283.0,-1.34859,0.01702,81.9924,3.7063012460363813
,,,,,,8284.0,-1.35045,0.01741,83.8544,3.63320565188186
,,,,,,8285.0,-1.34859,0.01779,85.6965,3.654591735762472
,,,,,,8286.0,-1.34859,0.01817,87.5386,3.5424204392572873
,,,,,,8287.0,-1.35045,0.01855,89.3807,3.7246527695929763
,,,,,,8288.0,-1.35045,0.01893,91.2227,3.734061835927433
,,,,,,8289.0,-1.34859,0.01931,93.0474,3.9259376958811316
,,,,,,8290.0,-1.34859,0.01973,95.0339,3.779320724831656
,,,,,,8291.0,-1.35231,0.02012,96.9133,3.9441772142863765
,,,,,,8292.0,-1.34859,0.02053,98.8997,3.7779307188988622
,,,,,,8293.0,-1.35045,0.02076,100.0,3.5814723239972626
,,,,,,8293.0,-1.35045,0.02076,100.0,3.7532024719136916
,,,,,,,,,,
,,,,,,8293.0,0.66778,0.0,0.0,3.752963617926778
,,,,,,8294.0,0.67708,0.0002,13.1001,3.7715180815113016
,,,,,,8295.0,0.67522,0.0004,26.3032,3.7358355397846976
,,,,,,8296.0,0.66964,0.00058,38.6488,3.668340589874166
,,,,,,8297.0,0.67522,0.00078,51.7147,3.7741088956853988
,,,,,,8298.0,0.67522,0.00098,65.1578,3.72494892349365
,,,,,,8299.0,0.67708,0.00117,77.3662,3.8987776971838186
,,,,,,8300.0,0.67336,0.00136,90.192,3.722162085664983
,,,,,,8301.0,0.67522,0.00151,100.0,3.8330949756341397
,,,,,,8301.0,0.0,0.00151,100.0,3.808946310157817
,,,,,,8302.0,0.0,0.00151,100.0,3.8005998951286495
,,,,,,8303.0,0.0,0.00151,100.0,3.82438254955078
,,,,,,8304.0,0.0,0.00151,100.0,3.649771488441337
,,,,,,8305.0,0.0,0.00151,100.0,3.7727632571965954
,,,,,,8306.0,0.0,0.00151,100.0,3.952279483979323
,,,,,,8307.0,0.0,0.00151,100.0,3.7908370697818583
,,,,,,8308.0,0.0,0.00151,100.0,3.6630254072428827
,,,,,,8309.0,0.0,0.00151,100.0,3.5821171231963884
,,,,,,8310.0,0.0,0.00151,100.0,3.770342046943764
,,,,,,8311.0,0.0,0.00151,100.0,3.874706415673779
,,,,,,8312.0,0.0,0.00151,100.0,3.5978123499494594
,,,,,,8313.0,0.0,0.00151,100.0,3.8074583149246224
,,,,,,8314.0,0.0,0.00151,100.0,3.6541845832787705
,,,,,,8316.0,0.0,0.00151,100.0,3.8241169037484597
,,,,,,8317.0,0.0,0.00151,100.0,3.7376792368818985
,,,,,,8317.0,0.0,0.00151,100.0,3.700490143733682
,,,,,,8317.0,0.0,0.00151,100.0,3.805528564157757
,,,,,,,,,,
,,,,,,8317.0,-0.6715,0.0,0.0,3.7822713760093385
,,,,,,8318.0,-0.6715,0.00021,0.5182,3.8407264596804636
,,,,,,8319.0,-0.6715,0.00039,0.9534,3.7808294649676353
,,,,,,8320.0,-0.6715,0.00058,1.4212,3.877580055367176
,,,,,,8321.0,-0.6715,0.00077,1.8853,3.773767586027874
,,,,,,8322.0,-0.67336,0.00096,2.3444,3.7628627308511997
,,,,,,8323.0,-0.6715,0.00117,2.8362,3.6856483148518637
,,,,,,8324.0,-0.6715,0.00134,3.2588,3.664141068833797
,,,,,,8325.0,-0.6715,0.00153,3.7228,3.8700875232598526
,,,,,,8326.0,-0.67336,0.00173,4.2096,4.000902247304701
,,,,,,8327.0,-0.6715,0.00192,4.6636,3.7472986363383054
,,,,,,8328.0,-0.67336,0.00211,5.1277,3.8364571969179724
,,,,,,8329.0,-0.6715,0.0023,5.5956,3.563102263771079
,,,,,,8331.0,-0.6715,0.00251,6.1175,3.789497388076975
,,,,,,8332.0,-0.6715,0.0027,6.5816,3.6177125745511693
,,,,,,8333.0,-0.67336,0.0029,7.0508,3.5659060850128244
,,,,,,8334.0,-0.67336,0.00309,7.5149,3.746685379906185
,,,,,,8335.0,-0.67336,0.00328,7.9777,3.8520105207762674
,,,,,,8336.0,-0.67336,0.00347,8.4418,3.775405618547555
,,,,,,8337.0,-0.67336,0.00366,8.9197,3.7578823508654686
,,,,,,8338.0,-0.6715,0.00386,9.3838,3.7929437226470286
,,,,,,8339.0,-0.6715,0.00406,9.8744,3.6036814385754035
,,,,,,8340.0,-0.6715,0.00423,10.2969,3.6608173612315746
,,,,,,8341.0,-0.67336,0.00443,10.7837,3.569516134935877
,,,,,,8342.0,-0.67336,0.00462,11.2516,3.572712253892223
,,,,,,8343.0,-0.6715,0.00483,11.7458,3.4569906451976116
,,,,,,8344.0,-0.6715,0.00501,12.2011,3.6951991868673595
,,,,,,8345.0,-0.6715,0.0052,12.6602,3.927888161451018
,,,,,,8346.0,-0.67336,0.00539,13.123,3.887171203059459
,,,,,,8347.0,-0.67336,0.00558,13.5871,3.8178460932986513
,,,,,,8348.0,-0.6715,0.00577,14.05,3.5620588740456745
,,,,,,8349.0,-0.67336,0.00595,14.4914,3.7626236776216553
,,,,,,8350.0,-0.6715,0.00614,14.9455,3.651915643872926
,,,,,,8351.0,-0.6715,0.00633,15.4096,3.7657266255455792
,,,,,,8352.0,-0.6715,0.00652,15.8724,3.7376864473929725
,,,,,,8352.0,-0.6715,0.00655,15.9315,3.659779137291959
,,,,,,8352.0,-5.40179,0.00655,15.9315,3.4334168186210237
,,,,,,8353.0,-5.40551,0.00808,19.6582,3.348531587118695
,,,,,,8354.0,-5.40365,0.00961,23.3848,3.568130754165336
,,,,,,8355.0,-5.40923,0.01115,27.1491,3.5212263559153234
,,,,,,8356.0,-5.40737,0.01271,30.95,3.4323478132053316
,,,,,,8357.0,-5.40551,0.01417,34.4955,3.3352962843514904
,,,,,,8358.0,-5.40551,0.01573,38.2976,3.4907127750248526
,,,,,,8359.0,-5.40551,0.01728,42.0632,3.517791348735878
,,,,,,8360.0,-5.40551,0.01862,45.3156,3.38430622993787
,,,,,,8360.0,-3.3817,0.01862,45.3156,3.3516761040285425
,,,,,,8361.0,-3.37984,0.0196,47.7141,3.4206205784791806
,,,,,,8362.0,-3.37798,0.02051,49.9289,3.5471836693708676
,,,,,,8363.0,-3.37612,0.02154,52.4192,3.583202861081167
,,,,,,8364.0,-3.37984,0.02249,54.7498,3.604326017347379
,,,,,,8365.0,-3.37798,0.02344,57.0564,3.5049478253969415
,,,,,,8366.0,-3.37798,0.0244,59.3857,3.5689679262982934
,,,,,,8367.0,-3.37798,0.02536,61.7389,3.563169707726707
,,,,,,8368.0,-3.37798,0.02632,64.0695,3.490381745522129
,,,,,,8369.0,-3.37798,0.02728,66.3988,3.478489751273231
,,,,,,8370.0,-3.37798,0.02823,68.7067,3.6464546987189475
,,,,,,8371.0,-3.37798,0.02914,70.9215,3.6699136926267437
,,,,,,8373.0,-3.37984,0.03018,73.4584,3.4684476988980633
,,,,,,8374.0,-3.37984,0.0311,75.6958,3.747482945889352
,,,,,,8375.0,-3.37612,0.03207,78.0717,3.5489096757279293
,,,,,,8376.0,-3.37798,0.03306,80.4701,3.3894634168679856
,,,,,,8377.0,-3.37798,0.03401,82.7781,3.524152070794871
,,,,,,8378.0,-3.37798,0.03504,85.2885,3.5493466402572684
,,,,,,8379.0,-3.3817,0.03602,87.6869,3.566182552464333
,,,,,,8380.0,-3.37984,0.03698,90.0162,3.6099514769109895
,,,,,,8381.0,-3.37798,0.03792,92.3002,3.5347770953854556
,,,,,,8382.0,-3.37984,0.03886,94.5855,3.6573658881507543
,,,,,,8383.0,-3.37798,0.03983,96.9614,3.4954956938763213
,,,,,,8384.0,-3.37984,0.04073,99.1322,3.545254560844981
,,,,,,8384.0,-3.37798,0.04108,100.0,3.429820172616672
,,,,,,8384.0,-3.37798,0.04108,100.0,3.535910853974136
,,,,,,,,,,
,,,,,,8384.0,1.34487,0.0,0.0,3.771700467637635
,,,,,,8385.0,1.34859,0.00045,14.7739,3.7756966904349203
,,,,,,8386.0,1.35045,0.00082,26.9806,3.686623306042071
,,,,,,8387.0,1.35045,0.0012,39.5614,3.71148457464405
,,,,,,8388.0,1.34859,0.00158,52.0231,3.9561479482796553
,,,,,,8389.0,1.35045,0.00196,64.4679,3.681365901895568
,,,,,,8390.0,1.34859,0.00237,78.0347,3.860808781386254
,,,,,,8392.0,1.35045,0.00275,90.6154,3.692783952803962
,,,,,,8392.0,1.35045,0.00304,100.0,3.898404551693884
,,,,,,8392.0,1.35045,0.00304,100.0,3.6481761859168755
,,,,,,,,,,
,,,,,,8392.0,-1.34859,0.0,0.0,3.6392190262880155
,,,,,,8393.0,-1.34859,0.00036,2.9984,3.7348664145968757
,,,,,,8394.0,-1.34859,0.00074,6.1817,3.7868909082980196
,,,,,,8395.0,-1.34859,0.00112,9.3651,3.6459481346579983
,,,,,,8396.0,-1.34673,0.0015,12.514,3.651549362728709
,,,,,,8397.0,-1.35045,0.00192,15.9769,3.482107394671684
,,,,,,8398.0,-1.34859,0.00229,19.0742,3.6467892735081757
,,,,,,8399.0,-1.35045,0.0027,22.477,3.670854255504944
,,,,,,8401.0,-1.35231,0.00307,25.5356,3.717643159564599
,,,,,,8402.0,-1.34859,0.00345,28.7533,3.5637413608260724
,,,,,,8403.0,-1.35045,0.00389,32.3453,3.4840273923130316
,,,,,,8404.0,-1.35045,0.00424,35.2792,3.6222173596767915
,,,,,,8405.0,-1.35045,0.00465,38.7465,3.683662253472609
,,,,,,8406.0,-1.35231,0.00501,41.6803,3.6476065764271177
,,,,,,8407.0,-1.35231,0.00541,45.0572,3.6821975736227897
,,,,,,8408.0,-1.35045,0.0058,48.275,3.8164392356822687
,,,,,,8409.0,-1.35231,0.00618,51.4583,3.424504161594165
,,,,,,8410.0,-1.35231,0.0066,54.9557,3.7405377705577223
,,,,,,8411.0,-1.35045,0.00699,58.1691,3.7489025114701446
,,,,,,8412.0,-1.35045,0.00738,61.4471,3.506634402829353
,,,,,,8413.0,-1.35045,0.00773,64.381,3.653034602281512
,,,,,,8414.0,-1.35045,0.00812,67.5643,3.5914897420869325
,,,,,,8415.0,-1.34859,0.00849,70.6831,3.5331658381822457
,,,,,,8416.0,-1.34301,0.0089,74.116,3.5642918825408114
,,,,,,8417.0,-1.35231,0.0093,77.394,3.477089559363668
,,,,,,8418.0,-1.35045,0.0097,80.7967,3.600327701151804
,,,,,,8419.0,-1.35231,0.01006,83.7348,3.5992976221077218
,,,,,,8420.0,-1.34673,0.01043,86.8536,3.62310594284368
,,,,,,8421.0,-1.35231,0.01085,90.3209,3.577318609803876
,,,,,,8422.0,-1.35045,0.01124,93.5989,3.4689485521121215
,,,,,,8423.0,-1.35045,0.01163,96.7865,3.6721878545601614
,,,,,,8424.0,-1.35045,0.01201,100.0,3.647695800417488
,,,,,,8424.0,-1.35045,0.01201,100.0,3.6201302362145826
,,,,,,,,,,
,,,,,,8424.0,2.70461,0.0,0.0,3.692639177677825
,,,,,,8425.0,2.70275,0.00077,12.9566,3.8539476088509157
,,,,,,8426.0,2.70461,0.00156,26.1641,3.97319233358226
,,,,,,8427.0,2.70275,0.00233,38.9908,3.8321485406200626
,,,,,,8428.0,2.70089,0.00309,51.8262,3.7932159259145863
,,,,,,8429.0,2.70275,0.00378,63.3893,3.8317669392867364
,,,,,,8430.0,2.70089,0.00459,76.8565,3.6631753757639975
,,,,,,8431.0,2.70275,0.00535,89.6832,3.9150548283771447
,,,,,,8432.0,2.70089,0.00597,100.0,3.9546669269649217
,,,,,,8432.0,0.0,0.00597,100.0,3.749917828028922
,,,,,,8433.0,0.0,0.00597,100.0,3.622176466659794
,,,,,,8434.0,0.0,0.00597,100.0,3.9142342919477837
,,,,,,8435.0,0.0,0.00597,100.0,3.7032062943034156
,,,,,,8436.0,0.0,0.00597,100.0,3.7267100827083794
,,,,,,8437.0,0.0,0.00597,100.0,3.6655185297773443
,,,,,,8438.0,0.0,0.00597,100.0,3.5739438095210114
,,,,,,8439.0,0.0,0.00597,100.0,3.616789236231711
,,,,,,8441.0,0.0,0.00597,100.0,3.6844702463065966
,,,,,,8442.0,0.0,0.00597,100.0,4.136602043088537
,,,,,,8443.0,0.0,0.00597,100.0,3.790546516600317
,,,,,,8444.0,0.0,0.00597,100.0,3.8471450388987005
,,,,,,8445.0,0.0,0.00597,100.0,3.581595985235504
,,,,,,8446.0,0.0,0.00597,100.0,3.8067076843172667
,,,,,,8447.0,0.0,0.00597,100.0,3.550186760776887
,,,,,,8448.0,0.0,0.00597,100.0,3.7524243809022946
,,,,,,8449.0,0.0,0.00597,100.0,3.6814551783480916
,,,,,,8450.0,0.0,0.00597,100.0,3.822672182039112
,,,,,,8451.0,0.0,0.00597,100.0,3.7430303904591065
,,,,,,8452.0,0.0,0.00597,100.0,3.8176935646048813
,,,,,,8453.0,0.0,0.00597,100.0,3.8609810210761566
,,,,,,8454.0,0.0,0.00597,100.0,3.798909595510438
,,,,,,8455.0,0.0,0.00597,100.0,3.9550850817805157
,,,,,,8456.0,0.0,0.00597,100.0,3.791604226911225
,,,,,,8457.0,0.0,0.00597,100.0,3.851043101649846
,,,,,,8458.0,0.0,0.00597,100.0,3.7175638042088996
,,,,,,8459.0,0.0,0.00597,100.0,3.7854023092977007
,,,,,,8460.0,0.0,0.00597,100.0,3.729011738314498
,,,,,,8461.0,0.0,0.00597,100.0,3.7087596420310147
,,,,,,8462.0,0.0,0.00597,100.0,3.7635315574408867
,,,,,,8463.0,0.0,0.00597,100.0,3.7443974801497952
,,,,,,8464.0,0.0,0.00597,100.0,3.8840561894009853
,,,,,,8465.0,0.0,0.00597,100.0,3.535593389182132
,,,,,,8466.0,0.0,0.00597,100.0,3.7788478598981916
,,,,,,8468.0,0.0,0.00597,100.0,3.6234226121948447
,,,,,,8469.0,0.0,0.00597,100.0,3.9187728007295015
,,,,,,8470.0,0.0,0.00597,100.0,3.7067369785906936
,,,,,,8471.0,0.0,0.00597,100.0,3.764363404778485
,,,,,,8471.0,0.0,0.00597,100.0,3.5519834618879558
,,,,,,8471.0,0.0,0.00597,100.0,3.6987700863275017
,,,,,,8472.0,0.0,0.00597,100.0,3.6848457884413115
,,,,,,8473.0,0.0,0.00597,100.0,3.6338792611662445
,,,,,,8474.0,0.0,0.00597,100.0,3.666887966471507
,,,,,,8475.0,0.0,0.00597,100.0,3.6633510894782235
,,,,,,8477.0,0.0,0.00597,100.0,3.8581645007033374
,,,,,,8478.0,0.0,0.00597,100.0,3.7285639840016547
,,,,,,8479.0,0.0,0.00597,100.0,3.6982042344282555
,,,,,,8480.0,0.0,0.00597,100.0,3.79774013541908
,,,,,,8481.0,0.0,0.00597,100.0,3.792263231159278
,,,,,,8482.0,0.0,0.00597,100.0,3.816111212963917
,,,,,,8483.0,0.0,0.00597,100.0,3.780294823876271
,,,,,,8484.0,0.0,0.00597,100.0,3.7392883982924126
,,,,,,8485.0,0.0,0.00597,100.0,3.694338365000213
,,,,,,8486.0,0.0,0.00597,100.0,3.8395174940999235
,,,,,,8487.0,0.0,0.00597,100.0,3.8334794023699743
,,,,,,8488.0,0.0,0.00597,100.0,3.8144081511332852
,,,,,,8488.0,0.0,0.00597,100.0,3.665684771905233
,,,,,,8488.0,0.0,0.00597,100.0,3.7027172933465784
,,,,,,,,,,
,,,,,,8488.0,-0.6715,0.0,0.0,3.6245135753011275
,,,,,,8489.0,-0.6715,0.00018,1.8767,3.6521327823676413
,,,,,,8490.0,-0.6715,0.00037,3.8276,3.7107098723783842
,,,,,,8491.0,-0.6715,0.00056,5.7838,3.7497999519098477
,,,,,,8492.0,-0.6715,0.00075,7.74,3.8080819487669957
,,,,,,8493.0,-0.6715,0.00094,9.675,3.856388860766001
,,,,,,8494.0,-0.6715,0.00113,11.61,3.758367763956544
,,,,,,8495.0,-0.6715,0.00134,13.7147,3.602107008928189
,,,,,,8497.0,-0.6715,0.00153,15.6868,3.4624753787459546
,,,,,,8498.0,-0.6715,0.00172,17.6589,3.6194616362499885
,,,,,,8499.0,-0.67336,0.00191,19.6151,3.622915761586425
,,,,,,8500.0,-0.67336,0.0021,21.5713,3.8524164987049647
,,,,,,8501.0,-0.6715,0.00229,23.5222,3.633430243879996
,,,,,,8502.0,-0.6715,0.00248,25.4785,3.6143666937100902
,,,,,,8503.0,-0.6715,0.00267,27.4135,3.8019864212297096
,,,,,,8504.0,-0.67336,0.00286,29.3644,3.8683795992856163
,,,,,,8505.0,-0.6715,0.00305,31.3206,3.6540196396384923
,,,,,,8506.0,-0.6715,0.00323,33.123,3.742054808079805
,,,,,,8507.0,-0.6715,0.00343,35.2277,3.8025139414793405
,,,,,,8508.0,-0.67336,0.00362,37.1468,3.6384297895301074
,,,,,,8509.0,-0.67336,0.0038,39.0023,3.7720722975465732
,,,,,,8510.0,-0.67336,0.00401,41.1281,3.720627681311244
,,,,,,8511.0,-0.6715,0.0042,43.0843,3.8551171056035467
,,,,,,8512.0,-0.6715,0.0044,45.189,3.8025927244613054
,,,,,,8513.0,-0.6715,0.00462,47.3573,3.589450627775363
,,,,,,8514.0,-0.6715,0.0048,49.2127,3.6047127746638337
,,,,,,8515.0,-0.6715,0.00502,51.4711,3.700252689286965
,,,,,,8516.0,-0.6715,0.0052,53.3107,3.4735218700117128
,,,,,,8516.0,-0.67336,0.00522,53.5599,3.6585261128754927
,,,,,,8516.0,-1.35045,0.00522,53.5599,3.7602523734640974
,,,,,,8517.0,-1.34859,0.00562,57.6419,3.6838157690628432
,,,,,,8518.0,-1.34673,0.00603,61.8353,3.632896430475529
,,,,,,8519.0,-1.34673,0.00641,65.716,3.5497159912260017
,,,,,,8520.0,-1.34859,0.00679,69.6761,3.720218692064538
,,,,,,8522.0,-1.35231,0.00717,73.6044,3.8152529720054873
,,,,,,8523.0,-1.35045,0.0076,78.0258,3.6066645769160215
,,,,,,8524.0,-1.35045,0.00799,81.9912,3.6773949829748305
,,,,,,8525.0,-1.35045,0.00835,85.681,3.4278776782516975
,,,,,,8526.0,-1.34859,0.00874,89.6835,3.7578096394700955
,,,,,,8527.0,-1.35045,0.00912,93.6118,3.7229568613132415
,,,,,,8528.0,-1.35045,0.00951,97.5349,3.633242879371213
,,,,,,8528.0,-1.35231,0.00975,100.0,3.7391208010019166
,,,,,,8528.0,-1.35231,0.00975,100.0,3.6928126847409146
,,,,,,,,,,
,,,,,,8528.0,0.67336,0.0,0.0,3.8693062080137857
,,,,,,8529.0,0.66778,0.00019,12.9969,3.781935693510377
,,,,,,8530.0,0.67708,0.00038,25.579,3.659305742583788
,,,,,,8531.0,0.6715,0.00058,38.8524,3.6530318750557824
,,,,,,8533.0,0.6715,0.00077,51.2962,3.7430273148764326
,,,,,,8534.0,0.66964,0.00096,64.1549,3.9414437958595605
,,,,,,8535.0,0.67522,0.00117,78.4307,3.7330090481712386
,,,,,,8536.0,0.66964,0.00135,90.2869,3.8658470284397675
,,,,,,8536.0,0.6715,0.00149,100.0,3.598368649951206
,,,,,,8536.0,0.0,0.00149,100.0,3.762435636545968
,,,,,,8537.0,0.0,0.00149,100.0,3.829386640971191
,,,,,,8538.0,0.0,0.00149,100.0,3.7346776233978
,,,,,,8540.0,0.0,0.00149,100.0,3.8634937046640117
,,,,,,8541.0,0.0,0.00149,100.0,3.715519514655719
,,,,,,8542.0,0.0,0.00149,100.0,3.706284544071772
,,,,,,8543.0,0.0,0.00149,100.0,3.6429880432027026
,,,,,,8544.0,0.0,0.00149,100.0,3.6951139380493663
,,,,,,8545.0,0.0,0.00149,100.0,3.8204701552577958
,,,,,,8546.0,0.0,0.00149,100.0,3.8637772978685074
,,,,,,8547.0,0.0,0.00149,100.0,3.786886877371625
,,,,,,8548.0,0.0,0.00149,100.0,3.725329975145146
,,,,,,8549.0,0.0,0.00149,100.0,3.6852594521009236
,,,,,,8550.0,0.0,0.00149,100.0,3.7721605836709586
,,,,,,8551.0,0.0,0.00149,100.0,3.6418645262056932
,,,,,,8552.0,0.0,0.00149,100.0,3.820317448567387
,,,,,,8552.0,0.0,0.00149,100.0,3.846667365652342
,,,,,,8552.0,0.0,0.00149,100.0,3.75851074801505
,,,,,,,,,,
,,,,,,8552.0,-0.6715,0.0,0.0,3.8004175446770843
,,,,,,8553.0,-0.6715,0.00019,0.9235,3.775874440566208
,,,,,,8554.0,-0.67336,0.00038,1.8321,3.7700757567052023
,,,,,,8555.0,-0.6715,0.00057,2.7482,3.6819465955965627
,,,,,,8557.0,-0.67336,0.00076,3.6742,3.8168353735807803
,,,,,,8558.0,-0.6715,0.00096,4.6301,3.770739740348518
,,,,,,8559.0,-0.67336,0.00118,5.6656,3.6844641440023507
,,,,,,8560.0,-0.67336,0.00136,6.5742,3.6580965208157283
,,,,,,8561.0,-0.6715,0.00156,7.5276,3.66960996052684
,,,,,,8562.0,-0.67336,0.00176,8.4711,3.816898449373111
,,,,,,8563.0,-0.6715,0.00195,9.3896,3.719717839509476
,,,,,,8564.0,-0.67336,0.00214,10.3057,3.688507240926717
,,,,,,8565.0,-0.6715,0.00233,11.2242,3.7976219615997238
,,,,,,8566.0,-0.6715,0.00252,12.1428,3.677535803755139
,,,,,,8567.0,-0.6715,0.00271,13.0489,3.706263158293454
,,,,,,8568.0,-0.6715,0.0029,13.9674,3.705344734104837
,,,,,,8569.0,-0.67336,0.00308,14.8586,3.8626440415611913
,,,,,,8570.0,-0.67336,0.00329,15.8493,3.8544056822057677
,,,,,,8571.0,-0.6715,0.00348,16.7679,3.719528571062825
,,,,,,8572.0,-0.67336,0.00367,17.6864,3.6406555350507586
,,,,,,8573.0,-0.6715,0.00386,18.6025,3.74807899412471
,,,,,,8574.0,-0.67336,0.00406,19.5484,3.7392008585468943
,,,,,,8575.0,-0.6715,0.00425,20.4844,3.7256298324930026
,,,,,,8576.0,-0.67336,0.00444,21.4005,3.6127974611787605
,,,,,,8577.0,-0.67336,0.00464,22.3539,3.8374486517205684
,,,,,,8578.0,-0.6715,0.00484,23.3098,3.6956676761647964
,,,,,,8579.0,-0.67336,0.00503,24.2258,3.779778162556576
,,,,,,8580.0,-0.6715,0.00522,25.1444,3.5564051813917374
,,,,,,8581.0,-0.6715,0.00541,26.0604,3.746091371693021
,,,,,,8582.0,-0.6715,0.0056,26.979,3.8529389372062464
,,,,,,8583.0,-0.6715,0.00579,27.8975,3.6236142934918663
,,,,,,8584.0,-0.6715,0.00598,28.8061,3.7317261382311675
,,,,,,8585.0,-0.6715,0.00617,29.7222,3.9460314801906504
,,,,,,8586.0,-0.6715,0.00636,30.6407,3.6860439417828186
,,,,,,8587.0,-0.67336,0.00655,31.5468,3.6844407352469832
,,,,,,8589.0,-0.67336,0.00674,32.4654,3.713741143747199
,,,,,,8590.0,-0.6715,0.00693,33.374,3.7558249433000066
,,,,,,8591.0,-0.67336,0.00712,34.3025,3.7851971271703846
,,,,,,8592.0,-0.6715,0.00731,35.2285,3.757747894386775
,,,,,,8593.0,-0.67336,0.00751,36.157,3.832230869795801
,,,,,,8594.0,-0.67336,0.00771,37.1378,3.6980149489301994
,,,,,,8595.0,-0.67336,0.00791,38.0912,3.6342952290225927
,,,,,,8596.0,-0.6715,0.0081,39.0347,3.60865648992387
,,,,,,8597.0,-0.6715,0.00829,39.9507,3.5231066550590304
,,,,,,8598.0,-0.6715,0.00848,40.8319,3.703980267796937
,,,,,,8599.0,-0.67336,0.00867,41.7505,3.5005312454680095
,,,,,,8600.0,-0.67336,0.00886,42.6665,3.8179766457907593
,,,,,,8601.0,-0.6715,0.00905,43.5851,3.96397276021355
,,,,,,8602.0,-0.67336,0.00925,44.5858,3.7041281905695875
,,,,,,8603.0,-0.6715,0.00943,45.4297,3.808851404258894
,,,,,,8604.0,-0.67336,0.00962,46.3482,3.541310772247667
,,,,,,8605.0,-0.6715,0.00981,47.2643,3.7535638817707597
,,,,,,8606.0,-0.67336,0.01,48.1903,3.842790418680958
,,,,,,8607.0,-0.6715,0.01019,49.0989,3.685541134965921
,,,,,,8608.0,-0.6715,0.01038,50.0174,3.898839842771256
,,,,,,8609.0,-0.67336,0.01062,51.17,3.6120169312560404
,,,,,,8610.0,-0.67336,0.01082,52.1134,3.7528702734749926
,,,,,,8611.0,-0.6715,0.01099,52.9598,3.7092524528337734
,,,,,,8612.0,-0.6715,0.0112,53.9605,3.6645464663157274
,,,,,,8613.0,-0.67336,0.01139,54.8691,3.884447674582573
,,,,,,8614.0,-0.67336,0.01158,55.7951,3.7666318160315324
,,,,,,8615.0,-0.67336,0.01177,56.7037,3.5807876460867587
,,,,,,8616.0,-0.6715,0.01196,57.6197,3.593417221179925
,,,,,,8617.0,-0.6715,0.01214,58.4935,3.704963506310714
,,,,,,8619.0,-0.6715,0.01234,59.4743,3.7973890951316718
,,,,,,8620.0,-0.6715,0.01252,60.338,3.581062863666921
,,,,,,8621.0,-0.6715,0.01271,61.2541,3.694978002703117
,,,,,,8622.0,-0.6715,0.0129,62.1627,3.691241061363301
,,,,,,8623.0,-0.67336,0.01309,63.0812,3.51972379883731
,,,,,,8624.0,-0.67336,0.01328,63.9998,3.815255141075324
,,,,,,8625.0,-0.67336,0.01347,64.9084,3.7917527376725984
,,,,,,8626.0,-0.6715,0.01369,65.934,3.54835375741487
,,,,,,8627.0,-0.67336,0.01387,66.8152,3.5018950648129255
,,,,,,8628.0,-0.6715,0.01406,67.7337,3.647921115264347
,,,,,,8629.0,-0.6715,0.01425,68.6523,3.8400658028736165
,,,,,,8630.0,-0.67336,0.01444,69.5609,3.646429100968843
,,,,,,8631.0,-0.6715,0.01464,70.5143,3.6660192234759967
,,,,,,8632.0,-0.67336,0.01483,71.4328,3.8319424244629303
,,,,,,8633.0,-0.6715,0.015,72.2867,3.687658958468515
,,,,,,8634.0,-0.67336,0.01519,73.1853,3.5720892533024644
,,,,,,8635.0,-0.6715,0.01538,74.0939,3.734592176387462
,,,,,,8636.0,-0.6715,0.01559,75.1021,3.7446270804697384
,,,,,,8637.0,-0.67336,0.01578,76.0032,3.631583070553157
,,,,,,8638.0,-0.67336,0.01595,76.8396,3.665981135923897
,,,,,,8639.0,-0.67336,0.01616,77.8303,3.7539834682615845
,,,,,,8639.0,-0.6715,0.01625,78.2884,3.5400809724982842
,,,,,,8639.0,-1.34859,0.01625,78.2884,3.753427980764527
,,,,,,8640.0,-1.35231,0.01661,80.0383,3.6080580026429407
,,,,,,8641.0,-1.35045,0.01702,82.0074,3.4107995741659436
,,,,,,8643.0,-1.34859,0.0174,83.8494,3.8136493759084957
,,,,,,8644.0,-1.34859,0.01779,85.6915,3.8307007616646658
,,,,,,8645.0,-1.35045,0.01817,87.5336,3.5385493139948476
,,,,,,8646.0,-1.35045,0.01855,89.3782,3.8196860498786065
,,,,,,8647.0,-1.35045,0.01893,91.2203,3.702231019975568
,,,,,,8648.0,-1.35045,0.01931,93.0275,3.688683440601007
,,,,,,8649.0,-1.35045,0.01968,94.7949,3.884265650886755
,,,,,,8650.0,-1.35231,0.02006,96.637,3.6108084361756365
,,,,,,8651.0,-1.35231,0.02046,98.5736,3.74592546836678
,,,,,,8651.0,-1.35045,0.02076,100.0,3.564505477519606
,,,,,,8651.0,-1.35045,0.02076,100.0,3.66596294919585
,,,,,,,,,,
,,,,,,8651.0,0.67708,0.0,0.0,3.7354693424860343
,,,,,,8652.0,0.67522,0.00017,11.3707,3.58702483627081
,,,,,,8654.0,0.6715,0.00038,25.4895,3.867672297092198
,,,,,,8655.0,0.6715,0.00057,37.6846,3.781621220807931
,,,,,,8656.0,0.6715,0.00078,51.9409,3.698070260654379
,,,,,,8657.0,0.66778,0.00096,63.9643,3.710316914707344
,,,,,,8658.0,0.67336,0.00115,76.5373,3.6891661517185304
,,,,,,8659.0,0.6715,0.00136,90.3126,3.654203736480056
,,,,,,8660.0,0.67522,0.0015,100.0,3.7296597324698872
,,,,,,8660.0,0.0,0.0015,100.0,3.734620083713896
,,,,,,8661.0,0.0,0.0015,100.0,3.6342226193455875
,,,,,,8662.0,0.0,0.0015,100.0,3.6692730236914777
,,,,,,8663.0,0.0,0.0015,100.0,3.653264789114494
,,,,,,8664.0,0.0,0.0015,100.0,3.7468680511518975
,,,,,,8665.0,0.0,0.0015,100.0,3.7253506097189795
,,,,,,8666.0,0.0,0.0015,100.0,3.5326062123849673
,,,,,,8667.0,0.0,0.0015,100.0,3.6555649352687696
,,,,,,8668.0,0.0,0.0015,100.0,3.6749026706156758
,,,,,,8669.0,0.0,0.0015,100.0,3.6476387261512433
,,,,,,8670.0,0.0,0.0015,100.0,3.636904327935712
,,,,,,8671.0,0.0,0.0015,100.0,3.8395410683380207
,,,,,,8672.0,0.0,0.0015,100.0,3.807185243320264
,,,,,,8673.0,0.0,0.0015,100.0,3.5711876093929966
,,,,,,8674.0,0.0,0.0015,100.0,3.6221723113015942
,,,,,,8675.0,0.0,0.0015,100.0,3.6039971595726437
,,,,,,8676.0,0.0,0.0015,100.0,3.7335252497957905
,,,,,,8676.0,0.0,0.0015,100.0,3.9265196729580123
,,,,,,,,,,
,,,,,,8676.0,-0.6715,0.0,0.0,3.728179830133549
,,,,,,8677.0,-0.67336,0.0002,0.4978,3.810850953451485
,,,,,,8678.0,-0.6715,0.00038,0.935,3.7398301829415117
,,,,,,8679.0,-0.6715,0.00057,1.3937,3.755325252271417
,,,,,,8680.0,-0.6715,0.00076,1.8587,3.6337796333462555
,,,,,,8681.0,-0.6715,0.00098,2.3867,3.7534018298446803
,,,,,,8682.0,-0.67336,0.00115,2.8152,3.6377551332032847
,,,,,,8683.0,-0.67336,0.00134,3.2802,3.5606112929878173
,,,,,,8684.0,-0.6715,0.00156,3.7943,3.696632352558662
,,,,,,8685.0,-0.6715,0.00174,4.2316,3.7578588161279827
,,,,,,8686.0,-0.67336,0.00193,4.6953,3.7250515448978803
,,,,,,8687.0,-0.6715,0.00212,5.1603,3.697165036272641
,,,,,,8688.0,-0.6715,0.00231,5.6253,3.7075189658212695
,,,,,,8689.0,-0.6715,0.00251,6.1306,3.603361781641283
,,,,,,8690.0,-0.6715,0.0027,6.5805,3.5528201172447664
,,,,,,8691.0,-0.6715,0.00289,7.0455,3.861928712144942
,,,,,,8692.0,-0.67336,0.00308,7.5142,3.8472211119190036
,,,,,,8693.0,-0.6715,0.00327,7.9792,3.6923587223567225
,,,,,,8694.0,-0.67336,0.00346,8.4442,3.6698323346841697
,,,,,,8695.0,-0.67336,0.00365,8.908,3.7256714540109614
,,,,,,8696.0,-0.6715,0.00384,9.373,3.7785495361796606
,,,,,,8697.0,-0.6715,0.00405,9.8871,3.6666620864518356
,,,,,,8698.0,-0.6715,0.00423,10.3244,3.6178995122620763
,,,,,,8699.0,-0.67336,0.00442,10.7843,3.7444216575766234
,,,,,,8700.0,-0.67336,0.0046,11.2304,3.547862492615108
,,,,,,8701.0,-0.67336,0.00482,11.7458,3.587326229055961
,,,,,,8702.0,-0.67336,0.00501,12.2108,3.707199061651628
,,,,,,8703.0,-0.6715,0.0052,12.6745,3.673824189261193
,,,,,,8704.0,-0.67336,0.00539,13.1345,3.59686390304355
,,,,,,8705.0,-0.6715,0.00558,13.5982,3.724073046102973
,,,,,,8706.0,-0.67336,0.00576,14.0582,3.6957018154880332
,,,,,,8707.0,-0.67336,0.00595,14.5232,3.7039278693860704
,,,,,,8708.0,-0.6715,0.00615,14.9882,3.7376792504000105
,,,,,,8709.0,-0.6715,0.00633,15.4468,3.660413417679603
,,,,,,8710.0,-0.6715,0.00652,15.9118,3.7380888080334276
,,,,,,8711.0,-0.6715,0.00655,15.9711,3.7404680831962103
,,,,,,8711.0,-5.40365,0.00655,15.9711,3.4942375492287225
,,,,,,8712.0,-5.40737,0.00817,19.9241,3.455137944944456
,,,,,,8713.0,-5.40923,0.00969,23.6227,3.52294411053832
,,,,,,8714.0,-5.40365,0.01128,27.5039,3.363897632779925
,,,,,,8715.0,-5.40923,0.01284,31.3133,3.4349644177088154
,,,,,,8716.0,-5.40737,0.01425,34.756,3.448941987230235
,,,,,,8717.0,-5.40737,0.0158,38.5289,3.578022585962229
,,,,,,8718.0,-5.40737,0.01732,42.2287,3.3050988156110845
,,,,,,8719.0,-5.40365,0.01847,45.0489,3.5482646156838196
,,,,,,8719.0,-3.3724,0.01847,45.0489,3.4782195253525594
,,,,,,8720.0,-3.37984,0.01959,47.7733,3.427622392816863
,,,,,,8721.0,-3.37984,0.02055,50.1084,3.686402006283998
,,,,,,8722.0,-3.37798,0.0216,52.6715,3.5798529800638104
,,,,,,8723.0,-3.37798,0.02255,54.9839,3.4240386243767134
,,,,,,8724.0,-3.37612,0.02351,57.3403,3.7638697844832394
,,,,,,8725.0,-3.37798,0.02448,59.6968,3.4521422652590323
,,,,,,8726.0,-3.37798,0.02543,62.0092,3.646391805120329
,,,,,,8727.0,-3.37984,0.02638,64.343,3.5613039672448323
,,,,,,8728.0,-3.37798,0.02735,66.7007,3.6016383608975926
,,,,,,8729.0,-3.37798,0.02832,69.0572,3.6004426309244035
,,,,,,8730.0,-3.37798,0.0292,71.2082,3.4338425986380763
,,,,,,8731.0,-3.37798,0.03023,73.726,3.449077816167068
,,,,,,8732.0,-3.37984,0.03117,76.0157,3.6151738401516793
,,,,,,8733.0,-3.37984,0.03204,78.1441,3.58780377086305
,,,,,,8734.0,-3.37984,0.033,80.4778,3.5062828601879557
,,,,,,8735.0,-3.37426,0.03395,82.8104,3.642920178887528
,,,,,,8736.0,-3.38356,0.03497,85.2828,3.4863467358968885
,,,,,,8737.0,-3.37984,0.03594,87.6405,3.5559120487908378
,,,,,,8738.0,-3.37612,0.03688,89.9516,3.5746274906137723
,,,,,,8739.0,-3.37798,0.03793,92.516,3.6286499245694515
,,,,,,8740.0,-3.37984,0.03885,94.7603,3.4087658674342567
,,,,,,8741.0,-3.37798,0.03981,97.0928,3.5288207785636807
,,,,,,8742.0,-3.37798,0.04077,99.4279,3.401708134453845
,,,,,,8743.0,-3.37984,0.041,100.0,3.449989779844916
,,,,,,8743.0,-3.37984,0.041,100.0,3.5230463978915783
,,,,,,,,,,
,,,,,,8743.0,1.34487,0.0,0.0,3.8237964523775223
,,,,,,8744.0,1.34487,0.00044,14.5482,3.724557992153959
,,,,,,8745.0,1.34673,0.00083,27.497,3.8190660989184657
,,,,,,8746.0,1.34673,0.00121,39.9524,3.698812876325602
,,,,,,8747.0,1.34673,0.00161,52.9011,3.9412357654850734
,,,,,,8748.0,1.34487,0.00199,65.4586,3.700661216735711
,,,,,,8749.0,1.35231,0.00237,78.05,3.973238086753213
,,,,,,8750.0,1.34673,0.00275,90.6245,3.853882487014085
,,,,,,8751.0,1.35045,0.00304,100.0,3.9027306699419855
,,,,,,8751.0,1.35045,0.00304,100.0,3.7504623741747505
,,,,,,,,,,
,,,,,,8751.0,-1.34859,0.0,0.0,3.6308621592640242
,,,,,,8752.0,-1.35045,0.00039,3.2497,3.3889558926487138
,,,,,,8753.0,-1.34859,0.00078,6.4736,3.6528040978131124
,,,,,,8754.0,-1.34859,0.00116,9.663,3.7084662080121227
,,,,,,8755.0,-1.35045,0.00154,12.8523,3.6508533379316437
,,,,,,8756.0,-1.35045,0.00192,16.0116,3.7243407095381538
,,,,,,8757.0,-1.35045,0.0023,19.2052,3.7686801988426595
,,,,,,8758.0,-1.35045,0.00278,23.2092,3.554786373573897
,,,,,,8759.0,-1.34673,0.00315,26.2736,3.490151085595373
,,,,,,8760.0,-1.35045,0.00353,29.463,3.6222633999885967
,,,,,,8761.0,-1.35417,0.00395,32.9368,3.6453030871366363
,,,,,,8762.0,-1.35045,0.00433,36.096,3.597819793791908
,,,,,,8763.0,-1.35045,0.00476,39.6905,3.577578891932741
,,,,,,8764.0,-1.34859,0.00515,42.9747,3.548981693525451
,,,,,,8765.0,-1.35045,0.00551,45.9788,3.620824308333004
,,,,,,8766.0,-1.35045,0.0059,49.1983,3.55804252355631
,,,,,,8767.0,-1.34859,0.0063,52.5472,3.7865159400214563
,,,,,,8768.0,-1.34859,0.00669,55.7969,3.6932636552875837
,,,,,,8770.0,-1.34859,0.00708,59.0811,3.786149461756065
,,,,,,8771.0,-1.35045,0.00747,62.305,3.702878121063569
,,,,,,8772.0,-1.35231,0.00785,65.4642,3.7297285072217363
,,,,,,8773.0,-1.34859,0.00825,68.7829,3.4838401583411853
,,,,,,8774.0,-1.35231,0.00861,71.8128,3.5481420242567863
,,,,,,8775.0,-1.34859,0.00901,75.1271,3.5608848650661025
,,,,,,8776.0,-1.35045,0.00939,78.3165,3.567682735959292
,,,,,,8777.0,-1.35045,0.00981,81.7904,3.5291387285246776
,,,,,,8778.0,-1.35045,0.01019,85.0142,3.6042217483066885
,,,,,,8779.0,-1.35045,0.01057,88.1734,3.729227423769486
,,,,,,8780.0,-1.35045,0.01095,91.3671,3.688369665000823
,,,,,,8781.0,-1.34859,0.01134,94.5565,3.6292455893755005
,,,,,,8782.0,-1.34859,0.01169,97.5261,3.686906992667559
,,,,,,8783.0,-1.34859,0.01199,100.0,3.790500123256768
,,,,,,8783.0,-1.34859,0.01199,100.0,3.8754911379113466
,,,,,,,,,,
,,,,,,8783.0,2.69531,0.0,0.0,3.6842692026585078
,,,,,,8784.0,2.70275,0.00082,13.3204,3.7232231360687815
,,,,,,8785.0,2.70275,0.0016,26.035,3.870948148506738
,,,,,,8786.0,2.69903,0.00236,38.3793,3.7420137084714686
,,,,,,8787.0,2.70275,0.00311,50.5974,3.6638624124989905
,,,,,,8788.0,2.70461,0.00384,62.5799,3.6491361514805045
,,,,,,8789.0,2.70461,0.00461,75.0505,3.7985664686391627
,,,,,,8790.0,2.70275,0.00537,87.4032,3.7839561916277296
,,,,,,8791.0,2.70461,0.00614,100.0,3.905825931762724
,,,,,,8791.0,0.0,0.00614,100.0,3.699301510729438
,,,,,,8792.0,0.0,0.00614,100.0,3.790787846412113
,,,,,,8793.0,0.0,0.00614,100.0,3.7676034855570726
,,,,,,8794.0,0.0,0.00614,100.0,3.8235600514237102
,,,,,,8795.0,0.0,0.00614,100.0,3.9049779720021696
,,,,,,8796.0,0.0,0.00614,100.0,3.8913874517082627
,,,,,,8797.0,0.0,0.00614,100.0,3.6037995934769937
,,,,,,8798.0,0.0,0.00614,100.0,3.7045930469239736
,,,,,,8799.0,0.0,0.00614,100.0,3.7000294685954875
,,,,,,8800.0,0.0,0.00614,100.0,3.6803678413000727
,,,,,,8801.0,0.0,0.00614,100.0,3.7564854106975676
,,,,,,8802.0,0.0,0.00614,100.0,3.5994150339274658
,,,,,,8803.0,0.0,0.00614,100.0,3.800295925284094
,,,,,,8804.0,0.0,0.00614,100.0,3.6427320080984105
,,,,,,8805.0,0.0,0.00614,100.0,3.6132585016684278
,,,,,,8806.0,0.0,0.00614,100.0,3.7961929651509605
,,,,,,8807.0,0.0,0.00614,100.0,3.615400275568614
,,,,,,8808.0,0.0,0.00614,100.0,3.7491868195700433
,,,,,,8809.0,0.0,0.00614,100.0,3.735027283853894
,,,,,,8810.0,0.0,0.00614,100.0,3.928331576316823
,,,,,,8811.0,0.0,0.00614,100.0,3.5689692796353523
,,,,,,8813.0,0.0,0.00614,100.0,3.6121287681142134
,,,,,,8814.0,0.0,0.00614,100.0,3.7673376174085496
,,,,,,8815.0,0.0,0.00614,100.0,3.7893138947895846
,,,,,,8816.0,0.0,0.00614,100.0,3.4664499579679204
,,,,,,8817.0,0.0,0.00614,100.0,3.8171030672282837
,,,,,,8818.0,0.0,0.00614,100.0,3.465798810055775
,,,,,,8819.0,0.0,0.00614,100.0,3.8806639842827697
,,,,,,8820.0,0.0,0.00614,100.0,3.6065217955561906
,,,,,,8821.0,0.0,0.00614,100.0,3.7250235807422367
,,,,,,8822.0,0.0,0.00614,100.0,3.7073483396553026
,,,,,,8823.0,0.0,0.00614,100.0,3.7220119975410646
,,,,,,8824.0,0.0,0.00614,100.0,3.762524340883908
,,,,,,8825.0,0.0,0.00614,100.0,3.6647290014048886
,,,,,,8826.0,0.0,0.00614,100.0,3.6381972492066272
,,,,,,8827.0,0.0,0.00614,100.0,3.7617080019262428
,,,,,,8828.0,0.0,0.00614,100.0,3.917952622808535
,,,,,,8829.0,0.0,0.00614,100.0,3.8189656764959365
,,,,,,8830.0,0.0,0.00614,100.0,3.6911995770746726
,,,,,,8831.0,0.0,0.00614,100.0,3.7657676442075303
,,,,,,8832.0,0.0,0.00614,100.0,3.94911015383118
,,,,,,8833.0,0.0,0.00614,100.0,3.652846305322608
,,,,,,8834.0,0.0,0.00614,100.0,3.6265631386013744
,,,,,,8835.0,0.0,0.00614,100.0,3.751730475642099
,,,,,,8836.0,0.0,0.00614,100.0,3.8004587305521307
,,,,,,8837.0,0.0,0.00614,100.0,3.65299908994087
,,,,,,8838.0,0.0,0.00614,100.0,3.578305482348032
,,,,,,8839.0,0.0,0.00614,100.0,3.6538200585303895
,,,,,,8840.0,0.0,0.00614,100.0,3.858896795702499
,,,,,,8841.0,0.0,0.00614,100.0,3.6873314319095973
,,,,,,8843.0,0.0,0.00614,100.0,3.626497486675957
,,,,,,8844.0,0.0,0.00614,100.0,3.69900936882054
,,,,,,8845.0,0.0,0.00614,100.0,3.6158518004969107
,,,,,,8846.0,0.0,0.00614,100.0,3.6449361526844046
,,,,,,8846.0,0.0,0.00614,100.0,3.7047504019515007
,,,,,,8846.0,0.0,0.00614,100.0,3.663787814020174
,,,,,,,,,,
,,,,,,8846.0,-0.6715,0.0,0.0,3.698535594945299
,,,,,,8847.0,-0.67336,0.00018,1.8498,3.4841027375929876
,,,,,,8848.0,-0.6715,0.00037,3.8059,3.6012804012966395
,,,,,,8849.0,-0.6715,0.00056,5.7673,3.812082402925552
,,,,,,8850.0,-0.6715,0.00075,7.7287,3.525660224250668
,,,,,,8851.0,-0.6715,0.00096,9.9187,3.8372727346083333
,,,,,,8852.0,-0.6715,0.00116,11.9758,3.5960799514883455
,,,,,,8853.0,-0.6715,0.00134,13.8202,3.8711408817893718
,,,,,,8854.0,-0.6715,0.00156,16.0262,3.7577333746355177
,,,,,,8855.0,-0.67336,0.00174,17.945,3.6234278096405945
,,,,,,8856.0,-0.6715,0.00194,19.9064,3.6337250156841745
,,,,,,8857.0,-0.6715,0.00213,21.8838,3.6756822489333865
,,,,,,8858.0,-0.67336,0.00232,23.8399,3.6637643048965294
,,,,,,8859.0,-0.67336,0.00251,25.7854,3.5992796220321766
,,,,,,8860.0,-0.6715,0.0027,27.7415,3.832333779762532
,,,,,,8861.0,-0.67336,0.00289,29.6869,3.8878762901487107
,,,,,,8862.0,-0.67336,0.00308,31.643,3.762662846892768
,,,,,,8863.0,-0.6715,0.00326,33.5619,3.7812090216287624
,,,,,,8864.0,-0.67336,0.00347,35.7147,3.595161958185946
,,,,,,8865.0,-0.6715,0.00365,37.5007,3.6392082635487637
,,,,,,8866.0,-0.6715,0.00385,39.595,3.746376736603719
,,,,,,8867.0,-0.67336,0.00403,41.4394,3.65768899234885
,,,,,,8869.0,-0.6715,0.00424,43.5922,3.4379914788150496
,,,,,,8870.0,-0.6715,0.00442,45.4739,3.762844704778087
,,,,,,8871.0,-0.6715,0.00461,47.4353,3.548357243141843
,,,,,,8872.0,-0.6715,0.0048,49.3382,3.747430954550266
,,,,,,8873.0,-0.67336,0.005,51.4538,3.6599559396239743
,,,,,,8874.0,-0.67336,0.00519,53.3939,3.704989998231656
,,,,,,8874.0,-0.67336,0.00524,53.8936,3.631555035205212
,,,,,,8874.0,-1.35231,0.00524,53.8936,3.5785494825979223
,,,,,,8875.0,-1.34859,0.00563,57.9493,3.535542225218526
,,,,,,8876.0,-1.35045,0.006,61.7286,3.5992605073789976
,,,,,,8877.0,-1.34859,0.00639,65.6992,3.654154813765315
,,,,,,8878.0,-1.34859,0.00677,69.638,3.6854760997242937
,,,,,,8879.0,-1.35045,0.00715,73.5715,3.6471638909822035
,,,,,,8880.0,-1.34859,0.00753,77.5102,3.7299010396983823
,,,,,,8881.0,-1.35045,0.00794,81.6776,3.8278969762597836
,,,,,,8882.0,-1.34673,0.00832,85.6057,3.746551871155318
,,,,,,8883.0,-1.35045,0.00871,89.6189,3.6837824886283097
,,,,,,8884.0,-1.34859,0.00911,93.6693,3.644078343372235
,,,,,,8885.0,-1.34859,0.00948,97.5655,3.629380241103763
,,,,,,8886.0,-1.35045,0.00972,100.0,3.6078242713316757
,,,,,,8886.0,-1.35045,0.00972,100.0,3.7958111115890176
,,,,,,,,,,
,,,,,,8886.0,0.66034,0.0,0.0,3.82496433976094
,,,,,,8887.0,0.6715,0.0002,13.2063,3.876571475737406
,,,,,,8888.0,0.67522,0.00039,25.97,3.696792724252075
,,,,,,8889.0,0.67336,0.00057,37.8489,3.8534490816312794
,,,,,,8890.0,0.67708,0.00076,50.3744,3.7954610039749745
,,,,,,8891.0,0.66964,0.00098,64.2954,3.59606873739384
,,,,,,8892.0,0.6715,0.00116,76.5827,3.7410771336582567
,,,,,,8893.0,0.67522,0.00134,88.2914,3.7666106764264993
,,,,,,8894.0,0.6715,0.00152,100.0,3.760001601569803
,,,,,,8894.0,0.0,0.00152,100.0,3.6287496599282933
,,,,,,8895.0,0.0,0.00152,100.0,3.622083275533739
,,,,,,8896.0,0.0,0.00152,100.0,3.747434728153551
,,,,,,8897.0,0.0,0.00152,100.0,3.6818394061569433
,,,,,,8898.0,0.0,0.00152,100.0,3.578114838150812
,,,,,,8899.0,0.0,0.00152,100.0,3.630483764054249
,,,,,,8900.0,0.0,0.00152,100.0,3.694556880465918
,,,,,,8901.0,0.0,0.00152,100.0,3.712343340071919
,,,,,,8902.0,0.0,0.00152,100.0,3.826690377102943
,,,,,,8903.0,0.0,0.00152,100.0,3.6514117004053883
,,,,,,8904.0,0.0,0.00152,100.0,3.6715838509925285
,,,,,,8905.0,0.0,0.00152,100.0,3.681367487527439
,,,,,,8906.0,0.0,0.00152,100.0,3.756260809373741
,,,,,,8907.0,0.0,0.00152,100.0,3.691294912763113
,,,,,,8908.0,0.0,0.00152,100.0,3.5897252457004685
,,,,,,8909.0,0.0,0.00152,100.0,3.6130631337027577
,,,,,,8910.0,0.0,0.00152,100.0,3.728717351073907
,,,,,,8910.0,0.0,0.00152,100.0,3.679037499226087
,,,,,,,,,,
,,,,,,8910.0,-0.6715,0.0,0.0,3.5186712952948107
,,,,,,8911.0,-0.6715,0.00018,0.8541,3.5586540616335394
,,,,,,8912.0,-0.6715,0.00039,1.8601,3.767274627560223
,,,,,,8913.0,-0.67336,0.00058,2.8063,3.5854879823948926
,,,,,,8914.0,-0.67336,0.00078,3.78,3.6554680216084057
,,,,,,8915.0,-0.67336,0.00097,4.6689,3.714390565335688
,,,,,,8916.0,-0.67336,0.00118,5.67,3.8150131718176934
,,,,,,8917.0,-0.6715,0.00137,6.5788,3.70622799620349
,,,,,,8918.0,-0.67336,0.00155,7.4877,3.5987497545042006
,,,,,,8919.0,-0.67336,0.00174,8.3892,3.725730865255133
,,,,,,8920.0,-0.67336,0.00193,9.3155,3.7591504385758037
,,,,,,8921.0,-0.6715,0.00212,10.2343,3.647047613579077
,,,,,,8922.0,-0.67336,0.00231,11.1507,3.8053001632925354
,,,,,,8923.0,-0.6715,0.0025,12.0695,3.690230936311786
,,,,,,8924.0,-0.6715,0.0027,12.9884,3.537562204031645
,,,,,,8925.0,-0.6715,0.00289,13.9047,3.6793864584299163
,,,,,,8926.0,-0.67336,0.00306,14.7514,3.673661673863834
,,,,,,8927.0,-0.67336,0.00327,15.7424,3.686831593383711
,,,,,,8928.0,-0.6715,0.00346,16.6513,3.68545312527811
,,,,,,8929.0,-0.6715,0.00365,17.5677,3.5430096694814517
,,,,,,8930.0,-0.67336,0.00384,18.4865,3.6080600322561036
,,,,,,8932.0,-0.67336,0.00403,19.4054,3.509566442263141
,,,,,,8933.0,-0.6715,0.00423,20.3765,3.6339834184391844
,,,,,,8934.0,-0.67336,0.00441,21.2406,3.5929517591339044
,,,,,,8935.0,-0.6715,0.0046,22.1569,3.8780937092979886
,,,,,,8936.0,-0.67336,0.00479,23.0857,3.57315176583383
,,,,,,8937.0,-0.6715,0.00498,24.0021,3.5974691192801287
,,,,,,8938.0,-0.6715,0.00517,24.9209,3.796063226471973
,,,,,,8939.0,-0.67336,0.00536,25.8298,3.769024593824804
,,,,,,8940.0,-0.67336,0.00555,26.7487,3.575089309776787
,,,,,,8941.0,-0.67336,0.00574,27.6675,3.739990585372873
,,,,,,8942.0,-0.6715,0.00593,28.5938,3.6839850173910347
,,,,,,8943.0,-0.67336,0.00612,29.5052,3.8134513432892048
,,,,,,8944.0,-0.67336,0.00631,30.4216,3.5560198507335214
,,,,,,8945.0,-0.6715,0.0065,31.3379,3.7421114077648094
,,,,,,8946.0,-0.6715,0.00669,32.2568,3.4847205018624043
,,,,,,8947.0,-0.6715,0.00688,33.1657,3.7661056277705707
,,,,,,8948.0,-0.6715,0.00707,34.092,3.6672179924382786
,,,,,,8949.0,-0.6715,0.00726,35.0009,3.726580470789361
,,,,,,8950.0,-0.6715,0.00745,35.9197,3.6900809125284595
,,,,,,8951.0,-0.6715,0.00764,36.8361,3.5747385943202414
,,,,,,8952.0,-0.6715,0.00785,37.8172,3.7479312703253522
,,,,,,8953.0,-0.6715,0.00803,38.6987,3.594520020953658
,,,,,,8954.0,-0.67336,0.00823,39.6798,3.76469633201365
,,,,,,8955.0,-0.6715,0.00841,40.5364,3.697375116045964
,,,,,,8956.0,-0.67336,0.0086,41.4627,3.635656903043511
,,,,,,8957.0,-0.6715,0.00879,42.3815,3.9126132648767573
,,,,,,8958.0,-0.67336,0.00898,43.2979,3.5618161930079224
,,,,,,8959.0,-0.6715,0.00917,44.2142,3.632758096892071
,,,,,,8960.0,-0.67336,0.00936,45.1256,3.6866373393415945
,,,,,,8961.0,-0.67336,0.00957,46.1242,3.7436758139391
,,,,,,8962.0,-0.67336,0.00976,47.0405,3.594954382425225
,,,,,,8963.0,-0.67336,0.00995,47.9594,3.5880689745583347
,,,,,,8964.0,-0.67336,0.01014,48.8782,3.593086184249753
,,,,,,8965.0,-0.67336,0.01033,49.7971,3.48257139572218
,,,,,,8966.0,-0.6715,0.01053,50.7408,3.66675659668386
,,,,,,8967.0,-0.6715,0.01071,51.6148,3.3911434350744605
,,,,,,8968.0,-0.6715,0.0109,52.5411,3.692976540136374
,,,,,,8969.0,-0.67336,0.01111,53.5496,3.6109241908740812
,,,,,,8970.0,-0.6715,0.0113,54.466,3.585006963432673
,,,,,,8971.0,-0.6715,0.01149,55.3649,3.702825938686289
,,,,,,8972.0,-0.67336,0.01168,56.2838,3.470290989426633
,,,,,,8973.0,-0.6715,0.01187,57.1927,3.4997402500403836
,,,,,,8975.0,-0.67522,0.01205,58.0567,3.74113791044424
,,,,,,8976.0,-0.6715,0.01225,59.0553,3.5801802666410056
,,,,,,8977.0,-0.6715,0.01245,59.999,3.7325849625420635
,,,,,,8978.0,-0.67336,0.01264,60.9179,3.703760138890071
,,,,,,8979.0,-0.6715,0.01283,61.8367,3.668225158482834
,,,,,,8980.0,-0.6715,0.01302,62.7456,3.6549986741493408
,,,,,,8981.0,-0.67336,0.01321,63.6619,3.673931413405695
,,,,,,8982.0,-0.6715,0.0134,64.5808,3.7122372468064087
,,,,,,8983.0,-0.6715,0.01359,65.4897,3.851266307327792
,,,,,,8984.0,-0.67336,0.01378,66.4085,3.830059809514499
,,,,,,8985.0,-0.6715,0.01396,67.2801,3.503433749857791
,,,,,,8986.0,-0.6715,0.01416,68.2612,3.6134545935289717
,,,,,,8987.0,-0.6715,0.01435,69.18,3.538850217343489
,,,,,,8988.0,-0.6715,0.01454,70.0789,3.529252222796301
,,,,,,8989.0,-0.6715,0.01472,70.9505,3.5710407916117752
,,,,,,8990.0,-0.67336,0.01491,71.8693,3.6172578579237986
,,,,,,8991.0,-0.67336,0.01513,72.9301,3.58883037972964
,,,,,,8992.0,-0.6715,0.01533,73.8838,3.5983600126520967
,,,,,,8993.0,-0.67336,0.01553,74.8276,3.770809257774483
,,,,,,8994.0,-0.6715,0.01572,75.7564,3.6439549830848565
,,,,,,8995.0,-0.67336,0.0159,76.6105,3.643287484854338
,,,,,,8996.0,-0.67522,0.0161,77.609,3.66942512327712
,,,,,,8997.0,-0.6715,0.01624,78.2764,3.621883693014832
,,,,,,8997.0,-1.34673,0.01624,78.2764,3.7078174845731504
,,,,,,8998.0,-1.35045,0.01669,80.4427,3.7132166840967766
,,,,,,8999.0,-1.34859,0.01708,82.3053,3.420841427294632
,,,,,,9000.0,-1.35045,0.01745,84.1107,3.534351315665296
,,,,,,9001.0,-1.35045,0.01783,85.9384,3.6267465618893766
,,,,,,9002.0,-1.35045,0.01821,87.7811,3.6031303222624746
,,,,,,9003.0,-1.35045,0.0186,89.6437,3.59015641323511
,,,,,,9004.0,-1.34859,0.01898,91.4689,3.5867712565930283
,,,,,,9005.0,-1.35045,0.01936,93.3116,3.4914333240326005
,,,,,,9006.0,-1.35045,0.01974,95.1368,3.536090074145683
,,,,,,9007.0,-1.35045,0.02012,96.9446,3.479083332228727
,,,,,,9008.0,-1.34859,0.0205,98.7898,3.660974409614627
,,,,,,9009.0,-1.35045,0.02075,100.0,3.63273999477322
,,,,,,9009.0,-1.35045,0.02075,100.0,3.565435826541493
,,,,,,,,,,
,,,,,,9009.0,0.67336,0.0,0.0,3.6904478983345084
,,,,,,9010.0,0.67522,0.00021,13.8917,3.647919247997552
,,,,,,9011.0,0.67336,0.00039,25.5022,3.6770120638814014
,,,,,,9012.0,0.67522,0.00058,37.998,3.7821503505051846
,,,,,,9013.0,0.67708,0.00078,51.1747,3.672492484484935
,,,,,,9014.0,0.67336,0.00097,63.6704,3.6695957243495965
,,,,,,9015.0,0.67336,0.00114,75.4171,3.7497928769436366
,,,,,,9016.0,0.67522,0.00134,88.3895,3.7356723403365377
,,,,,,9017.0,0.67336,0.00152,100.0,3.718022821443865
,,,,,,9017.0,0.0,0.00152,100.0,3.860522376706016
,,,,,,9018.0,0.0,0.00152,100.0,3.7690082896368833
,,,,,,9019.0,0.0,0.00152,100.0,3.6760899876109665
,,,,,,9020.0,0.0,0.00152,100.0,3.769682959411886
,,,,,,9021.0,0.0,0.00152,100.0,3.785549278499046
,,,,,,9022.0,0.0,0.00152,100.0,3.455861803715506
,,,,,,9023.0,0.0,0.00152,100.0,3.676025923765389
,,,,,,9024.0,0.0,0.00152,100.0,3.611896997742949
,,,,,,9025.0,0.0,0.00152,100.0,3.6795008476158695
,,,,,,9026.0,0.0,0.00152,100.0,3.5418123360966374
,,,,,,9027.0,0.0,0.00152,100.0,3.6171461922200314
,,,,,,9028.0,0.0,0.00152,100.0,3.8464579803832626
,,,,,,9029.0,0.0,0.00152,100.0,3.383735180958402
,,,,,,9030.0,0.0,0.00152,100.0,3.823340852689478
,,,,,,9032.0,0.0,0.00152,100.0,3.786379348470426
,,,,,,9033.0,0.0,0.00152,100.0,3.858634712876542
,,,,,,9033.0,0.0,0.00152,100.0,3.8186759904426397
,,,,,,9033.0,0.0,0.00152,100.0,3.6511698706835363
,,,,,,,,,,
,,,,,,9033.0,-0.6715,0.0,0.0,3.744491154641692
,,,,,,9034.0,-0.6715,0.00019,0.4677,3.680138807861716
,,,,,,9035.0,-0.6715,0.00037,0.9078,3.685970822180825
,,,,,,9036.0,-0.6715,0.00056,1.363,3.580230338430717
,,,,,,9037.0,-0.67336,0.00075,1.8219,3.6134359357576815
,,,,,,9038.0,-0.6715,0.00094,2.2859,3.545345911148662
,,,,,,9039.0,-0.6715,0.00115,2.8077,3.615226879356399
,,,,,,9040.0,-0.6715,0.00135,3.2754,3.647478201819076
,,,,,,9041.0,-0.6715,0.00153,3.7343,3.6496997029865255
,,,,,,9042.0,-0.67336,0.00174,4.2385,3.7494951715003917
,,,,,,9044.0,-0.6715,0.00192,4.6836,3.717308832690347
,,,,,,9045.0,-0.67336,0.00212,5.1476,3.8509069815304326
,,,,,,9046.0,-0.67336,0.00231,5.6103,3.623980676830547
,,,,,,9047.0,-0.67336,0.00249,6.0655,3.7759422835160783
,,,,,,9048.0,-0.6715,0.00268,6.5244,3.674527753985833
,,,,,,9049.0,-0.6715,0.00287,6.9922,3.847946562267845
,,,,,,9050.0,-0.67336,0.00306,7.4511,3.7166966258927685
,,,,,,9051.0,-0.6715,0.00325,7.9138,3.519240818831593
,,,,,,9052.0,-0.6715,0.00344,8.3778,3.682875408314245
,,,,,,9053.0,-0.6715,0.00363,8.8417,3.6923392368069217
,,,,,,9054.0,-0.6715,0.00382,9.3044,3.6543747496260566
,,,,,,9055.0,-0.6715,0.00404,9.8225,3.7078569652867848
,,,,,,9056.0,-0.67336,0.00422,10.2638,3.724575597722748
,,,,,,9057.0,-0.6715,0.00441,10.7315,3.5902530397691015
,,,,,,9058.0,-0.67336,0.0046,11.1955,3.7011369609355
,,,,,,9059.0,-0.67336,0.00479,11.6595,3.637054297338549
,,,,,,9060.0,-0.6715,0.00499,12.1461,3.6214890273066476
,,,,,,9061.0,-0.67336,0.00518,12.6088,3.672033973640034
,,,,,,9062.0,-0.6715,0.00537,13.0727,3.6624233125321592
,,,,,,9063.0,-0.6715,0.00556,13.5354,3.661188712000003
,,,,,,9064.0,-0.6715,0.00575,13.9994,3.5455936759033047
,,,,,,9065.0,-0.67336,0.00593,14.4319,3.5118161763816973
,,,,,,9066.0,-0.6715,0.00613,14.9085,3.5251883673364577
,,,,,,9067.0,-0.67336,0.00632,15.3762,3.6394285023524757
,,,,,,9068.0,-0.6715,0.00651,15.8402,3.8293511403798304
,,,,,,9068.0,-0.67336,0.00653,15.8942,3.487926442510966
,,,,,,9068.0,-5.40365,0.00653,15.8942,3.4046755054393003
,,,,,,9069.0,-5.40365,0.0082,19.9505,3.474912914110541
,,,,,,9070.0,-5.40365,0.00977,23.7867,3.502149092047519
,,,,,,9071.0,-5.40551,0.01129,27.477,3.4121416432033707
,,,,,,9072.0,-5.40923,0.01284,31.2415,3.518172297673004
,,,,,,9073.0,-5.40737,0.01434,34.8954,3.4070106491096914
,,,,,,9074.0,-5.40365,0.01581,38.4776,3.420775274038117
,,,,,,9075.0,-5.40551,0.01737,42.2773,3.437014272973502
,,,,,,9076.0,-5.40737,0.01854,45.1277,3.41227217839023
,,,,,,9076.0,-3.38356,0.01854,45.1277,3.596985270634442
,,,,,,9077.0,-3.37984,0.0195,47.4576,3.621885380620324
,,,,,,9078.0,-3.37798,0.02048,49.8328,3.43204459583753
,,,,,,9079.0,-3.37798,0.02145,52.2079,3.5192652917773675
,,,,,,9080.0,-3.37984,0.02241,54.5378,3.5923217272069308
,,,,,,9081.0,-3.37612,0.02338,56.8903,3.5678109107548086
,,,,,,9082.0,-3.37798,0.02433,59.195,3.510424028693917
,,,,,,9083.0,-3.37426,0.02538,61.7525,3.330622748055791
,,,,,,9084.0,-3.37798,0.02635,64.1264,3.5902239959284006
,,,,,,9085.0,-3.37984,0.02732,66.4789,3.391280910619893
,,,,,,9086.0,-3.37798,0.02827,68.7849,3.405072035329189
,,,,,,9088.0,-3.37798,0.02919,71.023,3.642074625085375
,,,,,,9089.0,-3.37798,0.03023,73.5578,3.6429896436590044
,,,,,,9090.0,-3.37984,0.03113,75.7506,3.4696421287116723
,,,,,,9091.0,-3.37612,0.03218,78.3081,3.5571811447690473
,,,,,,9092.0,-3.37984,0.03311,80.5688,3.464803402917639
,,,,,,9093.0,-3.38356,0.03406,82.8736,3.4151421895689023
,,,,,,9094.0,-3.37984,0.03509,85.3858,3.3934380897641674
,,,,,,9095.0,-3.37984,0.03606,87.7609,3.776119495361515
,,,,,,9096.0,-3.37984,0.03702,90.0895,3.389253049485249
,,,,,,9097.0,-3.37984,0.03799,92.442,3.5196045615709637
,,,,,,9098.0,-3.37426,0.03888,94.611,3.3761792657737835
,,,,,,9099.0,-3.37612,0.03985,96.9635,3.4303416111799088
,,,,,,9100.0,-3.37426,0.04086,99.4292,3.48594823038277
,,,,,,9100.0,-3.37612,0.04109,100.0,3.2431958576128856
,,,,,,9100.0,-3.37612,0.04109,100.0,3.5164182606333103
,,,,,,,,,,
,,,,,,9100.0,1.35231,0.0,0.0,3.6168535298777273
,,,,,,9101.0,1.35045,0.00042,13.9013,3.642242132615877
,,,,,,9102.0,1.35045,0.0008,26.5436,3.6838430119281864
,,,,,,9103.0,1.35045,0.00117,39.1859,3.5620215880549018
,,,,,,9104.0,1.35045,0.00156,51.9317,3.655830527880642
,,,,,,9105.0,1.35417,0.00196,65.4536,3.797431611568738
,,,,,,9106.0,1.35045,0.00232,77.5957,3.8134597736087095
,,,,,,9107.0,1.35045,0.00271,90.3587,3.72319606944912
,,,,,,9108.0,1.34859,0.003,100.0,3.768326191192688
,,,,,,9108.0,1.34859,0.003,100.0,3.9208858815601446
,,,,,,,,,,
,,,,,,9108.0,-1.35231,0.0,0.0,3.6512287569376296
,,,,,,9109.0,-1.34859,0.00041,3.3946,3.6599155607811666
,,,,,,9110.0,-1.35231,0.00079,6.5703,3.616898360520016
,,,,,,9111.0,-1.35045,0.00118,9.7803,3.5250861956225243
,,,,,,9112.0,-1.34673,0.00156,12.9259,3.6226770973138667
,,,,,,9113.0,-1.35231,0.00194,16.1016,3.7985073045807196
,,,,,,9114.0,-1.34859,0.0023,19.0885,3.5056728663805092
,,,,,,9115.0,-1.35045,0.00273,22.6375,3.540676207842061
,,,,,,9116.0,-1.35045,0.00308,25.5944,3.7244429615074264
,,,,,,9117.0,-1.35045,0.00347,28.8044,3.6872003228525516
,,,,,,9118.0,-1.34859,0.00385,31.9758,3.7113975621594424
,,,,,,9120.0,-1.34859,0.00424,35.2459,3.503182171615924
,,,,,,9121.0,-1.34859,0.00466,38.7005,3.5139789770555603
,,,,,,9122.0,-1.35045,0.00502,41.666,3.6132490573285954
,,,,,,9123.0,-1.35789,0.00543,45.1249,3.5673779258579037
,,,,,,9124.0,-1.34859,0.00579,48.056,3.617418972035239
,,,,,,9125.0,-1.34859,0.00617,51.2317,3.5986596503273374
,,,,,,9126.0,-1.34859,0.00657,54.5318,3.8630538968147876
,,,,,,9127.0,-1.34859,0.00694,57.6732,3.6436153366580646
,,,,,,9128.0,-1.35231,0.00732,60.8188,3.5145124556527554
,,,,,,9129.0,-1.34673,0.00771,64.0546,3.647188983480346
,,,,,,9130.0,-1.35045,0.00809,67.2303,3.5758272416479913
,,,,,,9131.0,-1.35045,0.00845,70.2214,3.5312401345928706
,,,,,,9132.0,-1.35045,0.00887,73.6804,3.609274958654675
,,,,,,9133.0,-1.35045,0.00923,76.6672,3.4838871565024205
,,,,,,9134.0,-1.34859,0.00965,80.1262,3.5952307802236096
,,,,,,9135.0,-1.34859,0.01,83.083,3.7040944025123994
,,,,,,9136.0,-1.35045,0.01041,86.4432,3.5812842216986165
,,,,,,9137.0,-1.34859,0.01082,89.8378,3.6440520042937914
,,,,,,9138.0,-1.34859,0.0112,93.0478,3.5564107694420652
,,,,,,9139.0,-1.35045,0.01159,96.2278,3.737375308007822
,,,,,,9140.0,-1.34859,0.01198,99.5022,3.6109120539732085
,,,,,,9140.0,-1.35231,0.01204,100.0,3.597325944428138
,,,,,,9140.0,-1.35231,0.01204,100.0,3.6171230618759966
,,,,,,,,,,
,,,,,,9140.0,2.70089,0.0,0.0,3.850944181843796
,,,,,,9141.0,2.70461,0.00071,11.8172,3.7056188477213783
,,,,,,9142.0,2.70089,0.00152,25.5303,3.801919529965411
,,,,,,9143.0,2.70089,0.00229,38.3517,3.796940680878819
,,,,,,9144.0,2.70461,0.00305,51.0605,3.888883767921728
,,,,,,9145.0,2.70461,0.00379,63.5097,3.6847077761794864
,,,,,,9146.0,2.70275,0.00455,76.2272,3.826084333335821
,,,,,,9147.0,2.70275,0.00531,88.936,3.8287731895896493
,,,,,,9148.0,2.70461,0.00597,100.0,3.811608974284055
,,,,,,9148.0,0.0,0.00597,100.0,3.753051272518735
,,,,,,9149.0,0.0,0.00597,100.0,3.8484215090407803
,,,,,,9150.0,0.0,0.00597,100.0,3.7974621984723615
,,,,,,9151.0,0.0,0.00597,100.0,3.6829991840376697
,,,,,,9152.0,0.0,0.00597,100.0,3.6169299181686156
,,,,,,9153.0,0.0,0.00597,100.0,3.7848537694845152
,,,,,,9154.0,0.0,0.00597,100.0,3.808684843450459
,,,,,,9155.0,0.0,0.00597,100.0,3.766794708532534
,,,,,,9156.0,0.0,0.00597,100.0,3.7005777318597466
,,,,,,9158.0,0.0,0.00597,100.0,3.5062216389671006
,,,,,,9159.0,0.0,0.00597,100.0,3.677962259786968
,,,,,,9160.0,0.0,0.00597,100.0,3.664226473981271
,,,,,,9161.0,0.0,0.00597,100.0,3.6815804771887684
,,,,,,9162.0,0.0,0.00597,100.0,3.6855626413513574
,,,,,,9163.0,0.0,0.00597,100.0,3.5613892075319584
,,,,,,9164.0,0.0,0.00597,100.0,3.7468925038889394
,,,,,,9165.0,0.0,0.00597,100.0,3.5681242992872186
,,,,,,9166.0,0.0,0.00597,100.0,3.6538316128745265
,,,,,,9167.0,0.0,0.00597,100.0,3.6066786002869864
,,,,,,9168.0,0.0,0.00597,100.0,3.6632252210427994
,,,,,,9169.0,0.0,0.00597,100.0,3.701699867887338
,,,,,,9170.0,0.0,0.00597,100.0,3.7322074190253067
,,,,,,9171.0,0.0,0.00597,100.0,3.8485421561581212
,,,,,,9172.0,0.0,0.00597,100.0,3.6940377214803446
,,,,,,9173.0,0.0,0.00597,100.0,3.7654095675138013
,,,,,,9174.0,0.0,0.00597,100.0,3.674096299732611
,,,,,,9175.0,0.0,0.00597,100.0,3.7548933449977246
,,,,,,9176.0,0.0,0.00597,100.0,3.7193058377021404
,,,,,,9177.0,0.0,0.00597,100.0,3.7002348319845275
,,,,,,9178.0,0.0,0.00597,100.0,3.831421551302286
,,,,,,9179.0,0.0,0.00597,100.0,3.728753862238314
,,,,,,9180.0,0.0,0.00597,100.0,3.7008700222596302
,,,,,,9181.0,0.0,0.00597,100.0,3.79637784419067
,,,,,,9182.0,0.0,0.00597,100.0,3.732247418511234
,,,,,,9183.0,0.0,0.00597,100.0,3.773048404927532
,,,,,,9184.0,0.0,0.00597,100.0,3.7157057609255606
,,,,,,9185.0,0.0,0.00597,100.0,3.5259900992898414
,,,,,,9186.0,0.0,0.00597,100.0,3.6687992371485936
,,,,,,9187.0,0.0,0.00597,100.0,3.705570144082564
,,,,,,9187.0,0.0,0.00597,100.0,3.601254737746096
,,,,,,9188.0,0.0,0.00597,100.0,3.5772834932211586
,,,,,,9189.0,0.0,0.00597,100.0,3.8998657862905293
,,,,,,9190.0,0.0,0.00597,100.0,3.655144084620968
,,,,,,9191.0,0.0,0.00597,100.0,3.717359718063668
,,,,,,9193.0,0.0,0.00597,100.0,3.7825666333324732
,,,,,,9194.0,0.0,0.00597,100.0,3.6370012854292226
,,,,,,9195.0,0.0,0.00597,100.0,3.7470180829430144
,,,,,,9196.0,0.0,0.00597,100.0,3.747522955750251
,,,,,,9197.0,0.0,0.00597,100.0,3.5126757682753023
,,,,,,9198.0,0.0,0.00597,100.0,3.7495727319235646
,,,,,,9199.0,0.0,0.00597,100.0,3.6817371684166287
,,,,,,9200.0,0.0,0.00597,100.0,3.6385578506497356
,,,,,,9201.0,0.0,0.00597,100.0,3.8135783030850567
,,,,,,9202.0,0.0,0.00597,100.0,3.776611133488994
,,,,,,9203.0,0.0,0.00597,100.0,3.5801324720999554
,,,,,,9204.0,0.0,0.00597,100.0,3.7958203877425976
,,,,,,9204.0,0.0,0.00597,100.0,3.7228237569397886
,,,,,,9204.0,0.0,0.00597,100.0,3.5438418137755523
,,,,,,,,,,
,,,,,,9204.0,-0.66964,0.0,0.0,3.588555160391062
,,,,,,9205.0,-0.6715,0.00021,2.1224,3.5999621419571946
,,,,,,9206.0,-0.6715,0.0004,4.0701,3.621540563898537
,,,,,,9207.0,-0.67336,0.00059,6.0231,3.591767760753066
,,,,,,9208.0,-0.67336,0.00078,7.9761,3.8731581083339237
,,,,,,9209.0,-0.6715,0.00097,9.9238,3.7185757244271835
,,,,,,9210.0,-0.6715,0.00116,11.8768,3.5033499133789663
,,,,,,9211.0,-0.6715,0.00136,13.9039,3.718600811315224
,,,,,,9212.0,-0.67336,0.00155,15.8728,3.7404888185149012
,,,,,,9214.0,-0.67336,0.00174,17.8258,3.5040410986999997
,,,,,,9215.0,-0.67336,0.00193,19.7946,3.6146084544555124
,,,,,,9216.0,-0.6715,0.00212,21.7635,3.5741546017775576
,,,,,,9217.0,-0.67336,0.00232,23.7165,3.661416728570851
,,,,,,9218.0,-0.6715,0.00251,25.6695,3.7921817289586084
,,,,,,9219.0,-0.67336,0.0027,27.6225,3.734954379961759
,,,,,,9220.0,-0.67336,0.00289,29.5702,3.607778261311493
,,,,,,9221.0,-0.6715,0.00308,31.5391,3.5610470572246684
,,,,,,9222.0,-0.67336,0.00327,33.5133,3.589423995648996
,,,,,,9223.0,-0.6715,0.00346,35.4451,3.5346361731562714
,,,,,,9224.0,-0.67336,0.00365,37.4193,3.6461415154182
,,,,,,9225.0,-0.67336,0.00383,39.1976,3.6706610761395755
,,,,,,9226.0,-0.67336,0.00404,41.3623,3.579615855242202
,,,,,,9227.0,-0.6715,0.00421,43.1566,3.5847733857600095
,,,,,,9228.0,-0.6715,0.00441,45.1307,3.5879309084570954
,,,,,,9229.0,-0.67336,0.00461,47.216,3.654866546475728
,,,,,,9230.0,-0.67336,0.00478,48.9944,3.52087587593411
,,,,,,9231.0,-0.67336,0.005,51.2332,3.7194170552106267
,,,,,,9232.0,-0.67336,0.00518,53.1068,3.440857662384505
,,,,,,9232.0,-0.6715,0.00523,53.6043,3.7197600799412243
,,,,,,9232.0,-1.35417,0.00523,53.6043,3.720836830254593
,,,,,,9233.0,-1.34859,0.00563,57.6797,3.6091004083616447
,,,,,,9234.0,-1.35045,0.00602,61.7074,3.742792198457549
,,,,,,9235.0,-1.35045,0.00641,65.6293,3.7691909515036155
,,,,,,9236.0,-1.35231,0.00679,69.5088,3.4075138451903038
,,,,,,9237.0,-1.34487,0.00717,73.4254,3.6676505170114413
,,,,,,9238.0,-1.34859,0.00756,77.4585,3.3964000540257557
,,,,,,9239.0,-1.35045,0.00796,81.5285,3.566486451227309
,,,,,,9241.0,-1.34859,0.00836,85.5986,3.6501865781600906
,,,,,,9242.0,-1.35045,0.00871,89.2135,3.624451358111181
,,,,,,9243.0,-1.35045,0.0091,93.1671,3.692336053758593
,,,,,,9244.0,-1.35045,0.00948,97.0837,3.662248435755474
,,,,,,9244.0,-1.34859,0.00976,100.0,3.873538981160435
,,,,,,9244.0,-1.34859,0.00976,100.0,3.789538834214085
,,,,,,,,,,
,,,,,,9244.0,0.68452,0.0,0.0,3.9377574713730445
,,,,,,9245.0,0.67336,0.00019,12.8965,3.6783182925609648
,,,,,,9246.0,0.66778,0.00038,25.9672,3.7762854872615628
,,,,,,9247.0,0.67522,0.00056,37.6786,3.7061255537082887
,,,,,,9248.0,0.66778,0.00077,51.9345,3.573046336401527
,,,,,,9249.0,0.67522,0.00095,64.1338,3.749258637326201
,,,,,,9250.0,0.67708,0.00114,77.0303,3.8375532443905955
,,,,,,9252.0,0.67336,0.00134,90.2754,3.7408735493922793
,,,,,,9252.0,0.67522,0.00148,100.0,3.572658450528226
,,,,,,9252.0,0.0,0.00148,100.0,3.6145635638486855
,,,,,,9253.0,0.0,0.00148,100.0,3.834824702752795
,,,,,,9254.0,0.0,0.00148,100.0,3.54860310855409
,,,,,,9255.0,0.0,0.00148,100.0,3.737706390602509
,,,,,,9256.0,0.0,0.00148,100.0,3.6561589398543703
,,,,,,9258.0,0.0,0.00148,100.0,3.819386970211329
,,,,,,9259.0,0.0,0.00148,100.0,3.6011427544401595
,,,,,,9260.0,0.0,0.00148,100.0,3.696566679156508
,,,,,,9261.0,0.0,0.00148,100.0,3.5583177698719988
,,,,,,9262.0,0.0,0.00148,100.0,3.717333326098611
,,,,,,9263.0,0.0,0.00148,100.0,3.578537283206909
,,,,,,9264.0,0.0,0.00148,100.0,3.7089892873423596
,,,,,,9265.0,0.0,0.00148,100.0,3.7174202200485755
,,,,,,9266.0,0.0,0.00148,100.0,3.612021911336769
,,,,,,9267.0,0.0,0.00148,100.0,3.856044588212145
,,,,,,9268.0,0.0,0.00148,100.0,3.6346316943837462
,,,,,,9268.0,0.0,0.00148,100.0,3.8062536686311326
,,,,,,9268.0,0.0,0.00148,100.0,3.65971658059125
,,,,,,,,,,
,,,,,,9268.0,-0.6715,0.0,0.0,3.719841967599884
,,,,,,9269.0,-0.6715,0.00021,0.9867,3.6522929407427718
,,,,,,9270.0,-0.6715,0.0004,1.9213,3.632358477589831
,,,,,,9271.0,-0.67336,0.00059,2.8558,3.842598354529505
,,,,,,9273.0,-0.6715,0.00078,3.7356,3.543617642414812
,,,,,,9274.0,-0.6715,0.001,4.787,3.447295236741801
,,,,,,9275.0,-0.67336,0.00118,5.6768,3.73009029895057
,,,,,,9276.0,-0.6715,0.00138,6.6213,3.7500148111445193
,,,,,,9277.0,-0.67336,0.00157,7.5633,3.5837280704847374
,,,,,,9278.0,-0.67336,0.00177,8.5077,3.623092593600115
,,,,,,9279.0,-0.6715,0.00196,9.4323,3.791599407848259
,,,,,,9280.0,-0.67336,0.00215,10.3495,3.5588789487478882
,,,,,,9281.0,-0.6715,0.00234,11.2566,3.5778779612634035
,,,,,,9282.0,-0.6715,0.00253,12.1738,3.740419474669177
,,,,,,9283.0,-0.66964,0.00272,13.0884,3.546933643241908
,,,,,,9284.0,-0.67336,0.00291,14.0056,3.674059298478844
,,,,,,9285.0,-0.6715,0.00312,14.9848,3.711471129983199
,,,,,,9286.0,-0.6715,0.00331,15.9094,3.8581180499672616
,,,,,,9287.0,-0.67336,0.0035,16.8266,3.5753521525315066
,,,,,,9288.0,-0.6715,0.00369,17.7437,3.7288022295328695
,,,,,,9289.0,-0.67336,0.00388,18.6608,3.508082085399754
,,,,,,9290.0,-0.6715,0.00407,19.568,3.824646931137991
,,,,,,9291.0,-0.67336,0.00426,20.4926,3.542109620898097
,,,,,,9292.0,-0.67336,0.00445,21.4172,3.537720853105002
,,,,,,9293.0,-0.67522,0.00464,22.3269,3.5975983070901414
,,,,,,9294.0,-0.67336,0.00483,23.2241,3.541688688443362
,,,,,,9295.0,-0.67336,0.00502,24.1438,3.733339040326922
,,,,,,9296.0,-0.67336,0.00521,25.051,3.5937182709507454
,,,,,,9297.0,-0.67336,0.0054,25.9681,3.632980000413522
,,,,,,9298.0,-0.6715,0.00559,26.8927,3.550700901085069
,,,,,,9299.0,-0.67522,0.00578,27.8073,3.7114548824033102
,,,,,,9300.0,-0.6715,0.00597,28.7145,3.5185901884191524
,,,,,,9301.0,-0.6715,0.00616,29.6217,3.6703451188820044
,,,,,,9302.0,-0.67336,0.00635,30.5488,3.6819856433850364
,,,,,,9303.0,-0.67336,0.00654,31.4634,3.5418006381308578
,,,,,,9304.0,-0.67336,0.00673,32.388,3.711467618738015
,,,,,,9305.0,-0.67336,0.00692,33.3052,3.752060253891615
,,,,,,9306.0,-0.6715,0.00711,34.2198,3.5691913902976102
,,,,,,9307.0,-0.67336,0.0073,35.1369,3.5762800749933676
,,,,,,9308.0,-0.67336,0.00749,36.0441,3.7194338742201936
,,,,,,9309.0,-0.67336,0.00766,36.8693,3.57723259631365
,,,,,,9310.0,-0.67336,0.00786,37.8138,3.6824702176345947
,,,,,,9311.0,-0.6715,0.00805,38.7284,3.5396558820497095
,,,,,,9313.0,-0.6715,0.00827,39.7624,3.4710493709240815
,,,,,,9314.0,-0.66778,0.00845,40.6422,3.65354590145016
,,,,,,9315.0,-0.6715,0.00864,41.5569,3.567748590369313
,,,,,,9316.0,-0.67336,0.00884,42.5014,3.617554885603689
,,,,,,9317.0,-0.6715,0.00903,43.416,3.633983352464843
,,,,,,9318.0,-0.67336,0.00922,44.3605,3.7493149568788304
,,,,,,9319.0,-0.6715,0.00942,45.295,3.8373919263127063
,,,,,,9320.0,-0.6715,0.00961,46.2221,3.5954526181734834
,,,,,,9321.0,-0.67336,0.0098,47.1268,3.4985639001614226
,,,,,,9322.0,-0.6715,0.00999,48.0439,3.546981490574527
,,,,,,9323.0,-0.6715,0.01018,48.9511,3.8202031432558563
,,,,,,9324.0,-0.6715,0.01037,49.8782,3.5654765120916068
,,,,,,9325.0,-0.67336,0.01056,50.7953,3.836516114453156
,,,,,,9326.0,-0.67336,0.01077,51.8268,3.868783531917483
,,,,,,9327.0,-0.6715,0.01096,52.7091,3.761908060592956
,,,,,,9328.0,-0.67336,0.01116,53.6884,3.8427900049699883
,,,,,,9329.0,-0.6715,0.01135,54.613,3.5651315508026378
,,,,,,9330.0,-0.67336,0.01155,55.5376,3.45229930925611
,,,,,,9331.0,-0.6715,0.01174,56.4547,3.7072238687386325
,,,,,,9332.0,-0.6715,0.01193,57.3719,3.465437955888503
,,,,,,9333.0,-0.67336,0.01212,58.3163,3.5898490984135343
,,,,,,9334.0,-0.6715,0.0123,59.1863,3.7009069115619755
,,,,,,9335.0,-0.6715,0.01249,60.0935,3.5253001280105414
,,,,,,9336.0,-0.67336,0.01268,61.0106,3.745161370183912
,,,,,,9337.0,-0.67336,0.01288,61.9352,3.638558921451623
,,,,,,9338.0,-0.6715,0.01307,62.8523,3.560130108869158
,,,,,,9339.0,-0.6715,0.01326,63.7694,3.6602234245036867
,,,,,,9340.0,-0.6715,0.01345,64.6841,3.471091479535152
,,,,,,9341.0,-0.67336,0.01365,65.646,3.5496187274044644
,,,,,,9342.0,-0.6715,0.01382,66.4736,3.8402733325461824
,,,,,,9343.0,-0.67336,0.01401,67.4082,3.657777612011228
,,,,,,9344.0,-0.67336,0.0142,68.3154,3.6902809080800045
,,,,,,9345.0,-0.67336,0.01439,69.2325,3.614312234495895
,,,,,,9346.0,-0.6715,0.0146,70.2292,3.689672094219236
,,,,,,9347.0,-0.67336,0.01479,71.1463,3.536011433659756
,,,,,,9349.0,-0.6715,0.01498,72.051,3.5213241200035053
,,,,,,9350.0,-0.67336,0.01517,72.9607,3.7469203611756834
,,,,,,9351.0,-0.6715,0.01536,73.8853,3.6536328703947882
,,,,,,9352.0,-0.6715,0.01555,74.7999,3.5754044023983713
,,,,,,9353.0,-0.6715,0.01575,75.7519,3.7025718668186927
,,,,,,9354.0,-0.6715,0.01594,76.659,3.661949555606368
,,,,,,9355.0,-0.67336,0.01613,77.5762,3.565860685560191
,,,,,,9355.0,-0.67336,0.01624,78.1404,3.4416370300574273
,,,,,,9355.0,-1.35417,0.01624,78.1404,3.6075788584228228
,,,,,,9356.0,-1.34673,0.01662,79.9423,3.67721128994293
,,,,,,9357.0,-1.34673,0.01704,81.9779,3.619201407225821
,,,,,,9358.0,-1.35045,0.01743,83.8371,3.6649149685195916
,,,,,,9359.0,-1.34859,0.01781,85.6788,3.822927324039026
,,,,,,9360.0,-1.34673,0.01819,87.5155,3.4055532061738414
,,,,,,9362.0,-1.35045,0.01858,89.3747,3.500551888486049
,,,,,,9363.0,-1.35045,0.01896,91.1965,3.5548826971729652
,,,,,,9364.0,-1.35603,0.01932,92.9115,3.6510434814041584
,,,,,,9365.0,-1.34859,0.01971,94.788,3.639672672445848
,,,,,,9366.0,-1.35045,0.02009,96.6272,3.586698180648978
,,,,,,9367.0,-1.34673,0.02049,98.5386,3.4918160723860527
,,,,,,9367.0,-1.35231,0.02079,100.0,3.7005653542711934
,,,,,,9367.0,-1.35231,0.02079,100.0,3.868563637128814
,,,,,,,,,,
,,,,,,9367.0,0.66778,0.0,0.0,3.554677490019762
,,,,,,9368.0,0.67336,0.00019,12.7903,3.6328102925389123
,,,,,,9369.0,0.6715,0.00039,25.8579,3.7972256264748854
,,,,,,9371.0,0.67522,0.00057,38.2669,3.712897854226191
,,,,,,9372.0,0.6715,0.00077,51.8891,3.7915464064704305
,,,,,,9373.0,0.6715,0.00096,64.5061,3.6075105154281184
,,,,,,9374.0,0.67894,0.00115,77.435,3.64763281971071
,,,,,,9375.0,0.67336,0.00135,90.4333,3.7399386136422903
,,,,,,9375.0,0.67336,0.00149,100.0,3.7883650852555193
,,,,,,9375.0,0.0,0.00149,100.0,3.768783205100383
,,,,,,9376.0,0.0,0.00149,100.0,3.6847932958246123
,,,,,,9378.0,0.0,0.00149,100.0,3.70303524242203
,,,,,,9379.0,0.0,0.00149,100.0,3.5674304452948404
,,,,,,9380.0,0.0,0.00149,100.0,3.590623985209924
,,,,,,9381.0,0.0,0.00149,100.0,3.676528894977936
,,,,,,9382.0,0.0,0.00149,100.0,3.707998459103416
,,,,,,9383.0,0.0,0.00149,100.0,3.7154054527507814
,,,,,,9384.0,0.0,0.00149,100.0,3.523313910989415
,,,,,,9385.0,0.0,0.00149,100.0,3.7024676072168403
,,,,,,9386.0,0.0,0.00149,100.0,3.8259397886975943
,,,,,,9387.0,0.0,0.00149,100.0,3.735737596163142
,,,,,,9388.0,0.0,0.00149,100.0,3.6945657822834392
,,,,,,9389.0,0.0,0.00149,100.0,3.856631632320165
,,,,,,9390.0,0.0,0.00149,100.0,3.5072540516053827
,,,,,,9391.0,0.0,0.00149,100.0,3.7097327416563997
,,,,,,9391.0,0.0,0.00149,100.0,3.556601075058646
,,,,,,9391.0,0.0,0.00149,100.0,3.549000431155
,,,,,,,,,,
,,,,,,9391.0,-0.66778,0.0,0.0,3.842189575245403
,,,,,,9393.0,-0.6715,0.0002,0.4754,3.5212745500503924
,,,,,,9394.0,-0.67336,0.0004,0.9647,3.629086061341921
,,,,,,9395.0,-0.67336,0.00059,1.4326,3.5247557582837543
,,,,,,9396.0,-0.67336,0.00078,1.8942,3.755150987854164
,,,,,,9397.0,-0.67336,0.00099,2.4061,3.6575851911919397
,,,,,,9398.0,-0.67336,0.00119,2.8878,3.598728990254527
,,,,,,9399.0,-0.6715,0.00138,3.3444,3.53731001372065
,,,,,,9400.0,-0.6715,0.00159,3.8562,3.7867128222992372
,,,,,,9401.0,-0.67336,0.00178,4.3104,3.805928214349123
,,,,,,9402.0,-0.67336,0.00197,4.7733,3.619534269365089
,,,,,,9403.0,-0.6715,0.00216,5.2349,3.6486093214175024
,,,,,,9404.0,-0.6715,0.00234,5.6928,3.526935883047015
,,,,,,9405.0,-0.67336,0.00252,6.1281,3.6784133761338986
,,,,,,9406.0,-0.67336,0.00272,6.5947,3.6655670373826754
,,,,,,9407.0,-0.67336,0.00291,7.0576,3.5996832724026087
,,,,,,9408.0,-0.66964,0.0031,7.5193,3.8244492664962015
,,,,,,9409.0,-0.67336,0.00329,7.9822,3.6282925952454312
,,,,,,9410.0,-0.67336,0.00348,8.4451,3.5790968742999323
,,,,,,9411.0,-0.6715,0.00367,8.9042,3.673465829794818
,,,,,,9412.0,-0.6715,0.00386,9.3709,3.874498798084424
,,,,,,9413.0,-0.67336,0.00406,9.8476,3.655325760529557
,,,,,,9414.0,-0.67336,0.00427,10.3594,3.6272204908878938
,,,,,,9415.0,-0.67336,0.00446,10.8273,3.665978745392403
,,,,,,9416.0,-0.67336,0.00463,11.2488,3.644488893232629
,,,,,,9417.0,-0.67336,0.00484,11.7519,3.6180391792265048
,,,,,,9418.0,-0.6715,0.00503,12.2148,3.46418592508756
,,,,,,9419.0,-0.67336,0.00522,12.6726,3.780680538200463
,,,,,,9420.0,-0.6715,0.00541,13.1355,3.608502603597261
,,,,,,9421.0,-0.67336,0.0056,13.5972,3.538839775652178
,,,,,,9422.0,-0.66778,0.00578,14.0275,3.5064174880315013
,,,,,,9423.0,-0.67522,0.00598,14.523,3.592506932538206
,,,,,,9424.0,-0.6715,0.00617,14.9859,3.653926252942641
,,,,,,9426.0,-0.67336,0.00636,15.4526,3.7603425383233655
,,,,,,9427.0,-0.6715,0.00656,15.9154,3.5364832050153594
,,,,,,9427.0,-5.40365,0.00656,15.9154,3.5311230905610613
,,,,,,9428.0,-5.40923,0.00804,19.5246,3.4730615794577546
,,,,,,9429.0,-5.40551,0.00951,23.0985,3.5953880869489274
,,,,,,9430.0,-5.40737,0.01117,27.1091,3.418575971734241
,,,,,,9431.0,-5.40551,0.01264,30.6818,3.535620853441772
,,,,,,9432.0,-5.40551,0.01433,34.8015,3.331354896743392
,,,,,,9433.0,-5.40737,0.01588,38.5561,3.357309404775061
,,,,,,9434.0,-5.40551,0.01741,42.2756,3.549431669889708
,,,,,,9435.0,-5.40551,0.01855,45.0455,3.3105397042419797
,,,,,,9435.0,-3.37984,0.01855,45.0455,3.460667288508563
,,,,,,9436.0,-3.37984,0.01958,47.5281,3.4177274985549833
,,,,,,9437.0,-3.37984,0.02064,50.1022,3.4747687377093635
,,,,,,9438.0,-3.37798,0.02151,52.2223,3.443928093312556
,,,,,,9439.0,-3.37984,0.02258,54.819,3.4604220968539603
,,,,,,9440.0,-3.37984,0.02355,57.1662,3.429387599074006
,,,,,,9441.0,-3.37984,0.02449,59.4669,3.327709639640596
,,,,,,9442.0,-3.37798,0.02545,61.7901,3.58744649374928
,,,,,,9443.0,-3.37798,0.02642,64.1372,3.434468480987474
,,,,,,9444.0,-3.37984,0.02737,66.4618,3.449822983926476
,,,,,,9445.0,-3.37426,0.02836,68.854,3.587234492590526
,,,,,,9446.0,-3.37612,0.02924,70.9954,3.3179847183462963
,,,,,,9447.0,-3.37612,0.03026,73.478,3.5660365723238523
,,,,,,9448.0,-3.3817,0.03126,75.8941,3.4510579418711442
,,,,,,9449.0,-3.37798,0.03218,78.1271,3.4925204386844264
,,,,,,9450.0,-3.37612,0.03314,80.4504,3.540981222943337
,,,,,,9451.0,-3.3817,0.03416,82.9342,3.6756553174225655
,,,,,,9452.0,-3.37612,0.03514,85.3039,3.5778544029436214
,,,,,,9453.0,-3.37984,0.03609,87.6272,3.5305007142935896
,,,,,,9454.0,-3.37426,0.03705,89.9504,3.585670541715802
,,,,,,9455.0,-3.37984,0.038,92.2511,3.391617800837153
,,,,,,9456.0,-3.3817,0.03898,94.6447,3.5206683375990133
,,,,,,9457.0,-3.37612,0.03987,96.8099,3.62240296717879
,,,,,,9458.0,-3.3817,0.04083,99.1332,3.402178634926169
,,,,,,9459.0,-3.37798,0.04119,100.0,3.623328269203152
,,,,,,9459.0,-3.37798,0.04119,100.0,3.528837830071648
,,,,,,,,,,
,,,,,,9459.0,1.35045,0.0,0.0,3.66930985643236
,,,,,,9460.0,1.34859,0.00037,12.2625,3.5231517321661165
,,,,,,9461.0,1.34673,0.00076,25.5268,3.775115860820483
,,,,,,9462.0,1.34673,0.00115,38.4111,3.7355346758978794
,,,,,,9463.0,1.34859,0.00151,50.3109,3.651611952765299
,,,,,,9464.0,1.34487,0.00189,63.3333,3.792413043984877
,,,,,,9465.0,1.34859,0.00228,76.2176,3.640831975588113
,,,,,,9466.0,1.35045,0.00266,88.8601,3.6815010673632735
,,,,,,9467.0,1.34487,0.00299,100.0,3.8329315308258742
,,,,,,9467.0,1.34487,0.00299,100.0,3.799782649188678
,,,,,,,,,,
,,,,,,9467.0,-1.35231,0.0,0.0,3.5879450411946996
,,,,,,9468.0,-1.34859,0.00041,3.4265,3.50107927183387
,,,,,,9469.0,-1.35045,0.00079,6.5739,3.478201120798782
,,,,,,9470.0,-1.35045,0.00118,9.7857,3.68502981512188
,,,,,,9471.0,-1.35045,0.00156,12.9331,3.6707912261242344
,,,,,,9472.0,-1.35045,0.00192,15.926,3.3883416920572014
,,,,,,9473.0,-1.35231,0.00234,19.4126,3.484572095182797
,,,,,,9474.0,-1.34673,0.00271,22.5042,3.4218458003713486
,,,,,,9475.0,-1.34859,0.00313,25.9951,3.647646591640713
,,,,,,9476.0,-1.35045,0.00351,29.1726,3.7106196682161325
,,,,,,9477.0,-1.35417,0.00391,32.4789,3.6279264360867787
,,,,,,9478.0,-1.34859,0.00428,35.5661,3.7188838255837715
,,,,,,9479.0,-1.35045,0.00467,38.778,3.612941535519184
,,,,,,9480.0,-1.35231,0.00505,41.9812,3.5831071830907666
,,,,,,9481.0,-1.34859,0.00544,45.193,3.5413689102605583
,,,,,,9482.0,-1.34673,0.00582,48.3748,3.4881781054296086
,,,,,,9483.0,-1.34859,0.00624,51.8313,3.5464809928219996
,,,,,,9484.0,-1.34859,0.00659,54.7598,3.6430381991312926
,,,,,,9485.0,-1.35045,0.007,58.1906,3.7159880989207856
,,,,,,9486.0,-1.34673,0.0074,61.4582,3.5366637389433846
,,,,,,9487.0,-1.34859,0.00777,64.5713,3.571041988329818
,,,,,,9488.0,-1.34859,0.00816,67.7788,3.508911738847453
,,,,,,9489.0,-1.34673,0.00853,70.8918,3.5356879991731263
,,,,,,9490.0,-1.35231,0.00889,73.9147,3.575489825312729
,,,,,,9491.0,-1.35045,0.00932,77.4658,3.4870791939499006
,,,,,,9493.0,-1.35045,0.00969,80.4886,3.7134258202998733
,,,,,,9494.0,-1.35045,0.01012,84.074,3.5203608160964976
,,,,,,9495.0,-1.35045,0.01054,87.595,3.599689574663484
,,,,,,9496.0,-1.35045,0.01089,90.4934,3.530165792321755
,,,,,,9497.0,-1.35231,0.01128,93.7052,3.568901347595589
,,,,,,9498.0,-1.34859,0.01168,97.0716,3.5814305468868
,,,,,,9499.0,-1.35045,0.01203,100.0,3.699977628762481
,,,,,,9499.0,-1.35045,0.01203,100.0,3.321300927098226
,,,,,,,,,,
,,,,,,9499.0,2.70275,0.0,0.0,3.8636026392170386
,,,,,,9500.0,2.69903,0.00081,13.4609,3.5052257302246703
,,,,,,9501.0,2.70089,0.00159,26.4242,3.5281386473620975
,,,,,,9502.0,2.70647,0.00236,39.2673,3.8549755348407566
,,,,,,9503.0,2.70647,0.00312,51.8617,3.783761002401128
,,,,,,9504.0,2.70275,0.00385,63.9585,3.642909413352455
,,,,,,9505.0,2.70275,0.00462,76.673,3.657128210614861
,,,,,,9506.0,2.70461,0.00538,89.4046,3.9146226232737145
,,,,,,9507.0,2.70833,0.00602,100.0,3.8447741093974446
,,,,,,9507.0,0.0,0.00602,100.0,3.6018958641915244
,,,,,,9508.0,0.0,0.00602,100.0,3.7494801271534626
,,,,,,9509.0,0.0,0.00602,100.0,3.619686497570574
,,,,,,9510.0,0.0,0.00602,100.0,3.61574366996796
,,,,,,9511.0,0.0,0.00602,100.0,3.544510247179676
,,,,,,9512.0,0.0,0.00602,100.0,3.7274890928541815
,,,,,,9513.0,0.0,0.00602,100.0,3.4943314894863597
,,,,,,9514.0,0.0,0.00602,100.0,3.729202062259007
,,,,,,9515.0,0.0,0.00602,100.0,3.5655921325026654
,,,,,,9516.0,0.0,0.00602,100.0,3.574924701855774
,,,,,,9517.0,0.0,0.00602,100.0,3.8095545621777185
,,,,,,9518.0,0.0,0.00602,100.0,3.6838711823414005
,,,,,,9519.0,0.0,0.00602,100.0,3.7775748008693975
,,,,,,9520.0,0.0,0.00602,100.0,3.5604779486922937
,,,,,,9521.0,0.0,0.00602,100.0,3.6394801442727225
,,,,,,9522.0,0.0,0.00602,100.0,3.596241622243412
,,,,,,9523.0,0.0,0.00602,100.0,3.6941537169939718
,,,,,,9524.0,0.0,0.00602,100.0,3.720609083915424
,,,,,,9525.0,0.0,0.00602,100.0,3.5161912277007676
,,,,,,9526.0,0.0,0.00602,100.0,3.742735818417458
,,,,,,9527.0,0.0,0.00602,100.0,3.68314238921147
,,,,,,9528.0,0.0,0.00602,100.0,3.6311539480494193
,,,,,,9529.0,0.0,0.00602,100.0,3.593573461990406
,,,,,,9530.0,0.0,0.00602,100.0,3.7795660653205183
,,,,,,9531.0,0.0,0.00602,100.0,3.741317668018968
,,,,,,9532.0,0.0,0.00602,100.0,3.6161724482646544
,,,,,,9533.0,0.0,0.00602,100.0,3.8360415517539166
,,,,,,9534.0,0.0,0.00602,100.0,3.6048598550163695
,,,,,,9535.0,0.0,0.00602,100.0,3.625229397356211
,,,,,,9536.0,0.0,0.00602,100.0,3.6903536587677284
,,,,,,9537.0,0.0,0.00602,100.0,3.6263878226954493
,,,,,,9538.0,0.0,0.00602,100.0,3.799371164386077
,,,,,,9539.0,0.0,0.00602,100.0,3.555791955721967
,,,,,,9541.0,0.0,0.00602,100.0,3.785124985900569
,,,,,,9542.0,0.0,0.00602,100.0,3.726923910401125
,,,,,,9543.0,0.0,0.00602,100.0,3.5299778408801235
,,,,,,9544.0,0.0,0.00602,100.0,3.6291850588401546
,,,,,,9545.0,0.0,0.00602,100.0,3.7630815534088415
,,,,,,9546.0,0.0,0.00602,100.0,3.6998672182422467
,,,,,,9547.0,0.0,0.00602,100.0,3.7392058692088943
,,,,,,9548.0,0.0,0.00602,100.0,3.6582691876739952
,,,,,,9549.0,0.0,0.00602,100.0,3.4960520180529095
,,,,,,9550.0,0.0,0.00602,100.0,3.583756167023413
,,,,,,9551.0,0.0,0.00602,100.0,3.5711689603294787
,,,,,,9552.0,0.0,0.00602,100.0,3.614429934370695
,,,,,,9553.0,0.0,0.00602,100.0,3.5738027933332632
,,,,,,9554.0,0.0,0.00602,100.0,3.6993669432710314
,,,,,,9555.0,0.0,0.00602,100.0,3.6374781181928957
,,,,,,9556.0,0.0,0.00602,100.0,3.564944494485357
,,,,,,9557.0,0.0,0.00602,100.0,3.5852497304785196
,,,,,,9558.0,0.0,0.00602,100.0,3.639034849667842
,,,,,,9559.0,0.0,0.00602,100.0,3.6677198928319714
,,,,,,9560.0,0.0,0.00602,100.0,3.6967868549349205
,,,,,,9561.0,0.0,0.00602,100.0,3.647928115947587
,,,,,,9562.0,0.0,0.00602,100.0,3.692374314056826
,,,,,,9562.0,0.0,0.00602,100.0,3.7482364878047183
,,,,,,,,,,
,,,,,,9562.0,-0.6715,0.0,0.0,3.733010170125299
,,,,,,9563.0,-0.6715,0.00017,1.7636,3.702170070399183
,,,,,,9564.0,-0.67336,0.00037,3.761,3.57009192556967
,,,,,,9565.0,-0.6715,0.00056,5.7158,3.6645304503537206
,,,,,,9566.0,-0.6715,0.00075,7.6919,3.5157108930995435
,,,,,,9567.0,-0.67336,0.00094,9.6521,3.5761846988367494
,,,,,,9568.0,-0.6715,0.00113,11.591,3.8771454386302096
,,,,,,9569.0,-0.6715,0.00133,13.6627,3.4852041873452593
,,,,,,9570.0,-0.67336,0.00153,15.7556,3.6859015352170927
,,,,,,9571.0,-0.67522,0.00172,17.6361,3.6606615961706463
,,,,,,9572.0,-0.6715,0.00191,19.5963,3.775501455228624
,,,,,,9573.0,-0.6715,0.0021,21.5511,3.603047478219646
,,,,,,9574.0,-0.6715,0.00229,23.5325,3.732350051436018
,,,,,,9575.0,-0.6715,0.00248,25.4714,3.6298035774903266
,,,,,,9576.0,-0.6715,0.00267,27.4316,3.6824551327224455
,,,,,,9577.0,-0.6715,0.00286,29.3865,3.471976108148166
,,,,,,9578.0,-0.67336,0.00305,31.3254,3.7338888488981743
,,,,,,9579.0,-0.67336,0.00325,33.4449,3.6600688099534606
,,,,,,9580.0,-0.6715,0.00344,35.3997,3.863570170455401
,,,,,,9581.0,-0.67336,0.00364,37.4714,3.7684265799595367
,,,,,,9582.0,-0.67336,0.00384,39.4316,3.584318530505292
,,,,,,9583.0,-0.6715,0.00403,41.4449,3.6173142846193658
,,,,,,9584.0,-0.67336,0.00422,43.421,3.5341334173709287
,,,,,,9585.0,-0.6715,0.00441,45.3599,3.4664096801663247
,,,,,,9586.0,-0.6715,0.0046,47.32,3.5265768577470844
,,,,,,9587.0,-0.67336,0.00479,49.259,3.7316383329458125
,,,,,,9588.0,-0.6715,0.00499,51.336,3.6875203928596703
,,,,,,9590.0,-0.67336,0.00517,53.1793,3.812877310761202
,,,,,,9590.0,-0.6715,0.00522,53.6574,3.722244695928977
,,,,,,9590.0,-1.35417,0.00522,53.6574,3.6503001629668543
,,,,,,9591.0,-1.34859,0.00562,57.822,3.6055081248195986
,,,,,,9592.0,-1.35045,0.006,61.6786,3.67128789190007
,,,,,,9593.0,-1.35045,0.00638,65.6096,3.6232602624074626
,,,,,,9594.0,-1.35231,0.00676,69.5033,3.5547032010875252
,,,,,,9595.0,-1.35045,0.00714,73.4396,3.5922731133005246
,,,,,,9596.0,-1.35045,0.00752,77.3333,3.6866939083368546
,,,,,,9597.0,-1.35231,0.00788,80.9987,3.609318815978567
,,,,,,9598.0,-1.35045,0.00825,84.8127,3.5005258274156756
,,,,,,9599.0,-1.34859,0.00863,88.7065,3.4909086110555103
,,,,,,9600.0,-1.35045,0.00901,92.6746,3.618686239102803
,,,,,,9601.0,-1.35045,0.0094,96.6056,3.584116073377993
,,,,,,9602.0,-1.35045,0.00973,100.0,3.6444099464205926
,,,,,,9602.0,-1.35045,0.00973,100.0,3.6637578147081022
,,,,,,,,,,
,,,,,,9602.0,0.6715,0.0,0.0,3.5366741918416227
,,,,,,9603.0,0.67336,0.0002,13.4344,3.81423232614897
,,,,,,9604.0,0.66964,0.00039,26.0076,3.6398832758477533
,,,,,,9605.0,0.66592,0.0006,40.062,3.6190611277951446
,,,,,,9606.0,0.67522,0.00079,52.8074,3.7579426907760216
,,,,,,9607.0,0.67522,0.00097,64.485,3.7047772153207457
,,,,,,9608.0,0.67522,0.00115,76.8515,3.5061117944030644
,,,,,,9609.0,0.66964,0.00135,90.2859,3.7253782445249835
,,,,,,9610.0,0.67336,0.0015,100.0,3.4961573708389495
,,,,,,9610.0,0.0,0.0015,100.0,3.654098813596371
,,,,,,9611.0,0.0,0.0015,100.0,3.601175915990071
,,,,,,9612.0,0.0,0.0015,100.0,3.45620017118477
,,,,,,9613.0,0.0,0.0015,100.0,3.6394296467144267
,,,,,,9614.0,0.0,0.0015,100.0,3.6070265115614117
,,,,,,9615.0,0.0,0.0015,100.0,3.8059185547716443
,,,,,,9616.0,0.0,0.0015,100.0,3.6952283342397028
,,,,,,9617.0,0.0,0.0015,100.0,3.6349511208401486
,,,,,,9618.0,0.0,0.0015,100.0,3.596570380240104
,,,,,,9619.0,0.0,0.0015,100.0,3.622527576878345
,,,,,,9620.0,0.0,0.0015,100.0,3.656676385422774
,,,,,,9621.0,0.0,0.0015,100.0,3.6636695829324273
,,,,,,9622.0,0.0,0.0015,100.0,3.6720428827855636
,,,,,,9623.0,0.0,0.0015,100.0,3.79587301954222
,,,,,,9624.0,0.0,0.0015,100.0,3.593721781265253
,,,,,,9625.0,0.0,0.0015,100.0,3.7112263152684943
,,,,,,9626.0,0.0,0.0015,100.0,3.746968317238787
,,,,,,9626.0,0.0,0.0015,100.0,3.790315368052474
,,,,,,,,,,
,,,,,,9626.0,-0.67336,0.0,0.0,3.5532952165748557
,,,,,,9627.0,-0.6715,0.00019,0.9149,3.602377260785981
,,,,,,9628.0,-0.67336,0.0004,1.9392,3.555356956370742
,,,,,,9629.0,-0.6715,0.0006,2.874,3.7028483492610187
,,,,,,9630.0,-0.67336,0.00077,3.7194,3.540632418315978
,,,,,,9631.0,-0.6715,0.00096,4.6343,3.669882004609192
,,,,,,9632.0,-0.67522,0.00115,5.5442,3.6807310272926377
,,,,,,9633.0,-0.67336,0.00134,6.4517,3.630797350386852
,,,,,,9634.0,-0.6715,0.00153,7.384,3.5575482644874037
,,,,,,9635.0,-0.67336,0.00174,8.3636,3.709228020359744
,,,,,,9636.0,-0.6715,0.00193,9.281,3.6853409823268355
,,,,,,9637.0,-0.6715,0.00212,10.1959,3.7744551047773283
,,,,,,9638.0,-0.67336,0.00231,11.1233,3.557757956305515
,,,,,,9639.0,-0.67336,0.00251,12.0755,3.773134670449516
,,,,,,9640.0,-0.6715,0.00271,13.0178,3.734435072298142
,,,,,,9641.0,-0.6715,0.0029,13.9526,3.670254959526961
,,,,,,9642.0,-0.6715,0.00309,14.8774,3.5261002853060615
,,,,,,9643.0,-0.67336,0.00328,15.7849,3.670652880006534
,,,,,,9644.0,-0.67336,0.00347,16.7023,3.6725023905789476
,,,,,,9645.0,-0.67336,0.00366,17.6172,3.5115514244951402
,,,,,,9646.0,-0.6715,0.00385,18.5346,3.6428315323539286
,,,,,,9647.0,-0.67336,0.00404,19.4496,3.6221426293091064
,,,,,,9648.0,-0.6715,0.00423,20.3694,3.514506718667846
,,,,,,9649.0,-0.67336,0.00443,21.3043,3.6315871891054514
,,,,,,9650.0,-0.67336,0.00462,22.2291,3.5069808670186684
,,,,,,9651.0,-0.6715,0.0048,23.0744,3.7626083181130507
,,,,,,9652.0,-0.67336,0.00499,24.0267,3.589576222228727
,,,,,,9653.0,-0.6715,0.00518,24.9366,3.5728572475060396
,,,,,,9655.0,-0.67336,0.00537,25.854,3.5351005533940785
,,,,,,9656.0,-0.6715,0.00557,26.7789,3.747823381909479
,,,,,,9657.0,-0.6715,0.00576,27.6938,3.7164150140979957
,,,,,,9658.0,-0.6715,0.00595,28.6112,3.5397708954250042
,,,,,,9659.0,-0.67336,0.00614,29.5286,3.487498327908447
,,,,,,9660.0,-0.6715,0.00633,30.4435,3.6512936852625852
,,,,,,9661.0,-0.6715,0.00652,31.3585,3.539878463495501
,,,,,,9662.0,-0.6715,0.00671,32.2659,3.581047856096211
,,,,,,9663.0,-0.67336,0.0069,33.1833,3.580829995900185
,,,,,,9664.0,-0.67336,0.00709,34.1007,3.4871115970746063
,,,,,,9665.0,-0.67336,0.00728,35.0182,3.6145548039314734
,,,,,,9666.0,-0.6715,0.00747,35.9331,3.640344088958681
,,,,,,9667.0,-0.67336,0.00766,36.8505,3.6588150229198395
,,,,,,9668.0,-0.6715,0.00786,37.8375,3.648874343091718
,,,,,,9669.0,-0.67336,0.00805,38.7375,3.783327870553828
,,,,,,9670.0,-0.67336,0.00825,39.6897,3.7779723312440048
,,,,,,9671.0,-0.6715,0.00844,40.5897,3.560449512743692
,,,,,,9672.0,-0.6715,0.00863,41.5071,3.634257858043303
,,,,,,9673.0,-0.67522,0.00882,42.4245,3.5119051462062507
,,,,,,9674.0,-0.67522,0.00901,43.3395,3.6470567490058436
,,,,,,9675.0,-0.66964,0.0092,44.2569,3.57301477053781
,,,,,,9676.0,-0.6715,0.0094,45.2066,3.463344438288115
,,,,,,9677.0,-0.67336,0.00959,46.1439,3.5001471910380393
,,,,,,9678.0,-0.6715,0.00978,47.0613,3.5230170947726713
,,,,,,9679.0,-0.6715,0.00997,47.9787,3.5359489551629593
,,,,,,9680.0,-0.6715,0.01016,48.9036,3.6112216057299817
,,,,,,9681.0,-0.6715,0.01035,49.8111,3.56872235952672
,,,,,,9682.0,-0.6715,0.01053,50.6837,3.6370885420043564
,,,,,,9683.0,-0.67336,0.01072,51.5887,3.6657166859776025
,,,,,,9684.0,-0.6715,0.01091,52.516,3.6632423328850665
,,,,,,9685.0,-0.6715,0.01111,53.4782,3.6170113048773818
,,,,,,9686.0,-0.67522,0.0113,54.3931,3.7866923200288776
,,,,,,9687.0,-0.67336,0.01148,55.2459,3.515414406809085
,,,,,,9688.0,-0.67336,0.01169,56.2279,3.4587589963875955
,,,,,,9689.0,-0.6715,0.01188,57.1453,3.6441410916485446
,,,,,,9690.0,-0.67336,0.01205,57.9882,3.5914036230835116
,,,,,,9691.0,-0.67336,0.01224,58.913,3.6613695072626373
,,,,,,9692.0,-0.67336,0.01246,59.9473,3.5847088148948325
,,,,,,9693.0,-0.67336,0.01265,60.8647,3.5891787427785995
,,,,,,9694.0,-0.6715,0.01284,61.7722,3.6642257306582784
,,,,,,9696.0,-0.6715,0.01303,62.6896,3.655522954069285
,,,,,,9697.0,-0.6715,0.01322,63.6045,3.6686844732843156
,,,,,,9698.0,-0.67522,0.01341,64.5219,3.7283349378794055
,,,,,,9699.0,-0.66964,0.0136,65.4269,3.548644042322186
,,,,,,9700.0,-0.67522,0.01379,66.3468,3.706502796826912
,,,,,,9701.0,-0.6715,0.01396,67.1622,3.8741761583175296
,,,,,,9702.0,-0.6715,0.01417,68.1891,3.6513568049477616
,,,,,,9703.0,-0.67336,0.01436,69.1065,3.6718096289033015
,,,,,,9704.0,-0.6715,0.01456,70.0487,3.529218683215793
,,,,,,9705.0,-0.6715,0.01475,70.9736,3.5753419786839276
,,,,,,9706.0,-0.6715,0.01494,71.891,3.5490852559956676
,,,,,,9707.0,-0.67522,0.01514,72.8358,3.6810652631031435
,,,,,,9708.0,-0.67336,0.01533,73.7681,3.6007467344683493
,,,,,,9709.0,-0.67336,0.01552,74.6954,3.7655942778890203
,,,,,,9710.0,-0.67522,0.01572,75.6303,3.4282445103538564
,,,,,,9711.0,-0.67336,0.0159,76.5004,3.5834976830953584
,,,,,,9712.0,-0.67336,0.01609,77.3979,3.7923878607316537
,,,,,,9713.0,-0.6715,0.01625,78.2085,3.5878641287398643
,,,,,,9713.0,-1.34673,0.01625,78.2085,3.591005508381083
,,,,,,9714.0,-1.35231,0.01664,80.0855,3.6086361352702987
,,,,,,9715.0,-1.35045,0.01704,82.0148,3.6042536342504246
,,,,,,9716.0,-1.35045,0.01742,83.8372,3.681622782131229
,,,,,,9717.0,-1.35231,0.01781,85.677,3.5875620010331506
,,,,,,9718.0,-1.35045,0.01819,87.5168,3.5819522429817336
,,,,,,9719.0,-1.35231,0.01857,89.3392,3.6668536599466677
,,,,,,9720.0,-1.34673,0.01895,91.1988,3.687103372292258
,,,,,,9721.0,-1.35231,0.01934,93.0386,3.7090090589771374
,,,,,,9722.0,-1.35045,0.01971,94.861,3.601771636161459
,,,,,,9723.0,-1.35045,0.02008,96.6113,3.6547062013058524
,,,,,,9724.0,-1.34859,0.02046,98.4511,3.6449924783093395
,,,,,,9725.0,-1.35231,0.02078,100.0,3.7580550853731953
,,,,,,9725.0,-1.35231,0.02078,100.0,3.610625262964483
,,,,,,,,,,
,,,,,,9725.0,0.68452,0.0,0.0,3.7041222676990024
,,,,,,9726.0,0.67894,0.0002,13.0854,3.608243201414747
,,,,,,9727.0,0.67522,0.00039,25.8609,3.474053862276093
,,,,,,9728.0,0.67894,0.00058,38.843,3.785061980283073
,,,,,,9729.0,0.67894,0.00077,51.6185,3.656843347731801
,,,,,,9730.0,0.67336,0.00096,64.1185,3.734954208606016
,,,,,,9731.0,0.67336,0.00114,76.2397,3.5903100366987375
,,,,,,9732.0,0.67336,0.00134,89.084,3.634483988558258
,,,,,,9733.0,0.67522,0.0015,100.0,3.612185466191665
,,,,,,9733.0,0.0,0.0015,100.0,3.6211467767188763
,,,,,,9734.0,0.0,0.0015,100.0,3.564624290734606
,,,,,,9735.0,0.0,0.0015,100.0,3.7153365580033055
,,,,,,9736.0,0.0,0.0015,100.0,3.6494218098676634
,,,,,,9737.0,0.0,0.0015,100.0,3.6029159777212096
,,,,,,9738.0,0.0,0.0015,100.0,3.5838323853939906
,,,,,,9739.0,0.0,0.0015,100.0,3.6130096697020218
,,,,,,9740.0,0.0,0.0015,100.0,3.3791406992680217
,,,,,,9741.0,0.0,0.0015,100.0,3.5612218104808493
,,,,,,9742.0,0.0,0.0015,100.0,3.744181862231308
,,,,,,9743.0,0.0,0.0015,100.0,3.5981799770870007
,,,,,,9744.0,0.0,0.0015,100.0,3.6173664411438065
,,,,,,9745.0,0.0,0.0015,100.0,3.9120970664571026
,,,,,,9746.0,0.0,0.0015,100.0,3.5993186094889156
,,,,,,9747.0,0.0,0.0015,100.0,3.527600477270038
,,,,,,9748.0,0.0,0.0015,100.0,3.7369384904322818
,,,,,,9749.0,0.0,0.0015,100.0,3.4909184798112163
,,,,,,9749.0,0.0,0.0015,100.0,3.807572906489847
,,,,,,,,,,
,,,,,,9749.0,-0.6715,0.0,0.0,3.7513618188733737
,,,,,,9750.0,-0.67336,0.00023,0.5632,3.610062166027352
,,,,,,9751.0,-0.6715,0.00041,0.9944,3.619706537765357
,,,,,,9752.0,-0.6715,0.00062,1.4985,3.645650672599717
,,,,,,9753.0,-0.67336,0.00081,1.9624,3.69597198184703
,,,,,,9754.0,-0.6715,0.001,2.425,3.726717327631675
,,,,,,9755.0,-0.67336,0.00119,2.8838,3.695400385642106
,,,,,,9756.0,-0.6715,0.00138,3.3477,3.588173410660331
,,,,,,9757.0,-0.6715,0.00157,3.8103,3.5785331664261113
,,,,,,9759.0,-0.67522,0.00177,4.3019,3.687726514834179
,,,,,,9760.0,-0.6715,0.00195,4.7419,3.725052057460206
,,,,,,9761.0,-0.6715,0.00214,5.2007,3.56901104443489
,,,,,,9762.0,-0.6715,0.00233,5.6646,3.646468812829166
,,,,,,9763.0,-0.67336,0.00251,6.1184,3.66904816051789
,,,,,,9764.0,-0.67336,0.00271,6.6049,3.6855725240118415
,,,,,,9765.0,-0.6715,0.00291,7.0688,3.5619478998436955
,,,,,,9766.0,-0.6715,0.00309,7.5276,3.412782320022469
,,,,,,9767.0,-0.6715,0.00328,7.9902,3.5252715182317558
,,,,,,9768.0,-0.67336,0.00347,8.4541,3.5955669239930685
,,,,,,9769.0,-0.67522,0.00367,8.918,3.4820895361083104
,,,,,,9770.0,-0.6715,0.00386,9.3856,3.8167253210468943
,,,,,,9771.0,-0.6715,0.00403,9.8093,3.6975503081717105
,,,,,,9772.0,-0.67522,0.00422,10.2769,3.6345881605127244
,,,,,,9773.0,-0.6715,0.00442,10.7458,3.5955534184533504
,,,,,,9774.0,-0.6715,0.00461,11.2047,3.6164406731906875
,,,,,,9775.0,-0.6715,0.00481,11.7,3.7029916812306887
,,,,,,9776.0,-0.6715,0.00499,12.1312,3.7643103944467065
,,,,,,9777.0,-0.67336,0.00518,12.5938,3.5936523166563163
,,,,,,9778.0,-0.6715,0.00537,13.0577,3.7223888035959614
,,,,,,9779.0,-0.67336,0.00556,13.5253,3.7039258200090917
,,,,,,9780.0,-0.67336,0.00575,13.9854,3.433131704099491
,,,,,,9781.0,-0.6715,0.00596,14.5021,3.709290033014829
,,,,,,9782.0,-0.6715,0.00615,14.9522,3.4424501653546122
,,,,,,9783.0,-0.6715,0.00634,15.416,3.6799173722691685
,,,,,,9784.0,-0.6715,0.00653,15.8837,3.73894358191031
,,,,,,9784.0,-5.40923,0.00653,15.8837,3.624012974358887
,,,,,,9785.0,-5.40737,0.00818,19.9014,3.500844047805434
,,,,,,9786.0,-5.40737,0.00971,23.6275,3.3389512182825296
,,,,,,9787.0,-5.40365,0.01123,27.3159,3.4486787249285484
,,,,,,9788.0,-5.40737,0.01276,31.0433,3.468789657820001
,,,,,,9789.0,-5.40737,0.0142,34.5494,3.42754271704329
,,,,,,9790.0,-5.40551,0.0157,38.2038,3.2715952392453005
,,,,,,9791.0,-5.40551,0.01723,41.9299,3.4566952151664543
,,,,,,9792.0,-5.40737,0.01857,45.1821,3.3652820417991864
,,,,,,9792.0,-3.36868,0.01857,45.1821,3.387230060460805
,,,,,,9793.0,-3.37612,0.01953,47.5103,3.3696743859740286
,,,,,,9794.0,-3.37612,0.02057,50.0446,3.303992977258929
,,,,,,9795.0,-3.37984,0.02145,52.193,3.444107014239848
,,,,,,9796.0,-3.37984,0.02243,54.5677,3.2459396989992424
,,,,,,9797.0,-3.37798,0.02338,56.8745,3.520654225429665
,,,,,,9798.0,-3.37984,0.02433,59.204,3.5242410939866287
,,,,,,9799.0,-3.37984,0.02529,61.5322,3.5434566636533087
,,,,,,9800.0,-3.37798,0.02625,63.8616,3.4470564142182996
,,,,,,9801.0,-3.37612,0.02721,66.1898,3.5418671209777637
,,,,,,9802.0,-3.37798,0.02821,68.6324,3.1424771922929393
,,,,,,9803.0,-3.37798,0.0292,71.0511,3.4814774004243705
,,,,,,9804.0,-3.37984,0.03016,73.3805,3.5409940743802952
,,,,,,9805.0,-3.3817,0.03107,75.5956,3.5416671124924575
,,,,,,9806.0,-3.37984,0.0321,78.1073,3.3430094501444736
,,,,,,9807.0,-3.37798,0.03306,80.4355,3.4470147562637723
,,,,,,9808.0,-3.37798,0.03402,82.7636,3.411409085764116
,,,,,,9810.0,-3.37798,0.03501,85.1836,3.440865977298464
,,,,,,9811.0,-3.37984,0.0359,87.3521,3.530233812514654
,,,,,,9812.0,-3.37984,0.03687,89.7029,3.513771321177934
,,,,,,9813.0,-3.37612,0.03785,92.0776,3.272555663647141
,,,,,,9814.0,-3.3817,0.03881,94.4285,3.422312135792071
,,,,,,9815.0,-3.37612,0.03978,96.7805,3.3347891625169632
,,,,,,9816.0,-3.37984,0.04074,99.11,3.6353095532979016
,,,,,,9816.0,-3.37612,0.0411,100.0,3.4784221083679907
,,,,,,9816.0,-3.37612,0.0411,100.0,3.4337987427588836
,,,,,,,,,,
,,,,,,9816.0,1.35231,0.0,0.0,3.653384336138894
,,,,,,9817.0,1.35231,0.00042,13.9484,3.7331488439120766
,,,,,,9818.0,1.35045,0.00091,29.9694,3.6172150088787065
,,,,,,9819.0,1.35045,0.00129,42.4397,3.681504116223472
,,,,,,9821.0,1.35045,0.00167,55.0119,3.7105620240167942
,,,,,,9822.0,1.35045,0.00205,67.3293,3.684929900723662
,,,,,,9823.0,1.34859,0.00243,79.7825,3.7009600173613406
,,,,,,9824.0,1.35231,0.00281,92.2358,3.8809513948347165
,,,,,,9824.0,1.35045,0.00304,100.0,3.8762247687234654
,,,,,,9824.0,1.35045,0.00304,100.0,3.6057007142026167
,,,,,,,,,,
,,,,,,9824.0,-1.35231,0.0,0.0,3.645910127366908
,,,,,,9825.0,-1.35231,0.00041,3.4054,3.57683041354803
,,,,,,9826.0,-1.35045,0.00079,6.5873,3.5025915381145243
,,,,,,9827.0,-1.35231,0.00118,9.8035,3.4943529645296585
,,,,,,9828.0,-1.35045,0.00156,12.9552,3.743628446761224
,,,,,,9829.0,-1.34859,0.002,16.666,3.517129329213322
,,,,,,9831.0,-1.35045,0.00239,19.8822,3.407586966139321
,,,,,,9832.0,-1.35045,0.00276,22.9694,3.4565696160279873
,,,,,,9833.0,-1.34859,0.00315,26.2158,3.6779371544788826
,,,,,,9834.0,-1.34859,0.00354,29.4234,3.4321313756817613
,,,,,,9835.0,-1.35045,0.00397,33.0739,3.6881690338123048
,,,,,,9836.0,-1.35045,0.00436,36.26,3.589692235293443
,,,,,,9837.0,-1.34859,0.00473,39.3774,3.5214626683492183
,,,,,,9838.0,-1.34859,0.00513,42.6882,3.624154923927483
,,,,,,9839.0,-1.34859,0.0055,45.7755,3.545256174057308
,,,,,,9840.0,-1.35045,0.00588,48.9573,3.74750724258767
,,,,,,9841.0,-1.34859,0.00627,52.1434,3.6547029217511886
,,,,,,9842.0,-1.34859,0.00668,55.6048,3.5676996308042854
,,,,,,9843.0,-1.35045,0.00709,59.0059,3.6891674406358654
,,,,,,9844.0,-1.34673,0.00745,61.9684,3.39074374778491
,,,,,,9845.0,-1.35045,0.00783,65.146,3.760759495984917
,,,,,,9846.0,-1.34673,0.00821,68.3321,3.5481271521162983
,,,,,,9847.0,-1.35045,0.00859,71.5139,3.4084009203100774
,,,,,,9848.0,-1.34859,0.00897,74.6356,3.559814706097738
,,,,,,9849.0,-1.35045,0.00936,77.912,3.557444105377567
,,,,,,9850.0,-1.35045,0.00979,81.4679,3.4975150932528924
,,,,,,9851.0,-1.35045,0.01017,84.6154,3.5429895275258443
,,,,,,9852.0,-1.34859,0.01054,87.7069,3.560951004154785
,,,,,,9853.0,-1.35231,0.01096,91.2026,3.6561162037536454
,,,,,,9854.0,-1.34859,0.01133,94.2598,3.7425389805649947
,,,,,,9855.0,-1.35231,0.01171,97.4717,3.491395652879906
,,,,,,9856.0,-1.34859,0.01202,100.0,3.5494192327050116
,,,,,,9856.0,-1.34859,0.01202,100.0,3.418452415863349
,,,,,,,,,,
,,,,,,9856.0,2.69717,0.0,0.0,3.718239233561714
,,,,,,9857.0,2.70461,0.00073,11.9864,3.586295938779506
,,,,,,9858.0,2.70461,0.00149,24.5938,3.7478993937287903
,,,,,,9859.0,2.70275,0.00228,37.567,3.6430887830144965
,,,,,,9860.0,2.70647,0.00306,50.302,3.775813562354894
,,,,,,9861.0,2.70461,0.00394,64.8915,3.5548283316996554
,,,,,,9863.0,2.70275,0.00468,77.1331,3.751614547406819
,,,,,,9864.0,2.70275,0.00545,89.7405,3.5804176905428595
,,,,,,9864.0,2.70275,0.00607,100.0,3.749940173255347
,,,,,,9864.0,0.0,0.00607,100.0,3.651137815762708
,,,,,,9865.0,0.0,0.00607,100.0,3.593560933468772
,,,,,,9866.0,0.0,0.00607,100.0,3.5328608655038067
,,,,,,9867.0,0.0,0.00607,100.0,3.6609789249234526
,,,,,,9868.0,0.0,0.00607,100.0,3.7008141109773844
,,,,,,9869.0,0.0,0.00607,100.0,3.7063335557645494
,,,,,,9870.0,0.0,0.00607,100.0,3.6152565863685244
,,,,,,9872.0,0.0,0.00607,100.0,3.501388854202551
,,,,,,9873.0,0.0,0.00607,100.0,3.654323951381917
,,,,,,9874.0,0.0,0.00607,100.0,3.5882854923914613
,,,,,,9875.0,0.0,0.00607,100.0,3.726049874222091
,,,,,,9876.0,0.0,0.00607,100.0,3.7142825642934523
,,,,,,9877.0,0.0,0.00607,100.0,3.569881712286464
,,,,,,9878.0,0.0,0.00607,100.0,3.776430507780256
,,,,,,9879.0,0.0,0.00607,100.0,3.575592991997537
,,,,,,9880.0,0.0,0.00607,100.0,3.6764843359073094
,,,,,,9881.0,0.0,0.00607,100.0,3.652485247969483
,,,,,,9882.0,0.0,0.00607,100.0,3.5225134731861707
,,,,,,9883.0,0.0,0.00607,100.0,3.460730966288468
,,,,,,9884.0,0.0,0.00607,100.0,3.6722677945262565
,,,,,,9885.0,0.0,0.00607,100.0,3.73567226233291
,,,,,,9886.0,0.0,0.00607,100.0,3.5073628750862227
,,,,,,9887.0,0.0,0.00607,100.0,3.7515565853028687
,,,,,,9888.0,0.0,0.00607,100.0,3.488419514445073
,,,,,,9889.0,0.0,0.00607,100.0,3.8065308351085427
,,,,,,9890.0,0.0,0.00607,100.0,3.5177981718148184
,,,,,,9891.0,0.0,0.00607,100.0,3.6088514634229094
,,,,,,9892.0,0.0,0.00607,100.0,3.962647363076434
,,,,,,9893.0,0.0,0.00607,100.0,3.6474556555370516
,,,,,,9894.0,0.0,0.00607,100.0,3.632746684412798
,,,,,,9895.0,0.0,0.00607,100.0,3.3896950977882123
,,,,,,9896.0,0.0,0.00607,100.0,3.809894624844285
,,,,,,9897.0,0.0,0.00607,100.0,3.7303931562908232
,,,,,,9898.0,0.0,0.00607,100.0,3.73255023418105
,,,,,,9899.0,0.0,0.00607,100.0,3.6947323858351444
,,,,,,9900.0,0.0,0.00607,100.0,3.738526833093449
,,,,,,9901.0,0.0,0.00607,100.0,3.618038676271626
,,,,,,9902.0,0.0,0.00607,100.0,3.6091773616108
,,,,,,9903.0,0.0,0.00607,100.0,3.561031312226334
,,,,,,9903.0,0.0,0.00607,100.0,3.5940752901482074
,,,,,,9903.0,0.0,0.00607,100.0,3.693787833665241
,,,,,,9904.0,0.0,0.00607,100.0,3.592330893794202
,,,,,,9905.0,0.0,0.00607,100.0,3.662832655076266
,,,,,,9906.0,0.0,0.00607,100.0,3.556212822946076
,,,,,,9908.0,0.0,0.00607,100.0,3.6364517240365983
,,,,,,9909.0,0.0,0.00607,100.0,3.786884967386914
,,,,,,9910.0,0.0,0.00607,100.0,3.579830963701336
,,,,,,9911.0,0.0,0.00607,100.0,3.545846841356024
,,,,,,9912.0,0.0,0.00607,100.0,3.5902172038759232
,,,,,,9913.0,0.0,0.00607,100.0,3.766431630406047
,,,,,,9914.0,0.0,0.00607,100.0,3.776729212480399
,,,,,,9915.0,0.0,0.00607,100.0,3.6438044446214866
,,,,,,9916.0,0.0,0.00607,100.0,3.5323309288676787
,,,,,,9917.0,0.0,0.00607,100.0,3.493121232053543
,,,,,,9918.0,0.0,0.00607,100.0,3.57787192569549
,,,,,,9919.0,0.0,0.00607,100.0,3.681833019624743
,,,,,,9920.0,0.0,0.00607,100.0,3.776174028441851
,,,,,,9920.0,0.0,0.00607,100.0,3.6057017465270538
,,,,,,9920.0,0.0,0.00607,100.0,3.7376932888485075
,,,,,,,,,,
,,,,,,9920.0,-0.6715,0.0,0.0,3.6705345643005205
,,,,,,9921.0,-0.67336,0.00019,1.9687,3.7620942696963153
,,,,,,9922.0,-0.6715,0.00038,3.9427,3.6000682638441255
,,,,,,9923.0,-0.6715,0.00057,5.9008,3.72736739397944
,,,,,,9924.0,-0.67336,0.00076,7.8535,3.5764031331645265
,,,,,,9925.0,-0.67336,0.00095,9.7957,3.529674305334803
,,,,,,9926.0,-0.6715,0.00114,11.7272,3.7300663204029276
,,,,,,9927.0,-0.67336,0.00132,13.5686,3.3918541054597044
,,,,,,9928.0,-0.6715,0.00151,15.5107,3.442385797912649
,,,,,,9929.0,-0.67336,0.0017,17.4635,3.611848890296677
,,,,,,9931.0,-0.67336,0.00189,19.4004,3.65862690719881
,,,,,,9932.0,-0.6715,0.00208,21.3584,3.729981492559474
,,,,,,9933.0,-0.6715,0.00227,23.3165,3.5383833201055235
,,,,,,9934.0,-0.67336,0.00246,25.2534,3.6024045654975003
,,,,,,9935.0,-0.6715,0.00265,27.2115,3.710897327436483
,,,,,,9936.0,-0.67336,0.00284,29.1695,3.501186854663588
,,,,,,9937.0,-0.6715,0.00303,31.0905,3.6527830015283853
,,,,,,9938.0,-0.67336,0.00323,33.1228,3.5278767541911202
,,,,,,9939.0,-0.6715,0.00342,35.1021,3.6284619013108625
,,,,,,9940.0,-0.66964,0.00363,37.23,3.5523424088149795
,,,,,,9941.0,-0.6715,0.00382,39.2412,3.5632705155060527
,,,,,,9942.0,-0.67336,0.00401,41.1833,3.587786501285648
,,,,,,9943.0,-0.66964,0.0042,43.1202,3.5148037411094917
,,,,,,9944.0,-0.6715,0.00439,45.073,3.549452652565841
,,,,,,9945.0,-0.67336,0.00457,46.9727,3.7058192387056637
,,,,,,9946.0,-0.67336,0.00477,49.0263,3.541364023799643
,,,,,,9947.0,-0.67336,0.00496,50.9101,3.779193756245874
,,,,,,9948.0,-0.6715,0.00516,53.0167,3.6544538555439616
,,,,,,9948.0,-0.67336,0.00523,53.7437,3.469617074930913
,,,,,,9948.0,-1.35045,0.00523,53.7437,3.443123300911264
,,,,,,9949.0,-1.35231,0.00564,57.9039,3.4381774119565933
,,,,,,9950.0,-1.34859,0.00603,61.9103,3.7085622242825935
,,,,,,9951.0,-1.34859,0.00641,65.8424,3.488272446906171
,,,,,,9952.0,-1.34859,0.00679,69.7692,3.68143708341598
,,,,,,9954.0,-1.35045,0.00718,73.6959,3.667027478443735
,,,,,,9955.0,-1.35231,0.00752,77.2035,3.4552683834549605
,,,,,,9956.0,-1.34859,0.00792,81.3213,3.6145727271281043
,,,,,,9957.0,-1.35045,0.00831,85.3648,3.5434816140999894
,,,,,,9958.0,-1.34859,0.00874,89.7161,3.6278951123553282
,,,,,,9959.0,-1.35045,0.00911,93.6057,3.4678412367715685
,,,,,,9960.0,-1.34673,0.0095,97.575,3.4671767628891073
,,,,,,9960.0,-1.35231,0.00974,100.0,3.496988756165164
,,,,,,9960.0,-1.35231,0.00974,100.0,3.443208548926006
,,,,,,,,,,
,,,,,,9960.0,0.67336,0.0,0.0,3.605379594789238
,,,,,,9961.0,0.6715,0.00019,13.0225,3.600287245703209
,,,,,,9962.0,0.66964,0.00039,25.8722,3.6482832390071716
,,,,,,9963.0,0.67336,0.00056,37.6166,3.7134599935241814
,,,,,,9964.0,0.67522,0.00075,50.2591,3.6270794244403133
,,,,,,9965.0,0.66778,0.00095,63.2124,3.4921884104881222
,,,,,,9967.0,0.66964,0.00114,76.2003,3.607399509140545
,,,,,,9968.0,0.6808,0.00133,88.8428,3.575839281390291
,,,,,,9968.0,0.67708,0.0015,100.0,3.794162493986979
,,,,,,9968.0,0.0,0.0015,100.0,3.7020243489590707
,,,,,,9969.0,0.0,0.0015,100.0,3.68910442067726
,,,,,,9970.0,0.0,0.0015,100.0,3.606183681340931
,,,,,,9971.0,0.0,0.0015,100.0,3.6547846848975447
,,,,,,9972.0,0.0,0.0015,100.0,3.580571448398428
,,,,,,9974.0,0.0,0.0015,100.0,3.58203102694881
,,,,,,9975.0,0.0,0.0015,100.0,3.621631674983536
,,,,,,9976.0,0.0,0.0015,100.0,3.823089420576066
,,,,,,9977.0,0.0,0.0015,100.0,3.696285680360193
,,,,,,9978.0,0.0,0.0015,100.0,3.6105604550831556
,,,,,,9979.0,0.0,0.0015,100.0,3.792121732628285
,,,,,,9980.0,0.0,0.0015,100.0,3.5766697616680023
,,,,,,9981.0,0.0,0.0015,100.0,3.5371169289801854
,,,,,,9982.0,0.0,0.0015,100.0,3.5477502005928803
,,,,,,9983.0,0.0,0.0015,100.0,3.596203668086205
,,,,,,9984.0,0.0,0.0015,100.0,3.5635450252373406
,,,,,,9984.0,0.0,0.0015,100.0,3.594591934613911
,,,,,,9984.0,0.0,0.0015,100.0,3.5714619544865287
,,,,,,,,,,
,,,,,,9984.0,-0.6715,0.0,0.0,3.643270813951507
,,,,,,9985.0,-0.67336,0.00019,0.9258,3.4794932446955658
,,,,,,9987.0,-0.67336,0.00039,1.8715,3.4976512469616488
,,,,,,9988.0,-0.6715,0.00056,2.6903,3.4733107201924756
,,,,,,9989.0,-0.67522,0.00075,3.6236,3.5788029014686287
,,,,,,9990.0,-0.67336,0.00096,4.6415,3.6633692194614715
,,,,,,9991.0,-0.6715,0.00116,5.5947,3.588058638031555
,,,,,,9992.0,-0.6715,0.00135,6.513,3.4782028003448984
,,,,,,9993.0,-0.6715,0.00153,7.3592,3.4735536271455745
,,,,,,9994.0,-0.66964,0.00173,8.3373,3.6654034698608893
,,,,,,9995.0,-0.67336,0.00192,9.2556,3.6044400483673633
,,,,,,9996.0,-0.6715,0.00211,10.1715,3.7396573322512623
,,,,,,9997.0,-0.6715,0.0023,11.0873,3.566278197896574
,,,,,,9998.0,-0.67336,0.00249,12.0082,3.7670945779819633
,,,,,,9999.0,-0.67336,0.00268,12.9166,3.414671523134623
,,,,,,10000.0,-0.67336,0.00287,13.8349,3.6699371643207894
,,,,,,10001.0,-0.6715,0.00305,14.696,3.508538186110982
,,,,,,10002.0,-0.67336,0.00325,15.6766,3.540331105138298
,,,,,,10003.0,-0.67336,0.00345,16.5949,3.541703996294908
,,,,,,10004.0,-0.6715,0.00363,17.5058,3.759006972566289
,,,,,,10005.0,-0.67336,0.00383,18.4416,3.643900432075951
,,,,,,10006.0,-0.6715,0.00402,19.3674,3.6787004180176943
,,,,,,10007.0,-0.67336,0.00421,20.2957,3.529261575007294
,,,,,,10008.0,-0.6715,0.00441,21.2215,3.451316884475942
,,,,,,10009.0,-0.6715,0.00462,22.2468,3.452387734693249
,,,,,,10010.0,-0.6715,0.0048,23.1278,3.560412781797643
,,,,,,10011.0,-0.67336,0.00499,24.0537,3.8121295234564876
,,,,,,10012.0,-0.67336,0.00519,24.982,3.5313511831128404
,,,,,,10013.0,-0.6715,0.00538,25.8978,3.660527496416904
,,,,,,10014.0,-0.67336,0.00557,26.8162,3.5385791449441157
,,,,,,10015.0,-0.67336,0.00576,27.7345,3.5540512959858033
,,,,,,10016.0,-0.6715,0.00595,28.6504,3.6431186107193447
,,,,,,10017.0,-0.6715,0.00614,29.5662,3.523731561569939
,,,,,,10018.0,-0.6715,0.00633,30.487,3.534399851003752
,,,,,,10019.0,-0.67336,0.00652,31.4029,3.645770753040343
,,,,,,10020.0,-0.6715,0.00671,32.3287,3.71588121264761
,,,,,,10021.0,-0.6715,0.0069,33.2471,3.710525527063218
,,,,,,10022.0,-0.6715,0.00709,34.1654,3.5854099904089725
,,,,,,10024.0,-0.67336,0.00728,35.0813,3.6404699637203928
,,,,,,10025.0,-0.6715,0.00747,35.9996,3.589707480097131
,,,,,,10026.0,-0.6715,0.00767,36.9453,3.8659156394934104
,,,,,,10027.0,-0.6715,0.00786,37.8537,3.4809333113547485
,,,,,,10028.0,-0.67336,0.00805,38.7696,3.6554246661567866
,,,,,,10029.0,-0.6715,0.00825,39.7327,3.5653534954471544
,,,,,,10030.0,-0.67336,0.00844,40.6685,3.658224306399983
,,,,,,10031.0,-0.6715,0.00863,41.5769,3.8402373390518822
,,,,,,10032.0,-0.67336,0.00882,42.4952,3.5559708320118673
,,,,,,10033.0,-0.6715,0.00901,43.421,3.693192632696348
,,,,,,10034.0,-0.6715,0.0092,44.3294,3.5256973170851413
,,,,,,10035.0,-0.67336,0.00939,45.2502,3.765001739016989
,,,,,,10036.0,-0.6715,0.00959,46.1935,3.684473631160027
,,,,,,10037.0,-0.6715,0.00978,47.1118,3.604328889280856
,,,,,,10038.0,-0.67336,0.00997,48.0202,3.673584186580803
,,,,,,10039.0,-0.66964,0.01016,48.9386,3.4740845252380796
,,,,,,10040.0,-0.67522,0.01035,49.8569,3.744565520228142
,,,,,,10041.0,-0.67336,0.01053,50.7031,3.594947361460061
,,,,,,10042.0,-0.6715,0.01073,51.6737,3.7919706228280874
,,,,,,10043.0,-0.6715,0.0109,52.5198,3.6767180934381654
,,,,,,10044.0,-0.6715,0.0111,53.4481,3.626100149797744
,,,,,,10045.0,-0.67522,0.01129,54.3914,3.589614528467043
,,,,,,10046.0,-0.6715,0.01148,55.3072,3.465486321945895
,,,,,,10047.0,-0.6715,0.01167,56.2156,3.7937920107727643
,,,,,,10048.0,-0.6715,0.01186,57.134,3.6940071761574225
,,,,,,10049.0,-0.6715,0.01207,58.1145,3.6075358933361352
,,,,,,10050.0,-0.6715,0.01226,59.0578,3.4346581360418424
,,,,,,10051.0,-0.6715,0.01244,59.9139,3.5435821772761784
,,,,,,10052.0,-0.6715,0.01263,60.8297,3.815932582417042
,,,,,,10053.0,-0.67336,0.01282,61.7406,3.551412871436744
,,,,,,10054.0,-0.67336,0.01301,62.659,3.651949148304195
,,,,,,10055.0,-0.67336,0.0132,63.5773,3.451624253476777
,,,,,,10056.0,-0.67336,0.01339,64.5031,3.695070773073475
,,,,,,10057.0,-0.6715,0.0136,65.5285,3.630436794793621
,,,,,,10058.0,-0.6715,0.0138,66.4742,3.846803749680775
,,,,,,10059.0,-0.6715,0.01399,67.3925,3.709735693497285
,,,,,,10060.0,-0.6715,0.01418,68.3009,3.6716687811097013
,,,,,,10061.0,-0.6715,0.01437,69.2367,3.54574998312679
,,,,,,10062.0,-0.6715,0.01455,70.0928,3.7412132723299596
,,,,,,10063.0,-0.67522,0.01474,71.0087,3.593197034357446
,,,,,,10064.0,-0.67336,0.01493,71.927,3.5255654373521623
,,,,,,10065.0,-0.67336,0.01513,72.8528,3.8000332636157217
,,,,,,10067.0,-0.6715,0.01532,73.7786,3.553611329784296
,,,,,,10068.0,-0.67336,0.01553,74.7941,3.5422471242615106
,,,,,,10069.0,-0.67336,0.0157,75.6402,3.467279598234406
,,,,,,10070.0,-0.6715,0.01592,76.693,3.569098778172021
,,,,,,10071.0,-0.6715,0.01611,77.5914,3.5872822544445744
,,,,,,10071.0,-0.67336,0.01625,78.2932,3.603842155114109
,,,,,,10071.0,-1.34673,0.01625,78.2932,3.5862850197676215
,,,,,,10073.0,-1.35045,0.01663,80.0801,3.5343956057755697
,,,,,,10074.0,-1.35045,0.01703,82.0139,3.4592791832831207
,,,,,,10075.0,-1.35231,0.01742,83.8904,3.465054288564966
,,,,,,10076.0,-1.34859,0.01781,85.7669,3.6276486876482386
,,,,,,10077.0,-1.35045,0.01819,87.6285,3.6761133739507432
,,,,,,10078.0,-1.34673,0.01858,89.4701,3.3884121944039487
,,,,,,10079.0,-1.35045,0.01895,91.2944,3.614487536111963
,,,,,,10080.0,-1.35231,0.01934,93.1734,3.4568971194093896
,,,,,,10081.0,-1.34859,0.01973,95.0524,3.407155388227337
,,,,,,10082.0,-1.35045,0.02012,96.8941,3.4819894067596384
,,,,,,10083.0,-1.34859,0.02047,98.6088,3.4220364978591706
,,,,,,10084.0,-1.34859,0.02076,100.0,3.63802744912936
,,,,,,10084.0,-1.34859,0.02076,100.0,3.4990706872351907
,,,,,,,,,,
,,,,,,10084.0,0.6715,0.0,0.0,3.5636536941772525
,,,,,,10085.0,0.6715,0.00019,13.0194,3.658172305580987
,,,,,,10086.0,0.6715,0.00038,25.4501,3.6921972860634584
,,,,,,10087.0,0.66964,0.0006,40.374,3.6975730689005863
,,,,,,10088.0,0.67522,0.0008,53.3934,3.7480632385725254
,,,,,,10089.0,0.67708,0.00097,65.3047,3.6536104856267517
,,,,,,10090.0,0.66964,0.00117,78.0817,3.754702592106727
,,,,,,10091.0,0.6715,0.00137,91.9668,3.6534965520849045
,,,,,,10092.0,0.67522,0.00149,100.0,3.6406401706621248
,,,,,,10092.0,0.0,0.00149,100.0,3.6187873527833814
,,,,,,10093.0,0.0,0.00149,100.0,3.7496376417600614
,,,,,,10094.0,0.0,0.00149,100.0,3.6100056481765983
,,,,,,10095.0,0.0,0.00149,100.0,3.70276380254464
,,,,,,10096.0,0.0,0.00149,100.0,3.69085697805996
,,,,,,10097.0,0.0,0.00149,100.0,3.5950807511541267
,,,,,,10098.0,0.0,0.00149,100.0,3.5819881739888784
,,,,,,10099.0,0.0,0.00149,100.0,3.654754502739275
,,,,,,10100.0,0.0,0.00149,100.0,3.560752162532846
,,,,,,10101.0,0.0,0.00149,100.0,3.6236173375102925
,,,,,,10102.0,0.0,0.00149,100.0,3.5217809798427
,,,,,,10103.0,0.0,0.00149,100.0,3.5737680308338446
,,,,,,10104.0,0.0,0.00149,100.0,3.5487268691264626
,,,,,,10105.0,0.0,0.00149,100.0,3.6198407150652234
,,,,,,10106.0,0.0,0.00149,100.0,3.6047326597139655
,,,,,,10107.0,0.0,0.00149,100.0,3.5677192102684834
,,,,,,10108.0,0.0,0.00149,100.0,3.733025572620994
,,,,,,10108.0,0.0,0.00149,100.0,3.7465614431832623
,,,,,,,,,,
,,,,,,10108.0,-0.66778,0.0,0.0,3.7098858814759974
,,,,,,10109.0,-0.67336,0.00022,0.5403,3.663011921756476
,,,,,,10110.0,-0.67336,0.00041,0.9969,3.683322081871616
,,,,,,10111.0,-0.67336,0.0006,1.4584,3.7293709795366667
,,,,,,10112.0,-0.6715,0.00079,1.915,3.3759956034203995
,,,,,,10113.0,-0.6715,0.00098,2.3765,3.4182496363646466
,,,,,,10114.0,-0.67336,0.00117,2.8368,3.633249494505106
,,,,,,10115.0,-0.67336,0.00136,3.2984,3.366795892510246
,,,,,,10116.0,-0.6715,0.00156,3.7774,3.670498177929871
,,,,,,10117.0,-0.67336,0.00174,4.2114,3.716542535688059
,,,,,,10118.0,-0.6715,0.00193,4.673,3.5891080886189637
,,,,,,10119.0,-0.6715,0.00212,5.1333,3.6205175873117095
,,,,,,10120.0,-0.67336,0.00231,5.5948,3.563176125519839
,,,,,,10121.0,-0.67336,0.0025,6.0564,3.6576440909099692
,,,,,,10122.0,-0.67336,0.00269,6.5092,3.6087604548760197
,,,,,,10123.0,-0.6715,0.00288,6.9707,3.6768709625952543
,,,,,,10124.0,-0.6715,0.00307,7.436,3.6903121732980058
,,,,,,10125.0,-0.6715,0.00326,7.8925,3.6826691758375922
,,,,,,10126.0,-0.6715,0.00345,8.3578,3.4784004861106137
,,,,,,10127.0,-0.67336,0.00364,8.8144,3.718260930771049
,,,,,,10128.0,-0.6715,0.00383,9.2759,3.764801230260527
,,,,,,10129.0,-0.6715,0.00403,9.7587,3.564652813837784
,,,,,,10130.0,-0.67336,0.00422,10.2065,3.6060917540410014
,,,,,,10131.0,-0.67336,0.00441,10.6681,3.6695997781210323
,,,,,,10132.0,-0.67522,0.0046,11.1471,3.8227342978357655
,,,,,,10133.0,-0.67522,0.00479,11.5949,3.6405732960713832
,,,,,,10134.0,-0.67522,0.00498,12.0614,3.5460230197593274
,,,,,,10135.0,-0.6715,0.00517,12.523,3.5119136231858112
,,,,,,10136.0,-0.67336,0.00536,12.9845,3.7377948535988854
,,,,,,10137.0,-0.67336,0.00555,13.4448,3.5214467121120183
,,,,,,10138.0,-0.6715,0.00575,13.9289,3.7406337877534157
,,,,,,10139.0,-0.6715,0.00596,14.4167,3.6270885160611286
,,,,,,10140.0,-0.67336,0.00615,14.8782,3.6735057469781816
,,,,,,10142.0,-0.67522,0.00634,15.3448,3.5346953375240857
,,,,,,10143.0,-0.67522,0.00653,15.8013,3.589935381177509
,,,,,,10143.0,-0.67336,0.00653,15.8013,3.4040229318469497
,,,,,,10143.0,-5.39435,0.00653,15.8013,3.3657653208498592
,,,,,,10144.0,-5.40551,0.00828,20.0515,3.535970126456395
,,,,,,10145.0,-5.40365,0.00983,23.7952,3.5176629182977477
,,,,,,10146.0,-5.40365,0.01136,27.5025,3.3533014016891216
,,,,,,10147.0,-5.40551,0.01301,31.5013,3.2112158353322537
,,,,,,10148.0,-5.40737,0.01457,35.2812,3.5139803051130714
,,,,,,10149.0,-5.41109,0.01611,38.9899,3.3844860005777604
,,,,,,10150.0,-5.40365,0.01764,42.6972,3.2700501465686
,,,,,,10151.0,-5.40737,0.0186,45.0237,3.42914559957818
,,,,,,10151.0,-3.37426,0.0186,45.0237,3.4736207572651834
,,,,,,10152.0,-3.37612,0.01968,47.6354,3.530879649563125
,,,,,,10153.0,-3.37798,0.02063,49.9293,3.466161417686735
,,,,,,10154.0,-3.37798,0.0216,52.2933,3.581220730245477
,,,,,,10155.0,-3.37984,0.02255,54.5873,3.60766052622622
,,,,,,10156.0,-3.37798,0.02354,56.9726,3.4872374985369463
,,,,,,10157.0,-3.37984,0.02449,59.2903,3.5072946391026343
,,,,,,10158.0,-3.37798,0.02544,61.5855,3.4144715442452163
,,,,,,10159.0,-3.37612,0.0264,63.9032,3.4677928292370606
,,,,,,10160.0,-3.3817,0.02736,66.2197,3.417170845615338
,,,,,,10161.0,-3.37798,0.0283,68.5149,3.4738821822954176
,,,,,,10162.0,-3.37984,0.02928,70.8777,3.382434296564066
,,,,,,10163.0,-3.37798,0.03023,73.1716,3.5581296137152263
,,,,,,10164.0,-3.37798,0.03118,75.4894,3.4638856127719064
,,,,,,10165.0,-3.37798,0.03208,77.647,3.459533026927496
,,,,,,10166.0,-3.37984,0.03303,79.9647,3.3850444629063445
,,,,,,10167.0,-3.37612,0.03405,82.4163,3.5617492791273073
,,,,,,10168.0,-3.37798,0.03497,84.6427,3.3491710175028926
,,,,,,10169.0,-3.37798,0.03592,86.9592,3.4216053595286358
,,,,,,10170.0,-3.37984,0.03688,89.2769,3.638405191180735
,,,,,,10171.0,-3.37984,0.03785,91.6184,3.4825127528847895
,,,,,,10172.0,-3.3817,0.03879,93.9124,3.4804505758436726
,,,,,,10173.0,-3.37798,0.03973,96.1838,3.503404656562451
,,,,,,10174.0,-3.37984,0.04069,98.5015,3.529131158211751
,,,,,,10175.0,-3.37984,0.04131,100.0,3.534804375952822
,,,,,,10175.0,-3.37984,0.04131,100.0,3.3064007130210435
,,,,,,,,,,
,,,,,,10175.0,1.35231,0.0,0.0,3.5561426663887192
,,,,,,10176.0,1.34859,0.0004,13.2312,3.7148925021890356
,,,,,,10177.0,1.34487,0.00078,25.8087,3.782075827770965
,,,,,,10178.0,1.34859,0.00116,38.5237,3.6647875529521277
,,,,,,10179.0,1.34859,0.00153,50.9979,3.530285760267207
,,,,,,10180.0,1.34859,0.00188,62.7323,3.672828830322699
,,,,,,10181.0,1.34859,0.00227,75.4474,3.713994138973106
,,,,,,10182.0,1.34859,0.00265,88.1624,3.629978050977741
,,,,,,10183.0,1.34859,0.003,100.0,3.747173931734603
,,,,,,10183.0,1.34859,0.003,100.0,3.7145612662554366
,,,,,,,,,,
,,,,,,10183.0,-1.35045,0.0,0.0,3.4032046121167037
,,,,,,10184.0,-1.34673,0.00038,3.1243,3.5747985239254967
,,,,,,10185.0,-1.35045,0.00076,6.339,3.678356924365734
,,,,,,10186.0,-1.35045,0.00114,9.4935,3.4455526608713263
,,,,,,10187.0,-1.34673,0.00152,12.6781,3.463246122917304
,,,,,,10188.0,-1.34859,0.00189,15.7077,3.5314650276871165
,,,,,,10189.0,-1.34859,0.00228,18.987,3.5885176766971942
,,,,,,10190.0,-1.35045,0.00266,22.1672,3.4439059501240994
,,,,,,10191.0,-1.35045,0.00307,25.6057,3.524217180667737
,,,,,,10192.0,-1.34859,0.00346,28.7903,3.6617169664466784
,,,,,,10193.0,-1.35231,0.00381,31.7597,3.421082301283058
,,,,,,10194.0,-1.34673,0.00423,35.224,3.671864457552989
,,,,,,10195.0,-1.34859,0.00459,38.1891,3.5788329161887384
,,,,,,10196.0,-1.35045,0.00496,41.2833,3.488303042910583
,,,,,,10197.0,-1.34859,0.00534,44.4679,3.424517653706751
,,,,,,10198.0,-1.35231,0.00572,47.6524,3.371766901288351
,,,,,,10199.0,-1.34859,0.0061,50.8413,3.560738988793273
,,,,,,10200.0,-1.34673,0.00649,54.0259,3.5251011731728354
,,,,,,10201.0,-1.35231,0.00689,57.3697,3.5809009448695135
,,,,,,10202.0,-1.35045,0.00726,60.4295,3.4162972901845396
,,,,,,10203.0,-1.35045,0.00766,63.769,3.697847633694241
,,,,,,10204.0,-1.35045,0.00804,66.9536,3.6361201340120384
,,,,,,10205.0,-1.35045,0.00842,70.108,3.3818427771531887
,,,,,,10206.0,-1.35231,0.0088,73.327,3.454704309633419
,,,,,,10207.0,-1.35045,0.00921,76.6708,3.537490380973615
,,,,,,10208.0,-1.34859,0.00956,79.6359,3.5389536441432417
,,,,,,10209.0,-1.35045,0.00994,82.8248,3.5484535820985807
,,,,,,10210.0,-1.35045,0.01036,86.3235,3.5570260842495998
,,,,,,10211.0,-1.35045,0.01076,89.6329,3.586992218302624
,,,,,,10213.0,-1.34859,0.01116,92.9122,3.4312954851276616
,,,,,,10214.0,-1.35045,0.01151,95.8471,3.5304761629863024
,,,,,,10215.0,-1.35045,0.01191,99.2168,3.558627822641994
,,,,,,10215.0,-1.35045,0.01201,100.0,3.4504188050676916
,,,,,,10215.0,-1.35045,0.01201,100.0,3.4975543320964864
,,,,,,,,,,
,,,,,,10215.0,2.70461,0.0,0.0,3.636324770990809
,,,,,,10216.0,2.69903,0.00074,12.4567,3.8220638723570364
,,,,,,10217.0,2.70461,0.00151,25.3121,3.7506269198418254
,,,,,,10218.0,2.70275,0.00228,38.2888,3.6441612702129094
,,,,,,10219.0,2.69903,0.00312,52.2625,3.6646222479619586
,,,,,,10220.0,2.70461,0.00382,64.1037,3.712613760095512
,,,,,,10221.0,2.70647,0.00459,76.9591,3.912893842079129
,,,,,,10222.0,2.70089,0.00535,89.6758,3.5594690510992635
,,,,,,10223.0,2.70275,0.00596,100.0,3.7752047490886533
,,,,,,10223.0,0.0,0.00596,100.0,3.63384114580087
,,,,,,10224.0,0.0,0.00596,100.0,3.5794813875430744
,,,,,,10225.0,0.0,0.00596,100.0,3.469423134267334
,,,,,,10226.0,0.0,0.00596,100.0,3.7400558354448195
,,,,,,10227.0,0.0,0.00596,100.0,3.4838722546508127
,,,,,,10228.0,0.0,0.00596,100.0,3.5550910872112516
,,,,,,10229.0,0.0,0.00596,100.0,3.7511026063829345
,,,,,,10230.0,0.0,0.00596,100.0,3.7982255460714223
,,,,,,10231.0,0.0,0.00596,100.0,3.671396670950705
,,,,,,10232.0,0.0,0.00596,100.0,3.6646550694022064
,,,,,,10233.0,0.0,0.00596,100.0,3.587251169600919
,,,,,,10234.0,0.0,0.00596,100.0,3.6637689345982505
,,,,,,10235.0,0.0,0.00596,100.0,3.7583256590678764
,,,,,,10236.0,0.0,0.00596,100.0,3.509815657553999
,,,,,,10237.0,0.0,0.00596,100.0,3.7816260976244953
,,,,,,10238.0,0.0,0.00596,100.0,3.680293229404033
,,,,,,10239.0,0.0,0.00596,100.0,3.644688471020839
,,,,,,10240.0,0.0,0.00596,100.0,3.464339431363716
,,,,,,10241.0,0.0,0.00596,100.0,3.7509670593870994
,,,,,,10242.0,0.0,0.00596,100.0,3.690828110109347
,,,,,,10243.0,0.0,0.00596,100.0,3.590045101850059
,,,,,,10244.0,0.0,0.00596,100.0,3.4680684861007807
,,,,,,10245.0,0.0,0.00596,100.0,3.6932773541092194
,,,,,,10246.0,0.0,0.00596,100.0,3.559596182814476
,,,,,,10247.0,0.0,0.00596,100.0,3.5805864548376833
,,,,,,10248.0,0.0,0.00596,100.0,3.601866308005816
,,,,,,10249.0,0.0,0.00596,100.0,3.6467240387831277
,,,,,,10251.0,0.0,0.00596,100.0,3.6493869690493725
,,,,,,10252.0,0.0,0.00596,100.0,3.520355139479378
,,,,,,10253.0,0.0,0.00596,100.0,3.5813701282902497
,,,,,,10254.0,0.0,0.00596,100.0,3.5845272046208554
,,,,,,10255.0,0.0,0.00596,100.0,3.5178818863433943
,,,,,,10256.0,0.0,0.00596,100.0,3.499407123799306
,,,,,,10257.0,0.0,0.00596,100.0,3.5362268139688626
,,,,,,10258.0,0.0,0.00596,100.0,3.5531540443276235
,,,,,,10259.0,0.0,0.00596,100.0,3.5068219502400515
,,,,,,10260.0,0.0,0.00596,100.0,3.594601170656575
,,,,,,10261.0,0.0,0.00596,100.0,3.543577213312316
,,,,,,10262.0,0.0,0.00596,100.0,3.5491051857404736
,,,,,,10263.0,0.0,0.00596,100.0,3.594881650974117
,,,,,,10264.0,0.0,0.00596,100.0,3.5824170389960366
,,,,,,10265.0,0.0,0.00596,100.0,3.722565508124756
,,,,,,10266.0,0.0,0.00596,100.0,3.6189579166893586
,,,,,,10267.0,0.0,0.00596,100.0,3.906366128850286
,,,,,,10268.0,0.0,0.00596,100.0,3.7083253451717653
,,,,,,10269.0,0.0,0.00596,100.0,3.47586384720166
,,,,,,10270.0,0.0,0.00596,100.0,3.69342984049604
,,,,,,10271.0,0.0,0.00596,100.0,3.7256086109519506
,,,,,,10272.0,0.0,0.00596,100.0,3.6317690284832755
,,,,,,10273.0,0.0,0.00596,100.0,3.630347150057682
,,,,,,10274.0,0.0,0.00596,100.0,3.6563713350768663
,,,,,,10275.0,0.0,0.00596,100.0,3.624965030436475
,,,,,,10276.0,0.0,0.00596,100.0,3.7451379856974274
,,,,,,10277.0,0.0,0.00596,100.0,3.7390514944089652
,,,,,,10278.0,0.0,0.00596,100.0,3.5636785854316884
,,,,,,10278.0,0.0,0.00596,100.0,3.805795011446996
,,,,,,,,,,
,,,,,,10278.0,-0.66964,0.0,0.0,3.4201244774766546
,,,,,,10279.0,-0.67336,0.0002,2.0255,3.6145520041398327
,,,,,,10280.0,-0.67522,0.00039,3.9558,3.628178884771592
,,,,,,10281.0,-0.67336,0.00058,5.8861,3.65717611792228
,,,,,,10282.0,-0.67336,0.00077,7.8587,3.3540430799546614
,,,,,,10283.0,-0.67336,0.00096,9.8049,3.7480939808544145
,,,,,,10284.0,-0.6715,0.00115,11.7722,3.5268166531899094
,,,,,,10285.0,-0.6715,0.00135,13.803,3.5085382302622414
,,,,,,10286.0,-0.6715,0.00154,15.728,3.597226876742533
,,,,,,10287.0,-0.67336,0.00173,17.6635,3.6515564795017745
,,,,,,10288.0,-0.6715,0.00192,19.615,3.6465020627777025
,,,,,,10289.0,-0.6715,0.00211,21.5612,3.688270458432084
,,,,,,10290.0,-0.6715,0.0023,23.5126,3.564557671964525
,,,,,,10291.0,-0.6715,0.00249,25.4429,3.460215362860369
,,,,,,10292.0,-0.67336,0.00268,27.4102,3.7927709049038993
,,,,,,10293.0,-0.6715,0.00287,29.3617,3.770604742911826
,,,,,,10294.0,-0.67336,0.00306,31.3131,3.5762434211401226
,,,,,,10295.0,-0.6715,0.00324,33.1112,3.5826340423806307
,,,,,,10296.0,-0.6715,0.00343,35.1367,3.70871910076152
,,,,,,10297.0,-0.6715,0.00364,37.2574,3.4515381346577634
,,,,,,10298.0,-0.6715,0.00383,39.2247,3.7170620241336962
,,,,,,10299.0,-0.67336,0.00401,41.0439,3.5069962705835835
,,,,,,10300.0,-0.67336,0.0042,42.9901,3.679040063455696
,,,,,,10301.0,-0.66964,0.00439,44.9416,3.621239840430973
,,,,,,10302.0,-0.6715,0.00458,46.893,3.5774876395607556
,,,,,,10303.0,-0.67336,0.00477,48.8233,3.649996843770597
,,,,,,10304.0,-0.6715,0.00496,50.7536,3.4350746358658073
,,,,,,10305.0,-0.67336,0.00516,52.7791,3.6163063675675278
,,,,,,10306.0,-0.67336,0.00523,53.5248,3.725561020103827
,,,,,,10306.0,-1.34673,0.00523,53.5248,3.6354414813727836
,,,,,,10307.0,-1.34859,0.00562,57.4753,3.5673710110319763
,,,,,,10308.0,-1.34859,0.006,61.3888,3.5711431779807405
,,,,,,10309.0,-1.34859,0.00638,65.3022,3.5554389639313464
,,,,,,10310.0,-1.35045,0.00676,69.1787,3.587093090012859
,,,,,,10311.0,-1.34859,0.00714,73.0975,3.4389109303444663
,,,,,,10312.0,-1.35045,0.00753,77.048,3.523085151578189
,,,,,,10313.0,-1.34859,0.00793,81.1201,3.547895975481044
,,,,,,10314.0,-1.35045,0.00831,85.0706,3.4724809776071655
,,,,,,10315.0,-1.35045,0.00869,88.9841,3.610981259183734
,,,,,,10316.0,-1.34859,0.00905,92.6702,3.660047695040339
,,,,,,10317.0,-1.35045,0.00944,96.5836,3.373432503820309
,,,,,,10318.0,-1.35417,0.00977,100.0,3.555922215651653
,,,,,,10318.0,-1.35417,0.00977,100.0,3.6213737577562015
,,,,,,,,,,
,,,,,,10318.0,0.67708,0.0,0.0,3.6927117167697805
,,,,,,10319.0,0.6715,0.00018,12.379,3.6183731048205336
,,,,,,10320.0,0.66778,0.00039,25.8299,3.6250641087097777
,,,,,,10321.0,0.67336,0.00058,38.8658,3.7818678306366413
,,,,,,10322.0,0.67522,0.00077,51.8326,3.7314021059811555
,,,,,,10323.0,0.6715,0.00095,63.5892,3.619703803033566
,,,,,,10324.0,0.67336,0.00115,77.0747,3.5932886925056278
,,,,,,10325.0,0.67522,0.00133,88.8658,3.7006306997438623
,,,,,,10326.0,0.66964,0.00149,100.0,3.6908727086798883
,,,,,,10326.0,0.0,0.00149,100.0,3.62996199211997
,,,,,,10327.0,0.0,0.00149,100.0,3.610239426883078
,,,,,,10328.0,0.0,0.00149,100.0,3.816045433328892
,,,,,,10329.0,0.0,0.00149,100.0,3.5099116893197477
,,,,,,10330.0,0.0,0.00149,100.0,3.739247170716256
,,,,,,10331.0,0.0,0.00149,100.0,3.493895917779155
,,,,,,10332.0,0.0,0.00149,100.0,3.6137533464570044
,,,,,,10333.0,0.0,0.00149,100.0,3.6569252287489675
,,,,,,10334.0,0.0,0.00149,100.0,3.588126778290956
,,,,,,10335.0,0.0,0.00149,100.0,3.586876714831136
,,,,,,10336.0,0.0,0.00149,100.0,3.5784641192294258
,,,,,,10337.0,0.0,0.00149,100.0,3.541207270520323
,,,,,,10338.0,0.0,0.00149,100.0,3.5645300811301257
,,,,,,10339.0,0.0,0.00149,100.0,3.656409903674552
,,,,,,10340.0,0.0,0.00149,100.0,3.6616446703549292
,,,,,,10341.0,0.0,0.00149,100.0,3.802994889293484
,,,,,,10342.0,0.0,0.00149,100.0,3.636592894597529
,,,,,,10342.0,0.0,0.00149,100.0,3.6989681995625014
,,,,,,,,,,
,,,,,,10342.0,-0.6715,0.0,0.0,3.530213004418087
,,,,,,10343.0,-0.67336,0.0002,0.9597,3.634275646056478
,,,,,,10344.0,-0.6715,0.00039,1.8772,3.7686306089899198
,,,,,,10345.0,-0.67336,0.00058,2.8021,3.609542597528494
,,,,,,10346.0,-0.6715,0.00078,3.7742,3.6547347129285477
,,,,,,10347.0,-0.6715,0.00097,4.6445,3.60570274524761
,,,,,,10348.0,-0.6715,0.00116,5.5619,3.5876686025052904
,,,,,,10349.0,-0.6715,0.00134,6.4421,3.5425586412363326
,,,,,,10350.0,-0.6715,0.00155,7.4465,3.6204737718018203
,,,,,,10351.0,-0.6715,0.00174,8.364,3.620449529250878
,,,,,,10352.0,-0.67336,0.00193,9.279,3.680129511986152
,,,,,,10353.0,-0.67336,0.00212,10.189,3.598413306523422
,,,,,,10354.0,-0.6715,0.00231,11.1039,3.6022293003419716
,,,,,,10355.0,-0.6715,0.0025,12.0214,3.6156610566032867
,,,,,,10356.0,-0.67336,0.00269,12.9363,3.615272806011013
,,,,,,10357.0,-0.6715,0.00288,13.8538,3.653391827735881
,,,,,,10358.0,-0.67336,0.00308,14.7986,3.645804670109366
,,,,,,10359.0,-0.67522,0.00327,15.7161,3.6088296934339974
,,,,,,10360.0,-0.6715,0.00346,16.631,3.599840492694575
,,,,,,10361.0,-0.6715,0.00364,17.5385,3.6028059620076296
,,,,,,10362.0,-0.67336,0.00384,18.456,3.5354541236857826
,,,,,,10364.0,-0.6715,0.00403,19.3734,3.4821658971388105
,,,,,,10365.0,-0.66964,0.00422,20.2909,3.573300914336541
,,,,,,10366.0,-0.6715,0.00441,21.2059,3.810627625009914
,,,,,,10367.0,-0.6715,0.0046,22.1159,3.5783168253800763
,,,,,,10368.0,-0.6715,0.00479,23.0308,3.612732402839732
,,,,,,10369.0,-0.67336,0.00498,23.9508,3.7084451175615136
,,,,,,10370.0,-0.67336,0.00517,24.8657,3.423859745913317
,,,,,,10371.0,-0.6715,0.00535,25.7459,3.7325264367536155
,,,,,,10372.0,-0.6715,0.00555,26.6982,3.509342753657073
,,,,,,10373.0,-0.67336,0.00574,27.6156,3.5613609399379986
,,,,,,10374.0,-0.67336,0.00593,28.5331,3.47155301489565
,,,,,,10375.0,-0.66778,0.00612,29.4406,3.7183292117649405
,,,,,,10376.0,-0.6715,0.00631,30.3655,3.493726634797136
,,,,,,10377.0,-0.67522,0.0065,31.2829,3.4681615103821235
,,,,,,10378.0,-0.6715,0.00669,32.1905,3.51076252995325
,,,,,,10379.0,-0.67336,0.00688,33.1004,3.6567578522325004
,,,,,,10380.0,-0.6715,0.00707,34.0154,3.454581619654924
,,,,,,10381.0,-0.67522,0.00726,34.9329,3.6177580807744927
,,,,,,10382.0,-0.67522,0.00745,35.8429,3.607929214150396
,,,,,,10383.0,-0.67336,0.00764,36.7603,3.555274483345263
,,,,,,10384.0,-0.6715,0.00782,37.633,3.7357651157477307
,,,,,,10385.0,-0.6715,0.00803,38.63,3.556909519218079
,,,,,,10386.0,-0.6715,0.00823,39.5823,3.5574593064809243
,,,,,,10387.0,-0.67336,0.00842,40.5172,3.560115560443943
,,,,,,10388.0,-0.67336,0.00861,41.4321,3.4971785221635177
,,,,,,10389.0,-0.6715,0.0088,42.3396,3.4710674174380305
,,,,,,10390.0,-0.67336,0.00899,43.2571,3.5419363183895727
,,,,,,10391.0,-0.67336,0.00918,44.182,3.4594852995883554
,,,,,,10392.0,-0.67336,0.00937,45.0995,3.444630544141151
,,,,,,10393.0,-0.6715,0.00955,45.9697,3.6059257537471456
,,,,,,10394.0,-0.67336,0.00975,46.8946,3.4947181538772485
,,,,,,10395.0,-0.67336,0.00994,47.822,3.6081917793127753
,,,,,,10396.0,-0.6715,0.01013,48.7568,3.6699996377028006
,,,,,,10397.0,-0.67336,0.01033,49.6842,3.4011893441137793
,,,,,,10398.0,-0.67522,0.01052,50.6266,3.5833349311571
,,,,,,10399.0,-0.67336,0.01072,51.6062,3.4731785669754824
,,,,,,10400.0,-0.6715,0.01092,52.5236,3.7258227603592173
,,,,,,10401.0,-0.6715,0.01111,53.4411,3.631521094513788
,,,,,,10402.0,-0.6715,0.0113,54.366,3.5653980250827972
,,,,,,10403.0,-0.67336,0.01149,55.2834,3.6375288342999883
,,,,,,10404.0,-0.6715,0.01168,56.2009,3.501521085353745
,,,,,,10405.0,-0.67336,0.01187,57.1184,3.447854283611504
,,,,,,10406.0,-0.67336,0.01205,57.9612,3.5751268161462746
,,,,,,10408.0,-0.6715,0.01225,58.9334,3.297951531259735
,,,,,,10409.0,-0.6715,0.01244,59.8483,3.4308557393714776
,,,,,,10410.0,-0.6715,0.01263,60.7658,3.3654968894027415
,,,,,,10411.0,-0.67336,0.01282,61.6808,3.7223862313192253
,,,,,,10412.0,-0.6715,0.01301,62.5982,3.6070202492848655
,,,,,,10413.0,-0.6715,0.0132,63.5157,3.4578824016161374
,,,,,,10414.0,-0.67336,0.0134,64.4654,3.7135996034911627
,,,,,,10415.0,-0.67336,0.01359,65.3928,3.446863606736118
,,,,,,10416.0,-0.67336,0.01378,66.3028,3.6779558116732765
,,,,,,10417.0,-0.6715,0.01398,67.2626,3.6761489897874777
,,,,,,10418.0,-0.67336,0.01417,68.1974,3.6336604908008336
,,,,,,10419.0,-0.67336,0.01436,69.1149,3.686179476536598
,,,,,,10420.0,-0.6715,0.01455,70.0224,3.6690143042331154
,,,,,,10421.0,-0.6715,0.01474,70.9373,3.4675140156171516
,,,,,,10422.0,-0.67336,0.01493,71.8523,3.5256908259730113
,,,,,,10423.0,-0.6715,0.01512,72.7449,3.482672821616947
,,,,,,10424.0,-0.6715,0.01532,73.7295,3.5107818334188767
,,,,,,10425.0,-0.6715,0.01551,74.6196,3.6682885167350543
,,,,,,10426.0,-0.6715,0.01571,75.5992,3.6008703786560914
,,,,,,10427.0,-0.67336,0.01588,76.4346,3.704741298663416
,,,,,,10428.0,-0.6715,0.01608,77.3521,3.732517537412018
,,,,,,10429.0,-0.6715,0.01627,78.2869,3.655542129260349
,,,,,,10429.0,-1.34859,0.01627,78.2869,3.3101022612547624
,,,,,,10430.0,-1.35045,0.01663,80.0398,3.561102584587226
,,,,,,10431.0,-1.35045,0.01704,81.9891,3.5283560670568996
,,,,,,10432.0,-1.35045,0.01739,83.6648,3.573888362184287
,,,,,,10433.0,-1.35045,0.01777,85.5047,3.607934157425295
,,,,,,10434.0,-1.34859,0.01815,87.3471,3.4518110450693578
,,,,,,10435.0,-1.35045,0.01853,89.187,3.3531119476575553
,,,,,,10436.0,-1.35045,0.01891,91.0095,3.475798940755295
,,,,,,10437.0,-1.35231,0.0193,92.8493,3.547942469923733
,,,,,,10438.0,-1.35045,0.01966,94.6196,3.6825712665943087
,,,,,,10439.0,-1.34859,0.02006,96.5341,3.355998367560395
,,,,,,10440.0,-1.35045,0.02044,98.3764,3.4182067773388756
,,,,,,10441.0,-1.34673,0.02078,100.0,3.56186525690353
,,,,,,10441.0,-1.34673,0.02078,100.0,3.480168711275847
,,,,,,,,,,
,,,,,,10441.0,0.67522,0.0,0.0,3.5412697369441903
,,,,,,10442.0,0.67522,0.00019,12.7292,3.737595739605326
,,,,,,10443.0,0.67894,0.0004,26.5306,3.500980702360718
,,,,,,10444.0,0.66964,0.00057,38.3258,3.704037051887164
,,,,,,10445.0,0.67336,0.00076,51.1242,3.6547880230423986
,,,,,,10446.0,0.67522,0.00095,63.9225,3.705508873476155
,,,,,,10447.0,0.67522,0.00116,77.6894,3.4719556960887923
,,,,,,10448.0,0.67336,0.00135,90.3494,3.5580145564789967
,,,,,,10449.0,0.67708,0.00149,100.0,3.8084366919112096
,,,,,,10449.0,0.0,0.00149,100.0,3.6409216125231945
,,,,,,10450.0,0.0,0.00149,100.0,3.569938722110299
,,,,,,10451.0,0.0,0.00149,100.0,3.701328009461042
,,,,,,10452.0,0.0,0.00149,100.0,3.6002099900464652
,,,,,,10453.0,0.0,0.00149,100.0,3.6298467327467825
,,,,,,10454.0,0.0,0.00149,100.0,3.587569332759409
,,,,,,10455.0,0.0,0.00149,100.0,3.5750469130848863
,,,,,,10456.0,0.0,0.00149,100.0,3.658679172151826
,,,,,,10457.0,0.0,0.00149,100.0,3.518922327266627
,,,,,,10458.0,0.0,0.00149,100.0,3.6212170930027776
,,,,,,10459.0,0.0,0.00149,100.0,3.679929726638344
,,,,,,10460.0,0.0,0.00149,100.0,3.7753773225143847
,,,,,,10461.0,0.0,0.00149,100.0,3.5924638287597284
,,,,,,10462.0,0.0,0.00149,100.0,3.8546319759692445
,,,,,,10463.0,0.0,0.00149,100.0,3.7332418427539222
,,,,,,10464.0,0.0,0.00149,100.0,3.7121693064641708
,,,,,,10465.0,0.0,0.00149,100.0,3.728453227138528
,,,,,,10465.0,0.0,0.00149,100.0,3.4649808123449914
,,,,,,,,,,
,,,,,,10465.0,-0.6715,0.0,0.0,3.4856475134083467
,,,,,,10466.0,-0.6715,0.00019,0.4607,3.5921872219964577
,,,,,,10467.0,-0.67336,0.00041,0.9916,3.427080035572666
,,,,,,10468.0,-0.6715,0.0006,1.4648,3.6057343925432823
,,,,,,10469.0,-0.6715,0.00079,1.9217,3.5004298269453216
,,,,,,10470.0,-0.6715,0.00098,2.3848,3.5060640558215037
,,,,,,10471.0,-0.6715,0.00117,2.8467,3.689366138107269
,,,,,,10472.0,-0.67336,0.00136,3.3049,3.5569204220888486
,,,,,,10473.0,-0.67336,0.00155,3.768,3.513092628718006
,,,,,,10474.0,-0.67336,0.00174,4.2312,3.695288547010926
,,,,,,10475.0,-0.67336,0.00193,4.6931,3.4258786414605105
,,,,,,10477.0,-0.67336,0.00212,5.1563,3.6443744815954284
,,,,,,10478.0,-0.67336,0.00231,5.6182,3.4799452793681587
,,,,,,10479.0,-0.6715,0.00249,6.0587,3.5898472787403004
,,,,,,10480.0,-0.66964,0.00268,6.5156,3.38336740599663
,,,,,,10481.0,-0.6715,0.00287,6.9788,3.562663168478807
,,,,,,10482.0,-0.6715,0.00306,7.4419,3.5860305899156684
,,,,,,10483.0,-0.6715,0.00325,7.9001,3.539983818645265
,,,,,,10484.0,-0.6715,0.00344,8.362,3.6425059182930326
,,,,,,10485.0,-0.67336,0.00363,8.8252,3.5542199633476126
,,,,,,10486.0,-0.67336,0.00382,9.2883,3.4739743404730445
,,,,,,10487.0,-0.6715,0.00403,9.7916,3.5431954712249567
,,,,,,10488.0,-0.67522,0.00422,10.2498,3.5808259890810477
,,,,,,10489.0,-0.67336,0.00441,10.7092,3.6859814991337703
,,,,,,10490.0,-0.67336,0.0046,11.1723,3.4127247774624063
,,,,,,10491.0,-0.67336,0.00479,11.648,3.7442429362389804
,,,,,,10492.0,-0.6715,0.00499,12.1112,3.588051422167591
,,,,,,10493.0,-0.6715,0.00518,12.5819,3.616420479148486
,,,,,,10494.0,-0.6715,0.00537,13.0501,3.6940108400490317
,,,,,,10495.0,-0.6715,0.00556,13.517,3.66394613158145
,,,,,,10496.0,-0.66964,0.00575,13.9751,3.4689901031694146
,,,,,,10497.0,-0.67336,0.00594,14.4295,3.4780931637662733
,,,,,,10498.0,-0.67336,0.00613,14.8839,3.554279992896381
,,,,,,10499.0,-0.67336,0.00632,15.3458,3.619977748188863
,,,,,,10500.0,-0.67336,0.00651,15.8102,3.56308371964575
,,,,,,10500.0,-0.6715,0.00653,15.8692,3.4499604907505304
,,,,,,10500.0,-5.39807,0.00653,15.8692,3.2854798403421634
,,,,,,10501.0,-5.40551,0.00815,19.808,3.322020057605085
,,,,,,10502.0,-5.40365,0.00973,23.6375,3.4038237299647642
,,,,,,10503.0,-5.40365,0.01125,27.3214,3.31624311298589
,,,,,,10504.0,-5.40365,0.01278,31.0418,3.473719679825623
,,,,,,10505.0,-5.40737,0.01421,34.5073,3.378976652451181
,,,,,,10506.0,-5.40737,0.01574,38.2289,3.435384602603444
,,,,,,10507.0,-5.40551,0.01727,41.9505,3.2845005122758826
,,,,,,10508.0,-5.40737,0.01861,45.1964,3.174704980460818
,,,,,,10508.0,-3.37612,0.01861,45.1964,3.214002925907896
,,,,,,10509.0,-3.37798,0.0196,47.6152,3.4553106950318546
,,,,,,10510.0,-3.37612,0.02057,49.9623,3.3744636050206847
,,,,,,10511.0,-3.37798,0.02151,52.2417,3.426373926392451
,,,,,,10512.0,-3.37798,0.02246,54.5676,3.586607879078204
,,,,,,10513.0,-3.37798,0.02342,56.8922,3.265982443633518
,,,,,,10514.0,-3.37984,0.0244,59.262,3.3988765333582505
,,,,,,10515.0,-3.3817,0.02535,61.5878,3.214892615031635
,,,,,,10516.0,-3.37984,0.02632,63.935,3.475437955399811
,,,,,,10517.0,-3.37798,0.02729,66.2847,3.565590717781666
,,,,,,10518.0,-3.37612,0.02828,68.6996,3.4463755417833357
,,,,,,10520.0,-3.37612,0.02928,71.1159,3.5194344605506975
,,,,,,10521.0,-3.37798,0.03024,73.4655,3.5742223585805295
,,,,,,10522.0,-3.37798,0.03116,75.6985,3.4635402617278293
,,,,,,10523.0,-3.37798,0.03216,78.1147,3.541184024471053
,,,,,,10524.0,-3.37612,0.03311,80.4393,3.650567389820597
,,,,,,10525.0,-3.37798,0.03407,82.7639,3.3435299298481564
,,,,,,10526.0,-3.3817,0.03503,85.091,3.3477364952819935
,,,,,,10527.0,-3.37798,0.03599,87.4156,3.332091604875084
,,,,,,10528.0,-3.37984,0.03694,89.7414,3.392203902674942
,,,,,,10529.0,-3.37798,0.0379,92.066,3.438937244926834
,,,,,,10530.0,-3.37798,0.03884,94.3454,3.354643094772892
,,,,,,10531.0,-3.37984,0.03973,96.5106,3.431719528230185
,,,,,,10532.0,-3.3817,0.04069,98.8364,3.256005951488246
,,,,,,10532.0,-3.37798,0.04117,100.0,3.341090178795511
,,,,,,10532.0,-3.37798,0.04117,100.0,3.3737530837222613
,,,,,,,,,,
,,,,,,10532.0,1.35045,0.0,0.0,3.439362408189357
,,,,,,10533.0,1.35045,0.00042,13.8638,3.6006882777962406
,,,,,,10534.0,1.35045,0.0008,26.5153,3.718521176602551
,,,,,,10535.0,1.34859,0.00118,39.1497,3.6647200818768346
,,,,,,10536.0,1.35045,0.00157,51.8013,3.6651931136527716
,,,,,,10537.0,1.35045,0.00197,65.187,3.690578893799752
,,,,,,10538.0,1.35231,0.00236,77.9409,3.638511369421279
,,,,,,10540.0,1.35045,0.00274,90.5925,3.594158128884754
,,,,,,10540.0,1.35045,0.00303,100.0,3.515295428821388
,,,,,,10540.0,1.35045,0.00303,100.0,3.6977631983346204
,,,,,,,,,,
,,,,,,10540.0,-1.35231,0.0,0.0,3.6017894762099445
,,,,,,10541.0,-1.35045,0.0004,3.3135,3.437999966450381
,,,,,,10542.0,-1.34859,0.00078,6.5023,3.350537116911992
,,,,,,10543.0,-1.35045,0.00116,9.6867,3.6183464517852824
,,,,,,10544.0,-1.35045,0.00155,12.8712,3.666075011235451
,,,,,,10545.0,-1.35231,0.00192,15.9997,3.7025432933498252
,,,,,,10546.0,-1.35231,0.00231,19.2788,3.4483854890323355
,,,,,,10547.0,-1.35045,0.00269,22.4331,3.4075498202097223
,,,,,,10548.0,-1.35045,0.00305,25.3679,3.4553930588736566
,,,,,,10549.0,-1.35045,0.00343,28.5524,3.584105381895087
,,,,,,10550.0,-1.35045,0.00381,31.7712,3.4521378701785066
,,,,,,10552.0,-1.34859,0.00422,35.1106,3.519197730099346
,,,,,,10553.0,-1.35045,0.0046,38.2993,3.5521573891218425
,,,,,,10554.0,-1.34859,0.005,41.6043,3.5413767297425984
,,,,,,10555.0,-1.35417,0.00538,44.793,3.5927590405407406
,,,,,,10556.0,-1.35045,0.00576,47.9731,3.5152853447545453
,,,,,,10557.0,-1.34859,0.00614,51.1619,3.4842424292186385
,,,,,,10558.0,-1.34859,0.00653,54.3765,3.5322400241401777
,,,,,,10559.0,-1.34859,0.00688,57.3113,3.5143326310165492
,,,,,,10560.0,-1.35045,0.00729,60.7195,3.464283325513806
,,,,,,10561.0,-1.35045,0.00765,63.6845,3.485832689316254
,,,,,,10562.0,-1.35231,0.00803,66.8388,3.6106947867047694
,,,,,,10563.0,-1.34673,0.00841,70.0189,3.58361088078592
,,,,,,10564.0,-1.34859,0.00879,73.2077,3.4657240883649623
,,,,,,10565.0,-1.35045,0.00917,76.3921,3.599437994813114
,,,,,,10566.0,-1.34859,0.00957,79.7315,3.505093540918514
,,,,,,10567.0,-1.35045,0.00993,82.6706,3.737070609228187
,,,,,,10568.0,-1.34859,0.01032,85.9196,3.5285886411984877
,,,,,,10569.0,-1.34859,0.01071,89.2289,3.3944472224782656
,,,,,,10570.0,-1.34673,0.01109,92.3789,3.647366196897871
,,,,,,10571.0,-1.34673,0.01148,95.5977,3.6580923630735414
,,,,,,10572.0,-1.34673,0.01186,98.7822,3.4074448581742427
,,,,,,10572.0,-1.34859,0.01201,100.0,3.741481848286937
,,,,,,10572.0,-1.34859,0.01201,100.0,3.4627160887732282
,,,,,,,,,,
,,,,,,10572.0,2.70461,0.0,0.0,3.7425419011880665
,,,,,,10573.0,2.70089,0.00075,12.2389,3.7059708429464373
,,,,,,10574.0,2.69903,0.00152,24.722,3.6900463559376266
,,,,,,10575.0,2.70089,0.0023,37.4495,3.7551140977424695
,,,,,,10576.0,2.70275,0.00308,50.1769,3.6029997909779294
,,,,,,10577.0,2.70461,0.00387,63.1486,3.7144935822379446
,,,,,,10578.0,2.70089,0.0046,74.9073,3.73667105993507
,,,,,,10579.0,2.70461,0.00536,87.3905,3.6491823067143376
,,,,,,10580.0,2.70275,0.00613,100.0,3.615341979044612
,,,,,,10580.0,0.0,0.00613,100.0,3.753101519112511
,,,,,,10581.0,0.0,0.00613,100.0,3.7199773558770417
,,,,,,10583.0,0.0,0.00613,100.0,3.5406091924618392
,,,,,,10584.0,0.0,0.00613,100.0,3.624577852355919
,,,,,,10585.0,0.0,0.00613,100.0,3.64967113043708
,,,,,,10586.0,0.0,0.00613,100.0,3.7619322697779958
,,,,,,10587.0,0.0,0.00613,100.0,3.731322860127469
,,,,,,10588.0,0.0,0.00613,100.0,3.730761404343952
,,,,,,10589.0,0.0,0.00613,100.0,3.6077712502166825
,,,,,,10590.0,0.0,0.00613,100.0,3.768173960919743
,,,,,,10591.0,0.0,0.00613,100.0,3.6666725836398046
,,,,,,10592.0,0.0,0.00613,100.0,3.3802954341052964
,,,,,,10593.0,0.0,0.00613,100.0,3.646327307715202
,,,,,,10594.0,0.0,0.00613,100.0,3.7639595201559843
,,,,,,10595.0,0.0,0.00613,100.0,3.62876089939201
,,,,,,10596.0,0.0,0.00613,100.0,3.6223490448230415
,,,,,,10597.0,0.0,0.00613,100.0,3.8410056106976778
,,,,,,10598.0,0.0,0.00613,100.0,3.561598422140284
,,,,,,10599.0,0.0,0.00613,100.0,3.496925690853383
,,,,,,10600.0,0.0,0.00613,100.0,3.664438809897808
,,,,,,10601.0,0.0,0.00613,100.0,3.505886407646924
,,,,,,10602.0,0.0,0.00613,100.0,3.714118475948608
,,,,,,10603.0,0.0,0.00613,100.0,3.7972879413985448
,,,,,,10604.0,0.0,0.00613,100.0,3.6354464150572423
,,,,,,10605.0,0.0,0.00613,100.0,3.72497493413754
,,,,,,10606.0,0.0,0.00613,100.0,3.6469526023973904
,,,,,,10607.0,0.0,0.00613,100.0,3.6538103995757836
,,,,,,10608.0,0.0,0.00613,100.0,3.633049316179619
,,,,,,10609.0,0.0,0.00613,100.0,3.530775081663856
,,,,,,10610.0,0.0,0.00613,100.0,3.5908048178540697
,,,,,,10611.0,0.0,0.00613,100.0,3.596303359787913
,,,,,,10612.0,0.0,0.00613,100.0,3.7477491318235745
,,,,,,10613.0,0.0,0.00613,100.0,3.7341263019473567
,,,,,,10614.0,0.0,0.00613,100.0,3.5969256727836956
,,,,,,10615.0,0.0,0.00613,100.0,3.534197266292233
,,,,,,10616.0,0.0,0.00613,100.0,3.702310666843612
,,,,,,10617.0,0.0,0.00613,100.0,3.514665235290023
,,,,,,10618.0,0.0,0.00613,100.0,3.611279901617164
,,,,,,10619.0,0.0,0.00613,100.0,3.633048699362893
,,,,,,10620.0,0.0,0.00613,100.0,3.7185839121788824
,,,,,,10620.0,0.0,0.00613,100.0,3.518238905328925
,,,,,,10621.0,0.0,0.00613,100.0,3.5456735135106157
,,,,,,10622.0,0.0,0.00613,100.0,3.6400444178055715
,,,,,,10623.0,0.0,0.00613,100.0,3.4879366065820485
,,,,,,10624.0,0.0,0.00613,100.0,3.4462284176315774
,,,,,,10625.0,0.0,0.00613,100.0,3.6665464079555963
,,,,,,10626.0,0.0,0.00613,100.0,3.5607346393531456
,,,,,,10627.0,0.0,0.00613,100.0,3.7617736122764405
,,,,,,10628.0,0.0,0.00613,100.0,3.4388749859807657
,,,,,,10629.0,0.0,0.00613,100.0,3.750716093868837
,,,,,,10630.0,0.0,0.00613,100.0,3.544762982331272
,,,,,,10631.0,0.0,0.00613,100.0,3.448282775959694
,,,,,,10632.0,0.0,0.00613,100.0,3.736048278858242
,,,,,,10633.0,0.0,0.00613,100.0,3.5766684398531043
,,,,,,10634.0,0.0,0.00613,100.0,3.717188183465679
,,,,,,10635.0,0.0,0.00613,100.0,3.6239743776652986
,,,,,,10636.0,0.0,0.00613,100.0,3.6276074649039542
,,,,,,10637.0,0.0,0.00613,100.0,3.669609134871744
,,,,,,10637.0,0.0,0.00613,100.0,3.626301729698115
,,,,,,,,,,
,,,,,,10637.0,-0.6715,0.0,0.0,3.762221252525563
,,,,,,10638.0,-0.6715,0.00021,2.1388,3.566237231319209
,,,,,,10639.0,-0.67336,0.00039,4.0341,3.3751173484521866
,,,,,,10640.0,-0.67336,0.00058,5.9664,3.544206946124592
,,,,,,10641.0,-0.67336,0.00077,7.9305,3.3786245761333134
,,,,,,10642.0,-0.6715,0.00097,9.8894,3.5900543675879524
,,,,,,10643.0,-0.6715,0.00116,11.8799,3.5995155525616096
,,,,,,10644.0,-0.6715,0.00135,13.8123,3.6231551389241643
,,,,,,10645.0,-0.67336,0.00154,15.7446,3.6991965612062856
,,,,,,10646.0,-0.67336,0.00173,17.6981,3.60388179393915
,,,,,,10647.0,-0.6715,0.00192,19.6305,3.600189098769062
,,,,,,10648.0,-0.6715,0.00211,21.584,3.6405790633016157
,,,,,,10649.0,-0.66964,0.0023,23.5322,3.6585024964178006
,,,,,,10650.0,-0.6715,0.00249,25.4646,3.6714893938115045
,,,,,,10651.0,-0.6715,0.00268,27.4392,3.3492674823925808
,,,,,,10652.0,-0.6715,0.00287,29.3716,3.803221416725988
,,,,,,10653.0,-0.6715,0.00306,31.3622,3.811595443077855
,,,,,,10654.0,-0.6715,0.00326,33.411,3.5323332324426424
,,,,,,10655.0,-0.67336,0.00345,35.3433,3.841973742806815
,,,,,,10656.0,-0.67522,0.00363,37.2015,3.6387222709748297
,,,,,,10657.0,-0.67336,0.00383,39.2874,3.429396486212432
,,,,,,10658.0,-0.6715,0.00402,41.1774,3.743231831608622
,,,,,,10659.0,-0.6715,0.00421,43.1097,3.6623551489922512
,,,,,,10660.0,-0.67336,0.00441,45.1956,3.449100061602671
,,,,,,10661.0,-0.67336,0.00459,47.038,3.500195283621578
,,,,,,10662.0,-0.67336,0.00478,49.0232,3.5421876347219827
,,,,,,10663.0,-0.67336,0.00498,51.0562,3.7248258497715736
,,,,,,10664.0,-0.6715,0.00517,52.9832,3.524307846845605
,,,,,,10665.0,-0.66964,0.00526,53.862,3.591433489466632
,,,,,,10665.0,-1.34487,0.00526,53.862,3.5325283773402982
,,,,,,10666.0,-1.35045,0.00564,57.7426,3.6461018957704447
,,,,,,10667.0,-1.35045,0.00602,61.6602,3.6596843534352153
,,,,,,10668.0,-1.35045,0.0064,65.5779,3.5471714695369863
,,,,,,10669.0,-1.35231,0.00678,69.4955,3.5604539307881122
,,,,,,10670.0,-1.34859,0.00717,73.4184,3.6228441094416013
,,,,,,10671.0,-1.35231,0.00756,77.4895,3.4471361719388227
,,,,,,10672.0,-1.34859,0.00794,81.3278,3.6361618247989393
,,,,,,10673.0,-1.35045,0.00833,85.3248,3.4697800810715447
,,,,,,10674.0,-1.34859,0.00871,89.2848,3.566066586388483
,,,,,,10675.0,-1.35045,0.00909,93.1653,3.4319730514657
,,,,,,10676.0,-1.34673,0.00948,97.083,3.4928345387228554
,,,,,,10677.0,-1.34859,0.00976,100.0,3.5709562365032474
,,,,,,10677.0,-1.34859,0.00976,100.0,3.473776950281279
,,,,,,,,,,
,,,,,,10677.0,0.66406,0.0,0.0,3.779063701424351
,,,,,,10678.0,0.67522,0.00019,12.457,3.6305426838257073
,,,,,,10679.0,0.67522,0.00036,24.1569,3.8945671460592
,,,,,,10680.0,0.66592,0.00057,37.7151,3.8384246938201554
,,,,,,10681.0,0.66964,0.00075,49.8279,3.529956340819338
,,,,,,10682.0,0.6715,0.00095,63.2485,3.6091540166043194
,,,,,,10683.0,0.6715,0.00114,75.7054,3.724880694557847
,,,,,,10684.0,0.6715,0.00131,87.3021,3.856211585707436
,,,,,,10685.0,0.66964,0.0015,100.0,3.674088831273571
,,,,,,10685.0,0.0,0.0015,100.0,3.703241007737301
,,,,,,10686.0,0.0,0.0015,100.0,3.4377035359671333
,,,,,,10687.0,0.0,0.0015,100.0,3.4864569144364714
,,,,,,10688.0,0.0,0.0015,100.0,3.621413683933558
,,,,,,10689.0,0.0,0.0015,100.0,3.7234566085956433
,,,,,,10690.0,0.0,0.0015,100.0,3.596029087440523
,,,,,,10691.0,0.0,0.0015,100.0,3.6376981474760988
,,,,,,10692.0,0.0,0.0015,100.0,3.6989707000188496
,,,,,,10693.0,0.0,0.0015,100.0,3.527246533433418
,,,,,,10694.0,0.0,0.0015,100.0,3.6541520951341786
,,,,,,10695.0,0.0,0.0015,100.0,3.727421512228923
,,,,,,10696.0,0.0,0.0015,100.0,3.6285886118220705
,,,,,,10697.0,0.0,0.0015,100.0,3.618464005252914
,,,,,,10698.0,0.0,0.0015,100.0,3.4378495068029333
,,,,,,10699.0,0.0,0.0015,100.0,3.5842121331049612
,,,,,,10700.0,0.0,0.0015,100.0,3.6158801260573075
,,,,,,10701.0,0.0,0.0015,100.0,3.5744351510677017
,,,,,,10701.0,0.0,0.0015,100.0,3.46559412575421
,,,,,,,,,,
,,,,,,10701.0,-0.66778,0.0,0.0,3.58076323212997
,,,,,,10702.0,-0.6715,0.00019,0.9029,3.586905203924944
,,,,,,10703.0,-0.67336,0.00038,1.8356,3.495094610874627
,,,,,,10704.0,-0.6715,0.00057,2.751,3.6053120478884213
,,,,,,10705.0,-0.66964,0.00077,3.701,3.638553317526968
,,,,,,10706.0,-0.6715,0.00096,4.6238,3.6062818285716487
,,,,,,10707.0,-0.66964,0.00115,5.5019,3.545810429867636
,,,,,,10708.0,-0.6715,0.00134,6.452,3.5347676432019366
,,,,,,10709.0,-0.6715,0.00153,7.3574,3.6092766106954235
,,,,,,10710.0,-0.6715,0.00172,8.2728,3.399056326645746
,,,,,,10711.0,-0.67336,0.00192,9.198,3.5942815014169507
,,,,,,10712.0,-0.67336,0.0021,10.1034,3.651384291842729
,,,,,,10713.0,-0.6715,0.00229,11.0163,3.4838442216044974
,,,,,,10714.0,-0.6715,0.00249,11.9316,3.576002361830611
,,,,,,10715.0,-0.6715,0.00268,12.847,3.3910717521065603
,,,,,,10716.0,-0.6715,0.00287,13.7598,3.6358322987027445
,,,,,,10717.0,-0.67336,0.00307,14.7446,3.4963791879266273
,,,,,,10718.0,-0.6715,0.00327,15.6773,3.618616969915
,,,,,,10719.0,-0.6715,0.00346,16.5927,3.714946990072174
,,,,,,10720.0,-0.6715,0.00365,17.5055,3.6860201239531536
,,,,,,10721.0,-0.67522,0.00384,18.4209,3.724182175676689
,,,,,,10722.0,-0.67336,0.00403,19.3362,3.5485416743404197
,,,,,,10723.0,-0.6715,0.00422,20.259,3.704888769987375
,,,,,,10724.0,-0.67522,0.00441,21.1718,3.5558730455536596
,,,,,,10725.0,-0.67336,0.0046,22.0872,3.64390463394856
,,,,,,10726.0,-0.6715,0.00479,23.0025,3.5312339486845157
,,,,,,10727.0,-0.6715,0.00498,23.9079,3.594932552960701
,,,,,,10728.0,-0.67336,0.00517,24.8233,3.632362061663104
,,,,,,10729.0,-0.6715,0.00536,25.7262,3.5504123406531427
,,,,,,10730.0,-0.6715,0.00555,26.6316,3.6834436546059965
,,,,,,10731.0,-0.6715,0.00574,27.5469,3.625513541334815
,,,,,,10732.0,-0.67336,0.00593,28.4623,3.475905535009471
,,,,,,10733.0,-0.6715,0.00612,29.3751,3.6165921808068573
,,,,,,10734.0,-0.6715,0.00631,30.293,3.7448184797395747
,,,,,,10735.0,-0.6715,0.0065,31.2058,3.586560923487967
,,,,,,10736.0,-0.66964,0.00669,32.1212,3.85334251681763
,,,,,,10737.0,-0.67336,0.00688,33.0365,3.572734370952914
,,,,,,10738.0,-0.6715,0.00707,33.9419,3.6346065053143315
,,,,,,10739.0,-0.6715,0.00726,34.8548,3.7677101860168114
,,,,,,10740.0,-0.6715,0.00745,35.7602,3.620707777325969
,,,,,,10742.0,-0.6715,0.00768,36.8541,3.547945702333801
,,,,,,10743.0,-0.6715,0.00787,37.7695,3.6379680730651724
,,,,,,10744.0,-0.6715,0.00806,38.6848,3.5602767329882345
,,,,,,10745.0,-0.6715,0.00824,39.5629,3.5183114337171366
,,,,,,10746.0,-0.6715,0.00844,40.5055,3.6197527547281285
,,,,,,10747.0,-0.67336,0.00863,41.411,3.6300583746267496
,,,,,,10748.0,-0.6715,0.00882,42.3238,3.7543338644150333
,,,,,,10749.0,-0.6715,0.00901,43.2466,3.6725909252192466
,,,,,,10750.0,-0.67522,0.0092,44.147,3.569001877402216
,,,,,,10751.0,-0.67336,0.0094,45.1046,3.6062358874982157
,,,,,,10752.0,-0.67522,0.00959,46.0224,3.6916185548118574
,,,,,,10753.0,-0.6715,0.00977,46.9278,3.660767450911356
,,,,,,10754.0,-0.6715,0.00997,47.8704,3.310264731373027
,,,,,,10755.0,-0.6715,0.01016,48.7833,3.5344513711834606
,,,,,,10756.0,-0.6715,0.01036,49.7259,3.5549739525494037
,,,,,,10757.0,-0.67336,0.01055,50.6412,3.433427890446464
,,,,,,10758.0,-0.66964,0.01074,51.5715,3.6168303582775114
,,,,,,10759.0,-0.67336,0.01093,52.4942,3.437376328445767
,,,,,,10760.0,-0.67336,0.01114,53.4815,3.5292090954203976
,,,,,,10761.0,-0.6715,0.01133,54.4117,3.5650303324720376
,,,,,,10762.0,-0.67336,0.01152,55.3271,3.543380272198199
,,,,,,10763.0,-0.6715,0.01172,56.2498,3.6063722480154583
,,,,,,10764.0,-0.67522,0.01189,57.1032,3.762798814632983
,,,,,,10765.0,-0.67336,0.01211,58.1152,3.5302559143386634
,,,,,,10766.0,-0.67336,0.01229,59.0107,3.5112211161738855
,,,,,,10767.0,-0.67522,0.01248,59.9261,3.5705566833158597
,,,,,,10768.0,-0.6715,0.01267,60.8315,3.7399170351922915
,,,,,,10769.0,-0.67336,0.01286,61.7468,3.5278961898948102
,,,,,,10770.0,-0.67522,0.01305,62.6597,3.3851457166904915
,,,,,,10772.0,-0.6715,0.01324,63.575,3.5521138012961724
,,,,,,10773.0,-0.6715,0.01343,64.4804,3.685036029021947
,,,,,,10774.0,-0.67336,0.01362,65.3685,3.687993205228588
,,,,,,10775.0,-0.67522,0.01382,66.3359,3.716806766434068
,,,,,,10776.0,-0.67336,0.01401,67.2513,3.4400495178514516
,,,,,,10777.0,-0.67336,0.0142,68.1567,3.5286599287577802
,,,,,,10778.0,-0.67336,0.01437,69.01,3.534833572427294
,,,,,,10779.0,-0.6715,0.01456,69.9229,3.606408938192356
,,,,,,10780.0,-0.66964,0.01476,70.8382,3.4505994529928867
,,,,,,10781.0,-0.6715,0.01496,71.8428,3.6255281942891298
,,,,,,10782.0,-0.66964,0.01515,72.7482,3.5798999693248166
,,,,,,10783.0,-0.67336,0.01533,73.6065,3.4262500744505475
,,,,,,10784.0,-0.67336,0.01553,74.5665,3.586413463084754
,,,,,,10785.0,-0.6715,0.01573,75.4992,3.6295886095388403
,,,,,,10786.0,-0.67336,0.01592,76.4146,3.723170693533118
,,,,,,10787.0,-0.6715,0.01611,77.3299,3.5380922084237723
,,,,,,10788.0,-0.67336,0.01626,78.0542,3.487661674457369
,,,,,,10788.0,-1.34859,0.01626,78.0542,3.79576293264374
,,,,,,10789.0,-1.34859,0.01667,80.0511,3.496981142256799
,,,,,,10790.0,-1.35045,0.01705,81.8346,3.572974768773638
,,,,,,10791.0,-1.35045,0.01743,83.6703,3.519687364868884
,,,,,,10792.0,-1.35045,0.01781,85.5059,3.557350315462164
,,,,,,10793.0,-1.35045,0.01819,87.3242,3.536621127819775
,,,,,,10794.0,-1.35045,0.01857,89.1598,3.336575801405555
,,,,,,10795.0,-1.35045,0.01895,90.9955,3.372875257651446
,,,,,,10796.0,-1.34859,0.01934,92.8311,3.4173992289104316
,,,,,,10797.0,-1.35045,0.01974,94.7585,3.4935702180194856
,,,,,,10798.0,-1.35045,0.02012,96.5768,3.407057988343328
,,,,,,10799.0,-1.35045,0.0205,98.4124,3.6780477925146235
,,,,,,10800.0,-1.35417,0.02083,100.0,3.5739554844310635
,,,,,,10800.0,-1.35417,0.02083,100.0,3.480471450179379
,,,,,,,,,,
,,,,,,10800.0,0.68266,0.0,0.0,3.594807890139303
,,,,,,10801.0,0.66778,0.0002,13.166,3.633146086411731
,,,,,,10802.0,0.66592,0.00037,24.8195,3.7139344687831883
,,,,,,10803.0,0.67336,0.00058,38.7762,3.6497398783645836
,,,,,,10804.0,0.67522,0.00076,50.636,3.5904583030988886
,,,,,,10805.0,0.67522,0.00096,63.8364,3.5488577541630804
,,,,,,10806.0,0.67336,0.00115,76.5211,3.742686638255653
,,,,,,10807.0,0.6715,0.00134,89.1715,3.4048351703335813
,,,,,,10808.0,0.66778,0.0015,100.0,3.6511414398910094
,,,,,,10808.0,0.0,0.0015,100.0,3.4735354877758002
,,,,,,10809.0,0.0,0.0015,100.0,3.513344720998839
,,,,,,10810.0,0.0,0.0015,100.0,3.8045754030595416
,,,,,,10811.0,0.0,0.0015,100.0,3.7541353494943865
,,,,,,10812.0,0.0,0.0015,100.0,3.383561570942625
,,,,,,10813.0,0.0,0.0015,100.0,3.5382474526708787
,,,,,,10814.0,0.0,0.0015,100.0,3.7446571299412144
,,,,,,10815.0,0.0,0.0015,100.0,3.718236750635114
,,,,,,10816.0,0.0,0.0015,100.0,3.5129889393873577
,,,,,,10817.0,0.0,0.0015,100.0,3.755315999697931
,,,,,,10818.0,0.0,0.0015,100.0,3.51640988724371
,,,,,,10819.0,0.0,0.0015,100.0,3.623265728148427
,,,,,,10820.0,0.0,0.0015,100.0,3.68801295706913
,,,,,,10821.0,0.0,0.0015,100.0,3.69778753109179
,,,,,,10822.0,0.0,0.0015,100.0,3.426630999946977
,,,,,,10823.0,0.0,0.0015,100.0,3.495761566586345
,,,,,,10824.0,0.0,0.0015,100.0,3.5533029908856504
,,,,,,10824.0,0.0,0.0015,100.0,3.6280054208307178
,,,,,,,,,,
,,,,,,10824.0,-0.66406,0.0,0.0,3.515767291998208
,,,,,,10825.0,-0.6715,0.00019,0.4587,3.5338241416359075
,,,,,,10826.0,-0.6715,0.00038,0.9211,3.62972360690733
,,,,,,10827.0,-0.66964,0.00057,1.3848,3.4584837821608376
,,,,,,10828.0,-0.67522,0.00076,1.8485,3.5067344274512675
,,,,,,10829.0,-0.6715,0.00095,2.3109,3.5439939614966818
,,,,,,10830.0,-0.6715,0.00114,2.7733,3.612783423631309
,,,,,,10831.0,-0.6715,0.00133,3.237,3.6293654941150035
,,,,,,10832.0,-0.6715,0.00152,3.7007,3.6197855376456647
,,,,,,10833.0,-0.6715,0.00171,4.1632,3.4312603981317755
,,,,,,10834.0,-0.67522,0.0019,4.6268,3.643115609968554
,,,,,,10835.0,-0.6715,0.00209,5.0905,3.4419836795567336
,,,,,,10836.0,-0.6715,0.00228,5.553,3.582849950359229
,,,,,,10837.0,-0.6715,0.00249,6.0518,3.614404277141092
,,,,,,10838.0,-0.6715,0.00268,6.5155,3.6229909545855774
,,,,,,10839.0,-0.6715,0.00287,6.9792,3.726542128369454
,,,,,,10840.0,-0.67336,0.00306,7.4429,3.4806394084836176
,,,,,,10841.0,-0.67522,0.00325,7.9066,3.4783754384953487
,,,,,,10842.0,-0.6715,0.00344,8.369,3.673862434849747
,,,,,,10843.0,-0.6715,0.00363,8.8327,3.60355055980154
,,,,,,10844.0,-0.67336,0.00382,9.2964,3.5558961887432656
,,,,,,10845.0,-0.6715,0.004,9.7274,3.7567643146997023
,,,,,,10846.0,-0.67336,0.00419,10.1899,3.7492768799110885
,,,,,,10847.0,-0.6715,0.00438,10.6485,3.413245153921675
,,,,,,10848.0,-0.67336,0.00457,11.1122,3.5730615934197085
,,,,,,10849.0,-0.6715,0.00476,11.5747,3.5870905521604675
,,,,,,10850.0,-0.6715,0.00495,12.0384,3.4593308649246337
,,,,,,10851.0,-0.6715,0.00514,12.5008,3.4245616058062134
,,,,,,10852.0,-0.6715,0.00533,12.9594,3.5275564408884765
,,,,,,10854.0,-0.67336,0.00552,13.4219,3.490420013784816
,,,,,,10855.0,-0.6715,0.00572,13.9208,3.5187591402914626
,,,,,,10856.0,-0.67336,0.0059,14.3568,3.66310960037203
,,,,,,10857.0,-0.67336,0.00609,14.8192,3.6185095452375995
,,,,,,10858.0,-0.67336,0.00628,15.2829,3.7023147916616557
,,,,,,10859.0,-0.67336,0.00647,15.7454,3.7534405766910943
,,,,,,10859.0,-0.67336,0.00655,15.9175,3.666831405146585
,,,,,,10859.0,-5.41481,0.00655,15.9175,3.4223549548012624
,,,,,,10860.0,-5.40551,0.00802,19.4963,3.2502605154648587
,,,,,,10861.0,-5.40365,0.00958,23.2938,3.2614522852811447
,,,,,,10862.0,-5.40551,0.01123,27.3112,3.366133091090893
,,,,,,10863.0,-5.40737,0.01264,30.7443,3.14350014062496
,,,,,,10864.0,-5.40365,0.01425,34.6511,3.252130989325193
,,,,,,10865.0,-5.40737,0.01576,38.3393,3.505829070700386
,,,,,,10866.0,-5.40737,0.0173,42.0639,3.3908672080413034
,,,,,,10867.0,-5.40737,0.01863,45.3147,3.176011533620113
,,,,,,10867.0,-3.37984,0.01863,45.3147,3.3923571370942924
,,,,,,10868.0,-3.37798,0.01956,47.5754,3.4923777951526396
,,,,,,10869.0,-3.37798,0.02051,49.88,3.3851954170193737
,,,,,,10870.0,-3.37798,0.02147,52.2085,3.545685976795581
,,,,,,10871.0,-3.37984,0.02243,54.5596,3.3864435435348863
,,,,,,10872.0,-3.37798,0.02338,56.8642,3.4896872710276634
,,,,,,10873.0,-3.37798,0.02434,59.1928,3.365453122923874
,,,,,,10874.0,-3.37984,0.02532,61.5891,3.3397698266508367
,,,,,,10875.0,-3.37984,0.02629,63.9402,3.6317581365702605
,,,,,,10876.0,-3.37798,0.02727,66.314,3.264197519109544
,,,,,,10877.0,-3.37798,0.02822,68.6425,3.2477653121406282
,,,,,,10878.0,-3.37984,0.02924,71.1054,3.2958704603350113
,,,,,,10879.0,-3.37798,0.03022,73.5031,3.41607756135563
,,,,,,10880.0,-3.37798,0.03112,75.6933,3.4768591565704905
,,,,,,10881.0,-3.37798,0.03208,78.0206,3.337884717973486
,,,,,,10882.0,-3.37984,0.03304,80.3491,3.3518247572041187
,,,,,,10883.0,-3.37426,0.034,82.6776,3.3195031356301157
,,,,,,10884.0,-3.37798,0.03494,84.9822,3.3916598463817857
,,,,,,10885.0,-3.37612,0.03589,87.2868,3.5323374591129832
,,,,,,10886.0,-3.37984,0.03692,89.7976,3.275051881659274
,,,,,,10888.0,-3.37984,0.03792,92.2165,3.5587782343975594
,,,,,,10889.0,-3.37612,0.03886,94.4998,3.4508671784242853
,,,,,,10890.0,-3.37798,0.0398,96.8044,3.5211380003023702
,,,,,,10891.0,-3.3817,0.04076,99.1329,3.3827592507175597
,,,,,,10891.0,-3.37798,0.04112,100.0,3.3935285630038297
,,,,,,10891.0,-3.37798,0.04112,100.0,3.41121394168892
,,,,,,,,,,
,,,,,,10891.0,1.34673,0.0,0.0,3.5569845007072254
,,,,,,10892.0,1.35045,0.00042,13.816,3.6553223896537923
,,,,,,10893.0,1.34859,0.0008,26.2862,3.4922211440215714
,,,,,,10894.0,1.34673,0.00118,38.8756,3.5967278035485224
,,,,,,10895.0,1.34673,0.00161,53.0664,3.684864791210083
,,,,,,10896.0,1.34673,0.00199,65.5366,3.6744048397462516
,,,,,,10897.0,1.35045,0.00237,78.0238,3.615998283276056
,,,,,,10898.0,1.34859,0.00275,90.6133,3.8847346127498352
,,,,,,10899.0,1.35045,0.00303,100.0,3.477212849380547
,,,,,,10899.0,1.35045,0.00303,100.0,3.7175306336560223
,,,,,,,,,,
,,,,,,10899.0,-1.34859,0.0,0.0,3.4597034400873516
,,,,,,10900.0,-1.34859,0.00039,3.2176,3.5828992870665313
,,,,,,10901.0,-1.35045,0.00077,6.4008,3.549231538543591
,,,,,,10902.0,-1.35045,0.00115,9.5539,3.426092208461812
,,,,,,10903.0,-1.35045,0.00153,12.7414,3.444041440136867
,,,,,,10904.0,-1.34673,0.00189,15.7397,3.6093183739305625
,,,,,,10905.0,-1.35231,0.00228,18.9874,3.5416052881084483
,,,,,,10906.0,-1.34859,0.00266,22.1061,3.4653849321492367
,,,,,,10907.0,-1.35045,0.00306,25.4441,3.6014050149862764
,,,,,,10908.0,-1.35045,0.00344,28.6273,3.499302718708652
,,,,,,10909.0,-1.35231,0.00382,31.8106,3.420823666579729
,,,,,,10910.0,-1.34859,0.0042,34.9981,3.5584467111845686
,,,,,,10911.0,-1.34859,0.00459,38.1813,3.45659392236186
,,,,,,10912.0,-1.35045,0.00496,41.3043,3.436647271359217
,,,,,,10913.0,-1.35231,0.00534,44.4875,3.5709791253599303
,,,,,,10914.0,-1.35045,0.00573,47.6707,3.407221729583683
,,,,,,10915.0,-1.34859,0.0061,50.8238,3.5876815366721377
,,,,,,10916.0,-1.35231,0.00649,54.0113,3.3819374283760526
,,,,,,10917.0,-1.35045,0.00687,57.1988,3.4898812650982953
,,,,,,10918.0,-1.34859,0.00725,60.3519,3.3968583536329797
,,,,,,10919.0,-1.35045,0.00764,63.5996,3.5655028743314348
,,,,,,10920.0,-1.35231,0.00803,66.8129,3.431993431641428
,,,,,,10921.0,-1.35045,0.00841,69.9961,3.631753861254614
,,,,,,10922.0,-1.34859,0.00879,73.1793,3.634272577636958
,,,,,,10924.0,-1.35045,0.00918,76.3969,3.3659562107698857
,,,,,,10925.0,-1.35045,0.00956,79.5544,3.2229107280939777
,,,,,,10926.0,-1.35045,0.00993,82.7074,3.199406123482416
,,,,,,10927.0,-1.34859,0.01032,85.9208,3.542956899057353
,,,,,,10928.0,-1.35045,0.01067,88.8588,3.443361701489539
,,,,,,10929.0,-1.34859,0.01106,92.042,3.511278180827361
,,,,,,10930.0,-1.35045,0.01144,95.2553,3.4810560214294806
,,,,,,10931.0,-1.35231,0.01182,98.4385,3.5919991908411077
,,,,,,10931.0,-1.34859,0.01201,100.0,3.5079153744691345
,,,,,,10931.0,-1.34859,0.01201,100.0,3.4934188499336543
,,,,,,,,,,
,,,,,,10931.0,2.69903,0.0,0.0,3.6341494578535527
,,,,,,10932.0,2.70647,0.00076,12.6913,3.599633422634796
,,,,,,10933.0,2.70089,0.00152,25.5036,3.7918782272420213
,,,,,,10934.0,2.70275,0.0023,38.4369,3.7438875205575433
,,,,,,10935.0,2.70275,0.00304,50.8775,3.5433950491911808
,,,,,,10936.0,2.70089,0.00387,64.6927,3.6620153777795186
,,,,,,10937.0,2.70275,0.00463,77.5136,3.73976921265053
,,,,,,10938.0,2.70647,0.00539,90.2049,3.6149973654626777
,,,,,,10939.0,2.70089,0.00598,100.0,3.827860527208427
,,,,,,10939.0,0.0,0.00598,100.0,3.5906867564225755
,,,,,,10940.0,0.0,0.00598,100.0,3.728817096410718
,,,,,,10941.0,0.0,0.00598,100.0,3.562875661495407
,,,,,,10942.0,0.0,0.00598,100.0,3.6767876763069127
,,,,,,10943.0,0.0,0.00598,100.0,3.523079638456536
,,,,,,10944.0,0.0,0.00598,100.0,3.352197061702033
,,,,,,10945.0,0.0,0.00598,100.0,3.49045272807587
,,,,,,10946.0,0.0,0.00598,100.0,3.7647797820025852
,,,,,,10947.0,0.0,0.00598,100.0,3.604173035497761
,,,,,,10948.0,0.0,0.00598,100.0,3.565030998364555
,,,,,,10949.0,0.0,0.00598,100.0,3.6272197545917337
,,,,,,10950.0,0.0,0.00598,100.0,3.5259503044678815
,,,,,,10951.0,0.0,0.00598,100.0,3.4819521851719415
,,,,,,10952.0,0.0,0.00598,100.0,3.558646963791797
,,,,,,10953.0,0.0,0.00598,100.0,3.55991967086594
,,,,,,10954.0,0.0,0.00598,100.0,3.61655453190924
,,,,,,10955.0,0.0,0.00598,100.0,3.608453007327405
,,,,,,10956.0,0.0,0.00598,100.0,3.706958135845939
,,,,,,10957.0,0.0,0.00598,100.0,3.579440878626073
,,,,,,10958.0,0.0,0.00598,100.0,3.7156179580654687
,,,,,,10959.0,0.0,0.00598,100.0,3.625537619933068
,,,,,,10960.0,0.0,0.00598,100.0,3.639044965286766
,,,,,,10962.0,0.0,0.00598,100.0,3.736369709518646
,,,,,,10963.0,0.0,0.00598,100.0,3.62604830314986
,,,,,,10964.0,0.0,0.00598,100.0,3.5842315016671757
,,,,,,10965.0,0.0,0.00598,100.0,3.6798694024313754
,,,,,,10966.0,0.0,0.00598,100.0,3.7071629277957734
,,,,,,10967.0,0.0,0.00598,100.0,3.577274520683209
,,,,,,10968.0,0.0,0.00598,100.0,3.689763312670865
,,,,,,10969.0,0.0,0.00598,100.0,3.6363811814202274
,,,,,,10970.0,0.0,0.00598,100.0,3.5918682121182197
,,,,,,10971.0,0.0,0.00598,100.0,3.6957941523270317
,,,,,,10972.0,0.0,0.00598,100.0,3.565419703440944
,,,,,,10973.0,0.0,0.00598,100.0,3.486594433396187
,,,,,,10974.0,0.0,0.00598,100.0,3.655650179278622
,,,,,,10975.0,0.0,0.00598,100.0,3.5995788662536046
,,,,,,10976.0,0.0,0.00598,100.0,3.5097692502492173
,,,,,,10977.0,0.0,0.00598,100.0,3.5934812165461243
,,,,,,10978.0,0.0,0.00598,100.0,3.5733018675732713
,,,,,,10979.0,0.0,0.00598,100.0,3.5913750348870415
,,,,,,10980.0,0.0,0.00598,100.0,3.5488455384036897
,,,,,,10981.0,0.0,0.00598,100.0,3.705273386135406
,,,,,,10982.0,0.0,0.00598,100.0,3.666484479437257
,,,,,,10983.0,0.0,0.00598,100.0,3.5440887821909532
,,,,,,10984.0,0.0,0.00598,100.0,3.3871275342783456
,,,,,,10985.0,0.0,0.00598,100.0,3.579164579764789
,,,,,,10986.0,0.0,0.00598,100.0,3.7507643238337685
,,,,,,10987.0,0.0,0.00598,100.0,3.628314314962558
,,,,,,10988.0,0.0,0.00598,100.0,3.6839865155071383
,,,,,,10989.0,0.0,0.00598,100.0,3.645662109277708
,,,,,,10990.0,0.0,0.00598,100.0,3.573517534181943
,,,,,,10991.0,0.0,0.00598,100.0,3.6347629044123684
,,,,,,10992.0,0.0,0.00598,100.0,3.5252468426667662
,,,,,,10993.0,0.0,0.00598,100.0,3.585445086854216
,,,,,,10994.0,0.0,0.00598,100.0,3.5627137880946784
,,,,,,10994.0,0.0,0.00598,100.0,3.5929494675560174
,,,,,,,,,,
,,,,,,10994.0,-0.6715,0.0,0.0,3.6235414055503976
,,,,,,10995.0,-0.6715,0.00019,1.9702,3.4267265008387486
,,,,,,10996.0,-0.66964,0.00039,3.9881,3.4757358074482907
,,,,,,10997.0,-0.66964,0.00058,5.9423,3.6136375335098
,,,,,,10998.0,-0.67522,0.00077,7.9178,3.4685449729476185
,,,,,,10999.0,-0.6715,0.00096,9.8773,3.6132828566281763
,,,,,,11000.0,-0.66964,0.00115,11.8156,3.6654062997783576
,,,,,,11001.0,-0.6715,0.00134,13.7698,3.749139393348943
,,,,,,11002.0,-0.67336,0.00153,15.7135,3.6170273756672597
,,,,,,11003.0,-0.67336,0.00172,17.673,3.4996946589951516
,,,,,,11004.0,-0.6715,0.00191,19.6485,3.5198252258081726
,,,,,,11005.0,-0.6715,0.0021,21.608,3.7409827264960844
,,,,,,11006.0,-0.6715,0.00229,23.5463,3.6380458891212357
,,,,,,11007.0,-0.67336,0.00248,25.5217,3.5648644231462128
,,,,,,11008.0,-0.6715,0.00267,27.4813,3.660520564100207
,,,,,,11010.0,-0.6715,0.00286,29.4408,3.61881315318573
,,,,,,11011.0,-0.6715,0.00306,31.4375,3.5694137989107944
,,,,,,11012.0,-0.67522,0.00323,33.2431,3.6366736222901563
,,,,,,11013.0,-0.6715,0.00343,35.2026,3.620103797335249
,,,,,,11014.0,-0.6715,0.00362,37.1781,3.7303706237346335
,,,,,,11015.0,-0.67522,0.00382,39.2544,3.3419883415302576
,,,,,,11016.0,-0.6715,0.00401,41.1927,3.5983551700611436
,,,,,,11017.0,-0.6715,0.0042,43.1469,3.651987549647913
,,,,,,11018.0,-0.67336,0.00439,45.1277,3.7684979673186136
,,,,,,11019.0,-0.6715,0.00458,47.1191,3.5146011661031187
,,,,,,11020.0,-0.6715,0.00477,48.9831,3.4891949001030236
,,,,,,11021.0,-0.67522,0.00496,50.9373,3.646830699740662
,,,,,,11022.0,-0.6715,0.00515,52.9181,3.6537123072027198
,,,,,,11022.0,-0.67336,0.00523,53.7252,3.4515812311230407
,,,,,,11022.0,-1.34301,0.00523,53.7252,3.534918883835337
,,,,,,11023.0,-1.35231,0.00562,57.7665,3.731887356933343
,,,,,,11024.0,-1.34859,0.006,61.659,3.6795220958129042
,,,,,,11025.0,-1.34859,0.00639,65.6258,3.512220142354136
,,,,,,11026.0,-1.34859,0.00677,69.5555,3.6065305311840663
,,,,,,11027.0,-1.34673,0.00715,73.4799,3.5243556500241326
,,,,,,11028.0,-1.34859,0.00753,77.4149,3.690178962870077
,,,,,,11029.0,-1.35045,0.00791,81.2649,3.5318497025273397
,,,,,,11030.0,-1.35045,0.0083,85.2743,3.6262039730317848
,,,,,,11031.0,-1.35045,0.00872,89.6288,3.6154909706091343
,,,,,,11033.0,-1.35231,0.00911,93.601,3.604007223430331
,,,,,,11034.0,-1.35231,0.00949,97.4935,3.4771562231735977
,,,,,,11034.0,-1.35045,0.00973,100.0,3.4474194266195544
,,,,,,11034.0,-1.35045,0.00973,100.0,3.540499629888017
,,,,,,,,,,
,,,,,,11034.0,0.65848,0.0,0.0,3.5935264752040847
,,,,,,11035.0,0.67336,0.00021,13.8414,3.6865630290802858
,,,,,,11036.0,0.67894,0.0004,26.4867,3.530510972527169
,,,,,,11037.0,0.66778,0.00059,39.1661,3.7616099400961356
,,,,,,11038.0,0.67708,0.00078,51.743,3.527836128637824
,,,,,,11039.0,0.67522,0.00097,63.8756,3.6632869251427076
,,,,,,11040.0,0.66592,0.00117,77.136,3.6563216849840425
,,,,,,11041.0,0.67336,0.00134,88.4826,3.682448794385311
,,,,,,11042.0,0.67894,0.00151,100.0,3.6332818585861695
,,,,,,11042.0,0.0,0.00151,100.0,3.478879425523857
,,,,,,11043.0,0.0,0.00151,100.0,3.5247193840423003
,,,,,,11044.0,0.0,0.00151,100.0,3.6281617429941537
,,,,,,11045.0,0.0,0.00151,100.0,3.564688151594238
,,,,,,11046.0,0.0,0.00151,100.0,3.5876396222396965
,,,,,,11047.0,0.0,0.00151,100.0,3.4862007698388244
,,,,,,11049.0,0.0,0.00151,100.0,3.8433793459728145
,,,,,,11050.0,0.0,0.00151,100.0,3.6316327988673716
,,,,,,11051.0,0.0,0.00151,100.0,3.4191072323555844
,,,,,,11052.0,0.0,0.00151,100.0,3.701211733864302
,,,,,,11053.0,0.0,0.00151,100.0,3.6474726659312786
,,,,,,11054.0,0.0,0.00151,100.0,3.5797321686282224
,,,,,,11055.0,0.0,0.00151,100.0,3.699536529454687
,,,,,,11056.0,0.0,0.00151,100.0,3.523818288380827
,,,,,,11057.0,0.0,0.00151,100.0,3.558507688541937
,,,,,,11058.0,0.0,0.00151,100.0,3.6722708724074886
,,,,,,11058.0,0.0,0.00151,100.0,3.5064444265779344
,,,,,,11058.0,0.0,0.00151,100.0,3.633740363956131
,,,,,,,,,,
,,,,,,11058.0,-0.66406,0.0,0.0,3.601491386580889
,,,,,,11059.0,-0.66964,0.00018,0.8801,3.4302835837498113
,,,,,,11060.0,-0.67522,0.00037,1.7949,3.5322644698489336
,,,,,,11061.0,-0.67336,0.00056,2.7123,3.5992221586130513
,,,,,,11062.0,-0.6715,0.00076,3.6396,3.605836792723242
,,,,,,11063.0,-0.6715,0.00095,4.557,3.6967360676796917
,,,,,,11064.0,-0.67522,0.00114,5.4644,3.619037452830859
,,,,,,11065.0,-0.67336,0.00134,6.4265,3.4863889748055645
,,,,,,11066.0,-0.6715,0.00152,7.3339,3.4119419276695826
,,,,,,11067.0,-0.6715,0.00172,8.2588,3.6281589842934885
,,,,,,11069.0,-0.67336,0.00191,9.1761,3.6455682407938945
,,,,,,11070.0,-0.6715,0.0021,10.0935,3.5459130654767
,,,,,,11071.0,-0.67336,0.00229,11.0108,3.479861060037817
,,,,,,11072.0,-0.67522,0.00248,11.9183,3.616414723974816
,,,,,,11073.0,-0.67336,0.00267,12.8356,3.4969574555828595
,,,,,,11074.0,-0.67336,0.00285,13.7057,3.3257809826741647
,,,,,,11075.0,-0.67336,0.00305,14.6952,3.3677180510764644
,,,,,,11076.0,-0.6715,0.00324,15.6026,3.542356111138662
,,,,,,11077.0,-0.6715,0.00343,16.52,3.546611941022648
,,,,,,11078.0,-0.66778,0.00362,17.4274,3.482402517470342
,,,,,,11079.0,-0.66964,0.00381,18.3522,3.6148879478431466
,,,,,,11080.0,-0.66964,0.004,19.2646,3.5679804723074593
,,,,,,11081.0,-0.67336,0.00419,20.1646,3.4382493150529965
,,,,,,11082.0,-0.6715,0.00438,21.0844,3.465967771996934
,,,,,,11083.0,-0.67336,0.00457,22.0092,3.715622114224386
,,,,,,11084.0,-0.6715,0.00477,22.9266,3.375422302015089
,,,,,,11085.0,-0.67522,0.00495,23.834,3.517266311038389
,,,,,,11086.0,-0.67336,0.00514,24.7514,3.5746854468981315
,,,,,,11087.0,-0.6715,0.00533,25.6688,3.412218416033449
,,,,,,11088.0,-0.67336,0.00552,26.5762,3.6235194533717614
,,,,,,11089.0,-0.6715,0.00572,27.5109,3.5501746471153313
,,,,,,11090.0,-0.6715,0.00591,28.4432,3.5647099809729004
,,,,,,11091.0,-0.6715,0.0061,29.3581,3.6520908429566314
,,,,,,11092.0,-0.6715,0.00629,30.2755,3.632464234565537
,,,,,,11093.0,-0.6715,0.00648,31.1829,3.3315039887631688
,,,,,,11094.0,-0.6715,0.00667,32.0978,3.3818833391704843
,,,,,,11095.0,-0.6715,0.00686,33.0151,3.527098713227079
,,,,,,11096.0,-0.6715,0.00705,33.9325,3.453765783393557
,,,,,,11097.0,-0.66964,0.00724,34.8399,3.5956662387392972
,,,,,,11098.0,-0.6715,0.00743,35.7548,3.447666625926352
,,,,,,11099.0,-0.6715,0.00762,36.6721,3.521896064145672
,,,,,,11100.0,-0.6715,0.0078,37.5149,3.5616510120893463
,,,,,,11101.0,-0.6715,0.00799,38.4671,3.5821024347823123
,,,,,,11102.0,-0.6715,0.00819,39.4118,3.3750993207807642
,,,,,,11103.0,-0.67336,0.00839,40.3441,3.608008021033562
,,,,,,11104.0,-0.67336,0.00857,41.2515,3.381906609700217
,,,,,,11105.0,-0.67336,0.00876,42.1664,3.3500281884931136
,,,,,,11106.0,-0.67336,0.00895,43.0837,3.4939464262281676
,,,,,,11107.0,-0.6715,0.00915,44.0011,3.6411165149501756
,,,,,,11108.0,-0.6715,0.00933,44.8837,3.603363754749583
,,,,,,11109.0,-0.67336,0.00953,45.8433,3.5714582172762612
,,,,,,11110.0,-0.6715,0.00972,46.7582,3.4569888731891227
,,,,,,11111.0,-0.67522,0.00991,47.6755,3.5342994381783592
,,,,,,11112.0,-0.67336,0.0101,48.5929,3.707721215288794
,,,,,,11113.0,-0.67336,0.01029,49.5053,3.5227037716230787
,,,,,,11114.0,-0.6715,0.01048,50.4027,3.2918009737119016
,,,,,,11115.0,-0.6715,0.01065,51.2381,3.6388023162215397
,,,,,,11116.0,-0.67336,0.01084,52.1728,3.5242436697344166
,,,,,,11117.0,-0.66964,0.01103,53.0902,3.629133737647857
,,,,,,11118.0,-0.67336,0.01123,54.0349,3.3965891622330764
,,,,,,11120.0,-0.67336,0.01142,54.9597,3.6563682579837495
,,,,,,11121.0,-0.6715,0.01162,55.887,3.5001850798134377
,,,,,,11122.0,-0.6715,0.01183,56.9113,3.6398632783702096
,,,,,,11123.0,-0.67522,0.01202,57.8461,3.619399398073849
,,,,,,11124.0,-0.67336,0.01221,58.7634,3.3708226765138933
,,,,,,11125.0,-0.67336,0.01241,59.6907,3.5562369065851165
,,,,,,11126.0,-0.67336,0.01259,60.5981,3.491006755493154
,,,,,,11127.0,-0.6715,0.01278,61.513,3.577716617891967
,,,,,,11128.0,-0.66778,0.01297,62.4279,3.457887072999735
,,,,,,11129.0,-0.67522,0.01317,63.3527,3.472894135522154
,,,,,,11130.0,-0.67336,0.01336,64.2626,3.7444766807953758
,,,,,,11131.0,-0.67522,0.01355,65.18,3.5621755296688717
,,,,,,11132.0,-0.67336,0.01372,66.0253,3.47587110571435
,,,,,,11133.0,-0.67336,0.01392,66.97,3.5318135579092402
,,,,,,11134.0,-0.67522,0.01411,67.8774,3.636640230156211
,,,,,,11135.0,-0.67336,0.0143,68.7947,3.5355154755150315
,,,,,,11136.0,-0.6715,0.01449,69.6997,3.4213509544964897
,,,,,,11137.0,-0.6715,0.01468,70.617,3.4585645780459213
,,,,,,11138.0,-0.67336,0.01487,71.5443,3.3115161568387665
,,,,,,11139.0,-0.66964,0.01506,72.4592,3.6271071252096854
,,,,,,11140.0,-0.67336,0.01525,73.3766,3.4202598628259278
,,,,,,11141.0,-0.6715,0.01544,74.2741,3.578165717826492
,,,,,,11142.0,-0.6715,0.01564,75.2362,3.638498853588897
,,,,,,11143.0,-0.6715,0.01582,76.0988,3.541516236643435
,,,,,,11144.0,-0.67522,0.01601,77.0162,3.6059881041532753
,,,,,,11145.0,-0.67336,0.0162,77.9236,3.4885774249330535
,,,,,,11145.0,-0.6715,0.01624,78.1573,3.539880944486975
,,,,,,11145.0,-1.34673,0.01624,78.1573,3.6122173103324333
,,,,,,11146.0,-1.35045,0.01661,79.9423,3.5702996122449298
,,,,,,11147.0,-1.34859,0.017,81.7994,3.4240342484168855
,,,,,,11148.0,-1.35045,0.01739,83.6565,3.5606368721751607
,,,,,,11149.0,-1.35045,0.01777,85.4962,3.434154761630124
,,,,,,11150.0,-1.34673,0.01815,87.3185,3.392118956395953
,,,,,,11151.0,-1.34859,0.01853,89.1582,3.4496109893194404
,,,,,,11152.0,-1.35417,0.01891,91.0004,3.6433008386785573
,,,,,,11153.0,-1.34859,0.0193,92.8376,3.3252002326673016
,,,,,,11155.0,-1.34859,0.01968,94.6972,3.402843838904641
,,,,,,11156.0,-1.34859,0.02007,96.5717,3.4831218414395955
,,,,,,11157.0,-1.34859,0.02045,98.394,3.518609225148179
,,,,,,11157.0,-1.35045,0.02078,100.0,3.4376877282567713
,,,,,,11157.0,-1.35045,0.02078,100.0,3.4972280056451113
,,,,,,,,,,
,,,,,,11157.0,0.67894,0.0,0.0,3.5072099044962055
,,,,,,11158.0,0.6715,0.00018,12.3008,3.6137065966639996
,,,,,,11159.0,0.66964,0.00038,25.1906,3.743495920758539
,,,,,,11160.0,0.67522,0.00057,38.0457,3.5909987902876757
,,,,,,11161.0,0.67522,0.00076,50.693,3.5410519881951035
,,,,,,11163.0,0.67522,0.00097,65.0728,3.619725394723273
,,,,,,11164.0,0.67522,0.00116,77.4775,3.60139649478868
,,,,,,11165.0,0.67522,0.00135,90.3326,3.6233345533532098
,,,,,,11165.0,0.67708,0.00149,100.0,3.6061868094213394
,,,,,,11165.0,0.0,0.00149,100.0,3.560787438377349
,,,,,,11167.0,0.0,0.00149,100.0,3.5881131782943414
,,,,,,11168.0,0.0,0.00149,100.0,3.33997405729429
,,,,,,11169.0,0.0,0.00149,100.0,3.575570907001358
,,,,,,11170.0,0.0,0.00149,100.0,3.749899859768071
,,,,,,11171.0,0.0,0.00149,100.0,3.5447473984762463
,,,,,,11172.0,0.0,0.00149,100.0,3.572353468076415
,,,,,,11173.0,0.0,0.00149,100.0,3.5997160900896192
,,,,,,11174.0,0.0,0.00149,100.0,3.621302941624843
,,,,,,11175.0,0.0,0.00149,100.0,3.5252907196655796
,,,,,,11176.0,0.0,0.00149,100.0,3.5391444575846456
,,,,,,11177.0,0.0,0.00149,100.0,3.609078355722921
,,,,,,11178.0,0.0,0.00149,100.0,3.523201990905012
,,,,,,11179.0,0.0,0.00149,100.0,3.7507887209047928
,,,,,,11180.0,0.0,0.00149,100.0,3.5221514741166136
,,,,,,11181.0,0.0,0.00149,100.0,3.6234884630504514
,,,,,,11181.0,0.0,0.00149,100.0,3.6845736698862845
,,,,,,11181.0,0.0,0.00149,100.0,3.5126659472202957
,,,,,,,,,,
,,,,,,11181.0,-0.67336,0.0,0.0,3.5282991671658896
,,,,,,11182.0,-0.67336,0.0002,0.4904,3.4346530393078214
,,,,,,11183.0,-0.6715,0.00038,0.9367,3.6097325813731205
,,,,,,11185.0,-0.6715,0.00058,1.4045,3.4973108506074873
,,,,,,11186.0,-0.66964,0.00077,1.8722,3.594125045952655
,,,,,,11187.0,-0.6715,0.00096,2.3349,3.7067483510834993
,,,,,,11188.0,-0.67336,0.00115,2.7939,3.5338688538352647
,,,,,,11189.0,-0.6715,0.00134,3.2616,3.53581955187748
,,,,,,11190.0,-0.67336,0.00155,3.7658,3.4774324845194915
,,,,,,11191.0,-0.66964,0.00174,4.2348,3.690921571567742
,,,,,,11192.0,-0.67336,0.00193,4.6938,3.79975944841709
,,,,,,11193.0,-0.6715,0.00212,5.1565,3.6221184894280527
,,,,,,11194.0,-0.66964,0.00231,5.6192,3.3497317415773846
,,,,,,11195.0,-0.67522,0.0025,6.0844,3.356952548334948
,,,,,,11196.0,-0.6715,0.00269,6.5484,3.5424418403819677
,,,,,,11197.0,-0.67336,0.00288,7.0124,3.6053333421305083
,,,,,,11198.0,-0.6715,0.00307,7.4726,3.7976474546714503
,,,,,,11199.0,-0.67336,0.00326,7.9365,3.5917455407987355
,,,,,,11200.0,-0.66964,0.00345,8.3992,3.4970365998007535
,,,,,,11201.0,-0.6715,0.00364,8.862,3.4776494819007873
,,,,,,11202.0,-0.67522,0.00383,9.331,3.6511695919689116
,,,,,,11203.0,-0.67336,0.00402,9.7899,3.5913008511100037
,,,,,,11204.0,-0.67336,0.00421,10.2539,3.6736403826583737
,,,,,,11205.0,-0.6715,0.0044,10.7166,3.504537480118987
,,,,,,11206.0,-0.67336,0.00459,11.1805,3.649443125252242
,,,,,,11207.0,-0.67708,0.00479,11.6445,3.5522459896795078
,,,,,,11208.0,-0.6715,0.00498,12.1085,3.520372646629148
,,,,,,11209.0,-0.66964,0.00517,12.5712,3.605121741659226
,,,,,,11210.0,-0.67522,0.00536,13.0314,3.460833998439852
,,,,,,11211.0,-0.67336,0.00555,13.4941,3.431109055617503
,,,,,,11212.0,-0.6715,0.00574,13.9631,3.548098614649892
,,,,,,11213.0,-0.6715,0.00591,14.3818,3.769342026374863
,,,,,,11214.0,-0.6715,0.0061,14.8408,3.544740964015551
,,,,,,11215.0,-0.67522,0.00629,15.3047,3.561263782967965
,,,,,,11216.0,-0.67336,0.00648,15.7674,3.5784008932081024
,,,,,,11216.0,-0.67336,0.00655,15.941,3.5241953516735496
,,,,,,11216.0,-5.40923,0.00655,15.941,3.4700586027815343
,,,,,,11217.0,-5.40551,0.00802,19.5219,3.4550425666325943
,,,,,,11218.0,-5.40737,0.00961,23.3947,3.37749816012059
,,,,,,11219.0,-5.40365,0.01115,27.1228,3.342870003869019
,,,,,,11221.0,-5.40737,0.01268,30.8496,3.435893296908957
,,,,,,11222.0,-5.40551,0.01421,34.5765,3.2121437405852338
,,,,,,11223.0,-5.40551,0.01577,38.3775,3.2846259904046784
,,,,,,11224.0,-5.40365,0.0173,42.1043,3.468568974735872
,,,,,,11224.0,-5.40551,0.01846,44.9183,3.267347190619245
,,,,,,11224.0,-3.37798,0.01846,44.9183,3.3922041300660513
,,,,,,11225.0,-3.37798,0.0195,47.4519,3.6776344026356007
,,,,,,11226.0,-3.37984,0.02046,49.7818,3.4496984886635143
,,,,,,11228.0,-3.37798,0.02141,52.1105,3.3185188270393953
,,,,,,11229.0,-3.37612,0.02237,54.4392,3.3129476203177464
,,,,,,11230.0,-3.37798,0.02333,56.7691,3.3908286384284168
,,,,,,11231.0,-3.37798,0.0243,59.1216,3.5208460441046423
,,,,,,11232.0,-3.37612,0.02524,61.4276,3.3011415490451554
,,,,,,11233.0,-3.37798,0.0262,63.7575,3.4514849648447625
,,,,,,11234.0,-3.37612,0.02718,66.1327,3.375073157014651
,,,,,,11235.0,-3.37798,0.02812,68.4387,3.456447905817363
,,,,,,11236.0,-3.37984,0.02908,70.7686,3.353295915054886
,,,,,,11237.0,-3.3817,0.03005,73.1212,3.3026360666353938
,,,,,,11238.0,-3.3817,0.03095,75.3128,3.5302641950632085
,,,,,,11239.0,-3.37612,0.03194,77.7332,3.3969153577506823
,,,,,,11240.0,-3.37612,0.0329,80.0619,3.4281007632136773
,,,,,,11241.0,-3.37798,0.03386,82.3905,3.451302989916862
,,,,,,11242.0,-3.37984,0.03481,84.6978,3.3711562618215045
,,,,,,11243.0,-3.3817,0.03576,87.0264,3.2843560574951907
,,,,,,11244.0,-3.3817,0.03672,89.3564,3.3589611296381667
,,,,,,11245.0,-3.37984,0.03785,92.0987,3.46061688622929
,,,,,,11246.0,-3.37798,0.03882,94.4726,3.3163575504379255
,,,,,,11247.0,-3.37984,0.03978,96.8025,3.27613190347657
,,,,,,11248.0,-3.37798,0.04074,99.1312,3.4565128225617525
,,,,,,11248.0,-3.37984,0.04109,100.0,3.370061499707323
,,,,,,11248.0,-3.37984,0.04109,100.0,3.1638038755343763
,,,,,,,,,,
,,,,,,11248.0,1.34859,0.0,0.0,3.488111619099721
,,,,,,11250.0,1.35231,0.00037,12.2018,3.580612657968977
,,,,,,11251.0,1.34859,0.00075,24.9013,3.658470098738092
,,,,,,11252.0,1.34859,0.00113,37.6008,3.5400422396854956
,,,,,,11253.0,1.35417,0.00151,50.3175,3.590539338930721
,,,,,,11254.0,1.34859,0.00193,64.1325,3.6863256767212484
,,,,,,11255.0,1.35045,0.00229,76.094,3.609023494422805
,,,,,,11256.0,1.35045,0.00267,88.7935,3.6354920910747706
,,,,,,11257.0,1.34859,0.00301,100.0,3.5951212526724623
,,,,,,11257.0,1.34859,0.00301,100.0,3.4697711190974307
,,,,,,,,,,
,,,,,,11257.0,-1.34859,0.0,0.0,3.4430354937307195
,,,,,,11258.0,-1.34859,0.00038,3.193,3.477121403715876
,,,,,,11259.0,-1.35045,0.00076,6.3474,3.4325730356547437
,,,,,,11260.0,-1.34859,0.00114,9.5318,3.5417042779681376
,,,,,,11261.0,-1.34859,0.00153,12.7464,3.5882930072752885
,,,,,,11262.0,-1.34859,0.00189,15.7458,3.528960750524967
,,,,,,11263.0,-1.35045,0.00228,19.0249,3.5529262953500913
,,,,,,11264.0,-1.34859,0.00266,22.1491,3.3716429980271587
,,,,,,11265.0,-1.35045,0.00305,25.3981,3.43494495575131
,,,,,,11266.0,-1.35231,0.00343,28.5868,3.4368331238425633
,,,,,,11267.0,-1.34859,0.00381,31.7712,3.50442830660186
,,,,,,11268.0,-1.35045,0.00419,34.9256,3.3842373429472623
,,,,,,11269.0,-1.34859,0.00458,38.1401,3.4470828056923213
,,,,,,11270.0,-1.34859,0.00496,41.3246,3.468591323241533
,,,,,,11271.0,-1.35045,0.00535,44.5735,3.6613252692066642
,,,,,,11272.0,-1.34859,0.00573,47.758,3.369256142446708
,,,,,,11273.0,-1.35231,0.00612,50.9424,3.5465289272705443
,,,,,,11274.0,-1.35045,0.0065,54.1269,3.612700057864046
,,,,,,11275.0,-1.35231,0.0069,57.5006,3.4346430904409035
,,,,,,11276.0,-1.35045,0.00726,60.4656,3.481758646921107
,,,,,,11277.0,-1.35045,0.00764,63.6544,3.5411282161800193
,,,,,,11278.0,-1.35045,0.00803,66.8388,3.5074186816630175
,,,,,,11279.0,-1.34859,0.0084,69.9888,3.40607324454573
,,,,,,11280.0,-1.34859,0.00879,73.1776,3.5755198422745873
,,,,,,11281.0,-1.35045,0.00917,76.362,3.341175948782227
,,,,,,11282.0,-1.35045,0.00957,79.7358,3.4246216366577436
,,,,,,11283.0,-1.35045,0.00992,82.6061,3.5246461979874883
,,,,,,11284.0,-1.34859,0.01035,86.1993,3.503876618538724
,,,,,,11285.0,-1.35231,0.01074,89.4182,3.5473748214940586
,,,,,,11286.0,-1.34859,0.0111,92.4133,3.5656768215356647
,,,,,,11287.0,-1.34673,0.01148,95.5977,3.5887026037078007
,,,,,,11288.0,-1.35045,0.01186,98.7822,3.419698419658494
,,,,,,11289.0,-1.35045,0.01201,100.0,3.4287748552348782
,,,,,,11289.0,-1.35045,0.01201,100.0,3.6281089378238156
,,,,,,,,,,
,,,,,,11289.0,2.69903,0.0,0.0,3.5523206899946635
,,,,,,11290.0,2.70461,0.00074,12.4019,3.715101497414082
,,,,,,11291.0,2.70461,0.00158,26.3131,3.632708053149939
,,,,,,11292.0,2.70275,0.00234,39.0944,3.8549826189669587
,,,,,,11293.0,2.70275,0.0031,51.7551,3.716053702771031
,,,,,,11294.0,2.70275,0.0038,63.4066,3.5353074504699658
,,,,,,11295.0,2.70275,0.00455,75.9379,3.8748968075274774
,,,,,,11296.0,2.70275,0.00544,90.7288,3.827263740195526
,,,,,,11297.0,2.70275,0.00599,100.0,3.7802685652723165
,,,,,,11297.0,0.0,0.00599,100.0,3.6467693775607546
,,,,,,11298.0,0.0,0.00599,100.0,3.4940334801367854
,,,,,,11299.0,0.0,0.00599,100.0,3.5693587064723653
,,,,,,11300.0,0.0,0.00599,100.0,3.658706654499023
,,,,,,11301.0,0.0,0.00599,100.0,3.4716487952996804
,,,,,,11302.0,0.0,0.00599,100.0,3.6657260665936784
,,,,,,11303.0,0.0,0.00599,100.0,3.6287037819974293
,,,,,,11304.0,0.0,0.00599,100.0,3.5204588571210564
,,,,,,11305.0,0.0,0.00599,100.0,3.5063096332641646
,,,,,,11306.0,0.0,0.00599,100.0,3.6335561006495887
,,,,,,11307.0,0.0,0.00599,100.0,3.559758000272866
,,,,,,11308.0,0.0,0.00599,100.0,3.6116776319908928
,,,,,,11309.0,0.0,0.00599,100.0,3.6121052218620213
,,,,,,11310.0,0.0,0.00599,100.0,3.5231309531393187
,,,,,,11311.0,0.0,0.00599,100.0,3.4936246831073863
,,,,,,11312.0,0.0,0.00599,100.0,3.5083489993676924
,,,,,,11313.0,0.0,0.00599,100.0,3.5305879215837743
,,,,,,11314.0,0.0,0.00599,100.0,3.6726937654307528
,,,,,,11315.0,0.0,0.00599,100.0,3.583190142422015
,,,,,,11316.0,0.0,0.00599,100.0,3.54339735050901
,,,,,,11317.0,0.0,0.00599,100.0,3.707480649506046
,,,,,,11318.0,0.0,0.00599,100.0,3.5130778833703773
,,,,,,11319.0,0.0,0.00599,100.0,3.6734272602383364
,,,,,,11320.0,0.0,0.00599,100.0,3.5284510199345633
,,,,,,11321.0,0.0,0.00599,100.0,3.4759734491157515
,,,,,,11322.0,0.0,0.00599,100.0,3.568134797594667
,,,,,,11323.0,0.0,0.00599,100.0,3.5808815479800873
,,,,,,11324.0,0.0,0.00599,100.0,3.5690675491300823
,,,,,,11325.0,0.0,0.00599,100.0,3.5494653035802686
,,,,,,11326.0,0.0,0.00599,100.0,3.4710750928084133
,,,,,,11327.0,0.0,0.00599,100.0,3.6839194554086543
,,,,,,11328.0,0.0,0.00599,100.0,3.3284983054354416
,,,,,,11329.0,0.0,0.00599,100.0,3.5630822356800653
,,,,,,11330.0,0.0,0.00599,100.0,3.382892091112361
,,,,,,11331.0,0.0,0.00599,100.0,3.6176547350744683
,,,,,,11332.0,0.0,0.00599,100.0,3.5577783620108896
,,,,,,11334.0,0.0,0.00599,100.0,3.5214354234225436
,,,,,,11335.0,0.0,0.00599,100.0,3.649226098621127
,,,,,,11336.0,0.0,0.00599,100.0,3.5237284084414267
,,,,,,11336.0,0.0,0.00599,100.0,3.474593078670562
,,,,,,11336.0,0.0,0.00599,100.0,3.5301354567103416
,,,,,,11337.0,0.0,0.00599,100.0,3.5761728991122568
,,,,,,11338.0,0.0,0.00599,100.0,3.653580062225846
,,,,,,11339.0,0.0,0.00599,100.0,3.2818551708742096
,,,,,,11340.0,0.0,0.00599,100.0,3.6487801025428324
,,,,,,11341.0,0.0,0.00599,100.0,3.6569677322018586
,,,,,,11342.0,0.0,0.00599,100.0,3.5928834237016694
,,,,,,11343.0,0.0,0.00599,100.0,3.6082888695874686
,,,,,,11344.0,0.0,0.00599,100.0,3.6361567249455167
,,,,,,11345.0,0.0,0.00599,100.0,3.66899535504619
,,,,,,11346.0,0.0,0.00599,100.0,3.5602795586583826
,,,,,,11347.0,0.0,0.00599,100.0,3.598913314738125
,,,,,,11348.0,0.0,0.00599,100.0,3.745037867307726
,,,,,,11349.0,0.0,0.00599,100.0,3.4920859090895755
,,,,,,11350.0,0.0,0.00599,100.0,3.4957065443630024
,,,,,,11351.0,0.0,0.00599,100.0,3.691861478859444
,,,,,,11352.0,0.0,0.00599,100.0,3.635713533253818
,,,,,,11353.0,0.0,0.00599,100.0,3.5694844983871277
,,,,,,11353.0,0.0,0.00599,100.0,3.7454999096658854
,,,,,,,,,,
,,,,,,11353.0,-0.6715,0.0,0.0,3.585952467355392
,,,,,,11354.0,-0.67336,0.0002,2.0048,3.5823888847202427
,,,,,,11355.0,-0.67522,0.00039,3.9618,3.5332708978858998
,,,,,,11356.0,-0.6715,0.00058,5.9931,3.5376894673590256
,,,,,,11357.0,-0.67522,0.00077,7.9289,3.582978573210575
,,,,,,11358.0,-0.6715,0.00096,9.8807,3.6582539445460913
,,,,,,11359.0,-0.67336,0.00115,11.8377,3.550308552472265
,,,,,,11360.0,-0.66964,0.00134,13.7947,3.580127469196254
,,,,,,11361.0,-0.6715,0.00153,15.7306,3.5343290608539384
,,,,,,11362.0,-0.6715,0.00172,17.7035,3.515959588550042
,,,,,,11363.0,-0.6715,0.00191,19.6394,3.700881947687675
,,,,,,11364.0,-0.6715,0.0021,21.5964,3.4827141589080486
,,,,,,11365.0,-0.6715,0.00229,23.5534,3.557433489755031
,,,,,,11366.0,-0.6715,0.00248,25.5052,3.6632333639451247
,,,,,,11367.0,-0.67336,0.00268,27.4834,3.5651735464553695
,,,,,,11368.0,-0.67522,0.00287,29.4935,3.2939722686986705
,,,,,,11369.0,-0.67336,0.00306,31.4505,3.632712010125925
,,,,,,11370.0,-0.6715,0.00325,33.4076,3.539456112774086
,,,,,,11371.0,-0.6715,0.00343,35.1896,3.504801406554435
,,,,,,11372.0,-0.6715,0.00362,37.1785,3.6956144028554583
,,,,,,11373.0,-0.66964,0.00382,39.2469,3.6471853318167597
,,,,,,11374.0,-0.6715,0.004,41.1085,3.624166683581532
,,,,,,11375.0,-0.67336,0.00419,43.0549,3.532430395706492
,,,,,,11376.0,-0.67336,0.0044,45.187,3.5762345252365213
,,,,,,11377.0,-0.66964,0.00458,46.9849,3.5804409480508954
,,,,,,11378.0,-0.67336,0.00477,48.9472,3.5274610976959604
,,,,,,11379.0,-0.6715,0.00496,50.8778,3.496440336352515
,,,,,,11380.0,-0.67336,0.00515,52.8348,3.3613315813754694
,,,,,,11381.0,-0.67336,0.00523,53.6622,3.5744616241712532
,,,,,,11381.0,-1.34673,0.00523,53.6622,3.4441758201405053
,,,,,,11382.0,-1.34859,0.00561,57.6187,3.6122353912937752
,,,,,,11383.0,-1.35045,0.006,61.5434,3.5284799745617286
,,,,,,11384.0,-1.34859,0.00638,65.468,3.2528119364930537
,,,,,,11385.0,-1.34859,0.00676,69.4352,3.591023475726968
,,,,,,11386.0,-1.35045,0.00715,73.3652,3.560373600710246
,,,,,,11387.0,-1.35045,0.00754,77.3694,3.6499056067750764
,,,,,,11388.0,-1.35045,0.00793,81.3736,3.5982582600959345
,,,,,,11389.0,-1.35045,0.00831,85.2559,3.4810413347004547
,,,,,,11390.0,-1.35045,0.00869,89.223,3.613227985423558
,,,,,,11391.0,-1.35045,0.00907,93.1106,3.4646714573571225
,,,,,,11392.0,-1.34859,0.00945,97.0353,3.583278830323668
,,,,,,11393.0,-1.34859,0.00974,100.0,3.4916740551243532
,,,,,,11393.0,-1.34859,0.00974,100.0,3.5233809797545876
,,,,,,,,,,
,,,,,,11393.0,0.68452,0.0,0.0,3.2644614123830937
,,,,,,11394.0,0.67522,0.00018,12.0528,3.6689411115733175
,,,,,,11395.0,0.67336,0.00037,24.835,3.352210967554372
,,,,,,11396.0,0.66964,0.00056,37.6172,3.6777834183823295
,,,,,,11397.0,0.66778,0.00075,50.33,3.5233399904317944
,,,,,,11398.0,0.6715,0.00094,62.8691,3.5390486936486263
,,,,,,11399.0,0.67336,0.00113,75.6513,3.5802497342199118
,,,,,,11400.0,0.66964,0.00132,88.7114,3.4984797222497903
,,,,,,11401.0,0.6715,0.00149,100.0,3.332358542975125
,,,,,,11401.0,0.0,0.00149,100.0,3.5615732196561374
,,,,,,11402.0,0.0,0.00149,100.0,3.6937702229275478
,,,,,,11403.0,0.0,0.00149,100.0,3.59608818089839
,,,,,,11404.0,0.0,0.00149,100.0,3.5429393424098983
,,,,,,11405.0,0.0,0.00149,100.0,3.7516568644183423
,,,,,,11406.0,0.0,0.00149,100.0,3.563199055403127
,,,,,,11407.0,0.0,0.00149,100.0,3.5248664996620236
,,,,,,11408.0,0.0,0.00149,100.0,3.4449915972362075
,,,,,,11409.0,0.0,0.00149,100.0,3.7042445051365718
,,,,,,11410.0,0.0,0.00149,100.0,3.4244654365181795
,,,,,,11411.0,0.0,0.00149,100.0,3.539771734521089
,,,,,,11412.0,0.0,0.00149,100.0,3.544319911412079
,,,,,,11413.0,0.0,0.00149,100.0,3.5200562403971123
,,,,,,11414.0,0.0,0.00149,100.0,3.626998070720494
,,,,,,11415.0,0.0,0.00149,100.0,3.5550748413369155
,,,,,,11416.0,0.0,0.00149,100.0,3.6600015316782804
,,,,,,11417.0,0.0,0.00149,100.0,3.580371408800795
,,,,,,11417.0,0.0,0.00149,100.0,3.53835066590037
,,,,,,,,,,
,,,,,,11417.0,-0.66778,0.0,0.0,3.52680410370282
,,,,,,11418.0,-0.6715,0.00018,0.8551,3.461564645105448
,,,,,,11419.0,-0.67336,0.00037,1.7971,3.7545980087001074
,,,,,,11420.0,-0.67336,0.00056,2.7143,3.3999707937190267
,,,,,,11421.0,-0.67522,0.00079,3.8105,3.524278809319427
,,,,,,11422.0,-0.67336,0.00098,4.7277,3.7332164047117287
,,,,,,11423.0,-0.6715,0.00117,5.6424,3.431418397003607
,,,,,,11424.0,-0.6715,0.00136,6.5596,3.5882318734151153
,,,,,,11425.0,-0.67708,0.00155,7.4768,3.5490574113995934
,,,,,,11426.0,-0.67522,0.00175,8.404,3.361506714014781
,,,,,,11427.0,-0.67336,0.00194,9.3212,3.499620085476821
,,,,,,11428.0,-0.6715,0.00213,10.2259,3.5580581617027387
,,,,,,11429.0,-0.6715,0.00232,11.1431,3.630378196309839
,,,,,,11430.0,-0.6715,0.00251,12.0579,3.64708247853647
,,,,,,11431.0,-0.67336,0.0027,12.9751,3.47855785084226
,,,,,,11432.0,-0.6715,0.00288,13.8649,3.515220723372782
,,,,,,11433.0,-0.66964,0.00309,14.8716,3.565163364052252
,,,,,,11434.0,-0.67522,0.00328,15.7863,3.4756748110921807
,,,,,,11435.0,-0.67336,0.00347,16.7035,3.5284103042025268
,,,,,,11436.0,-0.67336,0.00366,17.6207,3.624067801493611
,,,,,,11437.0,-0.6715,0.00385,18.5255,3.494514793850794
,,,,,,11438.0,-0.6715,0.00404,19.4427,3.5050319553941547
,,,,,,11439.0,-0.67336,0.00423,20.3699,3.702791347380287
,,,,,,11440.0,-0.6715,0.00442,21.2771,3.6585698665029214
,,,,,,11441.0,-0.66964,0.00462,22.2018,3.4416460464364236
,,,,,,11442.0,-0.66964,0.00481,23.119,3.4754282554386293
,,,,,,11443.0,-0.6715,0.005,24.0362,3.6423385558662646
,,,,,,11444.0,-0.67336,0.00519,24.9435,3.563922555853966
,,,,,,11445.0,-0.6715,0.00537,25.8507,3.3662406925104795
,,,,,,11446.0,-0.6715,0.00556,26.7679,3.587510623526217
,,,,,,11448.0,-0.6715,0.00576,27.6851,3.5079895062799378
,,,,,,11449.0,-0.67708,0.00595,28.6023,3.5330431845684225
,,,,,,11450.0,-0.6715,0.00613,29.5096,3.599371657657416
,,,,,,11451.0,-0.6715,0.00632,30.4243,3.649885852593473
,,,,,,11452.0,-0.67522,0.00652,31.3664,3.5452646631545437
,,,,,,11453.0,-0.66964,0.00671,32.2836,3.3629909876889794
,,,,,,11454.0,-0.67336,0.0069,33.2008,3.6303087656588904
,,,,,,11455.0,-0.6715,0.00709,34.1105,3.527687700840803
,,,,,,11456.0,-0.6715,0.00728,35.0227,3.505435167318709
,,,,,,11457.0,-0.67336,0.00747,35.9499,3.487240180849043
,,,,,,11458.0,-0.67336,0.00767,36.8745,3.5203176855473703
,,,,,,11459.0,-0.67336,0.00786,37.7893,3.7690080536866564
,,,,,,11460.0,-0.67522,0.00805,38.7065,3.4185389711640757
,,,,,,11461.0,-0.67522,0.00823,39.5963,3.6778454938933876
,,,,,,11462.0,-0.67522,0.00843,40.5409,3.749963066824037
,,,,,,11463.0,-0.67336,0.00862,41.4631,3.4158606566182774
,,,,,,11464.0,-0.6715,0.00881,42.3803,3.452281076732708
,,,,,,11465.0,-0.67336,0.009,43.2975,3.348803952626749
,,,,,,11466.0,-0.6715,0.00919,44.2221,3.5860725603627785
,,,,,,11467.0,-0.66964,0.00939,45.194,3.400405639791815
,,,,,,11468.0,-0.67336,0.00959,46.1112,3.4873882336774833
,,,,,,11469.0,-0.66964,0.00978,47.0259,3.405077765073181
,,,,,,11470.0,-0.66964,0.00997,47.9506,3.543478430887511
,,,,,,11471.0,-0.6715,0.01016,48.8554,3.466405086892427
,,,,,,11472.0,-0.6715,0.01033,49.7104,3.4841651713496034
,,,,,,11473.0,-0.6715,0.01054,50.7072,3.5772987798227778
,,,,,,11474.0,-0.6715,0.01073,51.6418,3.5885493368858543
,,,,,,11475.0,-0.67336,0.01093,52.5565,3.565650701739975
,,,,,,11476.0,-0.67336,0.0111,53.3917,3.5844629625806355
,,,,,,11477.0,-0.67336,0.0113,54.3809,3.3713623417524765
,,,,,,11478.0,-0.6715,0.01149,55.2957,3.6405926976514844
,,,,,,11479.0,-0.66778,0.01169,56.2228,3.550656913848639
,,,,,,11480.0,-0.6715,0.01187,57.0953,3.425982265045843
,,,,,,11481.0,-0.67522,0.01206,57.9926,3.5796134137380613
,,,,,,11482.0,-0.6715,0.01225,58.9098,3.6666232108466748
,,,,,,11483.0,-0.6715,0.01244,59.827,3.50090451043242
,,,,,,11484.0,-0.6715,0.01263,60.7442,3.512363701802357
,,,,,,11485.0,-0.67336,0.01282,61.6589,3.5823663509111094
,,,,,,11486.0,-0.6715,0.01301,62.5761,3.5742687641379627
,,,,,,11487.0,-0.6715,0.0132,63.4908,3.435115536261124
,,,,,,11488.0,-0.6715,0.01339,64.3981,3.667304942522297
,,,,,,11489.0,-0.6715,0.01358,65.3054,3.391324706359478
,,,,,,11490.0,-0.66964,0.01377,66.2574,3.6107272279068905
,,,,,,11491.0,-0.67336,0.01396,67.1621,3.4743621573013463
,,,,,,11492.0,-0.66964,0.01415,68.0793,3.4925266178857
,,,,,,11494.0,-0.6715,0.01434,68.9965,3.6201677524001865
,,,,,,11495.0,-0.67336,0.01453,69.9137,3.5995108297911194
,,,,,,11496.0,-0.67336,0.01472,70.8309,3.584388263514342
,,,,,,11497.0,-0.6715,0.01491,71.7283,3.4793002248920253
,,,,,,11498.0,-0.6715,0.01509,72.5908,3.536066332899386
,,,,,,11499.0,-0.67522,0.01528,73.498,3.4495217818583503
,,,,,,11500.0,-0.67336,0.01548,74.4675,3.566082249666812
,,,,,,11501.0,-0.6715,0.01567,75.4021,3.4412992493665904
,,,,,,11502.0,-0.6715,0.01592,76.5778,3.5272102702328483
,,,,,,11503.0,-0.66964,0.01611,77.4925,3.593535832821066
,,,,,,11504.0,-0.67336,0.01627,78.2655,3.4734018302115706
,,,,,,11504.0,-1.34487,0.01627,78.2655,3.4249633888235618
,,,,,,11505.0,-1.35045,0.01664,80.0328,3.4635243159975433
,,,,,,11506.0,-1.35045,0.01702,81.8722,3.5008883221203146
,,,,,,11507.0,-1.35045,0.0174,83.7116,3.415422694573784
,,,,,,11508.0,-1.35231,0.01778,85.5509,3.577202560743143
,,,,,,11509.0,-1.35231,0.01816,87.3754,3.4299000973525464
,,,,,,11510.0,-1.34859,0.01854,89.1974,3.6070654154570896
,,,,,,11511.0,-1.34859,0.01893,91.0517,3.5230617925101426
,,,,,,11512.0,-1.35231,0.01931,92.8737,3.6108524111902778
,,,,,,11513.0,-1.35045,0.01969,94.7329,3.51352346222351
,,,,,,11514.0,-1.35231,0.02007,96.5723,3.3628438924111634
,,,,,,11515.0,-1.35231,0.02046,98.4316,3.5468435116648145
,,,,,,11516.0,-1.34859,0.02079,100.0,3.478604887346056
,,,,,,11516.0,-1.34859,0.02079,100.0,3.463842263325311
,,,,,,,,,,
,,,,,,11516.0,0.6715,0.0,0.0,3.4831608414632202
,,,,,,11517.0,0.67708,0.00018,12.3619,3.648900714258849
,,,,,,11518.0,0.66964,0.00037,24.9655,3.7556330251035646
,,,,,,11519.0,0.6715,0.00056,37.7072,3.521529904243649
,,,,,,11520.0,0.66592,0.00075,50.1036,3.441757875612607
,,,,,,11521.0,0.6715,0.00095,63.4323,3.5870100399068514
,,,,,,11522.0,0.67522,0.00114,76.174,3.7444835375679184
,,,,,,11523.0,0.67336,0.00133,88.9157,3.558912928862032
,,,,,,11524.0,0.6715,0.0015,100.0,3.6481643926350142
,,,,,,11524.0,0.0,0.0015,100.0,3.3769371293830295
,,,,,,11525.0,0.0,0.0015,100.0,3.552517240815203
,,,,,,11526.0,0.0,0.0015,100.0,3.6439047337919206
,,,,,,11527.0,0.0,0.0015,100.0,3.4205619499293185
,,,,,,11528.0,0.0,0.0015,100.0,3.5063496865671397
,,,,,,11529.0,0.0,0.0015,100.0,3.5538719020227507
,,,,,,11530.0,0.0,0.0015,100.0,3.527020793560748
,,,,,,11531.0,0.0,0.0015,100.0,3.641913587447307
,,,,,,11532.0,0.0,0.0015,100.0,3.4048722822625743
,,,,,,11533.0,0.0,0.0015,100.0,3.3909511636394787
,,,,,,11534.0,0.0,0.0015,100.0,3.771543771113021
,,,,,,11535.0,0.0,0.0015,100.0,3.70214362078052
,,,,,,11536.0,0.0,0.0015,100.0,3.55654751320965
,,,,,,11537.0,0.0,0.0015,100.0,3.5498106623421584
,,,,,,11538.0,0.0,0.0015,100.0,3.5609453631299073
,,,,,,11539.0,0.0,0.0015,100.0,3.6944822748168353
,,,,,,11540.0,0.0,0.0015,100.0,3.404264341170354
,,,,,,11540.0,0.0,0.0015,100.0,3.516315549424356
,,,,,,,,,,
,,,,,,11540.0,-0.67522,0.0,0.0,3.374561206285198
,,,,,,11541.0,-0.66964,0.00018,0.4317,3.687301848820308
,,,,,,11542.0,-0.67336,0.00037,0.9099,3.628668306616603
,,,,,,11543.0,-0.66964,0.00056,1.3743,3.439139768208539
,,,,,,11544.0,-0.6715,0.00075,1.8375,3.5293607476085245
,,,,,,11545.0,-0.66778,0.00095,2.3019,3.552628944227675
,,,,,,11546.0,-0.67522,0.00114,2.7651,3.6444385781605444
,,,,,,11547.0,-0.67336,0.00133,3.2295,3.4979133391335933
,,,,,,11548.0,-0.67708,0.00152,3.6951,3.6518946833874355
,,,,,,11549.0,-0.67336,0.00171,4.1583,3.5671521574752436
,,,,,,11550.0,-0.67708,0.0019,4.6227,3.631697185298935
,,,,,,11551.0,-0.67522,0.00209,5.0833,3.562649348024906
,,,,,,11552.0,-0.6715,0.00228,5.5477,3.4089237739998945
,,,,,,11553.0,-0.67336,0.00247,6.0159,3.454775068632748
,,,,,,11554.0,-0.6715,0.00266,6.4803,3.3565937463576194
,,,,,,11555.0,-0.6715,0.00285,6.9384,3.651335643063455
,,,,,,11556.0,-0.67522,0.00304,7.4028,3.4169952364898952
,,,,,,11557.0,-0.66964,0.00323,7.8672,3.570979060684859
,,,,,,11558.0,-0.6715,0.00342,8.3317,3.626709961703869
,,,,,,11560.0,-0.6715,0.00361,8.7961,3.535550698668115
,,,,,,11561.0,-0.6715,0.0038,9.2592,3.6390086229202776
,,,,,,11562.0,-0.67336,0.00399,9.7198,3.5103986498255977
,,,,,,11563.0,-0.6715,0.00418,10.183,3.6898292480318835
,,,,,,11564.0,-0.6715,0.00437,10.6474,3.5966676407914018
,,,,,,11565.0,-0.67336,0.00456,11.1106,3.3789434275486747
,,,,,,11566.0,-0.6715,0.00475,11.575,3.5600287260007866
,,,,,,11567.0,-0.6715,0.00494,12.0381,3.7186988661482916
,,,,,,11568.0,-0.67522,0.00513,12.4987,3.6026017690311782
,,,,,,11569.0,-0.67336,0.00532,12.9619,3.6913938311709322
,,,,,,11570.0,-0.6715,0.00551,13.4263,3.6036742995523303
,,,,,,11571.0,-0.6715,0.00571,13.9134,3.5347602039487245
,,,,,,11572.0,-0.67336,0.0059,14.3627,3.630298674439601
,,,,,,11573.0,-0.66964,0.00609,14.8271,3.509898127298868
,,,,,,11574.0,-0.6715,0.00628,15.2864,3.5404951912326994
,,,,,,11575.0,-0.6715,0.00647,15.7509,3.545486029385524
,,,,,,11575.0,-0.6715,0.00654,15.9233,3.5662388385886796
,,,,,,11575.0,-5.40365,0.00654,15.9233,3.3996219026630907
,,,,,,11576.0,-5.40551,0.00813,19.8009,3.2972075606271765
,,,,,,11577.0,-5.40551,0.00969,23.6043,3.4093658370982585
,,,,,,11578.0,-5.40551,0.01121,27.2981,3.3828804010036264
,,,,,,11579.0,-5.40737,0.01257,30.627,3.3232817081912036
,,,,,,11580.0,-5.40737,0.01418,34.5424,3.2021089847618036
,,,,,,11581.0,-5.40551,0.0157,38.2363,3.1569563093615995
,,,,,,11582.0,-5.40551,0.01723,41.9679,3.3588531877686933
,,,,,,11583.0,-5.40365,0.01848,45.0035,3.4458672168496607
,,,,,,11583.0,-3.37798,0.01848,45.0035,3.4859193990518755
,,,,,,11584.0,-3.3817,0.01946,47.4036,3.3752708544237646
,,,,,,11585.0,-3.37798,0.02042,49.7344,3.3138797885669886
,,,,,,11586.0,-3.37798,0.02138,52.0653,3.3882888096830834
,,,,,,11587.0,-3.37984,0.02233,54.3974,3.3651413088702773
,,,,,,11588.0,-3.37612,0.02329,56.7295,3.4098885174056606
,,,,,,11589.0,-3.37612,0.02424,59.0377,3.4776619639396333
,,,,,,11590.0,-3.37798,0.0252,61.3925,3.3719875749465156
,,,,,,11591.0,-3.37984,0.02615,63.7007,3.2322082655979294
,,,,,,11592.0,-3.37798,0.02711,66.0328,3.383476989018957
,,,,,,11593.0,-3.37798,0.02815,68.5688,3.2036106031952576
,,,,,,11594.0,-3.37798,0.02905,70.7637,3.475045235661578
,,,,,,11595.0,-3.37984,0.03004,73.165,3.4282757123801733
,,,,,,11596.0,-3.3817,0.03106,75.6557,3.4029914002605195
,,,,,,11597.0,-3.37612,0.03201,77.9652,3.28890350011001
,,,,,,11599.0,-3.37984,0.03297,80.2973,3.527611974930916
,,,,,,11600.0,-3.37798,0.03391,82.6055,3.3127708609975945
,,,,,,11601.0,-3.37798,0.03488,84.9602,3.4587139578181456
,,,,,,11602.0,-3.37612,0.03584,87.2911,3.456280599690635
,,,,,,11603.0,-3.37984,0.0368,89.6458,3.2206775533262864
,,,,,,11604.0,-3.37984,0.03769,91.7942,3.4235826195292507
,,,,,,11605.0,-3.37798,0.03866,94.1704,3.4446650473488702
,,,,,,11606.0,-3.37984,0.03962,96.5025,3.2264072063663196
,,,,,,11607.0,-3.37798,0.04058,98.8346,3.3010272856884417
,,,,,,11607.0,-3.37984,0.04105,100.0,3.4498534236998446
,,,,,,11607.0,-3.37984,0.04105,100.0,3.3299560147154255
,,,,,,,,,,
,,,,,,11607.0,1.35045,0.0,0.0,3.457044255883458
,,,,,,11608.0,1.34859,0.00039,12.8703,3.439010581437697
,,,,,,11609.0,1.34673,0.00077,25.4682,3.495443586821561
,,,,,,11610.0,1.34859,0.00115,37.9299,3.377897817599239
,,,,,,11611.0,1.34673,0.00155,51.1236,3.5767990185145537
,,,,,,11612.0,1.35045,0.00192,63.347,3.6905668504181572
,,,,,,11613.0,1.34673,0.0023,75.9278,3.5871813039257114
,,,,,,11614.0,1.35231,0.00269,88.5257,3.719068154674717
,,,,,,11615.0,1.34673,0.00304,100.0,3.575935212572528
,,,,,,11615.0,1.34673,0.00304,100.0,3.4989411464958557
,,,,,,,,,,
,,,,,,11615.0,-1.35231,0.0,0.0,3.5122306058428863
,,,,,,11616.0,-1.34859,0.00039,3.2099,3.440123054435535
,,,,,,11617.0,-1.34859,0.00077,6.3897,3.6303611628130743
,,,,,,11618.0,-1.34859,0.00115,9.5694,3.527725578234743
,,,,,,11619.0,-1.34859,0.0015,12.5,3.5742998171532565
,,,,,,11620.0,-1.35045,0.00189,15.7142,3.5329809472447273
,,,,,,11621.0,-1.34859,0.00229,19.0486,3.5644187599327872
,,,,,,11622.0,-1.34859,0.00268,22.2628,3.5044559021332917
,,,,,,11623.0,-1.35045,0.00306,25.4383,3.4091116125116554
,,,,,,11624.0,-1.35045,0.00344,28.6224,3.4920519817100764
,,,,,,11625.0,-1.35045,0.00382,31.7721,3.6633618920207582
,,,,,,11626.0,-1.34673,0.0042,34.9519,3.530204441834466
,,,,,,11627.0,-1.35231,0.00459,38.1317,3.2442364796443424
,,,,,,11628.0,-1.34673,0.00494,41.0622,3.5017873281399052
,,,,,,11629.0,-1.35231,0.00532,44.2463,3.426379879021328
,,,,,,11630.0,-1.35045,0.0057,47.3917,3.4861741459253266
,,,,,,11632.0,-1.34859,0.00608,50.6016,3.4950807690620063
,,,,,,11633.0,-1.35231,0.00646,53.7513,3.394979880875159
,,,,,,11634.0,-1.34859,0.00685,56.9655,3.5470227506675194
,,,,,,11635.0,-1.34673,0.00725,60.3343,3.18806826958063
,,,,,,11636.0,-1.34859,0.00764,63.5485,3.5245851305740468
,,,,,,11637.0,-1.34859,0.00802,66.6982,3.4691267308037843
,,,,,,11638.0,-1.35045,0.00841,69.9123,3.3071666819149828
,,,,,,11639.0,-1.34859,0.00879,73.0964,3.441931832733494
,,,,,,11640.0,-1.34859,0.00919,76.4309,3.5320902157869787
,,,,,,11641.0,-1.35045,0.00958,79.7009,3.339756426809127
,,,,,,11642.0,-1.34859,0.00996,82.8206,3.416328191262037
,,,,,,11643.0,-1.35045,0.01036,86.125,3.4669361037165682
,,,,,,11644.0,-1.35231,0.01073,89.2446,3.363500047244905
,,,,,,11645.0,-1.35045,0.01111,92.4244,3.373323517201222
,,,,,,11646.0,-1.34859,0.0115,95.6042,3.4894469466483766
,,,,,,11647.0,-1.35045,0.01188,98.7839,3.511927441006783
,,,,,,11647.0,-1.35045,0.01202,100.0,3.35582494252407
,,,,,,11647.0,-1.35045,0.01202,100.0,3.522826431141409
,,,,,,,,,,
,,,,,,11647.0,2.69717,0.0,0.0,3.5246208773052112
,,,,,,11648.0,2.69717,0.00077,12.9188,3.6766198943910386
,,,,,,11649.0,2.70461,0.00154,25.7254,3.5872156732428815
,,,,,,11650.0,2.70275,0.0023,38.5147,3.533833494866062
,,,,,,11652.0,2.70461,0.00316,52.8238,3.7021145480359006
,,,,,,11653.0,2.70275,0.00394,65.8722,3.8223825958392252
,,,,,,11654.0,2.70461,0.00471,78.6701,3.6338750617811013
,,,,,,11655.0,2.70275,0.00545,91.0967,3.7400575435207566
,,,,,,11655.0,2.70275,0.00598,100.0,3.619527570317855
,,,,,,11655.0,0.0,0.00598,100.0,3.427318996363009
,,,,,,11656.0,0.0,0.00598,100.0,3.416633747749158
,,,,,,11657.0,0.0,0.00598,100.0,3.529840626804443
,,,,,,11658.0,0.0,0.00598,100.0,3.674330908341741
,,,,,,11659.0,0.0,0.00598,100.0,3.551228421023924
,,,,,,11660.0,0.0,0.00598,100.0,3.440822160654799
,,,,,,11661.0,0.0,0.00598,100.0,3.9240771334552935
,,,,,,11663.0,0.0,0.00598,100.0,3.4707843524301216
,,,,,,11664.0,0.0,0.00598,100.0,3.55927169791558
,,,,,,11665.0,0.0,0.00598,100.0,3.5697529654524462
,,,,,,11666.0,0.0,0.00598,100.0,3.606276326037835
,,,,,,11667.0,0.0,0.00598,100.0,3.633392708571656
,,,,,,11668.0,0.0,0.00598,100.0,3.6114416570580734
,,,,,,11669.0,0.0,0.00598,100.0,3.4038885296980297
,,,,,,11670.0,0.0,0.00598,100.0,3.460515445928095
,,,,,,11671.0,0.0,0.00598,100.0,3.5861324360378055
,,,,,,11672.0,0.0,0.00598,100.0,3.583822843134219
,,,,,,11673.0,0.0,0.00598,100.0,3.4435527596738855
,,,,,,11674.0,0.0,0.00598,100.0,3.580130784813697
,,,,,,11675.0,0.0,0.00598,100.0,3.7324815154926645
,,,,,,11676.0,0.0,0.00598,100.0,3.515715422962028
,,,,,,11677.0,0.0,0.00598,100.0,3.4748496908191258
,,,,,,11678.0,0.0,0.00598,100.0,3.459805712832598
,,,,,,11679.0,0.0,0.00598,100.0,3.5362166300083615
,,,,,,11680.0,0.0,0.00598,100.0,3.7051372268448817
,,,,,,11681.0,0.0,0.00598,100.0,3.5633217822256973
,,,,,,11682.0,0.0,0.00598,100.0,3.4552798095930743
,,,,,,11683.0,0.0,0.00598,100.0,3.596529171076006
,,,,,,11684.0,0.0,0.00598,100.0,3.457260118393708
,,,,,,11685.0,0.0,0.00598,100.0,3.483898038900986
,,,,,,11686.0,0.0,0.00598,100.0,3.6081929910284343
,,,,,,11687.0,0.0,0.00598,100.0,3.573823234463557
,,,,,,11688.0,0.0,0.00598,100.0,3.4633888639261707
,,,,,,11689.0,0.0,0.00598,100.0,3.446970441496806
,,,,,,11690.0,0.0,0.00598,100.0,3.638402837827365
,,,,,,11691.0,0.0,0.00598,100.0,3.5344867525334345
,,,,,,11692.0,0.0,0.00598,100.0,3.532602110561616
,,,,,,11693.0,0.0,0.00598,100.0,3.4277232544006053
,,,,,,11694.0,0.0,0.00598,100.0,3.4893173872530423
,,,,,,11695.0,0.0,0.00598,100.0,3.536498235999014
,,,,,,11696.0,0.0,0.00598,100.0,3.6968124777069002
,,,,,,11697.0,0.0,0.00598,100.0,3.5111737978364284
,,,,,,11698.0,0.0,0.00598,100.0,3.4432148416161783
,,,,,,11699.0,0.0,0.00598,100.0,3.7059307487937168
,,,,,,11700.0,0.0,0.00598,100.0,3.584873352723724
,,,,,,11701.0,0.0,0.00598,100.0,3.5580429711813517
,,,,,,11702.0,0.0,0.00598,100.0,3.6288580204558225
,,,,,,11703.0,0.0,0.00598,100.0,3.4664026443246305
,,,,,,11704.0,0.0,0.00598,100.0,3.478089362131261
,,,,,,11706.0,0.0,0.00598,100.0,3.4277979075159317
,,,,,,11707.0,0.0,0.00598,100.0,3.488964818591814
,,,,,,11708.0,0.0,0.00598,100.0,3.616591401564788
,,,,,,11709.0,0.0,0.00598,100.0,3.4993063646004
,,,,,,11710.0,0.0,0.00598,100.0,3.5520366366805782
,,,,,,11710.0,0.0,0.00598,100.0,3.308929402727508
,,,,,,11710.0,0.0,0.00598,100.0,3.3327073174060144
,,,,,,,,,,
,,,,,,11710.0,-0.66964,0.0,0.0,3.4443741184898635
,,,,,,11711.0,-0.6715,0.00019,1.9508,3.687352497072466
,,,,,,11712.0,-0.67336,0.00038,3.8698,3.477740006390545
,,,,,,11713.0,-0.66964,0.00057,5.8206,3.4931546252916816
,,,,,,11714.0,-0.6715,0.00076,7.7767,3.4898008375124885
,,,,,,11715.0,-0.66964,0.00096,9.8017,3.6237488654527192
,,,,,,11716.0,-0.6715,0.00115,11.795,3.344451605845618
,,,,,,11718.0,-0.67522,0.00134,13.7511,3.6084191553673195
,,,,,,11719.0,-0.6715,0.00153,15.7072,3.2851555875818694
,,,,,,11720.0,-0.6715,0.00172,17.658,3.4884958012886456
,,,,,,11721.0,-0.66964,0.00191,19.6141,3.5839401511621753
,,,,,,11722.0,-0.67522,0.0021,21.5649,3.6434455180228027
,,,,,,11723.0,-0.6715,0.00229,23.521,3.5522063287155077
,,,,,,11724.0,-0.66964,0.00248,25.4559,3.672210212372728
,,,,,,11725.0,-0.67336,0.00267,27.4279,3.5990590909302576
,,,,,,11726.0,-0.67336,0.00287,29.4635,3.424589329147529
,,,,,,11727.0,-0.66964,0.00308,31.5522,3.6606215859980504
,,,,,,11728.0,-0.66778,0.00327,33.5772,3.3597246909068557
,,,,,,11729.0,-0.66964,0.00346,35.5068,3.4882735267384497
,,,,,,11730.0,-0.66964,0.00365,37.4576,3.3512901439897314
,,,,,,11731.0,-0.6715,0.00383,39.26,3.750209496099665
,,,,,,11732.0,-0.6715,0.00402,41.2903,3.38219274892006
,,,,,,11733.0,-0.6715,0.00422,43.2464,3.5868062057950025
,,,,,,11734.0,-0.6715,0.00441,45.2025,3.6289131123165794
,,,,,,11735.0,-0.66778,0.00459,47.1374,3.518139344732076
,,,,,,11736.0,-0.67336,0.00479,49.1094,3.6494572552548474
,,,,,,11737.0,-0.6715,0.00498,51.0655,3.466546656207929
,,,,,,11738.0,-0.6715,0.00518,53.117,3.656643634025963
,,,,,,11738.0,-0.6715,0.00523,53.6737,3.465847238446586
,,,,,,11738.0,-1.35417,0.00523,53.6737,3.4673025343532275
,,,,,,11739.0,-1.35231,0.00561,57.5965,3.380525665165496
,,,,,,11740.0,-1.35045,0.006,61.5246,3.4439617493515504
,,,,,,11741.0,-1.35231,0.00638,65.4103,3.3862540389481213
,,,,,,11742.0,-1.34859,0.00676,69.3755,3.4591296761635064
,,,,,,11743.0,-1.35045,0.00714,73.2983,3.5858871986354743
,,,,,,11744.0,-1.35231,0.00752,77.1469,3.5524286958649447
,,,,,,11745.0,-1.35045,0.00791,81.1069,3.5546250973945024
,,,,,,11747.0,-1.35045,0.0083,85.1887,3.515764445325136
,,,,,,11748.0,-1.35045,0.0087,89.2229,3.5678287197575234
,,,,,,11749.0,-1.35231,0.00905,92.8806,3.4584869166374084
,,,,,,11750.0,-1.35045,0.00945,96.9572,3.2026893996731802
,,,,,,11750.0,-1.35045,0.00975,100.0,3.5406107238561106
,,,,,,11750.0,-1.35045,0.00975,100.0,3.425045470270939
,,,,,,,,,,
,,,,,,11750.0,0.66778,0.0,0.0,3.662942291768201
,,,,,,11751.0,0.67708,0.00018,12.4004,3.599760747149656
,,,,,,11752.0,0.67522,0.00038,25.459,3.4902485060914543
,,,,,,11754.0,0.67336,0.00057,38.3789,3.704019172413177
,,,,,,11755.0,0.67522,0.00076,51.0911,3.6074205254730947
,,,,,,11756.0,0.67336,0.00097,64.7385,3.629794845998094
,,,,,,11757.0,0.67894,0.00116,77.9009,3.4412357036898684
,,,,,,11758.0,0.66964,0.00135,90.3706,3.687757529707857
,,,,,,11758.0,0.6808,0.00149,100.0,3.726665341705208
,,,,,,11758.0,0.0,0.00149,100.0,3.5135788661197918
,,,,,,11759.0,0.0,0.00149,100.0,3.555484941770054
,,,,,,11760.0,0.0,0.00149,100.0,3.378033029787429
,,,,,,11762.0,0.0,0.00149,100.0,3.594673902459663
,,,,,,11763.0,0.0,0.00149,100.0,3.473399931448376
,,,,,,11764.0,0.0,0.00149,100.0,3.612880120228365
,,,,,,11765.0,0.0,0.00149,100.0,3.6297012138943723
,,,,,,11766.0,0.0,0.00149,100.0,3.587115764280812
,,,,,,11767.0,0.0,0.00149,100.0,3.471767243420525
,,,,,,11768.0,0.0,0.00149,100.0,3.445517367537169
,,,,,,11769.0,0.0,0.00149,100.0,3.6295550452815686
,,,,,,11770.0,0.0,0.00149,100.0,3.63604082848503
,,,,,,11771.0,0.0,0.00149,100.0,3.634524282179249
,,,,,,11772.0,0.0,0.00149,100.0,3.702444830909333
,,,,,,11773.0,0.0,0.00149,100.0,3.660492302429095
,,,,,,11774.0,0.0,0.00149,100.0,3.4726720494368695
,,,,,,11774.0,0.0,0.00149,100.0,3.440286911431913
,,,,,,11774.0,0.0,0.00149,100.0,3.606440641636361
,,,,,,,,,,
,,,,,,11774.0,-0.66778,0.0,0.0,3.6933788971898385
,,,,,,11776.0,-0.6715,0.0002,0.9661,3.4803590177467165
,,,,,,11777.0,-0.6715,0.00039,1.86,3.622209679468966
,,,,,,11778.0,-0.67708,0.00058,2.7788,3.562630950132062
,,,,,,11779.0,-0.67336,0.00076,3.6702,3.4857890503202498
,,,,,,11780.0,-0.6715,0.00097,4.6762,3.4912202914681245
,,,,,,11781.0,-0.6715,0.00116,5.6124,3.4601695501712664
,,,,,,11782.0,-0.67336,0.00135,6.5113,3.3609713212930643
,,,,,,11783.0,-0.6715,0.00154,7.4226,3.470660048604126
,,,,,,11784.0,-0.67522,0.00173,8.3514,3.4572111297717276
,,,,,,11785.0,-0.67522,0.00192,9.2602,3.5876271153030475
,,,,,,11786.0,-0.67336,0.00211,10.189,3.502539986295918
,,,,,,11787.0,-0.6715,0.0023,11.0978,3.459945598122198
,,,,,,11788.0,-0.6715,0.0025,12.0266,3.5889468044449946
,,,,,,11789.0,-0.6715,0.00268,12.9354,3.5351127141488616
,,,,,,11790.0,-0.6715,0.00287,13.8169,3.5027769395957487
,,,,,,11791.0,-0.67336,0.00306,14.7556,3.4264991446279356
,,,,,,11792.0,-0.6715,0.00325,15.6819,3.4322106379199244
,,,,,,11793.0,-0.6715,0.00344,16.5932,3.4599134617388567
,,,,,,11794.0,-0.6715,0.00363,17.4996,3.3865371188066278
,,,,,,11795.0,-0.67336,0.00382,18.4184,3.4519571196898564
,,,,,,11796.0,-0.6715,0.00401,19.3347,3.6956043362448305
,,,,,,11797.0,-0.67336,0.0042,20.2435,3.456742353417854
,,,,,,11798.0,-0.6715,0.00439,21.1598,3.5230986668297564
,,,,,,11799.0,-0.66964,0.00458,22.0786,3.5953256521170713
,,,,,,11800.0,-0.66964,0.00477,22.985,3.4920617050060425
,,,,,,11801.0,-0.6715,0.00496,23.9013,3.5748313326308416
,,,,,,11802.0,-0.6715,0.00515,24.8201,3.517055582102622
,,,,,,11803.0,-0.67522,0.00534,25.7389,3.555388663076514
,,,,,,11804.0,-0.67336,0.00553,26.6652,3.3575523322090217
,,,,,,11805.0,-0.67522,0.00572,27.5815,3.419170469594564
,,,,,,11806.0,-0.6715,0.00596,28.7169,3.5741316334613873
,,,,,,11807.0,-0.67522,0.00615,29.6432,3.397418608509142
,,,,,,11808.0,-0.6715,0.00634,30.5645,3.5262805078198807
,,,,,,11809.0,-0.6715,0.00653,31.4808,3.4049495666941367
,,,,,,11810.0,-0.67708,0.00672,32.4021,3.690910337464273
,,,,,,11811.0,-0.67522,0.00691,33.3159,3.663509013387337
,,,,,,11813.0,-0.66964,0.00711,34.2447,3.4892337853780044
,,,,,,11814.0,-0.6715,0.0073,35.161,3.4118340000251792
,,,,,,11815.0,-0.67522,0.00749,36.0798,3.498706586793259
,,,,,,11816.0,-0.67336,0.00768,36.9886,3.515945878425062
,,,,,,11817.0,-0.66964,0.00787,37.9249,3.520753385028675
,,,,,,11818.0,-0.66778,0.00804,38.7615,3.4214667805670773
,,,,,,11819.0,-0.66964,0.00824,39.7226,3.5576837799111662
,,,,,,11820.0,-0.67708,0.00844,40.6514,3.605979298497609
,,,,,,11821.0,-0.67336,0.00862,41.5627,3.5726590919738404
,,,,,,11822.0,-0.67522,0.00881,42.479,3.563810288233628
,,,,,,11823.0,-0.67336,0.009,43.3904,3.5979549806576916
,,,,,,11824.0,-0.6715,0.0092,44.3515,3.3545233840012743
,,,,,,11825.0,-0.6715,0.00938,45.1906,3.511657557374997
,,,,,,11826.0,-0.6715,0.00957,46.1094,3.5071972501435096
,,,,,,11827.0,-0.6715,0.00976,47.0282,3.502284153131753
,,,,,,11828.0,-0.67336,0.00995,47.9445,3.6984499714403456
,,,,,,11829.0,-0.6715,0.01014,48.8633,3.6519605504482042
,,,,,,11830.0,-0.67336,0.01033,49.7821,3.4991107624294715
,,,,,,11831.0,-0.67336,0.01053,50.7283,3.379345249164679
,,,,,,11832.0,-0.6715,0.01072,51.6446,3.5803775212935642
,,,,,,11833.0,-0.66964,0.01091,52.5734,3.4204378085345843
,,,,,,11834.0,-0.66964,0.0111,53.4997,3.595471710077905
,,,,,,11835.0,-0.67708,0.01129,54.4185,3.4382528846060696
,,,,,,11836.0,-0.6715,0.01149,55.3821,3.527242246529822
,,,,,,11837.0,-0.67522,0.01168,56.2984,3.64807574194052
,,,,,,11838.0,-0.6715,0.01186,57.145,3.4809564023163104
,,,,,,11839.0,-0.66964,0.01205,58.0812,3.6459974499683603
,,,,,,11840.0,-0.6715,0.01224,59.0,3.4299286131492743
,,,,,,11841.0,-0.6715,0.01243,59.9188,3.631381570057256
,,,,,,11842.0,-0.6715,0.01262,60.8376,3.675933120443771
,,,,,,11843.0,-0.66964,0.01282,61.7564,3.609789540446799
,,,,,,11844.0,-0.66592,0.01301,62.6752,3.5471647088674527
,,,,,,11845.0,-0.6715,0.0132,63.5915,3.608336364709862
,,,,,,11846.0,-0.66964,0.01339,64.5103,3.5973340286855113
,,,,,,11847.0,-0.67336,0.01358,65.4192,3.5251537276371794
,,,,,,11848.0,-0.67522,0.01378,66.4027,3.4184702894742296
,,,,,,11849.0,-0.67336,0.01396,67.2568,3.3875187240261733
,,,,,,11850.0,-0.67336,0.01415,68.1656,3.6465074452431585
,,,,,,11851.0,-0.67336,0.01434,69.0844,3.589929762611395
,,,,,,11852.0,-0.67522,0.01453,70.0032,3.42424663780117
,,,,,,11853.0,-0.6715,0.01472,70.9146,3.4779897904592763
,,,,,,11854.0,-0.67522,0.01492,71.8956,3.4234127240443493
,,,,,,11855.0,-0.6715,0.01511,72.8144,3.4728616439973905
,,,,,,11856.0,-0.6715,0.01531,73.793,3.3716072916938633
,,,,,,11857.0,-0.67894,0.0155,74.7118,3.6100354004712285
,,,,,,11859.0,-0.67336,0.01569,75.6032,3.537042645719163
,,,,,,11860.0,-0.6715,0.0159,76.6017,3.3045390873780978
,,,,,,11861.0,-0.6715,0.01609,77.5205,3.275707399195533
,,,,,,11861.0,-0.6715,0.01625,78.3198,3.544405327773919
,,,,,,11861.0,-1.35603,0.01625,78.3198,3.5956834011056253
,,,,,,11862.0,-1.34859,0.01659,79.9631,3.5245819501361497
,,,,,,11864.0,-1.34859,0.01702,82.0024,3.461135940858993
,,,,,,11865.0,-1.35045,0.0174,83.8475,3.4016317853285885
,,,,,,11866.0,-1.34859,0.01779,85.7075,3.4553261905639316
,,,,,,11867.0,-1.34859,0.01817,87.5501,3.5970281243085025
,,,,,,11868.0,-1.35045,0.01855,89.3927,3.404957961754474
,,,,,,11869.0,-1.35045,0.01893,91.2353,3.5448796671966094
,,,,,,11870.0,-1.35045,0.01931,93.0629,3.5838700905814256
,,,,,,11871.0,-1.35045,0.01969,94.9055,3.491143943506225
,,,,,,11872.0,-1.34859,0.02008,96.768,3.3519320262982153
,,,,,,11873.0,-1.34859,0.02046,98.6106,3.3931297771382525
,,,,,,11873.0,-1.34859,0.02075,100.0,3.491623642478853
,,,,,,11873.0,-1.34859,0.02075,100.0,3.474869028580228
,,,,,,,,,,
,,,,,,11873.0,0.66778,0.0,0.0,3.52959894893992
,,,,,,11875.0,0.6808,0.0002,12.9852,3.4688016853889376
,,,,,,11876.0,0.66964,0.00038,25.0773,3.5802849387253617
,,,,,,11877.0,0.67336,0.00057,37.6159,3.645024688063788
,,,,,,11878.0,0.6808,0.00076,50.3263,3.4435761276609886
,,,,,,11879.0,0.67894,0.00095,62.9337,3.4652361121518167
,,,,,,11880.0,0.67522,0.00115,76.2625,3.6762874863348034
,,,,,,11881.0,0.67336,0.00134,88.9385,3.7071158283878787
,,,,,,11882.0,0.66778,0.0015,100.0,3.5044210703053364
,,,,,,11882.0,0.0,0.0015,100.0,3.4897519389242837
,,,,,,11883.0,0.0,0.0015,100.0,3.6663245515509377
,,,,,,11884.0,0.0,0.0015,100.0,3.5789874098367846
,,,,,,11885.0,0.0,0.0015,100.0,3.4023479248163384
,,,,,,11886.0,0.0,0.0015,100.0,3.5812160913957185
,,,,,,11887.0,0.0,0.0015,100.0,3.5607482998183047
,,,,,,11888.0,0.0,0.0015,100.0,3.5660946405258676
,,,,,,11889.0,0.0,0.0015,100.0,3.484741853216264
,,,,,,11890.0,0.0,0.0015,100.0,3.5988685972331904
,,,,,,11891.0,0.0,0.0015,100.0,3.6770011216729226
,,,,,,11892.0,0.0,0.0015,100.0,3.557809187496526
,,,,,,11893.0,0.0,0.0015,100.0,3.4269216019990623
,,,,,,11894.0,0.0,0.0015,100.0,3.464021695706763
,,,,,,11895.0,0.0,0.0015,100.0,3.4151510030537344
,,,,,,11896.0,0.0,0.0015,100.0,3.7053181568377744
,,,,,,11897.0,0.0,0.0015,100.0,3.6423256393601897
,,,,,,11898.0,0.0,0.0015,100.0,3.513782423521795
,,,,,,11898.0,0.0,0.0015,100.0,3.5402117327990594
,,,,,,,,,,
,,,,,,11898.0,-0.67336,0.0,0.0,3.479606723590665
,,,,,,11899.0,-0.6715,0.00021,0.5166,3.4136783646823354
,,,,,,11900.0,-0.67708,0.00039,0.9516,3.4003873718146416
,,,,,,11901.0,-0.67336,0.00058,1.4143,3.6366590324656616
,,,,,,11902.0,-0.67336,0.00077,1.8769,3.5616427410813296
,,,,,,11903.0,-0.6715,0.00096,2.3383,3.4662981760515406
,,,,,,11904.0,-0.67336,0.00115,2.8022,3.6594632986869953
,,,,,,11905.0,-0.67522,0.00134,3.2636,3.545259575663332
,,,,,,11906.0,-0.66964,0.00154,3.745,3.5634163202564775
,,,,,,11907.0,-0.6715,0.00176,4.2804,3.6640262693406225
,,,,,,11908.0,-0.67522,0.00195,4.743,3.2838234740037584
,,,,,,11909.0,-0.6715,0.00215,5.2057,3.535720929430862
,,,,,,11910.0,-0.67336,0.00234,5.6683,3.6911894298411303
,,,,,,11911.0,-0.6715,0.00253,6.1297,3.5086909661085586
,,,,,,11912.0,-0.6715,0.00272,6.5924,3.388130537299037
,,,,,,11913.0,-0.67522,0.00291,7.055,3.5163806821667505
,,,,,,11914.0,-0.6715,0.0031,7.5176,3.357137485228606
,,,,,,11915.0,-0.6715,0.00329,7.9815,3.4669305705914097
,,,,,,11916.0,-0.67336,0.00348,8.4417,3.472142513156559
,,,,,,11917.0,-0.67336,0.00367,8.9093,3.3707260273338853
,,,,,,11918.0,-0.67522,0.00386,9.372,3.5842348226068417
,,,,,,11919.0,-0.67336,0.00405,9.8296,3.3749225271865813
,,,,,,11920.0,-0.66964,0.00424,10.2923,3.6757924685319634
,,,,,,11921.0,-0.6715,0.00443,10.7536,3.5497155128421025
,,,,,,11922.0,-0.67336,0.00463,11.2251,3.554537721052763
,,,,,,11923.0,-0.66964,0.00481,11.6827,3.617584890391856
,,,,,,11924.0,-0.6715,0.00501,12.1491,3.3491740906317724
,,,,,,11925.0,-0.67522,0.0052,12.6105,3.5008013157075317
,,,,,,11926.0,-0.67522,0.00539,13.0719,3.5157934601452814
,,,,,,11927.0,-0.6715,0.00558,13.5333,3.3861396219252273
,,,,,,11929.0,-0.67336,0.0058,14.0736,3.5421496273726465
,,,,,,11930.0,-0.67336,0.00599,14.5451,3.6368815514408706
,,,,,,11931.0,-0.67522,0.00618,14.9851,3.3872740242573127
,,,,,,11932.0,-0.67522,0.00637,15.4465,3.512136796685505
,,,,,,11933.0,-0.67336,0.00656,15.9079,3.5487734944818405
,,,,,,11933.0,-5.40737,0.00656,15.9079,3.376414637910789
,,,,,,11934.0,-5.40365,0.00809,19.6241,3.3845678046076917
,,,,,,11935.0,-5.40737,0.0096,23.3052,3.1996127420647835
,,,,,,11936.0,-5.40737,0.01114,27.0227,3.3318708248557813
,,,,,,11937.0,-5.40551,0.01268,30.7752,3.199610525553199
,,,,,,11938.0,-5.40365,0.01411,34.2381,3.166231620997297
,,,,,,11939.0,-5.40365,0.01575,38.2089,3.2474638219065337
,,,,,,11940.0,-5.40365,0.01728,41.9263,3.2702637191563344
,,,,,,11941.0,-5.40551,0.01864,45.2413,3.166331056418125
,,,,,,11941.0,-3.37426,0.01864,45.2413,3.3708130061289103
,,,,,,11942.0,-3.37798,0.01957,47.4956,3.3464323747315006
,,,,,,11943.0,-3.37798,0.02053,49.8176,3.510802188345313
,,,,,,11944.0,-3.37798,0.02149,52.1408,3.46268484021126
,,,,,,11945.0,-3.37984,0.02244,54.4616,3.344972389157808
,,,,,,11946.0,-3.37984,0.02339,56.7622,3.3099667291399175
,,,,,,11947.0,-3.37798,0.02435,59.0855,3.4202854361955035
,,,,,,11948.0,-3.37984,0.02531,61.4075,3.440489683968262
,,,,,,11949.0,-3.37798,0.02626,63.7295,3.3487565072664904
,,,,,,11950.0,-3.37612,0.02721,66.0289,3.364293308174838
,,,,,,11951.0,-3.3817,0.02823,68.4888,3.3859992587618195
,,,,,,11952.0,-3.37798,0.02913,70.6754,3.385563912754401
,,,,,,11953.0,-3.37798,0.03011,73.0651,3.2740271891889767
,,,,,,11954.0,-3.37984,0.03114,75.5689,3.4409186331278407
,,,,,,11955.0,-3.37612,0.0321,77.8909,3.421121709457586
,,,,,,11956.0,-3.37798,0.03298,80.0323,3.352271957484868
,,,,,,11957.0,-3.37798,0.03393,82.3318,3.1252599245332187
,,,,,,11958.0,-3.37798,0.03488,84.6312,3.359884755180186
,,,,,,11959.0,-3.37798,0.03584,86.977,3.375788012772526
,,,,,,11960.0,-3.37798,0.0368,89.299,3.24173938845367
,,,,,,11961.0,-3.37798,0.03784,91.8266,3.132457492049177
,,,,,,11962.0,-3.37984,0.03882,94.195,3.505912584740665
,,,,,,11963.0,-3.37984,0.03978,96.517,3.2389522853147863
,,,,,,11964.0,-3.37612,0.04073,98.839,3.3841767531688345
,,,,,,11965.0,-3.37984,0.04121,100.0,3.0596225050208776
,,,,,,11965.0,-3.37984,0.04121,100.0,3.3989372471291093
,,,,,,,,,,
,,,,,,11965.0,1.35231,0.0,0.0,3.644521513779269
,,,,,,11966.0,1.35231,0.00038,12.6992,3.5975349418270497
,,,,,,11967.0,1.35045,0.00077,25.3813,3.323468927330092
,,,,,,11968.0,1.35045,0.00115,38.0805,3.8051950119920104
,,,,,,11969.0,1.34859,0.00153,50.7626,3.4334954641122937
,,,,,,11970.0,1.34673,0.00189,62.5707,3.625834404216264
,,,,,,11971.0,1.35045,0.0023,76.1268,3.357318973900278
,,,,,,11972.0,1.35417,0.00268,88.8089,3.5274427380404987
,,,,,,11973.0,1.35045,0.00301,100.0,3.574896544629365
,,,,,,11973.0,1.35045,0.00301,100.0,3.5376889084416456
,,,,,,,,,,
,,,,,,11973.0,-1.34859,0.0,0.0,3.4494731008704873
,,,,,,11974.0,-1.35045,0.00038,3.1611,3.429086819436349
,,,,,,11975.0,-1.35045,0.00076,6.3524,3.3943440691484077
,,,,,,11976.0,-1.34859,0.00114,9.5135,3.36975004190841
,,,,,,11977.0,-1.34859,0.00153,12.735,3.482195713832903
,,,,,,11978.0,-1.35045,0.00189,15.7409,3.4961031268147886
,,,,,,11979.0,-1.35045,0.00234,19.4972,3.4082718892899306
,,,,,,11980.0,-1.34859,0.00273,22.8135,3.401419978380652
,,,,,,11981.0,-1.35045,0.00311,25.9746,3.335969732688216
,,,,,,11982.0,-1.34859,0.00349,29.1401,3.3516351900584307
,,,,,,11983.0,-1.35045,0.00385,32.1157,3.4604927936691277
,,,,,,11984.0,-1.35045,0.00426,35.527,3.556621324889154
,,,,,,11985.0,-1.35045,0.00464,38.7183,3.4800783650113374
,,,,,,11986.0,-1.34859,0.005,41.7544,3.57567548655399
,,,,,,11987.0,-1.35045,0.00539,45.0103,3.663789769924464
,,,,,,11988.0,-1.35045,0.00578,48.2318,3.7281361102936597
,,,,,,11989.0,-1.34859,0.00616,51.4232,3.4957431300298354
,,,,,,11990.0,-1.34859,0.00654,54.6188,3.303119721904571
,,,,,,11991.0,-1.35231,0.00691,57.6893,3.5085465788505212
,,,,,,11992.0,-1.35231,0.00733,61.1911,3.5440748142710405
,,,,,,11993.0,-1.35045,0.00771,64.3824,3.47928039238766
,,,,,,11994.0,-1.35045,0.0081,67.5781,3.561658701434733
,,,,,,11995.0,-1.35231,0.00848,70.7694,3.4815323042557083
,,,,,,11996.0,-1.35045,0.00886,73.9607,3.3591938889846773
,,,,,,11997.0,-1.35045,0.00925,77.1865,3.5849132041646192
,,,,,,11998.0,-1.35045,0.00964,80.4727,3.532499195750306
,,,,,,11999.0,-1.35045,0.00999,83.3535,3.396754727457144
,,,,,,12000.0,-1.35231,0.01038,86.6741,3.5537614918562417
,,,,,,12002.0,-1.35231,0.01076,89.8309,3.2907607273996415
,,,,,,12003.0,-1.35045,0.01118,93.2724,3.5536206545467524
,,,,,,12004.0,-1.35045,0.01155,96.4335,3.2927318815920756
,,,,,,12005.0,-1.34859,0.01193,99.5946,3.296679858819616
,,,,,,12005.0,-1.34859,0.01198,100.0,3.3112040036507953
,,,,,,12005.0,-1.34859,0.01198,100.0,3.6091964009458604
,,,,,,,,,,
,,,,,,12005.0,2.70089,0.0,0.0,3.519889853973316
,,,,,,12006.0,2.70275,0.00077,12.6139,3.649278739510365
,,,,,,12007.0,2.70461,0.00156,25.7389,3.743088513608279
,,,,,,12008.0,2.70275,0.00233,38.3613,3.551402702579613
,,,,,,12009.0,2.70275,0.00309,50.9837,3.9151566106392144
,,,,,,12010.0,2.70647,0.0038,62.6267,3.5717118069962464
,,,,,,12011.0,2.70089,0.0046,75.7431,3.709912255948156
,,,,,,12012.0,2.70089,0.00536,88.3741,3.5220710182271966
,,,,,,12013.0,2.70089,0.00607,100.0,3.704033510301671
,,,,,,12013.0,0.0,0.00607,100.0,3.5318665287898865
,,,,,,12014.0,0.0,0.00607,100.0,3.5149801189646968
,,,,,,12015.0,0.0,0.00607,100.0,3.4753124476094293
,,,,,,12016.0,0.0,0.00607,100.0,3.501882225694209
,,,,,,12017.0,0.0,0.00607,100.0,3.4844488857217955
,,,,,,12018.0,0.0,0.00607,100.0,3.4495125211624726
,,,,,,12019.0,0.0,0.00607,100.0,3.541649686269864
,,,,,,12020.0,0.0,0.00607,100.0,3.6091876936028457
,,,,,,12021.0,0.0,0.00607,100.0,3.587198375420194
,,,,,,12022.0,0.0,0.00607,100.0,3.592705705577891
,,,,,,12023.0,0.0,0.00607,100.0,3.6577768218534272
,,,,,,12024.0,0.0,0.00607,100.0,3.512779502239256
,,,,,,12025.0,0.0,0.00607,100.0,3.5956349762104645
,,,,,,12026.0,0.0,0.00607,100.0,3.458682122947507
,,,,,,12027.0,0.0,0.00607,100.0,3.4288474144753893
,,,,,,12028.0,0.0,0.00607,100.0,3.4914348320018123
,,,,,,12029.0,0.0,0.00607,100.0,3.735795193626566
,,,,,,12030.0,0.0,0.00607,100.0,3.626938175183033
,,,,,,12031.0,0.0,0.00607,100.0,3.476715292702276
,,,,,,12032.0,0.0,0.00607,100.0,3.5627398112783433
,,,,,,12033.0,0.0,0.00607,100.0,3.5393347300519986
,,,,,,12034.0,0.0,0.00607,100.0,3.698938610872716
,,,,,,12035.0,0.0,0.00607,100.0,3.404535261009733
,,,,,,12036.0,0.0,0.00607,100.0,3.453753674400425
,,,,,,12037.0,0.0,0.00607,100.0,3.5447696882572584
,,,,,,12038.0,0.0,0.00607,100.0,3.622738606915933
,,,,,,12039.0,0.0,0.00607,100.0,3.5552553243890843
,,,,,,12040.0,0.0,0.00607,100.0,3.587806145137674
,,,,,,12041.0,0.0,0.00607,100.0,3.7906025549572853
,,,,,,12042.0,0.0,0.00607,100.0,3.548873953726519
,,,,,,12043.0,0.0,0.00607,100.0,3.542726124926417
,,,,,,12045.0,0.0,0.00607,100.0,3.555552285790329
,,,,,,12046.0,0.0,0.00607,100.0,3.379892714801861
,,,,,,12047.0,0.0,0.00607,100.0,3.474834593848091
,,,,,,12048.0,0.0,0.00607,100.0,3.4315272629734057
,,,,,,12049.0,0.0,0.00607,100.0,3.5833899905501085
,,,,,,12050.0,0.0,0.00607,100.0,3.5555326193867445
,,,,,,12051.0,0.0,0.00607,100.0,3.3421170970184875
,,,,,,12052.0,0.0,0.00607,100.0,3.4553884018385728
,,,,,,12052.0,0.0,0.00607,100.0,3.6036312435927473
,,,,,,12052.0,0.0,0.00607,100.0,3.651788138887296
,,,,,,12053.0,0.0,0.00607,100.0,3.2792457907829102
,,,,,,12054.0,0.0,0.00607,100.0,3.4282411311603376
,,,,,,12055.0,0.0,0.00607,100.0,3.5833413861472163
,,,,,,12056.0,0.0,0.00607,100.0,3.5535428871702686
,,,,,,12057.0,0.0,0.00607,100.0,3.3814007403438215
,,,,,,12058.0,0.0,0.00607,100.0,3.5640288338444157
,,,,,,12059.0,0.0,0.00607,100.0,3.552726269129775
,,,,,,12060.0,0.0,0.00607,100.0,3.6971649522345054
,,,,,,12061.0,0.0,0.00607,100.0,3.5397267157084835
,,,,,,12062.0,0.0,0.00607,100.0,3.5550516943975867
,,,,,,12063.0,0.0,0.00607,100.0,3.6557292695120975
,,,,,,12064.0,0.0,0.00607,100.0,3.582334162751702
,,,,,,12065.0,0.0,0.00607,100.0,3.5248009828464437
,,,,,,12066.0,0.0,0.00607,100.0,3.4165568198792826
,,,,,,12067.0,0.0,0.00607,100.0,3.3457765828259167
,,,,,,12068.0,0.0,0.00607,100.0,3.5679064912742064
,,,,,,12069.0,0.0,0.00607,100.0,3.3986017853647885
,,,,,,12069.0,0.0,0.00607,100.0,3.33438493171747
,,,,,,,,,,
,,,,,,12069.0,-0.67894,0.0,0.0,3.3990320862529506
,,,,,,12070.0,-0.6715,0.00018,1.8096,3.5456465628828884
,,,,,,12071.0,-0.66964,0.00037,3.7625,3.4961832332635887
,,,,,,12072.0,-0.67336,0.00056,5.7207,3.573035978095048
,,,,,,12073.0,-0.66964,0.00075,7.6788,3.4571685758598045
,,,,,,12074.0,-0.6715,0.00094,9.6317,3.440456152587892
,,,,,,12075.0,-0.6715,0.00113,11.5899,3.616755819458748
,,,,,,12076.0,-0.66778,0.00133,13.6224,3.4810382066819865
,,,,,,12077.0,-0.67522,0.00151,15.5593,3.5258049649575427
,,,,,,12078.0,-0.6715,0.00171,17.5175,3.424058649543521
,,,,,,12079.0,-0.67336,0.0019,19.4704,3.6216919716757174
,,,,,,12080.0,-0.67336,0.00209,21.4286,3.7087919173497337
,,,,,,12081.0,-0.6715,0.00228,23.3868,3.447598398669727
,,,,,,12082.0,-0.67336,0.00247,25.3609,3.5850532411418303
,,,,,,12083.0,-0.6715,0.00266,27.2978,3.451408424193803
,,,,,,12084.0,-0.6715,0.00287,29.4683,3.427478772071246
,,,,,,12085.0,-0.66964,0.00305,31.3097,3.5334373669318073
,,,,,,12086.0,-0.6715,0.00324,33.2679,3.4146911751630786
,,,,,,12087.0,-0.66964,0.00345,35.4171,3.5317636904662084
,,,,,,12088.0,-0.67336,0.00364,37.3541,3.455447328321313
,,,,,,12089.0,-0.6715,0.00383,39.3706,3.4926705962839355
,,,,,,12090.0,-0.6715,0.00402,41.2704,3.3242310085907434
,,,,,,12091.0,-0.6715,0.00421,43.2021,3.609738985175889
,,,,,,12092.0,-0.6715,0.0044,45.1815,3.4162594048475103
,,,,,,12093.0,-0.6715,0.0046,47.2564,3.5233853489279694
,,,,,,12094.0,-0.6715,0.00479,49.2093,3.5275719156238394
,,,,,,12095.0,-0.67336,0.00498,51.1463,3.605239318333738
,,,,,,12097.0,-0.66964,0.00518,53.2106,3.6272478240318455
,,,,,,12097.0,-0.66964,0.00524,53.8261,3.473541465226795
,,,,,,12097.0,-1.34673,0.00524,53.8261,3.4919981681323877
,,,,,,12098.0,-1.35045,0.00562,57.716,3.434246360981181
,,,,,,12099.0,-1.34673,0.006,61.6377,3.3550859723866457
,,,,,,12100.0,-1.34859,0.00638,65.5699,3.532750646596697
,,,,,,12101.0,-1.35231,0.00677,69.5022,3.280864512516263
,,,,,,12102.0,-1.35045,0.00713,73.1957,3.426566423213005
,,,,,,12103.0,-1.35045,0.00751,77.128,3.6734806764022365
,,,,,,12104.0,-1.35045,0.00789,81.0178,3.4213016544532153
,,,,,,12105.0,-1.35231,0.0083,85.2155,3.2862730916217853
,,,,,,12106.0,-1.35045,0.00869,89.2592,3.667992311699242
,,,,,,12107.0,-1.34859,0.00907,93.149,3.301874664365507
,,,,,,12108.0,-1.34673,0.00945,97.0707,3.366169481155993
,,,,,,12109.0,-1.35045,0.00974,100.0,3.3202278349053973
,,,,,,12109.0,-1.35045,0.00974,100.0,3.609626227281246
,,,,,,,,,,
,,,,,,12109.0,0.6808,0.0,0.0,3.5354899553443837
,,,,,,12110.0,0.66406,0.00021,13.5853,3.5544590238974165
,,,,,,12111.0,0.67522,0.00039,25.9108,3.570258023079152
,,,,,,12112.0,0.66592,0.00058,38.3725,3.6109827378808803
,,,,,,12113.0,0.67894,0.00078,51.5492,3.413050750792522
,,,,,,12114.0,0.66964,0.00097,63.7045,3.5698854279062804
,,,,,,12115.0,0.67336,0.00116,76.6088,3.587680176256246
,,,,,,12116.0,0.66406,0.00135,89.0364,3.5838701228035554
,,,,,,12117.0,0.67522,0.00152,100.0,3.644891610801701
,,,,,,12117.0,0.0,0.00152,100.0,3.4983221531659527
,,,,,,12118.0,0.0,0.00152,100.0,3.586337766653263
,,,,,,12119.0,0.0,0.00152,100.0,3.573094185807375
,,,,,,12120.0,0.0,0.00152,100.0,3.614141591405035
,,,,,,12121.0,0.0,0.00152,100.0,3.739146165372408
,,,,,,12122.0,0.0,0.00152,100.0,3.4863523889635983
,,,,,,12123.0,0.0,0.00152,100.0,3.5907882993492817
,,,,,,12124.0,0.0,0.00152,100.0,3.5966756882507718
,,,,,,12125.0,0.0,0.00152,100.0,3.545261774671271
,,,,,,12126.0,0.0,0.00152,100.0,3.430241637146733
,,,,,,12127.0,0.0,0.00152,100.0,3.6213552352866456
,,,,,,12128.0,0.0,0.00152,100.0,3.554056784829992
,,,,,,12129.0,0.0,0.00152,100.0,3.6224893336609867
,,,,,,12130.0,0.0,0.00152,100.0,3.6560153770743495
,,,,,,12131.0,0.0,0.00152,100.0,3.591956470489209
,,,,,,12133.0,0.0,0.00152,100.0,3.6415614303053396
,,,,,,12133.0,0.0,0.00152,100.0,3.5178296443719352
,,,,,,12133.0,0.0,0.00152,100.0,3.3076087758521773
,,,,,,,,,,
,,,,,,12133.0,-0.66034,0.0,0.0,3.619849211116573
,,,,,,12134.0,-0.67336,0.00021,0.9903,3.3946537602299545
,,,,,,12135.0,-0.6715,0.0004,1.9137,3.621210021149898
,,,,,,12136.0,-0.6715,0.00059,2.8444,3.3883357262601113
,,,,,,12137.0,-0.66778,0.00078,3.7578,3.598778854839822
,,,,,,12138.0,-0.6715,0.00096,4.6291,3.6312261380441977
,,,,,,12139.0,-0.67522,0.00115,5.5449,3.4407349517257724
,,,,,,12140.0,-0.66964,0.00134,6.4583,3.403948209479181
,,,,,,12141.0,-0.67336,0.00154,7.3742,3.433021571878735
,,,,,,12142.0,-0.67522,0.00173,8.2901,3.6106433122053496
,,,,,,12143.0,-0.67336,0.00192,9.206,3.422114024154195
,,,,,,12144.0,-0.67522,0.00211,10.1194,3.4652025281862846
,,,,,,12145.0,-0.6715,0.0023,11.0353,3.4262933374925066
,,,,,,12146.0,-0.6715,0.00249,11.9487,3.6295159634613157
,,,,,,12147.0,-0.67336,0.00268,12.8745,3.3845913464663715
,,,,,,12148.0,-0.66964,0.00288,13.835,3.4738823231607987
,,,,,,12149.0,-0.67336,0.00307,14.7683,3.4004538658037164
,,,,,,12150.0,-0.66964,0.00327,15.6842,3.4083685947283318
,,,,,,12151.0,-0.66592,0.00345,16.5951,3.434663917619207
,,,,,,12152.0,-0.66964,0.00364,17.5085,3.595315000773563
,,,,,,12154.0,-0.66964,0.00384,18.4244,3.5994840910058983
,,,,,,12155.0,-0.67708,0.00402,19.3328,3.4478271676146277
,,,,,,12156.0,-0.66964,0.00421,20.2413,3.7385399053306703
,,,,,,12157.0,-0.67522,0.00441,21.1671,3.615779546401099
,,,,,,12158.0,-0.67336,0.0046,22.0829,3.46756448172531
,,,,,,12159.0,-0.67336,0.00479,22.9988,3.525715005198712
,,,,,,12160.0,-0.67336,0.00498,23.9122,3.7423997072221096
,,,,,,12161.0,-0.67336,0.00517,24.8182,3.5203829965098374
,,,,,,12162.0,-0.67336,0.00536,25.744,3.4594755644244843
,,,,,,12163.0,-0.67336,0.00555,26.6574,3.5656325813738077
,,,,,,12164.0,-0.6715,0.00574,27.5658,3.4972385885640667
,,,,,,12165.0,-0.67336,0.00593,28.4792,3.5967584140635425
,,,,,,12166.0,-0.6715,0.00612,29.3951,3.693198607927859
,,,,,,12167.0,-0.67708,0.00631,30.3185,3.533219368414315
,,,,,,12168.0,-0.6808,0.00649,31.1723,3.498504907591286
,,,,,,12169.0,-0.6715,0.00668,32.0882,3.4943107767280446
,,,,,,12170.0,-0.66964,0.00687,33.004,3.613792974771486
,,,,,,12171.0,-0.6715,0.00706,33.9199,3.578015644179777
,,,,,,12172.0,-0.67336,0.00725,34.8333,3.596381274435771
,,,,,,12173.0,-0.67336,0.00745,35.7914,3.3870791515445977
,,,,,,12174.0,-0.67336,0.00764,36.6899,3.6353741856544817
,,,,,,12175.0,-0.6715,0.00783,37.5959,3.5237306200717735
,,,,,,12176.0,-0.6715,0.00802,38.5465,3.411845336582916
,,,,,,12177.0,-0.66778,0.0082,39.3879,3.425279612690894
,,,,,,12178.0,-0.6715,0.00839,40.3038,3.416596012167819
,,,,,,12179.0,-0.67336,0.00858,41.2172,3.465300715734263
,,,,,,12180.0,-0.67522,0.00877,42.1331,3.3362300896791295
,,,,,,12181.0,-0.66964,0.00898,43.121,3.6118396259677117
,,,,,,12182.0,-0.67336,0.00917,44.0294,3.5947435368165848
,,,,,,12183.0,-0.6715,0.00936,44.9453,3.430322269426916
,,,,,,12184.0,-0.66964,0.00955,45.8612,3.4287840425717695
,,,,,,12185.0,-0.67336,0.00974,46.7746,3.475050165010595
,,,,,,12186.0,-0.67522,0.00993,47.6904,3.5778923076595053
,,,,,,12187.0,-0.67336,0.01012,48.6063,3.6115974722457587
,,,,,,12188.0,-0.67336,0.0103,49.4701,3.568509520857253
,,,,,,12189.0,-0.67522,0.0105,50.4505,3.480177561644476
,,,,,,12190.0,-0.67522,0.01069,51.3664,3.455248995160779
,,,,,,12191.0,-0.6715,0.01088,52.2823,3.4312308756175107
,,,,,,12192.0,-0.67336,0.01107,53.1981,3.470933575130861
,,,,,,12193.0,-0.6715,0.01127,54.1314,3.6120679366470223
,,,,,,12194.0,-0.67336,0.01146,55.0547,3.455265932210735
,,,,,,12195.0,-0.67522,0.01166,55.9979,3.6218190569533997
,,,,,,12196.0,-0.6715,0.01184,56.8691,3.608511736539612
,,,,,,12197.0,-0.67336,0.01204,57.8396,3.508725031814356
,,,,,,12198.0,-0.67336,0.01223,58.7555,3.439307373357885
,,,,,,12199.0,-0.67336,0.01242,59.6639,3.5633069561995034
,,,,,,12201.0,-0.67522,0.01262,60.6021,3.5606616209685007
,,,,,,12202.0,-0.67522,0.0128,61.5106,3.520277204605172
,,,,,,12203.0,-0.67336,0.013,62.4265,3.4460448998212865
,,,,,,12204.0,-0.67522,0.01319,63.3498,3.497461383131247
,,,,,,12205.0,-0.67522,0.01338,64.2632,3.5392434512472826
,,,,,,12206.0,-0.67336,0.01357,65.189,3.5747370140757195
,,,,,,12207.0,-0.6715,0.01377,66.1247,3.504731894137497
,,,,,,12208.0,-0.67522,0.01396,67.0406,3.279571254897561
,,,,,,12209.0,-0.6715,0.01415,67.9565,3.4716763790736875
,,,,,,12210.0,-0.67522,0.01434,68.8749,3.5292616279407247
,,,,,,12211.0,-0.66778,0.01453,69.7883,3.5010665563600956
,,,,,,12212.0,-0.6715,0.01473,70.7488,3.486212044850168
,,,,,,12213.0,-0.6715,0.01493,71.7268,3.5253723273810027
,,,,,,12214.0,-0.67522,0.01512,72.6352,3.586402824669689
,,,,,,12215.0,-0.66778,0.01531,73.5412,3.6279034499929015
,,,,,,12216.0,-0.6715,0.01551,74.5017,3.494173187919099
,,,,,,12217.0,-0.67522,0.0157,75.4176,3.4188792127618255
,,,,,,12218.0,-0.67522,0.01588,76.2888,3.45236005103507
,,,,,,12219.0,-0.6715,0.01607,77.2047,3.543606151652665
,,,,,,12220.0,-0.67336,0.01626,78.0958,3.4853544775658047
,,,,,,12220.0,-1.35231,0.01626,78.0958,3.476651718417068
,,,,,,12221.0,-1.34859,0.01667,80.074,3.4263972144219306
,,,,,,12222.0,-1.35045,0.01706,81.9479,3.5022651732174475
,,,,,,12223.0,-1.34859,0.01744,83.7847,3.3919109148642157
,,,,,,12224.0,-1.35231,0.01782,85.6239,3.479246588216924
,,,,,,12225.0,-1.35045,0.0182,87.4432,3.530107267306102
,,,,,,12226.0,-1.35231,0.01859,89.28,3.260225592602701
,,,,,,12227.0,-1.35045,0.01897,91.1192,3.4701525420710033
,,,,,,12228.0,-1.34859,0.01937,93.0279,3.6091978323094493
,,,,,,12229.0,-1.34859,0.01976,94.9018,3.4111422187605007
,,,,,,12230.0,-1.35417,0.02014,96.741,3.491919943836422
,,,,,,12231.0,-1.35045,0.02052,98.5952,3.378805388191081
,,,,,,12232.0,-1.34859,0.02082,100.0,3.4058269179754634
,,,,,,12232.0,-1.34859,0.02082,100.0,3.445542998241205
,,,,,,,,,,
,,,,,,12232.0,0.67708,0.0,0.0,3.5499153509221264
,,,,,,12233.0,0.67708,0.00019,12.5954,3.600205391632345
,,,,,,12234.0,0.67336,0.00038,25.4684,3.4883882681330167
,,,,,,12235.0,0.67522,0.00057,38.1679,3.617132464378057
,,,,,,12236.0,0.66778,0.00076,51.3532,3.5910166851995395
,,,,,,12237.0,0.67522,0.00096,64.6079,3.379224625449903
,,,,,,12238.0,0.67522,0.00115,77.3074,3.726470376542313
,,,,,,12239.0,0.66964,0.00134,90.0763,3.5927757402833222
,,,,,,12240.0,0.66778,0.00149,100.0,3.4914223446705948
,,,,,,12240.0,0.0,0.00149,100.0,3.5805870849570414
,,,,,,12241.0,0.0,0.00149,100.0,3.634262827354402
,,,,,,12242.0,0.0,0.00149,100.0,3.611349085567486
,,,,,,12243.0,0.0,0.00149,100.0,3.486281121813567
,,,,,,12244.0,0.0,0.00149,100.0,3.6574296180349353
,,,,,,12245.0,0.0,0.00149,100.0,3.509080441440047
,,,,,,12246.0,0.0,0.00149,100.0,3.44338448956615
,,,,,,12247.0,0.0,0.00149,100.0,3.5761235793012753
,,,,,,12248.0,0.0,0.00149,100.0,3.4131932809039127
,,,,,,12249.0,0.0,0.00149,100.0,3.6587159617362963
,,,,,,12250.0,0.0,0.00149,100.0,3.5212972522120802
,,,,,,12251.0,0.0,0.00149,100.0,3.739837844629311
,,,,,,12252.0,0.0,0.00149,100.0,3.542000930311559
,,,,,,12253.0,0.0,0.00149,100.0,3.661796544518714
,,,,,,12254.0,0.0,0.00149,100.0,3.7050959568359065
,,,,,,12256.0,0.0,0.00149,100.0,3.466000351262131
,,,,,,12256.0,0.0,0.00149,100.0,3.8878789101445417
,,,,,,12256.0,0.0,0.00149,100.0,3.43636494163105
,,,,,,,,,,
,,,,,,12256.0,-0.6715,0.0,0.0,3.5010006395699684
,,,,,,12257.0,-0.67708,0.00019,0.4706,3.5453145596234403
,,,,,,12258.0,-0.67336,0.00038,0.9349,3.594776441496146
,,,,,,12259.0,-0.6715,0.00057,1.3992,3.486514883437288
,,,,,,12260.0,-0.6715,0.00076,1.8622,3.6442136070236772
,,,,,,12261.0,-0.66964,0.00096,2.3303,3.405685517301186
,,,,,,12262.0,-0.6715,0.00115,2.7946,3.3281886286730185
,,,,,,12263.0,-0.66964,0.00134,3.2576,3.5059432472070893
,,,,,,12264.0,-0.6715,0.00153,3.7207,3.488458138022063
,,,,,,12265.0,-0.67336,0.00172,4.1837,3.4312945205523726
,,,,,,12266.0,-0.67336,0.00191,4.648,3.4619125337004952
,,,,,,12267.0,-0.6715,0.0021,5.1211,3.4821936898225068
,,,,,,12268.0,-0.6715,0.0023,5.5892,3.507985355226028
,,,,,,12270.0,-0.6715,0.00249,6.0522,3.591092824937987
,,,,,,12271.0,-0.6715,0.00267,6.5115,3.495538484762237
,,,,,,12272.0,-0.6715,0.00286,6.9745,3.613084366380442
,,,,,,12273.0,-0.67336,0.00305,7.4388,3.3943255570892843
,,,,,,12274.0,-0.6715,0.00325,7.9207,3.5174440919189536
,,,,,,12275.0,-0.66964,0.00344,8.3787,3.523909883906506
,,,,,,12276.0,-0.6715,0.00363,8.843,3.5166169250594503
,,,,,,12277.0,-0.66964,0.00382,9.3086,3.3890966016626076
,,,,,,12278.0,-0.67336,0.00401,9.7716,3.58940113324525
,,,,,,12279.0,-0.6715,0.0042,10.2359,3.545983862386383
,,,,,,12280.0,-0.67336,0.00439,10.7002,3.4972319669605145
,,,,,,12281.0,-0.6715,0.00458,11.1645,3.489439864147801
,,,,,,12282.0,-0.67336,0.00477,11.6276,3.557024506510569
,,,,,,12283.0,-0.6715,0.00497,12.0931,3.4257043847409023
,,,,,,12284.0,-0.6715,0.00515,12.5499,3.4205693313084358
,,,,,,12285.0,-0.6715,0.00535,13.0192,3.4638093015562603
,,,,,,12286.0,-0.67336,0.00554,13.4822,3.587980981707052
,,,,,,12287.0,-0.6715,0.00573,13.9465,3.78083362325383
,,,,,,12288.0,-0.66964,0.00592,14.4196,3.449626381114548
,,,,,,12289.0,-0.6715,0.00611,14.8827,3.526060484584426
,,,,,,12290.0,-0.6715,0.0063,15.3482,3.680619235996736
,,,,,,12291.0,-0.67894,0.00649,15.8113,3.498849846381023
,,,,,,12291.0,-0.66778,0.00654,15.9295,3.5383649386436984
,,,,,,12291.0,-5.41109,0.00654,15.9295,3.518132927759106
,,,,,,12292.0,-5.40737,0.00797,19.4023,3.236804429373382
,,,,,,12293.0,-5.40551,0.00963,23.4602,3.2962018504847372
,,,,,,12294.0,-5.40365,0.01117,27.1897,3.2518007522624917
,,,,,,12295.0,-5.40365,0.01268,30.8827,3.1544728051335973
,,,,,,12296.0,-5.40737,0.01424,34.6864,3.2800413638461543
,,,,,,12297.0,-5.40365,0.01576,38.3794,3.2112649618463287
,,,,,,12298.0,-5.40737,0.01723,41.9629,3.0526779915632796
,,,,,,12299.0,-5.40737,0.0186,45.291,3.257939940666789
,,,,,,12299.0,-3.37984,0.0186,45.291,3.37918423316873
,,,,,,12300.0,-3.37798,0.01945,47.3696,3.5021724177047298
,,,,,,12301.0,-3.37984,0.02043,49.7465,3.1749327894799735
,,,,,,12302.0,-3.37798,0.02139,52.078,3.3617974499678582
,,,,,,12303.0,-3.37426,0.02234,54.4083,3.2110510241048873
,,,,,,12304.0,-3.37612,0.0233,56.7399,3.440003175576811
,,,,,,12305.0,-3.37984,0.02425,59.0475,3.2114929596785644
,,,,,,12306.0,-3.37798,0.0252,61.3778,3.3033110900101614
,,,,,,12307.0,-3.37798,0.02617,63.732,3.344053269562058
,,,,,,12308.0,-3.37984,0.02712,66.0396,3.4114220577396246
,,,,,,12309.0,-3.37984,0.02809,68.3938,3.3082695650491574
,,,,,,12310.0,-3.37798,0.02909,70.8386,3.360644307425984
,,,,,,12311.0,-3.37798,0.03,73.0557,3.4341892845725135
,,,,,,12313.0,-3.37612,0.03099,75.4778,3.376732370503212
,,,,,,12314.0,-3.37612,0.03193,77.7628,3.309638741096797
,,,,,,12315.0,-3.37612,0.0329,80.117,3.2776783569966987
,,,,,,12316.0,-3.37798,0.03388,82.4939,3.5062488128503504
,,,,,,12317.0,-3.37798,0.03483,84.8242,3.2334407188532235
,,,,,,12318.0,-3.37984,0.03579,87.1557,3.3898501610463123
,,,,,,12319.0,-3.37984,0.0368,89.6244,3.4035437938251594
,,,,,,12320.0,-3.37798,0.03769,91.7735,3.1644255990944448
,,,,,,12321.0,-3.37798,0.03867,94.173,3.2806537111979326
,,,,,,12322.0,-3.37984,0.03963,96.5046,3.4714604730178706
,,,,,,12323.0,-3.37984,0.04059,98.8349,3.376604805817205
,,,,,,12323.0,-3.37798,0.04106,100.0,3.405077337389674
,,,,,,12323.0,-3.37798,0.04106,100.0,3.4693057280207986
,,,,,,,,,,
,,,,,,12323.0,1.34301,0.0,0.0,3.4860458407082517
,,,,,,12324.0,1.34673,0.0004,13.4884,3.4167543916733862
,,,,,,12325.0,1.34859,0.00079,26.4599,3.7275064984585944
,,,,,,12326.0,1.34859,0.00118,39.2076,3.4490314535631517
,,,,,,12327.0,1.34859,0.00156,52.0586,3.631033542105427
,,,,,,12328.0,1.34673,0.00194,64.8062,3.3576434343219046
,,,,,,12329.0,1.34673,0.00233,77.6744,3.5930802946969553
,,,,,,12330.0,1.34487,0.00271,90.267,3.492673610626858
,,,,,,12331.0,1.34859,0.003,100.0,3.4446101189164664
,,,,,,12331.0,1.34859,0.003,100.0,3.653104247608811
,,,,,,,,,,
,,,,,,12331.0,-1.35045,0.0,0.0,3.3735395794427343
,,,,,,12332.0,-1.35045,0.0004,3.3041,3.43959808140984
,,,,,,12333.0,-1.35045,0.00078,6.5137,3.315206125462678
,,,,,,12334.0,-1.35045,0.00116,9.6631,3.36556515153451
,,,,,,12335.0,-1.35045,0.00153,12.688,3.2276264812847817
,,,,,,12336.0,-1.34859,0.00191,15.8675,3.3665165292796226
,,,,,,12337.0,-1.35045,0.00233,19.3907,3.3620356015347226
,,,,,,12338.0,-1.34859,0.00271,22.5445,3.3888505653365684
,,,,,,12339.0,-1.34859,0.00309,25.6939,3.556017054303114
,,,,,,12340.0,-1.35045,0.00347,28.8734,3.2836478574024945
,,,,,,12341.0,-1.34859,0.00386,32.0572,3.587962740961146
,,,,,,12343.0,-1.35045,0.00423,35.2024,3.3902530890760976
,,,,,,12344.0,-1.35045,0.00459,38.1928,3.2664322612033407
,,,,,,12345.0,-1.35045,0.00498,41.4368,3.4257879349505
,,,,,,12346.0,-1.34859,0.00537,44.6163,3.6817116206161935
,,,,,,12347.0,-1.35045,0.00575,47.7958,3.529044637383009
,,,,,,12348.0,-1.34859,0.00613,51.0097,3.3647733776258897
,,,,,,12349.0,-1.35045,0.00655,54.4685,3.4285150560253674
,,,,,,12350.0,-1.35045,0.00695,57.7769,3.4703814094017607
,,,,,,12351.0,-1.34859,0.00732,60.8318,3.4479838800982705
,,,,,,12352.0,-1.35045,0.0077,64.007,3.418062628856092
,,,,,,12353.0,-1.35231,0.00808,67.1909,3.3819413040451356
,,,,,,12354.0,-1.35231,0.00846,70.3704,3.4307521915080006
,,,,,,12355.0,-1.35045,0.00885,73.5542,3.67771591052511
,,,,,,12356.0,-1.34859,0.00924,76.7981,3.50061165637636
,,,,,,12357.0,-1.34673,0.00962,79.9777,3.5314030219771193
,,,,,,12358.0,-1.35231,0.01002,83.2861,3.369745787836004
,,,,,,12359.0,-1.34859,0.0104,86.4957,3.4213724132329717
,,,,,,12360.0,-1.35045,0.01079,89.7095,3.441832627240313
,,,,,,12361.0,-1.35045,0.01117,92.9234,3.4926464825940213
,,,,,,12362.0,-1.35045,0.01156,96.103,3.4731751605282466
,,,,,,12363.0,-1.35045,0.01191,99.0333,3.182328007138666
,,,,,,12363.0,-1.34859,0.01203,100.0,3.459119961215241
,,,,,,12363.0,-1.34859,0.01203,100.0,3.431606917214172
,,,,,,,,,,
,,,,,,12363.0,2.70461,0.0,0.0,3.4570603682338574
,,,,,,12364.0,2.69903,0.00076,12.6684,3.6403195959254453
,,,,,,12365.0,2.70275,0.00154,25.7168,3.5766821525408705
,,,,,,12366.0,2.70275,0.0023,38.5147,3.5664203338369034
,,,,,,12367.0,2.70089,0.00302,50.4318,3.6019340531797406
,,,,,,12368.0,2.70461,0.00384,64.2401,3.742921076755431
,,,,,,12369.0,2.70275,0.00461,77.038,3.639472373427116
,,,,,,12370.0,2.70647,0.00538,89.9655,3.7633765770506136
,,,,,,12371.0,2.70089,0.00598,100.0,3.5524875957234934
,,,,,,12371.0,0.0,0.00598,100.0,3.5637776456417165
,,,,,,12372.0,0.0,0.00598,100.0,3.417016441446484
,,,,,,12373.0,0.0,0.00598,100.0,3.5638000870979303
,,,,,,12374.0,0.0,0.00598,100.0,3.4368316078594128
,,,,,,12375.0,0.0,0.00598,100.0,3.6116917844600382
,,,,,,12376.0,0.0,0.00598,100.0,3.2377071251535363
,,,,,,12377.0,0.0,0.00598,100.0,3.315780607667895
,,,,,,12378.0,0.0,0.00598,100.0,3.5921655405341255
,,,,,,12379.0,0.0,0.00598,100.0,3.4866034442378875
,,,,,,12380.0,0.0,0.00598,100.0,3.380247930810694
,,,,,,12381.0,0.0,0.00598,100.0,3.3721967193394247
,,,,,,12383.0,0.0,0.00598,100.0,3.6949110290076743
,,,,,,12384.0,0.0,0.00598,100.0,3.4961194424859423
,,,,,,12385.0,0.0,0.00598,100.0,3.4322774803588785
,,,,,,12386.0,0.0,0.00598,100.0,3.701935504403914
,,,,,,12387.0,0.0,0.00598,100.0,3.5108291681256487
,,,,,,12388.0,0.0,0.00598,100.0,3.562136693091828
,,,,,,12389.0,0.0,0.00598,100.0,3.4774941435736393
,,,,,,12390.0,0.0,0.00598,100.0,3.3881421842311132
,,,,,,12391.0,0.0,0.00598,100.0,3.754203048878501
,,,,,,12392.0,0.0,0.00598,100.0,3.635863484422086
,,,,,,12393.0,0.0,0.00598,100.0,3.6646484563516815
,,,,,,12394.0,0.0,0.00598,100.0,3.5230502156387122
,,,,,,12395.0,0.0,0.00598,100.0,3.548532991852462
,,,,,,12396.0,0.0,0.00598,100.0,3.574530563346948
,,,,,,12397.0,0.0,0.00598,100.0,3.510111863470518
,,,,,,12398.0,0.0,0.00598,100.0,3.4756819673528274
,,,,,,12399.0,0.0,0.00598,100.0,3.4859513605017756
,,,,,,12400.0,0.0,0.00598,100.0,3.6102911615073414
,,,,,,12401.0,0.0,0.00598,100.0,3.5882464169399535
,,,,,,12402.0,0.0,0.00598,100.0,3.662941110162674
,,,,,,12403.0,0.0,0.00598,100.0,3.397403966820002
,,,,,,12404.0,0.0,0.00598,100.0,3.3842098124262505
,,,,,,12405.0,0.0,0.00598,100.0,3.4638843012990006
,,,,,,12406.0,0.0,0.00598,100.0,3.4949452326125954
,,,,,,12407.0,0.0,0.00598,100.0,3.5666205324312115
,,,,,,12408.0,0.0,0.00598,100.0,3.700453684573759
,,,,,,12409.0,0.0,0.00598,100.0,3.646547428415319
,,,,,,12410.0,0.0,0.00598,100.0,3.5793275184262305
,,,,,,12411.0,0.0,0.00598,100.0,3.475285501190815
,,,,,,12412.0,0.0,0.00598,100.0,3.3545842716513725
,,,,,,12413.0,0.0,0.00598,100.0,3.5315240644529826
,,,,,,12414.0,0.0,0.00598,100.0,3.579296325969772
,,,,,,12415.0,0.0,0.00598,100.0,3.584624645438968
,,,,,,12416.0,0.0,0.00598,100.0,3.453135887230072
,,,,,,12417.0,0.0,0.00598,100.0,3.399332284590963
,,,,,,12418.0,0.0,0.00598,100.0,3.5595521070281406
,,,,,,12419.0,0.0,0.00598,100.0,3.6029714950063036
,,,,,,12420.0,0.0,0.00598,100.0,3.6893844791808017
,,,,,,12421.0,0.0,0.00598,100.0,3.496652703981979
,,,,,,12423.0,0.0,0.00598,100.0,3.7498829889902354
,,,,,,12424.0,0.0,0.00598,100.0,3.5134892572569387
,,,,,,12425.0,0.0,0.00598,100.0,3.49706302326204
,,,,,,12426.0,0.0,0.00598,100.0,3.4321587323637006
,,,,,,12426.0,0.0,0.00598,100.0,3.456211715421026
,,,,,,12426.0,0.0,0.00598,100.0,3.4549539603868036
,,,,,,,,,,
,,,,,,12426.0,-0.66964,0.0,0.0,3.592858038148715
,,,,,,12428.0,-0.66778,0.00023,2.4075,3.5294216988207494
,,,,,,12429.0,-0.67894,0.00043,4.3642,3.4234053727532316
,,,,,,12430.0,-0.67336,0.00062,6.3156,3.7310173649414913
,,,,,,12431.0,-0.67336,0.0008,8.2511,3.4014906874855653
,,,,,,12432.0,-0.67522,0.001,10.2238,3.6983818971235167
,,,,,,12433.0,-0.67336,0.00118,12.1593,3.345223052681115
,,,,,,12434.0,-0.67336,0.00138,14.1372,3.578601300753132
,,,,,,12435.0,-0.66778,0.00157,16.094,3.394161709969682
,,,,,,12436.0,-0.67336,0.00176,18.109,3.48880125841212
,,,,,,12437.0,-0.6715,0.00195,20.0445,3.5421416140497275
,,,,,,12438.0,-0.67522,0.00214,21.9854,3.510030086916582
,,,,,,12439.0,-0.67708,0.00233,23.9421,3.4484970111196525
,,,,,,12440.0,-0.6715,0.00252,25.8935,3.4960224091891603
,,,,,,12441.0,-0.6715,0.00271,27.8556,3.6077841075145196
,,,,,,12442.0,-0.67708,0.00294,30.157,3.536431017197496
,,,,,,12443.0,-0.6715,0.00313,32.0925,3.5869464323131317
,,,,,,12444.0,-0.67708,0.00332,34.0704,3.537671115364887
,,,,,,12445.0,-0.67522,0.00351,36.0271,3.3836560578709105
,,,,,,12446.0,-0.6715,0.0037,37.9255,3.2538503369485827
,,,,,,12447.0,-0.67708,0.00388,39.8611,3.405039017174259
,,,,,,12448.0,-0.6715,0.00407,41.8178,3.444204255839538
,,,,,,12449.0,-0.67522,0.00426,43.7533,3.5578792792204044
,,,,,,12450.0,-0.6715,0.00444,45.6146,3.4791090239551665
,,,,,,12451.0,-0.6715,0.00465,47.7251,3.5197210986350247
,,,,,,12452.0,-0.67522,0.00484,49.719,3.5907014447344596
,,,,,,12453.0,-0.66778,0.00504,51.6757,3.490460792877401
,,,,,,12454.0,-0.6715,0.00522,53.5317,3.618406299493395
,,,,,,12454.0,-0.66964,0.00525,53.8923,3.4738280980095126
,,,,,,12454.0,-1.35417,0.00525,53.8923,3.4582539949736346
,,,,,,12456.0,-1.34859,0.00562,57.6678,3.4604672544102244
,,,,,,12457.0,-1.35231,0.006,61.5919,3.512957223212041
,,,,,,12458.0,-1.35231,0.00638,65.5213,3.4767314848417907
,,,,,,12459.0,-1.34859,0.00677,69.4453,3.3813511480404834
,,,,,,12460.0,-1.35231,0.00715,73.3694,3.37248535972317
,,,,,,12461.0,-1.34859,0.00754,77.3359,3.4096808681875745
,,,,,,12462.0,-1.35231,0.00794,81.5304,3.4432094333723247
,,,,,,12463.0,-1.35045,0.00832,85.4173,3.4913853043984013
,,,,,,12464.0,-1.35045,0.00869,89.1558,3.4522484140705467
,,,,,,12465.0,-1.35045,0.00908,93.1541,3.4784019281086667
,,,,,,12466.0,-1.34859,0.00946,97.0357,3.530394839284559
,,,,,,12467.0,-1.34859,0.00974,100.0,3.5167906013952472
,,,,,,12467.0,-1.34859,0.00974,100.0,3.2963626847629053
,,,,,,,,,,
,,,,,,12467.0,0.65476,0.0,0.0,3.5069416070793022
,,,,,,12468.0,0.6715,0.0002,13.6348,3.4765929979615446
,,,,,,12469.0,0.66778,0.00039,26.2686,3.517957013794996
,,,,,,12470.0,0.6715,0.00058,39.0059,3.4826128059205455
,,,,,,12471.0,0.66964,0.00077,51.7432,3.5500873022256285
,,,,,,12472.0,0.67522,0.00096,64.446,3.7187708108285773
,,,,,,12473.0,0.67894,0.00115,76.9417,3.6794856240356912
,,,,,,12474.0,0.67336,0.00133,88.885,3.4422155769999674
,,,,,,12475.0,0.67336,0.0015,100.0,3.5556817446084032
,,,,,,12475.0,0.0,0.0015,100.0,3.6456789862358128
,,,,,,12476.0,0.0,0.0015,100.0,3.446610669923879
,,,,,,12477.0,0.0,0.0015,100.0,3.4082244201714285
,,,,,,12478.0,0.0,0.0015,100.0,3.716472780952712
,,,,,,12479.0,0.0,0.0015,100.0,3.462247556197464
,,,,,,12480.0,0.0,0.0015,100.0,3.720697936561988
,,,,,,12481.0,0.0,0.0015,100.0,3.3782953231282
,,,,,,12482.0,0.0,0.0015,100.0,3.514536603230229
,,,,,,12483.0,0.0,0.0015,100.0,3.511472580417766
,,,,,,12484.0,0.0,0.0015,100.0,3.3848632362395557
,,,,,,12485.0,0.0,0.0015,100.0,3.3876894209128063
,,,,,,12486.0,0.0,0.0015,100.0,3.4476076387338885
,,,,,,12487.0,0.0,0.0015,100.0,3.5305300224015768
,,,,,,12488.0,0.0,0.0015,100.0,3.527199251782967
,,,,,,12489.0,0.0,0.0015,100.0,3.56430031076662
,,,,,,12490.0,0.0,0.0015,100.0,3.559453226124167
,,,,,,12491.0,0.0,0.0015,100.0,3.7113226461078312
,,,,,,12491.0,0.0,0.0015,100.0,3.487473526580132
,,,,,,,,,,
,,,,,,12491.0,-0.66592,0.0,0.0,3.4777282183908516
,,,,,,12492.0,-0.6715,0.00019,0.9145,3.4790111073785375
,,,,,,12493.0,-0.67336,0.00038,1.8264,3.4390074148762726
,,,,,,12494.0,-0.66964,0.00057,2.7359,3.464438955745953
,,,,,,12495.0,-0.67336,0.00075,3.6105,3.4635062719688134
,,,,,,12496.0,-0.6715,0.00096,4.6122,3.515067378644309
,,,,,,12497.0,-0.67336,0.00114,5.4942,3.607958278890983
,,,,,,12498.0,-0.66964,0.00134,6.4486,3.544453466754745
,,,,,,12499.0,-0.66406,0.00153,7.3655,3.5860841612435905
,,,,,,12500.0,-0.66964,0.00172,8.2825,3.4242247287245897
,,,,,,12501.0,-0.66964,0.00191,9.2044,3.3727979758783935
,,,,,,12502.0,-0.6715,0.0021,10.1313,3.438490510700645
,,,,,,12503.0,-0.66964,0.00229,11.0483,3.59804266134624
,,,,,,12504.0,-0.67522,0.00248,11.9677,3.4897251931495665
,,,,,,12505.0,-0.6715,0.00267,12.8847,3.4341113711515177
,,,,,,12506.0,-0.67336,0.00286,13.8116,3.559120786269
,,,,,,12507.0,-0.67336,0.00306,14.751,3.4226435970217217
,,,,,,12508.0,-0.67708,0.00325,15.6729,3.6282809023104945
,,,,,,12509.0,-0.6715,0.00344,16.5923,3.456793433902596
,,,,,,12510.0,-0.66964,0.00363,17.5093,3.5120835508986414
,,,,,,12511.0,-0.66964,0.00382,18.4262,3.4960990935053804
,,,,,,12512.0,-0.67336,0.00401,19.3357,3.2834852268056585
,,,,,,12513.0,-0.67336,0.0042,20.2527,3.46430608806635
,,,,,,12514.0,-0.6715,0.00439,21.1696,3.581727964707662
,,,,,,12515.0,-0.6715,0.00458,22.0891,3.396732161503594
,,,,,,12516.0,-0.67522,0.00477,23.006,3.3461525593971455
,,,,,,12517.0,-0.67708,0.00496,23.9155,3.5524330438803022
,,,,,,12518.0,-0.66964,0.00515,24.8349,3.3790628411451076
,,,,,,12519.0,-0.67336,0.00534,25.7618,3.281695563059673
,,,,,,12520.0,-0.6715,0.00553,26.6913,3.352755859320313
,,,,,,12521.0,-0.67522,0.00573,27.6182,3.538369033180744
,,,,,,12522.0,-0.67336,0.00592,28.5401,3.4729690353258538
,,,,,,12523.0,-0.66964,0.00611,29.4571,3.3536050529846286
,,,,,,12524.0,-0.67522,0.0063,30.3765,3.5387769961746893
,,,,,,12525.0,-0.67708,0.00649,31.2984,3.316085832206642
,,,,,,12526.0,-0.67336,0.00668,32.2154,3.571916969752552
,,,,,,12527.0,-0.67336,0.00687,33.1274,3.502396625171023
,,,,,,12528.0,-0.6715,0.00706,34.0443,3.4261397447774717
,,,,,,12529.0,-0.67336,0.00725,34.9538,3.4943484500916253
,,,,,,12530.0,-0.6715,0.00744,35.8832,3.524434069454557
,,,,,,12531.0,-0.67336,0.00764,36.8201,3.533752220481914
,,,,,,12533.0,-0.67336,0.00784,37.7844,3.435866694042028
,,,,,,12534.0,-0.67522,0.00802,38.6739,3.5382558720796062
,,,,,,12535.0,-0.67336,0.00823,39.6656,3.523111455419138
,,,,,,12536.0,-0.67336,0.00842,40.5851,3.465523692114361
,,,,,,12537.0,-0.67522,0.00861,41.5045,3.3942108633709775
,,,,,,12538.0,-0.67336,0.0088,42.4239,3.482396121375871
,,,,,,12539.0,-0.67336,0.00899,43.3434,3.4902973141870595
,,,,,,12540.0,-0.67522,0.00918,44.2728,3.4737308279741845
,,,,,,12541.0,-0.66778,0.00936,45.1474,3.570750440030304
,,,,,,12542.0,-0.6715,0.00955,46.0569,3.6140774455636935
,,,,,,12543.0,-0.67708,0.00974,46.9788,3.547789788215794
,,,,,,12544.0,-0.6715,0.00993,47.8883,3.5158985388498487
,,,,,,12545.0,-0.6715,0.01012,48.8052,3.4300725985859555
,,,,,,12546.0,-0.66964,0.01031,49.7321,3.5434817956497366
,,,,,,12547.0,-0.6715,0.01051,50.6615,3.514427409412613
,,,,,,12548.0,-0.66964,0.0107,51.581,3.4702723963802073
,,,,,,12549.0,-0.67336,0.01089,52.5004,3.5935911418044375
,,,,,,12550.0,-0.67522,0.01108,53.4199,3.346340085146867
,,,,,,12551.0,-0.66964,0.01128,54.4191,3.4369069270640527
,,,,,,12552.0,-0.6715,0.01147,55.3111,3.4919760820015093
,,,,,,12553.0,-0.67336,0.01166,56.228,3.7751302243139833
,,,,,,12554.0,-0.6715,0.01186,57.1898,3.6297713114952725
,,,,,,12555.0,-0.67522,0.01205,58.0993,3.5187639538105873
,,,,,,12556.0,-0.66964,0.01224,59.0462,3.5103134505916604
,,,,,,12557.0,-0.6715,0.01243,59.9631,3.5679956840857594
,,,,,,12558.0,-0.67336,0.01263,60.8826,3.40942878864357
,,,,,,12559.0,-0.67336,0.01282,61.802,3.5814959429481523
,,,,,,12560.0,-0.66778,0.01301,62.719,3.541207957325657
,,,,,,12561.0,-0.67522,0.01319,63.6284,3.3275037627632216
,,,,,,12562.0,-0.6715,0.01339,64.5578,3.365160322774986
,,,,,,12563.0,-0.67336,0.01358,65.4748,3.549060000878036
,,,,,,12564.0,-0.67336,0.01377,66.3868,3.5585178103020914
,,,,,,12565.0,-0.67336,0.01395,67.2863,3.316969008276762
,,,,,,12566.0,-0.66964,0.01414,68.2057,3.377166216480373
,,,,,,12567.0,-0.6715,0.01433,69.1152,3.4111581988300794
,,,,,,12568.0,-0.67522,0.01452,70.0421,3.621311863408955
,,,,,,12569.0,-0.67522,0.01471,70.9516,3.467402399333561
,,,,,,12570.0,-0.67336,0.0149,71.8536,3.4654796012264395
,,,,,,12571.0,-0.6715,0.01509,72.7631,3.3147942352371014
,,,,,,12572.0,-0.66964,0.01528,73.6626,3.3824291581444004
,,,,,,12573.0,-0.66964,0.01547,74.6069,3.4854889546973395
,,,,,,12574.0,-0.67336,0.01566,75.499,3.4968755991994884
,,,,,,12575.0,-0.6715,0.01585,76.4458,3.419238590002004
,,,,,,12577.0,-0.6715,0.01604,77.3628,3.4500511487737437
,,,,,,12578.0,-0.6715,0.01623,78.2797,3.581009198929409
,,,,,,12578.0,-0.6715,0.01626,78.3968,3.6366084963201475
,,,,,,12578.0,-1.34115,0.01626,78.3968,3.4672716158539028
,,,,,,12579.0,-1.34859,0.01667,80.3827,3.3974734254445234
,,,,,,12580.0,-1.34859,0.01705,82.2266,3.4459265944880983
,,,,,,12581.0,-1.35045,0.01743,84.0705,3.3917149595328038
,,,,,,12582.0,-1.35045,0.01782,85.9343,3.291458592321337
,,,,,,12583.0,-1.35045,0.01822,87.8529,3.5248842664088094
,,,,,,12584.0,-1.35231,0.0186,89.6968,3.5759701809376017
,,,,,,12585.0,-1.34673,0.01898,91.5406,3.3166056759341953
,,,,,,12586.0,-1.35045,0.01936,93.3845,3.530318893279238
,,,,,,12587.0,-1.34859,0.01977,95.3355,3.5240308579172193
,,,,,,12588.0,-1.35231,0.02016,97.2168,3.507604711566864
,,,,,,12589.0,-1.35045,0.02055,99.0781,3.343607750938149
,,,,,,12590.0,-1.34859,0.02074,100.0,3.3031802307723552
,,,,,,12590.0,-1.34859,0.02074,100.0,3.3555351345352653
,,,,,,,,,,
,,,,,,12590.0,0.67522,0.0,0.0,3.4781999641400088
,,,,,,12591.0,0.67336,0.0002,13.4877,3.5748587509467593
,,,,,,12592.0,0.67894,0.0004,26.5668,3.3408216505568293
,,,,,,12593.0,0.6715,0.00059,39.0668,3.595995452921536
,,,,,,12594.0,0.67336,0.00078,51.703,3.4940655916873578
,,,,,,12595.0,0.67336,0.00098,64.4074,3.491267784069643
,,,,,,12596.0,0.6715,0.00116,76.3624,3.6040418406837467
,,,,,,12597.0,0.67336,0.00135,88.9305,3.566620645126453
,,,,,,12598.0,0.67336,0.00152,100.0,3.4707590752511437
,,,,,,12598.0,0.0,0.00152,100.0,3.5139406839796834
,,,,,,12599.0,0.0,0.00152,100.0,3.6253101508947467
,,,,,,12600.0,0.0,0.00152,100.0,3.7293118719903773
,,,,,,12601.0,0.0,0.00152,100.0,3.3933513378982436
,,,,,,12602.0,0.0,0.00152,100.0,3.354128181612152
,,,,,,12603.0,0.0,0.00152,100.0,3.3788416477015937
,,,,,,12604.0,0.0,0.00152,100.0,3.4254346819335018
,,,,,,12605.0,0.0,0.00152,100.0,3.5394300644840406
,,,,,,12606.0,0.0,0.00152,100.0,3.565605688001093
,,,,,,12607.0,0.0,0.00152,100.0,3.3577788234183483
,,,,,,12608.0,0.0,0.00152,100.0,3.5218739284495646
,,,,,,12609.0,0.0,0.00152,100.0,3.8658898319532295
,,,,,,12610.0,0.0,0.00152,100.0,3.5394539440925588
,,,,,,12611.0,0.0,0.00152,100.0,3.5774512513659777
,,,,,,12612.0,0.0,0.00152,100.0,3.620108180332206
,,,,,,12613.0,0.0,0.00152,100.0,3.5004527283547047
,,,,,,12614.0,0.0,0.00152,100.0,3.56953583540758
,,,,,,12614.0,0.0,0.00152,100.0,3.5938990658878347
,,,,,,,,,,
,,,,,,12614.0,-0.66592,0.0,0.0,3.323585012013645
,,,,,,12615.0,-0.66406,0.00019,0.4673,3.6113214481036
,,,,,,12616.0,-0.67336,0.00037,0.9033,3.623258326144263
,,,,,,12617.0,-0.67336,0.00056,1.3719,3.3913780266376015
,,,,,,12618.0,-0.67336,0.00075,1.8355,3.454318647715424
,,,,,,12619.0,-0.6715,0.00094,2.294,3.498375259999211
,,,,,,12620.0,-0.6715,0.00113,2.7576,3.5003970254932635
,,,,,,12621.0,-0.6715,0.00133,3.2224,3.6200328911970314
,,,,,,12622.0,-0.66778,0.00152,3.6847,3.459128003753217
,,,,,,12623.0,-0.66964,0.00171,4.147,3.2967665036273317
,,,,,,12624.0,-0.66964,0.00189,4.6043,3.4641564305079853
,,,,,,12625.0,-0.6715,0.00208,5.0666,3.5653015620468445
,,,,,,12626.0,-0.67708,0.00227,5.5302,3.6985578241078874
,,,,,,12627.0,-0.67336,0.00247,5.9976,3.3017519472151777
,,,,,,12628.0,-0.67522,0.00266,6.4662,3.4237752456861834
,,,,,,12629.0,-0.6715,0.00285,6.9385,3.513517314292026
,,,,,,12630.0,-0.67336,0.00306,7.4461,3.5742498505759794
,,,,,,12631.0,-0.6715,0.00326,7.9147,3.419960114302003
,,,,,,12632.0,-0.67336,0.00345,8.3795,3.3754606704069037
,,,,,,12633.0,-0.66964,0.00363,8.8381,3.4262373850691197
,,,,,,12634.0,-0.6715,0.00382,9.2966,3.435964655966276
,,,,,,12635.0,-0.66964,0.00401,9.7589,3.463784794300226
,,,,,,12636.0,-0.67336,0.0042,10.2187,3.4849341087390155
,,,,,,12637.0,-0.67522,0.00439,10.6823,3.5586903670279315
,,,,,,12638.0,-0.6715,0.00458,11.1446,3.4587196931098125
,,,,,,12639.0,-0.6715,0.00478,11.6132,3.4314036962991734
,,,,,,12640.0,-0.6715,0.00497,12.0768,3.6017459734498605
,,,,,,12641.0,-0.66778,0.00516,12.5391,3.485400187078802
,,,,,,12642.0,-0.6715,0.00535,13.0014,3.3846828906147834
,,,,,,12643.0,-0.66964,0.00554,13.4688,3.5737289399603664
,,,,,,12644.0,-0.67522,0.00573,13.9311,3.315373478257998
,,,,,,12645.0,-0.67336,0.00592,14.4034,3.5731588186930012
,,,,,,12646.0,-0.6715,0.0061,14.8356,3.652937913787223
,,,,,,12647.0,-0.66964,0.00629,15.2992,3.486049892350166
,,,,,,12648.0,-0.67336,0.00648,15.7665,3.4741332443490593
,,,,,,12649.0,-0.66964,0.00653,15.8809,3.569308190686925
,,,,,,12649.0,-5.40737,0.00653,15.8809,3.1821905045286445
,,,,,,12650.0,-5.40737,0.00814,19.7879,3.316131450493837
,,,,,,12651.0,-5.40737,0.00967,23.5116,3.3126059450337118
,,,,,,12652.0,-5.40551,0.0112,27.2365,3.331981056017369
,,,,,,12653.0,-5.40365,0.01272,30.9238,3.211690273265124
,,,,,,12654.0,-5.40551,0.01428,34.7203,3.1874519774984846
,,,,,,12655.0,-5.40737,0.01575,38.2995,3.3476107420878676
,,,,,,12656.0,-5.40737,0.0173,42.0608,3.180090983541747
,,,,,,12657.0,-5.40365,0.01856,45.1262,3.336358412331309
,,,,,,12657.0,-3.3817,0.01856,45.1262,3.1916091710259837
,,,,,,12658.0,-3.37798,0.01956,47.5458,3.0221555287047273
,,,,,,12659.0,-3.37798,0.02051,49.8725,3.310350038206187
,,,,,,12660.0,-3.37798,0.02147,52.2004,3.3254605906036225
,,,,,,12661.0,-3.37798,0.02243,54.5283,3.409817975957598
,,,,,,12662.0,-3.37798,0.02338,56.855,3.1340747837472143
,,,,,,12663.0,-3.37612,0.02435,59.2055,3.420439328103701
,,,,,,12664.0,-3.37798,0.02531,61.5322,3.3197356097925588
,,,,,,12665.0,-3.37798,0.02626,63.8601,3.45240962361962
,,,,,,12666.0,-3.37612,0.02722,66.188,3.3657963374161293
,,,,,,12667.0,-3.37426,0.0282,68.5599,3.2236398610801116
,,,,,,12668.0,-3.37798,0.0291,70.7496,3.2866456299043474
,,,,,,12669.0,-3.37798,0.03011,73.2145,3.1681953592525844
,,,,,,12670.0,-3.37798,0.03099,75.359,3.423396995045815
,,,,,,12671.0,-3.37798,0.03194,77.6643,3.3363765614695606
,,,,,,12672.0,-3.37612,0.03291,80.0136,3.476307493419021
,,,,,,12673.0,-3.37984,0.03386,82.3176,3.0909305398224176
,,,,,,12674.0,-3.37984,0.03481,84.6455,3.260417087924005
,,,,,,12675.0,-3.37612,0.03579,87.0174,3.436605070459667
,,,,,,12676.0,-3.37612,0.03678,89.4144,3.3637904728388697
,,,,,,12677.0,-3.37798,0.03782,91.9459,3.4387220201741506
,,,,,,12678.0,-3.37984,0.03876,94.2286,3.311274015760399
,,,,,,12679.0,-3.37798,0.03971,96.5552,3.310907798690533
,,,,,,12680.0,-3.37612,0.04065,98.8367,3.21351414439246
,,,,,,12681.0,-3.37798,0.04113,100.0,3.441871089957586
,,,,,,12681.0,-3.37798,0.04113,100.0,3.376951678715241
,,,,,,,,,,
,,,,,,12681.0,1.35045,0.0,0.0,3.5269093606853175
,,,,,,12682.0,1.34859,0.00042,13.7637,3.6066384763572277
,,,,,,12683.0,1.35045,0.0008,26.4003,3.5683491333858455
,,,,,,12684.0,1.34859,0.00118,38.9174,3.6295142475255844
,,,,,,12685.0,1.35045,0.00156,51.554,3.5584268309463893
,,,,,,12686.0,1.35045,0.00195,64.4467,3.40135614134696
,,,,,,12687.0,1.34859,0.00231,76.332,3.5657080183048566
,,,,,,12688.0,1.35045,0.00269,88.9686,3.521915937314264
,,,,,,12689.0,1.35231,0.00303,100.0,3.4222144959273346
,,,,,,12689.0,1.35231,0.00303,100.0,3.549641524181276
,,,,,,,,,,
,,,,,,12689.0,-1.35045,0.0,0.0,3.547392218972569
,,,,,,12690.0,-1.35045,0.00037,3.1196,3.395745685175174
,,,,,,12691.0,-1.34673,0.00076,6.3038,3.5109186273506428
,,,,,,12692.0,-1.35231,0.00114,9.488,3.2960546319923525
,,,,,,12693.0,-1.34859,0.00148,12.358,3.526642635178309
,,,,,,12694.0,-1.34859,0.00191,15.9165,3.364967208942602
,,,,,,12695.0,-1.34859,0.00229,19.0404,3.420539418957029
,,,,,,12696.0,-1.35045,0.00266,22.1601,3.5617905870454507
,,,,,,12697.0,-1.35045,0.00305,25.3744,3.40474856552144
,,,,,,12698.0,-1.35045,0.00343,28.5585,3.4205724808558413
,,,,,,12699.0,-1.34859,0.00381,31.7126,3.2618155618218125
,,,,,,12700.0,-1.34673,0.00419,34.8666,3.41739879222933
,,,,,,12701.0,-1.35231,0.00457,38.0508,3.434034695249636
,,,,,,12702.0,-1.34673,0.00497,41.364,3.4897859882809104
,,,,,,12703.0,-1.35231,0.00536,44.6084,3.547104591763173
,,,,,,12704.0,-1.35045,0.00574,47.7926,3.3263981270113803
,,,,,,12705.0,-1.35045,0.00612,50.9811,3.2762922481408454
,,,,,,12706.0,-1.35045,0.0065,54.1609,3.4210287142047315
,,,,,,12707.0,-1.35045,0.00687,57.1902,3.476169755658256
,,,,,,12708.0,-1.35231,0.00726,60.469,3.412689904839829
,,,,,,12709.0,-1.35231,0.00764,63.6532,3.399857453779667
,,,,,,12710.0,-1.34859,0.00803,66.8373,3.4097820359403728
,,,,,,12711.0,-1.35045,0.00841,70.0215,3.353059596603519
,,,,,,12712.0,-1.35045,0.00879,73.2401,3.391666540655632
,,,,,,12713.0,-1.34859,0.00917,76.3898,3.459360994640023
,,,,,,12714.0,-1.35045,0.00959,79.8279,3.4989022495174997
,,,,,,12715.0,-1.34859,0.00996,82.9518,3.367736587916379
,,,,,,12716.0,-1.35045,0.01033,86.0413,3.2603304785341685
,,,,,,12717.0,-1.34859,0.01075,89.5052,3.4780142272997123
,,,,,,12718.0,-1.35231,0.0111,92.4441,3.440335306835105
,,,,,,12719.0,-1.35231,0.01148,95.6282,3.5408245732953545
,,,,,,12720.0,-1.35417,0.01187,98.8124,3.474762374086434
,,,,,,12721.0,-1.35045,0.01201,100.0,3.2771881171561072
,,,,,,12721.0,-1.35045,0.01201,100.0,3.29887087441192
,,,,,,,,,,
,,,,,,12721.0,2.70833,0.0,0.0,3.527130800040026
,,,,,,12722.0,2.70089,0.0008,13.327,3.466356466328729
,,,,,,12723.0,2.70461,0.00154,25.5314,3.577268018587539
,,,,,,12724.0,2.70089,0.0023,38.2328,3.6615943362602903
,,,,,,12725.0,2.70461,0.00306,50.8056,3.6532220027644264
,,,,,,12726.0,2.70089,0.0039,64.6298,3.805371572780227
,,,,,,12727.0,2.70275,0.00466,77.3312,3.2744050996206324
,,,,,,12728.0,2.70647,0.00541,89.784,3.5507819141656545
,,,,,,12729.0,2.70275,0.00603,100.0,3.5774393995258813
,,,,,,12729.0,0.0,0.00603,100.0,3.4172184033847226
,,,,,,12730.0,0.0,0.00603,100.0,3.3972949124683582
,,,,,,12731.0,0.0,0.00603,100.0,3.5751876693142552
,,,,,,12732.0,0.0,0.00603,100.0,3.5698678423109307
,,,,,,12733.0,0.0,0.00603,100.0,3.6585068290026435
,,,,,,12734.0,0.0,0.00603,100.0,3.4218902537575637
,,,,,,12735.0,0.0,0.00603,100.0,3.5024553659779176
,,,,,,12736.0,0.0,0.00603,100.0,3.5184066116306196
,,,,,,12737.0,0.0,0.00603,100.0,3.2954298761317595
,,,,,,12738.0,0.0,0.00603,100.0,3.5677513775942296
,,,,,,12739.0,0.0,0.00603,100.0,3.586762585473799
,,,,,,12740.0,0.0,0.00603,100.0,3.3910178282297494
,,,,,,12741.0,0.0,0.00603,100.0,3.357276397945452
,,,,,,12742.0,0.0,0.00603,100.0,3.6069656016949563
,,,,,,12743.0,0.0,0.00603,100.0,3.4383360743243734
,,,,,,12744.0,0.0,0.00603,100.0,3.3885295997754015
,,,,,,12745.0,0.0,0.00603,100.0,3.5967140406796045
,,,,,,12746.0,0.0,0.00603,100.0,3.5260031768172997
,,,,,,12747.0,0.0,0.00603,100.0,3.532800717956486
,,,,,,12748.0,0.0,0.00603,100.0,3.4548845610047967
,,,,,,12749.0,0.0,0.00603,100.0,3.2461496808644767
,,,,,,12750.0,0.0,0.00603,100.0,3.5875881120883806
,,,,,,12751.0,0.0,0.00603,100.0,3.5281516150709074
,,,,,,12752.0,0.0,0.00603,100.0,3.5901763778896205
,,,,,,12753.0,0.0,0.00603,100.0,3.620373278297566
,,,,,,12754.0,0.0,0.00603,100.0,3.5836829046834366
,,,,,,12755.0,0.0,0.00603,100.0,3.390349884768519
,,,,,,12757.0,0.0,0.00603,100.0,3.459025529012439
,,,,,,12758.0,0.0,0.00603,100.0,3.471325821341058
,,,,,,12759.0,0.0,0.00603,100.0,3.461206881247993
,,,,,,12760.0,0.0,0.00603,100.0,3.3065235873628804
,,,,,,12761.0,0.0,0.00603,100.0,3.523726359029781
,,,,,,12762.0,0.0,0.00603,100.0,3.412429052912555
,,,,,,12763.0,0.0,0.00603,100.0,3.500478505193795
,,,,,,12764.0,0.0,0.00603,100.0,3.348276475846244
,,,,,,12765.0,0.0,0.00603,100.0,3.5357370541950845
,,,,,,12766.0,0.0,0.00603,100.0,3.4370328536318344
,,,,,,12767.0,0.0,0.00603,100.0,3.5891108652760093
,,,,,,12768.0,0.0,0.00603,100.0,3.544601594297975
,,,,,,12768.0,0.0,0.00603,100.0,3.6253969022685655
,,,,,,12768.0,0.0,0.00603,100.0,3.3800271696163193
,,,,,,12769.0,0.0,0.00603,100.0,3.5260882556016258
,,,,,,12770.0,0.0,0.00603,100.0,3.33185625268549
,,,,,,12771.0,0.0,0.00603,100.0,3.494539849202613
,,,,,,12772.0,0.0,0.00603,100.0,3.612129772559464
,,,,,,12773.0,0.0,0.00603,100.0,3.5115713519123424
,,,,,,12774.0,0.0,0.00603,100.0,3.5586493875479666
,,,,,,12775.0,0.0,0.00603,100.0,3.566336597625451
,,,,,,12776.0,0.0,0.00603,100.0,3.4244454564013407
,,,,,,12777.0,0.0,0.00603,100.0,3.483532855576734
,,,,,,12778.0,0.0,0.00603,100.0,3.511257340060235
,,,,,,12779.0,0.0,0.00603,100.0,3.557271685650251
,,,,,,12780.0,0.0,0.00603,100.0,3.3078476935274597
,,,,,,12781.0,0.0,0.00603,100.0,3.496852035425977
,,,,,,12782.0,0.0,0.00603,100.0,3.4004145451341117
,,,,,,12783.0,0.0,0.00603,100.0,3.4825629495633392
,,,,,,12784.0,0.0,0.00603,100.0,3.465193973028275
,,,,,,12785.0,0.0,0.00603,100.0,3.3611333888452495
,,,,,,12785.0,0.0,0.00603,100.0,3.5424544116271046
,,,,,,,,,,
,,,,,,12785.0,-0.6622,0.0,0.0,3.2722247670447584
,,,,,,12786.0,-0.63802,0.0002,2.0382,3.4255010347622
,,,,,,12787.0,-0.6715,0.00039,4.0499,3.4693104208690424
,,,,,,12788.0,-0.66964,0.00058,6.0032,3.526418402950474
,,,,,,12789.0,-0.67336,0.00078,7.9618,3.533139259253455
,,,,,,12790.0,-0.67336,0.00097,9.9204,3.5191092599266782
,,,,,,12791.0,-0.66778,0.00115,11.8524,3.4399273478142876
,,,,,,12792.0,-0.6715,0.00134,13.811,3.427418721594781
,,,,,,12793.0,-0.6715,0.00154,15.7696,3.6541049641815673
,,,,,,12794.0,-0.67336,0.00173,17.7442,3.6057961339959816
,,,,,,12795.0,-0.66778,0.00192,19.7187,3.3640949894222434
,,,,,,12796.0,-0.6715,0.00212,21.7357,3.5137103572857438
,,,,,,12797.0,-0.66964,0.00231,23.689,3.4605861823206046
,,,,,,12798.0,-0.67336,0.0025,25.6423,3.5002147516044513
,,,,,,12799.0,-0.66964,0.00269,27.6062,3.3736478864085773
,,,,,,12800.0,-0.66964,0.00287,29.4639,3.5431787591183794
,,,,,,12801.0,-0.67336,0.00307,31.5127,3.4036331731909257
,,,,,,12802.0,-0.67336,0.00326,33.4554,3.3560163627748145
,,,,,,12803.0,-0.6715,0.00345,35.4087,3.4986033719047014
,,,,,,12804.0,-0.67336,0.00364,37.3673,3.612376615034134
,,,,,,12805.0,-0.6715,0.00381,39.156,3.3813668253594527
,,,,,,12806.0,-0.6715,0.00402,41.3057,3.537833064030898
,,,,,,12807.0,-0.67336,0.00421,43.2643,3.496719434413957
,,,,,,12808.0,-0.6715,0.00439,45.1433,3.5892126592704683
,,,,,,12809.0,-0.6715,0.00459,47.1762,3.4418112338868307
,,,,,,12810.0,-0.67336,0.00478,49.1295,3.4543998908433724
,,,,,,12811.0,-0.6715,0.00498,51.1093,3.3618647958156647
,,,,,,12813.0,-0.6715,0.00517,53.0679,3.351883825340853
,,,,,,12813.0,-0.66778,0.00523,53.6996,3.271591486603767
,,,,,,12813.0,-1.35045,0.00523,53.6996,3.3606669318008238
,,,,,,12814.0,-1.34859,0.00562,57.7813,3.4164106972657797
,,,,,,12815.0,-1.35045,0.006,61.672,3.582721348813882
,,,,,,12816.0,-1.34859,0.00639,65.6422,3.4776041161004745
,,,,,,12817.0,-1.35045,0.00678,69.6868,3.4513920142586065
,,,,,,12818.0,-1.35045,0.00719,73.8482,3.6292849637164455
,,,,,,12819.0,-1.34859,0.00756,77.6274,3.497102693243303
,,,,,,12820.0,-1.35045,0.00794,81.5499,3.342000917452158
,,,,,,12821.0,-1.35045,0.00834,85.7113,3.4772986799971064
,,,,,,12822.0,-1.35045,0.00873,89.7187,3.304626271324426
,,,,,,12823.0,-1.35045,0.00911,93.6093,3.467989540422557
,,,,,,12824.0,-1.35045,0.00949,97.5371,3.396388873203025
,,,,,,12825.0,-1.35045,0.00973,100.0,3.5198907643470507
,,,,,,12825.0,-1.35045,0.00973,100.0,3.5841412867540168
,,,,,,,,,,
,,,,,,12825.0,0.6901,0.0,0.0,3.5236695641611857
,,,,,,12826.0,0.66964,0.00021,13.71,3.390504072731595
,,,,,,12827.0,0.6715,0.0004,26.4209,3.638912962689015
,,,,,,12828.0,0.67522,0.00059,39.1319,3.5200007896793557
,,,,,,12829.0,0.6715,0.00078,52.0841,3.4759886208674584
,,,,,,12830.0,0.67336,0.00097,64.8984,3.5689424298267367
,,,,,,12831.0,0.66778,0.00117,77.816,3.359815815458797
,,,,,,12832.0,0.67336,0.00136,90.4237,3.458326081388944
,,,,,,12833.0,0.66964,0.0015,100.0,3.5224706000614376
,,,,,,12833.0,0.0,0.0015,100.0,3.424339043774189
,,,,,,12834.0,0.0,0.0015,100.0,3.492259867658722
,,,,,,12835.0,0.0,0.0015,100.0,3.605381954377792
,,,,,,12836.0,0.0,0.0015,100.0,3.4723068074422714
,,,,,,12837.0,0.0,0.0015,100.0,3.367466807056167
,,,,,,12838.0,0.0,0.0015,100.0,3.544075165394404
,,,,,,12839.0,0.0,0.0015,100.0,3.6073130379146714
,,,,,,12840.0,0.0,0.0015,100.0,3.4967975217274607
,,,,,,12841.0,0.0,0.0015,100.0,3.482705314167751
,,,,,,12842.0,0.0,0.0015,100.0,3.4023993063292037
,,,,,,12843.0,0.0,0.0015,100.0,3.440460004890972
,,,,,,12844.0,0.0,0.0015,100.0,3.468849650987173
,,,,,,12845.0,0.0,0.0015,100.0,3.5082874583651917
,,,,,,12846.0,0.0,0.0015,100.0,3.1270876443525797
,,,,,,12847.0,0.0,0.0015,100.0,3.4657579907117024
,,,,,,12848.0,0.0,0.0015,100.0,3.4407563015496816
,,,,,,12849.0,0.0,0.0015,100.0,3.2290008791821756
,,,,,,12849.0,0.0,0.0015,100.0,3.3921040412226517
,,,,,,,,,,
,,,,,,12849.0,-0.63988,0.0,0.0,3.3246600638855384
,,,,,,12850.0,-0.66964,0.00018,0.8872,3.2648882397876795
,,,,,,12851.0,-0.67336,0.00038,1.8168,3.4741129184078576
,,,,,,12852.0,-0.6715,0.00057,2.7264,3.348959416944548
,,,,,,12853.0,-0.67522,0.00076,3.6585,3.405031068920476
,,,,,,12854.0,-0.67336,0.00095,4.5581,3.4112407142825245
,,,,,,12855.0,-0.6715,0.00113,5.4503,3.3499467434551273
,,,,,,12856.0,-0.67336,0.00133,6.3949,3.479327752449557
,,,,,,12857.0,-0.67336,0.00151,7.302,3.5663167428066562
,,,,,,12858.0,-0.6715,0.00171,8.2241,3.449858379154374
,,,,,,12859.0,-0.66964,0.0019,9.1437,3.380226854293518
,,,,,,12860.0,-0.6715,0.00208,10.0533,3.370529348630338
,,,,,,12861.0,-0.6715,0.00228,10.9804,3.414167452634662
,,,,,,12862.0,-0.67336,0.00247,11.89,3.2856475605628073
,,,,,,12863.0,-0.6715,0.00265,12.8047,3.5558235912169747
,,,,,,12864.0,-0.6715,0.00285,13.7691,3.3145379661331154
,,,,,,12865.0,-0.67336,0.00305,14.7037,3.425707182277113
,,,,,,12866.0,-0.67522,0.00324,15.6233,3.6299202008970095
,,,,,,12867.0,-0.67708,0.00343,16.5429,3.266732441618222
,,,,,,12868.0,-0.66964,0.00362,17.4625,3.3773221278468806
,,,,,,12869.0,-0.67336,0.00381,18.3821,3.467353206130508
,,,,,,12870.0,-0.66964,0.004,19.2892,3.3860136924331083
,,,,,,12871.0,-0.6715,0.00419,20.2088,3.608417314742165
,,,,,,12872.0,-0.6715,0.00438,21.1185,3.319778476870908
,,,,,,12874.0,-0.6715,0.00457,22.0356,3.372582622349487
,,,,,,12875.0,-0.67336,0.00476,22.9652,3.5822308386167365
,,,,,,12876.0,-0.67708,0.00495,23.8748,3.5847658181420994
,,,,,,12877.0,-0.67336,0.00514,24.7944,3.4120664042133884
,,,,,,12878.0,-0.67336,0.00533,25.714,3.3931978070220064
,,,,,,12879.0,-0.6715,0.00553,26.6585,3.3405020407760975
,,,,,,12880.0,-0.67336,0.00571,27.5607,3.370070165760592
,,,,,,12881.0,-0.67336,0.00591,28.4853,3.4206502530579304
,,,,,,12882.0,-0.66778,0.00609,29.3949,3.5620550618292586
,,,,,,12883.0,-0.67336,0.00628,30.3045,3.5415905161040917
,,,,,,12884.0,-0.6715,0.00647,31.2241,3.503314607939447
,,,,,,12885.0,-0.67336,0.00667,32.1512,3.521974297735346
,,,,,,12886.0,-0.6715,0.00685,33.0609,3.4004352236121265
,,,,,,12887.0,-0.66778,0.00705,33.9805,3.4409389107886836
,,,,,,12888.0,-0.66964,0.00724,34.8976,3.15900870907074
,,,,,,12889.0,-0.6715,0.00741,35.7449,3.470035080953421
,,,,,,12890.0,-0.66778,0.00762,36.7617,3.342425772915478
,,,,,,12891.0,-0.67336,0.00781,37.6763,3.50657993659605
,,,,,,12892.0,-0.6715,0.00798,38.5037,3.288558444951905
,,,,,,12893.0,-0.67708,0.00819,39.523,3.516642356773147
,,,,,,12894.0,-0.6715,0.00839,40.4476,3.474668475316683
,,,,,,12895.0,-0.67336,0.00858,41.3672,3.453938514533845
,,,,,,12896.0,-0.66964,0.00877,42.2943,3.4724148771741383
,,,,,,12897.0,-0.67336,0.00896,43.2313,3.467813896555542
,,,,,,12898.0,-0.6715,0.00915,44.1434,3.548413171613498
,,,,,,12899.0,-0.67336,0.00934,45.0606,3.457324603751491
,,,,,,12900.0,-0.67336,0.00953,45.9802,3.452855107007384
,,,,,,12901.0,-0.66964,0.00972,46.8998,3.434845125118926
,,,,,,12902.0,-0.6715,0.00991,47.8094,3.5972204569912654
,,,,,,12903.0,-0.66964,0.0101,48.719,3.4635210164013266
,,,,,,12904.0,-0.67522,0.0103,49.696,3.491375617190867
,,,,,,12905.0,-0.6715,0.0105,50.633,3.5186848528813637
,,,,,,12906.0,-0.66964,0.01069,51.5526,3.550979897013883
,,,,,,12907.0,-0.66778,0.01088,52.4722,3.466548187257978
,,,,,,12908.0,-0.67336,0.01106,53.327,3.4981125445962244
,,,,,,12909.0,-0.66964,0.01126,54.3264,3.194888295126891
,,,,,,12910.0,-0.67708,0.01145,55.246,3.4814859961179283
,,,,,,12911.0,-0.67336,0.01164,56.1631,3.431440425455142
,,,,,,12912.0,-0.6715,0.01182,57.0179,3.504571072187126
,,,,,,12913.0,-0.6715,0.01202,57.9649,3.45576703015499
,,,,,,12914.0,-0.67336,0.01221,58.892,3.3802066852858266
,,,,,,12916.0,-0.6715,0.0124,59.8265,3.568204432655776
,,,,,,12917.0,-0.66778,0.0126,60.7536,3.5895914906030346
,,,,,,12918.0,-0.6715,0.01279,61.6732,3.322699410898091
,,,,,,12919.0,-0.6715,0.01298,62.5928,3.5381918488407784
,,,,,,12920.0,-0.67522,0.01317,63.5124,3.345660781497218
,,,,,,12921.0,-0.6715,0.01336,64.4295,3.357485622176321
,,,,,,12922.0,-0.67336,0.01356,65.4115,3.466582534950391
,,,,,,12923.0,-0.66778,0.01376,66.3485,3.500906401918287
,,,,,,12924.0,-0.67522,0.01395,67.2681,3.2482435563358036
,,,,,,12925.0,-0.67336,0.01414,68.1952,3.5200791747665856
,,,,,,12926.0,-0.67336,0.01433,69.1248,3.317275975331482
,,,,,,12927.0,-0.6715,0.01452,70.0444,3.445666208719548
,,,,,,12928.0,-0.66778,0.01471,70.944,3.4268921577926843
,,,,,,12929.0,-0.6715,0.0149,71.8462,3.613460316201216
,,,,,,12930.0,-0.66964,0.01509,72.7832,3.4576287592496575
,,,,,,12931.0,-0.67336,0.01528,73.7103,3.512569759217298
,,,,,,12932.0,-0.67336,0.01549,74.6922,3.4225523972917062
,,,,,,12933.0,-0.6715,0.01568,75.6118,3.4516072170905723
,,,,,,12934.0,-0.6715,0.01587,76.5289,3.51373084094237
,,,,,,12935.0,-0.6715,0.01606,77.4386,3.442146495648691
,,,,,,12936.0,-0.67522,0.01625,78.3756,3.4274516882974755
,,,,,,12936.0,-1.34301,0.01625,78.3756,3.4757070392319314
,,,,,,12937.0,-1.34487,0.01663,80.2024,3.634584049093069
,,,,,,12938.0,-1.35045,0.01699,81.9394,3.413612200345013
,,,,,,12939.0,-1.34859,0.01737,83.7636,3.5479025294500226
,,,,,,12940.0,-1.35231,0.01775,85.6078,3.3108037173963547
,,,,,,12941.0,-1.35045,0.01814,87.4695,3.4210461462667787
,,,,,,12942.0,-1.35045,0.01852,89.3311,3.534726591729652
,,,,,,12943.0,-1.34673,0.0189,91.1579,3.4048656615814705
,,,,,,12944.0,-1.34673,0.0193,93.0918,3.4764056047219496
,,,,,,12945.0,-1.35045,0.01968,94.9011,3.362759904372076
,,,,,,12946.0,-1.34673,0.02006,96.7453,3.4304048541950563
,,,,,,12947.0,-1.34859,0.02044,98.5894,3.3781846886039095
,,,,,,12948.0,-1.35231,0.02073,100.0,3.389363012637163
,,,,,,12948.0,-1.35231,0.02073,100.0,3.388717284358916
,,,,,,,,,,
,,,,,,12948.0,0.66964,0.0,0.0,3.314048273288915
,,,,,,12949.0,0.67708,0.0002,13.0017,3.6428189444970753
,,,,,,12950.0,0.67522,0.00038,25.5575,3.5075517029852668
,,,,,,12951.0,0.6715,0.00058,38.2504,3.582695116974319
,,,,,,12952.0,0.66964,0.00079,52.1441,3.3668925719006424
,,,,,,12953.0,0.66964,0.00098,64.7684,3.366549798994821
,,,,,,12954.0,0.66964,0.00116,77.3242,3.5687701859724554
,,,,,,12955.0,0.6715,0.00135,89.9485,3.681474930245281
,,,,,,12956.0,0.66964,0.00151,100.0,3.5494508982327613
,,,,,,12956.0,0.0,0.00151,100.0,3.3992101130234933
,,,,,,12957.0,0.0,0.00151,100.0,3.321337854757642
,,,,,,12958.0,0.0,0.00151,100.0,3.416480066893757
,,,,,,12959.0,0.0,0.00151,100.0,3.5900880211510002
,,,,,,12960.0,0.0,0.00151,100.0,3.4672812910455435
,,,,,,12961.0,0.0,0.00151,100.0,3.542986040629445
,,,,,,12962.0,0.0,0.00151,100.0,3.5734409542665664
,,,,,,12963.0,0.0,0.00151,100.0,3.6090096276045056
,,,,,,12964.0,0.0,0.00151,100.0,3.344815974789402
,,,,,,12965.0,0.0,0.00151,100.0,3.4095113749711756
,,,,,,12966.0,0.0,0.00151,100.0,3.5409525297317903
,,,,,,12967.0,0.0,0.00151,100.0,3.4552070025516097
,,,,,,12968.0,0.0,0.00151,100.0,3.5549893706785345
,,,,,,12969.0,0.0,0.00151,100.0,3.4706846160641844
,,,,,,12970.0,0.0,0.00151,100.0,3.4013880834650747
,,,,,,12971.0,0.0,0.00151,100.0,3.528237486416395
,,,,,,12972.0,0.0,0.00151,100.0,3.5823317523928013
,,,,,,12972.0,0.0,0.00151,100.0,3.3511941060152863
,,,,,,,,,,
,,,,,,12972.0,-0.6622,0.0,0.0,3.3035997202169773
,,,,,,12973.0,-0.6715,0.00018,0.4392,3.4823890449014683
,,,,,,12974.0,-0.66964,0.00037,0.9037,3.443385767592599
,,,,,,12975.0,-0.67336,0.00056,1.3719,3.288338411124618
,,,,,,12976.0,-0.6715,0.00076,1.8501,3.6060954482793197
,,,,,,12977.0,-0.67336,0.00095,2.3057,3.5398657722788025
,,,,,,12978.0,-0.66964,0.00114,2.7727,3.4707057601652065
,,,,,,12979.0,-0.6715,0.00134,3.2673,3.4310043735416413
,,,,,,12980.0,-0.67522,0.00153,3.7179,3.394519862130253
,,,,,,12981.0,-0.6715,0.00172,4.1823,3.24958634643939
,,,,,,12982.0,-0.6715,0.00191,4.6417,3.580787397205487
,,,,,,12983.0,-0.67336,0.0021,5.1111,3.3285726433019254
,,,,,,12984.0,-0.67708,0.0023,5.5982,3.394715460176366
,,,,,,12985.0,-0.66964,0.00249,6.0626,3.38443859554058
,,,,,,12986.0,-0.6715,0.00268,6.5308,3.2941710551404815
,,,,,,12987.0,-0.67522,0.00287,6.9902,3.3368221810372325
,,,,,,12989.0,-0.6715,0.00306,7.4534,3.4630816865954124
,,,,,,12990.0,-0.6715,0.00325,7.9228,3.5103537294571714
,,,,,,12991.0,-0.67708,0.00344,8.3872,3.4410934823025956
,,,,,,12992.0,-0.6715,0.00363,8.8479,3.4790800746947173
,,,,,,12993.0,-0.6715,0.00382,9.311,3.5331942616437146
,,,,,,12994.0,-0.6715,0.00401,9.7742,3.478152001323513
,,,,,,12995.0,-0.66964,0.0042,10.2386,3.416488904788454
,,,,,,12996.0,-0.66964,0.00439,10.6968,3.4624945593623733
,,,,,,12997.0,-0.6715,0.00458,11.1612,3.4928726118163076
,,,,,,12998.0,-0.67336,0.00477,11.6256,3.4125681223794277
,,,,,,12999.0,-0.67336,0.00496,12.085,3.45161235329407
,,,,,,13000.0,-0.6715,0.00515,12.5532,3.571909338583367
,,,,,,13001.0,-0.6715,0.00534,13.0163,3.4171045079957194
,,,,,,13002.0,-0.6715,0.00553,13.4757,3.4975091649186414
,,,,,,13003.0,-0.66778,0.00572,13.9439,3.493610866795415
,,,,,,13004.0,-0.66964,0.00592,14.4121,3.3643119303529065
,,,,,,13005.0,-0.66964,0.00611,14.8803,3.4190211076538217
,,,,,,13006.0,-0.67336,0.0063,15.3397,3.493911867070501
,,,,,,13007.0,-0.66964,0.00649,15.8041,3.5813691462447683
,,,,,,13007.0,-0.67522,0.00654,15.9224,3.539704611923853
,,,,,,13007.0,-5.40551,0.00654,15.9224,3.3579989377734982
,,,,,,13008.0,-5.41109,0.00816,19.8731,3.2237673130428037
,,,,,,13009.0,-5.40551,0.00968,23.5684,3.2401232459324842
,,,,,,13010.0,-5.40551,0.01122,27.3341,3.282919168820768
,,,,,,13011.0,-5.40923,0.01269,30.9198,3.2014719960944893
,,,,,,13012.0,-5.40923,0.01429,34.7962,3.233030170611455
,,,,,,13013.0,-5.40551,0.01582,38.528,3.2040381571558214
,,,,,,13014.0,-5.40737,0.01736,42.2962,3.2093334023535416
,,,,,,13015.0,-5.40737,0.01845,44.9304,3.175607037477408
,,,,,,13015.0,-3.38542,0.01845,44.9304,3.407691756833034
,,,,,,13016.0,-3.37612,0.01949,47.4677,3.1397124179114333
,,,,,,13017.0,-3.37984,0.02044,49.7986,3.2920669045752904
,,,,,,13018.0,-3.37798,0.0214,52.1308,3.2801289606248663
,,,,,,13019.0,-3.37798,0.02236,54.4617,3.259212931216616
,,,,,,13020.0,-3.37984,0.02331,56.7712,3.2956620646560304
,,,,,,13021.0,-3.37984,0.02426,59.1021,3.2934420974368814
,,,,,,13022.0,-3.37798,0.02522,61.433,3.2235589164999987
,,,,,,13023.0,-3.37798,0.02619,63.7878,3.389489071541795
,,,,,,13024.0,-3.3817,0.02714,66.12,3.0677492367813266
,,,,,,13025.0,-3.37612,0.0281,68.4522,3.3222557297138007
,,,,,,13026.0,-3.37984,0.02906,70.7856,3.2954632116301656
,,,,,,13027.0,-3.37054,0.02994,72.934,3.259768786538564
,,,,,,13028.0,-3.37984,0.03092,75.3128,3.1914023727818623
,,,,,,13029.0,-3.37612,0.03192,77.7582,3.4785918162352534
,,,,,,13030.0,-3.37798,0.0328,79.9066,3.060421599964946
,,,,,,13031.0,-3.37798,0.03376,82.2375,3.340944305245093
,,,,,,13032.0,-3.37984,0.03471,84.547,3.457130983496272
,,,,,,13033.0,-3.37798,0.03567,86.8792,3.1749909616525502
,,,,,,13034.0,-3.37798,0.03663,89.2328,3.137972541475911
,,,,,,13036.0,-3.37984,0.03766,91.7248,3.218679876392537
,,,,,,13037.0,-3.37798,0.03865,94.1488,3.1468150022054058
,,,,,,13038.0,-3.37984,0.03962,96.5036,3.166742559873629
,,,,,,13039.0,-3.37798,0.04057,98.8119,3.1694646168495186
,,,,,,13039.0,-3.37984,0.04105,100.0,3.2905277377073596
,,,,,,13039.0,-3.37984,0.04105,100.0,3.3953653500198056
,,,,,,,,,,
,,,,,,13039.0,1.35975,0.0,0.0,3.462343918949821
,,,,,,13040.0,1.34487,0.00038,12.7216,3.5234248626813867
,,,,,,13041.0,1.34673,0.00077,25.8255,3.518051386303318
,,,,,,13042.0,1.34859,0.00115,38.6514,3.583686440323351
,,,,,,13043.0,1.35045,0.00153,51.373,3.7582627607472885
,,,,,,13044.0,1.34487,0.00188,63.0865,3.5796354333960414
,,,,,,13045.0,1.35045,0.00226,75.9472,3.6484038310829927
,,,,,,13046.0,1.35045,0.00264,88.8078,3.579116956248863
,,,,,,13047.0,1.35045,0.00297,100.0,3.440350019777314
,,,,,,13047.0,1.35045,0.00297,100.0,3.494456767196561
,,,,,,,,,,
,,,,,,13047.0,-1.35231,0.0,0.0,3.449879590271751
,,,,,,13048.0,-1.34859,0.0004,3.3532,3.3863719556343326
,,,,,,13049.0,-1.35045,0.00079,6.5265,3.5793428749773772
,,,,,,13050.0,-1.34859,0.00117,9.6955,3.521850892158546
,,,,,,13051.0,-1.35045,0.00153,12.7104,3.3198293184232184
,,,,,,13052.0,-1.35045,0.00191,15.8451,3.385070350982499
,,,,,,13053.0,-1.35045,0.00229,18.9842,3.446424950595469
,,,,,,13054.0,-1.34859,0.00268,22.2175,3.3914174138486772
,,,,,,13055.0,-1.35231,0.00306,25.3865,3.4382744910699343
,,,,,,13056.0,-1.34859,0.00345,28.5555,3.4016899524002744
,,,,,,13057.0,-1.35045,0.00384,31.7888,3.369431326901172
,,,,,,13058.0,-1.35231,0.00422,34.9578,3.36271503044852
,,,,,,13059.0,-1.35045,0.00464,38.4352,3.493226754819362
,,,,,,13060.0,-1.35417,0.00502,41.6385,3.2984475546253105
,,,,,,13062.0,-1.35045,0.00541,44.8032,3.3816684441108453
,,,,,,13063.0,-1.35045,0.00579,47.9765,3.464129597939511
,,,,,,13064.0,-1.35045,0.00617,51.1456,3.5224241993209198
,,,,,,13065.0,-1.34673,0.00656,54.3446,3.3993053107108655
,,,,,,13066.0,-1.34673,0.00692,57.3295,3.379278419425962
,,,,,,13067.0,-1.35231,0.00732,60.6569,3.203159421930698
,,,,,,13068.0,-1.35231,0.0077,63.826,3.3594463915010637
,,,,,,13069.0,-1.35045,0.00808,66.995,3.2157973452633746
,,,,,,13070.0,-1.35231,0.00846,70.134,3.3503392871051547
,,,,,,13071.0,-1.35045,0.00884,73.3074,3.4017757005251483
,,,,,,13072.0,-1.34859,0.00922,76.4421,3.289324064024531
,,,,,,13073.0,-1.35045,0.00962,79.7096,3.337626036031263
,,,,,,13074.0,-1.35045,0.00997,82.6303,3.316757838220124
,,,,,,13075.0,-1.35045,0.01035,85.7993,3.426500618002045
,,,,,,13076.0,-1.35045,0.01075,89.0925,3.523588746205225
,,,,,,13077.0,-1.35045,0.01113,92.2616,3.3813131151846747
,,,,,,13078.0,-1.34859,0.01151,95.4349,3.510434136336064
,,,,,,13079.0,-1.35045,0.01198,99.2848,3.531527867065973
,,,,,,13079.0,-1.34859,0.01207,100.0,3.1642288574741664
,,,,,,13079.0,-1.34859,0.01207,100.0,3.3334344257862916
,,,,,,,,,,
,,,,,,13079.0,2.70461,0.0,0.0,3.54473388727179
,,,,,,13080.0,2.70089,0.00073,12.1827,3.58111273935071
,,,,,,13081.0,2.70275,0.00151,25.2288,3.802015020602248
,,,,,,13082.0,2.70089,0.00228,38.0245,3.501776306347392
,,,,,,13083.0,2.70275,0.00309,51.7009,3.710536382289735
,,,,,,13084.0,2.70461,0.00386,64.4966,3.6396987443091446
,,,,,,13085.0,2.70275,0.00463,77.4219,3.438751222235701
,,,,,,13086.0,2.70275,0.00536,89.5873,3.6076346953733065
,,,,,,13087.0,2.70089,0.00598,100.0,3.5934043386646595
,,,,,,13087.0,0.0,0.00598,100.0,3.56516472276742
,,,,,,13088.0,0.0,0.00598,100.0,3.266477262470818
,,,,,,13089.0,0.0,0.00598,100.0,3.359169895718701
,,,,,,13090.0,0.0,0.00598,100.0,3.5390242490343193
,,,,,,13091.0,0.0,0.00598,100.0,3.3785447685887084
,,,,,,13092.0,0.0,0.00598,100.0,3.405038048382873
,,,,,,13093.0,0.0,0.00598,100.0,3.3554703406086928
,,,,,,13095.0,0.0,0.00598,100.0,3.3069484881262383
,,,,,,13096.0,0.0,0.00598,100.0,3.448024838038971
,,,,,,13097.0,0.0,0.00598,100.0,3.479719180788899
,,,,,,13098.0,0.0,0.00598,100.0,3.3971702633343663
,,,,,,13099.0,0.0,0.00598,100.0,3.3928828465013514
,,,,,,13100.0,0.0,0.00598,100.0,3.3710445962243587
,,,,,,13101.0,0.0,0.00598,100.0,3.3169927338638523
,,,,,,13102.0,0.0,0.00598,100.0,3.4812809853088456
,,,,,,13103.0,0.0,0.00598,100.0,3.4286962214231744
,,,,,,13104.0,0.0,0.00598,100.0,3.321447430027447
,,,,,,13105.0,0.0,0.00598,100.0,3.568401285480231
,,,,,,13106.0,0.0,0.00598,100.0,3.4566683748538116
,,,,,,13107.0,0.0,0.00598,100.0,3.630572070742809
,,,,,,13108.0,0.0,0.00598,100.0,3.421112554171891
,,,,,,13109.0,0.0,0.00598,100.0,3.6154724930742197
,,,,,,13110.0,0.0,0.00598,100.0,3.3734456473176757
,,,,,,13111.0,0.0,0.00598,100.0,3.5717659773032175
,,,,,,13112.0,0.0,0.00598,100.0,3.4976726691001225
,,,,,,13113.0,0.0,0.00598,100.0,3.4036365122931875
,,,,,,13114.0,0.0,0.00598,100.0,3.568358573973466
,,,,,,13115.0,0.0,0.00598,100.0,3.4767831428177876
,,,,,,13116.0,0.0,0.00598,100.0,3.437307508378997
,,,,,,13117.0,0.0,0.00598,100.0,3.5398074724835973
,,,,,,13118.0,0.0,0.00598,100.0,3.3699292281033353
,,,,,,13119.0,0.0,0.00598,100.0,3.540822707302568
,,,,,,13120.0,0.0,0.00598,100.0,3.4334216158125415
,,,,,,13121.0,0.0,0.00598,100.0,3.4174254355008564
,,,,,,13122.0,0.0,0.00598,100.0,3.582919034296633
,,,,,,13123.0,0.0,0.00598,100.0,3.51394101322139
,,,,,,13124.0,0.0,0.00598,100.0,3.377914437706403
,,,,,,13125.0,0.0,0.00598,100.0,3.5520142378350172
,,,,,,13126.0,0.0,0.00598,100.0,3.488221837407119
,,,,,,13127.0,0.0,0.00598,100.0,3.3065273286689005
,,,,,,13128.0,0.0,0.00598,100.0,3.4151100762795865
,,,,,,13129.0,0.0,0.00598,100.0,3.421162297312249
,,,,,,13130.0,0.0,0.00598,100.0,3.2994214570024383
,,,,,,13131.0,0.0,0.00598,100.0,3.552655075349596
,,,,,,13132.0,0.0,0.00598,100.0,3.357653018081158
,,,,,,13133.0,0.0,0.00598,100.0,3.5751398672456896
,,,,,,13134.0,0.0,0.00598,100.0,3.584884554961333
,,,,,,13135.0,0.0,0.00598,100.0,3.4662476503037327
,,,,,,13136.0,0.0,0.00598,100.0,3.390028276448619
,,,,,,13137.0,0.0,0.00598,100.0,3.5960636615299597
,,,,,,13138.0,0.0,0.00598,100.0,3.40761196421124
,,,,,,13139.0,0.0,0.00598,100.0,3.2669111085410574
,,,,,,13141.0,0.0,0.00598,100.0,3.5420742511772576
,,,,,,13142.0,0.0,0.00598,100.0,3.4450261984564126
,,,,,,13142.0,0.0,0.00598,100.0,3.278848466606158
,,,,,,13142.0,0.0,0.00598,100.0,3.378812491703189
,,,,,,,,,,
,,,,,,13142.0,-0.66778,0.0,0.0,3.45002810563268
,,,,,,13143.0,-0.67336,0.00018,1.8658,3.4286371982123796
,,,,,,13144.0,-0.6715,0.00037,3.8005,3.420231329352651
,,,,,,13145.0,-0.67708,0.00056,5.7564,3.3899297308359517
,,,,,,13146.0,-0.67336,0.00075,7.707,3.4545193540758894
,,,,,,13147.0,-0.66778,0.00094,9.6576,3.724655361346696
,,,,,,13148.0,-0.6715,0.00113,11.6082,3.4930296451615903
,,,,,,13150.0,-0.6715,0.00132,13.5747,3.3511779282515546
,,,,,,13151.0,-0.67336,0.00151,15.5306,3.29759707289072
,,,,,,13152.0,-0.67336,0.0017,17.4812,3.320798292333061
,,,,,,13153.0,-0.6715,0.00189,19.4159,3.5829985008019842
,,,,,,13154.0,-0.66778,0.00208,21.3665,3.236619265501008
,,,,,,13155.0,-0.67522,0.00227,23.3224,3.428136378071587
,,,,,,13156.0,-0.6715,0.00247,25.3154,3.4558154248686543
,,,,,,13157.0,-0.67336,0.00266,27.2872,3.4387580491917
,,,,,,13158.0,-0.67336,0.00288,29.5452,3.480338233330042
,,,,,,13159.0,-0.6715,0.00306,31.3845,3.373938814405959
,,,,,,13160.0,-0.66964,0.00325,33.3775,3.2880421768314276
,,,,,,13161.0,-0.6715,0.00344,35.3281,3.430529129689816
,,,,,,13162.0,-0.67522,0.00363,37.284,3.457169588028391
,,,,,,13163.0,-0.66964,0.00382,39.2187,3.445895580155058
,,,,,,13164.0,-0.67522,0.00402,41.2117,3.469946331162356
,,,,,,13165.0,-0.6715,0.00421,43.1464,3.446604399143023
,,,,,,13166.0,-0.6715,0.00444,45.5263,3.1216122828369834
,,,,,,13167.0,-0.66964,0.00462,47.4239,3.452125137390689
,,,,,,13168.0,-0.67522,0.00482,49.401,3.473530031982419
,,,,,,13169.0,-0.67336,0.00501,51.3569,3.390320481742447
,,,,,,13170.0,-0.67336,0.0052,53.3552,3.5156379068048276
,,,,,,13170.0,-0.67522,0.00523,53.6415,3.382943930585183
,,,,,,13170.0,-1.34673,0.00523,53.6415,3.3858577696335104
,,,,,,13171.0,-1.34859,0.00559,57.3731,3.505510227588918
,,,,,,13172.0,-1.35045,0.00598,61.2955,3.416256060232814
,,,,,,13173.0,-1.34859,0.00636,65.2178,3.413129684077174
,,,,,,13174.0,-1.35045,0.00674,69.1456,3.267889277020359
,,,,,,13175.0,-1.35045,0.00713,73.1051,3.2500400151601707
,,,,,,13176.0,-1.34859,0.00751,77.0328,3.2984823169927466
,,,,,,13178.0,-1.34859,0.00792,81.2255,3.31865700804899
,,,,,,13179.0,-1.35045,0.0083,85.1479,3.2800946681093026
,,,,,,13180.0,-1.35231,0.00867,88.9219,3.4841378485899352
,,,,,,13181.0,-1.35045,0.00908,93.1517,3.5445774347159182
,,,,,,13182.0,-1.35231,0.00946,97.0794,3.3467981876310073
,,,,,,13182.0,-1.34859,0.00975,100.0,3.4205383153452207
,,,,,,13182.0,-1.34859,0.00975,100.0,3.460843180209693
,,,,,,,,,,
,,,,,,13182.0,0.66034,0.0,0.0,3.5578359552345034
,,,,,,13183.0,0.67522,0.0002,13.0809,3.6028859413288687
,,,,,,13184.0,0.67336,0.00038,25.6454,3.403881220472493
,,,,,,13185.0,0.66964,0.00058,38.4509,3.472702333077634
,,,,,,13187.0,0.68266,0.00077,51.1876,3.749842691174934
,,,,,,13188.0,0.67522,0.00096,64.1652,3.4969358135949467
,,,,,,13189.0,0.6715,0.00116,77.1084,3.423060783164028
,,,,,,13190.0,0.67336,0.00133,88.9157,3.4326868392643757
,,,,,,13190.0,0.67522,0.0015,100.0,3.39107889294608
,,,,,,13190.0,0.0,0.0015,100.0,3.485653880410337
,,,,,,13191.0,0.0,0.0015,100.0,3.613378264319602
,,,,,,13193.0,0.0,0.0015,100.0,3.4941892274568533
,,,,,,13194.0,0.0,0.0015,100.0,3.268811389488736
,,,,,,13195.0,0.0,0.0015,100.0,3.381030539497027
,,,,,,13196.0,0.0,0.0015,100.0,3.4446632447686136
,,,,,,13197.0,0.0,0.0015,100.0,3.500725688564262
,,,,,,13198.0,0.0,0.0015,100.0,3.5587295790441953
,,,,,,13199.0,0.0,0.0015,100.0,3.434563342976859
,,,,,,13200.0,0.0,0.0015,100.0,3.4781095630456904
,,,,,,13201.0,0.0,0.0015,100.0,3.493718039664668
,,,,,,13202.0,0.0,0.0015,100.0,3.4727466028711436
,,,,,,13203.0,0.0,0.0015,100.0,3.3451508406893407
,,,,,,13204.0,0.0,0.0015,100.0,3.5051531577714767
,,,,,,13205.0,0.0,0.0015,100.0,3.2656970164496775
,,,,,,13206.0,0.0,0.0015,100.0,3.71978845554876
,,,,,,13206.0,0.0,0.0015,100.0,3.3958534333413612
,,,,,,13206.0,0.0,0.0015,100.0,3.4737954728451355
,,,,,,,,,,
,,,,,,13206.0,-0.62872,0.0,0.0,3.2821777651769755
,,,,,,13207.0,-0.6715,0.0002,0.9698,3.385027171151274
,,,,,,13209.0,-0.67336,0.00038,1.8501,3.4692705995318023
,,,,,,13210.0,-0.67336,0.00058,2.7677,3.4398029775935064
,,,,,,13211.0,-0.6715,0.00077,3.7102,3.3805532496226034
,,,,,,13212.0,-0.66964,0.00097,4.6725,3.3594828548331157
,,,,,,13213.0,-0.66964,0.00115,5.5428,3.500692077495763
,,,,,,13214.0,-0.66964,0.00135,6.5201,3.3051418872030784
,,,,,,13215.0,-0.6715,0.00155,7.4452,3.3643135303698446
,,,,,,13216.0,-0.6715,0.00174,8.3851,3.346155334677347
,,,,,,13217.0,-0.66964,0.00193,9.3027,3.581578038246253
,,,,,,13218.0,-0.66964,0.00213,10.2352,3.4898280370169856
,,,,,,13219.0,-0.67708,0.00232,11.1503,3.5210651078333592
,,,,,,13220.0,-0.67336,0.00251,12.0679,3.4166026032203907
,,,,,,13221.0,-0.6715,0.0027,12.9855,3.3079344029375446
,,,,,,13222.0,-0.67894,0.00287,13.8161,3.6212981202569874
,,,,,,13223.0,-0.6715,0.00307,14.7685,3.3580019967415855
,,,,,,13224.0,-0.6715,0.00326,15.6935,3.4369798323385163
,,,,,,13225.0,-0.6715,0.00345,16.6111,3.4610836480828353
,,,,,,13226.0,-0.67708,0.00364,17.5188,3.4649574882471557
,,,,,,13227.0,-0.67336,0.00383,18.4289,3.5086436263583685
,,,,,,13228.0,-0.67708,0.00402,19.3465,3.467975515011363
,,,,,,13229.0,-0.6715,0.00421,20.2616,3.3212129165213247
,,,,,,13230.0,-0.6715,0.0044,21.1692,3.452999052448855
,,,,,,13231.0,-0.66778,0.00459,22.0918,3.4593626091675076
,,,,,,13232.0,-0.67336,0.00478,22.9995,3.300981177396782
,,,,,,13233.0,-0.66964,0.00497,23.9071,3.399369598640288
,,,,,,13234.0,-0.6715,0.00516,24.8222,3.454564550527407
,,,,,,13235.0,-0.67522,0.00535,25.7398,3.421795328479981
,,,,,,13236.0,-0.67336,0.00554,26.6574,3.2629884811533185
,,,,,,13237.0,-0.67336,0.00573,27.575,3.3982288265793485
,,,,,,13238.0,-0.6715,0.00592,28.5125,3.3986610785745763
,,,,,,13239.0,-0.66964,0.00611,29.4251,3.5299926509872708
,,,,,,13240.0,-0.67708,0.0063,30.3427,3.3343179037828037
,,,,,,13241.0,-0.6715,0.00649,31.2578,3.4493613634581
,,,,,,13242.0,-0.67522,0.00668,32.1679,3.460653819521841
,,,,,,13243.0,-0.6715,0.00687,33.0755,3.3805006565751525
,,,,,,13244.0,-0.67708,0.00706,33.9907,3.513194811524354
,,,,,,13245.0,-0.67522,0.00725,34.9082,3.5326136421139767
,,,,,,13246.0,-0.67336,0.00744,35.8258,3.3748926755780264
,,,,,,13247.0,-0.67336,0.00764,36.7534,3.450411590284626
,,,,,,13248.0,-0.67522,0.00785,37.7754,3.380846703357533
,,,,,,13250.0,-0.67708,0.00805,38.7278,3.4710474769664206
,,,,,,13251.0,-0.67336,0.00823,39.5907,3.4222577653333817
,,,,,,13252.0,-0.6715,0.00842,40.5083,3.4353947931825073
,,,,,,13253.0,-0.6715,0.00861,41.4159,3.4149900596174856
,,,,,,13254.0,-0.67336,0.0088,42.3335,3.716297273880274
,,,,,,13255.0,-0.66778,0.00899,43.2486,3.2648457295328144
,,,,,,13256.0,-0.67336,0.00919,44.2284,3.4164259179026586
,,,,,,13257.0,-0.66778,0.00937,45.0987,3.4122455350087506
,,,,,,13258.0,-0.67336,0.00956,46.0238,3.5600825480057896
,,,,,,13259.0,-0.6715,0.00975,46.9314,3.374672471171302
,,,,,,13260.0,-0.67336,0.00994,47.8565,3.3539424401500306
,,,,,,13261.0,-0.66964,0.01013,48.7741,3.4681367629391953
,,,,,,13262.0,-0.6715,0.01033,49.7339,3.4352936301690655
,,,,,,13263.0,-0.6715,0.01052,50.6242,3.6213590779233162
,,,,,,13264.0,-0.67336,0.01071,51.5318,3.3742327449221663
,,,,,,13265.0,-0.66964,0.0109,52.4469,3.545403282398262
,,,,,,13266.0,-0.67522,0.01109,53.3645,3.379593595287034
,,,,,,13267.0,-0.67336,0.01128,54.2995,3.451714956555266
,,,,,,13268.0,-0.66964,0.01148,55.2618,3.428994380959769
,,,,,,13269.0,-0.6715,0.01167,56.1695,3.4680831300446244
,,,,,,13270.0,-0.6715,0.01186,57.0647,3.4309739615878563
,,,,,,13271.0,-0.67336,0.01205,57.9898,3.4522471982472784
,,,,,,13272.0,-0.6715,0.01224,58.9049,3.3483405887389455
,,,,,,13273.0,-0.66964,0.01243,59.8125,3.3757996163048456
,,,,,,13274.0,-0.6715,0.01262,60.7376,3.579177924297182
,,,,,,13275.0,-0.6715,0.01281,61.6601,3.5238636951693776
,,,,,,13276.0,-0.67708,0.01301,62.615,3.505841095338793
,,,,,,13277.0,-0.67336,0.0132,63.5326,3.3193565940077296
,,,,,,13278.0,-0.67336,0.01339,64.4477,3.471979621832479
,,,,,,13279.0,-0.67336,0.01358,65.3553,3.3460861075674777
,,,,,,13280.0,-0.66964,0.01377,66.2481,3.326555772114079
,,,,,,13281.0,-0.67708,0.01396,67.1806,3.414070807328898
,,,,,,13282.0,-0.6715,0.01415,68.0982,3.6159923122323097
,,,,,,13283.0,-0.6715,0.01434,69.0158,3.522740890583971
,,,,,,13284.0,-0.67336,0.01453,69.9259,3.4595328629504705
,,,,,,13285.0,-0.6715,0.01473,70.9057,3.3902300588725005
,,,,,,13286.0,-0.6715,0.01491,71.7486,3.4077242077220204
,,,,,,13287.0,-0.67522,0.0151,72.6637,3.443103480495976
,,,,,,13288.0,-0.67522,0.01531,73.6733,3.3687839357490126
,,,,,,13289.0,-0.67336,0.0155,74.5909,3.4797560608141143
,,,,,,13290.0,-0.6715,0.0157,75.5607,3.679506489432324
,,,,,,13292.0,-0.67522,0.01588,76.4087,3.355006146234502
,,,,,,13293.0,-0.66778,0.01607,77.3263,3.4104328780735083
,,,,,,13293.0,-0.66964,0.01626,78.2514,3.3590671117776774
,,,,,,13293.0,-1.34301,0.01626,78.2514,3.4473701711936364
,,,,,,13295.0,-1.35045,0.01667,80.2183,3.289258324660951
,,,,,,13296.0,-1.35045,0.01705,82.0759,3.2858361960586113
,,,,,,13297.0,-1.35417,0.01744,83.9185,3.3302838393716785
,,,,,,13298.0,-1.35231,0.01782,85.7612,3.507960666478762
,,,,,,13299.0,-1.35231,0.0182,87.6013,3.4622176066573083
,,,,,,13300.0,-1.35417,0.01859,89.444,3.4331507848346363
,,,,,,13301.0,-1.35417,0.01897,91.3015,3.4575436971666482
,,,,,,13302.0,-1.35045,0.01935,93.1417,3.3985641013254018
,,,,,,13303.0,-1.34301,0.01973,94.9445,3.4106889800546694
,,,,,,13304.0,-1.35045,0.02011,96.7698,3.2572375437518115
,,,,,,13305.0,-1.35045,0.02049,98.6298,3.3831489573452007
,,,,,,13306.0,-1.35045,0.02078,100.0,3.428581380696945
,,,,,,13306.0,-1.35045,0.02078,100.0,3.295861255944959
,,,,,,,,,,
,,,,,,13306.0,0.66964,0.0,0.0,3.389796943283445
,,,,,,13307.0,0.67894,0.00021,14.2709,3.388960956230349
,,,,,,13308.0,0.67894,0.0004,26.9218,3.3544478204549533
,,,,,,13309.0,0.6715,0.00059,39.676,3.5059820950030445
,,,,,,13310.0,0.67522,0.00078,52.3613,3.5137225775013885
,,,,,,13311.0,0.67522,0.00098,65.5636,3.420217135012167
,,,,,,13312.0,0.67522,0.00116,77.5939,3.655723963632786
,,,,,,13313.0,0.67336,0.00135,90.3482,3.4034123318659453
,,,,,,13314.0,0.67522,0.0015,100.0,3.4161254602647935
,,,,,,13314.0,0.0,0.0015,100.0,3.471871798217668
,,,,,,13315.0,0.0,0.0015,100.0,3.533524108466584
,,,,,,13316.0,0.0,0.0015,100.0,3.616112703181008
,,,,,,13317.0,0.0,0.0015,100.0,3.4563394550830457
,,,,,,13318.0,0.0,0.0015,100.0,3.539240126860149
,,,,,,13319.0,0.0,0.0015,100.0,3.4399548932861137
,,,,,,13320.0,0.0,0.0015,100.0,3.4263182610612786
,,,,,,13321.0,0.0,0.0015,100.0,3.326345136747035
,,,,,,13322.0,0.0,0.0015,100.0,3.504632380987345
,,,,,,13323.0,0.0,0.0015,100.0,3.4319207863693446
,,,,,,13324.0,0.0,0.0015,100.0,3.558715607959788
,,,,,,13325.0,0.0,0.0015,100.0,3.5852151316404237
,,,,,,13326.0,0.0,0.0015,100.0,3.406479369256262
,,,,,,13327.0,0.0,0.0015,100.0,3.5133116238508055
,,,,,,13328.0,0.0,0.0015,100.0,3.4496273074872836
,,,,,,13329.0,0.0,0.0015,100.0,3.4289540444741227
,,,,,,13330.0,0.0,0.0015,100.0,3.677424963013798
,,,,,,13330.0,0.0,0.0015,100.0,3.5774303565110914
,,,,,,,,,,
,,,,,,13330.0,-0.6715,0.0,0.0,3.500959176907078
,,,,,,13331.0,-0.66964,0.00018,0.4435,3.490923710986952
,,,,,,13332.0,-0.66964,0.00037,0.9009,3.397812731555179
,,,,,,13333.0,-0.67336,0.00056,1.3645,3.3608169915465327
,,,,,,13334.0,-0.6715,0.00075,1.8282,3.4601261422361027
,,,,,,13335.0,-0.6715,0.00094,2.2956,3.643657876432043
,,,,,,13336.0,-0.6715,0.00114,2.7731,3.356023012691037
,,,,,,13337.0,-0.6715,0.00133,3.2317,3.380023618617475
,,,,,,13338.0,-0.67522,0.00153,3.7091,3.4910711267470105
,,,,,,13339.0,-0.6715,0.00171,4.1627,3.4575980992272517
,,,,,,13340.0,-0.67336,0.0019,4.6264,3.355581865904399
,,,,,,13341.0,-0.67336,0.00209,5.0925,3.314013593572449
,,,,,,13342.0,-0.66778,0.00228,5.5562,3.329157740214867
,,,,,,13343.0,-0.6715,0.00248,6.0198,3.5523875734237484
,,,,,,13344.0,-0.6715,0.00266,6.4784,3.492198824511383
,,,,,,13345.0,-0.67336,0.00285,6.9408,3.3692086875015312
,,,,,,13346.0,-0.67522,0.00304,7.4045,3.428570565866668
,,,,,,13347.0,-0.66964,0.00324,7.8669,3.4075174784694156
,,,,,,13348.0,-0.6715,0.00343,8.3305,3.53033529698923
,,,,,,13349.0,-0.66964,0.00362,8.7941,3.406367200084369
,,,,,,13350.0,-0.67336,0.00381,9.2565,3.214083888467332
,,,,,,13351.0,-0.66778,0.004,9.7214,3.3688832493753265
,,,,,,13352.0,-0.67522,0.00419,10.1888,3.573474363479217
,,,,,,13353.0,-0.6715,0.00438,10.6525,3.3248952233949702
,,,,,,13354.0,-0.67336,0.00457,11.1161,3.5677326586707494
,,,,,,13355.0,-0.6715,0.00476,11.5748,3.096195924881135
,,,,,,13356.0,-0.66964,0.00495,12.0397,3.386175303633835
,,,,,,13357.0,-0.67708,0.00514,12.502,3.445403083834217
,,,,,,13358.0,-0.67522,0.00533,12.9657,3.546959697078882
,,,,,,13359.0,-0.67336,0.00552,13.4293,3.2044193477613967
,,,,,,13360.0,-0.6715,0.00571,13.893,3.483388395440083
,,,,,,13361.0,-0.6715,0.00591,14.383,3.209314885900954
,,,,,,13362.0,-0.67336,0.0061,14.8429,3.295452181467059
,,,,,,13363.0,-0.6715,0.00629,15.3053,3.4326370354739746
,,,,,,13364.0,-0.67336,0.00648,15.7689,3.4866349310525875
,,,,,,13365.0,-0.6715,0.00653,15.882,3.565424287453479
,,,,,,13365.0,-5.40923,0.00653,15.882,3.219239188403433
,,,,,,13366.0,-5.40365,0.0082,19.9354,3.2123760636319103
,,,,,,13367.0,-5.40737,0.00973,23.6596,3.3210391118599376
,,,,,,13368.0,-5.40551,0.01126,27.3839,3.2934948929266374
,,,,,,13369.0,-5.40551,0.01279,31.1094,3.1898004061208063
,,,,,,13370.0,-5.40365,0.01431,34.7971,3.2439319610679656
,,,,,,13371.0,-5.40551,0.01581,38.4485,3.151646597717388
,,,,,,13372.0,-5.40551,0.01734,42.1727,3.204797226954991
,,,,,,13373.0,-5.40923,0.01854,45.0953,3.0911392428124693
,,,,,,13373.0,-3.37612,0.01854,45.0953,3.366532551467117
,,,,,,13374.0,-3.37798,0.01953,47.4914,3.382631466569054
,,,,,,13375.0,-3.37984,0.02052,49.8875,3.230891041222034
,,,,,,13376.0,-3.37984,0.02147,52.2158,3.295647720181151
,,,,,,13377.0,-3.3817,0.02243,54.5428,3.3844557768799968
,,,,,,13378.0,-3.38356,0.02341,56.9176,3.285139675738308
,,,,,,13379.0,-3.37798,0.02436,59.2459,3.1145705702585356
,,,,,,13380.0,-3.37612,0.02532,61.5716,3.190595076627411
,,,,,,13381.0,-3.37984,0.02627,63.8773,3.079103656774715
,,,,,,13382.0,-3.37984,0.02725,66.2734,3.3176606418549475
,,,,,,13383.0,-3.37984,0.0283,68.8303,3.235015939467546
,,,,,,13384.0,-3.37426,0.02925,71.1335,3.3050346203309533
,,,,,,13385.0,-3.37798,0.0302,73.4379,3.3266398038920704
,,,,,,13386.0,-3.37984,0.03114,75.7197,3.2853349187958503
,,,,,,13387.0,-3.37984,0.03209,78.0253,3.3703141338519282
,,,,,,13388.0,-3.37612,0.03308,80.444,3.2465039368511097
,,,,,,13389.0,-3.37798,0.03401,82.7032,3.3128901719387276
,,,,,,13390.0,-3.37612,0.03497,85.0302,3.21873097182536
,,,,,,13391.0,-3.37798,0.03591,87.3359,3.1636403922959033
,,,,,,13392.0,-3.37612,0.03694,89.8225,3.1402703234916833
,,,,,,13393.0,-3.37426,0.03791,92.196,3.1691411713577997
,,,,,,13394.0,-3.37798,0.03878,94.2943,3.3296354960228505
,,,,,,13395.0,-3.37798,0.03978,96.7369,3.238777625105779
,,,,,,13396.0,-3.37798,0.04077,99.133,3.187397982062189
,,,,,,13397.0,-3.37798,0.04112,100.0,3.425616401393937
,,,,,,13397.0,-3.37798,0.04112,100.0,3.077329244596486
,,,,,,,,,,
,,,,,,13397.0,1.34487,0.0,0.0,3.4870620009108064
,,,,,,13398.0,1.35045,0.00041,13.3356,3.344365286598106
,,,,,,13399.0,1.35603,0.00078,25.8037,3.51641507782401
,,,,,,13400.0,1.35045,0.00117,38.4079,3.491375835935225
,,,,,,13401.0,1.35045,0.00154,50.859,3.4897382676395425
,,,,,,13402.0,1.34673,0.00194,63.9565,3.4363392982428165
,,,,,,13403.0,1.35045,0.00232,76.4076,3.4046340695436936
,,,,,,13404.0,1.35231,0.0027,89.0117,3.38897897293675
,,,,,,13405.0,1.34673,0.00304,100.0,3.530614279619247
,,,,,,13405.0,1.34673,0.00304,100.0,3.4163385347269646
,,,,,,,,,,
,,,,,,13405.0,-1.34859,0.0,0.0,3.330004656860314
,,,,,,13406.0,-1.34859,0.00036,3.0385,3.3612054100556854
,,,,,,13407.0,-1.34859,0.00075,6.2279,3.452357708163911
,,,,,,13408.0,-1.35045,0.00113,9.4216,3.3366874593525204
,,,,,,13409.0,-1.35045,0.00152,12.6713,3.276272573451756
,,,,,,13410.0,-1.34859,0.0019,15.8607,3.48268009486411
,,,,,,13411.0,-1.35045,0.00228,19.0501,3.5808357537767987
,,,,,,13412.0,-1.35045,0.00269,22.4593,3.587136030088885
,,,,,,13413.0,-1.35045,0.00308,25.653,3.2951867874112755
,,,,,,13414.0,-1.35045,0.00346,28.8466,3.416516251692241
,,,,,,13415.0,-1.35045,0.00384,32.036,3.3671774338506335
,,,,,,13416.0,-1.34859,0.00422,35.2254,3.312818739754664
,,,,,,13417.0,-1.34859,0.00461,38.445,3.2181802248903755
,,,,,,13418.0,-1.35045,0.00496,41.3542,3.319527793117463
,,,,,,13419.0,-1.35231,0.00536,44.6987,3.254929639426193
,,,,,,13420.0,-1.35045,0.00575,47.9226,3.295254086774764
,,,,,,13421.0,-1.34859,0.00612,51.0861,3.4117617226189267
,,,,,,13422.0,-1.34859,0.00651,54.2712,3.4037741253642295
,,,,,,13423.0,-1.34859,0.0069,57.5252,3.362011489361402
,,,,,,13424.0,-1.35417,0.00728,60.7232,3.413324757230655
,,,,,,13425.0,-1.34673,0.00766,63.9126,3.3193008180465515
,,,,,,13426.0,-1.34673,0.00804,67.0977,3.451706458333822
,,,,,,13427.0,-1.34859,0.00843,70.287,3.465438255828126
,,,,,,13428.0,-1.35231,0.00881,73.4764,3.3977799168930622
,,,,,,13429.0,-1.34859,0.00919,76.6615,3.331951867991395
,,,,,,13430.0,-1.34487,0.00954,79.5406,3.3148092539087024
,,,,,,13431.0,-1.35045,0.00995,83.0101,3.548826478948298
,,,,,,13432.0,-1.35045,0.0103,85.9193,3.481375905107502
,,,,,,13433.0,-1.35045,0.0107,89.2682,3.2660832500183403
,,,,,,13434.0,-1.35045,0.01108,92.4274,3.304675475008301
,,,,,,13435.0,-1.34859,0.01146,95.6168,3.5872920413334963
,,,,,,13436.0,-1.34859,0.01185,98.8104,3.2728479923933906
,,,,,,13437.0,-1.34859,0.01199,100.0,3.499455332023186
,,,,,,13437.0,-1.34859,0.01199,100.0,3.29602804549944
,,,,,,,,,,
,,,,,,13437.0,2.70275,0.0,0.0,3.4970093221396934
,,,,,,13438.0,2.70275,0.00089,14.6794,3.513287511199339
,,,,,,13439.0,2.70647,0.00164,27.2447,3.6356626915468504
,,,,,,13440.0,2.70461,0.0024,39.81,3.455805975348781
,,,,,,13441.0,2.70461,0.00317,52.4951,3.517069169209195
,,,,,,13442.0,2.70461,0.00394,65.1887,3.487504130816304
,,,,,,13443.0,2.70275,0.00472,78.1135,3.5131084192729047
,,,,,,13444.0,2.70089,0.00547,90.5504,3.4463635659939262
,,,,,,13445.0,2.70089,0.00604,100.0,3.6293193147457954
,,,,,,13445.0,0.0,0.00604,100.0,3.5689522667699816
,,,,,,13446.0,0.0,0.00604,100.0,3.4940210706569115
,,,,,,13447.0,0.0,0.00604,100.0,3.579094782478431
,,,,,,13448.0,0.0,0.00604,100.0,3.5363499783080536
,,,,,,13449.0,0.0,0.00604,100.0,3.6324547934494755
,,,,,,13450.0,0.0,0.00604,100.0,3.508263066860139
,,,,,,13451.0,0.0,0.00604,100.0,3.64003284076172
,,,,,,13452.0,0.0,0.00604,100.0,3.4312272857579904
,,,,,,13453.0,0.0,0.00604,100.0,3.3621221867561664
,,,,,,13454.0,0.0,0.00604,100.0,3.359916254100894
,,,,,,13455.0,0.0,0.00604,100.0,3.38916418220393
,,,,,,13456.0,0.0,0.00604,100.0,3.5238399393953395
,,,,,,13457.0,0.0,0.00604,100.0,3.401284911639374
,,,,,,13458.0,0.0,0.00604,100.0,3.3499788031694533
,,,,,,13459.0,0.0,0.00604,100.0,3.6178844781812547
,,,,,,13460.0,0.0,0.00604,100.0,3.2587619028937
,,,,,,13461.0,0.0,0.00604,100.0,3.3298724227425147
,,,,,,13462.0,0.0,0.00604,100.0,3.320432598151936
,,,,,,13463.0,0.0,0.00604,100.0,3.373046516278092
,,,,,,13464.0,0.0,0.00604,100.0,3.3996798549496927
,,,,,,13465.0,0.0,0.00604,100.0,3.6664057654747895
,,,,,,13466.0,0.0,0.00604,100.0,3.482576440075403
,,,,,,13467.0,0.0,0.00604,100.0,3.4033135263936543
,,,,,,13468.0,0.0,0.00604,100.0,3.5159372892684426
,,,,,,13469.0,0.0,0.00604,100.0,3.3999403601273026
,,,,,,13470.0,0.0,0.00604,100.0,3.269372586028003
,,,,,,13471.0,0.0,0.00604,100.0,3.4952216847873516
,,,,,,13472.0,0.0,0.00604,100.0,3.362227946393757
,,,,,,13474.0,0.0,0.00604,100.0,3.380495100174007
,,,,,,13475.0,0.0,0.00604,100.0,3.4331743097532312
,,,,,,13476.0,0.0,0.00604,100.0,3.4089220577621524
,,,,,,13477.0,0.0,0.00604,100.0,3.478962355440192
,,,,,,13478.0,0.0,0.00604,100.0,3.3784958956216853
,,,,,,13479.0,0.0,0.00604,100.0,3.3605061359661526
,,,,,,13480.0,0.0,0.00604,100.0,3.536511591733447
,,,,,,13481.0,0.0,0.00604,100.0,3.3932951154629585
,,,,,,13482.0,0.0,0.00604,100.0,3.4118033912217607
,,,,,,13483.0,0.0,0.00604,100.0,3.4396590383282626
,,,,,,13484.0,0.0,0.00604,100.0,3.486599388858152
,,,,,,13484.0,0.0,0.00604,100.0,3.303787221785156
,,,,,,13484.0,0.0,0.00604,100.0,3.5433513893275475
,,,,,,13485.0,0.0,0.00604,100.0,3.3917352007375894
,,,,,,13486.0,0.0,0.00604,100.0,3.5119343868423636
,,,,,,13487.0,0.0,0.00604,100.0,3.4200756070577327
,,,,,,13488.0,0.0,0.00604,100.0,3.364999731135793
,,,,,,13489.0,0.0,0.00604,100.0,3.6641538919418037
,,,,,,13490.0,0.0,0.00604,100.0,3.362588875914299
,,,,,,13491.0,0.0,0.00604,100.0,3.476169842896651
,,,,,,13492.0,0.0,0.00604,100.0,3.5769469907512033
,,,,,,13493.0,0.0,0.00604,100.0,3.3583625616387396
,,,,,,13494.0,0.0,0.00604,100.0,3.5120654273947283
,,,,,,13495.0,0.0,0.00604,100.0,3.533430036299942
,,,,,,13496.0,0.0,0.00604,100.0,3.219748659729756
,,,,,,13497.0,0.0,0.00604,100.0,3.45612060367013
,,,,,,13498.0,0.0,0.00604,100.0,3.370483526088276
,,,,,,13499.0,0.0,0.00604,100.0,3.5110580252235515
,,,,,,13500.0,0.0,0.00604,100.0,3.3516354629514606
,,,,,,13501.0,0.0,0.00604,100.0,3.3563352364061645
,,,,,,13501.0,0.0,0.00604,100.0,3.4552447721395865
,,,,,,,,,,
,,,,,,13501.0,-0.65662,0.0,0.0,3.432496458973343
,,,,,,13502.0,-0.6715,0.00022,2.2197,3.4043019906334995
,,,,,,13503.0,-0.67336,0.00041,4.1905,3.351496134113274
,,,,,,13504.0,-0.6715,0.0006,6.1507,3.357654095393574
,,,,,,13505.0,-0.6715,0.00079,8.1055,3.243566187710079
,,,,,,13506.0,-0.6715,0.00098,10.0657,3.4476051064911437
,,,,,,13507.0,-0.6715,0.00117,12.0364,3.4333238779332693
,,,,,,13508.0,-0.67522,0.00137,14.0284,3.336050400049441
,,,,,,13509.0,-0.6715,0.00156,15.9833,3.4125947030959876
,,,,,,13510.0,-0.67522,0.00175,17.9222,3.4144172785936564
,,,,,,13511.0,-0.67336,0.00194,19.8771,3.2942604922796237
,,,,,,13512.0,-0.67336,0.00213,21.8108,3.4551929701834205
,,,,,,13513.0,-0.6715,0.00232,23.7656,3.261045608830302
,,,,,,13514.0,-0.6715,0.00251,25.7205,3.4407607839941226
,,,,,,13515.0,-0.6715,0.00271,27.8237,3.2670786218089223
,,,,,,13516.0,-0.67336,0.0029,29.7627,3.463822417487462
,,,,,,13517.0,-0.66778,0.00309,31.7069,3.429604074514635
,,,,,,13518.0,-0.67522,0.00328,33.6777,3.1527643463691306
,,,,,,13519.0,-0.67522,0.00347,35.5531,3.3596135297795913
,,,,,,13520.0,-0.67336,0.00366,37.5027,3.3049136251160567
,,,,,,13521.0,-0.6715,0.00385,39.4946,3.336723509197144
,,,,,,13522.0,-0.66778,0.00405,41.566,3.4023400136954285
,,,,,,13523.0,-0.67522,0.00424,43.4944,3.3589334743762618
,,,,,,13525.0,-0.67336,0.00443,45.4704,3.5550571759582965
,,,,,,13526.0,-0.67336,0.00463,47.4783,3.4179463398958645
,,,,,,13527.0,-0.67522,0.00482,49.4331,3.394030701413144
,,,,,,13528.0,-0.66778,0.00501,51.4039,3.3765828124108763
,,,,,,13529.0,-0.67522,0.00519,53.2422,3.4720402086819857
,,,,,,13529.0,-0.67522,0.00524,53.7614,3.455167803529028
,,,,,,13529.0,-1.34487,0.00524,53.7614,3.403647387973861
,,,,,,13530.0,-1.35045,0.00561,57.5705,3.159549130573442
,,,,,,13531.0,-1.35231,0.00599,61.4537,3.322280708567258
,,,,,,13532.0,-1.35045,0.00638,65.3687,3.420365719609777
,,,,,,13533.0,-1.35045,0.00676,69.2943,3.2542587409925083
,,,,,,13534.0,-1.34673,0.00716,73.4425,3.4708053951128535
,,,,,,13535.0,-1.34859,0.00755,77.437,3.272825551652239
,,,,,,13536.0,-1.34859,0.00793,81.3573,3.583089353360965
,,,,,,13537.0,-1.34673,0.0083,85.124,3.445797009046213
,,,,,,13538.0,-1.35231,0.0087,89.2403,3.4612994887513526
,,,,,,13539.0,-1.35231,0.00909,93.1659,3.534004083873657
,,,,,,13540.0,-1.35045,0.00947,97.0863,3.342179321653633
,,,,,,13541.0,-1.34487,0.00975,100.0,3.4739986203874196
,,,,,,13541.0,-1.34487,0.00975,100.0,3.431483814864398
,,,,,,,,,,
,,,,,,13541.0,0.67522,0.0,0.0,3.5261203150712093
,,,,,,13542.0,0.66964,0.00019,12.6569,3.7779506808655
,,,,,,13543.0,0.66778,0.00038,25.3487,3.402787055821571
,,,,,,13544.0,0.67522,0.00057,38.3543,3.4096498258673553
,,,,,,13545.0,0.67522,0.00075,50.802,3.369976548734452
,,,,,,13546.0,0.66964,0.00094,63.3891,3.5037154103360035
,,,,,,13547.0,0.66778,0.00115,77.4407,3.4290603464514984
,,,,,,13548.0,0.67522,0.00134,90.272,3.6405018573671066
,,,,,,13549.0,0.67522,0.00148,100.0,3.504059018328164
,,,,,,13549.0,0.0,0.00148,100.0,3.4054360938991772
,,,,,,13550.0,0.0,0.00148,100.0,3.6060891476775856
,,,,,,13551.0,0.0,0.00148,100.0,3.5880506307188718
,,,,,,13552.0,0.0,0.00148,100.0,3.5197472686899807
,,,,,,13553.0,0.0,0.00148,100.0,3.5111898424280295
,,,,,,13554.0,0.0,0.00148,100.0,3.421046081937818
,,,,,,13555.0,0.0,0.00148,100.0,3.4511424824506265
,,,,,,13556.0,0.0,0.00148,100.0,3.4127519355511686
,,,,,,13557.0,0.0,0.00148,100.0,3.3737250175218145
,,,,,,13558.0,0.0,0.00148,100.0,3.4679455834173165
,,,,,,13559.0,0.0,0.00148,100.0,3.5040483735792582
,,,,,,13560.0,0.0,0.00148,100.0,3.251265462734318
,,,,,,13561.0,0.0,0.00148,100.0,3.6009569954369764
,,,,,,13562.0,0.0,0.00148,100.0,3.4936764034434993
,,,,,,13563.0,0.0,0.00148,100.0,3.3832153150345348
,,,,,,13564.0,0.0,0.00148,100.0,3.493811606286236
,,,,,,13565.0,0.0,0.00148,100.0,3.4481987249400583
,,,,,,13565.0,0.0,0.00148,100.0,3.3104594858907577
,,,,,,,,,,
,,,,,,13565.0,-0.6622,0.0,0.0,3.3001495186962546
,,,,,,13566.0,-0.6715,0.0002,0.9689,3.4435737280451453
,,,,,,13567.0,-0.6715,0.00039,1.8932,3.4033940405184846
,,,,,,13568.0,-0.67336,0.00058,2.8099,3.2898214171753177
,,,,,,13569.0,-0.67522,0.00081,3.8882,3.4769823482069993
,,,,,,13570.0,-0.66964,0.00098,4.7056,3.5660586365418596
,,,,,,13571.0,-0.6715,0.00119,5.7093,3.2806044024339367
,,,,,,13572.0,-0.6715,0.00138,6.6261,3.468330091455243
,,,,,,13573.0,-0.67336,0.00157,7.5404,3.457147274835009
,,,,,,13574.0,-0.66964,0.00176,8.4571,3.2841300247174323
,,,,,,13575.0,-0.67708,0.00195,9.3938,3.567314641980287
,,,,,,13576.0,-0.6715,0.00215,10.3255,3.313819798857361
,,,,,,13577.0,-0.67522,0.00234,11.2422,3.259258438528686
,,,,,,13578.0,-0.66964,0.00253,12.159,3.4291882364846207
,,,,,,13579.0,-0.67522,0.00271,13.0112,3.4557459709059932
,,,,,,13580.0,-0.6715,0.00291,14.0149,3.439542268058591
,,,,,,13581.0,-0.66964,0.00311,14.9416,3.391276959525497
,,,,,,13582.0,-0.67522,0.0033,15.8484,3.4806881886807925
,,,,,,13584.0,-0.6715,0.00349,16.7627,3.6517078024892045
,,,,,,13585.0,-0.6715,0.00367,17.6696,3.2877323996247463
,,,,,,13586.0,-0.67522,0.00387,18.5863,3.362835261266626
,,,,,,13587.0,-0.6715,0.00406,19.5006,3.5476440620353715
,,,,,,13588.0,-0.66964,0.00425,20.4174,3.4170831656178273
,,,,,,13589.0,-0.6715,0.00444,21.3342,3.3363201439583166
,,,,,,13590.0,-0.66964,0.00463,22.2484,3.500131564344256
,,,,,,13591.0,-0.6715,0.00482,23.1652,3.3116712308375105
,,,,,,13592.0,-0.67522,0.00501,24.082,3.333334635218487
,,,,,,13593.0,-0.66964,0.0052,24.9988,3.4381162616410865
,,,,,,13594.0,-0.67522,0.00539,25.918,3.3069036421567453
,,,,,,13595.0,-0.6715,0.00558,26.8323,3.521531021134738
,,,,,,13596.0,-0.67708,0.00577,27.7516,3.5258331460567542
,,,,,,13597.0,-0.67522,0.00596,28.6658,3.257216280443864
,,,,,,13598.0,-0.6715,0.00615,29.5826,3.3478549561784314
,,,,,,13599.0,-0.67336,0.00635,30.5267,3.2024915032761765
,,,,,,13600.0,-0.67336,0.00653,31.4087,3.4898036738175087
,,,,,,13601.0,-0.6715,0.00672,32.323,3.4205194607207625
,,,,,,13602.0,-0.66964,0.00691,33.2323,3.513109693198712
,,,,,,13603.0,-0.67522,0.0071,34.1491,3.4005309715346947
,,,,,,13604.0,-0.66964,0.00729,35.0634,3.445283531997532
,,,,,,13605.0,-0.6715,0.00749,35.9975,3.479091998910908
,,,,,,13606.0,-0.6715,0.00769,36.9888,3.40133961965912
,,,,,,13607.0,-0.66964,0.00788,37.9031,3.5062778430724997
,,,,,,13608.0,-0.66964,0.00807,38.8199,3.4062229929964456
,,,,,,13609.0,-0.67336,0.00826,39.7292,3.4287546226535843
,,,,,,13610.0,-0.6715,0.00845,40.646,3.359237547875073
,,,,,,13611.0,-0.67522,0.00864,41.5528,3.382181810042634
,,,,,,13612.0,-0.6715,0.00883,42.4671,3.3298499941424917
,,,,,,13613.0,-0.66964,0.00901,43.3217,3.418028245796148
,,,,,,13614.0,-0.6715,0.00921,44.2658,3.3382428124768384
,,,,,,13615.0,-0.67336,0.0094,45.1826,3.452273175356344
,,,,,,13616.0,-0.67336,0.00959,46.0969,3.3762613033576536
,,,,,,13617.0,-0.6715,0.00978,47.0112,3.5733049077861674
,,,,,,13618.0,-0.67336,0.00997,47.928,3.412485263070645
,,,,,,13619.0,-0.66964,0.01016,48.8422,3.5691148986531003
,,,,,,13620.0,-0.6715,0.01036,49.8112,3.357426799702079
,,,,,,13621.0,-0.67894,0.01055,50.7106,3.31146870842117
,,,,,,13622.0,-0.6715,0.01074,51.6248,3.462819394308868
,,,,,,13623.0,-0.67522,0.01093,52.5416,3.480328600213154
,,,,,,13624.0,-0.66964,0.0111,53.3913,3.4215673441429653
,,,,,,13625.0,-0.67336,0.01131,54.3627,3.4148164267942254
,,,,,,13626.0,-0.67522,0.0115,55.2795,3.4156058348581206
,,,,,,13627.0,-0.67522,0.01169,56.1863,3.4459321699255905
,,,,,,13628.0,-0.67522,0.01187,57.0584,3.3416895433903746
,,,,,,13629.0,-0.67336,0.01206,57.9727,3.4199267089161483
,,,,,,13630.0,-0.67708,0.01225,58.8894,3.375148849141871
,,,,,,13631.0,-0.67336,0.01244,59.7988,3.429898475471722
,,,,,,13633.0,-0.6715,0.01263,60.723,3.348850325094122
,,,,,,13634.0,-0.66964,0.01282,61.6298,3.398914893383726
,,,,,,13635.0,-0.67708,0.01301,62.5565,3.3696330937504664
,,,,,,13636.0,-0.67336,0.01321,63.5006,3.2920451047005073
,,,,,,13637.0,-0.66964,0.01341,64.4671,3.3740136518742276
,,,,,,13638.0,-0.67336,0.01359,65.354,3.306116938643938
,,,,,,13639.0,-0.6715,0.01378,66.2708,3.2429039330837224
,,,,,,13640.0,-0.67336,0.01397,67.1876,3.3713218549901796
,,,,,,13641.0,-0.6715,0.01416,68.1044,3.5090265241623575
,,,,,,13642.0,-0.6715,0.01435,69.0211,3.228726932254284
,,,,,,13643.0,-0.67522,0.01454,69.9279,3.2808400886271154
,,,,,,13644.0,-0.6715,0.01474,70.877,3.3588287074599634
,,,,,,13645.0,-0.6715,0.01495,71.8683,3.487017146780539
,,,,,,13646.0,-0.6808,0.01513,72.7404,3.35534152524621
,,,,,,13647.0,-0.6715,0.01532,73.6571,3.5053671454085036
,,,,,,13648.0,-0.6715,0.01551,74.5814,3.3827818020932425
,,,,,,13649.0,-0.6715,0.01571,75.5155,3.4309333883950357
,,,,,,13650.0,-0.67336,0.01591,76.5193,3.309946343823006
,,,,,,13651.0,-0.6715,0.0161,77.436,3.284869864826865
,,,,,,13652.0,-0.67894,0.01624,78.1068,3.412935804999988
,,,,,,13652.0,-1.35417,0.01624,78.1068,3.2878866697789912
,,,,,,13653.0,-1.34673,0.01662,79.9304,3.3720286837441313
,,,,,,13654.0,-1.35045,0.01702,81.8236,3.436637149441527
,,,,,,13655.0,-1.35045,0.0174,83.6447,3.2243000554219883
,,,,,,13656.0,-1.35045,0.01778,85.5006,3.337741647991727
,,,,,,13657.0,-1.34859,0.01816,87.3217,3.348998380001392
,,,,,,13658.0,-1.35045,0.01854,89.1627,3.5073183385148736
,,,,,,13659.0,-1.35045,0.01893,91.0013,3.368188935571098
,,,,,,13660.0,-1.35045,0.0193,92.805,3.4754810642793097
,,,,,,13661.0,-1.34487,0.01972,94.8224,3.28052093311229
,,,,,,13662.0,-1.35045,0.0201,96.6634,3.5013254681054056
,,,,,,13663.0,-1.35231,0.02049,98.5043,3.333084390865557
,,,,,,13664.0,-1.34859,0.0208,100.0,3.430592874080197
,,,,,,13664.0,-1.34859,0.0208,100.0,3.349963476955547
,,,,,,,,,,
,,,,,,13664.0,0.68266,0.0,0.0,3.6364101972310143
,,,,,,13665.0,0.6715,0.00018,12.2603,3.2913681354997615
,,,,,,13666.0,0.67522,0.00038,24.8973,3.4033762620607986
,,,,,,13667.0,0.67522,0.00057,37.5342,3.6713317426816587
,,,,,,13668.0,0.6715,0.00076,50.6164,3.5085052466074664
,,,,,,13669.0,0.66964,0.00097,64.3493,3.443853272498198
,,,,,,13670.0,0.67708,0.00116,76.8493,3.439505420387021
,,,,,,13671.0,0.67336,0.00135,89.4521,3.5836668742250954
,,,,,,13672.0,0.6715,0.00151,100.0,3.458500742806553
,,,,,,13672.0,0.0,0.00151,100.0,3.383272564221973
,,,,,,13673.0,0.0,0.00151,100.0,3.439386968052143
,,,,,,13674.0,0.0,0.00151,100.0,3.3424903024034407
,,,,,,13675.0,0.0,0.00151,100.0,3.5957095140528024
,,,,,,13676.0,0.0,0.00151,100.0,3.2881329990943233
,,,,,,13677.0,0.0,0.00151,100.0,3.2441607444702147
,,,,,,13678.0,0.0,0.00151,100.0,3.6751376830623057
,,,,,,13679.0,0.0,0.00151,100.0,3.3722244674804216
,,,,,,13680.0,0.0,0.00151,100.0,3.3751989365799995
,,,,,,13681.0,0.0,0.00151,100.0,3.4026213337946065
,,,,,,13682.0,0.0,0.00151,100.0,3.5140065919860355
,,,,,,13683.0,0.0,0.00151,100.0,3.462865302425085
,,,,,,13684.0,0.0,0.00151,100.0,3.5061275415231776
,,,,,,13685.0,0.0,0.00151,100.0,3.4737615014142893
,,,,,,13686.0,0.0,0.00151,100.0,3.4997962245994687
,,,,,,13687.0,0.0,0.00151,100.0,3.242564127304529
,,,,,,13688.0,0.0,0.00151,100.0,3.5092722754457566
,,,,,,13688.0,0.0,0.00151,100.0,3.482503691345588
,,,,,,,,,,
,,,,,,13688.0,-0.65662,0.0,0.0,3.3579746371517714
,,,,,,13689.0,-0.67336,0.0002,0.4769,3.2110035427422883
,,,,,,13690.0,-0.66964,0.00038,0.9349,3.4590698994389193
,,,,,,13691.0,-0.6715,0.00058,1.398,3.3104824104817583
,,,,,,13692.0,-0.67336,0.00077,1.861,3.6921813427204833
,,,,,,13693.0,-0.67336,0.00095,2.319,3.3676026394445984
,,,,,,13694.0,-0.6715,0.00115,2.7821,3.280670794151124
,,,,,,13695.0,-0.67336,0.00134,3.2489,3.5427204507214767
,,,,,,13696.0,-0.66778,0.00153,3.727,3.0776544239869335
,,,,,,13697.0,-0.6715,0.00172,4.1888,3.337866314386129
,,,,,,13698.0,-0.6715,0.00192,4.6544,3.4006921146734714
,,,,,,13699.0,-0.67336,0.00211,5.1225,3.474504267251622
,,,,,,13700.0,-0.6715,0.0023,5.5843,3.293127636238563
,,,,,,13701.0,-0.66778,0.00249,6.0473,3.338699668485362
,,,,,,13702.0,-0.66964,0.00268,6.5054,3.382145981447203
,,,,,,13703.0,-0.67336,0.00287,6.9672,3.5406564272372174
,,,,,,13704.0,-0.67522,0.00306,7.429,3.393938197756936
,,,,,,13705.0,-0.67336,0.00325,7.892,3.3191065245198557
,,,,,,13706.0,-0.66778,0.00344,8.3551,3.3756274751818856
,,,,,,13708.0,-0.67336,0.00363,8.8169,3.305908712067458
,,,,,,13709.0,-0.67522,0.00382,9.2799,3.366841913154307
,,,,,,13710.0,-0.66778,0.00401,9.743,3.437010859499552
,,,,,,13711.0,-0.66964,0.0042,10.201,3.2929053961042594
,,,,,,13712.0,-0.6715,0.00439,10.6641,3.338092160469263
,,,,,,13713.0,-0.67708,0.00458,11.1271,3.402203149024829
,,,,,,13714.0,-0.67336,0.00477,11.5902,3.4430690328571156
,,,,,,13715.0,-0.66964,0.00496,12.0533,3.340187999428837
,,,,,,13716.0,-0.6715,0.00516,12.5201,3.4437302476458544
,,,,,,13717.0,-0.67522,0.00534,12.9794,3.3052765380295264
,,,,,,13718.0,-0.67336,0.00553,13.4424,3.334799611660498
,,,,,,13719.0,-0.6715,0.00573,13.9042,3.358825056073701
,,,,,,13720.0,-0.67336,0.00592,14.3849,3.2931580658874555
,,,,,,13721.0,-0.6715,0.00611,14.8479,3.1876740390554565
,,,,,,13722.0,-0.6715,0.0063,15.3097,3.322027067837565
,,,,,,13723.0,-0.67522,0.00649,15.7728,3.4279769561734494
,,,,,,13723.0,-0.67708,0.00654,15.887,3.4294088648372547
,,,,,,13723.0,-5.40737,0.00654,15.887,3.043495602617943
,,,,,,13724.0,-5.40551,0.00824,20.0043,3.1112542177018914
,,,,,,13725.0,-5.40551,0.00968,23.5054,3.1675087740149848
,,,,,,13726.0,-5.40365,0.01121,27.2262,3.1522331593069444
,,,,,,13727.0,-5.40551,0.01276,30.9821,3.2329603007048244
,,,,,,13728.0,-5.40365,0.01439,34.9576,3.178543361190043
,,,,,,13729.0,-5.40365,0.01593,38.6771,3.058764125434904
,,,,,,13730.0,-5.40551,0.01746,42.3966,3.198582219885865
,,,,,,13731.0,-5.40551,0.01872,45.4598,3.233944008553411
,,,,,,13731.0,-3.38542,0.01872,45.4598,3.2757547361831363
,,,,,,13732.0,-3.38356,0.01962,47.6496,3.374629642090722
,,,,,,13733.0,-3.38356,0.0206,50.0427,3.0774000597347766
,,,,,,13734.0,-3.37984,0.02156,52.3667,3.192814785563459
,,,,,,13735.0,-3.37798,0.02252,54.6921,3.2501097301919977
,,,,,,13736.0,-3.37984,0.0235,57.0625,3.0790392047482182
,,,,,,13737.0,-3.37798,0.02445,59.3866,3.2264077596867855
,,,,,,13738.0,-3.37612,0.02541,61.7119,3.2363686330050205
,,,,,,13739.0,-3.37612,0.02637,64.036,3.159887542960203
,,,,,,13740.0,-3.37612,0.02731,66.3375,3.0850228163000524
,,,,,,13741.0,-3.37798,0.02832,68.7757,3.3127413727635515
,,,,,,13742.0,-3.37798,0.02921,70.9417,3.0967536528205706
,,,,,,13743.0,-3.37984,0.03024,73.4477,3.2227694861909173
,,,,,,13744.0,-3.37984,0.03118,75.7278,3.1658752867516298
,,,,,,13745.0,-3.37984,0.03213,78.0293,3.1898268777065595
,,,,,,13746.0,-3.37984,0.0331,80.3772,3.244068295409252
,,,,,,13747.0,-3.37612,0.03404,82.6774,3.2500643263552726
,,,,,,13748.0,-3.37798,0.035,85.0028,3.2555726873827555
,,,,,,13750.0,-3.37798,0.0359,87.1913,3.2827051091332833
,,,,,,13751.0,-3.37798,0.03698,89.8115,3.275443979686275
,,,,,,13752.0,-3.37798,0.03795,92.1594,3.362302922799669
,,,,,,13753.0,-3.37612,0.03888,94.4383,3.490538657650128
,,,,,,13754.0,-3.37798,0.03984,96.7636,3.121819990256226
,,,,,,13755.0,-3.37798,0.0408,99.0877,3.177382444240503
,,,,,,13755.0,-3.37798,0.04117,100.0,3.290529297253263
,,,,,,13755.0,-3.37798,0.04117,100.0,3.142625558907243
,,,,,,,,,,
,,,,,,13755.0,1.34859,0.0,0.0,3.4309995324829274
,,,,,,13756.0,1.34859,0.00042,13.9683,3.401620320201198
,,,,,,13757.0,1.34859,0.0008,26.7137,3.602043619424639
,,,,,,13758.0,1.34859,0.00118,39.442,3.5802789924257366
,,,,,,13759.0,1.35045,0.00156,51.929,3.421856578838632
,,,,,,13760.0,1.34859,0.00195,65.0362,3.4720851090963256
,,,,,,13761.0,1.34859,0.00233,77.7816,3.4838731853813516
,,,,,,13762.0,1.34673,0.00272,90.5098,3.6025630929456893
,,,,,,13763.0,1.34673,0.003,100.0,3.4262255484933584
,,,,,,13763.0,1.34673,0.003,100.0,3.39542203840492
,,,,,,,,,,
,,,,,,13763.0,-1.34301,0.0,0.0,3.433773345617015
,,,,,,13764.0,-1.35045,0.00038,3.1532,3.3707578443443316
,,,,,,13765.0,-1.35231,0.00076,6.3366,3.360906710300733
,,,,,,13766.0,-1.35231,0.00114,9.4898,3.4378487349097426
,,,,,,13767.0,-1.34859,0.00151,12.6129,3.4999025034156985
,,,,,,13768.0,-1.35231,0.00191,15.8608,3.1715222047275486
,,,,,,13769.0,-1.34859,0.00231,19.2635,3.104584197816154
,,,,,,13770.0,-1.34859,0.00267,22.2576,3.4018015387566516
,,,,,,13771.0,-1.35045,0.00306,25.4452,3.224154777880404
,,,,,,13772.0,-1.34859,0.00344,28.6329,3.293973404661089
,,,,,,13773.0,-1.34859,0.00382,31.8162,3.2388025248215078
,,,,,,13774.0,-1.34673,0.0042,34.9953,3.349350754085534
,,,,,,13775.0,-1.35231,0.0046,38.3077,3.3605348556942554
,,,,,,13776.0,-1.34859,0.00498,41.491,3.5612402418374427
,,,,,,13777.0,-1.35045,0.00537,44.6787,3.3400202051273067
,,,,,,13778.0,-1.35231,0.00575,47.8663,3.261731330759474
,,,,,,13779.0,-1.35045,0.00613,51.0496,3.3933503205727704
,,,,,,13780.0,-1.35045,0.00651,54.2373,3.348376816100531
,,,,,,13781.0,-1.35045,0.00689,57.3948,3.332470517643276
,,,,,,13782.0,-1.34859,0.00728,60.5782,3.2775762122928773
,,,,,,13783.0,-1.35045,0.00766,63.7615,3.2987121526252103
,,,,,,13785.0,-1.34673,0.00804,66.9405,3.2898184045743855
,,,,,,13786.0,-1.34859,0.00843,70.1583,3.3193710985488503
,,,,,,13787.0,-1.35603,0.00881,73.3115,3.279717783639377
,,,,,,13788.0,-1.34859,0.00918,76.4605,3.1826032286389334
,,,,,,13789.0,-1.34859,0.00956,79.5836,3.387497002085518
,,,,,,13790.0,-1.35045,0.00992,82.5518,3.1459328561276703
,,,,,,13791.0,-1.35045,0.01033,85.9847,3.3534478712123463
,,,,,,13792.0,-1.34859,0.01069,89.0132,3.499364383941286
,,,,,,13793.0,-1.35045,0.01109,92.3514,3.1796331974997463
,,,,,,13794.0,-1.35045,0.01147,95.5347,3.3652436821321756
,,,,,,13795.0,-1.35045,0.01186,98.7181,3.3374867628778833
,,,,,,13795.0,-1.35045,0.01201,100.0,3.3421976667540942
,,,,,,13795.0,-1.35045,0.01201,100.0,3.4002529547900164
,,,,,,,,,,
,,,,,,13795.0,2.70833,0.0,0.0,3.242822929546264
,,,,,,13796.0,2.70275,0.00082,13.5184,3.2314522496644438
,,,,,,13797.0,2.70089,0.0016,26.4219,3.653714221389821
,,,,,,13798.0,2.70461,0.00237,39.2058,3.500108373579502
,,,,,,13799.0,2.70275,0.00309,50.9991,3.2683949769416145
,,,,,,13800.0,2.70275,0.00384,63.5354,3.8276631582114553
,,,,,,13801.0,2.70647,0.00461,76.1828,3.406214457288098
,,,,,,13802.0,2.70461,0.00537,88.7105,3.649125503832008
,,,,,,13803.0,2.70275,0.00605,100.0,3.4470867466437722
,,,,,,13803.0,0.0,0.00605,100.0,3.621159786358601
,,,,,,13804.0,0.0,0.00605,100.0,3.4468688260544957
,,,,,,13805.0,0.0,0.00605,100.0,3.333192206029981
,,,,,,13806.0,0.0,0.00605,100.0,3.3348369603955104
,,,,,,13807.0,0.0,0.00605,100.0,3.408847795104221
,,,,,,13808.0,0.0,0.00605,100.0,3.525532855094845
,,,,,,13809.0,0.0,0.00605,100.0,3.5422799977520354
,,,,,,13810.0,0.0,0.00605,100.0,3.6631572740047327
,,,,,,13811.0,0.0,0.00605,100.0,3.317611506304824
,,,,,,13812.0,0.0,0.00605,100.0,3.623287758962617
,,,,,,13813.0,0.0,0.00605,100.0,3.4217639411414034
,,,,,,13814.0,0.0,0.00605,100.0,3.5546402495115763
,,,,,,13815.0,0.0,0.00605,100.0,3.5337690872039778
,,,,,,13816.0,0.0,0.00605,100.0,3.439706624896413
,,,,,,13818.0,0.0,0.00605,100.0,3.322166060565481
,,,,,,13819.0,0.0,0.00605,100.0,3.280500099106257
,,,,,,13820.0,0.0,0.00605,100.0,3.4755360324891083
,,,,,,13821.0,0.0,0.00605,100.0,3.4178559574721423
,,,,,,13822.0,0.0,0.00605,100.0,3.147942283031753
,,,,,,13823.0,0.0,0.00605,100.0,3.3834520240787236
,,,,,,13824.0,0.0,0.00605,100.0,3.3966343929293816
,,,,,,13825.0,0.0,0.00605,100.0,3.5508917793605206
,,,,,,13826.0,0.0,0.00605,100.0,3.5070071721926537
,,,,,,13827.0,0.0,0.00605,100.0,3.595204814342909
,,,,,,13828.0,0.0,0.00605,100.0,3.6063819632223475
,,,,,,13829.0,0.0,0.00605,100.0,3.4787999904959297
,,,,,,13830.0,0.0,0.00605,100.0,3.527660199748813
,,,,,,13831.0,0.0,0.00605,100.0,3.472412678583567
,,,,,,13832.0,0.0,0.00605,100.0,3.446778908214071
,,,,,,13833.0,0.0,0.00605,100.0,3.3022788446447757
,,,,,,13834.0,0.0,0.00605,100.0,3.438995689768945
,,,,,,13835.0,0.0,0.00605,100.0,3.329798473054059
,,,,,,13836.0,0.0,0.00605,100.0,3.2961558765939953
,,,,,,13837.0,0.0,0.00605,100.0,3.3816953685358153
,,,,,,13838.0,0.0,0.00605,100.0,3.496484838362603
,,,,,,13839.0,0.0,0.00605,100.0,3.496594725525132
,,,,,,13840.0,0.0,0.00605,100.0,3.5712086074138125
,,,,,,13841.0,0.0,0.00605,100.0,3.4578142582578866
,,,,,,13842.0,0.0,0.00605,100.0,3.5225926458989085
,,,,,,13843.0,0.0,0.00605,100.0,3.4196342836754003
,,,,,,13844.0,0.0,0.00605,100.0,3.3500924356230706
,,,,,,13845.0,0.0,0.00605,100.0,3.393603162055278
,,,,,,13846.0,0.0,0.00605,100.0,3.511521983876031
,,,,,,13847.0,0.0,0.00605,100.0,3.5040759431206627
,,,,,,13848.0,0.0,0.00605,100.0,3.4372506517367154
,,,,,,13849.0,0.0,0.00605,100.0,3.268247678729625
,,,,,,13850.0,0.0,0.00605,100.0,3.4983644651313535
,,,,,,13851.0,0.0,0.00605,100.0,3.3745272483712876
,,,,,,13852.0,0.0,0.00605,100.0,3.470625025529947
,,,,,,13853.0,0.0,0.00605,100.0,3.254060977478723
,,,,,,13854.0,0.0,0.00605,100.0,3.2523357121216
,,,,,,13855.0,0.0,0.00605,100.0,3.4947784893075204
,,,,,,13856.0,0.0,0.00605,100.0,3.5446220333132055
,,,,,,13857.0,0.0,0.00605,100.0,3.3041432860356865
,,,,,,13858.0,0.0,0.00605,100.0,3.4015491996693408
,,,,,,13858.0,0.0,0.00605,100.0,3.375962660130402
,,,,,,,,,,
,,,,,,13858.0,-0.66964,0.0,0.0,3.391718600551382
,,,,,,13859.0,-0.66778,0.0002,2.0997,3.428842433929559
,,,,,,13860.0,-0.6715,0.0004,4.1092,3.328143937220115
,,,,,,13861.0,-0.6715,0.00059,6.0498,3.553078793220164
,,,,,,13862.0,-0.67336,0.00078,8.0064,3.489412852460875
,,,,,,13863.0,-0.67336,0.00097,9.9576,3.6208403687056094
,,,,,,13864.0,-0.66964,0.00116,11.9141,3.508851938859333
,,,,,,13865.0,-0.67336,0.00135,13.8653,3.509583135191087
,,,,,,13866.0,-0.6715,0.00154,15.8006,3.1741640681807444
,,,,,,13867.0,-0.6715,0.00173,17.7625,3.4224782179102236
,,,,,,13868.0,-0.6715,0.00192,19.7137,3.357366057322526
,,,,,,13869.0,-0.67336,0.00211,21.649,3.5892554823748233
,,,,,,13870.0,-0.6715,0.0023,23.6055,3.3032625824127715
,,,,,,13871.0,-0.67336,0.00249,25.5832,3.5336451788550813
,,,,,,13872.0,-0.6715,0.00268,27.5186,3.44459163172751
,,,,,,13873.0,-0.66778,0.00287,29.4327,3.4602504267905645
,,,,,,13874.0,-0.67336,0.00305,31.3468,3.641164465768419
,,,,,,13876.0,-0.66964,0.00325,33.3404,3.4891482280591712
,,,,,,13877.0,-0.66964,0.00344,35.3181,3.3275404194095657
,,,,,,13878.0,-0.6715,0.00363,37.2747,3.2915562159603775
,,,,,,13879.0,-0.67522,0.00382,39.2153,3.4297931765803673
,,,,,,13880.0,-0.6715,0.00402,41.246,3.3510571012696366
,,,,,,13881.0,-0.67336,0.00421,43.2025,3.4286018721790392
,,,,,,13882.0,-0.66778,0.00441,45.2916,3.2888281794344376
,,,,,,13883.0,-0.67336,0.00461,47.3118,3.354878376553343
,,,,,,13884.0,-0.66964,0.00481,49.3213,3.369327204180733
,,,,,,13885.0,-0.66778,0.005,51.2778,3.474174459795767
,,,,,,13886.0,-0.67336,0.00519,53.2503,3.42848249299399
,,,,,,13886.0,-0.67336,0.00523,53.6797,3.3612650618010025
,,,,,,13886.0,-1.35231,0.00523,53.6797,3.393625744805047
,,,,,,13887.0,-1.35231,0.00561,57.6087,3.256557136165423
,,,,,,13888.0,-1.35045,0.006,61.5748,3.246247960683456
,,,,,,13889.0,-1.35417,0.00638,65.4666,3.4914799675636643
,,,,,,13890.0,-1.34859,0.00676,69.3902,3.1912416102553753
,,,,,,13891.0,-1.34487,0.00715,73.3245,3.3764520782494567
,,,,,,13892.0,-1.34859,0.00757,77.6723,3.3913322687396743
,,,,,,13893.0,-1.35045,0.00796,81.6755,3.2640605710035078
,,,,,,13894.0,-1.35045,0.00834,85.6045,3.370905946405752
,,,,,,13895.0,-1.34859,0.00872,89.491,3.2196671553312624
,,,,,,13896.0,-1.35045,0.00907,93.1071,3.1670022525324213
,,,,,,13897.0,-1.34859,0.00946,97.036,3.2415126128558924
,,,,,,13898.0,-1.34859,0.00974,100.0,3.39175562560625
,,,,,,13898.0,-1.34859,0.00974,100.0,3.3228347765688104
,,,,,,,,,,
,,,,,,13898.0,0.66778,0.0,0.0,3.5091090926925586
,,,,,,13899.0,0.6808,0.0002,13.5524,3.3141255230907904
,,,,,,13900.0,0.67336,0.00039,26.0438,3.3737212702691313
,,,,,,13901.0,0.67522,0.00059,38.7748,3.5449115076082545
,,,,,,13902.0,0.6715,0.00077,51.2663,3.3680946078953533
,,,,,,13903.0,0.66778,0.00097,64.0315,3.529623854260248
,,,,,,13904.0,0.66964,0.00116,76.5572,3.4115290544199115
,,,,,,13905.0,0.66778,0.00134,88.9117,3.4899973273169276
,,,,,,13906.0,0.67336,0.00151,100.0,3.4689676027584433
,,,,,,13906.0,0.0,0.00151,100.0,3.3429786864085482
,,,,,,13907.0,0.0,0.00151,100.0,3.555767630245672
,,,,,,13908.0,0.0,0.00151,100.0,3.5151727686807868
,,,,,,13909.0,0.0,0.00151,100.0,3.380826379187858
,,,,,,13910.0,0.0,0.00151,100.0,3.45922472087109
,,,,,,13911.0,0.0,0.00151,100.0,3.3633191307489314
,,,,,,13912.0,0.0,0.00151,100.0,3.3454847982815235
,,,,,,13913.0,0.0,0.00151,100.0,3.4397970745049977
,,,,,,13914.0,0.0,0.00151,100.0,3.415885255496836
,,,,,,13915.0,0.0,0.00151,100.0,3.379883836364735
,,,,,,13916.0,0.0,0.00151,100.0,3.657979759167139
,,,,,,13917.0,0.0,0.00151,100.0,3.2547379770611
,,,,,,13918.0,0.0,0.00151,100.0,3.447317606635412
,,,,,,13919.0,0.0,0.00151,100.0,3.4142920478743957
,,,,,,13920.0,0.0,0.00151,100.0,3.4827225685687515
,,,,,,13922.0,0.0,0.00151,100.0,3.3699378716838417
,,,,,,13922.0,0.0,0.00151,100.0,3.5121651127006674
,,,,,,13922.0,0.0,0.00151,100.0,3.508561968860323
,,,,,,,,,,
,,,,,,13922.0,-0.67708,0.0,0.0,3.3260912836010585
,,,,,,13923.0,-0.66964,0.00018,0.8719,3.403583620801098
,,,,,,13924.0,-0.6715,0.00038,1.8185,3.4665443031364886
,,,,,,13925.0,-0.66778,0.00057,2.7378,3.449718824860871
,,,,,,13926.0,-0.6715,0.00077,3.7342,3.4315110570294527
,,,,,,13927.0,-0.67894,0.00095,4.5812,3.2609583245784455
,,,,,,13928.0,-0.67336,0.00114,5.5005,3.2673534456268536
,,,,,,13929.0,-0.66964,0.00133,6.4073,3.436217233357108
,,,,,,13930.0,-0.66778,0.00152,7.3365,3.335968553707121
,,,,,,13931.0,-0.67336,0.00171,8.2457,3.5568477611020723
,,,,,,13933.0,-0.67522,0.0019,9.165,3.4261876266727644
,,,,,,13934.0,-0.67336,0.00209,10.0817,3.577759172075698
,,,,,,13935.0,-0.6715,0.00228,11.0009,3.4338803634321935
,,,,,,13936.0,-0.67336,0.00248,11.9451,3.3960312440750617
,,,,,,13937.0,-0.67336,0.00267,12.8818,3.3512385329183627
,,,,,,13938.0,-0.6715,0.00288,13.8932,3.3687187291606366
,,,,,,13939.0,-0.67336,0.00308,14.8274,3.3661250863567043
,,,,,,13940.0,-0.6715,0.00327,15.7441,3.44365196047747
,,,,,,13941.0,-0.66964,0.00346,16.6609,3.478185375765067
,,,,,,13942.0,-0.67336,0.00365,17.5776,3.4920267001602783
,,,,,,13943.0,-0.67522,0.00384,18.4968,3.356455311513126
,,,,,,13944.0,-0.67708,0.00403,19.4211,3.5929332649112493
,,,,,,13945.0,-0.6715,0.00422,20.3378,3.415758663934833
,,,,,,13946.0,-0.67336,0.00441,21.257,3.2808439280485735
,,,,,,13947.0,-0.67522,0.0046,22.1738,3.4122042640776753
,,,,,,13948.0,-0.6715,0.00479,23.093,3.473322274360166
,,,,,,13949.0,-0.6715,0.00498,24.0023,3.29924026389179
,,,,,,13950.0,-0.6715,0.00517,24.9315,3.46973549494245
,,,,,,13951.0,-0.67522,0.00536,25.8408,3.3859083369367684
,,,,,,13952.0,-0.66964,0.00555,26.7749,3.2030227908253734
,,,,,,13953.0,-0.6715,0.00575,27.7017,3.364960314669794
,,,,,,13954.0,-0.67336,0.00592,28.5511,3.2292566356700396
,,,,,,13955.0,-0.66964,0.00613,29.57,3.3417943610091716
,,,,,,13956.0,-0.67336,0.00632,30.4893,3.2990902599146668
,,,,,,13957.0,-0.6715,0.00651,31.4085,3.361407496143069
,,,,,,13958.0,-0.66964,0.00671,32.3277,3.343336612842291
,,,,,,13959.0,-0.6715,0.00689,33.2345,3.465966743637082
,,,,,,13960.0,-0.67336,0.00708,34.1513,3.311073110675684
,,,,,,13961.0,-0.66964,0.00727,35.0705,3.41994907641231
,,,,,,13962.0,-0.6715,0.00746,35.9897,3.1812713622570588
,,,,,,13963.0,-0.67336,0.00764,36.8342,3.314347595031308
,,,,,,13964.0,-0.6715,0.00783,37.7535,3.366380002566623
,,,,,,13965.0,-0.67522,0.00804,38.7724,3.4315951767614687
,,,,,,13966.0,-0.67522,0.00824,39.7165,3.3667217998639867
,,,,,,13967.0,-0.67336,0.00843,40.6333,3.3322223094659558
,,,,,,13968.0,-0.6715,0.00862,41.5525,3.47844145212371
,,,,,,13969.0,-0.66964,0.00881,42.4717,3.3760589573969217
,,,,,,13970.0,-0.67336,0.009,43.3885,3.4394255609524045
,,,,,,13972.0,-0.6715,0.0092,44.3326,3.3857528061167
,,,,,,13973.0,-0.6715,0.00938,45.2245,3.4280309442976025
,,,,,,13974.0,-0.67708,0.00957,46.1412,3.2170227703149177
,,,,,,13975.0,-0.67336,0.00976,47.0505,3.3954412213139786
,,,,,,13976.0,-0.66778,0.00995,47.9672,3.4670267689245846
,,,,,,13977.0,-0.66964,0.01014,48.8865,3.2957347817684237
,,,,,,13978.0,-0.67708,0.01034,49.868,3.321772595093232
,,,,,,13979.0,-0.67336,0.01054,50.8096,3.3704910202236724
,,,,,,13980.0,-0.6715,0.01073,51.7264,3.558547373260452
,,,,,,13981.0,-0.6715,0.01092,52.6431,3.295865111608574
,,,,,,13982.0,-0.67522,0.01111,53.5723,3.4583296399158505
,,,,,,13983.0,-0.67708,0.01129,54.4293,3.6290149173591404
,,,,,,13984.0,-0.6715,0.01149,55.3934,3.3669986822348603
,,,,,,13985.0,-0.67522,0.01169,56.3749,3.2419945846342437
,,,,,,13986.0,-0.67522,0.01189,57.3315,3.356276361987969
,,,,,,13987.0,-0.6715,0.01208,58.2482,3.346861906131789
,,,,,,13988.0,-0.67336,0.01227,59.1699,3.2883448030512206
,,,,,,13989.0,-0.66964,0.01246,60.0867,3.366342941931973
,,,,,,13990.0,-0.67336,0.01265,61.0059,3.3711673813886818
,,,,,,13991.0,-0.6715,0.01284,61.9152,3.590481850190469
,,,,,,13992.0,-0.67336,0.01303,62.8344,3.449859447023098
,,,,,,13993.0,-0.6715,0.01322,63.7562,3.309014381374237
,,,,,,13994.0,-0.66964,0.01341,64.6729,3.386014662545511
,,,,,,13995.0,-0.66778,0.0136,65.5921,3.3527977357394536
,,,,,,13996.0,-0.67522,0.0138,66.5288,3.467425220142748
,,,,,,13997.0,-0.6715,0.01399,67.4406,3.4853419410519777
,,,,,,13998.0,-0.66778,0.01418,68.3673,3.351358166542542
,,,,,,13999.0,-0.67522,0.01437,69.2766,3.4746697435121905
,,,,,,14000.0,-0.66778,0.01456,70.1958,3.5377877269646394
,,,,,,14001.0,-0.6715,0.01474,71.0503,3.2662711956024055
,,,,,,14002.0,-0.6715,0.01494,72.0393,3.4844292925108746
,,,,,,14003.0,-0.66778,0.01514,72.9834,3.2627489585501546
,,,,,,14004.0,-0.66964,0.01532,73.8752,3.3157428895213275
,,,,,,14005.0,-0.66964,0.01552,74.8194,3.424579442515008
,,,,,,14006.0,-0.67336,0.01571,75.7386,3.4499461589828244
,,,,,,14007.0,-0.67336,0.0159,76.6504,3.325771081138404
,,,,,,14008.0,-0.66778,0.01609,77.5671,3.493439594020651
,,,,,,14009.0,-0.67708,0.01625,78.3693,3.549903049631408
,,,,,,14009.0,-1.35231,0.01625,78.3693,3.4971726889604047
,,,,,,14010.0,-1.35045,0.01665,80.2875,3.34429630549804
,,,,,,14011.0,-1.35045,0.01704,82.1658,3.2244677197340383
,,,,,,14012.0,-1.35045,0.01743,84.0118,3.2494709421170334
,,,,,,14013.0,-1.34859,0.01781,85.8552,3.380157463388088
,,,,,,14014.0,-1.34859,0.01819,87.6987,3.2734546928470807
,,,,,,14015.0,-1.34859,0.01857,89.5446,3.346393633005538
,,,,,,14016.0,-1.35045,0.01895,91.3706,3.3651016073031363
,,,,,,14018.0,-1.35045,0.01934,93.2315,3.3784501161107157
,,,,,,14019.0,-1.34859,0.01973,95.1148,3.23796901981477
,,,,,,14020.0,-1.34859,0.02012,96.9957,3.624826048918704
,,,,,,14021.0,-1.34859,0.0205,98.8416,3.347112262237988
,,,,,,14021.0,-1.35045,0.02074,100.0,3.4095612258610304
,,,,,,14021.0,-1.35045,0.02074,100.0,3.4214933744625693
,,,,,,,,,,
,,,,,,14021.0,0.67522,0.0,0.0,3.4555465051660232
,,,,,,14022.0,0.6715,0.0002,13.3652,3.4285552585137244
,,,,,,14023.0,0.67708,0.00038,25.1279,3.4836457917433843
,,,,,,14024.0,0.67894,0.00057,37.8452,3.3250836003981106
,,,,,,14025.0,0.66964,0.00076,50.4603,3.3960065789050553
,,,,,,14026.0,0.67708,0.00097,63.6891,3.6780450975800365
,,,,,,14027.0,0.6715,0.00116,76.5428,3.4399441647534315
,,,,,,14028.0,0.67336,0.00135,89.0215,3.2629478434657977
,,,,,,14029.0,0.67708,0.00152,100.0,3.2861538139240825
,,,,,,14029.0,0.0,0.00152,100.0,3.6381664874922643
,,,,,,14031.0,0.0,0.00152,100.0,3.4555951899577133
,,,,,,14032.0,0.0,0.00152,100.0,3.4230626936278292
,,,,,,14033.0,0.0,0.00152,100.0,3.440807174656591
,,,,,,14034.0,0.0,0.00152,100.0,3.526472634259708
,,,,,,14035.0,0.0,0.00152,100.0,3.481360210421977
,,,,,,14036.0,0.0,0.00152,100.0,3.3416466815182715
,,,,,,14037.0,0.0,0.00152,100.0,3.3755292214863917
,,,,,,14038.0,0.0,0.00152,100.0,3.434419447467956
,,,,,,14039.0,0.0,0.00152,100.0,3.296500993190011
,,,,,,14040.0,0.0,0.00152,100.0,3.443497788944679
,,,,,,14041.0,0.0,0.00152,100.0,3.5126916046554832
,,,,,,14042.0,0.0,0.00152,100.0,3.407134220532615
,,,,,,14043.0,0.0,0.00152,100.0,3.474167878923592
,,,,,,14044.0,0.0,0.00152,100.0,3.4415375400281807
,,,,,,14045.0,0.0,0.00152,100.0,3.3037219649831933
,,,,,,14045.0,0.0,0.00152,100.0,3.420111997801293
,,,,,,14045.0,0.0,0.00152,100.0,3.4429108663726766
,,,,,,,,,,
,,,,,,14045.0,-0.66964,0.0,0.0,3.469905972115654
,,,,,,14046.0,-0.6715,0.0002,1.0562,3.3582754218602773
,,,,,,14047.0,-0.6715,0.00039,2.1012,3.2968491719008646
,,,,,,14048.0,-0.6715,0.00058,3.1295,3.1980923562007275
,,,,,,14050.0,-0.6715,0.00077,4.1467,3.2768076030886664
,,,,,,14051.0,-0.67522,0.00096,5.1666,3.3132831788651957
,,,,,,14052.0,-0.67336,0.00115,6.1922,3.347843810655433
,,,,,,14053.0,-0.6715,0.00134,7.2205,3.315675663292596
,,,,,,14054.0,-0.6715,0.00154,8.3296,3.3213369255969396
,,,,,,14055.0,-0.67522,0.00172,9.2743,3.2429803130470427
,,,,,,14056.0,-0.67522,0.00192,10.3333,3.202169544004675
,,,,,,14057.0,-0.67336,0.00211,11.3616,3.450312115402058
,,,,,,14058.0,-0.67336,0.0023,12.3816,3.470542462651238
,,,,,,14059.0,-0.66964,0.00249,13.4071,3.157056248946854
,,,,,,14060.0,-0.6715,0.00267,14.4243,3.4153048598837006
,,,,,,14061.0,-0.6715,0.00287,15.4637,3.276135314216064
,,,,,,14062.0,-0.6715,0.00306,16.5143,3.5247308917393667
,,,,,,14063.0,-0.66964,0.00325,17.551,3.3176738972694775
,,,,,,14064.0,-0.6715,0.00345,18.5988,3.3247510590298193
,,,,,,14065.0,-0.67522,0.00364,19.6327,3.243174770414869
,,,,,,14066.0,-0.67522,0.00383,20.661,3.4565535561083753
,,,,,,14067.0,-0.66964,0.00402,21.6977,3.297007199062541
,,,,,,14068.0,-0.67336,0.00421,22.7149,3.3161077581116394
,,,,,,14069.0,-0.67522,0.0044,23.7432,3.4303606208428077
,,,,,,14070.0,-0.67708,0.00459,24.7603,3.306141412979929
,,,,,,14071.0,-0.67336,0.00478,25.7887,3.3837854440364485
,,,,,,14072.0,-0.6715,0.00497,26.817,3.2319002016626195
,,,,,,14073.0,-0.67336,0.00516,27.8425,3.3051410390904525
,,,,,,14074.0,-0.6715,0.00535,28.8708,3.3116217155648227
,,,,,,14075.0,-0.6715,0.00554,29.888,3.2180432012910725
,,,,,,14076.0,-0.67336,0.00573,30.9191,3.23674516861144
,,,,,,14077.0,-0.67522,0.00594,32.0477,3.3227456716043378
,,,,,,14078.0,-0.66964,0.00612,33.0259,3.276239957607021
,,,,,,14079.0,-0.67336,0.00631,34.0514,3.319476818698598
,,,,,,14080.0,-0.6715,0.0065,35.0797,3.196948419375112
,,,,,,14080.0,-0.67336,0.00653,35.2107,3.2774732223099674
,,,,,,14080.0,-5.39993,0.00653,35.2107,3.1367335669703458
,,,,,,14081.0,-5.40551,0.00809,43.6323,3.037025316290286
,,,,,,14082.0,-5.40365,0.00961,51.8114,3.1960232164316054
,,,,,,14083.0,-5.40737,0.01114,60.0713,3.230712460155139
,,,,,,14084.0,-5.40551,0.01267,68.3341,3.160163402790303
,,,,,,14086.0,-5.40365,0.01434,77.3242,2.9620373231835897
,,,,,,14087.0,-5.40365,0.0159,85.743,3.0142399346943782
,,,,,,14088.0,-5.40737,0.01743,94.0057,2.916274687118693
,,,,,,14088.0,-5.40923,0.01854,100.0,3.1332084084870826
