测试时间/Sec,电流/A,容量/Ah,SOC|DOD/%,电压/V,Unnamed: 5,测试时间/Sec.1,电流/A.1,容量/Ah.1,SOC|DOD/%.1,电压/V.1
428.0,4.34524,0.0,0.0,3.195374,,3787.0,0.0,2.72523,100.0,4.171316355081631
429.0,4.34338,0.00116,0.0425,3.241878,,3788.0,0.0,2.72523,100.0,4.162840244964682
430.0,4.34338,0.00244,0.0895,3.269159,,3789.0,0.0,2.72523,100.0,4.179528734476885
431.0,4.34524,0.00372,0.1364,3.28807,,3790.0,0.0,2.72523,100.0,4.199302579638905
432.0,4.34524,0.005,0.1833,3.302951,,3791.0,0.0,2.72523,100.0,4.179565315734853
433.0,4.34524,0.00628,0.2303,3.316282,,3792.0,0.0,2.72523,100.0,4.163865356496939
434.0,4.34524,0.00756,0.2772,3.328063,,3793.0,0.0,2.72523,100.0,4.19409420530733
435.0,4.3471,0.00882,0.3238,3.338914,,3794.0,0.0,2.72523,100.0,4.162272354398259
436.0,4.34338,0.0101,0.3707,3.349144,,3795.0,0.0,2.72523,100.0,4.171196067594636
437.0,4.3471,0.01138,0.4176,3.358755,,3796.0,0.0,2.72523,100.0,4.1584554158709635
438.0,4.34524,0.01266,0.4646,3.367746,,3797.0,0.0,2.72523,100.0,4.162346674481315
439.0,4.34524,0.01393,0.5111,3.376736,,3798.0,0.0,2.72523,100.0,4.1717957821538905
440.0,4.34524,0.01505,0.5523,3.384487,,3799.0,0.0,2.72523,100.0,4.171763326286858
441.0,4.34896,0.01633,0.5993,3.392237,,3800.0,0.0,2.72523,100.0,4.161879769168333
442.0,4.34524,0.01761,0.6462,3.399678,,3801.0,0.0,2.72523,100.0,4.167518171037711
444.0,4.34524,0.01877,0.6888,3.406498,,3802.0,0.0,2.72523,100.0,4.1654811013727295
445.0,4.34524,0.02007,0.7366,3.413629,,3803.0,0.0,2.72523,100.0,4.158138988341106
446.0,4.34524,0.0212,0.7778,3.419829,,3804.0,0.0,2.72523,100.0,4.177032895035321
447.0,4.34338,0.02248,0.8247,3.426339,,3804.0,0.0,2.72523,100.0,4.1725909836102515
448.0,4.34524,0.02376,0.8717,3.43254,,,,,,
449.0,4.34338,0.02502,0.9182,3.43874,,3804.0,-0.6715,0.0,0.0,4.135707831690684
450.0,4.34152,0.02631,0.9656,3.444941,,3805.0,-0.67522,0.00017,1.7803,4.138135662640365
451.0,4.3471,0.02748,1.0085,3.450211,,3806.0,-0.67336,0.00037,3.8203,4.140782256469682
452.0,4.34524,0.02876,1.0555,3.455791,,3807.0,-0.67522,0.00057,5.8761,4.136983032907879
453.0,4.34338,0.03003,1.102,3.461371,,3808.0,-0.67522,0.00077,7.9108,4.130829519729252
454.0,4.3471,0.03115,1.1432,3.466332,,3809.0,-0.67522,0.00097,9.9507,4.158260288815027
455.0,4.34524,0.03243,1.1901,3.471602,,3810.0,-0.67522,0.00117,11.9854,4.138794423218981
456.0,4.34524,0.03371,1.2371,3.476563,,3811.0,-0.67336,0.00137,14.0253,4.13771532429356
457.0,4.3471,0.03498,1.2836,3.481523,,3812.0,-0.67522,0.00157,16.0653,4.142123771667149
458.0,4.34524,0.0361,1.3248,3.486173,,3813.0,-0.67522,0.00175,17.9675,4.1483252252918215
459.0,4.34524,0.03738,1.3718,3.490824,,3814.0,-0.67522,0.00195,20.0074,4.127568486404817
460.0,4.34524,0.03865,1.4183,3.495784,,3815.0,-0.67522,0.00215,22.0421,4.1411455080828
461.0,4.34524,0.03993,1.4652,3.500124,,3816.0,-0.67522,0.00235,24.082,4.141668184979573
462.0,4.3471,0.04121,1.5121,3.504774,,3817.0,-0.67522,0.00255,26.1167,4.139625724926257
463.0,4.34524,0.04249,1.5591,3.508805,,3818.0,-0.67522,0.00275,28.1566,4.123029236097684
464.0,4.34524,0.04376,1.6056,3.513145,,3819.0,-0.67522,0.00294,30.1966,4.111291427353394
465.0,4.34524,0.045,1.6512,3.517485,,3820.0,-0.67522,0.00314,32.2312,4.13471063235202
466.0,4.34524,0.0463,1.6991,3.521205,,3822.0,-0.67522,0.00334,34.2712,4.141834097531379
467.0,4.34524,0.04758,1.746,3.524926,,3823.0,-0.67522,0.00354,36.3058,4.144484995657215
468.0,4.34896,0.04885,1.7925,3.528956,,3824.0,-0.67522,0.00374,38.3458,4.126977009213386
469.0,4.3471,0.05013,1.8395,3.532676,,3825.0,-0.67522,0.00394,40.3857,4.124782128208633
470.0,4.34338,0.05141,1.8864,3.536396,,3826.0,-0.67336,0.00414,42.4204,4.125292832044958
472.0,4.34524,0.05269,1.9334,3.540426,,3827.0,-0.67336,0.00434,44.4603,4.150298852161164
473.0,4.34524,0.05396,1.9799,3.543837,,3828.0,-0.67522,0.00453,46.5003,4.149595575238295
474.0,4.34524,0.05524,2.0268,3.547247,,3829.0,-0.67522,0.00473,48.5349,4.12325531540272
475.0,4.34524,0.05652,2.0738,3.550657,,3830.0,-0.67522,0.00493,50.5749,4.125780188547213
476.0,4.34338,0.05779,2.1207,3.554067,,3831.0,-0.67522,0.00513,52.6095,4.117671256695917
477.0,4.3471,0.05907,2.1677,3.557168,,3832.0,-0.67522,0.00525,53.8812,4.130307243657346
478.0,4.34338,0.06035,2.2146,3.560888,,3832.0,-1.35045,0.00525,53.8812,4.089721386654245
479.0,4.34524,0.06162,2.2611,3.563988,,3833.0,-1.35231,0.00562,57.6538,4.095417699626163
480.0,4.3471,0.06279,2.3041,3.567088,,3834.0,-1.35231,0.00602,61.7337,4.12215636024527
481.0,4.34524,0.06411,2.3523,3.570189,,3835.0,-1.35045,0.00642,65.8136,4.087387912983357
482.0,4.3471,0.06539,2.3993,3.572979,,3836.0,-1.35231,0.00682,69.8935,4.096717164931624
483.0,4.34524,0.06667,2.4462,3.575769,,3837.0,-1.35045,0.00722,74.0158,4.103630602777006
484.0,4.34524,0.06793,2.4928,3.578559,,3838.0,-1.35045,0.00762,78.0957,4.074202273349074
485.0,4.34524,0.06906,2.5339,3.581659,,3839.0,-1.35231,0.00801,82.1756,4.073390295946779
486.0,4.34524,0.07034,2.5809,3.584449,,3840.0,-1.35231,0.00841,86.2555,4.0755329749815505
487.0,4.34524,0.0716,2.6274,3.58693,,3841.0,-1.35231,0.00881,90.3407,4.088010564096096
488.0,4.3471,0.07288,2.6743,3.58972,,3842.0,-1.35045,0.0092,94.3835,4.090216516508815
489.0,4.34524,0.07416,2.7213,3.5922,,3843.0,-1.35231,0.00955,97.96,4.094581447473
490.0,4.3471,0.07544,2.7682,3.59499,,3844.0,-1.35045,0.00975,100.0,4.096222883203273
492.0,4.34524,0.07672,2.8152,3.59747,,3844.0,-1.35045,0.00975,100.0,4.081204496286292
493.0,4.34524,0.07799,2.8617,3.59964,,,,,,
494.0,4.34524,0.07927,2.9086,3.602431,,3844.0,0.66964,0.0,0.0,4.173872780325032
495.0,4.34524,0.08075,2.9631,3.604911,,3845.0,0.66964,0.00022,14.718,4.151227506649475
496.0,4.3471,0.08201,3.0092,3.607391,,3846.0,0.66964,0.00042,27.8542,4.172262026244906
497.0,4.3471,0.08329,3.0561,3.609561,,3847.0,0.66778,0.00062,40.956,4.173837401984981
498.0,4.34524,0.08457,3.1031,3.611731,,3848.0,0.66964,0.00081,54.0922,4.178115421163246
499.0,4.34524,0.08583,3.1496,3.613591,,3849.0,0.66778,0.00099,65.6121,4.184229579665396
500.0,4.3471,0.08711,3.1965,3.615451,,3850.0,0.66964,0.00118,78.7139,4.170869685662948
501.0,4.3471,0.08839,3.2435,3.617621,,3851.0,0.66964,0.00138,91.8157,4.181121993082431
502.0,4.34524,0.08967,3.2904,3.619482,,3852.0,0.66964,0.0015,100.0,4.180924706882535
503.0,4.34524,0.09095,3.3374,3.621652,,3852.0,0.0,0.0015,100.0,4.159262148590609
504.0,4.34524,0.09223,3.3843,3.623512,,3853.0,0.0,0.0015,100.0,4.156755721787055
505.0,4.34524,0.09351,3.4313,3.625682,,3854.0,0.0,0.0015,100.0,4.12416416666799
506.0,4.3471,0.09478,3.4778,3.626922,,3855.0,0.0,0.0015,100.0,4.128052437798497
507.0,4.34338,0.09606,3.5247,3.628472,,3856.0,0.0,0.0015,100.0,4.135434865456704
509.0,4.34524,0.09734,3.5717,3.630022,,3857.0,0.0,0.0015,100.0,4.1453328114439785
510.0,4.34338,0.09862,3.6187,3.631572,,3858.0,0.0,0.0015,100.0,4.1380682576494525
511.0,4.3471,0.09986,3.6643,3.632813,,3859.0,0.0,0.0015,100.0,4.156264195399905
512.0,4.3471,0.10114,3.7112,3.634053,,3860.0,0.0,0.0015,100.0,4.138273894028668
513.0,4.34338,0.10241,3.7577,3.635603,,3861.0,0.0,0.0015,100.0,4.14714899491727
514.0,4.34338,0.10353,3.7989,3.636843,,3862.0,0.0,0.0015,100.0,4.157606421298114
515.0,4.34524,0.10481,3.8459,3.638083,,3863.0,0.0,0.0015,100.0,4.145215591143452
516.0,4.34338,0.10609,3.8929,3.639013,,3864.0,0.0,0.0015,100.0,4.146664806590587
517.0,4.34524,0.10736,3.9393,3.640253,,3865.0,0.0,0.0015,100.0,4.133325928521623
518.0,4.34524,0.10862,3.9859,3.641493,,3866.0,0.0,0.0015,100.0,4.147205445689767
519.0,4.34524,0.1099,4.0328,3.642423,,3867.0,0.0,0.0015,100.0,4.159978549924694
520.0,4.3471,0.11118,4.0798,3.643663,,3868.0,0.0,0.0015,100.0,4.166325208625831
521.0,4.3471,0.11246,4.1267,3.644903,,3868.0,0.0,0.0015,100.0,4.1392060734175455
522.0,4.34524,0.11374,4.1737,3.645833,,,,,,
523.0,4.34152,0.11502,4.2206,3.646763,,3868.0,-0.67336,0.0,0.0,4.127600665466542
524.0,4.34524,0.1163,4.2676,3.647693,,3869.0,-0.67522,0.0002,0.962,4.111284997860206
525.0,4.34524,0.11748,4.311,3.648314,,3870.0,-0.67336,0.0004,1.914,4.12419532767403
526.0,4.3471,0.1187,4.3557,3.649244,,3871.0,-0.67336,0.0006,2.8685,4.1228670711642454
527.0,4.34524,0.11998,4.4027,3.649863,,3872.0,-0.67522,0.0008,3.8206,4.131365138822679
528.0,4.34524,0.12126,4.4496,3.650794,,3873.0,-0.67336,0.001,4.7751,4.12124433849725
529.0,4.34524,0.12254,4.4966,3.651414,,3874.0,-0.67522,0.00119,5.7272,4.135551661154734
530.0,4.34524,0.12382,4.5435,3.652344,,3875.0,-0.67522,0.00137,6.5652,4.128050617107593
532.0,4.34524,0.1251,4.5905,3.652654,,3876.0,-0.67522,0.00157,7.5197,4.131923743246146
533.0,4.3471,0.12638,4.6374,3.653584,,3877.0,-0.67522,0.00177,8.4718,4.116653501526037
534.0,4.34338,0.12766,4.6843,3.654204,,3878.0,-0.67522,0.00196,9.4263,4.126275463418612
535.0,4.34896,0.12893,4.7309,3.654824,,3879.0,-0.67522,0.00216,10.3808,4.121774829648736
536.0,4.34524,0.13005,4.7721,3.655444,,3880.0,-0.67522,0.00236,11.3354,4.11539896488542
537.0,4.34338,0.13133,4.819,3.656064,,3881.0,-0.67522,0.00256,12.2899,4.118520408306206
538.0,4.34524,0.1326,4.8655,3.656684,,3883.0,-0.67336,0.00276,13.2419,4.110788852848273
539.0,4.34524,0.13388,4.9125,3.657304,,3884.0,-0.67522,0.00296,14.2064,4.124915292206137
540.0,4.3471,0.13536,4.9669,3.657924,,3885.0,-0.67522,0.00316,15.151,4.101633927357377
541.0,4.34338,0.13663,5.0134,3.658544,,3886.0,-0.67522,0.00333,15.9865,4.115195061800978
542.0,4.3471,0.13791,5.0604,3.659164,,3887.0,-0.67522,0.00353,16.941,4.100032447332201
543.0,4.34524,0.13919,5.1073,3.659784,,3888.0,-0.67522,0.00373,17.8956,4.115905907008901
544.0,4.3471,0.14046,5.1539,3.660404,,3889.0,-0.67522,0.00393,18.8476,4.128147922103197
545.0,4.34524,0.14158,5.1951,3.661024,,3890.0,-0.67522,0.00413,19.8022,4.139209801301054
546.0,4.34524,0.14286,5.242,3.661644,,3891.0,-0.67522,0.00433,20.7542,4.126624466359146
547.0,4.3471,0.14414,5.289,3.662264,,3892.0,-0.67522,0.00452,21.6988,4.110088976966738
548.0,4.34338,0.1454,5.3355,3.661334,,3893.0,-0.67522,0.00472,22.6261,4.107001982260894
549.0,4.34524,0.14653,5.3766,3.661954,,3894.0,-0.67522,0.00491,23.536,4.1036616768840615
550.0,4.34524,0.14781,5.4236,3.662574,,3895.0,-0.67522,0.0051,24.488,4.1178493168848265
551.0,4.34524,0.14909,5.4706,3.663194,,3896.0,-0.67522,0.0053,25.4525,4.105738074577594
553.0,4.34338,0.15036,5.5175,3.663815,,3897.0,-0.67522,0.0055,26.3971,4.1150639687444555
554.0,4.3471,0.15164,5.5645,3.664745,,3898.0,-0.67522,0.00568,27.2326,4.094382183918154
555.0,4.34524,0.15291,5.611,3.665055,,3899.0,-0.67708,0.00587,28.1871,4.112785658458245
556.0,4.3471,0.15412,5.6552,3.665675,,3900.0,-0.67522,0.00607,29.1417,4.104643155838902
557.0,4.34524,0.15552,5.7066,3.666295,,3901.0,-0.67522,0.00627,30.1036,4.114723170523679
558.0,4.34524,0.15679,5.7531,3.667225,,3902.0,-0.67522,0.00647,31.0582,4.108648754003526
559.0,4.3471,0.15807,5.8001,3.667535,,3903.0,-0.67522,0.00667,32.0028,4.092056103026307
560.0,4.34338,0.15933,5.8466,3.668155,,3904.0,-0.67522,0.00684,32.8383,4.098846763320766
561.0,4.34524,0.16061,5.8936,3.668775,,3905.0,-0.67522,0.00704,33.7928,4.102865902140116
562.0,4.3471,0.16189,5.9405,3.669395,,3906.0,-0.67522,0.00724,34.7474,4.109158103872495
563.0,4.34338,0.16316,5.987,3.669705,,3907.0,-0.67522,0.00744,35.6994,4.093881058441509
564.0,4.34524,0.16428,6.0282,3.670325,,3908.0,-0.67522,0.00764,36.6812,4.102766945286507
565.0,4.34338,0.16556,6.0751,3.670635,,3909.0,-0.67522,0.00782,37.5266,4.119489568240892
566.0,4.34338,0.16684,6.1221,3.671255,,3910.0,-0.67522,0.00802,38.4812,4.1086076880570745
567.0,4.3471,0.16812,6.169,3.671875,,3912.0,-0.67522,0.00822,39.4332,4.108363647901575
568.0,4.34524,0.16939,6.2155,3.672185,,3913.0,-0.67522,0.00842,40.3878,4.094589954971597
569.0,4.34338,0.17051,6.2567,3.672805,,3914.0,-0.67522,0.00859,41.2233,4.091381501088799
570.0,4.3471,0.17179,6.3037,3.673425,,3915.0,-0.67336,0.00879,42.1778,4.11068059632337
571.0,4.3471,0.17306,6.3502,3.673735,,3916.0,-0.67336,0.00899,43.1299,4.102384702764697
572.0,4.34524,0.17426,6.3945,3.674355,,3917.0,-0.67522,0.00919,44.0844,4.105872373039763
573.0,4.34524,0.17559,6.4432,3.674975,,3918.0,-0.67336,0.00939,45.0389,4.087609449359218
574.0,4.34338,0.17687,6.4902,3.675595,,3919.0,-0.67336,0.00958,45.991,4.116061243940837
575.0,4.3471,0.17815,6.5371,3.675905,,3920.0,-0.67522,0.00978,46.9455,4.1062815321322805
577.0,4.34524,0.17942,6.5836,3.676835,,3921.0,-0.67522,0.00998,47.9,4.121792570422129
578.0,4.3471,0.18054,6.6248,3.677145,,3922.0,-0.67336,0.01018,48.8521,4.103289804777685
579.0,4.34524,0.18182,6.6718,3.677765,,3923.0,-0.67522,0.01036,49.7174,4.098838313024957
580.0,4.34524,0.18309,6.7183,3.678385,,3924.0,-0.67522,0.01055,50.6347,4.111371096514089
581.0,4.34524,0.18437,6.7652,3.678695,,3925.0,-0.67522,0.01075,51.5793,4.0929492944577355
582.0,4.3471,0.18568,6.8135,3.679316,,3926.0,-0.67522,0.01095,52.5314,4.102774689843267
583.0,4.3471,0.18681,6.8547,3.679626,,3927.0,-0.67522,0.01115,53.4859,4.109036250444722
584.0,4.34338,0.18809,6.9016,3.680246,,3928.0,-0.67522,0.01135,54.4404,4.104091403666328
585.0,4.3471,0.18937,6.9486,3.680866,,3929.0,-0.67522,0.01154,55.3925,4.101048047348344
586.0,4.3471,0.19063,6.9951,3.681486,,3930.0,-0.67522,0.01174,56.347,4.1017619099522795
587.0,4.34524,0.19196,7.0438,3.682106,,3931.0,-0.67522,0.01194,57.3015,4.107680825482545
588.0,4.34524,0.19312,7.0863,3.682416,,3932.0,-0.67522,0.01214,58.2536,4.108550113868201
589.0,4.34524,0.19439,7.1328,3.682726,,3934.0,-0.67522,0.01234,59.2081,4.111161611663148
590.0,4.3471,0.19567,7.1798,3.683036,,3935.0,-0.67522,0.01254,60.1626,4.105169891480052
591.0,4.34524,0.19695,7.2267,3.683966,,3936.0,-0.67522,0.01274,61.1172,4.070066323133055
592.0,4.34524,0.19823,7.2737,3.684586,,3937.0,-0.67522,0.01294,62.0692,4.11475722019018
593.0,4.34524,0.19951,7.3207,3.685206,,3938.0,-0.67522,0.01312,62.9345,4.116951092693868
594.0,4.34524,0.20077,7.3672,3.685516,,3939.0,-0.67522,0.01331,63.8692,4.114131533523251
595.0,4.34524,0.20189,7.4083,3.686446,,3940.0,-0.67522,0.01351,64.8212,4.089968083912451
596.0,4.34524,0.20317,7.4553,3.686756,,3941.0,-0.67522,0.01371,65.7758,4.100566615265397
597.0,4.34338,0.20445,7.5023,3.687066,,3942.0,-0.67336,0.01391,66.7303,4.1121375465838685
598.0,4.34338,0.20573,7.5492,3.687376,,3943.0,-0.67522,0.01411,67.6923,4.124238167762002
599.0,4.34524,0.207,7.5957,3.687996,,3944.0,-0.67708,0.01431,68.6468,4.092836354356639
600.0,4.34524,0.20812,7.6369,3.688306,,3945.0,-0.67522,0.01451,69.6013,4.103022046394922
601.0,4.3471,0.2094,7.6838,3.688306,,3946.0,-0.67336,0.0147,70.5534,4.098883169082611
602.0,4.3471,0.21067,7.7303,3.688926,,3947.0,-0.67522,0.0149,71.5079,4.100688322564465
603.0,4.3471,0.21197,7.7782,3.689546,,3948.0,-0.67522,0.0151,72.4624,4.1018284846992845
605.0,4.34524,0.21324,7.8247,3.689856,,3949.0,-0.67522,0.0153,73.4145,4.100494894432274
606.0,4.34524,0.21436,7.8659,3.690166,,3950.0,-0.67336,0.0155,74.369,4.098625505475416
607.0,4.34524,0.21564,7.9128,3.690786,,3951.0,-0.67336,0.0157,75.3235,4.095514155214175
608.0,4.34338,0.21691,7.9593,3.691096,,3952.0,-0.67522,0.0159,76.2756,4.097873852005233
609.0,4.34338,0.21819,8.0063,3.691716,,3954.0,-0.67522,0.01608,77.1582,4.090001904700696
610.0,4.34896,0.21946,8.0528,3.692026,,3955.0,-0.67522,0.01628,78.1103,4.106945091009462
611.0,4.34896,0.2208,8.102,3.692646,,3955.0,-0.67522,0.01633,78.3433,4.098754038107801
612.0,4.3471,0.22208,8.1489,3.692956,,3955.0,-1.35045,0.01633,78.3433,4.072958156006663
613.0,4.34524,0.22334,8.1954,3.693576,,3956.0,-1.35231,0.01671,80.1805,4.065135003321537
614.0,4.34524,0.22462,8.2424,3.693887,,3957.0,-1.35045,0.01706,81.8565,4.086078471894788
615.0,4.34524,0.2259,8.2893,3.694506,,3958.0,-1.35231,0.01746,83.7656,4.067111782448354
616.0,4.34338,0.22718,8.3363,3.695127,,3959.0,-1.35231,0.01786,85.6746,4.065551233961744
617.0,4.34524,0.22845,8.3828,3.695436,,3960.0,-1.35045,0.01825,87.5837,4.077672270213285
618.0,4.3471,0.22973,8.4297,3.696057,,3961.0,-1.35231,0.01865,89.4952,4.0690883266485285
619.0,4.3471,0.23101,8.4767,3.696676,,3962.0,-1.35231,0.01905,91.4043,4.090032295253448
620.0,4.34524,0.23229,8.5236,3.696987,,3963.0,-1.35231,0.01945,93.3133,4.079645134129651
621.0,4.34524,0.23357,8.5706,3.697297,,3964.0,-1.35417,0.01985,95.2249,4.059835426626716
622.0,4.34524,0.23485,8.6175,3.697917,,3965.0,-1.35231,0.02025,97.1538,4.072313807645707
623.0,4.34524,0.23611,8.664,3.698537,,3966.0,-1.35231,0.02064,99.0455,4.0869527606773035
625.0,4.34896,0.23737,8.7101,3.698847,,3967.0,-1.35231,0.02084,100.0,4.048952823191901
626.0,4.34524,0.23861,8.7557,3.699467,,3967.0,-1.35231,0.02084,100.0,4.076057754596505
627.0,4.3471,0.23988,8.8022,3.699777,,,,,,
628.0,4.34524,0.241,8.8434,3.700087,,3967.0,0.66964,0.0,0.0,4.148415268175567
629.0,4.3471,0.24228,8.8904,3.700707,,3968.0,0.66964,0.00017,11.7976,4.145858888151287
630.0,4.3471,0.24356,8.9373,3.701327,,3969.0,0.66964,0.00037,25.1309,4.16354401954495
631.0,4.34524,0.24484,8.9843,3.701947,,3970.0,0.66964,0.00057,38.4642,4.149341984190888
632.0,4.3471,0.24612,9.0312,3.702257,,3971.0,0.66964,0.00077,51.7627,4.155807795648821
633.0,4.34524,0.24739,9.0777,3.702877,,3972.0,0.66964,0.00096,65.096,4.139791831169577
634.0,4.34896,0.24851,9.1189,3.703187,,3973.0,0.66778,0.00116,78.3944,4.149229592683102
635.0,4.3471,0.24979,9.1659,3.703807,,3974.0,0.66964,0.00136,91.7277,4.142709690806826
636.0,4.34524,0.25107,9.2128,3.704427,,3975.0,0.66964,0.00148,100.0,4.173027362747141
637.0,4.34338,0.25234,9.2593,3.704737,,3975.0,0.0,0.00148,100.0,4.122081957234139
638.0,4.34524,0.25346,9.3005,3.705047,,3976.0,0.0,0.00148,100.0,4.128557999878109
639.0,4.3471,0.25474,9.3475,3.705667,,3977.0,0.0,0.00148,100.0,4.130221146375289
640.0,4.34338,0.25598,9.3931,3.705977,,3978.0,0.0,0.00148,100.0,4.132995382389113
641.0,4.34896,0.25728,9.4405,3.706597,,3979.0,0.0,0.00148,100.0,4.119877883027603
642.0,4.34524,0.25856,9.4874,3.707217,,3980.0,0.0,0.00148,100.0,4.126286102546983
643.0,4.34524,0.25983,9.5344,3.707837,,3981.0,0.0,0.00148,100.0,4.129222274356437
644.0,4.34338,0.2611,9.5809,3.708147,,3982.0,0.0,0.00148,100.0,4.146371648873297
645.0,4.34152,0.26222,9.6221,3.708767,,3983.0,0.0,0.00148,100.0,4.129711203877671
646.0,4.34338,0.2635,9.669,3.709387,,3984.0,0.0,0.00148,100.0,4.122199344701603
647.0,4.34524,0.26478,9.716,3.709697,,3985.0,0.0,0.00148,100.0,4.116033134989415
648.0,4.3471,0.26606,9.763,3.710317,,3986.0,0.0,0.00148,100.0,4.1314421106280035
649.0,4.34338,0.26734,9.8099,3.710938,,3987.0,0.0,0.00148,100.0,4.13370277540381
650.0,4.34524,0.26862,9.8569,3.711247,,3988.0,0.0,0.00148,100.0,4.143836962112957
651.0,4.34524,0.2699,9.9038,3.711868,,3990.0,0.0,0.00148,100.0,4.1152649135357064
653.0,4.34524,0.27118,9.9508,3.712178,,3991.0,0.0,0.00148,100.0,4.112683562362511
654.0,4.34524,0.27245,9.9973,3.712798,,3991.0,0.0,0.00148,100.0,4.129791058604798
655.0,4.34152,0.2736,10.0393,3.713418,,3991.0,0.0,0.00148,100.0,4.1475789157332965
656.0,4.3471,0.27485,10.0854,3.714038,,,,,,
657.0,4.3471,0.27613,10.1324,3.714348,,3991.0,-0.67522,0.0,0.0,4.089557838684989
658.0,4.3471,0.27741,10.1793,3.714658,,3992.0,-0.67522,0.00018,0.4296,4.114296201274387
659.0,4.34896,0.27868,10.2258,3.715278,,3993.0,-0.67522,0.00038,0.9155,4.08612942902703
660.0,4.34524,0.27996,10.2728,3.715898,,3994.0,-0.67336,0.00057,1.3926,4.1074193369122485
661.0,4.3471,0.28124,10.3197,3.716208,,3995.0,-0.67522,0.00075,1.8159,4.0979667932740425
662.0,4.34338,0.28252,10.3667,3.716828,,3996.0,-0.67522,0.00095,2.2968,4.082558071893204
663.0,4.34338,0.2838,10.4136,3.717138,,3997.0,-0.67522,0.00115,2.7789,4.11011503998271
664.0,4.34524,0.28506,10.4601,3.717758,,3998.0,-0.67522,0.00134,3.2598,4.115671604873164
665.0,4.34338,0.28619,10.5013,3.718068,,3999.0,-0.67522,0.00154,3.742,4.105973741983454
666.0,4.34338,0.28746,10.5483,3.718688,,4000.0,-0.67522,0.00174,4.2229,4.108246751394966
667.0,4.34524,0.28873,10.5948,3.719308,,4001.0,-0.67522,0.00194,4.705,4.0975306126786295
668.0,4.3471,0.29001,10.6417,3.719618,,4002.0,-0.67522,0.00214,5.1859,4.1120482195539925
669.0,4.34524,0.29129,10.6887,3.720238,,4003.0,-0.67522,0.00234,5.6731,4.093678331115952
670.0,4.34338,0.2925,10.7329,3.720858,,4004.0,-0.67336,0.00254,6.154,4.105431307162408
671.0,4.34338,0.29364,10.775,3.721168,,4005.0,-0.67522,0.00274,6.6361,4.094302138591882
672.0,4.34338,0.29492,10.822,3.721788,,4007.0,-0.67522,0.00294,7.1183,4.092196228794296
673.0,4.34524,0.29619,10.8685,3.722098,,4008.0,-0.67336,0.00314,7.5992,4.0892468391370524
674.0,4.34338,0.29731,10.9097,3.722408,,4009.0,-0.67522,0.00333,8.0813,4.089666313450571
675.0,4.3471,0.29859,10.9566,3.723028,,4010.0,-0.67522,0.00353,8.5634,4.099738504908528
676.0,4.34338,0.29987,11.0035,3.723648,,4011.0,-0.67336,0.00373,9.0443,4.09633126064919
677.0,4.34524,0.30115,11.0505,3.723958,,4012.0,-0.67522,0.00393,9.5265,4.097283495536467
678.0,4.34524,0.30242,11.097,3.724578,,4013.0,-0.67522,0.00413,10.0074,4.094153566465891
679.0,4.34338,0.30354,11.1382,3.724888,,4014.0,-0.67336,0.00433,10.4895,4.084417051299507
680.0,4.3471,0.30482,11.1851,3.725508,,4015.0,-0.67522,0.00453,10.9717,4.106537876867329
682.0,4.3471,0.3061,11.2321,3.726129,,4016.0,-0.67522,0.0047,11.3937,4.108273910277868
683.0,4.34338,0.30738,11.279,3.726439,,4017.0,-0.67522,0.0049,11.8759,4.0944367752861845
684.0,4.34338,0.30866,11.326,3.726748,,4018.0,-0.67522,0.00511,12.3806,4.09719218723233
685.0,4.34896,0.30991,11.3721,3.727059,,4019.0,-0.67522,0.00529,12.8126,4.091929349583954
686.0,4.3471,0.31105,11.4137,3.728299,,4020.0,-0.67336,0.00548,13.2935,4.086207701063647
687.0,4.34524,0.31233,11.4606,3.728609,,4021.0,-0.67522,0.00569,13.7794,4.099359983821098
688.0,4.3471,0.31361,11.5076,3.728919,,4022.0,-0.67336,0.00588,14.2578,4.085368082785012
689.0,4.34338,0.31489,11.5545,3.729539,,4023.0,-0.67522,0.00606,14.6798,4.078465657566854
690.0,4.34524,0.31616,11.601,3.729849,,4024.0,-0.67522,0.00626,15.162,4.089944112089694
691.0,4.34524,0.31744,11.648,3.730469,,4025.0,-0.67522,0.00645,15.6441,4.100039727246769
692.0,4.34524,0.31871,11.695,3.731089,,4026.0,-0.67336,0.00655,15.8846,4.097323999111711
693.0,4.34524,0.32001,11.7423,3.731399,,4026.0,-5.40737,0.00655,15.8846,3.9225522268160584
694.0,4.34338,0.32115,11.7844,3.731709,,4027.0,-5.40737,0.00815,19.743,3.9234486833785387
695.0,4.34524,0.32241,11.8305,3.732329,,4028.0,-5.40923,0.00974,23.6027,3.905831970185596
696.0,4.34524,0.32368,11.877,3.732949,,4029.0,-5.40923,0.01133,27.4624,3.894264945090525
697.0,4.34524,0.32511,11.9297,3.733259,,4030.0,-5.40737,0.01292,31.3221,3.9057951349693525
698.0,4.34338,0.32625,11.9713,3.733879,,4031.0,-5.40923,0.01452,35.1818,3.8780940014757914
699.0,4.34524,0.32753,12.0183,3.734189,,4032.0,-5.40737,0.01611,39.0427,3.8907028481042145
700.0,4.34524,0.32881,12.0652,3.734809,,4033.0,-5.40551,0.0177,42.9012,3.87530821541107
701.0,4.34524,0.33008,12.1122,3.735119,,4034.0,-5.41109,0.01869,45.3056,3.897962061897644
702.0,4.34338,0.33136,12.1591,3.735429,,4034.0,-3.37984,0.01869,45.3056,3.9781370118798733
703.0,4.3471,0.33264,12.2061,3.736359,,4035.0,-3.37984,0.01958,47.4672,3.949345524858084
705.0,4.34524,0.33391,12.2526,3.736669,,4036.0,-3.37984,0.02053,49.7639,3.9487863851184275
706.0,4.34338,0.33503,12.2938,3.736979,,4037.0,-3.37798,0.02153,52.1759,3.9550425707578647
707.0,4.34524,0.33631,12.3407,3.737289,,4038.0,-3.37798,0.02252,54.5867,3.950970202356407
708.0,4.3471,0.33759,12.3877,3.737909,,4039.0,-3.37984,0.02352,56.9987,3.9499418022504305
709.0,4.34524,0.33887,12.4346,3.738219,,4040.0,-3.37798,0.02452,59.4332,3.941289271807845
710.0,4.33966,0.34,12.4758,3.738839,,4041.0,-3.37984,0.02552,61.8452,3.956842454777033
711.0,4.34524,0.34128,12.5228,3.739149,,4042.0,-3.37984,0.0265,64.2334,3.9534995180533365
712.0,4.34524,0.34255,12.5697,3.739769,,4043.0,-3.37984,0.02738,66.3498,3.949999178952436
713.0,4.34524,0.34383,12.6167,3.740389,,4044.0,-3.37984,0.02837,68.7606,3.9597584472861693
714.0,4.34524,0.34511,12.6636,3.740699,,4045.0,-3.3817,0.02937,71.1726,3.972887843507205
715.0,4.34896,0.34644,12.7123,3.741009,,4046.0,-3.3817,0.03036,73.5845,3.950557916685173
716.0,4.34524,0.34758,12.754,3.741629,,4047.0,-3.37984,0.03136,75.9965,3.955915001496683
717.0,4.3471,0.34887,12.8014,3.74194,,4048.0,-3.37798,0.03235,78.4085,3.966059164400424
718.0,4.3471,0.35015,12.8483,3.742249,,4049.0,-3.37798,0.0333,80.7066,3.949305050866868
719.0,4.34524,0.35141,12.8948,3.74287,,4051.0,-3.37984,0.03429,83.1173,3.957389381871863
720.0,4.34338,0.35254,12.936,3.74318,,4052.0,-3.37798,0.03529,85.5293,3.9573172671683476
721.0,4.34524,0.35382,12.983,3.74349,,4053.0,-3.37798,0.03628,87.9413,3.9574142486820665
722.0,4.3471,0.3551,13.0299,3.74411,,4054.0,-3.37984,0.03716,90.0577,3.9430894605311924
723.0,4.34524,0.35638,13.0769,3.74473,,4055.0,-3.37798,0.03815,92.4697,3.9359091317926436
724.0,4.34524,0.35757,13.1207,3.74504,,4056.0,-3.37984,0.03915,94.8805,3.960302108537596
725.0,4.34338,0.35891,13.1699,3.74566,,4057.0,-3.3817,0.04014,97.2924,3.937530622505287
726.0,4.3471,0.36019,13.2168,3.74597,,4058.0,-3.37984,0.04114,99.7044,3.9531927278068903
727.0,4.34524,0.36146,13.2633,3.74628,,4058.0,-3.37612,0.04126,100.0,3.949189714369239
728.0,4.34152,0.36259,13.305,3.7469,,4058.0,-3.37612,0.04126,100.0,3.969594033067609
729.0,4.34524,0.36394,13.3546,3.74721,,,,,,
730.0,4.34524,0.36522,13.4015,3.74783,,4058.0,1.33929,0.0,0.0,4.1203628891706945
732.0,4.3471,0.3665,13.4485,3.74814,,4059.0,1.34487,0.00042,13.9896,4.161837036852386
733.0,4.34524,0.36778,13.4954,3.74845,,4060.0,1.34487,0.00081,27.2193,4.136163910845933
734.0,4.34338,0.36906,13.5424,3.74907,,4061.0,1.34673,0.00121,40.4663,4.153829602657487
735.0,4.34338,0.37034,13.5893,3.74969,,4062.0,1.34859,0.00161,53.7133,4.156735454109994
736.0,4.34524,0.37162,13.6363,3.75,,4063.0,1.34487,0.002,66.943,4.151220372953496
737.0,4.34338,0.3729,13.6832,3.75031,,4064.0,1.33929,0.0024,80.1554,4.141082565280852
738.0,4.34524,0.37418,13.7302,3.75093,,4065.0,1.34487,0.00279,93.3851,4.138982706144411
739.0,4.34524,0.37546,13.7771,3.75155,,4066.0,1.34673,0.00299,100.0,4.152392831996879
740.0,4.34524,0.37674,13.8241,3.75186,,4066.0,1.34673,0.00299,100.0,4.153166603509644
741.0,4.3471,0.37802,13.871,3.75217,,,,,,
742.0,4.34152,0.37914,13.9122,3.75279,,4066.0,-1.34859,0.0,0.0,4.049570042601979
743.0,4.3471,0.38042,13.9592,3.75279,,4067.0,-1.34859,0.00038,3.1617,4.040246286890396
744.0,4.3471,0.3817,14.0061,3.75341,,4068.0,-1.35045,0.00078,6.4786,4.053847107523153
745.0,4.3471,0.38297,14.0527,3.75403,,4069.0,-1.35231,0.00117,9.7954,4.046130449114404
746.0,4.34524,0.38427,14.1005,3.75434,,4070.0,-1.35045,0.00157,13.1122,4.0608669721170605
747.0,4.3471,0.38539,14.1417,3.75465,,4071.0,-1.35417,0.00197,16.4333,4.040534710533164
748.0,4.3471,0.38667,14.1887,3.75496,,4072.0,-1.35417,0.00237,19.7545,4.034232079091816
749.0,4.34524,0.38795,14.2356,3.75527,,4073.0,-1.35045,0.00276,23.0368,4.0402546980661045
750.0,4.34524,0.38923,14.2825,3.75589,,4074.0,-1.35231,0.00311,25.9487,4.044073686667278
751.0,4.34524,0.39051,14.3295,3.75651,,4075.0,-1.35231,0.00351,29.2656,4.043368987067982
752.0,4.34524,0.39179,14.3764,3.75682,,4076.0,-1.35045,0.00391,32.5824,4.034600666349046
754.0,4.34524,0.39297,14.4198,3.75713,,4077.0,-1.35231,0.00432,36.0284,4.035709620666678
755.0,4.34524,0.39423,14.4659,3.75713,,4078.0,-1.35231,0.00467,38.936,4.033345935223149
756.0,4.34524,0.39551,14.5129,3.75806,,4080.0,-1.35231,0.00507,42.2529,4.036963728421426
757.0,4.3471,0.39678,14.5594,3.758371,,4081.0,-1.35417,0.00546,45.5395,4.046504367709908
758.0,4.34524,0.3979,14.6006,3.758371,,4082.0,-1.35231,0.00587,48.921,4.046409333055491
759.0,4.34338,0.39918,14.6475,3.758991,,4083.0,-1.35045,0.00624,51.9836,4.044331787125218
760.0,4.3471,0.40046,14.6945,3.759301,,4084.0,-1.35045,0.00663,55.3005,4.0449024898984955
761.0,4.34524,0.40174,14.7414,3.757441,,4085.0,-1.34859,0.00703,58.6216,4.030360988313367
762.0,4.3471,0.40302,14.7884,3.757751,,4086.0,-1.35231,0.00743,61.9082,4.033090594811739
763.0,4.34524,0.4043,14.8354,3.758371,,4087.0,-1.35231,0.00782,65.1949,4.044914559333406
764.0,4.34338,0.40558,14.8823,3.758991,,4088.0,-1.35603,0.00822,68.5117,4.040324292184784
765.0,4.3471,0.40686,14.9292,3.759301,,4089.0,-1.35045,0.00862,71.8286,4.048816153476821
766.0,4.3471,0.40814,14.9762,3.759611,,4090.0,-1.35231,0.00897,74.7405,4.042236834068395
767.0,4.34338,0.40942,15.0232,3.759921,,4091.0,-1.35045,0.00936,78.0573,4.051666257701445
768.0,4.34524,0.4107,15.0701,3.760541,,4092.0,-1.35231,0.00976,81.3784,4.034370406770555
769.0,4.34524,0.41198,15.1171,3.760541,,4093.0,-1.35231,0.01016,84.6952,4.025384098272469
770.0,4.3471,0.41325,15.164,3.761161,,4094.0,-1.35231,0.01056,88.0164,4.0312635754197945
771.0,4.34524,0.41453,15.211,3.761471,,4095.0,-1.34859,0.01096,91.3332,4.03639051416981
772.0,4.34338,0.41581,15.2579,3.761781,,4096.0,-1.35231,0.01135,94.5897,4.030576595484483
773.0,4.34524,0.41709,15.3049,3.762401,,4097.0,-1.35045,0.01174,97.9022,4.047233519186116
775.0,4.34524,0.41837,15.3518,3.762711,,4098.0,-1.35045,0.012,100.0,4.035881431839631
776.0,4.3471,0.41963,15.3979,3.763021,,4098.0,-1.35045,0.012,100.0,4.046992683827522
777.0,4.34896,0.42093,15.4457,3.763331,,,,,,
778.0,4.3471,0.4222,15.4922,3.763951,,4098.0,2.68973,0.0,0.0,4.194244927674088
779.0,4.34524,0.42332,15.5334,3.764261,,4099.0,2.69717,0.00077,12.7933,4.211790491059776
780.0,4.3471,0.4246,15.5804,3.764571,,4100.0,2.69717,0.00157,25.9634,4.215692641436563
781.0,4.34896,0.42589,15.6278,3.764881,,4101.0,2.69903,0.00236,39.1249,4.206002592010423
782.0,4.3471,0.42706,15.6707,3.765191,,4102.0,2.69531,0.00316,52.2949,4.211660718472965
783.0,4.34524,0.42834,15.7177,3.765811,,4103.0,2.69717,0.00395,65.465,4.232270497861794
784.0,4.34338,0.42962,15.7646,3.766121,,4104.0,2.70089,0.00474,78.635,4.20948768013215
785.0,4.3471,0.43098,15.8142,3.766741,,4105.0,2.69903,0.00554,91.7965,4.230731398489245
786.0,4.34524,0.43211,15.8559,3.767051,,4106.0,2.70461,0.00603,100.0,4.211287890543985
787.0,4.34524,0.43338,15.9024,3.767361,,4106.0,0.0,0.00603,100.0,4.118453922164386
788.0,4.34524,0.43466,15.9494,3.767981,,4107.0,0.0,0.00603,100.0,4.11037074167979
789.0,4.3471,0.43594,15.9963,3.768291,,4108.0,0.0,0.00603,100.0,4.125938256894314
790.0,4.34338,0.43723,16.0437,3.768601,,4109.0,0.0,0.00603,100.0,4.102385439882582
791.0,4.34338,0.43851,16.0906,3.768911,,4110.0,0.0,0.00603,100.0,4.11932085501868
792.0,4.34524,0.43979,16.1376,3.769531,,4111.0,0.0,0.00603,100.0,4.101758972830336
793.0,4.3471,0.44107,16.1845,3.769841,,4112.0,0.0,0.00603,100.0,4.116053839873883
794.0,4.34524,0.44235,16.2315,3.770151,,4113.0,0.0,0.00603,100.0,4.106017236890061
795.0,4.34896,0.44363,16.2785,3.770771,,4114.0,0.0,0.00603,100.0,4.109076866212552
796.0,4.3471,0.44491,16.3254,3.771391,,4116.0,0.0,0.00603,100.0,4.119761094643423
798.0,4.34524,0.44618,16.3723,3.771701,,4117.0,0.0,0.00603,100.0,4.1041489536053515
799.0,4.34524,0.44746,16.4193,3.772012,,4118.0,0.0,0.00603,100.0,4.113875353823639
800.0,4.34524,0.44859,16.4605,3.772321,,4119.0,0.0,0.00603,100.0,4.105382496929905
801.0,4.34896,0.44987,16.5074,3.772941,,4120.0,0.0,0.00603,100.0,4.121851694536458
802.0,4.3471,0.45115,16.5544,3.773252,,4121.0,0.0,0.00603,100.0,4.104629737823349
803.0,4.34524,0.45243,16.6013,3.773561,,4122.0,0.0,0.00603,100.0,4.093040941254661
804.0,4.34524,0.4537,16.6483,3.773871,,4123.0,0.0,0.00603,100.0,4.09955745770424
805.0,4.3471,0.4553,16.7068,3.774492,,4124.0,0.0,0.00603,100.0,4.1083114437093515
806.0,4.34524,0.45646,16.7493,3.775112,,4125.0,0.0,0.00603,100.0,4.106710663983248
807.0,4.34524,0.45774,16.7962,3.775112,,4126.0,0.0,0.00603,100.0,4.115489564405046
808.0,4.3471,0.45902,16.8432,3.775422,,4127.0,0.0,0.00603,100.0,4.092907266134319
809.0,4.34524,0.46028,16.8897,3.776042,,4128.0,0.0,0.00603,100.0,4.106561485112425
810.0,4.34524,0.46141,16.9309,3.776352,,4129.0,0.0,0.00603,100.0,4.1204706905601
811.0,4.3471,0.4627,16.9783,3.776352,,4130.0,0.0,0.00603,100.0,4.114192561420453
812.0,4.34524,0.46398,17.0252,3.776972,,4131.0,0.0,0.00603,100.0,4.129469335883202
813.0,4.34524,0.46526,17.0722,3.777282,,4132.0,0.0,0.00603,100.0,4.117167973819721
814.0,4.34524,0.46654,17.1191,3.777592,,4133.0,0.0,0.00603,100.0,4.099342310517513
815.0,4.34524,0.46782,17.1661,3.778212,,4134.0,0.0,0.00603,100.0,4.094342735815922
817.0,4.3471,0.4691,17.213,3.778522,,4135.0,0.0,0.00603,100.0,4.128123876077759
818.0,4.3471,0.47037,17.26,3.778832,,4136.0,0.0,0.00603,100.0,4.102204012256535
819.0,4.34524,0.47165,17.3069,3.779142,,4138.0,0.0,0.00603,100.0,4.097693126581204
820.0,4.34896,0.47293,17.3539,3.779452,,4139.0,0.0,0.00603,100.0,4.118831521218066
821.0,4.3471,0.47414,17.3982,3.779762,,4140.0,0.0,0.00603,100.0,4.106762030125378
822.0,4.3471,0.47542,17.4451,3.779452,,4141.0,0.0,0.00603,100.0,4.113455638924893
823.0,4.34524,0.4767,17.4921,3.779762,,4142.0,0.0,0.00603,100.0,4.094520167609443
824.0,4.34524,0.47797,17.5386,3.780072,,4143.0,0.0,0.00603,100.0,4.11232160864199
825.0,4.3471,0.47909,17.5798,3.780382,,4144.0,0.0,0.00603,100.0,4.117292832065329
826.0,4.34524,0.48037,17.6268,3.780692,,4145.0,0.0,0.00603,100.0,4.11027251914771
827.0,4.34524,0.48165,17.6737,3.781002,,4146.0,0.0,0.00603,100.0,4.117498932265839
828.0,4.34524,0.48293,17.7207,3.781312,,4147.0,0.0,0.00603,100.0,4.105028969680851
829.0,4.34524,0.48421,17.7676,3.781622,,4148.0,0.0,0.00603,100.0,4.110829446714145
830.0,4.34524,0.48549,17.8145,3.782242,,4149.0,0.0,0.00603,100.0,4.111711413219397
831.0,4.34152,0.48677,17.8615,3.782242,,4150.0,0.0,0.00603,100.0,4.123374644788541
832.0,4.34524,0.48805,17.9084,3.782552,,4151.0,0.0,0.00603,100.0,4.122468074454336
833.0,4.34524,0.48933,17.9554,3.783172,,4152.0,0.0,0.00603,100.0,4.100748032859081
834.0,4.3471,0.49061,18.0023,3.783482,,4153.0,0.0,0.00603,100.0,4.1093942544510735
835.0,4.34338,0.49193,18.0511,3.783792,,4154.0,0.0,0.00603,100.0,4.09500806353645
836.0,4.34524,0.49308,18.0931,3.784102,,4155.0,0.0,0.00603,100.0,4.12733417585764
837.0,4.34524,0.49435,18.1397,3.784412,,4156.0,0.0,0.00603,100.0,4.1181881555534
839.0,4.34524,0.49563,18.1866,3.784722,,4157.0,0.0,0.00603,100.0,4.108108169330323
840.0,4.34524,0.49691,18.2336,3.785032,,4158.0,0.0,0.00603,100.0,4.108701294862508
841.0,4.3471,0.49819,18.2805,3.785342,,4159.0,0.0,0.00603,100.0,4.106929885658769
842.0,4.34338,0.49947,18.3275,3.785962,,4160.0,0.0,0.00603,100.0,4.120071383705173
843.0,4.34524,0.50075,18.3744,3.785962,,4161.0,0.0,0.00603,100.0,4.104309278969364
844.0,4.34524,0.50202,18.4214,3.786582,,4161.0,0.0,0.00603,100.0,4.103375914921857
845.0,4.3471,0.5033,18.4683,3.786892,,,,,,
846.0,4.34524,0.50458,18.5153,3.787202,,4161.0,-0.6715,0.0,0.0,4.070489350618512
847.0,4.34896,0.50586,18.5622,3.787512,,4162.0,-0.67522,0.00019,1.9694,4.095565247424132
848.0,4.34524,0.50714,18.6092,3.787822,,4163.0,-0.67522,0.00039,3.9599,4.093579081483154
849.0,4.34338,0.50842,18.6561,3.788132,,4164.0,-0.67522,0.00058,5.9556,4.091062229411311
850.0,4.34524,0.50957,18.6982,3.788442,,4165.0,-0.67522,0.00078,7.9673,4.07691866392861
851.0,4.3471,0.51087,18.746,3.788753,,4166.0,-0.67336,0.00098,9.9947,4.0997882347786305
852.0,4.34338,0.512,18.7872,3.789063,,4167.0,-0.67522,0.00118,12.0275,4.087507281861526
853.0,4.34524,0.51328,18.8342,3.788753,,4168.0,-0.67522,0.00138,14.076,4.097439847192459
854.0,4.34524,0.51456,18.8812,3.789063,,4169.0,-0.67708,0.00156,15.9345,4.104108613831071
855.0,4.3471,0.51583,18.9281,3.789372,,4170.0,-0.67522,0.00176,17.9673,4.08063728816564
856.0,4.34338,0.51711,18.975,3.789993,,4172.0,-0.67336,0.00196,19.9947,4.077970129903709
857.0,4.34338,0.51841,19.0224,3.789993,,4173.0,-0.67522,0.00216,22.0275,4.074377035200172
858.0,4.3471,0.51969,19.0694,3.790303,,4174.0,-0.67522,0.00235,24.0391,4.085610980629981
859.0,4.34524,0.52096,19.1163,3.790613,,4175.0,-0.67522,0.00255,26.0665,4.070548183767425
861.0,4.34524,0.52224,19.1633,3.790923,,4176.0,-0.67708,0.00275,28.0993,4.073048090828943
862.0,4.34524,0.52352,19.2102,3.791853,,4177.0,-0.67522,0.00295,30.1531,4.076585247776681
863.0,4.3471,0.5248,19.2572,3.791853,,4178.0,-0.67708,0.00315,32.1858,4.071881245609905
864.0,4.34338,0.52608,19.3041,3.792163,,4179.0,-0.67522,0.00335,34.2133,4.042681006392452
865.0,4.34524,0.52736,19.3511,3.792473,,4180.0,-0.67336,0.00355,36.246,4.09087510200796
866.0,4.34524,0.52861,19.3967,3.792783,,4181.0,-0.67522,0.00373,38.0676,4.073027047821256
867.0,4.3471,0.52974,19.4383,3.793093,,4182.0,-0.67708,0.00393,40.1373,4.073606012662315
868.0,4.34338,0.53102,19.4853,3.793403,,4183.0,-0.67522,0.00413,42.1647,4.096170764553595
869.0,4.34896,0.53231,19.5327,3.793713,,4184.0,-0.67522,0.00432,44.1763,4.076316695070104
870.0,4.3471,0.53358,19.5792,3.794023,,4185.0,-0.67336,0.0045,45.9609,4.068730427402111
871.0,4.34524,0.5347,19.6204,3.794333,,4186.0,-0.67708,0.0047,47.9884,4.066387286186066
872.0,4.3471,0.53598,19.6673,3.794643,,4187.0,-0.67522,0.0049,50.0211,4.10224623969085
873.0,4.34524,0.53727,19.7147,3.794953,,4188.0,-0.67522,0.00509,52.0539,4.0866596879877735
874.0,4.34338,0.53855,19.7616,3.795263,,4189.0,-0.67336,0.00528,53.9282,4.072582369346777
875.0,4.34338,0.53982,19.8082,3.795573,,4189.0,-1.35603,0.00528,53.9282,4.031278351928591
876.0,4.34524,0.54094,19.8493,3.795883,,4190.0,-1.35231,0.00566,57.8775,4.0473779262804195
877.0,4.34524,0.54222,19.8963,3.796193,,4191.0,-1.35045,0.00604,61.6737,4.0589187986950135
878.0,4.34524,0.5435,19.9432,3.796503,,4192.0,-1.35045,0.00646,65.9662,4.046708803175563
879.0,4.34524,0.54478,19.9902,3.796503,,4193.0,-1.35417,0.00685,70.037,4.054170629312028
880.0,4.34524,0.54609,20.0385,3.796813,,4194.0,-1.35045,0.00725,74.1024,4.048526059901263
881.0,4.34524,0.54724,20.0805,3.797123,,4195.0,-1.35231,0.00765,78.1679,4.05876218406462
882.0,4.34524,0.54852,20.1275,3.797433,,4197.0,-1.35231,0.00804,82.1964,4.035076375693419
883.0,4.34338,0.5498,20.1744,3.797743,,4198.0,-1.35417,0.00839,85.7656,4.056929292342455
884.0,4.3471,0.55097,20.2174,3.797743,,4199.0,-1.35045,0.00879,89.831,4.026784995894258
885.0,4.34524,0.55223,20.2634,3.798363,,4200.0,-1.35045,0.00919,93.8965,4.047310140922208
887.0,4.3471,0.55351,20.3104,3.798673,,4201.0,-1.35417,0.00959,97.9673,4.0531953979902
888.0,4.34524,0.55478,20.3573,3.798673,,4201.0,-1.35045,0.00979,100.0,4.060613545265794
889.0,4.34896,0.55606,20.4043,3.798983,,4201.0,-1.35045,0.00979,100.0,4.062283206408574
890.0,4.34338,0.55734,20.4512,3.799293,,,,,,
891.0,4.3471,0.55862,20.4982,3.799603,,4201.0,0.66778,0.0,0.0,4.1191661737863665
892.0,4.34524,0.5599,20.5451,3.799913,,4202.0,0.66964,0.00019,12.4224,4.121538874783086
893.0,4.3471,0.56118,20.5921,3.800223,,4203.0,0.66964,0.00039,25.8454,4.132459111062821
894.0,4.34896,0.56246,20.639,3.800223,,4204.0,0.66778,0.00057,37.7502,4.117475104920058
895.0,4.34524,0.56374,20.686,3.800533,,4205.0,0.66964,0.00076,50.6901,4.1367450976335345
896.0,4.34524,0.56502,20.7329,3.801153,,4206.0,0.66964,0.00096,63.8371,4.136242240281135
897.0,4.3471,0.5663,20.7799,3.801153,,4207.0,0.66964,0.00115,76.8806,4.14396525588472
898.0,4.34524,0.56758,20.8268,3.801153,,4208.0,0.66964,0.00135,90.0621,4.1264993175045666
899.0,4.34152,0.56887,20.8742,3.801773,,4209.0,0.66964,0.0015,100.0,4.144760394792475
900.0,4.34524,0.57011,20.9198,3.801773,,4209.0,0.0,0.0015,100.0,4.116485893752456
901.0,4.34524,0.57125,20.9615,3.802083,,4210.0,0.0,0.0015,100.0,4.115894183873372
902.0,4.34524,0.57253,21.0084,3.802393,,4212.0,0.0,0.0015,100.0,4.111488061932609
903.0,4.34524,0.57381,21.0554,3.802393,,4213.0,0.0,0.0015,100.0,4.104183649513754
904.0,4.3471,0.57509,21.1023,3.803013,,4214.0,0.0,0.0015,100.0,4.121972343095651
905.0,4.34524,0.57637,21.1493,3.803324,,4215.0,0.0,0.0015,100.0,4.098721849982183
906.0,4.3471,0.57763,21.1958,3.803324,,4216.0,0.0,0.0015,100.0,4.102995783090777
907.0,4.34524,0.57891,21.2427,3.803633,,4217.0,0.0,0.0015,100.0,4.095209323887992
909.0,4.34524,0.58019,21.2897,3.803943,,4218.0,0.0,0.0015,100.0,4.125240480170153
910.0,4.3471,0.58132,21.3309,3.804254,,4219.0,0.0,0.0015,100.0,4.103163840510938
911.0,4.34524,0.5826,21.3778,3.804564,,4220.0,0.0,0.0015,100.0,4.101569813940034
912.0,4.3471,0.58387,21.4248,3.804873,,4221.0,0.0,0.0015,100.0,4.107692856743463
913.0,4.3471,0.58515,21.4717,3.805184,,4222.0,0.0,0.0015,100.0,4.108466587191334
914.0,4.3471,0.58643,21.5187,3.805184,,4223.0,0.0,0.0015,100.0,4.123069454288559
915.0,4.34338,0.58762,21.5621,3.805804,,4224.0,0.0,0.0015,100.0,4.1089586309460895
916.0,4.34896,0.58885,21.6073,3.805804,,4225.0,0.0,0.0015,100.0,4.103509658373927
917.0,4.34524,0.59013,21.6542,3.806113,,4225.0,0.0,0.0015,100.0,4.113873711059739
918.0,4.34524,0.59141,21.7012,3.806424,,,,,,
919.0,4.34524,0.59269,21.7481,3.806734,,4225.0,-0.67336,0.0,0.0,4.083091172656551
920.0,4.3471,0.59397,21.7951,3.806734,,4226.0,-0.67522,0.00019,0.9347,4.082083688562272
921.0,4.3471,0.59525,21.842,3.807044,,4227.0,-0.67522,0.00039,1.8867,4.067014209074307
922.0,4.3471,0.59653,21.889,3.807354,,4228.0,-0.67522,0.00059,2.8139,4.081185019959866
923.0,4.3471,0.59781,21.9359,3.807664,,4229.0,-0.67522,0.00079,3.7684,4.083966524874161
924.0,4.34896,0.5991,21.9833,3.807974,,4230.0,-0.67336,0.00098,4.7205,4.088515716166445
925.0,4.34338,0.60036,22.0298,3.808284,,4231.0,-0.67522,0.00118,5.6725,4.075456183428715
926.0,4.34338,0.60149,22.071,3.808594,,4233.0,-0.67522,0.00138,6.6171,4.069162577378438
927.0,4.34524,0.60277,22.118,3.808594,,4234.0,-0.67336,0.00155,7.4551,4.076425278216573
928.0,4.34524,0.60405,22.1649,3.808594,,4235.0,-0.67336,0.00175,8.4096,4.0744261402902335
929.0,4.34338,0.60533,22.2119,3.809214,,4236.0,-0.67708,0.00195,9.3616,4.068291683730204
930.0,4.34524,0.60657,22.2575,3.809524,,4237.0,-0.67522,0.00215,10.3161,4.075757043314258
932.0,4.3471,0.60785,22.3044,3.809834,,4238.0,-0.67336,0.00235,11.2681,4.091614882378583
933.0,4.3471,0.60913,22.3514,3.809834,,4239.0,-0.67522,0.00255,12.2226,4.079680422263615
934.0,4.34524,0.61041,22.3983,3.810144,,4240.0,-0.67522,0.00275,13.1747,4.083115267660421
935.0,4.3471,0.61169,22.4453,3.810454,,4241.0,-0.67522,0.00294,14.1292,4.080599991517846
936.0,4.34524,0.61297,22.4922,3.810764,,4242.0,-0.67708,0.00314,15.0837,4.070263243553765
937.0,4.34338,0.61426,22.5396,3.811074,,4243.0,-0.67522,0.00334,16.0382,4.068076355940893
938.0,4.34524,0.61554,22.5866,3.811384,,4244.0,-0.67336,0.00354,16.9902,4.06988689303914
939.0,4.34524,0.61666,22.6278,3.811384,,4245.0,-0.67336,0.00374,17.9447,4.07938834406619
940.0,4.34524,0.61794,22.6747,3.811694,,4246.0,-0.67336,0.00394,18.8967,4.067629959061042
941.0,4.34524,0.61922,22.7217,3.812004,,4247.0,-0.67522,0.00414,19.8512,4.069528033211224
942.0,4.34524,0.6205,22.7687,3.812314,,4248.0,-0.67522,0.00434,20.8033,4.064052049869798
943.0,4.3471,0.62178,22.8156,3.812314,,4249.0,-0.67522,0.00453,21.7578,4.070780524088091
944.0,4.34524,0.62306,22.8625,3.812624,,4250.0,-0.67522,0.00473,22.7098,4.076785059155544
945.0,4.34338,0.62424,22.9059,3.813244,,4251.0,-0.67522,0.00493,23.6569,4.088137729648021
946.0,4.34524,0.62563,22.9569,3.813244,,4252.0,-0.67522,0.0051,24.4924,4.081716307818285
947.0,4.34524,0.62675,22.9981,3.813554,,4254.0,-0.67522,0.0053,25.4469,4.072774052114983
948.0,4.34524,0.62803,23.045,3.813864,,4255.0,-0.67522,0.0055,26.3989,4.088312939263987
949.0,4.3471,0.62931,23.092,3.814174,,4256.0,-0.67522,0.00571,27.3807,4.069892185465724
950.0,4.34524,0.63059,23.1389,3.814484,,4257.0,-0.67522,0.0059,28.3079,4.061366451695538
951.0,4.34524,0.63187,23.1859,3.814794,,4258.0,-0.67522,0.00607,29.1434,4.076706144965355
952.0,4.34524,0.63315,23.2329,3.815104,,4259.0,-0.67336,0.00627,30.0955,4.076466459704852
954.0,4.34152,0.63443,23.2798,3.815414,,4260.0,-0.67336,0.00647,31.04,4.062457037802042
955.0,4.3471,0.63571,23.3268,3.815414,,4261.0,-0.67522,0.00667,31.9945,4.061091885735593
956.0,4.3471,0.63699,23.3737,3.815724,,4262.0,-0.67522,0.00687,32.9491,4.058802537111821
957.0,4.3471,0.63827,23.4207,3.816034,,4263.0,-0.67522,0.00707,33.9011,4.077372971509518
958.0,4.34524,0.63956,23.468,3.816034,,4264.0,-0.67522,0.00726,34.8556,4.078765681189171
959.0,4.34524,0.64084,23.515,3.816344,,4265.0,-0.67336,0.00746,35.8076,4.074596270842853
960.0,4.34524,0.64197,23.5566,3.816654,,4266.0,-0.67708,0.00766,36.7596,4.058910044916988
961.0,4.3471,0.64323,23.6027,3.816964,,4267.0,-0.67522,0.00786,37.7141,4.060016124305848
962.0,4.34524,0.64452,23.6501,3.817274,,4268.0,-0.67522,0.00806,38.6687,4.065518596144059
963.0,4.34338,0.6458,23.697,3.817274,,4269.0,-0.67522,0.00826,39.6232,4.083697154789408
964.0,4.34524,0.64708,23.744,3.817584,,4270.0,-0.67522,0.00845,40.5653,4.064098630229856
965.0,4.34338,0.64836,23.7909,3.817894,,4271.0,-0.67522,0.00865,41.4925,4.070547396935544
966.0,4.34524,0.64964,23.8379,3.818204,,4272.0,-0.67336,0.00882,42.3305,4.062120608521989
967.0,4.34152,0.65092,23.8848,3.818514,,4273.0,-0.67336,0.00902,43.2825,4.078165846860763
968.0,4.34524,0.6522,23.9317,3.818514,,4274.0,-0.67522,0.00922,44.237,4.0625504259944805
969.0,4.34524,0.65348,23.9787,3.818824,,4275.0,-0.67522,0.00942,45.189,4.097003193722264
970.0,4.34524,0.65476,24.0257,3.819444,,4277.0,-0.67522,0.00962,46.1436,4.06844375892072
971.0,4.3471,0.65603,24.0726,3.819444,,4278.0,-0.67522,0.00982,47.0981,4.063467755308885
972.0,4.34524,0.65731,24.1196,3.819754,,4279.0,-0.67522,0.01001,48.0526,4.067034168163
973.0,4.3471,0.65844,24.1608,3.819754,,4280.0,-0.67522,0.01021,49.0046,4.076947029412788
974.0,4.34524,0.65973,24.2081,3.820374,,4281.0,-0.67522,0.01041,49.9591,4.059312503947721
975.0,4.34524,0.66097,24.2538,3.820374,,4282.0,-0.67336,0.01061,50.9136,4.062751509614949
977.0,4.3471,0.66225,24.3007,3.820684,,4283.0,-0.67522,0.01081,51.8656,4.067457591474689
978.0,4.3471,0.66353,24.3477,3.820684,,4284.0,-0.67522,0.01101,52.8201,4.071249569265345
979.0,4.3471,0.66481,24.3946,3.820995,,4285.0,-0.67522,0.01121,53.7746,4.052025687308974
980.0,4.3471,0.66609,24.4416,3.821305,,4286.0,-0.67336,0.01139,54.6374,4.069062325146502
981.0,4.34338,0.66721,24.4828,3.821615,,4287.0,-0.67522,0.01159,55.6167,4.067153363922845
982.0,4.34524,0.66849,24.5297,3.821925,,4288.0,-0.67708,0.01179,56.5737,4.073110975920079
983.0,4.3471,0.66977,24.5767,3.822235,,4289.0,-0.67336,0.01199,57.5257,4.065107406624373
984.0,4.3471,0.67105,24.6236,3.822235,,4290.0,-0.67522,0.01219,58.4777,4.074635462874192
985.0,4.34524,0.67233,24.6706,3.822545,,4291.0,-0.67522,0.01239,59.4323,4.075624879482597
986.0,4.34338,0.67361,24.7175,3.822855,,4292.0,-0.67522,0.01257,60.3223,4.071383205273335
987.0,4.3471,0.67489,24.7645,3.823165,,4293.0,-0.67522,0.01277,61.2768,4.059205867938047
988.0,4.3471,0.67617,24.8114,3.823475,,4294.0,-0.67522,0.01297,62.2313,4.04987998747826
989.0,4.34524,0.67746,24.8588,3.823475,,4295.0,-0.67522,0.01317,63.1858,4.063114791113849
990.0,4.34524,0.67861,24.9009,3.823785,,4297.0,-0.67522,0.01337,64.1403,4.065717256430127
991.0,4.34524,0.67984,24.9461,3.824095,,4298.0,-0.67336,0.01357,65.0924,4.075952315789846
992.0,4.34524,0.68112,24.993,3.824405,,4299.0,-0.67522,0.01376,66.0444,4.087029411204918
993.0,4.3471,0.6824,25.04,3.824405,,4300.0,-0.67336,0.01396,66.9989,4.065517098706384
994.0,4.34152,0.68368,25.0869,3.824715,,4301.0,-0.67522,0.01416,67.9509,4.066960000497664
995.0,4.34524,0.68496,25.1339,3.825025,,4302.0,-0.67522,0.01436,68.9054,4.071623279448709
996.0,4.34524,0.68624,25.1808,3.825025,,4303.0,-0.67336,0.01456,69.8599,4.066860016072387
998.0,4.34524,0.68752,25.2278,3.825335,,4304.0,-0.67522,0.01475,70.7847,4.078766066727466
999.0,4.3471,0.68881,25.2752,3.825645,,4305.0,-0.67522,0.01493,71.6326,4.058248880245786
1000.0,4.3471,0.69009,25.3222,3.825645,,4306.0,-0.67336,0.01513,72.5871,4.059487440677099
1001.0,4.34896,0.69137,25.3691,3.825955,,4307.0,-0.67708,0.01533,73.5391,4.065025640588909
1002.0,4.34524,0.69265,25.4161,3.826265,,4308.0,-0.67522,0.01553,74.4936,4.081797101474175
1003.0,4.34524,0.69378,25.4577,3.826575,,4309.0,-0.67522,0.01572,75.4481,4.0584393916776875
1004.0,4.34524,0.69505,25.5042,3.826885,,4310.0,-0.67522,0.01592,76.4002,4.077655713231423
1005.0,4.34152,0.69647,25.5565,3.827195,,4311.0,-0.67522,0.01612,77.3547,4.057868490564018
1006.0,4.34524,0.69775,25.6034,3.827195,,4312.0,-0.67336,0.01632,78.2893,4.051172402770457
1007.0,4.34524,0.69903,25.6504,3.827505,,4312.0,-0.67336,0.01632,78.2893,4.069144959353711
1008.0,4.34524,0.70031,25.6973,3.827815,,4312.0,-1.35417,0.01632,78.2893,4.056477926089714
1009.0,4.34524,0.70159,25.7443,3.828125,,4313.0,-1.35045,0.01672,80.2355,4.040025909179424
1010.0,4.34524,0.70287,25.7912,3.828125,,4314.0,-1.34859,0.0171,82.0726,4.050437199083555
1011.0,4.34524,0.70414,25.8377,3.828745,,4315.0,-1.35417,0.01746,83.7833,4.055498552895299
1012.0,4.34524,0.70542,25.8847,3.828745,,4316.0,-1.34859,0.01786,85.6923,4.045830493002692
1013.0,4.3471,0.70654,25.9259,3.828745,,4317.0,-1.35045,0.01826,87.6013,4.030381945337931
1014.0,4.34524,0.70782,25.9728,3.829055,,4318.0,-1.35045,0.01866,89.5128,4.038971213905302
1015.0,4.34524,0.7091,26.0198,3.829365,,4319.0,-1.35417,0.01905,91.4243,4.0216017867356735
1016.0,4.3471,0.71038,26.0667,3.829055,,4321.0,-1.35231,0.01945,93.3333,4.037482714815415
1017.0,4.34524,0.71166,26.1137,3.829365,,4322.0,-1.34859,0.01985,95.225,4.046980424307529
1019.0,4.34524,0.71294,26.1606,3.829675,,4323.0,-1.35045,0.0202,96.901,4.0373733014906845
1020.0,4.3471,0.71422,26.2076,3.829675,,4324.0,-1.35231,0.02059,98.81,4.038757961021356
1021.0,4.3471,0.71534,26.2488,3.830605,,4324.0,-1.35045,0.02084,100.0,4.044294554597146
1022.0,4.34524,0.71667,26.2975,3.830915,,4324.0,-1.35045,0.02084,100.0,4.047747880405777
1023.0,4.34338,0.71795,26.3444,3.830915,,,,,,
1024.0,4.34524,0.71923,26.3914,3.831225,,4324.0,0.6715,0.0,0.0,4.12064870403402
1025.0,4.34524,0.72051,26.4384,3.831535,,4325.0,0.6715,0.00021,13.5959,4.135368714918453
1026.0,4.3471,0.72179,26.4853,3.831845,,4326.0,0.6715,0.00039,25.9589,4.116443451714586
1027.0,4.34152,0.72307,26.5322,3.832155,,4327.0,0.6715,0.00058,38.6986,4.137733366603729
1028.0,4.34524,0.72435,26.5792,3.832465,,4328.0,0.6715,0.00078,51.4384,4.128073192404901
1029.0,4.3471,0.72547,26.6204,3.832465,,4329.0,0.6715,0.00097,64.0411,4.116932641183759
1030.0,4.34524,0.72675,26.6673,3.832775,,4330.0,0.6715,0.00116,77.1575,4.129016351482651
1031.0,4.34524,0.72803,26.7143,3.833085,,4332.0,0.6715,0.00136,90.2397,4.1195380694407095
1032.0,4.34338,0.72931,26.7612,3.833395,,4332.0,0.6715,0.00151,100.0,4.123478146307394
1033.0,4.34524,0.73059,26.8082,3.833705,,4332.0,0.0,0.00151,100.0,4.0991283048458085
1034.0,4.34524,0.73186,26.8551,3.833705,,4333.0,0.0,0.00151,100.0,4.098336012694832
1035.0,4.34338,0.73323,26.9051,3.834325,,4334.0,0.0,0.00151,100.0,4.096528438932141
1036.0,4.34524,0.73451,26.9521,3.834635,,4335.0,0.0,0.00151,100.0,4.107060327982489
1037.0,4.34524,0.73579,26.9991,3.834945,,4336.0,0.0,0.00151,100.0,4.087667524134884
1039.0,4.3471,0.73707,27.046,3.834945,,4338.0,0.0,0.00151,100.0,4.094144644187864
1040.0,4.3471,0.73835,27.093,3.835255,,4339.0,0.0,0.00151,100.0,4.075771328765396
1041.0,4.34338,0.73963,27.1399,3.835566,,4340.0,0.0,0.00151,100.0,4.112139401631529
1042.0,4.34524,0.74075,27.1811,3.835876,,4341.0,0.0,0.00151,100.0,4.1146056925644965
1043.0,4.3471,0.74203,27.2281,3.835876,,4342.0,0.0,0.00151,100.0,4.112941604290426
1044.0,4.34524,0.74331,27.275,3.836185,,4343.0,0.0,0.00151,100.0,4.106244910110393
1045.0,4.34524,0.74459,27.322,3.836496,,4344.0,0.0,0.00151,100.0,4.096318439525738
1046.0,4.34524,0.74587,27.3689,3.836806,,4345.0,0.0,0.00151,100.0,4.105600174528512
1047.0,4.3471,0.74715,27.4158,3.836806,,4346.0,0.0,0.00151,100.0,4.125132256533394
1048.0,4.34152,0.74843,27.4628,3.837116,,4347.0,0.0,0.00151,100.0,4.090660619507863
1049.0,4.34152,0.7497,27.5097,3.837426,,4348.0,0.0,0.00151,100.0,4.088647455109625
1050.0,4.34524,0.75102,27.558,3.837736,,4348.0,0.0,0.00151,100.0,4.103675934218115
1051.0,4.34896,0.75228,27.6041,3.837736,,4348.0,0.0,0.00151,100.0,4.111387415232843
1052.0,4.34524,0.7534,27.6453,3.838046,,,,,,
1053.0,4.3471,0.75468,27.6922,3.838356,,4348.0,-0.67336,0.0,0.0,4.072987566986849
1054.0,4.34338,0.75596,27.7392,3.838666,,4349.0,-0.67336,0.0002,0.4821,4.075257363039357
1055.0,4.3471,0.75725,27.7866,3.838976,,4351.0,-0.67522,0.00043,1.047,4.064918357722301
1056.0,4.3471,0.75853,27.8335,3.838976,,4352.0,-0.67522,0.00061,1.4927,4.066384085012937
1057.0,4.34524,0.75981,27.8805,3.839286,,4353.0,-0.67522,0.00081,1.976,4.0652087445895075
1058.0,4.3471,0.76094,27.9221,3.839286,,4354.0,-0.67522,0.00101,2.4581,4.086320241741265
1059.0,4.3471,0.76225,27.97,3.839596,,4355.0,-0.67522,0.00121,2.9415,4.064478923231738
1060.0,4.34524,0.76353,28.0169,3.839906,,4356.0,-0.67522,0.00141,3.4248,4.055938189724071
1061.0,4.34524,0.76481,28.0639,3.840216,,4357.0,-0.67336,0.00161,3.9069,4.062682344844654
1063.0,4.3471,0.76609,28.1108,3.840526,,4358.0,-0.67522,0.00178,4.3312,4.056883996227925
1064.0,4.34896,0.76736,28.1578,3.840526,,4359.0,-0.67336,0.00198,4.8133,4.056170489686799
1065.0,4.34896,0.76864,28.2047,3.840836,,4360.0,-0.67522,0.00218,5.2967,4.086164897223013
1066.0,4.3471,0.76979,28.2468,3.840836,,4361.0,-0.67522,0.00238,5.78,4.080190326213213
1067.0,4.34896,0.77107,28.2937,3.841146,,4362.0,-0.67522,0.00258,6.2633,4.075143919939459
1068.0,4.3471,0.77235,28.3407,3.841456,,4363.0,-0.67522,0.00276,6.714,4.075626080072828
1069.0,4.34524,0.77363,28.3877,3.841766,,4364.0,-0.67336,0.00297,7.22,4.065764653368998
1070.0,4.3471,0.77491,28.4346,3.842076,,4365.0,-0.67708,0.00317,7.7021,4.06732590458733
1071.0,4.34524,0.77619,28.4815,3.842076,,4366.0,-0.67522,0.00337,8.1867,4.065463964676594
1072.0,4.3471,0.77747,28.5285,3.842386,,4367.0,-0.67336,0.00357,8.6687,4.068791668741113
1073.0,4.34524,0.77875,28.5754,3.842696,,4368.0,-0.67336,0.00377,9.1521,4.06979919795563
1074.0,4.34524,0.77987,28.6166,3.842696,,4370.0,-0.67708,0.00397,9.6354,4.065317385652683
1075.0,4.34152,0.78115,28.6636,3.843006,,4371.0,-0.67522,0.00416,10.1188,4.067526487363314
1076.0,4.3471,0.78243,28.7105,3.843316,,4372.0,-0.67522,0.00436,10.5921,4.061797050185876
1077.0,4.34896,0.78371,28.7575,3.843626,,4373.0,-0.67708,0.00455,11.0666,4.065510427142014
1078.0,4.3471,0.78499,28.8044,3.843936,,4374.0,-0.67522,0.00473,11.4909,4.060644656687447
1079.0,4.34896,0.78627,28.8514,3.843936,,4375.0,-0.67522,0.00493,11.973,4.070370146361785
1080.0,4.34524,0.78756,28.8988,3.844246,,4376.0,-0.67522,0.00513,12.4564,4.060119736547797
1081.0,4.34524,0.78884,28.9457,3.844556,,4377.0,-0.67336,0.00533,12.9385,4.065790141740436
1082.0,4.34338,0.79012,28.9927,3.844866,,4378.0,-0.67336,0.00552,13.4205,4.084723345420824
1084.0,4.34524,0.7914,29.0396,3.845176,,4379.0,-0.67708,0.00572,13.9051,4.069267877051384
1085.0,4.34524,0.79268,29.0866,3.845486,,4380.0,-0.67522,0.00592,14.3872,4.056328629437842
1086.0,4.34524,0.79396,29.1335,3.845486,,4381.0,-0.67708,0.00612,14.8706,4.060238328873825
1087.0,4.34524,0.79524,29.1805,3.845796,,4382.0,-0.67522,0.00632,15.3539,4.065973527208434
1088.0,4.34338,0.79652,29.2274,3.845796,,4383.0,-0.67336,0.00652,15.836,4.076472223131553
1089.0,4.34524,0.7978,29.2744,3.846106,,4383.0,-0.67336,0.00657,15.959,4.068983935325006
1090.0,4.34524,0.79907,29.3213,3.846416,,4383.0,-5.40179,0.00657,15.959,3.8796902512006217
1091.0,4.34524,0.8002,29.3625,3.846726,,4384.0,-5.40737,0.00811,19.7153,3.8743878096400723
1092.0,4.3471,0.80148,29.4095,3.846726,,4385.0,-5.40737,0.00959,23.292,3.8695266629807663
1093.0,4.3471,0.80276,29.4564,3.847346,,4386.0,-5.41109,0.01118,27.1625,3.8760642936597582
1094.0,4.34524,0.80404,29.5034,3.847346,,4388.0,-5.40551,0.01277,31.0317,3.861377121514266
1095.0,4.3471,0.80536,29.5521,3.847656,,4389.0,-5.40923,0.01436,34.9009,3.8975053132846647
1096.0,4.34524,0.80663,29.5986,3.847966,,4390.0,-5.40923,0.01594,38.7338,3.8631156341449224
1097.0,4.34338,0.80775,29.6398,3.847966,,4391.0,-5.40737,0.01734,42.1285,3.856853018387459
1098.0,4.3471,0.80903,29.6867,3.848276,,4391.0,-5.40365,0.01853,45.0109,3.8615604444439486
1099.0,4.34524,0.81031,29.7337,3.848586,,4391.0,-3.37612,0.01853,45.0109,3.946300494300851
1100.0,4.34524,0.81159,29.7807,3.848586,,4392.0,-3.37984,0.01947,47.3146,3.9174026752900506
1101.0,4.34524,0.81287,29.8276,3.848896,,4393.0,-3.38728,0.02053,49.892,3.943661637486848
1102.0,4.3471,0.81415,29.8745,3.849206,,4395.0,-3.37984,0.02151,52.2635,3.9191910376744548
1103.0,4.34338,0.81544,29.9219,3.849206,,4396.0,-3.37984,0.02246,54.5673,3.93656959877561
1104.0,4.34524,0.81672,29.9689,3.849516,,4397.0,-3.37984,0.02343,56.9162,3.945830316179161
1106.0,4.34338,0.818,30.0158,3.849826,,4398.0,-3.37984,0.02442,59.3341,3.918188690369099
1107.0,4.3471,0.81928,30.0628,3.849826,,4399.0,-3.37984,0.02542,61.7521,3.9306140682995716
1108.0,4.3471,0.82056,30.1098,3.850446,,4400.0,-3.37984,0.02641,64.17,3.9269591444820047
1109.0,4.34524,0.82184,30.1567,3.850446,,4401.0,-3.37612,0.02741,66.5867,3.9403850935555
1110.0,4.34524,0.82312,30.2037,3.850756,,4402.0,-3.37984,0.0284,69.0047,3.9357548277567296
1111.0,4.34338,0.82436,30.2493,3.851066,,4403.0,-3.37984,0.02941,71.4678,3.9220934922941897
1112.0,4.34524,0.82553,30.2922,3.851066,,4404.0,-3.37984,0.03033,73.7038,3.9274340105384264
1113.0,4.34524,0.82681,30.3392,3.851377,,4405.0,-3.37984,0.03133,76.1217,3.948160645511127
1114.0,4.3471,0.82794,30.3804,3.851686,,4406.0,-3.37798,0.03232,78.5384,3.9285333642883637
1115.0,4.34524,0.82922,30.4273,3.851996,,4407.0,-3.37984,0.03332,80.9564,3.946791934049721
1116.0,4.34524,0.83049,30.4743,3.852307,,4408.0,-3.37612,0.03431,83.3743,3.932843600325303
1117.0,4.34524,0.83177,30.5212,3.852307,,4409.0,-3.37798,0.03531,85.7923,3.9189411982318556
1118.0,4.34524,0.83305,30.5682,3.852617,,4410.0,-3.37984,0.0363,88.2103,3.935180974118736
1119.0,4.34524,0.83433,30.6151,3.852617,,4411.0,-3.37984,0.03729,90.6056,3.9206156588581007
1120.0,4.34152,0.83561,30.662,3.852926,,4412.0,-3.37426,0.03816,92.726,3.9300263485478966
1121.0,4.34338,0.83689,30.709,3.853237,,4413.0,-3.37612,0.03916,95.1427,3.927365032068218
1122.0,4.34524,0.83817,30.7559,3.853237,,4414.0,-3.37984,0.04016,97.5833,3.9064909062130844
1123.0,4.3471,0.83945,30.8029,3.853547,,4415.0,-3.37984,0.04116,100.0,3.930553901383784
1124.0,4.34524,0.84073,30.8499,3.853857,,4415.0,-3.37984,0.04116,100.0,3.9312245432320374
1125.0,4.34524,0.842,30.8964,3.853857,,,,,,
1126.0,4.3471,0.84326,30.9429,3.854167,,4415.0,1.34301,0.0,0.0,4.12275076305799
1128.0,4.34338,0.84454,30.9898,3.854477,,4416.0,1.34673,0.00038,12.5753,4.114660731211559
1129.0,4.34524,0.84567,31.031,3.854787,,4418.0,1.34859,0.00082,27.1633,4.122909061950575
1130.0,4.34338,0.84695,31.078,3.855407,,4419.0,1.34301,0.00117,38.9816,4.127587850400412
1131.0,4.3471,0.84823,31.1249,3.855407,,4420.0,1.34859,0.00157,52.1934,4.128466170539838
1132.0,4.3471,0.84951,31.1718,3.855717,,4421.0,1.34673,0.00196,65.3879,4.14208933081066
1133.0,4.3471,0.85079,31.2188,3.856027,,4422.0,1.34487,0.00236,78.5825,4.131486833349654
1134.0,4.3471,0.85207,31.2658,3.856027,,4423.0,1.34487,0.00271,90.16,4.1364535566945415
1135.0,4.3471,0.85335,31.3127,3.856337,,4423.0,1.34859,0.003,100.0,4.151624941629301
1136.0,4.3471,0.85462,31.3597,3.856647,,4423.0,1.34859,0.003,100.0,4.12518828926881
1137.0,4.34524,0.8559,31.4066,3.856957,,,,,,
1138.0,4.3471,0.8572,31.454,3.856957,,4423.0,-1.35603,0.0,0.0,4.023658629395425
1139.0,4.3471,0.85847,31.501,3.857267,,4425.0,-1.35045,0.00039,3.244,4.037440923721397
1140.0,4.34896,0.85975,31.5479,3.857577,,4426.0,-1.35045,0.0008,6.6213,4.033902449369206
1141.0,4.34524,0.86094,31.5913,3.857577,,4427.0,-1.35231,0.00119,9.8998,4.02620513649405
1142.0,4.34524,0.86222,31.6383,3.857887,,4428.0,-1.35231,0.00154,12.8082,4.019609063343673
1143.0,4.34524,0.8635,31.6852,3.857887,,4429.0,-1.35045,0.00194,16.121,4.0186897833446995
1144.0,4.3471,0.86478,31.7321,3.858507,,4430.0,-1.35417,0.00234,19.4682,4.023316526700369
1145.0,4.34524,0.86605,31.7791,3.858507,,4431.0,-1.34859,0.00274,22.7811,4.023397953411464
1146.0,4.3471,0.86733,31.8261,3.858817,,4432.0,-1.35045,0.00313,26.0681,4.020312129484828
1148.0,4.34524,0.86861,31.873,3.859127,,4433.0,-1.35231,0.00348,28.9722,4.009184689162097
1149.0,4.34338,0.86989,31.92,3.859127,,4434.0,-1.35045,0.00388,32.2893,4.012868453508664
1150.0,4.34896,0.87117,31.9669,3.859437,,4435.0,-1.34673,0.00429,35.7269,4.0330793205226465
1151.0,4.34338,0.87246,32.0143,3.859747,,4436.0,-1.35231,0.00467,38.9149,4.015759317958666
1152.0,4.34524,0.87374,32.0613,3.860057,,4437.0,-1.35231,0.00507,42.2321,4.022995821048813
1153.0,4.34524,0.87502,32.1082,3.860367,,4438.0,-1.35231,0.00547,45.5449,4.023606885685615
1154.0,4.34524,0.87629,32.1547,3.860677,,4439.0,-1.35045,0.00587,48.8577,4.022415439547476
1155.0,4.34524,0.87741,32.1959,3.860677,,4440.0,-1.35231,0.00627,52.1748,4.029980119544852
1156.0,4.34524,0.87874,32.2446,3.860987,,4441.0,-1.35045,0.00666,55.4834,4.019954858736039
1157.0,4.3471,0.87992,32.288,3.860987,,4442.0,-1.34859,0.00706,58.8005,4.035454550801103
1158.0,4.34524,0.8812,32.335,3.861297,,4443.0,-1.35417,0.00743,61.8337,4.016539724364651
1159.0,4.34524,0.88248,32.3819,3.861607,,4444.0,-1.35045,0.00784,65.2713,4.004054673596315
1160.0,4.34524,0.88377,32.4293,3.861917,,4445.0,-1.35231,0.00819,68.1797,4.021971277785835
1161.0,4.34524,0.88505,32.4763,3.861917,,4446.0,-1.35045,0.00858,71.4624,4.0246514981786445
1162.0,4.34338,0.88633,32.5232,3.862227,,4447.0,-1.35231,0.00898,74.7451,4.0206542863976455
1163.0,4.34524,0.88761,32.5702,3.862537,,4449.0,-1.35045,0.00937,78.0579,4.015915365563026
1164.0,4.34524,0.88889,32.6171,3.862537,,4450.0,-1.35231,0.00977,81.3707,4.019718620530793
1165.0,4.34524,0.89017,32.6641,3.862847,,4451.0,-1.35045,0.01017,84.6836,4.039812928763111
1166.0,4.34152,0.89145,32.711,3.863157,,4452.0,-1.35231,0.01057,88.0007,4.013989975162283
1167.0,4.34524,0.89273,32.7579,3.863467,,4453.0,-1.35045,0.01097,91.3135,4.018526358943046
1169.0,4.34524,0.89401,32.8049,3.863777,,4454.0,-1.35231,0.01136,94.6263,4.022576917237929
1170.0,4.3471,0.89529,32.8519,3.863777,,4455.0,-1.35231,0.01176,97.9392,4.017062000707833
1171.0,4.34524,0.89645,32.8944,3.864087,,4456.0,-1.35231,0.01201,100.0,4.007114239239408
1172.0,4.34338,0.89769,32.94,3.864397,,4456.0,-1.35231,0.01201,100.0,4.01508991324312
1173.0,4.34524,0.89897,32.987,3.864707,,,,,,
1174.0,4.34152,0.90025,33.0339,3.865017,,4456.0,2.69531,0.0,0.0,4.188196395133556
1175.0,4.34524,0.90153,33.0809,3.865327,,4457.0,2.69531,0.0008,13.2423,4.184838825100936
1176.0,4.34338,0.90281,33.1278,3.865327,,4458.0,2.69531,0.00159,26.2372,4.1839565389352495
1177.0,4.34338,0.90409,33.1747,3.865637,,4459.0,2.69717,0.00238,39.3601,4.201324053513903
1178.0,4.3471,0.90538,33.2221,3.865947,,4460.0,2.69903,0.00318,52.4744,4.193866699833671
1179.0,4.3471,0.90666,33.2691,3.865947,,4461.0,2.69903,0.00397,65.5973,4.207509685920167
1180.0,4.3471,0.90794,33.3161,3.866257,,4462.0,2.69531,0.00477,78.7116,4.217178348719837
1181.0,4.3471,0.90922,33.363,3.866567,,4463.0,2.69903,0.00556,91.8345,4.188917825752307
1182.0,4.34524,0.9105,33.41,3.866878,,4464.0,2.69903,0.00606,100.0,4.217663159821267
1183.0,4.3471,0.91178,33.4569,3.866878,,4464.0,0.0,0.00606,100.0,4.1047516386254355
1184.0,4.34524,0.9129,33.4981,3.867188,,4465.0,0.0,0.00606,100.0,4.093400616308419
1185.0,4.34152,0.91418,33.545,3.867497,,4466.0,0.0,0.00606,100.0,4.096224705658179
1186.0,4.34338,0.91544,33.5911,3.867808,,4467.0,0.0,0.00606,100.0,4.093027504228069
1187.0,4.34524,0.91672,33.6381,3.867808,,4468.0,0.0,0.00606,100.0,4.120714510982794
1188.0,4.34152,0.91799,33.685,3.868428,,4469.0,0.0,0.00606,100.0,4.108675621776995
1189.0,4.34338,0.91912,33.7262,3.868428,,4470.0,0.0,0.00606,100.0,4.078333515098522
1190.0,4.34338,0.9204,33.7731,3.868738,,4471.0,0.0,0.00606,100.0,4.0862974049776515
1191.0,4.34524,0.92169,33.8205,3.869048,,4472.0,0.0,0.00606,100.0,4.102419046343969
1193.0,4.3471,0.92297,33.8675,3.869048,,4473.0,0.0,0.00606,100.0,4.098961764931074
1194.0,4.3471,0.92425,33.9144,3.869358,,4474.0,0.0,0.00606,100.0,4.084940646197489
1195.0,4.34338,0.92553,33.9614,3.869668,,4475.0,0.0,0.00606,100.0,4.101192870713217
1196.0,4.3471,0.92681,34.0084,3.869668,,4476.0,0.0,0.00606,100.0,4.114103996412458
1197.0,4.34338,0.92809,34.0553,3.870288,,4477.0,0.0,0.00606,100.0,4.115257855423583
1198.0,4.3471,0.92921,34.0965,3.870288,,4478.0,0.0,0.00606,100.0,4.085427456006288
1199.0,4.34338,0.93049,34.1434,3.870288,,4479.0,0.0,0.00606,100.0,4.088211074792539
1200.0,4.34896,0.93177,34.1904,3.870908,,4480.0,0.0,0.00606,100.0,4.093062392278989
1201.0,4.34524,0.93301,34.236,3.870908,,4481.0,0.0,0.00606,100.0,4.094726144921963
1202.0,4.34524,0.93436,34.2856,3.871218,,4482.0,0.0,0.00606,100.0,4.092283451956878
1203.0,4.34524,0.93549,34.3268,3.871528,,4484.0,0.0,0.00606,100.0,4.098759712864864
1204.0,4.34524,0.93676,34.3737,3.871838,,4485.0,0.0,0.00606,100.0,4.091217969756104
1205.0,4.34524,0.93804,34.4207,3.872148,,4486.0,0.0,0.00606,100.0,4.091354898757503
1206.0,4.34524,0.93932,34.4677,3.872458,,4487.0,0.0,0.00606,100.0,4.108523186970109
1207.0,4.3471,0.94062,34.5151,3.872458,,4488.0,0.0,0.00606,100.0,4.079443958836686
1208.0,4.34524,0.9419,34.562,3.872768,,4489.0,0.0,0.00606,100.0,4.105235896197601
1209.0,4.3471,0.94317,34.609,3.872768,,4490.0,0.0,0.00606,100.0,4.0853225691402715
1210.0,4.34338,0.94445,34.6559,3.873078,,4491.0,0.0,0.00606,100.0,4.099340619584527
1211.0,4.34338,0.94573,34.7029,3.873388,,4492.0,0.0,0.00606,100.0,4.086723233777604
1212.0,4.3471,0.94701,34.7498,3.873388,,4493.0,0.0,0.00606,100.0,4.104493499373874
1213.0,4.34524,0.94814,34.791,3.874008,,4494.0,0.0,0.00606,100.0,4.1059382410889
1214.0,4.34524,0.94942,34.8379,3.874008,,4495.0,0.0,0.00606,100.0,4.090515211649433
1216.0,4.34338,0.95069,34.8849,3.874318,,4496.0,0.0,0.00606,100.0,4.099738400580563
1217.0,4.34338,0.95201,34.9331,3.874318,,4497.0,0.0,0.00606,100.0,4.111306912097681
1218.0,4.34896,0.95329,34.9801,3.874628,,4498.0,0.0,0.00606,100.0,4.08583114323902
1219.0,4.3471,0.95457,35.0271,3.874938,,4499.0,0.0,0.00606,100.0,4.091457696820219
1220.0,4.34524,0.95585,35.074,3.875248,,4500.0,0.0,0.00606,100.0,4.093799015232041
1221.0,4.3471,0.95713,35.121,3.875248,,4501.0,0.0,0.00606,100.0,4.084850133681866
1222.0,4.33966,0.95841,35.1679,3.875558,,4502.0,0.0,0.00606,100.0,4.0887610293592145
1223.0,4.34338,0.95969,35.2148,3.875868,,4503.0,0.0,0.00606,100.0,4.0896754381649165
1224.0,4.34338,0.96097,35.2618,3.875868,,4503.0,0.0,0.00606,100.0,4.097867802886907
1225.0,4.34338,0.96225,35.3087,3.876178,,4504.0,0.0,0.00606,100.0,4.103302991035054
1226.0,4.34524,0.96353,35.3557,3.876798,,4505.0,0.0,0.00606,100.0,4.092166675765031
1227.0,4.3471,0.9648,35.4026,3.876798,,4506.0,0.0,0.00606,100.0,4.079169100103924
1228.0,4.34524,0.96608,35.4496,3.877108,,4507.0,0.0,0.00606,100.0,4.1038959934752475
1229.0,4.34524,0.96736,35.4965,3.877418,,4508.0,0.0,0.00606,100.0,4.10305741962163
1230.0,4.3471,0.96849,35.5377,3.877728,,4509.0,0.0,0.00606,100.0,4.093115296070175
1231.0,4.3471,0.96973,35.5833,3.878038,,4510.0,0.0,0.00606,100.0,4.112294146251718
1232.0,4.3471,0.97104,35.6316,3.878038,,4511.0,0.0,0.00606,100.0,4.083197189082702
1233.0,4.34524,0.97232,35.6786,3.878658,,4512.0,0.0,0.00606,100.0,4.085458370884596
1234.0,4.34524,0.9736,35.7255,3.878658,,4513.0,0.0,0.00606,100.0,4.092959501501762
1235.0,4.34524,0.97473,35.7667,3.878968,,4514.0,0.0,0.00606,100.0,4.076993974173598
1237.0,4.34896,0.97601,35.8137,3.878968,,4515.0,0.0,0.00606,100.0,4.0913360162335115
1238.0,4.34524,0.97729,35.8606,3.879278,,4516.0,0.0,0.00606,100.0,4.107057371079963
1239.0,4.34338,0.97856,35.9076,3.879588,,4517.0,0.0,0.00606,100.0,4.08724016589062
1240.0,4.34524,0.97984,35.9545,3.879898,,4518.0,0.0,0.00606,100.0,4.102037787137094
1241.0,4.34524,0.98112,36.0014,3.879898,,4519.0,0.0,0.00606,100.0,4.080195029920998
1242.0,4.34524,0.98225,36.0426,3.880208,,4520.0,0.0,0.00606,100.0,4.097146291835065
1243.0,4.34524,0.98353,36.0896,3.880518,,4520.0,0.0,0.00606,100.0,4.088854838775639
1244.0,4.34338,0.98481,36.1366,3.880828,,,,,,
1245.0,4.34338,0.98608,36.1835,3.880828,,4520.0,-0.67336,0.0,0.0,4.091364005294501
1246.0,4.3471,0.98724,36.226,3.881138,,4521.0,-0.67522,0.0002,2.0524,4.076967620312187
1247.0,4.34524,0.9886,36.2756,3.881449,,4522.0,-0.67522,0.00038,3.8661,4.036420502952378
1248.0,4.34524,0.98972,36.3168,3.881449,,4523.0,-0.67336,0.00058,5.9026,4.075814240725241
1249.0,4.34152,0.991,36.3638,3.881758,,4524.0,-0.67522,0.00077,7.9391,4.075139057000749
1250.0,4.34524,0.99228,36.4107,3.882068,,4525.0,-0.67522,0.00097,9.9809,4.0795959442220715
1251.0,4.34524,0.99356,36.4576,3.882379,,4526.0,-0.67336,0.00115,11.7681,4.058998168660995
1252.0,4.34524,0.99484,36.5046,3.882689,,4527.0,-0.67522,0.00136,13.9266,4.063744043534335
1253.0,4.34338,0.99611,36.5515,3.882998,,4528.0,-0.67522,0.00156,15.9684,4.062126807400211
1254.0,4.34524,0.99739,36.5985,3.882998,,4529.0,-0.67708,0.00173,17.7556,4.0557039092176375
1255.0,4.34524,0.99867,36.6454,3.883309,,4530.0,-0.67522,0.00193,19.7974,4.062917306043784
1256.0,4.3471,0.99995,36.6924,3.883309,,4531.0,-0.67336,0.00213,21.8339,4.072367288925529
1257.0,4.34524,1.00123,36.7393,3.883619,,4532.0,-0.67522,0.00233,23.8757,4.060075729004697
1258.0,4.34524,1.00252,36.7867,3.883929,,4533.0,-0.67708,0.00252,25.8963,4.092848848992499
1259.0,4.34524,1.0038,36.8337,3.884238,,4534.0,-0.67522,0.0027,27.6888,4.048554083686133
1261.0,4.34524,1.00508,36.8806,3.884238,,4535.0,-0.67522,0.0029,29.7465,4.0771824422652285
1262.0,4.34338,1.00631,36.9258,3.884549,,4536.0,-0.67522,0.0031,31.7883,4.0552297922971094
1263.0,4.34524,1.00746,36.9679,3.884859,,4537.0,-0.67522,0.0033,33.8248,4.057836341366603
1264.0,4.34338,1.00874,37.0148,3.885169,,4538.0,-0.67522,0.00349,35.8666,4.059677517628274
1265.0,4.34524,1.01002,37.0618,3.885169,,4539.0,-0.67336,0.00367,37.675,4.0721275242630455
1266.0,4.34338,1.0113,37.1087,3.885789,,4540.0,-0.67522,0.00387,39.6956,4.051946053798407
1267.0,4.34524,1.01258,37.1556,3.885789,,4541.0,-0.67522,0.00407,41.7374,4.055451359796511
1268.0,4.3471,1.01386,37.2026,3.885789,,4542.0,-0.67522,0.00427,43.7951,4.085498908876092
1269.0,4.34524,1.01514,37.2495,3.886099,,4543.0,-0.67522,0.00447,45.8369,4.067899825137851
1270.0,4.3471,1.01642,37.2965,3.886409,,4544.0,-0.67522,0.00466,47.8787,4.083976387914105
1271.0,4.3471,1.01769,37.3434,3.886409,,4546.0,-0.67336,0.00486,49.9151,4.054011045264645
1272.0,4.34338,1.01897,37.3904,3.886719,,4547.0,-0.67522,0.00505,51.8615,4.058861258925375
1273.0,4.34524,1.02025,37.4373,3.887029,,4548.0,-0.67522,0.00523,53.723,4.046524233095729
1274.0,4.34524,1.02153,37.4843,3.887339,,4548.0,-0.67522,0.00526,53.9934,4.063442047174417
1275.0,4.34524,1.02281,37.5312,3.887649,,4548.0,-1.34859,0.00526,53.9934,4.046337459584092
1276.0,4.3471,1.02397,37.5737,3.887649,,4549.0,-1.35231,0.00562,57.6952,4.039465903443717
1277.0,4.34338,1.02525,37.6207,3.888269,,4550.0,-1.35045,0.00601,61.6992,4.041852896628061
1278.0,4.34524,1.02653,37.6676,3.888269,,4551.0,-1.35045,0.00641,65.7828,4.022689845003236
1279.0,4.34338,1.02781,37.7146,3.888579,,4552.0,-1.35045,0.0068,69.8292,4.025657216100238
1281.0,4.34338,1.02909,37.7615,3.888579,,4553.0,-1.35231,0.00715,73.409,4.038830391963497
1282.0,4.34524,1.03037,37.8085,3.888889,,4554.0,-1.35045,0.00755,77.4979,4.035984661404919
1283.0,4.34338,1.03164,37.855,3.889199,,4555.0,-1.35417,0.00795,81.5868,4.041206855722832
1284.0,4.34524,1.03292,37.9019,3.889509,,4556.0,-1.35417,0.00835,85.7075,4.04061261196653
1285.0,4.34338,1.03419,37.9488,3.889509,,4557.0,-1.35231,0.00875,89.791,4.018019157967797
1286.0,4.34896,1.03547,37.9958,3.889819,,4558.0,-1.35231,0.00915,93.8746,4.033750831275482
1287.0,4.34524,1.03675,38.0428,3.890129,,4559.0,-1.35417,0.00954,97.9211,4.039847197024716
1288.0,4.34524,1.03803,38.0897,3.890439,,4560.0,-1.35045,0.00974,100.0,4.032544141394321
1289.0,4.34338,1.03931,38.1366,3.890749,,4560.0,-1.35045,0.00974,100.0,4.026045009119016
1290.0,4.3471,1.04044,38.1778,3.891059,,,,,,
1291.0,4.3471,1.0417,38.2244,3.891059,,4560.0,0.66778,0.0,0.0,4.107272820675608
1292.0,4.34338,1.04293,38.2695,3.891369,,4561.0,0.66964,0.00019,12.9726,4.115901876027455
1293.0,4.34524,1.04421,38.3165,3.891679,,4562.0,0.66964,0.00039,26.4655,4.098118400465057
1294.0,4.34338,1.04549,38.3634,3.891989,,4563.0,0.66964,0.0006,40.5827,4.106885708390328
1295.0,4.34338,1.04677,38.4104,3.892299,,4564.0,0.66964,0.0008,53.7981,4.110122517508296
1296.0,4.34338,1.04805,38.4573,3.892609,,4565.0,0.66964,0.001,67.0482,4.123130917003806
1297.0,4.3471,1.04933,38.5043,3.892609,,4566.0,0.66964,0.00119,80.1596,4.1101175630202915
1298.0,4.34338,1.05061,38.5512,3.892919,,4567.0,0.66964,0.00137,91.7794,4.126043684064869
1299.0,4.3471,1.05173,38.5924,3.893229,,4568.0,0.66964,0.00149,100.0,4.123361394779777
1300.0,4.3471,1.05301,38.6393,3.893229,,4568.0,0.0,0.00149,100.0,4.0978409589572955
1301.0,4.34524,1.05429,38.6863,3.893539,,4569.0,0.0,0.00149,100.0,4.096232504962522
1302.0,4.3471,1.05557,38.7332,3.893849,,4570.0,0.0,0.00149,100.0,4.0930168178056965
1304.0,4.34524,1.05685,38.7802,3.894159,,4571.0,0.0,0.00149,100.0,4.101052771972131
1305.0,4.34524,1.05813,38.8271,3.894159,,4572.0,0.0,0.00149,100.0,4.1040580062035295
1306.0,4.34338,1.05941,38.8741,3.894469,,4573.0,0.0,0.00149,100.0,4.097829977093076
1307.0,4.34524,1.06072,38.9223,3.894779,,4574.0,0.0,0.00149,100.0,4.081392381586521
1308.0,4.34524,1.06186,38.964,3.894779,,4575.0,0.0,0.00149,100.0,4.092453618660638
1309.0,4.34152,1.06314,39.0109,3.895399,,4576.0,0.0,0.00149,100.0,4.096638918346419
1310.0,4.34524,1.06442,39.0578,3.895399,,4577.0,0.0,0.00149,100.0,4.106215125296711
1311.0,4.34524,1.0657,39.1048,3.895709,,4578.0,0.0,0.00149,100.0,4.096781872520986
1312.0,4.34338,1.06698,39.1517,3.896019,,4579.0,0.0,0.00149,100.0,4.098549895417026
1313.0,4.34338,1.06826,39.1987,3.896329,,4580.0,0.0,0.00149,100.0,4.099633632712851
1314.0,4.34338,1.06938,39.2399,3.896639,,4581.0,0.0,0.00149,100.0,4.097457112775822
1315.0,4.3471,1.07066,39.2868,3.896949,,4582.0,0.0,0.00149,100.0,4.083534192742908
1316.0,4.3471,1.07194,39.3338,3.896949,,4583.0,0.0,0.00149,100.0,4.089485636931766
1317.0,4.3471,1.07322,39.3807,3.897879,,4584.0,0.0,0.00149,100.0,4.076697705169491
1318.0,4.3471,1.0745,39.4277,3.897879,,4584.0,0.0,0.00149,100.0,4.08558942099793
1319.0,4.34524,1.07578,39.4746,3.89819,,,,,,
1320.0,4.34338,1.07705,39.5216,3.898499,,4584.0,-0.67522,0.0,0.0,4.072769372275733
1321.0,4.34338,1.07835,39.569,3.898809,,4585.0,-0.67336,0.00019,0.934,4.057724950025047
1322.0,4.34338,1.07954,39.6128,3.89912,,4586.0,-0.67522,0.00037,1.7811,4.079250652526125
1323.0,4.34524,1.08082,39.6598,3.89943,,4587.0,-0.67522,0.00057,2.7375,4.069540216858718
1324.0,4.3471,1.0821,39.7067,3.89943,,4588.0,-0.67522,0.00077,3.6914,4.059203011300942
1325.0,4.3471,1.08338,39.7537,3.89974,,4589.0,-0.67522,0.00097,4.6478,4.06443123093196
1326.0,4.34338,1.08465,39.8002,3.90036,,4590.0,-0.67522,0.00117,5.6016,4.057341143428333
1327.0,4.34152,1.08577,39.8413,3.90036,,4591.0,-0.67522,0.00136,6.558,4.07137291054909
1329.0,4.34338,1.08705,39.8883,3.90067,,4592.0,-0.67522,0.00156,7.5144,4.05925991258189
1330.0,4.34524,1.08834,39.9357,3.90098,,4593.0,-0.67522,0.00176,8.4708,4.041937273804462
1331.0,4.34338,1.08962,39.9826,3.90129,,4594.0,-0.67522,0.00196,9.4247,4.063271475068177
1332.0,4.34524,1.0909,40.0296,3.9016,,4595.0,-0.67708,0.00216,10.3811,4.057236594527482
1333.0,4.34338,1.09218,40.0765,3.90191,,4596.0,-0.67522,0.00236,11.3374,4.060513803785549
1334.0,4.34524,1.09346,40.1235,3.90191,,4597.0,-0.67336,0.00256,12.2913,4.071107688979778
1335.0,4.34524,1.09474,40.1704,3.90222,,4598.0,-0.67522,0.00276,13.2477,4.064806617953736
1336.0,4.34152,1.09602,40.2174,3.90284,,4599.0,-0.67522,0.00295,14.2041,4.068150453928111
1337.0,4.34524,1.0972,40.2608,3.90284,,4600.0,-0.67522,0.00315,15.1679,4.073616048076173
1338.0,4.34524,1.09848,40.3077,3.90315,,4602.0,-0.67336,0.00335,16.1243,4.072174543809659
1339.0,4.34524,1.09976,40.3547,3.90346,,4603.0,-0.67522,0.00355,17.0782,4.0539996769384565
1340.0,4.34524,1.10104,40.4016,3.90377,,4604.0,-0.67522,0.00375,18.0346,4.050182065550541
1341.0,4.3471,1.10232,40.4486,3.90408,,4605.0,-0.67336,0.00395,18.9885,4.065284052577372
1342.0,4.3471,1.1036,40.4955,3.90439,,4606.0,-0.67522,0.00415,19.9449,4.053161420273828
1343.0,4.34338,1.10472,40.5367,3.9047,,4607.0,-0.67522,0.00432,20.7845,4.0695170258005735
1344.0,4.34524,1.106,40.5837,3.90501,,4608.0,-0.67522,0.00452,21.7384,4.058857880332569
1345.0,4.3471,1.10728,40.6306,3.90501,,4609.0,-0.67522,0.00472,22.6948,4.044416692290287
1346.0,4.34524,1.10856,40.6776,3.90563,,4610.0,-0.67522,0.00492,23.6511,4.075986964873336
1347.0,4.3471,1.10984,40.7245,3.90563,,4611.0,-0.67336,0.00512,24.605,4.0551095858231045
1348.0,4.34524,1.11112,40.7714,3.90625,,4612.0,-0.67522,0.00532,25.5614,4.040100072364631
1350.0,4.34524,1.1124,40.8184,3.90656,,4613.0,-0.67336,0.00552,26.5178,4.053992162113556
1351.0,4.3471,1.11368,40.8653,3.90687,,4614.0,-0.67336,0.00572,27.499,4.068138727609548
1352.0,4.34524,1.11493,40.9114,3.90718,,4615.0,-0.67522,0.0059,28.3734,4.081135249249516
1353.0,4.3471,1.11624,40.9593,3.90749,,4616.0,-0.67522,0.0061,29.3273,4.045003969070888
1354.0,4.34338,1.11736,41.0004,3.9078,,4617.0,-0.67708,0.0063,30.2837,4.05383980313807
1355.0,4.34524,1.11864,41.0474,3.9078,,4618.0,-0.67522,0.0065,31.2401,4.053644234809178
1356.0,4.34338,1.11992,41.0943,3.90811,,4619.0,-0.67522,0.0067,32.1964,4.052635027376356
1357.0,4.34524,1.1212,41.1413,3.90873,,4620.0,-0.67522,0.0069,33.1503,4.0609086217285295
1358.0,4.34524,1.12247,41.1882,3.90904,,4621.0,-0.67522,0.00709,34.1067,4.078053542688079
1359.0,4.34524,1.12375,41.2352,3.90904,,4623.0,-0.67522,0.00729,35.0631,4.047763794065772
1360.0,4.34524,1.12503,41.2821,3.90935,,4624.0,-0.67522,0.00749,36.017,4.0388483490875515
1361.0,4.34896,1.12631,41.3291,3.90966,,4625.0,-0.67522,0.00769,36.9734,4.059397345184384
1362.0,4.34524,1.12759,41.376,3.90997,,4626.0,-0.67522,0.00789,37.9273,4.052548765818147
1363.0,4.3471,1.12889,41.4234,3.91028,,4627.0,-0.67522,0.00809,38.8836,4.063447929047307
1364.0,4.34524,1.13015,41.47,3.91059,,4628.0,-0.67522,0.00828,39.8301,4.057148204853699
1365.0,4.34524,1.13128,41.5112,3.9109,,4629.0,-0.67522,0.00848,40.7567,4.060885077566938
1366.0,4.34524,1.13266,41.5621,3.91121,,4630.0,-0.67522,0.00865,41.6037,4.0420766297765205
1367.0,4.34524,1.13382,41.6046,3.91183,,4631.0,-0.67522,0.00885,42.5601,4.060592464979408
1368.0,4.3471,1.1351,41.6516,3.91183,,4632.0,-0.67522,0.00905,43.5165,4.053067572150414
1369.0,4.34524,1.13638,41.6985,3.91214,,4633.0,-0.67522,0.00925,44.4729,4.081565932805251
1370.0,4.34338,1.13766,41.7454,3.91245,,4634.0,-0.67522,0.00945,45.4268,4.069865913676969
1371.0,4.3471,1.13894,41.7924,3.91276,,4635.0,-0.67336,0.00965,46.3831,4.057743903465027
1373.0,4.3471,1.14022,41.8393,3.91307,,4636.0,-0.67522,0.00985,47.3395,4.042657503323407
1374.0,4.34524,1.14149,41.8858,3.91338,,4637.0,-0.67522,0.01005,48.2934,4.065844009157858
1375.0,4.34524,1.14261,41.927,3.913691,,4638.0,-0.67522,0.01024,49.2498,4.044086407456242
1376.0,4.34524,1.14389,41.974,3.914001,,4639.0,-0.67336,0.01044,50.2037,4.066443786371361
1377.0,4.34524,1.14517,42.021,3.91431,,4640.0,-0.67522,0.01062,51.0433,4.064146062582526
1378.0,4.34338,1.14645,42.0679,3.914621,,4641.0,-0.67708,0.01082,51.9997,4.0549983653489186
1379.0,4.34524,1.14773,42.1149,3.914931,,4642.0,-0.67336,0.01101,52.9536,4.052508252657677
1380.0,4.34524,1.14902,42.1623,3.914931,,4643.0,-0.67522,0.01121,53.91,4.06037463879202
1381.0,4.34524,1.15029,42.2088,3.915551,,4644.0,-0.67522,0.01141,54.8365,4.044777149329942
1382.0,4.34524,1.15151,42.2535,3.915861,,4646.0,-0.67522,0.01159,55.7035,4.04927193071841
1383.0,4.34524,1.15265,42.2956,3.916171,,4647.0,-0.67522,0.01179,56.6599,4.05178381120653
1384.0,4.34524,1.15393,42.3425,3.916171,,4648.0,-0.67708,0.01198,57.6163,4.056453853049289
1385.0,4.34524,1.15521,42.3895,3.916481,,4649.0,-0.67522,0.01218,58.5701,4.04454693631126
1386.0,4.34524,1.15649,42.4365,3.916791,,4650.0,-0.67522,0.01238,59.5265,4.0521126931749
1387.0,4.3471,1.15777,42.4834,3.917101,,4651.0,-0.67522,0.01258,60.4804,4.0484669550207375
1388.0,4.3471,1.15905,42.5303,3.917411,,4652.0,-0.67522,0.01278,61.4293,4.049982216919839
1389.0,4.34524,1.16033,42.5773,3.917721,,4653.0,-0.67522,0.01295,62.2665,4.0689810473616514
1390.0,4.34152,1.16161,42.6243,3.918031,,4654.0,-0.67522,0.01315,63.2229,4.0561084641692355
1391.0,4.34524,1.16289,42.6712,3.918341,,4655.0,-0.67522,0.01335,64.1793,4.050433992407765
1392.0,4.34524,1.16417,42.7182,3.918961,,4656.0,-0.67522,0.01355,65.1331,4.054609047523969
1393.0,4.3471,1.16545,42.7651,3.918961,,4657.0,-0.67708,0.01375,66.0895,4.034521433617107
1395.0,4.34524,1.16673,42.812,3.919581,,4658.0,-0.67522,0.01395,67.0434,4.039174909363497
1396.0,4.34524,1.16801,42.859,3.919581,,4659.0,-0.67522,0.01414,67.9998,4.073437109253108
1397.0,4.34152,1.16934,42.9077,3.920201,,4660.0,-0.67522,0.01432,68.8469,4.062171220911746
1398.0,4.34524,1.17047,42.9493,3.920201,,4661.0,-0.67522,0.01456,69.9921,4.041362920736753
1399.0,4.34524,1.17175,42.9963,3.920511,,4662.0,-0.67522,0.01474,70.8665,4.056073131123305
1400.0,4.34524,1.17303,43.0432,3.920821,,4663.0,-0.67708,0.01494,71.8129,4.047937601913166
1401.0,4.34524,1.1743,43.0897,3.921131,,4664.0,-0.67522,0.01514,72.7693,4.053926970285654
1402.0,4.34338,1.17558,43.1367,3.921441,,4666.0,-0.67336,0.01533,73.7232,4.062685352160967
1403.0,4.34152,1.17687,43.1841,3.921751,,4667.0,-0.67336,0.01553,74.6796,4.0430736847154005
1404.0,4.3471,1.17815,43.231,3.922061,,4668.0,-0.67708,0.01573,75.6359,4.051647876759304
1405.0,4.34338,1.17943,43.278,3.922371,,4669.0,-0.67522,0.01593,76.5898,4.0567191368419016
1406.0,4.34524,1.18071,43.3249,3.922681,,4670.0,-0.67522,0.01614,77.6083,4.045591114764553
1407.0,4.34524,1.18198,43.3719,3.922991,,4671.0,-0.67522,0.01632,78.4653,4.043805201181052
1408.0,4.3471,1.18326,43.4188,3.923301,,4671.0,-1.35603,0.01632,78.4653,4.013788425128759
1409.0,4.34896,1.18454,43.4657,3.923301,,4672.0,-1.35417,0.01675,80.5222,4.017434156465062
1410.0,4.34524,1.18582,43.5127,3.923921,,4673.0,-1.35231,0.01712,82.3082,4.038401109286834
1411.0,4.34338,1.1871,43.5596,3.924231,,4674.0,-1.35417,0.01752,84.2235,4.017014504616165
1412.0,4.34524,1.1883,43.6035,3.924541,,4675.0,-1.35045,0.01791,86.1188,4.046063882159918
1413.0,4.34896,1.18958,43.6504,3.924541,,4676.0,-1.35417,0.01826,87.7981,4.020099117329113
1414.0,4.3471,1.19086,43.6974,3.924851,,4677.0,-1.35045,0.01866,89.7108,4.019011900952586
1416.0,4.34152,1.19213,43.7443,3.925161,,4678.0,-1.34673,0.01906,91.6236,4.0237576821512775
1417.0,4.34524,1.1934,43.7908,3.925471,,4679.0,-1.34859,0.01946,93.5364,4.027372126129274
1418.0,4.34524,1.19453,43.832,3.925781,,4680.0,-1.35231,0.01985,95.4491,4.010383827362538
1419.0,4.34338,1.1958,43.879,3.926091,,4681.0,-1.34859,0.02025,97.3644,4.0245719248413865
1420.0,4.34896,1.19708,43.9259,3.926401,,4682.0,-1.35231,0.02065,99.2771,4.01493901929585
1421.0,4.34524,1.19836,43.9729,3.926711,,4683.0,-1.35045,0.0208,100.0,4.036415379647629
1422.0,4.3471,1.19964,44.0198,3.927021,,4683.0,-1.35045,0.0208,100.0,4.018482607368418
1423.0,4.34524,1.20092,44.0668,3.927331,,,,,,
1424.0,4.3471,1.2022,44.1137,3.927641,,4683.0,0.6715,0.0,0.0,4.097761956286528
1425.0,4.34338,1.20348,44.1607,3.927951,,4684.0,0.66964,0.0002,13.423,4.105532716012259
1426.0,4.34524,1.20476,44.2076,3.928262,,4685.0,0.66964,0.00038,25.0863,4.101849395801859
1427.0,4.3471,1.20617,44.2594,3.928571,,4686.0,0.66964,0.00056,37.5086,4.093749773955703
1428.0,4.34524,1.20745,44.3063,3.928881,,4687.0,0.66964,0.00076,50.6901,4.1211650040188665
1429.0,4.34152,1.20872,44.3528,3.929191,,4688.0,0.66964,0.00096,63.8371,4.1126646309034465
1430.0,4.3471,1.20984,44.394,3.929502,,4689.0,0.66778,0.00115,77.0186,4.103640924884573
1431.0,4.3471,1.21113,44.4414,3.929811,,4690.0,0.66964,0.00135,90.1656,4.112489853816801
1432.0,4.34338,1.21241,44.4884,3.930121,,4691.0,0.66964,0.0015,100.0,4.13190434684672
1433.0,4.34524,1.21369,44.5353,3.930432,,4691.0,0.0,0.0015,100.0,4.083024008560779
1434.0,4.34524,1.21497,44.5823,3.930742,,4692.0,0.0,0.0015,100.0,4.088691136224911
1435.0,4.34524,1.21625,44.6292,3.931051,,4693.0,0.0,0.0015,100.0,4.0856759167323435
1437.0,4.3471,1.21753,44.6762,3.931362,,4694.0,0.0,0.0015,100.0,4.096083176761617
1438.0,4.34524,1.21881,44.7231,3.931672,,4695.0,0.0,0.0015,100.0,4.078097922175636
1439.0,4.34524,1.22009,44.7701,3.931982,,4696.0,0.0,0.0015,100.0,4.07100969080237
1440.0,4.34524,1.22137,44.817,3.932292,,4697.0,0.0,0.0015,100.0,4.090104915638071
1441.0,4.3471,1.22265,44.8639,3.932602,,4698.0,0.0,0.0015,100.0,4.086953050962002
1442.0,4.34524,1.22388,44.9091,3.932912,,4699.0,0.0,0.0015,100.0,4.083385410043787
1443.0,4.3471,1.22513,44.9552,3.933222,,4700.0,0.0,0.0015,100.0,4.074183056806046
1444.0,4.34524,1.22626,44.9964,3.933532,,4701.0,0.0,0.0015,100.0,4.094780849804988
1445.0,4.34524,1.22754,45.0433,3.933842,,4702.0,0.0,0.0015,100.0,4.089846383930988
1446.0,4.34338,1.22881,45.0903,3.934462,,4703.0,0.0,0.0015,100.0,4.0884731501373635
1447.0,4.34524,1.23009,45.1372,3.934462,,4704.0,0.0,0.0015,100.0,4.085851299417827
1448.0,4.34524,1.23137,45.1842,3.934772,,4705.0,0.0,0.0015,100.0,4.085610518361266
1449.0,4.34524,1.23265,45.2311,3.935082,,4707.0,0.0,0.0015,100.0,4.088677043313815
1450.0,4.3471,1.23393,45.2781,3.935702,,4707.0,0.0,0.0015,100.0,4.0790087560485775
1451.0,4.34524,1.23521,45.325,3.936012,,4707.0,0.0,0.0015,100.0,4.07295180933413
1452.0,4.3471,1.23633,45.3662,3.936322,,,,,,
1453.0,4.34524,1.23761,45.4132,3.936322,,4707.0,-0.67522,0.0,0.0,4.058168730274736
1454.0,4.3471,1.23889,45.4601,3.936632,,4708.0,-0.67522,0.0002,0.4812,4.060524586595967
1455.0,4.3471,1.24017,45.5071,3.937252,,4709.0,-0.67336,0.00039,0.9449,4.050600807086092
1456.0,4.34524,1.24145,45.554,3.937562,,4710.0,-0.67336,0.00059,1.4262,4.055918310220057
1457.0,4.3471,1.24273,45.601,3.937872,,4711.0,-0.67522,0.00079,1.9087,4.065374173764714
1458.0,4.34338,1.24401,45.6479,3.938492,,4712.0,-0.67522,0.00099,2.3912,4.082362302847064
1460.0,4.34338,1.24528,45.6944,3.938802,,4713.0,-0.67522,0.00118,2.8724,4.054128207307783
1461.0,4.3471,1.2464,45.7356,3.939112,,4714.0,-0.67522,0.00138,3.3549,4.0900948161568165
1462.0,4.34524,1.24768,45.7826,3.939422,,4715.0,-0.6715,0.00158,3.8361,4.054747062655458
1463.0,4.34524,1.24896,45.8295,3.939732,,4716.0,-0.67522,0.00178,4.3186,4.055160463414098
1464.0,4.34524,1.25025,45.8769,3.940352,,4717.0,-0.67522,0.00198,4.8011,4.0499617215985655
1465.0,4.34524,1.25152,45.9234,3.940662,,4718.0,-0.67522,0.00218,5.2836,4.064864938568674
1466.0,4.3471,1.25271,45.9673,3.940972,,4719.0,-0.6715,0.00238,5.7648,4.053000412114522
1467.0,4.3471,1.25399,46.0142,3.941282,,4720.0,-0.6715,0.00256,6.2198,4.050316427390775
1468.0,4.34896,1.25527,46.0612,3.941592,,4722.0,-0.67522,0.00276,6.6972,4.050508923410646
1469.0,4.34524,1.25655,46.1081,3.941902,,4723.0,-0.67522,0.00296,7.1797,4.063610511010556
1470.0,4.34524,1.25783,46.1551,3.942522,,4724.0,-0.67522,0.00313,7.6021,4.060046591955415
1471.0,4.34338,1.25896,46.1962,3.942522,,4725.0,-0.67522,0.00333,8.0833,4.048728333410558
1472.0,4.34524,1.26024,46.2432,3.943142,,4726.0,-0.67522,0.00353,8.5671,4.068693259138003
1473.0,4.34524,1.26151,46.2902,3.943142,,4727.0,-0.67522,0.00373,9.0483,4.036933789533016
1474.0,4.34524,1.26279,46.3371,3.943762,,4728.0,-0.67336,0.00393,9.5308,4.063722265612018
1475.0,4.34524,1.26407,46.3841,3.944072,,4729.0,-0.67522,0.00414,10.0446,4.041607816084962
1476.0,4.34338,1.26535,46.431,3.944382,,4730.0,-0.67522,0.00432,10.4845,4.060545470474053
1477.0,4.34152,1.26663,46.478,3.944692,,4731.0,-0.67522,0.00452,10.9657,4.037226234140742
1478.0,4.3471,1.26792,46.5254,3.945003,,4732.0,-0.67522,0.00472,11.4482,4.060792346282234
1479.0,4.3471,1.26919,46.5719,3.945313,,4733.0,-0.67708,0.00492,11.9307,4.0603315226562735
1480.0,4.34524,1.27034,46.6139,3.945933,,4734.0,-0.67708,0.00512,12.4132,4.051326366219272
1481.0,4.34338,1.27165,46.6622,3.946243,,4735.0,-0.67336,0.00532,12.8945,4.046886074749968
1482.0,4.34338,1.27278,46.7034,3.946553,,4736.0,-0.67522,0.00552,13.3769,4.049134956152117
1483.0,4.34338,1.27406,46.7504,3.946863,,4737.0,-0.67522,0.00571,13.8582,4.050447609735003
1485.0,4.34524,1.27534,46.7973,3.947173,,4738.0,-0.67336,0.00591,14.3407,4.048638055492311
1486.0,4.34524,1.27662,46.8443,3.947483,,4739.0,-0.67522,0.00611,14.8232,4.066273698077105
1487.0,4.34524,1.2779,46.8912,3.948103,,4740.0,-0.67708,0.00629,15.2455,4.039828403184668
1488.0,4.34524,1.27919,46.9386,3.948413,,4741.0,-0.67522,0.00648,15.728,4.052249047790357
1489.0,4.34524,1.28047,46.9856,3.948723,,4742.0,-0.67522,0.00656,15.9097,4.050763930179276
1490.0,4.34524,1.28175,47.0325,3.949033,,4742.0,-5.40923,0.00656,15.9097,3.867176425742
1491.0,4.34338,1.28301,47.079,3.949343,,4743.0,-5.41109,0.00808,19.5892,3.8802036743897292
1492.0,4.34524,1.28414,47.1202,3.949963,,4744.0,-5.40551,0.00967,23.4516,3.861006565629316
1493.0,4.3471,1.28542,47.1672,3.949963,,4745.0,-5.41109,0.01126,27.3141,3.854848795597269
1494.0,4.34524,1.28671,47.2146,3.950583,,4746.0,-5.40551,0.01285,31.1753,3.854577485921029
1495.0,4.34524,1.28799,47.2615,3.950893,,4747.0,-5.40737,0.01443,35.0014,3.8466612764503725
1496.0,4.34524,1.28948,47.3164,3.951203,,4748.0,-5.40737,0.01583,38.3914,3.8481863268444303
1497.0,4.34524,1.29061,47.3576,3.951823,,4749.0,-5.40737,0.01742,42.2525,3.8392154014442466
1498.0,4.34524,1.29189,47.4046,3.952133,,4750.0,-5.41295,0.01861,45.1312,3.8386625884147922
1499.0,4.34338,1.29318,47.452,3.952443,,4750.0,-3.38356,0.01861,45.1312,3.9217573189800046
1500.0,4.34524,1.29444,47.4985,3.952753,,4751.0,-3.37984,0.01957,47.476,3.89901813959042
1501.0,4.34338,1.29557,47.5397,3.953063,,4752.0,-3.37612,0.02056,49.8672,3.918315569972556
1502.0,4.3471,1.29685,47.5866,3.953373,,4753.0,-3.37798,0.02151,52.1668,3.9208706329098653
1503.0,4.34338,1.29813,47.6336,3.953683,,4754.0,-3.37984,0.02246,54.4665,3.9135883531417672
1504.0,4.34152,1.29941,47.6805,3.954303,,4755.0,-3.37612,0.02345,56.8802,3.908381060436412
1506.0,4.34524,1.30069,47.7275,3.954613,,4756.0,-3.37798,0.02445,59.2939,3.911392056087591
1507.0,4.3471,1.30196,47.7744,3.954923,,4757.0,-3.37984,0.02544,61.7064,3.9019973871196174
1508.0,4.34896,1.30324,47.8214,3.955233,,4758.0,-3.3817,0.02644,64.1201,3.9246014800828846
1509.0,4.3471,1.30452,47.8683,3.955853,,4759.0,-3.3817,0.02743,66.5338,3.9128672018244615
1510.0,4.3471,1.3058,47.9153,3.956163,,4760.0,-3.37798,0.02842,68.925,3.9035731125092203
1511.0,4.34524,1.30702,47.96,3.956473,,4761.0,-3.37612,0.0293,71.0655,3.92829686345379
1512.0,4.34524,1.30833,48.0079,3.957093,,4762.0,-3.37612,0.03029,73.478,3.8989067536176347
1513.0,4.34524,1.30945,48.0491,3.957403,,4763.0,-3.37984,0.03129,75.8904,3.912506363677617
1514.0,4.34524,1.31074,48.0965,3.957713,,4764.0,-3.37612,0.03228,78.3041,3.9146857876316825
1515.0,4.3471,1.31201,48.143,3.958023,,4765.0,-3.3817,0.03328,80.7191,3.907968625289605
1516.0,4.34338,1.31313,48.1842,3.958333,,4767.0,-3.38356,0.03428,83.1328,3.9002174778852026
1517.0,4.3471,1.31441,48.2311,3.958953,,4768.0,-3.37984,0.03527,85.5465,3.915461989793757
1518.0,4.34524,1.31569,48.2781,3.959263,,4769.0,-3.37798,0.03626,87.9364,3.9167910469144283
1519.0,4.34524,1.31697,48.325,3.959574,,4770.0,-3.37612,0.03725,90.3476,3.8861997081358983
1520.0,4.34338,1.31825,48.372,3.959883,,4771.0,-3.3817,0.03824,92.7601,3.8879277548947866
1521.0,4.34524,1.31953,48.4189,3.960193,,4772.0,-3.3817,0.03924,95.1738,3.917681219233428
1522.0,4.34524,1.32081,48.4659,3.960504,,4773.0,-3.3817,0.04023,97.5863,3.8981462406307035
1523.0,4.3471,1.32209,48.5128,3.961434,,4774.0,-3.37798,0.04123,100.0,3.8950425652428144
1524.0,4.33966,1.32338,48.5602,3.961744,,4774.0,-3.37798,0.04123,100.0,3.9083168522996132
1525.0,4.34524,1.32479,48.612,3.962054,,,,,,
1526.0,4.3471,1.32593,48.6536,3.962674,,4774.0,1.34301,0.0,0.0,4.087332039640712
1527.0,4.34524,1.32721,48.7006,3.962984,,4775.0,1.34673,0.00039,13.0586,4.0834105474449425
1528.0,4.34524,1.3285,48.748,3.963294,,4776.0,1.34487,0.00075,25.1087,4.08518756434695
1530.0,4.3471,1.32976,48.7945,3.963604,,4777.0,1.34301,0.00114,38.4281,4.112357086539194
1531.0,4.34524,1.33089,48.8357,3.964224,,4778.0,1.34487,0.00154,51.7475,4.104304069376678
1532.0,4.34896,1.33218,48.8831,3.964224,,4779.0,1.34301,0.00193,65.0669,4.114060945583158
1533.0,4.34524,1.33345,48.9296,3.964844,,4780.0,1.34487,0.00233,78.3864,4.105502505108355
1534.0,4.34524,1.33457,48.9708,3.965154,,4781.0,1.34673,0.00273,91.7058,4.132179500235515
1535.0,4.3471,1.33585,49.0177,3.965464,,4782.0,1.34487,0.00297,100.0,4.114747431246745
1536.0,4.3471,1.33713,49.0647,3.966084,,4782.0,1.34487,0.00297,100.0,4.111953350739765
1537.0,4.34524,1.33841,49.1116,3.966394,,,,,,
1538.0,4.34152,1.33969,49.1586,3.966704,,4782.0,-1.35231,0.0,0.0,4.007982382856031
1539.0,4.34524,1.34097,49.2055,3.967014,,4783.0,-1.35417,0.00043,3.5584,3.997806881549975
1540.0,4.34524,1.34224,49.2525,3.967634,,4784.0,-1.35231,0.00083,6.8678,4.024327157450014
1541.0,4.34524,1.34354,49.2999,3.967944,,4785.0,-1.35231,0.00122,10.1472,4.015268990254628
1542.0,4.3471,1.34478,49.3455,3.968254,,4786.0,-1.35045,0.00157,13.0489,4.012123126488738
1543.0,4.3471,1.3459,49.3867,3.968564,,4787.0,-1.35045,0.00197,16.354,3.9987648692735194
1544.0,4.3471,1.34718,49.4336,3.968874,,4788.0,-1.35045,0.00237,19.6592,4.0145463131095
1545.0,4.34524,1.34846,49.4806,3.969494,,4789.0,-1.35045,0.00277,22.9944,3.9975853567130146
1546.0,4.34152,1.34974,49.5275,3.969804,,4790.0,-1.35231,0.00316,26.2695,4.013827042132564
1547.0,4.34338,1.35102,49.5745,3.970114,,4791.0,-1.35045,0.00351,29.1711,3.9893342464622727
1548.0,4.34338,1.3523,49.6214,3.970424,,4792.0,-1.35417,0.00391,32.4763,4.0001817848658785
1549.0,4.34524,1.35358,49.6684,3.970734,,4793.0,-1.35231,0.00434,36.0948,4.0107284268066685
1550.0,4.3471,1.35487,49.7158,3.971354,,4794.0,-1.35231,0.00474,39.3999,3.9960866613543997
1551.0,4.34524,1.35615,49.7627,3.971664,,4796.0,-1.35231,0.00514,42.7094,4.006199056676108
1552.0,4.34524,1.35743,49.8097,3.971974,,4797.0,-1.35231,0.00554,46.0145,4.023471554290148
1554.0,4.34524,1.35871,49.8566,3.972594,,4798.0,-1.35231,0.00594,49.3239,3.98878261398466
1555.0,4.3471,1.35998,49.9031,3.972904,,4799.0,-1.35231,0.00634,52.6291,3.999379792348487
1556.0,4.34524,1.36135,49.9536,3.973214,,4800.0,-1.35045,0.00673,55.9342,4.006112612225044
1557.0,4.34338,1.3625,49.9957,3.973524,,4801.0,-1.35417,0.00708,58.8402,3.988006289296864
1558.0,4.3471,1.36379,50.0431,3.974144,,4802.0,-1.35231,0.00751,62.3685,4.011557165797799
1559.0,4.3471,1.36507,50.09,3.974454,,4803.0,-1.34859,0.00791,65.6737,3.989907421482126
1560.0,4.3471,1.36634,50.1366,3.974764,,4804.0,-1.35231,0.0083,68.9488,3.9972321538503004
1561.0,4.3471,1.36746,50.1778,3.975384,,4805.0,-1.35231,0.00865,71.8848,4.0079191652315975
1562.0,4.3471,1.36874,50.2247,3.975694,,4806.0,-1.35603,0.00905,75.1899,4.014109532900867
1563.0,4.3471,1.37002,50.2717,3.976004,,4807.0,-1.35045,0.00945,78.4693,3.9930460175759572
1564.0,4.34524,1.3713,50.3186,3.976315,,4808.0,-1.35417,0.0098,81.371,4.005955558095085
1565.0,4.34152,1.37258,50.3656,3.976934,,4809.0,-1.35045,0.01019,84.6804,4.003329834199865
1566.0,4.34524,1.37386,50.4125,3.977245,,4810.0,-1.35045,0.01059,87.9899,4.015610694307262
1567.0,4.34524,1.37514,50.4595,3.977555,,4811.0,-1.35231,0.01099,91.295,4.0304129736255625
1568.0,4.34338,1.37642,50.5064,3.977865,,4812.0,-1.35231,0.01139,94.6045,4.008416517620404
1569.0,4.34338,1.37771,50.5538,3.978485,,4813.0,-1.35231,0.01179,97.9096,4.0044585185339665
1570.0,4.34524,1.37899,50.6007,3.979105,,4814.0,-1.35417,0.01204,100.0,3.9918022945458005
1571.0,4.34524,1.38026,50.6472,3.979415,,4814.0,-1.35417,0.01204,100.0,3.9895854149088685
1572.0,4.34524,1.38139,50.6889,3.979725,,,,,,
1573.0,4.34524,1.38267,50.7358,3.980035,,4814.0,2.69903,0.0,0.0,4.1552663312819496
1574.0,4.34338,1.38395,50.7828,3.980655,,4815.0,2.69717,0.00077,12.7701,4.152926686036439
1576.0,4.3471,1.38523,50.8297,3.980965,,4816.0,2.69717,0.00159,26.2749,4.158471150897933
1577.0,4.34524,1.38651,50.8767,3.981275,,4817.0,2.69903,0.00238,39.4123,4.182457494274931
1578.0,4.34524,1.3878,50.9241,3.981585,,4818.0,2.69903,0.00318,52.5498,4.178662678697948
1579.0,4.34338,1.38908,50.971,3.982515,,4819.0,2.69903,0.00397,65.5591,4.181304209526462
1580.0,4.34152,1.39036,51.018,3.982825,,4820.0,2.70089,0.00466,77.0821,4.18446265902282
1581.0,4.3471,1.39164,51.0649,3.983445,,4821.0,2.69717,0.00546,90.211,4.16924092992091
1582.0,4.3471,1.39292,51.1119,3.983755,,4822.0,2.69903,0.00605,100.0,4.18521802258154
1583.0,4.34524,1.3942,51.1588,3.984065,,4822.0,0.0,0.00605,100.0,4.093682419255933
1584.0,4.34524,1.39532,51.2,3.984375,,4823.0,0.0,0.00605,100.0,4.08462057133995
1585.0,4.34338,1.3966,51.2469,3.984995,,4824.0,0.0,0.00605,100.0,4.0995938822295255
1586.0,4.34338,1.39805,51.3001,3.985305,,4825.0,0.0,0.00605,100.0,4.080078160784956
1587.0,4.34338,1.39919,51.3422,3.985615,,4826.0,0.0,0.00605,100.0,4.086085672732871
1588.0,4.3471,1.40047,51.3891,3.986235,,4827.0,0.0,0.00605,100.0,4.073796951751401
1589.0,4.34524,1.40175,51.4361,3.986545,,4828.0,0.0,0.00605,100.0,4.077172867551041
1590.0,4.34152,1.40303,51.483,3.987165,,4829.0,0.0,0.00605,100.0,4.090605947017111
1591.0,4.34524,1.40432,51.5304,3.987475,,4830.0,0.0,0.00605,100.0,4.073699574376561
1592.0,4.34152,1.4056,51.5773,3.988095,,4832.0,0.0,0.00605,100.0,4.08585161447078
1593.0,4.34338,1.40688,51.6243,3.988405,,4833.0,0.0,0.00605,100.0,4.073211169528791
1594.0,4.3471,1.40816,51.6712,3.988715,,4834.0,0.0,0.00605,100.0,4.082924382526542
1596.0,4.34524,1.40944,51.7182,3.989335,,4835.0,0.0,0.00605,100.0,4.079801253830455
1597.0,4.34524,1.41072,51.7651,3.989645,,4836.0,0.0,0.00605,100.0,4.084587025432796
1598.0,4.34524,1.412,51.8121,3.989955,,4837.0,0.0,0.00605,100.0,4.087286643161608
1599.0,4.34524,1.41328,51.859,3.990575,,4838.0,0.0,0.00605,100.0,4.063187182583962
1600.0,4.34524,1.41456,51.906,3.990885,,4839.0,0.0,0.00605,100.0,4.069181687072376
1601.0,4.34524,1.41581,51.952,3.991505,,4840.0,0.0,0.00605,100.0,4.070684435909751
1602.0,4.34524,1.41709,51.999,3.991816,,4841.0,0.0,0.00605,100.0,4.073507231514293
1603.0,4.3471,1.41837,52.0459,3.992435,,4842.0,0.0,0.00605,100.0,4.07278139028867
1604.0,4.3471,1.41965,52.0929,3.992746,,4843.0,0.0,0.00605,100.0,4.063422803016412
1605.0,4.34524,1.42093,52.1399,3.993056,,4844.0,0.0,0.00605,100.0,4.054610143720968
1606.0,4.3471,1.42221,52.1868,3.993366,,4845.0,0.0,0.00605,100.0,4.053739634686358
1607.0,4.34524,1.42349,52.2337,3.993986,,4846.0,0.0,0.00605,100.0,4.0615794283475
1608.0,4.34524,1.42477,52.2807,3.994606,,4847.0,0.0,0.00605,100.0,4.061840550836762
1609.0,4.34524,1.42605,52.3276,3.994916,,4848.0,0.0,0.00605,100.0,4.065902929498804
1610.0,4.34338,1.42733,52.3746,3.995226,,4849.0,0.0,0.00605,100.0,4.063790276535791
1611.0,4.34524,1.42861,52.4216,3.995536,,4850.0,0.0,0.00605,100.0,4.067148399352626
1612.0,4.34524,1.42973,52.4628,3.996156,,4852.0,0.0,0.00605,100.0,4.087199245658649
1613.0,4.34524,1.43101,52.5097,3.996466,,4853.0,0.0,0.00605,100.0,4.075121336011088
1614.0,4.3471,1.43229,52.5567,3.996776,,4854.0,0.0,0.00605,100.0,4.066087936426842
1616.0,4.34524,1.43357,52.6036,3.997396,,4855.0,0.0,0.00605,100.0,4.075697389520566
1617.0,4.34524,1.43469,52.6448,3.997706,,4856.0,0.0,0.00605,100.0,4.0775041709957405
1618.0,4.34896,1.436,52.6926,3.998016,,4857.0,0.0,0.00605,100.0,4.070973421891821
1619.0,4.34524,1.43728,52.7396,3.998636,,4858.0,0.0,0.00605,100.0,4.064166684936125
1620.0,4.3471,1.43856,52.7865,3.998946,,4859.0,0.0,0.00605,100.0,4.08128261866769
1621.0,4.34524,1.43984,52.8335,3.999566,,4860.0,0.0,0.00605,100.0,4.086710239344505
1622.0,4.3471,1.44112,52.8804,3.999876,,4861.0,0.0,0.00605,100.0,4.0847258188670805
1623.0,4.3471,1.4424,52.9274,4.000496,,4862.0,0.0,0.00605,100.0,4.086700698628257
1624.0,4.34338,1.44367,52.9743,4.000806,,4863.0,0.0,0.00605,100.0,4.074038651520921
1625.0,4.34338,1.44495,53.0213,4.001426,,4864.0,0.0,0.00605,100.0,4.078513063867691
1626.0,4.3471,1.44623,53.0682,4.001736,,4865.0,0.0,0.00605,100.0,4.072748904054638
1627.0,4.34338,1.44751,53.1152,4.002356,,4866.0,0.0,0.00605,100.0,4.071356132998371
1628.0,4.3471,1.44879,53.1621,4.002666,,4867.0,0.0,0.00605,100.0,4.071988163780649
1629.0,4.34524,1.45007,53.2091,4.003286,,4868.0,0.0,0.00605,100.0,4.052871869729715
1630.0,4.34524,1.45135,53.2561,4.003906,,4869.0,0.0,0.00605,100.0,4.086592154153083
1631.0,4.3471,1.45254,53.2995,4.004216,,4870.0,0.0,0.00605,100.0,4.070300269640162
1632.0,4.34524,1.45386,53.3482,4.004836,,4871.0,0.0,0.00605,100.0,4.082282607565911
1633.0,4.34338,1.45514,53.3951,4.005147,,4872.0,0.0,0.00605,100.0,4.0741531425441755
1634.0,4.34338,1.45642,53.4421,4.005456,,4874.0,0.0,0.00605,100.0,4.0737388343728025
1636.0,4.3471,1.4577,53.489,4.006076,,4875.0,0.0,0.00605,100.0,4.090655357685719
1637.0,4.34338,1.45898,53.536,4.006696,,4876.0,0.0,0.00605,100.0,4.086258147950364
1638.0,4.34524,1.46026,53.5829,4.007007,,4877.0,0.0,0.00605,100.0,4.075654662284578
1639.0,4.34338,1.46154,53.6299,4.007317,,4877.0,0.0,0.00605,100.0,4.08706537019321
1640.0,4.34152,1.46266,53.6711,4.007936,,4877.0,0.0,0.00605,100.0,4.08341591051046
1641.0,4.34524,1.46394,53.718,4.008246,,,,,,
1642.0,4.3471,1.46522,53.765,4.008556,,4877.0,-0.6715,0.0,0.0,4.059634805518186
1643.0,4.34338,1.4665,53.8119,4.009177,,4878.0,-0.67336,0.00018,1.8431,4.05724027718437
1644.0,4.34524,1.46778,53.8589,4.009487,,4879.0,-0.67336,0.00037,3.8398,4.044503864309115
1645.0,4.34338,1.469,53.9036,4.010107,,4880.0,-0.67522,0.00057,5.8577,4.047030839094917
1646.0,4.34524,1.47028,53.9506,4.010417,,4881.0,-0.67522,0.00077,7.8968,4.062126632991772
1647.0,4.34524,1.47156,53.9975,4.011037,,4882.0,-0.67522,0.00097,9.9306,4.066161972092874
1648.0,4.3471,1.47284,54.0445,4.011347,,4883.0,-0.67522,0.00117,11.9697,4.0494011677599335
1649.0,4.3471,1.47412,54.0914,4.011967,,4884.0,-0.67336,0.0014,14.3531,4.049772483235537
1650.0,4.3471,1.4754,54.1384,4.012587,,4885.0,-0.67522,0.00158,16.175,4.055194303942445
1651.0,4.3471,1.47668,54.1853,4.012897,,4886.0,-0.67708,0.00178,18.2353,4.069626644117745
1652.0,4.34524,1.47796,54.2322,4.013517,,4888.0,-0.67336,0.00198,20.2744,4.05281347683724
1653.0,4.34524,1.47923,54.2792,4.013827,,4889.0,-0.67522,0.00218,22.3081,4.048677280812901
1654.0,4.34524,1.48051,54.3261,4.014137,,4890.0,-0.67522,0.00238,24.3472,4.046641349290857
1655.0,4.3471,1.48178,54.3727,4.014757,,4891.0,-0.67522,0.00257,26.3863,4.0406856503532955
1656.0,4.34524,1.4829,54.4139,4.015067,,4892.0,-0.67708,0.00277,28.4042,4.055733595834338
1658.0,4.34338,1.48418,54.4608,4.015687,,4893.0,-0.67336,0.00295,30.1891,4.037119378523829
1659.0,4.34524,1.48546,54.5078,4.015997,,4894.0,-0.67522,0.00314,32.2282,4.040624195327807
1660.0,4.34524,1.48674,54.5547,4.016617,,4895.0,-0.67336,0.00334,34.2673,4.034451745321553
1661.0,4.34338,1.48802,54.6017,4.016927,,4896.0,-0.67336,0.00354,36.301,4.019701080736412
1662.0,4.34152,1.48933,54.6495,4.017547,,4897.0,-0.67522,0.00378,38.7427,4.050810322545576
1663.0,4.34524,1.49046,54.6911,4.017857,,4898.0,-0.67522,0.00396,40.5646,4.050030028856246
1664.0,4.34338,1.49174,54.7381,4.018167,,4899.0,-0.67336,0.00416,42.6037,4.038961049955825
1665.0,4.34524,1.49302,54.785,4.018787,,4900.0,-0.67708,0.00436,44.6428,4.034366486235068
1666.0,4.34338,1.4943,54.832,4.019097,,4901.0,-0.67522,0.00455,46.6819,4.053009042992066
1667.0,4.34338,1.49558,54.8789,4.019717,,4902.0,-0.67522,0.00475,48.7156,4.057089586161769
1668.0,4.34524,1.49686,54.9259,4.020027,,4903.0,-0.67522,0.00495,50.7547,4.05416479378254
1669.0,4.34524,1.49814,54.9729,4.020648,,4904.0,-0.67336,0.00516,52.8892,4.036957126299354
1670.0,4.3471,1.49942,55.0198,4.020957,,4905.0,-0.67522,0.00526,53.9219,4.040677657541701
1671.0,4.34524,1.5007,55.0668,4.021267,,4905.0,-1.34301,0.00526,53.9219,4.025834450556877
1672.0,4.34524,1.50198,55.1137,4.021887,,4906.0,-1.34859,0.00565,57.926,4.024994419060782
1673.0,4.34524,1.50326,55.1606,4.022197,,4907.0,-1.35045,0.00603,61.8029,4.008684026401222
1674.0,4.34524,1.50454,55.2076,4.022818,,4908.0,-1.35417,0.00642,65.8493,4.006500894410854
1675.0,4.34524,1.50582,55.2546,4.023128,,4909.0,-1.35417,0.00677,69.4296,4.016001017427805
1676.0,4.34524,1.50699,55.2975,4.023438,,4910.0,-1.35045,0.00717,73.5131,4.0030503929946155
1677.0,4.34338,1.5083,55.3458,4.023747,,4911.0,-1.35231,0.00757,77.5912,4.013328346052599
1678.0,4.34524,1.50942,55.387,4.024367,,4912.0,-1.35603,0.00797,81.6747,4.020494684124753
1680.0,4.34524,1.5107,55.4339,4.025298,,4913.0,-1.35231,0.00837,85.7582,4.023363302525306
1681.0,4.3471,1.51198,55.4809,4.025608,,4914.0,-1.35045,0.00876,89.8363,4.004528780976617
1682.0,4.3471,1.51326,55.5278,4.026227,,4915.0,-1.35417,0.00916,93.9145,4.006493825588351
1683.0,4.34338,1.51454,55.5748,4.026538,,4916.0,-1.35045,0.00956,97.998,3.9918028105125916
1684.0,4.34524,1.51582,55.6218,4.027158,,4917.0,-1.35045,0.00976,100.0,4.008469916013357
1685.0,4.34524,1.5171,55.6687,4.027468,,4917.0,-1.35045,0.00976,100.0,4.010905669174734
1686.0,4.3471,1.51838,55.7156,4.028088,,,,,,
1687.0,4.34524,1.51965,55.7621,4.028398,,4917.0,0.6715,0.0,0.0,4.084756337987177
1688.0,4.34524,1.52093,55.8091,4.029018,,4918.0,0.66964,0.00019,12.9726,4.086865096380529
1689.0,4.34338,1.52221,55.856,4.029328,,4919.0,0.66964,0.00039,26.0839,4.103082486821969
1690.0,4.34524,1.52349,55.903,4.029948,,4920.0,0.66964,0.00059,39.8196,4.093718434549055
1691.0,4.34524,1.52477,55.9499,4.030258,,4921.0,0.66964,0.00078,52.0638,4.090253088868419
1692.0,4.34524,1.52596,55.9938,4.030878,,4922.0,0.66964,0.00097,65.3139,4.096274198264881
1693.0,4.3471,1.52729,56.0425,4.031188,,4923.0,0.66964,0.00117,78.5293,4.112905479814701
1694.0,4.3471,1.52841,56.0837,4.031498,,4924.0,0.66964,0.00137,91.7794,4.114607787420254
1695.0,4.3471,1.52969,56.1307,4.032118,,4925.0,0.66964,0.00149,100.0,4.100976699901273
1696.0,4.34524,1.53097,56.1776,4.032738,,4925.0,0.0,0.00149,100.0,4.065409582065925
1697.0,4.34524,1.53225,56.2246,4.033048,,4926.0,0.0,0.00149,100.0,4.06872732428143
1698.0,4.34524,1.53353,56.2715,4.033668,,4927.0,0.0,0.00149,100.0,4.06732818440214
1699.0,4.34338,1.53481,56.3185,4.033978,,4928.0,0.0,0.00149,100.0,4.07179597246602
1700.0,4.3471,1.53609,56.3654,4.034288,,4929.0,0.0,0.00149,100.0,4.082733239236624
1702.0,4.34338,1.53737,56.4124,4.034908,,4930.0,0.0,0.00149,100.0,4.071258090566496
1703.0,4.34524,1.53865,56.4593,4.035528,,4931.0,0.0,0.00149,100.0,4.066924091118703
1704.0,4.3471,1.53993,56.5063,4.035838,,4932.0,0.0,0.00149,100.0,4.0688740311459
1705.0,4.34524,1.54121,56.5532,4.036458,,4933.0,0.0,0.00149,100.0,4.062565144234523
1706.0,4.3471,1.54249,56.6002,4.036768,,4934.0,0.0,0.00149,100.0,4.0655328775512505
1707.0,4.3471,1.54372,56.6454,4.037078,,4936.0,0.0,0.00149,100.0,4.0891682140923695
1708.0,4.3471,1.54487,56.6874,4.037698,,4937.0,0.0,0.00149,100.0,4.063786675381278
1709.0,4.3471,1.54614,56.7344,4.038319,,4938.0,0.0,0.00149,100.0,4.069031009951165
1710.0,4.34524,1.54742,56.7814,4.038629,,4939.0,0.0,0.00149,100.0,4.054801451136766
1711.0,4.34524,1.5487,56.8283,4.038939,,4940.0,0.0,0.00149,100.0,4.077763819927367
1712.0,4.34338,1.54998,56.8752,4.039558,,4941.0,0.0,0.00149,100.0,4.069190769141793
1713.0,4.34152,1.55126,56.9222,4.040179,,4941.0,0.0,0.00149,100.0,4.094326552415784
1714.0,4.34338,1.55254,56.9691,4.040489,,4941.0,0.0,0.00149,100.0,4.072901591483477
1715.0,4.3471,1.55382,57.0161,4.041109,,,,,,
1716.0,4.3471,1.5551,57.063,4.041419,,4941.0,-0.67522,0.0,0.0,4.049944798348124
1717.0,4.34524,1.55638,57.11,4.041728,,4942.0,-0.67522,0.00021,0.9846,4.0511281251830695
1718.0,4.3471,1.55766,57.1569,4.042039,,4943.0,-0.67336,0.00039,1.8774,4.07298300296039
1719.0,4.3471,1.55894,57.2039,4.042969,,4944.0,-0.67708,0.00059,2.8472,4.053573292129017
1720.0,4.34524,1.56021,57.2504,4.043279,,4945.0,-0.67522,0.00079,3.802,4.033558157932028
1721.0,4.3471,1.56133,57.2916,4.043589,,4946.0,-0.67336,0.00099,4.7568,4.0431562116793245
1722.0,4.3471,1.56255,57.3363,4.043899,,4947.0,-0.67522,0.00119,5.7092,4.040247121715909
1724.0,4.34524,1.56383,57.3833,4.044519,,4948.0,-0.67522,0.00139,6.664,4.069525395602601
1725.0,4.3471,1.56511,57.4303,4.045139,,4949.0,-0.67522,0.00159,7.6164,4.041249971764602
1726.0,4.34524,1.56639,57.4772,4.045449,,4951.0,-0.67522,0.00179,8.5712,4.054362268671695
1727.0,4.3471,1.56766,57.5237,4.046069,,4952.0,-0.67708,0.00198,9.5261,4.045753824896375
1728.0,4.34524,1.56894,57.5707,4.046689,,4953.0,-0.67522,0.00216,10.3618,4.03688016682829
1729.0,4.34524,1.57021,57.6176,4.047309,,4954.0,-0.67708,0.00236,11.3167,4.040584005973672
1730.0,4.3471,1.57149,57.6646,4.047619,,4955.0,-0.67522,0.00255,12.217,4.043033779295408
1731.0,4.34524,1.57277,57.7115,4.047929,,4956.0,-0.67522,0.00275,13.2164,4.059359440594464
1732.0,4.3471,1.57405,57.7585,4.048549,,4957.0,-0.67522,0.00293,14.0522,4.030693573327752
1733.0,4.34152,1.57533,57.8054,4.048859,,4958.0,-0.67522,0.00313,15.0071,4.045162605126826
1734.0,4.34524,1.57661,57.8524,4.049169,,4959.0,-0.67522,0.00332,15.9594,4.051041630044092
1735.0,4.34524,1.57789,57.8993,4.049789,,4960.0,-0.67522,0.00352,16.9143,4.053397624931509
1736.0,4.3471,1.57917,57.9463,4.050409,,4961.0,-0.67522,0.00372,17.8691,4.033331069732471
1737.0,4.34338,1.58033,57.9888,4.050719,,4962.0,-0.67522,0.00392,18.8239,4.052874972112024
1738.0,4.3471,1.58162,58.0362,4.051029,,4963.0,-0.67522,0.00412,19.7763,4.046410240780534
1739.0,4.34152,1.58274,58.0774,4.051649,,4964.0,-0.67336,0.00432,20.7311,4.051919309883201
1740.0,4.34524,1.58402,58.1243,4.052269,,4965.0,-0.67522,0.00452,21.686,4.045855455596317
1741.0,4.34524,1.5853,58.1713,4.052579,,4966.0,-0.67708,0.00472,22.6383,4.044398328631647
1742.0,4.34338,1.58658,58.2182,4.053199,,4967.0,-0.67522,0.00492,23.5932,4.035232932968325
1743.0,4.34524,1.58786,58.2652,4.053509,,4968.0,-0.67708,0.00511,24.548,4.053807656528089
1744.0,4.3471,1.58914,58.3121,4.05382,,4969.0,-0.67336,0.00531,25.5028,4.044850570331145
1745.0,4.3471,1.59042,58.3591,4.05413,,4970.0,-0.67336,0.00551,26.4552,4.039369643706435
1747.0,4.34524,1.5917,58.406,4.054749,,4971.0,-0.67522,0.00569,27.3083,4.0423058926142765
1748.0,4.34338,1.59297,58.4525,4.055059,,4972.0,-0.67336,0.0059,28.3153,4.0253122783581325
1749.0,4.3471,1.59425,58.4994,4.05568,,4973.0,-0.67336,0.00607,29.1535,4.050180818966148
1750.0,4.34338,1.59553,58.5464,4.05599,,4975.0,-0.67522,0.00627,30.1059,4.035753200655371
1751.0,4.3471,1.59665,58.5876,4.05661,,4976.0,-0.67522,0.00647,31.0607,4.040198204467931
1752.0,4.34524,1.59796,58.6359,4.05692,,4977.0,-0.67522,0.00667,32.0156,4.0442634287948325
1753.0,4.34896,1.59922,58.6819,4.05723,,4978.0,-0.67336,0.00687,32.9679,4.038664569961523
1754.0,4.34524,1.60034,58.7231,4.05785,,4979.0,-0.67336,0.00707,33.9228,4.0470542521957285
1755.0,4.3471,1.60162,58.7701,4.05816,,4980.0,-0.67522,0.00727,34.885,4.041969789568482
1756.0,4.34524,1.6029,58.817,4.05878,,4981.0,-0.67522,0.00747,35.8374,4.044853746431665
1757.0,4.34524,1.60418,58.864,4.05909,,4982.0,-0.67522,0.00767,36.7922,4.0406614090292665
1758.0,4.3471,1.60546,58.9109,4.05971,,4983.0,-0.67708,0.00786,37.7372,4.028532096993099
1759.0,4.34524,1.60674,58.9578,4.06002,,4984.0,-0.67522,0.00806,38.6746,4.042542429869531
1760.0,4.34524,1.60802,59.0048,4.06064,,4985.0,-0.67336,0.00825,39.5997,4.033045500772797
1761.0,4.34896,1.6093,59.0517,4.06095,,4986.0,-0.67336,0.00842,40.4355,4.047169396735815
1762.0,4.3471,1.61058,59.0987,4.06157,,4987.0,-0.67522,0.00862,41.3903,4.056698360753055
1763.0,4.34524,1.61186,59.1456,4.06188,,4988.0,-0.67522,0.00882,42.3427,4.056410888409304
1764.0,4.34338,1.61314,59.1926,4.06219,,4989.0,-0.67522,0.00902,43.3,4.054086572000833
1765.0,4.34338,1.61441,59.2395,4.06312,,4990.0,-0.67522,0.00922,44.2524,4.042489439166872
1766.0,4.34338,1.61571,59.2869,4.06343,,4991.0,-0.67522,0.00942,45.2072,4.057368144017396
1767.0,4.3471,1.61691,59.3312,4.06374,,4992.0,-0.67522,0.00962,46.162,4.0286107200423125
1768.0,4.34524,1.61806,59.3733,4.06405,,4993.0,-0.67522,0.00982,47.1169,4.030778184658866
1769.0,4.34524,1.61934,59.4202,4.06467,,4994.0,-0.67708,0.00999,47.9552,4.032510802452866
1770.0,4.34338,1.62062,59.4672,4.06529,,4995.0,-0.67522,0.01019,48.9075,4.020050801574074
1771.0,4.34524,1.62174,59.5083,4.0656,,4996.0,-0.67708,0.01039,49.8624,4.033680260238488
1773.0,4.34524,1.62302,59.5553,4.06622,,4998.0,-0.67336,0.01059,50.8147,4.068215664613141
1774.0,4.34524,1.6243,59.6023,4.06653,,4999.0,-0.67522,0.01079,51.7695,4.049149544020108
1775.0,4.3471,1.62559,59.6497,4.067461,,5000.0,-0.67522,0.01099,52.7492,4.038838041791028
1776.0,4.3471,1.62687,59.6966,4.06777,,5001.0,-0.67522,0.01119,53.6941,4.0322248328131645
1777.0,4.34524,1.62815,59.7436,4.06808,,5002.0,-0.67336,0.01136,54.5324,4.038783733402892
1778.0,4.34338,1.62943,59.7905,4.0687,,5003.0,-0.67336,0.01156,55.4947,4.034777168505369
1779.0,4.34524,1.63071,59.8375,4.06932,,5004.0,-0.67336,0.01176,56.4495,4.0439084874343765
1780.0,4.3471,1.63199,59.8844,4.069631,,5005.0,-0.67522,0.01196,57.4019,4.040380971518804
1781.0,4.3471,1.63327,59.9314,4.070251,,5006.0,-0.67522,0.01216,58.3567,4.037723327468879
1782.0,4.34524,1.63454,59.9779,4.07056,,5007.0,-0.67522,0.01236,59.3115,4.043511659269564
1783.0,4.34524,1.63578,60.0235,4.07087,,5008.0,-0.67708,0.01255,60.2564,4.025760024927852
1784.0,4.34524,1.6369,60.0647,4.071491,,5009.0,-0.67522,0.01274,61.1319,4.026337067204903
1785.0,4.34524,1.63818,60.1116,4.071801,,5010.0,-0.67522,0.01293,62.0843,4.042214682515469
1786.0,4.34338,1.63946,60.1586,4.072421,,5011.0,-0.67522,0.01313,63.0391,4.027896982544374
1787.0,4.34338,1.64074,60.2055,4.072731,,5012.0,-0.67522,0.01333,63.9939,4.0334666983951575
1788.0,4.3471,1.64202,60.2525,4.073351,,5013.0,-0.67336,0.01353,64.9463,4.022048948613472
1789.0,4.34524,1.64331,60.2999,4.073661,,5014.0,-0.67522,0.01373,65.9111,4.0416260364348044
1790.0,4.34338,1.64458,60.3464,4.074281,,5015.0,-0.67522,0.01393,66.8659,4.040418333301759
1791.0,4.34524,1.6457,60.3876,4.074591,,5016.0,-0.67522,0.01413,67.8183,4.040173110048095
1792.0,4.34524,1.64698,60.4345,4.074901,,5017.0,-0.67522,0.01433,68.7731,4.037410637326382
1793.0,4.34338,1.64827,60.4819,4.075521,,5018.0,-0.67336,0.0145,69.6089,4.050740396685514
1794.0,4.34338,1.64955,60.5289,4.075831,,5019.0,-0.67522,0.01471,70.6084,4.029291179258124
1796.0,4.34524,1.65083,60.5758,4.076141,,5020.0,-0.67522,0.01489,71.464,4.040155912002538
1797.0,4.34524,1.65211,60.6228,4.076761,,5022.0,-0.67522,0.01509,72.4164,4.0585636883135425
1798.0,4.34524,1.65332,60.6671,4.077381,,5023.0,-0.67522,0.01529,73.3811,4.040355380151588
1799.0,4.34338,1.65444,60.7082,4.077691,,5024.0,-0.67522,0.01549,74.3335,4.037139032211616
1800.0,4.3471,1.65572,60.7552,4.078001,,5025.0,-0.67522,0.01569,75.2883,4.038706840573262
1801.0,4.3471,1.657,60.8021,4.078621,,5026.0,-0.67708,0.01588,76.2431,4.037637931284235
1802.0,4.34524,1.65828,60.8491,4.079241,,5027.0,-0.67522,0.01608,77.198,4.047580549289545
1803.0,4.34524,1.65956,60.896,4.079551,,5028.0,-0.67708,0.01627,78.0883,4.040160991814505
1804.0,4.34524,1.66084,60.943,4.079861,,5028.0,-0.67522,0.01632,78.3239,4.038230937821686
1805.0,4.3471,1.66212,60.9899,4.080481,,5028.0,-1.34673,0.01632,78.3239,4.009908355592503
1806.0,4.34524,1.6634,61.0369,4.080791,,5029.0,-1.35231,0.0167,80.1791,3.9863199315735005
1807.0,4.34524,1.66466,61.0834,4.081411,,5030.0,-1.35231,0.01709,82.0367,4.012152397677487
1808.0,4.34524,1.66594,61.1303,4.081721,,5031.0,-1.35045,0.0175,84.0009,4.008567030540277
1809.0,4.34524,1.66722,61.1773,4.082341,,5032.0,-1.35045,0.0179,85.9106,3.998821707561865
1810.0,4.34524,1.6685,61.2242,4.082651,,5033.0,-1.35045,0.01825,87.6045,4.003525914167675
1811.0,4.34152,1.66978,61.2712,4.083272,,5034.0,-1.35045,0.01865,89.5141,3.984896407437106
1812.0,4.3471,1.67103,61.3168,4.083581,,5035.0,-1.35231,0.01905,91.4238,4.009976124030591
1813.0,4.34524,1.67228,61.3629,4.084201,,5036.0,-1.35231,0.01944,93.331,4.005715971928419
1814.0,4.34338,1.67356,61.4098,4.084511,,5037.0,-1.35045,0.01984,95.2407,4.016319052126543
1815.0,4.34896,1.67484,61.4568,4.084821,,5038.0,-1.35045,0.02024,97.133,3.9975049269851057
1817.0,4.34524,1.67612,61.5037,4.085442,,5039.0,-1.35045,0.02059,98.8095,4.0130672938872625
1818.0,4.34524,1.6774,61.5507,4.085752,,5040.0,-1.35231,0.02083,100.0,4.007751402399006
1819.0,4.34524,1.67868,61.5976,4.086371,,5040.0,-1.35231,0.02083,100.0,3.997582866908379
1820.0,4.34524,1.67996,61.6446,4.086681,,,,,,
1821.0,4.34524,1.68124,61.6915,4.087302,,5040.0,0.67336,0.0,0.0,4.085461541129231
1822.0,4.34524,1.68252,61.7385,4.087612,,5041.0,0.6715,0.00021,13.6286,4.091031809255768
1823.0,4.34524,1.6838,61.7855,4.088542,,5042.0,0.6715,0.00041,27.2571,4.103801794730707
1824.0,4.34896,1.68508,61.8324,4.088851,,5043.0,0.6715,0.00061,40.4051,4.07410185352214
1825.0,4.34338,1.68636,61.8794,4.089472,,5044.0,0.6715,0.00079,52.4202,4.080618943638909
1826.0,4.34338,1.68764,61.9263,4.089782,,5045.0,0.6715,0.00099,65.5681,4.088260671615725
1827.0,4.34524,1.68892,61.9733,4.090402,,5046.0,0.6715,0.00118,78.6818,4.081272678462845
1828.0,4.34524,1.69023,62.0215,4.090712,,5047.0,0.6715,0.00138,91.8297,4.100320062907021
1829.0,4.34524,1.69135,62.0627,4.091022,,5048.0,0.6715,0.00151,100.0,4.077127489496216
1830.0,4.34338,1.69263,62.1097,4.091642,,5048.0,0.0,0.00151,100.0,4.074215868768628
1831.0,4.34152,1.69391,62.1566,4.092262,,5049.0,0.0,0.00151,100.0,4.074577412603112
1832.0,4.34524,1.69519,62.2036,4.092572,,5050.0,0.0,0.00151,100.0,4.072960100116871
1833.0,4.34896,1.69647,62.2505,4.092882,,5051.0,0.0,0.00151,100.0,4.055145060876682
1834.0,4.3471,1.69775,62.2975,4.093502,,5052.0,0.0,0.00151,100.0,4.052220806720656
1836.0,4.3471,1.69903,62.3444,4.093812,,5053.0,0.0,0.00151,100.0,4.061017266947432
1837.0,4.34152,1.70031,62.3914,4.094432,,5054.0,0.0,0.00151,100.0,4.06753354934369
1838.0,4.34338,1.70159,62.4383,4.095052,,5055.0,0.0,0.00151,100.0,4.069947321847372
1839.0,4.3471,1.70287,62.4853,4.095362,,5056.0,0.0,0.00151,100.0,4.056946229189197
1840.0,4.34524,1.70415,62.5322,4.095982,,5058.0,0.0,0.00151,100.0,4.071508255620207
1841.0,4.34524,1.70543,62.5792,4.096292,,5059.0,0.0,0.00151,100.0,4.076345050794645
1842.0,4.34338,1.70671,62.6261,4.096912,,5060.0,0.0,0.00151,100.0,4.07002162840069
1843.0,4.34524,1.70802,62.6744,4.097532,,5061.0,0.0,0.00151,100.0,4.073658592735037
1844.0,4.34524,1.70926,62.7196,4.097842,,5062.0,0.0,0.00151,100.0,4.083325757272637
1845.0,4.34524,1.71053,62.7665,4.098152,,5063.0,0.0,0.00151,100.0,4.081495167648949
1846.0,4.3471,1.71181,62.8135,4.098773,,5064.0,0.0,0.00151,100.0,4.06625347156656
1847.0,4.34338,1.71309,62.8604,4.099082,,5064.0,0.0,0.00151,100.0,4.0732185316666385
1848.0,4.34338,1.71437,62.9074,4.099702,,5064.0,0.0,0.00151,100.0,4.074757676076968
1849.0,4.34524,1.71565,62.9543,4.100012,,,,,,
1850.0,4.34524,1.71693,63.0013,4.100633,,5064.0,-0.67336,0.0,0.0,4.041461417170455
1851.0,4.34338,1.71805,63.0425,4.100943,,5065.0,-0.67522,0.00019,0.4725,4.046981844467654
1852.0,4.34338,1.71933,63.0894,4.101563,,5066.0,-0.67522,0.00037,0.8999,4.048203117303358
1853.0,4.34338,1.72061,63.1364,4.102182,,5067.0,-0.67708,0.00058,1.41,4.033835649226854
1854.0,4.3471,1.72189,63.1833,4.102492,,5068.0,-0.67336,0.00078,1.8926,4.041383089870244
1856.0,4.34524,1.72317,63.2303,4.102803,,5069.0,-0.67522,0.00098,2.3739,4.034342465729369
1857.0,4.34524,1.72445,63.2772,4.103423,,5070.0,-0.67708,0.00118,2.8564,4.045563781962451
1858.0,4.3471,1.72576,63.3251,4.103733,,5071.0,-0.67708,0.00138,3.3377,4.051604955928578
1859.0,4.34152,1.7269,63.3671,4.104352,,5073.0,-0.67336,0.00157,3.8202,4.024089893089655
1860.0,4.3471,1.72818,63.4141,4.104663,,5074.0,-0.67522,0.00177,4.3015,4.0386616072666195
1861.0,4.34524,1.72946,63.461,4.104973,,5075.0,-0.67522,0.00197,4.784,4.048951340210971
1862.0,4.3471,1.73074,63.508,4.105903,,5076.0,-0.67336,0.00217,5.2666,4.0381976741057715
1863.0,4.3471,1.73202,63.5549,4.106213,,5077.0,-0.67522,0.00237,5.7491,4.046859786232298
1864.0,4.34524,1.7333,63.6019,4.106523,,5078.0,-0.67522,0.00257,6.2304,4.038190903168744
1865.0,4.34524,1.73458,63.6488,4.107143,,5079.0,-0.67336,0.00276,6.6854,4.040526774463165
1866.0,4.3471,1.73585,63.6953,4.107453,,5080.0,-0.67336,0.00295,7.1629,4.05665602688928
1867.0,4.3471,1.73713,63.7423,4.108073,,5081.0,-0.67336,0.00315,7.6455,4.052602631475597
1868.0,4.34524,1.73841,63.7893,4.108073,,5082.0,-0.67522,0.00335,8.128,4.045838344594372
1869.0,4.34152,1.7397,63.8366,4.108693,,5083.0,-0.67522,0.00355,8.6105,4.034023165753243
1870.0,4.3471,1.74098,63.8836,4.109003,,5084.0,-0.67522,0.00375,9.0881,4.041167446290362
1871.0,4.3471,1.74226,63.9305,4.109933,,5085.0,-0.67336,0.00392,9.5117,4.043291463355399
1872.0,4.34338,1.74354,63.9775,4.110243,,5086.0,-0.67522,0.00412,9.993,4.038712336942826
1873.0,4.34524,1.74469,64.02,4.110553,,5087.0,-0.67522,0.00432,10.4705,4.042792089583459
1874.0,4.3471,1.746,64.0678,4.111173,,5088.0,-0.67522,0.00453,10.9806,4.0379104583651415
1875.0,4.34338,1.74728,64.1148,4.111793,,5089.0,-0.67522,0.00473,11.4619,4.031490793630222
1876.0,4.34524,1.74856,64.1617,4.112103,,5090.0,-0.67522,0.00492,11.9445,4.019589102377402
1878.0,4.34338,1.74984,64.2087,4.112723,,5091.0,-0.67522,0.00512,12.427,4.042302340452826
1879.0,4.3378,1.75112,64.2556,4.113343,,5093.0,-0.67522,0.00532,12.9083,4.0484098891329685
1880.0,4.34338,1.75224,64.2968,4.113343,,5094.0,-0.67522,0.00551,13.3545,4.02268797518925
1881.0,4.3471,1.75352,64.3438,4.113963,,5095.0,-0.67708,0.0057,13.837,4.0453542493998444
1882.0,4.34152,1.7548,64.3907,4.114274,,5096.0,-0.67336,0.0059,14.3196,4.047401368327619
1883.0,4.34524,1.75608,64.4377,4.114583,,5097.0,-0.67522,0.0061,14.8021,4.0367059954997035
1884.0,4.34524,1.75736,64.4846,4.115203,,5098.0,-0.67336,0.0063,15.2834,4.035075405630468
1885.0,4.34338,1.75864,64.5315,4.115513,,5099.0,-0.67522,0.0065,15.7647,4.053392885337799
1886.0,4.3471,1.75991,64.5785,4.115823,,5099.0,-0.67336,0.00655,15.8875,4.030510857318682
1887.0,4.34524,1.76119,64.6254,4.116444,,5099.0,-5.40551,0.00655,15.8875,3.8521808909242363
1888.0,4.34524,1.76232,64.6666,4.116444,,5100.0,-5.40923,0.00831,20.1502,3.835096907141719
1889.0,4.34524,1.76362,64.7145,4.117064,,5101.0,-5.40923,0.00972,23.5756,3.8560709020504014
1890.0,4.3471,1.76474,64.7557,4.117373,,5102.0,-5.40551,0.01131,27.4384,3.8360768130200813
1891.0,4.34152,1.76602,64.8026,4.117993,,5103.0,-5.40923,0.0129,31.3012,3.8224627882398177
1892.0,4.34524,1.7673,64.8496,4.118304,,5104.0,-5.40737,0.0145,35.1641,3.821523906392478
1893.0,4.34524,1.76858,64.8965,4.118614,,5105.0,-5.40923,0.01607,38.9906,3.8202150919886724
1894.0,4.34524,1.76986,64.9435,4.119234,,5106.0,-5.41109,0.01747,42.3796,3.8326308357058445
1895.0,4.34524,1.77114,64.9904,4.119544,,5107.0,-5.40923,0.01866,45.2598,3.804073057565366
1896.0,4.34524,1.77243,65.0378,4.119853,,5107.0,-3.36682,0.01866,45.2598,3.911290601240856
1897.0,4.34524,1.7737,65.0843,4.120164,,5108.0,-3.37984,0.01966,47.6963,3.897588525492481
1898.0,4.34524,1.77498,65.1312,4.120474,,5109.0,-3.37984,0.02059,49.9499,3.8971741524022656
1899.0,4.34338,1.77626,65.1782,4.121094,,5110.0,-3.37984,0.02159,52.3638,3.8947070109352926
1900.0,4.3471,1.77754,65.2251,4.121404,,5111.0,-3.37798,0.02254,54.6637,3.902927401105664
1901.0,4.3471,1.77866,65.2663,4.121714,,5112.0,-3.37798,0.02357,57.1679,3.885865513569537
1903.0,4.34524,1.77994,65.3133,4.122334,,5113.0,-3.37984,0.02456,59.5819,3.903250722625425
1904.0,4.34524,1.78122,65.3602,4.122644,,5114.0,-3.37798,0.02556,61.9946,3.8899539015148736
1905.0,4.34338,1.7825,65.4072,4.122954,,5116.0,-3.37984,0.02655,64.4085,3.9051177152052863
1906.0,4.3471,1.78378,65.4541,4.123264,,5117.0,-3.37612,0.02755,66.8213,3.8883697104767623
1907.0,4.34524,1.78505,65.5006,4.123884,,5118.0,-3.3817,0.02854,69.2352,3.8791902675152405
1908.0,4.34524,1.78617,65.5418,4.124194,,5119.0,-3.3817,0.02946,71.4674,3.902965049756341
1909.0,4.3471,1.78745,65.5888,4.124504,,5120.0,-3.3817,0.03041,73.7686,3.910468529925078
1910.0,4.34524,1.78874,65.6362,4.125124,,5121.0,-3.38356,0.03141,76.1825,3.8893512443224507
1911.0,4.3471,1.79002,65.6831,4.125434,,5122.0,-3.3817,0.0324,78.5965,3.875019041323134
1912.0,4.34338,1.7913,65.7301,4.126054,,5123.0,-3.37984,0.0334,81.0105,3.879694401974098
1913.0,4.34524,1.79258,65.777,4.126364,,5124.0,-3.37984,0.03439,83.4244,3.909110052705449
1914.0,4.34524,1.79386,65.824,4.126984,,5125.0,-3.37984,0.03539,85.8384,3.880048889438297
1915.0,4.34524,1.79514,65.8709,4.127294,,5126.0,-3.37798,0.03638,88.2511,3.8905367009941307
1916.0,4.34524,1.79642,65.9179,4.127914,,5127.0,-3.3817,0.03738,90.665,3.8817510258407157
1917.0,4.34524,1.7977,65.9648,4.128534,,5128.0,-3.37798,0.03837,93.0777,3.8956934152137577
1918.0,4.34338,1.7989,66.0091,4.128844,,5129.0,-3.37612,0.03937,95.4917,3.885429037095945
1919.0,4.3471,1.80004,66.0507,4.129154,,5130.0,-3.37798,0.04035,97.8818,3.8837627472174847
1920.0,4.34524,1.80132,66.0977,4.129774,,5131.0,-3.37612,0.04123,100.0,3.87754545989729
1921.0,4.34338,1.80258,66.1442,4.130704,,5131.0,-3.37612,0.04123,100.0,3.8899747340017226
1922.0,4.34524,1.80371,66.1854,4.131014,,,,,,
1923.0,4.34338,1.80499,66.2323,4.131324,,5131.0,1.34487,0.0,0.0,4.068644244906898
1924.0,4.34524,1.80625,66.2788,4.132255,,5132.0,1.34301,0.00038,12.5731,4.061286210916817
1925.0,4.34338,1.80753,66.3258,4.132565,,5133.0,1.34673,0.00079,26.1438,4.053650395748802
1926.0,4.3471,1.80881,66.3727,4.132874,,5134.0,1.34673,0.00117,38.9749,4.072095035234543
1928.0,4.34524,1.81009,66.4197,4.133184,,5135.0,1.34859,0.00152,50.5676,4.094241885647528
1929.0,4.34524,1.81137,66.4667,4.133494,,5136.0,1.34487,0.00192,63.7771,4.082547667678936
1930.0,4.34338,1.81265,66.5136,4.134115,,5137.0,1.34673,0.00231,76.9694,4.083644415922443
1931.0,4.34524,1.81393,66.5605,4.134735,,5138.0,1.34673,0.00271,90.1617,4.078797998492789
1932.0,4.34524,1.81521,66.6075,4.135045,,5139.0,1.34487,0.003,100.0,4.097466861753943
1933.0,4.34524,1.81654,66.6562,4.135355,,5139.0,1.34487,0.003,100.0,4.084415117740508
1934.0,4.34524,1.81772,66.6996,4.135975,,,,,,
1935.0,4.34524,1.819,66.7466,4.136285,,5139.0,-1.34859,0.0,0.0,3.971722819392908
1936.0,4.34524,1.82028,66.7935,4.136595,,5140.0,-1.35231,0.00041,3.3992,3.9732911793453876
1937.0,4.34152,1.82156,66.8405,4.137215,,5141.0,-1.35045,0.0008,6.6137,3.991961666840579
1938.0,4.34524,1.82284,66.8874,4.137835,,5142.0,-1.35417,0.00115,9.5832,3.9629585331305486
1939.0,4.34524,1.82412,66.9343,4.137835,,5143.0,-1.35045,0.00155,12.8921,3.98008887710484
1940.0,4.34338,1.82524,66.9755,4.138455,,5144.0,-1.35045,0.00195,16.2054,3.9845540298584896
1941.0,4.34524,1.82652,67.0225,4.138765,,5146.0,-1.35417,0.00235,19.5144,3.9952176542890414
1942.0,4.34338,1.8278,67.0694,4.139075,,5147.0,-1.35603,0.00275,22.8578,4.001658364686047
1943.0,4.34152,1.82908,67.1164,4.139695,,5148.0,-1.35045,0.00313,26.0464,3.9911080704902426
1944.0,4.3471,1.83036,67.1633,4.139695,,5149.0,-1.35045,0.0035,29.0718,3.9868190330480733
1945.0,4.34896,1.83164,67.2103,4.140315,,5150.0,-1.35231,0.00389,32.385,3.969832603798678
1946.0,4.3471,1.83292,67.2572,4.140935,,5151.0,-1.35045,0.00428,35.6339,3.9818385322447734
1947.0,4.34524,1.8342,67.3042,4.141245,,5152.0,-1.35045,0.00466,38.7881,3.9819046459086995
1948.0,4.34524,1.8354,67.3484,4.141555,,5153.0,-1.35231,0.00506,42.0971,3.9842825129380115
1949.0,4.34524,1.83652,67.3896,4.141865,,5154.0,-1.35231,0.00546,45.4104,3.9840892142034
1950.0,4.3471,1.8378,67.4366,4.142175,,5155.0,-1.35045,0.00586,48.7151,3.9778352467532136
1951.0,4.34524,1.83908,67.4835,4.142795,,5156.0,-1.35231,0.00621,51.6201,3.977837114928026
1953.0,4.34524,1.84036,67.5305,4.143105,,5157.0,-1.35045,0.0066,54.9291,3.983994382386466
1954.0,4.34524,1.84164,67.5774,4.143415,,5158.0,-1.35045,0.007,58.2424,3.9504487285710117
1955.0,4.34896,1.84292,67.6244,4.143725,,5159.0,-1.35231,0.0074,61.5857,3.9855102140777854
1956.0,4.34524,1.8442,67.6713,4.144345,,5160.0,-1.35231,0.0078,64.8646,3.9762646731789726
1957.0,4.34524,1.84548,67.7183,4.144655,,5161.0,-1.35045,0.0082,68.1736,3.9705600124869695
1958.0,4.34338,1.84676,67.7652,4.144965,,5162.0,-1.35231,0.0086,71.4869,3.9844084980249193
1959.0,4.34524,1.84804,67.8122,4.145586,,5163.0,-1.35045,0.00899,74.7658,3.9602799893975082
1960.0,4.3471,1.84932,67.8591,4.146205,,5164.0,-1.35231,0.00934,77.6708,3.9770760418756073
1961.0,4.34338,1.8506,67.9061,4.146205,,5165.0,-1.35231,0.00974,80.9798,3.973801851873691
1962.0,4.34524,1.85172,67.9473,4.146825,,5166.0,-1.35231,0.01014,84.2931,3.965459425121776
1963.0,4.34152,1.85303,67.9951,4.147445,,5167.0,-1.35603,0.01053,87.6021,3.9946106429449117
1964.0,4.3471,1.85421,68.0385,4.147756,,5168.0,-1.35045,0.01093,90.9153,3.972835976618315
1965.0,4.34524,1.85549,68.0855,4.148066,,5169.0,-1.35231,0.01133,94.2243,3.999494293927739
1966.0,4.34524,1.85677,68.1324,4.148376,,5170.0,-1.35231,0.01172,97.5032,3.9646867112326936
1967.0,4.34524,1.85803,68.1789,4.148995,,5171.0,-1.35231,0.01202,100.0,3.986540331476087
1968.0,4.34524,1.85931,68.2259,4.149305,,5171.0,-1.35231,0.01202,100.0,3.963746720863876
1969.0,4.34152,1.86059,68.2728,4.149926,,,,,,
1970.0,4.34524,1.86187,68.3198,4.150236,,5171.0,2.69345,0.0,0.0,4.136698628736341
1971.0,4.34524,1.86315,68.3667,4.150546,,5172.0,2.69903,0.00077,12.6471,4.141383957100524
1972.0,4.34524,1.86443,68.4137,4.151165,,5173.0,2.69717,0.00159,26.2579,4.1509441033011445
1974.0,4.34524,1.86571,68.4606,4.151476,,5174.0,2.69903,0.00229,37.7622,4.160803407671058
1975.0,4.34524,1.86699,68.5076,4.152406,,5175.0,2.69903,0.00309,51.0063,4.159009139991701
1976.0,4.34524,1.86827,68.5545,4.152716,,5176.0,2.69903,0.00389,64.1225,4.164481224518294
1977.0,4.3471,1.86939,68.5957,4.153336,,5177.0,2.70275,0.00467,77.1107,4.163468648525614
1978.0,4.3471,1.87067,68.6427,4.153646,,5178.0,2.69717,0.00537,88.615,4.16294179792915
1979.0,4.34524,1.87199,68.691,4.154266,,5179.0,2.69903,0.00606,100.0,4.1517876454314875
1980.0,4.34524,1.87327,68.7379,4.154576,,5179.0,0.0,0.00606,100.0,4.0641111519480235
1981.0,4.34338,1.87455,68.7849,4.155196,,5180.0,0.0,0.00606,100.0,4.053749491380261
1982.0,4.34338,1.87583,68.8318,4.155816,,5181.0,0.0,0.00606,100.0,4.067355678745397
1983.0,4.34524,1.87711,68.8788,4.156126,,5182.0,0.0,0.00606,100.0,4.058103807500778
1984.0,4.34524,1.87839,68.9257,4.156746,,5184.0,0.0,0.00606,100.0,4.05287984929906
1985.0,4.3471,1.87965,68.9722,4.157056,,5185.0,0.0,0.00606,100.0,4.053598676147506
1986.0,4.34524,1.88078,69.0134,4.157366,,5186.0,0.0,0.00606,100.0,4.04340479998097
1987.0,4.34524,1.88206,69.0603,4.157986,,5187.0,0.0,0.00606,100.0,4.0503879259073345
1988.0,4.34524,1.88334,69.1073,4.157986,,5188.0,0.0,0.00606,100.0,4.0462579460914885
1989.0,4.34524,1.88461,69.1543,4.158606,,5189.0,0.0,0.00606,100.0,4.064801662634074
1990.0,4.3471,1.88591,69.2017,4.158916,,5190.0,0.0,0.00606,100.0,4.0547880504577165
1991.0,4.34524,1.88719,69.2486,4.159536,,5191.0,0.0,0.00606,100.0,4.037702316551958
1992.0,4.3471,1.88847,69.2956,4.159846,,5192.0,0.0,0.00606,100.0,4.061167273391665
1993.0,4.34524,1.88964,69.3385,4.160156,,5193.0,0.0,0.00606,100.0,4.083487236328136
1994.0,4.34524,1.89087,69.3837,4.160466,,5194.0,0.0,0.00606,100.0,4.051500662532894
1996.0,4.34524,1.89214,69.4302,4.161086,,5195.0,0.0,0.00606,100.0,4.083570797417328
1997.0,4.3471,1.89341,69.4772,4.161397,,5196.0,0.0,0.00606,100.0,4.060226624852199
1998.0,4.34524,1.89471,69.5246,4.161706,,5197.0,0.0,0.00606,100.0,4.071721175158368
1999.0,4.34896,1.89599,69.5715,4.162326,,5198.0,0.0,0.00606,100.0,4.077508245954429
2000.0,4.34896,1.89727,69.6184,4.162636,,5199.0,0.0,0.00606,100.0,4.055014429930075
2001.0,4.34524,1.89855,69.6654,4.163257,,5200.0,0.0,0.00606,100.0,4.067572880157674
2002.0,4.34524,1.89982,69.7124,4.163567,,5201.0,0.0,0.00606,100.0,4.05617869345158
2003.0,4.34338,1.9011,69.7593,4.164186,,5202.0,0.0,0.00606,100.0,4.050032233377811
2004.0,4.34524,1.90223,69.8005,4.164496,,5203.0,0.0,0.00606,100.0,4.067403039323148
2005.0,4.3471,1.90351,69.8475,4.164806,,5205.0,0.0,0.00606,100.0,4.062796912736881
2006.0,4.34896,1.90479,69.8944,4.165427,,5206.0,0.0,0.00606,100.0,4.051717833410027
2007.0,4.3471,1.90607,69.9414,4.165737,,5207.0,0.0,0.00606,100.0,4.049109972673328
2008.0,4.3471,1.90748,69.9932,4.166357,,5208.0,0.0,0.00606,100.0,4.045955030732454
2009.0,4.34524,1.90861,70.0348,4.166976,,5209.0,0.0,0.00606,100.0,4.064122941436134
2010.0,4.34338,1.90989,70.0817,4.167287,,5210.0,0.0,0.00606,100.0,4.045306020478334
2011.0,4.34524,1.91117,70.1287,4.167907,,5211.0,0.0,0.00606,100.0,4.059122040238454
2012.0,4.34338,1.91245,70.1757,4.168217,,5212.0,0.0,0.00606,100.0,4.048062695469817
2013.0,4.34338,1.91373,70.2226,4.168527,,5213.0,0.0,0.00606,100.0,4.0685632314395335
2014.0,4.34524,1.91501,70.2696,4.169147,,5214.0,0.0,0.00606,100.0,4.053525715491742
2015.0,4.34896,1.91629,70.3165,4.169767,,5215.0,0.0,0.00606,100.0,4.082724913916641
2016.0,4.3471,1.91741,70.3577,4.170077,,5216.0,0.0,0.00606,100.0,4.065129916698346
2017.0,4.34524,1.91869,70.4047,4.170387,,5217.0,0.0,0.00606,100.0,4.0773417559221015
2018.0,4.3471,1.91997,70.4516,4.171007,,5218.0,0.0,0.00606,100.0,4.053572387780943
2020.0,4.3471,1.92124,70.4981,4.171317,,5218.0,0.0,0.00606,100.0,4.057192686516318
2021.0,4.34524,1.92252,70.5451,4.171937,,5218.0,0.0,0.00606,100.0,4.037876450339361
2022.0,4.34524,1.9238,70.592,4.172247,,5219.0,0.0,0.00606,100.0,4.055599360973976
2023.0,4.34524,1.92508,70.639,4.173177,,5220.0,0.0,0.00606,100.0,4.071709840724388
2024.0,4.34338,1.92624,70.6815,4.173487,,5222.0,0.0,0.00606,100.0,4.053899836334339
2025.0,4.3471,1.92748,70.7271,4.173797,,5223.0,0.0,0.00606,100.0,4.061435298606686
2026.0,4.34152,1.92876,70.774,4.174107,,5224.0,0.0,0.00606,100.0,4.060360664040084
2027.0,4.3471,1.93004,70.821,4.174727,,5225.0,0.0,0.00606,100.0,4.088679620268587
2028.0,4.34338,1.93132,70.8679,4.175037,,5226.0,0.0,0.00606,100.0,4.0409308799692765
2029.0,4.3471,1.9326,70.9149,4.175657,,5227.0,0.0,0.00606,100.0,4.043921357971005
2030.0,4.3471,1.93388,70.9619,4.175967,,5228.0,0.0,0.00606,100.0,4.066548924721287
2031.0,4.34524,1.93516,71.0088,4.176277,,5229.0,0.0,0.00606,100.0,4.0694558610881595
2032.0,4.34524,1.93643,71.0557,4.176587,,5230.0,0.0,0.00606,100.0,4.049048518527852
2033.0,4.3471,1.93771,71.1027,4.177207,,5231.0,0.0,0.00606,100.0,4.067406830421881
2034.0,4.3471,1.93899,71.1496,4.177517,,5232.0,0.0,0.00606,100.0,4.033181989612141
2035.0,4.34524,1.94027,71.1966,4.177827,,5233.0,0.0,0.00606,100.0,4.066195078988143
2036.0,4.34338,1.94154,71.2431,4.178137,,5234.0,0.0,0.00606,100.0,4.068940973085384
2037.0,4.34524,1.94266,71.2843,4.178447,,5235.0,0.0,0.00606,100.0,4.049392672932976
2038.0,4.34338,1.94398,71.3326,4.178758,,5235.0,0.0,0.00606,100.0,4.065772769362105
2039.0,4.34524,1.94511,71.3742,4.179378,,5235.0,0.0,0.00606,100.0,4.054068527933903
2040.0,4.34524,1.94639,71.4211,4.179688,,,,,,
2041.0,4.34338,1.94767,71.4681,4.180307,,5235.0,-0.67336,0.0,0.0,4.028195851955444
2043.0,4.3471,1.94895,71.515,4.180617,,5236.0,-0.67336,0.0002,2.0739,4.041646608549398
2044.0,4.34524,1.95023,71.562,4.180928,,5238.0,-0.67336,0.00038,3.9308,4.0308001252743315
2045.0,4.34524,1.95135,71.6032,4.181238,,5239.0,-0.67336,0.00058,5.9623,4.028653583021156
2046.0,4.3471,1.95263,71.6501,4.181548,,5240.0,-0.6715,0.00078,7.9992,4.034930457890909
2047.0,4.34524,1.95391,71.6971,4.182168,,5241.0,-0.67522,0.00098,10.0307,4.023690273326902
2048.0,4.3471,1.95519,71.744,4.182477,,5242.0,-0.67336,0.00119,12.1574,4.02625689748045
2049.0,4.3471,1.95647,71.791,4.183098,,5243.0,-0.67522,0.00137,14.0779,4.0193311358964054
2050.0,4.34524,1.95775,71.8379,4.183408,,5244.0,-0.67522,0.00157,16.0988,4.032663220381006
2051.0,4.3471,1.95903,71.8849,4.184028,,5245.0,-0.67522,0.00175,17.8817,4.041967353737775
2052.0,4.34524,1.96015,71.9261,4.184338,,5246.0,-0.67336,0.00194,19.9132,4.0331807493248375
2053.0,4.34524,1.96143,71.973,4.184958,,5247.0,-0.67336,0.00214,21.9501,4.016079277622334
2054.0,4.34524,1.96274,72.0208,4.185268,,5248.0,-0.67522,0.00234,23.9869,4.024579529175092
2055.0,4.34338,1.96392,72.0642,4.185578,,5249.0,-0.67336,0.00254,26.0237,4.023698259290098
2056.0,4.34524,1.9652,72.1112,4.186198,,5250.0,-0.67336,0.00274,28.0552,4.027529543235404
2057.0,4.34524,1.96648,72.1582,4.186508,,5251.0,-0.67522,0.00294,30.0921,4.0309334621678286
2058.0,4.34524,1.96776,72.2051,4.186818,,5252.0,-0.67336,0.00314,32.1236,4.026102426360515
2059.0,4.3471,1.96904,72.2521,4.187128,,5253.0,-0.67522,0.00334,34.1604,4.037703612352325
2060.0,4.34524,1.97032,72.299,4.187438,,5254.0,-0.67522,0.00352,36.0808,4.020080010585938
2061.0,4.3471,1.9716,72.3459,4.188058,,5255.0,-0.67522,0.0037,37.9272,4.025241226778517
2062.0,4.3471,1.97287,72.3929,4.188368,,5256.0,-0.67336,0.0039,39.9587,4.0341423876052
2063.0,4.3471,1.97417,72.4403,4.188368,,5257.0,-0.67522,0.0041,41.9956,4.026277963871624
2064.0,4.34338,1.97545,72.4872,4.188988,,5258.0,-0.67522,0.0043,44.0271,4.020639059143532
2066.0,4.3471,1.97673,72.5342,4.189608,,5259.0,-0.67522,0.0045,46.0639,4.017210348586717
2067.0,4.34338,1.97801,72.5811,4.189918,,5260.0,-0.67522,0.0047,48.1007,4.0217209275050525
2068.0,4.34524,1.97928,72.6281,4.190228,,5262.0,-0.67522,0.0049,50.1323,4.0123391858792665
2069.0,4.34524,1.9807,72.6799,4.190538,,5263.0,-0.67522,0.00508,51.9733,4.014449240227999
2070.0,4.3471,1.98183,72.7215,4.191158,,5263.0,-0.67522,0.00525,53.7615,4.017389253652853
2071.0,4.3471,1.98311,72.7685,4.191468,,5263.0,-1.35045,0.00525,53.7615,4.001693581686774
2072.0,4.3471,1.98439,72.8154,4.192088,,5264.0,-1.35045,0.00561,57.4119,4.00251326787473
2073.0,4.34338,1.98568,72.8628,4.192399,,5265.0,-1.35231,0.00601,61.5226,3.9851987631104
2074.0,4.34524,1.98696,72.9098,4.192708,,5266.0,-1.35231,0.00636,65.0936,3.987943912585505
2075.0,4.34524,1.98824,72.9567,4.193018,,5267.0,-1.35231,0.00675,69.1302,4.007924136366369
2076.0,4.3471,1.98952,73.0037,4.193328,,5269.0,-1.35231,0.00717,73.3626,3.993054334307109
2077.0,4.34524,1.99064,73.0449,4.193638,,5270.0,-1.35231,0.00751,76.9337,3.987606669828642
2078.0,4.34524,1.99192,73.0918,4.194569,,5271.0,-1.35417,0.00791,81.0126,3.9823179516442657
2079.0,4.34524,1.9932,73.1388,4.194879,,5272.0,-1.35045,0.00831,85.0862,3.992876181592396
2080.0,4.34524,1.99448,73.1857,4.195189,,5273.0,-1.35231,0.00871,89.1599,4.001498529331823
2081.0,4.34524,1.99576,73.2327,4.195808,,5274.0,-1.35045,0.00911,93.2335,3.9835062538796335
2082.0,4.34524,1.99704,73.2796,4.196118,,5275.0,-1.35045,0.00952,97.5029,4.004838298799357
2083.0,4.34524,1.99832,73.3266,4.196739,,5275.0,-1.35045,0.00977,100.0,3.983610532609882
2085.0,4.34524,1.99965,73.3753,4.196739,,5275.0,-1.35045,0.00977,100.0,3.9896708955096467
2086.0,4.34524,2.00085,73.4196,4.197049,,,,,,
2087.0,4.34524,2.00213,73.4665,4.197669,,5275.0,0.66964,0.0,0.0,4.072546651714786
2088.0,4.3471,2.00341,73.5135,4.197978,,5277.0,0.66964,0.00018,12.2265,4.058242963984034
2089.0,4.3471,2.00469,73.5604,4.198599,,5278.0,0.66964,0.00038,25.7381,4.061965295973077
2090.0,4.34524,2.00597,73.6074,4.198909,,5279.0,0.66964,0.00058,39.215,4.069251670132061
2091.0,4.34524,2.00725,73.6543,4.199219,,5280.0,0.66964,0.00077,51.8583,4.072289273602142
2092.0,4.34524,2.00837,73.6955,4.199529,,5281.0,0.66964,0.00095,64.1195,4.091487312313726
2092.0,4.3471,2.00917,73.7248,4.200149,,5282.0,0.66964,0.00114,76.867,4.0772896093834
2092.0,4.33966,2.00917,73.7248,4.200149,,5283.0,0.66964,0.00134,90.1007,4.092540321856576
2094.0,4.33408,2.01045,73.7717,4.200149,,5283.0,0.66778,0.00149,100.0,4.081077730589099
2095.0,4.31734,2.01172,73.8184,4.200149,,5283.0,0.0,0.00149,100.0,4.064693046266416
2096.0,4.30618,2.01299,73.865,4.200149,,5285.0,0.0,0.00149,100.0,4.037181916274743
2097.0,4.29688,2.01426,73.9115,4.199839,,5286.0,0.0,0.00149,100.0,4.036901424858366
2098.0,4.29316,2.01552,73.9578,4.199839,,5287.0,0.0,0.00149,100.0,4.041588446713066
2099.0,4.27827,2.01681,74.005,4.200149,,5288.0,0.0,0.00149,100.0,4.037339757642473
2100.0,4.26897,2.01792,74.0459,4.200149,,5289.0,0.0,0.00149,100.0,4.059641621265717
2101.0,4.25967,2.01918,74.092,4.200149,,5290.0,0.0,0.00149,100.0,4.049978998880114
2102.0,4.24665,2.02043,74.1379,4.200149,,5291.0,0.0,0.00149,100.0,4.059698818155693
2103.0,4.23177,2.02168,74.1837,4.200149,,5292.0,0.0,0.00149,100.0,4.055504903748755
2104.0,4.22619,2.02292,74.2294,4.200149,,5293.0,0.0,0.00149,100.0,4.048419749257525
2105.0,4.21317,2.02417,74.2749,4.199839,,5294.0,0.0,0.00149,100.0,4.049174572063604
2106.0,4.20201,2.0254,74.3204,4.199839,,5295.0,0.0,0.00149,100.0,4.0588141606565165
2107.0,4.19085,2.02664,74.3657,4.199839,,5296.0,0.0,0.00149,100.0,4.05882140602303
2108.0,4.17969,2.02787,74.4109,4.200149,,5297.0,0.0,0.00149,100.0,4.060218450686838
2109.0,4.17039,2.0291,74.4561,4.200149,,5298.0,0.0,0.00149,100.0,4.047020301218017
2110.0,4.16667,2.03033,74.5011,4.199839,,5299.0,0.0,0.00149,100.0,4.054028819880459
2111.0,4.15551,2.03154,74.5456,4.199839,,5299.0,0.0,0.00149,100.0,4.0601284912513025
2112.0,4.15551,2.03261,74.585,4.200149,,5299.0,0.0,0.00149,100.0,4.061520080718585
2113.0,4.14807,2.03382,74.6294,4.200149,,,,,,
2114.0,4.13691,2.035,74.6724,4.200149,,5299.0,-0.67336,0.0,0.0,4.03768834035534
2115.0,4.12574,2.03621,74.7171,4.199839,,5301.0,-0.67522,0.00021,0.9962,4.0233337206373285
2116.0,4.12016,2.03743,74.7616,4.200149,,5302.0,-0.67522,0.0004,1.923,4.028589785319027
2118.0,4.11458,2.03864,74.8061,4.200149,,5303.0,-0.67708,0.0006,2.8671,4.043279685666572
2119.0,4.10156,2.03985,74.8504,4.200149,,5304.0,-0.67336,0.00077,3.7022,4.011338620746664
2120.0,4.09412,2.04105,74.8947,4.200149,,5305.0,-0.67336,0.00097,4.6563,4.019381065466508
2121.0,4.08668,2.04226,74.9389,4.199839,,5306.0,-0.67336,0.00117,5.6079,4.027210393676812
2122.0,4.07738,2.04331,74.9775,4.200149,,5307.0,-0.67708,0.00137,6.5619,4.01531692195786
2123.0,4.06994,2.04451,75.0216,4.200149,,5308.0,-0.67708,0.00157,7.5135,4.019050126791939
2124.0,4.0625,2.04571,75.0655,4.200149,,5309.0,-0.67522,0.00177,8.4676,4.030485990135859
2125.0,4.0532,2.0469,75.1093,4.200149,,5310.0,-0.67522,0.00196,9.4191,4.018409749291687
2126.0,4.04576,2.0481,75.1531,4.200149,,5311.0,-0.67336,0.00216,10.3732,4.030691447190846
2127.0,4.03646,2.04928,75.1963,4.200149,,5312.0,-0.67336,0.00236,11.3248,4.028250169730781
2128.0,4.02902,2.05032,75.2345,4.200149,,5313.0,-0.67522,0.00256,12.2788,4.0211976205707485
2129.0,4.02344,2.05149,75.2776,4.199839,,5314.0,-0.67522,0.00276,13.2304,4.013459385400058
2130.0,4.01414,2.05271,75.3223,4.200149,,5315.0,-0.67522,0.00296,14.1845,4.0240597749365055
2131.0,4.0067,2.05374,75.3603,4.199839,,5316.0,-0.67522,0.00316,15.136,4.0464352864926845
2132.0,4.00298,2.05492,75.4036,4.200149,,5317.0,-0.67522,0.00335,16.0901,4.016474717255478
2133.0,3.99554,2.0561,75.4468,4.199839,,5318.0,-0.67522,0.00355,17.0442,4.026689402583315
2134.0,3.98624,2.05728,75.4899,4.200149,,5319.0,-0.67336,0.00375,17.9982,4.008745743076618
2135.0,3.98065,2.05845,75.5329,4.200149,,5320.0,-0.67336,0.00393,18.8333,4.015228561435834
2136.0,3.97321,2.05962,75.5759,4.200149,,5322.0,-0.67522,0.00413,19.7849,4.032987588684415
2137.0,3.96763,2.06079,75.6188,4.199839,,5323.0,-0.67336,0.00432,20.739,4.00354026816059
2138.0,3.96391,2.06195,75.6612,4.200149,,5324.0,-0.67522,0.00452,21.6905,4.021073919983711
2139.0,3.95833,2.06297,75.6988,4.199839,,5325.0,-0.67708,0.00472,22.6446,4.010607320277739
2140.0,3.94903,2.06413,75.7415,4.199839,,5326.0,-0.67522,0.00492,23.5962,4.01416361529018
2141.0,3.94159,2.06529,75.7841,4.200149,,5327.0,-0.67522,0.00512,24.5502,4.01776189017874
2143.0,3.93229,2.06645,75.8267,4.200149,,5328.0,-0.67522,0.00532,25.5043,4.030715066692247
2144.0,3.92671,2.0677,75.8723,4.200149,,5329.0,-0.67522,0.00552,26.4559,4.033557043779565
2145.0,3.91555,2.06876,75.9114,4.200149,,5330.0,-0.67522,0.0057,27.3381,3.9946740128061804
2146.0,3.90625,2.06992,75.9537,4.200149,,5331.0,-0.67336,0.0059,28.3194,4.029345379477149
2147.0,3.89323,2.07106,75.9958,4.200149,,5332.0,-0.67522,0.0061,29.2734,4.023518985238462
2148.0,3.88393,2.07221,76.0378,4.200149,,5333.0,-0.67336,0.0063,30.225,4.01165266663696
2149.0,3.87277,2.07347,76.0841,4.199839,,5334.0,-0.67522,0.0065,31.1692,4.007971937984555
2150.0,3.86905,2.07447,76.1208,4.200149,,5335.0,-0.67522,0.00667,32.0067,4.01767235564805
2151.0,3.85789,2.07561,76.1626,4.199839,,5336.0,-0.67522,0.00687,32.9583,4.025489749276483
2152.0,3.85045,2.07674,76.2042,4.200149,,5337.0,-0.67522,0.00707,33.9124,4.029501257871348
2153.0,3.84487,2.07788,76.2458,4.200149,,5338.0,-0.67522,0.00727,34.8664,4.0217462725755615
2154.0,3.83557,2.07901,76.2873,4.199839,,5339.0,-0.67522,0.00747,35.818,4.0157809068598205
2155.0,3.82999,2.08014,76.3287,4.200149,,5340.0,-0.67336,0.00767,36.7721,4.021270820249061
2156.0,3.82068,2.08126,76.37,4.199839,,5341.0,-0.67522,0.00787,37.7261,4.042096714186912
2157.0,3.81324,2.08225,76.4062,4.199839,,5342.0,-0.67708,0.00807,38.6876,4.026123803967325
2158.0,3.80208,2.08337,76.4473,4.200149,,5344.0,-0.67522,0.00827,39.6417,4.017219236584248
2159.0,3.79464,2.08441,76.4856,4.200149,,5345.0,-0.67522,0.00846,40.5957,4.004793971350018
2160.0,3.78906,2.08555,76.5274,4.199839,,5346.0,-0.67336,0.00865,41.4754,4.021421826538124
2161.0,3.77976,2.08666,76.5683,4.200149,,5347.0,-0.67522,0.00885,42.4295,4.005599351361003
2162.0,3.77418,2.08778,76.6091,4.200149,,5348.0,-0.67522,0.00904,43.3736,4.022703453166722
2163.0,3.76488,2.08889,76.6498,4.199839,,5349.0,-0.67336,0.00924,44.3351,4.03266665722902
2165.0,3.75558,2.08999,76.6904,4.200149,,5350.0,-0.67522,0.00944,45.2793,4.007740747066494
2166.0,3.74442,2.0911,76.7309,4.200149,,5351.0,-0.67522,0.00962,46.1169,4.01539783097005
2167.0,3.73512,2.0922,76.7713,4.200149,,5352.0,-0.67522,0.00981,47.0684,4.020175693246907
2168.0,3.72582,2.0933,76.8116,4.199839,,5353.0,-0.67522,0.01001,48.0225,4.024561027087061
2169.0,3.71652,2.09439,76.8518,4.200149,,5354.0,-0.67708,0.01021,48.9741,4.002715089117236
2170.0,3.7035,2.09548,76.8919,4.199839,,5355.0,-0.67336,0.01041,49.9281,4.004406408874034
2171.0,3.70164,2.09657,76.9319,4.200149,,5356.0,-0.67708,0.01061,50.8822,4.0181009996026225
2172.0,3.68862,2.09766,76.9718,4.200149,,5357.0,-0.67522,0.01081,51.8338,4.000141140125267
2173.0,3.68118,2.09861,77.0068,4.199839,,5358.0,-0.67522,0.01101,52.7953,4.01781807524643
2174.0,3.67374,2.09974,77.048,4.199839,,5359.0,-0.67336,0.01121,53.7468,4.019847992746372
2175.0,3.66443,2.10074,77.0846,4.200149,,5360.0,-0.67522,0.01139,54.6117,4.026072431053323
2176.0,3.65699,2.10181,77.1242,4.199839,,5361.0,-0.67708,0.01158,55.5459,4.015734283575291
2177.0,3.64955,2.10289,77.1636,4.200149,,5362.0,-0.67336,0.01178,56.4975,4.027770035176082
2178.0,3.64025,2.10396,77.203,4.200149,,5363.0,-0.67522,0.01198,57.4516,4.0265632287646165
2179.0,3.63839,2.1049,77.2375,4.200149,,5364.0,-0.67522,0.01218,58.4056,4.027904591266344
2180.0,3.62909,2.10597,77.2768,4.200149,,5365.0,-0.67708,0.01237,59.3299,4.014310781533975
2181.0,3.62723,2.10703,77.3156,4.200149,,5366.0,-0.67336,0.01255,60.175,4.017877977256939
2182.0,3.61979,2.1081,77.3548,4.199839,,5367.0,-0.67336,0.01275,61.129,4.002910604864339
2183.0,3.60863,2.10916,77.3938,4.200149,,5369.0,-0.67522,0.01294,62.0831,4.01577739287259
2184.0,3.59561,2.11022,77.4327,4.200149,,5370.0,-0.67522,0.01314,63.0346,4.018761022071009
2185.0,3.59375,2.11128,77.4716,4.200149,,5371.0,-0.67522,0.01334,63.9887,4.028055379652654
2186.0,3.58631,2.11221,77.5056,4.200149,,5372.0,-0.67522,0.01354,64.9502,4.022222002791919
2187.0,3.57887,2.11326,77.5443,4.199839,,5373.0,-0.67336,0.01374,65.9042,4.003905472801732
2189.0,3.57329,2.11432,77.583,4.200149,,5374.0,-0.67708,0.01394,66.8558,4.01397781704201
2190.0,3.56027,2.1154,77.6226,4.200149,,5375.0,-0.67522,0.01414,67.8099,4.016406839675524
2191.0,3.55841,2.11632,77.6564,4.199839,,5376.0,-0.67522,0.01434,68.7615,4.020562408180898
2192.0,3.54539,2.11736,77.6947,4.199839,,5377.0,-0.67708,0.01453,69.6808,4.043882963109183
2193.0,3.54167,2.11841,77.733,4.200149,,5378.0,-0.67522,0.0147,70.5159,4.013274673195014
2194.0,3.53051,2.11945,77.7713,4.200149,,5379.0,-0.67522,0.0149,71.47,4.018268166103527
2195.0,3.52865,2.12049,77.8094,4.199839,,5380.0,-0.6715,0.0151,72.4216,4.021430795762708
2196.0,3.51935,2.12153,77.8475,4.199839,,5381.0,-0.67522,0.0153,73.3756,4.008207577210688
2197.0,3.50818,2.12256,77.8855,4.199839,,5382.0,-0.67522,0.0155,74.3297,4.006955846378759
2198.0,3.50074,2.12359,77.9234,4.200149,,5383.0,-0.67522,0.0157,75.2813,3.999184668293395
2199.0,3.49702,2.12462,77.9612,4.199839,,5384.0,-0.67336,0.0159,76.2353,3.9892000483403063
2200.0,3.48958,2.12565,77.9989,4.200149,,5385.0,-0.67522,0.01612,77.3058,4.03294756932874
2201.0,3.48028,2.12668,78.0366,4.199839,,5386.0,-0.67708,0.0163,78.1955,4.01065006121356
2202.0,3.47284,2.1277,78.0742,4.200149,,5387.0,-0.67522,0.01633,78.3218,4.02542532188682
2203.0,3.46354,2.12872,78.1116,4.199839,,5387.0,-1.35231,0.01633,78.3218,3.9915538870146188
2204.0,3.45796,2.12971,78.1476,4.199839,,5388.0,-1.35045,0.01669,80.0292,4.00024853181847
2205.0,3.45238,2.13074,78.1857,4.200149,,5389.0,-1.35231,0.01707,81.8506,3.985445567303127
2206.0,3.44494,2.13176,78.2229,4.200149,,5390.0,-1.35045,0.01746,83.7563,3.981938985688624
2207.0,3.4375,2.13277,78.2601,4.200149,,5391.0,-1.35231,0.01786,85.6668,3.970515914279226
2208.0,3.43006,2.13378,78.2971,4.200149,,5392.0,-1.35231,0.01826,87.575,3.9833370194891784
2210.0,3.42448,2.13479,78.3342,4.200149,,5393.0,-1.35231,0.01866,89.4831,3.9737708722521896
2211.0,3.41332,2.1358,78.3711,4.200149,,5394.0,-1.35045,0.01906,91.3937,3.9847298061308325
2212.0,3.40774,2.1368,78.4079,4.200149,,5395.0,-1.35231,0.01946,93.3191,3.978252267434653
2213.0,3.4003,2.1378,78.4447,4.199839,,5396.0,-1.35045,0.01986,95.2272,3.9861404527689777
2214.0,3.39472,2.1388,78.4814,4.199839,,5397.0,-1.35231,0.02025,97.1353,3.982949883289542
2215.0,3.3817,2.1398,78.518,4.200149,,5398.0,-1.35417,0.02065,99.0459,3.9770153056821007
2216.0,3.37612,2.14067,78.55,4.199839,,5399.0,-1.35045,0.02085,100.0,3.9756290263132237
2217.0,3.36682,2.14166,78.5864,4.199839,,5399.0,-1.35045,0.02085,100.0,3.985077403180628
2218.0,3.35752,2.14265,78.6228,4.199839,,,,,,
2219.0,3.35007,2.14357,78.6563,4.200149,,5399.0,0.66964,0.0,0.0,4.063452625160585
2220.0,3.34821,2.14456,78.6928,4.199839,,5400.0,0.66964,0.00021,14.1562,4.0681972893600555
2221.0,3.34077,2.14543,78.7245,4.200149,,5401.0,0.66964,0.00039,26.325,4.06385927087088
2222.0,3.33333,2.14641,78.7606,4.200149,,5402.0,0.66964,0.0006,40.272,4.0587567265688556
2223.0,3.32589,2.14739,78.7966,4.199839,,5403.0,0.66964,0.00079,53.5565,4.071229183170698
2224.0,3.32217,2.14837,78.8325,4.199839,,5404.0,0.66778,0.00099,66.8759,4.057955855143629
2225.0,3.31473,2.14935,78.8683,4.200149,,5405.0,0.66778,0.00119,80.1604,4.06464699602507
2226.0,3.30357,2.15032,78.9041,4.200149,,5406.0,0.66964,0.00138,93.3403,4.081653110057373
2227.0,3.29985,2.15129,78.9398,4.200149,,5407.0,0.66964,0.00148,100.0,4.0865351295044325
2228.0,3.29055,2.15226,78.9753,4.200149,,5407.0,0.0,0.00148,100.0,4.031234011223089
2229.0,3.28497,2.15323,79.0109,4.200149,,5408.0,0.0,0.00148,100.0,4.048219570570164
2230.0,3.27567,2.1542,79.0463,4.200149,,5409.0,0.0,0.00148,100.0,4.057920293211782
2232.0,3.26823,2.15516,79.0817,4.199839,,5410.0,0.0,0.00148,100.0,4.0403369697572025
2233.0,3.26265,2.15613,79.1173,4.200149,,5411.0,0.0,0.00148,100.0,4.056250010286183
2234.0,3.25521,2.15709,79.1526,4.200149,,5412.0,0.0,0.00148,100.0,4.045661519293268
2235.0,3.24777,2.15801,79.1864,4.200149,,5413.0,0.0,0.00148,100.0,4.0357393493392735
2236.0,3.24033,2.15887,79.2178,4.200149,,5414.0,0.0,0.00148,100.0,4.049432187504667
2237.0,3.23289,2.15982,79.2528,4.199839,,5415.0,0.0,0.00148,100.0,4.057077551392006
2238.0,3.22545,2.16077,79.2877,4.200149,,5416.0,0.0,0.00148,100.0,4.042592501060158
2239.0,3.21801,2.16172,79.3225,4.200149,,5417.0,0.0,0.00148,100.0,4.0457625014835275
2240.0,3.21243,2.16267,79.3573,4.200149,,5418.0,0.0,0.00148,100.0,4.041416257822727
2241.0,3.21243,2.1635,79.3878,4.199839,,5419.0,0.0,0.00148,100.0,4.041417564910193
2242.0,3.20499,2.16445,79.4224,4.200149,,5420.0,0.0,0.00148,100.0,4.054117583674425
2243.0,3.19754,2.16539,79.457,4.200149,,5421.0,0.0,0.00148,100.0,4.037699197098987
2244.0,3.1901,2.16633,79.4915,4.200149,,5422.0,0.0,0.00148,100.0,4.033808792631854
2245.0,3.18824,2.16727,79.526,4.200149,,5423.0,0.0,0.00148,100.0,4.036084000636288
2246.0,3.1808,2.16821,79.5604,4.200149,,5423.0,0.0,0.00148,100.0,4.046313747567831
2247.0,3.17336,2.16914,79.5947,4.200149,,,,,,
2248.0,3.16406,2.17007,79.6289,4.200149,,5423.0,-0.67708,0.0,0.0,4.029822224840851
2249.0,3.16034,2.17091,79.6595,4.200149,,5424.0,-0.67522,0.00022,0.5223,4.033900670425174
2250.0,3.15662,2.1718,79.6923,4.200149,,5425.0,-0.67522,0.00039,0.9495,4.034688052936064
2251.0,3.14732,2.17273,79.7264,4.200149,,5426.0,-0.67522,0.00059,1.4355,4.022048349848776
2252.0,3.13988,2.17366,79.7604,4.200149,,5427.0,-0.67336,0.00079,1.9165,4.016624085203703
2253.0,3.13244,2.17458,79.7943,4.199839,,5428.0,-0.67522,0.00099,2.3974,4.010963101677308
2254.0,3.12314,2.1755,79.8281,4.200149,,5429.0,-0.67336,0.00119,2.8797,4.025111906932581
2256.0,3.1157,2.17642,79.8618,4.199839,,5430.0,-0.67522,0.00138,3.3569,4.0323244593729415
2257.0,3.10826,2.17734,79.8954,4.199839,,5431.0,-0.67522,0.00156,3.779,4.011272152230893
2258.0,3.10082,2.17826,79.9293,4.200149,,5432.0,-0.67522,0.00176,4.2613,4.012340278880905
2259.0,3.08966,2.17917,79.9627,4.200149,,5433.0,-0.67522,0.00196,4.7435,4.029385072772646
2260.0,3.08594,2.18008,79.9961,4.200149,,5434.0,-0.67336,0.00216,5.2245,3.9940219409628526
2261.0,3.08222,2.18099,80.0294,4.200149,,5435.0,-0.67708,0.00235,5.7068,4.016890349140739
2262.0,3.07292,2.18189,80.0626,4.200149,,5436.0,-0.67522,0.00256,6.2103,4.031157271802072
2263.0,3.0692,2.18269,80.0918,4.199839,,5437.0,-0.67522,0.00276,6.6888,4.001803020916995
2264.0,3.06176,2.18361,80.1258,4.200149,,5438.0,-0.67522,0.00293,7.1109,4.020884317559218
2265.0,3.05432,2.18462,80.1625,4.199839,,5439.0,-0.67522,0.00313,7.5932,4.010364525324058
2266.0,3.04874,2.1854,80.1915,4.199839,,5441.0,-0.67522,0.00333,8.0754,4.050488563646047
2267.0,3.03943,2.1863,80.2244,4.199839,,5442.0,-0.67522,0.00353,8.5564,4.001905433247089
2268.0,3.03571,2.1872,80.2572,4.200149,,5443.0,-0.67522,0.00373,9.0374,4.011818210002359
2269.0,3.02827,2.18809,80.2899,4.199839,,5444.0,-0.67336,0.00393,9.5196,4.002236481673016
2270.0,3.01897,2.18898,80.3226,4.200149,,5445.0,-0.67708,0.00412,9.9793,4.022577178240372
2271.0,3.01339,2.18987,80.3552,4.200149,,5446.0,-0.67522,0.00429,10.4065,4.008372068880885
2272.0,3.01153,2.19075,80.3877,4.200149,,5447.0,-0.67708,0.00449,10.8875,3.9984662673844067
2273.0,2.99851,2.19164,80.4202,4.200149,,5448.0,-0.67522,0.00469,11.3697,4.017118925153618
2274.0,2.99479,2.19253,80.4529,4.199839,,5449.0,-0.67522,0.00489,11.8519,4.018171800497644
2275.0,2.98363,2.19341,80.4851,4.200149,,5450.0,-0.6715,0.00509,12.3329,3.9915832300740357
2277.0,2.97991,2.19429,80.5174,4.199839,,5451.0,-0.67522,0.00529,12.8189,4.009611270292673
2278.0,2.97619,2.19516,80.5496,4.200149,,5452.0,-0.67336,0.00549,13.3012,4.020171664873097
2279.0,2.96689,2.19604,80.5816,4.199839,,5453.0,-0.67708,0.00569,13.7834,4.0186469964455105
2280.0,2.96131,2.19689,80.6128,4.200149,,5454.0,-0.67708,0.00588,14.2607,4.00620555672503
2281.0,2.95387,2.1977,80.6426,4.200149,,5455.0,-0.67336,0.00606,14.684,4.026838974922352
2282.0,2.94829,2.19857,80.6745,4.200149,,5456.0,-0.67336,0.00626,15.165,4.005724222921969
2283.0,2.94085,2.19944,80.7064,4.199839,,5457.0,-0.67336,0.00645,15.6473,3.99744380413565
2284.0,2.93899,2.2003,80.7381,4.199839,,5458.0,-0.67522,0.00655,15.8878,4.0127458650173855
2285.0,2.92969,2.20117,80.7698,4.200149,,5458.0,-5.41481,0.00655,15.8878,3.8349879572448544
2286.0,2.92411,2.20203,80.8014,4.200149,,5459.0,-5.40737,0.00816,19.7846,3.818160264910988
2287.0,2.91853,2.20288,80.8327,4.199839,,5460.0,-5.40737,0.00963,23.3532,3.8213421949436204
2288.0,2.91295,2.20363,80.8603,4.200149,,5461.0,-5.40923,0.01123,27.2136,3.8130700657339087
2289.0,2.90737,2.20449,80.8917,4.200149,,5462.0,-5.40737,0.01274,30.8912,3.8103026352056917
2290.0,2.90179,2.20534,80.9231,4.200149,,5463.0,-5.40923,0.01434,34.7517,3.8080932609166305
2291.0,2.89249,2.2062,80.9544,4.200149,,5464.0,-5.41109,0.01593,38.6121,3.802288854008344
2292.0,2.88877,2.20705,80.9856,4.200149,,5465.0,-5.40551,0.01752,42.4726,3.808250992551745
2293.0,2.88318,2.2079,81.0168,4.200149,,5466.0,-5.40737,0.01872,45.3861,3.802276892390081
2294.0,2.87202,2.20876,81.0485,4.199839,,5466.0,-3.3817,0.01872,45.3861,3.8739796644259163
2295.0,2.8683,2.20951,81.076,4.199839,,5467.0,-3.37798,0.01964,47.6157,3.8701240030373776
2296.0,2.86086,2.21035,81.1069,4.200149,,5468.0,-3.37984,0.0207,50.1873,3.876185858311901
2297.0,2.85528,2.21119,81.1378,4.199839,,5469.0,-3.37798,0.02171,52.6223,3.8826388625614867
2299.0,2.8497,2.21203,81.1686,4.199839,,5470.0,-3.37984,0.02262,54.8281,3.8536974861501796
2300.0,2.84412,2.21287,81.1994,4.200149,,5471.0,-3.37984,0.02361,57.2406,3.8838204984155262
2301.0,2.83668,2.21371,81.23,4.200149,,5472.0,-3.37798,0.02461,59.6518,3.8740411098325196
2302.0,2.8311,2.21454,81.2606,4.199839,,5473.0,-3.3817,0.02561,62.0881,3.8779513618439108
2303.0,2.82366,2.21537,81.2912,4.200149,,5474.0,-3.3817,0.0266,64.4767,3.887911987437841
2304.0,2.81808,2.2162,81.3216,4.199839,,5475.0,-3.37984,0.02747,66.5936,3.8680960545083956
2305.0,2.80878,2.21703,81.352,4.200149,,5476.0,-3.37984,0.02846,69.0048,3.8786985498679223
2306.0,2.80134,2.21785,81.3821,4.200149,,5477.0,-3.38356,0.02943,71.3484,3.880192253892091
2307.0,2.80134,2.21858,81.4086,4.200149,,5478.0,-3.37984,0.03043,73.7609,3.873824209668002
2308.0,2.79204,2.2194,81.4389,4.200149,,5479.0,-3.3817,0.03142,76.1746,3.8766681267595207
2309.0,2.79204,2.22025,81.4702,4.200149,,5480.0,-3.3817,0.03242,78.5858,3.8696545167947614
2310.0,2.7846,2.22101,81.498,4.200149,,5481.0,-3.37984,0.03341,80.9983,3.8590917334121664
2311.0,2.77716,2.22183,81.528,4.199839,,5482.0,-3.37798,0.03441,83.4095,3.863628748557127
2312.0,2.76786,2.22265,81.558,4.200149,,5484.0,-3.37798,0.0354,85.8208,3.8503563346960297
2313.0,2.766,2.22346,81.5879,4.200149,,5485.0,-3.37984,0.0364,88.2332,3.8599375346951157
2314.0,2.76042,2.22428,81.618,4.200149,,5486.0,-3.37984,0.03739,90.6457,3.8394760578803733
2315.0,2.75856,2.22509,81.6479,4.199839,,5487.0,-3.37612,0.03839,93.0582,3.846523264178771
2316.0,2.75112,2.2259,81.6776,4.200149,,5488.0,-3.37798,0.03938,95.4707,3.862295979546228
2317.0,2.7474,2.22671,81.7073,4.199839,,5489.0,-3.3817,0.04038,97.8831,3.8517430568125577
2318.0,2.7381,2.22752,81.7369,4.200149,,5490.0,-3.37984,0.04125,100.0,3.856272964431537
2319.0,2.73252,2.22833,81.7665,4.200149,,5490.0,-3.37984,0.04125,100.0,3.8403428758036062
2321.0,2.72879,2.22913,81.796,4.200149,,,,,,
2322.0,2.72507,2.22993,81.8254,4.199839,,5490.0,1.34301,0.0,0.0,4.027644502187289
2323.0,2.71949,2.23074,81.8548,4.199839,,5491.0,1.34673,0.00034,11.5285,4.0329488248420144
2324.0,2.71019,2.23144,81.8806,4.200149,,5492.0,1.34673,0.00075,25.2899,4.055975082640848
2325.0,2.70647,2.23228,81.9115,4.199839,,5493.0,1.34301,0.00115,38.5494,4.04730251011625
2326.0,2.70461,2.23308,81.9407,4.199839,,5494.0,1.34673,0.0015,50.1818,4.04692125544487
2327.0,2.69345,2.23387,81.9698,4.200149,,5495.0,1.34487,0.00189,63.4412,4.06207261165659
2328.0,2.68787,2.23466,81.9989,4.200149,,5496.0,1.34487,0.00229,76.718,4.058984000468776
2329.0,2.68043,2.23545,82.0279,4.199839,,5497.0,1.34301,0.00269,89.9775,4.037037986860703
2330.0,2.67671,2.23624,82.0568,4.200149,,5498.0,1.34301,0.00298,100.0,4.074759231973606
2331.0,2.67113,2.23703,82.0857,4.200149,,5498.0,1.34301,0.00298,100.0,4.073819867411722
2332.0,2.66555,2.23781,82.1146,4.200149,,,,,,
2333.0,2.66183,2.2386,82.1433,4.200149,,5498.0,-1.35417,0.0,0.0,3.9640950647196087
2334.0,2.65439,2.23938,82.1721,4.199839,,5499.0,-1.35231,0.00044,3.6859,3.9638035631046367
2335.0,2.65067,2.24016,82.2007,4.200149,,5500.0,-1.35231,0.00084,6.9975,3.9542365002221684
2336.0,2.64509,2.24085,82.2258,4.199839,,5501.0,-1.35045,0.00124,10.3092,3.9669578353353647
2337.0,2.63765,2.24162,82.2544,4.200149,,5502.0,-1.35045,0.00164,13.6252,3.9461135051557537
2338.0,2.63393,2.2424,82.2829,4.200149,,5503.0,-1.34859,0.00203,16.9369,3.9638797658275218
2339.0,2.62649,2.24312,82.3091,4.200149,,5504.0,-1.35417,0.00243,20.2529,3.9528222185037616
2340.0,2.62091,2.24387,82.3367,4.200149,,5505.0,-1.35045,0.00283,23.5646,3.9615468049269107
2342.0,2.61905,2.24464,82.365,4.200149,,5506.0,-1.35231,0.00323,26.8763,3.937376244008351
2343.0,2.61161,2.24541,82.3933,4.200149,,5507.0,-1.35417,0.00363,30.1879,3.9647679494190546
2344.0,2.60789,2.24619,82.4218,4.200149,,5508.0,-1.35231,0.00398,33.1599,3.9381214607092434
2345.0,2.60231,2.24695,82.4499,4.199839,,5509.0,-1.34859,0.00436,36.3167,3.9748047928955894
2346.0,2.59673,2.24771,82.4777,4.199839,,5510.0,-1.35231,0.00476,39.6284,3.9554885572561744
2347.0,2.59301,2.24838,82.5023,4.199839,,5512.0,-1.35045,0.00516,42.9358,3.951753669987487
2348.0,2.58743,2.24914,82.5303,4.200149,,5513.0,-1.35045,0.00556,46.2518,3.965141791290776
2349.0,2.57999,2.2499,82.5582,4.200149,,5514.0,-1.35417,0.00595,49.5678,3.942619918393029
2350.0,2.5744,2.25066,82.586,4.200149,,5515.0,-1.35045,0.00635,52.8794,3.9589642414861603
2351.0,2.56882,2.25142,82.6138,4.200149,,5516.0,-1.35231,0.00675,56.1911,3.931739633171555
2352.0,2.56324,2.25217,82.6415,4.200149,,5517.0,-1.35417,0.00713,59.3781,3.96029570740021
2353.0,2.55766,2.25293,82.6692,4.199839,,5518.0,-1.35045,0.00754,62.75,3.9558044693299603
2354.0,2.5558,2.25375,82.6994,4.200149,,5519.0,-1.35417,0.00794,66.066,3.95530135471462
2355.0,2.54836,2.25446,82.7255,4.199839,,5520.0,-1.35045,0.00833,69.3777,3.9722854874656326
2356.0,2.54464,2.25521,82.753,4.199839,,5521.0,-1.35045,0.00873,72.685,3.953031894281197
2357.0,2.54092,2.25596,82.7804,4.200149,,5522.0,-1.35045,0.00913,76.001,3.958489024349534
2358.0,2.53348,2.25671,82.8078,4.200149,,5523.0,-1.35231,0.00952,79.2826,3.940996197545793
2359.0,2.52976,2.25745,82.8352,4.200149,,5524.0,-1.35231,0.00987,82.1857,3.953189979026207
2360.0,2.52232,2.2582,82.8625,4.200149,,5525.0,-1.35045,0.01028,85.5318,3.9503965602784965
2361.0,2.5186,2.25894,82.8897,4.200149,,5526.0,-1.35231,0.01067,88.8134,3.9623896497881597
2363.0,2.51674,2.25967,82.9166,4.200149,,5527.0,-1.35417,0.01107,92.1251,3.9506787362714184
2364.0,2.5093,2.26032,82.9404,4.200149,,5528.0,-1.35231,0.01147,95.4368,3.9641449938532545
2365.0,2.50744,2.26106,82.9675,4.199839,,5529.0,-1.35045,0.01186,98.7484,3.9747150124065636
2366.0,2.5,2.2618,82.9946,4.200149,,5530.0,-1.35231,0.01201,100.0,3.9653708030336676
2367.0,2.49256,2.26253,83.0215,4.200149,,5530.0,-1.35231,0.01201,100.0,3.9596591268318195
2368.0,2.48884,2.26326,83.0484,4.200149,,,,,,
2369.0,2.48512,2.264,83.0753,4.200149,,5530.0,2.70461,0.0,0.0,4.112643489267301
2370.0,2.47954,2.26476,83.1034,4.200149,,5531.0,2.69717,0.0008,13.1775,4.124397064307323
2371.0,2.47396,2.26543,83.1281,4.200149,,5532.0,2.70089,0.00156,25.8498,4.1265225407522275
2372.0,2.46652,2.26616,83.1548,4.200149,,5533.0,2.69903,0.00226,37.4005,4.118413445973801
2373.0,2.46094,2.26689,83.1814,4.200149,,5534.0,2.69903,0.00305,50.5694,4.129801483898152
2374.0,2.45908,2.26762,83.2082,4.199839,,5535.0,2.69903,0.00385,63.8582,4.127847417418034
2375.0,2.4535,2.26834,83.2348,4.199839,,5536.0,2.69903,0.00465,77.0186,4.142961371253
2376.0,2.44792,2.26906,83.2613,4.200149,,5537.0,2.69903,0.00544,90.1875,4.136424907274886
2377.0,2.44234,2.26978,83.2877,4.199839,,5538.0,2.69717,0.00603,100.0,4.121083454200034
2378.0,2.44234,2.2705,83.3141,4.199839,,5538.0,0.0,0.00603,100.0,4.038907572737308
2379.0,2.43304,2.27122,83.3404,4.200149,,5539.0,0.0,0.00603,100.0,4.034390646074965
2380.0,2.42746,2.27193,83.3666,4.200149,,5540.0,0.0,0.00603,100.0,4.038148053267411
2381.0,2.42374,2.27265,83.3928,4.200149,,5541.0,0.0,0.00603,100.0,4.0294273210943645
2382.0,2.41629,2.27327,83.4158,4.199839,,5542.0,0.0,0.00603,100.0,4.022222084414569
2384.0,2.41257,2.27398,83.4418,4.200149,,5543.0,0.0,0.00603,100.0,4.031135353142267
2385.0,2.40699,2.27471,83.4684,4.200149,,5544.0,0.0,0.00603,100.0,4.031689524190741
2386.0,2.40327,2.27534,83.4916,4.200149,,5545.0,0.0,0.00603,100.0,4.020392238976036
2387.0,2.39769,2.27605,83.5176,4.200149,,5546.0,0.0,0.00603,100.0,4.0335099994930825
2388.0,2.39211,2.27675,83.5435,4.200149,,5547.0,0.0,0.00603,100.0,4.03920446676051
2389.0,2.39025,2.27746,83.5693,4.200149,,5548.0,0.0,0.00603,100.0,4.031771680872155
2390.0,2.38653,2.27816,83.5949,4.200149,,5549.0,0.0,0.00603,100.0,4.037845403858879
2391.0,2.38281,2.27886,83.6206,4.200149,,5551.0,0.0,0.00603,100.0,4.03278943313469
2392.0,2.37537,2.27956,83.6466,4.200149,,5552.0,0.0,0.00603,100.0,4.039705476060036
2393.0,2.36979,2.28026,83.6722,4.199839,,5553.0,0.0,0.00603,100.0,4.016150350444924
2394.0,2.36607,2.28096,83.6978,4.200149,,5554.0,0.0,0.00603,100.0,4.033810168200424
2395.0,2.36235,2.28166,83.7233,4.199839,,5555.0,0.0,0.00603,100.0,4.029697633841284
2396.0,2.35677,2.28234,83.7485,4.200149,,5556.0,0.0,0.00603,100.0,4.037706763599649
2397.0,2.35305,2.28295,83.7709,4.199839,,5557.0,0.0,0.00603,100.0,4.0202100365136495
2398.0,2.34933,2.28364,83.7963,4.199839,,5558.0,0.0,0.00603,100.0,4.017891688344591
2399.0,2.34189,2.28433,83.8216,4.200149,,5559.0,0.0,0.00603,100.0,4.031862209090349
2400.0,2.33817,2.28504,83.8476,4.200149,,5560.0,0.0,0.00603,100.0,4.032084680218014
2401.0,2.33073,2.28573,83.8728,4.200149,,5561.0,0.0,0.00603,100.0,4.03517849654328
2402.0,2.33073,2.28642,83.898,4.200149,,5562.0,0.0,0.00603,100.0,4.037978662621035
2403.0,2.32515,2.2871,83.9231,4.200149,,5563.0,0.0,0.00603,100.0,4.0330394356225865
2404.0,2.31771,2.2877,83.9451,4.200149,,5564.0,0.0,0.00603,100.0,4.032888221081873
2405.0,2.31213,2.28838,83.9702,4.200149,,5565.0,0.0,0.00603,100.0,4.043523094230482
2407.0,2.31213,2.28906,83.9949,4.200149,,5566.0,0.0,0.00603,100.0,4.0237793129519135
2408.0,2.30655,2.28974,84.0198,4.200149,,5567.0,0.0,0.00603,100.0,4.040455424708925
2409.0,2.30469,2.29041,84.0447,4.200149,,5568.0,0.0,0.00603,100.0,4.043326309104309
2410.0,2.29539,2.29109,84.0696,4.200149,,5569.0,0.0,0.00603,100.0,4.033330129142914
2411.0,2.29167,2.29177,84.0943,4.200149,,5571.0,0.0,0.00603,100.0,4.03084705984132
2412.0,2.28981,2.29244,84.1191,4.200149,,5572.0,0.0,0.00603,100.0,4.028047658260898
2413.0,2.28423,2.29312,84.1438,4.199839,,5573.0,0.0,0.00603,100.0,4.0136355389775105
2414.0,2.28051,2.29379,84.1685,4.200149,,5574.0,0.0,0.00603,100.0,4.0372135049789994
2415.0,2.28051,2.29438,84.1903,4.199839,,5575.0,0.0,0.00603,100.0,4.033127894288249
2416.0,2.27493,2.29503,84.214,4.200149,,5576.0,0.0,0.00603,100.0,4.0283292075768475
2417.0,2.26749,2.2957,84.2385,4.200149,,5577.0,0.0,0.00603,100.0,4.03462365592856
2418.0,2.26377,2.29636,84.263,4.199839,,5578.0,0.0,0.00603,100.0,4.05239039610344
2419.0,2.26004,2.29703,84.2874,4.200149,,5579.0,0.0,0.00603,100.0,4.038030638804561
2420.0,2.25632,2.29769,84.3118,4.200149,,5580.0,0.0,0.00603,100.0,4.037714158640355
2421.0,2.2526,2.29836,84.3361,4.200149,,5581.0,0.0,0.00603,100.0,4.044676114134411
2422.0,2.24702,2.29902,84.3604,4.200149,,5582.0,0.0,0.00603,100.0,4.034713463826494
2423.0,2.2433,2.2996,84.3817,4.200149,,5583.0,0.0,0.00603,100.0,4.03800331354157
2424.0,2.24144,2.30026,84.406,4.200149,,5584.0,0.0,0.00603,100.0,4.044530481733245
2425.0,2.23772,2.30092,84.4301,4.200149,,5585.0,0.0,0.00603,100.0,4.045059530803328
2426.0,2.23214,2.30157,84.4542,4.199839,,5586.0,0.0,0.00603,100.0,4.04791160211078
2427.0,2.22656,2.30223,84.4783,4.200149,,5587.0,0.0,0.00603,100.0,4.025503557709738
2428.0,2.22284,2.30289,84.5023,4.199839,,5588.0,0.0,0.00603,100.0,4.033458715807656
2430.0,2.21912,2.30352,84.5257,4.199839,,5589.0,0.0,0.00603,100.0,4.033982456886183
2431.0,2.21354,2.30419,84.55,4.200149,,5590.0,0.0,0.00603,100.0,4.038028385946395
2432.0,2.20796,2.30484,84.5739,4.200149,,5591.0,0.0,0.00603,100.0,4.05036530088237
2433.0,2.20238,2.30549,84.5978,4.200149,,5592.0,0.0,0.00603,100.0,4.043442880400181
2434.0,2.19866,2.30613,84.6216,4.200149,,5593.0,0.0,0.00603,100.0,4.0425344732810835
2435.0,2.19494,2.30678,84.6453,4.200149,,5593.0,0.0,0.00603,100.0,4.037681457482728
2436.0,2.19122,2.30735,84.6661,4.200149,,,,,,
2437.0,2.18564,2.30799,84.6897,4.200149,,5593.0,-0.6715,0.0,0.0,4.012196830524392
2438.0,2.18378,2.30864,84.7134,4.200149,,5594.0,-0.67336,0.0002,2.0322,4.004543621770727
2439.0,2.1782,2.30928,84.7369,4.200149,,5595.0,-0.67522,0.00041,4.2122,4.005799792324628
2440.0,2.17262,2.30992,84.7604,4.200149,,5596.0,-0.67336,0.00061,6.2391,4.0223735342442115
2441.0,2.1689,2.31056,84.7839,4.200149,,5597.0,-0.67336,0.00081,8.266,4.005593055482001
2442.0,2.16518,2.3112,84.8073,4.199839,,5598.0,-0.67708,0.00101,10.2982,3.9946959767419505
2443.0,2.16146,2.31183,84.8307,4.200149,,5599.0,-0.67336,0.00121,12.3304,4.011942419749881
2444.0,2.16146,2.31247,84.8541,4.200149,,5600.0,-0.67522,0.0014,14.2782,3.9978386187790247
2445.0,2.15588,2.31312,84.878,4.200149,,5601.0,-0.67708,0.00158,16.0992,4.005566241666099
2446.0,2.1503,2.31368,84.8984,4.200149,,5602.0,-0.67522,0.00177,18.1314,4.003018522664607
2447.0,2.14844,2.31431,84.9216,4.199839,,5603.0,-0.67336,0.00197,20.1584,4.002704935928896
2448.0,2.14472,2.31494,84.9448,4.200149,,5604.0,-0.67336,0.00217,22.1906,4.005792708579692
2449.0,2.13728,2.31558,84.968,4.200149,,5606.0,-0.67708,0.00237,24.2227,4.012690608717758
2451.0,2.13542,2.3162,84.991,4.200149,,5607.0,-0.67336,0.00257,26.2497,4.01278279905287
2452.0,2.12798,2.31683,85.0141,4.200149,,5608.0,-0.67708,0.00277,28.2819,4.016575435791288
2453.0,2.12612,2.31746,85.0371,4.199839,,5609.0,-0.67522,0.00297,30.3141,3.9983392997400014
2454.0,2.12426,2.31808,85.0598,4.200149,,5610.0,-0.67522,0.00317,32.3463,3.9999235054038285
2455.0,2.11868,2.3187,85.0827,4.200149,,5611.0,-0.67522,0.00336,34.3732,4.006183370802165
2456.0,2.1131,2.31933,85.1056,4.200149,,5612.0,-0.67522,0.00356,36.4054,3.9933271261423307
2457.0,2.10938,2.31995,85.1284,4.200149,,5613.0,-0.67522,0.00378,38.5907,3.9979052991343016
2458.0,2.10565,2.32057,85.1512,4.200149,,5614.0,-0.67336,0.00396,40.4909,4.009801627560003
2459.0,2.10565,2.32119,85.174,4.200149,,5615.0,-0.67522,0.00416,42.5178,3.9975076991915923
2460.0,2.09821,2.32179,85.196,4.200149,,5616.0,-0.67522,0.00436,44.55,4.001053202044129
2461.0,2.10007,2.3224,85.2183,4.200149,,5617.0,-0.67336,0.00456,46.5611,3.991630555686141
2462.0,2.09077,2.32301,85.2409,4.200149,,5618.0,-0.67522,0.00473,48.3452,3.9967389071717085
2463.0,2.08891,2.32363,85.2635,4.200149,,5619.0,-0.67522,0.00493,50.3721,3.9949445399163146
2464.0,2.07961,2.32424,85.286,4.200149,,5620.0,-0.67522,0.00516,52.7474,4.006719662337632
2465.0,2.07961,2.32486,85.3085,4.200149,,5621.0,-0.67336,0.00527,53.8559,4.008807560129542
2466.0,2.07589,2.32547,85.331,4.199839,,5621.0,-1.35045,0.00527,53.8559,3.9596250526107437
2467.0,2.07031,2.32608,85.3534,4.200149,,5622.0,-1.35417,0.00564,57.6564,3.962681902104401
2468.0,2.07031,2.32669,85.3758,4.200149,,5623.0,-1.35231,0.00606,61.9108,3.9621886401855066
2470.0,2.06473,2.3273,85.3981,4.200149,,5624.0,-1.35045,0.00646,65.9805,3.966058379280552
2471.0,2.06287,2.3279,85.4204,4.200149,,5625.0,-1.35045,0.00686,70.0396,3.959904097790643
2472.0,2.05357,2.32851,85.4426,4.200149,,5626.0,-1.35045,0.00725,74.1093,3.959553450993147
2473.0,2.05357,2.32912,85.4648,4.200149,,5627.0,-1.35045,0.00765,78.1737,3.957924969364706
2474.0,2.05171,2.32972,85.487,4.200149,,5628.0,-1.35045,0.00805,82.2328,3.9646236230349707
2475.0,2.04427,2.33041,85.5122,4.199839,,5629.0,-1.35231,0.00845,86.3025,3.95583088269691
2476.0,2.04427,2.33099,85.5337,4.200149,,5630.0,-1.35045,0.00885,90.3721,3.9792327657080744
2477.0,2.03683,2.33152,85.553,4.199839,,5632.0,-1.35231,0.00924,94.4365,3.9617386130960917
2478.0,2.03497,2.33212,85.5751,4.200149,,5633.0,-1.35045,0.00964,98.5009,3.9497407705350724
2479.0,2.03311,2.33272,85.597,4.199839,,5633.0,-1.35231,0.00979,100.0,3.967092042506629
2480.0,2.02939,2.33332,85.619,4.200149,,5633.0,-1.35231,0.00979,100.0,3.953866568734504
2481.0,2.02381,2.33391,85.6408,4.200149,,,,,,
2482.0,2.02009,2.33451,85.6627,4.200149,,5633.0,0.66964,0.0,0.0,4.048753602781148
2483.0,2.01451,2.3351,85.6845,4.200149,,5634.0,0.66964,0.00019,12.8507,4.052019133637773
2484.0,2.01451,2.33569,85.7062,4.200149,,5635.0,0.66964,0.00038,25.8053,4.04541577450846
2485.0,2.01079,2.33629,85.7281,4.200149,,5636.0,0.66964,0.00057,38.4136,4.0504742794491815
2486.0,2.00521,2.33688,85.7498,4.200149,,5637.0,0.66964,0.00075,50.5023,4.038420529870467
2487.0,1.99963,2.33747,85.7713,4.200149,,5638.0,0.66964,0.00095,63.6993,4.062145006674585
2488.0,1.99777,2.33798,85.7902,4.199839,,5639.0,0.66964,0.00115,76.9311,4.052795537971167
2490.0,1.99405,2.33857,85.8118,4.200149,,5640.0,0.66964,0.00134,90.1628,4.053620094245678
2491.0,1.99405,2.33912,85.8321,4.200149,,5641.0,0.66964,0.00149,100.0,4.055459809686211
2492.0,1.98475,2.3397,85.8532,4.199839,,5641.0,0.0,0.00149,100.0,4.030494358465343
2493.0,1.98289,2.34028,85.8746,4.199839,,5642.0,0.0,0.00149,100.0,4.016268251030426
2494.0,1.97731,2.34087,85.896,4.199839,,5643.0,0.0,0.00149,100.0,4.023986196048473
2495.0,1.97731,2.34145,85.9174,4.200149,,5644.0,0.0,0.00149,100.0,4.014478164483182
2496.0,1.97359,2.34203,85.9387,4.200149,,5645.0,0.0,0.00149,100.0,4.028848564429561
2497.0,1.96801,2.34261,85.96,4.200149,,5646.0,0.0,0.00149,100.0,4.04018135965486
2498.0,1.96615,2.34319,85.9813,4.200149,,5647.0,0.0,0.00149,100.0,4.02174615738956
2499.0,1.96243,2.34377,86.0025,4.200149,,5648.0,0.0,0.00149,100.0,4.0226621930901505
2500.0,1.95685,2.34435,86.0237,4.199839,,5649.0,0.0,0.00149,100.0,4.007515211576246
2501.0,1.95499,2.34492,86.0448,4.199839,,5650.0,0.0,0.00149,100.0,4.0341158130588415
2502.0,1.95126,2.34549,86.0657,4.200149,,5651.0,0.0,0.00149,100.0,4.033429623852702
2503.0,1.9494,2.34599,86.0842,4.199839,,5652.0,0.0,0.00149,100.0,4.028028547216644
2504.0,1.94382,2.34657,86.1054,4.200149,,5653.0,0.0,0.00149,100.0,4.041828606836601
2505.0,1.94196,2.34714,86.1262,4.199839,,5654.0,0.0,0.00149,100.0,4.0172906711558625
2506.0,1.93824,2.34766,86.1454,4.200149,,5655.0,0.0,0.00149,100.0,4.038492313623586
2507.0,1.93452,2.34823,86.1663,4.200149,,5656.0,0.0,0.00149,100.0,4.0449202682144225
2508.0,1.9308,2.34881,86.1874,4.200149,,5657.0,0.0,0.00149,100.0,4.025014706617357
2509.0,1.92522,2.34938,86.2082,4.200149,,5657.0,0.0,0.00149,100.0,4.031843566755043
2510.0,1.92522,2.34994,86.229,4.200149,,,,,,
2511.0,1.92336,2.35051,86.2498,4.200149,,5657.0,-0.67336,0.0,0.0,4.0136567792163875
2512.0,1.9215,2.35107,86.2705,4.200149,,5658.0,-0.67522,0.00021,1.0038,4.000784124839925
2514.0,1.91592,2.35164,86.2913,4.200149,,5659.0,-0.67336,0.0004,1.9307,4.0028054570816085
2515.0,1.9122,2.3522,86.3119,4.200149,,5660.0,-0.6715,0.00059,2.813,3.994134488723048
2516.0,1.90662,2.35276,86.3326,4.199839,,5661.0,-0.67522,0.00078,3.7647,4.006111245881959
2517.0,1.90476,2.35333,86.3532,4.199839,,5662.0,-0.67336,0.00098,4.7189,4.009708369999704
2518.0,1.9029,2.35389,86.3737,4.200149,,5663.0,-0.67708,0.00118,5.6707,3.995677064541139
2519.0,1.89546,2.35444,86.3942,4.200149,,5664.0,-0.67336,0.00138,6.6249,3.9940782685729435
2520.0,1.8936,2.35501,86.4149,4.200149,,5665.0,-0.67336,0.00158,7.5741,4.002380389216997
2521.0,1.88988,2.35552,86.4338,4.200149,,5666.0,-0.67522,0.00178,8.5283,3.9843513890922755
2522.0,1.88802,2.35608,86.4542,4.200149,,5667.0,-0.67894,0.00198,9.4924,4.018410109946327
2523.0,1.88616,2.35664,86.4746,4.200149,,5669.0,-0.67708,0.00218,10.4466,3.9985082637350096
2524.0,1.88244,2.35722,86.4961,4.200149,,5670.0,-0.67708,0.00238,11.4008,4.010977541401802
2525.0,1.87872,2.35772,86.5143,4.200149,,5671.0,-0.67708,0.00258,12.355,4.007948318107325
2526.0,1.875,2.35827,86.5346,4.200149,,5672.0,-0.67522,0.00277,13.3067,4.006376655805569
2527.0,1.87314,2.35882,86.5548,4.200149,,5673.0,-0.67522,0.00297,14.2609,3.995019924513416
2528.0,1.86756,2.35937,86.575,4.200149,,5674.0,-0.6715,0.00317,15.2151,4.002141600706207
2529.0,1.86384,2.35992,86.5952,4.199839,,5675.0,-0.67336,0.00337,16.1668,4.003010357135148
2530.0,1.86012,2.36047,86.6153,4.199839,,5676.0,-0.67336,0.00357,17.1186,3.9720789691473213
2532.0,1.86012,2.36102,86.6354,4.200149,,5677.0,-0.67522,0.00377,18.0728,4.007855744005667
2533.0,1.85454,2.36156,86.6555,4.200149,,5678.0,-0.67708,0.00397,19.0245,3.9697751548005598
2534.0,1.85268,2.36211,86.6755,4.200149,,5679.0,-0.67336,0.00414,19.8622,3.998203727682123
2535.0,1.85082,2.36265,86.6955,4.200149,,5680.0,-0.67522,0.00434,20.8164,3.999447929258242
2536.0,1.84524,2.3632,86.7155,4.199839,,5681.0,-0.67708,0.00454,21.7706,3.986613223404815
2537.0,1.83966,2.36374,86.7354,4.200149,,5682.0,-0.67522,0.00474,22.7248,3.9895848901130218
2538.0,1.83594,2.36428,86.7553,4.200149,,5683.0,-0.67522,0.00494,23.6765,3.984881150344805
2539.0,1.83594,2.36483,86.7751,4.200149,,5684.0,-0.67336,0.00513,24.6307,3.9899425664473616
2540.0,1.83036,2.36537,86.795,4.200149,,5685.0,-0.67522,0.00533,25.5824,4.008228706381094
2541.0,1.83036,2.3659,86.8148,4.200149,,5687.0,-0.67708,0.00553,26.5366,3.9986508768853586
2542.0,1.82478,2.36644,86.8345,4.200149,,5688.0,-0.67522,0.00573,27.471,3.996683772596247
2543.0,1.82478,2.36698,86.8543,4.199839,,5689.0,-0.67336,0.00594,28.4797,3.9992736170662564
2544.0,1.82106,2.36752,86.8739,4.200149,,5690.0,-0.67522,0.00614,29.4314,3.987212765700909
2545.0,1.8192,2.36805,86.8936,4.200149,,5691.0,-0.67522,0.00633,30.3856,4.003222064861621
2546.0,1.81362,2.36859,86.9132,4.200149,,5692.0,-0.67336,0.00653,31.3374,3.9926867502961394
2547.0,1.81176,2.36912,86.9328,4.200149,,5693.0,-0.67522,0.00671,32.1726,3.9836856468168147
2548.0,1.81176,2.36966,86.9524,4.200149,,5694.0,-0.67336,0.00691,33.1268,3.989727361695694
2549.0,1.8099,2.37019,86.9721,4.200149,,5695.0,-0.67708,0.0071,34.0785,3.9880965278445117
2550.0,1.80246,2.37067,86.9896,4.200149,,5696.0,-0.67708,0.0073,35.0327,4.0073736482183655
2552.0,1.8006,2.37121,87.0096,4.200149,,5697.0,-0.67336,0.0075,35.9869,3.9729755739811914
2553.0,1.8006,2.37168,87.0267,4.200149,,5698.0,-0.67336,0.0077,36.9411,3.9961978314353015
2554.0,1.79688,2.37221,87.0461,4.199839,,5699.0,-0.67522,0.0079,37.8953,3.974314409523696
2555.0,1.79315,2.37274,87.0655,4.200149,,5700.0,-0.67894,0.0081,38.847,4.0059648508852765
2556.0,1.78757,2.37326,87.0848,4.199839,,5701.0,-0.6715,0.0083,39.8012,4.008771895345134
2557.0,1.78943,2.37379,87.1041,4.199839,,5702.0,-0.67522,0.00852,40.8793,4.000205775952673
2558.0,1.78571,2.37432,87.1234,4.200149,,5703.0,-0.67708,0.0087,41.7418,3.9942688228808616
2559.0,1.78013,2.37485,87.1429,4.200149,,5704.0,-0.67522,0.0089,42.696,3.9853199555011876
2560.0,1.77641,2.37537,87.1619,4.200149,,5705.0,-0.67522,0.0091,43.6502,3.9920047324883647
2561.0,1.77641,2.37582,87.1787,4.199839,,5707.0,-0.67336,0.0093,44.602,3.9837226061805704
2562.0,1.77083,2.37635,87.1979,4.200149,,5708.0,-0.6715,0.0095,45.5562,3.9811523275179295
2563.0,1.76711,2.37687,87.217,4.199839,,5709.0,-0.67336,0.0097,46.5079,4.0032242772442865
2564.0,1.76525,2.37739,87.2361,4.200149,,5710.0,-0.67522,0.00989,47.4621,3.998090047235558
2565.0,1.76339,2.37792,87.2555,4.200149,,5711.0,-0.67336,0.01009,48.4138,3.993171609695655
2566.0,1.76339,2.37843,87.2742,4.199839,,5712.0,-0.67708,0.01029,49.3655,3.9953861816472793
2567.0,1.75781,2.37888,87.2909,4.199839,,5713.0,-0.67522,0.01049,50.3222,3.9942472067815467
2568.0,1.75409,2.3794,87.3098,4.199839,,5714.0,-0.67522,0.01069,51.2739,3.9959625990665204
2569.0,1.75223,2.37991,87.3288,4.199839,,5715.0,-0.67336,0.01086,52.1091,3.9970532792306526
2570.0,1.74851,2.38043,87.3477,4.199839,,5716.0,-0.67522,0.01106,53.0633,3.976043768127139
2571.0,1.74665,2.38094,87.3666,4.200149,,5717.0,-0.67336,0.01126,54.0151,3.9834040235740824
2572.0,1.74293,2.38146,87.3854,4.199839,,5718.0,-0.67336,0.01144,54.88,3.9976595163928397
2573.0,1.74107,2.38197,87.4042,4.199839,,5719.0,-0.67336,0.01164,55.8318,3.9956607397100115
2575.0,1.74107,2.38248,87.423,4.200149,,5720.0,-0.67522,0.01183,56.7587,3.9696254036719423
2576.0,1.73363,2.383,87.442,4.200149,,5721.0,-0.67522,0.01203,57.7129,4.001804203556371
2577.0,1.73177,2.38351,87.4607,4.199839,,5722.0,-0.67708,0.01223,58.6671,3.9946548291373656
2578.0,1.72805,2.38402,87.4794,4.199839,,5723.0,-0.67522,0.01244,59.6659,3.965054910631219
2579.0,1.72805,2.38453,87.4981,4.200149,,5724.0,-0.67522,0.01264,60.6449,3.9856062467497724
2580.0,1.72619,2.38504,87.5167,4.199839,,5725.0,-0.67336,0.01284,61.5991,3.99602837159045
2581.0,1.72247,2.38549,87.5334,4.200149,,5726.0,-0.67336,0.01304,62.5508,3.9863827114014327
2582.0,1.71689,2.38603,87.5532,4.200149,,5728.0,-0.67522,0.01324,63.505,3.960514180862045
2583.0,1.71503,2.38653,87.5717,4.199839,,5729.0,-0.67708,0.01344,64.4518,3.9675624415803257
2584.0,1.71131,2.38704,87.5902,4.199839,,5730.0,-0.67522,0.01364,65.406,4.0012595787276695
2585.0,1.70759,2.38754,87.6087,4.200149,,5731.0,-0.67336,0.01383,66.3602,3.976632851908272
2586.0,1.70759,2.38805,87.6272,4.200149,,5732.0,-0.67708,0.01403,67.3119,4.005318232100478
2587.0,1.70387,2.38855,87.6456,4.199839,,5733.0,-0.67522,0.01423,68.2661,3.9889343299926345
2588.0,1.70201,2.38905,87.664,4.200149,,5734.0,-0.67522,0.01443,69.2178,3.979277821329217
2589.0,1.70201,2.38955,87.6824,4.200149,,5735.0,-0.67336,0.01463,70.1621,3.972754926456931
2590.0,1.69643,2.39005,87.7007,4.200149,,5736.0,-0.67522,0.01482,71.1064,3.9807733289186698
2591.0,1.69643,2.39055,87.719,4.199839,,5737.0,-0.67336,0.015,71.9416,3.9897353457815377
2592.0,1.69271,2.39099,87.7351,4.199839,,5738.0,-0.67708,0.0152,72.8958,3.9926059634639155
2593.0,1.69085,2.39148,87.7534,4.200149,,5739.0,-0.67708,0.0154,73.85,3.999219488308369
2594.0,1.68713,2.39198,87.7716,4.199839,,5740.0,-0.67708,0.01559,74.8017,3.9665655717849386
2595.0,1.68341,2.39249,87.7901,4.200149,,5741.0,-0.67522,0.01579,75.7559,3.9956727918378427
2597.0,1.67969,2.39296,87.8076,4.200149,,5742.0,-0.67708,0.01599,76.7076,3.9770690848294836
2598.0,1.68341,2.3934,87.8236,4.200149,,5743.0,-0.67522,0.0162,77.7089,3.994232605938016
2599.0,1.67783,2.39389,87.8417,4.199839,,5744.0,-0.67522,0.01634,78.3558,3.9830135131602997
2600.0,1.67225,2.39438,87.8598,4.200149,,5744.0,-1.35045,0.01634,78.3558,3.9624583799162076
2601.0,1.67039,2.39488,87.8779,4.200149,,5745.0,-1.35045,0.01671,80.1378,3.9587066434849394
2602.0,1.66853,2.39537,87.8959,4.200149,,5746.0,-1.35045,0.01709,81.9743,3.925596256032875
2603.0,1.66481,2.39586,87.9139,4.200149,,5747.0,-1.35045,0.01751,83.9918,3.9516482847824568
2604.0,1.66481,2.39635,87.9319,4.200149,,5748.0,-1.35417,0.01786,85.6672,3.958584213048821
2605.0,1.66109,2.39684,87.9499,4.199839,,5749.0,-1.35231,0.01826,87.5756,3.960851722827128
2606.0,1.65737,2.39727,87.9656,4.200149,,5750.0,-1.35231,0.01866,89.484,3.986203760041212
2607.0,1.65365,2.39776,87.9835,4.199839,,5751.0,-1.35045,0.01905,91.3924,3.9507366158951336
2608.0,1.65365,2.39824,88.0014,4.199839,,5752.0,-1.35045,0.01945,93.3033,3.9548035517946767
2609.0,1.65551,2.39873,88.0191,4.200149,,5753.0,-1.35603,0.01985,95.2117,3.942945795623596
2610.0,1.64993,2.39926,88.0386,4.200149,,5755.0,-1.35045,0.02025,97.1201,3.951588159621929
2611.0,1.64807,2.39971,88.0553,4.200149,,5756.0,-1.35045,0.02065,99.0483,3.951311885620465
2612.0,1.64435,2.40019,88.0729,4.200149,,5756.0,-1.35045,0.02085,100.0,3.9427442124025114
2613.0,1.64249,2.40068,88.0908,4.200149,,5756.0,-1.35045,0.02085,100.0,3.9612839714896593
2614.0,1.64063,2.40116,88.1084,4.200149,,,,,,
2615.0,1.63876,2.40158,88.1239,4.200149,,5756.0,0.6715,0.0,0.0,4.036197393912732
2616.0,1.63504,2.40206,88.1415,4.199839,,5757.0,0.6715,0.00019,12.9578,4.027920732674245
2617.0,1.62946,2.40254,88.1592,4.200149,,5758.0,0.6715,0.00037,24.5681,4.040143938827698
2618.0,1.62946,2.40302,88.1768,4.200149,,5759.0,0.6715,0.00056,37.7678,4.027429239632722
2619.0,1.62388,2.40351,88.1946,4.199839,,5760.0,0.6715,0.00077,51.7277,4.0371547915223305
2621.0,1.62202,2.40399,88.2121,4.200149,,5761.0,0.6715,0.00095,63.5798,4.030059618376003
2622.0,1.62388,2.40446,88.2297,4.200149,,5762.0,0.6715,0.00115,76.8141,4.050332339463782
2623.0,1.6183,2.40494,88.2472,4.199839,,5763.0,0.6715,0.00135,90.0484,4.03169010514209
2624.0,1.62202,2.40542,88.2647,4.199839,,5764.0,0.6715,0.0015,100.0,4.043037086361475
2625.0,1.61644,2.40589,88.2821,4.199839,,5764.0,0.0,0.0015,100.0,4.013417264994676
2626.0,1.61458,2.40635,88.2989,4.200149,,5765.0,0.0,0.0015,100.0,4.015643491404415
2627.0,1.61086,2.40677,88.3142,4.200149,,5766.0,0.0,0.0015,100.0,4.036698188024086
2628.0,1.60714,2.40724,88.3316,4.200149,,5767.0,0.0,0.0015,100.0,4.020646838662735
2629.0,1.60528,2.40771,88.3489,4.200149,,5768.0,0.0,0.0015,100.0,4.00921386589478
2630.0,1.60528,2.40816,88.3655,4.199839,,5769.0,0.0,0.0015,100.0,4.0171162859599905
2631.0,1.5997,2.40864,88.3828,4.200149,,5770.0,0.0,0.0015,100.0,4.0078195135570525
2632.0,1.5997,2.40911,88.4,4.200149,,5772.0,0.0,0.0015,100.0,4.018452886964756
2633.0,1.59598,2.40958,88.4173,4.199839,,5773.0,0.0,0.0015,100.0,4.029725805096281
2634.0,1.59598,2.41005,88.4345,4.199839,,5774.0,0.0,0.0015,100.0,4.017236744735956
2635.0,1.59226,2.41046,88.4496,4.200149,,5775.0,0.0,0.0015,100.0,4.025373425242534
2636.0,1.59226,2.41093,88.4668,4.200149,,5776.0,0.0,0.0015,100.0,4.021889363302404
2637.0,1.58854,2.4114,88.484,4.200149,,5777.0,0.0,0.0015,100.0,4.033500789507203
2638.0,1.58668,2.41186,88.5012,4.199839,,5778.0,0.0,0.0015,100.0,4.01859675964191
2639.0,1.58482,2.41233,88.5183,4.200149,,5779.0,0.0,0.0015,100.0,4.02274554517691
2640.0,1.58296,2.4128,88.5354,4.200149,,5780.0,0.0,0.0015,100.0,4.035424810190398
2641.0,1.57924,2.41326,88.5525,4.200149,,5780.0,0.0,0.0015,100.0,4.0270026282753895
2642.0,1.57738,2.41373,88.5695,4.199839,,5780.0,0.0,0.0015,100.0,4.026035869991175
2643.0,1.57366,2.41419,88.5865,4.200149,,,,,,
2645.0,1.56808,2.41465,88.6035,4.199839,,5780.0,-0.67336,0.0,0.0,3.9943208142012407
2646.0,1.5718,2.41511,88.6202,4.199839,,5781.0,-0.67522,0.00017,0.4244,3.9868026437891153
2647.0,1.5718,2.41554,88.636,4.199839,,5782.0,-0.67522,0.00037,0.8941,3.983946746009759
2648.0,1.56808,2.416,88.653,4.199839,,5783.0,-0.67522,0.00056,1.36,3.9986259518173473
2649.0,1.5625,2.41646,88.6699,4.199839,,5784.0,-0.67522,0.00076,1.8448,3.9980048771974888
2650.0,1.55878,2.41692,88.6868,4.199839,,5785.0,-0.67708,0.00096,2.3283,3.995558972736019
2651.0,1.55878,2.41738,88.7036,4.199839,,5786.0,-0.67336,0.00115,2.8131,3.995596652461392
2652.0,1.56064,2.41784,88.7205,4.200149,,5787.0,-0.67522,0.00135,3.2979,3.989106841587651
2653.0,1.55878,2.4183,88.7373,4.200149,,5788.0,-0.67336,0.00155,3.7828,3.9937342895426955
2654.0,1.5532,2.41876,88.7541,4.200149,,5790.0,-0.67522,0.00175,4.2663,3.9733201899869313
2655.0,1.55134,2.41921,88.7709,4.200149,,5791.0,-0.67522,0.00195,4.7499,3.993001524670036
2656.0,1.5439,2.41967,88.7876,4.200149,,5792.0,-0.67522,0.00215,5.2347,3.99698835535909
2657.0,1.54576,2.42013,88.8043,4.199839,,5793.0,-0.67336,0.00235,5.7195,3.993666687323484
2658.0,1.54204,2.42058,88.821,4.199839,,5794.0,-0.67522,0.00255,6.203,3.9874922799437953
2659.0,1.5439,2.42103,88.8377,4.200149,,5795.0,-0.67708,0.00274,6.6878,4.005216978278999
2660.0,1.53646,2.42146,88.8534,4.200149,,5796.0,-0.67336,0.00293,7.1449,3.9838926134853274
2661.0,1.53646,2.42191,88.8697,4.199839,,5797.0,-0.67336,0.00311,7.5693,3.9973264214343414
2662.0,1.53832,2.42236,88.8864,4.199839,,5798.0,-0.67522,0.0033,8.0528,3.9829624104480956
2663.0,1.5346,2.42281,88.9029,4.200149,,5799.0,-0.67522,0.0035,8.5376,3.9957840338192168
2665.0,1.53274,2.42326,88.9195,4.200149,,5800.0,-0.67522,0.0037,9.0212,3.9830355838632485
2666.0,1.53088,2.42372,88.9361,4.200149,,5801.0,-0.67336,0.0039,9.506,3.9954606007876627
2667.0,1.53088,2.42417,88.9526,4.200149,,5802.0,-0.67336,0.0041,9.9908,3.998524643603267
2668.0,1.52716,2.42456,88.9671,4.200149,,5803.0,-0.67522,0.00428,10.429,4.004687328925001
2669.0,1.52344,2.42501,88.9836,4.200149,,5804.0,-0.67522,0.00447,10.905,3.9851245571030374
2670.0,1.52344,2.42546,89.0,4.200149,,5805.0,-0.67522,0.00467,11.3898,3.989034486993807
2671.0,1.51972,2.42591,89.0165,4.200149,,5806.0,-0.67522,0.00487,11.8734,3.976029931721654
2672.0,1.51786,2.42635,89.0329,4.199839,,5807.0,-0.67336,0.00507,12.3582,4.000420637333805
2673.0,1.51414,2.4268,89.0493,4.200149,,5808.0,-0.67522,0.00527,12.8417,3.97697738202487
2674.0,1.51228,2.42725,89.0657,4.200149,,5809.0,-0.67522,0.00547,13.3265,3.987340880337332
2675.0,1.51228,2.42778,89.0851,4.200149,,5810.0,-0.67336,0.00567,13.8113,3.994072655555022
2676.0,1.50856,2.42819,89.1002,4.200149,,5812.0,-0.67708,0.00587,14.2961,3.978057008325327
2677.0,1.50856,2.42863,89.1165,4.200149,,5813.0,-0.67522,0.00606,14.7797,3.9750658931014247
2678.0,1.5067,2.42908,89.1328,4.200149,,5814.0,-0.67708,0.00626,15.2632,3.9898144608275685
2679.0,1.50298,2.42952,89.149,4.199839,,5815.0,-0.67336,0.00646,15.7481,3.9812519568307354
2680.0,1.50112,2.42996,89.1653,4.200149,,5815.0,-0.67522,0.00656,15.9898,3.976164138537755
2681.0,1.50112,2.4304,89.1815,4.199839,,5815.0,-5.40923,0.00656,15.9898,3.8281583011478464
2682.0,1.49926,2.43079,89.1958,4.199839,,5816.0,-5.40737,0.008,19.5044,3.8000158252989835
2684.0,1.49554,2.43123,89.2119,4.199839,,5817.0,-5.40737,0.00967,23.5692,3.8087341760479463
2685.0,1.49554,2.43167,89.2281,4.200149,,5818.0,-5.40737,0.0111,27.0459,3.775206997553513
2686.0,1.49182,2.43211,89.2443,4.199839,,5819.0,-5.40923,0.01271,30.9634,3.780093466811955
2687.0,1.49182,2.4325,89.2584,4.200149,,5820.0,-5.40737,0.0143,34.8457,3.7662896598649187
2688.0,1.48996,2.43294,89.2745,4.199839,,5821.0,-5.40923,0.01589,38.7267,3.7765209562425155
2689.0,1.48624,2.43338,89.2906,4.199839,,5822.0,-5.40737,0.01748,42.6076,3.7554862797528097
2690.0,1.48624,2.43381,89.3066,4.200149,,5823.0,-5.40923,0.01847,45.0241,3.7598739869081657
2691.0,1.48251,2.43424,89.3221,4.199839,,5823.0,-3.3817,0.01847,45.0241,3.838858797500469
2692.0,1.48251,2.43467,89.3381,4.200149,,5824.0,-3.37798,0.01945,47.4016,3.848756868404454
2693.0,1.48065,2.43511,89.3541,4.200149,,5825.0,-3.37798,0.02059,50.1694,3.8449860082090233
2694.0,1.48065,2.43549,89.3681,4.199839,,5826.0,-3.37984,0.02167,52.8012,3.8463531926660024
2695.0,1.47693,2.43593,89.3841,4.200149,,5827.0,-3.37984,0.02261,55.1106,3.8277533231891723
2696.0,1.47507,2.43636,89.4001,4.199839,,5829.0,-3.37984,0.02361,57.5359,3.8233716471757906
2697.0,1.47321,2.43679,89.416,4.200149,,5830.0,-3.37612,0.0246,59.96,3.8644937102035737
2698.0,1.47135,2.43723,89.4319,4.200149,,5831.0,-3.37984,0.0256,62.3853,3.8407446838907098
2699.0,1.46763,2.43766,89.4478,4.200149,,5832.0,-3.3817,0.02658,64.7879,3.84497396425906
2700.0,1.46763,2.43809,89.4637,4.200149,,5833.0,-3.37798,0.02746,66.916,3.8270832743156067
2701.0,1.46205,2.43853,89.4795,4.200149,,5834.0,-3.37798,0.02845,69.3413,3.8375035946457317
2702.0,1.46391,2.43896,89.4954,4.199839,,5835.0,-3.37798,0.02949,71.8812,3.843060135215176
2703.0,1.46391,2.43939,89.5112,4.199839,,5836.0,-3.37798,0.03045,74.2145,3.8370388398190025
2704.0,1.46019,2.43982,89.5271,4.200149,,5837.0,-3.37984,0.03133,76.3427,3.8242829245920364
2705.0,1.45833,2.44024,89.5424,4.200149,,5838.0,-3.38356,0.03232,78.768,3.84789679073369
2706.0,1.45833,2.44063,89.5568,4.200149,,5839.0,-3.37798,0.03332,81.1945,3.824304364587775
2708.0,1.45461,2.44106,89.5726,4.200149,,5840.0,-3.37798,0.03431,83.6186,3.8422682978656204
2709.0,1.45275,2.44149,89.5883,4.200149,,5841.0,-3.37984,0.03531,86.0438,3.8307885827593386
2710.0,1.45275,2.44192,89.604,4.200149,,5842.0,-3.37798,0.0363,88.4691,3.8240302323947617
2711.0,1.45461,2.44235,89.6197,4.200149,,5843.0,-3.37984,0.0373,90.8944,3.839724035333995
2712.0,1.44903,2.44277,89.6353,4.200149,,5844.0,-3.37798,0.03829,93.3197,3.8356081947979916
2713.0,1.44531,2.4432,89.651,4.200149,,5845.0,-3.37984,0.03929,95.745,3.8348661798446915
2714.0,1.44531,2.44362,89.6666,4.200149,,5846.0,-3.37612,0.04029,98.193,3.8261004061104207
2715.0,1.44159,2.44405,89.6822,4.200149,,5847.0,-3.37984,0.04103,100.0,3.8411748148968514
2716.0,1.43787,2.44448,89.6979,4.200149,,5847.0,-3.37984,0.04103,100.0,3.826804323830424
2717.0,1.43973,2.4449,89.7134,4.199839,,,,,,
2718.0,1.43973,2.44533,89.729,4.200149,,5847.0,1.35231,0.0,0.0,4.007507177228448
2719.0,1.43415,2.44575,89.7445,4.200149,,5848.0,1.34487,0.00038,12.6765,4.020766920643061
2720.0,1.43415,2.44617,89.76,4.199839,,5849.0,1.34673,0.00078,25.7274,4.003502038495068
2721.0,1.43601,2.44655,89.7741,4.200149,,5850.0,1.34487,0.00115,38.0296,4.017867149929485
2722.0,1.42857,2.44697,89.7896,4.199839,,5851.0,1.34487,0.00155,51.0805,4.037554428877837
2723.0,1.43043,2.4474,89.805,4.199839,,5852.0,1.34859,0.00195,64.1484,4.0206269679956455
2724.0,1.43043,2.44782,89.8204,4.200149,,5853.0,1.34487,0.00234,77.1992,4.041542878651023
2725.0,1.42857,2.44824,89.8359,4.200149,,5854.0,1.34859,0.00274,90.2671,4.031732727475751
2726.0,1.42299,2.44865,89.8511,4.200149,,5855.0,1.34487,0.00304,100.0,4.021888439045628
2727.0,1.42485,2.44902,89.8646,4.200149,,5855.0,1.34487,0.00304,100.0,4.029057284434764
2728.0,1.42113,2.44944,89.88,4.200149,,,,,,
2730.0,1.41741,2.44986,89.8953,4.200149,,5855.0,-1.35417,0.0,0.0,3.944089075157201
2731.0,1.41927,2.45028,89.9108,4.200149,,5856.0,-1.35231,0.00037,3.0811,3.9344611164548127
2732.0,1.41741,2.4507,89.9261,4.200149,,5857.0,-1.35045,0.00079,6.5845,3.9328741447371347
2733.0,1.41555,2.45111,89.9414,4.200149,,5858.0,-1.35231,0.00114,9.4975,3.919162524066765
2734.0,1.41183,2.45153,89.9567,4.200149,,5859.0,-1.35045,0.00154,12.8157,3.9314411167393315
2735.0,1.41369,2.45189,89.9701,4.199839,,5860.0,-1.35231,0.00194,16.1682,3.937180572358587
2736.0,1.40811,2.45232,89.9856,4.200149,,5861.0,-1.35045,0.00234,19.4863,3.9180208413068973
2737.0,1.40811,2.45269,89.9994,4.200149,,5863.0,-1.35231,0.00273,22.8088,3.9093945017418883
2738.0,1.40997,2.45311,90.0147,4.199839,,5864.0,-1.35045,0.00308,25.7175,3.917218863450782
2739.0,1.40625,2.45353,90.0299,4.199839,,5865.0,-1.35231,0.00348,29.0356,3.9215827842298085
2740.0,1.40253,2.45394,90.0451,4.200149,,5866.0,-1.35603,0.00388,32.358,3.9186457560212946
2741.0,1.40067,2.45435,90.0602,4.200149,,5867.0,-1.35045,0.00429,35.8011,3.9334625046258944
2742.0,1.40253,2.45476,90.0754,4.199839,,5868.0,-1.35231,0.00465,38.8089,3.9334052240737853
2743.0,1.39695,2.45518,90.0905,4.200149,,5869.0,-1.35231,0.00505,42.127,3.914368196058414
2744.0,1.39695,2.45559,90.1056,4.200149,,5870.0,-1.35231,0.00545,45.4451,3.9129178695495654
2745.0,1.39323,2.456,90.1207,4.199839,,5871.0,-1.35417,0.00585,48.7632,3.916160965833812
2746.0,1.39509,2.45641,90.1357,4.200149,,5872.0,-1.35045,0.00625,52.09,3.9146300620772534
2747.0,1.39323,2.45682,90.1508,4.200149,,5873.0,-1.35045,0.00664,55.4081,3.921531937113495
2748.0,1.39137,2.45722,90.1657,4.199839,,5874.0,-1.35045,0.00704,58.7262,3.9179837373959963
2749.0,1.39137,2.45763,90.1807,4.200149,,5875.0,-1.35417,0.00744,62.0443,3.9316823229204707
2750.0,1.38579,2.45799,90.1939,4.200149,,5876.0,-1.35231,0.00786,65.552,3.9163741367580895
2751.0,1.38765,2.45841,90.209,4.200149,,5877.0,-1.35045,0.00821,68.4651,3.9268879471679607
2752.0,1.38579,2.45881,90.224,4.200149,,5878.0,-1.35231,0.00861,71.7832,3.931985123419943
2754.0,1.38207,2.45922,90.2389,4.200149,,5879.0,-1.35231,0.00901,75.1013,3.9340486927065035
2755.0,1.38393,2.45963,90.2539,4.200149,,5880.0,-1.35045,0.0094,78.4194,3.924318998152958
2756.0,1.38393,2.46004,90.2688,4.200149,,5881.0,-1.35231,0.0098,81.7375,3.90609951185425
2757.0,1.37835,2.46044,90.2837,4.199839,,5882.0,-1.35045,0.0102,85.0599,3.930215683097126
2758.0,1.37463,2.46085,90.2986,4.199839,,5884.0,-1.34859,0.0106,88.3823,3.925273062828458
2759.0,1.37463,2.46125,90.3135,4.200149,,5885.0,-1.35231,0.011,91.7004,3.9282852962371315
2760.0,1.37463,2.46166,90.3283,4.199839,,5886.0,-1.35231,0.01139,95.0185,3.9159814151557035
2761.0,1.36905,2.46201,90.3414,4.200149,,5887.0,-1.35231,0.01179,98.3366,3.9233936237758007
2762.0,1.37091,2.46242,90.3562,4.200149,,5887.0,-1.34859,0.01199,100.0,3.9197568933937745
2763.0,1.36905,2.46282,90.371,4.199839,,5887.0,-1.34859,0.01199,100.0,3.922941025303945
2764.0,1.36719,2.46322,90.3858,4.199839,,,,,,
2765.0,1.36533,2.46363,90.4006,4.200149,,5887.0,2.68973,0.0,0.0,4.0684406229836005
2766.0,1.36533,2.46398,90.4137,4.200149,,5888.0,2.69531,0.00077,12.788,4.0829448594093645
2767.0,1.35975,2.46437,90.428,4.200149,,5889.0,2.69345,0.00157,25.9615,4.085954805782494
2768.0,1.36161,2.46478,90.4427,4.199839,,5890.0,2.69903,0.00236,39.1263,4.072972090637215
2769.0,1.36347,2.46518,90.4575,4.199839,,5891.0,2.69717,0.00315,52.2998,4.100501547581622
2770.0,1.36161,2.46558,90.4722,4.200149,,5892.0,2.69717,0.00395,65.4647,4.0884496897152145
2771.0,1.35975,2.46598,90.4869,4.200149,,5894.0,2.69717,0.00474,78.6296,4.111820975977212
2772.0,1.35975,2.46638,90.5015,4.199839,,5895.0,2.69717,0.00554,91.803,4.1114222414289365
2773.0,1.35975,2.46678,90.5162,4.199839,,5895.0,2.69717,0.00603,100.0,4.096744025301507
2775.0,1.35603,2.46718,90.5309,4.200149,,5895.0,0.0,0.00603,100.0,4.012717752824223
2776.0,1.35231,2.46758,90.5455,4.200149,,5896.0,0.0,0.00603,100.0,4.0045052220971575
2777.0,1.35231,2.46797,90.5601,4.199839,,5897.0,0.0,0.00603,100.0,4.013020442855781
2778.0,1.34859,2.46837,90.5747,4.200149,,5898.0,0.0,0.00603,100.0,4.006869096801165
2779.0,1.35231,2.46877,90.5893,4.200149,,5899.0,0.0,0.00603,100.0,4.015249207997999
2780.0,1.34673,2.46917,90.6039,4.199839,,5901.0,0.0,0.00603,100.0,4.010747926096098
2781.0,1.34487,2.46957,90.6187,4.199839,,5902.0,0.0,0.00603,100.0,3.9891213140237722
2782.0,1.34487,2.46996,90.6331,4.200149,,5903.0,0.0,0.00603,100.0,3.9858280478845955
2783.0,1.34301,2.47031,90.6458,4.199839,,5904.0,0.0,0.00603,100.0,4.002961275179407
2784.0,1.33743,2.4707,90.6603,4.199839,,5905.0,0.0,0.00603,100.0,3.9849297184411268
2785.0,1.33929,2.4711,90.6748,4.200149,,5906.0,0.0,0.00603,100.0,3.999866580719236
2786.0,1.33743,2.47149,90.6893,4.199839,,5907.0,0.0,0.00603,100.0,3.9906973422888496
2787.0,1.33929,2.47189,90.7038,4.199839,,5908.0,0.0,0.00603,100.0,4.003912691190038
2788.0,1.33929,2.47228,90.7183,4.200149,,5909.0,0.0,0.00603,100.0,4.015959251825971
2789.0,1.32999,2.47268,90.7327,4.200149,,5910.0,0.0,0.00603,100.0,3.999622799435005
2790.0,1.32999,2.47307,90.7471,4.200149,,5911.0,0.0,0.00603,100.0,3.9891790217949863
2791.0,1.33185,2.47346,90.7615,4.199839,,5912.0,0.0,0.00603,100.0,4.0094928396587814
2792.0,1.32813,2.47385,90.7758,4.200149,,5913.0,0.0,0.00603,100.0,4.0035378829647845
2793.0,1.32626,2.47424,90.7902,4.199839,,5914.0,0.0,0.00603,100.0,3.998189606763862
2794.0,1.32626,2.47463,90.8045,4.200149,,5915.0,0.0,0.00603,100.0,3.9902879421745228
2796.0,1.32254,2.47502,90.8188,4.200149,,5916.0,0.0,0.00603,100.0,3.9922418220403957
2797.0,1.3244,2.4754,90.8326,4.199839,,5917.0,0.0,0.00603,100.0,4.020209948170968
2798.0,1.32068,2.47579,90.8469,4.200149,,5918.0,0.0,0.00603,100.0,4.011103520697261
2799.0,1.32068,2.47618,90.8612,4.200149,,5919.0,0.0,0.00603,100.0,3.9959073644362344
2800.0,1.31882,2.47657,90.8754,4.200149,,5920.0,0.0,0.00603,100.0,4.001444715670078
2801.0,1.31882,2.47696,90.8897,4.200149,,5922.0,0.0,0.00603,100.0,3.9901437598940404
2802.0,1.31882,2.47734,90.9039,4.200149,,5923.0,0.0,0.00603,100.0,4.013394767976132
2803.0,1.31138,2.47773,90.918,4.200149,,5924.0,0.0,0.00603,100.0,3.99308660437314
2804.0,1.31324,2.47807,90.9305,4.199839,,5925.0,0.0,0.00603,100.0,4.020725862108073
2805.0,1.31324,2.47845,90.9446,4.200149,,5926.0,0.0,0.00603,100.0,4.020202425691227
2806.0,1.3151,2.47884,90.9588,4.200149,,5927.0,0.0,0.00603,100.0,4.002898673021016
2807.0,1.30766,2.47923,90.973,4.200149,,5928.0,0.0,0.00603,100.0,4.016380748097197
2808.0,1.30952,2.47962,90.9873,4.200149,,5929.0,0.0,0.00603,100.0,3.999165624903851
2809.0,1.30952,2.48,91.0014,4.200149,,5930.0,0.0,0.00603,100.0,4.005593302931418
2810.0,1.30766,2.48039,91.0156,4.200149,,5931.0,0.0,0.00603,100.0,4.0074376748085445
2811.0,1.3058,2.48083,91.0319,4.200149,,5932.0,0.0,0.00603,100.0,4.017687697699845
2812.0,1.30208,2.48122,91.046,4.200149,,5933.0,0.0,0.00603,100.0,4.00720625240087
2814.0,1.30208,2.4816,91.0601,4.200149,,5934.0,0.0,0.00603,100.0,3.9900171633314097
2815.0,1.30022,2.48198,91.0741,4.200149,,5934.0,0.0,0.00603,100.0,4.006265991423128
2816.0,1.29836,2.48237,91.0882,4.200149,,5934.0,0.0,0.00603,100.0,4.0007205617824955
2817.0,1.29836,2.48275,91.1022,4.200149,,5935.0,0.0,0.00603,100.0,4.003625632867013
2818.0,1.29836,2.48313,91.1163,4.200149,,5936.0,0.0,0.00603,100.0,3.970547206071726
2819.0,1.29464,2.48351,91.1301,4.200149,,5937.0,0.0,0.00603,100.0,4.00074456436856
2820.0,1.29464,2.48384,91.1425,4.199839,,5938.0,0.0,0.00603,100.0,4.011122705948889
2821.0,1.29092,2.48422,91.1564,4.199839,,5940.0,0.0,0.00603,100.0,4.019168295689784
2822.0,1.29278,2.48461,91.1704,4.200149,,5941.0,0.0,0.00603,100.0,4.008690765598064
2823.0,1.29092,2.48499,91.1843,4.200149,,5942.0,0.0,0.00603,100.0,3.9998048711231995
2824.0,1.2872,2.48537,91.1982,4.200149,,5943.0,0.0,0.00603,100.0,4.023145690808103
2825.0,1.2872,2.48574,91.2122,4.200149,,5944.0,0.0,0.00603,100.0,3.994522188570577
2826.0,1.28906,2.48608,91.2245,4.200149,,5945.0,0.0,0.00603,100.0,4.00545029417981
2827.0,1.28348,2.48645,91.2381,4.199839,,5946.0,0.0,0.00603,100.0,4.007221024471061
2828.0,1.28534,2.48683,91.252,4.200149,,5947.0,0.0,0.00603,100.0,4.0117225797399625
2829.0,1.2872,2.48721,91.2659,4.199839,,5948.0,0.0,0.00603,100.0,3.9944514778868565
2830.0,1.28162,2.48759,91.2797,4.200149,,5949.0,0.0,0.00603,100.0,3.9918450919003283
2831.0,1.27976,2.48796,91.2936,4.200149,,5950.0,0.0,0.00603,100.0,4.0125314462809465
2832.0,1.27604,2.48834,91.3075,4.200149,,5951.0,0.0,0.00603,100.0,4.0085224795761185
2833.0,1.2779,2.48872,91.3213,4.199839,,5951.0,0.0,0.00603,100.0,4.014404719072779
2834.0,1.27232,2.48909,91.3351,4.200149,,5951.0,0.0,0.00603,100.0,4.027752110166037
2836.0,1.2779,2.48947,91.3489,4.199839,,,,,,
2837.0,1.27418,2.48985,91.3627,4.199839,,5951.0,-0.67336,0.0,0.0,3.9885155409710045
2838.0,1.27604,2.49022,91.3764,4.200149,,5952.0,-0.67336,0.0002,2.0311,3.9935592953066625
2839.0,1.27232,2.49059,91.3901,4.200149,,5953.0,-0.67336,0.0004,4.0992,3.9835258117808285
2840.0,1.2872,2.49097,91.4039,4.199839,,5954.0,-0.67522,0.0006,6.1303,3.969882153577381
2841.0,1.26302,2.49134,91.4174,4.199839,,5956.0,-0.67708,0.0008,8.1667,3.963102798267625
2842.0,1.2593,2.49167,91.4296,4.200149,,5957.0,-0.67336,0.00097,9.9492,3.9787382638173714
2843.0,1.27418,2.49204,91.4433,4.199839,,5958.0,-0.67522,0.00118,12.0755,3.9745256846254433
2844.0,1.2686,2.49241,91.4569,4.200149,,5959.0,-0.67522,0.00137,14.0167,3.9751022826057905
2845.0,1.26674,2.49279,91.4706,4.200149,,5960.0,-0.67522,0.00154,15.8045,3.9685292699872954
2846.0,1.26302,2.49311,91.4826,4.200149,,5961.0,-0.67336,0.00174,17.8356,3.9746040954460824
2847.0,1.26116,2.49349,91.4962,4.199839,,5962.0,-0.67336,0.00194,19.8667,3.9615820848592094
2848.0,1.26302,2.49386,91.5098,4.200149,,5963.0,-0.67336,0.00214,21.8978,3.9749571357849924
2849.0,1.26116,2.49423,91.5234,4.199839,,5964.0,-0.67522,0.00234,23.9342,3.991514349982296
2850.0,1.25558,2.4946,91.537,4.200149,,5965.0,-0.67708,0.00254,25.9706,3.9683217936297797
2851.0,1.25186,2.49497,91.5505,4.199839,,5966.0,-0.67522,0.00274,28.0017,3.997270104013918
2852.0,1.24442,2.49533,91.5641,4.200149,,5967.0,-0.67522,0.00293,30.0381,3.9806448609189276
2853.0,1.25744,2.4957,91.5776,4.200149,,5968.0,-0.67336,0.00313,32.0745,3.968660664681465
2854.0,1.24628,2.49607,91.5911,4.200459,,5969.0,-0.67336,0.00333,34.1109,3.990018521715216
2855.0,1.26302,2.49644,91.6046,4.200459,,5970.0,-0.67522,0.00355,36.3535,3.9772980355137446
2857.0,1.24814,2.49682,91.6186,4.199529,,5971.0,-0.67708,0.00375,38.3741,3.945403932804807
2858.0,1.24256,2.49716,91.6309,4.200459,,5972.0,-0.67708,0.00392,40.1619,3.9796765521050754
2859.0,1.24814,2.49752,91.6444,4.200149,,5973.0,-0.67522,0.00412,42.193,3.971801180010813
2860.0,1.2407,2.49789,91.6578,4.200459,,5974.0,-0.67708,0.00432,44.2505,3.9765499008504017
2861.0,1.23698,2.49826,91.6713,4.200149,,5975.0,-0.67522,0.00452,46.2816,3.9768871179316196
2862.0,1.2407,2.49862,91.6847,4.200149,,5976.0,-0.67336,0.00472,48.318,3.9722810557973016
2863.0,1.23884,2.49899,91.6981,4.199839,,5977.0,-0.67336,0.00492,50.3491,3.9662100378735006
2864.0,1.23326,2.49935,91.7115,4.200149,,5979.0,-0.67522,0.0051,52.1739,3.968484911156083
2865.0,1.24814,2.49971,91.7248,4.199839,,5979.0,-0.67708,0.00527,53.9564,3.958868983563974
2866.0,1.2314,2.50003,91.7365,4.199839,,5979.0,-1.34859,0.00527,53.9564,3.9492304753809457
2867.0,1.24442,2.5004,91.7499,4.200149,,5980.0,-1.35045,0.00564,57.7594,3.949925268606599
2868.0,1.23884,2.50076,91.7632,4.200149,,5981.0,-1.35231,0.00604,61.8322,3.9462274192356106
2869.0,1.23512,2.50113,91.7766,4.199839,,5983.0,-1.35045,0.00644,65.9103,3.941601664109594
2870.0,1.2314,2.50149,91.7899,4.200149,,5984.0,-1.35417,0.00684,69.9831,3.9274785344049183
2871.0,1.2314,2.50185,91.803,4.200149,,5985.0,-1.35603,0.00723,74.0559,3.9327809656243575
2872.0,1.22396,2.50222,91.8169,4.200149,,5986.0,-1.35045,0.00763,78.1339,3.937509172254302
2873.0,1.2221,2.50259,91.8302,4.199529,,5987.0,-1.35417,0.00803,82.2067,3.911465238304596
2874.0,1.22768,2.50295,91.8435,4.200149,,5988.0,-1.35231,0.00843,86.2795,3.9316908079892405
2875.0,1.22396,2.50331,91.8568,4.199839,,5989.0,-1.35231,0.00883,90.3523,3.9429904845465873
2876.0,1.22582,2.50367,91.87,4.200149,,5990.0,-1.35045,0.00922,94.4303,3.93323327678201
2878.0,1.22024,2.50403,91.8833,4.200149,,5991.0,-1.35045,0.00962,98.4608,3.9345465216898345
2879.0,1.22768,2.50439,91.8965,4.199839,,5991.0,-1.35045,0.00977,100.0,3.9347612790551394
2880.0,1.22396,2.50471,91.9081,4.199839,,5991.0,-1.35045,0.00977,100.0,3.928949929392076
2881.0,1.2221,2.50507,91.9213,4.200149,,,,,,
2882.0,1.22582,2.50543,91.9345,4.200149,,5991.0,0.66964,0.0,0.0,4.01643584045363
2883.0,1.21838,2.50579,91.9476,4.200149,,5992.0,0.66964,0.0002,13.3218,4.022567185861331
2884.0,1.21652,2.5061,91.9592,4.199839,,5993.0,0.66964,0.00037,24.9135,4.011311956254931
2885.0,1.22024,2.50646,91.9723,4.200459,,5994.0,0.66964,0.00057,38.4775,4.013833758510634
2886.0,1.21652,2.50682,91.9854,4.200149,,5995.0,0.66964,0.00075,50.4498,4.029370183439784
2887.0,1.21652,2.50717,91.9984,4.200149,,5997.0,0.66964,0.00095,63.6332,4.02279763293233
2888.0,1.20722,2.50752,92.0112,4.199839,,5998.0,0.66964,0.00115,76.8512,4.013824264389147
2889.0,1.20164,2.50788,92.0244,4.200149,,5999.0,0.66964,0.00134,90.0346,4.024750960285229
2890.0,1.21466,2.50824,92.0375,4.200149,,5999.0,0.66964,0.00149,100.0,4.019806846268857
2891.0,1.2035,2.50859,92.0506,4.200149,,5999.0,0.0,0.00149,100.0,4.000693733394423
2892.0,1.19978,2.50895,92.0637,4.200149,,6000.0,0.0,0.00149,100.0,4.016254818926801
2893.0,1.21094,2.50931,92.0768,4.199529,,6002.0,0.0,0.00149,100.0,4.017226631675296
2894.0,1.21094,2.50966,92.0898,4.200149,,6003.0,0.0,0.00149,100.0,4.006305718550481
2895.0,1.20164,2.51002,92.1029,4.199839,,6004.0,0.0,0.00149,100.0,4.003143730097961
2896.0,1.21094,2.51038,92.116,4.199839,,6005.0,0.0,0.00149,100.0,3.999136363852544
2897.0,1.20722,2.51069,92.1274,4.200459,,6006.0,0.0,0.00149,100.0,4.001240176136181
2898.0,1.20164,2.51104,92.1404,4.200149,,6007.0,0.0,0.00149,100.0,4.0083374765921
2899.0,1.20722,2.5114,92.1534,4.200149,,6008.0,0.0,0.00149,100.0,4.000244444146846
2900.0,1.19978,2.51175,92.1664,4.200149,,6009.0,0.0,0.00149,100.0,4.008122950570462
2902.0,1.2035,2.51212,92.1799,4.199839,,6010.0,0.0,0.00149,100.0,4.008868403709709
2903.0,1.19978,2.51247,92.1929,4.199839,,6011.0,0.0,0.00149,100.0,4.00795416926095
2904.0,1.1942,2.51282,92.2058,4.199839,,6012.0,0.0,0.00149,100.0,3.9932033687431563
2905.0,1.20164,2.51318,92.2188,4.200149,,6013.0,0.0,0.00149,100.0,4.017273679057859
2906.0,1.1942,2.51349,92.2302,4.200149,,6014.0,0.0,0.00149,100.0,4.0041238638360745
2907.0,1.19792,2.51384,92.2431,4.200149,,6015.0,0.0,0.00149,100.0,4.033175516157665
2908.0,1.19234,2.51419,92.256,4.199529,,6015.0,0.0,0.00149,100.0,4.0205746743849495
2909.0,1.19606,2.51454,92.269,4.199839,,6015.0,0.0,0.00149,100.0,3.9919162290869017
2910.0,1.1942,2.5149,92.2818,4.199839,,,,,,
2911.0,1.19048,2.51525,92.2947,4.199839,,6015.0,-0.67708,0.0,0.0,3.9905116488025034
2912.0,1.19606,2.5156,92.3075,4.200149,,6016.0,-0.67336,0.00019,0.918,3.9768251083617363
2913.0,1.19048,2.51595,92.3204,4.199839,,6017.0,-0.67522,0.00039,1.8708,3.974823968067202
2914.0,1.19048,2.5163,92.3333,4.199839,,6019.0,-0.67336,0.00059,2.8236,3.978067382726753
2915.0,1.18118,2.51665,92.3462,4.200149,,6020.0,-0.67522,0.00079,3.7789,3.9642186389209364
2916.0,1.18118,2.517,92.3592,4.200149,,6021.0,-0.67522,0.00099,4.7341,3.982374422351118
2917.0,1.19048,2.51733,92.3712,4.199839,,6022.0,-0.67336,0.00118,5.6869,3.9672247896236454
2918.0,1.17746,2.51768,92.384,4.200149,,6023.0,-0.67522,0.00138,6.6347,3.991537844535354
2919.0,1.18862,2.51803,92.3968,4.200149,,6024.0,-0.67522,0.00156,7.4709,3.984633724852799
2920.0,1.18118,2.51838,92.4095,4.199839,,6025.0,-0.67708,0.00175,8.4262,3.977865101806354
2921.0,1.17746,2.51873,92.4224,4.199839,,6026.0,-0.6715,0.00195,9.3814,3.9744559433590663
2923.0,1.1756,2.51907,92.4352,4.200149,,6027.0,-0.67522,0.00215,10.3367,3.9723883290043878
2924.0,1.17188,2.51942,92.4479,4.199839,,6028.0,-0.67336,0.00235,11.2895,3.9620199481864358
2925.0,1.18862,2.51977,92.4607,4.200149,,6029.0,-0.67708,0.00255,12.2423,3.9730355980049263
2926.0,1.17188,2.52012,92.4734,4.200149,,6030.0,-0.67522,0.00275,13.1975,3.9630213629055033
2927.0,1.1756,2.52046,92.4861,4.200149,,6031.0,-0.67522,0.00295,14.1528,3.957954753632643
2928.0,1.1756,2.52081,92.4988,4.200149,,6032.0,-0.67336,0.00315,15.1081,3.963637482882657
2929.0,1.1756,2.52115,92.5115,4.199839,,6033.0,-0.67708,0.00335,16.0708,3.9739303265465877
2930.0,1.16629,2.5215,92.5241,4.199839,,6034.0,-0.67522,0.00355,17.026,3.9741165346867846
2931.0,1.16629,2.52184,92.5368,4.200149,,6035.0,-0.67522,0.00374,17.9788,3.9627787258889002
2932.0,1.17374,2.52216,92.5484,4.200149,,6036.0,-0.67522,0.00394,18.9266,3.9714004453593086
2933.0,1.16629,2.5225,92.5609,4.200149,,6037.0,-0.67522,0.00412,19.7628,3.970447485539811
2934.0,1.17001,2.52285,92.5737,4.200149,,6038.0,-0.67522,0.00431,20.7181,3.96562920634597
2935.0,1.15885,2.52319,92.5863,4.199839,,6040.0,-0.67522,0.00451,21.6733,3.9506000647499673
2936.0,1.16629,2.52354,92.5989,4.199839,,6041.0,-0.67708,0.00471,22.6286,3.9735752794129398
2937.0,1.16257,2.52388,92.6115,4.200149,,6042.0,-0.67522,0.00491,23.5814,3.952524301430587
2938.0,1.17374,2.52422,92.6241,4.200149,,6043.0,-0.67522,0.00511,24.5391,3.96423802224146
2939.0,1.16257,2.52456,92.6366,4.199529,,6044.0,-0.6715,0.00531,25.4919,3.961679647808631
2940.0,1.16257,2.5249,92.6491,4.200149,,6045.0,-0.67522,0.00551,26.4472,3.978648992548342
2941.0,1.16071,2.5252,92.6601,4.200149,,6046.0,-0.67522,0.00568,27.2933,3.976163308079678
2943.0,1.16071,2.52555,92.6727,4.200149,,6047.0,-0.67522,0.00588,28.2187,3.9642802329311118
2944.0,1.15885,2.52589,92.6852,4.199839,,6048.0,-0.6715,0.00607,29.1715,3.9352720156777945
2945.0,1.17001,2.52623,92.6977,4.199529,,6049.0,-0.67708,0.00627,30.1268,3.9652222656773612
2946.0,1.15513,2.52657,92.7103,4.200149,,6050.0,-0.67522,0.00647,31.0821,3.9636726822220356
2947.0,1.14769,2.52692,92.7231,4.199839,,6051.0,-0.67708,0.00667,32.0348,3.989365756326065
2948.0,1.15885,2.52723,92.7346,4.199839,,6052.0,-0.67708,0.00687,32.9901,3.96518727984662
2949.0,1.15699,2.52757,92.7471,4.200149,,6053.0,-0.67708,0.00707,33.9454,3.981912823127777
2950.0,1.14769,2.52791,92.7595,4.199839,,6054.0,-0.67336,0.00727,34.9031,3.9644036613933538
2951.0,1.16071,2.52825,92.772,4.200149,,6055.0,-0.67522,0.00747,35.8559,3.969071605356317
2952.0,1.15327,2.52859,92.7844,4.200149,,6056.0,-0.67522,0.00767,36.8112,3.9722687372227594
2953.0,1.15141,2.52895,92.7976,4.199839,,6057.0,-0.67708,0.00786,37.7664,3.971554629296266
2954.0,1.14211,2.52926,92.8089,4.199839,,6058.0,-0.67522,0.00806,38.7217,3.9564232279668063
2955.0,1.14025,2.5296,92.8213,4.199839,,6060.0,-0.67336,0.00826,39.6769,3.988352682065928
2956.0,1.15327,2.52994,92.8337,4.200149,,6061.0,-0.67708,0.00846,40.6297,3.975620493013752
2957.0,1.14769,2.53023,92.8446,4.200149,,6062.0,-0.67336,0.00867,41.6222,3.9631995710486843
2958.0,1.14025,2.53057,92.857,4.200149,,6063.0,-0.67522,0.00887,42.5775,3.9674909855183755
2959.0,1.14211,2.53091,92.8693,4.200149,,6064.0,-0.67522,0.00907,43.5327,3.96023256609562
2960.0,1.14211,2.53124,92.8817,4.200149,,6065.0,-0.67336,0.00926,44.4855,3.957120250621968
2961.0,1.14397,2.53158,92.894,4.200149,,6066.0,-0.67336,0.00946,45.4383,3.9704821440762785
2962.0,1.14583,2.53192,92.9065,4.199839,,6067.0,-0.67522,0.00966,46.3936,3.9582485062182347
2963.0,1.15327,2.53226,92.9189,4.199839,,6068.0,-0.67336,0.00986,47.3488,3.9536392399285236
2964.0,1.13467,2.53259,92.9312,4.199839,,6069.0,-0.67336,0.01006,48.3016,3.9665374784291445
2966.0,1.14025,2.53293,92.9435,4.199839,,6070.0,-0.67522,0.01026,49.2544,3.9560465126169118
2967.0,1.13653,2.53326,92.9558,4.200149,,6071.0,-0.67708,0.01046,50.2097,3.9521827332285984
2968.0,1.13839,2.53355,92.9665,4.200149,,6072.0,-0.67894,0.01065,51.1649,3.9741954794441794
2969.0,1.13281,2.53388,92.9784,4.200149,,6073.0,-0.67708,0.01085,52.1202,3.9489096019320797
2970.0,1.13281,2.53421,92.9907,4.200149,,6074.0,-0.67522,0.01105,53.0755,3.9819640344131635
2971.0,1.14397,2.53455,93.003,4.200149,,6075.0,-0.6715,0.01123,53.9116,3.9562689047333386
2972.0,1.12537,2.53488,93.0153,4.200149,,6076.0,-0.6715,0.01141,54.8123,3.9720834041317383
2973.0,1.13653,2.53522,93.0275,4.200149,,6077.0,-0.67708,0.01162,55.7949,3.9591058704105078
2974.0,1.13467,2.53555,93.0397,4.200149,,6078.0,-0.6715,0.01182,56.7476,3.9677818529906177
2975.0,1.13281,2.53588,93.0519,4.200149,,6079.0,-0.6715,0.01202,57.7029,3.955417644791197
2976.0,1.13281,2.53622,93.0641,4.199839,,6081.0,-0.67336,0.01222,58.6582,3.9696042387820185
2977.0,1.12723,2.53655,93.0764,4.199529,,6082.0,-0.67522,0.0124,59.5241,3.9915842862685365
2978.0,1.12909,2.53688,93.0886,4.200149,,6083.0,-0.67336,0.01259,60.4794,3.966811525514999
2979.0,1.13281,2.53721,93.1007,4.200149,,6084.0,-0.67522,0.01279,61.4321,3.957607102065499
2980.0,1.13095,2.53755,93.113,4.200149,,6085.0,-0.67522,0.01299,62.3899,3.9618973439860112
2981.0,1.12537,2.53788,93.1251,4.199839,,6086.0,-0.67522,0.01319,63.3427,3.9522713741117044
2982.0,1.12351,2.53821,93.1374,4.199839,,6087.0,-0.67522,0.01339,64.2979,3.9441797202389024
2983.0,1.13095,2.5385,93.1482,4.199839,,6088.0,-0.67336,0.01359,65.2507,3.940179095521364
2984.0,1.12165,2.53882,93.1599,4.199839,,6089.0,-0.67708,0.01379,66.2085,3.9708779725941414
2985.0,1.12723,2.53915,93.172,4.199839,,6090.0,-0.67708,0.01399,67.1637,3.9577946965316473
2986.0,1.12537,2.53948,93.1841,4.200149,,6091.0,-0.67708,0.01418,68.1165,3.9633280996622178
2987.0,1.12165,2.53981,93.1962,4.200149,,6092.0,-0.67522,0.01438,69.0718,3.972438334621155
2989.0,1.11607,2.54014,93.2083,4.200149,,6093.0,-0.67708,0.0146,70.099,3.968650228806495
2990.0,1.11235,2.54047,93.2204,4.199839,,6094.0,-0.67522,0.01477,70.9451,3.961408991003892
2991.0,1.12351,2.5408,93.2324,4.199839,,6095.0,-0.67522,0.01497,71.8979,3.9511059251716736
2992.0,1.11793,2.54113,93.2445,4.199839,,6096.0,-0.67336,0.01517,72.8531,3.974107714683175
2993.0,1.11235,2.54146,93.2565,4.200149,,6097.0,-0.67336,0.01537,73.8059,3.9526937788122334
2994.0,1.11235,2.54175,93.2671,4.200149,,6098.0,-0.67522,0.01557,74.7612,3.9589039036119673
2995.0,1.11421,2.54207,93.2792,4.199839,,6099.0,-0.67336,0.01577,75.7164,3.9627576946855867
2996.0,1.11979,2.5424,93.2912,4.199839,,6101.0,-0.67522,0.01597,76.6692,3.9557045615828788
2997.0,1.11235,2.54273,93.3032,4.199839,,6102.0,-0.67336,0.01614,77.5252,3.961039151488658
2998.0,1.11979,2.54307,93.3156,4.200149,,6103.0,-0.67522,0.01634,78.4532,3.9670806593944876
2999.0,1.11421,2.54339,93.3276,4.199839,,6103.0,-1.35231,0.01634,78.4532,3.9284790063384696
3000.0,1.10677,2.54372,93.3396,4.200149,,6104.0,-1.35045,0.01669,80.1652,3.938714594705878
3001.0,1.11049,2.54405,93.3515,4.200149,,6105.0,-1.35045,0.01709,82.0758,3.9277690133014738
3002.0,1.11235,2.54437,93.3635,4.199839,,6106.0,-1.35231,0.01749,83.9863,3.9315050237611895
3003.0,1.11421,2.5447,93.3755,4.199839,,6107.0,-1.35231,0.01789,85.8968,3.9195126255954147
3004.0,1.11235,2.54502,93.3874,4.199529,,6108.0,-1.35045,0.01829,87.8098,3.932271180710661
3005.0,1.09933,2.54531,93.3979,4.200149,,6109.0,-1.35045,0.01868,89.7228,3.91634403690691
3006.0,1.10305,2.54563,93.4098,4.200149,,6110.0,-1.35231,0.01908,91.6334,3.909545440642927
3007.0,1.09747,2.54596,93.4217,4.200149,,6111.0,-1.35045,0.01948,93.5464,3.9203779532688525
3008.0,1.09375,2.54629,93.4337,4.200149,,6112.0,-1.35417,0.01988,95.4569,3.9237426899105388
3009.0,1.09933,2.54657,93.4441,4.199839,,6113.0,-1.35045,0.02028,97.3848,3.918462478262225
3011.0,1.09933,2.54689,93.456,4.199839,,6114.0,-1.34859,0.02067,99.278,3.935194562342133
3012.0,1.10119,2.54722,93.4679,4.199839,,6115.0,-1.35231,0.02082,100.0,3.92259728476222
3013.0,1.10305,2.54754,93.4798,4.200149,,6115.0,-1.35231,0.02082,100.0,3.9106849336961558
3014.0,1.09747,2.54785,93.4911,4.200149,,,,,,
3015.0,1.09003,2.54818,93.5033,4.200149,,6115.0,0.66964,0.0,0.0,4.007522861582288
3016.0,1.09933,2.54851,93.5151,4.200149,,6116.0,0.66964,0.0002,13.564,4.006882865826495
3017.0,1.09747,2.54883,93.527,4.200149,,6117.0,0.66964,0.00039,26.263,4.001140402820831
3018.0,1.09747,2.54915,93.5388,4.199839,,6118.0,0.66964,0.00057,38.4775,4.012862560482059
3019.0,1.08817,2.54943,93.5491,4.200149,,6119.0,0.66964,0.00077,51.6955,4.008369278553935
3020.0,1.09375,2.54976,93.561,4.199839,,6120.0,0.66964,0.00097,64.7751,4.0285751757815405
3021.0,1.09747,2.55008,93.5728,4.199839,,6121.0,0.66964,0.00114,76.3322,3.9978112940870996
3022.0,1.09003,2.5504,93.5846,4.200149,,6122.0,0.66964,0.00134,90.0346,4.016970689311106
3023.0,1.09189,2.55072,93.5964,4.199839,,6123.0,0.66964,0.00149,100.0,4.014775503047889
3024.0,1.09189,2.55104,93.6082,4.200149,,6123.0,0.0,0.00149,100.0,3.96372526511385
3025.0,1.08259,2.55137,93.6201,4.199839,,6124.0,0.0,0.00149,100.0,3.9992213355445543
3026.0,1.08817,2.55169,93.6318,4.199839,,6125.0,0.0,0.00149,100.0,4.004293347079431
3027.0,1.08817,2.55201,93.6436,4.200149,,6126.0,0.0,0.00149,100.0,3.992558948621068
3028.0,1.08073,2.55231,93.6548,4.200149,,6127.0,0.0,0.00149,100.0,3.9939655680536075
3029.0,1.08445,2.55263,93.6665,4.200149,,6128.0,0.0,0.00149,100.0,3.997279359096657
3030.0,1.07887,2.55291,93.6768,4.200149,,6129.0,0.0,0.00149,100.0,3.9857575733990163
3031.0,1.08073,2.55323,93.6885,4.200149,,6130.0,0.0,0.00149,100.0,3.9711922742153742
3032.0,1.07329,2.55355,93.7002,4.199839,,6131.0,0.0,0.00149,100.0,3.9983065892085796
3034.0,1.08631,2.55387,93.7119,4.200149,,6132.0,0.0,0.00149,100.0,3.986505279703608
3035.0,1.08445,2.55419,93.7236,4.200149,,6133.0,0.0,0.00149,100.0,3.987776056891817
3036.0,1.09003,2.55451,93.7353,4.200149,,6134.0,0.0,0.00149,100.0,3.987787834013451
3037.0,1.08073,2.55482,93.747,4.200149,,6135.0,0.0,0.00149,100.0,3.990869542367302
3038.0,1.07887,2.55514,93.7587,4.200149,,6136.0,0.0,0.00149,100.0,3.9986747179897435
3039.0,1.08445,2.55546,93.7703,4.199839,,6137.0,0.0,0.00149,100.0,3.983561917406317
3040.0,1.06213,2.55578,93.782,4.199839,,6138.0,0.0,0.00149,100.0,4.000246449721141
3041.0,1.07887,2.5561,93.7937,4.200149,,6139.0,0.0,0.00149,100.0,4.000964489136943
3042.0,1.06771,2.55641,93.8052,4.200149,,6139.0,0.0,0.00149,100.0,4.003884540418269
3043.0,1.06957,2.55671,93.816,4.200149,,,,,,
3044.0,1.07701,2.557,93.827,4.199839,,6139.0,-0.66778,0.0,0.0,3.967963952447425
3045.0,1.07515,2.55732,93.8386,4.199839,,6140.0,-0.67336,0.00022,0.5294,3.970618285440905
3046.0,1.06399,2.55764,93.8502,4.200149,,6141.0,-0.67522,0.00039,0.9534,3.9591583076205885
3047.0,1.06399,2.55795,93.8618,4.199839,,6142.0,-0.67708,0.00059,1.4351,3.961592417246544
3048.0,1.07143,2.55827,93.8734,4.199839,,6143.0,-0.67336,0.00079,1.9181,3.9692045796976605
3049.0,1.06585,2.55858,93.885,4.199839,,6144.0,-0.67336,0.00099,2.3998,3.9688316125114667
3050.0,1.07143,2.5589,93.8965,4.200149,,6145.0,-0.67522,0.00119,2.8828,3.9688390833818636
3051.0,1.06771,2.55921,93.9081,4.199839,,6146.0,-0.67522,0.00139,3.3645,3.9540089046432
3052.0,1.06585,2.55953,93.9196,4.200149,,6147.0,-0.67336,0.00158,3.8462,3.960469112393825
3053.0,1.06771,2.55984,93.9311,4.199839,,6148.0,-0.67708,0.00178,4.3292,3.971400561239532
3055.0,1.06771,2.56016,93.9426,4.199839,,6149.0,-0.67336,0.00198,4.8109,3.9709092693487316
3056.0,1.06957,2.56047,93.9541,4.199839,,6150.0,-0.67708,0.00218,5.2939,3.9640785635539864
3057.0,1.06771,2.56078,93.9657,4.200149,,6151.0,-0.67522,0.00238,5.7756,3.9570780654188265
3058.0,1.06771,2.5611,93.9771,4.199839,,6152.0,-0.67708,0.00257,6.2322,3.9711242964416904
3059.0,1.06213,2.5614,93.9882,4.199839,,6153.0,-0.67708,0.00275,6.6725,3.9726057297171593
3060.0,1.05469,2.56171,93.9996,4.200149,,6154.0,-0.67522,0.00295,7.1555,3.9627516017209015
3061.0,1.06399,2.56202,94.0111,4.199839,,6155.0,-0.67522,0.00315,7.6385,3.952385212623902
3062.0,1.06027,2.56233,94.0226,4.200149,,6156.0,-0.67708,0.00334,8.1202,3.9456851576382515
3063.0,1.06957,2.56265,94.034,4.200149,,6157.0,-0.67336,0.00354,8.6031,3.973796855239808
3064.0,1.05841,2.56296,94.0455,4.200149,,6158.0,-0.67522,0.00374,9.0849,3.970593208356924
3065.0,1.06027,2.56327,94.0569,4.200149,,6160.0,-0.67336,0.00394,9.5678,3.9592620761294897
3066.0,1.05469,2.56358,94.0683,4.199839,,6161.0,-0.67522,0.00414,10.0408,3.9397454316015925
3067.0,1.05469,2.56389,94.0796,4.200149,,6162.0,-0.67336,0.00432,10.4786,3.961621391229694
3068.0,1.05655,2.56416,94.0896,4.200149,,6163.0,-0.67708,0.00451,10.9616,3.9523366884770645
3069.0,1.05469,2.56447,94.101,4.199839,,6164.0,-0.67894,0.00471,11.4433,3.964170951446936
3070.0,1.05097,2.56478,94.1124,4.199839,,6165.0,-0.67522,0.00491,11.9275,3.950181273949264
3071.0,1.05097,2.56509,94.1238,4.199839,,6166.0,-0.67336,0.00511,12.4105,3.939950413867641
3072.0,1.04725,2.5654,94.1352,4.199839,,6167.0,-0.67336,0.00531,12.8922,3.946998992615664
3073.0,1.05469,2.56573,94.147,4.200149,,6168.0,-0.67522,0.00551,13.3751,3.9662283801642886
3074.0,1.05283,2.566,94.1571,4.199839,,6169.0,-0.67708,0.00571,13.8581,3.971673035231494
3076.0,1.05283,2.56631,94.1685,4.200149,,6170.0,-0.67336,0.00591,14.3436,3.9587931826556404
3077.0,1.04725,2.56662,94.1798,4.200149,,6171.0,-0.67522,0.00611,14.8266,3.9524158128414792
3078.0,1.05469,2.56693,94.1912,4.199839,,6172.0,-0.67336,0.00631,15.3095,3.9509137214411068
3079.0,1.05097,2.56724,94.2025,4.199839,,6173.0,-0.67522,0.0065,15.7875,3.948860052902174
3080.0,1.05097,2.56755,94.2138,4.200149,,6174.0,-0.67522,0.00658,15.9694,3.9422084907779404
3081.0,1.04539,2.56786,94.2252,4.199839,,6174.0,-5.40179,0.00658,15.9694,3.7867474951306392
3082.0,1.05283,2.56817,94.2366,4.200149,,6175.0,-5.40737,0.00814,19.7617,3.788049038823463
3083.0,1.04539,2.56847,94.2478,4.199839,,6176.0,-5.40737,0.00973,23.6279,3.7598375440111518
3084.0,1.04539,2.56878,94.2591,4.200149,,6177.0,-5.40923,0.01132,27.4942,3.7593838584031127
3085.0,1.04725,2.56909,94.2703,4.200149,,6178.0,-5.40737,0.0129,31.3241,3.763073940051642
3086.0,1.04725,2.56935,94.2802,4.200149,,6179.0,-5.41109,0.0143,34.7162,3.7696047631187453
3087.0,1.03423,2.56966,94.2915,4.199839,,6180.0,-5.40737,0.01589,38.5825,3.7516942016923065
3088.0,1.03423,2.56998,94.3031,4.200149,,6181.0,-5.40923,0.01748,42.4487,3.745104023734204
3089.0,1.04353,2.57025,94.313,4.199839,,6182.0,-5.40923,0.01869,45.3666,3.7314354808184045
3090.0,1.03423,2.57056,94.3242,4.199529,,6182.0,-3.38914,0.01869,45.3666,3.7928189673199726
3091.0,1.03795,2.57086,94.3355,4.200149,,6183.0,-3.3817,0.01962,47.646,3.8111126081181803
3092.0,1.04539,2.57117,94.3467,4.200149,,6184.0,-3.37984,0.02062,50.0621,3.8342038217421583
3093.0,1.03609,2.57147,94.3579,4.199839,,6185.0,-3.37798,0.02159,52.4105,3.817860346208301
3094.0,1.03423,2.57178,94.3691,4.200149,,6186.0,-3.37984,0.02248,54.5757,3.8094193381181136
3095.0,1.03609,2.57208,94.3803,4.200149,,6187.0,-3.37984,0.02346,56.968,3.8237029946491874
3096.0,1.03981,2.57239,94.3915,4.200149,,6188.0,-3.37984,0.02447,59.4066,3.807847058930018
3098.0,1.03051,2.57269,94.4027,4.200149,,6189.0,-3.37984,0.02546,61.8215,3.788527880815308
3099.0,1.03237,2.573,94.4139,4.200149,,6190.0,-3.37984,0.02646,64.2376,3.818240544008774
3100.0,1.03237,2.5733,94.425,4.200149,,6191.0,-3.3817,0.02745,66.655,3.79117238034563
3101.0,1.03051,2.57361,94.4362,4.200149,,6192.0,-3.37798,0.02838,68.9118,3.803735968359265
3102.0,1.03423,2.57391,94.4473,4.200149,,6193.0,-3.37984,0.02938,71.3266,3.8042882666341273
3103.0,1.03051,2.57418,94.4571,4.200149,,6194.0,-3.37798,0.03036,73.7214,3.8020430947229915
3104.0,1.03237,2.57448,94.4681,4.199839,,6195.0,-3.3817,0.03124,75.8414,3.7973284481332934
3105.0,1.03795,2.57477,94.4787,4.200149,,6196.0,-3.37984,0.03223,78.2575,3.8199879826815013
3106.0,1.03237,2.57507,94.4898,4.200149,,6197.0,-3.37798,0.03323,80.6724,3.7952929592421247
3107.0,1.02865,2.57537,94.501,4.200149,,6198.0,-3.37984,0.03422,83.0885,3.7754965359829904
3108.0,1.02679,2.57567,94.5121,4.199839,,6199.0,-3.3817,0.03522,85.5046,3.799392117734502
3109.0,1.02121,2.57598,94.5231,4.200149,,6200.0,-3.37798,0.03621,87.9207,3.803535394659735
3110.0,1.02493,2.57628,94.5342,4.200149,,6201.0,-3.38356,0.03721,90.3368,3.800420659768565
3111.0,1.02679,2.57658,94.5453,4.199839,,6203.0,-3.37984,0.0382,92.7517,3.787394208688357
3112.0,1.01935,2.57688,94.5564,4.200149,,6204.0,-3.37984,0.0392,95.1678,3.7992328188481297
3113.0,1.02679,2.57718,94.5674,4.199839,,6205.0,-3.37612,0.04019,97.5839,3.7990683371183316
3114.0,1.01749,2.57749,94.5785,4.199839,,6206.0,-3.37984,0.04119,100.0,3.78320642884965
3115.0,1.01935,2.57779,94.5895,4.200149,,6206.0,-3.37984,0.04119,100.0,3.821949187085371
3116.0,1.02121,2.57809,94.6005,4.200149,,,,,,
3118.0,1.02121,2.57839,94.6116,4.199839,,6206.0,1.34487,0.0,0.0,3.975580139469775
3119.0,1.02121,2.57868,94.6225,4.200149,,6207.0,1.34673,0.0004,13.3941,3.974271668074705
3120.0,1.02307,2.57898,94.6335,4.199839,,6208.0,1.34301,0.0008,26.5818,3.9959782263032166
3121.0,1.01563,2.57928,94.6445,4.200149,,6209.0,1.34115,0.00119,39.7524,3.986191709784002
3122.0,1.01749,2.57958,94.6555,4.200149,,6210.0,1.34301,0.00159,52.8026,4.014176440361994
3123.0,1.01749,2.57988,94.6664,4.200149,,6211.0,1.34301,0.00197,65.4745,4.023500179545596
3124.0,1.01376,2.58018,94.6774,4.200149,,6212.0,1.34301,0.00236,78.6279,3.993527737783119
3125.0,1.0119,2.58048,94.6883,4.200149,,6213.0,1.34673,0.00276,91.6781,4.015819088432966
3126.0,1.01004,2.58078,94.6993,4.199839,,6214.0,1.34487,0.00301,100.0,4.019112721564162
3127.0,1.01004,2.58108,94.7103,4.200149,,6214.0,1.34487,0.00301,100.0,4.008495079589217
3128.0,1.00818,2.58137,94.7212,4.199839,,,,,,
3129.0,1.01376,2.58167,94.7321,4.200149,,6214.0,-1.34859,0.0,0.0,3.924875019365769
3130.0,1.01004,2.58197,94.743,4.200149,,6215.0,-1.35231,0.0004,3.3063,3.8806433980603816
3131.0,1.01376,2.58226,94.7539,4.199839,,6216.0,-1.35231,0.00075,6.2691,3.8829982242818453
3132.0,1.00818,2.58252,94.7634,4.199839,,6217.0,-1.35231,0.00115,9.5753,3.903499658124007
3133.0,1.0026,2.58283,94.7748,4.199839,,6218.0,-1.34859,0.00155,12.8816,3.908198818437503
3134.0,1.00446,2.58311,94.7849,4.199839,,6219.0,-1.35045,0.00195,16.1922,3.8835817277962317
3135.0,1.00632,2.5834,94.7957,4.200149,,6220.0,-1.35045,0.00235,19.4985,3.891466121482938
3136.0,1.01004,2.5837,94.8067,4.199839,,6221.0,-1.35231,0.00274,22.8048,3.896894670734868
3137.0,1.0026,2.584,94.8176,4.200149,,6222.0,-1.35417,0.00314,26.111,3.8976556518778165
3139.0,1.00446,2.5843,94.8284,4.200149,,6223.0,-1.35045,0.00354,29.4216,3.899725437253003
3140.0,1.0026,2.58459,94.8393,4.199839,,6224.0,-1.35045,0.00396,32.9168,3.902548725499531
3141.0,1.00446,2.58489,94.8501,4.200149,,6225.0,-1.35231,0.00434,36.0986,3.8754962947085656
3142.0,1.00074,2.58518,94.8609,4.199839,,6226.0,-1.35231,0.00474,39.3748,3.893441860227416
3143.0,0.99888,2.58547,94.8716,4.200149,,6227.0,-1.35417,0.00512,42.5609,3.8965386968045834
3144.0,0.99702,2.58573,94.8811,4.200149,,6228.0,-1.35417,0.00549,45.6224,3.900382211332221
3145.0,0.99516,2.58602,94.8918,4.199839,,6229.0,-1.35417,0.00589,48.9287,3.8868283307415794
3146.0,0.99516,2.58632,94.9026,4.200149,,6230.0,-1.35045,0.00629,52.235,3.887719424835796
3147.0,0.99702,2.58661,94.9134,4.200149,,6232.0,-1.35045,0.00668,55.5412,3.89576964397325
3148.0,0.9933,2.58691,94.9242,4.200149,,6233.0,-1.35045,0.00708,58.8175,3.9018051254428863
3149.0,1.00074,2.58721,94.9353,4.199839,,6234.0,-1.35417,0.00746,61.9992,3.897147595552597
3150.0,0.99516,2.58747,94.9448,4.199839,,6235.0,-1.35231,0.00786,65.3055,3.886681468550883
3151.0,0.99516,2.58776,94.9555,4.199839,,6236.0,-1.35417,0.00826,68.6118,3.8964075162808913
3152.0,0.98772,2.58805,94.9662,4.199839,,6237.0,-1.35231,0.00865,71.9224,3.8930548197064403
3153.0,0.99144,2.58835,94.9771,4.200149,,6238.0,-1.35045,0.00905,75.2287,3.90684988507613
3154.0,0.98958,2.58864,94.9877,4.199839,,6239.0,-1.35231,0.00945,78.5349,3.8783803789819244
3155.0,0.98772,2.58889,94.9971,4.200149,,6240.0,-1.35231,0.00985,81.8455,3.906772350633213
3156.0,0.99144,2.58918,95.0078,4.200149,,6241.0,-1.35231,0.01025,85.1518,3.907493652089138
3157.0,0.98772,2.58947,95.0184,4.200149,,6242.0,-1.35045,0.01064,88.4581,3.9063718151244307
3158.0,0.984,2.58977,95.0291,4.200149,,6243.0,-1.35231,0.01104,91.7644,3.916837792785901
3159.0,0.984,2.59006,95.0398,4.200149,,6244.0,-1.35045,0.01144,95.0706,3.896437084243188
3160.0,0.98772,2.59035,95.0505,4.200149,,6245.0,-1.35045,0.01183,98.3469,3.903097134955943
3161.0,0.98586,2.59064,95.0612,4.200149,,6246.0,-1.35231,0.01203,100.0,3.896152986603685
3163.0,0.984,2.59093,95.0719,4.200149,,6246.0,-1.35231,0.01203,100.0,3.883940331538214
3164.0,0.98214,2.59119,95.0814,4.200149,,,,,,
3165.0,0.98028,2.59147,95.0918,4.200149,,6246.0,2.70089,0.0,0.0,4.0660211533844075
3166.0,0.984,2.59176,95.1024,4.200149,,6247.0,2.69903,0.00077,12.6972,4.061476383646762
3167.0,0.98028,2.59205,95.1131,4.199839,,6248.0,2.69717,0.00155,25.7545,4.06237782525726
3168.0,0.984,2.59234,95.1237,4.199839,,6249.0,2.69903,0.00235,38.9318,4.06786043991649
3169.0,0.98772,2.5926,95.133,4.200149,,6250.0,2.70089,0.00315,52.2462,4.08469591939713
3170.0,0.98028,2.59288,95.1436,4.200149,,6251.0,2.69903,0.00394,65.4321,4.068888290307078
3171.0,0.97842,2.59317,95.1542,4.200149,,6252.0,2.69717,0.00474,78.6094,4.087558466796542
3172.0,0.9747,2.59346,95.1647,4.199839,,6253.0,2.69903,0.00553,91.7953,4.090502044188702
3173.0,0.97842,2.59375,95.1753,4.200149,,6254.0,2.69717,0.00603,100.0,4.086683966772892
3174.0,0.9747,2.59404,95.1858,4.200149,,6254.0,0.0,0.00603,100.0,3.9780043115086787
3175.0,0.97098,2.59432,95.1964,4.200149,,6255.0,0.0,0.00603,100.0,3.96863654452924
3176.0,0.97284,2.59461,95.2069,4.199839,,6256.0,0.0,0.00603,100.0,3.9759540038823924
3177.0,0.9747,2.5949,95.2174,4.200149,,6257.0,0.0,0.00603,100.0,3.962987244699018
3178.0,0.96726,2.59518,95.228,4.200149,,6258.0,0.0,0.00603,100.0,3.967302189775151
3179.0,0.96726,2.59548,95.2387,4.200149,,6259.0,0.0,0.00603,100.0,3.9657568441507447
3180.0,0.9747,2.59574,95.2484,4.200149,,6260.0,0.0,0.00603,100.0,3.9803056857396175
3181.0,0.96726,2.59603,95.2589,4.200149,,6261.0,0.0,0.00603,100.0,3.966646111659196
3182.0,0.97098,2.59631,95.2693,4.200149,,6262.0,0.0,0.00603,100.0,3.97769603705983
3183.0,0.97098,2.5966,95.2798,4.199839,,6263.0,0.0,0.00603,100.0,3.9612239132369647
3184.0,0.97098,2.59687,95.2897,4.199839,,6264.0,0.0,0.00603,100.0,3.9840847719454766
3185.0,0.96726,2.59713,95.2992,4.199839,,6265.0,0.0,0.00603,100.0,3.978214024508932
3187.0,0.96912,2.59741,95.3097,4.200149,,6266.0,0.0,0.00603,100.0,3.971504864213628
3188.0,0.96726,2.5977,95.3201,4.200149,,6267.0,0.0,0.00603,100.0,3.969721216012073
3189.0,0.9654,2.59798,95.3307,4.200149,,6268.0,0.0,0.00603,100.0,3.9775734293993845
3190.0,0.9654,2.59827,95.3411,4.200149,,6270.0,0.0,0.00603,100.0,3.961031268639578
3191.0,0.96354,2.59855,95.3514,4.200149,,6271.0,0.0,0.00603,100.0,3.9766280922241313
3192.0,0.9654,2.5988,95.3606,4.200149,,6272.0,0.0,0.00603,100.0,3.9572161215262387
3193.0,0.96168,2.59908,95.371,4.199839,,6273.0,0.0,0.00603,100.0,3.982972441944156
3194.0,0.95982,2.59936,95.3814,4.199839,,6274.0,0.0,0.00603,100.0,3.9747766203252257
3195.0,0.96354,2.59965,95.3917,4.200149,,6275.0,0.0,0.00603,100.0,3.976348681148478
3196.0,0.95982,2.59993,95.4021,4.200149,,6276.0,0.0,0.00603,100.0,3.967356509832015
3197.0,0.9561,2.60021,95.4125,4.199839,,6277.0,0.0,0.00603,100.0,3.98356829455065
3198.0,0.95982,2.60049,95.4228,4.200149,,6278.0,0.0,0.00603,100.0,3.97848436903971
3199.0,0.95796,2.60078,95.4332,4.199839,,6279.0,0.0,0.00603,100.0,3.9524690066194976
3200.0,0.95796,2.60106,95.4435,4.200149,,6280.0,0.0,0.00603,100.0,3.955618414289028
3201.0,0.95982,2.60134,95.4538,4.200149,,6281.0,0.0,0.00603,100.0,3.9706614059962746
3202.0,0.95424,2.60162,95.4642,4.200149,,6282.0,0.0,0.00603,100.0,3.9835295416952166
3203.0,0.9561,2.6019,95.4745,4.199839,,6283.0,0.0,0.00603,100.0,3.9882388463065084
3204.0,0.94866,2.60219,95.4849,4.200149,,6284.0,0.0,0.00603,100.0,3.9737409161348745
3205.0,0.95424,2.60247,95.4952,4.200149,,6285.0,0.0,0.00603,100.0,3.9788009938208275
3206.0,0.95238,2.60275,95.5054,4.199839,,6286.0,0.0,0.00603,100.0,3.9975614618002355
3208.0,0.95052,2.60303,95.5157,4.199839,,6287.0,0.0,0.00603,100.0,3.9707920281380233
3209.0,0.95052,2.60331,95.526,4.200149,,6288.0,0.0,0.00603,100.0,3.97981082609938
3210.0,0.95424,2.60355,95.535,4.200149,,6289.0,0.0,0.00603,100.0,3.9779049409081444
3211.0,0.95238,2.60387,95.5465,4.199839,,6290.0,0.0,0.00603,100.0,3.980763985668528
3212.0,0.94866,2.60411,95.5555,4.200149,,6291.0,0.0,0.00603,100.0,3.9760274873009007
3213.0,0.94494,2.60439,95.5657,4.200149,,6292.0,0.0,0.00603,100.0,3.974468189975451
3214.0,0.9468,2.60467,95.5759,4.200149,,6294.0,0.0,0.00603,100.0,3.9964696278630765
3215.0,0.9468,2.60495,95.5862,4.199839,,6295.0,0.0,0.00603,100.0,3.985931876603269
3216.0,0.95052,2.60523,95.5965,4.200149,,6296.0,0.0,0.00603,100.0,3.9979085101607748
3217.0,0.94494,2.6055,95.6067,4.200149,,6297.0,0.0,0.00603,100.0,3.9796026548887253
3218.0,0.94308,2.60578,95.6168,4.200149,,6298.0,0.0,0.00603,100.0,3.975270925091574
3219.0,0.94308,2.60602,95.6257,4.200149,,6299.0,0.0,0.00603,100.0,3.981803243646998
3220.0,0.94308,2.6063,95.6359,4.200149,,6300.0,0.0,0.00603,100.0,3.962421295488206
3221.0,0.93936,2.60658,95.6462,4.200149,,6301.0,0.0,0.00603,100.0,3.975432944679069
3222.0,0.94122,2.60686,95.6563,4.200149,,6302.0,0.0,0.00603,100.0,3.9771502172149553
3223.0,0.94308,2.60713,95.6665,4.200149,,6303.0,0.0,0.00603,100.0,3.973353026910091
3224.0,0.9375,2.60741,95.6766,4.200149,,6304.0,0.0,0.00603,100.0,3.964759460818927
3225.0,0.94122,2.60767,95.686,4.199839,,6305.0,0.0,0.00603,100.0,3.972872882655154
3226.0,0.9375,2.60794,95.6959,4.200149,,6306.0,0.0,0.00603,100.0,3.962417771822179
3227.0,0.9375,2.60821,95.706,4.199839,,6307.0,0.0,0.00603,100.0,3.995751589609596
3228.0,0.93564,2.60849,95.7161,4.199839,,6308.0,0.0,0.00603,100.0,3.983137171073385
3229.0,0.93006,2.60876,95.7262,4.199839,,6309.0,0.0,0.00603,100.0,3.9741274925352204
3231.0,0.93564,2.60904,95.7364,4.200149,,6309.0,0.0,0.00603,100.0,3.9767612029538113
3232.0,0.93006,2.60932,95.7465,4.200149,,,,,,
3233.0,0.93564,2.60959,95.7566,4.199839,,6309.0,-0.67336,0.0,0.0,3.929886972590989
3234.0,0.93006,2.60987,95.7667,4.200149,,6310.0,-0.67336,0.00021,2.1142,3.96625900690769
3235.0,0.93006,2.61014,95.7768,4.200149,,6311.0,-0.6715,0.00039,3.9741,3.9526100880616286
3236.0,0.93006,2.61041,95.7868,4.200149,,6312.0,-0.67336,0.00059,6.0089,3.9395974790848993
3237.0,0.93378,2.61069,95.7969,4.200149,,6313.0,-0.67522,0.00078,8.049,3.9536228157792674
3238.0,0.92634,2.61096,95.8069,4.200149,,6314.0,-0.67522,0.00098,10.089,3.9388088228046527
3239.0,0.93006,2.61123,95.8169,4.200149,,6315.0,-0.67336,0.00116,11.8747,3.957565059137377
3240.0,0.92448,2.61148,95.8259,4.199839,,6316.0,-0.67708,0.00135,13.8936,3.952499578494884
3241.0,0.92448,2.61175,95.836,4.200149,,6317.0,-0.67336,0.00155,15.8966,3.93827772282797
3242.0,0.92634,2.61199,95.8448,4.200149,,6318.0,-0.67522,0.00175,17.9366,3.939229324706127
3243.0,0.93006,2.61227,95.8548,4.199839,,6319.0,-0.67708,0.00195,19.9767,3.971196707495044
3244.0,0.92262,2.61254,95.8648,4.200149,,6320.0,-0.67708,0.00215,22.0167,3.932080553766994
3245.0,0.92262,2.61281,95.8747,4.200149,,6321.0,-0.67522,0.00235,24.0568,3.9408220076201164
3246.0,0.92262,2.61308,95.8847,4.200149,,6322.0,-0.67522,0.00254,26.0969,3.9451572382509754
3247.0,0.92262,2.61335,95.8947,4.200149,,6323.0,-0.67336,0.00274,28.1316,3.9352929425359524
3248.0,0.92076,2.61363,95.9047,4.200149,,6325.0,-0.67708,0.00294,30.1558,3.949923868497621
3249.0,0.92262,2.6139,95.9146,4.200149,,6326.0,-0.67708,0.00314,32.1905,3.9144346748871985
3250.0,0.92448,2.61417,95.9246,4.200149,,6327.0,-0.67522,0.00331,33.9763,3.9617694548407623
3252.0,0.92076,2.61444,95.9345,4.200149,,6328.0,-0.67522,0.00351,36.0163,3.942130908927428
3253.0,0.9189,2.61471,95.9444,4.199839,,6329.0,-0.67336,0.0037,37.9186,3.9526262344587106
3254.0,0.9189,2.61499,95.9548,4.200149,,6330.0,-0.67336,0.00391,40.1123,3.944546498367585
3255.0,0.91518,2.61526,95.9647,4.199839,,6331.0,-0.6715,0.00411,42.1471,3.953323902343389
3256.0,0.9189,2.61552,95.9741,4.200149,,6332.0,-0.67522,0.00431,44.1819,3.9270898094720703
3257.0,0.91704,2.61579,95.984,4.199839,,6333.0,-0.67894,0.00451,46.2219,3.9418913451478415
3258.0,0.91704,2.61606,95.9939,4.200149,,6334.0,-0.67336,0.00471,48.262,3.9364852081734334
3259.0,0.91332,2.61633,96.0038,4.199839,,6335.0,-0.67708,0.00491,50.302,3.9417883051422673
3260.0,0.9189,2.6166,96.0136,4.200149,,6336.0,-0.67522,0.00511,52.411,3.951635594838782
3261.0,0.91146,2.61686,96.0234,4.200149,,6337.0,-0.67522,0.00524,53.7198,3.9475718445105814
3262.0,0.91332,2.6171,96.0321,4.200149,,6337.0,-1.35417,0.00524,53.7198,3.914656335762832
3263.0,0.9096,2.61737,96.0419,4.200149,,6338.0,-1.35417,0.00565,57.9536,3.909360969886305
3264.0,0.9096,2.61763,96.0517,4.200149,,6339.0,-1.35045,0.00602,61.7635,3.913114203347535
3265.0,0.90774,2.6179,96.0615,4.200149,,6340.0,-1.35045,0.00642,65.8436,3.930692197783738
3266.0,0.90588,2.61817,96.0714,4.200149,,6341.0,-1.35417,0.00682,69.9237,3.914892264933984
3267.0,0.9096,2.61844,96.0813,4.200149,,6342.0,-1.35417,0.00721,73.9667,3.91037508423284
3268.0,0.90588,2.61871,96.091,4.200149,,6343.0,-1.35417,0.00756,77.5488,3.919238503917549
3269.0,0.9096,2.61897,96.1009,4.200149,,6344.0,-1.35231,0.00796,81.6289,3.91362189005069
3270.0,0.90402,2.61922,96.1101,4.199839,,6345.0,-1.35231,0.00836,85.7143,3.907821995050011
3271.0,0.90216,2.61946,96.1187,4.199839,,6346.0,-1.35417,0.00876,89.7997,3.90805730086014
3272.0,0.90402,2.61973,96.1285,4.199839,,6347.0,-1.35417,0.00915,93.8798,3.9145897657020066
3273.0,0.9003,2.61999,96.1383,4.200149,,6348.0,-1.35045,0.00955,97.9599,3.8975564093405564
3275.0,0.90216,2.62026,96.148,4.200149,,6349.0,-1.35045,0.00975,100.0,3.8983661865957204
3276.0,0.90216,2.62052,96.1577,4.199839,,6349.0,-1.35045,0.00975,100.0,3.898654504094178
3277.0,0.9003,2.62079,96.1675,4.199839,,,,,,
3278.0,0.89844,2.62105,96.1772,4.200149,,6349.0,0.66964,0.0,0.0,3.987491452570848
3279.0,0.90402,2.62132,96.1869,4.199839,,6350.0,0.66964,0.00019,12.7995,3.9975025833196915
3280.0,0.89844,2.62158,96.1967,4.200149,,6351.0,0.66964,0.0004,26.6256,3.9935823867466014
3281.0,0.9003,2.62185,96.2064,4.200149,,6352.0,0.66778,0.0006,39.6646,3.9997460297416505
3282.0,0.891,2.62211,96.216,4.199839,,6353.0,0.66964,0.00078,51.7454,4.021634400319162
3283.0,0.89472,2.62238,96.226,4.199839,,6354.0,0.66964,0.00097,64.0315,4.004719089022693
3284.0,0.89658,2.62265,96.2357,4.199839,,6355.0,0.66964,0.00116,77.1047,4.006019908795162
3285.0,0.89658,2.62291,96.2454,4.200149,,6356.0,0.66964,0.00136,90.1437,4.005916147427068
3286.0,0.9003,2.62317,96.255,4.200149,,6357.0,0.66964,0.00151,100.0,4.010350602920092
3287.0,0.89472,2.62344,96.2647,4.200149,,6357.0,0.0,0.00151,100.0,3.965808087906567
3288.0,0.89286,2.6237,96.2743,4.200149,,6358.0,0.0,0.00151,100.0,3.9850285999224693
3289.0,0.891,2.62396,96.284,4.200149,,6359.0,0.0,0.00151,100.0,3.9721775443744916
3290.0,0.88542,2.62423,96.2936,4.199839,,6360.0,0.0,0.00151,100.0,3.9727738114071203
3291.0,0.88914,2.62449,96.3032,4.200149,,6361.0,0.0,0.00151,100.0,3.9882423153536606
3293.0,0.88914,2.62475,96.3129,4.200149,,6362.0,0.0,0.00151,100.0,3.9636631735457826
3294.0,0.88728,2.62501,96.3225,4.200149,,6363.0,0.0,0.00151,100.0,3.972641037165646
3295.0,0.88914,2.62527,96.3321,4.199839,,6364.0,0.0,0.00151,100.0,3.9637428895093803
3296.0,0.88914,2.62554,96.3417,4.200149,,6365.0,0.0,0.00151,100.0,3.9787184608630546
3297.0,0.88542,2.6258,96.3513,4.200149,,6366.0,0.0,0.00151,100.0,3.972569648252124
3298.0,0.8817,2.62605,96.3605,4.200149,,6367.0,0.0,0.00151,100.0,3.9685699360311237
3299.0,0.88356,2.6263,96.3697,4.200149,,6368.0,0.0,0.00151,100.0,3.9554913834462266
3300.0,0.88356,2.62656,96.3792,4.199839,,6369.0,0.0,0.00151,100.0,3.977744271487522
3301.0,0.88542,2.6268,96.3881,4.200149,,6371.0,0.0,0.00151,100.0,3.9668326667753275
3302.0,0.88542,2.62706,96.3976,4.200149,,6372.0,0.0,0.00151,100.0,3.9698359176014484
3303.0,0.87798,2.62732,96.4072,4.200149,,6373.0,0.0,0.00151,100.0,3.9726122186447803
3304.0,0.87612,2.62758,96.4167,4.199839,,6373.0,0.0,0.00151,100.0,3.9700393632084676
3305.0,0.87798,2.62784,96.4262,4.200149,,6373.0,0.0,0.00151,100.0,3.983078998093235
3306.0,0.87984,2.6281,96.4358,4.199839,,,,,,
3307.0,0.8817,2.62836,96.4453,4.200149,,6373.0,-0.66964,0.0,0.0,3.935861329859028
3308.0,0.87798,2.62862,96.4548,4.199839,,6374.0,-0.67522,0.0002,0.9374,3.940107951026206
3309.0,0.8817,2.62888,96.4643,4.200149,,6375.0,-0.67522,0.00041,1.9716,3.940591738002752
3310.0,0.87984,2.62913,96.4738,4.200149,,6376.0,-0.67336,0.00061,2.9264,3.9439346613587434
3311.0,0.8817,2.62939,96.4832,4.200149,,6377.0,-0.67522,0.00078,3.7646,3.9525085883448976
3313.0,0.8817,2.62963,96.492,4.199839,,6378.0,-0.67336,0.00099,4.7616,3.9388667802519577
3314.0,0.87612,2.6299,96.5018,4.200149,,6379.0,-0.67336,0.00117,5.6246,3.956827973037263
3315.0,0.8724,2.63016,96.5113,4.200149,,6380.0,-0.67522,0.00137,6.5794,3.946970809349386
3316.0,0.87984,2.63042,96.5207,4.199839,,6381.0,-0.67522,0.00157,7.5391,3.9275446631915822
3317.0,0.87612,2.63067,96.5302,4.200149,,6382.0,-0.67708,0.00175,8.3947,3.941975851320284
3318.0,0.86868,2.63093,96.5396,4.200149,,6383.0,-0.67522,0.00195,9.3421,3.943952958715877
3319.0,0.8724,2.63119,96.5491,4.200149,,6384.0,-0.67708,0.00214,10.2944,3.9474616411026178
3320.0,0.87426,2.63144,96.5585,4.199839,,6385.0,-0.67708,0.00234,11.2492,3.933684619593867
3321.0,0.86868,2.6317,96.5679,4.199839,,6386.0,-0.67522,0.00254,12.204,3.9511355223641176
3322.0,0.87054,2.63196,96.5773,4.200149,,6388.0,-0.67522,0.00274,13.1538,3.9423776981654024
3323.0,0.86496,2.63221,96.5867,4.199839,,6389.0,-0.67708,0.00294,14.0987,3.940201798772541
3324.0,0.86496,2.63247,96.5961,4.199839,,6390.0,-0.67708,0.00314,15.0534,3.9412486915195992
3325.0,0.86682,2.63272,96.6054,4.200149,,6391.0,-0.67708,0.00333,15.9636,3.935252029356058
3326.0,0.8724,2.63298,96.6148,4.200149,,6392.0,-0.67336,0.00352,16.8985,3.9405740762494106
3327.0,0.86682,2.63323,96.6242,4.199839,,6393.0,-0.67708,0.00371,17.8087,3.925435809520664
3328.0,0.86124,2.63347,96.633,4.199839,,6394.0,-0.67894,0.00391,18.7635,3.94492501237995
3329.0,0.86124,2.6337,96.6412,4.200149,,6395.0,-0.67336,0.00411,19.7183,3.9564062834653826
3330.0,0.86124,2.63395,96.6505,4.200149,,6396.0,-0.67522,0.00431,20.6631,3.9461187384689294
3331.0,0.86124,2.63421,96.6598,4.200149,,6397.0,-0.67522,0.00448,21.4989,3.951844571387572
3332.0,0.8631,2.63446,96.6692,4.199839,,6398.0,-0.67522,0.00468,22.4537,3.9387641972197924
3334.0,0.8631,2.63471,96.6785,4.199839,,6399.0,-0.67522,0.00488,23.4432,3.932797133219857
3335.0,0.8631,2.63497,96.6878,4.199839,,6400.0,-0.67708,0.00506,24.2814,3.928937228306098
3336.0,0.85938,2.63522,96.6971,4.199839,,6401.0,-0.67522,0.00526,25.2337,3.9403916583560714
3337.0,0.85938,2.63547,96.7064,4.200149,,6402.0,-0.67522,0.00546,26.1885,3.9410276635986374
3338.0,0.8631,2.63573,96.7156,4.200149,,6403.0,-0.67336,0.00565,27.1334,3.934869814971427
3339.0,0.85938,2.63598,96.7249,4.199839,,6404.0,-0.67336,0.00583,27.9716,3.9344601791401606
3340.0,0.85938,2.63623,96.7342,4.199839,,6405.0,-0.67522,0.00603,28.9264,3.940964803023748
3341.0,0.85938,2.63649,96.7435,4.200149,,6406.0,-0.67522,0.00623,29.8787,3.921850167107742
3342.0,0.85751,2.63674,96.7528,4.200149,,6407.0,-0.67336,0.00642,30.8335,3.929128219086257
3343.0,0.85007,2.637,96.7625,4.199839,,6408.0,-0.67336,0.00662,31.7883,3.952403076089714
3344.0,0.85751,2.63726,96.7718,4.199839,,6409.0,-0.67336,0.00682,32.7406,3.939864139402533
3345.0,0.85007,2.63751,96.781,4.199839,,6410.0,-0.67336,0.00702,33.6929,3.9335971154872023
3346.0,0.85565,2.63776,96.7902,4.200149,,6411.0,-0.67708,0.00722,34.6378,3.93297004454564
3347.0,0.85565,2.63798,96.7982,4.200149,,6412.0,-0.67708,0.00739,35.4735,3.94813180037192
3348.0,0.85565,2.63823,96.8075,4.199839,,6413.0,-0.67336,0.00759,36.4383,3.9438539174361664
3349.0,0.85007,2.63848,96.8167,4.200149,,6414.0,-0.67708,0.00779,37.4079,3.9215956513825794
3350.0,0.85751,2.63873,96.8259,4.200149,,6415.0,-0.67708,0.00797,38.2561,3.9402840315727192
3351.0,0.85007,2.63898,96.8351,4.200149,,6417.0,-0.67522,0.00817,39.2084,3.9402940281752863
3352.0,0.84449,2.63923,96.8442,4.200149,,6418.0,-0.67522,0.00837,40.1632,3.9414695371361197
3353.0,0.85007,2.63945,96.8523,4.200149,,6419.0,-0.67522,0.00857,41.1155,3.9453725121036483
3355.0,0.85007,2.6397,96.8614,4.200149,,6420.0,-0.67336,0.00876,42.0678,3.944786590693804
3356.0,0.85007,2.63995,96.8706,4.199839,,6421.0,-0.67522,0.00896,43.0226,3.9330151579398014
3357.0,0.84449,2.6402,96.8797,4.200149,,6422.0,-0.67708,0.00916,43.9749,3.9253102867242458
3358.0,0.83891,2.64044,96.8886,4.199839,,6423.0,-0.67522,0.00936,44.9272,3.9525057380819733
3359.0,0.84635,2.64069,96.8977,4.200149,,6424.0,-0.67336,0.00956,45.8795,3.942384589117105
3360.0,0.84077,2.64094,96.9068,4.200149,,6425.0,-0.67336,0.00976,46.8343,3.9328034198414676
3361.0,0.84263,2.64115,96.9148,4.200149,,6426.0,-0.67336,0.00996,47.7891,3.9376159476429917
3362.0,0.84821,2.6414,96.924,4.200149,,6427.0,-0.67336,0.01015,48.7315,3.9213057243718588
3363.0,0.83891,2.64165,96.9331,4.199839,,6428.0,-0.67522,0.01033,49.5697,3.929522235359436
3364.0,0.84635,2.6419,96.9422,4.199839,,6429.0,-0.67522,0.01053,50.5493,3.934767211024795
3365.0,0.83891,2.64215,96.9512,4.200149,,6430.0,-0.67522,0.01073,51.4917,3.927534596778923
3366.0,0.84263,2.6424,96.9604,4.200149,,6431.0,-0.67522,0.01093,52.4465,3.9263170907912532
3367.0,0.84263,2.64264,96.9694,4.199839,,6432.0,-0.67336,0.0111,53.2822,3.9229030849655304
3368.0,0.84077,2.64289,96.9783,4.200149,,6433.0,-0.67708,0.0113,54.237,3.9192545736180566
3369.0,0.83891,2.6431,96.9863,4.199839,,6434.0,-0.67708,0.0115,55.1918,3.9228537275366904
3370.0,0.83705,2.64335,96.9953,4.200149,,6435.0,-0.6715,0.0117,56.1367,3.928886613507805
3371.0,0.83705,2.6436,97.0044,4.200149,,6436.0,-0.6715,0.01187,56.9724,3.914723656034952
3372.0,0.83519,2.64384,97.0134,4.199839,,6437.0,-0.67708,0.01207,57.9272,3.9306717864295706
3373.0,0.83891,2.6441,97.0228,4.200149,,6438.0,-0.67522,0.01227,58.882,3.9253415296652245
3374.0,0.83705,2.64434,97.0319,4.199839,,6439.0,-0.6715,0.01248,59.8988,3.9359750062889867
3375.0,0.83705,2.64459,97.0409,4.200149,,6440.0,-0.67708,0.01268,60.8362,3.9398143427133876
3376.0,0.83519,2.64484,97.0499,4.199839,,6441.0,-0.67336,0.01285,61.6745,3.939065484091236
3377.0,0.83705,2.64505,97.0578,4.200149,,6443.0,-0.67522,0.01305,62.6268,3.9305005338648
3378.0,0.83519,2.6453,97.0668,4.200149,,6444.0,-0.67708,0.01325,63.5816,3.94289399158542
3380.0,0.83333,2.64554,97.0758,4.199839,,6445.0,-0.67708,0.01345,64.5364,3.9271822088371526
3381.0,0.83519,2.64579,97.0848,4.200149,,6446.0,-0.67522,0.01365,65.4912,3.9342450739933437
3382.0,0.83333,2.64603,97.0938,4.199839,,6447.0,-0.67336,0.01384,66.436,3.95821465753834
3383.0,0.83147,2.64628,97.1028,4.200149,,6448.0,-0.67336,0.01404,67.3883,3.9461059456965866
3384.0,0.83519,2.64652,97.1118,4.200149,,6449.0,-0.67336,0.01425,68.3853,3.941191142276048
3385.0,0.82961,2.64677,97.1207,4.199839,,6450.0,-0.67708,0.01442,69.231,3.93373171733004
3386.0,0.83147,2.64701,97.1297,4.200149,,6451.0,-0.67708,0.01462,70.1857,3.949001496663567
3387.0,0.82589,2.64725,97.1387,4.199839,,6452.0,-0.67522,0.01482,71.1281,3.9229749148253625
3388.0,0.82961,2.6475,97.1478,4.200149,,6453.0,-0.67708,0.01502,72.0829,3.93929275633067
3389.0,0.82775,2.64774,97.1564,4.199839,,6454.0,-0.67336,0.01522,73.0377,3.939700939159862
3390.0,0.82775,2.64798,97.1654,4.200149,,6455.0,-0.67336,0.01542,73.99,3.9372380299767102
3391.0,0.82961,2.64823,97.1743,4.200149,,6456.0,-0.67894,0.01562,74.9473,3.922040540493679
3392.0,0.82589,2.64847,97.1832,4.200149,,6457.0,-0.67336,0.0158,75.8376,3.9246802106758354
3393.0,0.82775,2.64871,97.1922,4.200149,,6458.0,-0.6715,0.016,76.8172,3.920980672588791
3394.0,0.82589,2.64896,97.2011,4.200149,,6459.0,-0.67708,0.0162,77.7522,3.9353420905701304
3395.0,0.82217,2.6492,97.21,4.199839,,6460.0,-0.66964,0.01631,78.2928,3.9352225330645494
3396.0,0.81845,2.64944,97.2188,4.200149,,6460.0,-1.35045,0.01631,78.2928,3.9095898517211167
3397.0,0.81845,2.64968,97.2277,4.200149,,6461.0,-1.35603,0.01673,80.2768,3.8834453576287586
3399.0,0.81845,2.64992,97.2366,4.200149,,6462.0,-1.35045,0.0171,82.0797,3.899475051149407
3400.0,0.82217,2.65017,97.2455,4.200149,,6463.0,-1.35045,0.01745,83.7562,3.9122918067627306
3401.0,0.82031,2.65041,97.2543,4.199839,,6464.0,-1.35045,0.01785,85.6657,3.9011350595514305
3402.0,0.82403,2.65065,97.2631,4.200149,,6465.0,-1.35417,0.01825,87.5778,3.8963612544526094
3403.0,0.81845,2.65087,97.2715,4.200149,,6466.0,-1.35045,0.01864,89.4874,3.922290782870622
3404.0,0.82031,2.6511,97.2797,4.199839,,6467.0,-1.35045,0.01904,91.3995,3.9042117315042626
3405.0,0.81659,2.65134,97.2885,4.200149,,6468.0,-1.35045,0.01944,93.3115,3.905332347709782
3406.0,0.81473,2.65158,97.2973,4.199839,,6469.0,-1.35231,0.01984,95.2211,3.897432790561955
3407.0,0.81659,2.65182,97.3061,4.200149,,6470.0,-1.35045,0.02024,97.1331,3.8767128411000655
3408.0,0.81473,2.65206,97.3149,4.199839,,6471.0,-1.35231,0.02064,99.0427,3.9229331971302672
3409.0,0.81473,2.6523,97.3237,4.200149,,6472.0,-1.35417,0.02083,100.0,3.8923987687918724
3410.0,0.81287,2.65254,97.3325,4.200149,,6472.0,-1.35417,0.02083,100.0,3.901492046040366
3411.0,0.81473,2.65278,97.3413,4.200149,,,,,,
3412.0,0.81659,2.65302,97.3501,4.200149,,6472.0,0.6715,0.0,0.0,3.973619661317024
3413.0,0.81101,2.65326,97.3589,4.200149,,6473.0,0.6715,0.00019,12.7943,3.975859877469328
3414.0,0.81101,2.6535,97.3676,4.200149,,6474.0,0.6715,0.0004,26.3733,3.9719795768844546
3415.0,0.80915,2.65373,97.3764,4.200149,,6475.0,0.6715,0.00059,38.7922,3.972490868682795
3416.0,0.81101,2.65397,97.3852,4.199839,,6476.0,0.6715,0.00078,51.2453,3.9835338746638493
3417.0,0.80915,2.65421,97.3939,4.199839,,6477.0,0.6715,0.00097,64.0396,3.984913816295294
3418.0,0.80915,2.65443,97.4018,4.199839,,6478.0,0.6715,0.00117,77.1068,3.9863324500897632
3419.0,0.80915,2.65465,97.4099,4.200149,,6479.0,0.6715,0.00137,90.174,3.9941156302434395
3421.0,0.80729,2.65489,97.4186,4.199839,,6480.0,0.6715,0.00151,100.0,3.998311149621254
3422.0,0.80543,2.65512,97.4274,4.200149,,6480.0,0.0,0.00151,100.0,3.972807340471246
3423.0,0.80729,2.65536,97.4361,4.200149,,6481.0,0.0,0.00151,100.0,3.9709262421265326
3424.0,0.80729,2.6556,97.4448,4.200149,,6482.0,0.0,0.00151,100.0,3.9594615128577253
3425.0,0.80357,2.65583,97.4535,4.200149,,6483.0,0.0,0.00151,100.0,3.9555306942084036
3426.0,0.80543,2.65607,97.4622,4.200149,,6484.0,0.0,0.00151,100.0,3.963627614246714
3427.0,0.80543,2.65631,97.4709,4.199839,,6486.0,0.0,0.00151,100.0,3.9915180257199183
3428.0,0.80357,2.65655,97.4796,4.200149,,6487.0,0.0,0.00151,100.0,3.956987137837155
3429.0,0.80171,2.65678,97.4882,4.200149,,6488.0,0.0,0.00151,100.0,3.954651916098322
3430.0,0.80171,2.65702,97.4969,4.200149,,6489.0,0.0,0.00151,100.0,3.9697973990572923
3431.0,0.80171,2.65725,97.5055,4.200149,,6490.0,0.0,0.00151,100.0,3.9700795176577555
3432.0,0.80171,2.65749,97.5142,4.200149,,6491.0,0.0,0.00151,100.0,3.976423049064852
3433.0,0.79613,2.65771,97.5224,4.199839,,6492.0,0.0,0.00151,100.0,3.975476414382136
3434.0,0.80171,2.65793,97.5304,4.200149,,6493.0,0.0,0.00151,100.0,3.9390291629707375
3435.0,0.79985,2.65817,97.5391,4.200149,,6494.0,0.0,0.00151,100.0,3.9539119856175455
3436.0,0.79799,2.6584,97.5477,4.199839,,6495.0,0.0,0.00151,100.0,3.9676700779592426
3437.0,0.79613,2.65864,97.5563,4.200149,,6496.0,0.0,0.00151,100.0,3.961135607294151
3438.0,0.79613,2.65887,97.5649,4.200149,,6496.0,0.0,0.00151,100.0,4.001394327091882
3439.0,0.79613,2.65911,97.5735,4.200149,,6496.0,0.0,0.00151,100.0,3.959575510121432
3441.0,0.79613,2.65934,97.5821,4.200149,,,,,,
3442.0,0.79613,2.65957,97.5907,4.199839,,6496.0,-0.67522,0.0,0.0,3.9437065272581697
3443.0,0.79241,2.65981,97.5993,4.200149,,6497.0,-0.67522,0.00019,0.4733,3.9390084740734244
3444.0,0.79241,2.66004,97.6079,4.200149,,6498.0,-0.6715,0.00037,0.9052,3.9367047693266617
3445.0,0.79241,2.66028,97.6164,4.200149,,6499.0,-0.67522,0.00058,1.4024,3.9346307787042303
3446.0,0.79241,2.66048,97.6239,4.200149,,6500.0,-0.67336,0.00075,1.8255,3.943952465994166
3447.0,0.79055,2.66071,97.6325,4.199839,,6501.0,-0.67522,0.00095,2.3089,3.9509831577566055
3448.0,0.79055,2.66095,97.6412,4.199839,,6502.0,-0.67708,0.00115,2.791,3.958342666526482
3449.0,0.79055,2.66116,97.6488,4.200149,,6503.0,-0.67522,0.00135,3.2744,3.934119044803349
3450.0,0.78869,2.66139,97.6574,4.200149,,6504.0,-0.67708,0.00155,3.7577,3.9110626648855846
3451.0,0.78869,2.66162,97.6659,4.199839,,6505.0,-0.67522,0.00174,4.2361,3.9357840013775074
3452.0,0.78683,2.66186,97.6745,4.199839,,6506.0,-0.67522,0.00192,4.6604,3.9072877833858772
3453.0,0.78683,2.66209,97.683,4.200149,,6507.0,-0.67522,0.00212,5.1426,3.9166001412782574
3454.0,0.78683,2.66232,97.6915,4.200149,,6508.0,-0.6715,0.00232,5.6259,3.9284767616723277
3455.0,0.78683,2.66255,97.7,4.200149,,6509.0,-0.67522,0.00252,6.1131,3.9409960039083574
3456.0,0.78497,2.66278,97.7085,4.199839,,6510.0,-0.67522,0.0027,6.5726,3.937739411020336
3457.0,0.78497,2.66301,97.7169,4.200149,,6511.0,-0.6715,0.00289,7.0283,3.9404800826515554
3458.0,0.78125,2.66325,97.7254,4.200149,,6513.0,-0.6715,0.00309,7.5117,3.9381393060482033
3459.0,0.78311,2.66348,97.7339,4.200149,,6514.0,-0.67708,0.00329,7.9938,3.94279403286087
3460.0,0.78125,2.66371,97.7423,4.200149,,6515.0,-0.67522,0.00349,8.4772,3.9349146088325138
3461.0,0.78125,2.66394,97.7508,4.200149,,6516.0,-0.67522,0.00369,8.9593,3.9340227210279655
3462.0,0.77939,2.66414,97.7582,4.199839,,6517.0,-0.67708,0.00389,9.4427,3.9289582428721017
3464.0,0.77939,2.66437,97.7666,4.200149,,6518.0,-0.67522,0.00409,9.9261,3.9515395896059067
3465.0,0.77939,2.6646,97.775,4.200149,,6519.0,-0.67522,0.00426,10.3542,3.9344912980220235
3466.0,0.77753,2.66483,97.7835,4.199839,,6520.0,-0.67894,0.00446,10.8426,3.9099972611549965
3467.0,0.77753,2.66506,97.7919,4.199839,,6521.0,-0.67522,0.00464,11.2669,3.9211839860860884
3468.0,0.77753,2.66529,97.8006,4.200149,,6522.0,-0.6715,0.00484,11.749,3.9194746305604484
3469.0,0.77567,2.66552,97.8089,4.199839,,6523.0,-0.67522,0.00504,12.25,3.9327576070667494
3470.0,0.77567,2.66573,97.8164,4.200149,,6524.0,-0.67708,0.00524,12.7334,3.91822469504214
3471.0,0.77567,2.66595,97.8248,4.200149,,6525.0,-0.67522,0.00544,13.2155,3.9452062706358344
3472.0,0.77381,2.66618,97.8332,4.200149,,6526.0,-0.6715,0.00564,13.6989,3.9245086226751007
3473.0,0.77381,2.66641,97.8415,4.200149,,6527.0,-0.67522,0.00584,14.1822,3.944089517520008
3474.0,0.77381,2.66664,97.8499,4.199839,,6528.0,-0.67336,0.00604,14.6643,3.925291593888228
3475.0,0.77381,2.66687,97.8583,4.200149,,6529.0,-0.67336,0.00623,15.1465,3.924339582061935
3476.0,0.77381,2.6671,97.8667,4.200149,,6530.0,-0.67522,0.00641,15.5746,3.945832828573811
3477.0,0.77195,2.66732,97.875,4.200149,,6531.0,-0.67522,0.00656,15.9399,3.9324677686129115
3478.0,0.77195,2.66755,97.8834,4.200149,,6531.0,-5.40737,0.00656,15.9399,3.7435800242982906
3479.0,0.77009,2.66778,97.8917,4.200149,,6532.0,-5.40551,0.00826,20.063,3.743126297317111
3480.0,0.77009,2.668,97.9,4.199839,,6533.0,-5.40923,0.00985,23.9325,3.7142581665876153
3481.0,0.76823,2.66823,97.9083,4.200149,,6534.0,-5.40923,0.01144,27.802,3.720620117214734
3482.0,0.76823,2.66843,97.9157,4.200149,,6535.0,-5.40923,0.01303,31.6715,3.7199792631729096
3483.0,0.76823,2.66865,97.9239,4.200149,,6536.0,-5.40923,0.01463,35.5409,3.7096220920346865
3484.0,0.76637,2.66888,97.9322,4.200149,,6537.0,-5.40737,0.01622,39.4104,3.7063459960173404
3486.0,0.76451,2.66911,97.9405,4.200149,,6539.0,-5.40923,0.01781,43.2799,3.7139729849831205
3487.0,0.76451,2.66933,97.9487,4.200149,,6539.0,-5.40923,0.01861,45.2146,3.7122007092203377
3488.0,0.76637,2.66953,97.9559,4.200149,,6539.0,-3.37426,0.01861,45.2146,3.783953178116324
3489.0,0.76451,2.66975,97.9642,4.200149,,6540.0,-3.37798,0.01957,47.5411,3.781335086624172
3490.0,0.76451,2.66998,97.9724,4.200149,,6541.0,-3.37984,0.0205,49.8211,3.776903669602168
3491.0,0.76265,2.6702,97.9807,4.200149,,6542.0,-3.3817,0.02154,52.3296,3.769810769490195
3492.0,0.76265,2.67043,97.9889,4.200149,,6543.0,-3.37984,0.02242,54.474,3.7873468391447083
3493.0,0.76079,2.67065,97.9972,4.200149,,6544.0,-3.37798,0.02341,56.8921,3.772182128553812
3494.0,0.76079,2.67087,98.0054,4.200149,,6545.0,-3.37984,0.02441,59.309,3.7700782171816902
3495.0,0.75893,2.6711,98.0136,4.200149,,6546.0,-3.37984,0.0254,61.7271,3.770717021008249
3496.0,0.75707,2.67132,98.0218,4.200149,,6547.0,-3.37798,0.0264,64.1439,3.766616514104617
3497.0,0.75893,2.67154,98.0299,4.200149,,6548.0,-3.37798,0.02739,66.562,3.7870050970344615
3498.0,0.75707,2.67175,98.0375,4.200149,,6549.0,-3.37984,0.02839,68.9801,3.7783375010684024
3499.0,0.75893,2.67197,98.0457,4.200149,,6551.0,-3.37798,0.02937,71.3744,3.75795960308971
3500.0,0.75707,2.6722,98.0538,4.200149,,6552.0,-3.37984,0.03033,73.7009,3.7654636384260005
3501.0,0.75521,2.67242,98.062,4.200149,,6553.0,-3.37798,0.0312,75.8227,3.7777931732172494
3502.0,0.75521,2.67264,98.0701,4.200149,,6554.0,-3.37798,0.03221,78.2634,3.758821503888233
3503.0,0.75521,2.67286,98.0783,4.200149,,6555.0,-3.37798,0.0332,80.6802,3.7625012408406135
3504.0,0.75335,2.67306,98.0855,4.200149,,6556.0,-3.37798,0.0342,83.0984,3.7659317089750872
3505.0,0.75335,2.67328,98.0936,4.200149,,6557.0,-3.37426,0.03519,85.5152,3.7522815259252713
3506.0,0.75149,2.6735,98.1017,4.200149,,6558.0,-3.38356,0.03619,87.9333,3.7734770404791393
3507.0,0.75149,2.67372,98.1099,4.200149,,6559.0,-3.37798,0.03718,90.3514,3.7696459941438616
3509.0,0.75149,2.67394,98.118,4.200149,,6560.0,-3.37984,0.03818,92.7708,3.7584277247304057
3510.0,0.74963,2.67416,98.1261,4.200149,,6561.0,-3.37798,0.03917,95.1876,3.7649828328489727
3511.0,0.74963,2.67439,98.1342,4.200149,,6562.0,-3.37798,0.04017,97.6057,3.745968237540885
3512.0,0.74777,2.67461,98.1423,4.200149,,6563.0,-3.37984,0.04115,100.0,3.7541667732079915
3513.0,0.74777,2.67483,98.1506,4.200149,,6563.0,-3.37984,0.04115,100.0,3.7572770542108813
3514.0,0.74777,2.67504,98.1581,4.200149,,6563.0,-3.37984,0.04115,100.0,3.7678811596061346
3515.0,0.74591,2.67526,98.1661,4.200149,,,,,,
3516.0,0.74591,2.67548,98.1742,4.200149,,6563.0,1.34859,0.0,0.0,3.965587903478168
3517.0,0.74405,2.67567,98.1813,4.200149,,6564.0,1.34487,0.00041,13.4872,3.9655573969476197
3518.0,0.74405,2.67589,98.1895,4.200149,,6565.0,1.34673,0.0008,26.4957,3.9543007743951963
3519.0,0.74405,2.67611,98.1976,4.199839,,6566.0,1.34301,0.00119,39.2479,3.9562711587510093
3520.0,0.74405,2.67633,98.2056,4.200149,,6567.0,1.34673,0.00153,50.7521,3.967200727194003
3521.0,0.74219,2.67655,98.2137,4.200149,,6568.0,1.34673,0.00193,63.8803,3.9674148032768612
3522.0,0.74219,2.67677,98.2217,4.200149,,6569.0,1.34859,0.00233,76.9915,3.976817611596552
3523.0,0.74219,2.67699,98.2297,4.200149,,6570.0,1.34673,0.00272,90.1026,3.976249551157256
3524.0,0.74219,2.67721,98.2377,4.199839,,6571.0,1.34673,0.00302,100.0,3.990195173587
3525.0,0.73847,2.67742,98.2457,4.199839,,6571.0,1.34673,0.00302,100.0,3.984090312920523
3526.0,0.74033,2.67764,98.2537,4.200149,,,,,,
3527.0,0.73847,2.67783,98.2607,4.200149,,6571.0,-1.35231,0.0,0.0,3.870276059338111
3528.0,0.73847,2.67804,98.2684,4.200149,,6572.0,-1.35045,0.00036,2.9933,3.865189384301679
3529.0,0.73847,2.67826,98.2764,4.200149,,6573.0,-1.35231,0.00078,6.4892,3.896882822403793
3530.0,0.73661,2.67848,98.2843,4.200149,,6574.0,-1.34859,0.00118,9.796,3.8570353369829515
3532.0,0.73661,2.67869,98.2923,4.200149,,6575.0,-1.35045,0.00158,13.1029,3.8616864417846695
3533.0,0.73661,2.67891,98.3002,4.200149,,6576.0,-1.35231,0.00197,16.4097,3.8730492524039692
3534.0,0.73475,2.67913,98.3082,4.200149,,6577.0,-1.35231,0.00237,19.7166,3.858678804054607
3535.0,0.73289,2.67934,98.3161,4.200149,,6579.0,-1.35045,0.00277,23.0234,3.8572246214903796
3536.0,0.73289,2.67956,98.324,4.200149,,6580.0,-1.35417,0.00317,26.3346,3.852407328488995
3537.0,0.73103,2.67978,98.332,4.200149,,6581.0,-1.34859,0.00357,29.6414,3.8572882663098187
3538.0,0.73103,2.67999,98.3399,4.200149,,6582.0,-1.35045,0.00396,32.9482,3.86367278407981
3539.0,0.73103,2.68021,98.3478,4.200149,,6583.0,-1.35045,0.00433,36.0103,3.8733922447219666
3540.0,0.73103,2.68042,98.3557,4.200149,,6584.0,-1.35417,0.00475,39.5061,3.871508058983224
3541.0,0.72917,2.68064,98.3636,4.200149,,6585.0,-1.35045,0.00514,42.6884,3.856841824313715
3542.0,0.72917,2.68085,98.3714,4.200149,,6586.0,-1.35045,0.00552,45.9008,3.858403929167804
3543.0,0.72731,2.68105,98.3786,4.200149,,6587.0,-1.35417,0.00592,49.2119,3.851511008332377
3544.0,0.72731,2.68125,98.3862,4.200149,,6588.0,-1.35417,0.00632,52.5231,3.8763303460974217
3545.0,0.72731,2.68147,98.3941,4.200149,,6589.0,-1.35045,0.00671,55.7999,3.868144104130705
3546.0,0.72545,2.68168,98.4019,4.200149,,6590.0,-1.35045,0.00711,59.1067,3.842325845661996
3547.0,0.72359,2.6819,98.4097,4.200149,,6591.0,-1.35231,0.0075,62.3234,3.876695314239535
3548.0,0.72359,2.68211,98.4176,4.200149,,6592.0,-1.35231,0.00785,65.2566,3.8870634098955668
3549.0,0.72359,2.68232,98.4254,4.200149,,6593.0,-1.35231,0.00825,68.5635,3.8460974215115926
3550.0,0.72173,2.68253,98.4332,4.200149,,6594.0,-1.34859,0.00865,71.8703,3.864912188478307
3552.0,0.72173,2.68275,98.441,4.200149,,6595.0,-1.35417,0.009,74.7735,3.8506303171817113
3553.0,0.72173,2.68296,98.4488,4.200149,,6596.0,-1.35231,0.00939,78.0846,3.8756046797286987
3554.0,0.71987,2.68317,98.4566,4.200149,,6597.0,-1.35231,0.00979,81.3957,3.8509534807593013
3555.0,0.71987,2.68338,98.4644,4.200149,,6598.0,-1.35045,0.01019,84.7026,3.8519362952397507
3556.0,0.71987,2.6836,98.4721,4.200149,,6599.0,-1.35231,0.01059,88.0094,3.8659937680903074
3557.0,0.71801,2.68381,98.4799,4.200149,,6600.0,-1.34859,0.01099,91.3206,3.871553606460859
3558.0,0.71801,2.68401,98.4875,4.200149,,6601.0,-1.35231,0.01138,94.6274,3.8636889589219954
3559.0,0.71801,2.68421,98.4946,4.200149,,6603.0,-1.35045,0.01178,97.9386,3.8612523799677643
3560.0,0.71801,2.68442,98.5024,4.200149,,6603.0,-1.35417,0.01203,100.0,3.8640075894109147
3561.0,0.71615,2.68463,98.5101,4.200149,,6603.0,-1.35417,0.01203,100.0,3.8739931094014057
3562.0,0.71615,2.68484,98.5178,4.200149,,,,,,
3563.0,0.71615,2.68505,98.5256,4.200149,,6603.0,2.69717,0.0,0.0,4.023892404626725
3564.0,0.71615,2.68526,98.5333,4.200149,,6604.0,2.69717,0.00076,12.7753,4.029200641052495
3565.0,0.71429,2.68547,98.541,4.199839,,6605.0,2.69903,0.00151,25.1879,4.016987910273875
3566.0,0.71243,2.68568,98.5488,4.200149,,6606.0,2.69903,0.0023,38.4728,4.069464140415983
3567.0,0.71243,2.68589,98.5564,4.200149,,6607.0,2.70089,0.0031,51.7578,4.053053022444441
3568.0,0.71243,2.6861,98.5642,4.200149,,6608.0,2.69903,0.00389,65.0428,4.067978003656611
3569.0,0.71057,2.68631,98.5718,4.200149,,6610.0,2.69531,0.00468,78.3191,4.055434922000826
3570.0,0.71057,2.68652,98.5795,4.200149,,6611.0,2.69903,0.00548,91.604,4.043485629821541
3572.0,0.70871,2.68673,98.5872,4.200149,,6611.0,2.69717,0.00598,100.0,4.065476066174155
3573.0,0.70871,2.68694,98.5948,4.200149,,6611.0,0.0,0.00598,100.0,3.9533075671323297
3574.0,0.70871,2.68713,98.6018,4.200149,,6612.0,0.0,0.00598,100.0,3.950724753064699
3575.0,0.70685,2.68734,98.6094,4.200149,,6613.0,0.0,0.00598,100.0,3.9548397618577398
3576.0,0.70685,2.68755,98.6171,4.200149,,6614.0,0.0,0.00598,100.0,3.952842160358645
3577.0,0.70685,2.68775,98.6247,4.200149,,6615.0,0.0,0.00598,100.0,3.9525455591670267
3578.0,0.70685,2.68796,98.6323,4.200149,,6616.0,0.0,0.00598,100.0,3.9381324678265397
3579.0,0.70685,2.68817,98.64,4.200149,,6618.0,0.0,0.00598,100.0,3.954189316130562
3580.0,0.70499,2.68838,98.6476,4.200149,,6619.0,0.0,0.00598,100.0,3.9593581639877797
3581.0,0.70499,2.68858,98.6552,4.200149,,6620.0,0.0,0.00598,100.0,3.932948138461295
3582.0,0.70313,2.68879,98.6628,4.199839,,6621.0,0.0,0.00598,100.0,3.944820157033232
3583.0,0.70313,2.689,98.6704,4.200149,,6622.0,0.0,0.00598,100.0,3.9553418034034546
3584.0,0.70126,2.6892,98.678,4.200149,,6623.0,0.0,0.00598,100.0,3.9412884737524037
3585.0,0.70126,2.68941,98.6855,4.200149,,6624.0,0.0,0.00598,100.0,3.9528006907984876
3586.0,0.70126,2.68962,98.6931,4.200149,,6625.0,0.0,0.00598,100.0,3.9338692689677406
3587.0,0.6994,2.6898,98.6997,4.200149,,6626.0,0.0,0.00598,100.0,3.953214031788259
3588.0,0.69754,2.69001,98.7077,4.200149,,6627.0,0.0,0.00598,100.0,3.947044479680851
3589.0,0.69754,2.69022,98.7152,4.200149,,6628.0,0.0,0.00598,100.0,3.9363381626384175
3590.0,0.69754,2.69043,98.7227,4.200149,,6629.0,0.0,0.00598,100.0,3.9329105863221265
3591.0,0.69754,2.69063,98.7303,4.200149,,6630.0,0.0,0.00598,100.0,3.9386925673297855
3593.0,0.69568,2.69084,98.7378,4.200149,,6631.0,0.0,0.00598,100.0,3.939874244685709
3594.0,0.69568,2.69104,98.7453,4.200149,,6632.0,0.0,0.00598,100.0,3.9525238175257207
3595.0,0.69568,2.69125,98.7528,4.200149,,6633.0,0.0,0.00598,100.0,3.9422915903425233
3596.0,0.69568,2.69145,98.7604,4.200149,,6634.0,0.0,0.00598,100.0,3.9536268892705793
3597.0,0.69382,2.69165,98.7679,4.200149,,6635.0,0.0,0.00598,100.0,3.9324403531010645
3598.0,0.69382,2.69186,98.7754,4.200149,,6636.0,0.0,0.00598,100.0,3.940730625394927
3599.0,0.69382,2.69206,98.7828,4.200149,,6637.0,0.0,0.00598,100.0,3.9426808285658845
3600.0,0.69196,2.69227,98.7903,4.200149,,6638.0,0.0,0.00598,100.0,3.9547185446769584
3601.0,0.69196,2.69247,98.7978,4.200149,,6639.0,0.0,0.00598,100.0,3.94383103800003
3602.0,0.6901,2.69267,98.8053,4.200149,,6641.0,0.0,0.00598,100.0,3.941800823014543
3603.0,0.6901,2.69286,98.8122,4.200149,,6642.0,0.0,0.00598,100.0,3.959446148073738
3604.0,0.68824,2.69306,98.8194,4.200149,,6643.0,0.0,0.00598,100.0,3.947281506768507
3605.0,0.68824,2.69326,98.8268,4.200149,,6644.0,0.0,0.00598,100.0,3.9391897721793434
3606.0,0.68824,2.69346,98.8343,4.200149,,6645.0,0.0,0.00598,100.0,3.9495391569301272
3607.0,0.68824,2.69367,98.8417,4.200149,,6646.0,0.0,0.00598,100.0,3.953233534893907
3608.0,0.68638,2.69387,98.8491,4.200149,,6647.0,0.0,0.00598,100.0,3.964513691566011
3609.0,0.68638,2.69407,98.8565,4.200149,,6648.0,0.0,0.00598,100.0,3.959467912624097
3610.0,0.68452,2.69425,98.863,4.200149,,6649.0,0.0,0.00598,100.0,3.9492502494772084
3611.0,0.68452,2.69445,98.8704,4.200149,,6650.0,0.0,0.00598,100.0,3.9594788135091346
3613.0,0.68452,2.69465,98.8778,4.200149,,6650.0,0.0,0.00598,100.0,3.9598150996220283
3614.0,0.68452,2.69485,98.8852,4.200149,,6650.0,0.0,0.00598,100.0,3.9686154377397123
3615.0,0.68266,2.69505,98.8925,4.200149,,6651.0,0.0,0.00598,100.0,3.9391866293284936
3616.0,0.68266,2.69525,98.8999,4.200149,,6652.0,0.0,0.00598,100.0,3.960938182255997
3617.0,0.6808,2.69545,98.9073,4.200149,,6653.0,0.0,0.00598,100.0,3.945945316776571
3618.0,0.6808,2.69565,98.9146,4.200149,,6654.0,0.0,0.00598,100.0,3.952800618439479
3619.0,0.6808,2.69585,98.9216,4.200149,,6655.0,0.0,0.00598,100.0,3.955096880109191
3620.0,0.6808,2.69602,98.9281,4.200149,,6656.0,0.0,0.00598,100.0,3.9677095146257484
3621.0,0.67894,2.69622,98.9354,4.200149,,6658.0,0.0,0.00598,100.0,3.9471262779698764
3622.0,0.67894,2.69642,98.9428,4.200149,,6659.0,0.0,0.00598,100.0,3.9561533861885207
3623.0,0.67708,2.69662,98.9501,4.200149,,6660.0,0.0,0.00598,100.0,3.939013458854159
3624.0,0.67708,2.69682,98.9574,4.200149,,6661.0,0.0,0.00598,100.0,3.9437483683134538
3625.0,0.67708,2.69702,98.9648,4.200149,,6662.0,0.0,0.00598,100.0,3.9572341760950875
3626.0,0.67522,2.69722,98.972,4.200149,,6663.0,0.0,0.00598,100.0,3.9426428437311705
3627.0,0.67522,2.69739,98.9784,4.200149,,6664.0,0.0,0.00598,100.0,3.9495764558109525
3628.0,0.67522,2.69759,98.9857,4.200149,,6665.0,0.0,0.00598,100.0,3.9411066420084135
3629.0,0.67336,2.69779,98.993,4.200149,,6666.0,0.0,0.00598,100.0,3.9343836484746144
3630.0,0.67336,2.69799,99.0003,4.200149,,6667.0,0.0,0.00598,100.0,3.944321857315758
3631.0,0.67336,2.69819,99.0075,4.200149,,6667.0,0.0,0.00598,100.0,3.9677689927033017
3632.0,0.6715,2.69838,99.0148,4.200149,,6667.0,0.0,0.00598,100.0,3.938222070480844
3633.0,0.6715,2.69859,99.0223,4.200149,,,,,,
3634.0,0.6715,2.69878,99.0293,4.200149,,6667.0,-0.67522,0.0,0.0,3.91891903889605
3635.0,0.6715,2.69895,99.0356,4.200149,,6668.0,-0.67522,0.0002,2.0761,3.917386704868359
3636.0,0.6715,2.69915,99.043,4.200149,,6669.0,-0.67708,0.0004,4.0837,3.90506188578366
3637.0,0.66964,2.69935,99.0502,4.200149,,6670.0,-0.67522,0.0006,6.1123,3.9306306547053924
3639.0,0.66778,2.69955,99.0574,4.200149,,6671.0,-0.67336,0.0008,8.1357,3.9239450731844365
3640.0,0.66778,2.69974,99.0646,4.200149,,6673.0,-0.67522,0.001,10.1591,3.9040001589492497
3641.0,0.66778,2.69994,99.0719,4.200149,,6674.0,-0.67708,0.00118,12.0561,3.9067904793893944
3642.0,0.66592,2.70013,99.079,4.200149,,6675.0,-0.67522,0.00138,14.0847,3.913393582114292
3643.0,0.66592,2.70033,99.0863,4.200149,,6676.0,-0.6715,0.00158,16.1081,3.9143217519080604
3644.0,0.66406,2.70053,99.0934,4.200149,,6677.0,-0.6715,0.00178,18.1315,3.92129672286687
3645.0,0.66406,2.70072,99.1006,4.200149,,6678.0,-0.67336,0.00198,20.1602,3.9355918133769143
3646.0,0.66406,2.70092,99.1078,4.200149,,6679.0,-0.67522,0.00215,21.9412,3.894437950366933
3647.0,0.66406,2.70111,99.115,4.200149,,6680.0,-0.67894,0.00235,23.9646,3.910780948362677
3648.0,0.6622,2.70131,99.1221,4.200149,,6681.0,-0.67522,0.00255,25.9933,3.90061217530963
3649.0,0.66034,2.70151,99.1294,4.200149,,6682.0,-0.67336,0.00275,28.0219,3.9123575057105016
3650.0,0.66034,2.7017,99.1365,4.200149,,6683.0,-0.67708,0.00295,30.0506,3.9178015254900336
3651.0,0.66034,2.7019,99.1437,4.200149,,6684.0,-0.67336,0.00315,32.0793,3.9309419676646753
3652.0,0.66034,2.70209,99.1508,4.200149,,6685.0,-0.67522,0.00334,34.0447,3.929590262662736
3653.0,0.66034,2.70229,99.1579,4.200149,,6686.0,-0.67522,0.00351,35.8257,3.908155482288012
3654.0,0.66034,2.70248,99.1651,4.200149,,6687.0,-0.67708,0.00373,38.0019,3.908499648938127
3655.0,0.65848,2.70267,99.1722,4.200149,,6688.0,-0.67708,0.00393,40.0306,3.9160795466255287
3657.0,0.65848,2.70287,99.1793,4.200149,,6689.0,-0.67336,0.00412,42.054,3.92943381031153
3658.0,0.65662,2.70306,99.1864,4.200149,,6690.0,-0.67708,0.00432,44.0774,3.9183459069486215
3659.0,0.65662,2.70325,99.1935,4.200149,,6691.0,-0.67522,0.00452,46.106,3.9302568434236034
3660.0,0.65662,2.70345,99.2006,4.200149,,6692.0,-0.67522,0.00472,48.1347,3.9180166572385273
3661.0,0.65476,2.70364,99.2077,4.200149,,6693.0,-0.67336,0.00492,50.1633,3.9148231894509284
3662.0,0.65476,2.70383,99.2147,4.200149,,6695.0,-0.67522,0.0051,52.055,3.913231312449028
3663.0,0.65476,2.70403,99.2218,4.200149,,6695.0,-0.6715,0.00525,53.5831,3.9182044645841785
3664.0,0.6529,2.7042,99.2281,4.200149,,6695.0,-1.35045,0.00525,53.5831,3.8883611186399523
3665.0,0.6529,2.70439,99.235,4.200149,,6696.0,-1.35045,0.00567,57.7985,3.8785500548226484
3666.0,0.65104,2.70458,99.2421,4.200149,,6697.0,-1.35045,0.00602,61.4343,3.891837366204284
3667.0,0.65104,2.70477,99.2491,4.200149,,6698.0,-1.35231,0.00642,65.4969,3.8863719267165417
3668.0,0.65104,2.70496,99.2561,4.200149,,6699.0,-1.35045,0.00682,69.5542,3.89203396045351
3669.0,0.65104,2.70515,99.2632,4.200149,,6701.0,-1.35231,0.00722,73.6168,3.8795629032261507
3670.0,0.64918,2.70534,99.2702,4.200149,,6702.0,-1.35231,0.00762,77.6794,3.8846722016369912
3671.0,0.64918,2.70554,99.2772,4.200149,,6703.0,-1.35231,0.00802,81.7367,3.8759780174099454
3672.0,0.64732,2.70573,99.2842,4.200149,,6704.0,-1.34859,0.00841,85.7941,3.883890003819737
3673.0,0.64732,2.70592,99.2912,4.200149,,6705.0,-1.35045,0.00881,89.8514,3.8769491957763975
3674.0,0.64546,2.70608,99.2973,4.200149,,6706.0,-1.35231,0.00921,93.914,3.8910043125555025
3675.0,0.64546,2.70627,99.3043,4.200149,,6707.0,-1.35045,0.0096,97.9345,3.865747171855873
3676.0,0.64546,2.70646,99.3112,4.200149,,6707.0,-1.35231,0.00981,100.0,3.8641833063251148
3678.0,0.64546,2.70665,99.3182,4.200149,,6707.0,-1.35231,0.00981,100.0,3.874559623943483
3679.0,0.64546,2.70685,99.3255,4.200149,,,,,,
3680.0,0.6436,2.70703,99.3319,4.200149,,6707.0,0.66964,0.0,0.0,3.957808621261524
3681.0,0.6436,2.70722,99.3389,4.200149,,6708.0,0.66964,0.00021,14.1205,3.9611792592940778
3682.0,0.64174,2.70741,99.3458,4.200149,,6709.0,0.66964,0.00038,25.8584,3.961580182750497
3683.0,0.64174,2.7076,99.3528,4.200149,,6711.0,0.66964,0.00059,39.979,3.978196178943096
3684.0,0.63988,2.70778,99.3597,4.200149,,6712.0,0.66964,0.00079,53.3637,3.9705971772225
3685.0,0.63988,2.70797,99.3666,4.200149,,6713.0,0.66964,0.00098,66.7134,3.970443954000529
3686.0,0.63988,2.70816,99.3736,4.200149,,6714.0,0.66964,0.00118,80.0981,3.9746567301083164
3687.0,0.63802,2.70835,99.3805,4.200149,,6715.0,0.66778,0.00138,93.4478,3.9882172806353844
3688.0,0.63802,2.70854,99.3874,4.199839,,6715.0,0.66964,0.00147,100.0,3.967764539719203
3689.0,0.63802,2.70873,99.3943,4.200149,,6715.0,0.0,0.00147,100.0,3.938297913565057
3690.0,0.63616,2.70891,99.4012,4.200149,,6716.0,0.0,0.00147,100.0,3.959642429332844
3691.0,0.63616,2.7091,99.4081,4.200149,,6717.0,0.0,0.00147,100.0,3.940121426896266
3692.0,0.63616,2.70929,99.4149,4.200149,,6719.0,0.0,0.00147,100.0,3.932853328969147
3693.0,0.6343,2.70948,99.4218,4.200149,,6720.0,0.0,0.00147,100.0,3.946203753655872
3694.0,0.6343,2.70965,99.4281,4.200149,,6721.0,0.0,0.00147,100.0,3.943507374936818
3695.0,0.6343,2.70984,99.435,4.200149,,6722.0,0.0,0.00147,100.0,3.9408264390748586
3696.0,0.63244,2.71002,99.4419,4.200149,,6723.0,0.0,0.00147,100.0,3.9543448215197374
3698.0,0.63244,2.71021,99.4487,4.200149,,6724.0,0.0,0.00147,100.0,3.9472837630550863
3699.0,0.63244,2.7104,99.4555,4.200149,,6725.0,0.0,0.00147,100.0,3.947640456395475
3700.0,0.63244,2.71058,99.4624,4.200149,,6726.0,0.0,0.00147,100.0,3.9584011657012437
3701.0,0.63058,2.71077,99.4692,4.200149,,6727.0,0.0,0.00147,100.0,3.9534845781886143
3702.0,0.63058,2.71095,99.476,4.200149,,6728.0,0.0,0.00147,100.0,3.953899861247436
3703.0,0.63058,2.71114,99.4828,4.200149,,6729.0,0.0,0.00147,100.0,3.935144726952666
3704.0,0.62872,2.71132,99.4896,4.200149,,6730.0,0.0,0.00147,100.0,3.937471839679533
3705.0,0.62872,2.71151,99.4964,4.200149,,6731.0,0.0,0.00147,100.0,3.9419952611311824
3706.0,0.62686,2.71169,99.5032,4.200149,,6731.0,0.0,0.00147,100.0,3.9377595797990557
3707.0,0.62686,2.71188,99.51,4.200149,,6731.0,0.0,0.00147,100.0,3.9374203932374225
3708.0,0.62686,2.71206,99.5167,4.199839,,,,,,
3709.0,0.62686,2.71225,99.5235,4.200149,,6731.0,-0.67336,0.0,0.0,3.9152426686596793
3710.0,0.625,2.71243,99.5301,4.200149,,6732.0,-0.67336,0.00019,0.8961,3.9346756069592126
3711.0,0.625,2.71261,99.5369,4.200149,,6733.0,-0.67336,0.00036,1.7526,3.927047912967609
3712.0,0.625,2.7128,99.5436,4.200149,,6734.0,-0.67522,0.00056,2.7058,3.915493784287601
3713.0,0.625,2.71298,99.5504,4.200149,,6735.0,-0.67336,0.00076,3.659,3.9252778935667463
3714.0,0.62314,2.71316,99.5571,4.200149,,6736.0,-0.67336,0.00095,4.5701,3.919433826749457
3716.0,0.62128,2.71335,99.5638,4.200149,,6737.0,-0.67336,0.00113,5.4066,3.9252776966534304
3717.0,0.62314,2.71353,99.5706,4.200149,,6739.0,-0.67708,0.00132,6.3598,3.8974665107703133
3718.0,0.62128,2.71371,99.5773,4.200149,,6740.0,-0.67336,0.00152,7.318,3.9204352349155007
3719.0,0.62128,2.71387,99.5832,4.200149,,6741.0,-0.67708,0.00172,8.2713,3.9093323203581254
3720.0,0.61942,2.71406,99.5899,4.200149,,6742.0,-0.6715,0.00192,9.227,3.9312501767218935
3721.0,0.61942,2.71424,99.5966,4.200149,,6743.0,-0.67336,0.00212,10.1802,3.9089490643555185
3722.0,0.61942,2.71442,99.6033,4.200149,,6744.0,-0.67522,0.00232,11.1335,3.896857007677141
3723.0,0.61756,2.7146,99.6099,4.200149,,6745.0,-0.67336,0.00251,12.0768,3.904514329839529
3724.0,0.61756,2.71477,99.6159,4.200149,,6746.0,-0.6715,0.00269,12.9158,3.917003833416978
3725.0,0.61756,2.71494,99.6225,4.200149,,6747.0,-0.67522,0.00289,13.879,3.919842187386377
3726.0,0.6157,2.71513,99.6291,4.200149,,6748.0,-0.67522,0.00307,14.7254,3.9157468335870984
3727.0,0.61384,2.71531,99.6358,4.200149,,6749.0,-0.67336,0.00327,15.7159,3.920793866571238
3728.0,0.6157,2.71549,99.6424,4.200149,,6750.0,-0.67336,0.00345,16.555,3.911261371840661
3729.0,0.6157,2.71567,99.6491,4.200149,,6751.0,-0.67522,0.00364,17.5107,3.899393812765025
3730.0,0.61384,2.71585,99.6557,4.200149,,6752.0,-0.67522,0.00384,18.4639,3.9209870512701275
3731.0,0.61198,2.71603,99.6623,4.200149,,6753.0,-0.67708,0.00404,19.4221,3.9195207786353063
3732.0,0.61384,2.71621,99.669,4.200149,,6754.0,-0.67522,0.00424,20.3778,3.8916295827641556
3733.0,0.61198,2.71639,99.6756,4.200149,,6755.0,-0.67708,0.00444,21.3311,3.912754705062808
3734.0,0.61198,2.71657,99.6822,4.200149,,6756.0,-0.67522,0.00461,22.1701,3.9182319917677297
3735.0,0.61012,2.71675,99.6888,4.200149,,6757.0,-0.67522,0.00482,23.1407,3.910883566461336
3736.0,0.61012,2.71693,99.6954,4.200149,,6758.0,-0.67708,0.00499,23.9797,3.914180422333796
3738.0,0.61012,2.71711,99.702,4.200149,,6759.0,-0.67522,0.00519,24.933,3.9289167140180177
3739.0,0.60826,2.71729,99.7086,4.200149,,6760.0,-0.67522,0.00539,25.8862,3.905489381402802
3740.0,0.61012,2.71745,99.7145,4.200149,,6761.0,-0.6715,0.00559,26.8593,3.915620071674343
3741.0,0.60826,2.71763,99.7211,4.200149,,6762.0,-0.67522,0.00576,27.6959,3.9167729332659404
3742.0,0.6064,2.71781,99.7277,4.199839,,6763.0,-0.67336,0.00596,28.6491,3.911832079521747
3743.0,0.6064,2.71799,99.7342,4.200149,,6764.0,-0.67708,0.00616,29.6048,3.9175590443727155
3744.0,0.6064,2.71817,99.7408,4.200149,,6765.0,-0.67522,0.00636,30.5605,3.9112703513789016
3745.0,0.60454,2.71835,99.7473,4.200149,,6766.0,-0.67522,0.00656,31.5138,3.9157216928530096
3746.0,0.60454,2.71852,99.7538,4.200149,,6768.0,-0.67708,0.00676,32.4695,3.8974987552269558
3747.0,0.60268,2.7187,99.7604,4.200149,,6769.0,-0.67522,0.00696,33.4227,3.905467824961422
3748.0,0.60268,2.71888,99.7669,4.200149,,6770.0,-0.67522,0.00716,34.3759,3.9021592707455586
3749.0,0.60268,2.71906,99.7734,4.200149,,6771.0,-0.67522,0.00735,35.3316,3.9095057491955068
3750.0,0.60082,2.71923,99.7799,4.200149,,6772.0,-0.67336,0.00755,36.2948,3.8994742856633993
3751.0,0.60082,2.71941,99.7864,4.200149,,6773.0,-0.67894,0.00775,37.2232,3.924448818296849
3752.0,0.60082,2.71959,99.7929,4.200149,,6774.0,-0.66964,0.00795,38.1764,3.9201018623290085
3753.0,0.60082,2.71977,99.7994,4.200149,,6775.0,-0.67522,0.00812,39.0155,3.9185044430990117
3754.0,0.59896,2.71992,99.8052,4.200149,,6776.0,-0.67336,0.00832,39.9712,3.89607534439614
3755.0,0.59896,2.7201,99.8115,4.200149,,6777.0,-0.67522,0.00852,40.9244,3.9108285247362393
3756.0,0.59896,2.72027,99.818,4.200149,,6778.0,-0.67336,0.00872,41.8777,3.9099452970556534
3758.0,0.59896,2.72045,99.8245,4.200149,,6779.0,-0.67708,0.00892,42.8334,3.9077025249130015
3759.0,0.5971,2.72063,99.8309,4.200149,,6780.0,-0.67522,0.00911,43.7891,3.911715924551209
3760.0,0.5971,2.7208,99.8374,4.200149,,6781.0,-0.67336,0.00931,44.7423,3.9034003780752653
3761.0,0.5971,2.72098,99.8438,4.200149,,6782.0,-0.67336,0.00951,45.698,3.8971405080856036
3762.0,0.59524,2.72115,99.8503,4.200149,,6783.0,-0.67336,0.00971,46.6538,3.9264979669939204
3763.0,0.59524,2.72133,99.8567,4.200149,,6784.0,-0.67336,0.00991,47.6095,3.905953831800687
3764.0,0.59524,2.7215,99.8631,4.200149,,6785.0,-0.67522,0.01011,48.5652,3.91394518615696
3765.0,0.59524,2.72168,99.8696,4.200149,,6786.0,-0.67522,0.01031,49.5184,3.9078609286518713
3766.0,0.59338,2.72185,99.876,4.200149,,6787.0,-0.6715,0.01051,50.4716,3.905691521722652
3767.0,0.59338,2.72203,99.8824,4.200149,,6789.0,-0.67708,0.0107,51.4274,3.90653150359109
3768.0,0.59152,2.7222,99.8888,4.200149,,6790.0,-0.66964,0.0109,52.3806,3.9164423425502206
3769.0,0.59152,2.72238,99.8954,4.200149,,6791.0,-0.67522,0.0111,53.3338,3.908036519710955
3770.0,0.59152,2.72255,99.9014,4.200149,,6792.0,-0.67522,0.01129,54.2449,3.922384957407457
3771.0,0.58966,2.72272,99.9078,4.200149,,6793.0,-0.67336,0.01148,55.136,3.898111373696974
3772.0,0.59152,2.72289,99.9141,4.200149,,6794.0,-0.67522,0.01167,56.0893,3.903998436074637
3773.0,0.58966,2.72307,99.9205,4.200149,,6795.0,-0.67708,0.01187,57.045,3.896284406002878
3774.0,0.5878,2.72324,99.9269,4.200149,,6796.0,-0.67336,0.01207,58.0007,3.9169099190691803
3775.0,0.5878,2.72341,99.9332,4.200149,,6797.0,-0.67522,0.01228,59.0185,3.904717376178418
3776.0,0.5878,2.72359,99.9396,4.200149,,6798.0,-0.6715,0.01246,59.8774,3.9266612450805556
3777.0,0.5878,2.72374,99.9452,4.200149,,6799.0,-0.67336,0.01266,60.8232,3.9144939696077827
3779.0,0.58594,2.72391,99.9515,4.200149,,6800.0,-0.67336,0.01286,61.7764,3.8918007020636627
3780.0,0.58594,2.72408,99.9578,4.200149,,6801.0,-0.67522,0.01306,62.7296,3.903216434585867
3781.0,0.58594,2.72426,99.9641,4.200149,,6802.0,-0.66778,0.01326,63.6853,3.906867993060103
3782.0,0.58408,2.72443,99.9705,4.200149,,6803.0,-0.6715,0.01345,64.6386,3.9058544110151963
3783.0,0.58408,2.7246,99.9768,4.200149,,6804.0,-0.67894,0.01365,65.5943,3.8922818527870198
3784.0,0.58222,2.72477,99.9831,4.200149,,6805.0,-0.67522,0.01385,66.55,3.897074608716833
3785.0,0.58222,2.72495,99.9896,4.200149,,6806.0,-0.67708,0.01406,67.5504,3.9181875446708245
3786.0,0.58222,2.72511,99.9953,4.200149,,6807.0,-0.6715,0.01424,68.4242,3.9253556546714066
3787.0,0.58036,2.72523,100.0,4.200149,,6809.0,-0.67708,0.01444,69.3799,3.8957721692560003
,,,,,,6810.0,-0.6715,0.01466,70.4299,3.8988799442834248
,,,,,,6811.0,-0.67522,0.01483,71.269,3.906832453209383
,,,,,,6812.0,-0.67708,0.01503,72.2247,3.9131416972092703
,,,,,,6813.0,-0.67336,0.01523,73.1804,3.9071721273780167
,,,,,,6814.0,-0.67894,0.01543,74.1361,3.901158618484904
,,,,,,6815.0,-0.67336,0.01564,75.1514,3.899580843698404
,,,,,,6816.0,-0.67522,0.01583,76.0476,3.88443727068248
,,,,,,6817.0,-0.67708,0.01603,77.0207,3.9079126240426487
,,,,,,6818.0,-0.67522,0.01622,77.9292,3.903381379749776
,,,,,,6818.0,-0.67522,0.0163,78.2891,3.8983030175659943
,,,,,,6818.0,-1.35603,0.0163,78.2891,3.8734352818059063
,,,,,,6819.0,-1.35231,0.01669,80.1857,3.893104022632271
,,,,,,6820.0,-1.35417,0.01709,82.0996,3.889473534124719
,,,,,,6821.0,-1.35045,0.01749,84.011,3.856189686545316
,,,,,,6823.0,-1.35045,0.01788,85.9051,3.880324643174643
,,,,,,6824.0,-1.35045,0.01823,87.5807,3.861902836925506
,,,,,,6825.0,-1.35417,0.01862,89.4772,3.8395902854839536
,,,,,,6826.0,-1.35045,0.01902,91.3886,3.8559317278263894
,,,,,,6827.0,-1.35417,0.01942,93.3026,3.8834104914878416
,,,,,,6828.0,-1.35045,0.01982,95.2165,3.86437797623664
,,,,,,6829.0,-1.35231,0.02022,97.1304,3.8541238572630165
,,,,,,6830.0,-1.35417,0.02062,99.0418,3.8742636303778584
,,,,,,6830.0,-1.35045,0.02081,100.0,3.867156927416774
,,,,,,6830.0,-1.35045,0.02081,100.0,3.8596503083857474
,,,,,,,,,,
,,,,,,6830.0,0.66964,0.0,0.0,3.9398158050730006
,,,,,,6831.0,0.66964,0.0002,13.1714,3.9474662543580448
,,,,,,6832.0,0.66964,0.00038,25.0086,3.9565495678331346
,,,,,,6834.0,0.66964,0.00059,39.0352,3.951918690120272
,,,,,,6835.0,0.66964,0.00076,50.4961,3.9523464473216348
,,,,,,6836.0,0.66964,0.00096,63.5306,3.956626097029602
,,,,,,6837.0,0.66964,0.00116,76.5994,3.9686814148029095
,,,,,,6838.0,0.66964,0.00135,89.6339,3.9658598768273072
,,,,,,6838.0,0.66964,0.00151,100.0,3.9584025475715703
,,,,,,6838.0,0.0,0.00151,100.0,3.932408957337504
,,,,,,6840.0,0.0,0.00151,100.0,3.952831459856331
,,,,,,6841.0,0.0,0.00151,100.0,3.966462292872817
,,,,,,6842.0,0.0,0.00151,100.0,3.9494761156555835
,,,,,,6843.0,0.0,0.00151,100.0,3.9296065219531697
,,,,,,6844.0,0.0,0.00151,100.0,3.9468001883569
,,,,,,6845.0,0.0,0.00151,100.0,3.927155858020902
,,,,,,6846.0,0.0,0.00151,100.0,3.9658609117863617
,,,,,,6847.0,0.0,0.00151,100.0,3.9455095780284704
,,,,,,6848.0,0.0,0.00151,100.0,3.9403145947532368
,,,,,,6849.0,0.0,0.00151,100.0,3.9319605819026493
,,,,,,6850.0,0.0,0.00151,100.0,3.9431719555392326
,,,,,,6851.0,0.0,0.00151,100.0,3.9387542291067765
,,,,,,6852.0,0.0,0.00151,100.0,3.9280267347358313
,,,,,,6853.0,0.0,0.00151,100.0,3.9320721983886076
,,,,,,6854.0,0.0,0.00151,100.0,3.930521554781533
,,,,,,6855.0,0.0,0.00151,100.0,3.941876005606485
,,,,,,6855.0,0.0,0.00151,100.0,3.951596525064814
,,,,,,,,,,
,,,,,,6855.0,-0.67894,0.0,0.0,3.937471462716607
,,,,,,6856.0,-0.67522,0.0002,0.4907,3.913421364474678
,,,,,,6857.0,-0.67336,0.00038,0.9187,3.911426553865796
,,,,,,6858.0,-0.67522,0.00058,1.4019,3.8965204547679892
,,,,,,6859.0,-0.67336,0.00078,1.8851,3.9389324103903554
,,,,,,6860.0,-0.67522,0.00097,2.3671,3.9158087992311796
,,,,,,6861.0,-0.67336,0.00117,2.8503,3.9081239815153537
,,,,,,6862.0,-0.67336,0.00137,3.3335,3.919158907721365
,,,,,,6863.0,-0.67708,0.00157,3.8154,3.8971035366074087
,,,,,,6864.0,-0.67894,0.00177,4.2999,3.908895574918521
,,,,,,6865.0,-0.67894,0.00197,4.7831,3.923135523245157
,,,,,,6866.0,-0.6715,0.00217,5.2675,3.898657156585784
,,,,,,6867.0,-0.67708,0.00237,5.7495,3.9028837302991133
,,,,,,6868.0,-0.67336,0.00257,6.2364,3.88589207563275
,,,,,,6869.0,-0.67336,0.00274,6.6594,3.913423511903776
,,,,,,6870.0,-0.67522,0.00294,7.1426,3.901716534271118
,,,,,,6871.0,-0.67708,0.00314,7.6245,3.9008773658105427
,,,,,,6872.0,-0.67336,0.00334,8.1077,3.8979459467237647
,,,,,,6873.0,-0.67336,0.00354,8.5884,3.88910063297841
,,,,,,6874.0,-0.6715,0.00373,9.0704,3.903938830605038
,,,,,,6875.0,-0.67336,0.00393,9.5573,3.902818848801409
,,,,,,6877.0,-0.66964,0.00411,9.9891,3.901651533855293
,,,,,,6878.0,-0.67522,0.00432,10.4899,3.905885487112597
,,,,,,6879.0,-0.67336,0.00451,10.9592,3.900052962551726
,,,,,,6880.0,-0.67522,0.00469,11.3872,3.898139807799362
,,,,,,6881.0,-0.67522,0.00489,11.8704,3.9200232039170833
,,,,,,6882.0,-0.6715,0.00509,12.3524,3.900563225884469
,,,,,,6883.0,-0.67336,0.00528,12.8356,3.9083459205943183
,,,,,,6884.0,-0.67894,0.00548,13.3188,3.9031957429078363
,,,,,,6885.0,-0.67336,0.00568,13.8007,3.90592586168889
,,,,,,6886.0,-0.67708,0.00588,14.2839,3.906672386507491
,,,,,,6887.0,-0.6715,0.00607,14.7433,3.8951164046493836
,,,,,,6888.0,-0.67522,0.00627,15.2265,3.907766782774535
,,,,,,6889.0,-0.67522,0.00647,15.7072,3.919239191318482
,,,,,,6890.0,-0.67522,0.00657,15.9494,3.913393443687636
,,,,,,6890.0,-5.41109,0.00657,15.9494,3.718085525636424
,,,,,,6891.0,-5.40923,0.00798,19.3782,3.6960130413794396
,,,,,,6892.0,-5.40923,0.00959,23.284,3.713477805600646
,,,,,,6893.0,-5.40737,0.01118,27.1521,3.6823189595260173
,,,,,,6894.0,-5.40923,0.01277,31.0202,3.7014158733444025
,,,,,,6895.0,-5.40737,0.01436,34.8896,3.693846690104685
,,,,,,6896.0,-5.40923,0.01596,38.7577,3.6977526095347977
,,,,,,6897.0,-5.40551,0.01755,42.6259,3.679205993981029
,,,,,,6898.0,-5.40737,0.01855,45.0695,3.689579660620706
,,,,,,6898.0,-3.37984,0.01855,45.0695,3.757180756761326
,,,,,,6899.0,-3.3817,0.01955,47.488,3.7338602306309756
,,,,,,6900.0,-3.3817,0.02042,49.609,3.7514908659068755
,,,,,,6901.0,-3.37798,0.0214,51.9799,3.7621631133227327
,,,,,,6902.0,-3.37984,0.02243,54.4875,3.7396964484977167
,,,,,,6903.0,-3.37984,0.02342,56.8822,3.750262122421907
,,,,,,6904.0,-3.3817,0.02429,59.002,3.753005467368438
,,,,,,6905.0,-3.37984,0.02529,61.4192,3.758586265410992
,,,,,,6906.0,-3.37984,0.02628,63.8352,3.730090221574541
,,,,,,6907.0,-3.37612,0.02728,66.2525,3.75578982796878
,,,,,,6908.0,-3.3817,0.02826,68.6472,3.7477833389817845
,,,,,,6909.0,-3.3817,0.02924,71.018,3.7489635127975838
,,,,,,6910.0,-3.37984,0.03023,73.434,3.748917268977174
,,,,,,6911.0,-3.37984,0.03123,75.8512,3.7412530856501163
,,,,,,6912.0,-3.37984,0.03222,78.2698,3.7262264810546064
,,,,,,6913.0,-3.37984,0.03322,80.687,3.735340523530423
,,,,,,6914.0,-3.37984,0.0342,83.0804,3.7463270901270023
,,,,,,6915.0,-3.3817,0.03508,85.2015,3.7467127065616235
,,,,,,6916.0,-3.3817,0.03607,87.6188,3.741100879106915
,,,,,,6917.0,-3.37984,0.03707,90.0348,3.752882954057444
,,,,,,6918.0,-3.37798,0.03806,92.452,3.74627319844286
,,,,,,6919.0,-3.37984,0.03906,94.8693,3.742913181721935
,,,,,,6920.0,-3.37798,0.04005,97.2865,3.735540029292246
,,,,,,6922.0,-3.38356,0.04105,99.7038,3.7284302293777802
,,,,,,6922.0,-3.3817,0.04117,100.0,3.741553215444518
,,,,,,6922.0,-3.3817,0.04117,100.0,3.744134618088054
,,,,,,,,,,
,,,,,,6922.0,1.34673,0.0,0.0,3.9190629830044665
,,,,,,6923.0,1.34673,0.00045,15.0697,3.933920616006774
,,,,,,6924.0,1.34673,0.0008,26.63,3.9639876712712754
,,,,,,6925.0,1.34301,0.0012,39.8073,3.9424570249307886
,,,,,,6926.0,1.34301,0.00161,53.604,3.9410485132252253
,,,,,,6927.0,1.34487,0.00196,65.3019,3.9615288477477306
,,,,,,6928.0,1.34301,0.00236,78.5997,3.955075268728248
,,,,,,6929.0,1.34301,0.00276,91.777,3.9424995309854456
,,,,,,6930.0,1.34673,0.003,100.0,3.9517104328894974
,,,,,,6930.0,1.34673,0.003,100.0,3.9560556845591734
,,,,,,,,,,
,,,,,,6930.0,-1.34673,0.0,0.0,3.854036746575731
,,,,,,6931.0,-1.35045,0.00039,3.2898,3.8584403565791354
,,,,,,6932.0,-1.35231,0.00078,6.5108,3.8469582951075934
,,,,,,6933.0,-1.35045,0.00118,9.8265,3.8395783997065434
,,,,,,6934.0,-1.35045,0.00158,13.1421,3.8304636557464766
,,,,,,6935.0,-1.34859,0.00198,16.4621,3.8345456697925964
,,,,,,6936.0,-1.35231,0.00237,19.7778,3.851242668596886
,,,,,,6937.0,-1.35231,0.00277,23.0978,3.8389580636237426
,,,,,,6938.0,-1.35231,0.00317,26.4135,3.8453689915766303
,,,,,,6939.0,-1.34859,0.00357,29.7291,3.841638446577226
,,,,,,6940.0,-1.34859,0.00397,33.0448,3.851312083048645
,,,,,,6941.0,-1.35045,0.00433,36.0462,3.83233922476048
,,,,,,6942.0,-1.35045,0.00472,39.3661,3.847194266573745
,,,,,,6943.0,-1.35417,0.00511,42.5569,3.84151466902868
,,,,,,6944.0,-1.35231,0.00547,45.6272,3.8493646260530467
,,,,,,6945.0,-1.35045,0.00587,48.9386,3.8247232734912378
,,,,,,6946.0,-1.35231,0.00627,52.2585,3.8355227071892606
,,,,,,6947.0,-1.35231,0.00667,55.5742,3.8346564120199536
,,,,,,6949.0,-1.35231,0.00712,59.3291,3.8369058098664985
,,,,,,6950.0,-1.35045,0.00747,62.24,3.8433986258410404
,,,,,,6951.0,-1.35417,0.00787,65.5557,3.8465174541063227
,,,,,,6952.0,-1.35045,0.00826,68.8714,3.846084626521723
,,,,,,6953.0,-1.35231,0.00866,72.1871,3.8377247506164793
,,,,,,6954.0,-1.35231,0.00906,75.507,3.8271478454168077
,,,,,,6955.0,-1.35231,0.00946,78.8184,3.861603912214065
,,,,,,6956.0,-1.35045,0.00986,82.1384,3.853719190656654
,,,,,,6957.0,-1.35045,0.01025,85.4541,3.829947253146076
,,,,,,6958.0,-1.35231,0.01066,88.8042,3.8328007606897527
,,,,,,6959.0,-1.35231,0.01105,92.1199,3.841343384236895
,,,,,,6960.0,-1.34859,0.01145,95.4313,3.830612573189925
,,,,,,6961.0,-1.35045,0.01185,98.7512,3.8387007418833448
,,,,,,6962.0,-1.35603,0.012,100.0,3.8415000051341033
,,,,,,6962.0,-1.35603,0.012,100.0,3.8623171712471134
,,,,,,,,,,
,,,,,,6962.0,2.70461,0.0,0.0,4.030218087171306
,,,,,,6963.0,2.69903,0.00083,13.8839,4.015421545935014
,,,,,,6964.0,2.69903,0.00163,27.1464,4.02328701105822
,,,,,,6965.0,2.69903,0.00242,40.4263,4.02064923840691
,,,,,,6966.0,2.69531,0.00321,53.6888,4.036898407607118
,,,,,,6967.0,2.69903,0.00401,66.9514,4.0227850833918115
,,,,,,6968.0,2.69903,0.0048,80.2226,4.027880301523331
,,,,,,6969.0,2.69717,0.0056,93.4938,4.036690720467063
,,,,,,6970.0,2.69903,0.00599,100.0,4.036424963457086
,,,,,,6970.0,0.0,0.00599,100.0,3.9152552018345084
,,,,,,6971.0,0.0,0.00599,100.0,3.9276571158894926
,,,,,,6972.0,0.0,0.00599,100.0,3.91707632502655
,,,,,,6973.0,0.0,0.00599,100.0,3.9324487979222034
,,,,,,6974.0,0.0,0.00599,100.0,3.9210577449083504
,,,,,,6975.0,0.0,0.00599,100.0,3.9142568282464496
,,,,,,6976.0,0.0,0.00599,100.0,3.9086387271442646
,,,,,,6977.0,0.0,0.00599,100.0,3.914255118772514
,,,,,,6978.0,0.0,0.00599,100.0,3.935184756559078
,,,,,,6979.0,0.0,0.00599,100.0,3.916713778469787
,,,,,,6980.0,0.0,0.00599,100.0,3.913509127660702
,,,,,,6981.0,0.0,0.00599,100.0,3.9135732422511538
,,,,,,6982.0,0.0,0.00599,100.0,3.905010738231027
,,,,,,6983.0,0.0,0.00599,100.0,3.908766590106955
,,,,,,6984.0,0.0,0.00599,100.0,3.9187076708182693
,,,,,,6985.0,0.0,0.00599,100.0,3.9109327729684646
,,,,,,6986.0,0.0,0.00599,100.0,3.9131994928637166
,,,,,,6987.0,0.0,0.00599,100.0,3.916366573115181
,,,,,,6988.0,0.0,0.00599,100.0,3.9161245618237044
,,,,,,6989.0,0.0,0.00599,100.0,3.9214530136952384
,,,,,,6990.0,0.0,0.00599,100.0,3.9229881026247897
,,,,,,6991.0,0.0,0.00599,100.0,3.923761728633255
,,,,,,6993.0,0.0,0.00599,100.0,3.920322150313627
,,,,,,6994.0,0.0,0.00599,100.0,3.915880149888428
,,,,,,6995.0,0.0,0.00599,100.0,3.9147324309928475
,,,,,,6996.0,0.0,0.00599,100.0,3.9362600457819577
,,,,,,6997.0,0.0,0.00599,100.0,3.916610646057046
,,,,,,6998.0,0.0,0.00599,100.0,3.9103267876718486
,,,,,,6999.0,0.0,0.00599,100.0,3.9111920152963746
,,,,,,7000.0,0.0,0.00599,100.0,3.934549042380169
,,,,,,7001.0,0.0,0.00599,100.0,3.919992932522125
,,,,,,7002.0,0.0,0.00599,100.0,3.911122646177385
,,,,,,7003.0,0.0,0.00599,100.0,3.921512784416163
,,,,,,7004.0,0.0,0.00599,100.0,3.924371787137626
,,,,,,7005.0,0.0,0.00599,100.0,3.939563283991405
,,,,,,7006.0,0.0,0.00599,100.0,3.919232640289037
,,,,,,7007.0,0.0,0.00599,100.0,3.908791545665842
,,,,,,7008.0,0.0,0.00599,100.0,3.9310032420175114
,,,,,,7009.0,0.0,0.00599,100.0,3.914545932367218
,,,,,,7010.0,0.0,0.00599,100.0,3.9043832871180575
,,,,,,7011.0,0.0,0.00599,100.0,3.9455326687230325
,,,,,,7012.0,0.0,0.00599,100.0,3.931929695410618
,,,,,,7013.0,0.0,0.00599,100.0,3.9200794314029217
,,,,,,7015.0,0.0,0.00599,100.0,3.907068328986023
,,,,,,7016.0,0.0,0.00599,100.0,3.9408441207242912
,,,,,,7017.0,0.0,0.00599,100.0,3.928895429408832
,,,,,,7018.0,0.0,0.00599,100.0,3.937053572766654
,,,,,,7019.0,0.0,0.00599,100.0,3.941953116582422
,,,,,,7020.0,0.0,0.00599,100.0,3.933250015465187
,,,,,,7021.0,0.0,0.00599,100.0,3.929832935271935
,,,,,,7022.0,0.0,0.00599,100.0,3.9175883151853443
,,,,,,7023.0,0.0,0.00599,100.0,3.9140293125653
,,,,,,7024.0,0.0,0.00599,100.0,3.938003972445633
,,,,,,7025.0,0.0,0.00599,100.0,3.9291277761447705
,,,,,,7025.0,0.0,0.00599,100.0,3.926421254802228
,,,,,,,,,,
,,,,,,7025.0,-0.67336,0.0,0.0,3.8927847421263886
,,,,,,7026.0,-0.67336,0.0002,2.0442,3.909222445944864
,,,,,,7027.0,-0.67522,0.00039,3.9774,3.9154260803780145
,,,,,,7028.0,-0.67522,0.00057,5.8314,3.8883035277954168
,,,,,,7029.0,-0.67336,0.00077,7.865,3.88522426497257
,,,,,,7030.0,-0.67522,0.00097,9.8986,3.8966779472489597
,,,,,,7031.0,-0.67894,0.00117,11.9322,3.910412861308222
,,,,,,7032.0,-0.67336,0.00136,13.9288,3.8852543335198813
,,,,,,7033.0,-0.67708,0.00155,15.8409,3.8885419624127167
,,,,,,7034.0,-0.67336,0.00175,17.8745,3.8892855777207704
,,,,,,7035.0,-0.67522,0.00195,19.9081,3.900263239953441
,,,,,,7036.0,-0.67708,0.00214,21.9206,3.882160176654085
,,,,,,7037.0,-0.67336,0.00232,23.7006,3.890517905804244
,,,,,,7038.0,-0.67522,0.00252,25.7342,3.8894563572542946
,,,,,,7039.0,-0.67336,0.00272,27.7678,3.8938191538381113
,,,,,,7040.0,-0.67708,0.00292,29.8014,3.8727383337078596
,,,,,,7041.0,-0.67708,0.00311,31.835,3.87388443787997
,,,,,,7042.0,-0.67522,0.00331,33.8686,3.905199799241784
,,,,,,7043.0,-0.67522,0.00351,35.9022,3.8897907328084402
,,,,,,7044.0,-0.67522,0.00371,37.9094,3.883616759255239
,,,,,,7045.0,-0.67894,0.0039,39.8637,3.894577834416933
,,,,,,7046.0,-0.6715,0.00407,41.6491,3.897251360084138
,,,,,,7047.0,-0.67336,0.00427,43.6774,3.87889313184923
,,,,,,7049.0,-0.67336,0.00447,45.7057,3.8749865063456386
,,,,,,7050.0,-0.67522,0.00467,47.7446,3.8823724026070527
,,,,,,7051.0,-0.67708,0.00487,49.7729,3.879196045531698
,,,,,,7052.0,-0.67336,0.00507,51.8012,3.8813463240085153
,,,,,,7053.0,-0.67336,0.00526,53.7555,3.8942463567774537
,,,,,,7053.0,-0.67336,0.00526,53.7555,3.902070243942677
,,,,,,7053.0,-1.35231,0.00526,53.7555,3.85272767865166
,,,,,,7054.0,-1.35045,0.00564,57.622,3.859951102143983
,,,,,,7055.0,-1.35045,0.00603,61.6892,3.86106816962005
,,,,,,7056.0,-1.35045,0.00645,65.9096,3.8542666936886216
,,,,,,7057.0,-1.35045,0.00685,69.982,3.8595525669138886
,,,,,,7058.0,-1.35417,0.00724,74.0492,3.85983416092651
,,,,,,7059.0,-1.35045,0.00764,78.1164,3.867871967853964
,,,,,,7060.0,-1.35231,0.00804,82.1889,3.858120478518213
,,,,,,7061.0,-1.35231,0.00843,86.2191,3.862894886501441
,,,,,,7062.0,-1.34859,0.00878,89.7898,3.8456481587123768
,,,,,,7063.0,-1.35231,0.00918,93.857,3.8616653291295515
,,,,,,7064.0,-1.35231,0.00958,97.9611,3.844667863937155
,,,,,,7065.0,-1.35417,0.00978,100.0,3.8357202267619988
,,,,,,7065.0,-1.35417,0.00978,100.0,3.8518444410717567
,,,,,,,,,,
,,,,,,7065.0,0.66778,0.0,0.0,3.9297090004108344
,,,,,,7066.0,0.66964,0.00018,12.2849,3.9553448347856017
,,,,,,7067.0,0.66964,0.00039,26.0496,3.9300017158757865
,,,,,,7068.0,0.66964,0.00056,37.5774,3.9571777463247924
,,,,,,7069.0,0.66964,0.00076,50.8259,3.9453073597958195
,,,,,,7070.0,0.66964,0.00096,63.9367,3.939594933656586
,,,,,,7071.0,0.66964,0.00116,77.0819,3.9483669280548197
,,,,,,7072.0,0.66964,0.00135,90.1927,3.9531050247155646
,,,,,,7073.0,0.66964,0.0015,100.0,3.959936720372755
,,,,,,7073.0,0.0,0.0015,100.0,3.9361309339940553
,,,,,,7074.0,0.0,0.0015,100.0,3.928757716569305
,,,,,,7075.0,0.0,0.0015,100.0,3.9175354721697007
,,,,,,7076.0,0.0,0.0015,100.0,3.9095751386874427
,,,,,,7077.0,0.0,0.0015,100.0,3.921604164861176
,,,,,,7078.0,0.0,0.0015,100.0,3.9268782775268627
,,,,,,7079.0,0.0,0.0015,100.0,3.9246652503351966
,,,,,,7080.0,0.0,0.0015,100.0,3.9170588913281064
,,,,,,7081.0,0.0,0.0015,100.0,3.9326386262932913
,,,,,,7082.0,0.0,0.0015,100.0,3.943667204246779
,,,,,,7083.0,0.0,0.0015,100.0,3.926716200936219
,,,,,,7084.0,0.0,0.0015,100.0,3.9296168592281315
,,,,,,7085.0,0.0,0.0015,100.0,3.9160247308338585
,,,,,,7086.0,0.0,0.0015,100.0,3.917737482949747
,,,,,,7087.0,0.0,0.0015,100.0,3.9230363404712305
,,,,,,7088.0,0.0,0.0015,100.0,3.9409053865918215
,,,,,,7089.0,0.0,0.0015,100.0,3.929680633272366
,,,,,,7089.0,0.0,0.0015,100.0,3.9171240247295223
,,,,,,,,,,
,,,,,,7089.0,-0.68638,0.0,0.0,3.9004971457995774
,,,,,,7090.0,-0.67522,0.00018,0.8551,3.906848063692485
,,,,,,7091.0,-0.67336,0.00037,1.7896,3.8869561230918075
,,,,,,7092.0,-0.67522,0.00057,2.7439,3.8859519813049004
,,,,,,7093.0,-0.67708,0.00077,3.6982,3.8910720553991114
,,,,,,7094.0,-0.6715,0.00096,4.6054,3.882741193955811
,,,,,,7095.0,-0.67336,0.00116,5.5597,3.8935345593371053
,,,,,,7096.0,-0.67894,0.00133,6.3975,3.870973213603156
,,,,,,7097.0,-0.67336,0.00153,7.3543,3.8836775124910754
,,,,,,7098.0,-0.67708,0.00173,8.3085,3.8812245626790536
,,,,,,7099.0,-0.67336,0.00193,9.2628,3.8892779926861003
,,,,,,7100.0,-0.67708,0.00213,10.2147,3.8852549712976763
,,,,,,7101.0,-0.67336,0.00233,11.1566,3.890285077288121
,,,,,,7102.0,-0.67522,0.00252,12.1108,3.875995410132201
,,,,,,7103.0,-0.67336,0.0027,12.9462,3.8929977794396042
,,,,,,7104.0,-0.67894,0.0029,13.898,3.88489209645238
,,,,,,7105.0,-0.6715,0.0031,14.8523,3.8834232224465115
,,,,,,7106.0,-0.67522,0.00331,15.8586,3.8896173560517635
,,,,,,7107.0,-0.67336,0.00348,16.7138,3.8899463796540825
,,,,,,7108.0,-0.67708,0.00368,17.6656,3.8935776769004615
,,,,,,7110.0,-0.67894,0.00388,18.6199,3.894936793238491
,,,,,,7111.0,-0.67708,0.00408,19.5717,3.878313851954943
,,,,,,7112.0,-0.67336,0.00428,20.526,3.910120584986639
,,,,,,7113.0,-0.67708,0.00448,21.4803,3.8969129639444993
,,,,,,7114.0,-0.67522,0.00466,22.3602,3.8861697266853907
,,,,,,7115.0,-0.67708,0.00485,23.2699,3.90301973949578
,,,,,,7116.0,-0.67522,0.00505,24.2242,3.8906098744363065
,,,,,,7117.0,-0.6715,0.00525,25.176,3.882018330145577
,,,,,,7118.0,-0.67708,0.00545,26.1402,3.883918650964239
,,,,,,7119.0,-0.67336,0.00563,26.9929,3.8997625886138008
,,,,,,7120.0,-0.67894,0.00583,27.9472,3.8865672900784465
,,,,,,7121.0,-0.66964,0.00603,28.9039,3.8853345301992936
,,,,,,7122.0,-0.6715,0.00622,29.8557,3.875454183335518
,,,,,,7123.0,-0.67894,0.00642,30.81,3.893182361401869
,,,,,,7124.0,-0.67336,0.00662,31.7643,3.8870556407944066
,,,,,,7125.0,-0.67522,0.00682,32.7137,3.900022832948046
,,,,,,7126.0,-0.67522,0.00702,33.668,3.8692584760118724
,,,,,,7127.0,-0.67894,0.00722,34.6222,3.8738131591942038
,,,,,,7128.0,-0.67336,0.00742,35.5741,3.8827478548562495
,,,,,,7130.0,-0.67336,0.00761,36.516,3.893463517040831
,,,,,,7131.0,-0.67708,0.00781,37.4876,3.880212309950136
,,,,,,7132.0,-0.67336,0.00799,38.3328,3.880690358227764
,,,,,,7133.0,-0.67336,0.00819,39.297,3.894046589224593
,,,,,,7134.0,-0.6715,0.00837,40.1671,3.8986765004493655
,,,,,,7135.0,-0.67336,0.00857,41.1189,3.893313097749106
,,,,,,7136.0,-0.67522,0.00877,42.0732,3.8832835675434336
,,,,,,7137.0,-0.67522,0.00897,43.0275,3.886245657977776
,,,,,,7138.0,-0.67522,0.00917,43.9793,3.885172903812861
,,,,,,7139.0,-0.67522,0.00937,44.9336,3.873759988753716
,,,,,,7140.0,-0.6715,0.00957,45.8854,3.8669720653519444
,,,,,,7141.0,-0.67336,0.00976,46.8372,3.884005668220903
,,,,,,7142.0,-0.67336,0.00996,47.7915,3.86566696391064
,,,,,,7143.0,-0.6715,0.01016,48.7433,3.8814776653960092
,,,,,,7144.0,-0.6715,0.01036,49.6976,3.8738759346552025
,,,,,,7145.0,-0.67708,0.01056,50.6494,3.8768167738933244
,,,,,,7146.0,-0.67336,0.01076,51.6012,3.893291041493982
,,,,,,7147.0,-0.67336,0.01095,52.5456,3.8928658782470076
,,,,,,7148.0,-0.67522,0.01113,53.3809,3.8896368707697935
,,,,,,7149.0,-0.6808,0.01133,54.3327,3.9028088378462744
,,,,,,7150.0,-0.67336,0.01152,55.287,3.87472309202342
,,,,,,7151.0,-0.67522,0.01172,56.2413,3.8740196835899936
,,,,,,7153.0,-0.67522,0.01192,57.1931,3.8831844264805
,,,,,,7154.0,-0.67894,0.01212,58.145,3.881239885282284
,,,,,,7155.0,-0.6715,0.01232,59.0992,3.8971345843197462
,,,,,,7156.0,-0.67522,0.01252,60.0659,3.89521143816729
,,,,,,7157.0,-0.67894,0.01272,61.0177,3.890456993005095
,,,,,,7158.0,-0.67522,0.01292,61.9696,3.895636734046667
,,,,,,7159.0,-0.67708,0.01312,62.9214,3.863054716292503
,,,,,,7160.0,-0.67708,0.01331,63.8682,3.890992900557973
,,,,,,7161.0,-0.67522,0.01349,64.7035,3.8810183143450616
,,,,,,7162.0,-0.67522,0.01369,65.6578,3.88710848607528
,,,,,,7163.0,-0.6715,0.01389,66.6121,3.8800719825857164
,,,,,,7164.0,-0.6715,0.01408,67.5639,3.8829984837206473
,,,,,,7165.0,-0.67336,0.01428,68.5009,3.880599855420339
,,,,,,7166.0,-0.67522,0.01448,69.4701,3.873175248564051
,,,,,,7167.0,-0.67522,0.01467,70.3549,3.8711775862461253
,,,,,,7168.0,-0.66964,0.01487,71.3514,3.8656075296564465
,,,,,,7169.0,-0.67708,0.01505,72.1867,3.8898385278708103
,,,,,,7170.0,-0.6715,0.01525,73.1385,3.8666617598288537
,,,,,,7171.0,-0.67894,0.01545,74.0928,3.8749855663031085
,,,,,,7172.0,-0.67522,0.01564,75.0446,3.8757907154203766
,,,,,,7173.0,-0.67336,0.01585,76.041,3.8987797279773124
,,,,,,7174.0,-0.67708,0.01603,76.9061,3.8946525177920095
,,,,,,7175.0,-0.67336,0.01624,77.905,3.891822639522388
,,,,,,7176.0,-0.6715,0.0163,78.1925,3.883072618502399
,,,,,,7176.0,-1.35789,0.0163,78.1925,3.8604580367711305
,,,,,,7177.0,-1.35045,0.01673,80.2622,3.8550025766678897
,,,,,,7178.0,-1.35045,0.01712,82.1163,3.875112193384075
,,,,,,7179.0,-1.35045,0.01752,84.0249,3.8490699341527046
,,,,,,7180.0,-1.35231,0.01791,85.936,3.852382533000855
,,,,,,7181.0,-1.35045,0.01831,87.8445,3.8372584284646587
,,,,,,7182.0,-1.35045,0.01871,89.7531,3.83576027358956
,,,,,,7183.0,-1.35417,0.01911,91.6617,3.8438042338334846
,,,,,,7184.0,-1.35231,0.01951,93.5703,3.8444249237858403
,,,,,,7185.0,-1.35417,0.0199,95.4814,3.8541465718184513
,,,,,,7186.0,-1.35231,0.0203,97.3899,3.849112565910113
,,,,,,7188.0,-1.35045,0.0207,99.2787,3.8519337854498095
,,,,,,7188.0,-1.35045,0.02085,100.0,3.8443796681045557
,,,,,,7188.0,-1.35045,0.02085,100.0,3.8522415404741794
,,,,,,,,,,
,,,,,,7188.0,0.6715,0.0,0.0,3.9272242951852325
,,,,,,7189.0,0.6715,0.00019,12.9534,3.9264074742152686
,,,,,,7190.0,0.6715,0.00037,24.9396,3.917843555333821
,,,,,,7191.0,0.6715,0.00057,38.4111,3.9239104114141283
,,,,,,7192.0,0.6715,0.00075,50.3627,3.925585898195464
,,,,,,7193.0,0.6715,0.00095,63.5924,3.9506502618939088
,,,,,,7194.0,0.6715,0.00115,76.8221,3.9368879777338965
,,,,,,7195.0,0.6715,0.00135,90.0173,3.9426008211433845
,,,,,,7196.0,0.6715,0.0015,100.0,3.9386784919884783
,,,,,,7196.0,0.0,0.0015,100.0,3.9076934409427704
,,,,,,7197.0,0.0,0.0015,100.0,3.915150301598126
,,,,,,7198.0,0.0,0.0015,100.0,3.9080661890423043
,,,,,,7199.0,0.0,0.0015,100.0,3.8995352528497733
,,,,,,7200.0,0.0,0.0015,100.0,3.9067142244862882
,,,,,,7201.0,0.0,0.0015,100.0,3.9085241659326955
,,,,,,7202.0,0.0,0.0015,100.0,3.897659302658367
,,,,,,7203.0,0.0,0.0015,100.0,3.915918961582603
,,,,,,7204.0,0.0,0.0015,100.0,3.906784617857936
,,,,,,7205.0,0.0,0.0015,100.0,3.891935071123653
,,,,,,7206.0,0.0,0.0015,100.0,3.93634764804926
,,,,,,7207.0,0.0,0.0015,100.0,3.9088316351173407
,,,,,,7208.0,0.0,0.0015,100.0,3.922866343684708
,,,,,,7209.0,0.0,0.0015,100.0,3.911717852770783
,,,,,,7210.0,0.0,0.0015,100.0,3.8941411721213077
,,,,,,7211.0,0.0,0.0015,100.0,3.9114123111572856
,,,,,,7212.0,0.0,0.0015,100.0,3.9140022866531603
,,,,,,7212.0,0.0,0.0015,100.0,3.9214566992054443
,,,,,,,,,,
,,,,,,7212.0,-0.67336,0.0,0.0,3.896139251085723
,,,,,,7213.0,-0.67522,0.0002,0.4791,3.8979319362558695
,,,,,,7214.0,-0.67336,0.00039,0.952,3.8766601858016547
,,,,,,7215.0,-0.6715,0.00059,1.4298,3.870896807573705
,,,,,,7216.0,-0.6715,0.00079,1.9127,3.891029764891198
,,,,,,7217.0,-0.67522,0.00099,2.3956,3.885754246314453
,,,,,,7218.0,-0.66964,0.00119,2.8772,3.8796744686344815
,,,,,,7219.0,-0.66964,0.00138,3.3588,3.8867178432736322
,,,,,,7220.0,-0.67336,0.00158,3.8417,3.8913691341405734
,,,,,,7221.0,-0.67336,0.00178,4.3196,3.8787924559227513
,,,,,,7222.0,-0.67522,0.00195,4.7435,3.8802168808206847
,,,,,,7223.0,-0.67522,0.00215,5.2251,3.866925512080336
,,,,,,7225.0,-0.67522,0.00235,5.7068,3.8560395034324952
,,,,,,7226.0,-0.67522,0.00255,6.1896,3.8910098359891516
,,,,,,7227.0,-0.67708,0.00275,6.6775,3.8809162554669663
,,,,,,7228.0,-0.66964,0.00294,7.1353,3.8665430089431414
,,,,,,7229.0,-0.67894,0.00314,7.617,3.889355410314861
,,,,,,7230.0,-0.67336,0.00334,8.0998,3.8720042930105545
,,,,,,7231.0,-0.6715,0.00354,8.5815,3.870554280217659
,,,,,,7232.0,-0.6715,0.00373,9.0581,3.886434801412595
,,,,,,7233.0,-0.6715,0.00392,9.5159,3.8974765913971003
,,,,,,7234.0,-0.67708,0.00412,9.9937,3.8886362607339517
,,,,,,7235.0,-0.6715,0.0043,10.4352,3.868005281353623
,,,,,,7236.0,-0.67708,0.00449,10.8943,3.8764045310891366
,,,,,,7237.0,-0.67336,0.00467,11.3445,3.8688539958995873
,,,,,,7238.0,-0.67894,0.00486,11.8086,3.8722427569701545
,,,,,,7239.0,-0.6808,0.00506,12.2915,3.8896459242027297
,,,,,,7240.0,-0.67522,0.00526,12.7731,3.8747222585583887
,,,,,,7241.0,-0.67522,0.00546,13.2547,3.8684064562151534
,,,,,,7242.0,-0.67336,0.00566,13.7376,3.8857598292667817
,,,,,,7243.0,-0.67708,0.00586,14.2192,3.88153158853493
,,,,,,7244.0,-0.67336,0.00603,14.6419,3.8712663935018443
,,,,,,7245.0,-0.66964,0.00624,15.1499,3.8908939480279634
,,,,,,7246.0,-0.67894,0.00642,15.5776,3.8871858621532964
,,,,,,7247.0,-0.6715,0.00657,15.9413,3.8777793713459427
,,,,,,7247.0,-5.39993,0.00657,15.9413,3.71019466578367
,,,,,,7248.0,-5.40737,0.00799,19.4055,3.693192866414408
,,,,,,7249.0,-5.40737,0.00951,23.0867,3.666164585186354
,,,,,,7250.0,-5.40737,0.01106,26.8431,3.677176462627553
,,,,,,7251.0,-5.40737,0.01265,30.7086,3.675213362265682
,,,,,,7252.0,-5.40923,0.01424,34.5742,3.6825870843365895
,,,,,,7253.0,-5.40737,0.01584,38.4397,3.6530948256652556
,,,,,,7254.0,-5.40923,0.01743,42.3053,3.652238365848101
,,,,,,7255.0,-5.40923,0.01863,45.2226,3.666660964257856
,,,,,,7255.0,-3.37612,0.01863,45.2226,3.7373105132120266
,,,,,,7256.0,-3.37984,0.01961,47.5931,3.742123996877973
,,,,,,7257.0,-3.37984,0.02055,49.8934,3.7278047595847252
,,,,,,7258.0,-3.37798,0.02143,52.013,3.721504968536033
,,,,,,7259.0,-3.37984,0.02239,54.361,3.740639719492914
,,,,,,7260.0,-3.37984,0.0234,56.7979,3.7370652331706746
,,,,,,7261.0,-3.37984,0.02432,59.0305,3.726977603750123
,,,,,,7262.0,-3.3817,0.02536,61.5603,3.7423104966542775
,,,,,,7263.0,-3.37798,0.02636,63.9759,3.7483762954667954
,,,,,,7264.0,-3.37798,0.02735,66.3916,3.7383631134296755
,,,,,,7265.0,-3.37984,0.02835,68.8072,3.73160733736495
,,,,,,7266.0,-3.37984,0.02927,71.0398,3.7400753834480076
,,,,,,7267.0,-3.37984,0.03026,73.4542,3.7177374730107102
,,,,,,7268.0,-3.37612,0.03126,75.8698,3.70745228338198
,,,,,,7269.0,-3.38356,0.03225,78.2855,3.7393932103459298
,,,,,,7271.0,-3.37798,0.03325,80.6999,3.7434932781157753
,,,,,,7272.0,-3.3817,0.03424,83.1155,3.7344981276329463
,,,,,,7273.0,-3.37798,0.03523,85.5086,3.738533861460446
,,,,,,7274.0,-3.37984,0.0361,87.627,3.7106056791957616
,,,,,,7275.0,-3.3817,0.03709,90.0426,3.7118773277509147
,,,,,,7276.0,-3.37798,0.03809,92.4583,3.718102425508039
,,,,,,7277.0,-3.37798,0.03908,94.8727,3.732653208478654
,,,,,,7278.0,-3.3817,0.04008,97.2883,3.7098429897602014
,,,,,,7279.0,-3.37984,0.04107,99.7027,3.697512001509531
,,,,,,7279.0,-3.37984,0.0412,100.0,3.7061142941868765
,,,,,,7279.0,-3.37984,0.0412,100.0,3.7020109062848223
,,,,,,,,,,
,,,,,,7279.0,1.35231,0.0,0.0,3.916093687693003
,,,,,,7280.0,1.34487,0.0004,13.2819,3.9022886243952426
,,,,,,7281.0,1.34487,0.00079,26.0668,3.9178865108751086
,,,,,,7282.0,1.34859,0.00118,39.2288,3.9107833068873785
,,,,,,7283.0,1.34487,0.00158,52.3736,3.940529379416246
,,,,,,7284.0,1.34487,0.00198,65.5184,3.9284715502613996
,,,,,,7285.0,1.34487,0.00237,78.6632,3.9308065238837364
,,,,,,7286.0,1.34673,0.00277,91.8081,3.9336055072485614
,,,,,,7287.0,1.34487,0.00301,100.0,3.934672642638182
,,,,,,7287.0,1.34487,0.00301,100.0,3.950863205247013
,,,,,,,,,,
,,,,,,7287.0,-1.35975,0.0,0.0,3.80756834846436
,,,,,,7288.0,-1.35417,0.00039,3.2583,3.822679970725563
,,,,,,7289.0,-1.35231,0.0008,6.6326,3.836303700191322
,,,,,,7290.0,-1.34859,0.0012,9.9424,3.820147909481039
,,,,,,7291.0,-1.35231,0.00159,13.2522,3.8061038941207195
,,,,,,7292.0,-1.35045,0.00199,16.532,3.818549758314638
,,,,,,7293.0,-1.35231,0.00239,19.8461,3.8164444795972656
,,,,,,7294.0,-1.35231,0.00278,23.156,3.8094463992181278
,,,,,,7296.0,-1.35417,0.00318,26.4701,3.8280091941128127
,,,,,,7297.0,-1.35045,0.00358,29.7799,3.8277844826740157
,,,,,,7298.0,-1.35231,0.00398,33.0898,3.809297540990999
,,,,,,7299.0,-1.35045,0.00437,36.3652,3.8148844245985236
,,,,,,7300.0,-1.35045,0.00477,39.6449,3.820818168051252
,,,,,,7301.0,-1.35045,0.00512,42.5808,3.8194572374367013
,,,,,,7302.0,-1.35045,0.00552,45.9551,3.826695861711419
,,,,,,7303.0,-1.35417,0.00592,49.265,3.8014397080404905
,,,,,,7304.0,-1.35231,0.00632,52.5791,3.818565076900011
,,,,,,7305.0,-1.35045,0.00672,55.8932,3.835378448482327
,,,,,,7306.0,-1.35603,0.00707,58.799,3.8220522345249868
,,,,,,7307.0,-1.35231,0.00753,62.6419,3.806506649283463
,,,,,,7308.0,-1.35231,0.00789,65.6422,3.802068642760592
,,,,,,7309.0,-1.34859,0.00829,68.952,3.8194652351587015
,,,,,,7310.0,-1.34859,0.00869,72.2619,3.8201153363248483
,,,,,,7311.0,-1.35417,0.00908,75.5717,3.808738877216824
,,,,,,7312.0,-1.35231,0.00948,78.8815,3.8193483665846877
,,,,,,7313.0,-1.35045,0.00988,82.1914,3.8008846380475845
,,,,,,7315.0,-1.35231,0.01028,85.5055,3.815189001553006
,,,,,,7316.0,-1.35045,0.01068,88.8153,3.817861943605196
,,,,,,7317.0,-1.35045,0.01107,92.1295,3.8138085131536865
,,,,,,7318.0,-1.35045,0.01147,95.4393,3.8139640558237224
,,,,,,7319.0,-1.35045,0.01187,98.7491,3.821729417737589
,,,,,,7319.0,-1.35231,0.01202,100.0,3.8216584893897236
,,,,,,7319.0,-1.35231,0.01202,100.0,3.827246619459345
,,,,,,,,,,
,,,,,,7319.0,2.70275,0.0,0.0,3.992767807262281
,,,,,,7320.0,2.69903,0.00073,12.2207,3.986484793595984
,,,,,,7321.0,2.69717,0.00154,25.6875,3.983564075596165
,,,,,,7322.0,2.70089,0.00234,38.9051,3.9811819881395736
,,,,,,7323.0,2.70089,0.00313,52.1141,4.011813760875259
,,,,,,7324.0,2.69717,0.00393,65.3317,3.997845535730402
,,,,,,7325.0,2.69717,0.00472,78.5493,4.006307407527409
,,,,,,7326.0,2.69903,0.00552,91.7669,4.007637429469682
,,,,,,7327.0,2.69903,0.00601,100.0,4.0166322619143155
,,,,,,7327.0,0.0,0.00601,100.0,3.9060309383628615
,,,,,,7328.0,0.0,0.00601,100.0,3.897408610946205
,,,,,,7329.0,0.0,0.00601,100.0,3.8792167892569074
,,,,,,7330.0,0.0,0.00601,100.0,3.8933635282152865
,,,,,,7331.0,0.0,0.00601,100.0,3.9084832816975243
,,,,,,7332.0,0.0,0.00601,100.0,3.8999902659030696
,,,,,,7333.0,0.0,0.00601,100.0,3.8918998663376123
,,,,,,7334.0,0.0,0.00601,100.0,3.8881647119341336
,,,,,,7335.0,0.0,0.00601,100.0,3.896858853306733
,,,,,,7337.0,0.0,0.00601,100.0,3.8978629561928053
,,,,,,7338.0,0.0,0.00601,100.0,3.9036144823698407
,,,,,,7339.0,0.0,0.00601,100.0,3.903593056297398
,,,,,,7340.0,0.0,0.00601,100.0,3.8934431079326575
,,,,,,7341.0,0.0,0.00601,100.0,3.8902064143070687
,,,,,,7342.0,0.0,0.00601,100.0,3.902279569024927
,,,,,,7343.0,0.0,0.00601,100.0,3.9010091925265367
,,,,,,7344.0,0.0,0.00601,100.0,3.8874138356312438
,,,,,,7345.0,0.0,0.00601,100.0,3.9017943129876267
,,,,,,7346.0,0.0,0.00601,100.0,3.8931128782980635
,,,,,,7347.0,0.0,0.00601,100.0,3.892737303562946
,,,,,,7348.0,0.0,0.00601,100.0,3.898237721589417
,,,,,,7349.0,0.0,0.00601,100.0,3.897591363008314
,,,,,,7350.0,0.0,0.00601,100.0,3.888263024436835
,,,,,,7351.0,0.0,0.00601,100.0,3.894793571991255
,,,,,,7352.0,0.0,0.00601,100.0,3.898546959623934
,,,,,,7353.0,0.0,0.00601,100.0,3.8913763056435777
,,,,,,7354.0,0.0,0.00601,100.0,3.896265570402756
,,,,,,7356.0,0.0,0.00601,100.0,3.8954082039622913
,,,,,,7357.0,0.0,0.00601,100.0,3.9025702317604107
,,,,,,7358.0,0.0,0.00601,100.0,3.891461504764419
,,,,,,7359.0,0.0,0.00601,100.0,3.893817262354434
,,,,,,7360.0,0.0,0.00601,100.0,3.908768231186789
,,,,,,7361.0,0.0,0.00601,100.0,3.903414485155973
,,,,,,7362.0,0.0,0.00601,100.0,3.896684177377727
,,,,,,7363.0,0.0,0.00601,100.0,3.9033718201047574
,,,,,,7364.0,0.0,0.00601,100.0,3.900789672187151
,,,,,,7365.0,0.0,0.00601,100.0,3.8842212795303928
,,,,,,7366.0,0.0,0.00601,100.0,3.89006179933978
,,,,,,7366.0,0.0,0.00601,100.0,3.8927974320020224
,,,,,,7366.0,0.0,0.00601,100.0,3.900365188108616
,,,,,,7367.0,0.0,0.00601,100.0,3.899303633915435
,,,,,,7368.0,0.0,0.00601,100.0,3.8986108235524894
,,,,,,7369.0,0.0,0.00601,100.0,3.8991055806797474
,,,,,,7370.0,0.0,0.00601,100.0,3.8930957603189538
,,,,,,7371.0,0.0,0.00601,100.0,3.894421965599457
,,,,,,7372.0,0.0,0.00601,100.0,3.8932390387694737
,,,,,,7373.0,0.0,0.00601,100.0,3.902558858514084
,,,,,,7374.0,0.0,0.00601,100.0,3.907975508885721
,,,,,,7375.0,0.0,0.00601,100.0,3.905546167344597
,,,,,,7377.0,0.0,0.00601,100.0,3.907714267977137
,,,,,,7378.0,0.0,0.00601,100.0,3.9151232123129827
,,,,,,7379.0,0.0,0.00601,100.0,3.904670860583631
,,,,,,7380.0,0.0,0.00601,100.0,3.909496434311956
,,,,,,7381.0,0.0,0.00601,100.0,3.9103661289747635
,,,,,,7382.0,0.0,0.00601,100.0,3.8994475329979013
,,,,,,7383.0,0.0,0.00601,100.0,3.9167984017689097
,,,,,,7383.0,0.0,0.00601,100.0,3.907402960997414
,,,,,,7383.0,0.0,0.00601,100.0,3.8973232265430426
,,,,,,,,,,
,,,,,,7383.0,-0.67336,0.0,0.0,3.8691468042220354
,,,,,,7384.0,-0.67708,0.00019,1.8999,3.8814359655034067
,,,,,,7385.0,-0.67336,0.00038,3.9373,3.8723056999836287
,,,,,,7386.0,-0.67336,0.00058,5.9536,3.859285201683859
,,,,,,7387.0,-0.67522,0.00076,7.7371,3.870335060579224
,,,,,,7388.0,-0.67336,0.00095,9.7693,3.8800774908978592
,,,,,,7389.0,-0.67522,0.00117,11.9814,3.889395674274498
,,,,,,7390.0,-0.67708,0.00135,13.8177,3.851362835154905
,,,,,,7391.0,-0.67522,0.00155,15.8552,3.8646117065075973
,,,,,,7393.0,-0.6715,0.00175,17.8874,3.8674790882579133
,,,,,,7394.0,-0.67522,0.00195,19.9249,3.8632425676062567
,,,,,,7395.0,-0.67522,0.00214,21.9517,3.871093940601538
,,,,,,7396.0,-0.67894,0.00234,23.9945,3.8708014531834816
,,,,,,7397.0,-0.67522,0.00254,26.0267,3.8828100143321866
,,,,,,7398.0,-0.67522,0.00274,28.0641,3.8565868951730726
,,,,,,7399.0,-0.67522,0.00294,30.0963,3.8612717639701213
,,,,,,7400.0,-0.6715,0.00313,32.1073,3.860251416624445
,,,,,,7401.0,-0.6715,0.00333,34.1395,3.875515217862205
,,,,,,7402.0,-0.67894,0.00354,36.2299,3.86255159291044
,,,,,,7403.0,-0.6715,0.00371,38.0345,3.8777419609966253
,,,,,,7404.0,-0.67708,0.00391,40.072,3.8637395342933765
,,,,,,7405.0,-0.67522,0.00411,42.1042,3.8937665202411833
,,,,,,7406.0,-0.67708,0.00431,44.1257,3.877033847554166
,,,,,,7407.0,-0.67336,0.00451,46.1579,3.858030056152381
,,,,,,7408.0,-0.67522,0.00471,48.1954,3.8829666374509286
,,,,,,7409.0,-0.67336,0.00493,50.4604,3.8679275507414896
,,,,,,7410.0,-0.67522,0.00512,52.4714,3.8351184094364963
,,,,,,7411.0,-0.67708,0.00525,53.7362,3.862950939594263
,,,,,,7411.0,-1.34673,0.00525,53.7362,3.8422667154779435
,,,,,,7412.0,-1.35231,0.00563,57.6577,3.838262860814509
,,,,,,7413.0,-1.35231,0.00598,61.2722,3.846881578365738
,,,,,,7414.0,-1.35045,0.00638,65.3525,3.819937767237494
,,,,,,7415.0,-1.35231,0.00678,69.4274,3.8534659217791285
,,,,,,7416.0,-1.35045,0.00718,73.5076,3.825472671219403
,,,,,,7417.0,-1.35231,0.00757,77.5826,3.8311940366637174
,,,,,,7418.0,-1.35231,0.00797,81.6575,3.8262026795312316
,,,,,,7420.0,-1.35231,0.00837,85.7377,3.8267058585346345
,,,,,,7421.0,-1.35045,0.00877,89.8127,3.8149742674798928
,,,,,,7422.0,-1.35231,0.00917,93.8876,3.8419968859141878
,,,,,,7423.0,-1.35417,0.00956,97.9625,3.814564508674867
,,,,,,7423.0,-1.35417,0.00976,100.0,3.837385221135347
,,,,,,7423.0,-1.35417,0.00976,100.0,3.8193901920316566
,,,,,,,,,,
,,,,,,7423.0,0.66964,0.0,0.0,3.9147886713414377
,,,,,,7424.0,0.66964,0.00024,15.9664,3.92254983891037
,,,,,,7425.0,0.66964,0.00043,28.9566,3.9063719815281677
,,,,,,7426.0,0.66778,0.00061,41.5266,3.9149755436191565
,,,,,,7428.0,0.66964,0.00081,54.902,3.9174019716102317
,,,,,,7429.0,0.66964,0.00101,68.2423,3.9362143126176865
,,,,,,7430.0,0.66964,0.0012,81.6176,3.900624051777825
,,,,,,7431.0,0.66964,0.0014,94.958,3.934682211278187
,,,,,,7431.0,0.66964,0.00148,100.0,3.9240000620115327
,,,,,,7431.0,0.0,0.00148,100.0,3.884798746271954
,,,,,,7432.0,0.0,0.00148,100.0,3.8954193094119276
,,,,,,7433.0,0.0,0.00148,100.0,3.9048785643321238
,,,,,,7434.0,0.0,0.00148,100.0,3.8919781850236483
,,,,,,7435.0,0.0,0.00148,100.0,3.901585310699218
,,,,,,7436.0,0.0,0.00148,100.0,3.8853158281118447
,,,,,,7438.0,0.0,0.00148,100.0,3.902833800004975
,,,,,,7439.0,0.0,0.00148,100.0,3.9015605042180663
,,,,,,7440.0,0.0,0.00148,100.0,3.9036219855071845
,,,,,,7441.0,0.0,0.00148,100.0,3.895917853645692
,,,,,,7442.0,0.0,0.00148,100.0,3.905692856979754
,,,,,,7443.0,0.0,0.00148,100.0,3.8986479019463536
,,,,,,7444.0,0.0,0.00148,100.0,3.883080897887974
,,,,,,7445.0,0.0,0.00148,100.0,3.914355347904395
,,,,,,7446.0,0.0,0.00148,100.0,3.907733563423004
,,,,,,7447.0,0.0,0.00148,100.0,3.901699485410231
,,,,,,7447.0,0.0,0.00148,100.0,3.882818788405678
,,,,,,7447.0,0.0,0.00148,100.0,3.879491295451294
,,,,,,,,,,
,,,,,,7447.0,-0.67894,0.0,0.0,3.8665693672704853
,,,,,,7448.0,-0.67336,0.00019,0.9262,3.8738010405508225
,,,,,,7449.0,-0.67708,0.00039,1.8797,3.8799390325806873
,,,,,,7450.0,-0.67522,0.00059,2.8357,3.888749053778255
,,,,,,7451.0,-0.67708,0.00077,3.6998,3.8750458410237085
,,,,,,7452.0,-0.6715,0.00096,4.6087,3.8734667936967164
,,,,,,7453.0,-0.67894,0.00116,5.5671,3.872459049155263
,,,,,,7454.0,-0.67336,0.00136,6.5207,3.876978152255974
,,,,,,7456.0,-0.67894,0.00156,7.4767,3.880305348504963
,,,,,,7457.0,-0.67522,0.00176,8.4351,3.876585213065109
,,,,,,7458.0,-0.67708,0.00195,9.3887,3.865952364862383
,,,,,,7459.0,-0.67522,0.00215,10.3447,3.864664608306053
,,,,,,7460.0,-0.67522,0.00235,11.2982,3.8710330183538355
,,,,,,7461.0,-0.67336,0.00253,12.1375,3.8729283600009468
,,,,,,7462.0,-0.67522,0.00272,13.091,3.85160954311387
,,,,,,7463.0,-0.67708,0.00292,14.0445,3.879984795395274
,,,,,,7464.0,-0.6715,0.00311,14.9558,3.8844697773122974
,,,,,,7465.0,-0.67522,0.00331,15.9292,3.8611868263896634
,,,,,,7466.0,-0.67894,0.00351,16.8852,3.8763300049533425
,,,,,,7467.0,-0.67894,0.00371,17.8312,3.8511059370972056
,,,,,,7468.0,-0.67522,0.00389,18.6705,3.860423343346264
,,,,,,7469.0,-0.67336,0.00408,19.6265,3.8681814297332737
,,,,,,7470.0,-0.67894,0.00428,20.5825,3.856036654307737
,,,,,,7471.0,-0.67336,0.00449,21.5832,3.867076049971625
,,,,,,7472.0,-0.67708,0.00468,22.502,3.8784820114077787
,,,,,,7473.0,-0.67522,0.00488,23.458,3.8554212255853493
,,,,,,7474.0,-0.67522,0.00508,24.414,3.8539945315193123
,,,,,,7475.0,-0.67708,0.00528,25.37,3.8767491168682953
,,,,,,7476.0,-0.6715,0.00548,26.321,3.8603457930024585
,,,,,,7477.0,-0.67336,0.00568,27.2745,3.855785393357682
,,,,,,7479.0,-0.66778,0.00587,28.2256,3.870634776186302
,,,,,,7480.0,-0.67336,0.00605,29.0649,3.8545731899800573
,,,,,,7481.0,-0.6715,0.00625,30.0184,3.852475830887688
,,,,,,7482.0,-0.67894,0.00645,30.9744,3.8676144160990362
,,,,,,7483.0,-0.67522,0.00664,31.9329,3.862806619556417
,,,,,,7484.0,-0.67708,0.00684,32.8889,3.8701186304827195
,,,,,,7485.0,-0.6715,0.00704,33.8424,3.8633551605484175
,,,,,,7486.0,-0.67522,0.00722,34.6792,3.8543473688276912
,,,,,,7487.0,-0.6808,0.00743,35.6997,3.8671578108927007
,,,,,,7488.0,-0.67894,0.00762,36.6011,3.852418092041443
,,,,,,7489.0,-0.67708,0.00779,37.4454,3.8345280153562293
,,,,,,7490.0,-0.67522,0.00799,38.3914,3.8615881496240116
,,,,,,7491.0,-0.67522,0.00819,39.3474,3.849852613124742
,,,,,,7492.0,-0.67522,0.00839,40.3059,3.848919922030093
,,,,,,7493.0,-0.67336,0.00859,41.2594,3.866243868183378
,,,,,,7494.0,-0.67522,0.00878,42.2154,3.847197134999007
,,,,,,7495.0,-0.67522,0.00898,43.1689,3.8780216030201298
,,,,,,7496.0,-0.6715,0.00918,44.125,3.868246699244624
,,,,,,7497.0,-0.67708,0.00938,45.0785,3.880357610023173
,,,,,,7498.0,-0.67708,0.00958,46.0345,3.8667475096621886
,,,,,,7499.0,-0.67894,0.00978,46.9905,3.8503396936197367
,,,,,,7500.0,-0.67522,0.00998,47.944,3.8582036095158148
,,,,,,7502.0,-0.67522,0.01017,48.8975,3.8553851440263016
,,,,,,7503.0,-0.67894,0.01037,49.8535,3.8664990025577253
,,,,,,7504.0,-0.67336,0.01057,50.807,3.871086743315166
,,,,,,7505.0,-0.67708,0.01077,51.7407,3.86835003360541
,,,,,,7506.0,-0.67522,0.01096,52.6892,3.857961938036026
,,,,,,7507.0,-0.67336,0.01116,53.6402,3.852875929000769
,,,,,,7508.0,-0.67522,0.01136,54.5962,3.848328592517037
,,,,,,7509.0,-0.67522,0.01156,55.5522,3.8466240062640473
,,,,,,7510.0,-0.67708,0.01176,56.5058,3.8556985056071706
,,,,,,7511.0,-0.67336,0.01196,57.4593,3.861994340101601
,,,,,,7512.0,-0.67708,0.01215,58.4078,3.853068498453904
,,,,,,7513.0,-0.67708,0.01235,59.3464,3.8583854382525407
,,,,,,7514.0,-0.67336,0.01253,60.2106,3.8718943280829135
,,,,,,7515.0,-0.66964,0.01273,61.1566,3.8837082139844377
,,,,,,7516.0,-0.67522,0.01292,62.1126,3.8727710583770394
,,,,,,7517.0,-0.67708,0.01312,63.0662,3.8613448188494264
,,,,,,7518.0,-0.6715,0.01332,64.0221,3.8609186012558965
,,,,,,7519.0,-0.67894,0.01352,64.9781,3.8409452235340815
,,,,,,7520.0,-0.67708,0.01372,65.9317,3.8596747789965864
,,,,,,7522.0,-0.67522,0.01392,66.8901,3.841685984032672
,,,,,,7523.0,-0.67522,0.01412,67.861,3.8538300134739036
,,,,,,7524.0,-0.67336,0.0143,68.7078,3.8722502128930554
,,,,,,7525.0,-0.6715,0.0145,69.6812,3.860959910316785
,,,,,,7526.0,-0.67336,0.01468,70.5254,3.8801735976972673
,,,,,,7527.0,-0.67522,0.01487,71.4814,3.8721817978771225
,,,,,,7528.0,-0.67708,0.01507,72.4374,3.854937603268906
,,,,,,7529.0,-0.6715,0.01527,73.3934,3.8587171659089488
,,,,,,7530.0,-0.67522,0.01547,74.3469,3.8488680061365894
,,,,,,7531.0,-0.67336,0.01566,75.2483,3.883051303160327
,,,,,,7532.0,-0.67336,0.01583,76.0975,3.863970608712296
,,,,,,7533.0,-0.67336,0.01605,77.1131,3.8515125974643523
,,,,,,7534.0,-0.67336,0.01623,77.9946,3.852033373532811
,,,,,,7534.0,-0.6715,0.0163,78.3472,3.8564670002108707
,,,,,,7534.0,-1.34673,0.0163,78.3472,3.815620684811739
,,,,,,7535.0,-1.35045,0.01672,80.3685,3.829372581874914
,,,,,,7536.0,-1.35231,0.01708,82.0645,3.8169868781086405
,,,,,,7537.0,-1.35231,0.01747,83.9765,3.8133485725641973
,,,,,,7538.0,-1.35045,0.01787,85.8885,3.82645840932611
,,,,,,7539.0,-1.35231,0.01827,87.8005,3.8361091463915766
,,,,,,7541.0,-1.35417,0.01867,89.7125,3.8196840119346556
,,,,,,7542.0,-1.35417,0.01907,91.6269,3.8059145615268988
,,,,,,7543.0,-1.35045,0.01946,93.5414,3.813476777808566
,,,,,,7544.0,-1.35045,0.01986,95.4534,3.8120475245267293
,,,,,,7545.0,-1.35045,0.02026,97.3654,3.8229386148730895
,,,,,,7546.0,-1.34859,0.02066,99.2774,3.812710861473418
,,,,,,7546.0,-1.35045,0.02081,100.0,3.8125049423874673
,,,,,,7546.0,-1.35045,0.02081,100.0,3.839128115280742
,,,,,,,,,,
,,,,,,7546.0,0.66778,0.0,0.0,3.878776915395702
,,,,,,7547.0,0.66964,0.00021,14.2218,3.9068451475859995
,,,,,,7548.0,0.66778,0.00041,27.376,3.8998826968276097
,,,,,,7549.0,0.66964,0.00059,39.5317,3.9135365457143134
,,,,,,7550.0,0.66964,0.00079,52.5138,3.9058856506965403
,,,,,,7552.0,0.66964,0.00099,65.668,3.9137717922875748
,,,,,,7553.0,0.66964,0.00118,78.7879,3.9170453631086906
,,,,,,7554.0,0.66964,0.00138,91.9421,3.920215995971673
,,,,,,7554.0,0.66964,0.0015,100.0,3.8931078766679574
,,,,,,7554.0,0.0,0.0015,100.0,3.901162199132562
,,,,,,7555.0,0.0,0.0015,100.0,3.908942943102787
,,,,,,7556.0,0.0,0.0015,100.0,3.895893286502332
,,,,,,7557.0,0.0,0.0015,100.0,3.9050457173213426
,,,,,,7558.0,0.0,0.0015,100.0,3.8938918200526156
,,,,,,7559.0,0.0,0.0015,100.0,3.891028457749002
,,,,,,7560.0,0.0,0.0015,100.0,3.885673916771324
,,,,,,7562.0,0.0,0.0015,100.0,3.892329280762831
,,,,,,7563.0,0.0,0.0015,100.0,3.89041039815871
,,,,,,7564.0,0.0,0.0015,100.0,3.8835073639385618
,,,,,,7565.0,0.0,0.0015,100.0,3.8754285469761136
,,,,,,7566.0,0.0,0.0015,100.0,3.8939620133514237
,,,,,,7567.0,0.0,0.0015,100.0,3.889797029990251
,,,,,,7568.0,0.0,0.0015,100.0,3.875980766363463
,,,,,,7569.0,0.0,0.0015,100.0,3.8865809843683974
,,,,,,7570.0,0.0,0.0015,100.0,3.890046378594037
,,,,,,7570.0,0.0,0.0015,100.0,3.9011629439533975
,,,,,,7570.0,0.0,0.0015,100.0,3.8899574561031023
,,,,,,,,,,
,,,,,,7570.0,-0.6715,0.0,0.0,3.865021471885244
,,,,,,7571.0,-0.67522,0.00021,0.4998,3.8388702282964333
,,,,,,7572.0,-0.67522,0.00038,0.9282,3.8531207669345444
,,,,,,7573.0,-0.67522,0.00058,1.4142,3.8693817828048913
,,,,,,7574.0,-0.6808,0.00078,1.8914,3.868722063687324
,,,,,,7575.0,-0.67522,0.00095,2.3136,3.8647655484001167
,,,,,,7576.0,-0.67708,0.00115,2.7945,3.8483444986724953
,,,,,,7578.0,-0.66964,0.00135,3.2768,3.8739391088724755
,,,,,,7579.0,-0.67894,0.00155,3.7578,3.8591692867618814
,,,,,,7580.0,-0.67708,0.00175,4.24,3.8491157614376115
,,,,,,7581.0,-0.67336,0.00195,4.721,3.857797784181339
,,,,,,7582.0,-0.67522,0.00215,5.202,3.8598917356985187
,,,,,,7583.0,-0.67336,0.00235,5.6855,3.85215128374205
,,,,,,7584.0,-0.6715,0.00253,6.1265,3.8561517641032608
,,,,,,7585.0,-0.67336,0.00273,6.6125,3.866677078585844
,,,,,,7586.0,-0.6715,0.00292,7.0885,3.8702384055109054
,,,,,,7587.0,-0.67894,0.00312,7.5707,3.882290498742699
,,,,,,7588.0,-0.6715,0.00332,8.0517,3.8826217505965244
,,,,,,7589.0,-0.6715,0.00352,8.5327,3.8649085718265006
,,,,,,7590.0,-0.6715,0.00372,9.0137,3.8506131812690207
,,,,,,7591.0,-0.67336,0.00392,9.4947,3.8610670108296428
,,,,,,7592.0,-0.67708,0.0041,9.9444,3.852132340492128
,,,,,,7593.0,-0.67336,0.00431,10.4479,3.8497368085497787
,,,,,,7594.0,-0.67522,0.00451,10.9252,3.8605546671842843
,,,,,,7595.0,-0.67336,0.00468,11.3523,3.8625211110956177
,,,,,,7596.0,-0.67522,0.00488,11.8346,3.8635490744702508
,,,,,,7597.0,-0.6715,0.00508,12.3156,3.84638694097176
,,,,,,7598.0,-0.67708,0.00528,12.7966,3.8615489926203193
,,,,,,7600.0,-0.67708,0.00548,13.2776,3.8611640307351935
,,,,,,7601.0,-0.67336,0.00568,13.7585,3.843045397535055
,,,,,,7602.0,-0.67708,0.00587,14.2395,3.8607509563943974
,,,,,,7603.0,-0.67894,0.00607,14.7043,3.856842551234053
,,,,,,7604.0,-0.67336,0.00627,15.189,3.860343098417799
,,,,,,7605.0,-0.67708,0.00644,15.6111,3.8537439421367297
,,,,,,7605.0,-0.67522,0.00656,15.9118,3.854957265572651
,,,,,,7605.0,-5.40737,0.00656,15.9118,3.6679307862937494
,,,,,,7606.0,-5.40737,0.00832,20.1744,3.674271200730194
,,,,,,7607.0,-5.40737,0.00975,23.634,3.6371758191740975
,,,,,,7608.0,-5.40737,0.01134,27.4933,3.6359904930330202
,,,,,,7609.0,-5.40923,0.01293,31.3538,3.6377299769668516
,,,,,,7611.0,-5.40923,0.01453,35.2143,3.6416210167800096
,,,,,,7612.0,-5.40737,0.01612,39.0748,3.6299011049181122
,,,,,,7613.0,-5.40737,0.01771,42.9341,3.627848811259734
,,,,,,7613.0,-5.40551,0.0187,45.3378,3.6218631353668416
,,,,,,7613.0,-3.3817,0.0187,45.3378,3.713816466278737
,,,,,,7614.0,-3.37984,0.01968,47.704,3.702479359503127
,,,,,,7615.0,-3.37984,0.02061,49.9574,3.6887611592940903
,,,,,,7616.0,-3.37984,0.0216,52.3687,3.7194740935102852
,,,,,,7618.0,-3.3817,0.0226,54.7812,3.701580615871044
,,,,,,7619.0,-3.37984,0.02359,57.1937,3.7133909687466127
,,,,,,7620.0,-3.37984,0.02458,59.5836,3.7045211819907933
,,,,,,7621.0,-3.37612,0.02557,61.9949,3.696869932549271
,,,,,,7622.0,-3.37798,0.02657,64.4061,3.7067360913985463
,,,,,,7623.0,-3.37984,0.02756,66.8174,3.6967876713389236
,,,,,,7624.0,-3.37984,0.02855,69.2074,3.7003173213319864
,,,,,,7625.0,-3.37798,0.02956,71.665,3.697723022029884
,,,,,,7626.0,-3.37798,0.03056,74.0775,3.716909061221531
,,,,,,7627.0,-3.3817,0.03155,76.4912,3.6914097764173754
,,,,,,7628.0,-3.37984,0.03255,78.9037,3.702256484745686
,,,,,,7629.0,-3.37426,0.03354,81.315,3.6886469716627412
,,,,,,7630.0,-3.37984,0.03454,83.7275,3.6907027344822074
,,,,,,7631.0,-3.37984,0.03553,86.14,3.686332581370278
,,,,,,7632.0,-3.37984,0.03653,88.5525,3.6935180686621623
,,,,,,7633.0,-3.37798,0.03752,90.965,3.6998671395540765
,,,,,,7634.0,-3.3817,0.03852,93.3775,3.6948142177884478
,,,,,,7635.0,-3.37984,0.0395,95.7687,3.69148391701788
,,,,,,7636.0,-3.37798,0.04038,97.8844,3.7025291028801757
,,,,,,7637.0,-3.37984,0.04125,100.0,3.6957795921065077
,,,,,,7637.0,-3.37984,0.04125,100.0,3.6844606222410423
,,,,,,,,,,
,,,,,,7637.0,1.34673,0.0,0.0,3.881715594360616
,,,,,,7638.0,1.34301,0.00038,12.9144,3.9042603757701975
,,,,,,7639.0,1.34301,0.00075,25.3428,3.898570032276092
,,,,,,7640.0,1.34301,0.00115,38.6391,3.885100089309138
,,,,,,7641.0,1.34487,0.00154,51.6924,3.889457774752402
,,,,,,7642.0,1.34301,0.00189,63.3571,3.8934785256371454
,,,,,,7644.0,1.34487,0.00228,76.6534,3.891403936632018
,,,,,,7645.0,1.34487,0.00268,89.9497,3.926596252368155
,,,,,,7645.0,1.34487,0.00298,100.0,3.925778563808298
,,,,,,7645.0,1.34487,0.00298,100.0,3.9351788754763106
,,,,,,,,,,
,,,,,,7645.0,-1.35045,0.0,0.0,3.7952089174440014
,,,,,,7646.0,-1.35045,0.00043,3.5815,3.808222206711946
,,,,,,7648.0,-1.35231,0.0008,6.6018,3.80603696558377
,,,,,,7649.0,-1.35045,0.00119,9.9006,3.788425729280658
,,,,,,7650.0,-1.35045,0.00159,13.1994,3.7741329774118535
,,,,,,7651.0,-1.35231,0.00199,16.5024,3.796566530846928
,,,,,,7652.0,-1.35603,0.00238,19.7712,3.8072821547783415
,,,,,,7653.0,-1.35417,0.00278,23.07,3.7883331658262698
,,,,,,7654.0,-1.35045,0.00318,26.3731,3.8003793349733423
,,,,,,7655.0,-1.35231,0.00358,29.6718,3.804962371567869
,,,,,,7656.0,-1.35603,0.00397,32.9406,3.7938861971647397
,,,,,,7657.0,-1.35417,0.00435,36.0552,3.8045933096533204
,,,,,,7658.0,-1.35045,0.0047,38.9512,3.8044908358899345
,,,,,,7659.0,-1.35045,0.0051,42.28,3.8163793700691544
,,,,,,7660.0,-1.35045,0.00545,45.2061,3.787572535539112
,,,,,,7661.0,-1.35045,0.00585,48.5048,3.796669254910325
,,,,,,7662.0,-1.35045,0.00625,51.8036,3.7886610690985614
,,,,,,7663.0,-1.35045,0.0066,54.6997,3.7968410787995928
,,,,,,7664.0,-1.35045,0.00709,58.7482,3.791357542948495
,,,,,,7665.0,-1.35231,0.00748,62.047,3.788240003611111
,,,,,,7666.0,-1.35231,0.00788,65.35,3.7936878835327863
,,,,,,7667.0,-1.35231,0.00828,68.6488,3.7973477869835905
,,,,,,7668.0,-1.35417,0.00868,71.9476,3.810137924848262
,,,,,,7669.0,-1.34859,0.00908,75.2506,3.7919328525088045
,,,,,,7671.0,-1.35231,0.00947,78.5494,3.8003614254352804
,,,,,,7672.0,-1.35045,0.00987,81.8482,3.7816556189101824
,,,,,,7673.0,-1.35045,0.01027,85.1469,3.787130768635397
,,,,,,7674.0,-1.35045,0.01067,88.45,3.780238397807494
,,,,,,7675.0,-1.35045,0.01107,91.7488,3.7801283779845876
,,,,,,7676.0,-1.35045,0.01146,95.0476,3.8032338223057587
,,,,,,7677.0,-1.35231,0.01186,98.3463,3.7833515681698273
,,,,,,7677.0,-1.35417,0.01206,100.0,3.795393064284952
,,,,,,7677.0,-1.35417,0.01206,100.0,3.7793973638788754
,,,,,,,,,,
,,,,,,7677.0,2.69345,0.0,0.0,3.9588935739666886
,,,,,,7678.0,2.69717,0.00073,12.1576,3.9456090115343714
,,,,,,7680.0,2.69903,0.00151,25.3175,3.983934143801508
,,,,,,7681.0,2.69345,0.00231,38.5985,3.9840610699850783
,,,,,,7682.0,2.69903,0.0031,51.8794,3.957495561857071
,,,,,,7683.0,2.69903,0.0039,65.1603,3.9856312166084105
,,,,,,7684.0,2.69903,0.00469,78.4412,3.989070649582167
,,,,,,7685.0,2.69903,0.00548,91.6011,3.9788273796481626
,,,,,,7685.0,2.70089,0.00598,100.0,3.979920418239296
,,,,,,7685.0,0.0,0.00598,100.0,3.8640846468973233
,,,,,,7686.0,0.0,0.00598,100.0,3.8931042673695333
,,,,,,7688.0,0.0,0.00598,100.0,3.8581965383598393
,,,,,,7689.0,0.0,0.00598,100.0,3.879694425881047
,,,,,,7690.0,0.0,0.00598,100.0,3.8743400619560857
,,,,,,7691.0,0.0,0.00598,100.0,3.860446582291516
,,,,,,7692.0,0.0,0.00598,100.0,3.8591848896391836
,,,,,,7693.0,0.0,0.00598,100.0,3.869017104313126
,,,,,,7694.0,0.0,0.00598,100.0,3.8712430538177878
,,,,,,7695.0,0.0,0.00598,100.0,3.8699998390138495
,,,,,,7696.0,0.0,0.00598,100.0,3.871805623266179
,,,,,,7697.0,0.0,0.00598,100.0,3.8638322272536594
,,,,,,7698.0,0.0,0.00598,100.0,3.8671623509637607
,,,,,,7699.0,0.0,0.00598,100.0,3.867501404711614
,,,,,,7700.0,0.0,0.00598,100.0,3.875018222895313
,,,,,,7701.0,0.0,0.00598,100.0,3.864253437104415
,,,,,,7702.0,0.0,0.00598,100.0,3.884646625295795
,,,,,,7703.0,0.0,0.00598,100.0,3.877879663416303
,,,,,,7704.0,0.0,0.00598,100.0,3.85899962563888
,,,,,,7705.0,0.0,0.00598,100.0,3.854286590926773
,,,,,,7706.0,0.0,0.00598,100.0,3.87797158118077
,,,,,,7707.0,0.0,0.00598,100.0,3.862649501923444
,,,,,,7708.0,0.0,0.00598,100.0,3.882339895383535
,,,,,,7709.0,0.0,0.00598,100.0,3.881545473034574
,,,,,,7711.0,0.0,0.00598,100.0,3.880975254020125
,,,,,,7712.0,0.0,0.00598,100.0,3.8711860118999946
,,,,,,7713.0,0.0,0.00598,100.0,3.867000497711043
,,,,,,7714.0,0.0,0.00598,100.0,3.880782144556945
,,,,,,7715.0,0.0,0.00598,100.0,3.9002917451799743
,,,,,,7716.0,0.0,0.00598,100.0,3.8699246841222408
,,,,,,7717.0,0.0,0.00598,100.0,3.881910700072748
,,,,,,7718.0,0.0,0.00598,100.0,3.8816472371795374
,,,,,,7719.0,0.0,0.00598,100.0,3.8832707518843272
,,,,,,7720.0,0.0,0.00598,100.0,3.8550002651026056
,,,,,,7721.0,0.0,0.00598,100.0,3.8787467153691555
,,,,,,7722.0,0.0,0.00598,100.0,3.8841707566031274
,,,,,,7723.0,0.0,0.00598,100.0,3.881824367292769
,,,,,,7724.0,0.0,0.00598,100.0,3.8849417795452164
,,,,,,7725.0,0.0,0.00598,100.0,3.8676818461650604
,,,,,,7726.0,0.0,0.00598,100.0,3.90101203515645
,,,,,,7727.0,0.0,0.00598,100.0,3.8872152597178062
,,,,,,7728.0,0.0,0.00598,100.0,3.887533449342777
,,,,,,7729.0,0.0,0.00598,100.0,3.878712608814215
,,,,,,7730.0,0.0,0.00598,100.0,3.8704029211270883
,,,,,,7731.0,0.0,0.00598,100.0,3.868475430080033
,,,,,,7732.0,0.0,0.00598,100.0,3.8724075938374067
,,,,,,7733.0,0.0,0.00598,100.0,3.8680457404112145
,,,,,,7734.0,0.0,0.00598,100.0,3.8726457489902186
,,,,,,7736.0,0.0,0.00598,100.0,3.8819271964265174
,,,,,,7737.0,0.0,0.00598,100.0,3.8846683100977613
,,,,,,7738.0,0.0,0.00598,100.0,3.874812538127053
,,,,,,7739.0,0.0,0.00598,100.0,3.872008135835034
,,,,,,7740.0,0.0,0.00598,100.0,3.8839067518875665
,,,,,,7741.0,0.0,0.00598,100.0,3.874397938916019
,,,,,,7741.0,0.0,0.00598,100.0,3.868971967835366
,,,,,,,,,,
,,,,,,7741.0,-0.6715,0.0,0.0,3.848929700883084
,,,,,,7742.0,-0.66964,0.0002,2.0548,3.844952519409604
,,,,,,7743.0,-0.67522,0.00042,4.2689,3.8492612295535134
,,,,,,7744.0,-0.6715,0.0006,6.1219,3.8570100023409286
,,,,,,7745.0,-0.67522,0.00079,8.1608,3.8649243370163155
,,,,,,7746.0,-0.67336,0.00099,10.1996,3.840158472783303
,,,,,,7747.0,-0.67708,0.00119,12.2226,3.841235409098154
,,,,,,7748.0,-0.67522,0.00139,14.2827,3.8378890306729643
,,,,,,7749.0,-0.67708,0.00157,16.0932,3.852227095368191
,,,,,,7750.0,-0.67522,0.00176,18.079,3.866943822788799
,,,,,,7751.0,-0.67336,0.00196,20.1179,3.831343243713292
,,,,,,7752.0,-0.67336,0.00216,22.1567,3.8662384645168557
,,,,,,7753.0,-0.67336,0.00236,24.2009,3.8243126200868462
,,,,,,7754.0,-0.67336,0.00255,26.2451,3.850690138266204
,,,,,,7755.0,-0.67336,0.00275,28.2893,3.852746803369291
,,,,,,7756.0,-0.67522,0.00295,30.3281,3.8517429768742755
,,,,,,7757.0,-0.67336,0.00316,32.4466,3.836298610544376
,,,,,,7758.0,-0.67894,0.00334,34.2997,3.841958716308854
,,,,,,7759.0,-0.66964,0.00353,36.227,3.8630891441892303
,,,,,,7761.0,-0.67522,0.00375,38.4995,3.8530559686122445
,,,,,,7762.0,-0.67894,0.00395,40.5437,3.8572737378486757
,,,,,,7763.0,-0.6715,0.00414,42.5826,3.8409816400424766
,,,,,,7764.0,-0.66964,0.00434,44.6214,3.833964314064383
,,,,,,7765.0,-0.67522,0.00454,46.6656,3.8539127910626254
,,,,,,7766.0,-0.6715,0.00474,48.6939,3.8361141430619403
,,,,,,7767.0,-0.67522,0.00491,50.4832,3.8473113397023853
,,,,,,7768.0,-0.67336,0.00512,52.6229,3.883784479269812
,,,,,,7769.0,-0.67336,0.00525,53.9715,3.829022172022121
,,,,,,7769.0,-1.35045,0.00525,53.9715,3.8199107254384344
,,,,,,7770.0,-1.35045,0.00562,57.7891,3.791674842544601
,,,,,,7771.0,-1.35231,0.00601,61.8031,3.7989115629496695
,,,,,,7772.0,-1.35045,0.0064,65.8118,3.8223875421305333
,,,,,,7773.0,-1.35231,0.0068,69.9002,3.802048944731476
,,,,,,7774.0,-1.35417,0.00721,74.1106,3.8071414382309086
,,,,,,7775.0,-1.35231,0.00758,77.891,3.815242515832541
,,,,,,7776.0,-1.35045,0.00799,82.1387,3.8149864183974262
,,,,,,7777.0,-1.35045,0.00839,86.227,3.818995290979502
,,,,,,7778.0,-1.35231,0.00879,90.3154,3.7986634895966107
,,,,,,7779.0,-1.34859,0.00918,94.3666,3.794598548815521
,,,,,,7780.0,-1.35231,0.00953,97.9558,3.793262674094921
,,,,,,7781.0,-1.35045,0.00973,100.0,3.7992311034907615
,,,,,,7781.0,-1.35045,0.00973,100.0,3.7997442778258397
,,,,,,,,,,
,,,,,,7781.0,0.66778,0.0,0.0,3.8814558973956936
,,,,,,7782.0,0.66964,0.0002,13.4615,3.9042978700134974
,,,,,,7783.0,0.66964,0.0004,26.4423,3.88412496389448
,,,,,,7784.0,0.66964,0.00058,38.5646,3.909399272442553
,,,,,,7785.0,0.66964,0.00077,50.9272,3.8868861832249437
,,,,,,7786.0,0.66778,0.00096,64.0453,3.878835774028553
,,,,,,7787.0,0.66964,0.00116,77.1291,3.912684641825067
,,,,,,7788.0,0.66778,0.00136,90.2129,3.905240540506911
,,,,,,7789.0,0.66964,0.0015,100.0,3.8932918663221323
,,,,,,7789.0,0.0,0.0015,100.0,3.8757634751892485
,,,,,,7790.0,0.0,0.0015,100.0,3.8611782134318187
,,,,,,7791.0,0.0,0.0015,100.0,3.8661488582345003
,,,,,,7792.0,0.0,0.0015,100.0,3.8761437863954473
,,,,,,7793.0,0.0,0.0015,100.0,3.872913395067948
,,,,,,7794.0,0.0,0.0015,100.0,3.8821471990280307
,,,,,,7795.0,0.0,0.0015,100.0,3.871536593693174
,,,,,,7796.0,0.0,0.0015,100.0,3.8691608796911536
,,,,,,7797.0,0.0,0.0015,100.0,3.885024502469851
,,,,,,7798.0,0.0,0.0015,100.0,3.878115726378465
,,,,,,7799.0,0.0,0.0015,100.0,3.8779080099164447
,,,,,,7800.0,0.0,0.0015,100.0,3.882768254027804
,,,,,,7801.0,0.0,0.0015,100.0,3.8728706838735327
,,,,,,7802.0,0.0,0.0015,100.0,3.8826516450882274
,,,,,,7803.0,0.0,0.0015,100.0,3.875509181902944
,,,,,,7804.0,0.0,0.0015,100.0,3.9013322610936445
,,,,,,7805.0,0.0,0.0015,100.0,3.8633824454432806
,,,,,,7805.0,0.0,0.0015,100.0,3.8870057076482563
,,,,,,,,,,
,,,,,,7805.0,-0.6715,0.0,0.0,3.8620099000324317
,,,,,,7806.0,-0.66406,0.00018,0.8851,3.8479032708414938
,,,,,,7807.0,-0.67336,0.00038,1.8371,3.847551542519873
,,,,,,7808.0,-0.67336,0.00059,2.8536,3.863685200714392
,,,,,,7809.0,-0.67522,0.00079,3.8031,3.838069087369071
,,,,,,7810.0,-0.67336,0.00097,4.6684,3.850338500067471
,,,,,,7811.0,-0.67708,0.00116,5.5783,3.8472114179348105
,,,,,,7812.0,-0.67336,0.00136,6.5303,3.853486192068494
,,,,,,7813.0,-0.67336,0.00156,7.4823,3.8453996614469586
,,,,,,7814.0,-0.67708,0.00176,8.4368,3.8409503747384535
,,,,,,7815.0,-0.67522,0.00194,9.3269,3.840751166335955
,,,,,,7816.0,-0.67336,0.00213,10.2343,3.8439271161897723
,,,,,,7817.0,-0.67336,0.00233,11.1888,3.8522551731228942
,,,,,,7818.0,-0.67708,0.00253,12.1408,3.8271178101862375
,,,,,,7819.0,-0.67708,0.00273,13.0953,3.8454825080554667
,,,,,,7820.0,-0.67708,0.00293,14.0474,3.843075924974669
,,,,,,7821.0,-0.67522,0.00313,15.0019,3.8359133992368672
,,,,,,7822.0,-0.67336,0.00334,16.0109,3.852706018572905
,,,,,,7823.0,-0.67708,0.00354,16.9629,3.839019225024587
,,,,,,7824.0,-0.67522,0.00371,17.8158,3.8657288912074597
,,,,,,7826.0,-0.67708,0.00391,18.7703,3.829218738280903
,,,,,,7827.0,-0.67522,0.00411,19.7248,3.8472987596045014
,,,,,,7828.0,-0.67336,0.00431,20.6793,3.8434279872929364
,,,,,,7829.0,-0.67336,0.00451,21.6338,3.83598339954536
,,,,,,7830.0,-0.67708,0.0047,22.5611,3.843794594613777
,,,,,,7831.0,-0.67336,0.0049,23.4957,3.818943136516764
,,,,,,7832.0,-0.67336,0.0051,24.4478,3.8387546314993473
,,,,,,7833.0,-0.67336,0.00529,25.4023,3.8560120532949123
,,,,,,7834.0,-0.67708,0.00549,26.3642,3.8483237942428077
,,,,,,7835.0,-0.6715,0.00569,27.3187,3.839322106082796
,,,,,,7836.0,-0.67522,0.00589,28.2732,3.838436706504711
,,,,,,7837.0,-0.67522,0.00609,29.2252,3.838164041440226
,,,,,,7838.0,-0.67522,0.00629,30.1822,3.8348684984516703
,,,,,,7839.0,-0.67336,0.00646,31.0177,3.8509177786130984
,,,,,,7840.0,-0.66964,0.00666,31.935,3.8405210927913913
,,,,,,7841.0,-0.67522,0.00685,32.8871,3.8426963906565352
,,,,,,7842.0,-0.67522,0.00705,33.8416,3.842896149142421
,,,,,,7843.0,-0.67336,0.00725,34.7936,3.83442768587366
,,,,,,7844.0,-0.67522,0.00745,35.7481,3.8222786501517354
,,,,,,7845.0,-0.67708,0.00765,36.6977,3.849602855123541
,,,,,,7846.0,-0.67522,0.00783,37.5778,3.8379658857505743
,,,,,,7847.0,-0.67708,0.00804,38.567,3.8415140441915905
,,,,,,7849.0,-0.67708,0.00823,39.5116,3.8489157138209342
,,,,,,7850.0,-0.67708,0.00841,40.3471,3.8318322726100353
,,,,,,7851.0,-0.6715,0.00861,41.2991,3.83286010283655
,,,,,,7852.0,-0.6715,0.00881,42.2611,3.860559675358803
,,,,,,7853.0,-0.67522,0.00901,43.2131,3.8284595530066476
,,,,,,7854.0,-0.67522,0.00921,44.1676,3.8243407127567104
,,,,,,7855.0,-0.67522,0.0094,45.1221,3.8339989644942234
,,,,,,7856.0,-0.67708,0.0096,46.0741,3.8270011037695695
,,,,,,7857.0,-0.6715,0.0098,47.0286,3.8233989724729396
,,,,,,7858.0,-0.67336,0.00998,47.9013,3.826085707955335
,,,,,,7859.0,-0.67708,0.01018,48.8558,3.840353100530104
,,,,,,7860.0,-0.67522,0.01038,49.8203,3.8314260165800196
,,,,,,7861.0,-0.67522,0.01057,50.6954,3.837458520573837
,,,,,,7862.0,-0.67336,0.01076,51.6475,3.841322168332494
,,,,,,7863.0,-0.67522,0.01096,52.602,3.8355813764209543
,,,,,,7864.0,-0.67336,0.01116,53.5565,3.8452521574743392
,,,,,,7865.0,-0.67522,0.01136,54.5283,3.8327642869576475
,,,,,,7866.0,-0.67336,0.01156,55.4828,3.840590080598342
,,,,,,7867.0,-0.67708,0.01176,56.4349,3.8358049667277805
,,,,,,7868.0,-0.67336,0.01196,57.3869,3.854405345771438
,,,,,,7869.0,-0.67522,0.01216,58.3315,3.8537290397750144
,,,,,,7870.0,-0.67708,0.01233,59.167,3.846538457637193
,,,,,,7871.0,-0.67708,0.01253,60.1388,3.8262724523032543
,,,,,,7873.0,-0.67522,0.01272,61.0115,3.8456330027887797
,,,,,,7874.0,-0.67894,0.01292,61.9809,3.8344006366713277
,,,,,,7875.0,-0.67336,0.01309,62.8164,3.842588022704468
,,,,,,7876.0,-0.67522,0.01329,63.7709,3.829000519496493
,,,,,,7877.0,-0.67522,0.01349,64.7254,3.8210937300353405
,,,,,,7878.0,-0.67708,0.01369,65.6775,3.825669000348732
,,,,,,7879.0,-0.67708,0.01389,66.632,3.8326136053547923
,,,,,,7880.0,-0.67708,0.01408,67.5418,3.8710689656088526
,,,,,,7881.0,-0.67708,0.01429,68.5682,3.8192176577954506
,,,,,,7882.0,-0.67522,0.01449,69.5054,3.83033943184856
,,,,,,7883.0,-0.67522,0.01468,70.45,3.8425582893566417
,,,,,,7884.0,-0.67522,0.01487,71.3425,3.8215354709363063
,,,,,,7885.0,-0.67522,0.01507,72.2945,3.822932493316099
,,,,,,7886.0,-0.67522,0.01526,73.2366,3.833988320316249
,,,,,,7887.0,-0.67894,0.01544,74.0895,3.828071447622599
,,,,,,7888.0,-0.67522,0.01564,75.044,3.8248917433109364
,,,,,,7889.0,-0.67708,0.01584,75.9812,3.8315033807364776
,,,,,,7890.0,-0.67336,0.01604,76.9704,3.812927711302298
,,,,,,7891.0,-0.67522,0.01624,77.9224,3.832465859734013
,,,,,,7892.0,-0.67336,0.01632,78.2844,3.8242928599287755
,,,,,,7892.0,-1.35231,0.01632,78.2844,3.8118150218226017
,,,,,,7893.0,-1.35231,0.01668,80.0496,3.788496726965406
,,,,,,7894.0,-1.35231,0.01709,82.0131,3.814554351608113
,,,,,,7895.0,-1.35231,0.01749,83.9073,3.8132630590137584
,,,,,,7896.0,-1.35603,0.01787,85.7469,3.801951628402866
,,,,,,7897.0,-1.35045,0.01826,87.6013,3.7911989130030714
,,,,,,7898.0,-1.35045,0.01865,89.5104,3.7839315619257827
,,,,,,7899.0,-1.35417,0.01905,91.4045,3.779551039798316
,,,,,,7900.0,-1.35045,0.0194,93.0805,3.7760260941078823
,,,,,,7901.0,-1.35231,0.0198,94.9895,3.803238378373186
,,,,,,7902.0,-1.35231,0.02019,96.8985,3.7952847563502945
,,,,,,7903.0,-1.35231,0.02059,98.81,3.808154327682207
,,,,,,7904.0,-1.34859,0.02084,100.0,3.8052827110899035
,,,,,,7904.0,-1.34859,0.02084,100.0,3.8117152267031083
,,,,,,,,,,
,,,,,,7904.0,0.67336,0.0,0.0,3.8899729042773457
,,,,,,7905.0,0.6715,0.00019,12.9617,3.86379299639948
,,,,,,7906.0,0.6715,0.00037,24.669,3.9034375520056215
,,,,,,7907.0,0.6715,0.00057,38.3624,3.898196919944332
,,,,,,7908.0,0.6715,0.00076,51.5679,3.9015691303816253
,,,,,,7909.0,0.6715,0.00094,63.2753,3.910072139827889
,,,,,,7910.0,0.6715,0.00114,76.6202,3.8927961752737916
,,,,,,7911.0,0.6715,0.00133,89.9303,3.9191185897999703
,,,,,,7912.0,0.6715,0.00148,100.0,3.889211516112731
,,,,,,7912.0,0.0,0.00148,100.0,3.869268166397913
,,,,,,7913.0,0.0,0.00148,100.0,3.8703578719258047
,,,,,,7914.0,0.0,0.00148,100.0,3.8685287488378783
,,,,,,7915.0,0.0,0.00148,100.0,3.8714685994014717
,,,,,,7916.0,0.0,0.00148,100.0,3.871616339725328
,,,,,,7917.0,0.0,0.00148,100.0,3.8520924728612087
,,,,,,7918.0,0.0,0.00148,100.0,3.8755747455846774
,,,,,,7919.0,0.0,0.00148,100.0,3.868028996914786
,,,,,,7920.0,0.0,0.00148,100.0,3.859440836952081
,,,,,,7921.0,0.0,0.00148,100.0,3.8770658374277827
,,,,,,7922.0,0.0,0.00148,100.0,3.884747500242655
,,,,,,7923.0,0.0,0.00148,100.0,3.8799450893281335
,,,,,,7924.0,0.0,0.00148,100.0,3.8798143022190885
,,,,,,7925.0,0.0,0.00148,100.0,3.875583424034561
,,,,,,7926.0,0.0,0.00148,100.0,3.8682910317082615
,,,,,,7927.0,0.0,0.00148,100.0,3.8654401490180748
,,,,,,7928.0,0.0,0.00148,100.0,3.883263406432341
,,,,,,7928.0,0.0,0.00148,100.0,3.8773989730188645
,,,,,,,,,,
,,,,,,7928.0,-0.6622,0.0,0.0,3.838219042437948
,,,,,,7929.0,-0.67708,0.00019,0.4663,3.8256614420511523
,,,,,,7930.0,-0.67522,0.00039,0.9526,3.851967723474368
,,,,,,7931.0,-0.67522,0.00057,1.3851,3.8585139136338715
,,,,,,7932.0,-0.6715,0.00076,1.8488,3.8460178191918812
,,,,,,7933.0,-0.67522,0.00096,2.3302,3.821622005545935
,,,,,,7934.0,-0.67522,0.00116,2.809,3.8447366499280746
,,,,,,7935.0,-0.67894,0.00136,3.2903,3.8454841408250506
,,,,,,7936.0,-0.67336,0.00155,3.7704,3.823979888218635
,,,,,,7937.0,-0.6715,0.00175,4.2529,3.823350517996616
,,,,,,7938.0,-0.67522,0.00194,4.7067,3.855629975767362
,,,,,,7939.0,-0.67336,0.00213,5.1705,3.8401234056274824
,,,,,,7940.0,-0.67708,0.00231,5.6117,3.8410626991143344
,,,,,,7941.0,-0.67708,0.00251,6.0943,3.833383644808106
,,,,,,7942.0,-0.67522,0.00271,6.5756,3.822302969151812
,,,,,,7943.0,-0.67522,0.0029,7.0444,3.819367401920565
,,,,,,7944.0,-0.67336,0.00308,7.4668,3.8208862989586536
,,,,,,7945.0,-0.67522,0.00328,7.9481,3.817878626081804
,,,,,,7946.0,-0.67522,0.00348,8.4445,3.8285930043959198
,,,,,,7947.0,-0.67522,0.00366,8.8757,3.8413314684884554
,,,,,,7948.0,-0.6715,0.00386,9.357,3.8419462572428187
,,,,,,7949.0,-0.67708,0.00406,9.8383,3.861520805829094
,,,,,,7950.0,-0.67522,0.00425,10.3209,3.827753619333955
,,,,,,7951.0,-0.67708,0.00446,10.8172,3.8542643493213524
,,,,,,7953.0,-0.67522,0.00466,11.2998,3.8161736222033875
,,,,,,7954.0,-0.67708,0.00486,11.7824,3.8232034873771883
,,,,,,7955.0,-0.67522,0.00505,12.2499,3.848436350853774
,,,,,,7956.0,-0.67336,0.00522,12.6736,3.819264456095573
,,,,,,7957.0,-0.67336,0.00542,13.1562,3.840636230749126
,,,,,,7958.0,-0.67336,0.00562,13.6388,3.8350860044846153
,,,,,,7959.0,-0.67522,0.00582,14.1213,3.816187110074068
,,,,,,7960.0,-0.67522,0.00602,14.6027,3.8140032268203368
,,,,,,7961.0,-0.67522,0.00623,15.1028,3.8478650402538728
,,,,,,7962.0,-0.67336,0.00643,15.6042,3.8082514214490533
,,,,,,7963.0,-0.67336,0.00656,15.9037,3.819347129297292
,,,,,,7963.0,-5.41667,0.00656,15.9037,3.6410846218400263
,,,,,,7964.0,-5.40737,0.0081,19.6578,3.6437258902326515
,,,,,,7965.0,-5.41295,0.00976,23.6663,3.631627238685188
,,,,,,7966.0,-5.40551,0.01127,27.3465,3.612310749203542
,,,,,,7967.0,-5.40737,0.01285,31.1732,3.6116298040449806
,,,,,,7968.0,-5.40737,0.01425,34.5625,3.5998696453605317
,,,,,,7969.0,-5.41109,0.01584,38.4257,3.598765211475196
,,,,,,7970.0,-5.40551,0.01743,42.2888,3.5940904524350485
,,,,,,7971.0,-5.41109,0.01869,45.3497,3.602493658659433
,,,,,,7971.0,-3.38356,0.01869,45.3497,3.697521738551393
,,,,,,7972.0,-3.37984,0.01966,47.6949,3.676051645242897
,,,,,,7973.0,-3.37984,0.02066,50.1091,3.69253616964276
,,,,,,7974.0,-3.37798,0.02158,52.3414,3.6840326912501777
,,,,,,7975.0,-3.37798,0.0225,54.5726,3.686528338977512
,,,,,,7976.0,-3.37798,0.0235,57.0093,3.695134934049464
,,,,,,7977.0,-3.37798,0.0245,59.4234,3.675481559403858
,,,,,,7978.0,-3.37984,0.02549,61.8376,3.672968589229361
,,,,,,7979.0,-3.37798,0.02649,64.2517,3.6789427648757385
,,,,,,7980.0,-3.37426,0.02748,66.6646,3.6672564711971827
,,,,,,7981.0,-3.37984,0.02848,69.0787,3.65722072517257
,,,,,,7982.0,-3.37798,0.02948,71.5142,3.6929232125485307
,,,,,,7983.0,-3.37984,0.03041,73.7679,3.692409010038917
,,,,,,7984.0,-3.37798,0.03139,76.1594,3.665053796564616
,,,,,,7985.0,-3.37984,0.03239,78.5736,3.6649122123309494
,,,,,,7986.0,-3.37798,0.03338,80.9865,3.6822734491812965
,,,,,,7988.0,-3.37798,0.03438,83.4006,3.6786168705674442
,,,,,,7989.0,-3.37798,0.03537,85.8135,3.667133793140042
,,,,,,7990.0,-3.37798,0.03637,88.2276,3.674482018851476
,,,,,,7991.0,-3.37798,0.03736,90.6418,3.65401924671439
,,,,,,7992.0,-3.37798,0.03836,93.0546,3.683554508187628
,,,,,,7993.0,-3.37798,0.03935,95.4688,3.6689338031264813
,,,,,,7994.0,-3.38356,0.04035,97.8829,3.664344092054613
,,,,,,7995.0,-3.37984,0.04122,100.0,3.6663208416561828
,,,,,,7995.0,-3.37984,0.04122,100.0,3.6854779282621264
,,,,,,,,,,
,,,,,,7995.0,1.34487,0.0,0.0,3.8582637687185417
,,,,,,7996.0,1.34487,0.00036,12.0612,3.8642486948414403
,,,,,,7997.0,1.35045,0.00078,26.1557,3.8793403455059026
,,,,,,7998.0,1.34673,0.00114,38.2169,3.868917178493131
,,,,,,7999.0,1.34673,0.00154,51.6858,3.8800603505463123
,,,,,,8000.0,1.34487,0.00193,65.0156,3.892897244033985
,,,,,,8001.0,1.34673,0.00233,78.3455,3.885538012396842
,,,,,,8002.0,1.34487,0.00273,91.6754,3.8841174505915075
,,,,,,8003.0,1.35045,0.00297,100.0,3.915473929978439
,,,,,,8003.0,1.35045,0.00297,100.0,3.8972478388864635
,,,,,,,,,,
,,,,,,8003.0,-1.35231,0.0,0.0,3.801942154676988
,,,,,,8004.0,-1.35045,0.00038,3.1202,3.764713376269982
,,,,,,8005.0,-1.35045,0.00077,6.4249,3.779201381637638
,,,,,,8006.0,-1.35231,0.00115,9.515,3.774283526454943
,,,,,,8007.0,-1.35417,0.00156,12.9785,3.7833473340445045
,,,,,,8008.0,-1.35231,0.00191,15.8798,3.7850306671568603
,,,,,,8009.0,-1.35417,0.00231,19.1845,3.7859012950510262
,,,,,,8010.0,-1.35045,0.00271,22.4936,3.7680273251534584
,,,,,,8011.0,-1.35045,0.00312,25.8927,3.766268074235728
,,,,,,8012.0,-1.35231,0.00349,29.0129,3.771367299126067
,,,,,,8013.0,-1.35231,0.00389,32.3219,3.7623489033816755
,,,,,,8014.0,-1.35045,0.0043,35.7511,3.771522475952408
,,,,,,8015.0,-1.35045,0.00467,38.7725,3.7765730176023053
,,,,,,8016.0,-1.35231,0.00507,42.1116,3.752849590933208
,,,,,,8017.0,-1.35231,0.00543,45.1116,3.7620774535916497
,,,,,,8018.0,-1.35045,0.00583,48.3863,3.7627276523929143
,,,,,,8019.0,-1.35231,0.00622,51.6953,3.797698594333058
,,,,,,8020.0,-1.35231,0.00662,55.0,3.774268117397679
,,,,,,8021.0,-1.35045,0.00702,58.3047,3.7839829327429486
,,,,,,8023.0,-1.35231,0.00745,61.8627,3.7777973623195797
,,,,,,8024.0,-1.34859,0.00784,65.1373,3.7761353255502783
,,,,,,8025.0,-1.35045,0.00819,68.0386,3.764983261729239
,,,,,,8026.0,-1.35045,0.00859,71.3433,3.7714744040578747
,,,,,,8027.0,-1.35231,0.00899,74.6481,3.7816278221846265
,,,,,,8028.0,-1.35417,0.00939,77.9571,3.7677436808395166
,,,,,,8029.0,-1.35231,0.00978,81.2361,3.7657103552925983
,,,,,,8030.0,-1.35045,0.01016,84.4163,3.7762107836713907
,,,,,,8031.0,-1.35231,0.01055,87.6266,3.75225813793087
,,,,,,8032.0,-1.35045,0.0109,90.5279,3.77494110557862
,,,,,,8033.0,-1.35417,0.0113,93.8283,3.7703193654450042
,,,,,,8034.0,-1.35045,0.01169,97.133,3.767085566119099
,,,,,,8035.0,-1.35045,0.01204,100.0,3.78450224388018
,,,,,,8035.0,-1.35045,0.01204,100.0,3.7741735497859956
,,,,,,,,,,
,,,,,,8035.0,2.69531,0.0,0.0,3.9293795292691205
,,,,,,8036.0,2.69903,0.00079,13.1971,3.956686988465033
,,,,,,8037.0,2.69903,0.00163,27.2688,3.962454200884889
,,,,,,8038.0,2.70089,0.00237,39.7038,3.94900508170293
,,,,,,8039.0,2.69717,0.00319,53.5244,3.951423782945122
,,,,,,8040.0,2.69903,0.00399,66.8341,3.9593180858094414
,,,,,,8041.0,2.69903,0.00478,80.1524,3.9505983106663627
,,,,,,8042.0,2.69903,0.00557,93.3408,3.959270259975196
,,,,,,8043.0,2.69717,0.00597,100.0,3.971750709292504
,,,,,,8043.0,0.0,0.00597,100.0,3.848785542681146
,,,,,,8044.0,0.0,0.00597,100.0,3.8543181284794166
,,,,,,8045.0,0.0,0.00597,100.0,3.8535845624566623
,,,,,,8046.0,0.0,0.00597,100.0,3.8514715260248953
,,,,,,8047.0,0.0,0.00597,100.0,3.837734559286899
,,,,,,8048.0,0.0,0.00597,100.0,3.8472070990207214
,,,,,,8049.0,0.0,0.00597,100.0,3.853725501772234
,,,,,,8050.0,0.0,0.00597,100.0,3.852649171607473
,,,,,,8051.0,0.0,0.00597,100.0,3.837923421662877
,,,,,,8052.0,0.0,0.00597,100.0,3.8482071422510393
,,,,,,8053.0,0.0,0.00597,100.0,3.86346018202243
,,,,,,8054.0,0.0,0.00597,100.0,3.860365158012801
,,,,,,8055.0,0.0,0.00597,100.0,3.85113292879087
,,,,,,8056.0,0.0,0.00597,100.0,3.8459647147971823
,,,,,,8057.0,0.0,0.00597,100.0,3.8499764720232257
,,,,,,8058.0,0.0,0.00597,100.0,3.8566983903525562
,,,,,,8059.0,0.0,0.00597,100.0,3.837753297024977
,,,,,,8061.0,0.0,0.00597,100.0,3.853825026776233
,,,,,,8062.0,0.0,0.00597,100.0,3.852189041476615
,,,,,,8063.0,0.0,0.00597,100.0,3.8692102632657175
,,,,,,8064.0,0.0,0.00597,100.0,3.8408046856564333
,,,,,,8065.0,0.0,0.00597,100.0,3.8714303418546256
,,,,,,8066.0,0.0,0.00597,100.0,3.83992438050198
,,,,,,8067.0,0.0,0.00597,100.0,3.8557388545640428
,,,,,,8068.0,0.0,0.00597,100.0,3.846169883832331
,,,,,,8069.0,0.0,0.00597,100.0,3.8436721900703774
,,,,,,8070.0,0.0,0.00597,100.0,3.853186097944553
,,,,,,8071.0,0.0,0.00597,100.0,3.8521716720091614
,,,,,,8072.0,0.0,0.00597,100.0,3.8564453861908814
,,,,,,8073.0,0.0,0.00597,100.0,3.85249858753323
,,,,,,8074.0,0.0,0.00597,100.0,3.842103616337675
,,,,,,8075.0,0.0,0.00597,100.0,3.8612113971208535
,,,,,,8076.0,0.0,0.00597,100.0,3.858177711952149
,,,,,,8077.0,0.0,0.00597,100.0,3.8381987739350585
,,,,,,8078.0,0.0,0.00597,100.0,3.857276707362959
,,,,,,8079.0,0.0,0.00597,100.0,3.835838344855929
,,,,,,8081.0,0.0,0.00597,100.0,3.8539969364530955
,,,,,,8082.0,0.0,0.00597,100.0,3.86196187310334
,,,,,,8082.0,0.0,0.00597,100.0,3.850883688426913
,,,,,,8082.0,0.0,0.00597,100.0,3.85828864935713
,,,,,,8083.0,0.0,0.00597,100.0,3.8412331766739283
,,,,,,8084.0,0.0,0.00597,100.0,3.8557200616930003
,,,,,,8085.0,0.0,0.00597,100.0,3.8465296371403794
,,,,,,8086.0,0.0,0.00597,100.0,3.842498815651189
,,,,,,8087.0,0.0,0.00597,100.0,3.8405173673279367
,,,,,,8088.0,0.0,0.00597,100.0,3.8510235159265034
,,,,,,8089.0,0.0,0.00597,100.0,3.855176722581415
,,,,,,8090.0,0.0,0.00597,100.0,3.8603211337185868
,,,,,,8091.0,0.0,0.00597,100.0,3.8494125442228224
,,,,,,8092.0,0.0,0.00597,100.0,3.8452054689593544
,,,,,,8093.0,0.0,0.00597,100.0,3.8629874286896064
,,,,,,8094.0,0.0,0.00597,100.0,3.852327984013385
,,,,,,8095.0,0.0,0.00597,100.0,3.863925168160431
,,,,,,8097.0,0.0,0.00597,100.0,3.841790881383429
,,,,,,8098.0,0.0,0.00597,100.0,3.856645974267989
,,,,,,8099.0,0.0,0.00597,100.0,3.8430722705954508
,,,,,,8099.0,0.0,0.00597,100.0,3.842798655785082
,,,,,,8099.0,0.0,0.00597,100.0,3.8678725258768227
,,,,,,,,,,
,,,,,,8099.0,-0.66406,0.0,0.0,3.8344740614747925
,,,,,,8100.0,-0.66964,0.00022,2.2106,3.8044528064831584
,,,,,,8101.0,-0.67708,0.00041,4.2366,3.8235380055391794
,,,,,,8102.0,-0.67336,0.00059,6.0568,3.831677646742156
,,,,,,8103.0,-0.67522,0.00079,8.0827,3.828168409397636
,,,,,,8104.0,-0.67336,0.00099,10.0981,3.813861274667252
,,,,,,8105.0,-0.67708,0.00116,11.8814,3.8283021154383365
,,,,,,8106.0,-0.67522,0.0014,14.3083,3.8300098348649803
,,,,,,8107.0,-0.6715,0.0016,16.3343,3.823385168534332
,,,,,,8108.0,-0.6715,0.0018,18.3444,3.825969684291241
,,,,,,8109.0,-0.67522,0.00197,20.1277,3.8394041511050716
,,,,,,8110.0,-0.67708,0.00217,22.1378,3.820496651501314
,,,,,,8111.0,-0.67708,0.00237,24.1638,3.8293047748146742
,,,,,,8113.0,-0.67522,0.00257,26.2003,3.81985624975142
,,,,,,8114.0,-0.67522,0.00276,28.2315,3.8155997581856735
,,,,,,8115.0,-0.67708,0.00298,30.3946,3.8297050312172427
,,,,,,8116.0,-0.67894,0.00315,32.2148,3.8217640698279767
,,,,,,8117.0,-0.67894,0.00335,34.2461,3.823109541710063
,,,,,,8118.0,-0.67894,0.00355,36.2931,3.8305959771980698
,,,,,,8119.0,-0.67336,0.00373,38.0764,3.8295827503306943
,,,,,,8120.0,-0.67336,0.00393,40.1024,3.8322007835505745
,,,,,,8121.0,-0.67708,0.00413,42.1283,3.798993302073263
,,,,,,8122.0,-0.67336,0.00432,44.1543,3.8150622756500576
,,,,,,8123.0,-0.67336,0.00452,46.1855,3.819354418467039
,,,,,,8124.0,-0.67522,0.00472,48.2115,3.8222687343291906
,,,,,,8125.0,-0.67894,0.00492,50.2427,3.8176107181437846
,,,,,,8126.0,-0.67522,0.00511,52.1737,3.7844875045539337
,,,,,,8127.0,-0.67522,0.00526,53.6879,3.8166617878534694
,,,,,,8127.0,-1.35417,0.00526,53.6879,3.7888210343449673
,,,,,,8128.0,-1.35045,0.00569,58.0933,3.7866503401346563
,,,,,,8129.0,-1.35231,0.00611,62.3879,3.7927581921722724
,,,,,,8130.0,-1.35045,0.0065,66.4081,3.781825243434571
,,,,,,8131.0,-1.35231,0.0069,70.4337,3.7860138208224763
,,,,,,8132.0,-1.35231,0.0073,74.4961,3.7797370525783354
,,,,,,8133.0,-1.35231,0.00765,78.1049,3.785624283703873
,,,,,,8134.0,-1.35417,0.00805,82.2465,3.787308861159668
,,,,,,8135.0,-1.35417,0.0084,85.813,3.761194601233318
,,,,,,8136.0,-1.35045,0.0088,89.8755,3.791228766092873
,,,,,,8137.0,-1.35231,0.0092,93.9432,3.7820897465402856
,,,,,,8138.0,-1.35417,0.0096,98.011,3.783735970811658
,,,,,,8139.0,-1.35045,0.00979,100.0,3.7943975419261733
,,,,,,8139.0,-1.35045,0.00979,100.0,3.767803525126288
,,,,,,,,,,
,,,,,,8139.0,0.6715,0.0,0.0,3.863932264301271
,,,,,,8140.0,0.66964,0.00019,12.7051,3.8557015233454734
,,,,,,8141.0,0.66964,0.00037,24.7469,3.8757704456279236
,,,,,,8142.0,0.66964,0.00057,38.3246,3.8536690502477455
,,,,,,8143.0,0.66964,0.00074,50.1222,3.855308851181589
,,,,,,8144.0,0.66964,0.00094,63.4555,3.884995807668112
,,,,,,8145.0,0.66964,0.00114,76.7539,3.882825161148231
,,,,,,8146.0,0.66964,0.00133,90.0524,3.8819119637704884
,,,,,,8147.0,0.66964,0.00148,100.0,3.8595461403325833
,,,,,,8147.0,0.0,0.00148,100.0,3.832055358576161
,,,,,,8148.0,0.0,0.00148,100.0,3.8530116503390426
,,,,,,8149.0,0.0,0.00148,100.0,3.8562136692601805
,,,,,,8150.0,0.0,0.00148,100.0,3.8526182619018225
,,,,,,8151.0,0.0,0.00148,100.0,3.863905848328884
,,,,,,8152.0,0.0,0.00148,100.0,3.8349199392212387
,,,,,,8153.0,0.0,0.00148,100.0,3.873111564814646
,,,,,,8154.0,0.0,0.00148,100.0,3.846789075620583
,,,,,,8155.0,0.0,0.00148,100.0,3.859068159205146
,,,,,,8156.0,0.0,0.00148,100.0,3.8508311449221266
,,,,,,8157.0,0.0,0.00148,100.0,3.875168963204722
,,,,,,8158.0,0.0,0.00148,100.0,3.852688926978162
,,,,,,8159.0,0.0,0.00148,100.0,3.8563736407279485
,,,,,,8161.0,0.0,0.00148,100.0,3.852778783689434
,,,,,,8162.0,0.0,0.00148,100.0,3.8482543110662677
,,,,,,8163.0,0.0,0.00148,100.0,3.8348319331833367
,,,,,,8163.0,0.0,0.00148,100.0,3.857324141665952
,,,,,,8163.0,0.0,0.00148,100.0,3.8467186699704556
,,,,,,,,,,
,,,,,,8163.0,-0.63802,0.0,0.0,3.8226532781852964
,,,,,,8164.0,-0.67522,0.0002,0.9632,3.8134176946645013
,,,,,,8165.0,-0.6715,0.00038,1.8123,3.819333914985369
,,,,,,8166.0,-0.67522,0.00058,2.773,3.8086560896351
,,,,,,8167.0,-0.67336,0.00077,3.7114,3.827468855829851
,,,,,,8168.0,-0.67522,0.00098,4.7119,3.8200885773368114
,,,,,,8169.0,-0.67708,0.00118,5.6677,3.817917367715027
,,,,,,8170.0,-0.67522,0.00138,6.621,3.811566380399556
,,,,,,8171.0,-0.67522,0.00157,7.5668,3.826797186615354
,,,,,,8172.0,-0.67522,0.00175,8.4059,3.819697808655919
,,,,,,8173.0,-0.67336,0.00194,9.3071,3.8361251400347225
,,,,,,8174.0,-0.67336,0.00214,10.2803,3.821457701588268
,,,,,,8175.0,-0.67894,0.00234,11.2361,3.7884273826504242
,,,,,,8176.0,-0.67708,0.00254,12.1894,3.8197661766969775
,,,,,,8178.0,-0.6715,0.00274,13.1452,3.8222997558122227
,,,,,,8179.0,-0.67708,0.00293,14.1009,3.8141642075411935
,,,,,,8180.0,-0.67708,0.00313,15.0269,3.824390081942233
,,,,,,8181.0,-0.6715,0.00331,15.8909,3.827999820551894
,,,,,,8182.0,-0.67336,0.00351,16.8715,3.8273566745314818
,,,,,,8183.0,-0.67336,0.00371,17.8273,3.828123819411777
,,,,,,8184.0,-0.67708,0.00391,18.7806,3.8061671585814
,,,,,,8185.0,-0.6715,0.00411,19.7364,3.82703756605345
,,,,,,8186.0,-0.67522,0.00431,20.6921,3.8095131223062237
,,,,,,8187.0,-0.67522,0.00451,21.6454,3.7990767094051927
,,,,,,8188.0,-0.67708,0.00468,22.4994,3.806231189674302
,,,,,,8189.0,-0.6715,0.00488,23.4701,3.8067590753003215
,,,,,,8190.0,-0.67894,0.00508,24.4259,3.8091678189088998
,,,,,,8191.0,-0.67336,0.00529,25.4338,3.8045348311845086
,,,,,,8192.0,-0.67336,0.00548,26.3077,3.8190142669677103
,,,,,,8193.0,-0.67522,0.00567,27.2511,3.8368327563170306
,,,,,,8194.0,-0.67708,0.00587,28.2044,3.810224887279025
,,,,,,8195.0,-0.67522,0.00607,29.1577,3.8097083763326527
,,,,,,8196.0,-0.6715,0.00627,30.1135,3.816179603925487
,,,,,,8197.0,-0.6715,0.00645,31.0072,3.8266025743068126
,,,,,,8198.0,-0.67522,0.00666,32.0052,3.8195956732148946
,,,,,,8200.0,-0.67522,0.00686,32.956,3.8068688121572505
,,,,,,8201.0,-0.67522,0.00706,33.9118,3.8367718519265637
,,,,,,8202.0,-0.67336,0.00726,34.8676,3.820253862668078
,,,,,,8203.0,-0.67708,0.00746,35.8209,3.801003281904092
,,,,,,8204.0,-0.67708,0.00764,36.6947,3.8250779640055605
,,,,,,8205.0,-0.67336,0.00784,37.6828,3.810341494072079
,,,,,,8206.0,-0.67336,0.00802,38.5219,3.8068221537565057
,,,,,,8207.0,-0.67522,0.00822,39.4752,3.8065114743281043
,,,,,,8208.0,-0.67522,0.00841,40.4285,3.8105596920181544
,,,,,,8209.0,-0.67708,0.00861,41.3843,3.833221261724394
,,,,,,8210.0,-0.6715,0.00881,42.3401,3.8022166534189763
,,,,,,8211.0,-0.67522,0.00901,43.2958,3.8334799682321092
,,,,,,8212.0,-0.67522,0.00921,44.2516,3.822721915487284
,,,,,,8213.0,-0.67708,0.00941,45.2074,3.8321453626196957
,,,,,,8214.0,-0.67336,0.0096,46.1433,3.8170552334570345
,,,,,,8215.0,-0.67522,0.00979,47.0445,3.810616282860487
,,,,,,8216.0,-0.67708,0.00999,48.0003,3.8032726052626242
,,,,,,8217.0,-0.67522,0.01017,48.8642,3.813389611157249
,,,,,,8218.0,-0.67336,0.01038,49.8548,3.8034068907450305
,,,,,,8219.0,-0.67708,0.01058,50.8106,3.81296849721853
,,,,,,8220.0,-0.67522,0.01077,51.7663,3.815338474548063
,,,,,,8221.0,-0.67336,0.01097,52.7196,3.8039364544196426
,,,,,,8223.0,-0.67522,0.01117,53.6729,3.8175972546779486
,,,,,,8224.0,-0.67894,0.01137,54.6287,3.8128420451219265
,,,,,,8225.0,-0.67522,0.01157,55.5845,3.7969116618759178
,,,,,,8226.0,-0.67336,0.01177,56.5378,3.820703843836633
,,,,,,8227.0,-0.67708,0.01196,57.4862,3.8247250647307496
,,,,,,8228.0,-0.67522,0.01216,58.4419,3.8161319646222633
,,,,,,8229.0,-0.67894,0.01238,59.4598,3.817319530150382
,,,,,,8230.0,-0.67522,0.01256,60.3411,3.8156158745491293
,,,,,,8231.0,-0.67894,0.01276,61.2994,3.8055737690367475
,,,,,,8232.0,-0.67522,0.01296,62.2552,3.803165594101008
,,,,,,8233.0,-0.67522,0.01316,63.2085,3.8339901636563747
,,,,,,8234.0,-0.67336,0.01335,64.1642,3.827727277210631
,,,,,,8235.0,-0.67708,0.01356,65.1275,3.803040051241861
,,,,,,8236.0,-0.67522,0.01375,66.0833,3.8125649550446483
,,,,,,8237.0,-0.67522,0.01393,66.9273,3.7995972182239868
,,,,,,8238.0,-0.67336,0.01414,67.9452,3.8089198513067895
,,,,,,8239.0,-0.67522,0.01432,68.8017,3.8074233716487713
,,,,,,8240.0,-0.67336,0.0145,69.6904,3.781408440386588
,,,,,,8241.0,-0.67708,0.0147,70.6189,3.8118834106455246
,,,,,,8242.0,-0.67522,0.0149,71.5747,3.819233323574633
,,,,,,8243.0,-0.67336,0.0151,72.528,3.795195118001188
,,,,,,8245.0,-0.67894,0.01529,73.4838,3.7940903860862845
,,,,,,8246.0,-0.67522,0.01549,74.4396,3.8138975213389514
,,,,,,8247.0,-0.67708,0.01568,75.3134,3.803255444062504
,,,,,,8248.0,-0.67336,0.01586,76.2146,3.811796215392609
,,,,,,8249.0,-0.67894,0.01607,77.2126,3.8104319949898304
,,,,,,8250.0,-0.67336,0.01627,78.1485,3.8081584318067097
,,,,,,8250.0,-0.67336,0.01632,78.3918,3.804726518400411
,,,,,,8250.0,-1.35417,0.01632,78.3918,3.7819799005009758
,,,,,,8251.0,-1.35231,0.01668,80.1594,3.7644080426181734
,,,,,,8252.0,-1.35603,0.01707,81.999,3.786053429828352
,,,,,,8253.0,-1.35417,0.01748,83.9999,3.8025165618095884
,,,,,,8254.0,-1.35231,0.01785,85.7675,3.790248909960936
,,,,,,8255.0,-1.35231,0.01825,87.6791,3.7823925707659773
,,,,,,8256.0,-1.35417,0.01865,89.5931,3.78025137703052
,,,,,,8257.0,-1.35231,0.01905,91.5047,3.7813610083945393
,,,,,,8258.0,-1.35045,0.01944,93.4162,3.7767711537244737
,,,,,,8259.0,-1.35045,0.01982,95.2384,3.776080089253694
,,,,,,8260.0,-1.35045,0.02021,97.1153,3.7509092619808837
,,,,,,8261.0,-1.35231,0.02056,98.7935,3.770376472654555
,,,,,,8262.0,-1.35231,0.02081,100.0,3.777153870704933
,,,,,,8262.0,-1.35231,0.02081,100.0,3.7664824902702465
,,,,,,,,,,
,,,,,,8262.0,0.6715,0.0,0.0,3.851993413100346
,,,,,,8263.0,0.66964,0.00019,12.4567,3.8469543637458288
,,,,,,8264.0,0.66778,0.00039,26.4014,3.846373695664577
,,,,,,8265.0,0.66964,0.00058,38.7197,3.856028047914482
,,,,,,8266.0,0.66964,0.00078,52.1799,3.871195815350179
,,,,,,8267.0,0.66964,0.00097,65.2595,3.8866782960627444
,,,,,,8268.0,0.66778,0.00115,76.8512,3.860158580739575
,,,,,,8269.0,0.66964,0.00134,90.0346,3.8768058724371026
,,,,,,8270.0,0.66964,0.00149,100.0,3.8818924860136854
,,,,,,8270.0,0.0,0.00149,100.0,3.8443520521351116
,,,,,,8271.0,0.0,0.00149,100.0,3.841488418352493
,,,,,,8272.0,0.0,0.00149,100.0,3.8411822605764927
,,,,,,8273.0,0.0,0.00149,100.0,3.8551316918383742
,,,,,,8274.0,0.0,0.00149,100.0,3.8344921676343016
,,,,,,8275.0,0.0,0.00149,100.0,3.8469408591685244
,,,,,,8276.0,0.0,0.00149,100.0,3.8544534273637776
,,,,,,8277.0,0.0,0.00149,100.0,3.8293747757871497
,,,,,,8278.0,0.0,0.00149,100.0,3.845220172646144
,,,,,,8279.0,0.0,0.00149,100.0,3.8451260888723753
,,,,,,8280.0,0.0,0.00149,100.0,3.8432279743616298
,,,,,,8281.0,0.0,0.00149,100.0,3.8394695641242396
,,,,,,8282.0,0.0,0.00149,100.0,3.846811142885633
,,,,,,8284.0,0.0,0.00149,100.0,3.8412939490987195
,,,,,,8285.0,0.0,0.00149,100.0,3.849626173410389
,,,,,,8286.0,0.0,0.00149,100.0,3.8376237526139576
,,,,,,8286.0,0.0,0.00149,100.0,3.859483614504492
,,,,,,8286.0,0.0,0.00149,100.0,3.8238957649160463
,,,,,,,,,,
,,,,,,8286.0,-0.66964,0.0,0.0,3.809383243540918
,,,,,,8287.0,-0.66964,0.00019,0.4679,3.8253606342200515
,,,,,,8288.0,-0.67336,0.0004,0.9684,3.8234448433012194
,,,,,,8289.0,-0.67708,0.00058,1.4,3.8108016288614106
,,,,,,8290.0,-0.6715,0.00077,1.8779,3.804689026752527
,,,,,,8291.0,-0.66778,0.00097,2.3596,3.8239383000944205
,,,,,,8292.0,-0.67708,0.00117,2.8413,3.813113273781169
,,,,,,8293.0,-0.66964,0.00137,3.3243,3.8238835475668687
,,,,,,8294.0,-0.67336,0.00157,3.806,3.82433659731772
,,,,,,8295.0,-0.67708,0.00177,4.2877,3.8148501831617354
,,,,,,8296.0,-0.67708,0.00196,4.7556,3.8026178200998553
,,,,,,8298.0,-0.67522,0.00216,5.2561,3.8101903665665353
,,,,,,8299.0,-0.67708,0.00234,5.6813,3.8083688183996576
,,,,,,8300.0,-0.67894,0.00254,6.1681,3.7962713167161084
,,,,,,8301.0,-0.67894,0.00273,6.6335,3.813863384007778
,,,,,,8302.0,-0.67336,0.00291,7.055,3.820926844729358
,,,,,,8303.0,-0.67708,0.0031,7.5379,3.8088069366783124
,,,,,,8304.0,-0.67522,0.00332,8.066,3.802084446991948
,,,,,,8305.0,-0.67708,0.0035,8.5076,3.816038238951965
,,,,,,8306.0,-0.66964,0.0037,8.9906,3.799304640090138
,,,,,,8307.0,-0.6715,0.0039,9.4723,3.8002523748284607
,,,,,,8308.0,-0.67336,0.00409,9.9414,3.8109662243081233
,,,,,,8309.0,-0.67336,0.00431,10.452,3.8180841956066036
,,,,,,8310.0,-0.66964,0.00448,10.8747,3.8127454279010338
,,,,,,8311.0,-0.67522,0.00468,11.3564,3.803104103964297
,,,,,,8312.0,-0.6715,0.00488,11.8419,3.8269212001404065
,,,,,,8313.0,-0.67336,0.00508,12.3236,3.8109830354390866
,,,,,,8314.0,-0.67522,0.00527,12.8066,3.8111945313191113
,,,,,,8315.0,-0.6715,0.00547,13.2883,3.8133206711741354
,,,,,,8316.0,-0.67522,0.00565,13.7198,3.7975688532100844
,,,,,,8317.0,-0.67708,0.00586,14.2216,3.8084854809939257
,,,,,,8318.0,-0.67522,0.00607,14.7258,3.8107182948795466
,,,,,,8319.0,-0.67708,0.00625,15.1762,3.834578743634253
,,,,,,8320.0,-0.67708,0.00644,15.6328,3.8131574342492867
,,,,,,8321.0,-0.67522,0.00657,15.9552,3.8043203993618637
,,,,,,8321.0,-5.41295,0.00657,15.9552,3.602895312046957
,,,,,,8322.0,-5.40737,0.00804,19.5303,3.6127475477235116
,,,,,,8323.0,-5.40737,0.00967,23.468,3.589577927583012
,,,,,,8324.0,-5.40923,0.0115,27.9188,3.5759615146591988
,,,,,,8325.0,-5.40737,0.01291,31.3459,3.6011376396484978
,,,,,,8326.0,-5.40737,0.0145,35.2121,3.5863091289666755
,,,,,,8327.0,-5.40551,0.0161,39.0782,3.5825864714263127
,,,,,,8328.0,-5.40923,0.01758,42.6885,3.594697481810255
,,,,,,8329.0,-5.40923,0.01857,45.0958,3.5872074503454754
,,,,,,8329.0,-3.37426,0.01857,45.0958,3.6747716099108816
,,,,,,8330.0,-3.37984,0.01953,47.419,3.6551981674468705
,,,,,,8331.0,-3.37798,0.02049,49.7447,3.661351520032343
,,,,,,8332.0,-3.37984,0.02148,52.1369,3.6573541809971797
,,,,,,8333.0,-3.37798,0.02251,54.6433,3.656673445442718
,,,,,,8334.0,-3.37984,0.0235,57.0593,3.664114131195922
,,,,,,8335.0,-3.37612,0.02449,59.4516,3.6618129588370443
,,,,,,8336.0,-3.37612,0.02536,61.5716,3.65232848262183
,,,,,,8337.0,-3.37984,0.02636,63.9864,3.656392493535485
,,,,,,8338.0,-3.3817,0.02735,66.4024,3.6601859730354214
,,,,,,8339.0,-3.37984,0.02838,68.91,3.642231752579637
,,,,,,8340.0,-3.37984,0.02932,71.1893,3.6753723159245655
,,,,,,8342.0,-3.37984,0.03025,73.4461,3.6589263886099186
,,,,,,8343.0,-3.37612,0.03125,75.8621,3.6638362700841496
,,,,,,8344.0,-3.37984,0.03223,78.2543,3.6652151451784274
,,,,,,8345.0,-3.37984,0.03311,80.3743,3.638175020461146
,,,,,,8346.0,-3.3817,0.0341,82.7904,3.653942595829389
,,,,,,8347.0,-3.37984,0.0351,85.2077,3.6410963046528035
,,,,,,8348.0,-3.37984,0.03609,87.6237,3.6405212764444337
,,,,,,8349.0,-3.37984,0.03709,90.0398,3.668595517032918
,,,,,,8350.0,-3.3817,0.03807,92.4332,3.6378467503113003
,,,,,,8351.0,-3.37798,0.03895,94.552,3.648473901349691
,,,,,,8352.0,-3.3817,0.03994,96.968,3.618931483743424
,,,,,,8353.0,-3.37984,0.04094,99.3841,3.637377204443781
,,,,,,8353.0,-3.37798,0.04119,100.0,3.6386322699670277
,,,,,,8353.0,-3.37798,0.04119,100.0,3.6550060023473567
,,,,,,,,,,
,,,,,,8353.0,1.34859,0.0,0.0,3.8361564645883828
,,,,,,8354.0,1.34487,0.00038,12.6846,3.852640635732366
,,,,,,8355.0,1.34487,0.0008,27.0026,3.842003352985049
,,,,,,8356.0,1.34487,0.00118,39.6872,3.8707534493434568
,,,,,,8357.0,1.34673,0.00159,53.397,3.8578636550711143
,,,,,,8358.0,1.34487,0.00197,66.0817,3.8592029600308826
,,,,,,8359.0,1.34487,0.00231,77.7758,3.8823388915641592
,,,,,,8360.0,1.34487,0.00274,92.2155,3.8812190104746604
,,,,,,8361.0,1.34301,0.00297,100.0,3.87752340735552
,,,,,,8361.0,1.34301,0.00297,100.0,3.866043231351388
,,,,,,,,,,
,,,,,,8361.0,-1.35231,0.0,0.0,3.75725387635694
,,,,,,8362.0,-1.35231,0.00039,3.2494,3.7601508670887474
,,,,,,8363.0,-1.35045,0.00078,6.5245,3.762061867215316
,,,,,,8364.0,-1.35231,0.00119,9.9287,3.7574352797966606
,,,,,,8365.0,-1.35231,0.00159,13.2382,3.7464988757505124
,,,,,,8366.0,-1.35045,0.00194,16.1437,3.760231949832401
,,,,,,8367.0,-1.35417,0.00234,19.4533,3.7712706779165126
,,,,,,8368.0,-1.35045,0.00275,22.8531,3.754523270046251
,,,,,,8369.0,-1.35603,0.00314,26.1025,3.751023437592102
,,,,,,8370.0,-1.35417,0.00349,29.0123,3.7672148194103254
,,,,,,8372.0,-1.35231,0.00392,32.5711,3.77227004578293
,,,,,,8373.0,-1.35045,0.0043,35.7861,3.758130293743671
,,,,,,8374.0,-1.35045,0.00465,38.6917,3.7440189680209612
,,,,,,8375.0,-1.35417,0.00507,42.1559,3.733138702368292
,,,,,,8376.0,-1.35045,0.00544,45.2506,3.7519636349959464
,,,,,,8377.0,-1.35417,0.00584,48.5601,3.735309037069355
,,,,,,8378.0,-1.35045,0.00624,51.8697,3.75177975951665
,,,,,,8379.0,-1.35231,0.00663,55.1792,3.7438989144681116
,,,,,,8380.0,-1.35045,0.00705,58.6779,3.7525505969341992
,,,,,,8381.0,-1.35231,0.00741,61.6393,3.7401287477989853
,,,,,,8382.0,-1.35045,0.00781,64.9489,3.759997799320206
,,,,,,8383.0,-1.35417,0.00821,68.2584,3.738237350385521
,,,,,,8384.0,-1.35231,0.0086,71.5723,3.747532525660422
,,,,,,8385.0,-1.35417,0.009,74.8818,3.759538107398186
,,,,,,8386.0,-1.35231,0.0094,78.1957,3.7304293445934045
,,,,,,8387.0,-1.35417,0.00981,81.5998,3.738234856094954
,,,,,,8388.0,-1.35231,0.01018,84.6944,3.7497561687452574
,,,,,,8389.0,-1.35045,0.01058,88.0083,3.7509730236476195
,,,,,,8390.0,-1.35045,0.01098,91.3178,3.765912783659698
,,,,,,8391.0,-1.35231,0.01138,94.6317,3.756072307198254
,,,,,,8392.0,-1.35417,0.01177,97.9412,3.7484816262792697
,,,,,,8393.0,-1.35417,0.01202,100.0,3.7494533249687927
,,,,,,8393.0,-1.35417,0.01202,100.0,3.733198872527382
,,,,,,,,,,
,,,,,,8393.0,2.70089,0.0,0.0,3.9068799322464103
,,,,,,8394.0,2.69903,0.00086,14.3447,3.9204695886426695
,,,,,,8395.0,2.69903,0.00162,26.936,3.9239972891368526
,,,,,,8396.0,2.69903,0.00234,38.8999,3.9285309327315856
,,,,,,8397.0,2.69717,0.00313,52.1186,3.9187019529600318
,,,,,,8398.0,2.69717,0.00393,65.3373,3.9374051246327797
,,,,,,8399.0,2.69717,0.00472,78.5561,3.9270582758959316
,,,,,,8401.0,2.69903,0.00552,91.7748,3.9341519974859764
,,,,,,8401.0,2.69717,0.00601,100.0,3.909425596654377
,,,,,,8401.0,0.0,0.00601,100.0,3.8444085797408944
,,,,,,8402.0,0.0,0.00601,100.0,3.833064659954607
,,,,,,8403.0,0.0,0.00601,100.0,3.823834096163688
,,,,,,8404.0,0.0,0.00601,100.0,3.8409150095699323
,,,,,,8405.0,0.0,0.00601,100.0,3.8199589564138288
,,,,,,8406.0,0.0,0.00601,100.0,3.8292080357739113
,,,,,,8407.0,0.0,0.00601,100.0,3.8358082533697164
,,,,,,8408.0,0.0,0.00601,100.0,3.8383632041400046
,,,,,,8409.0,0.0,0.00601,100.0,3.836907394622016
,,,,,,8410.0,0.0,0.00601,100.0,3.8351001458380365
,,,,,,8412.0,0.0,0.00601,100.0,3.823172526839613
,,,,,,8413.0,0.0,0.00601,100.0,3.833893443572452
,,,,,,8414.0,0.0,0.00601,100.0,3.8021884778522588
,,,,,,8415.0,0.0,0.00601,100.0,3.83252044446652
,,,,,,8416.0,0.0,0.00601,100.0,3.825990293794505
,,,,,,8417.0,0.0,0.00601,100.0,3.8369820927599645
,,,,,,8418.0,0.0,0.00601,100.0,3.8293258886554504
,,,,,,8419.0,0.0,0.00601,100.0,3.8156706052032074
,,,,,,8420.0,0.0,0.00601,100.0,3.839812358620616
,,,,,,8421.0,0.0,0.00601,100.0,3.8235150786627616
,,,,,,8422.0,0.0,0.00601,100.0,3.831040804936831
,,,,,,8423.0,0.0,0.00601,100.0,3.8245785237721313
,,,,,,8424.0,0.0,0.00601,100.0,3.8159305970350896
,,,,,,8425.0,0.0,0.00601,100.0,3.8250345057162907
,,,,,,8426.0,0.0,0.00601,100.0,3.81486304988535
,,,,,,8427.0,0.0,0.00601,100.0,3.8313255846955934
,,,,,,8428.0,0.0,0.00601,100.0,3.8211476387649173
,,,,,,8429.0,0.0,0.00601,100.0,3.8219157504180767
,,,,,,8430.0,0.0,0.00601,100.0,3.8242362702108315
,,,,,,8431.0,0.0,0.00601,100.0,3.8258884532232074
,,,,,,8433.0,0.0,0.00601,100.0,3.8253094478851226
,,,,,,8434.0,0.0,0.00601,100.0,3.845695679118139
,,,,,,8435.0,0.0,0.00601,100.0,3.809037134692602
,,,,,,8436.0,0.0,0.00601,100.0,3.825153557744516
,,,,,,8437.0,0.0,0.00601,100.0,3.837821573338167
,,,,,,8438.0,0.0,0.00601,100.0,3.8232527439446278
,,,,,,8439.0,0.0,0.00601,100.0,3.831944466347894
,,,,,,8440.0,0.0,0.00601,100.0,3.832453006616414
,,,,,,8441.0,0.0,0.00601,100.0,3.834956279997014
,,,,,,8442.0,0.0,0.00601,100.0,3.826901465198849
,,,,,,8443.0,0.0,0.00601,100.0,3.8274962796355685
,,,,,,8444.0,0.0,0.00601,100.0,3.8330723057469513
,,,,,,8445.0,0.0,0.00601,100.0,3.8422323692610316
,,,,,,8446.0,0.0,0.00601,100.0,3.8388853168412127
,,,,,,8447.0,0.0,0.00601,100.0,3.8427031462921803
,,,,,,8448.0,0.0,0.00601,100.0,3.8302001989705916
,,,,,,8449.0,0.0,0.00601,100.0,3.822411478901852
,,,,,,8450.0,0.0,0.00601,100.0,3.823709121790779
,,,,,,8451.0,0.0,0.00601,100.0,3.8400997461183257
,,,,,,8452.0,0.0,0.00601,100.0,3.8251988799228576
,,,,,,8453.0,0.0,0.00601,100.0,3.824824841354159
,,,,,,8454.0,0.0,0.00601,100.0,3.835388984101435
,,,,,,8455.0,0.0,0.00601,100.0,3.82679685578333
,,,,,,8456.0,0.0,0.00601,100.0,3.8226107636171514
,,,,,,8456.0,0.0,0.00601,100.0,3.8144028562287957
,,,,,,,,,,
,,,,,,8456.0,-0.63058,0.0,0.0,3.8076451698620524
,,,,,,8457.0,-0.67336,0.00021,2.105,3.8183847817127687
,,,,,,8458.0,-0.67336,0.00038,3.8918,3.7879215445761196
,,,,,,8459.0,-0.67522,0.00059,6.0127,3.804728960822433
,,,,,,8460.0,-0.67336,0.00078,7.9799,3.79375962464081
,,,,,,8461.0,-0.6715,0.00095,9.7667,3.799610653229843
,,,,,,8462.0,-0.67336,0.00115,11.8028,3.819760930003121
,,,,,,8464.0,-0.67894,0.00136,13.9449,3.7956321043386496
,,,,,,8465.0,-0.67336,0.00154,15.8112,3.809217024163803
,,,,,,8466.0,-0.67708,0.00173,17.7147,3.796266260312604
,,,,,,8467.0,-0.67708,0.00193,19.7561,3.8001580901677303
,,,,,,8468.0,-0.67522,0.00212,21.7975,3.797890513787392
,,,,,,8469.0,-0.67336,0.00232,23.8388,3.8009627554378347
,,,,,,8470.0,-0.67522,0.00252,25.8749,3.7971138778181683
,,,,,,8471.0,-0.67522,0.00272,27.9109,3.798306698916154
,,,,,,8472.0,-0.6715,0.00292,29.9523,3.7945670686854154
,,,,,,8473.0,-0.67522,0.00313,32.0732,3.7948433352862443
,,,,,,8474.0,-0.67336,0.00333,34.1463,3.795412543827789
,,,,,,8475.0,-0.67522,0.0035,35.9491,3.775108689053614
,,,,,,8476.0,-0.67708,0.00371,38.0859,3.8043443911316093
,,,,,,8477.0,-0.67522,0.00389,39.9364,3.7806503906303464
,,,,,,8478.0,-0.67522,0.00409,41.9724,3.776142142719769
,,,,,,8479.0,-0.67522,0.00429,44.0085,3.8016544807135317
,,,,,,8480.0,-0.6715,0.00449,46.0445,3.8133120369609834
,,,,,,8481.0,-0.67522,0.00469,48.0859,3.8092823732243586
,,,,,,8482.0,-0.67708,0.00488,50.1273,3.7836131676491003
,,,,,,8483.0,-0.6715,0.00508,52.1686,3.797752355863795
,,,,,,8484.0,-0.67708,0.00524,53.807,3.784569993790534
,,,,,,8484.0,-1.34859,0.00524,53.807,3.7674281214212257
,,,,,,8485.0,-1.35231,0.00563,57.7359,3.760225456254924
,,,,,,8486.0,-1.35231,0.00598,61.3945,3.7802696835137035
,,,,,,8487.0,-1.35231,0.00638,65.4772,3.7494796049081573
,,,,,,8488.0,-1.35231,0.0068,69.7932,3.750978033679121
,,,,,,8489.0,-1.35045,0.00717,73.526,3.7613926144143974
,,,,,,8491.0,-1.35045,0.00761,78.07,3.761376416470933
,,,,,,8492.0,-1.34673,0.00798,81.9247,3.7597498839622068
,,,,,,8493.0,-1.34859,0.00835,85.7052,3.76340600306956
,,,,,,8494.0,-1.35231,0.00875,89.7879,3.7675252559668664
,,,,,,8495.0,-1.35045,0.00915,93.8759,3.7732295131476863
,,,,,,8496.0,-1.35231,0.00955,97.9586,3.774869637934713
,,,,,,8496.0,-1.35045,0.00974,100.0,3.759765589629834
,,,,,,8496.0,-1.35045,0.00974,100.0,3.7659758442253297
,,,,,,,,,,
,,,,,,8496.0,0.66964,0.0,0.0,3.84381099111628
,,,,,,8497.0,0.66964,0.00021,14.38,3.838119287120322
,,,,,,8498.0,0.66964,0.00039,26.2591,3.846264274479776
,,,,,,8499.0,0.66964,0.00058,39.0066,3.846709439061058
,,,,,,8500.0,0.66964,0.00077,51.893,3.8792019226234364
,,,,,,8501.0,0.66964,0.00097,65.2657,3.8545245714499194
,,,,,,8502.0,0.66964,0.00114,76.9017,3.844417894605322
,,,,,,8504.0,0.66964,0.00134,90.1355,3.85909166255949
,,,,,,8504.0,0.66964,0.00149,100.0,3.86220189261565
,,,,,,8504.0,0.0,0.00149,100.0,3.821546528804662
,,,,,,8505.0,0.0,0.00149,100.0,3.828135687330621
,,,,,,8506.0,0.0,0.00149,100.0,3.8279967531061576
,,,,,,8507.0,0.0,0.00149,100.0,3.8191222342794435
,,,,,,8508.0,0.0,0.00149,100.0,3.8145480488833705
,,,,,,8509.0,0.0,0.00149,100.0,3.8265121570675
,,,,,,8511.0,0.0,0.00149,100.0,3.8232084336164327
,,,,,,8512.0,0.0,0.00149,100.0,3.824079936436618
,,,,,,8513.0,0.0,0.00149,100.0,3.8182876346250367
,,,,,,8514.0,0.0,0.00149,100.0,3.8277674857795105
,,,,,,8515.0,0.0,0.00149,100.0,3.8220164292537278
,,,,,,8516.0,0.0,0.00149,100.0,3.8210772953272447
,,,,,,8517.0,0.0,0.00149,100.0,3.821319355673463
,,,,,,8518.0,0.0,0.00149,100.0,3.8229993420304074
,,,,,,8519.0,0.0,0.00149,100.0,3.831392533495111
,,,,,,8520.0,0.0,0.00149,100.0,3.8238043476927506
,,,,,,8520.0,0.0,0.00149,100.0,3.829227746973668
,,,,,,8520.0,0.0,0.00149,100.0,3.836601739194824
,,,,,,,,,,
,,,,,,8520.0,-0.6157,0.0,0.0,3.806943077880776
,,,,,,8521.0,-0.67522,0.00019,0.9331,3.795402863272178
,,,,,,8522.0,-0.67522,0.00039,1.896,3.783774996406844
,,,,,,8523.0,-0.67336,0.00059,2.8315,3.8147622411517808
,,,,,,8524.0,-0.67336,0.00078,3.7373,3.801673439796532
,,,,,,8525.0,-0.67522,0.00098,4.6853,3.799126581499216
,,,,,,8527.0,-0.67522,0.00116,5.5688,3.786627258768895
,,,,,,8528.0,-0.6715,0.00136,6.549,3.8116233179036083
,,,,,,8529.0,-0.67336,0.00154,7.3853,3.801675199649955
,,,,,,8530.0,-0.67336,0.00174,8.3408,3.796752571064883
,,,,,,8531.0,-0.67522,0.00194,9.3136,3.799279227278248
,,,,,,8532.0,-0.67708,0.00213,10.2392,3.8032271314034802
,,,,,,8533.0,-0.67708,0.00233,11.1947,3.793722812601662
,,,,,,8534.0,-0.67336,0.00253,12.1501,3.7812301689973715
,,,,,,8535.0,-0.67522,0.00273,13.1055,3.797871597633979
,,,,,,8536.0,-0.67336,0.00293,14.0709,3.793500385078914
,,,,,,8537.0,-0.67522,0.00312,14.9717,3.8167277810088716
,,,,,,8538.0,-0.67522,0.00333,15.9817,3.7913560443722973
,,,,,,8539.0,-0.67522,0.00353,16.962,3.8007480851683355
,,,,,,8540.0,-0.67522,0.00371,17.8355,3.784903719356807
,,,,,,8541.0,-0.67894,0.00391,18.7909,3.7872243103467733
,,,,,,8542.0,-0.67708,0.00411,19.7464,3.788420863314487
,,,,,,8543.0,-0.67522,0.00431,20.7018,3.7654936125018206
,,,,,,8544.0,-0.67336,0.00451,21.6548,3.807756799853905
,,,,,,8545.0,-0.67522,0.00471,22.6003,3.780193707467284
,,,,,,8546.0,-0.67522,0.0049,23.5284,3.800141992703545
,,,,,,8547.0,-0.67336,0.00509,24.4565,3.7926434226230414
,,,,,,8548.0,-0.67336,0.00527,25.3176,3.790313799135881
,,,,,,8549.0,-0.67708,0.00548,26.3078,3.802783353985392
,,,,,,8551.0,-0.67708,0.00568,27.2633,3.7905300407027283
,,,,,,8552.0,-0.67708,0.00587,28.2162,3.7974528481816447
,,,,,,8553.0,-0.67522,0.00607,29.1716,3.7911287196098207
,,,,,,8554.0,-0.6715,0.00627,30.1246,3.797130522858994
,,,,,,8555.0,-0.67522,0.00647,31.0775,3.7776252493291396
,,,,,,8556.0,-0.67522,0.00667,32.023,3.783088446122093
,,,,,,8557.0,-0.6715,0.00685,32.8866,3.7772387348165726
,,,,,,8558.0,-0.67336,0.00705,33.8421,3.789996904469358
,,,,,,8559.0,-0.67522,0.00724,34.795,3.7843497393101617
,,,,,,8560.0,-0.6715,0.00744,35.748,3.8063381518201598
,,,,,,8561.0,-0.67522,0.00764,36.7034,3.7864092597604735
,,,,,,8562.0,-0.67708,0.00784,37.6563,3.778802922984886
,,,,,,8563.0,-0.67894,0.00803,38.577,3.7774584791430996
,,,,,,8564.0,-0.6715,0.00823,39.5349,3.7762689604269677
,,,,,,8565.0,-0.67708,0.00843,40.4879,3.8017143257539896
,,,,,,8566.0,-0.67708,0.00863,41.4408,3.7825248753070033
,,,,,,8567.0,-0.67336,0.00883,42.3963,3.7905921493520753
,,,,,,8568.0,-0.67336,0.00903,43.3492,3.7923782748525783
,,,,,,8569.0,-0.67336,0.00921,44.25,3.7859981820348034
,,,,,,8570.0,-0.67708,0.00941,45.1856,3.784791707998078
,,,,,,8572.0,-0.6715,0.00961,46.1386,3.7950374743626005
,,,,,,8573.0,-0.67336,0.00979,47.0394,3.81343724809467
,,,,,,8574.0,-0.67336,0.00999,47.9948,3.792494259167771
,,,,,,8575.0,-0.67522,0.01019,48.9478,3.8058912811551413
,,,,,,8576.0,-0.67522,0.01039,49.8834,3.78216209395464
,,,,,,8577.0,-0.67522,0.01058,50.7941,3.7789382102529947
,,,,,,8578.0,-0.67522,0.01075,51.6304,3.769873468919219
,,,,,,8579.0,-0.67336,0.01095,52.5908,3.7929196396106284
,,,,,,8580.0,-0.6715,0.01112,53.4271,3.78066016234868
,,,,,,8581.0,-0.67708,0.01132,54.3801,3.7887100148637862
,,,,,,8582.0,-0.66778,0.01152,55.333,3.8042609790587467
,,,,,,8583.0,-0.67708,0.01172,56.286,3.790672880661149
,,,,,,8584.0,-0.67522,0.01192,57.2389,3.783635393012749
,,,,,,8585.0,-0.67708,0.01212,58.1968,3.7853431645444657
,,,,,,8586.0,-0.67522,0.01232,59.1945,3.78894826295932
,,,,,,8587.0,-0.67522,0.01253,60.1846,3.7823829346910065
,,,,,,8588.0,-0.6715,0.01271,61.0606,3.7880698919589575
,,,,,,8589.0,-0.67336,0.01292,62.0335,3.7927793795253835
,,,,,,8590.0,-0.67336,0.01311,62.9864,3.780876294503632
,,,,,,8591.0,-0.67336,0.01331,63.9418,3.783673804067278
,,,,,,8592.0,-0.67336,0.01351,64.8948,3.798924096235748
,,,,,,8593.0,-0.67522,0.01371,65.8502,3.8002176610784306
,,,,,,8594.0,-0.67522,0.01391,66.8056,3.786078562692011
,,,,,,8596.0,-0.67522,0.0141,67.7412,3.770314169852291
,,,,,,8597.0,-0.67522,0.0143,68.6718,3.765302231383595
,,,,,,8598.0,-0.67336,0.01447,69.5106,3.7875848266357797
,,,,,,8599.0,-0.6715,0.01468,70.4834,3.79334140451724
,,,,,,8600.0,-0.67336,0.01487,71.4364,3.7932788238622277
,,,,,,8601.0,-0.67336,0.01507,72.3719,3.8045889309661702
,,,,,,8602.0,-0.67894,0.01524,73.2083,3.7925232739143557
,,,,,,8603.0,-0.67708,0.01544,74.1612,3.757124996090064
,,,,,,8604.0,-0.67522,0.01564,75.1166,3.7881635457907756
,,,,,,8605.0,-0.67522,0.01585,76.1068,3.790572670917335
,,,,,,8606.0,-0.67708,0.01604,77.0275,3.7793771801844738
,,,,,,8607.0,-0.6715,0.01622,77.9184,3.799053054780316
,,,,,,8607.0,-0.67708,0.0163,78.308,3.795994446266741
,,,,,,8607.0,-1.34859,0.0163,78.308,3.7626836967080295
,,,,,,8608.0,-1.35231,0.01673,80.3454,3.7535526345256733
,,,,,,8609.0,-1.35417,0.01708,82.0205,3.7429051127771125
,,,,,,8610.0,-1.35045,0.0175,84.058,3.7532689940699564
,,,,,,8611.0,-1.35231,0.0179,85.9713,3.757257571140083
,,,,,,8613.0,-1.35417,0.01826,87.6836,3.751466094912729
,,,,,,8614.0,-1.35231,0.01865,89.5945,3.7776567027274646
,,,,,,8615.0,-1.35231,0.01908,91.6319,3.7624745820845367
,,,,,,8616.0,-1.35231,0.01948,93.5428,3.744827463784588
,,,,,,8617.0,-1.35045,0.01987,95.4561,3.7640547797303623
,,,,,,8618.0,-1.35045,0.02027,97.367,3.7576767467676295
,,,,,,8619.0,-1.35045,0.02067,99.2778,3.7483131176427302
,,,,,,8619.0,-1.35231,0.02082,100.0,3.7397995533601405
,,,,,,8619.0,-1.35231,0.02082,100.0,3.7367667634810755
,,,,,,,,,,
,,,,,,8619.0,0.6715,0.0,0.0,3.843084166329144
,,,,,,8620.0,0.6715,0.00021,13.6099,3.8332885698885955
,,,,,,8621.0,0.6715,0.00038,25.1286,3.841881045829022
,,,,,,8622.0,0.6715,0.00057,38.1214,3.8514371802243783
,,,,,,8623.0,0.6715,0.00076,50.7371,3.8383212482605837
,,,,,,8624.0,0.6715,0.00096,63.4899,3.8426437206332955
,,,,,,8626.0,0.6715,0.00115,76.5855,3.8461213994273233
,,,,,,8627.0,0.6715,0.00134,89.2355,3.8453119407080414
,,,,,,8627.0,0.6715,0.00151,100.0,3.866226911880563
,,,,,,8627.0,0.0,0.00151,100.0,3.8205535944659528
,,,,,,8628.0,0.0,0.00151,100.0,3.8309807383789445
,,,,,,8629.0,0.0,0.00151,100.0,3.827143447540517
,,,,,,8630.0,0.0,0.00151,100.0,3.818125974664933
,,,,,,8631.0,0.0,0.00151,100.0,3.812544464481468
,,,,,,8633.0,0.0,0.00151,100.0,3.813223880152996
,,,,,,8634.0,0.0,0.00151,100.0,3.8221668731182366
,,,,,,8635.0,0.0,0.00151,100.0,3.82283233919691
,,,,,,8636.0,0.0,0.00151,100.0,3.8085357679790866
,,,,,,8637.0,0.0,0.00151,100.0,3.839795802545952
,,,,,,8638.0,0.0,0.00151,100.0,3.813016126101428
,,,,,,8639.0,0.0,0.00151,100.0,3.818382099644424
,,,,,,8640.0,0.0,0.00151,100.0,3.8074069640650205
,,,,,,8641.0,0.0,0.00151,100.0,3.821092112811444
,,,,,,8642.0,0.0,0.00151,100.0,3.8059378314037593
,,,,,,8643.0,0.0,0.00151,100.0,3.820326449365189
,,,,,,8643.0,0.0,0.00151,100.0,3.818237942341462
,,,,,,8643.0,0.0,0.00151,100.0,3.8246124794370178
,,,,,,,,,,
,,,,,,8643.0,-0.65848,0.0,0.0,3.8055482912496847
,,,,,,8644.0,-0.67894,0.00019,0.454,3.7996004675463
,,,,,,8645.0,-0.6715,0.00039,0.9369,3.7843161532559373
,,,,,,8647.0,-0.67894,0.00058,1.4097,3.7845356513669413
,,,,,,8648.0,-0.67894,0.00076,1.8549,3.79913199578789
,,,,,,8649.0,-0.67336,0.00096,2.3377,3.795748338544575
,,,,,,8650.0,-0.67336,0.00116,2.8193,3.8006519669126204
,,,,,,8651.0,-0.67522,0.00138,3.3461,3.795402861249817
,,,,,,8652.0,-0.6715,0.00156,3.7888,3.790611907823219
,,,,,,8653.0,-0.67894,0.00176,4.2704,3.793978700653385
,,,,,,8654.0,-0.67336,0.00196,4.7482,3.7793333335888133
,,,,,,8655.0,-0.67708,0.00216,5.2399,3.792592669103345
,,,,,,8656.0,-0.6715,0.00235,5.7026,3.7716230544504223
,,,,,,8657.0,-0.67336,0.00255,6.1855,3.7881301241997676
,,,,,,8658.0,-0.67336,0.00274,6.6621,3.7944057313402584
,,,,,,8659.0,-0.67336,0.00293,7.1161,3.7921377221087305
,,,,,,8660.0,-0.67336,0.00312,7.5814,3.798377718665337
,,,,,,8661.0,-0.67522,0.00331,8.0266,3.7875182907892087
,,,,,,8662.0,-0.6715,0.00353,8.5659,3.778354658094056
,,,,,,8663.0,-0.67522,0.00373,9.0425,3.768052193065765
,,,,,,8664.0,-0.6715,0.00392,9.5203,3.802389776775528
,,,,,,8665.0,-0.67894,0.0041,9.948,3.7859069037173816
,,,,,,8666.0,-0.67336,0.00431,10.4734,3.7853868381262763
,,,,,,8667.0,-0.67522,0.0045,10.9237,3.7802294798088587
,,,,,,8669.0,-0.67522,0.0047,11.4065,3.7982319297360636
,,,,,,8670.0,-0.67708,0.0049,11.8881,3.8032538101191187
,,,,,,8671.0,-0.67336,0.0051,12.3835,3.772606119030661
,,,,,,8672.0,-0.67708,0.00529,12.8388,3.796024821289763
,,,,,,8673.0,-0.67708,0.00546,13.2627,3.785923896860943
,,,,,,8674.0,-0.67336,0.00567,13.7593,3.756544589195955
,,,,,,8675.0,-0.67522,0.00584,14.1857,3.785768682591391
,,,,,,8676.0,-0.67522,0.00604,14.6686,3.792674692246649
,,,,,,8677.0,-0.67336,0.00627,15.2279,3.795481477040708
,,,,,,8678.0,-0.67336,0.00646,15.6832,3.7815092872812492
,,,,,,8678.0,-0.67336,0.00656,15.9278,3.762318172308928
,,,,,,8678.0,-5.41667,0.00656,15.9278,3.5826694306499536
,,,,,,8679.0,-5.40737,0.00801,19.4306,3.5830293555852477
,,,,,,8681.0,-5.40923,0.00958,23.2583,3.583920000763729
,,,,,,8682.0,-5.40737,0.01123,27.2691,3.583669687973043
,,,,,,8683.0,-5.40923,0.01268,30.7694,3.5596978101517065
,,,,,,8684.0,-5.40737,0.01427,34.6335,3.576612157794155
,,,,,,8685.0,-5.40737,0.01586,38.4975,3.549474622103866
,,,,,,8686.0,-5.40737,0.01745,42.3628,3.5757644246356812
,,,,,,8686.0,-5.40737,0.01864,45.2436,3.5572180746389033
,,,,,,8686.0,-3.37984,0.01864,45.2436,3.6409532619548726
,,,,,,8687.0,-3.37984,0.01959,47.5462,3.65009929771198
,,,,,,8689.0,-3.37798,0.02058,49.9605,3.635216994066993
,,,,,,8690.0,-3.37984,0.02152,52.2393,3.6231466591648145
,,,,,,8691.0,-3.37984,0.02257,54.7915,3.627597385802647
,,,,,,8692.0,-3.37984,0.02355,57.1618,3.6296195777005322
,,,,,,8693.0,-3.37984,0.02455,59.5774,3.630657673212041
,,,,,,8694.0,-3.3817,0.02554,61.9929,3.6309481359492066
,,,,,,8695.0,-3.37984,0.02652,64.3632,3.644188915291708
,,,,,,8696.0,-3.37984,0.02739,66.4827,3.6315541322342573
,,,,,,8697.0,-3.3817,0.02839,68.8982,3.631334891628262
,,,,,,8698.0,-3.37984,0.02932,71.177,3.622395967220496
,,,,,,8699.0,-3.3817,0.03037,73.7067,3.6390630601584166
,,,,,,8700.0,-3.37984,0.03126,75.8701,3.6274886363780725
,,,,,,8701.0,-3.37798,0.03225,78.2856,3.619172806489873
,,,,,,8702.0,-3.3817,0.03325,80.6998,3.6306791437034667
,,,,,,8703.0,-3.3817,0.03424,83.1166,3.6226656579932106
,,,,,,8704.0,-3.37984,0.03524,85.5321,3.6116510122430303
,,,,,,8705.0,-3.37984,0.03623,87.9476,3.618841263446655
,,,,,,8706.0,-3.37798,0.03723,90.3618,3.622041844132884
,,,,,,8707.0,-3.37984,0.03821,92.7535,3.6081679828180104
,,,,,,8708.0,-3.3817,0.03921,95.169,3.6173579068137762
,,,,,,8710.0,-3.37984,0.0402,97.5845,3.6303995976375196
,,,,,,8710.0,-3.37984,0.0412,100.0,3.6093099909993343
,,,,,,8710.0,-3.37984,0.0412,100.0,3.6275049970180744
,,,,,,,,,,
,,,,,,8710.0,1.34673,0.0,0.0,3.8037882585921468
,,,,,,8712.0,1.34487,0.00037,12.365,3.829641663381402
,,,,,,8713.0,1.34673,0.00076,25.7227,3.833532105858968
,,,,,,8714.0,1.34859,0.0012,40.5956,3.8182909312062714
,,,,,,8715.0,1.34487,0.00158,53.3438,3.8210377960157174
,,,,,,8716.0,1.34487,0.00198,66.5796,3.8401479152112836
,,,,,,8717.0,1.34859,0.00232,78.3002,3.8426176607453093
,,,,,,8718.0,1.34859,0.00272,91.6754,3.846800511788545
,,,,,,8718.0,1.34673,0.00297,100.0,3.8259510506785888
,,,,,,8718.0,1.34673,0.00297,100.0,3.8466679371496184
,,,,,,,,,,
,,,,,,8718.0,-1.35045,0.0,0.0,3.7360891321836296
,,,,,,8719.0,-1.35045,0.00037,3.0503,3.7266649829707132
,,,,,,8721.0,-1.35045,0.00077,6.4133,3.729961506127594
,,,,,,8722.0,-1.35045,0.00116,9.5879,3.732713048261712
,,,,,,8723.0,-1.35045,0.00154,12.7924,3.7235416728593607
,,,,,,8724.0,-1.35417,0.00194,16.0912,3.730801506456429
,,,,,,8725.0,-1.35045,0.00234,19.3899,3.7146936137451823
,,,,,,8726.0,-1.35231,0.00273,22.6587,3.7314603040850076
,,,,,,8727.0,-1.35045,0.00313,25.9618,3.728683470293545
,,,,,,8728.0,-1.35045,0.00351,29.0763,3.7126163668160763
,,,,,,8729.0,-1.35231,0.00391,32.3794,3.7170363672129216
,,,,,,8730.0,-1.34859,0.00431,35.7681,3.7221227765717892
,,,,,,8731.0,-1.35417,0.00466,38.6685,3.7279249474390603
,,,,,,8732.0,-1.35231,0.00508,42.1215,3.7133473913742883
,,,,,,8733.0,-1.35045,0.00544,45.1418,3.731800884018003
,,,,,,8734.0,-1.35231,0.00584,48.4406,3.7219546928625786
,,,,,,8735.0,-1.35045,0.00624,51.7394,3.72858848865767
,,,,,,8736.0,-1.35231,0.00664,55.0424,3.7183374312612805
,,,,,,8737.0,-1.35231,0.00703,58.3112,3.6908289986316682
,,,,,,8738.0,-1.35045,0.00743,61.5757,3.7053811771431215
,,,,,,8739.0,-1.35045,0.00784,65.033,3.726626162421661
,,,,,,8740.0,-1.35417,0.00824,68.3318,3.7236014594061047
,,,,,,8741.0,-1.35417,0.00864,71.6005,3.721893343420456
,,,,,,8742.0,-1.35045,0.00898,74.4966,3.725860618097537
,,,,,,8743.0,-1.35231,0.00938,77.7997,3.7184116045669495
,,,,,,8744.0,-1.35417,0.00978,81.0984,3.7061479747634
,,,,,,8745.0,-1.35045,0.01013,83.9688,3.707427221050451
,,,,,,8746.0,-1.35231,0.01054,87.3618,3.7243851240760577
,,,,,,8748.0,-1.35231,0.01093,90.6606,3.707873164247047
,,,,,,8749.0,-1.35417,0.01133,93.9637,3.7226448030187207
,,,,,,8750.0,-1.35045,0.01171,97.1039,3.713688095220399
,,,,,,8751.0,-1.35045,0.01206,100.0,3.7105381051410014
,,,,,,8751.0,-1.35045,0.01206,100.0,3.724764444956555
,,,,,,,,,,
,,,,,,8751.0,2.69717,0.0,0.0,3.88393481869268
,,,,,,8752.0,2.69717,0.00074,12.302,3.896235240863829
,,,,,,8753.0,2.69717,0.00154,25.5971,3.904954291365901
,,,,,,8754.0,2.69903,0.00229,38.019,3.901646465154005
,,,,,,8755.0,2.69903,0.00307,50.809,3.90476005241438
,,,,,,8756.0,2.70089,0.00386,63.9842,3.9026765004427033
,,,,,,8757.0,2.69903,0.00466,77.1509,3.9093043319344947
,,,,,,8758.0,2.69903,0.00544,90.0608,3.9055266623908755
,,,,,,8759.0,2.69903,0.00604,100.0,3.9057672419602016
,,,,,,8759.0,0.0,0.00604,100.0,3.7924644777452956
,,,,,,8760.0,0.0,0.00604,100.0,3.7998917695916186
,,,,,,8761.0,0.0,0.00604,100.0,3.7911826821247674
,,,,,,8762.0,0.0,0.00604,100.0,3.808942269154352
,,,,,,8763.0,0.0,0.00604,100.0,3.8091792058996132
,,,,,,8764.0,0.0,0.00604,100.0,3.781423169616692
,,,,,,8765.0,0.0,0.00604,100.0,3.779775534597772
,,,,,,8766.0,0.0,0.00604,100.0,3.79069182869662
,,,,,,8767.0,0.0,0.00604,100.0,3.813916051692701
,,,,,,8768.0,0.0,0.00604,100.0,3.799591140838899
,,,,,,8769.0,0.0,0.00604,100.0,3.788806787532888
,,,,,,8770.0,0.0,0.00604,100.0,3.804579283989155
,,,,,,8771.0,0.0,0.00604,100.0,3.804999830926248
,,,,,,8772.0,0.0,0.00604,100.0,3.795612912339247
,,,,,,8773.0,0.0,0.00604,100.0,3.800859933995543
,,,,,,8774.0,0.0,0.00604,100.0,3.8023868844421918
,,,,,,8775.0,0.0,0.00604,100.0,3.801028476316041
,,,,,,8776.0,0.0,0.00604,100.0,3.7928104539636394
,,,,,,8777.0,0.0,0.00604,100.0,3.777508145978473
,,,,,,8778.0,0.0,0.00604,100.0,3.791001135093112
,,,,,,8779.0,0.0,0.00604,100.0,3.799115304167092
,,,,,,8780.0,0.0,0.00604,100.0,3.805835659844905
,,,,,,8782.0,0.0,0.00604,100.0,3.8169341420409086
,,,,,,8783.0,0.0,0.00604,100.0,3.8100950213027747
,,,,,,8784.0,0.0,0.00604,100.0,3.8028247319288573
,,,,,,8785.0,0.0,0.00604,100.0,3.7906061979884393
,,,,,,8786.0,0.0,0.00604,100.0,3.8062659807129084
,,,,,,8787.0,0.0,0.00604,100.0,3.811057480821663
,,,,,,8788.0,0.0,0.00604,100.0,3.801080816605943
,,,,,,8789.0,0.0,0.00604,100.0,3.795383022318326
,,,,,,8790.0,0.0,0.00604,100.0,3.7879843889514166
,,,,,,8791.0,0.0,0.00604,100.0,3.794425841565684
,,,,,,8792.0,0.0,0.00604,100.0,3.8043847406353026
,,,,,,8793.0,0.0,0.00604,100.0,3.803308395227375
,,,,,,8794.0,0.0,0.00604,100.0,3.818842055549572
,,,,,,8795.0,0.0,0.00604,100.0,3.802183228991635
,,,,,,8796.0,0.0,0.00604,100.0,3.7824922724987746
,,,,,,8797.0,0.0,0.00604,100.0,3.7935177765416506
,,,,,,8798.0,0.0,0.00604,100.0,3.7925792953134243
,,,,,,8798.0,0.0,0.00604,100.0,3.782988630945195
,,,,,,8799.0,0.0,0.00604,100.0,3.817885340047458
,,,,,,8800.0,0.0,0.00604,100.0,3.8120818422536784
,,,,,,8801.0,0.0,0.00604,100.0,3.7920058199902003
,,,,,,8802.0,0.0,0.00604,100.0,3.807359449708285
,,,,,,8803.0,0.0,0.00604,100.0,3.803020821167553
,,,,,,8804.0,0.0,0.00604,100.0,3.8210013192728423
,,,,,,8805.0,0.0,0.00604,100.0,3.7910137392873313
,,,,,,8806.0,0.0,0.00604,100.0,3.7938320050295027
,,,,,,8807.0,0.0,0.00604,100.0,3.802263226338304
,,,,,,8808.0,0.0,0.00604,100.0,3.781859712020627
,,,,,,8809.0,0.0,0.00604,100.0,3.797508004928205
,,,,,,8810.0,0.0,0.00604,100.0,3.798980529485314
,,,,,,8811.0,0.0,0.00604,100.0,3.8105595513363704
,,,,,,8812.0,0.0,0.00604,100.0,3.814110665256524
,,,,,,8813.0,0.0,0.00604,100.0,3.8101292698986597
,,,,,,8814.0,0.0,0.00604,100.0,3.784574764263898
,,,,,,8815.0,0.0,0.00604,100.0,3.8023348454568624
,,,,,,8815.0,0.0,0.00604,100.0,3.7724485126577876
,,,,,,,,,,
,,,,,,8815.0,-0.64918,0.0,0.0,3.776927824337859
,,,,,,8816.0,-0.67336,0.0002,2.0742,3.775808476726427
,,,,,,8817.0,-0.67708,0.00039,3.9531,3.7740917701127623
,,,,,,8818.0,-0.67522,0.00059,6.0432,3.7647233551576975
,,,,,,8819.0,-0.67522,0.00079,8.0699,3.782822536167666
,,,,,,8820.0,-0.67336,0.00099,10.0966,3.7702023497913286
,,,,,,8821.0,-0.67708,0.00117,11.9491,3.7809244816213052
,,,,,,8822.0,-0.67522,0.00137,14.0233,3.7817052529350845
,,,,,,8823.0,-0.67336,0.00156,15.9761,3.7571465439168423
,,,,,,8824.0,-0.67522,0.00176,18.0081,3.773187522897732
,,,,,,8825.0,-0.67522,0.00196,20.0348,3.7799200004631808
,,,,,,8826.0,-0.67894,0.00216,22.0721,3.7727663038012587
,,,,,,8827.0,-0.67336,0.00236,24.083,3.759617534131907
,,,,,,8828.0,-0.67336,0.00253,25.8616,3.766844309121727
,,,,,,8829.0,-0.6715,0.00273,27.8883,3.7829471311338048
,,,,,,8830.0,-0.67522,0.00294,30.047,3.777563534197447
,,,,,,8831.0,-0.67336,0.00312,31.8995,3.770965690479538
,,,,,,8832.0,-0.66964,0.00332,33.9262,3.7773960404384432
,,,,,,8833.0,-0.67708,0.0035,35.7629,3.768005790195904
,,,,,,8834.0,-0.67522,0.00369,37.6788,3.767306638991039
,,,,,,8835.0,-0.67708,0.00389,39.7108,3.7624570990022486
,,,,,,8836.0,-0.67336,0.00409,41.7428,3.7591835973018193
,,,,,,8838.0,-0.67894,0.00429,43.7747,3.769687035158013
,,,,,,8839.0,-0.67708,0.00448,45.8014,3.7507151623662285
,,,,,,8840.0,-0.67522,0.00468,47.8176,3.776443168301326
,,,,,,8841.0,-0.66778,0.00488,49.839,3.7765568052460217
,,,,,,8842.0,-0.67894,0.00507,51.7918,3.7709366889367906
,,,,,,8843.0,-0.67336,0.00525,53.6285,3.764066170798059
,,,,,,8843.0,-1.35417,0.00525,53.6285,3.731559030975472
,,,,,,8844.0,-1.35231,0.00567,57.93,3.738755282609008
,,,,,,8845.0,-1.35231,0.00607,62.0309,3.738066875564774
,,,,,,8846.0,-1.35045,0.00645,65.9049,3.728864212710346
,,,,,,8847.0,-1.35045,0.00681,69.5889,3.728073844200173
,,,,,,8848.0,-1.35231,0.00721,73.6159,3.7330144845780824
,,,,,,8849.0,-1.35231,0.00765,78.139,3.733511256421205
,,,,,,8850.0,-1.35231,0.008,81.7069,3.7312200463288625
,,,,,,8851.0,-1.35231,0.0084,85.7708,3.732348389460595
,,,,,,8852.0,-1.35045,0.00879,89.8348,3.7368882546940827
,,,,,,8853.0,-1.35417,0.00919,93.9041,3.730719552390486
,,,,,,8854.0,-1.35045,0.00959,97.968,3.74974065936885
,,,,,,8855.0,-1.35417,0.00979,100.0,3.72481380500927
,,,,,,8855.0,-1.35417,0.00979,100.0,3.7328757254878804
,,,,,,,,,,
,,,,,,8855.0,0.6715,0.0,0.0,3.8109033417835283
,,,,,,8856.0,0.66964,0.00018,11.9393,3.8192324661169184
,,,,,,8857.0,0.66964,0.00038,25.5003,3.8144778036588143
,,,,,,8858.0,0.66964,0.00055,36.784,3.8167915623319915
,,,,,,8859.0,0.66778,0.00076,50.6901,3.840054597633621
,,,,,,8860.0,0.66964,0.00096,63.8371,3.83120401746461
,,,,,,8861.0,0.66964,0.00115,77.0186,3.826218269997791
,,,,,,8862.0,0.66778,0.00135,90.1656,3.813065125562585
,,,,,,8863.0,0.66964,0.0015,100.0,3.8334465304002774
,,,,,,8863.0,0.0,0.0015,100.0,3.7935825286880878
,,,,,,8864.0,0.0,0.0015,100.0,3.7914962914551773
,,,,,,8865.0,0.0,0.0015,100.0,3.7939670591975387
,,,,,,8866.0,0.0,0.0015,100.0,3.798267058612851
,,,,,,8867.0,0.0,0.0015,100.0,3.8018022388517454
,,,,,,8868.0,0.0,0.0015,100.0,3.7946210813325494
,,,,,,8869.0,0.0,0.0015,100.0,3.801078757464049
,,,,,,8870.0,0.0,0.0015,100.0,3.8151237170133023
,,,,,,8871.0,0.0,0.0015,100.0,3.822832091139536
,,,,,,8872.0,0.0,0.0015,100.0,3.796994799909837
,,,,,,8873.0,0.0,0.0015,100.0,3.786449357883665
,,,,,,8874.0,0.0,0.0015,100.0,3.8156509170694095
,,,,,,8875.0,0.0,0.0015,100.0,3.803367412068504
,,,,,,8876.0,0.0,0.0015,100.0,3.803753391511293
,,,,,,8877.0,0.0,0.0015,100.0,3.7823581409098668
,,,,,,8879.0,0.0,0.0015,100.0,3.803271788435043
,,,,,,8879.0,0.0,0.0015,100.0,3.813015454437002
,,,,,,8879.0,0.0,0.0015,100.0,3.799905790257846
,,,,,,,,,,
,,,,,,8879.0,-0.66406,0.0,0.0,3.7844756209152726
,,,,,,8880.0,-0.67336,0.00021,0.9835,3.7806330966817416
,,,,,,8881.0,-0.67522,0.00038,1.8382,3.7759761250099997
,,,,,,8882.0,-0.67522,0.00059,2.8193,3.7766455216062904
,,,,,,8883.0,-0.67708,0.0008,3.835,3.7858299926477903
,,,,,,8884.0,-0.6715,0.00099,4.7318,3.781891991773023
,,,,,,8885.0,-0.67522,0.00118,5.6782,3.769232702917897
,,,,,,8886.0,-0.67522,0.00138,6.6295,3.7761527213366946
,,,,,,8887.0,-0.67522,0.00158,7.5808,3.770368929438158
,,,,,,8888.0,-0.67336,0.00176,8.4256,3.754059033165111
,,,,,,8889.0,-0.67336,0.00194,9.3224,3.7836412604591483
,,,,,,8890.0,-0.67522,0.00215,10.3307,3.766858401571841
,,,,,,8891.0,-0.67336,0.00235,11.2771,3.7722805241925976
,,,,,,8892.0,-0.6715,0.00253,12.112,3.7713843378058907
,,,,,,8893.0,-0.6715,0.00273,13.1029,3.762275283774903
,,,,,,8894.0,-0.67522,0.00293,14.0443,3.760146188171613
,,,,,,8895.0,-0.67708,0.00312,14.9436,3.787223260875663
,,,,,,8896.0,-0.67894,0.0033,15.8008,3.7703350881941526
,,,,,,8897.0,-0.67708,0.00349,16.7422,3.760009038453115
,,,,,,8898.0,-0.67336,0.00369,17.7158,3.756486899257609
,,,,,,8899.0,-0.67708,0.00387,18.5532,3.77136459826317
,,,,,,8900.0,-0.67522,0.00407,19.507,3.773430129047551
,,,,,,8902.0,-0.67708,0.00427,20.4583,3.761427362044377
,,,,,,8903.0,-0.6715,0.00447,21.4096,3.7554678969912603
,,,,,,8904.0,-0.67894,0.00468,22.4179,3.765057710152246
,,,,,,8905.0,-0.67708,0.00486,23.29,3.7691032570259697
,,,,,,8906.0,-0.67336,0.00506,24.2512,3.7573507188966717
,,,,,,8907.0,-0.67336,0.00524,25.1059,3.757720753260183
,,,,,,8908.0,-0.67336,0.00543,26.0572,3.770170481400797
,,,,,,8909.0,-0.6715,0.00563,27.0011,3.7794944029490107
,,,,,,8910.0,-0.67336,0.00581,27.8385,3.7624395309224954
,,,,,,8911.0,-0.67336,0.006,28.7898,3.763271212617816
,,,,,,8912.0,-0.66964,0.0062,29.7411,3.7516108487565147
,,,,,,8913.0,-0.66964,0.00639,30.6429,3.758003066343675
,,,,,,8914.0,-0.67522,0.00658,31.5694,3.757154498600131
,,,,,,8915.0,-0.67708,0.00679,32.548,3.7438366593069015
,,,,,,8916.0,-0.67522,0.00699,33.5043,3.7810745114546793
,,,,,,8917.0,-0.67336,0.00719,34.4556,3.7653562470994353
,,,,,,8918.0,-0.67894,0.00739,35.4119,3.761328521915005
,,,,,,8919.0,-0.67522,0.00758,36.3533,3.7653513017067164
,,,,,,8920.0,-0.67522,0.00776,37.2278,3.755800246943038
,,,,,,8921.0,-0.67522,0.00796,38.1791,3.774046015306512
,,,,,,8922.0,-0.67522,0.00816,39.1304,3.7589170135358074
,,,,,,8923.0,-0.67336,0.00836,40.0842,3.770874567766621
,,,,,,8924.0,-0.67522,0.00856,41.0479,3.757049031228035
,,,,,,8925.0,-0.67522,0.00876,41.9993,3.7675357582921603
,,,,,,8926.0,-0.67708,0.00896,42.9531,3.756027666974879
,,,,,,8928.0,-0.67708,0.00917,43.9539,3.758812603537179
,,,,,,8929.0,-0.67522,0.00935,44.8507,3.771996287746057
,,,,,,8930.0,-0.67522,0.00955,45.7971,3.7398165776480035
,,,,,,8931.0,-0.67522,0.00973,46.6518,3.7421811397846425
,,,,,,8932.0,-0.67522,0.00993,47.6056,3.7447294492045353
,,,,,,8933.0,-0.67708,0.01015,48.6758,3.765437358963749
,,,,,,8934.0,-0.67336,0.01034,49.5578,3.765539013215396
,,,,,,8935.0,-0.67708,0.01053,50.5116,3.75720110003681
,,,,,,8936.0,-0.67708,0.01074,51.5001,3.7720990690253187
,,,,,,8937.0,-0.67522,0.01094,52.4539,3.7662538191680417
,,,,,,8938.0,-0.67522,0.01114,53.4077,3.763636827681444
,,,,,,8939.0,-0.6715,0.01134,54.359,3.78922435692453
,,,,,,8940.0,-0.67708,0.01154,55.3128,3.768012894768614
,,,,,,8941.0,-0.67336,0.01173,56.2567,3.7573563351401122
,,,,,,8942.0,-0.67708,0.01191,57.0891,3.7598511172260025
,,,,,,8943.0,-0.67336,0.01211,58.0404,3.7634167890851273
,,,,,,8944.0,-0.67336,0.01231,59.0338,3.7370292993972223
,,,,,,8945.0,-0.67336,0.01251,59.9703,3.760324985795461
,,,,,,8946.0,-0.67708,0.0127,60.9142,3.7513799139572765
,,,,,,8948.0,-0.67522,0.0129,61.8655,3.7541113500743633
,,,,,,8949.0,-0.67522,0.0131,62.8193,3.773187519380256
,,,,,,8950.0,-0.67522,0.0133,63.7731,3.751770299935343
,,,,,,8951.0,-0.67522,0.0135,64.7244,3.761442394801056
,,,,,,8952.0,-0.67708,0.0137,65.6782,3.772220424083046
,,,,,,8953.0,-0.67708,0.01391,66.6766,3.7567258664763408
,,,,,,8954.0,-0.67894,0.01409,67.566,3.760915801938376
,,,,,,8955.0,-0.67522,0.0143,68.547,3.7814853204346406
,,,,,,8956.0,-0.67708,0.01447,69.4017,3.7610961691754334
,,,,,,8957.0,-0.66964,0.01468,70.3877,3.7653554187030918
,,,,,,8958.0,-0.6715,0.01488,71.3341,3.7620189960972343
,,,,,,8959.0,-0.67336,0.01507,72.278,3.768709105444091
,,,,,,8960.0,-0.67522,0.01525,73.1153,3.762750964520529
,,,,,,8961.0,-0.67708,0.01545,74.0691,3.761335363352753
,,,,,,8962.0,-0.67708,0.01564,75.0056,3.7602357560768236
,,,,,,8963.0,-0.67336,0.01583,75.9049,3.7533097957389425
,,,,,,8964.0,-0.67336,0.01603,76.8488,3.7293177198188783
,,,,,,8965.0,-0.6715,0.01622,77.7481,3.7568002932596536
,,,,,,8966.0,-0.67522,0.01631,78.2237,3.784363871026253
,,,,,,8966.0,-1.35045,0.01631,78.2237,3.738564486995405
,,,,,,8967.0,-1.35417,0.01672,80.1685,3.7093645074205255
,,,,,,8968.0,-1.35045,0.01709,81.9497,3.7360323230834185
,,,,,,8969.0,-1.35045,0.0175,83.9292,3.7141813676838007
,,,,,,8970.0,-1.35231,0.01788,85.7104,3.731363826498243
,,,,,,8971.0,-1.35231,0.01827,87.6006,3.737702844939769
,,,,,,8972.0,-1.35045,0.01866,89.4736,3.7182592475155736
,,,,,,8973.0,-1.35045,0.01903,91.2548,3.727780032400499
,,,,,,8974.0,-1.35045,0.01943,93.1624,3.698469825728332
,,,,,,8975.0,-1.35045,0.01982,95.0526,3.719881083751113
,,,,,,8976.0,-1.35231,0.02021,96.9057,3.717039204578176
,,,,,,8977.0,-1.35231,0.02061,98.8133,3.7136909981670114
,,,,,,8978.0,-1.35045,0.02086,100.0,3.7266224713882785
,,,,,,8978.0,-1.35045,0.02086,100.0,3.719019373808996
,,,,,,,,,,
,,,,,,8978.0,0.6715,0.0,0.0,3.8097042699808696
,,,,,,8979.0,0.66964,0.0002,13.2338,3.8136304192130317
,,,,,,8980.0,0.66964,0.00038,25.2518,3.8151416112358167
,,,,,,8981.0,0.66778,0.00057,38.5203,3.811619223922616
,,,,,,8982.0,0.66964,0.00077,51.6499,3.8216248098707974
,,,,,,8983.0,0.66964,0.00097,64.8836,3.7968967408907472
,,,,,,8984.0,0.66964,0.00117,78.6384,3.812792662247273
,,,,,,8985.0,0.66778,0.00137,91.768,3.817164035230747
,,,,,,8986.0,0.66964,0.00149,100.0,3.813999305256952
,,,,,,8986.0,0.0,0.00149,100.0,3.7900791731944037
,,,,,,8987.0,0.0,0.00149,100.0,3.790283765101927
,,,,,,8988.0,0.0,0.00149,100.0,3.789164379112727
,,,,,,8989.0,0.0,0.00149,100.0,3.7983638355989444
,,,,,,8990.0,0.0,0.00149,100.0,3.796928516824877
,,,,,,8991.0,0.0,0.00149,100.0,3.7826877296553025
,,,,,,8992.0,0.0,0.00149,100.0,3.7979137058127295
,,,,,,8993.0,0.0,0.00149,100.0,3.8046529365212085
,,,,,,8994.0,0.0,0.00149,100.0,3.781340678390789
,,,,,,8995.0,0.0,0.00149,100.0,3.8047158558212963
,,,,,,8996.0,0.0,0.00149,100.0,3.789910523940051
,,,,,,8997.0,0.0,0.00149,100.0,3.792613454743212
,,,,,,8998.0,0.0,0.00149,100.0,3.8082563429670597
,,,,,,9000.0,0.0,0.00149,100.0,3.7953648543376324
,,,,,,9001.0,0.0,0.00149,100.0,3.783921170930646
,,,,,,9002.0,0.0,0.00149,100.0,3.7897130427998804
,,,,,,9002.0,0.0,0.00149,100.0,3.78073732791061
,,,,,,9002.0,0.0,0.00149,100.0,3.796215238537468
,,,,,,,,,,
,,,,,,9002.0,-0.64918,0.0,0.0,3.7824656587654197
,,,,,,9003.0,-0.67522,0.00019,0.4549,3.768326221740634
,,,,,,9004.0,-0.67522,0.0004,0.9813,3.783718411916548
,,,,,,9005.0,-0.67522,0.0006,1.45,3.7474267901955933
,,,,,,9006.0,-0.67894,0.00079,1.9274,3.7593474633889525
,,,,,,9007.0,-0.67336,0.00099,2.4099,3.75609193168677
,,,,,,9008.0,-0.67336,0.00118,2.8586,3.7419641257595817
,,,,,,9009.0,-0.6715,0.00137,3.331,3.7684427309345736
,,,,,,9010.0,-0.67336,0.00157,3.8135,3.7583327791924
,,,,,,9011.0,-0.67522,0.00177,4.2948,3.770957030841281
,,,,,,9012.0,-0.67708,0.00196,4.7422,3.770923343671773
,,,,,,9013.0,-0.67522,0.00216,5.2284,3.7499156274163745
,,,,,,9014.0,-0.67708,0.00235,5.7096,3.740977318875858
,,,,,,9016.0,-0.67708,0.00264,6.4014,3.7543692136771822
,,,,,,9017.0,-0.67708,0.00284,6.8789,3.73970029425306
,,,,,,9018.0,-0.67522,0.00301,7.3,3.7531258468477207
,,,,,,9019.0,-0.67522,0.00321,7.7875,3.7727493779634216
,,,,,,9020.0,-0.67708,0.0034,8.2474,3.760099163122015
,,,,,,9021.0,-0.67708,0.00359,8.7073,3.777632292947549
,,,,,,9022.0,-0.6715,0.00379,9.1873,3.7675992136885275
,,,,,,9023.0,-0.67522,0.00399,9.6685,3.756763436739645
,,,,,,9024.0,-0.67522,0.00416,10.0909,3.7603705920169808
,,,,,,9025.0,-0.67708,0.00435,10.5533,3.759320069984096
,,,,,,9026.0,-0.67708,0.00455,11.0295,3.764998715496153
,,,,,,9027.0,-0.67522,0.00474,11.4857,3.7492586795542135
,,,,,,9028.0,-0.67708,0.00494,11.9807,3.7497949014514673
,,,,,,9029.0,-0.67522,0.00513,12.4544,3.754911117211835
,,,,,,9030.0,-0.67522,0.00533,12.9356,3.7684713881926237
,,,,,,9031.0,-0.67336,0.00552,13.378,3.737715535932858
,,,,,,9032.0,-0.6808,0.00571,13.8517,3.7529347865150258
,,,,,,9033.0,-0.67522,0.0059,14.3167,3.7396242028076414
,,,,,,9034.0,-0.67522,0.0061,14.7942,3.753966437012373
,,,,,,9035.0,-0.67522,0.00629,15.2679,3.7537020592511463
,,,,,,9036.0,-0.67522,0.00651,15.7942,3.752429116348394
,,,,,,9037.0,-0.67708,0.00657,15.9358,3.7386725508946586
,,,,,,9037.0,-5.41109,0.00657,15.9358,3.566352249360226
,,,,,,9038.0,-5.41109,0.00825,20.0163,3.5569301103518796
,,,,,,9039.0,-5.40923,0.00972,23.5867,3.5489342794057492
,,,,,,9040.0,-5.40923,0.0113,27.4127,3.5400962837158296
,,,,,,9041.0,-5.40923,0.01295,31.4205,3.520530058027033
,,,,,,9042.0,-5.40923,0.01455,35.2829,3.537436952240093
,,,,,,9043.0,-5.40923,0.01614,39.1466,3.5320959786151134
,,,,,,9044.0,-5.40737,0.01754,42.534,3.5336756073847218
,,,,,,9045.0,-5.40737,0.01871,45.3763,3.5272904524032413
,,,,,,9045.0,-3.37798,0.01871,45.3763,3.607698774235058
,,,,,,9046.0,-3.37984,0.01963,47.6057,3.611125886681264
,,,,,,9047.0,-3.37984,0.02075,50.3164,3.632559951785585
,,,,,,9048.0,-3.37984,0.02167,52.5472,3.6080208514536345
,,,,,,9049.0,-3.37984,0.02272,55.0974,3.5995690675383587
,,,,,,9050.0,-3.37984,0.02371,57.5111,3.6040221380209405
,,,,,,9051.0,-3.37984,0.02471,59.9248,3.6166527207734926
,,,,,,9052.0,-3.37984,0.0257,62.3385,3.5982152443619273
,,,,,,9053.0,-3.37798,0.02672,64.7973,3.595546908746433
,,,,,,9054.0,-3.3817,0.0277,67.1884,3.5761275414708513
,,,,,,9056.0,-3.37612,0.0287,69.6021,3.59766254299237
,,,,,,9057.0,-3.37984,0.02958,71.7413,3.602779558164702
,,,,,,9058.0,-3.37984,0.03055,74.0873,3.6148845234056455
,,,,,,9059.0,-3.37612,0.03154,76.501,3.611951449890778
,,,,,,9060.0,-3.37984,0.03254,78.9147,3.611727975394642
,,,,,,9061.0,-3.37984,0.03353,81.3284,3.6006317898324034
,,,,,,9062.0,-3.3817,0.03452,83.7195,3.599144991080125
,,,,,,9063.0,-3.37798,0.03539,85.8375,3.5897534769080868
,,,,,,9064.0,-3.37984,0.03639,88.2499,3.5811522269236145
,,,,,,9065.0,-3.37612,0.03738,90.6636,3.5793091470676264
,,,,,,9066.0,-3.37798,0.03838,93.0773,3.597388354584057
,,,,,,9067.0,-3.3817,0.03937,95.4922,3.5914547426246135
,,,,,,9068.0,-3.37984,0.04036,97.8833,3.5791649335062776
,,,,,,9069.0,-3.37612,0.04123,100.0,3.616040888821831
,,,,,,9069.0,-3.37612,0.04123,100.0,3.5834432803559055
,,,,,,,,,,
,,,,,,9069.0,1.34301,0.0,0.0,3.7949477487869174
,,,,,,9070.0,1.34301,0.00038,12.7245,3.799901145546481
,,,,,,9071.0,1.34673,0.0008,26.5777,3.8027596426975876
,,,,,,9072.0,1.34487,0.00116,38.3102,3.7926072826466384
,,,,,,9073.0,1.34301,0.00155,51.4281,3.801072478209325
,,,,,,9074.0,1.34487,0.00194,64.2723,3.8125775379902076
,,,,,,9075.0,1.34487,0.00236,78.0058,3.823520681450976
,,,,,,9076.0,1.34301,0.00274,90.85,3.8095623502103138
,,,,,,9077.0,1.34673,0.00302,100.0,3.8136173704151832
,,,,,,9077.0,1.34673,0.00302,100.0,3.819835384599831
,,,,,,,,,,
,,,,,,9077.0,-1.34859,0.0,0.0,3.7024540721046844
,,,,,,9078.0,-1.35231,0.00036,2.9775,3.705966407272841
,,,,,,9079.0,-1.35231,0.0008,6.6359,3.6967833951005256
,,,,,,9080.0,-1.35417,0.00117,9.7384,3.7156251546448273
,,,,,,9081.0,-1.35417,0.00157,13.0564,3.7008235441634127
,,,,,,9082.0,-1.35417,0.00196,16.3442,3.713762396878073
,,,,,,9083.0,-1.35231,0.00231,19.2528,3.66833717623259
,,,,,,9084.0,-1.35231,0.00269,22.42,3.6864750982495806
,,,,,,9085.0,-1.35045,0.00311,25.9534,3.691145477673089
,,,,,,9086.0,-1.35231,0.00346,28.8663,3.696094364456485
,,,,,,9087.0,-1.35045,0.00392,32.6582,3.6829402659969945
,,,,,,9088.0,-1.35231,0.00429,35.7909,3.696839106990207
,,,,,,9089.0,-1.35045,0.00468,39.0443,3.7016568338021365
,,,,,,9090.0,-1.35603,0.00504,42.0218,3.684369789821956
,,,,,,9091.0,-1.35045,0.00544,45.3699,3.692215620759368
,,,,,,9093.0,-1.35045,0.00584,48.6879,3.6968819950348633
,,,,,,9094.0,-1.35231,0.00624,52.0059,3.710928036931908
,,,,,,9095.0,-1.35231,0.00662,55.2333,3.691530204961702
,,,,,,9096.0,-1.35045,0.00703,58.6461,3.695538831176456
,,,,,,9097.0,-1.35045,0.0074,61.684,3.709453336291325
,,,,,,9098.0,-1.35231,0.00777,64.8123,3.6963153387362646
,,,,,,9099.0,-1.34859,0.00817,68.1303,3.6965851802587864
,,,,,,9100.0,-1.35231,0.00857,71.4483,3.693458054986787
,,,,,,9101.0,-1.35231,0.00897,74.7662,3.689511331952254
,,,,,,9102.0,-1.35231,0.00936,78.0885,3.7058629510221524
,,,,,,9103.0,-1.35045,0.00975,81.3117,3.6899934268487944
,,,,,,9104.0,-1.35045,0.01015,84.6296,3.6928058668144415
,,,,,,9105.0,-1.35045,0.01055,87.9476,3.6855141582197333
,,,,,,9106.0,-1.35045,0.01094,91.2656,3.694475595325068
,,,,,,9107.0,-1.35231,0.01136,94.7085,3.6984855985491913
,,,,,,9108.0,-1.35045,0.01174,97.936,3.6891235345611704
,,,,,,9109.0,-1.35231,0.01199,100.0,3.7026803084739535
,,,,,,9109.0,-1.35231,0.01199,100.0,3.7045024785156424
,,,,,,,,,,
,,,,,,9109.0,2.69717,0.0,0.0,3.8611160472421147
,,,,,,9110.0,2.69903,0.00085,14.2672,3.8723251488492667
,,,,,,9111.0,2.69717,0.00157,26.1537,3.862040628119718
,,,,,,9112.0,2.70275,0.00238,39.7999,3.8777998286348434
,,,,,,9113.0,2.69717,0.00308,51.4362,3.873672740675017
,,,,,,9114.0,2.69903,0.00388,64.7028,3.883876742508676
,,,,,,9115.0,2.69717,0.00467,77.9695,3.869309298014197
,,,,,,9116.0,2.70089,0.0055,91.745,3.8556694122616317
,,,,,,9117.0,2.69717,0.00599,100.0,3.878776810038712
,,,,,,9117.0,0.0,0.00599,100.0,3.784571438318541
,,,,,,9118.0,0.0,0.00599,100.0,3.7611221441288527
,,,,,,9119.0,0.0,0.00599,100.0,3.7905570839269704
,,,,,,9120.0,0.0,0.00599,100.0,3.783807461872779
,,,,,,9121.0,0.0,0.00599,100.0,3.7751569935352913
,,,,,,9122.0,0.0,0.00599,100.0,3.7727015806689983
,,,,,,9123.0,0.0,0.00599,100.0,3.770033156600874
,,,,,,9124.0,0.0,0.00599,100.0,3.782622813764649
,,,,,,9125.0,0.0,0.00599,100.0,3.7726084722008433
,,,,,,9126.0,0.0,0.00599,100.0,3.7881754614353964
,,,,,,9127.0,0.0,0.00599,100.0,3.774719476890298
,,,,,,9129.0,0.0,0.00599,100.0,3.7837077127820486
,,,,,,9130.0,0.0,0.00599,100.0,3.7805157501675164
,,,,,,9131.0,0.0,0.00599,100.0,3.7649846866732264
,,,,,,9132.0,0.0,0.00599,100.0,3.775665839948393
,,,,,,9133.0,0.0,0.00599,100.0,3.768624902901886
,,,,,,9134.0,0.0,0.00599,100.0,3.772536916622156
,,,,,,9135.0,0.0,0.00599,100.0,3.7698523236170494
,,,,,,9136.0,0.0,0.00599,100.0,3.76431665658595
,,,,,,9137.0,0.0,0.00599,100.0,3.779586101222651
,,,,,,9138.0,0.0,0.00599,100.0,3.7797197887122636
,,,,,,9139.0,0.0,0.00599,100.0,3.7718738240752208
,,,,,,9140.0,0.0,0.00599,100.0,3.7793908766161697
,,,,,,9141.0,0.0,0.00599,100.0,3.7654960844355827
,,,,,,9142.0,0.0,0.00599,100.0,3.7756432412779444
,,,,,,9143.0,0.0,0.00599,100.0,3.765983170201962
,,,,,,9144.0,0.0,0.00599,100.0,3.774899381291866
,,,,,,9145.0,0.0,0.00599,100.0,3.7919633597515023
,,,,,,9146.0,0.0,0.00599,100.0,3.7719451080149646
,,,,,,9147.0,0.0,0.00599,100.0,3.7845434111107834
,,,,,,9148.0,0.0,0.00599,100.0,3.7835928357092223
,,,,,,9149.0,0.0,0.00599,100.0,3.7664946302971063
,,,,,,9150.0,0.0,0.00599,100.0,3.764732360302513
,,,,,,9151.0,0.0,0.00599,100.0,3.7885233253936903
,,,,,,9152.0,0.0,0.00599,100.0,3.780858993526426
,,,,,,9154.0,0.0,0.00599,100.0,3.783088927123096
,,,,,,9155.0,0.0,0.00599,100.0,3.7710182145992075
,,,,,,9156.0,0.0,0.00599,100.0,3.7653742196349382
,,,,,,9157.0,0.0,0.00599,100.0,3.761269859349429
,,,,,,9158.0,0.0,0.00599,100.0,3.7664239985821144
,,,,,,9159.0,0.0,0.00599,100.0,3.7793707945336914
,,,,,,9160.0,0.0,0.00599,100.0,3.770613250676716
,,,,,,9161.0,0.0,0.00599,100.0,3.7752420467450185
,,,,,,9162.0,0.0,0.00599,100.0,3.7683088336006403
,,,,,,9163.0,0.0,0.00599,100.0,3.766486351640064
,,,,,,9164.0,0.0,0.00599,100.0,3.770293266251044
,,,,,,9165.0,0.0,0.00599,100.0,3.778919962063682
,,,,,,9166.0,0.0,0.00599,100.0,3.7705926392027185
,,,,,,9167.0,0.0,0.00599,100.0,3.7835199267173167
,,,,,,9168.0,0.0,0.00599,100.0,3.7886474415591946
,,,,,,9169.0,0.0,0.00599,100.0,3.7738602976856805
,,,,,,9170.0,0.0,0.00599,100.0,3.7737754467476585
,,,,,,9171.0,0.0,0.00599,100.0,3.7788501446642697
,,,,,,9172.0,0.0,0.00599,100.0,3.781536503817286
,,,,,,9172.0,0.0,0.00599,100.0,3.769839217811245
,,,,,,,,,,
,,,,,,9172.0,-0.66406,0.0,0.0,3.7529540491287254
,,,,,,9173.0,-0.67708,0.00019,1.979,3.735764186501568
,,,,,,9174.0,-0.67336,0.0004,4.1063,3.7513680674179737
,,,,,,9175.0,-0.67336,0.0006,6.1223,3.7707856905262123
,,,,,,9176.0,-0.67336,0.00077,7.9056,3.737291960108837
,,,,,,9177.0,-0.67336,0.00097,9.9376,3.727652935429041
,,,,,,9178.0,-0.67894,0.00117,11.9748,3.756568603774033
,,,,,,9179.0,-0.67522,0.00136,13.9115,3.743802326668255
,,,,,,9180.0,-0.67336,0.00157,16.044,3.741122744702936
,,,,,,9181.0,-0.6715,0.00174,17.8484,3.750895588449245
,,,,,,9182.0,-0.6715,0.00194,19.8857,3.745992756673745
,,,,,,9183.0,-0.67708,0.00214,21.9124,3.7437989941832446
,,,,,,9184.0,-0.6715,0.00234,23.9496,3.7616049155306013
,,,,,,9186.0,-0.67336,0.00254,25.9657,3.7640983953724167
,,,,,,9187.0,-0.67522,0.00273,28.003,3.75748096753667
,,,,,,9188.0,-0.67894,0.00293,30.0349,3.7458169324236104
,,,,,,9189.0,-0.67522,0.00313,32.0933,3.743348634270889
,,,,,,9190.0,-0.6715,0.00331,33.8978,3.7376271157896004
,,,,,,9191.0,-0.67336,0.0035,35.8504,3.7508779267016776
,,,,,,9192.0,-0.67522,0.00369,37.7659,3.7421451461769135
,,,,,,9193.0,-0.67336,0.00389,39.8349,3.743650480590911
,,,,,,9194.0,-0.67336,0.00409,41.8722,3.7467684904949525
,,,,,,9195.0,-0.67708,0.00429,43.9094,3.731524182049942
,,,,,,9196.0,-0.67522,0.00449,45.9467,3.7399816791664198
,,,,,,9197.0,-0.66964,0.00468,47.9786,3.7534468061091197
,,,,,,9198.0,-0.67894,0.00486,49.7619,3.744528970465616
,,,,,,9199.0,-0.67336,0.00506,51.8573,3.7528471108278936
,,,,,,9200.0,-0.6808,0.00523,53.6036,3.734744309871156
,,,,,,9200.0,-0.67894,0.00526,53.8946,3.7491015445207823
,,,,,,9200.0,-1.35231,0.00526,53.8946,3.716093649395596
,,,,,,9201.0,-1.35231,0.00568,58.1596,3.7139406222693037
,,,,,,9202.0,-1.35045,0.00608,62.2341,3.7092345872582806
,,,,,,9203.0,-1.35231,0.00644,65.9699,3.713715357466426
,,,,,,9204.0,-1.35045,0.00684,70.0074,3.707208221925636
,,,,,,9205.0,-1.35231,0.00724,74.156,3.6952040588141655
,,,,,,9206.0,-1.35231,0.00762,78.003,3.708271941244937
,,,,,,9207.0,-1.35417,0.00802,82.1568,3.715689613646259
,,,,,,9208.0,-1.35045,0.00842,86.2313,3.7114800981723506
,,,,,,9209.0,-1.35417,0.00882,90.3111,3.712856762109118
,,,,,,9211.0,-1.35231,0.00922,94.3857,3.7166032498593897
,,,,,,9212.0,-1.35231,0.00957,97.9627,3.712257058502393
,,,,,,9212.0,-1.35045,0.00976,100.0,3.6819292415521336
,,,,,,9212.0,-1.35045,0.00976,100.0,3.7076861542687594
,,,,,,,,,,
,,,,,,9212.0,0.6715,0.0,0.0,3.7855140100186007
,,,,,,9213.0,0.66964,0.00019,12.817,3.7750557407192233
,,,,,,9214.0,0.66778,0.00042,27.7245,3.778531917222304
,,,,,,9215.0,0.66964,0.00061,40.6785,3.779556558845954
,,,,,,9216.0,0.66964,0.0008,53.2899,3.79929237937333
,,,,,,9217.0,0.66964,0.00099,65.7299,3.818205534301541
,,,,,,9218.0,0.66778,0.00119,78.7868,3.8125423848316418
,,,,,,9219.0,0.66964,0.00138,91.7409,3.792888518654338
,,,,,,9220.0,0.66964,0.00151,100.0,3.7928928566067133
,,,,,,9220.0,0.0,0.00151,100.0,3.764413903513574
,,,,,,9221.0,0.0,0.00151,100.0,3.769224100981371
,,,,,,9222.0,0.0,0.00151,100.0,3.7603442397495255
,,,,,,9223.0,0.0,0.00151,100.0,3.7736297604434403
,,,,,,9224.0,0.0,0.00151,100.0,3.778290450948054
,,,,,,9225.0,0.0,0.00151,100.0,3.7574040404851003
,,,,,,9226.0,0.0,0.00151,100.0,3.7778363045817627
,,,,,,9227.0,0.0,0.00151,100.0,3.76822849392084
,,,,,,9228.0,0.0,0.00151,100.0,3.7573156558868694
,,,,,,9229.0,0.0,0.00151,100.0,3.7755684895470365
,,,,,,9230.0,0.0,0.00151,100.0,3.7742397670321446
,,,,,,9231.0,0.0,0.00151,100.0,3.7947697565385816
,,,,,,9233.0,0.0,0.00151,100.0,3.7749693623814773
,,,,,,9234.0,0.0,0.00151,100.0,3.761834883683781
,,,,,,9235.0,0.0,0.00151,100.0,3.7913342151030935
,,,,,,9236.0,0.0,0.00151,100.0,3.7817011152700544
,,,,,,9236.0,0.0,0.00151,100.0,3.7672916495812507
,,,,,,9236.0,0.0,0.00151,100.0,3.769700977521441
,,,,,,,,,,
,,,,,,9236.0,-0.66592,0.0,0.0,3.7263840942025377
,,,,,,9237.0,-0.67708,0.0002,0.9711,3.7390226963032314
,,,,,,9238.0,-0.67522,0.00041,1.9546,3.736204274666088
,,,,,,9239.0,-0.67522,0.00061,2.9082,3.7588154633169695
,,,,,,9240.0,-0.67894,0.00078,3.7626,3.7349968605735486
,,,,,,9242.0,-0.67894,0.00101,4.8628,3.7294072810773873
,,,,,,9243.0,-0.6715,0.00121,5.7991,3.7530372956235882
,,,,,,9244.0,-0.67522,0.00141,6.7552,3.7444305933869746
,,,,,,9245.0,-0.67522,0.0016,7.7015,3.743009769639327
,,,,,,9246.0,-0.67708,0.00179,8.5856,3.7443706661477854
,,,,,,9247.0,-0.67708,0.00198,9.5244,3.736090749237831
,,,,,,9248.0,-0.67708,0.00219,10.5352,3.7262333022148355
,,,,,,9249.0,-0.67708,0.00237,11.3796,3.7517124940072404
,,,,,,9250.0,-0.67336,0.00257,12.3358,3.7395952646792163
,,,,,,9251.0,-0.67522,0.00277,13.2919,3.7365939799651677
,,,,,,9252.0,-0.67522,0.00297,14.2829,3.7407869115907717
,,,,,,9253.0,-0.67522,0.00317,15.2316,3.7225529734643508
,,,,,,9254.0,-0.67336,0.00335,16.0884,3.7251373827207686
,,,,,,9255.0,-0.67336,0.00356,17.0967,3.738345095158191
,,,,,,9256.0,-0.67336,0.00374,17.9784,3.737492086570184
,,,,,,9257.0,-0.6715,0.00395,18.9793,3.7563895477157967
,,,,,,9258.0,-0.67522,0.00412,19.8187,3.7371467236589115
,,,,,,9259.0,-0.6715,0.00432,20.7724,3.72922564484933
,,,,,,9260.0,-0.67708,0.00452,21.7285,3.731319819371687
,,,,,,9261.0,-0.67336,0.00472,22.6847,3.7232214896546196
,,,,,,9262.0,-0.67708,0.00491,23.621,3.747659342960229
,,,,,,9263.0,-0.67708,0.00511,24.5846,3.7470725571185635
,,,,,,9264.0,-0.67336,0.0053,25.4688,3.73305370306375
,,,,,,9265.0,-0.67522,0.00551,26.4672,3.746429108249228
,,,,,,9267.0,-0.67522,0.0057,27.4208,3.7299931145585132
,,,,,,9268.0,-0.6715,0.0059,28.3745,3.7440968435696655
,,,,,,9269.0,-0.67522,0.0061,29.3307,3.7211289620730215
,,,,,,9270.0,-0.67522,0.0063,30.2868,3.74131306677887
,,,,,,9271.0,-0.67336,0.00648,31.1238,3.730730726467715
,,,,,,9272.0,-0.6715,0.00666,32.0253,3.6958228954401453
,,,,,,9273.0,-0.67522,0.00687,33.0337,3.715661658151282
,,,,,,9274.0,-0.67336,0.00705,33.8731,3.7347251099020493
,,,,,,9275.0,-0.67522,0.00725,34.8268,3.7350760074174634
,,,,,,9276.0,-0.67522,0.00744,35.7805,3.725154716992855
,,,,,,9277.0,-0.67336,0.00764,36.7341,3.7352265880832953
,,,,,,9278.0,-0.6715,0.00784,37.6903,3.7329280663559157
,,,,,,9279.0,-0.67522,0.00802,38.5273,3.7254154294810644
,,,,,,9280.0,-0.67708,0.00821,39.4834,3.734277696846688
,,,,,,9281.0,-0.67708,0.00841,40.4371,3.727597211437045
,,,,,,9282.0,-0.67522,0.00861,41.3908,3.72567136470364
,,,,,,9283.0,-0.67336,0.00881,42.347,3.7169372432383945
,,,,,,9284.0,-0.67708,0.00901,43.3006,3.719309790000244
,,,,,,9285.0,-0.67522,0.00922,44.3114,3.717405596915251
,,,,,,9286.0,-0.67708,0.00944,45.3645,3.725537184810251
,,,,,,9287.0,-0.67708,0.00963,46.2958,3.7212922625347997
,,,,,,9288.0,-0.67522,0.00982,47.1948,3.7404086110201717
,,,,,,9289.0,-0.67894,0.00999,48.0343,3.740742286334392
,,,,,,9291.0,-0.67708,0.01019,48.988,3.747870580861998
,,,,,,9292.0,-0.67336,0.01039,49.9342,3.719458161602705
,,,,,,9293.0,-0.6715,0.01059,50.8804,3.7316111107413246
,,,,,,9294.0,-0.67336,0.01079,51.8714,3.734687909996454
,,,,,,9295.0,-0.67522,0.01098,52.7704,3.730815817907721
,,,,,,9296.0,-0.67708,0.01115,53.6098,3.7472140131045393
,,,,,,9297.0,-0.6715,0.01135,54.5362,3.72825682039767
,,,,,,9298.0,-0.67336,0.01154,55.4899,3.7252219653090703
,,,,,,9299.0,-0.67522,0.01172,56.3368,3.7443305102608178
,,,,,,9300.0,-0.66964,0.01192,57.2905,3.7265785317492033
,,,,,,9301.0,-0.67522,0.01212,58.2441,3.741368321895856
,,,,,,9302.0,-0.67708,0.01234,59.317,3.736830996617281
,,,,,,9303.0,-0.6715,0.01252,60.1738,3.7253202041542877
,,,,,,9304.0,-0.67522,0.01271,61.1002,3.718706839963934
,,,,,,9305.0,-0.67708,0.01291,62.0539,3.74647011970564
,,,,,,9306.0,-0.67708,0.01311,63.0026,3.734711535318118
,,,,,,9307.0,-0.67522,0.01331,63.9588,3.733340543062833
,,,,,,9308.0,-0.67336,0.0135,64.9125,3.698912295011976
,,,,,,9309.0,-0.67708,0.0137,65.8686,3.7200539185536736
,,,,,,9310.0,-0.67894,0.0139,66.8223,3.733715155938343
,,,,,,9311.0,-0.67336,0.01409,67.7064,3.7277848544853267
,,,,,,9312.0,-0.67522,0.0143,68.7148,3.730579903223275
,,,,,,9313.0,-0.67336,0.01449,69.6585,3.7109471747277767
,,,,,,9314.0,-0.67522,0.01469,70.5874,3.734719806912149
,,,,,,9315.0,-0.67708,0.01488,71.5212,3.7333754824810033
,,,,,,9316.0,-0.67522,0.01506,72.3681,3.7284150947161367
,,,,,,9317.0,-0.67522,0.01526,73.3242,3.716288283419726
,,,,,,9319.0,-0.67522,0.01545,74.2705,3.7227012775631034
,,,,,,9320.0,-0.67522,0.01563,75.1074,3.735475846165531
,,,,,,9321.0,-0.67522,0.01585,76.1902,3.7292853303363747
,,,,,,9322.0,-0.66964,0.01605,77.1365,3.7214244387422095
,,,,,,9323.0,-0.67708,0.01625,78.0902,3.742850994713029
,,,,,,9323.0,-0.6715,0.01632,78.4503,3.7289000106720955
,,,,,,9323.0,-1.35045,0.01632,78.4503,3.7008362126968355
,,,,,,9324.0,-1.35231,0.01672,80.3452,3.693605827965897
,,,,,,9325.0,-1.35045,0.01707,82.039,3.6932007328979455
,,,,,,9326.0,-1.35045,0.01748,84.0084,3.6892057674768184
,,,,,,9327.0,-1.35231,0.01789,85.9754,3.70777149758204
,,,,,,9328.0,-1.35231,0.01826,87.7437,3.6990159248209573
,,,,,,9329.0,-1.35045,0.01865,89.6585,3.678128851166292
,,,,,,9330.0,-1.35045,0.01906,91.6081,3.7155829522072277
,,,,,,9331.0,-1.35045,0.01941,93.3019,3.714624024217267
,,,,,,9332.0,-1.35231,0.01981,95.2167,3.6918685208902065
,,,,,,9334.0,-1.35231,0.02021,97.1315,3.694739245784937
,,,,,,9335.0,-1.35231,0.02061,99.0438,3.690625555246744
,,,,,,9335.0,-1.35045,0.0208,100.0,3.6896133567179206
,,,,,,9335.0,-1.35045,0.0208,100.0,3.7110859342068547
,,,,,,,,,,
,,,,,,9335.0,0.6715,0.0,0.0,3.7792294865393887
,,,,,,9336.0,0.6715,0.00019,12.5427,3.7845715438619862
,,,,,,9337.0,0.6715,0.00039,25.5981,3.784277386997236
,,,,,,9338.0,0.6715,0.00057,37.8332,3.7721368546321505
,,,,,,9339.0,0.6715,0.00078,51.6405,3.779785216644863
,,,,,,9340.0,0.6715,0.00097,64.1148,3.7965337777113195
,,,,,,9341.0,0.6715,0.00117,77.2044,3.78315017911783
,,,,,,9342.0,0.6715,0.00136,90.0205,3.781421907174841
,,,,,,9343.0,0.6715,0.00151,100.0,3.7819084688256837
,,,,,,9343.0,0.0,0.00151,100.0,3.768960454005748
,,,,,,9344.0,0.0,0.00151,100.0,3.776249655698449
,,,,,,9345.0,0.0,0.00151,100.0,3.7498337943336337
,,,,,,9346.0,0.0,0.00151,100.0,3.752358210315172
,,,,,,9347.0,0.0,0.00151,100.0,3.7536125523064525
,,,,,,9348.0,0.0,0.00151,100.0,3.7526946663058887
,,,,,,9349.0,0.0,0.00151,100.0,3.747705577476633
,,,,,,9350.0,0.0,0.00151,100.0,3.764985940499242
,,,,,,9351.0,0.0,0.00151,100.0,3.763861758235098
,,,,,,9353.0,0.0,0.00151,100.0,3.755743106153722
,,,,,,9354.0,0.0,0.00151,100.0,3.769256046650681
,,,,,,9355.0,0.0,0.00151,100.0,3.7673540913162125
,,,,,,9356.0,0.0,0.00151,100.0,3.7528659014382497
,,,,,,9357.0,0.0,0.00151,100.0,3.773525253281465
,,,,,,9358.0,0.0,0.00151,100.0,3.75825359024935
,,,,,,9359.0,0.0,0.00151,100.0,3.7597056849133956
,,,,,,9359.0,0.0,0.00151,100.0,3.787422358185733
,,,,,,9359.0,0.0,0.00151,100.0,3.765829623981113
,,,,,,,,,,
,,,,,,9359.0,-0.66592,0.0,0.0,3.7347846448715654
,,,,,,9360.0,-0.67522,0.00019,0.4537,3.734774307614391
,,,,,,9361.0,-0.67894,0.00036,0.8859,3.7188627827239435
,,,,,,9362.0,-0.67708,0.00057,1.3886,3.729055481269761
,,,,,,9363.0,-0.67708,0.00076,1.8448,3.7317885614718573
,,,,,,9364.0,-0.6715,0.00095,2.3223,3.7349378298504003
,,,,,,9365.0,-0.67894,0.00113,2.7471,3.735664145892413
,,,,,,9366.0,-0.67522,0.00132,3.2083,3.7344959864599137
,,,,,,9367.0,-0.67894,0.00151,3.6682,3.7336335986832005
,,,,,,9368.0,-0.6715,0.00171,4.152,3.738101279425659
,,,,,,9370.0,-0.66964,0.00191,4.6358,3.7272800626722096
,,,,,,9371.0,-0.6715,0.0021,5.1108,3.737999962500342
,,,,,,9372.0,-0.67336,0.00229,5.5796,3.7227517111067105
,,,,,,9373.0,-0.67522,0.00249,6.0584,3.7318334841426832
,,,,,,9374.0,-0.67522,0.00269,6.5409,3.7090444101532136
,,,,,,9375.0,-0.67522,0.0029,7.0423,3.7440638851539196
,,,,,,9376.0,-0.6808,0.00308,7.4809,3.7322905159770383
,,,,,,9377.0,-0.67336,0.00332,8.0678,3.7287871845648004
,,,,,,9378.0,-0.66964,0.0035,8.5013,3.7169515022620625
,,,,,,9379.0,-0.67522,0.0037,8.9977,3.719493831345303
,,,,,,9380.0,-0.67336,0.0039,9.4765,3.697907092354116
,,,,,,9381.0,-0.67522,0.0041,9.9603,3.740595501550701
,,,,,,9382.0,-0.67522,0.00428,10.4014,3.740406585839113
,,,,,,9383.0,-0.67708,0.00449,10.9166,3.7300941239080223
,,,,,,9384.0,-0.6715,0.00469,11.4004,3.7198135323889363
,,,,,,9385.0,-0.67894,0.00487,11.844,3.7359997843769173
,,,,,,9386.0,-0.67336,0.00506,12.2952,3.725043163321909
,,,,,,9387.0,-0.67336,0.00526,12.784,3.7171813200768486
,,,,,,9388.0,-0.67708,0.00544,13.2251,3.735569754371626
,,,,,,9389.0,-0.67336,0.00563,13.7026,3.711958698576798
,,,,,,9390.0,-0.67336,0.00583,14.1726,3.7327632483476894
,,,,,,9391.0,-0.66964,0.00603,14.6564,3.741899358170607
,,,,,,9393.0,-0.67336,0.00623,15.1402,3.7136851014902934
,,,,,,9394.0,-0.67336,0.00643,15.6278,3.706225919698245
,,,,,,9394.0,-0.67336,0.00658,15.9973,3.717864293432662
,,,,,,9394.0,-5.40737,0.00658,15.9973,3.5381288104247934
,,,,,,9395.0,-5.40737,0.00809,19.6856,3.526934151209068
,,,,,,9396.0,-5.40923,0.00955,23.2294,3.518674421676753
,,,,,,9398.0,-5.40923,0.01129,27.4668,3.5260336331036233
,,,,,,9399.0,-5.40923,0.01277,31.047,3.5012884527756047
,,,,,,9400.0,-5.40737,0.01437,34.9565,3.5243073361727046
,,,,,,9401.0,-5.40923,0.01597,38.8295,3.5007036436273844
,,,,,,9402.0,-5.40737,0.01754,42.6661,3.513605235713682
,,,,,,9402.0,-5.40923,0.01855,45.1141,3.516131366696545
,,,,,,9402.0,-3.38728,0.01855,45.1141,3.5673453392796755
,,,,,,9403.0,-3.38356,0.01952,47.4641,3.5947624132256535
,,,,,,9404.0,-3.37984,0.02051,49.8856,3.5747053355087384
,,,,,,9406.0,-3.37984,0.02155,52.4203,3.581885094332636
,,,,,,9407.0,-3.37798,0.02245,54.6119,3.5656530648147315
,,,,,,9408.0,-3.37984,0.02351,57.1692,3.57097645672002
,,,,,,9409.0,-3.37798,0.0245,59.5883,3.5901388817393043
,,,,,,9410.0,-3.3817,0.0255,62.0086,3.566369176704834
,,,,,,9411.0,-3.38356,0.02647,64.3837,3.581274336788598
,,,,,,9412.0,-3.37984,0.02747,66.8041,3.55997857285629
,,,,,,9413.0,-3.3817,0.02853,69.384,3.5765569626371665
,,,,,,9414.0,-3.37798,0.02952,71.8043,3.5703197355937335
,,,,,,9415.0,-3.37984,0.03042,73.9959,3.576773198210768
,,,,,,9416.0,-3.3817,0.03142,76.415,3.5789209725277007
,,,,,,9417.0,-3.37984,0.03241,78.8353,3.592997006778465
,,,,,,9418.0,-3.37984,0.03341,81.2557,3.573853739079503
,,,,,,9419.0,-3.37612,0.0344,83.676,3.5398778097387864
,,,,,,9420.0,-3.37984,0.0354,86.0963,3.5830953085654973
,,,,,,9421.0,-3.37798,0.03639,88.5154,3.578749437721954
,,,,,,9422.0,-3.37798,0.03739,90.9357,3.5912687573797832
,,,,,,9423.0,-3.37984,0.03839,93.356,3.5683057020292877
,,,,,,9425.0,-3.37798,0.03938,95.7764,3.567116858610865
,,,,,,9426.0,-3.37984,0.04037,98.1741,3.559189660751136
,,,,,,9426.0,-3.37798,0.04112,100.0,3.5662537797451037
,,,,,,9426.0,-3.37798,0.04112,100.0,3.586110329758841
,,,,,,,,,,
,,,,,,9426.0,1.34859,0.0,0.0,3.760666503195694
,,,,,,9427.0,1.34859,0.0004,13.3644,3.763088600051153
,,,,,,9429.0,1.34673,0.0008,26.608,3.779096009927776
,,,,,,9430.0,1.34673,0.00127,42.2314,3.772182684547615
,,,,,,9431.0,1.34859,0.00166,55.3371,3.787588260056642
,,,,,,9432.0,1.34487,0.00201,66.9426,3.781417969079608
,,,,,,9433.0,1.34673,0.0024,80.169,3.7821634101998662
,,,,,,9434.0,1.34673,0.0028,93.3954,3.782927117632742
,,,,,,9434.0,1.34673,0.003,100.0,3.788705924287414
,,,,,,9434.0,1.34673,0.003,100.0,3.7950714919583692
,,,,,,,,,,
,,,,,,9434.0,-1.35417,0.0,0.0,3.674621995899424
,,,,,,9435.0,-1.35231,0.00038,3.1877,3.700637667451323
,,,,,,9436.0,-1.35045,0.00079,6.5557,3.6817343504678672
,,,,,,9438.0,-1.35045,0.00121,10.018,3.6618255450487043
,,,,,,9439.0,-1.35045,0.00157,13.0728,3.6637099525908465
,,,,,,9440.0,-1.35231,0.00197,16.3764,3.6947711695401826
,,,,,,9441.0,-1.35231,0.00237,19.6799,3.6738857608167113
,,,,,,9442.0,-1.35417,0.00277,22.9835,3.6757078714351583
,,,,,,9443.0,-1.34859,0.00317,26.3171,3.657751430873157
,,,,,,9444.0,-1.35231,0.00353,29.3419,3.681133016966375
,,,,,,9445.0,-1.35231,0.00393,32.6412,3.6657921711982318
,,,,,,9446.0,-1.35231,0.00436,36.2236,3.6463305411482776
,,,,,,9447.0,-1.35231,0.00476,39.5015,3.67121954976213
,,,,,,9448.0,-1.35045,0.00513,42.5862,3.674897260169156
,,,,,,9449.0,-1.35231,0.00555,46.0529,3.666289942351804
,,,,,,9450.0,-1.35045,0.00594,49.3564,3.662550167260078
,,,,,,9451.0,-1.35231,0.00629,52.2524,3.663164993975343
,,,,,,9452.0,-1.35045,0.00669,55.5603,3.6788143083250957
,,,,,,9453.0,-1.35045,0.00712,59.0827,3.657508732071384
,,,,,,9454.0,-1.35045,0.00749,62.1975,3.669860953921395
,,,,,,9455.0,-1.35417,0.00786,65.2523,3.663336450228772
,,,,,,9456.0,-1.35231,0.00826,68.5601,3.6691877775147357
,,,,,,9457.0,-1.35045,0.00865,71.8637,3.6524544250301454
,,,,,,9458.0,-1.35045,0.00905,75.163,3.675432686418337
,,,,,,9460.0,-1.35231,0.00945,78.4366,3.6693894863909464
,,,,,,9461.0,-1.35231,0.0098,81.3369,3.672668569859728
,,,,,,9462.0,-1.34859,0.01021,84.7949,3.6801895075615527
,,,,,,9463.0,-1.35045,0.01057,87.7853,3.6512981531167346
,,,,,,9464.0,-1.35045,0.01097,91.0589,3.6811099578204036
,,,,,,9465.0,-1.35231,0.01136,94.3624,3.671392830294534
,,,,,,9466.0,-1.35045,0.01178,97.8205,3.6658639873292085
,,,,,,9466.0,-1.35045,0.01204,100.0,3.6546713689727484
,,,,,,9466.0,-1.35045,0.01204,100.0,3.67887799663419
,,,,,,,,,,
,,,,,,9466.0,2.69903,0.0,0.0,3.8311557246751864
,,,,,,9468.0,2.69903,0.00079,13.3033,3.8425725491646423
,,,,,,9469.0,2.69903,0.00149,24.9719,3.8583883263760486
,,,,,,9470.0,2.69903,0.0023,38.5261,3.8398423919678355
,,,,,,9471.0,2.69531,0.00305,51.0682,3.871238759114189
,,,,,,9472.0,2.69717,0.00384,64.3629,3.851159452690211
,,,,,,9473.0,2.69531,0.00463,77.5452,3.858882631819917
,,,,,,9474.0,2.69903,0.00531,88.9542,3.862033143894672
,,,,,,9475.0,2.69903,0.00597,100.0,3.8522133242632624
,,,,,,9475.0,0.0,0.00597,100.0,3.7498903851269922
,,,,,,9476.0,0.0,0.00597,100.0,3.7439292183444155
,,,,,,9477.0,0.0,0.00597,100.0,3.731723221334762
,,,,,,9478.0,0.0,0.00597,100.0,3.735798803235815
,,,,,,9479.0,0.0,0.00597,100.0,3.732445944594888
,,,,,,9480.0,0.0,0.00597,100.0,3.7404776332340526
,,,,,,9481.0,0.0,0.00597,100.0,3.7373390273105636
,,,,,,9482.0,0.0,0.00597,100.0,3.7495900742793133
,,,,,,9483.0,0.0,0.00597,100.0,3.757379857136647
,,,,,,9484.0,0.0,0.00597,100.0,3.748164059042111
,,,,,,9485.0,0.0,0.00597,100.0,3.7347939161326016
,,,,,,9486.0,0.0,0.00597,100.0,3.751591943463836
,,,,,,9487.0,0.0,0.00597,100.0,3.741738977883889
,,,,,,9488.0,0.0,0.00597,100.0,3.740211857988388
,,,,,,9489.0,0.0,0.00597,100.0,3.7455326949916747
,,,,,,9490.0,0.0,0.00597,100.0,3.741370076230775
,,,,,,9491.0,0.0,0.00597,100.0,3.721624072574872
,,,,,,9492.0,0.0,0.00597,100.0,3.7571093553828385
,,,,,,9493.0,0.0,0.00597,100.0,3.7484692631751853
,,,,,,9494.0,0.0,0.00597,100.0,3.753238386531911
,,,,,,9495.0,0.0,0.00597,100.0,3.7415319227530626
,,,,,,9496.0,0.0,0.00597,100.0,3.737640881723213
,,,,,,9497.0,0.0,0.00597,100.0,3.7342069607906274
,,,,,,9499.0,0.0,0.00597,100.0,3.7674795878953766
,,,,,,9500.0,0.0,0.00597,100.0,3.7442062005395496
,,,,,,9501.0,0.0,0.00597,100.0,3.7489058621526197
,,,,,,9502.0,0.0,0.00597,100.0,3.743429432863583
,,,,,,9503.0,0.0,0.00597,100.0,3.738860260073136
,,,,,,9504.0,0.0,0.00597,100.0,3.752546276702189
,,,,,,9505.0,0.0,0.00597,100.0,3.7507705966232683
,,,,,,9506.0,0.0,0.00597,100.0,3.760661992328512
,,,,,,9507.0,0.0,0.00597,100.0,3.7570537948425673
,,,,,,9508.0,0.0,0.00597,100.0,3.7408788504990813
,,,,,,9509.0,0.0,0.00597,100.0,3.7643684882870923
,,,,,,9510.0,0.0,0.00597,100.0,3.7474188683093272
,,,,,,9511.0,0.0,0.00597,100.0,3.7393873375676523
,,,,,,9512.0,0.0,0.00597,100.0,3.74534471430961
,,,,,,9513.0,0.0,0.00597,100.0,3.754894748996033
,,,,,,9514.0,0.0,0.00597,100.0,3.7461603147580615
,,,,,,9514.0,0.0,0.00597,100.0,3.7495009713077545
,,,,,,9515.0,0.0,0.00597,100.0,3.7496146045469168
,,,,,,9516.0,0.0,0.00597,100.0,3.750234459108091
,,,,,,9517.0,0.0,0.00597,100.0,3.7401185454589543
,,,,,,9518.0,0.0,0.00597,100.0,3.737821528446289
,,,,,,9519.0,0.0,0.00597,100.0,3.737558209522643
,,,,,,9520.0,0.0,0.00597,100.0,3.7388665786417765
,,,,,,9521.0,0.0,0.00597,100.0,3.7355858496900844
,,,,,,9522.0,0.0,0.00597,100.0,3.7656704008621915
,,,,,,9523.0,0.0,0.00597,100.0,3.751637426988346
,,,,,,9524.0,0.0,0.00597,100.0,3.7541832911656896
,,,,,,9525.0,0.0,0.00597,100.0,3.7600408087261807
,,,,,,9526.0,0.0,0.00597,100.0,3.7407852451366255
,,,,,,9527.0,0.0,0.00597,100.0,3.7524858095295275
,,,,,,9528.0,0.0,0.00597,100.0,3.7574610563920126
,,,,,,9529.0,0.0,0.00597,100.0,3.7485331884805917
,,,,,,9530.0,0.0,0.00597,100.0,3.739891884162486
,,,,,,9531.0,0.0,0.00597,100.0,3.7610559088783444
,,,,,,9531.0,0.0,0.00597,100.0,3.729518110280029
,,,,,,,,,,
,,,,,,9531.0,-0.66964,0.0,0.0,3.72702868081293
,,,,,,9532.0,-0.66778,0.0002,2.0233,3.7327680606653364
,,,,,,9533.0,-0.67522,0.0004,4.1367,3.716601568526839
,,,,,,9534.0,-0.67522,0.00058,5.9799,3.7280751506720384
,,,,,,9535.0,-0.67336,0.00078,8.0138,3.7276382294138446
,,,,,,9536.0,-0.67336,0.00098,10.053,3.7159910013401167
,,,,,,9537.0,-0.67894,0.00118,12.0551,3.7157434955635784
,,,,,,9538.0,-0.67336,0.00137,14.036,3.725475563005122
,,,,,,9539.0,-0.67336,0.00157,16.0911,3.7209333955910155
,,,,,,9540.0,-0.67336,0.00174,17.8761,3.7223508362817546
,,,,,,9541.0,-0.67708,0.00194,19.91,3.7300655043116175
,,,,,,9542.0,-0.6715,0.00214,21.9227,3.731964573435512
,,,,,,9543.0,-0.67894,0.00234,23.9619,3.7179864700457723
,,,,,,9544.0,-0.67894,0.00254,25.9958,3.699437914345284
,,,,,,9545.0,-0.67894,0.00273,28.0297,3.7006865435475556
,,,,,,9546.0,-0.67708,0.00293,29.9841,3.71453691507787
,,,,,,9547.0,-0.67708,0.00312,31.965,3.71206946009856
,,,,,,9548.0,-0.6715,0.00332,33.9989,3.720180328887818
,,,,,,9549.0,-0.67894,0.00351,36.0117,3.6996192389821934
,,,,,,9550.0,-0.67522,0.00369,37.839,3.704322143720569
,,,,,,9551.0,-0.67522,0.00389,39.8729,3.7131220883953526
,,,,,,9552.0,-0.66778,0.00409,41.9121,3.7070203054508144
,,,,,,9553.0,-0.67336,0.00429,43.9407,3.7008787699009864
,,,,,,9555.0,-0.67708,0.00449,45.9799,3.72801893485646
,,,,,,9556.0,-0.67894,0.00468,48.0138,3.7369503253136322
,,,,,,9557.0,-0.67708,0.0049,50.1854,3.720389369713307
,,,,,,9558.0,-0.67336,0.00508,52.1239,3.7213221735331934
,,,,,,9559.0,-0.67708,0.00525,53.7765,3.7147492843766194
,,,,,,9559.0,-1.35417,0.00525,53.7765,3.6875617427822736
,,,,,,9560.0,-1.35231,0.00567,58.0826,3.6829664430282874
,,,,,,9561.0,-1.35045,0.00602,61.6631,3.6914419624782253
,,,,,,9562.0,-1.35417,0.0065,66.589,3.683344182490849
,,,,,,9563.0,-1.35231,0.00685,70.1695,3.673643766174494
,,,,,,9564.0,-1.35231,0.00724,74.2479,3.6987992971589287
,,,,,,9565.0,-1.35045,0.00766,78.4799,3.6891028950183498
,,,,,,9566.0,-1.35417,0.00802,82.1769,3.679125079182142
,,,,,,9567.0,-1.35231,0.00841,86.2182,3.6720761321100652
,,,,,,9568.0,-1.35231,0.00881,90.2966,3.6833420756546436
,,,,,,9569.0,-1.35045,0.00921,94.3803,3.668316280599595
,,,,,,9570.0,-1.35045,0.0096,98.4587,3.6868087275242067
,,,,,,9571.0,-1.35045,0.00976,100.0,3.6753955897139994
,,,,,,9571.0,-1.35045,0.00976,100.0,3.687882210035248
,,,,,,,,,,
,,,,,,9571.0,0.66964,0.0,0.0,3.7471649972490635
,,,,,,9572.0,0.66964,0.0002,13.6176,3.7657774988491473
,,,,,,9573.0,0.66964,0.00039,26.1004,3.7660888407002817
,,,,,,9574.0,0.6715,0.00058,38.4801,3.778393429886597
,,,,,,9575.0,0.66964,0.00076,50.8597,3.7753201743311298
,,,,,,9576.0,0.66964,0.00096,63.9959,3.7676753663756397
,,,,,,9577.0,0.66964,0.00116,77.132,3.7695812880536064
,,,,,,9578.0,0.66964,0.00135,90.0963,3.77984547500931
,,,,,,9579.0,0.66778,0.0015,100.0,3.7541267351099137
,,,,,,9579.0,0.0,0.0015,100.0,3.758620163122186
,,,,,,9580.0,0.0,0.0015,100.0,3.746812932840563
,,,,,,9581.0,0.0,0.0015,100.0,3.7510883772783785
,,,,,,9582.0,0.0,0.0015,100.0,3.7292306478130293
,,,,,,9583.0,0.0,0.0015,100.0,3.7301821191910665
,,,,,,9584.0,0.0,0.0015,100.0,3.7289998366844586
,,,,,,9585.0,0.0,0.0015,100.0,3.7522924394166517
,,,,,,9586.0,0.0,0.0015,100.0,3.731960254341568
,,,,,,9587.0,0.0,0.0015,100.0,3.755789540919694
,,,,,,9588.0,0.0,0.0015,100.0,3.7482486163417783
,,,,,,9589.0,0.0,0.0015,100.0,3.722916193279324
,,,,,,9590.0,0.0,0.0015,100.0,3.7347759684985964
,,,,,,9591.0,0.0,0.0015,100.0,3.7462528964555135
,,,,,,9592.0,0.0,0.0015,100.0,3.7718505233929176
,,,,,,9593.0,0.0,0.0015,100.0,3.740421220434241
,,,,,,9594.0,0.0,0.0015,100.0,3.7578637201687712
,,,,,,9595.0,0.0,0.0015,100.0,3.744884337900142
,,,,,,9595.0,0.0,0.0015,100.0,3.7446156223481166
,,,,,,,,,,
,,,,,,9595.0,-0.67894,0.0,0.0,3.706918245129737
,,,,,,9596.0,-0.67522,0.00019,0.9002,3.719850394894421
,,,,,,9597.0,-0.67708,0.0004,1.9095,3.724391949469839
,,,,,,9598.0,-0.6715,0.0006,2.8618,3.7021606145407095
,,,,,,9599.0,-0.67336,0.0008,3.8587,3.698454683747583
,,,,,,9600.0,-0.67708,0.00099,4.7391,3.7287678343502138
,,,,,,9601.0,-0.67336,0.00119,5.6939,3.708805073542406
,,,,,,9602.0,-0.67336,0.00139,6.6486,3.7050055901476218
,,,,,,9603.0,-0.67522,0.00158,7.6034,3.722234016679957
,,,,,,9604.0,-0.67336,0.00177,8.4813,3.719958594435038
,,,,,,9605.0,-0.6808,0.00198,9.5204,3.7120365938320363
,,,,,,9606.0,-0.67336,0.00218,10.4479,3.7213037618655576
,,,,,,9607.0,-0.67708,0.00238,11.4026,3.7200451169301
,,,,,,9608.0,-0.67894,0.00257,12.3549,3.71172913140767
,,,,,,9609.0,-0.67336,0.00278,13.3518,3.7043183371440276
,,,,,,9610.0,-0.67336,0.00296,14.1975,3.694736510787813
,,,,,,9611.0,-0.67336,0.00316,15.1671,3.7320482408282456
,,,,,,9612.0,-0.67336,0.00335,16.0872,3.706522960551099
,,,,,,9613.0,-0.67336,0.00354,16.9874,3.7131557184616506
,,,,,,9614.0,-0.67894,0.00372,17.8579,3.7086868481093624
,,,,,,9615.0,-0.6715,0.00392,18.8101,3.7125075387427398
,,,,,,9617.0,-0.67522,0.00412,19.7649,3.68634920930416
,,,,,,9618.0,-0.67522,0.00432,20.7122,3.7046831226877694
,,,,,,9619.0,-0.67522,0.00449,21.548,3.712061018855215
,,,,,,9620.0,-0.6808,0.00469,22.53,3.7169007530185643
,,,,,,9621.0,-0.67708,0.00489,23.4476,3.6962863350783777
,,,,,,9622.0,-0.67336,0.0051,24.4941,3.7199355926012685
,,,,,,9623.0,-0.67894,0.00528,25.3497,3.713280491550256
,,,,,,9624.0,-0.6808,0.00548,26.3044,3.7205101202934667
,,,,,,9625.0,-0.67522,0.00568,27.2592,3.7110720943366418
,,,,,,9626.0,-0.67522,0.00588,28.214,3.7118359625615747
,,,,,,9627.0,-0.67894,0.00608,29.1663,3.7061040336209663
,,,,,,9628.0,-0.67522,0.00628,30.121,3.714510560976848
,,,,,,9629.0,-0.6715,0.00647,31.0733,3.7145025674699617
,,,,,,9630.0,-0.6715,0.00666,31.9834,3.7042606207212088
,,,,,,9631.0,-0.67708,0.00686,32.9357,3.683371803346247
,,,,,,9632.0,-0.67522,0.00706,33.8905,3.6936779241127535
,,,,,,9633.0,-0.67708,0.00726,34.8428,3.71117131325949
,,,,,,9634.0,-0.6715,0.00746,35.7876,3.7243861058446583
,,,,,,9635.0,-0.67522,0.00765,36.7151,3.72580462106584
,,,,,,9636.0,-0.67708,0.00783,37.5608,3.7086756431256176
,,,,,,9637.0,-0.67336,0.00802,38.513,3.7079618890918025
,,,,,,9639.0,-0.67708,0.00822,39.4678,3.6830907955721695
,,,,,,9640.0,-0.67336,0.00842,40.4226,3.726965486061428
,,,,,,9641.0,-0.67336,0.00862,41.3749,3.695732671692909
,,,,,,9642.0,-0.67708,0.00882,42.3296,3.7106241093107495
,,,,,,9643.0,-0.67894,0.00902,43.2869,3.7163666009626075
,,,,,,9644.0,-0.67522,0.00919,44.1226,3.6906450288914456
,,,,,,9645.0,-0.6715,0.00939,45.0823,3.7126847878697813
,,,,,,9646.0,-0.67522,0.00959,46.0272,3.7204336925635615
,,,,,,9647.0,-0.67894,0.00979,47.0092,3.7085614654423873
,,,,,,9648.0,-0.6715,0.00999,47.9541,3.7005033313416513
,,,,,,9649.0,-0.67336,0.01017,48.7923,3.710276652314597
,,,,,,9650.0,-0.67336,0.01036,49.7024,3.7138970351365783
,,,,,,9651.0,-0.6715,0.01055,50.6473,3.7169159805514913
,,,,,,9652.0,-0.67522,0.01076,51.6566,3.6983071751912076
,,,,,,9653.0,-0.67894,0.01094,52.5295,3.7092794747505673
,,,,,,9654.0,-0.67708,0.01114,53.4818,3.6965252985732238
,,,,,,9655.0,-0.67522,0.01134,54.4366,3.699543968824183
,,,,,,9656.0,-0.67708,0.01154,55.3938,3.707820159389294
,,,,,,9657.0,-0.67336,0.01174,56.3486,3.6867953766618116
,,,,,,9658.0,-0.67708,0.01194,57.3033,3.6958824582762353
,,,,,,9659.0,-0.67336,0.01214,58.2556,3.7299694789590023
,,,,,,9660.0,-0.67336,0.01231,59.1013,3.671869503994357
,,,,,,9661.0,-0.67336,0.01252,60.0808,3.7006398173162456
,,,,,,9662.0,-0.67522,0.0127,60.9563,3.697663864211521
,,,,,,9663.0,-0.67708,0.0129,61.8986,3.7069786666407842
,,,,,,9664.0,-0.67336,0.0131,62.8534,3.719871009033776
,,,,,,9666.0,-0.67336,0.01329,63.8082,3.7257072009923475
,,,,,,9667.0,-0.67708,0.01349,64.7629,3.718801534627034
,,,,,,9668.0,-0.67522,0.01369,65.7152,3.7023967760610286
,,,,,,9669.0,-0.6715,0.01389,66.6675,3.716254066647456
,,,,,,9670.0,-0.6715,0.01408,67.5603,3.702665472719592
,,,,,,9671.0,-0.67708,0.01428,68.5324,3.703324665132847
,,,,,,9672.0,-0.67708,0.01447,69.4524,3.702698704945438
,,,,,,9673.0,-0.67522,0.01466,70.3799,3.710045055317292
,,,,,,9674.0,-0.67522,0.01486,71.3173,3.6996540620327405
,,,,,,9675.0,-0.6715,0.01503,72.1531,3.7003185010328883
,,,,,,9676.0,-0.67522,0.01523,73.1053,3.708783754977051
,,,,,,9677.0,-0.67708,0.01543,74.0601,3.691120782429377
,,,,,,9678.0,-0.67336,0.01564,75.057,3.6944772567678728
,,,,,,9679.0,-0.67522,0.01583,75.9845,3.706007426072145
,,,,,,9680.0,-0.67336,0.01603,76.9368,3.710872359263337
,,,,,,9681.0,-0.67522,0.01623,77.8891,3.699652288651077
,,,,,,9682.0,-0.66964,0.01632,78.338,3.697139195901344
,,,,,,9682.0,-1.35417,0.01632,78.338,3.6746877302775975
,,,,,,9683.0,-1.35231,0.01671,80.2128,3.677923601930309
,,,,,,9684.0,-1.35231,0.01709,82.033,3.6681065846517082
,,,,,,9685.0,-1.35045,0.01749,83.9426,3.6647072543966965
,,,,,,9686.0,-1.35045,0.01787,85.7628,3.6769926984427577
,,,,,,9687.0,-1.34859,0.01823,87.474,3.671478014164956
,,,,,,9688.0,-1.35231,0.01867,89.6191,3.6743843295808665
,,,,,,9689.0,-1.35417,0.01905,91.4393,3.6698956332809085
,,,,,,9690.0,-1.35231,0.01945,93.3489,3.6666638473096262
,,,,,,9691.0,-1.35045,0.01985,95.2584,3.660295156636699
,,,,,,9692.0,-1.35231,0.02024,97.1357,3.6722925846433307
,,,,,,9693.0,-1.35231,0.02064,99.0452,3.65854761979434
,,,,,,9694.0,-1.35045,0.02084,100.0,3.658936817729423
,,,,,,9694.0,-1.35045,0.02084,100.0,3.654117802761749
,,,,,,,,,,
,,,,,,9694.0,0.66778,0.0,0.0,3.7696473961204178
,,,,,,9695.0,0.66964,0.00021,13.7967,3.7481486330557
,,,,,,9696.0,0.66964,0.00038,25.6224,3.7581727624885555
,,,,,,9697.0,0.66778,0.00059,39.5574,3.740215604052529
,,,,,,9698.0,0.66964,0.00078,52.3513,3.742592582953369
,,,,,,9699.0,0.66964,0.00098,65.5602,3.752907192357254
,,,,,,9700.0,0.66964,0.00117,78.112,3.7711481900728927
,,,,,,9701.0,0.66778,0.00135,90.1798,3.777490147322555
,,,,,,9702.0,0.66778,0.00149,100.0,3.776330296078109
,,,,,,9702.0,0.0,0.00149,100.0,3.7328518871312575
,,,,,,9703.0,0.0,0.00149,100.0,3.7330714523119326
,,,,,,9704.0,0.0,0.00149,100.0,3.7266663452946536
,,,,,,9705.0,0.0,0.00149,100.0,3.735374521619289
,,,,,,9706.0,0.0,0.00149,100.0,3.716930091643998
,,,,,,9707.0,0.0,0.00149,100.0,3.72893332794483
,,,,,,9708.0,0.0,0.00149,100.0,3.742274960076096
,,,,,,9709.0,0.0,0.00149,100.0,3.7371380528551623
,,,,,,9710.0,0.0,0.00149,100.0,3.730138367820453
,,,,,,9711.0,0.0,0.00149,100.0,3.7343820127300593
,,,,,,9712.0,0.0,0.00149,100.0,3.7437903416050093
,,,,,,9713.0,0.0,0.00149,100.0,3.7186159414759183
,,,,,,9714.0,0.0,0.00149,100.0,3.7356668717372576
,,,,,,9715.0,0.0,0.00149,100.0,3.717659041020135
,,,,,,9716.0,0.0,0.00149,100.0,3.736151413229579
,,,,,,9717.0,0.0,0.00149,100.0,3.732196140066961
,,,,,,9718.0,0.0,0.00149,100.0,3.720610662376535
,,,,,,9718.0,0.0,0.00149,100.0,3.7362896245743222
,,,,,,,,,,
,,,,,,9718.0,-0.67708,0.0,0.0,3.6924558396927245
,,,,,,9719.0,-0.67522,0.0002,0.4798,3.717921734522845
,,,,,,9720.0,-0.67522,0.00041,1.0035,3.7062790210496694
,,,,,,9721.0,-0.67336,0.0006,1.4506,3.726095472839145
,,,,,,9722.0,-0.67522,0.0008,1.9517,3.709975992383685
,,,,,,9723.0,-0.67336,0.001,2.4352,3.7056130989984846
,,,,,,9724.0,-0.67522,0.00119,2.8961,3.6902178940451758
,,,,,,9725.0,-0.67336,0.00137,3.3319,3.7053708642811336
,,,,,,9726.0,-0.67708,0.00157,3.8142,3.6998699168551306
,,,,,,9727.0,-0.6715,0.00177,4.2977,3.694531099878273
,,,,,,9728.0,-0.67522,0.00196,4.7712,3.708865669999097
,,,,,,9729.0,-0.67336,0.00216,5.2497,3.7077529340683686
,,,,,,9730.0,-0.67522,0.00236,5.7332,3.698448728872161
,,,,,,9731.0,-0.6715,0.00256,6.2167,3.6950023239673575
,,,,,,9732.0,-0.67336,0.00276,6.7128,3.6931827071365184
,,,,,,9734.0,-0.67522,0.00296,7.1913,3.706695648444659
,,,,,,9735.0,-0.6715,0.00316,7.6748,3.7061508825999687
,,,,,,9736.0,-0.67336,0.00336,8.1571,3.693815263149091
,,,,,,9737.0,-0.6715,0.00354,8.613,3.717009340598156
,,,,,,9738.0,-0.67894,0.00373,9.0689,3.716681390218913
,,,,,,9739.0,-0.67522,0.00391,9.4921,3.7004889695590917
,,,,,,9740.0,-0.6715,0.00414,10.0522,3.7061015631436653
,,,,,,9741.0,-0.67522,0.00433,10.5307,3.6985484465234313
,,,,,,9742.0,-0.67336,0.00453,11.0143,3.704114479011012
,,,,,,9743.0,-0.67894,0.00471,11.4388,3.6884631858440105
,,,,,,9744.0,-0.67522,0.00492,11.9487,3.6917364839783353
,,,,,,9745.0,-0.67522,0.00511,12.4259,3.724054114342198
,,,,,,9746.0,-0.67336,0.00529,12.8504,3.705252041564906
,,,,,,9747.0,-0.67708,0.00549,13.3339,3.7087900410686534
,,,,,,9748.0,-0.6715,0.0057,13.8438,3.6921322651692945
,,,,,,9749.0,-0.6715,0.00589,14.3173,3.693329865720093
,,,,,,9750.0,-0.67336,0.00607,14.7631,3.704670243906673
,,,,,,9751.0,-0.6715,0.00628,15.273,3.709717443340503
,,,,,,9752.0,-0.66964,0.00648,15.7553,3.6937939404389835
,,,,,,9753.0,-0.67522,0.00659,16.0153,3.6857222981582902
,,,,,,9753.0,-5.40737,0.00659,16.0153,3.525491581875384
,,,,,,9754.0,-5.41109,0.00803,19.5205,3.4990983916755036
,,,,,,9755.0,-5.40737,0.00973,23.6461,3.471598655563856
,,,,,,9756.0,-5.40737,0.01129,27.444,3.5124090037811553
,,,,,,9757.0,-5.40737,0.01278,31.0585,3.479427239647707
,,,,,,9758.0,-5.40737,0.01437,34.9292,3.484708718848459
,,,,,,9759.0,-5.40737,0.01596,38.7999,3.4631010792217665
,,,,,,9760.0,-5.40365,0.0176,42.7798,3.475420473892626
,,,,,,9761.0,-5.40923,0.01849,44.9349,3.462218574600764
,,,,,,9761.0,-3.37426,0.01849,44.9349,3.5417633822989014
,,,,,,9762.0,-3.37798,0.01953,47.4681,3.546075329326476
,,,,,,9763.0,-3.37984,0.02042,49.6358,3.5490767197131876
,,,,,,9764.0,-3.37612,0.02141,52.0321,3.5532769852992137
,,,,,,9765.0,-3.37984,0.02235,54.3153,3.552289823595625
,,,,,,9766.0,-3.37798,0.02334,56.7341,3.57400326931887
,,,,,,9767.0,-3.37984,0.02434,59.153,3.545867783305808
,,,,,,9768.0,-3.37984,0.02533,61.5719,3.5548608934473718
,,,,,,9769.0,-3.37984,0.02623,63.7622,3.568249077867113
,,,,,,9770.0,-3.37984,0.02722,66.1584,3.5360793358394313
,,,,,,9771.0,-3.38356,0.02821,68.5773,3.5499665105054548
,,,,,,9772.0,-3.37612,0.02925,71.0866,3.5425288459092896
,,,,,,9773.0,-3.37798,0.03019,73.3924,3.549793337635146
,,,,,,9774.0,-3.37798,0.03107,75.5149,3.542535193430956
,,,,,,9775.0,-3.37984,0.03206,77.9325,3.55247754071602
,,,,,,9776.0,-3.37798,0.03306,80.3514,3.5458909210967944
,,,,,,9777.0,-3.37984,0.03405,82.7715,3.56457665141308
,,,,,,9778.0,-3.37798,0.03505,85.1904,3.541952048666941
,,,,,,9779.0,-3.37984,0.03604,87.6093,3.5448264491667056
,,,,,,9781.0,-3.37984,0.03704,90.0281,3.535257715711938
,,,,,,9782.0,-3.37798,0.03803,92.447,3.5539813991757274
,,,,,,9783.0,-3.37984,0.03903,94.8659,3.5372073787285414
,,,,,,9784.0,-3.3817,0.04002,97.2847,3.551293085371283
,,,,,,9785.0,-3.3817,0.04102,99.7036,3.5326527648732275
,,,,,,9785.0,-3.37984,0.04114,100.0,3.5346526782890004
,,,,,,9785.0,-3.37984,0.04114,100.0,3.54173622115481
,,,,,,,,,,
,,,,,,9785.0,1.34673,0.0,0.0,3.7380756898378005
,,,,,,9786.0,1.34487,0.00039,13.142,3.7326896379600654
,,,,,,9787.0,1.34115,0.00079,26.5087,3.7444277858479404
,,,,,,9788.0,1.34301,0.00115,38.6478,3.7654630002485394
,,,,,,9789.0,1.34487,0.00157,52.637,3.7536101636665937
,,,,,,9790.0,1.34301,0.00194,65.0182,3.7618558196854046
,,,,,,9791.0,1.34301,0.00234,78.2639,3.760952480515412
,,,,,,9792.0,1.34487,0.0027,90.5067,3.751335080225851
,,,,,,9793.0,1.34301,0.00299,100.0,3.7644756399189228
,,,,,,9793.0,1.34301,0.00299,100.0,3.764117708719874
,,,,,,,,,,
,,,,,,9793.0,-1.35231,0.0,0.0,3.6674806864437155
,,,,,,9794.0,-1.35045,0.00037,3.0966,3.6565797625259626
,,,,,,9795.0,-1.35045,0.00078,6.5288,3.6547516031335445
,,,,,,9796.0,-1.35045,0.00117,9.7759,3.645339341857404
,,,,,,9797.0,-1.35417,0.00152,12.6833,3.6430307778498943
,,,,,,9798.0,-1.35045,0.00192,15.995,3.637267178157498
,,,,,,9799.0,-1.35231,0.00232,19.3067,3.6554446456260163
,,,,,,9800.0,-1.35045,0.00274,22.8076,3.6504430405436827
,,,,,,9801.0,-1.35231,0.0031,25.8397,3.64711472616169
,,,,,,9802.0,-1.35231,0.0035,29.1514,3.6370754571443067
,,,,,,9803.0,-1.34673,0.00389,32.4029,3.6367787581984583
,,,,,,9804.0,-1.35231,0.00429,35.7447,3.6369856043108952
,,,,,,9805.0,-1.35231,0.00469,39.0564,3.6494961366028007
,,,,,,9806.0,-1.35231,0.00506,42.1229,3.6474422631419943
,,,,,,9808.0,-1.34859,0.00545,45.4002,3.6362583878232266
,,,,,,9809.0,-1.34859,0.00585,48.7162,3.64486285749021
,,,,,,9810.0,-1.35231,0.00625,52.0236,3.654220702607059
,,,,,,9811.0,-1.35231,0.00667,55.4944,3.640860630162048
,,,,,,9812.0,-1.35231,0.00701,58.3674,3.6461975672922757
,,,,,,9813.0,-1.35231,0.00749,62.3672,3.632870501177943
,,,,,,9814.0,-1.34859,0.00785,65.3391,3.649420518020221
,,,,,,9815.0,-1.35231,0.00825,68.6465,3.64729158045762
,,,,,,9816.0,-1.35231,0.00864,71.9582,3.649908107493917
,,,,,,9817.0,-1.35417,0.00904,75.2742,3.6207821189810327
,,,,,,9818.0,-1.35231,0.00944,78.5859,3.6415926639160587
,,,,,,9819.0,-1.35417,0.00982,81.7427,3.641587382246235
,,,,,,9820.0,-1.35231,0.01019,84.8394,3.646222304361153
,,,,,,9821.0,-1.35045,0.01059,88.151,3.6470741138525034
,,,,,,9822.0,-1.35231,0.01099,91.4627,3.631376156809743
,,,,,,9823.0,-1.35417,0.01138,94.6884,3.6583592943086582
,,,,,,9824.0,-1.35045,0.01177,97.9399,3.6603329509554947
,,,,,,9825.0,-1.35045,0.01201,100.0,3.6369891472357097
,,,,,,9825.0,-1.35045,0.01201,100.0,3.6338092708682983
,,,,,,,,,,
,,,,,,9825.0,2.69717,0.0,0.0,3.8116467597816555
,,,,,,9826.0,2.69903,0.00078,13.0502,3.804290211970261
,,,,,,9827.0,2.70275,0.00148,24.8378,3.827875148726442
,,,,,,9828.0,2.70089,0.00231,38.6405,3.8300914452502157
,,,,,,9829.0,2.70089,0.00307,51.4399,3.8264289072109454
,,,,,,9830.0,2.69531,0.00377,63.1065,3.8263599569009736
,,,,,,9831.0,2.69717,0.0046,77.0388,3.8261383096252453
,,,,,,9832.0,2.70089,0.00537,89.9594,3.8536651801018316
,,,,,,9833.0,2.69903,0.00597,100.0,3.8123770315192997
,,,,,,9833.0,0.0,0.00597,100.0,3.7248603965177027
,,,,,,9834.0,0.0,0.00597,100.0,3.722201251810042
,,,,,,9835.0,0.0,0.00597,100.0,3.729282313850752
,,,,,,9836.0,0.0,0.00597,100.0,3.7335742665803306
,,,,,,9837.0,0.0,0.00597,100.0,3.711961663548515
,,,,,,9838.0,0.0,0.00597,100.0,3.7363536368642207
,,,,,,9839.0,0.0,0.00597,100.0,3.735083233430846
,,,,,,9840.0,0.0,0.00597,100.0,3.7266602897823744
,,,,,,9841.0,0.0,0.00597,100.0,3.720361940892117
,,,,,,9842.0,0.0,0.00597,100.0,3.7107312485475417
,,,,,,9843.0,0.0,0.00597,100.0,3.7088157106044624
,,,,,,9844.0,0.0,0.00597,100.0,3.7158109480639947
,,,,,,9846.0,0.0,0.00597,100.0,3.7130989805505745
,,,,,,9847.0,0.0,0.00597,100.0,3.7127634522935566
,,,,,,9848.0,0.0,0.00597,100.0,3.715063653611649
,,,,,,9849.0,0.0,0.00597,100.0,3.739925497846393
,,,,,,9850.0,0.0,0.00597,100.0,3.7152833940173333
,,,,,,9851.0,0.0,0.00597,100.0,3.7345679806872045
,,,,,,9852.0,0.0,0.00597,100.0,3.7119364853518
,,,,,,9853.0,0.0,0.00597,100.0,3.7370030688627343
,,,,,,9854.0,0.0,0.00597,100.0,3.7163369947420803
,,,,,,9855.0,0.0,0.00597,100.0,3.7139091520732017
,,,,,,9856.0,0.0,0.00597,100.0,3.7213372862008205
,,,,,,9857.0,0.0,0.00597,100.0,3.7116514530288987
,,,,,,9858.0,0.0,0.00597,100.0,3.729003377153058
,,,,,,9859.0,0.0,0.00597,100.0,3.7144089845975317
,,,,,,9860.0,0.0,0.00597,100.0,3.7119066761042108
,,,,,,9861.0,0.0,0.00597,100.0,3.7276793024174846
,,,,,,9862.0,0.0,0.00597,100.0,3.725601821484301
,,,,,,9863.0,0.0,0.00597,100.0,3.72374427086049
,,,,,,9864.0,0.0,0.00597,100.0,3.7102256673202136
,,,,,,9865.0,0.0,0.00597,100.0,3.7227798561173917
,,,,,,9866.0,0.0,0.00597,100.0,3.7280139132115266
,,,,,,9867.0,0.0,0.00597,100.0,3.726657145797122
,,,,,,9868.0,0.0,0.00597,100.0,3.7261286937707743
,,,,,,9869.0,0.0,0.00597,100.0,3.732793782061603
,,,,,,9870.0,0.0,0.00597,100.0,3.7264443853840934
,,,,,,9872.0,0.0,0.00597,100.0,3.7210098555711486
,,,,,,9873.0,0.0,0.00597,100.0,3.715227100670805
,,,,,,9874.0,0.0,0.00597,100.0,3.7268603147847963
,,,,,,9875.0,0.0,0.00597,100.0,3.72176700381269
,,,,,,9876.0,0.0,0.00597,100.0,3.7170557711904753
,,,,,,9877.0,0.0,0.00597,100.0,3.734804917556488
,,,,,,9878.0,0.0,0.00597,100.0,3.7183905817114007
,,,,,,9879.0,0.0,0.00597,100.0,3.704927567328127
,,,,,,9880.0,0.0,0.00597,100.0,3.7260446590567513
,,,,,,9881.0,0.0,0.00597,100.0,3.707643480303581
,,,,,,9882.0,0.0,0.00597,100.0,3.7163607668535983
,,,,,,9883.0,0.0,0.00597,100.0,3.697856239694075
,,,,,,9884.0,0.0,0.00597,100.0,3.725677561867779
,,,,,,9885.0,0.0,0.00597,100.0,3.7297735705821493
,,,,,,9886.0,0.0,0.00597,100.0,3.719222837582763
,,,,,,9887.0,0.0,0.00597,100.0,3.727340016930534
,,,,,,9888.0,0.0,0.00597,100.0,3.733751446085246
,,,,,,9888.0,0.0,0.00597,100.0,3.7200725967375887
,,,,,,,,,,
,,,,,,9888.0,-0.67522,0.0,0.0,3.6920995415380453
,,,,,,9889.0,-0.67522,0.00022,2.2082,3.669521684280009
,,,,,,9890.0,-0.67522,0.00041,4.2205,3.692119804534129
,,,,,,9891.0,-0.67336,0.00059,6.0422,3.6861424008710006
,,,,,,9892.0,-0.67708,0.00078,7.9644,3.7011915082187983
,,,,,,9893.0,-0.67522,0.00098,10.0032,3.687378468416712
,,,,,,9894.0,-0.67708,0.00117,12.0419,3.696399737304343
,,,,,,9895.0,-0.6715,0.00136,13.9271,3.686965948312812
,,,,,,9896.0,-0.6808,0.00157,16.0983,3.6779446204781423
,,,,,,9897.0,-0.6715,0.00177,18.0947,3.677464397419094
,,,,,,9898.0,-0.67894,0.00196,20.1334,3.670642542865157
,,,,,,9899.0,-0.67336,0.00216,22.1669,3.684408008616146
,,,,,,9901.0,-0.67522,0.00236,24.2004,3.6930819055690343
,,,,,,9902.0,-0.67522,0.00256,26.2391,3.6947117619178327
,,,,,,9903.0,-0.67336,0.00273,28.0237,3.676137687279082
,,,,,,9904.0,-0.67336,0.00293,30.0572,3.6819488889873995
,,,,,,9905.0,-0.67708,0.00313,32.0748,3.695292192567057
,,,,,,9906.0,-0.6715,0.00334,34.2459,3.683174020969131
,,,,,,9907.0,-0.67522,0.00353,36.2053,3.6897303549717724
,,,,,,9908.0,-0.6715,0.00371,38.0322,3.6821603356203907
,,,,,,9909.0,-0.67522,0.00392,40.1239,3.714322341112084
,,,,,,9910.0,-0.67708,0.00409,41.9138,3.6922482397643823
,,,,,,9911.0,-0.6715,0.00429,43.9473,3.6652773393702054
,,,,,,9912.0,-0.67522,0.00449,45.986,3.7072703333841805
,,,,,,9913.0,-0.66964,0.00466,47.7918,3.6759964390339195
,,,,,,9914.0,-0.67336,0.00487,49.9206,3.7029785153575614
,,,,,,9915.0,-0.67708,0.00505,51.7104,3.6845264883632636
,,,,,,9916.0,-0.67336,0.00527,53.9769,3.691408392814725
,,,,,,9916.0,-1.35417,0.00527,53.9769,3.6529658411733483
,,,,,,9917.0,-1.35231,0.00569,58.3245,3.656975872075406
,,,,,,9918.0,-1.35231,0.00604,61.9413,3.649312653111304
,,,,,,9919.0,-1.35231,0.00648,66.4054,3.667578333115358
,,,,,,9920.0,-1.35231,0.0069,70.6789,3.645820418476062
,,,,,,9921.0,-1.35417,0.00729,74.6823,3.6423632680315445
,,,,,,9923.0,-1.35231,0.0077,78.9134,3.6435019391923693
,,,,,,9924.0,-1.35045,0.00806,82.5673,3.6552512914825166
,,,,,,9925.0,-1.35045,0.00847,86.7666,3.6522226200923034
,,,,,,9926.0,-1.35231,0.00886,90.8441,3.637660299660008
,,,,,,9927.0,-1.35231,0.00926,94.9163,3.6434262761786136
,,,,,,9928.0,-1.35045,0.00966,98.9991,3.641038570708633
,,,,,,9928.0,-1.35231,0.00976,100.0,3.6384420515234095
,,,,,,9928.0,-1.35231,0.00976,100.0,3.6546960678900002
,,,,,,,,,,
,,,,,,9928.0,0.6715,0.0,0.0,3.7261125435085964
,,,,,,9929.0,0.66964,0.0002,13.22,3.7323222303589616
,,,,,,9930.0,0.66964,0.00038,25.6072,3.7519866992286253
,,,,,,9931.0,0.66964,0.00058,39.2089,3.7376547646081724
,,,,,,9932.0,0.66778,0.00077,51.9431,3.7322586249107945
,,,,,,9933.0,0.66964,0.00095,63.6711,3.765470328664367
,,,,,,9934.0,0.66964,0.00115,76.9258,3.7220861107045726
,,,,,,9935.0,0.66964,0.00134,90.1457,3.7345891669829836
,,,,,,9936.0,0.66964,0.00149,100.0,3.732634129423412
,,,,,,9936.0,0.0,0.00149,100.0,3.7305325941099454
,,,,,,9937.0,0.0,0.00149,100.0,3.7286545577632215
,,,,,,9938.0,0.0,0.00149,100.0,3.7271234177053363
,,,,,,9939.0,0.0,0.00149,100.0,3.702883654866335
,,,,,,9940.0,0.0,0.00149,100.0,3.729537539590969
,,,,,,9941.0,0.0,0.00149,100.0,3.7117166416681107
,,,,,,9942.0,0.0,0.00149,100.0,3.7061549237392466
,,,,,,9943.0,0.0,0.00149,100.0,3.744294259848718
,,,,,,9944.0,0.0,0.00149,100.0,3.7276327481601617
,,,,,,9945.0,0.0,0.00149,100.0,3.7262500864007313
,,,,,,9946.0,0.0,0.00149,100.0,3.7195897021582147
,,,,,,9947.0,0.0,0.00149,100.0,3.71720340346022
,,,,,,9948.0,0.0,0.00149,100.0,3.714279596707109
,,,,,,9949.0,0.0,0.00149,100.0,3.736313101705849
,,,,,,9951.0,0.0,0.00149,100.0,3.712635176790259
,,,,,,9952.0,0.0,0.00149,100.0,3.717319867896856
,,,,,,9952.0,0.0,0.00149,100.0,3.7194872256802007
,,,,,,9952.0,0.0,0.00149,100.0,3.7043504989582927
,,,,,,,,,,
,,,,,,9952.0,-0.67894,0.0,0.0,3.684154271657208
,,,,,,9953.0,-0.67522,0.00018,0.861,3.6913793982713172
,,,,,,9954.0,-0.67336,0.00039,1.8685,3.6852253712867014
,,,,,,9955.0,-0.67708,0.00059,2.8536,3.701362641192858
,,,,,,9956.0,-0.6715,0.00077,3.7072,3.686982370451157
,,,,,,9957.0,-0.67522,0.00097,4.6551,3.6671845565443535
,,,,,,9958.0,-0.67522,0.00115,5.5459,3.6938019589022373
,,,,,,9959.0,-0.67336,0.00135,6.4988,3.6911133600561774
,,,,,,9960.0,-0.67708,0.00155,7.4516,3.678184437226612
,,,,,,9962.0,-0.67336,0.00175,8.4069,3.6643211189136613
,,,,,,9963.0,-0.67336,0.00197,9.4591,3.6911662102234315
,,,,,,9964.0,-0.67708,0.00216,10.3871,3.680499172695903
,,,,,,9965.0,-0.67522,0.00236,11.3201,3.680919887543919
,,,,,,9966.0,-0.67522,0.00256,12.2754,3.672691829312504
,,,,,,9967.0,-0.66964,0.00275,13.2283,3.680559913866885
,,,,,,9968.0,-0.66964,0.00299,14.3499,3.7074503662433056
,,,,,,9969.0,-0.67894,0.00318,15.2854,3.690236742406412
,,,,,,9970.0,-0.67336,0.00336,16.1241,3.6768360197857723
,,,,,,9971.0,-0.67336,0.00356,17.0868,3.6927942121071036
,,,,,,9972.0,-0.67336,0.00374,17.9603,3.6795380447013213
,,,,,,9973.0,-0.6715,0.00395,18.9702,3.683869355555467
,,,,,,9974.0,-0.67522,0.00415,19.9132,3.682971010341518
,,,,,,9975.0,-0.66964,0.00432,20.7519,3.6923997642274724
,,,,,,9976.0,-0.6715,0.00452,21.7047,3.697904690447937
,,,,,,9977.0,-0.67522,0.00473,22.7022,3.6968867508582792
,,,,,,9978.0,-0.67522,0.00492,23.6402,3.6979755487904162
,,,,,,9979.0,-0.67522,0.0051,24.4789,3.697502041909112
,,,,,,9980.0,-0.67708,0.00529,25.3871,3.6893938032482683
,,,,,,9981.0,-0.68266,0.00549,26.3424,3.6698356696656145
,,,,,,9982.0,-0.67336,0.00568,27.2953,3.6807159599963493
,,,,,,9983.0,-0.67894,0.00588,28.2481,3.6815642554458514
,,,,,,9985.0,-0.67336,0.00608,29.196,3.6847035159703037
,,,,,,9986.0,-0.67522,0.00625,30.0323,3.6779625070166007
,,,,,,9987.0,-0.67522,0.00645,30.9901,3.699227695211381
,,,,,,9988.0,-0.67336,0.00666,32.0074,3.671676892285926
,,,,,,9989.0,-0.67708,0.00686,32.9603,3.661927090472869
,,,,,,9990.0,-0.67522,0.00706,33.9132,3.670417969215364
,,,,,,9991.0,-0.67522,0.00726,34.8685,3.6700281804651356
,,,,,,9992.0,-0.67336,0.00746,35.8238,3.672770115068143
,,,,,,9993.0,-0.67708,0.00766,36.7792,3.6695219982316747
,,,,,,9994.0,-0.67522,0.00784,37.6526,3.6895796848693836
,,,,,,9995.0,-0.67522,0.00805,38.6625,3.683690973646778
,,,,,,9996.0,-0.6715,0.00825,39.6055,3.681783032568859
,,,,,,9997.0,-0.67336,0.00842,40.4417,3.6784887277944707
,,,,,,9998.0,-0.67708,0.00862,41.3995,3.6619190908384827
,,,,,,9999.0,-0.67522,0.00882,42.3499,3.6886795060266615
,,,,,,10000.0,-0.6715,0.00902,43.3027,3.67114818155759
,,,,,,10001.0,-0.67522,0.0092,44.2035,3.681351880816333
,,,,,,10002.0,-0.67522,0.00938,45.067,3.6745452287495404
,,,,,,10003.0,-0.67708,0.00958,46.0174,3.6742344022163023
,,,,,,10004.0,-0.67522,0.00977,46.9355,3.667429155732928
,,,,,,10005.0,-0.67336,0.00997,47.8834,3.6825095473087313
,,,,,,10006.0,-0.67708,0.01017,48.8387,3.6690272256016074
,,,,,,10008.0,-0.67522,0.0104,49.938,3.6729878800442313
,,,,,,10009.0,-0.67522,0.01058,50.8189,3.692329278284634
,,,,,,10010.0,-0.66778,0.01078,51.7717,3.680489514135445
,,,,,,10011.0,-0.66964,0.01096,52.6179,3.6701340533120455
,,,,,,10012.0,-0.67522,0.01116,53.5906,3.6822788237728683
,,,,,,10013.0,-0.67708,0.01133,54.4268,3.6711948524400326
,,,,,,10014.0,-0.6808,0.01153,55.3821,3.6737960910986707
,,,,,,10015.0,-0.67336,0.01173,56.3375,3.6784516365677153
,,,,,,10016.0,-0.67894,0.01193,57.2903,3.6832832920022778
,,,,,,10017.0,-0.67522,0.01213,58.2432,3.6841040073437283
,,,,,,10018.0,-0.67522,0.01233,59.1985,3.6814990886773447
,,,,,,10019.0,-0.66964,0.01252,60.1166,3.6851024707773843
,,,,,,10020.0,-0.67708,0.01282,61.5509,3.6819739655459776
,,,,,,10022.0,-0.67522,0.013,62.4268,3.668672473957554
,,,,,,10023.0,-0.67522,0.01319,63.3623,3.685639713466768
,,,,,,10024.0,-0.67708,0.01339,64.3151,3.697804406531344
,,,,,,10025.0,-0.67336,0.01359,65.2705,3.687316295509598
,,,,,,10026.0,-0.67708,0.01379,66.2233,3.669105547358236
,,,,,,10027.0,-0.67708,0.01399,67.1762,3.6778110291713375
,,,,,,10028.0,-0.67522,0.01418,68.1216,3.6784545707333547
,,,,,,10029.0,-0.67708,0.01437,69.0298,3.6812680142809167
,,,,,,10030.0,-0.67336,0.01457,69.9653,3.659621203210692
,,,,,,10031.0,-0.67894,0.01477,70.9231,3.6618025985212816
,,,,,,10032.0,-0.67336,0.01496,71.8486,3.6656168108049916
,,,,,,10033.0,-0.67708,0.01514,72.6849,3.675766923609501
,,,,,,10034.0,-0.67708,0.01533,73.6427,3.6701721440929562
,,,,,,10035.0,-0.67708,0.01553,74.5931,3.682450516972841
,,,,,,10036.0,-0.6715,0.01573,75.5509,3.676798258460763
,,,,,,10037.0,-0.67522,0.01592,76.4665,3.6807469088243048
,,,,,,10038.0,-0.67708,0.01612,77.4094,3.6826551569230563
,,,,,,10039.0,-0.67522,0.0163,78.2878,3.675439427466611
,,,,,,10039.0,-1.35231,0.0163,78.2878,3.6620067333619053
,,,,,,10040.0,-1.35045,0.01671,80.2357,3.6461625424123523
,,,,,,10041.0,-1.35045,0.01711,82.1464,3.6333681622401617
,,,,,,10042.0,-1.35603,0.01749,84.005,3.6318558015762017
,,,,,,10043.0,-1.35045,0.01789,85.9181,3.6447445842436
,,,,,,10044.0,-1.35417,0.01829,87.8313,3.657374834197205
,,,,,,10045.0,-1.35231,0.01864,89.5261,3.6355123711930735
,,,,,,10046.0,-1.34859,0.01904,91.4541,3.6389659715489784
,,,,,,10047.0,-1.35045,0.0194,93.1861,3.647330963278113
,,,,,,10048.0,-1.35045,0.0198,95.0968,3.6397825706045084
,,,,,,10050.0,-1.35417,0.0202,97.0075,3.6360575826886308
,,,,,,10051.0,-1.34859,0.0206,98.9181,3.638652946623425
,,,,,,10051.0,-1.35045,0.02082,100.0,3.6490580360357496
,,,,,,10051.0,-1.35045,0.02082,100.0,3.641417790163306
,,,,,,,,,,
,,,,,,10051.0,0.6715,0.0,0.0,3.7382744159163086
,,,,,,10052.0,0.6715,0.00021,13.8975,3.7504499476709143
,,,,,,10053.0,0.6715,0.00041,27.0726,3.7272876635687044
,,,,,,10054.0,0.6715,0.0006,39.7317,3.738975371763385
,,,,,,10055.0,0.6715,0.00079,52.666,3.7334508367179513
,,,,,,10056.0,0.6715,0.00098,65.4627,3.73704340245403
,,,,,,10057.0,0.6715,0.00118,78.5002,3.74051306253826
,,,,,,10058.0,0.6715,0.00137,91.0561,3.73590588936351
,,,,,,10059.0,0.6715,0.0015,100.0,3.749234998753239
,,,,,,10059.0,0.0,0.0015,100.0,3.7183324188277345
,,,,,,10060.0,0.0,0.0015,100.0,3.721940016121982
,,,,,,10061.0,0.0,0.0015,100.0,3.696915386671313
,,,,,,10062.0,0.0,0.0015,100.0,3.716483308148676
,,,,,,10063.0,0.0,0.0015,100.0,3.7015634740947423
,,,,,,10065.0,0.0,0.0015,100.0,3.7136834357176047
,,,,,,10066.0,0.0,0.0015,100.0,3.703955043766073
,,,,,,10067.0,0.0,0.0015,100.0,3.7127864065952005
,,,,,,10068.0,0.0,0.0015,100.0,3.7093281704588836
,,,,,,10069.0,0.0,0.0015,100.0,3.6947363197604335
,,,,,,10070.0,0.0,0.0015,100.0,3.7185382851893327
,,,,,,10071.0,0.0,0.0015,100.0,3.7120033502608223
,,,,,,10072.0,0.0,0.0015,100.0,3.713431209241839
,,,,,,10073.0,0.0,0.0015,100.0,3.708103450215517
,,,,,,10074.0,0.0,0.0015,100.0,3.704580684053131
,,,,,,10075.0,0.0,0.0015,100.0,3.7008517113004915
,,,,,,10075.0,0.0,0.0015,100.0,3.7232803097284255
,,,,,,10075.0,0.0,0.0015,100.0,3.7105537521340044
,,,,,,,,,,
,,,,,,10075.0,-0.6808,0.0,0.0,3.6905198025554937
,,,,,,10076.0,-0.66964,0.00018,0.4383,3.688082355020292
,,,,,,10077.0,-0.67894,0.00038,0.9344,3.687031698796183
,,,,,,10078.0,-0.67708,0.00057,1.3941,3.679844313849807
,,,,,,10079.0,-0.67708,0.00076,1.8375,3.6856718025147117
,,,,,,10080.0,-0.67336,0.00097,2.3474,3.7037518658558675
,,,,,,10081.0,-0.67336,0.00116,2.8222,3.6981052660820315
,,,,,,10083.0,-0.67894,0.00137,3.3371,3.6893337370918324
,,,,,,10084.0,-0.6715,0.00156,3.788,3.681562152100606
,,,,,,10085.0,-0.66778,0.00176,4.2703,3.6714437887482445
,,,,,,10086.0,-0.67336,0.00196,4.7538,3.6913111100023244
,,,,,,10087.0,-0.67336,0.00216,5.26,3.681583947553615
,,,,,,10088.0,-0.67708,0.00235,5.7121,3.6805789101813584
,,,,,,10089.0,-0.67336,0.00256,6.2183,3.6678966775181685
,,,,,,10090.0,-0.6715,0.00276,6.7018,3.6797292949143197
,,,,,,10091.0,-0.67522,0.00294,7.1565,3.668925920785863
,,,,,,10092.0,-0.6808,0.00314,7.6225,3.673792609351851
,,,,,,10093.0,-0.67522,0.00332,8.0646,3.675294384581272
,,,,,,10094.0,-0.67708,0.00351,8.5293,3.670241745043553
,,,,,,10095.0,-0.67336,0.00372,9.0379,3.6877666588322326
,,,,,,10096.0,-0.6715,0.0039,9.4712,3.662397250153889
,,,,,,10097.0,-0.6715,0.00409,9.9535,3.6766464867939397
,,,,,,10098.0,-0.67894,0.0043,10.4408,3.660616893414242
,,,,,,10099.0,-0.67336,0.00449,10.9194,3.6681900087109764
,,,,,,10100.0,-0.67522,0.00469,11.3966,3.672621242794166
,,,,,,10101.0,-0.6715,0.00487,11.8438,3.671258252445861
,,,,,,10102.0,-0.67708,0.00508,12.3537,3.6725263518416225
,,,,,,10103.0,-0.67522,0.00528,12.8335,3.663003133688631
,,,,,,10104.0,-0.67708,0.00545,13.258,3.669135497408279
,,,,,,10105.0,-0.6715,0.00565,13.7264,3.691835807564776
,,,,,,10106.0,-0.67336,0.00585,14.2087,3.693544575193214
,,,,,,10108.0,-0.66778,0.00604,14.6873,3.672259946625629
,,,,,,10109.0,-0.67522,0.00623,15.1369,3.668785409950366
,,,,,,10110.0,-0.66964,0.00643,15.6418,3.677397693277179
,,,,,,10110.0,-0.67522,0.00656,15.942,3.6794627301804015
,,,,,,10110.0,-5.40737,0.00656,15.942,3.472169101391756
,,,,,,10111.0,-5.40737,0.00817,19.8493,3.472763272430791
,,,,,,10112.0,-5.40365,0.00971,23.6096,3.462771717699875
,,,,,,10113.0,-5.40923,0.01113,27.0435,3.464614050744747
,,,,,,10114.0,-5.40923,0.01269,30.8415,3.4535834056919708
,,,,,,10115.0,-5.40923,0.01428,34.7111,3.4588701093494594
,,,,,,10117.0,-5.40737,0.01587,38.582,3.445657727095428
,,,,,,10118.0,-5.40923,0.01748,42.4893,3.4622402283936857
,,,,,,10118.0,-5.40551,0.01867,45.373,3.439701315989698
,,,,,,10118.0,-3.37612,0.01867,45.373,3.5395406319434817
,,,,,,10119.0,-3.37612,0.01962,47.7003,3.530197980187545
,,,,,,10120.0,-3.37984,0.02061,50.0967,3.523925495071193
,,,,,,10121.0,-3.3817,0.02157,52.424,3.5320250664806077
,,,,,,10122.0,-3.3817,0.02251,54.7061,3.539275396882264
,,,,,,10123.0,-3.37798,0.0235,57.1251,3.5359207622405453
,,,,,,10125.0,-3.37984,0.0245,59.5428,3.530992061020472
,,,,,,10126.0,-3.37984,0.02549,61.9618,3.5368542945706163
,,,,,,10127.0,-3.37798,0.02649,64.3796,3.5184087008019524
,,,,,,10128.0,-3.37984,0.02747,66.7747,3.527046058304716
,,,,,,10129.0,-3.37984,0.02838,68.9877,3.518086222187508
,,,,,,10130.0,-3.37984,0.02941,71.4984,3.513975443630225
,,,,,,10131.0,-3.37984,0.03032,73.7114,3.5157372877625557
,,,,,,10132.0,-3.37984,0.0313,76.0852,3.5355383471696475
,,,,,,10133.0,-3.3817,0.03231,78.528,3.516023535945098
,,,,,,10134.0,-3.3817,0.0333,80.947,3.5251739663212183
,,,,,,10135.0,-3.3817,0.0343,83.366,3.534466306904607
,,,,,,10136.0,-3.3817,0.03529,85.7837,3.5176624774355063
,,,,,,10137.0,-3.37984,0.03629,88.2027,3.520792467361987
,,,,,,10138.0,-3.37612,0.03728,90.6217,3.539167326230034
,,,,,,10139.0,-3.37984,0.03815,92.743,3.5134446231438106
,,,,,,10140.0,-3.3817,0.03915,95.162,3.5094152032116868
,,,,,,10141.0,-3.37984,0.04014,97.581,3.5218478589976705
,,,,,,10142.0,-3.37984,0.04114,100.0,3.508790164417322
,,,,,,10142.0,-3.37984,0.04114,100.0,3.5057536688474884
,,,,,,10142.0,-3.37984,0.04114,100.0,3.5050649904104114
,,,,,,,,,,
,,,,,,10142.0,1.34301,0.0,0.0,3.696326589184494
,,,,,,10143.0,1.34673,0.00043,14.4506,3.7189410486561365
,,,,,,10144.0,1.34859,0.00078,26.0592,3.7320085816995454
,,,,,,10146.0,1.35231,0.00122,40.7682,3.721545151601325
,,,,,,10147.0,1.34859,0.00161,53.7375,3.71346165941182
,,,,,,10148.0,1.34859,0.00196,65.3462,3.715390658843413
,,,,,,10149.0,1.34859,0.00236,78.5567,3.7259168491812185
,,,,,,10150.0,1.34859,0.00275,91.7671,3.7163895429552842
,,,,,,10150.0,1.34673,0.003,100.0,3.7422936144412686
,,,,,,10150.0,1.34673,0.003,100.0,3.7469017926941937
,,,,,,,,,,
,,,,,,10150.0,-1.35045,0.0,0.0,3.626708843176579
,,,,,,10151.0,-1.35045,0.00041,3.4351,3.61300568874031
,,,,,,10152.0,-1.35045,0.0008,6.677,3.6124698072839774
,,,,,,10153.0,-1.35417,0.00119,9.8888,3.6269886613888915
,,,,,,10155.0,-1.35045,0.00156,12.9804,3.6251772917855756
,,,,,,10156.0,-1.35231,0.00197,16.3768,3.6264193598366536
,,,,,,10157.0,-1.35231,0.00237,19.6831,3.6037936701897753
,,,,,,10158.0,-1.35231,0.00277,22.9937,3.619230029572874
,,,,,,10159.0,-1.35045,0.00316,26.3,3.626270398912168
,,,,,,10160.0,-1.35417,0.00356,29.6105,3.6169537106260314
,,,,,,10161.0,-1.35045,0.00394,32.758,3.604515698308499
,,,,,,10162.0,-1.35045,0.00433,36.0041,3.60089092828935
,,,,,,10163.0,-1.35231,0.0047,39.0914,3.611061075085736
,,,,,,10164.0,-1.35231,0.00508,42.2474,3.611894344565211
,,,,,,10165.0,-1.35231,0.0055,45.7426,3.6171639694071716
,,,,,,10166.0,-1.35045,0.0059,49.0489,3.6097936638794836
,,,,,,10167.0,-1.35231,0.0063,52.3552,3.613733642120636
,,,,,,10168.0,-1.35045,0.00669,55.6314,3.6204825859486194
,,,,,,10169.0,-1.35231,0.0071,59.0021,3.626304787649016
,,,,,,10170.0,-1.35045,0.00748,62.1839,3.6091725180879126
,,,,,,10171.0,-1.35045,0.00788,65.4558,3.6375850377625265
,,,,,,10172.0,-1.35231,0.00827,68.7621,3.636695687398392
,,,,,,10173.0,-1.35231,0.00867,72.0727,3.6115626545921065
,,,,,,10174.0,-1.34859,0.00907,75.3832,3.613831025049624
,,,,,,10176.0,-1.35045,0.00947,78.6895,3.6150843391509495
,,,,,,10177.0,-1.35231,0.00987,82.0001,3.6163299192180163
,,,,,,10178.0,-1.34673,0.01026,85.242,3.6245528922460637
,,,,,,10179.0,-1.35045,0.01065,88.5182,3.622368194673671
,,,,,,10180.0,-1.35045,0.011,91.4208,3.624659501371084
,,,,,,10181.0,-1.34859,0.0114,94.7271,3.6176766523209576
,,,,,,10182.0,-1.35045,0.01177,97.8187,3.6201755957768738
,,,,,,10182.0,-1.35231,0.01203,100.0,3.6167441391742097
,,,,,,10182.0,-1.35231,0.01203,100.0,3.598950664136705
,,,,,,,,,,
,,,,,,10182.0,2.69903,0.0,0.0,3.7676103996756636
,,,,,,10183.0,2.69903,0.00085,14.0613,3.7788182200157214
,,,,,,10185.0,2.69903,0.00163,27.1354,3.796417565616292
,,,,,,10186.0,2.70089,0.00238,39.5914,3.8040110817265207
,,,,,,10187.0,2.69717,0.00316,52.5453,3.8028933552557116
,,,,,,10188.0,2.69717,0.00387,64.3746,3.804188460800072
,,,,,,10189.0,2.69717,0.00467,77.5775,3.8194882943253097
,,,,,,10190.0,2.70275,0.00548,91.0293,3.8219563038985593
,,,,,,10190.0,2.70089,0.00602,100.0,3.814433422195405
,,,,,,10190.0,0.0,0.00602,100.0,3.7023766722032927
,,,,,,10192.0,0.0,0.00602,100.0,3.686471852232177
,,,,,,10193.0,0.0,0.00602,100.0,3.6845030230595017
,,,,,,10194.0,0.0,0.00602,100.0,3.6831629792328098
,,,,,,10195.0,0.0,0.00602,100.0,3.698814832990956
,,,,,,10196.0,0.0,0.00602,100.0,3.675613215643808
,,,,,,10197.0,0.0,0.00602,100.0,3.694286305526401
,,,,,,10198.0,0.0,0.00602,100.0,3.6886908184054863
,,,,,,10199.0,0.0,0.00602,100.0,3.686000718940832
,,,,,,10200.0,0.0,0.00602,100.0,3.7091623109205663
,,,,,,10201.0,0.0,0.00602,100.0,3.6940110150245493
,,,,,,10202.0,0.0,0.00602,100.0,3.704957918733872
,,,,,,10203.0,0.0,0.00602,100.0,3.7142539855624093
,,,,,,10204.0,0.0,0.00602,100.0,3.6899089419102875
,,,,,,10205.0,0.0,0.00602,100.0,3.693893222186618
,,,,,,10206.0,0.0,0.00602,100.0,3.6939045250144456
,,,,,,10207.0,0.0,0.00602,100.0,3.7073154374178556
,,,,,,10208.0,0.0,0.00602,100.0,3.673263809667369
,,,,,,10209.0,0.0,0.00602,100.0,3.701051671646381
,,,,,,10210.0,0.0,0.00602,100.0,3.7046799451569874
,,,,,,10211.0,0.0,0.00602,100.0,3.691484858851298
,,,,,,10212.0,0.0,0.00602,100.0,3.7119814246911185
,,,,,,10213.0,0.0,0.00602,100.0,3.698581811668732
,,,,,,10214.0,0.0,0.00602,100.0,3.70490559938714
,,,,,,10216.0,0.0,0.00602,100.0,3.706720488881546
,,,,,,10217.0,0.0,0.00602,100.0,3.695606133482925
,,,,,,10218.0,0.0,0.00602,100.0,3.6731362168363786
,,,,,,10219.0,0.0,0.00602,100.0,3.701717768254531
,,,,,,10220.0,0.0,0.00602,100.0,3.6953410296339295
,,,,,,10221.0,0.0,0.00602,100.0,3.7020149429762435
,,,,,,10222.0,0.0,0.00602,100.0,3.6960663761547132
,,,,,,10223.0,0.0,0.00602,100.0,3.6983600168867645
,,,,,,10224.0,0.0,0.00602,100.0,3.7066199099272894
,,,,,,10225.0,0.0,0.00602,100.0,3.706397168732806
,,,,,,10226.0,0.0,0.00602,100.0,3.708667777968275
,,,,,,10227.0,0.0,0.00602,100.0,3.7137481014120364
,,,,,,10228.0,0.0,0.00602,100.0,3.6985531950735084
,,,,,,10229.0,0.0,0.00602,100.0,3.7011209626479653
,,,,,,10229.0,0.0,0.00602,100.0,3.6876335815363084
,,,,,,10229.0,0.0,0.00602,100.0,3.690081237582491
,,,,,,10230.0,0.0,0.00602,100.0,3.719411409833326
,,,,,,10231.0,0.0,0.00602,100.0,3.691908097385322
,,,,,,10233.0,0.0,0.00602,100.0,3.6912961023442312
,,,,,,10234.0,0.0,0.00602,100.0,3.690218511455096
,,,,,,10235.0,0.0,0.00602,100.0,3.681829027982174
,,,,,,10236.0,0.0,0.00602,100.0,3.689958396863607
,,,,,,10237.0,0.0,0.00602,100.0,3.693456436861351
,,,,,,10238.0,0.0,0.00602,100.0,3.695663483136036
,,,,,,10239.0,0.0,0.00602,100.0,3.69753775926618
,,,,,,10240.0,0.0,0.00602,100.0,3.7129614150899015
,,,,,,10241.0,0.0,0.00602,100.0,3.7133244079775256
,,,,,,10242.0,0.0,0.00602,100.0,3.7016345095376146
,,,,,,10243.0,0.0,0.00602,100.0,3.706829475314433
,,,,,,10244.0,0.0,0.00602,100.0,3.6819915245300794
,,,,,,10245.0,0.0,0.00602,100.0,3.708602115076826
,,,,,,10246.0,0.0,0.00602,100.0,3.687378916693081
,,,,,,10246.0,0.0,0.00602,100.0,3.6964492649011653
,,,,,,10246.0,0.0,0.00602,100.0,3.685949789514585
,,,,,,,,,,
,,,,,,10246.0,-0.67336,0.0,0.0,3.6544371294110145
,,,,,,10248.0,-0.6715,0.0002,2.0836,3.6752527561871027
,,,,,,10249.0,-0.67894,0.0004,4.0876,3.689785652579732
,,,,,,10250.0,-0.67522,0.00059,6.0333,3.6736277589504804
,,,,,,10251.0,-0.67336,0.00076,7.82,3.6681715392876173
,,,,,,10252.0,-0.67336,0.00096,9.8611,3.6740905749501698
,,,,,,10253.0,-0.67336,0.00116,11.9287,3.6630539388843775
,,,,,,10254.0,-0.67522,0.00136,13.9646,3.67883480274486
,,,,,,10255.0,-0.6715,0.00155,15.8679,3.657313623914287
,,,,,,10256.0,-0.67522,0.00175,17.9461,3.660770051097522
,,,,,,10257.0,-0.67522,0.00193,19.754,3.6612979010116558
,,,,,,10258.0,-0.67522,0.00212,21.7898,3.6544985925710978
,,,,,,10259.0,-0.67894,0.00232,23.8098,3.6711716373941385
,,,,,,10260.0,-0.67336,0.0025,25.6017,3.6640716729442127
,,,,,,10261.0,-0.67522,0.00269,27.6376,3.6903567658074716
,,,,,,10262.0,-0.6715,0.00289,29.6787,3.6751926382776765
,,,,,,10263.0,-0.67336,0.00309,31.7146,3.660910274224013
,,,,,,10264.0,-0.67708,0.00329,33.7292,3.660349858353471
,,,,,,10265.0,-0.67336,0.00349,35.7703,3.662692154607833
,,,,,,10266.0,-0.67336,0.00368,37.7744,3.654408236098603
,,,,,,10267.0,-0.67894,0.00388,39.8155,3.6707054290524708
,,,,,,10268.0,-0.67522,0.00408,41.8566,3.668709241850517
,,,,,,10269.0,-0.67522,0.00428,43.8978,3.668909818112548
,,,,,,10270.0,-0.6715,0.00448,45.9336,3.665654065844064
,,,,,,10271.0,-0.6715,0.00468,47.9695,3.642799182846328
,,,,,,10272.0,-0.67894,0.00487,49.9629,3.6676777668493545
,,,,,,10273.0,-0.67894,0.00506,51.951,3.674780773659488
,,,,,,10274.0,-0.67894,0.00524,53.7748,3.682812911758505
,,,,,,10274.0,-1.35231,0.00524,53.7748,3.641890887327575
,,,,,,10276.0,-1.35231,0.00563,57.7828,3.6248605779925906
,,,,,,10277.0,-1.35231,0.00607,62.2893,3.639738079381214
,,,,,,10278.0,-1.35231,0.00642,65.8732,3.6285586185255516
,,,,,,10279.0,-1.35045,0.00682,69.9926,3.647881870337071
,,,,,,10280.0,-1.35231,0.00721,73.9635,3.6498201384241193
,,,,,,10281.0,-1.35231,0.00763,78.3162,3.639312177934506
,,,,,,10282.0,-1.35231,0.00801,82.1652,3.632335983930548
,,,,,,10283.0,-1.35045,0.00841,86.2475,3.6207612867361822
,,,,,,10284.0,-1.35231,0.0088,90.3298,3.631664766018942
,,,,,,10285.0,-1.35417,0.0092,94.3802,3.6499354025534214
,,,,,,10286.0,-1.35045,0.00955,97.9589,3.645198477466947
,,,,,,10286.0,-1.35045,0.00975,100.0,3.647623691831746
,,,,,,10286.0,-1.35045,0.00975,100.0,3.619018268510213
,,,,,,,,,,
,,,,,,10286.0,0.6715,0.0,0.0,3.7013906032244406
,,,,,,10288.0,0.66964,0.00019,12.8082,3.7257415446068096
,,,,,,10289.0,0.66964,0.00041,27.5,3.697459176037763
,,,,,,10290.0,0.66964,0.0006,39.5548,3.735836952441128
,,,,,,10291.0,0.66778,0.0008,52.7055,3.7100608265348964
,,,,,,10292.0,0.66964,0.00097,64.1781,3.7217271474517517
,,,,,,10293.0,0.66964,0.00117,77.226,3.702913446875853
,,,,,,10294.0,0.66964,0.00136,90.274,3.730784819421426
,,,,,,10295.0,0.66778,0.00151,100.0,3.725110966621164
,,,,,,10295.0,0.0,0.00151,100.0,3.714125322758718
,,,,,,10296.0,0.0,0.00151,100.0,3.6999841060914305
,,,,,,10297.0,0.0,0.00151,100.0,3.682320098116515
,,,,,,10298.0,0.0,0.00151,100.0,3.6889810527639924
,,,,,,10299.0,0.0,0.00151,100.0,3.706365829829104
,,,,,,10300.0,0.0,0.00151,100.0,3.6887124874171175
,,,,,,10301.0,0.0,0.00151,100.0,3.6895778595296753
,,,,,,10302.0,0.0,0.00151,100.0,3.692312453216911
,,,,,,10303.0,0.0,0.00151,100.0,3.68014177410363
,,,,,,10304.0,0.0,0.00151,100.0,3.699894023509487
,,,,,,10305.0,0.0,0.00151,100.0,3.692408091201547
,,,,,,10306.0,0.0,0.00151,100.0,3.6908535687588278
,,,,,,10307.0,0.0,0.00151,100.0,3.6858145548077417
,,,,,,10308.0,0.0,0.00151,100.0,3.695025712695734
,,,,,,10309.0,0.0,0.00151,100.0,3.6859270989810486
,,,,,,10310.0,0.0,0.00151,100.0,3.6957238418925047
,,,,,,10311.0,0.0,0.00151,100.0,3.6762725914235594
,,,,,,10311.0,0.0,0.00151,100.0,3.6844625531706408
,,,,,,,,,,
,,,,,,10311.0,-0.67336,0.0,0.0,3.6550228398824096
,,,,,,10312.0,-0.67708,0.00018,0.8616,3.6692420656087026
,,,,,,10313.0,-0.67522,0.00037,1.7704,3.68136143156044
,,,,,,10314.0,-0.67336,0.00057,2.7413,3.662690041488205
,,,,,,10315.0,-0.6715,0.00077,3.6799,3.6666087637007734
,,,,,,10316.0,-0.6715,0.00095,4.5614,3.6505777766646936
,,,,,,10317.0,-0.67336,0.00115,5.5173,3.6713553659199984
,,,,,,10318.0,-0.67336,0.00135,6.4659,3.654830323124596
,,,,,,10319.0,-0.67336,0.00152,7.3027,3.6592294967710206
,,,,,,10320.0,-0.67336,0.00171,8.2065,3.6833754691309832
,,,,,,10321.0,-0.67522,0.0019,9.1252,3.670916591303182
,,,,,,10322.0,-0.67708,0.00211,10.1358,3.661839185011916
,,,,,,10323.0,-0.67522,0.0023,11.067,3.65687080234074
,,,,,,10324.0,-0.67522,0.00248,11.9013,3.6643124250360946
,,,,,,10325.0,-0.67522,0.00268,12.8572,3.6620427285410386
,,,,,,10326.0,-0.67894,0.00288,13.848,3.671011615649456
,,,,,,10327.0,-0.6715,0.00308,14.7841,3.661606385714475
,,,,,,10328.0,-0.67522,0.00327,15.7301,3.64718980262125
,,,,,,10329.0,-0.6715,0.00345,16.5843,3.65157287739077
,,,,,,10330.0,-0.6715,0.00365,17.5577,3.64778154446023
,,,,,,10331.0,-0.67336,0.00385,18.5136,3.6619812215775784
,,,,,,10332.0,-0.6715,0.00405,19.4547,3.652294772536669
,,,,,,10333.0,-0.6715,0.00425,20.4082,3.6776846609257414
,,,,,,10334.0,-0.67336,0.00445,21.3642,3.662700538047943
,,,,,,10335.0,-0.67522,0.00462,22.191,3.6633716719661615
,,,,,,10336.0,-0.67708,0.00481,23.1296,3.660224646850629
,,,,,,10337.0,-0.67708,0.00504,24.2296,3.6648929454534946
,,,,,,10338.0,-0.6715,0.00523,25.1508,3.6468703189989387
,,,,,,10340.0,-0.67894,0.00543,26.1068,3.6490055806245065
,,,,,,10341.0,-0.67894,0.00563,27.0628,3.6755761600003956
,,,,,,10342.0,-0.67708,0.00583,28.0188,3.657057583082306
,,,,,,10343.0,-0.67336,0.00603,28.9698,3.6552175425377493
,,,,,,10344.0,-0.67522,0.00623,29.9258,3.653719124527427
,,,,,,10345.0,-0.67708,0.00644,30.9264,3.6485016033028486
,,,,,,10346.0,-0.67336,0.00663,31.8824,3.660070749104643
,,,,,,10347.0,-0.67336,0.00683,32.8359,3.6614628718062012
,,,,,,10348.0,-0.67336,0.00703,33.7894,3.6584222771061086
,,,,,,10349.0,-0.67522,0.00723,34.7379,3.659889932569048
,,,,,,10350.0,-0.6715,0.0074,35.5747,3.645756045477304
,,,,,,10351.0,-0.67522,0.0076,36.5034,3.6556479569049403
,,,,,,10352.0,-0.67708,0.0078,37.4966,3.6546594956978247
,,,,,,10353.0,-0.67522,0.00798,38.3359,3.666284742369928
,,,,,,10354.0,-0.67894,0.00818,39.2893,3.6726661519742465
,,,,,,10355.0,-0.67522,0.00837,40.2453,3.6520393194738134
,,,,,,10356.0,-0.67522,0.00857,41.1914,3.655745764334755
,,,,,,10357.0,-0.67522,0.00877,42.1473,3.6670519354936704
,,,,,,10358.0,-0.67522,0.00897,43.1008,3.6611602808221004
,,,,,,10359.0,-0.67894,0.00917,44.0469,3.666299060434284
,,,,,,10361.0,-0.67522,0.00936,44.9855,3.664082258426281
,,,,,,10362.0,-0.67336,0.00957,45.9762,3.646920138432404
,,,,,,10363.0,-0.67522,0.00976,46.8875,3.6563425224621833
,,,,,,10364.0,-0.6715,0.00993,47.7218,3.657068435463478
,,,,,,10365.0,-0.67336,0.01013,48.6778,3.6532987704989712
,,,,,,10366.0,-0.6715,0.01033,49.6288,3.674710379804373
,,,,,,10367.0,-0.67522,0.0105,50.4755,3.655968785562005
,,,,,,10368.0,-0.67708,0.01071,51.4762,3.6497486031113784
,,,,,,10369.0,-0.67522,0.01089,52.3477,3.6526864670070465
,,,,,,10370.0,-0.67708,0.01109,53.3037,3.6476714567711244
,,,,,,10371.0,-0.67522,0.01129,54.2572,3.6523134831471897
,,,,,,10372.0,-0.6715,0.01149,55.2107,3.6560210555419657
,,,,,,10373.0,-0.67522,0.01169,56.1667,3.6415152891006684
,,,,,,10374.0,-0.67522,0.01189,57.1202,3.660009087603557
,,,,,,10375.0,-0.67336,0.01208,58.0662,3.648555064380053
,,,,,,10376.0,-0.67336,0.01226,58.9129,3.6471334398877873
,,,,,,10377.0,-0.67522,0.01248,59.9508,3.6572893372752207
,,,,,,10378.0,-0.67522,0.01267,60.9068,3.6486334541378915
,,,,,,10379.0,-0.67894,0.01286,61.7908,3.6398405748850484
,,,,,,10380.0,-0.6715,0.01306,62.7467,3.644519263417337
,,,,,,10381.0,-0.67708,0.01326,63.7027,3.662713994100284
,,,,,,10382.0,-0.67336,0.01345,64.6587,3.6636163849391323
,,,,,,10383.0,-0.6715,0.01365,65.6147,3.657810903087186
,,,,,,10384.0,-0.67708,0.01385,66.5682,3.646951659177706
,,,,,,10385.0,-0.67522,0.01405,67.5217,3.650802197695663
,,,,,,10387.0,-0.67336,0.01424,68.4503,3.660817626655269
,,,,,,10388.0,-0.6715,0.01442,69.3045,3.6468003004979903
,,,,,,10389.0,-0.67708,0.01463,70.3151,3.6593581110623368
,,,,,,10390.0,-0.67522,0.01482,71.2313,3.635600786646317
,,,,,,10391.0,-0.67708,0.01502,72.1799,3.657750485022696
,,,,,,10392.0,-0.67522,0.01519,73.0167,3.660047942531038
,,,,,,10393.0,-0.66964,0.01539,73.9726,3.6648157821088017
,,,,,,10394.0,-0.67522,0.0156,74.9733,3.656235094737993
,,,,,,10395.0,-0.67894,0.0158,75.9094,3.672678345107198
,,,,,,10396.0,-0.67522,0.01597,76.7462,3.64832551970998
,,,,,,10397.0,-0.6715,0.01618,77.7692,3.6495228362567675
,,,,,,10398.0,-0.67708,0.0163,78.3453,3.6490046104376184
,,,,,,10398.0,-1.35417,0.0163,78.3453,3.6229586499861193
,,,,,,10399.0,-1.35231,0.01673,80.4186,3.6149989370483575
,,,,,,10400.0,-1.35231,0.01714,82.3505,3.63149824560788
,,,,,,10401.0,-1.35045,0.01749,84.0464,3.6227857592810317
,,,,,,10402.0,-1.35231,0.01789,85.9583,3.6255909925786485
,,,,,,10403.0,-1.35045,0.01831,87.9795,3.613106602455825
,,,,,,10404.0,-1.35231,0.01866,89.6953,3.6055597502748937
,,,,,,10405.0,-1.35045,0.01909,91.7364,3.6070293943509957
,,,,,,10406.0,-1.35045,0.01949,93.6484,3.616522099450534
,,,,,,10407.0,-1.34859,0.01984,95.3443,3.610171778275968
,,,,,,10408.0,-1.35231,0.02026,97.3655,3.6177505651351693
,,,,,,10409.0,-1.35231,0.02061,99.044,3.6078012408648945
,,,,,,10410.0,-1.35045,0.02081,100.0,3.6278441820335994
,,,,,,10410.0,-1.35045,0.02081,100.0,3.6181405999998804
,,,,,,,,,,
,,,,,,10410.0,0.66964,0.0,0.0,3.698591947441068
,,,,,,10411.0,0.66964,0.00021,13.7397,3.722525641629638
,,,,,,10412.0,0.66778,0.00042,27.9959,3.6917673703361924
,,,,,,10413.0,0.66964,0.00061,40.7713,3.7167900430098206
,,,,,,10414.0,0.66964,0.00079,52.927,3.725118781998539
,,,,,,10415.0,0.66964,0.00099,66.0468,3.717884270932189
,,,,,,10416.0,0.66964,0.00118,78.9256,3.734026397524439
,,,,,,10417.0,0.66964,0.00138,91.8388,3.716353771230763
,,,,,,10418.0,0.66778,0.0015,100.0,3.70382455198459
,,,,,,10418.0,0.0,0.0015,100.0,3.6777462583459344
,,,,,,10419.0,0.0,0.0015,100.0,3.6792344826886665
,,,,,,10420.0,0.0,0.0015,100.0,3.6910601730079136
,,,,,,10421.0,0.0,0.0015,100.0,3.6850329660992585
,,,,,,10422.0,0.0,0.0015,100.0,3.6889703274112327
,,,,,,10423.0,0.0,0.0015,100.0,3.6834490204275276
,,,,,,10424.0,0.0,0.0015,100.0,3.6663862636062827
,,,,,,10425.0,0.0,0.0015,100.0,3.6973454747802146
,,,,,,10426.0,0.0,0.0015,100.0,3.686563583827824
,,,,,,10427.0,0.0,0.0015,100.0,3.669157502294218
,,,,,,10428.0,0.0,0.0015,100.0,3.6917886989814845
,,,,,,10429.0,0.0,0.0015,100.0,3.6731320022056937
,,,,,,10430.0,0.0,0.0015,100.0,3.6834297799698246
,,,,,,10431.0,0.0,0.0015,100.0,3.6773510961373885
,,,,,,10432.0,0.0,0.0015,100.0,3.6895136303802256
,,,,,,10433.0,0.0,0.0015,100.0,3.6779533677784184
,,,,,,10434.0,0.0,0.0015,100.0,3.6858815903511113
,,,,,,10434.0,0.0,0.0015,100.0,3.6852358458535184
,,,,,,,,,,
,,,,,,10434.0,-0.66406,0.0,0.0,3.652710197687126
,,,,,,10435.0,-0.6715,0.0002,0.4875,3.652862162550551
,,,,,,10436.0,-0.67708,0.00039,0.9462,3.6534319432157196
,,,,,,10437.0,-0.6715,0.00057,1.3735,3.646484112497119
,,,,,,10438.0,-0.67336,0.00078,1.8874,3.66183853558435
,,,,,,10439.0,-0.66964,0.00096,2.3323,3.654335790715142
,,,,,,10440.0,-0.67522,0.00116,2.816,3.673389038014762
,,,,,,10441.0,-0.67522,0.00134,3.2521,3.6556390933183045
,,,,,,10442.0,-0.67522,0.00154,3.7346,3.646765999256731
,,,,,,10443.0,-0.67522,0.00174,4.2184,3.641743037379822
,,,,,,10444.0,-0.6715,0.00194,4.6958,3.654265547126274
,,,,,,10445.0,-0.6715,0.00217,5.2598,3.661342787094544
,,,,,,10446.0,-0.6715,0.00237,5.7373,3.639745361045056
,,,,,,10447.0,-0.67336,0.00256,6.2198,3.6634831994157357
,,,,,,10448.0,-0.67894,0.00277,6.7098,3.64584368872668
,,,,,,10449.0,-0.67522,0.00294,7.1371,3.6588645990175737
,,,,,,10450.0,-0.67522,0.00314,7.6159,3.6623123682354524
,,,,,,10451.0,-0.67894,0.00334,8.0984,3.667926984331394
,,,,,,10452.0,-0.67894,0.00355,8.6034,3.6552985768918673
,,,,,,10454.0,-0.67522,0.00374,9.0658,3.6451209071773896
,,,,,,10455.0,-0.67522,0.00394,9.5483,3.6475707387405354
,,,,,,10456.0,-0.6808,0.00414,10.0534,3.650264663198335
,,,,,,10457.0,-0.66778,0.00432,10.477,3.6639177784575767
,,,,,,10458.0,-0.67336,0.00452,10.9595,3.630426187753446
,,,,,,10459.0,-0.66778,0.00472,11.4369,3.6621355646480356
,,,,,,10460.0,-0.67336,0.00492,11.9232,3.6634847888911173
,,,,,,10461.0,-0.67336,0.0051,12.3631,3.6343714204562394
,,,,,,10462.0,-0.67522,0.00529,12.8218,3.646765771920567
,,,,,,10463.0,-0.67522,0.00548,13.303,3.6501428792017796
,,,,,,10464.0,-0.6715,0.00569,13.8118,3.65283319409571
,,,,,,10465.0,-0.67522,0.00589,14.2943,3.6584562766983115
,,,,,,10466.0,-0.68266,0.00608,14.7392,3.659425228492863
,,,,,,10467.0,-0.66964,0.00627,15.2092,3.6556313350655674
,,,,,,10468.0,-0.67336,0.00647,15.6854,3.6785148865180006
,,,,,,10469.0,-0.67522,0.00659,15.9824,3.6471665112584297
,,,,,,10469.0,-5.41295,0.00659,15.9824,3.4472945385849694
,,,,,,10470.0,-5.40737,0.008,19.4075,3.451055744563874
,,,,,,10471.0,-5.40737,0.00955,23.1596,3.4322289163207524
,,,,,,10472.0,-5.40365,0.01114,27.0208,3.444863669073707
,,,,,,10473.0,-5.40737,0.01269,30.773,3.432043449306118
,,,,,,10474.0,-5.40923,0.01428,34.6354,3.449527042611487
,,,,,,10475.0,-5.40923,0.01587,38.4991,3.4090458266318846
,,,,,,10476.0,-5.40923,0.01747,42.3616,3.4218274325920435
,,,,,,10477.0,-5.40923,0.01865,45.2402,3.422139328255065
,,,,,,10477.0,-3.38356,0.01865,45.2402,3.515383525263857
,,,,,,10478.0,-3.37798,0.01953,47.3795,3.491282373580976
,,,,,,10479.0,-3.37984,0.02066,50.1128,3.4983950032481084
,,,,,,10480.0,-3.38542,0.02162,52.4363,3.4990037743187337
,,,,,,10481.0,-3.37798,0.02252,54.6219,3.510303370796391
,,,,,,10482.0,-3.37984,0.02352,57.0356,3.4974122918732795
,,,,,,10483.0,-3.37984,0.02451,59.4493,3.5017998384002604
,,,,,,10484.0,-3.3817,0.02551,61.863,3.5087196407808157
,,,,,,10485.0,-3.37984,0.02653,64.3444,3.488983766374394
,,,,,,10486.0,-3.37984,0.02751,66.713,3.4852716276724434
,,,,,,10487.0,-3.37984,0.02838,68.831,3.5028022846130207
,,,,,,10488.0,-3.37984,0.02947,71.4715,3.5072840748683416
,,,,,,10489.0,-3.37984,0.03042,73.7712,3.495604750431279
,,,,,,10490.0,-3.37798,0.03141,76.1837,3.487863413754649
,,,,,,10491.0,-3.37984,0.03241,78.5974,3.517254536226308
,,,,,,10492.0,-3.37984,0.0334,81.0111,3.510392886122507
,,,,,,10494.0,-3.37984,0.0344,83.4236,3.481008198653967
,,,,,,10495.0,-3.37984,0.03539,85.8373,3.483599590235892
,,,,,,10496.0,-3.37984,0.03639,88.251,3.507548843444446
,,,,,,10497.0,-3.37984,0.03738,90.6635,3.498959776080619
,,,,,,10498.0,-3.3817,0.03837,93.0546,3.510024006418053
,,,,,,10499.0,-3.37984,0.03924,95.1726,3.508033115722914
,,,,,,10500.0,-3.37798,0.04023,97.585,3.5106015302312064
,,,,,,10501.0,-3.37984,0.04123,100.0,3.5009528262240805
,,,,,,10501.0,-3.37984,0.04123,100.0,3.5042364770911565
,,,,,,,,,,
,,,,,,10501.0,1.34115,0.0,0.0,3.6921778023342324
,,,,,,10502.0,1.34301,0.00039,13.2125,3.694970918888744
,,,,,,10503.0,1.34487,0.00079,26.5644,3.69975096418116
,,,,,,10504.0,1.34859,0.00116,39.2888,3.7068380879328426
,,,,,,10505.0,1.34487,0.00154,51.8912,3.707525432667268
,,,,,,10506.0,1.34301,0.00193,64.9817,3.71081138456159
,,,,,,10507.0,1.34301,0.00232,78.3336,3.729248422384107
,,,,,,10508.0,1.34487,0.00272,91.6855,3.7148207852199575
,,,,,,10509.0,1.34487,0.00296,100.0,3.7351674375223505
,,,,,,10509.0,1.34487,0.00296,100.0,3.721618730679541
,,,,,,,,,,
,,,,,,10509.0,-1.34859,0.0,0.0,3.6072623724080404
,,,,,,10510.0,-1.35045,0.00038,3.1514,3.5974759789413575
,,,,,,10511.0,-1.35231,0.00078,6.4875,3.6056809030465877
,,,,,,10512.0,-1.35231,0.00115,9.5187,3.6195503956189574
,,,,,,10513.0,-1.34859,0.00153,12.7345,3.6021366871607463
,,,,,,10514.0,-1.35231,0.00193,16.0405,3.5756496105355047
,,,,,,10515.0,-1.35231,0.00233,19.3465,3.5832868069976813
,,,,,,10516.0,-1.34859,0.00273,22.6525,3.60891749885672
,,,,,,10517.0,-1.35417,0.00312,25.9585,3.6201714955384325
,,,,,,10518.0,-1.35045,0.0035,29.0799,3.618105681811872
,,,,,,10519.0,-1.35231,0.00386,32.0725,3.598185988253067
,,,,,,10520.0,-1.35789,0.00426,35.3828,3.5960842612865207
,,,,,,10521.0,-1.35417,0.00465,38.6029,3.6100477395677113
,,,,,,10522.0,-1.35417,0.00502,41.7243,3.58475849735695
,,,,,,10523.0,-1.35231,0.00539,44.7512,3.6039999697663254
,,,,,,10524.0,-1.35231,0.00578,48.0228,3.608892305821624
,,,,,,10525.0,-1.35231,0.00618,51.3331,3.5941948509221078
,,,,,,10526.0,-1.35231,0.00658,54.6692,3.601042591008891
,,,,,,10527.0,-1.35231,0.00695,57.7605,3.6113856023072284
,,,,,,10528.0,-1.35045,0.00734,61.0322,3.6130458140247406
,,,,,,10529.0,-1.35231,0.00775,64.4326,3.5950615484010258
,,,,,,10530.0,-1.35231,0.0081,67.335,3.5921651710672227
,,,,,,10531.0,-1.35231,0.0085,70.641,3.6170387406412314
,,,,,,10533.0,-1.35231,0.0089,73.947,3.6000530843575596
,,,,,,10534.0,-1.35231,0.0093,77.2573,3.5902880354453988
,,,,,,10535.0,-1.35231,0.0097,80.5633,3.604565124750067
,,,,,,10536.0,-1.35045,0.01012,84.0582,3.598091310550111
,,,,,,10537.0,-1.35231,0.01048,87.0851,3.5911040911084102
,,,,,,10538.0,-1.35045,0.01088,90.3911,3.5943937328029913
,,,,,,10539.0,-1.35231,0.01125,93.4825,3.587156115068455
,,,,,,10540.0,-1.35231,0.01164,96.694,3.585246861272905
,,,,,,10541.0,-1.35045,0.01203,100.0,3.596179076204914
,,,,,,10541.0,-1.35231,0.01203,100.0,3.601762011647044
,,,,,,10541.0,-1.35231,0.01203,100.0,3.5891910408331893
,,,,,,,,,,
,,,,,,10541.0,2.70275,0.0,0.0,3.77370231454365
,,,,,,10542.0,2.69717,0.00091,15.0283,3.786465998529525
,,,,,,10543.0,2.69903,0.00166,27.5732,3.7844901548189336
,,,,,,10544.0,2.69717,0.00249,41.2399,3.7745431413936363
,,,,,,10545.0,2.69903,0.0032,53.0399,3.7818727518696384
,,,,,,10546.0,2.69903,0.004,66.21,3.79215173726852
,,,,,,10547.0,2.69903,0.00492,81.4866,3.8061737797558446
,,,,,,10548.0,2.69903,0.00564,93.5349,3.7981844413530514
,,,,,,10549.0,2.69903,0.00603,100.0,3.8102700010931314
,,,,,,10549.0,0.0,0.00603,100.0,3.686028209935352
,,,,,,10550.0,0.0,0.00603,100.0,3.652987700117474
,,,,,,10551.0,0.0,0.00603,100.0,3.6621388121964507
,,,,,,10552.0,0.0,0.00603,100.0,3.6791113891885847
,,,,,,10553.0,0.0,0.00603,100.0,3.6852656446762655
,,,,,,10554.0,0.0,0.00603,100.0,3.6796239295245443
,,,,,,10555.0,0.0,0.00603,100.0,3.678549211894092
,,,,,,10556.0,0.0,0.00603,100.0,3.6767955279021547
,,,,,,10557.0,0.0,0.00603,100.0,3.6653060867992298
,,,,,,10558.0,0.0,0.00603,100.0,3.66008663175545
,,,,,,10559.0,0.0,0.00603,100.0,3.6713348395584218
,,,,,,10560.0,0.0,0.00603,100.0,3.674548541368304
,,,,,,10561.0,0.0,0.00603,100.0,3.679127644097063
,,,,,,10562.0,0.0,0.00603,100.0,3.6734605524592623
,,,,,,10563.0,0.0,0.00603,100.0,3.6702623281239672
,,,,,,10564.0,0.0,0.00603,100.0,3.6679484278317136
,,,,,,10565.0,0.0,0.00603,100.0,3.6788577876297186
,,,,,,10566.0,0.0,0.00603,100.0,3.661456040683837
,,,,,,10567.0,0.0,0.00603,100.0,3.660254824416934
,,,,,,10569.0,0.0,0.00603,100.0,3.673829534945964
,,,,,,10570.0,0.0,0.00603,100.0,3.673602675603104
,,,,,,10571.0,0.0,0.00603,100.0,3.664931653117037
,,,,,,10572.0,0.0,0.00603,100.0,3.665092354041305
,,,,,,10573.0,0.0,0.00603,100.0,3.6734130130002662
,,,,,,10574.0,0.0,0.00603,100.0,3.678835801656954
,,,,,,10575.0,0.0,0.00603,100.0,3.680326724432707
,,,,,,10576.0,0.0,0.00603,100.0,3.677899515251543
,,,,,,10577.0,0.0,0.00603,100.0,3.6804619096088453
,,,,,,10578.0,0.0,0.00603,100.0,3.655998942501515
,,,,,,10579.0,0.0,0.00603,100.0,3.6636687138253894
,,,,,,10580.0,0.0,0.00603,100.0,3.689510902162757
,,,,,,10581.0,0.0,0.00603,100.0,3.6832900099767945
,,,,,,10582.0,0.0,0.00603,100.0,3.6668054759363367
,,,,,,10583.0,0.0,0.00603,100.0,3.6757120637110527
,,,,,,10584.0,0.0,0.00603,100.0,3.684520644045433
,,,,,,10585.0,0.0,0.00603,100.0,3.6625140433138212
,,,,,,10586.0,0.0,0.00603,100.0,3.661519702490476
,,,,,,10587.0,0.0,0.00603,100.0,3.645949073751798
,,,,,,10588.0,0.0,0.00603,100.0,3.6723164927567553
,,,,,,10589.0,0.0,0.00603,100.0,3.664719454588986
,,,,,,10590.0,0.0,0.00603,100.0,3.6805324483737363
,,,,,,10591.0,0.0,0.00603,100.0,3.685994411750049
,,,,,,10592.0,0.0,0.00603,100.0,3.6669667433802804
,,,,,,10593.0,0.0,0.00603,100.0,3.668165864820872
,,,,,,10594.0,0.0,0.00603,100.0,3.6692687503988246
,,,,,,10595.0,0.0,0.00603,100.0,3.6784841417899097
,,,,,,10597.0,0.0,0.00603,100.0,3.660494307834049
,,,,,,10598.0,0.0,0.00603,100.0,3.6670973249237706
,,,,,,10599.0,0.0,0.00603,100.0,3.6745425623736865
,,,,,,10600.0,0.0,0.00603,100.0,3.673766544561106
,,,,,,10601.0,0.0,0.00603,100.0,3.679021274627102
,,,,,,10602.0,0.0,0.00603,100.0,3.678770009408789
,,,,,,10603.0,0.0,0.00603,100.0,3.6780524737133575
,,,,,,10604.0,0.0,0.00603,100.0,3.6837381881719184
,,,,,,10604.0,0.0,0.00603,100.0,3.6879497536840637
,,,,,,10604.0,0.0,0.00603,100.0,3.6957000709451697
,,,,,,,,,,
,,,,,,10604.0,-0.67336,0.0,0.0,3.6466115508521804
,,,,,,10605.0,-0.67336,0.00019,1.9923,3.6550422891357686
,,,,,,10606.0,-0.6715,0.00038,3.905,3.6469325057087842
,,,,,,10607.0,-0.6715,0.00057,5.8231,3.655250307641604
,,,,,,10608.0,-0.6715,0.00076,7.8207,3.653400050850821
,,,,,,10609.0,-0.67336,0.00096,9.8606,3.6468776700229832
,,,,,,10610.0,-0.67336,0.00116,11.9006,3.630041413007476
,,,,,,10611.0,-0.67336,0.00135,13.7975,3.6636142880299327
,,,,,,10612.0,-0.67522,0.00155,15.8957,3.6625598444778005
,,,,,,10613.0,-0.67336,0.00176,18.0099,3.665558292742928
,,,,,,10614.0,-0.67522,0.00194,19.8591,3.6422141777229995
,,,,,,10615.0,-0.67894,0.00214,21.9043,3.65213131202526
,,,,,,10616.0,-0.67336,0.00233,23.939,3.662389113354668
,,,,,,10618.0,-0.67336,0.00253,25.9736,3.6539978835479268
,,,,,,10619.0,-0.67708,0.00273,28.0136,3.654537036438852
,,,,,,10620.0,-0.67894,0.00293,30.0535,3.6580694676659586
,,,,,,10621.0,-0.67894,0.00313,32.0882,3.6417064886500117
,,,,,,10622.0,-0.67522,0.00332,34.0327,3.66067407050072
,,,,,,10623.0,-0.66964,0.00352,36.0462,3.637546232800412
,,,,,,10624.0,-0.67522,0.00372,38.1762,3.625354269956632
,,,,,,10625.0,-0.67336,0.00391,40.142,3.645035978400099
,,,,,,10626.0,-0.67522,0.0041,42.0654,3.6337526686012995
,,,,,,10627.0,-0.67522,0.00428,43.8563,3.639103675246959
,,,,,,10628.0,-0.67708,0.00448,45.8963,3.650804471197733
,,,,,,10629.0,-0.67522,0.00467,47.9362,3.6479042134351576
,,,,,,10630.0,-0.66964,0.00487,49.9709,3.62578029222777
,,,,,,10631.0,-0.6715,0.00508,52.0638,3.6386174924173336
,,,,,,10632.0,-0.67708,0.00525,53.8335,3.647436371552628
,,,,,,10632.0,-1.35045,0.00525,53.8335,3.6181124827222186
,,,,,,10633.0,-1.35231,0.0057,58.4168,3.609958964492157
,,,,,,10634.0,-1.35231,0.00605,61.9986,3.6095188989016367
,,,,,,10635.0,-1.35045,0.00644,66.0732,3.6057873485177856
,,,,,,10636.0,-1.35045,0.00683,69.9995,3.601308628213994
,,,,,,10637.0,-1.35045,0.00722,74.0847,3.6195500320448275
,,,,,,10638.0,-1.35045,0.00764,78.3182,3.605303907208412
,,,,,,10639.0,-1.35231,0.00799,81.9001,3.610920929178074
,,,,,,10640.0,-1.35417,0.0084,86.1018,3.6182541307018807
,,,,,,10641.0,-1.35231,0.00876,89.7949,3.59321376505728
,,,,,,10642.0,-1.35231,0.00915,93.8801,3.601831354409332
,,,,,,10643.0,-1.35231,0.00955,97.96,3.606015534738807
,,,,,,10644.0,-1.35231,0.00975,100.0,3.601263565748733
,,,,,,10644.0,-1.35231,0.00975,100.0,3.607329223749431
,,,,,,,,,,
,,,,,,10644.0,0.66778,0.0,0.0,3.679657432529481
,,,,,,10645.0,0.66964,0.0002,13.2414,3.6833542472235323
,,,,,,10646.0,0.66778,0.00037,24.6552,3.6875943839269785
,,,,,,10647.0,0.66964,0.00057,38.2069,3.7043967530121193
,,,,,,10648.0,0.66778,0.00075,50.2414,3.6944918863475062
,,,,,,10649.0,0.66778,0.00095,63.1379,3.672736498790315
,,,,,,10650.0,0.66964,0.00115,77.0345,3.7086854226776826
,,,,,,10651.0,0.66778,0.00135,90.2069,3.694842427232183
,,,,,,10652.0,0.66964,0.0015,100.0,3.705021710277958
,,,,,,10652.0,0.0,0.0015,100.0,3.680294664984739
,,,,,,10653.0,0.0,0.0015,100.0,3.672410069104043
,,,,,,10654.0,0.0,0.0015,100.0,3.6685490959918665
,,,,,,10655.0,0.0,0.0015,100.0,3.6804298106453324
,,,,,,10656.0,0.0,0.0015,100.0,3.6693204404122985
,,,,,,10657.0,0.0,0.0015,100.0,3.65409387520052
,,,,,,10658.0,0.0,0.0015,100.0,3.681460052620762
,,,,,,10660.0,0.0,0.0015,100.0,3.6667429294290077
,,,,,,10661.0,0.0,0.0015,100.0,3.6770238524455707
,,,,,,10662.0,0.0,0.0015,100.0,3.6755983876913647
,,,,,,10663.0,0.0,0.0015,100.0,3.681251305422852
,,,,,,10664.0,0.0,0.0015,100.0,3.6771918597710793
,,,,,,10665.0,0.0,0.0015,100.0,3.6637591145856163
,,,,,,10666.0,0.0,0.0015,100.0,3.6598763401687053
,,,,,,10667.0,0.0,0.0015,100.0,3.667652360762989
,,,,,,10668.0,0.0,0.0015,100.0,3.673008550747442
,,,,,,10668.0,0.0,0.0015,100.0,3.681163663522359
,,,,,,10668.0,0.0,0.0015,100.0,3.6777565289973992
,,,,,,,,,,
,,,,,,10668.0,-0.66778,0.0,0.0,3.652793091836698
,,,,,,10669.0,-0.67522,0.0002,0.9409,3.632226442314469
,,,,,,10670.0,-0.67522,0.00039,1.8595,3.6382948179843093
,,,,,,10671.0,-0.67708,0.00056,2.7061,3.6567736061885667
,,,,,,10672.0,-0.6715,0.00077,3.6793,3.651138514296189
,,,,,,10673.0,-0.67894,0.00097,4.6625,3.628394247829262
,,,,,,10674.0,-0.67708,0.00116,5.5761,3.6396036034497894
,,,,,,10675.0,-0.67708,0.00136,6.5195,3.6334521035952765
,,,,,,10676.0,-0.67708,0.00156,7.4778,3.6609135821047363
,,,,,,10678.0,-0.67522,0.00176,8.4337,3.626446958203438
,,,,,,10679.0,-0.67708,0.00194,9.3448,3.640120934169271
,,,,,,10680.0,-0.6808,0.00215,10.318,3.634865252955342
,,,,,,10681.0,-0.67522,0.00234,11.2466,3.6527280387534127
,,,,,,10682.0,-0.67894,0.00254,12.2024,3.6431994900237465
,,,,,,10683.0,-0.6715,0.00274,13.1557,3.634730313618796
,,,,,,10684.0,-0.67522,0.00292,14.0296,3.638796465188789
,,,,,,10685.0,-0.66778,0.00312,15.0128,3.632856336921122
,,,,,,10686.0,-0.67522,0.00333,15.9959,3.641364713683321
,,,,,,10687.0,-0.66964,0.00351,16.8698,3.646708939540953
,,,,,,10688.0,-0.67522,0.0037,17.7959,3.635279017965725
,,,,,,10689.0,-0.67336,0.00389,18.6872,3.638881095066948
,,,,,,10690.0,-0.6715,0.00409,19.643,3.6588795662637454
,,,,,,10691.0,-0.6715,0.00429,20.5963,3.625062941161692
,,,,,,10692.0,-0.67894,0.00448,21.5497,3.6519459067440727
,,,,,,10693.0,-0.67708,0.0047,22.5651,3.6094368745250813
,,,,,,10694.0,-0.67522,0.00489,23.5135,3.6275384391692405
,,,,,,10695.0,-0.67336,0.00507,24.3502,3.645123049359554
,,,,,,10696.0,-0.67336,0.00526,25.2961,3.6318190009128193
,,,,,,10697.0,-0.6715,0.00545,26.2047,3.6347284428800632
,,,,,,10698.0,-0.67894,0.00565,27.1581,3.6328808911223174
,,,,,,10699.0,-0.6808,0.00585,28.1089,3.6231912508948105
,,,,,,10701.0,-0.66592,0.00605,29.0648,3.634278396124595
,,,,,,10702.0,-0.67336,0.00625,30.0156,3.6289427242220564
,,,,,,10703.0,-0.67522,0.00645,30.9715,3.6382146608335044
,,,,,,10704.0,-0.67708,0.00666,31.9894,3.6428764158026286
,,,,,,10705.0,-0.67894,0.00686,32.9527,3.627411928948733
,,,,,,10706.0,-0.67708,0.00704,33.8092,3.6443991379273575
,,,,,,10707.0,-0.67708,0.00723,34.7625,3.6477203029758978
,,,,,,10708.0,-0.67336,0.00743,35.7208,3.637496447757436
,,,,,,10709.0,-0.67522,0.00763,36.6767,3.6280107143204847
,,,,,,10710.0,-0.67708,0.00784,37.6847,3.652082632621585
,,,,,,10711.0,-0.67522,0.00802,38.5486,3.633212382874241
,,,,,,10712.0,-0.67522,0.00822,39.5045,3.632411085883815
,,,,,,10713.0,-0.67522,0.00842,40.4628,3.6550271334770787
,,,,,,10714.0,-0.67522,0.00862,41.4161,3.6393641361928077
,,,,,,10715.0,-0.67708,0.00882,42.3695,3.63314414618366
,,,,,,10716.0,-0.67522,0.00902,43.3253,3.6483466009556853
,,,,,,10717.0,-0.67522,0.00921,44.2514,3.647442103538735
,,,,,,10718.0,-0.67708,0.00939,45.1054,3.6330665469238177
,,,,,,10719.0,-0.67894,0.00958,46.0339,3.6208264136423822
,,,,,,10720.0,-0.67708,0.00978,47.0071,3.62490701630386
,,,,,,10721.0,-0.67336,0.00998,47.9456,3.6342055768179105
,,,,,,10722.0,-0.67522,0.01015,48.7822,3.62363416637149
,,,,,,10723.0,-0.66964,0.01035,49.7381,3.629312288768819
,,,,,,10724.0,-0.67522,0.01055,50.7014,3.6229830991917247
,,,,,,10725.0,-0.66964,0.01073,51.5455,3.651275542424537
,,,,,,10727.0,-0.67522,0.01093,52.5212,3.64354579040862
,,,,,,10728.0,-0.67336,0.01113,53.477,3.62641339778794
,,,,,,10729.0,-0.67522,0.01133,54.4229,3.6255116591509258
,,,,,,10730.0,-0.67708,0.01153,55.3787,3.621179480193957
,,,,,,10731.0,-0.66964,0.01172,56.3321,3.618176650769999
,,,,,,10732.0,-0.67708,0.01192,57.2879,3.632395031436936
,,,,,,10733.0,-0.67708,0.01212,58.2338,3.6512537728665597
,,,,,,10734.0,-0.67336,0.01232,59.1772,3.630179982045131
,,,,,,10735.0,-0.67336,0.0125,60.0412,3.6444617575841227
,,,,,,10736.0,-0.67894,0.01269,60.9772,3.6361951145484754
,,,,,,10737.0,-0.66964,0.0129,61.9802,3.6422298901341237
,,,,,,10738.0,-0.6715,0.01308,62.8516,3.629131621993992
,,,,,,10739.0,-0.67336,0.01328,63.8025,3.6325514360764632
,,,,,,10740.0,-0.66964,0.01348,64.7583,3.636713310385298
,,,,,,10741.0,-0.67894,0.01368,65.7415,3.6432258507611963
,,,,,,10742.0,-0.67336,0.01388,66.6948,3.6433827944429553
,,,,,,10743.0,-0.6715,0.01408,67.6482,3.6181742405978867
,,,,,,10744.0,-0.67336,0.01427,68.5841,3.625965883822126
,,,,,,10745.0,-0.67708,0.01446,69.4754,3.6209557395314818
,,,,,,10746.0,-0.67336,0.01464,70.3642,3.635283742191005
,,,,,,10747.0,-0.67522,0.01485,71.3349,3.6195696892705493
,,,,,,10748.0,-0.67522,0.01503,72.2362,3.630003486323141
,,,,,,10749.0,-0.67708,0.01523,73.1895,3.6358296485576096
,,,,,,10751.0,-0.67522,0.01543,74.1453,3.644831889849959
,,,,,,10752.0,-0.67336,0.01563,75.1012,3.6422757823663345
,,,,,,10753.0,-0.67336,0.01583,76.0545,3.6302161830249315
,,,,,,10754.0,-0.67336,0.01601,76.911,3.648105697147437
,,,,,,10755.0,-0.6715,0.01621,77.8644,3.64124637392153
,,,,,,10755.0,-0.67336,0.01631,78.3858,3.625802679215211
,,,,,,10755.0,-1.35045,0.01631,78.3858,3.6058453799053503
,,,,,,10756.0,-1.35045,0.01669,80.2081,3.5855296694322845
,,,,,,10757.0,-1.35045,0.01704,81.8863,3.5936326948381785
,,,,,,10758.0,-1.35045,0.01744,83.7806,3.5999692001663974
,,,,,,10759.0,-1.35231,0.01786,85.8363,3.60088472170437
,,,,,,10760.0,-1.35231,0.01821,87.5146,3.586146002920897
,,,,,,10761.0,-1.35231,0.0186,89.3543,3.6069590283407207
,,,,,,10762.0,-1.35231,0.019,91.3032,3.5962915392004984
,,,,,,10763.0,-1.35231,0.01937,93.0535,3.58793333336531
,,,,,,10764.0,-1.35231,0.01977,94.9825,3.5924562037521377
,,,,,,10766.0,-1.35231,0.02017,96.8967,3.6067113275504994
,,,,,,10767.0,-1.35417,0.02056,98.8108,3.6027713871003626
,,,,,,10767.0,-1.35045,0.02081,100.0,3.579262150651273
,,,,,,10767.0,-1.35045,0.02081,100.0,3.610386381288392
,,,,,,,,,,
,,,,,,10767.0,0.6715,0.0,0.0,3.6862404145183643
,,,,,,10768.0,0.6715,0.00022,14.4333,3.66874253950398
,,,,,,10769.0,0.6715,0.00041,27.5921,3.683351470454585
,,,,,,10770.0,0.6715,0.0006,39.9242,3.6838968139347035
,,,,,,10772.0,0.6715,0.00079,52.6008,3.674818795555474
,,,,,,10773.0,0.6715,0.00099,66.2763,3.716039897020246
,,,,,,10774.0,0.6715,0.00117,77.8505,3.68320173748162
,,,,,,10775.0,0.67336,0.00138,91.7671,3.699632568405845
,,,,,,10775.0,0.6715,0.0015,100.0,3.7038763595641275
,,,,,,10775.0,0.0,0.0015,100.0,3.669378942754576
,,,,,,10776.0,0.0,0.0015,100.0,3.6652960587605175
,,,,,,10777.0,0.0,0.0015,100.0,3.6622441445311815
,,,,,,10778.0,0.0,0.0015,100.0,3.687047120383487
,,,,,,10779.0,0.0,0.0015,100.0,3.6682270341114602
,,,,,,10781.0,0.0,0.0015,100.0,3.673942657546086
,,,,,,10782.0,0.0,0.0015,100.0,3.6659293866455447
,,,,,,10783.0,0.0,0.0015,100.0,3.68184726828941
,,,,,,10784.0,0.0,0.0015,100.0,3.676484627701333
,,,,,,10785.0,0.0,0.0015,100.0,3.6622972840919537
,,,,,,10786.0,0.0,0.0015,100.0,3.649068425817498
,,,,,,10787.0,0.0,0.0015,100.0,3.6548752112242093
,,,,,,10788.0,0.0,0.0015,100.0,3.664841065215266
,,,,,,10789.0,0.0,0.0015,100.0,3.662123556523764
,,,,,,10790.0,0.0,0.0015,100.0,3.6695806058977403
,,,,,,10791.0,0.0,0.0015,100.0,3.646367107461541
,,,,,,10791.0,0.0,0.0015,100.0,3.6636038406021583
,,,,,,10791.0,0.0,0.0015,100.0,3.675543398439791
,,,,,,,,,,
,,,,,,10791.0,-0.66778,0.0,0.0,3.6415359260256697
,,,,,,10792.0,-0.67336,0.00017,0.4213,3.6317989619124265
,,,,,,10793.0,-0.66964,0.00037,0.9041,3.64424991138464
,,,,,,10795.0,-0.67708,0.00056,1.3732,3.6555599013940556
,,,,,,10796.0,-0.67336,0.00077,1.8837,3.6394433702167652
,,,,,,10797.0,-0.67522,0.00098,2.3855,3.622723116241414
,,,,,,10798.0,-0.67708,0.00117,2.8507,3.6264105909676654
,,,,,,10799.0,-0.67522,0.00136,3.3072,3.6316474547113726
,,,,,,10800.0,-0.67708,0.00153,3.7348,3.6290212901718655
,,,,,,10801.0,-0.67522,0.00173,4.2189,3.6388728926646383
,,,,,,10802.0,-0.6715,0.00193,4.703,3.629232304705675
,,,,,,10803.0,-0.67894,0.00212,5.1507,3.630050251067815
,,,,,,10804.0,-0.67708,0.00233,5.6713,3.632180418400715
,,,,,,10805.0,-0.67336,0.00251,6.1001,3.62545725974766
,,,,,,10806.0,-0.66964,0.0027,6.583,3.6098247766529057
,,,,,,10807.0,-0.67522,0.00291,7.0835,3.6426164492504687
,,,,,,10808.0,-0.67522,0.00311,7.5601,3.6255304714345153
,,,,,,10809.0,-0.67522,0.00333,8.1071,3.6210197162927154
,,,,,,10810.0,-0.67894,0.00351,8.5359,3.6336542916780177
,,,,,,10811.0,-0.67336,0.00371,9.0313,3.6480699553602363
,,,,,,10812.0,-0.6715,0.00391,9.5142,3.6370473653717106
,,,,,,10813.0,-0.67522,0.00411,9.9996,3.6240174066906126
,,,,,,10814.0,-0.67708,0.00432,10.5253,3.639426975179753
,,,,,,10816.0,-0.66964,0.00452,11.0069,3.6321664584304774
,,,,,,10817.0,-0.68266,0.00471,11.4558,3.6378255046883936
,,,,,,10818.0,-0.67522,0.00491,11.9601,3.6172812143274444
,,,,,,10819.0,-0.6715,0.00511,12.4429,3.6446573325485643
,,,,,,10820.0,-0.67708,0.00529,12.8818,3.628856051947132
,,,,,,10821.0,-0.67336,0.00549,13.3647,3.634835238049195
,,,,,,10822.0,-0.6715,0.00569,13.8413,3.615171841741465
,,,,,,10823.0,-0.67522,0.00589,14.3254,3.6548645445322685
,,,,,,10824.0,-0.67522,0.00608,14.8045,3.6315919631847597
,,,,,,10825.0,-0.67708,0.00627,15.256,3.632368716932548
,,,,,,10826.0,-0.66964,0.00646,15.725,3.6258332055699785
,,,,,,10826.0,-0.6715,0.00656,15.9664,3.6468636468101017
,,,,,,10826.0,-5.40923,0.00656,15.9664,3.417404938431212
,,,,,,10827.0,-5.40923,0.00817,19.8785,3.4477597372850735
,,,,,,10829.0,-5.40737,0.00976,23.7541,3.4230161150117917
,,,,,,10830.0,-5.40923,0.01146,27.8863,3.409030470976848
,,,,,,10831.0,-5.40551,0.01293,31.4689,3.420863062413781
,,,,,,10832.0,-5.40737,0.01452,35.3432,3.392040511401944
,,,,,,10833.0,-5.40737,0.01611,39.2188,3.415271935855985
,,,,,,10834.0,-5.40923,0.01771,43.0945,3.414463161039426
,,,,,,10834.0,-5.40737,0.0185,45.0323,3.3962221877809915
,,,,,,10834.0,-3.3817,0.0185,45.0323,3.472600158195066
,,,,,,10836.0,-3.37798,0.01962,47.7497,3.4871731132043493
,,,,,,10837.0,-3.37984,0.02054,49.9893,3.495665849072512
,,,,,,10838.0,-3.37798,0.0216,52.571,3.5036389721266707
,,,,,,10839.0,-3.37798,0.02259,54.969,3.4983440667338406
,,,,,,10840.0,-3.37798,0.0235,57.1847,3.5072503677752263
,,,,,,10841.0,-3.37984,0.02449,59.6067,3.485239470255059
,,,,,,10842.0,-3.37984,0.02549,62.0286,3.483028524631995
,,,,,,10843.0,-3.3817,0.02648,64.4505,3.469792666197446
,,,,,,10844.0,-3.37984,0.02748,66.8725,3.4840234575989646
,,,,,,10845.0,-3.37798,0.02873,69.9106,3.483915837379754
,,,,,,10846.0,-3.37798,0.02985,72.6532,3.472969704908478
,,,,,,10848.0,-3.37984,0.03089,75.187,3.474530388488481
,,,,,,10849.0,-3.37798,0.03188,77.5864,3.4732048206560426
,,,,,,10850.0,-3.37984,0.03275,79.7103,3.4859432133656814
,,,,,,10851.0,-3.37984,0.03375,82.1322,3.4914526196751674
,,,,,,10852.0,-3.37798,0.03474,84.5542,3.4774523197706992
,,,,,,10853.0,-3.37984,0.03574,86.9761,3.477038866372461
,,,,,,10854.0,-3.37984,0.03673,89.398,3.464795243183538
,,,,,,10855.0,-3.37984,0.03773,91.82,3.487487641661689
,,,,,,10856.0,-3.37984,0.03872,94.2419,3.4861427321470853
,,,,,,10857.0,-3.37798,0.0396,96.3671,3.4712675492187666
,,,,,,10858.0,-3.37984,0.04059,98.789,3.4827299707734056
,,,,,,10858.0,-3.37984,0.04109,100.0,3.4788070005744065
,,,,,,10858.0,-3.37984,0.04109,100.0,3.495074230016699
,,,,,,,,,,
,,,,,,10858.0,1.34301,0.0,0.0,3.6835046794429
,,,,,,10859.0,1.34673,0.00036,12.0467,3.673337760337708
,,,,,,10860.0,1.34673,0.00076,25.2277,3.681960988385215
,,,,,,10861.0,1.34673,0.00113,37.6697,3.695480468229761
,,,,,,10862.0,1.34673,0.00151,50.3523,3.690987329442632
,,,,,,10863.0,1.34673,0.00187,62.1584,3.6920687121982443
,,,,,,10865.0,1.34859,0.00227,75.3566,3.6922848707555116
,,,,,,10866.0,1.34301,0.00266,88.5547,3.6803106543009947
,,,,,,10866.0,1.34859,0.00301,100.0,3.6962629442808788
,,,,,,10866.0,1.34859,0.00301,100.0,3.6967029782740064
,,,,,,,,,,
,,,,,,10866.0,-1.33929,0.0,0.0,3.5905344617045523
,,,,,,10867.0,-1.35045,0.00038,3.1911,3.5732271314966018
,,,,,,10869.0,-1.35231,0.00074,6.2013,3.576821539742916
,,,,,,10870.0,-1.35045,0.00116,9.6766,3.5802753649095305
,,,,,,10871.0,-1.35045,0.00152,12.6523,3.592016918689116
,,,,,,10872.0,-1.35045,0.00194,16.1836,3.573475413894809
,,,,,,10873.0,-1.35231,0.00234,19.5039,3.5816707375307977
,,,,,,10874.0,-1.35231,0.00274,22.8199,3.599492476542358
,,,,,,10875.0,-1.35045,0.00313,26.1057,3.5753412431732254
,,,,,,10876.0,-1.35045,0.00352,29.3614,3.578692078305135
,,,,,,10877.0,-1.35045,0.00391,32.5826,3.609923014284043
,,,,,,10878.0,-1.35045,0.00431,35.8985,3.5791891019317137
,,,,,,10879.0,-1.35045,0.0047,39.1585,3.571578159641715
,,,,,,10880.0,-1.35045,0.00508,42.3797,3.5808573009023026
,,,,,,10881.0,-1.35045,0.00546,45.5407,3.578193465187684
,,,,,,10882.0,-1.35045,0.00581,48.4518,3.5704942888884714
,,,,,,10883.0,-1.35231,0.00621,51.7678,3.6020629928044685
,,,,,,10884.0,-1.35045,0.00661,55.0838,3.574694608887027
,,,,,,10885.0,-1.35045,0.00703,58.5591,3.5680933006249553
,,,,,,10886.0,-1.35603,0.00741,61.7846,3.578581951840868
,,,,,,10887.0,-1.34859,0.0078,65.0015,3.5632080901945287
,,,,,,10888.0,-1.35231,0.00815,67.9127,3.5627344561496237
,,,,,,10889.0,-1.35417,0.00854,71.2028,3.584308038782229
,,,,,,10890.0,-1.35231,0.00894,74.5188,3.562003344431186
,,,,,,10891.0,-1.35417,0.00934,77.839,3.5975010775709633
,,,,,,10892.0,-1.35231,0.00974,81.155,3.573592143904446
,,,,,,10894.0,-1.35231,0.01014,84.4709,3.5808780750199563
,,,,,,10895.0,-1.35231,0.01056,87.9807,3.5773180783049248
,,,,,,10896.0,-1.35231,0.01095,91.2665,3.57556499415527
,,,,,,10897.0,-1.35231,0.01135,94.5825,3.560233772850207
,,,,,,10898.0,-1.35231,0.01172,97.6831,3.5581390274555993
,,,,,,10898.0,-1.35045,0.012,100.0,3.5746994756780044
,,,,,,10898.0,-1.35045,0.012,100.0,3.5676659769710035
,,,,,,,,,,
,,,,,,10898.0,2.69903,0.0,0.0,3.749519382198618
,,,,,,10900.0,2.69903,0.00086,14.3731,3.748466993764286
,,,,,,10901.0,2.69903,0.00166,27.626,3.750899121487304
,,,,,,10902.0,2.69903,0.00236,39.3796,3.7573889122793305
,,,,,,10903.0,2.69903,0.00319,53.1323,3.761665404496174
,,,,,,10904.0,2.69717,0.0039,65.0065,3.7619026323951545
,,,,,,10905.0,2.69903,0.00469,78.2594,3.772212829380574
,,,,,,10906.0,2.69717,0.00537,89.6338,3.7597839189802746
,,,,,,10906.0,2.69717,0.006,100.0,3.7604636879410354
,,,,,,10906.0,0.0,0.006,100.0,3.6514270716541546
,,,,,,10908.0,0.0,0.006,100.0,3.6548498260525237
,,,,,,10909.0,0.0,0.006,100.0,3.6655416928295694
,,,,,,10910.0,0.0,0.006,100.0,3.65689103868858
,,,,,,10911.0,0.0,0.006,100.0,3.6590579018178233
,,,,,,10912.0,0.0,0.006,100.0,3.6577358700321483
,,,,,,10913.0,0.0,0.006,100.0,3.655330340873923
,,,,,,10914.0,0.0,0.006,100.0,3.6529887068058016
,,,,,,10915.0,0.0,0.006,100.0,3.6484657517082453
,,,,,,10916.0,0.0,0.006,100.0,3.637550568406937
,,,,,,10917.0,0.0,0.006,100.0,3.6548987198146055
,,,,,,10918.0,0.0,0.006,100.0,3.6680352087907635
,,,,,,10919.0,0.0,0.006,100.0,3.6656553225725648
,,,,,,10920.0,0.0,0.006,100.0,3.654683285164355
,,,,,,10921.0,0.0,0.006,100.0,3.6534794012455425
,,,,,,10922.0,0.0,0.006,100.0,3.6439730244184116
,,,,,,10923.0,0.0,0.006,100.0,3.6428777608134895
,,,,,,10924.0,0.0,0.006,100.0,3.6522097320527283
,,,,,,10925.0,0.0,0.006,100.0,3.656778161485304
,,,,,,10926.0,0.0,0.006,100.0,3.6392174271454407
,,,,,,10927.0,0.0,0.006,100.0,3.671187332193114
,,,,,,10928.0,0.0,0.006,100.0,3.647034520708061
,,,,,,10929.0,0.0,0.006,100.0,3.6536417815950504
,,,,,,10930.0,0.0,0.006,100.0,3.654083156216265
,,,,,,10931.0,0.0,0.006,100.0,3.664034692793545
,,,,,,10933.0,0.0,0.006,100.0,3.644560559126825
,,,,,,10934.0,0.0,0.006,100.0,3.6401156779464245
,,,,,,10935.0,0.0,0.006,100.0,3.6586082592915887
,,,,,,10936.0,0.0,0.006,100.0,3.6582720379057205
,,,,,,10937.0,0.0,0.006,100.0,3.656779297246317
,,,,,,10938.0,0.0,0.006,100.0,3.649175085847103
,,,,,,10939.0,0.0,0.006,100.0,3.6635513328890217
,,,,,,10940.0,0.0,0.006,100.0,3.641678937124269
,,,,,,10941.0,0.0,0.006,100.0,3.656651719134763
,,,,,,10942.0,0.0,0.006,100.0,3.6619345473739586
,,,,,,10943.0,0.0,0.006,100.0,3.664429078074085
,,,,,,10944.0,0.0,0.006,100.0,3.656696140000013
,,,,,,10945.0,0.0,0.006,100.0,3.6640966782911084
,,,,,,10946.0,0.0,0.006,100.0,3.664318891270096
,,,,,,10946.0,0.0,0.006,100.0,3.643573291021532
,,,,,,10947.0,0.0,0.006,100.0,3.6419849020888937
,,,,,,10948.0,0.0,0.006,100.0,3.665372567459205
,,,,,,10949.0,0.0,0.006,100.0,3.6676125231593035
,,,,,,10950.0,0.0,0.006,100.0,3.6649178962441296
,,,,,,10951.0,0.0,0.006,100.0,3.6476118209010964
,,,,,,10952.0,0.0,0.006,100.0,3.642110957735669
,,,,,,10953.0,0.0,0.006,100.0,3.6606232791749393
,,,,,,10954.0,0.0,0.006,100.0,3.6600437696447212
,,,,,,10955.0,0.0,0.006,100.0,3.6496965076465013
,,,,,,10956.0,0.0,0.006,100.0,3.664396882130759
,,,,,,10957.0,0.0,0.006,100.0,3.6616027136668268
,,,,,,10958.0,0.0,0.006,100.0,3.656277126132704
,,,,,,10959.0,0.0,0.006,100.0,3.6640633953095954
,,,,,,10960.0,0.0,0.006,100.0,3.6624044283044825
,,,,,,10961.0,0.0,0.006,100.0,3.6526335127633036
,,,,,,10962.0,0.0,0.006,100.0,3.651862216505132
,,,,,,10963.0,0.0,0.006,100.0,3.641485984540087
,,,,,,10963.0,0.0,0.006,100.0,3.6576928614051383
,,,,,,,,,,
,,,,,,10963.0,-0.6622,0.0,0.0,3.606969494244444
,,,,,,10964.0,-0.6715,0.00018,1.8893,3.641061433755341
,,,,,,10965.0,-0.67708,0.00039,3.985,3.638720704244039
,,,,,,10966.0,-0.67708,0.00057,5.8848,3.6363851236282714
,,,,,,10967.0,-0.67336,0.00077,7.9011,3.62304421805054
,,,,,,10968.0,-0.67708,0.00097,9.9386,3.6306785976311398
,,,,,,10969.0,-0.67522,0.00117,12.0343,3.622772964533613
,,,,,,10970.0,-0.66778,0.00138,14.1035,3.6254733986515086
,,,,,,10971.0,-0.67522,0.00158,16.141,3.6317482813756676
,,,,,,10972.0,-0.67522,0.00177,18.1785,3.6504196801055544
,,,,,,10973.0,-0.67522,0.00197,20.2159,3.6262925777682025
,,,,,,10974.0,-0.67336,0.00217,22.2481,3.612517535449832
,,,,,,10975.0,-0.67708,0.00237,24.2803,3.628441972260956
,,,,,,10976.0,-0.67708,0.00257,26.3019,3.6401022153531537
,,,,,,10977.0,-0.6715,0.00274,28.0906,3.6118145359612583
,,,,,,10978.0,-0.67894,0.00294,30.1281,3.6131775558632646
,,,,,,10979.0,-0.67522,0.00313,32.065,3.618577053608289
,,,,,,10980.0,-0.67336,0.00333,34.0813,3.631010873585997
,,,,,,10981.0,-0.67336,0.00353,36.1135,3.6379044149628386
,,,,,,10982.0,-0.67522,0.00372,38.1139,3.6233162658469777
,,,,,,10983.0,-0.67522,0.00392,40.1514,3.630155655772739
,,,,,,10985.0,-0.67522,0.00412,42.1835,3.6226728580888756
,,,,,,10986.0,-0.67522,0.00432,44.2104,3.62374777878991
,,,,,,10987.0,-0.66964,0.00451,46.2426,3.635938448640856
,,,,,,10988.0,-0.67336,0.00471,48.2642,3.6142950317851317
,,,,,,10989.0,-0.6715,0.0049,50.2011,3.633150624588092
,,,,,,10990.0,-0.67708,0.0051,52.2015,3.619118673747446
,,,,,,10991.0,-0.67894,0.00524,53.6198,3.644260632302749
,,,,,,10991.0,-1.35417,0.00524,53.6198,3.5953852366716585
,,,,,,10992.0,-1.35231,0.0057,58.4251,3.605082678135869
,,,,,,10993.0,-1.35231,0.00611,62.537,3.5794113016927906
,,,,,,10994.0,-1.35045,0.0065,66.612,3.6077123431805034
,,,,,,10995.0,-1.35231,0.00687,70.3429,3.5910994229318587
,,,,,,10996.0,-1.35045,0.00728,74.5766,3.583743298102776
,,,,,,10997.0,-1.35417,0.0077,78.8844,3.60618016203627
,,,,,,10998.0,-1.35045,0.00807,82.6524,3.5814801561635066
,,,,,,10999.0,-1.35045,0.00847,86.7274,3.5854059029867034
,,,,,,11000.0,-1.35231,0.00887,90.8023,3.596608419589516
,,,,,,11001.0,-1.35231,0.00927,94.9196,3.5926662251099617
,,,,,,11002.0,-1.35231,0.00967,98.9998,3.5946205726288385
,,,,,,11003.0,-1.35045,0.00976,100.0,3.5986646301385283
,,,,,,11003.0,-1.35045,0.00976,100.0,3.592314666050502
,,,,,,,,,,
,,,,,,11003.0,0.66592,0.0,0.0,3.683871233785254
,,,,,,11004.0,0.66964,0.0002,13.5922,3.6695251329647633
,,,,,,11005.0,0.66778,0.00039,26.1789,3.6712557893159654
,,,,,,11006.0,0.66964,0.00058,39.147,3.6745211382753014
,,,,,,11007.0,0.66964,0.00078,52.1151,3.6834879910777256
,,,,,,11008.0,0.66964,0.00097,65.3259,3.686195379334823
,,,,,,11009.0,0.66964,0.00117,78.5714,3.6833534565275268
,,,,,,11010.0,0.66778,0.00137,91.7822,3.674294976856995
,,,,,,11011.0,0.66964,0.00149,100.0,3.6826816145380077
,,,,,,11011.0,0.0,0.00149,100.0,3.640737621985612
,,,,,,11012.0,0.0,0.00149,100.0,3.6439512796616866
,,,,,,11013.0,0.0,0.00149,100.0,3.647857049963028
,,,,,,11014.0,0.0,0.00149,100.0,3.663718113923824
,,,,,,11015.0,0.0,0.00149,100.0,3.672639655902344
,,,,,,11016.0,0.0,0.00149,100.0,3.651964958663281
,,,,,,11017.0,0.0,0.00149,100.0,3.6596857151430915
,,,,,,11018.0,0.0,0.00149,100.0,3.6373094068784306
,,,,,,11019.0,0.0,0.00149,100.0,3.67047175455417
,,,,,,11020.0,0.0,0.00149,100.0,3.663233686288129
,,,,,,11021.0,0.0,0.00149,100.0,3.644986637635027
,,,,,,11022.0,0.0,0.00149,100.0,3.6522919227478208
,,,,,,11023.0,0.0,0.00149,100.0,3.64522761957849
,,,,,,11024.0,0.0,0.00149,100.0,3.654704741669122
,,,,,,11025.0,0.0,0.00149,100.0,3.6452880733356348
,,,,,,11026.0,0.0,0.00149,100.0,3.650520903305708
,,,,,,11027.0,0.0,0.00149,100.0,3.632081061803772
,,,,,,11027.0,0.0,0.00149,100.0,3.6650749072233317
,,,,,,,,,,
,,,,,,11027.0,-0.67336,0.0,0.0,3.617840837062109
,,,,,,11028.0,-0.6715,0.0002,0.9538,3.6339293926064005
,,,,,,11029.0,-0.67522,0.00037,1.7961,3.606431498874523
,,,,,,11030.0,-0.67336,0.00057,2.7127,3.62007229916049
,,,,,,11031.0,-0.67522,0.00076,3.6542,3.6207425303596956
,,,,,,11032.0,-0.67522,0.00097,4.6476,3.6306846306193505
,,,,,,11033.0,-0.67336,0.00117,5.6014,3.6245691669909186
,,,,,,11034.0,-0.67522,0.00137,6.5552,3.6224702406129095
,,,,,,11035.0,-0.6715,0.00157,7.5065,3.6359479781533453
,,,,,,11036.0,-0.67894,0.00177,8.4653,3.631376662265823
,,,,,,11037.0,-0.67522,0.00195,9.3546,3.6153776640579856
,,,,,,11038.0,-0.67522,0.00215,10.2985,3.6303844361061364
,,,,,,11039.0,-0.67708,0.00235,11.2523,3.6321303550965096
,,,,,,11040.0,-0.67708,0.00254,12.1962,3.630765169368226
,,,,,,11041.0,-0.6715,0.00274,13.15,3.6211668255098224
,,,,,,11042.0,-0.67522,0.00295,14.1286,3.611783498055172
,,,,,,11043.0,-0.67708,0.00314,15.0551,3.6020883102105206
,,,,,,11044.0,-0.67522,0.00333,15.9891,3.6271298989680867
,,,,,,11045.0,-0.67894,0.00351,16.824,3.627106372965747
,,,,,,11046.0,-0.67522,0.00371,17.7728,3.6132060206098866
,,,,,,11048.0,-0.6715,0.00391,18.7266,3.618164940855895
,,,,,,11049.0,-0.67336,0.0041,19.6804,3.622386009825118
,,,,,,11050.0,-0.6715,0.0043,20.6342,3.6164290510388986
,,,,,,11051.0,-0.67522,0.00452,21.6945,3.5979245639044244
,,,,,,11052.0,-0.67708,0.00471,22.5641,3.6409287354429765
,,,,,,11053.0,-0.67336,0.00491,23.5179,3.6338743491010987
,,,,,,11054.0,-0.6715,0.0051,24.4345,3.627274049266856
,,,,,,11055.0,-0.67522,0.00529,25.3611,3.625484845055147
,,,,,,11056.0,-0.67336,0.00546,26.196,3.6107650654755705
,,,,,,11057.0,-0.67336,0.00569,27.2637,3.614878944800721
,,,,,,11058.0,-0.67894,0.00588,28.215,3.616387115477438
,,,,,,11059.0,-0.67336,0.00608,29.1664,3.6204121838141172
,,,,,,11060.0,-0.6715,0.00628,30.1202,3.6107140895504903
,,,,,,11061.0,-0.67336,0.00649,31.1161,3.621611413132994
,,,,,,11062.0,-0.67894,0.00668,32.0154,3.61008213747447
,,,,,,11063.0,-0.67522,0.00685,32.8527,3.6255343856261475
,,,,,,11064.0,-0.67894,0.00705,33.804,3.6378709388487898
,,,,,,11065.0,-0.67894,0.00725,34.7578,3.617409578109503
,,,,,,11066.0,-0.6715,0.00745,35.7092,3.6224917751084593
,,,,,,11067.0,-0.67894,0.00765,36.6704,3.6197560117202006
,,,,,,11068.0,-0.67522,0.00784,37.6068,3.620105794063692
,,,,,,11070.0,-0.67336,0.00804,38.5606,3.6246196656404464
,,,,,,11071.0,-0.67336,0.00824,39.5144,3.6211222803751433
,,,,,,11072.0,-0.67522,0.00844,40.4658,3.6315976480957692
,,,,,,11073.0,-0.67708,0.00864,41.4096,3.624720975057646
,,,,,,11074.0,-0.67336,0.00884,42.3634,3.603161460415114
,,,,,,11075.0,-0.67522,0.00903,43.3172,3.599793148339006
,,,,,,11076.0,-0.67522,0.00923,44.2611,3.6059446075017765
,,,,,,11077.0,-0.67522,0.00942,45.1678,3.615998925750635
,,,,,,11078.0,-0.66592,0.0096,46.0424,3.609621593386575
,,,,,,11079.0,-0.66778,0.00981,47.0383,3.6012033148547493
,,,,,,11080.0,-0.67708,0.01001,47.9921,3.6146854912313517
,,,,,,11081.0,-0.67336,0.01021,48.9434,3.613214828046378
,,,,,,11082.0,-0.67522,0.0104,49.8699,3.627500741196102
,,,,,,11083.0,-0.67336,0.01058,50.7172,3.6299037606436397
,,,,,,11084.0,-0.67522,0.01078,51.6784,3.6212045947493925
,,,,,,11085.0,-0.67336,0.01098,52.6347,3.6138451369142532
,,,,,,11086.0,-0.67708,0.01118,53.5885,3.6087678564103647
,,,,,,11087.0,-0.67522,0.01138,54.5423,3.6215980375431296
,,,,,,11088.0,-0.67894,0.01157,55.4887,3.6073193454067307
,,,,,,11089.0,-0.67522,0.01177,56.44,3.605877786335277
,,,,,,11090.0,-0.67336,0.01197,57.3938,3.6201135593680673
,,,,,,11092.0,-0.67708,0.01215,58.2757,3.6166334945995993
,,,,,,11093.0,-0.67522,0.01237,59.3088,3.607531308565082
,,,,,,11094.0,-0.67522,0.01256,60.2279,3.6206895148774705
,,,,,,11095.0,-0.67522,0.01275,61.1148,3.607245481688586
,,,,,,11096.0,-0.67522,0.01296,62.1231,3.6098865028586804
,,,,,,11097.0,-0.67522,0.01316,63.0744,3.619488529760322
,,,,,,11098.0,-0.67522,0.01335,64.0258,3.6186309484311163
,,,,,,11099.0,-0.67708,0.01355,64.9796,3.6139876161645965
,,,,,,11100.0,-0.6808,0.01375,65.9334,3.6263292488603187
,,,,,,11101.0,-0.67336,0.01395,66.8773,3.6144105454488877
,,,,,,11102.0,-0.67522,0.01412,67.7121,3.6215071408914965
,,,,,,11103.0,-0.6715,0.01432,68.6808,3.6319002085839154
,,,,,,11104.0,-0.6715,0.01452,69.6321,3.630349407479883
,,,,,,11105.0,-0.67708,0.01472,70.5735,3.6026279231229235
,,,,,,11106.0,-0.67522,0.01489,71.4158,3.601605202933084
,,,,,,11107.0,-0.67708,0.01509,72.3696,3.612063634950111
,,,,,,11108.0,-0.67522,0.01529,73.3209,3.622133448661964
,,,,,,11109.0,-0.67336,0.01549,74.2747,3.608958566959951
,,,,,,11110.0,-0.67708,0.01572,75.3549,3.6120986939190267
,,,,,,11112.0,-0.67336,0.01591,76.2988,3.616654498915114
,,,,,,11113.0,-0.67336,0.01612,77.312,3.6281755562212914
,,,,,,11114.0,-0.67336,0.01631,78.2014,3.611924909372454
,,,,,,11114.0,-1.34301,0.01631,78.2014,3.5970857655303674
,,,,,,11115.0,-1.35231,0.01672,80.161,3.591920427523679
,,,,,,11116.0,-1.35045,0.01708,81.8704,3.5976716143246623
,,,,,,11117.0,-1.35045,0.01748,83.8127,3.5894163360606948
,,,,,,11118.0,-1.35045,0.01792,85.9383,3.594120343270853
,,,,,,11119.0,-1.35231,0.01831,87.7914,3.5860533207221956
,,,,,,11120.0,-1.35045,0.01867,89.538,3.5872235907216754
,,,,,,11121.0,-1.35231,0.01905,91.339,3.595690347273758
,,,,,,11122.0,-1.35045,0.01945,93.2466,3.5756884976251873
,,,,,,11123.0,-1.35045,0.01985,95.1914,3.59921788017779
,,,,,,11124.0,-1.35045,0.02021,96.9008,3.5833643819337473
,,,,,,11125.0,-1.35231,0.02061,98.8109,3.5588142095587307
,,,,,,11126.0,-1.35231,0.02086,100.0,3.5745065849667466
,,,,,,11126.0,-1.35231,0.02086,100.0,3.581589741532748
,,,,,,,,,,
,,,,,,11126.0,0.6715,0.0,0.0,3.6577606277573294
,,,,,,11127.0,0.6715,0.00019,12.6389,3.666960244494669
,,,,,,11128.0,0.66964,0.0004,26.6319,3.664864695611311
,,,,,,11129.0,0.6715,0.00059,39.375,3.686242139581743
,,,,,,11130.0,0.66964,0.00078,52.1181,3.6633258526034607
,,,,,,11131.0,0.66778,0.00095,63.8542,3.6634659622202226
,,,,,,11132.0,0.66778,0.00115,77.3611,3.6702515925780856
,,,,,,11133.0,0.6715,0.00134,90.0,3.6899153406324303
,,,,,,11134.0,0.66964,0.00149,100.0,3.6781134693410418
,,,,,,11134.0,0.0,0.00149,100.0,3.6394156438328324
,,,,,,11135.0,0.0,0.00149,100.0,3.6448704032120296
,,,,,,11136.0,0.0,0.00149,100.0,3.6500974353464275
,,,,,,11137.0,0.0,0.00149,100.0,3.6397212197742506
,,,,,,11138.0,0.0,0.00149,100.0,3.6515426370819073
,,,,,,11139.0,0.0,0.00149,100.0,3.6431127709585605
,,,,,,11140.0,0.0,0.00149,100.0,3.6668171312361366
,,,,,,11141.0,0.0,0.00149,100.0,3.675431486456275
,,,,,,11142.0,0.0,0.00149,100.0,3.656676029092953
,,,,,,11143.0,0.0,0.00149,100.0,3.6514464619005236
,,,,,,11144.0,0.0,0.00149,100.0,3.6601811146243164
,,,,,,11145.0,0.0,0.00149,100.0,3.652527252464121
,,,,,,11146.0,0.0,0.00149,100.0,3.666811884877553
,,,,,,11147.0,0.0,0.00149,100.0,3.646281012953665
,,,,,,11148.0,0.0,0.00149,100.0,3.663213159824016
,,,,,,11149.0,0.0,0.00149,100.0,3.650018985516597
,,,,,,11150.0,0.0,0.00149,100.0,3.6437414276314537
,,,,,,11150.0,0.0,0.00149,100.0,3.6447183136836507
,,,,,,,,,,
,,,,,,11150.0,-0.66778,0.0,0.0,3.6198137903178593
,,,,,,11151.0,-0.66964,0.00019,0.4627,3.6165842592741773
,,,,,,11152.0,-0.67336,0.0004,0.9732,3.610051756344932
,,,,,,11153.0,-0.67522,0.00058,1.402,3.616682438105353
,,,,,,11154.0,-0.67336,0.00079,1.9137,3.6206317464157594
,,,,,,11155.0,-0.67522,0.00098,2.3877,3.6203442671614967
,,,,,,11156.0,-0.6715,0.00118,2.8655,3.6181419375360275
,,,,,,11157.0,-0.6715,0.00135,3.2955,3.62214031820713
,,,,,,11158.0,-0.67336,0.00155,3.7796,3.6006742572990684
,,,,,,11159.0,-0.67522,0.00175,4.2624,3.630682972801196
,,,,,,11160.0,-0.6808,0.00195,4.7465,3.617672089958683
,,,,,,11161.0,-0.67708,0.00214,5.2029,3.6190887754834695
,,,,,,11162.0,-0.67894,0.00235,5.7084,3.631102732700636
,,,,,,11163.0,-0.67336,0.00252,6.1321,3.626435331289294
,,,,,,11164.0,-0.68266,0.00275,6.6942,3.6168343775606835
,,,,,,11165.0,-0.67894,0.00293,7.1191,3.6136633931580002
,,,,,,11166.0,-0.6715,0.00312,7.6007,3.6208489707852625
,,,,,,11168.0,-0.67894,0.00335,8.154,3.6207504650458557
,,,,,,11169.0,-0.67894,0.00353,8.5965,3.6127583646962407
,,,,,,11170.0,-0.6715,0.00373,9.0655,3.618535513495349
,,,,,,11171.0,-0.67336,0.00392,9.5484,3.6170015680928995
,,,,,,11172.0,-0.6715,0.00413,10.0412,3.5994537715446384
,,,,,,11173.0,-0.67894,0.00432,10.5115,3.5940481275480924
,,,,,,11174.0,-0.66964,0.00452,10.9943,3.624040614684364
,,,,,,11175.0,-0.6808,0.0047,11.4482,3.6063592057333613
,,,,,,11176.0,-0.67708,0.0049,11.9147,3.6037476771155297
,,,,,,11177.0,-0.67336,0.00513,12.4742,3.611272529415577
,,,,,,11178.0,-0.67708,0.00532,12.9533,3.6337232764620495
,,,,,,11179.0,-0.67894,0.0055,13.377,3.592738470131077
,,,,,,11180.0,-0.67336,0.00569,13.8422,3.617582258749879
,,,,,,11181.0,-0.67336,0.00589,14.3313,3.6094360066360016
,,,,,,11182.0,-0.6715,0.00607,14.7827,3.61408205641343
,,,,,,11183.0,-0.67894,0.00627,15.2618,3.614320133322161
,,,,,,11184.0,-0.66778,0.00649,15.7987,3.6073987809924106
,,,,,,11185.0,-0.67336,0.00657,15.9948,3.61566674742521
,,,,,,11185.0,-5.41109,0.00657,15.9948,3.42092032216541
,,,,,,11186.0,-5.40551,0.00808,19.6512,3.4118391870443445
,,,,,,11187.0,-5.40923,0.00955,23.2334,3.4054872179662525
,,,,,,11188.0,-5.40737,0.01117,27.1803,3.4059083961222565
,,,,,,11189.0,-5.40923,0.01266,30.8002,3.383201528540248
,,,,,,11190.0,-5.41109,0.01423,34.6389,3.4041557122084884
,,,,,,11191.0,-5.40551,0.01584,38.5505,3.391523196399541
,,,,,,11192.0,-5.40737,0.01743,42.4257,3.380780554660912
,,,,,,11193.0,-5.40923,0.01862,45.3138,3.3934228630250285
,,,,,,11193.0,-3.37984,0.01862,45.3138,3.4736982631702666
,,,,,,11194.0,-3.37984,0.01962,47.733,3.4778337432515896
,,,,,,11195.0,-3.37984,0.02057,50.0641,3.4793563813617467
,,,,,,11196.0,-3.3817,0.02146,52.2117,3.4765352022298717
,,,,,,11197.0,-3.37984,0.02243,54.5881,3.477490262375676
,,,,,,11198.0,-3.37798,0.02343,57.0098,3.4731997214139074
,,,,,,11199.0,-3.37984,0.02441,59.4075,3.458802687320709
,,,,,,11200.0,-3.37798,0.02529,61.5325,3.4752335036073654
,,,,,,11201.0,-3.3817,0.02623,63.8397,3.4674603166487397
,,,,,,11202.0,-3.37798,0.02725,66.3066,3.4771538795475916
,,,,,,11203.0,-3.37798,0.02823,68.7057,3.458086528159732
,,,,,,11204.0,-3.37984,0.0292,71.0582,3.473539699238691
,,,,,,11205.0,-3.37984,0.03016,73.3881,3.4664067488367483
,,,,,,11206.0,-3.3817,0.03115,75.8085,3.4575693983403135
,,,,,,11207.0,-3.37984,0.03215,78.2301,3.4580120453917385
,,,,,,11208.0,-3.37798,0.03314,80.6506,3.453078714089256
,,,,,,11209.0,-3.37798,0.03414,83.0722,3.450716689282504
,,,,,,11210.0,-3.37984,0.03513,85.4939,3.4777007897370615
,,,,,,11211.0,-3.37984,0.03613,87.9156,3.461539655647397
,,,,,,11213.0,-3.37798,0.03712,90.3372,3.445700164301183
,,,,,,11214.0,-3.37984,0.03812,92.7589,3.4401523884897576
,,,,,,11215.0,-3.37984,0.0391,95.1579,3.4556713002997808
,,,,,,11216.0,-3.37984,0.03998,97.2816,3.4619692046115302
,,,,,,11217.0,-3.37798,0.04097,99.702,3.4638033661269274
,,,,,,11217.0,-3.37984,0.04109,100.0,3.449366092870307
,,,,,,11217.0,-3.37984,0.04109,100.0,3.4579574472974586
,,,,,,,,,,
,,,,,,11217.0,1.34673,0.0,0.0,3.6553653895828133
,,,,,,11218.0,1.34301,0.00039,13.0353,3.646835514839784
,,,,,,11219.0,1.34301,0.0008,26.7068,3.659214203714467
,,,,,,11220.0,1.34487,0.00119,39.7592,3.680224034954516
,,,,,,11221.0,1.34301,0.00155,51.5563,3.6568113322083633
,,,,,,11222.0,1.34301,0.00195,64.8495,3.6481565917867447
,,,,,,11223.0,1.34487,0.00231,76.8874,3.6707073645563115
,,,,,,11224.0,1.34487,0.00271,90.0602,3.666470903839296
,,,,,,11225.0,1.34301,0.003,100.0,3.670581474878678
,,,,,,11225.0,1.34301,0.003,100.0,3.6746106876792908
,,,,,,,,,,
,,,,,,11225.0,-1.35045,0.0,0.0,3.569233643025168
,,,,,,11226.0,-1.35045,0.0004,3.3406,3.551073909202578
,,,,,,11227.0,-1.35231,0.0008,6.6813,3.5600254275960004
,,,,,,11228.0,-1.35231,0.0012,9.9961,3.572148562177813
,,,,,,11229.0,-1.35045,0.00157,13.0573,3.5580391933054027
,,,,,,11230.0,-1.35231,0.00197,16.3722,3.5687732281740554
,,,,,,11231.0,-1.35045,0.00237,19.6827,3.576705348422884
,,,,,,11232.0,-1.35045,0.00276,22.9933,3.5555118745606387
,,,,,,11233.0,-1.35231,0.00318,26.4285,3.559126927184859
,,,,,,11234.0,-1.35045,0.00356,29.6444,3.5572536181242724
,,,,,,11235.0,-1.35045,0.00391,32.5508,3.5613799312909453
,,,,,,11236.0,-1.35417,0.00436,36.2999,3.5761661183377256
,,,,,,11237.0,-1.35417,0.00474,39.4256,3.5749955953487143
,,,,,,11238.0,-1.35045,0.00512,42.5814,3.560303814747312
,,,,,,11239.0,-1.35045,0.0055,45.7973,3.545700450962171
,,,,,,11241.0,-1.35045,0.0059,49.1079,3.5560699837009397
,,,,,,11242.0,-1.35045,0.0063,52.4184,3.566224743737599
,,,,,,11243.0,-1.35045,0.00672,55.8837,3.5622283907058487
,,,,,,11244.0,-1.35417,0.00707,58.7901,3.5759216119421495
,,,,,,11245.0,-1.35045,0.00746,62.0706,3.5535464635909126
,,,,,,11246.0,-1.35045,0.00787,65.4456,3.5635402850397337
,,,,,,11247.0,-1.34859,0.00826,68.7562,3.5484627391372277
,,,,,,11248.0,-1.35417,0.00866,72.0667,3.563438193559153
,,,,,,11249.0,-1.35045,0.00906,75.3773,3.5651708673897726
,,,,,,11250.0,-1.35231,0.00946,78.6921,3.562970850795014
,,,,,,11251.0,-1.35231,0.00985,81.9726,3.569151399073802
,,,,,,11252.0,-1.35045,0.01025,85.2831,3.557395717719893
,,,,,,11253.0,-1.35231,0.01064,88.5335,3.5396196293312774
,,,,,,11254.0,-1.35417,0.01104,91.8483,3.5571940831141537
,,,,,,11255.0,-1.35231,0.01139,94.7848,3.564863568728423
,,,,,,11256.0,-1.35231,0.01177,97.9062,3.542805552778019
,,,,,,11257.0,-1.34859,0.01202,100.0,3.5474162734280146
,,,,,,11257.0,-1.34859,0.01202,100.0,3.577185989812929
,,,,,,,,,,
,,,,,,11257.0,2.69903,0.0,0.0,3.714819902579381
,,,,,,11258.0,2.69903,0.00076,12.7202,3.722346392688922
,,,,,,11259.0,2.69903,0.00169,28.0533,3.739295128447063
,,,,,,11260.0,2.69903,0.0024,39.8969,3.7390786984188633
,,,,,,11261.0,2.69903,0.00317,52.7374,3.741995135564541
,,,,,,11262.0,2.69717,0.00397,65.9562,3.7342869180626685
,,,,,,11263.0,2.69903,0.00481,80.0516,3.755801560349726
,,,,,,11264.0,2.69903,0.00552,91.7748,3.7575018508350806
,,,,,,11265.0,2.69903,0.00601,100.0,3.7512188390058014
,,,,,,11265.0,0.0,0.00601,100.0,3.6304947623521153
,,,,,,11266.0,0.0,0.00601,100.0,3.634202971526079
,,,,,,11267.0,0.0,0.00601,100.0,3.635385169774449
,,,,,,11268.0,0.0,0.00601,100.0,3.6424561241949167
,,,,,,11269.0,0.0,0.00601,100.0,3.6302274954241707
,,,,,,11270.0,0.0,0.00601,100.0,3.630793448813796
,,,,,,11271.0,0.0,0.00601,100.0,3.642319636362788
,,,,,,11272.0,0.0,0.00601,100.0,3.6425017224622787
,,,,,,11273.0,0.0,0.00601,100.0,3.6307342542568537
,,,,,,11274.0,0.0,0.00601,100.0,3.6213188161325967
,,,,,,11275.0,0.0,0.00601,100.0,3.6429504848022667
,,,,,,11277.0,0.0,0.00601,100.0,3.641208037946005
,,,,,,11278.0,0.0,0.00601,100.0,3.6406649983674844
,,,,,,11279.0,0.0,0.00601,100.0,3.6490235562129496
,,,,,,11280.0,0.0,0.00601,100.0,3.6395814307714076
,,,,,,11281.0,0.0,0.00601,100.0,3.632626956798173
,,,,,,11282.0,0.0,0.00601,100.0,3.640189049306437
,,,,,,11283.0,0.0,0.00601,100.0,3.632227495803813
,,,,,,11284.0,0.0,0.00601,100.0,3.657118596726943
,,,,,,11285.0,0.0,0.00601,100.0,3.654261828069568
,,,,,,11286.0,0.0,0.00601,100.0,3.6333120662923837
,,,,,,11287.0,0.0,0.00601,100.0,3.633745984484272
,,,,,,11288.0,0.0,0.00601,100.0,3.637980703589989
,,,,,,11289.0,0.0,0.00601,100.0,3.6466293578988984
,,,,,,11290.0,0.0,0.00601,100.0,3.6284975740169205
,,,,,,11291.0,0.0,0.00601,100.0,3.6439449630492065
,,,,,,11293.0,0.0,0.00601,100.0,3.6380565950633645
,,,,,,11294.0,0.0,0.00601,100.0,3.6292819237227363
,,,,,,11295.0,0.0,0.00601,100.0,3.6434863932704675
,,,,,,11296.0,0.0,0.00601,100.0,3.6338398272543277
,,,,,,11297.0,0.0,0.00601,100.0,3.6250707042599886
,,,,,,11298.0,0.0,0.00601,100.0,3.6534549387250683
,,,,,,11299.0,0.0,0.00601,100.0,3.635027086219571
,,,,,,11300.0,0.0,0.00601,100.0,3.6436832666299694
,,,,,,11301.0,0.0,0.00601,100.0,3.6299688589261003
,,,,,,11302.0,0.0,0.00601,100.0,3.627915288239935
,,,,,,11303.0,0.0,0.00601,100.0,3.6373425531616768
,,,,,,11304.0,0.0,0.00601,100.0,3.623872458365785
,,,,,,11305.0,0.0,0.00601,100.0,3.6344509264595444
,,,,,,11306.0,0.0,0.00601,100.0,3.6200127043637207
,,,,,,11307.0,0.0,0.00601,100.0,3.6597715789596945
,,,,,,11308.0,0.0,0.00601,100.0,3.6388859065024666
,,,,,,11309.0,0.0,0.00601,100.0,3.631568365402021
,,,,,,11310.0,0.0,0.00601,100.0,3.641246605255862
,,,,,,11311.0,0.0,0.00601,100.0,3.6307501427191347
,,,,,,11312.0,0.0,0.00601,100.0,3.636582417561912
,,,,,,11313.0,0.0,0.00601,100.0,3.6423986102402517
,,,,,,11314.0,0.0,0.00601,100.0,3.646135062868038
,,,,,,11315.0,0.0,0.00601,100.0,3.6420384802874883
,,,,,,11316.0,0.0,0.00601,100.0,3.651810711980445
,,,,,,11317.0,0.0,0.00601,100.0,3.6453190094689054
,,,,,,11318.0,0.0,0.00601,100.0,3.627449337694683
,,,,,,11320.0,0.0,0.00601,100.0,3.658139073198561
,,,,,,11320.0,0.0,0.00601,100.0,3.6597170618355186
,,,,,,11320.0,0.0,0.00601,100.0,3.653962050333059
,,,,,,,,,,
,,,,,,11320.0,-0.67522,0.0,0.0,3.615598717285512
,,,,,,11321.0,-0.6715,0.0002,2.0266,3.6225462703273923
,,,,,,11322.0,-0.67522,0.00039,4.011,3.62057830777824
,,,,,,11323.0,-0.67522,0.00058,5.8898,3.6170792841428288
,,,,,,11324.0,-0.67894,0.00077,7.8847,3.5899077489451967
,,,,,,11325.0,-0.67708,0.00097,9.9166,3.6087819882568697
,,,,,,11326.0,-0.67336,0.00117,11.9432,3.61439798481755
,,,,,,11327.0,-0.67336,0.00137,14.0331,3.60926502433321
,,,,,,11328.0,-0.6808,0.00155,15.875,3.6011392592917937
,,,,,,11329.0,-0.67708,0.00175,17.8489,3.6258189771911544
,,,,,,11330.0,-0.67522,0.00196,20.0391,3.609050420831787
,,,,,,11331.0,-0.67336,0.00214,21.8545,3.5917660737668484
,,,,,,11332.0,-0.67522,0.00234,23.8811,3.601107201553256
,,,,,,11333.0,-0.67522,0.00254,25.913,3.6165255661919775
,,,,,,11335.0,-0.67522,0.00274,27.9396,3.6027424290529
,,,,,,11336.0,-0.67522,0.00293,29.9715,3.6083721452793056
,,,,,,11337.0,-0.67522,0.00313,32.0034,3.594346742307826
,,,,,,11338.0,-0.67336,0.00335,34.1989,3.596087413487752
,,,,,,11339.0,-0.67708,0.00355,36.3099,3.6159933190715927
,,,,,,11340.0,-0.67708,0.00375,38.3207,3.6070203606913025
,,,,,,11341.0,-0.67894,0.00397,40.5689,3.603076786999149
,,,,,,11342.0,-0.67894,0.00417,42.6008,3.5868177257191274
,,,,,,11343.0,-0.66778,0.00437,44.6221,3.6076010426959066
,,,,,,11344.0,-0.67894,0.00454,46.406,3.608702258486176
,,,,,,11345.0,-0.67894,0.00474,48.4431,3.601229018612634
,,,,,,11346.0,-0.67894,0.00494,50.4908,3.6123836468232473
,,,,,,11347.0,-0.67894,0.00514,52.5227,3.5949428618416626
,,,,,,11348.0,-0.67894,0.00527,53.7946,3.60520575663738
,,,,,,11348.0,-1.35603,0.00527,53.7946,3.594554816624066
,,,,,,11349.0,-1.35231,0.00563,57.5522,3.576407173333317
,,,,,,11350.0,-1.35045,0.00605,61.7743,3.573162842890062
,,,,,,11351.0,-1.35045,0.0064,65.3789,3.5730705220042096
,,,,,,11352.0,-1.35231,0.00677,69.1735,3.5949114175503976
,,,,,,11353.0,-1.35231,0.00717,73.2373,3.568726618591421
,,,,,,11354.0,-1.35231,0.00759,77.491,3.5676684470527773
,,,,,,11355.0,-1.35045,0.00797,81.444,3.5816320469484446
,,,,,,11356.0,-1.35231,0.00833,85.0855,3.5771518639494073
,,,,,,11357.0,-1.35045,0.00874,89.3023,3.572998678666328
,,,,,,11358.0,-1.35045,0.00909,92.87,3.572133948228046
,,,,,,11359.0,-1.35045,0.00949,96.9337,3.5685184854176986
,,,,,,11360.0,-1.35045,0.00979,100.0,3.559751298175106
,,,,,,11360.0,-1.35045,0.00979,100.0,3.57308790489741
,,,,,,,,,,
,,,,,,11360.0,0.66592,0.0,0.0,3.6636187164659133
,,,,,,11361.0,0.66964,0.00019,12.901,3.653088400730107
,,,,,,11362.0,0.66964,0.00036,24.1808,3.65391285346574
,,,,,,11363.0,0.66778,0.00055,36.9783,3.6608391681727617
,,,,,,11364.0,0.66964,0.00074,49.6378,3.6676322951326212
,,,,,,11365.0,0.6715,0.00095,63.4012,3.6481901934779963
,,,,,,11366.0,0.66964,0.00113,75.3018,3.660183357066432
,,,,,,11367.0,0.66964,0.00132,88.4443,3.6771074582009953
,,,,,,11368.0,0.66964,0.0015,100.0,3.662036571161736
,,,,,,11368.0,0.0,0.0015,100.0,3.661591917977764
,,,,,,11369.0,0.0,0.0015,100.0,3.6348167305362367
,,,,,,11370.0,0.0,0.0015,100.0,3.6373914864540637
,,,,,,11371.0,0.0,0.0015,100.0,3.641826949286131
,,,,,,11372.0,0.0,0.0015,100.0,3.6246863120609576
,,,,,,11373.0,0.0,0.0015,100.0,3.6392233999629933
,,,,,,11374.0,0.0,0.0015,100.0,3.6407082783564513
,,,,,,11375.0,0.0,0.0015,100.0,3.644910003348876
,,,,,,11376.0,0.0,0.0015,100.0,3.6457445880910084
,,,,,,11377.0,0.0,0.0015,100.0,3.647943061803544
,,,,,,11378.0,0.0,0.0015,100.0,3.622304332896668
,,,,,,11380.0,0.0,0.0015,100.0,3.6516541192539074
,,,,,,11381.0,0.0,0.0015,100.0,3.6408182870127814
,,,,,,11382.0,0.0,0.0015,100.0,3.6418576730714984
,,,,,,11383.0,0.0,0.0015,100.0,3.6458382062043926
,,,,,,11384.0,0.0,0.0015,100.0,3.637044055390678
,,,,,,11384.0,0.0,0.0015,100.0,3.6455645574517788
,,,,,,11384.0,0.0,0.0015,100.0,3.637196716384089
,,,,,,,,,,
,,,,,,11384.0,-0.67894,0.0,0.0,3.6132707289389696
,,,,,,11385.0,-0.67336,0.00021,1.0057,3.6091061367922066
,,,,,,11386.0,-0.67522,0.00041,1.947,3.6027369980138744
,,,,,,11387.0,-0.67336,0.00061,2.9007,3.616582756650189
,,,,,,11388.0,-0.6715,0.0008,3.8271,3.60625797272828
,,,,,,11389.0,-0.67522,0.00099,4.7263,3.616476302954032
,,,,,,11390.0,-0.67522,0.00118,5.6601,3.610177285107765
,,,,,,11391.0,-0.67708,0.00136,6.4974,3.5944648512693496
,,,,,,11392.0,-0.67894,0.00155,7.4511,3.5950635829464535
,,,,,,11393.0,-0.6715,0.00175,8.4048,3.6034815458214027
,,,,,,11394.0,-0.67522,0.00197,9.4402,3.6159588765077455
,,,,,,11395.0,-0.67522,0.00216,10.3443,3.599417634493279
,,,,,,11396.0,-0.67336,0.00234,11.241,3.6006123365914204
,,,,,,11398.0,-0.6715,0.00254,12.1848,3.608403709372786
,,,,,,11399.0,-0.67336,0.00272,13.022,3.617468052597355
,,,,,,11400.0,-0.67708,0.00291,13.9732,3.5926989711341917
,,,,,,11401.0,-0.67336,0.00311,14.917,3.5952045568375306
,,,,,,11402.0,-0.67522,0.00334,16.0045,3.575415805199194
,,,,,,11403.0,-0.67522,0.00354,16.973,3.599565404366619
,,,,,,11404.0,-0.67522,0.00373,17.8722,3.599664984521553
,,,,,,11405.0,-0.6808,0.00391,18.7441,3.5986131892791353
,,,,,,11406.0,-0.67708,0.00411,19.6978,3.6007067078399637
,,,,,,11407.0,-0.67522,0.00431,20.649,3.5950883875620057
,,,,,,11408.0,-0.67894,0.00451,21.6002,3.6051269673777924
,,,,,,11409.0,-0.67522,0.0047,22.5539,3.60035920983174
,,,,,,11410.0,-0.67894,0.0049,23.4976,3.6003090192306804
,,,,,,11411.0,-0.67894,0.00509,24.4067,3.602961120840364
,,,,,,11412.0,-0.67708,0.0053,25.4149,3.598306234435921
,,,,,,11413.0,-0.67708,0.00548,26.2596,3.592873342793186
,,,,,,11414.0,-0.6715,0.00568,27.2133,3.6156493297481207
,,,,,,11415.0,-0.6715,0.00587,28.1645,3.6011413554799465
,,,,,,11416.0,-0.67522,0.00607,29.1182,3.6276071733706887
,,,,,,11418.0,-0.67708,0.00627,30.0669,3.6076259256090077
,,,,,,11419.0,-0.67708,0.00647,31.028,3.6171212867089646
,,,,,,11420.0,-0.6715,0.00667,31.9718,3.5915416858899234
,,,,,,11421.0,-0.67522,0.00685,32.8338,3.5949289898218346
,,,,,,11422.0,-0.67708,0.00705,33.7875,3.6018822094349554
,,,,,,11423.0,-0.67708,0.00725,34.7411,3.6170213492954626
,,,,,,11424.0,-0.67522,0.00744,35.6849,3.6024020818766362
,,,,,,11425.0,-0.67522,0.00762,36.5222,3.619191032178463
,,,,,,11426.0,-0.67522,0.00783,37.5328,3.6009572989573284
,,,,,,11427.0,-0.6715,0.008,38.375,3.6154522570801726
,,,,,,11428.0,-0.67522,0.0082,39.3287,3.6053192466954185
,,,,,,11429.0,-0.66964,0.0084,40.2774,3.599607777637062
,,,,,,11430.0,-0.67336,0.0086,41.2286,3.602280129908343
,,,,,,11431.0,-0.67522,0.0088,42.1823,3.615986751240986
,,,,,,11432.0,-0.66964,0.009,43.131,3.5999000822584537
,,,,,,11433.0,-0.67522,0.00922,44.2135,3.5986048209046273
,,,,,,11434.0,-0.67522,0.00942,45.14,3.587490190506923
,,,,,,11435.0,-0.67336,0.0096,46.0193,3.6120566160704306
,,,,,,11436.0,-0.67708,0.00982,47.0696,3.5925958045028956
,,,,,,11437.0,-0.67336,0.01001,47.996,3.6137721471397675
,,,,,,11438.0,-0.67708,0.01021,48.9497,3.595983377899222
,,,,,,11440.0,-0.67522,0.01041,49.9009,3.5993257994483363
,,,,,,11441.0,-0.67708,0.01059,50.7927,3.5979760169906903
,,,,,,11442.0,-0.67708,0.01079,51.7439,3.615533068952672
,,,,,,11443.0,-0.67708,0.01099,52.705,3.592178485994833
,,,,,,11444.0,-0.67894,0.01117,53.5422,3.5833425375272983
,,,,,,11445.0,-0.67522,0.01137,54.4934,3.594319144141566
,,,,,,11446.0,-0.67522,0.01157,55.4496,3.601456393458785
,,,,,,11447.0,-0.66964,0.01176,56.4008,3.596046586369533
,,,,,,11448.0,-0.67336,0.01196,57.3495,3.592391182602197
,,,,,,11449.0,-0.6715,0.01216,58.3007,3.5943173613867083
,,,,,,11450.0,-0.67336,0.01236,59.2519,3.6001301473326524
,,,,,,11451.0,-0.67894,0.01258,60.3295,3.610337282658825
,,,,,,11452.0,-0.67522,0.01278,61.2559,3.593643543132737
,,,,,,11453.0,-0.67336,0.01296,62.1105,3.590275137625211
,,,,,,11454.0,-0.67708,0.01316,63.1063,3.5889683297349904
,,,,,,11455.0,-0.67336,0.01334,63.941,3.5991117147517633
,,,,,,11456.0,-0.6715,0.01354,64.8947,3.5934149721122286
,,,,,,11457.0,-0.67522,0.01373,65.8459,3.585702589049341
,,,,,,11458.0,-0.67894,0.01393,66.7996,3.603749550586811
,,,,,,11459.0,-0.67522,0.01413,67.7508,3.584170131602239
,,,,,,11461.0,-0.67522,0.01437,68.9076,3.595240916583578
,,,,,,11462.0,-0.6715,0.01455,69.7721,3.59517614351154
,,,,,,11463.0,-0.67336,0.01475,70.7233,3.6282491600018614
,,,,,,11464.0,-0.66964,0.01493,71.568,3.6075629524824784
,,,,,,11465.0,-0.6715,0.01512,72.5043,3.5920577136388707
,,,,,,11466.0,-0.67336,0.01532,73.4555,3.595433749486344
,,,,,,11467.0,-0.67522,0.01552,74.4018,3.596346065397784
,,,,,,11468.0,-0.67336,0.01569,75.2366,3.596216610505406
,,,,,,11469.0,-0.6715,0.01591,76.2769,3.6025027571327866
,,,,,,11470.0,-0.6715,0.01611,77.2133,3.605429781323914
,,,,,,11471.0,-0.67522,0.01628,78.0481,3.602875243351045
,,,,,,11471.0,-0.67708,0.01633,78.2908,3.6170836771220882
,,,,,,11471.0,-1.35045,0.01633,78.2908,3.5601470949008545
,,,,,,11472.0,-1.35231,0.01674,80.2353,3.572692898115781
,,,,,,11473.0,-1.35231,0.01709,81.9445,3.569635888880739
,,,,,,11474.0,-1.35417,0.01755,84.1417,3.5616540450546625
,,,,,,11475.0,-1.35231,0.01793,85.9797,3.5680110731418337
,,,,,,11476.0,-1.35417,0.01833,87.887,3.5573351278721335
,,,,,,11477.0,-1.35045,0.01871,89.6879,3.5600475841672132
,,,,,,11479.0,-1.35231,0.01911,91.6299,3.5740506847983773
,,,,,,11480.0,-1.35231,0.01947,93.3218,3.557803083378527
,,,,,,11481.0,-1.35045,0.01986,95.2291,3.5652258575108764
,,,,,,11482.0,-1.35417,0.02026,97.139,3.5553689536745106
,,,,,,11483.0,-1.35045,0.02066,99.0463,3.570403061472859
,,,,,,11483.0,-1.35231,0.02086,100.0,3.5757769824184784
,,,,,,11483.0,-1.35231,0.02086,100.0,3.5550328975112477
,,,,,,,,,,
,,,,,,11483.0,0.67336,0.0,0.0,3.6508143671504296
,,,,,,11484.0,0.6715,0.00018,12.3915,3.651233186709824
,,,,,,11485.0,0.66964,0.00038,25.6855,3.6509361556830036
,,,,,,11486.0,0.6715,0.00058,38.7365,3.6623367096466297
,,,,,,11487.0,0.6715,0.00078,52.3776,3.6754153541347057
,,,,,,11488.0,0.6715,0.00096,64.665,3.646502449233302
,,,,,,11489.0,0.6715,0.00116,77.959,3.6541201832190664
,,,,,,11490.0,0.6715,0.00134,90.3506,3.6648893942801717
,,,,,,11491.0,0.6715,0.00149,100.0,3.6704304327448174
,,,,,,11491.0,0.0,0.00149,100.0,3.6302221825233842
,,,,,,11492.0,0.0,0.00149,100.0,3.6470807137506642
,,,,,,11493.0,0.0,0.00149,100.0,3.6367730508602936
,,,,,,11494.0,0.0,0.00149,100.0,3.627560949888819
,,,,,,11495.0,0.0,0.00149,100.0,3.6338491805576734
,,,,,,11496.0,0.0,0.00149,100.0,3.634102167010723
,,,,,,11497.0,0.0,0.00149,100.0,3.6128324670917706
,,,,,,11498.0,0.0,0.00149,100.0,3.622808606718507
,,,,,,11500.0,0.0,0.00149,100.0,3.634942517558295
,,,,,,11501.0,0.0,0.00149,100.0,3.6278284696783296
,,,,,,11502.0,0.0,0.00149,100.0,3.617445958356433
,,,,,,11503.0,0.0,0.00149,100.0,3.625171412105352
,,,,,,11504.0,0.0,0.00149,100.0,3.623151265859704
,,,,,,11505.0,0.0,0.00149,100.0,3.6260645834828855
,,,,,,11506.0,0.0,0.00149,100.0,3.6350881554537815
,,,,,,11507.0,0.0,0.00149,100.0,3.617196672552165
,,,,,,11507.0,0.0,0.00149,100.0,3.6463625980755934
,,,,,,11507.0,0.0,0.00149,100.0,3.63117387219785
,,,,,,,,,,
,,,,,,11507.0,-0.66964,0.0,0.0,3.604104643260042
,,,,,,11508.0,-0.67336,0.00019,0.4576,3.6155598182396687
,,,,,,11509.0,-0.67336,0.00036,0.8813,3.6065010961259247
,,,,,,11510.0,-0.6808,0.00057,1.3941,3.588167412170269
,,,,,,11511.0,-0.67522,0.00075,1.8216,3.6098622203209945
,,,,,,11512.0,-0.67708,0.00096,2.3268,3.5971706546557574
,,,,,,11513.0,-0.67708,0.00114,2.7543,3.6113753336201975
,,,,,,11514.0,-0.67522,0.00134,3.2458,3.605868514126712
,,,,,,11515.0,-0.67708,0.00151,3.6733,3.59414272996675
,,,,,,11516.0,-0.67894,0.00171,4.156,3.602052433000889
,,,,,,11518.0,-0.6715,0.00191,4.6386,3.6108137668879823
,,,,,,11519.0,-0.67894,0.00213,5.1765,3.5891691662377965
,,,,,,11520.0,-0.6715,0.00232,5.6178,3.5994135755116083
,,,,,,11521.0,-0.66964,0.00252,6.118,3.6120347264769705
,,,,,,11522.0,-0.6715,0.0027,6.5417,3.617485061087601
,,,,,,11523.0,-0.6715,0.00291,7.072,3.579265343171692
,,,,,,11524.0,-0.67522,0.00311,7.5447,3.608684281756049
,,,,,,11525.0,-0.6715,0.00331,8.0349,3.613555581996834
,,,,,,11526.0,-0.67336,0.00349,8.4711,3.591025104750859
,,,,,,11527.0,-0.67894,0.00368,8.9388,3.5999151094760085
,,,,,,11528.0,-0.67336,0.00387,9.3926,3.597910635000391
,,,,,,11529.0,-0.67336,0.00407,9.874,3.5947773893013335
,,,,,,11530.0,-0.67336,0.00427,10.3567,3.5937456658527793
,,,,,,11531.0,-0.67522,0.00446,10.8205,3.60505425304802
,,,,,,11532.0,-0.67336,0.00466,11.3032,3.6068497286001184
,,,,,,11533.0,-0.67522,0.00485,11.7608,3.5873514128432804
,,,,,,11534.0,-0.6715,0.00505,12.261,3.611846652894994
,,,,,,11535.0,-0.6715,0.00524,12.7061,3.612197664336797
,,,,,,11536.0,-0.67522,0.00544,13.2025,3.5994552201839967
,,,,,,11537.0,-0.6808,0.00564,13.6852,3.6055542258812507
,,,,,,11538.0,-0.66778,0.00582,14.1303,3.6033203283404793
,,,,,,11539.0,-0.67708,0.00602,14.6117,3.602450101478935
,,,,,,11541.0,-0.67522,0.00625,15.1671,3.5950826667192315
,,,,,,11542.0,-0.67336,0.00643,15.5958,3.6024010632112855
,,,,,,11542.0,-0.67522,0.00655,15.9005,3.59153408567638
,,,,,,11542.0,-5.40737,0.00655,15.9005,3.4209587950930405
,,,,,,11543.0,-5.40737,0.00818,19.837,3.4071200883681456
,,,,,,11544.0,-5.40737,0.00977,23.7009,3.3816177628563118
,,,,,,11545.0,-5.40923,0.01136,27.5647,3.3880978968425457
,,,,,,11546.0,-5.40737,0.01288,31.2468,3.378533238050116
,,,,,,11547.0,-5.40923,0.01428,34.6367,3.3759479483768944
,,,,,,11548.0,-5.40737,0.01587,38.5006,3.371470448762203
,,,,,,11550.0,-5.40737,0.01746,42.3644,3.3474936579547796
,,,,,,11550.0,-5.40923,0.01865,45.2454,3.3700980811190493
,,,,,,11550.0,-3.37612,0.01865,45.2454,3.462792560601169
,,,,,,11551.0,-3.37984,0.01969,47.7716,3.4535766800757317
,,,,,,11552.0,-3.37798,0.02063,50.0483,3.4534798278184238
,,,,,,11553.0,-3.37984,0.02159,52.3726,3.4461129177127408
,,,,,,11554.0,-3.38356,0.0225,54.5816,3.446916635142214
,,,,,,11555.0,-3.37984,0.02345,56.9059,3.449339074913845
,,,,,,11557.0,-3.37984,0.02445,59.3205,3.4440546503530123
,,,,,,11558.0,-3.37798,0.02544,61.7351,3.4668702862747742
,,,,,,11559.0,-3.37984,0.02644,64.1497,3.455905561474524
,,,,,,11560.0,-3.37798,0.02738,66.4264,3.448052700958512
,,,,,,11561.0,-3.38356,0.02834,68.7507,3.449822549507716
,,,,,,11562.0,-3.37612,0.02927,71.0286,3.428019555961483
,,,,,,11563.0,-3.3817,0.03023,73.3517,3.435542277423742
,,,,,,11564.0,-3.37798,0.03127,75.8792,3.4543057179687073
,,,,,,11565.0,-3.37984,0.03227,78.2937,3.446396377591591
,,,,,,11566.0,-3.3817,0.03326,80.7083,3.444637946072938
,,,,,,11567.0,-3.37984,0.03426,83.1217,3.426638456092341
,,,,,,11568.0,-3.37984,0.03525,85.5363,3.4556573464165066
,,,,,,11569.0,-3.3817,0.03625,87.9509,3.4417965820900376
,,,,,,11570.0,-3.37984,0.03724,90.3642,3.4444478778696705
,,,,,,11571.0,-3.37798,0.03824,92.7788,3.4443764864176596
,,,,,,11572.0,-3.3817,0.03923,95.1934,3.4258944222881937
,,,,,,11573.0,-3.37984,0.04022,97.5854,3.461575115244915
,,,,,,11574.0,-3.37984,0.04109,99.7029,3.4493501973811562
,,,,,,11574.0,-3.37798,0.04121,100.0,3.4363449736467744
,,,,,,11574.0,-3.37798,0.04121,100.0,3.445788475217568
,,,,,,,,,,
,,,,,,11574.0,1.34859,0.0,0.0,3.639170235454972
,,,,,,11575.0,1.34487,0.00042,14.0671,3.6376740447319356
,,,,,,11577.0,1.34487,0.00082,27.2743,3.6503958893139155
,,,,,,11578.0,1.34487,0.00122,40.4643,3.6424779051092515
,,,,,,11579.0,1.34859,0.00161,53.5512,3.6493793301328985
,,,,,,11580.0,1.34673,0.00196,65.3826,3.633237066496933
,,,,,,11581.0,1.34859,0.00236,78.5899,3.654775008232075
,,,,,,11582.0,1.34859,0.00276,91.7799,3.6678659505497206
,,,,,,11582.0,1.34673,0.003,100.0,3.684239674997412
,,,,,,11582.0,1.34673,0.003,100.0,3.665220971849445
,,,,,,,,,,
,,,,,,11582.0,-1.34115,0.0,0.0,3.5619431178797925
,,,,,,11583.0,-1.35417,0.00039,3.2438,3.5547195143517456
,,,,,,11585.0,-1.35045,0.00082,6.7618,3.5439339108369907
,,,,,,11586.0,-1.35045,0.00118,9.8127,3.5485802189630813
,,,,,,11587.0,-1.35231,0.00158,13.1122,3.5542618339107506
,,,,,,11588.0,-1.35045,0.00201,16.6302,3.5528729598562827
,,,,,,11589.0,-1.35045,0.0024,19.9297,3.534624728336256
,,,,,,11590.0,-1.35417,0.0028,23.2335,3.551022142860546
,,,,,,11591.0,-1.34859,0.0032,26.533,3.5607185022558103
,,,,,,11592.0,-1.35231,0.0036,29.8624,3.5537875448652265
,,,,,,11593.0,-1.35231,0.00398,33.042,3.5289637922250714
,,,,,,11594.0,-1.35045,0.00437,36.2129,3.5402714049919437
,,,,,,11595.0,-1.35231,0.00473,39.2381,3.5227175317277113
,,,,,,11596.0,-1.35231,0.00515,42.6919,3.5309200243270262
,,,,,,11597.0,-1.35231,0.00551,45.6828,3.556375998172328
,,,,,,11598.0,-1.35045,0.00591,48.9823,3.549202597812229
,,,,,,11599.0,-1.35045,0.0063,52.2818,3.552188426900968
,,,,,,11600.0,-1.35231,0.0067,55.5855,3.5329810831435005
,,,,,,11601.0,-1.35231,0.00707,58.6365,3.5481590110629275
,,,,,,11602.0,-1.35231,0.00754,62.5316,3.534254928004625
,,,,,,11603.0,-1.35045,0.0079,65.4926,3.5485884272584687
,,,,,,11604.0,-1.35045,0.0083,68.852,3.550602638692959
,,,,,,11606.0,-1.35231,0.0087,72.1558,3.559147901589602
,,,,,,11607.0,-1.35231,0.0091,75.4596,3.5549258164876703
,,,,,,11608.0,-1.35045,0.0095,78.7591,3.5400978371717735
,,,,,,11609.0,-1.35045,0.00989,82.0585,3.5464517899665338
,,,,,,11610.0,-1.35417,0.01029,85.328,3.5478917996775907
,,,,,,11611.0,-1.35231,0.01068,88.5675,3.557641737342492
,,,,,,11612.0,-1.35045,0.01103,91.4642,3.543246680320588
,,,,,,11613.0,-1.35231,0.01143,94.768,3.5394225583603074
,,,,,,11614.0,-1.35045,0.01179,97.7889,3.560986513449103
,,,,,,11614.0,-1.35045,0.01206,100.0,3.5466020910631872
,,,,,,11614.0,-1.35045,0.01206,100.0,3.5322790329447242
,,,,,,,,,,
,,,,,,11614.0,2.69903,0.0,0.0,3.7125849652614775
,,,,,,11615.0,2.69903,0.00077,12.9038,3.7205860652211817
,,,,,,11616.0,2.69903,0.00147,24.5552,3.7183892512700165
,,,,,,11618.0,2.69903,0.00226,37.839,3.7304989635456542
,,,,,,11619.0,2.69903,0.00316,52.8761,3.7251891630614633
,,,,,,11620.0,2.69717,0.00391,65.2876,3.7180256464647865
,,,,,,11621.0,2.69903,0.0047,78.5628,3.733415860101762
,,,,,,11622.0,2.69903,0.00556,92.9781,3.7355131797564445
,,,,,,11622.0,2.70089,0.00598,100.0,3.746627801096577
,,,,,,11622.0,0.0,0.00598,100.0,3.621934251048798
,,,,,,11624.0,0.0,0.00598,100.0,3.6303865014673944
,,,,,,11625.0,0.0,0.00598,100.0,3.613690334420113
,,,,,,11626.0,0.0,0.00598,100.0,3.618829377750717
,,,,,,11627.0,0.0,0.00598,100.0,3.6068348171214866
,,,,,,11628.0,0.0,0.00598,100.0,3.633823961478436
,,,,,,11629.0,0.0,0.00598,100.0,3.610046122855059
,,,,,,11630.0,0.0,0.00598,100.0,3.622544894355142
,,,,,,11631.0,0.0,0.00598,100.0,3.631121769976704
,,,,,,11632.0,0.0,0.00598,100.0,3.61672629699914
,,,,,,11633.0,0.0,0.00598,100.0,3.6324818349421504
,,,,,,11634.0,0.0,0.00598,100.0,3.613016751091752
,,,,,,11635.0,0.0,0.00598,100.0,3.6227234789799994
,,,,,,11636.0,0.0,0.00598,100.0,3.6157836544044186
,,,,,,11637.0,0.0,0.00598,100.0,3.605628903650595
,,,,,,11638.0,0.0,0.00598,100.0,3.625179345870225
,,,,,,11639.0,0.0,0.00598,100.0,3.6154913865666454
,,,,,,11640.0,0.0,0.00598,100.0,3.630646023911178
,,,,,,11641.0,0.0,0.00598,100.0,3.6487933615693393
,,,,,,11642.0,0.0,0.00598,100.0,3.6228793655501947
,,,,,,11643.0,0.0,0.00598,100.0,3.622595424366317
,,,,,,11644.0,0.0,0.00598,100.0,3.6200406212686103
,,,,,,11645.0,0.0,0.00598,100.0,3.6243296450570943
,,,,,,11646.0,0.0,0.00598,100.0,3.6020608891127823
,,,,,,11647.0,0.0,0.00598,100.0,3.6344866891503838
,,,,,,11648.0,0.0,0.00598,100.0,3.622064245484841
,,,,,,11649.0,0.0,0.00598,100.0,3.6361369919003703
,,,,,,11650.0,0.0,0.00598,100.0,3.637552834702349
,,,,,,11651.0,0.0,0.00598,100.0,3.6329210286839833
,,,,,,11653.0,0.0,0.00598,100.0,3.6150989520993972
,,,,,,11654.0,0.0,0.00598,100.0,3.6199877974464076
,,,,,,11655.0,0.0,0.00598,100.0,3.6170749699312292
,,,,,,11656.0,0.0,0.00598,100.0,3.6251928511698877
,,,,,,11657.0,0.0,0.00598,100.0,3.599003721010651
,,,,,,11658.0,0.0,0.00598,100.0,3.638795177013927
,,,,,,11659.0,0.0,0.00598,100.0,3.611255501691189
,,,,,,11660.0,0.0,0.00598,100.0,3.6322382334952037
,,,,,,11661.0,0.0,0.00598,100.0,3.6213525382971876
,,,,,,11662.0,0.0,0.00598,100.0,3.6201279429946545
,,,,,,11662.0,0.0,0.00598,100.0,3.6124439139133173
,,,,,,11663.0,0.0,0.00598,100.0,3.630638973167747
,,,,,,11664.0,0.0,0.00598,100.0,3.63292449470378
,,,,,,11665.0,0.0,0.00598,100.0,3.5999151338947315
,,,,,,11666.0,0.0,0.00598,100.0,3.6166024388292435
,,,,,,11667.0,0.0,0.00598,100.0,3.6250629972062542
,,,,,,11668.0,0.0,0.00598,100.0,3.616586219741928
,,,,,,11669.0,0.0,0.00598,100.0,3.622018736993402
,,,,,,11670.0,0.0,0.00598,100.0,3.628534611475982
,,,,,,11671.0,0.0,0.00598,100.0,3.6252437289329498
,,,,,,11672.0,0.0,0.00598,100.0,3.617486446942557
,,,,,,11673.0,0.0,0.00598,100.0,3.627242001244974
,,,,,,11674.0,0.0,0.00598,100.0,3.631184777516786
,,,,,,11675.0,0.0,0.00598,100.0,3.618606713574884
,,,,,,11676.0,0.0,0.00598,100.0,3.6294283821684914
,,,,,,11677.0,0.0,0.00598,100.0,3.630476227807492
,,,,,,11678.0,0.0,0.00598,100.0,3.6282009323767666
,,,,,,11679.0,0.0,0.00598,100.0,3.618122608171956
,,,,,,11679.0,0.0,0.00598,100.0,3.62782774933954
,,,,,,,,,,
,,,,,,11679.0,-0.66406,0.0,0.0,3.5974601853429697
,,,,,,11680.0,-0.6715,0.00019,1.9268,3.585703020877744
,,,,,,11681.0,-0.67894,0.00039,3.9751,3.575701376085711
,,,,,,11682.0,-0.67336,0.00058,5.9336,3.5911048273468764
,,,,,,11683.0,-0.67522,0.00078,7.9607,3.588784306041866
,,,,,,11684.0,-0.67522,0.00098,9.9931,3.591291324804165
,,,,,,11685.0,-0.67522,0.00115,11.7774,3.6023121956319084
,,,,,,11686.0,-0.67522,0.00136,13.8679,3.587494374322909
,,,,,,11687.0,-0.6808,0.00155,15.8581,3.5777047804507287
,,,,,,11688.0,-0.67522,0.00174,17.7374,3.5893833511039284
,,,,,,11689.0,-0.67894,0.00194,19.7698,3.5872434373950877
,,,,,,11690.0,-0.67522,0.00213,21.8022,3.6234583398710085
,,,,,,11691.0,-0.67894,0.00233,23.8294,3.587152646091461
,,,,,,11692.0,-0.67522,0.00253,25.8671,3.5921644510028585
,,,,,,11693.0,-0.67522,0.00273,27.8995,3.5851214720899836
,,,,,,11694.0,-0.67336,0.00293,29.9266,3.5972677538347337
,,,,,,11695.0,-0.67336,0.00314,32.091,3.600308256980921
,,,,,,11696.0,-0.67522,0.00334,34.1181,3.5957295923866863
,,,,,,11697.0,-0.67522,0.00354,36.1506,3.601257223060888
,,,,,,11698.0,-0.67336,0.00371,37.9507,3.579260061534615
,,,,,,11699.0,-0.67522,0.00392,40.0359,3.6052613059422662
,,,,,,11700.0,-0.67708,0.00412,42.0472,3.59829849703302
,,,,,,11701.0,-0.67894,0.00429,43.8368,3.5777553250085203
,,,,,,11703.0,-0.6715,0.00449,45.8586,3.5770551235174386
,,,,,,11704.0,-0.67708,0.00469,47.8963,3.595335437151572
,,,,,,11705.0,-0.67336,0.00491,50.1188,3.5876653766299933
,,,,,,11706.0,-0.67522,0.0051,52.1248,3.5914114029316364
,,,,,,11707.0,-0.67336,0.00528,53.9619,3.5902684296345946
,,,,,,11707.0,-1.35417,0.00528,53.9619,3.5420486924734607
,,,,,,11708.0,-1.35045,0.00564,57.5727,3.5724613552400393
,,,,,,11709.0,-1.35231,0.0061,62.366,3.572689424934369
,,,,,,11710.0,-1.35045,0.00648,66.2039,3.5722605499553657
,,,,,,11711.0,-1.35231,0.00685,69.9625,3.5608208857786705
,,,,,,11712.0,-1.35045,0.00724,73.9482,3.555753764747258
,,,,,,11713.0,-1.35231,0.00764,78.0922,3.558490637705238
,,,,,,11714.0,-1.35045,0.00799,81.6608,3.544582051237347
,,,,,,11715.0,-1.35231,0.00839,85.7626,3.5558968776891016
,,,,,,11716.0,-1.35231,0.00879,89.8327,3.5469783182574637
,,,,,,11717.0,-1.35231,0.00919,93.8605,3.5582520994077567
,,,,,,11718.0,-1.35231,0.00954,97.4291,3.548674257361847
,,,,,,11719.0,-1.35231,0.00979,100.0,3.556667689393725
,,,,,,11719.0,-1.35231,0.00979,100.0,3.547100934503912
,,,,,,,,,,
,,,,,,11719.0,0.66964,0.0,0.0,3.650327015856706
,,,,,,11720.0,0.66964,0.00019,12.8072,3.648585307860678
,,,,,,11721.0,0.66964,0.00037,24.5068,3.6320975758097838
,,,,,,11722.0,0.6715,0.00057,38.2139,3.639324689395411
,,,,,,11723.0,0.66778,0.00075,50.5711,3.6398157135081926
,,,,,,11724.0,0.66778,0.00095,63.7591,3.618472149107642
,,,,,,11725.0,0.66964,0.00115,76.947,3.651517105733887
,,,,,,11726.0,0.66964,0.00134,90.0312,3.6604215351893323
,,,,,,11727.0,0.66964,0.00149,100.0,3.660191931104499
,,,,,,11727.0,0.0,0.00149,100.0,3.608629056524589
,,,,,,11728.0,0.0,0.00149,100.0,3.6217239239334593
,,,,,,11729.0,0.0,0.00149,100.0,3.625227119389357
,,,,,,11730.0,0.0,0.00149,100.0,3.6192229148033577
,,,,,,11731.0,0.0,0.00149,100.0,3.6386881013785493
,,,,,,11732.0,0.0,0.00149,100.0,3.629453463110744
,,,,,,11733.0,0.0,0.00149,100.0,3.606513598180692
,,,,,,11734.0,0.0,0.00149,100.0,3.6218157888376963
,,,,,,11735.0,0.0,0.00149,100.0,3.6167063976250224
,,,,,,11736.0,0.0,0.00149,100.0,3.6174623631509144
,,,,,,11737.0,0.0,0.00149,100.0,3.6140548671938864
,,,,,,11738.0,0.0,0.00149,100.0,3.6213844017381347
,,,,,,11739.0,0.0,0.00149,100.0,3.6478081590345077
,,,,,,11740.0,0.0,0.00149,100.0,3.630042062855444
,,,,,,11741.0,0.0,0.00149,100.0,3.622311688433719
,,,,,,11742.0,0.0,0.00149,100.0,3.6106885471298
,,,,,,11743.0,0.0,0.00149,100.0,3.640738254246528
,,,,,,11743.0,0.0,0.00149,100.0,3.6191499635075193
,,,,,,,,,,
,,,,,,11743.0,-0.6622,0.0,0.0,3.6157862406294767
,,,,,,11744.0,-0.67336,0.0002,0.9384,3.6031008756446314
,,,,,,11745.0,-0.67336,0.00039,1.8891,3.592481723718842
,,,,,,11746.0,-0.66964,0.00059,2.8126,3.5979919446567137
,,,,,,11747.0,-0.67708,0.00079,3.7707,3.585946018496144
,,,,,,11748.0,-0.6715,0.00097,4.667,3.580866672382729
,,,,,,11749.0,-0.67336,0.00117,5.6202,3.5824687186702597
,,,,,,11750.0,-0.67336,0.00137,6.5685,3.582211511120066
,,,,,,11751.0,-0.67522,0.00157,7.5192,3.5791672518922497
,,,,,,11752.0,-0.66964,0.00176,8.4501,3.59094014080901
,,,,,,11753.0,-0.66964,0.00196,9.386,3.5877697697851683
,,,,,,11754.0,-0.67522,0.00214,10.2773,3.59196733490574
,,,,,,11755.0,-0.67894,0.00234,11.233,3.5901440982999118
,,,,,,11756.0,-0.67708,0.00254,12.1763,3.595856776881942
,,,,,,11757.0,-0.68266,0.00272,13.0131,3.5968685069891357
,,,,,,11758.0,-0.67336,0.00292,13.9762,3.589114950513257
,,,,,,11759.0,-0.67336,0.00312,14.9344,3.5902517772014653
,,,,,,11760.0,-0.67522,0.00332,15.8876,3.581487049255041
,,,,,,11761.0,-0.6715,0.0035,16.7938,3.596634585507005
,,,,,,11762.0,-0.6715,0.00369,17.6727,3.59409551586636
,,,,,,11763.0,-0.6715,0.00389,18.6259,3.5800281363444673
,,,,,,11765.0,-0.67708,0.00409,19.5766,3.585279563713835
,,,,,,11766.0,-0.67336,0.00428,20.5298,3.579004958502897
,,,,,,11767.0,-0.67894,0.00448,21.4806,3.5819830275919013
,,,,,,11768.0,-0.67894,0.00466,22.3248,3.582897034932319
,,,,,,11769.0,-0.67708,0.00486,23.3078,3.596604579148563
,,,,,,11770.0,-0.67336,0.00506,24.2684,3.5819381287521024
,,,,,,11771.0,-0.67522,0.00524,25.13,3.6086180647585286
,,,,,,11772.0,-0.6715,0.00544,26.0832,3.5867254944634936
,,,,,,11773.0,-0.67336,0.00564,27.0438,3.5852515287929307
,,,,,,11774.0,-0.67522,0.00584,27.997,3.601380823325805
,,,,,,11775.0,-0.6715,0.00604,28.9428,3.590079876880839
,,,,,,11776.0,-0.67708,0.00624,29.896,3.5799942200417014
,,,,,,11777.0,-0.67336,0.00647,31.0176,3.580497647258981
,,,,,,11778.0,-0.67522,0.00671,32.1416,3.5985059389946796
,,,,,,11779.0,-0.67522,0.00689,32.9908,3.6020852941028108
,,,,,,11781.0,-0.6715,0.00708,33.9465,3.590579070521406
,,,,,,11782.0,-0.67522,0.00728,34.8973,3.594038533654612
,,,,,,11783.0,-0.67708,0.00748,35.8505,3.591328557852707
,,,,,,11784.0,-0.67894,0.00768,36.8012,3.5768634099545875
,,,,,,11785.0,-0.67708,0.00788,37.7371,3.577961773117819
,,,,,,11786.0,-0.67522,0.00805,38.5739,3.590381870401795
,,,,,,11787.0,-0.67894,0.00825,39.5271,3.5873236673392404
,,,,,,11788.0,-0.67894,0.00845,40.4778,3.597710168250913
,,,,,,11789.0,-0.67708,0.00865,41.4335,3.580865699667483
,,,,,,11790.0,-0.67336,0.00885,42.3843,3.5726278703217136
,,,,,,11791.0,-0.66778,0.00904,43.3325,3.5817363846429613
,,,,,,11792.0,-0.67522,0.00925,44.3154,3.598859557087253
,,,,,,11793.0,-0.67708,0.00944,45.2241,3.608444887690079
,,,,,,11794.0,-0.67894,0.00962,46.0758,3.5674252969925186
,,,,,,11795.0,-0.66964,0.0098,46.9819,3.5812618788387303
,,,,,,11796.0,-0.6808,0.01,47.9351,3.5932671180160227
,,,,,,11797.0,-0.6715,0.0102,48.8859,3.5858683283988224
,,,,,,11798.0,-0.67708,0.01038,49.7301,3.592680478302829
,,,,,,11799.0,-0.66964,0.01058,50.6734,3.6047152171652854
,,,,,,11800.0,-0.6715,0.01079,51.6811,3.5931418820070458
,,,,,,11801.0,-0.67708,0.01099,52.6368,3.5801099240024965
,,,,,,11802.0,-0.67894,0.01118,53.59,3.5854462219171834
,,,,,,11803.0,-0.67522,0.01138,54.5407,3.572770502549229
,,,,,,11804.0,-0.67708,0.01158,55.484,3.5937228427565597
,,,,,,11805.0,-0.67708,0.01178,56.4372,3.5890151961827583
,,,,,,11807.0,-0.6808,0.01198,57.3904,3.595871588024911
,,,,,,11808.0,-0.67708,0.01217,58.3337,3.5776868815529164
,,,,,,11809.0,-0.6715,0.01236,59.2424,3.5931315420838192
,,,,,,11810.0,-0.67894,0.01258,60.2649,3.565822020440748
,,,,,,11811.0,-0.67708,0.01276,61.1538,3.593883374036055
,,,,,,11812.0,-0.67522,0.01295,62.0525,3.573894729434471
,,,,,,11813.0,-0.67336,0.01315,63.0032,3.5997213753555526
,,,,,,11814.0,-0.67336,0.01335,63.9564,3.5931126124825505
,,,,,,11815.0,-0.67708,0.01355,64.9072,3.589162934560511
,,,,,,11816.0,-0.67708,0.01374,65.8604,3.597508682624352
,,,,,,11817.0,-0.67708,0.01394,66.8086,3.5828701103502727
,,,,,,11818.0,-0.67522,0.01413,67.6974,3.584810930549255
,,,,,,11819.0,-0.6715,0.01434,68.6977,3.5826340196574944
,,,,,,11820.0,-0.6715,0.01451,69.5296,3.5720006029651983
,,,,,,11821.0,-0.67894,0.01471,70.4853,3.580547473660011
,,,,,,11822.0,-0.67894,0.01491,71.4484,3.5784747007396933
,,,,,,11823.0,-0.67708,0.01511,72.4016,3.5916460605896523
,,,,,,11824.0,-0.6715,0.01531,73.3523,3.5855930395293485
,,,,,,11825.0,-0.67708,0.01551,74.303,3.5747230106799837
,,,,,,11826.0,-0.67708,0.01569,75.1795,3.5875538782111343
,,,,,,11827.0,-0.67708,0.0159,76.1773,3.5788792625061654
,,,,,,11829.0,-0.67708,0.0161,77.1305,3.5854222944478558
,,,,,,11830.0,-0.6715,0.0163,78.0837,3.5830574590822595
,,,,,,11830.0,-0.67708,0.01632,78.2001,3.5859849187868713
,,,,,,11830.0,-1.35231,0.01632,78.2001,3.544727661746836
,,,,,,11831.0,-1.35045,0.01671,80.0693,3.535273752008786
,,,,,,11832.0,-1.35045,0.01711,81.9757,3.56122119221472
,,,,,,11833.0,-1.35045,0.01748,83.7757,3.5591115229609853
,,,,,,11834.0,-1.35231,0.01793,85.9346,3.560084844349379
,,,,,,11835.0,-1.35045,0.01831,87.7148,3.551014220661393
,,,,,,11836.0,-1.35231,0.01875,89.8391,3.5540403161152283
,,,,,,11837.0,-1.35231,0.01914,91.7108,3.5444682428358014
,,,,,,11838.0,-1.35045,0.01959,93.8673,3.5459196908542814
,,,,,,11839.0,-1.34859,0.01998,95.7192,3.5685802166857004
,,,,,,11841.0,-1.35231,0.02037,97.6257,3.552236155769206
,,,,,,11842.0,-1.35231,0.02077,99.5321,3.5501956913593276
,,,,,,11842.0,-1.35417,0.02087,100.0,3.5521355329739928
,,,,,,11842.0,-1.35417,0.02087,100.0,3.5345078783215333
,,,,,,,,,,
,,,,,,11842.0,0.6715,0.0,0.0,3.6181201871333686
,,,,,,11843.0,0.66964,0.00019,12.3499,3.63675859955057
,,,,,,11844.0,0.66778,0.00038,25.1801,3.6386805496496426
,,,,,,11845.0,0.66778,0.00057,37.6329,3.641562246918631
,,,,,,11846.0,0.66778,0.00077,50.8405,3.6281920568701125
,,,,,,11847.0,0.66964,0.00096,63.9451,3.644314209765204
,,,,,,11848.0,0.66964,0.00116,76.7753,3.6313473518081363
,,,,,,11849.0,0.6715,0.00134,88.8508,3.632248623241063
,,,,,,11850.0,0.66964,0.00151,100.0,3.6545313876363585
,,,,,,11850.0,0.0,0.00151,100.0,3.6207024255208218
,,,,,,11851.0,0.0,0.00151,100.0,3.605831577486862
,,,,,,11852.0,0.0,0.00151,100.0,3.616161457887617
,,,,,,11853.0,0.0,0.00151,100.0,3.622226165818082
,,,,,,11854.0,0.0,0.00151,100.0,3.6144028920433837
,,,,,,11855.0,0.0,0.00151,100.0,3.626968523455451
,,,,,,11856.0,0.0,0.00151,100.0,3.6128793637371004
,,,,,,11857.0,0.0,0.00151,100.0,3.600537096098682
,,,,,,11858.0,0.0,0.00151,100.0,3.631884281003429
,,,,,,11859.0,0.0,0.00151,100.0,3.6065406617293174
,,,,,,11860.0,0.0,0.00151,100.0,3.6143285628879243
,,,,,,11861.0,0.0,0.00151,100.0,3.6195698243212697
,,,,,,11862.0,0.0,0.00151,100.0,3.6288464739959467
,,,,,,11863.0,0.0,0.00151,100.0,3.6206165016508134
,,,,,,11865.0,0.0,0.00151,100.0,3.627806229586473
,,,,,,11866.0,0.0,0.00151,100.0,3.6078829431380743
,,,,,,11866.0,0.0,0.00151,100.0,3.6091706278426052
,,,,,,11866.0,0.0,0.00151,100.0,3.614240982010127
,,,,,,,,,,
,,,,,,11866.0,-0.6715,0.0,0.0,3.5816955463739495
,,,,,,11867.0,-0.67708,0.00018,0.4381,3.5905272550029235
,,,,,,11868.0,-0.6715,0.00038,0.9202,3.5877193735945396
,,,,,,11869.0,-0.67894,0.00058,1.4072,3.5804721324152555
,,,,,,11870.0,-0.67708,0.00076,1.8516,3.5724189542942977
,,,,,,11871.0,-0.67522,0.00096,2.3337,3.5643750168312915
,,,,,,11872.0,-0.6808,0.00116,2.822,3.5982611035690244
,,,,,,11873.0,-0.67336,0.00134,3.2551,3.600104092584587
,,,,,,11874.0,-0.67522,0.00154,3.7359,3.6021928537366708
,,,,,,11875.0,-0.67708,0.00174,4.2192,3.5706626612547145
,,,,,,11876.0,-0.67894,0.00195,4.7302,3.5828163765373917
,,,,,,11877.0,-0.67708,0.00214,5.1959,3.601246638846768
,,,,,,11878.0,-0.67336,0.00233,5.6566,3.5957739654786685
,,,,,,11879.0,-0.66964,0.00253,6.1387,3.5814753288965795
,,,,,,11880.0,-0.67522,0.00272,6.6069,3.59584590316476
,,,,,,11881.0,-0.67522,0.00291,7.0601,3.581003685386536
,,,,,,11883.0,-0.67336,0.0031,7.5384,3.580473040840005
,,,,,,11884.0,-0.67336,0.0033,8.0167,3.56566633746226
,,,,,,11885.0,-0.67522,0.00348,8.4447,3.575874142889281
,,,,,,11886.0,-0.67708,0.00367,8.918,3.5903727963451546
,,,,,,11887.0,-0.67708,0.00387,9.3976,3.598470104200935
,,,,,,11888.0,-0.6715,0.00407,9.8784,3.592211315329028
,,,,,,11889.0,-0.67336,0.00426,10.3566,3.579645953547129
,,,,,,11890.0,-0.67336,0.00446,10.8387,3.574399413044218
,,,,,,11891.0,-0.67894,0.00465,11.3095,3.577454620197295
,,,,,,11892.0,-0.6715,0.00485,11.7739,3.576535863407164
,,,,,,11893.0,-0.67708,0.00505,12.2572,3.577540149950538
,,,,,,11894.0,-0.67336,0.00522,12.6816,3.577949917513717
,,,,,,11895.0,-0.67708,0.00542,13.1636,3.59648405907514
,,,,,,11896.0,-0.6715,0.00562,13.6469,3.5862516720461004
,,,,,,11897.0,-0.67522,0.0058,14.1026,3.587006534246113
,,,,,,11898.0,-0.6808,0.00601,14.6085,3.5773509003066732
,,,,,,11899.0,-0.67522,0.00619,15.0491,3.5800229387778195
,,,,,,11900.0,-0.67522,0.00641,15.5814,3.574538423493513
,,,,,,11901.0,-0.67522,0.00658,15.9856,3.5924147845705723
,,,,,,11901.0,-5.40551,0.00658,15.9856,3.38570917284674
,,,,,,11902.0,-5.40551,0.00817,19.8546,3.3826384482682466
,,,,,,11903.0,-5.40737,0.00967,23.5052,3.367111713609544
,,,,,,11904.0,-5.40923,0.01113,27.0453,3.373169178887116
,,,,,,11905.0,-5.40923,0.01277,31.0235,3.3557243014900417
,,,,,,11906.0,-5.40923,0.01436,34.8925,3.374138319690685
,,,,,,11907.0,-5.40737,0.01595,38.7615,3.3607307828345467
,,,,,,11908.0,-5.40923,0.01755,42.6305,3.352736029503246
,,,,,,11909.0,-5.40737,0.01854,45.0395,3.353561370578412
,,,,,,11909.0,-3.37612,0.01854,45.0395,3.432708216273429
,,,,,,11910.0,-3.37984,0.01951,47.4121,3.420684628207686
,,,,,,11911.0,-3.37984,0.0205,49.806,3.444293548396633
,,,,,,11912.0,-3.37984,0.02154,52.3368,3.4518307481015085
,,,,,,11913.0,-3.3817,0.02242,54.4822,3.447746177835607
,,,,,,11914.0,-3.37798,0.02342,56.8988,3.4391673257027984
,,,,,,11915.0,-3.37984,0.02441,59.3166,3.4508695498352093
,,,,,,11916.0,-3.37798,0.02541,61.7344,3.434936106594718
,,,,,,11917.0,-3.3817,0.02639,64.107,3.4430386279932907
,,,,,,11918.0,-3.37798,0.02742,66.6152,3.4179105364573
,,,,,,11920.0,-3.37984,0.02834,68.8497,3.4315761315190607
,,,,,,11921.0,-3.37798,0.02937,71.3592,3.4438109201115115
,,,,,,11922.0,-3.37798,0.03036,73.7531,3.4248474503354145
,,,,,,11923.0,-3.3817,0.03134,76.1471,3.431610728670827
,,,,,,11924.0,-3.37984,0.03222,78.2686,3.430464337548119
,,,,,,11925.0,-3.37612,0.0332,80.6626,3.4147703699853627
,,,,,,11926.0,-3.3817,0.0342,83.0791,3.4508806986516714
,,,,,,11927.0,-3.37984,0.03519,85.4969,3.421165007537907
,,,,,,11928.0,-3.37984,0.03619,87.9147,3.425307546754286
,,,,,,11929.0,-3.37984,0.03718,90.3313,3.4201714226557143
,,,,,,11930.0,-3.37984,0.03818,92.7491,3.4323620954888576
,,,,,,11931.0,-3.37984,0.03917,95.1669,3.422372885614153
,,,,,,11932.0,-3.37984,0.04017,97.5835,3.4373514715189746
,,,,,,11933.0,-3.37984,0.04116,100.0,3.41797311278297
,,,,,,11933.0,-3.37984,0.04116,100.0,3.3975762165900405
,,,,,,,,,,
,,,,,,11933.0,1.34859,0.0,0.0,3.6118431669252486
,,,,,,11934.0,1.34301,0.00037,12.0648,3.6376636637810167
,,,,,,11935.0,1.34673,0.0008,26.5017,3.6234935246887434
,,,,,,11936.0,1.34487,0.00116,38.4642,3.637445745915797
,,,,,,11937.0,1.34301,0.00158,52.2696,3.6479422323941773
,,,,,,11938.0,1.34487,0.00196,64.727,3.6350778656019807
,,,,,,11939.0,1.34301,0.00235,77.6621,3.6432708733980594
,,,,,,11940.0,1.34301,0.0027,89.1468,3.657027986052713
,,,,,,11941.0,1.34301,0.00303,100.0,3.630481181188202
,,,,,,11941.0,1.34301,0.00303,100.0,3.6472340893016093
,,,,,,,,,,
,,,,,,11941.0,-1.35045,0.0,0.0,3.5266415662569677
,,,,,,11942.0,-1.35231,0.00036,3.0354,3.5517401255217815
,,,,,,11943.0,-1.35231,0.00078,6.4755,3.514002563406823
,,,,,,11944.0,-1.35045,0.00116,9.7003,3.510689524319413
,,,,,,11945.0,-1.35045,0.00151,12.6066,3.524358185326115
,,,,,,11946.0,-1.35231,0.00191,15.9218,3.5588304375620154
,,,,,,11947.0,-1.35231,0.00231,19.2414,3.5100153149080207
,,,,,,11948.0,-1.35231,0.00271,22.5566,3.513576820222112
,,,,,,11949.0,-1.35231,0.0031,25.8116,3.5440793631039376
,,,,,,11951.0,-1.35231,0.00349,29.0666,3.517198584620806
,,,,,,11952.0,-1.35231,0.00384,31.9771,3.5274951369094456
,,,,,,11953.0,-1.35417,0.00423,35.2622,3.5519699976761006
,,,,,,11954.0,-1.35231,0.00463,38.5818,3.5265956643961496
,,,,,,11955.0,-1.35045,0.00504,41.9917,3.5137575612707272
,,,,,,11956.0,-1.35045,0.0054,44.9625,3.535014352080161
,,,,,,11957.0,-1.35045,0.00579,48.2778,3.5317707195812242
,,,,,,11958.0,-1.35231,0.00619,51.593,3.5201870943686107
,,,,,,11959.0,-1.35045,0.00662,55.1279,3.529894095386859
,,,,,,11960.0,-1.35045,0.00697,58.0685,3.5303558158915527
,,,,,,11961.0,-1.35045,0.00739,61.5689,3.537368022416377
,,,,,,11962.0,-1.35417,0.00778,64.8239,3.52377216702243
,,,,,,11963.0,-1.35231,0.00813,67.7344,3.5229446319180466
,,,,,,11964.0,-1.35045,0.00853,71.054,3.5366674604469215
,,,,,,11965.0,-1.35231,0.00892,74.3692,3.5267349004614905
,,,,,,11966.0,-1.35231,0.00932,77.65,3.5182221517107584
,,,,,,11967.0,-1.35231,0.00972,80.9653,3.5351384665519574
,,,,,,11968.0,-1.35231,0.01014,84.4786,3.5317372362397643
,,,,,,11969.0,-1.35045,0.01053,87.7034,3.508821291717893
,,,,,,11970.0,-1.35231,0.01087,90.614,3.537090468792637
,,,,,,11971.0,-1.35231,0.0113,94.1488,3.5079685408895824
,,,,,,11972.0,-1.35231,0.01166,97.1196,3.518134126061082
,,,,,,11973.0,-1.35231,0.012,100.0,3.527105802437023
,,,,,,11973.0,-1.35231,0.012,100.0,3.5352513430474684
,,,,,,,,,,
,,,,,,11973.0,2.69531,0.0,0.0,3.688877388669623
,,,,,,11974.0,2.69717,0.00083,13.7842,3.694129830278189
,,,,,,11975.0,2.69903,0.00161,26.7038,3.7095946310590278
,,,,,,11976.0,2.70275,0.00232,38.3819,3.7217997628037995
,,,,,,11977.0,2.69903,0.0031,51.4212,3.707380188995067
,,,,,,11978.0,2.70089,0.0039,64.589,3.727510944727591
,,,,,,11979.0,2.69903,0.00466,77.1404,3.7181052693609433
,,,,,,11981.0,2.69903,0.00544,90.1798,3.7153902186259575
,,,,,,11981.0,2.69903,0.00604,100.0,3.717185374822327
,,,,,,11981.0,0.0,0.00604,100.0,3.6050417825389482
,,,,,,11982.0,0.0,0.00604,100.0,3.614157424141078
,,,,,,11983.0,0.0,0.00604,100.0,3.622389558649129
,,,,,,11984.0,0.0,0.00604,100.0,3.5979476226439413
,,,,,,11985.0,0.0,0.00604,100.0,3.613276861952952
,,,,,,11986.0,0.0,0.00604,100.0,3.592734982333744
,,,,,,11988.0,0.0,0.00604,100.0,3.6155253614399445
,,,,,,11989.0,0.0,0.00604,100.0,3.583140716700317
,,,,,,11990.0,0.0,0.00604,100.0,3.5976616938962893
,,,,,,11991.0,0.0,0.00604,100.0,3.6272744265511587
,,,,,,11992.0,0.0,0.00604,100.0,3.5995548433696203
,,,,,,11993.0,0.0,0.00604,100.0,3.590115468317396
,,,,,,11994.0,0.0,0.00604,100.0,3.6064158330619374
,,,,,,11995.0,0.0,0.00604,100.0,3.602824103260787
,,,,,,11996.0,0.0,0.00604,100.0,3.624839381011191
,,,,,,11997.0,0.0,0.00604,100.0,3.613621152486907
,,,,,,11998.0,0.0,0.00604,100.0,3.6295622568161092
,,,,,,11999.0,0.0,0.00604,100.0,3.630840675812679
,,,,,,12000.0,0.0,0.00604,100.0,3.6171751696520644
,,,,,,12001.0,0.0,0.00604,100.0,3.6195406482285595
,,,,,,12002.0,0.0,0.00604,100.0,3.5994235724625536
,,,,,,12003.0,0.0,0.00604,100.0,3.5848571348536558
,,,,,,12004.0,0.0,0.00604,100.0,3.623511026346522
,,,,,,12005.0,0.0,0.00604,100.0,3.5991264847540614
,,,,,,12006.0,0.0,0.00604,100.0,3.617354377145414
,,,,,,12007.0,0.0,0.00604,100.0,3.5927691922752674
,,,,,,12008.0,0.0,0.00604,100.0,3.6216426524630854
,,,,,,12009.0,0.0,0.00604,100.0,3.608305302298816
,,,,,,12010.0,0.0,0.00604,100.0,3.6011944464801644
,,,,,,12011.0,0.0,0.00604,100.0,3.606351272503849
,,,,,,12013.0,0.0,0.00604,100.0,3.6213420911602463
,,,,,,12014.0,0.0,0.00604,100.0,3.6026034213316422
,,,,,,12015.0,0.0,0.00604,100.0,3.6105555209138616
,,,,,,12016.0,0.0,0.00604,100.0,3.615845820945716
,,,,,,12017.0,0.0,0.00604,100.0,3.606552353615778
,,,,,,12018.0,0.0,0.00604,100.0,3.6213761094593107
,,,,,,12019.0,0.0,0.00604,100.0,3.6237921780810134
,,,,,,12020.0,0.0,0.00604,100.0,3.6040044436399605
,,,,,,12021.0,0.0,0.00604,100.0,3.6173088662940054
,,,,,,12022.0,0.0,0.00604,100.0,3.596545420792527
,,,,,,12023.0,0.0,0.00604,100.0,3.5999969611680305
,,,,,,12024.0,0.0,0.00604,100.0,3.5915047265918845
,,,,,,12025.0,0.0,0.00604,100.0,3.6236222215309435
,,,,,,12027.0,0.0,0.00604,100.0,3.616711242262023
,,,,,,12028.0,0.0,0.00604,100.0,3.6239389854821105
,,,,,,12029.0,0.0,0.00604,100.0,3.598184716893776
,,,,,,12030.0,0.0,0.00604,100.0,3.58958516567883
,,,,,,12031.0,0.0,0.00604,100.0,3.6092489120729665
,,,,,,12032.0,0.0,0.00604,100.0,3.616082908941386
,,,,,,12033.0,0.0,0.00604,100.0,3.6159279636272013
,,,,,,12034.0,0.0,0.00604,100.0,3.5958118364275626
,,,,,,12035.0,0.0,0.00604,100.0,3.6149206507305593
,,,,,,12036.0,0.0,0.00604,100.0,3.6312714003054927
,,,,,,12036.0,0.0,0.00604,100.0,3.616153297396788
,,,,,,12036.0,0.0,0.00604,100.0,3.6237642681654814
,,,,,,,,,,
,,,,,,12036.0,-0.66964,0.0,0.0,3.5798992821532694
,,,,,,12037.0,-0.6715,0.0002,2.0869,3.576727868567558
,,,,,,12038.0,-0.67522,0.00041,4.1737,3.5848641735580826
,,,,,,12039.0,-0.6715,0.0006,6.1443,3.567139999106384
,,,,,,12041.0,-0.67894,0.0008,8.1836,3.5850774503587153
,,,,,,12042.0,-0.6715,0.001,10.1965,3.5940685488466544
,,,,,,12043.0,-0.67708,0.00119,12.1566,3.5947595669657133
,,,,,,12044.0,-0.67894,0.00139,14.1748,3.583944488423123
,,,,,,12045.0,-0.67336,0.00157,16.0133,3.5612803681763365
,,,,,,12046.0,-0.67522,0.00177,18.079,3.571569121956755
,,,,,,12047.0,-0.6715,0.00195,19.9334,3.571028069845885
,,,,,,12048.0,-0.67894,0.00215,21.9569,3.5633494514957436
,,,,,,12049.0,-0.67336,0.00235,23.9909,3.5864148760415056
,,,,,,12050.0,-0.67522,0.00254,26.0038,3.593647377751168
,,,,,,12051.0,-0.66964,0.00274,28.059,3.5680002388339584
,,,,,,12052.0,-0.67336,0.00294,30.0718,3.600549327243474
,,,,,,12053.0,-0.67708,0.00314,32.1112,3.5928437275568657
,,,,,,12054.0,-0.67894,0.00334,34.1505,3.5682719469643023
,,,,,,12055.0,-0.67522,0.00354,36.1581,3.567793104457015
,,,,,,12056.0,-0.67336,0.00375,38.3242,3.5774105381820895
,,,,,,12057.0,-0.67708,0.00393,40.205,3.5647272405244603
,,,,,,12058.0,-0.67708,0.00413,42.2179,3.5784227429215316
,,,,,,12059.0,-0.67894,0.00433,44.2519,3.577476854104154
,,,,,,12060.0,-0.67708,0.00453,46.2859,3.5846744473051833
,,,,,,12062.0,-0.67336,0.00473,48.3147,3.5768752312109453
,,,,,,12063.0,-0.67522,0.00494,50.56,3.580391123809121
,,,,,,12064.0,-0.67336,0.00512,52.3457,3.5777078514054317
,,,,,,12064.0,-0.67336,0.00525,53.7035,3.578203315595453
,,,,,,12064.0,-1.35045,0.00525,53.7035,3.5468474277838933
,,,,,,12065.0,-1.35045,0.00565,57.8085,3.5598282951119047
,,,,,,12066.0,-1.35045,0.00605,61.8766,3.550839069823946
,,,,,,12067.0,-1.35231,0.00642,65.5959,3.555959636703484
,,,,,,12069.0,-1.35231,0.00682,69.7432,3.561627557205211
,,,,,,12070.0,-1.35231,0.0072,73.6211,3.5428069298506135
,,,,,,12071.0,-1.35231,0.00762,77.9639,3.546990967816474
,,,,,,12072.0,-1.35231,0.00801,81.9157,3.5435852599926156
,,,,,,12073.0,-1.35417,0.00837,85.5664,3.5455511343755752
,,,,,,12074.0,-1.35045,0.00879,89.8299,3.5574748473008495
,,,,,,12075.0,-1.35231,0.00913,93.396,3.551314110135198
,,,,,,12076.0,-1.35045,0.00953,97.4694,3.547774778735669
,,,,,,12076.0,-1.35231,0.00978,100.0,3.5414706807185246
,,,,,,12076.0,-1.35231,0.00978,100.0,3.529571162757975
,,,,,,,,,,
,,,,,,12076.0,0.66964,0.0,0.0,3.6255259006538054
,,,,,,12077.0,0.66778,0.00019,12.547,3.6189127462313935
,,,,,,12078.0,0.66964,0.00038,25.3333,3.6148291813541973
,,,,,,12080.0,0.66964,0.00059,38.8718,3.6381840533840184
,,,,,,12081.0,0.66778,0.00078,51.4188,3.6324266618763703
,,,,,,12082.0,0.66964,0.00097,64.2051,3.631939591323182
,,,,,,12083.0,0.66964,0.00117,77.1282,3.6080851033258248
,,,,,,12084.0,0.66964,0.00134,88.5812,3.6530414475936737
,,,,,,12084.0,0.66778,0.00151,100.0,3.621165964580035
,,,,,,12084.0,0.0,0.00151,100.0,3.6107670705148562
,,,,,,12085.0,0.0,0.00151,100.0,3.5962462988583908
,,,,,,12087.0,0.0,0.00151,100.0,3.607091987529006
,,,,,,12088.0,0.0,0.00151,100.0,3.5962275926947176
,,,,,,12089.0,0.0,0.00151,100.0,3.616020697683413
,,,,,,12090.0,0.0,0.00151,100.0,3.604664299962253
,,,,,,12091.0,0.0,0.00151,100.0,3.611488227051401
,,,,,,12092.0,0.0,0.00151,100.0,3.601652065513042
,,,,,,12093.0,0.0,0.00151,100.0,3.62440893315053
,,,,,,12094.0,0.0,0.00151,100.0,3.616307948972938
,,,,,,12095.0,0.0,0.00151,100.0,3.6026667228456044
,,,,,,12096.0,0.0,0.00151,100.0,3.609392572141176
,,,,,,12097.0,0.0,0.00151,100.0,3.604030475289496
,,,,,,12098.0,0.0,0.00151,100.0,3.6178183902508265
,,,,,,12099.0,0.0,0.00151,100.0,3.6105388845601456
,,,,,,12100.0,0.0,0.00151,100.0,3.59604622179087
,,,,,,12101.0,0.0,0.00151,100.0,3.6151311627267417
,,,,,,12101.0,0.0,0.00151,100.0,3.6051161395647977
,,,,,,,,,,
,,,,,,12101.0,-0.66778,0.0,0.0,3.5924238566173963
,,,,,,12102.0,-0.67336,0.00019,0.9311,3.585121042839693
,,,,,,12103.0,-0.6715,0.00039,1.8671,3.5805155571059304
,,,,,,12104.0,-0.67708,0.00058,2.7758,3.5903777865937947
,,,,,,12105.0,-0.67894,0.00078,3.7341,3.5764871324967182
,,,,,,12106.0,-0.67708,0.00098,4.7,3.5740666220736066
,,,,,,12107.0,-0.67522,0.00116,5.564,3.568614368464318
,,,,,,12108.0,-0.67708,0.00136,6.5199,3.572470702469332
,,,,,,12109.0,-0.67336,0.00155,7.4708,3.5812984445388465
,,,,,,12110.0,-0.67522,0.00176,8.4713,3.5748699919679314
,,,,,,12111.0,-0.67708,0.00194,9.3354,3.5866654676090817
,,,,,,12112.0,-0.66964,0.00213,10.2242,3.5909974383367897
,,,,,,12113.0,-0.67522,0.00232,11.1354,3.5682038286876683
,,,,,,12114.0,-0.6715,0.00251,12.0813,3.567896091846264
,,,,,,12115.0,-0.67522,0.00271,13.0347,3.569529090037355
,,,,,,12116.0,-0.67522,0.00291,13.9807,3.56944825633259
,,,,,,12117.0,-0.67336,0.0031,14.8919,3.587184969737892
,,,,,,12118.0,-0.67336,0.0033,15.8726,3.5784047983347547
,,,,,,12119.0,-0.67336,0.00349,16.7788,3.5797234648997702
,,,,,,12120.0,-0.67894,0.00367,17.6254,3.57632830875767
,,,,,,12121.0,-0.66964,0.00388,18.6335,3.5899506193518387
,,,,,,12122.0,-0.67336,0.00408,19.5869,3.575390074324601
,,,,,,12123.0,-0.6715,0.00427,20.5403,3.5873388510212108
,,,,,,12124.0,-0.67336,0.00447,21.4937,3.575288022528808
,,,,,,12125.0,-0.67708,0.00466,22.4123,3.5845721276653633
,,,,,,12126.0,-0.6715,0.00486,23.3409,3.5781667439088616
,,,,,,12127.0,-0.67522,0.00506,24.2943,3.5892792289942532
,,,,,,12128.0,-0.67336,0.00524,25.1608,3.5717730834954993
,,,,,,12129.0,-0.67708,0.00543,26.0868,3.567736212813412
,,,,,,12131.0,-0.67522,0.00563,27.0353,3.5772639533308905
,,,,,,12132.0,-0.67708,0.00582,27.9887,3.578723113146381
,,,,,,12133.0,-0.6715,0.00602,28.9396,3.5859861651276654
,,,,,,12134.0,-0.67894,0.00622,29.8955,3.5557357436043597
,,,,,,12135.0,-0.67522,0.00642,30.8514,3.5752578362218546
,,,,,,12136.0,-0.67522,0.00661,31.7501,3.5717775396841844
,,,,,,12137.0,-0.66778,0.00686,32.9866,3.5884189889875944
,,,,,,12138.0,-0.67336,0.00706,33.9176,3.5808100858355525
,,,,,,12139.0,-0.6715,0.00726,34.8735,3.579322462091779
,,,,,,12140.0,-0.67522,0.00746,35.8294,3.551553204483118
,,,,,,12141.0,-0.67336,0.00767,36.8349,3.5731488437812673
,,,,,,12142.0,-0.66964,0.00785,37.7138,3.5904017939487423
,,,,,,12143.0,-0.67708,0.00805,38.6697,3.569917424540785
,,,,,,12144.0,-0.67894,0.00825,39.6256,3.5648835104908296
,,,,,,12146.0,-0.67708,0.00844,40.579,3.565981172580893
,,,,,,12147.0,-0.67522,0.00864,41.5225,3.5573672060484
,,,,,,12148.0,-0.67894,0.00882,42.3616,3.56565483125599
,,,,,,12149.0,-0.67708,0.00901,43.315,3.551555916667679
,,,,,,12150.0,-0.66964,0.00921,44.2684,3.584504960027939
,,,,,,12151.0,-0.67336,0.00941,45.1945,3.571703557574259
,,,,,,12152.0,-0.66964,0.0096,46.138,3.5816725490258134
,,,,,,12153.0,-0.67336,0.00981,47.1311,3.5688102049725665
,,,,,,12154.0,-0.67522,0.01,48.0398,3.573698547078483
,,,,,,12155.0,-0.67336,0.01017,48.8765,3.5901670396945207
,,,,,,12156.0,-0.67708,0.01037,49.8299,3.5814352824515403
,,,,,,12157.0,-0.67708,0.01056,50.756,3.5797087227750253
,,,,,,12158.0,-0.6715,0.01076,51.7193,3.5766211444810185
,,,,,,12159.0,-0.6715,0.01095,52.6281,3.5630315569733093
,,,,,,12160.0,-0.66964,0.01115,53.5814,3.5629274854923083
,,,,,,12161.0,-0.67522,0.01135,54.5348,3.56507173313987
,,,,,,12162.0,-0.67522,0.01155,55.4907,3.5730396901320702
,,,,,,12163.0,-0.67708,0.01175,56.4491,3.5818761732514393
,,,,,,12164.0,-0.67522,0.01194,57.395,3.5686076100390363
,,,,,,12165.0,-0.67708,0.01212,58.2317,3.5636953975556804
,,,,,,12166.0,-0.66778,0.01233,59.2696,3.558354632431993
,,,,,,12167.0,-0.67522,0.01253,60.1882,3.5672129072456986
,,,,,,12168.0,-0.6715,0.01271,61.087,3.561220935498643
,,,,,,12169.0,-0.6715,0.0129,61.9808,3.571931198314365
,,,,,,12170.0,-0.67336,0.01309,62.8796,3.5759372093001307
,,,,,,12171.0,-0.67522,0.01328,63.8354,3.5690573066396185
,,,,,,12172.0,-0.67708,0.01348,64.7913,3.565547419323503
,,,,,,12173.0,-0.67522,0.01368,65.7472,3.5741082234281185
,,,,,,12175.0,-0.6715,0.01388,66.6981,3.570627778760941
,,,,,,12176.0,-0.67708,0.01408,67.654,3.55654322189634
,,,,,,12177.0,-0.67522,0.01427,68.5553,3.5842277164300462
,,,,,,12178.0,-0.67336,0.01445,69.4391,3.580849221041632
,,,,,,12179.0,-0.67522,0.01465,70.395,3.543948837348002
,,,,,,12180.0,-0.66964,0.01484,71.2938,3.582996326229549
,,,,,,12181.0,-0.6715,0.01503,72.2397,3.571848395556597
,,,,,,12182.0,-0.6715,0.01523,73.1931,3.5658277937610583
,,,,,,12183.0,-0.67336,0.01543,74.149,3.5730916399858543
,,,,,,12184.0,-0.67708,0.01563,75.1024,3.557133856173501
,,,,,,12185.0,-0.67522,0.01582,76.0235,3.5740847991323386
,,,,,,12186.0,-0.67336,0.016,76.8975,3.5616320927914913
,,,,,,12187.0,-0.67522,0.0162,77.8534,3.572583898706727
,,,,,,12188.0,-0.67894,0.01633,78.4641,3.580150208323505
,,,,,,12188.0,-1.35231,0.01633,78.4641,3.5380823189593644
,,,,,,12189.0,-1.35231,0.01673,80.3759,3.532490705956342
,,,,,,12190.0,-1.35231,0.01712,82.2877,3.529913937318507
,,,,,,12191.0,-1.35231,0.01752,84.2019,3.5548460391817396
,,,,,,12192.0,-1.35045,0.01788,85.9299,3.5297743551199168
,,,,,,12193.0,-1.35231,0.01829,87.8814,3.5213023595970636
,,,,,,12194.0,-1.35045,0.01868,89.7386,3.530879764551693
,,,,,,12195.0,-1.34859,0.01912,91.8837,3.5495835456136
,,,,,,12196.0,-1.35045,0.01952,93.7781,3.538830158283872
,,,,,,12197.0,-1.35231,0.01987,95.4565,3.545454440742159
,,,,,,12198.0,-1.35045,0.02026,97.3682,3.503067837814747
,,,,,,12199.0,-1.35045,0.02066,99.28,3.549910556693734
,,,,,,12200.0,-1.35231,0.02081,100.0,3.52652482462803
,,,,,,12200.0,-1.35231,0.02081,100.0,3.5517634818550134
,,,,,,,,,,
,,,,,,12200.0,0.67336,0.0,0.0,3.619169476469783
,,,,,,12201.0,0.6715,0.0002,13.5611,3.6335574459177877
,,,,,,12202.0,0.6715,0.00042,27.9848,3.6129981479226503
,,,,,,12203.0,0.6715,0.00059,39.717,3.6368461871156668
,,,,,,12204.0,0.6715,0.00078,52.0359,3.6243482979118675
,,,,,,12205.0,0.6715,0.00098,65.1139,3.6450372251878322
,,,,,,12206.0,0.6715,0.00117,78.3299,3.632659458208066
,,,,,,12207.0,0.6715,0.00137,91.5114,3.625880726820869
,,,,,,12208.0,0.6715,0.0015,100.0,3.6381442007495988
,,,,,,12208.0,0.0,0.0015,100.0,3.5934462137501453
,,,,,,12209.0,0.0,0.0015,100.0,3.5889290902730093
,,,,,,12210.0,0.0,0.0015,100.0,3.5940728744444543
,,,,,,12211.0,0.0,0.0015,100.0,3.588832095970466
,,,,,,12212.0,0.0,0.0015,100.0,3.5890079489056013
,,,,,,12213.0,0.0,0.0015,100.0,3.606996185598484
,,,,,,12214.0,0.0,0.0015,100.0,3.592969006967993
,,,,,,12215.0,0.0,0.0015,100.0,3.601737023576363
,,,,,,12216.0,0.0,0.0015,100.0,3.5933080043908014
,,,,,,12217.0,0.0,0.0015,100.0,3.61858137447293
,,,,,,12218.0,0.0,0.0015,100.0,3.6136574467539138
,,,,,,12219.0,0.0,0.0015,100.0,3.615701792824427
,,,,,,12220.0,0.0,0.0015,100.0,3.6130648073055247
,,,,,,12221.0,0.0,0.0015,100.0,3.5925001798357106
,,,,,,12222.0,0.0,0.0015,100.0,3.589465099828022
,,,,,,12223.0,0.0,0.0015,100.0,3.638578916228402
,,,,,,12224.0,0.0,0.0015,100.0,3.591609147897523
,,,,,,12224.0,0.0,0.0015,100.0,3.6044015373759994
,,,,,,,,,,
,,,,,,12224.0,-0.6715,0.0,0.0,3.581239221526824
,,,,,,12225.0,-0.67336,0.00019,0.4633,3.5732810015932075
,,,,,,12226.0,-0.6715,0.0004,0.9818,3.580377212176677
,,,,,,12227.0,-0.67708,0.00058,1.4087,3.5653535162066223
,,,,,,12228.0,-0.67522,0.0008,1.9323,3.5577392402619523
,,,,,,12229.0,-0.67522,0.00099,2.4094,3.567198208147817
,,,,,,12230.0,-0.67522,0.00117,2.8337,3.5690214767131385
,,,,,,12231.0,-0.6715,0.00137,3.3246,3.574472397184288
,,,,,,12232.0,-0.67522,0.00155,3.7716,3.5717739014693968
,,,,,,12233.0,-0.6715,0.00175,4.2537,3.5669358652266627
,,,,,,12234.0,-0.67708,0.00195,4.7321,3.5849854511791825
,,,,,,12235.0,-0.67522,0.00214,5.1928,3.5717150317700224
,,,,,,12236.0,-0.6715,0.00233,5.6674,3.5734760057052735
,,,,,,12237.0,-0.67708,0.00251,6.0993,3.570531589006025
,,,,,,12238.0,-0.67522,0.00271,6.5827,3.5805094505001787
,,,,,,12239.0,-0.67708,0.00291,7.0699,3.565922980178873
,,,,,,12240.0,-0.67522,0.0031,7.5256,3.575247105992337
,,,,,,12241.0,-0.67522,0.00329,7.9902,3.583221494823239
,,,,,,12242.0,-0.67708,0.00347,8.4371,3.5646899690508795
,,,,,,12243.0,-0.67708,0.00368,8.9331,3.578341306789153
,,,,,,12244.0,-0.67522,0.00385,9.3612,3.567191176943921
,,,,,,12245.0,-0.67708,0.00405,9.8446,3.578261369585551
,,,,,,12247.0,-0.67522,0.0043,10.4372,3.57795727454971
,,,,,,12248.0,-0.67336,0.00448,10.8929,3.562899087024952
,,,,,,12249.0,-0.68452,0.0047,11.4215,3.5696150988175037
,,,,,,12250.0,-0.67522,0.00489,11.8911,3.5857172362346352
,,,,,,12251.0,-0.67522,0.00509,12.3744,3.56786616337752
,,,,,,12252.0,-0.67894,0.00529,12.8566,3.5710344343061253
,,,,,,12253.0,-0.67522,0.00547,13.2947,3.5861663672356427
,,,,,,12254.0,-0.67522,0.00566,13.7643,3.582241169898226
,,,,,,12255.0,-0.6715,0.00586,14.2477,3.56101798982801
,,,,,,12256.0,-0.6715,0.00606,14.7298,3.5639903737281293
,,,,,,12257.0,-0.6715,0.00626,15.2207,3.5616130040057645
,,,,,,12258.0,-0.67336,0.00646,15.6991,3.56219279693317
,,,,,,12259.0,-0.67336,0.00658,15.9941,3.5776262845027764
,,,,,,12259.0,-5.40365,0.00658,15.9941,3.3683255956728955
,,,,,,12260.0,-5.41481,0.00824,20.0105,3.35986853259551
,,,,,,12261.0,-5.40737,0.00993,24.1349,3.3594675218777477
,,,,,,12262.0,-5.40737,0.01142,27.7496,3.3279461242790127
,,,,,,12263.0,-5.40923,0.01306,31.7271,3.351175904015483
,,,,,,12264.0,-5.40737,0.01465,35.5966,3.3390278844645374
,,,,,,12265.0,-5.40923,0.01624,39.4662,3.3588244404922163
,,,,,,12266.0,-5.40737,0.01782,43.2993,3.347808323159027
,,,,,,12267.0,-5.40923,0.01862,45.234,3.3436559366237804
,,,,,,12267.0,-3.37984,0.01862,45.234,3.423999486053053
,,,,,,12268.0,-3.3724,0.01959,47.6057,3.418578415009495
,,,,,,12269.0,-3.37798,0.0205,49.8167,3.427995121497293
,,,,,,12270.0,-3.37984,0.02155,52.3717,3.42602275485067
,,,,,,12271.0,-3.37984,0.02248,54.6304,3.42284890792407
,,,,,,12272.0,-3.37984,0.02348,57.0485,3.4208419101519745
,,,,,,12273.0,-3.3817,0.02447,59.4667,3.4154659505381946
,,,,,,12274.0,-3.3817,0.02546,61.8622,3.4198816443509616
,,,,,,12275.0,-3.37984,0.02633,63.984,3.4327219768576076
,,,,,,12276.0,-3.37984,0.02735,66.4474,3.4159346092311087
,,,,,,12277.0,-3.37798,0.0285,69.2535,3.4465873515264223
,,,,,,12278.0,-3.37612,0.02944,71.5348,3.4184504891404344
,,,,,,12279.0,-3.37984,0.03042,73.9064,3.419023618227908
,,,,,,12280.0,-3.3817,0.03134,76.1425,3.418781129938561
,,,,,,12281.0,-3.37984,0.03232,78.5368,3.4237143347988566
,,,,,,12282.0,-3.37984,0.03332,80.9537,3.4050668955214216
,,,,,,12284.0,-3.37984,0.03431,83.3718,3.4104702003823513
,,,,,,12285.0,-3.37984,0.03531,85.7887,3.412181567503073
,,,,,,12286.0,-3.37798,0.0363,88.2069,3.4162315988404153
,,,,,,12287.0,-3.37798,0.0373,90.625,3.4137909076927135
,,,,,,12288.0,-3.37798,0.03829,93.0431,3.4079078779649663
,,,,,,12289.0,-3.37984,0.03929,95.4613,3.404230471111564
,,,,,,12290.0,-3.37984,0.04028,97.8794,3.4128293808549928
,,,,,,12291.0,-3.37798,0.04115,100.0,3.41300880005235
,,,,,,12291.0,-3.37798,0.04115,100.0,3.408062350789737
,,,,,,,,,,
,,,,,,12291.0,1.34115,0.0,0.0,3.608665903268399
,,,,,,12292.0,1.34859,0.00039,12.9755,3.6250536876148507
,,,,,,12293.0,1.34487,0.00078,26.3158,3.621415021739969
,,,,,,12294.0,1.34673,0.00117,39.4997,3.632171321932642
,,,,,,12295.0,1.34859,0.00154,51.6936,3.6128430765393706
,,,,,,12296.0,1.34859,0.00193,65.0339,3.61877773717036
,,,,,,12297.0,1.34859,0.00233,78.3742,3.636205946067342
,,,,,,12298.0,1.34673,0.00273,91.6971,3.6343583895149605
,,,,,,12299.0,1.34859,0.00297,100.0,3.638587779671476
,,,,,,12299.0,1.34859,0.00297,100.0,3.629644038627146
,,,,,,,,,,
,,,,,,12299.0,-1.35045,0.0,0.0,3.5271037142810666
,,,,,,12300.0,-1.35231,0.00041,3.3747,3.5186036380246635
,,,,,,12301.0,-1.35231,0.00078,6.4658,3.5217843218613374
,,,,,,12302.0,-1.34859,0.00121,10.0898,3.511326469047964
,,,,,,12303.0,-1.35045,0.00159,13.2453,3.513918865827299
,,,,,,12304.0,-1.35231,0.00194,16.1816,3.507845982840964
,,,,,,12305.0,-1.35045,0.00234,19.4962,3.529477672306611
,,,,,,12306.0,-1.35231,0.00274,22.8064,3.5100573364990453
,,,,,,12307.0,-1.35231,0.00314,26.0866,3.516408805695459
,,,,,,12308.0,-1.35231,0.00351,29.212,3.5172590593799433
,,,,,,12309.0,-1.35231,0.00387,32.2084,3.506041023663117
,,,,,,12310.0,-1.35231,0.00427,35.5187,3.538766622793046
,,,,,,12311.0,-1.35045,0.00463,38.5194,3.505932331196967
,,,,,,12312.0,-1.35045,0.00502,41.7695,3.521295536021745
,,,,,,12313.0,-1.35231,0.00541,44.9852,3.5283355614641496
,,,,,,12314.0,-1.35045,0.0058,48.2954,3.498706117081762
,,,,,,12315.0,-1.35045,0.0062,51.6057,3.505108726587155
,,,,,,12316.0,-1.35231,0.0066,54.9203,3.51421914676995
,,,,,,12317.0,-1.35417,0.00698,58.1101,3.4942304188157625
,,,,,,12318.0,-1.35231,0.00737,61.2957,3.510660058998857
,,,,,,12319.0,-1.35231,0.00781,64.9499,3.5171393655646965
,,,,,,12320.0,-1.35045,0.00816,67.8862,3.521451212614857
,,,,,,12322.0,-1.35045,0.00856,71.1964,3.5087727669844875
,,,,,,12323.0,-1.35045,0.00895,74.5067,3.4931634531473392
,,,,,,12324.0,-1.35045,0.00935,77.8169,3.5247433004708726
,,,,,,12325.0,-1.35045,0.00975,81.1272,3.5096465360326605
,,,,,,12326.0,-1.35417,0.01015,84.4418,3.505951175541109
,,,,,,12327.0,-1.35231,0.0105,87.3823,3.5039417048949577
,,,,,,12328.0,-1.35417,0.01092,90.8774,3.5295754661804835
,,,,,,12329.0,-1.35045,0.01127,93.7836,3.5172026749103127
,,,,,,12330.0,-1.35231,0.01169,97.283,3.5108215188323726
,,,,,,12331.0,-1.35231,0.01202,100.0,3.500803532015038
,,,,,,12331.0,-1.35231,0.01202,100.0,3.5229439878011934
,,,,,,,,,,
,,,,,,12331.0,2.69903,0.0,0.0,3.6823492650891927
,,,,,,12332.0,2.70089,0.00076,12.752,3.706565959956371
,,,,,,12333.0,2.69903,0.00155,25.8832,3.7046463497339888
,,,,,,12334.0,2.69903,0.00244,40.6342,3.6823099090744495
,,,,,,12335.0,2.69531,0.0032,53.3776,3.6973852777996603
,,,,,,12336.0,2.69903,0.00397,66.2502,3.696224607572153
,,,,,,12337.0,2.69717,0.00477,79.502,3.689289877584425
,,,,,,12338.0,2.69903,0.00549,91.625,3.7093973052523044
,,,,,,12339.0,2.69903,0.006,100.0,3.707212367283351
,,,,,,12339.0,0.0,0.006,100.0,3.600584193652175
,,,,,,12340.0,0.0,0.006,100.0,3.5914313743294355
,,,,,,12341.0,0.0,0.006,100.0,3.584653612960844
,,,,,,12342.0,0.0,0.006,100.0,3.593691338510522
,,,,,,12343.0,0.0,0.006,100.0,3.576651810068648
,,,,,,12344.0,0.0,0.006,100.0,3.5834712211348663
,,,,,,12345.0,0.0,0.006,100.0,3.6020701125520573
,,,,,,12346.0,0.0,0.006,100.0,3.602391136772559
,,,,,,12347.0,0.0,0.006,100.0,3.603296669712664
,,,,,,12348.0,0.0,0.006,100.0,3.5804894271633834
,,,,,,12349.0,0.0,0.006,100.0,3.607576166373484
,,,,,,12350.0,0.0,0.006,100.0,3.597165069033244
,,,,,,12351.0,0.0,0.006,100.0,3.5916525100601153
,,,,,,12352.0,0.0,0.006,100.0,3.6040832035928583
,,,,,,12353.0,0.0,0.006,100.0,3.572641864477579
,,,,,,12354.0,0.0,0.006,100.0,3.6023818421468663
,,,,,,12355.0,0.0,0.006,100.0,3.608716435146506
,,,,,,12356.0,0.0,0.006,100.0,3.5719504502089325
,,,,,,12357.0,0.0,0.006,100.0,3.5947405906956433
,,,,,,12358.0,0.0,0.006,100.0,3.593627923654558
,,,,,,12360.0,0.0,0.006,100.0,3.576924741777307
,,,,,,12361.0,0.0,0.006,100.0,3.596858761199371
,,,,,,12362.0,0.0,0.006,100.0,3.5792985967111695
,,,,,,12363.0,0.0,0.006,100.0,3.5830905364193337
,,,,,,12364.0,0.0,0.006,100.0,3.598972666484148
,,,,,,12365.0,0.0,0.006,100.0,3.5950876153473224
,,,,,,12366.0,0.0,0.006,100.0,3.5969307536692754
,,,,,,12367.0,0.0,0.006,100.0,3.5969918450900384
,,,,,,12368.0,0.0,0.006,100.0,3.5792092062027194
,,,,,,12369.0,0.0,0.006,100.0,3.5860222080191306
,,,,,,12370.0,0.0,0.006,100.0,3.587381491879465
,,,,,,12371.0,0.0,0.006,100.0,3.5914316826457013
,,,,,,12372.0,0.0,0.006,100.0,3.6188659003083954
,,,,,,12373.0,0.0,0.006,100.0,3.603500930079382
,,,,,,12374.0,0.0,0.006,100.0,3.605536911094777
,,,,,,12375.0,0.0,0.006,100.0,3.600260920956856
,,,,,,12376.0,0.0,0.006,100.0,3.5938126183207966
,,,,,,12377.0,0.0,0.006,100.0,3.597814354959034
,,,,,,12378.0,0.0,0.006,100.0,3.599801147766926
,,,,,,12378.0,0.0,0.006,100.0,3.6065166049000057
,,,,,,12379.0,0.0,0.006,100.0,3.5860594632975684
,,,,,,12380.0,0.0,0.006,100.0,3.6005284731819125
,,,,,,12381.0,0.0,0.006,100.0,3.606548945176159
,,,,,,12382.0,0.0,0.006,100.0,3.589015380616594
,,,,,,12383.0,0.0,0.006,100.0,3.61020329851245
,,,,,,12384.0,0.0,0.006,100.0,3.599170856494571
,,,,,,12385.0,0.0,0.006,100.0,3.5896043825319657
,,,,,,12386.0,0.0,0.006,100.0,3.586694363070437
,,,,,,12387.0,0.0,0.006,100.0,3.59661612999314
,,,,,,12388.0,0.0,0.006,100.0,3.5842300246829484
,,,,,,12389.0,0.0,0.006,100.0,3.5873091548864604
,,,,,,12390.0,0.0,0.006,100.0,3.590019956573416
,,,,,,12391.0,0.0,0.006,100.0,3.5788714241112913
,,,,,,12392.0,0.0,0.006,100.0,3.6074460123120673
,,,,,,12393.0,0.0,0.006,100.0,3.609722403703355
,,,,,,12394.0,0.0,0.006,100.0,3.5988807505935356
,,,,,,12395.0,0.0,0.006,100.0,3.6007624550477533
,,,,,,12395.0,0.0,0.006,100.0,3.5916110123641873
,,,,,,,,,,
,,,,,,12395.0,-0.6715,0.0,0.0,3.5626409323151234
,,,,,,12396.0,-0.67336,0.0002,2.0315,3.5836629999543224
,,,,,,12397.0,-0.67336,0.00038,3.8938,3.547292455428201
,,,,,,12398.0,-0.67522,0.00058,5.9253,3.5595917341207977
,,,,,,12399.0,-0.67336,0.00078,7.9621,3.5659886034099015
,,,,,,12400.0,-0.6715,0.00098,9.9937,3.56630257632368
,,,,,,12401.0,-0.66778,0.00118,12.1045,3.571720801605011
,,,,,,12402.0,-0.66964,0.00138,14.099,3.5630589420717986
,,,,,,12403.0,-0.67336,0.00158,16.1306,3.5723297952325264
,,,,,,12404.0,-0.6715,0.00175,17.9293,3.560281104140335
,,,,,,12405.0,-0.6715,0.00195,19.9344,3.5824989690842424
,,,,,,12406.0,-0.66964,0.00215,21.9765,3.5572759734418304
,,,,,,12407.0,-0.67708,0.00234,24.008,3.55349601144719
,,,,,,12408.0,-0.67708,0.00254,26.0449,3.562742294595664
,,,,,,12410.0,-0.67336,0.00274,28.0658,3.560387586984519
,,,,,,12411.0,-0.67708,0.00294,30.0973,3.5538991106724542
,,,,,,12412.0,-0.67522,0.00313,32.0125,3.5660225681145805
,,,,,,12413.0,-0.67708,0.00333,34.1234,3.5499800716637537
,,,,,,12414.0,-0.67894,0.00354,36.2131,3.561748264903997
,,,,,,12415.0,-0.67522,0.00373,38.1917,3.5609493125464837
,,,,,,12416.0,-0.67336,0.0039,39.9693,3.563812603840083
,,,,,,12417.0,-0.67522,0.0041,42.0009,3.587174034620778
,,,,,,12418.0,-0.67336,0.0043,44.0377,3.583894223520738
,,,,,,12419.0,-0.67894,0.0045,46.0586,3.5554950664864706
,,,,,,12420.0,-0.67522,0.00467,47.8415,3.5694040130606615
,,,,,,12421.0,-0.67336,0.00488,49.9735,3.5678415336113254
,,,,,,12422.0,-0.67894,0.00507,51.9469,3.571676250671318
,,,,,,12423.0,-0.67894,0.00524,53.6187,3.558980951805231
,,,,,,12423.0,-1.35417,0.00524,53.6187,3.5221157078807352
,,,,,,12424.0,-1.35231,0.00564,57.6976,3.51515687523581
,,,,,,12425.0,-1.35045,0.00598,61.2739,3.5275404294829285
,,,,,,12426.0,-1.35231,0.00636,65.1148,3.522940462235259
,,,,,,12427.0,-1.35231,0.00676,69.1937,3.5244588745840275
,,,,,,12428.0,-1.35045,0.00717,73.3838,3.548120561550731
,,,,,,12429.0,-1.35231,0.00754,77.2299,3.516099953554572
,,,,,,12430.0,-1.35417,0.00791,80.965,3.5241943438120886
,,,,,,12431.0,-1.35045,0.00832,85.2291,3.5469158138643646
,,,,,,12432.0,-1.35417,0.00872,89.308,3.5292455211151776
,,,,,,12433.0,-1.35231,0.00912,93.3869,3.5328934626344077
,,,,,,12434.0,-1.35231,0.00952,97.4606,3.524943540155438
,,,,,,12435.0,-1.35231,0.00977,100.0,3.5214344905521564
,,,,,,12435.0,-1.35231,0.00977,100.0,3.520276127735305
,,,,,,,,,,
,,,,,,12435.0,0.66592,0.0,0.0,3.617556962614204
,,,,,,12436.0,0.66778,0.00017,11.7565,3.618078352171565
,,,,,,12437.0,0.66964,0.00043,28.7652,3.6210601838761645
,,,,,,12438.0,0.66964,0.00062,41.913,3.6330730769294464
,,,,,,12439.0,0.66964,0.0008,53.5652,3.629215929513214
,,,,,,12440.0,0.66964,0.00099,66.8174,3.6274919075518635
,,,,,,12441.0,0.6715,0.00119,80.0696,3.616364692685665
,,,,,,12442.0,0.66964,0.00139,93.3565,3.6077672699423498
,,,,,,12443.0,0.66964,0.00149,100.0,3.6252702123948444
,,,,,,12443.0,0.0,0.00149,100.0,3.58609756586162
,,,,,,12444.0,0.0,0.00149,100.0,3.5995854813127766
,,,,,,12445.0,0.0,0.00149,100.0,3.589101083853429
,,,,,,12446.0,0.0,0.00149,100.0,3.589390519629644
,,,,,,12447.0,0.0,0.00149,100.0,3.5980176246880102
,,,,,,12448.0,0.0,0.00149,100.0,3.602927703495406
,,,,,,12449.0,0.0,0.00149,100.0,3.5980636374676758
,,,,,,12450.0,0.0,0.00149,100.0,3.5855084249569287
,,,,,,12451.0,0.0,0.00149,100.0,3.6097560216711266
,,,,,,12452.0,0.0,0.00149,100.0,3.6032641097037974
,,,,,,12453.0,0.0,0.00149,100.0,3.592740592843002
,,,,,,12454.0,0.0,0.00149,100.0,3.59422284716538
,,,,,,12455.0,0.0,0.00149,100.0,3.6025669363565678
,,,,,,12457.0,0.0,0.00149,100.0,3.5981518980634206
,,,,,,12458.0,0.0,0.00149,100.0,3.6096625231739377
,,,,,,12459.0,0.0,0.00149,100.0,3.59652865046423
,,,,,,12459.0,0.0,0.00149,100.0,3.604817281083594
,,,,,,12459.0,0.0,0.00149,100.0,3.622186582896846
,,,,,,,,,,
,,,,,,12459.0,-0.6622,0.0,0.0,3.5700355162487174
,,,,,,12460.0,-0.6715,0.00018,0.8554,3.5678071669157174
,,,,,,12461.0,-0.67708,0.00038,1.8198,3.5725990250314053
,,,,,,12462.0,-0.67708,0.00056,2.6727,3.597668576738111
,,,,,,12463.0,-0.67522,0.00077,3.6719,3.560664171166403
,,,,,,12464.0,-0.67336,0.00096,4.624,3.5787034192112426
,,,,,,12465.0,-0.66964,0.00116,5.5761,3.5666468740438964
,,,,,,12466.0,-0.67522,0.00136,6.5282,3.55406091760015
,,,,,,12467.0,-0.67708,0.00158,7.562,3.56922562309492
,,,,,,12468.0,-0.67336,0.00175,8.4174,3.5733556576834955
,,,,,,12469.0,-0.67522,0.00198,9.4786,3.5593989259822063
,,,,,,12470.0,-0.67336,0.00217,10.4207,3.5673944853680313
,,,,,,12472.0,-0.6715,0.00237,11.3753,3.5875421209262357
,,,,,,12473.0,-0.6808,0.00257,12.3274,3.561718407499968
,,,,,,12474.0,-0.67522,0.00277,13.3142,3.5675782184443743
,,,,,,12475.0,-0.67336,0.00295,14.1497,3.5704643880487485
,,,,,,12476.0,-0.67522,0.00315,15.139,3.564334713362908
,,,,,,12477.0,-0.67522,0.00334,16.0315,3.5597755928811727
,,,,,,12478.0,-0.67336,0.00355,17.0307,3.555075363584472
,,,,,,12479.0,-0.67336,0.00373,17.8861,3.554411577035529
,,,,,,12480.0,-0.67522,0.00393,18.8407,3.559448688607207
,,,,,,12481.0,-0.6715,0.00412,19.7902,3.561628673640663
,,,,,,12482.0,-0.67708,0.00432,20.7473,3.5344517072252097
,,,,,,12483.0,-0.6715,0.00453,21.7589,3.549420081679284
,,,,,,12484.0,-0.67894,0.00473,22.7035,3.5561289810837806
,,,,,,12485.0,-0.67522,0.00493,23.6556,3.5598449796651814
,,,,,,12486.0,-0.67336,0.00513,24.62,3.5783108560090633
,,,,,,12487.0,-0.67708,0.00531,25.4754,3.5521937420824465
,,,,,,12488.0,-0.67522,0.00551,26.4275,3.5534113058705685
,,,,,,12489.0,-0.6715,0.0057,27.3721,3.5632147636490483
,,,,,,12490.0,-0.67522,0.0059,28.3242,3.5560365206460163
,,,,,,12491.0,-0.67336,0.0061,29.2738,3.5477854857151274
,,,,,,12493.0,-0.67336,0.0063,30.2283,3.5475484492450193
,,,,,,12494.0,-0.67522,0.00649,31.1383,3.565754578896031
,,,,,,12495.0,-0.67522,0.00668,32.0606,3.560565180555588
,,,,,,12496.0,-0.67708,0.00688,33.0127,3.5586194046867576
,,,,,,12497.0,-0.67522,0.00708,33.9647,3.5684540339473396
,,,,,,12498.0,-0.67522,0.00728,34.9094,3.5679775810571557
,,,,,,12499.0,-0.6715,0.00745,35.7449,3.5532392617684985
,,,,,,12500.0,-0.67708,0.00765,36.7044,3.560880955293695
,,,,,,12501.0,-0.67336,0.00785,37.6491,3.5554873353599903
,,,,,,12502.0,-0.67336,0.00804,38.6011,3.565318659153888
,,,,,,12503.0,-0.6715,0.00824,39.5532,3.5509069982889834
,,,,,,12504.0,-0.67336,0.00844,40.4979,3.5747000177925363
,,,,,,12505.0,-0.67522,0.00861,41.3359,3.5658253960440383
,,,,,,12506.0,-0.67708,0.00881,42.2904,3.556145083599939
,,,,,,12507.0,-0.67894,0.00901,43.245,3.5529851761463083
,,,,,,12508.0,-0.67522,0.00922,44.2342,3.562277248334554
,,,,,,12509.0,-0.67894,0.0094,45.1169,3.5450708016307853
,,,,,,12510.0,-0.67336,0.00961,46.1235,3.5620796201882574
,,,,,,12511.0,-0.67336,0.00979,46.969,3.5727744660650282
,,,,,,12512.0,-0.67708,0.00999,47.9235,3.561502080048781
,,,,,,12513.0,-0.67522,0.01019,48.8855,3.554983909184509
,,,,,,12514.0,-0.67708,0.01037,49.7756,3.5542162314288928
,,,,,,12515.0,-0.67522,0.01057,50.7351,3.5533336547817878
,,,,,,12516.0,-0.67336,0.01077,51.6748,3.5739943332490767
,,,,,,12517.0,-0.67336,0.01097,52.617,3.5435913440381843
,,,,,,12519.0,-0.67336,0.01116,53.569,3.550912429445353
,,,,,,12520.0,-0.67336,0.01136,54.5236,3.550939269327647
,,,,,,12521.0,-0.6715,0.01156,55.4757,3.5526244234537208
,,,,,,12522.0,-0.67336,0.01176,56.4327,3.558152294918512
,,,,,,12523.0,-0.67708,0.01196,57.3872,3.5691465190208103
,,,,,,12524.0,-0.67708,0.01217,58.3939,3.5687912681052185
,,,,,,12525.0,-0.6715,0.01237,59.3459,3.5595042492412703
,,,,,,12526.0,-0.67336,0.01256,60.2906,3.543676402530667
,,,,,,12527.0,-0.6715,0.01276,61.2079,3.5509928812697336
,,,,,,12528.0,-0.67894,0.01295,62.1352,3.548550108580971
,,,,,,12529.0,-0.67894,0.01315,63.0873,3.5777883891364533
,,,,,,12530.0,-0.67336,0.01335,64.0394,3.550860999037732
,,,,,,12531.0,-0.67522,0.01355,64.9964,3.5457022551199655
,,,,,,12532.0,-0.67522,0.01374,65.9485,3.571110353422201
,,,,,,12533.0,-0.67708,0.01394,66.903,3.5635015759098114
,,,,,,12534.0,-0.67336,0.01413,67.8105,3.5829396817686496
,,,,,,12535.0,-0.67708,0.01432,68.6931,3.56474151524269
,,,,,,12536.0,-0.67522,0.01451,69.6477,3.546806606674767
,,,,,,12537.0,-0.6715,0.0147,70.5551,3.551289126256947
,,,,,,12538.0,-0.6715,0.0149,71.4973,3.567123417854962
,,,,,,12540.0,-0.67522,0.0151,72.4518,3.5428309109533713
,,,,,,12541.0,-0.67708,0.0153,73.4089,3.5487744624646482
,,,,,,12542.0,-0.6715,0.0155,74.3634,3.5572839019349365
,,,,,,12543.0,-0.66964,0.0157,75.3304,3.55065169799848
,,,,,,12544.0,-0.67336,0.01588,76.1857,3.5605716585960008
,,,,,,12545.0,-0.67336,0.01608,77.1824,3.5406314423539538
,,,,,,12546.0,-0.67336,0.01628,78.1023,3.5656943609196654
,,,,,,12546.0,-0.67708,0.0163,78.2188,3.547952300541093
,,,,,,12546.0,-1.35045,0.0163,78.2188,3.527882390147462
,,,,,,12547.0,-1.35045,0.01668,80.0188,3.511458659845778
,,,,,,12548.0,-1.35231,0.01709,82.0197,3.541762007075914
,,,,,,12549.0,-1.35045,0.01746,83.7652,3.5397600863605803
,,,,,,12550.0,-1.35231,0.01786,85.6767,3.531273002016451
,,,,,,12551.0,-1.35045,0.01823,87.4966,3.535840923887237
,,,,,,12552.0,-1.35231,0.01859,89.2074,3.544039827835791
,,,,,,12553.0,-1.35231,0.01897,91.047,3.536316915580346
,,,,,,12554.0,-1.35231,0.01937,92.9561,3.516083826574738
,,,,,,12555.0,-1.35045,0.01978,94.9024,3.5170666945037414
,,,,,,12556.0,-1.35045,0.02013,96.5785,3.521683643590911
,,,,,,12557.0,-1.35045,0.02054,98.5595,3.5140828884511115
,,,,,,12558.0,-1.35045,0.02084,100.0,3.505323329550337
,,,,,,12558.0,-1.35045,0.02084,100.0,3.518803398318723
,,,,,,,,,,
,,,,,,12558.0,0.66964,0.0,0.0,3.6250195627843516
,,,,,,12559.0,0.6715,0.00019,12.5966,3.6006092263819816
,,,,,,12560.0,0.66964,0.00039,25.1596,3.6116599571695795
,,,,,,12561.0,0.66964,0.00058,37.7225,3.6178337257821522
,,,,,,12562.0,0.66964,0.00077,49.8153,3.6121138422965267
,,,,,,12563.0,0.66964,0.00096,62.647,3.606953919280054
,,,,,,12564.0,0.66778,0.00116,75.3443,3.624075578731123
,,,,,,12565.0,0.66778,0.00134,86.9332,3.606951581115435
,,,,,,12566.0,0.66778,0.00154,100.0,3.6162541520526146
,,,,,,12566.0,0.0,0.00154,100.0,3.574990758611115
,,,,,,12567.0,0.0,0.00154,100.0,3.591864354693052
,,,,,,12568.0,0.0,0.00154,100.0,3.585267350633575
,,,,,,12569.0,0.0,0.00154,100.0,3.580679781504668
,,,,,,12571.0,0.0,0.00154,100.0,3.5963396049744083
,,,,,,12572.0,0.0,0.00154,100.0,3.5934541079371054
,,,,,,12573.0,0.0,0.00154,100.0,3.5857937993818294
,,,,,,12574.0,0.0,0.00154,100.0,3.5915931431001495
,,,,,,12575.0,0.0,0.00154,100.0,3.5917946973888437
,,,,,,12576.0,0.0,0.00154,100.0,3.591994161436458
,,,,,,12577.0,0.0,0.00154,100.0,3.583013049378968
,,,,,,12578.0,0.0,0.00154,100.0,3.5923344845104848
,,,,,,12579.0,0.0,0.00154,100.0,3.5889820081390256
,,,,,,12580.0,0.0,0.00154,100.0,3.604369498104641
,,,,,,12581.0,0.0,0.00154,100.0,3.5979240867789746
,,,,,,12582.0,0.0,0.00154,100.0,3.584617243812681
,,,,,,12582.0,0.0,0.00154,100.0,3.58745363474521
,,,,,,12582.0,0.0,0.00154,100.0,3.5790261180914134
,,,,,,,,,,
,,,,,,12582.0,-0.67336,0.0,0.0,3.554029006847276
,,,,,,12583.0,-0.67522,0.00021,0.5041,3.570316830263934
,,,,,,12584.0,-0.67522,0.0004,0.9594,3.5463457124653983
,,,,,,12585.0,-0.67522,0.00059,1.4322,3.5658048585065805
,,,,,,12586.0,-0.67708,0.00077,1.8699,3.5685260327805337
,,,,,,12587.0,-0.67708,0.00097,2.3577,3.541427851114692
,,,,,,12588.0,-0.6715,0.00116,2.8179,3.5605385079632454
,,,,,,12589.0,-0.67522,0.00136,3.2945,3.5638119744287877
,,,,,,12591.0,-0.67336,0.00156,3.7773,3.543027574498177
,,,,,,12592.0,-0.6715,0.00175,4.2589,3.553787461235274
,,,,,,12593.0,-0.6715,0.00194,4.7179,3.574535031631202
,,,,,,12594.0,-0.67522,0.00213,5.1731,3.567162277797048
,,,,,,12595.0,-0.67336,0.00233,5.6509,3.5589052596095923
,,,,,,12596.0,-0.67522,0.00252,6.125,3.567171644590215
,,,,,,12597.0,-0.67708,0.00272,6.5978,3.575694140883233
,,,,,,12598.0,-0.67894,0.0029,7.0355,3.54754540869476
,,,,,,12599.0,-0.67708,0.0031,7.517,3.5442891662435625
,,,,,,12600.0,-0.67894,0.00331,8.0412,3.560646168570502
,,,,,,12601.0,-0.67522,0.00352,8.5328,3.5611447049268508
,,,,,,12602.0,-0.67336,0.00369,8.9555,3.5497812883167157
,,,,,,12603.0,-0.67708,0.00389,9.4383,3.5500757707997073
,,,,,,12604.0,-0.67336,0.0041,9.9424,3.5613026479676284
,,,,,,12605.0,-0.67336,0.00429,10.4165,3.5795763280021995
,,,,,,12606.0,-0.68638,0.00448,10.8642,3.55027728602092
,,,,,,12607.0,-0.67522,0.00469,11.3734,3.543442277223642
,,,,,,12608.0,-0.67522,0.00488,11.8549,3.55805470473945
,,,,,,12609.0,-0.67336,0.00509,12.3453,3.5646113242367314
,,,,,,12610.0,-0.67336,0.00528,12.8268,3.575225063230752
,,,,,,12611.0,-0.67336,0.00548,13.3047,3.568875124064458
,,,,,,12613.0,-0.67522,0.00568,13.7862,3.5502543388818073
,,,,,,12614.0,-0.67708,0.00588,14.2691,3.5668152172060386
,,,,,,12615.0,-0.67336,0.00607,14.7381,3.555364179510906
,,,,,,12616.0,-0.67708,0.00625,15.1707,3.5660182641926204
,,,,,,12617.0,-0.6715,0.00656,15.9257,3.5424876991970855
,,,,,,12618.0,-0.67336,0.00666,16.1527,3.5607179459550835
,,,,,,12618.0,-5.41109,0.00666,16.1527,3.375673559682621
,,,,,,12619.0,-5.40923,0.00829,20.1282,3.347267988348166
,,,,,,12620.0,-5.40551,0.00987,23.9569,3.3318523440570966
,,,,,,12621.0,-5.40737,0.0113,27.4195,3.3395084952286918
,,,,,,12622.0,-5.40923,0.01289,31.2846,3.326757973646689
,,,,,,12623.0,-5.41109,0.01447,35.1146,3.331628105051556
,,,,,,12624.0,-5.40737,0.01586,38.5044,3.3405721131907975
,,,,,,12625.0,-5.40737,0.01746,42.3695,3.333112251556523
,,,,,,12626.0,-5.40923,0.01864,45.2501,3.308734652656341
,,,,,,12626.0,-3.3817,0.01864,45.2501,3.4119183879705353
,,,,,,12627.0,-3.37798,0.01964,47.6655,3.408357811099927
,,,,,,12628.0,-3.38728,0.02057,49.9204,3.4111232282890747
,,,,,,12629.0,-3.3817,0.02153,52.2467,3.4002033863588634
,,,,,,12630.0,-3.37798,0.02252,54.6621,3.4013056905766668
,,,,,,12631.0,-3.37984,0.02352,57.0762,3.4048579067441223
,,,,,,12632.0,-3.37984,0.02451,59.4916,3.425366774464744
,,,,,,12633.0,-3.37798,0.02547,61.8154,3.4297741892685134
,,,,,,12634.0,-3.37798,0.02643,64.1393,3.393681539582542
,,,,,,12635.0,-3.37984,0.02741,66.5321,3.408650494782244
,,,,,,12636.0,-3.37984,0.02829,68.674,3.4014570190909423
,,,,,,12637.0,-3.3817,0.02928,71.0656,3.401774944377604
,,,,,,12638.0,-3.3817,0.03027,73.481,3.4107270896900315
,,,,,,12639.0,-3.37984,0.03127,75.8964,3.4062556844222636
,,,,,,12640.0,-3.37984,0.03226,78.3105,3.3988357566062595
,,,,,,12641.0,-3.37984,0.03326,80.7271,3.4133248555417914
,,,,,,12642.0,-3.37984,0.03425,83.1187,3.408619927351604
,,,,,,12643.0,-3.37984,0.03512,85.2381,3.3943839465434307
,,,,,,12644.0,-3.37984,0.03611,87.6522,3.3870746818307684
,,,,,,12645.0,-3.37798,0.03711,90.0676,3.3892067837164466
,,,,,,12646.0,-3.3817,0.0381,92.483,3.4015458400396934
,,,,,,12647.0,-3.37798,0.03909,94.8745,3.3877104288106854
,,,,,,12648.0,-3.37798,0.03996,96.9939,3.4041137892475444
,,,,,,12650.0,-3.37984,0.04096,99.4081,3.3999648886628813
,,,,,,12650.0,-3.3817,0.0412,100.0,3.4007571601770152
,,,,,,12650.0,-3.3817,0.0412,100.0,3.3886428540587445
,,,,,,,,,,
,,,,,,12650.0,1.34859,0.0,0.0,3.5895770191943033
,,,,,,12651.0,1.34673,0.00044,14.6878,3.600141782782958
,,,,,,12652.0,1.34301,0.00084,27.6186,3.61289598182937
,,,,,,12653.0,1.34487,0.00121,39.9522,3.603210664705331
,,,,,,12654.0,1.34859,0.0016,52.6612,3.599525288357355
,,,,,,12655.0,1.34673,0.00198,65.2337,3.6152080374661835
,,,,,,12656.0,1.34673,0.00237,78.3009,3.6193616578043706
,,,,,,12657.0,1.34301,0.00277,91.3681,3.6211023842949066
,,,,,,12658.0,1.34301,0.00303,100.0,3.6123810441457924
,,,,,,12658.0,1.34301,0.00303,100.0,3.6295979372480587
,,,,,,,,,,
,,,,,,12658.0,-1.35045,0.0,0.0,3.499546126283092
,,,,,,12659.0,-1.35231,0.00038,3.1296,3.5040947162972165
,,,,,,12660.0,-1.35231,0.00074,6.1302,3.496780988755938
,,,,,,12661.0,-1.35231,0.00113,9.3758,3.4923594109998652
,,,,,,12662.0,-1.35045,0.00153,12.6902,3.490303632730694
,,,,,,12663.0,-1.34859,0.00192,16.0003,3.5165961092048734
,,,,,,12664.0,-1.35231,0.00232,19.3105,3.471564776304156
,,,,,,12665.0,-1.35231,0.00272,22.6206,3.4975970039678095
,,,,,,12666.0,-1.35045,0.00311,25.8404,3.483477971596935
,,,,,,12667.0,-1.35045,0.00351,29.215,3.5069487875315963
,,,,,,12668.0,-1.35417,0.00389,32.3403,3.505760094635282
,,,,,,12669.0,-1.35231,0.00424,35.3065,3.5069149548483165
,,,,,,12670.0,-1.34859,0.00466,38.7413,3.4989893974443076
,,,,,,12671.0,-1.35231,0.00505,42.017,3.5134745335402178
,,,,,,12672.0,-1.35231,0.00545,45.3271,3.5176512035919134
,,,,,,12673.0,-1.35417,0.00584,48.6115,3.4955806734580075
,,,,,,12674.0,-1.35231,0.00619,51.5175,3.50855176741746
,,,,,,12675.0,-1.35231,0.00661,54.9824,3.494725417083869
,,,,,,12677.0,-1.35045,0.00702,58.3871,3.501392662319473
,,,,,,12678.0,-1.35231,0.0074,61.5725,3.4854561138028517
,,,,,,12679.0,-1.35045,0.0078,64.8869,3.5125657157418777
,,,,,,12680.0,-1.35231,0.0082,68.1928,3.489816119945575
,,,,,,12681.0,-1.35045,0.00859,71.4728,3.483315360316851
,,,,,,12682.0,-1.35045,0.00898,74.7528,3.507526022041787
,,,,,,12683.0,-1.35045,0.00933,77.6588,3.482654226585802
,,,,,,12684.0,-1.35231,0.00976,81.1624,3.4989618332300547
,,,,,,12685.0,-1.35231,0.01013,84.2533,3.4836751517756785
,,,,,,12686.0,-1.35231,0.01053,87.5677,3.5062381809771335
,,,,,,12687.0,-1.34859,0.01094,91.0369,3.4960202645385077
,,,,,,12688.0,-1.35231,0.01132,94.218,3.505638232722806
,,,,,,12689.0,-1.35231,0.01172,97.5282,3.508250891337076
,,,,,,12690.0,-1.35231,0.01202,100.0,3.4851119310322978
,,,,,,12690.0,-1.35231,0.01202,100.0,3.4974770958726693
,,,,,,,,,,
,,,,,,12690.0,2.69903,0.0,0.0,3.676064671820307
,,,,,,12691.0,2.69903,0.00074,12.4426,3.6692729812666944
,,,,,,12692.0,2.70089,0.00155,26.0297,3.695244566245616
,,,,,,12693.0,2.70275,0.00226,37.9866,3.697109883709249
,,,,,,12694.0,2.70275,0.00305,51.1922,3.680786079195264
,,,,,,12695.0,2.69903,0.00396,66.4181,3.676332910695808
,,,,,,12696.0,2.70275,0.00467,78.3664,3.6777775211589203
,,,,,,12697.0,2.69903,0.00546,91.7021,3.694490669012094
,,,,,,12698.0,2.69717,0.00596,100.0,3.706049640163122
,,,,,,12698.0,0.0,0.00596,100.0,3.572075943626065
,,,,,,12699.0,0.0,0.00596,100.0,3.609067820980727
,,,,,,12700.0,0.0,0.00596,100.0,3.5837225419310488
,,,,,,12701.0,0.0,0.00596,100.0,3.561735192597917
,,,,,,12702.0,0.0,0.00596,100.0,3.5884566502975113
,,,,,,12703.0,0.0,0.00596,100.0,3.5717206962291352
,,,,,,12704.0,0.0,0.00596,100.0,3.5836810237972245
,,,,,,12705.0,0.0,0.00596,100.0,3.5513187529773536
,,,,,,12706.0,0.0,0.00596,100.0,3.5962766578365883
,,,,,,12707.0,0.0,0.00596,100.0,3.5667507912354606
,,,,,,12708.0,0.0,0.00596,100.0,3.5648860873159394
,,,,,,12709.0,0.0,0.00596,100.0,3.589490749640055
,,,,,,12710.0,0.0,0.00596,100.0,3.5807626414132083
,,,,,,12712.0,0.0,0.00596,100.0,3.575511977651756
,,,,,,12713.0,0.0,0.00596,100.0,3.5843133495668256
,,,,,,12714.0,0.0,0.00596,100.0,3.5834921468668197
,,,,,,12715.0,0.0,0.00596,100.0,3.593804151321574
,,,,,,12716.0,0.0,0.00596,100.0,3.5845776515949592
,,,,,,12717.0,0.0,0.00596,100.0,3.5810433152563896
,,,,,,12718.0,0.0,0.00596,100.0,3.5666159833532483
,,,,,,12719.0,0.0,0.00596,100.0,3.570188741600216
,,,,,,12720.0,0.0,0.00596,100.0,3.5709027456976052
,,,,,,12721.0,0.0,0.00596,100.0,3.5800960625181832
,,,,,,12722.0,0.0,0.00596,100.0,3.5761408713085934
,,,,,,12723.0,0.0,0.00596,100.0,3.5860279584650496
,,,,,,12724.0,0.0,0.00596,100.0,3.6035939463671154
,,,,,,12725.0,0.0,0.00596,100.0,3.599731134791391
,,,,,,12726.0,0.0,0.00596,100.0,3.572195288345562
,,,,,,12727.0,0.0,0.00596,100.0,3.5920608015691897
,,,,,,12728.0,0.0,0.00596,100.0,3.5855896635339244
,,,,,,12729.0,0.0,0.00596,100.0,3.5714618535573353
,,,,,,12730.0,0.0,0.00596,100.0,3.5834258948342526
,,,,,,12731.0,0.0,0.00596,100.0,3.5651965156601086
,,,,,,12732.0,0.0,0.00596,100.0,3.564723890188012
,,,,,,12733.0,0.0,0.00596,100.0,3.572074503099145
,,,,,,12734.0,0.0,0.00596,100.0,3.5654629534484514
,,,,,,12735.0,0.0,0.00596,100.0,3.5894729811270865
,,,,,,12736.0,0.0,0.00596,100.0,3.6031941684683026
,,,,,,12737.0,0.0,0.00596,100.0,3.5947254194543423
,,,,,,12738.0,0.0,0.00596,100.0,3.5779907349496938
,,,,,,12739.0,0.0,0.00596,100.0,3.5817457814882974
,,,,,,12740.0,0.0,0.00596,100.0,3.582102894795829
,,,,,,12742.0,0.0,0.00596,100.0,3.5701810256304287
,,,,,,12743.0,0.0,0.00596,100.0,3.5852502264096473
,,,,,,12744.0,0.0,0.00596,100.0,3.586228422854929
,,,,,,12745.0,0.0,0.00596,100.0,3.5929258062237572
,,,,,,12746.0,0.0,0.00596,100.0,3.582443120978738
,,,,,,12747.0,0.0,0.00596,100.0,3.5962000166894703
,,,,,,12748.0,0.0,0.00596,100.0,3.592558958184464
,,,,,,12749.0,0.0,0.00596,100.0,3.5957364821204845
,,,,,,12750.0,0.0,0.00596,100.0,3.5715600161891436
,,,,,,12751.0,0.0,0.00596,100.0,3.5741164835883263
,,,,,,12752.0,0.0,0.00596,100.0,3.6013587603383654
,,,,,,12753.0,0.0,0.00596,100.0,3.5925334270506384
,,,,,,12753.0,0.0,0.00596,100.0,3.582792283783412
,,,,,,,,,,
,,,,,,12753.0,-0.67708,0.0,0.0,3.544112995135087
,,,,,,12754.0,-0.6715,0.00019,1.9843,3.556402023528363
,,,,,,12755.0,-0.6715,0.00038,3.884,3.556129322136141
,,,,,,12756.0,-0.67708,0.00058,5.916,3.5488121343089163
,,,,,,12757.0,-0.67522,0.00078,7.9532,3.560221687489376
,,,,,,12758.0,-0.67336,0.00098,9.9905,3.5479747052762503
,,,,,,12759.0,-0.67522,0.00119,12.2023,3.570321548994867
,,,,,,12760.0,-0.67336,0.00138,14.1761,3.5515561968569584
,,,,,,12761.0,-0.67522,0.00157,16.0758,3.542229791468431
,,,,,,12762.0,-0.67522,0.00176,18.0337,3.5524860557562863
,,,,,,12763.0,-0.66964,0.00195,19.9968,3.5443424263913257
,,,,,,12764.0,-0.67894,0.00215,22.0288,3.5487502664082724
,,,,,,12766.0,-0.6715,0.00235,24.066,3.5517780525523643
,,,,,,12767.0,-0.67522,0.00255,26.0874,3.5650839579893714
,,,,,,12768.0,-0.67336,0.00275,28.1194,3.55473945848759
,,,,,,12769.0,-0.67894,0.00294,30.1566,3.5459457273468855
,,,,,,12770.0,-0.67336,0.00314,32.1727,3.551810685491691
,,,,,,12771.0,-0.6715,0.00334,34.1623,3.5466210657743704
,,,,,,12772.0,-0.67336,0.00354,36.2155,3.5628286498598447
,,,,,,12773.0,-0.6715,0.00371,38.0199,3.5485360673705553
,,,,,,12774.0,-0.67894,0.00391,40.0889,3.549218534724744
,,,,,,12775.0,-0.67894,0.00411,42.1262,3.5578943671384557
,,,,,,12776.0,-0.68266,0.00431,44.1687,3.5686658060540544
,,,,,,12777.0,-0.67708,0.00451,46.2059,3.557440453107871
,,,,,,12778.0,-0.67336,0.0047,48.1109,3.542653474323893
,,,,,,12779.0,-0.67708,0.00489,50.0476,3.5531490778353807
,,,,,,12780.0,-0.67708,0.00512,52.4712,3.5523413209143966
,,,,,,12781.0,-0.6715,0.00525,53.7411,3.550342896365646
,,,,,,12781.0,-1.35231,0.00525,53.7411,3.529429816237495
,,,,,,12782.0,-1.35231,0.00566,58.0061,3.5183832146511858
,,,,,,12783.0,-1.35417,0.00603,61.7367,3.5127525248249722
,,,,,,12784.0,-1.35231,0.0064,65.5837,3.507197042709531
,,,,,,12785.0,-1.35231,0.0068,69.6582,3.5328959828695408
,,,,,,12786.0,-1.35231,0.00727,74.4259,3.494955200973249
,,,,,,12787.0,-1.35231,0.00762,78.077,3.516080780033873
,,,,,,12788.0,-1.35231,0.00808,82.7707,3.5125867524806114
,,,,,,12789.0,-1.35045,0.00847,86.7288,3.5188976443575997
,,,,,,12790.0,-1.35603,0.00882,90.3059,3.5127930359730573
,,,,,,12792.0,-1.35045,0.00922,94.3857,3.5225767817360327
,,,,,,12793.0,-1.35045,0.00961,98.4602,3.5040194353428964
,,,,,,12793.0,-1.35417,0.00976,100.0,3.5194318085342986
,,,,,,12793.0,-1.35417,0.00976,100.0,3.511729174054026
,,,,,,,,,,
,,,,,,12793.0,0.6622,0.0,0.0,3.596028454569358
,,,,,,12794.0,0.66778,0.0002,13.1778,3.5946198247005405
,,,,,,12795.0,0.66964,0.00039,25.7721,3.614139433177836
,,,,,,12796.0,0.66964,0.00059,39.499,3.6164366339246325
,,,,,,12797.0,0.66964,0.00079,52.5738,3.617665765130047
,,,,,,12798.0,0.66778,0.00099,65.6486,3.606691323072376
,,,,,,12799.0,0.66964,0.00119,78.7577,3.5988984970514237
,,,,,,12800.0,0.66964,0.00138,91.8325,3.60426957127779
,,,,,,12801.0,0.66964,0.00151,100.0,3.6084070480042243
,,,,,,12801.0,0.0,0.00151,100.0,3.580353243241348
,,,,,,12802.0,0.0,0.00151,100.0,3.609978488350557
,,,,,,12803.0,0.0,0.00151,100.0,3.58372487379601
,,,,,,12804.0,0.0,0.00151,100.0,3.580049185056843
,,,,,,12805.0,0.0,0.00151,100.0,3.5737270731387274
,,,,,,12806.0,0.0,0.00151,100.0,3.56688200789397
,,,,,,12807.0,0.0,0.00151,100.0,3.596558752160179
,,,,,,12808.0,0.0,0.00151,100.0,3.5698692296101266
,,,,,,12809.0,0.0,0.00151,100.0,3.5910391490572255
,,,,,,12810.0,0.0,0.00151,100.0,3.579382979197254
,,,,,,12812.0,0.0,0.00151,100.0,3.5773853192587426
,,,,,,12813.0,0.0,0.00151,100.0,3.5801649680838588
,,,,,,12814.0,0.0,0.00151,100.0,3.5772627722001067
,,,,,,12815.0,0.0,0.00151,100.0,3.590324157873124
,,,,,,12816.0,0.0,0.00151,100.0,3.570416591983058
,,,,,,12817.0,0.0,0.00151,100.0,3.582488240267172
,,,,,,12817.0,0.0,0.00151,100.0,3.5876844489034947
,,,,,,12817.0,0.0,0.00151,100.0,3.5854518173594636
,,,,,,,,,,
,,,,,,12817.0,-0.65848,0.0,0.0,3.548493112191808
,,,,,,12818.0,-0.67336,0.00018,0.8686,3.549454780406445
,,,,,,12819.0,-0.67708,0.00041,1.9581,3.5509240572366703
,,,,,,12820.0,-0.6715,0.00059,2.8292,3.5700194689884377
,,,,,,12821.0,-0.6715,0.00079,3.7748,3.5576709916133806
,,,,,,12822.0,-0.6715,0.001,4.7823,3.544434401752884
,,,,,,12823.0,-0.67894,0.00119,5.7353,3.5475126548439633
,,,,,,12824.0,-0.6715,0.00139,6.6784,3.5559674518398894
,,,,,,12825.0,-0.67522,0.00156,7.5148,3.5528756718045593
,,,,,,12827.0,-0.67336,0.00178,8.5348,3.5637798495734048
,,,,,,12828.0,-0.67522,0.00195,9.3711,3.5672033558576945
,,,,,,12829.0,-0.67336,0.00215,10.334,3.543725133845728
,,,,,,12830.0,-0.67522,0.00233,11.1878,3.532152405702391
,,,,,,12831.0,-0.67522,0.00253,12.1432,3.5635843421218913
,,,,,,12832.0,-0.67336,0.00273,13.0888,3.557978513643652
,,,,,,12833.0,-0.67522,0.00294,14.1237,3.538206112190034
,,,,,,12834.0,-0.6808,0.00312,14.9923,3.550608854796023
,,,,,,12835.0,-0.67522,0.00332,15.9652,3.5408515061858923
,,,,,,12836.0,-0.6715,0.00352,16.9182,3.5487527835281814
,,,,,,12837.0,-0.67336,0.00371,17.8091,3.554793657486778
,,,,,,12838.0,-0.67708,0.00391,18.7621,3.5416836922646375
,,,,,,12839.0,-0.67522,0.00411,19.7176,3.5538228219079064
,,,,,,12840.0,-0.67522,0.0043,20.6706,3.5370032561989317
,,,,,,12841.0,-0.67708,0.0045,21.6236,3.558683652055071
,,,,,,12842.0,-0.67336,0.0047,22.5964,3.537774999127267
,,,,,,12843.0,-0.67336,0.00488,23.4402,3.544208696019196
,,,,,,12844.0,-0.66964,0.00509,24.4553,3.5694888425877465
,,,,,,12845.0,-0.67522,0.00528,25.3735,3.5586892419313627
,,,,,,12846.0,-0.67894,0.00548,26.3265,3.554110673832122
,,,,,,12847.0,-0.67522,0.00568,27.2745,3.549359512176988
,,,,,,12848.0,-0.67708,0.00588,28.2275,3.5375113784650902
,,,,,,12849.0,-0.6715,0.00608,29.1805,3.54158228738214
,,,,,,12851.0,-0.67336,0.00627,30.136,3.5448195118052013
,,,,,,12852.0,-0.67522,0.00647,31.0816,3.547991260698473
,,,,,,12853.0,-0.67522,0.00666,31.9824,3.5324885568536657
,,,,,,12854.0,-0.67336,0.00685,32.9181,3.5298042536420375
,,,,,,12855.0,-0.67522,0.00705,33.871,3.5541264421906185
,,,,,,12856.0,-0.6715,0.00725,34.824,3.5531937773455695
,,,,,,12857.0,-0.67522,0.00745,35.7795,3.52302760950745
,,,,,,12858.0,-0.67336,0.00766,36.8045,3.534463508118279
,,,,,,12859.0,-0.67336,0.00785,37.7153,3.550022423282534
,,,,,,12860.0,-0.6808,0.00805,38.6608,3.5401618212305586
,,,,,,12861.0,-0.67708,0.00822,39.4997,3.573260163600442
,,,,,,12862.0,-0.6715,0.00842,40.4552,3.5504116948224795
,,,,,,12863.0,-0.67708,0.00862,41.4106,3.5341268072735104
,,,,,,12864.0,-0.67522,0.00882,42.3636,3.5485712958993374
,,,,,,12865.0,-0.6715,0.00904,43.3985,3.5547044337159908
,,,,,,12866.0,-0.67522,0.00922,44.2795,3.538958532114699
,,,,,,12867.0,-0.6715,0.00943,45.2772,3.538580495667986
,,,,,,12868.0,-0.67522,0.0096,46.126,3.535258315812084
,,,,,,12869.0,-0.67894,0.00981,47.1336,3.532842080378533
,,,,,,12870.0,-0.66964,0.01001,48.0841,3.5479066875795673
,,,,,,12872.0,-0.67894,0.01021,49.042,3.5478496632801786
,,,,,,12873.0,-0.67708,0.01041,49.9876,3.540831881031533
,,,,,,12874.0,-0.67522,0.0106,50.8984,3.5262303450715913
,,,,,,12875.0,-0.67522,0.01078,51.7993,3.5476375786701566
,,,,,,12876.0,-0.67522,0.01098,52.7523,3.5384505221992124
,,,,,,12877.0,-0.67894,0.01118,53.7077,3.5441293829096554
,,,,,,12878.0,-0.67894,0.01138,54.6632,3.5450019030433615
,,,,,,12879.0,-0.67336,0.01158,55.6162,3.541413297690735
,,,,,,12880.0,-0.67708,0.01178,56.5717,3.55540242452313
,,,,,,12881.0,-0.67336,0.01198,57.5247,3.5564677863707774
,,,,,,12882.0,-0.67522,0.0122,58.5794,3.551071374584033
,,,,,,12883.0,-0.67708,0.01239,59.4977,3.5408827693073115
,,,,,,12884.0,-0.67336,0.01258,60.4085,3.545226498507147
,,,,,,12885.0,-0.6715,0.01277,61.3565,3.556259674668793
,,,,,,12886.0,-0.67894,0.01295,62.2202,3.564572430776102
,,,,,,12887.0,-0.67522,0.01315,63.1757,3.5265048933369108
,,,,,,12888.0,-0.67522,0.01335,64.1311,3.545077230466727
,,,,,,12889.0,-0.67522,0.01355,65.0841,3.536403969409244
,,,,,,12890.0,-0.67708,0.01375,66.0371,3.5487428850107197
,,,,,,12891.0,-0.67336,0.01395,66.9901,3.543968268178072
,,,,,,12893.0,-0.67336,0.01414,67.9357,3.539132499148667
,,,,,,12894.0,-0.67336,0.01434,68.8812,3.5442784284304834
,,,,,,12895.0,-0.67336,0.01452,69.7275,3.5455635933460847
,,,,,,12896.0,-0.66964,0.01472,70.683,3.5434141750629053
,,,,,,12897.0,-0.6715,0.01491,71.5913,3.5460967101344423
,,,,,,12898.0,-0.67336,0.0151,72.5344,3.5381477557641845
,,,,,,12899.0,-0.67708,0.0153,73.4874,3.541831416755153
,,,,,,12900.0,-0.67522,0.0155,74.4428,3.5367132317586853
,,,,,,12901.0,-0.67708,0.0157,75.4082,3.5509957657577873
,,,,,,12902.0,-0.67894,0.01588,76.2843,3.5595219087504186
,,,,,,12903.0,-0.67522,0.01608,77.2373,3.5641390629964085
,,,,,,12904.0,-0.67708,0.01629,78.2449,3.5544449480770295
,,,,,,12904.0,-0.67522,0.01632,78.3715,3.539881558471278
,,,,,,12904.0,-1.34673,0.01632,78.3715,3.518810384098999
,,,,,,12905.0,-1.35231,0.0167,80.1956,3.5027934308039668
,,,,,,12906.0,-1.35417,0.01706,81.9427,3.5046659303495837
,,,,,,12907.0,-1.35417,0.01748,83.9654,3.516533891238595
,,,,,,12908.0,-1.35231,0.01788,85.8763,3.508024403805734
,,,,,,12909.0,-1.35231,0.01828,87.7873,3.5164679769612284
,,,,,,12910.0,-1.35231,0.01868,89.6982,3.525848119677867
,,,,,,12911.0,-1.35045,0.01903,91.3957,3.5054432061702654
,,,,,,12912.0,-1.35417,0.01943,93.3067,3.5031146331044947
,,,,,,12914.0,-1.35231,0.01982,95.2201,3.508117647113002
,,,,,,12915.0,-1.35231,0.02022,97.1311,3.520860403374773
,,,,,,12916.0,-1.34859,0.02062,99.0445,3.5033726130064995
,,,,,,12916.0,-1.35045,0.02082,100.0,3.4960895287519005
,,,,,,12916.0,-1.35045,0.02082,100.0,3.4980243382599583
,,,,,,,,,,
,,,,,,12916.0,0.6715,0.0,0.0,3.577273471090147
,,,,,,12917.0,0.6715,0.00022,14.7059,3.606625356836168
,,,,,,12918.0,0.6715,0.00041,27.052,3.611886111968769
,,,,,,12919.0,0.66964,0.00061,40.3557,3.6004585828305693
,,,,,,12920.0,0.6715,0.0008,53.2148,3.5886629831090757
,,,,,,12921.0,0.6715,0.001,66.2791,3.587534378099844
,,,,,,12923.0,0.6715,0.00118,78.3858,3.6161461782940423
,,,,,,12924.0,0.6715,0.00139,91.7237,3.6152739883812655
,,,,,,12924.0,0.66964,0.00151,100.0,3.6012115213305904
,,,,,,12924.0,0.0,0.00151,100.0,3.590479700780944
,,,,,,12925.0,0.0,0.00151,100.0,3.5934893040371465
,,,,,,12926.0,0.0,0.00151,100.0,3.577382660215397
,,,,,,12927.0,0.0,0.00151,100.0,3.5728852278654424
,,,,,,12928.0,0.0,0.00151,100.0,3.603846751858776
,,,,,,12929.0,0.0,0.00151,100.0,3.5609697779269136
,,,,,,12930.0,0.0,0.00151,100.0,3.569736120459685
,,,,,,12931.0,0.0,0.00151,100.0,3.5812308320756023
,,,,,,12932.0,0.0,0.00151,100.0,3.5676700439222007
,,,,,,12933.0,0.0,0.00151,100.0,3.571436470112353
,,,,,,12935.0,0.0,0.00151,100.0,3.5561341715864203
,,,,,,12936.0,0.0,0.00151,100.0,3.569766578468396
,,,,,,12937.0,0.0,0.00151,100.0,3.572348941580029
,,,,,,12938.0,0.0,0.00151,100.0,3.573333050354301
,,,,,,12939.0,0.0,0.00151,100.0,3.5717229284739616
,,,,,,12940.0,0.0,0.00151,100.0,3.5720914438497338
,,,,,,12940.0,0.0,0.00151,100.0,3.5966501452543578
,,,,,,12940.0,0.0,0.00151,100.0,3.5725757774553846
,,,,,,,,,,
,,,,,,12940.0,-0.67336,0.0,0.0,3.5355051523715324
,,,,,,12941.0,-0.66964,0.0002,0.4825,3.5445980693533867
,,,,,,12942.0,-0.67894,0.00041,0.9914,3.5607435323639756
,,,,,,12943.0,-0.67522,0.00059,1.4237,3.5409292526743283
,,,,,,12944.0,-0.67522,0.00078,1.8936,3.5247404302461387
,,,,,,12945.0,-0.67522,0.00098,2.39,3.5381018877337422
,,,,,,12946.0,-0.6715,0.00116,2.8323,3.5371845404494833
,,,,,,12947.0,-0.67708,0.00135,3.2871,3.563015928190687
,,,,,,12948.0,-0.67894,0.00155,3.7696,3.533679709516238
,,,,,,12950.0,-0.66964,0.00175,4.2522,3.543474689062596
,,,,,,12951.0,-0.67708,0.00195,4.7359,3.5560862807209794
,,,,,,12952.0,-0.6715,0.00217,5.2763,3.5480776757478045
,,,,,,12953.0,-0.67708,0.00236,5.7374,3.5558081779323745
,,,,,,12954.0,-0.67894,0.00256,6.2212,3.5420998252786564
,,,,,,12955.0,-0.67708,0.00274,6.6635,3.5545547534366873
,,,,,,12956.0,-0.67522,0.00295,7.1736,3.5326370966406078
,,,,,,12957.0,-0.67708,0.00314,7.6247,3.540830548042106
,,,,,,12958.0,-0.67708,0.00334,8.1173,3.5393379311040922
,,,,,,12959.0,-0.6715,0.00355,8.6237,3.552294529002073
,,,,,,12960.0,-0.67522,0.00373,9.0786,3.5527094872951026
,,,,,,12961.0,-0.67708,0.00393,9.5623,3.541798099822585
,,,,,,12962.0,-0.67708,0.00415,10.1014,3.5229350253671035
,,,,,,12963.0,-0.67336,0.00435,10.5839,3.5492944860000946
,,,,,,12964.0,-0.67336,0.00453,11.0086,3.527032843858959
,,,,,,12965.0,-0.6715,0.00473,11.4911,3.5480607540186546
,,,,,,12966.0,-0.67708,0.00493,11.9837,3.5317661793039963
,,,,,,12967.0,-0.6715,0.00512,12.4436,3.5441606237780556
,,,,,,12968.0,-0.67336,0.00531,12.9173,3.544503784607704
,,,,,,12970.0,-0.6715,0.00549,13.3546,3.5333210511372926
,,,,,,12971.0,-0.67336,0.00569,13.8334,3.5329025982397453
,,,,,,12972.0,-0.67336,0.00589,14.3146,3.538090540730592
,,,,,,12973.0,-0.67708,0.00609,14.821,3.5634437571053166
,,,,,,12974.0,-0.67708,0.00629,15.2947,3.549836136224709
,,,,,,12975.0,-0.67708,0.00646,15.7194,3.548210659356064
,,,,,,12975.0,-0.67708,0.00659,16.0248,3.5485077816607045
,,,,,,12975.0,-5.40365,0.00659,16.0248,3.3430873800348775
,,,,,,12976.0,-5.40923,0.00803,19.5318,3.314134454282004
,,,,,,12977.0,-5.40551,0.00967,23.5126,3.344019201565903
,,,,,,12978.0,-5.40737,0.01108,26.9467,3.309881479287142
,,,,,,12979.0,-5.40737,0.01266,30.783,3.318846271282135
,,,,,,12980.0,-5.40551,0.01425,34.6556,3.3245563744269298
,,,,,,12982.0,-5.40923,0.01584,38.5283,3.3192833798373806
,,,,,,12983.0,-5.40923,0.01744,42.401,3.303546832107581
,,,,,,12983.0,-5.40923,0.01864,45.3237,3.3184602736317363
,,,,,,12983.0,-3.37612,0.01864,45.3237,3.3711179612300137
,,,,,,12984.0,-3.3817,0.0196,47.6748,3.390229882148807
,,,,,,12985.0,-3.37798,0.02047,49.7757,3.395977726662613
,,,,,,12986.0,-3.38356,0.02156,52.4233,3.398916264404763
,,,,,,12987.0,-3.37984,0.02244,54.5694,3.3834673852914627
,,,,,,12989.0,-3.37798,0.02343,56.9896,3.4060306949904953
,,,,,,12990.0,-3.37984,0.02443,59.4084,3.3991701224263107
,,,,,,12991.0,-3.37984,0.02542,61.8285,3.3840517164399175
,,,,,,12992.0,-3.37984,0.02649,64.4296,3.3879697279554075
,,,,,,12993.0,-3.37984,0.02749,66.8497,3.4035332372696443
,,,,,,12994.0,-3.37984,0.02845,69.1793,3.407135284626229
,,,,,,12995.0,-3.3817,0.02946,71.646,3.385984284550035
,,,,,,12996.0,-3.37984,0.03044,74.0196,3.399921265628866
,,,,,,12997.0,-3.37984,0.03142,76.4171,3.3832236417888004
,,,,,,12998.0,-3.37612,0.0323,78.5406,3.3664175921865453
,,,,,,12999.0,-3.3817,0.03329,80.9595,3.381583086421755
,,,,,,13000.0,-3.37798,0.03428,83.357,3.395516630675458
,,,,,,13001.0,-3.37798,0.03527,85.7771,3.372939924092592
,,,,,,13002.0,-3.3817,0.03627,88.196,3.38306539001511
,,,,,,13003.0,-3.37984,0.03726,90.6161,3.3961112701808998
,,,,,,13004.0,-3.37798,0.03826,93.0362,3.3961396339240686
,,,,,,13005.0,-3.3817,0.03925,95.4563,3.37676178838555
,,,,,,13006.0,-3.37984,0.04025,97.8764,3.3842272771595594
,,,,,,13007.0,-3.37984,0.04112,100.0,3.3762672085461856
,,,,,,13007.0,-3.37984,0.04112,100.0,3.3744639821609916
,,,,,,,,,,
,,,,,,13007.0,1.34673,0.0,0.0,3.5793358056884523
,,,,,,13008.0,1.34673,0.00039,12.874,3.590670354622568
,,,,,,13009.0,1.34673,0.0008,26.6028,3.5939684393845157
,,,,,,13010.0,1.34487,0.00117,38.8613,3.598238603305713
,,,,,,13012.0,1.34859,0.00158,52.3508,3.5901093953547156
,,,,,,13013.0,1.34673,0.00198,65.4642,3.58339095850474
,,,,,,13014.0,1.34673,0.00238,78.5946,3.6152049198495013
,,,,,,13015.0,1.34673,0.00272,90.1009,3.5918735035508815
,,,,,,13015.0,1.34673,0.00302,100.0,3.6137736341829503
,,,,,,13015.0,1.34673,0.00302,100.0,3.6028817455843263
,,,,,,,,,,
,,,,,,13015.0,-1.35045,0.0,0.0,3.4871176226194
,,,,,,13016.0,-1.35045,0.00041,3.4092,3.482706511074573
,,,,,,13017.0,-1.35231,0.0008,6.6291,3.495233873063782
,,,,,,13019.0,-1.34859,0.0012,9.978,3.48423451439949
,,,,,,13020.0,-1.35231,0.00159,13.2625,3.49531227660124
,,,,,,13021.0,-1.35045,0.00194,16.1724,3.4955905016488695
,,,,,,13022.0,-1.35231,0.00234,19.4869,3.5014488329478977
,,,,,,13023.0,-1.35231,0.00274,22.8057,3.4773447348537654
,,,,,,13024.0,-1.35231,0.00313,26.0901,3.4913182466903394
,,,,,,13025.0,-1.35231,0.00354,29.4735,3.479514048182646
,,,,,,13026.0,-1.35417,0.00389,32.3835,3.486536713713804
,,,,,,13027.0,-1.35045,0.0043,35.853,3.491779663362789
,,,,,,13028.0,-1.35045,0.00466,38.8274,3.4792705958671544
,,,,,,13029.0,-1.35231,0.00505,42.0817,3.4766843167856916
,,,,,,13030.0,-1.35603,0.00545,45.3962,3.4783969295691786
,,,,,,13031.0,-1.35231,0.00584,48.6806,3.4968054679895717
,,,,,,13032.0,-1.35417,0.00619,51.5948,3.495182208154604
,,,,,,13033.0,-1.35231,0.00659,54.9137,3.488612796356677
,,,,,,13034.0,-1.35417,0.007,58.3229,3.4922621451505145
,,,,,,13035.0,-1.34859,0.00739,61.5772,3.4763934946722896
,,,,,,13036.0,-1.35045,0.00775,64.5474,3.4738948563457703
,,,,,,13037.0,-1.35045,0.00815,67.8662,3.4871344325210907
,,,,,,13038.0,-1.35417,0.00854,71.1807,3.4857291985615726
,,,,,,13039.0,-1.35231,0.00894,74.4996,3.4748645783226224
,,,,,,13040.0,-1.35045,0.00934,77.8184,3.4929909024444457
,,,,,,13041.0,-1.34859,0.00974,81.133,3.4841964614325196
,,,,,,13042.0,-1.35603,0.01013,84.3872,3.4739403508855293
,,,,,,13043.0,-1.35417,0.01051,87.5468,3.4720318224136166
,,,,,,13044.0,-1.35045,0.01091,90.8614,3.4842681097544
,,,,,,13045.0,-1.35603,0.01125,93.7368,3.4990954709102278
,,,,,,13046.0,-1.35231,0.01166,97.1202,3.487976180923193
,,,,,,13047.0,-1.35231,0.012,100.0,3.501190232578298
,,,,,,13047.0,-1.35231,0.012,100.0,3.4759646183824304
,,,,,,,,,,
,,,,,,13047.0,2.69159,0.0,0.0,3.638713198935126
,,,,,,13048.0,2.69717,0.00087,14.3528,3.658460934863234
,,,,,,13050.0,2.69903,0.00163,26.997,3.6622729656194526
,,,,,,13051.0,2.69903,0.00242,40.0085,3.650098530849194
,,,,,,13052.0,2.69717,0.00316,52.2854,3.679397958024299
,,,,,,13053.0,2.69531,0.00396,65.425,3.668803080497553
,,,,,,13054.0,2.70089,0.00476,78.6843,3.6823267561907898
,,,,,,13055.0,2.69717,0.00555,91.824,3.6860948183798508
,,,,,,13055.0,2.69345,0.00605,100.0,3.68117370549131
,,,,,,13055.0,0.0,0.00605,100.0,3.560265658761605
,,,,,,13056.0,0.0,0.00605,100.0,3.5536806597521875
,,,,,,13057.0,0.0,0.00605,100.0,3.5600435348559096
,,,,,,13059.0,0.0,0.00605,100.0,3.5645521680069834
,,,,,,13060.0,0.0,0.00605,100.0,3.557348783797692
,,,,,,13061.0,0.0,0.00605,100.0,3.553301982343524
,,,,,,13062.0,0.0,0.00605,100.0,3.569482616153714
,,,,,,13063.0,0.0,0.00605,100.0,3.577030432413846
,,,,,,13064.0,0.0,0.00605,100.0,3.5621590083425607
,,,,,,13065.0,0.0,0.00605,100.0,3.561443101184906
,,,,,,13066.0,0.0,0.00605,100.0,3.5590281576145943
,,,,,,13067.0,0.0,0.00605,100.0,3.5595162227952195
,,,,,,13068.0,0.0,0.00605,100.0,3.570830381126548
,,,,,,13069.0,0.0,0.00605,100.0,3.570582124079153
,,,,,,13070.0,0.0,0.00605,100.0,3.584639062832186
,,,,,,13071.0,0.0,0.00605,100.0,3.5726266759147283
,,,,,,13072.0,0.0,0.00605,100.0,3.5673887485369633
,,,,,,13073.0,0.0,0.00605,100.0,3.5816590230714764
,,,,,,13074.0,0.0,0.00605,100.0,3.56182732092491
,,,,,,13075.0,0.0,0.00605,100.0,3.5525981455733726
,,,,,,13076.0,0.0,0.00605,100.0,3.557131997771025
,,,,,,13077.0,0.0,0.00605,100.0,3.568066835981996
,,,,,,13078.0,0.0,0.00605,100.0,3.579766950950387
,,,,,,13079.0,0.0,0.00605,100.0,3.5663273860504088
,,,,,,13080.0,0.0,0.00605,100.0,3.566287239960868
,,,,,,13081.0,0.0,0.00605,100.0,3.588625570989208
,,,,,,13082.0,0.0,0.00605,100.0,3.553901919809681
,,,,,,13083.0,0.0,0.00605,100.0,3.5569187357895795
,,,,,,13085.0,0.0,0.00605,100.0,3.5672234923154362
,,,,,,13086.0,0.0,0.00605,100.0,3.567977497349205
,,,,,,13087.0,0.0,0.00605,100.0,3.5780576745156436
,,,,,,13088.0,0.0,0.00605,100.0,3.5710643220445726
,,,,,,13089.0,0.0,0.00605,100.0,3.5607335240502604
,,,,,,13090.0,0.0,0.00605,100.0,3.5579708745150924
,,,,,,13091.0,0.0,0.00605,100.0,3.569496205062953
,,,,,,13092.0,0.0,0.00605,100.0,3.5742553876048913
,,,,,,13093.0,0.0,0.00605,100.0,3.5585916218148737
,,,,,,13094.0,0.0,0.00605,100.0,3.5675766696992626
,,,,,,13094.0,0.0,0.00605,100.0,3.561907183115715
,,,,,,13094.0,0.0,0.00605,100.0,3.5668634622366526
,,,,,,13095.0,0.0,0.00605,100.0,3.57102347130348
,,,,,,13097.0,0.0,0.00605,100.0,3.5643049982087462
,,,,,,13098.0,0.0,0.00605,100.0,3.567789626065062
,,,,,,13099.0,0.0,0.00605,100.0,3.5588620243485254
,,,,,,13100.0,0.0,0.00605,100.0,3.5863206686883484
,,,,,,13101.0,0.0,0.00605,100.0,3.573867998452658
,,,,,,13102.0,0.0,0.00605,100.0,3.55602053637318
,,,,,,13103.0,0.0,0.00605,100.0,3.564227194612496
,,,,,,13104.0,0.0,0.00605,100.0,3.5641890628282886
,,,,,,13105.0,0.0,0.00605,100.0,3.5783674511306613
,,,,,,13106.0,0.0,0.00605,100.0,3.587321107950409
,,,,,,13107.0,0.0,0.00605,100.0,3.5588789428517007
,,,,,,13108.0,0.0,0.00605,100.0,3.581411414765361
,,,,,,13109.0,0.0,0.00605,100.0,3.5725676731034937
,,,,,,13110.0,0.0,0.00605,100.0,3.5564169635365044
,,,,,,13111.0,0.0,0.00605,100.0,3.568235882939577
,,,,,,13111.0,0.0,0.00605,100.0,3.559027365832662
,,,,,,13111.0,0.0,0.00605,100.0,3.5494932034104156
,,,,,,,,,,
,,,,,,13111.0,-0.67894,0.0,0.0,3.54478526834584
,,,,,,13113.0,-0.67336,0.00023,2.33,3.542056872291035
,,,,,,13114.0,-0.67522,0.00041,4.1422,3.5330111462913742
,,,,,,13115.0,-0.67708,0.0006,6.1764,3.535636373151804
,,,,,,13116.0,-0.67522,0.0008,8.2052,3.534516637173686
,,,,,,13117.0,-0.67522,0.00101,10.2922,3.5192989852200096
,,,,,,13118.0,-0.6715,0.0012,12.2629,3.529918133653403
,,,,,,13119.0,-0.67522,0.0014,14.2812,3.5362446922422843
,,,,,,13120.0,-0.67522,0.00159,16.2572,3.5416711594937254
,,,,,,13121.0,-0.67522,0.00178,18.2438,3.5277285965586604
,,,,,,13122.0,-0.6715,0.00196,20.0296,3.5408723263393043
,,,,,,13123.0,-0.67336,0.00216,22.0584,3.520620093314589
,,,,,,13124.0,-0.67522,0.00236,24.0926,3.5423220151963286
,,,,,,13125.0,-0.67522,0.00255,26.1056,3.548546566035559
,,,,,,13126.0,-0.67708,0.00275,28.1397,3.5256097247035143
,,,,,,13127.0,-0.67708,0.00296,30.2901,3.5404665415220054
,,,,,,13128.0,-0.67522,0.00314,32.1287,3.5352161679322593
,,,,,,13129.0,-0.67522,0.00334,34.1576,3.5348780751598627
,,,,,,13130.0,-0.67336,0.00355,36.2868,3.5342323074193134
,,,,,,13131.0,-0.6715,0.00374,38.2417,3.5378009126212384
,,,,,,13132.0,-0.67522,0.00394,40.2599,3.534263639421561
,,,,,,13133.0,-0.67336,0.00414,42.2888,3.531344637296232
,,,,,,13134.0,-0.6715,0.00433,44.3229,3.5214526684262237
,,,,,,13135.0,-0.67894,0.00451,46.1087,3.5335084987425187
,,,,,,13137.0,-0.67708,0.00472,48.2697,3.560577345086304
,,,,,,13138.0,-0.6715,0.0049,50.1083,3.5568533080147757
,,,,,,13139.0,-0.67336,0.0051,52.1794,3.5341608375510885
,,,,,,13139.0,-0.67894,0.00525,53.6958,3.546369656919165
,,,,,,13139.0,-1.35231,0.00525,53.6958,3.5183314035014663
,,,,,,13140.0,-1.35231,0.00565,57.801,3.5180346437051537
,,,,,,13141.0,-1.35231,0.00601,61.4519,3.512825200629973
,,,,,,13143.0,-1.35045,0.00641,65.5202,3.4887413094668167
,,,,,,13144.0,-1.35231,0.00679,69.4405,3.505290469354793
,,,,,,13145.0,-1.35231,0.00721,73.7729,3.4892241510532394
,,,,,,13146.0,-1.35231,0.00759,77.6563,3.4972499537116963
,,,,,,13147.0,-1.35231,0.00799,81.6875,3.5224222692599434
,,,,,,13148.0,-1.35417,0.00839,85.7558,3.5102755224454087
,,,,,,13149.0,-1.35045,0.00878,89.8241,3.505953180987727
,,,,,,13150.0,-1.35231,0.00918,93.8923,3.4942344662199796
,,,,,,13151.0,-1.35045,0.00958,97.9659,3.49991205209726
,,,,,,13152.0,-1.35417,0.00978,100.0,3.5081558467391383
,,,,,,13152.0,-1.35417,0.00978,100.0,3.4893258971516086
,,,,,,,,,,
,,,,,,13152.0,0.66964,0.0,0.0,3.578010878510895
,,,,,,13153.0,0.66964,0.00022,14.8403,3.5850258362906082
,,,,,,13154.0,0.66964,0.00043,28.5469,3.5826816216881747
,,,,,,13155.0,0.66964,0.00062,40.9138,3.60388172072135
,,,,,,13156.0,0.66964,0.00081,54.0364,3.5754633119395227
,,,,,,13157.0,0.6715,0.00101,67.1247,3.603426791716143
,,,,,,13158.0,0.66964,0.00121,80.213,3.57781087509342
,,,,,,13159.0,0.66964,0.0014,93.3356,3.607016936287431
,,,,,,13160.0,0.6715,0.0015,100.0,3.588756030846497
,,,,,,13160.0,0.0,0.0015,100.0,3.57601043709847
,,,,,,13161.0,0.0,0.0015,100.0,3.5691762463287953
,,,,,,13162.0,0.0,0.0015,100.0,3.562865207603227
,,,,,,13163.0,0.0,0.0015,100.0,3.562315047275694
,,,,,,13164.0,0.0,0.0015,100.0,3.568267584861287
,,,,,,13165.0,0.0,0.0015,100.0,3.540893223333037
,,,,,,13166.0,0.0,0.0015,100.0,3.5641285478233575
,,,,,,13167.0,0.0,0.0015,100.0,3.5621745899788917
,,,,,,13168.0,0.0,0.0015,100.0,3.570231001805149
,,,,,,13169.0,0.0,0.0015,100.0,3.578254527306256
,,,,,,13170.0,0.0,0.0015,100.0,3.574350629986923
,,,,,,13171.0,0.0,0.0015,100.0,3.5839003795416415
,,,,,,13172.0,0.0,0.0015,100.0,3.5707762096173474
,,,,,,13173.0,0.0,0.0015,100.0,3.5687597141955014
,,,,,,13174.0,0.0,0.0015,100.0,3.568884533974963
,,,,,,13175.0,0.0,0.0015,100.0,3.5826019379350793
,,,,,,13176.0,0.0,0.0015,100.0,3.568054390498963
,,,,,,13176.0,0.0,0.0015,100.0,3.553564374950738
,,,,,,,,,,
,,,,,,13176.0,-0.66778,0.0,0.0,3.533585768907696
,,,,,,13177.0,-0.67522,0.00027,1.306,3.5395039428387385
,,,,,,13178.0,-0.67708,0.00045,2.1585,3.5499953166298948
,,,,,,13179.0,-0.67522,0.00064,3.0928,3.5418231904389263
,,,,,,13180.0,-0.67894,0.00085,4.0667,3.5404557622617907
,,,,,,13181.0,-0.67336,0.00105,5.0159,3.5486177927635003
,,,,,,13182.0,-0.67522,0.00124,5.97,3.521906441695748
,,,,,,13183.0,-0.67336,0.00146,6.986,3.543908401448565
,,,,,,13184.0,-0.67708,0.00163,7.8311,3.5381423704820985
,,,,,,13185.0,-0.67336,0.00183,8.7678,3.5552809018155007
,,,,,,13186.0,-0.67708,0.00203,9.7591,3.5528115291866813
,,,,,,13187.0,-0.67522,0.00221,10.6067,3.5320203110811272
,,,,,,13188.0,-0.67522,0.00241,11.5583,3.528690066315632
,,,,,,13189.0,-0.67522,0.00262,12.557,3.543304890047657
,,,,,,13190.0,-0.67708,0.00281,13.4938,3.5423887112990737
,,,,,,13192.0,-0.67336,0.00301,14.4181,3.5277908538278817
,,,,,,13193.0,-0.67894,0.00318,15.2632,3.5346598716150326
,,,,,,13194.0,-0.6715,0.00339,16.2768,3.5354903738743255
,,,,,,13195.0,-0.67522,0.00357,17.1441,3.517323893893872
,,,,,,13196.0,-0.67336,0.00377,18.0982,3.5285015922911094
,,,,,,13197.0,-0.67522,0.00397,19.0499,3.516218918377653
,,,,,,13198.0,-0.67708,0.00417,20.0015,3.5488831188063013
,,,,,,13199.0,-0.6715,0.00437,20.9457,3.533709898214987
,,,,,,13200.0,-0.67708,0.00456,21.8725,3.543358853054937
,,,,,,13201.0,-0.67708,0.00474,22.725,3.541166576318809
,,,,,,13202.0,-0.67336,0.00495,23.7336,3.538065176776602
,,,,,,13203.0,-0.67336,0.00513,24.6134,3.5419543647198677
,,,,,,13204.0,-0.67708,0.00533,25.5675,3.5146545175914903
,,,,,,13205.0,-0.67336,0.00553,26.5191,3.515173589235421
,,,,,,13206.0,-0.67522,0.00573,27.4732,3.532860658670044
,,,,,,13207.0,-0.66964,0.00593,28.4224,3.5472817040727085
,,,,,,13208.0,-0.67522,0.00612,29.3765,3.532312654501647
,,,,,,13209.0,-0.67522,0.00632,30.3281,3.5472470590381944
,,,,,,13210.0,-0.67708,0.00652,31.2797,3.548498599021039
,,,,,,13211.0,-0.66964,0.00671,32.1793,3.5310104830486573
,,,,,,13212.0,-0.67522,0.00688,33.017,3.5315456156952636
,,,,,,13213.0,-0.67522,0.00708,33.9711,3.527344398901517
,,,,,,13214.0,-0.67522,0.00728,34.9227,3.5333808859662543
,,,,,,13215.0,-0.67522,0.00749,35.904,3.536136644270001
,,,,,,13216.0,-0.67522,0.00766,36.7491,3.5273876482914712
,,,,,,13217.0,-0.67336,0.00786,37.7007,3.5392839473960502
,,,,,,13219.0,-0.67894,0.00806,38.6449,3.5195657720455946
,,,,,,13220.0,-0.67336,0.00826,39.5966,3.545666571049618
,,,,,,13221.0,-0.6715,0.00845,40.5482,3.547611202200787
,,,,,,13222.0,-0.67522,0.00865,41.5023,3.508407606761985
,,,,,,13223.0,-0.67522,0.00885,42.4539,3.536433962142306
,,,,,,13224.0,-0.67708,0.00904,43.3461,3.5201536352439415
,,,,,,13225.0,-0.67708,0.00925,44.3596,3.533534420676136
,,,,,,13226.0,-0.67708,0.00943,45.2344,3.522539859391527
,,,,,,13227.0,-0.67336,0.00962,46.1315,3.53288755875229
,,,,,,13228.0,-0.67522,0.00982,47.0856,3.5203176356537282
,,,,,,13229.0,-0.67522,0.01002,48.0373,3.5338964636510894
,,,,,,13230.0,-0.67522,0.01023,49.0558,3.5191899344400244
,,,,,,13231.0,-0.6715,0.01041,49.9232,3.520143656924055
,,,,,,13232.0,-0.67522,0.01062,50.9244,3.5303450187634344
,,,,,,13233.0,-0.67522,0.0108,51.7769,3.5382612916854654
,,,,,,13234.0,-0.67522,0.01099,52.7285,3.531810477613391
,,,,,,13235.0,-0.6715,0.01119,53.6826,3.5464247740198074
,,,,,,13236.0,-0.67522,0.01139,54.6367,3.5270870330053175
,,,,,,13237.0,-0.67336,0.01159,55.5809,3.5407505884493298
,,,,,,13238.0,-0.67522,0.01176,56.416,3.539380491580917
,,,,,,13239.0,-0.6715,0.01199,57.5139,3.5224284752605612
,,,,,,13241.0,-0.67522,0.01218,58.4035,3.5255565929837553
,,,,,,13242.0,-0.67708,0.01237,59.3304,3.5156780716267098
,,,,,,13243.0,-0.67708,0.01256,60.2498,3.526674553459905
,,,,,,13244.0,-0.67522,0.01276,61.2213,3.5523222804970076
,,,,,,13245.0,-0.67336,0.01296,62.1729,3.5335320550747147
,,,,,,13246.0,-0.6715,0.01316,63.1245,3.534272555789446
,,,,,,13247.0,-0.67708,0.01336,64.0786,3.5149922902757074
,,,,,,13248.0,-0.6715,0.01356,65.0302,3.537966497386545
,,,,,,13249.0,-0.67336,0.01376,65.9843,3.527847888971291
,,,,,,13250.0,-0.67708,0.01396,66.9459,3.537143689741941
,,,,,,13251.0,-0.67522,0.01416,67.9,3.5380980254342713
,,,,,,13252.0,-0.67522,0.01433,68.7525,3.531508865564143
,,,,,,13253.0,-0.67894,0.01452,69.662,3.5265290703092296
,,,,,,13254.0,-0.67336,0.01473,70.6607,3.5172757419220178
,,,,,,13255.0,-0.6715,0.01493,71.6148,3.528807128315467
,,,,,,13256.0,-0.67336,0.01513,72.559,3.5231135170008936
,,,,,,13257.0,-0.67336,0.01533,73.5081,3.5202968681401137
,,,,,,13258.0,-0.67336,0.01552,74.4548,3.5440733816651178
,,,,,,13259.0,-0.67708,0.01571,75.3445,3.5425369190158054
,,,,,,13260.0,-0.6715,0.01591,76.2986,3.5245494584248416
,,,,,,13261.0,-0.67336,0.01612,77.2973,3.528953565832507
,,,,,,13263.0,-0.67522,0.0163,78.1795,3.539936524214697
,,,,,,13263.0,-0.6715,0.01632,78.296,3.525954851475579
,,,,,,13263.0,-1.35045,0.01632,78.296,3.4962235608611185
,,,,,,13264.0,-1.35045,0.01672,80.2042,3.5108002019232853
,,,,,,13265.0,-1.35417,0.01709,81.9513,3.499737716169122
,,,,,,13266.0,-1.35231,0.01751,83.9859,3.5020360187294366
,,,,,,13267.0,-1.35045,0.01791,85.8966,3.5159409230647167
,,,,,,13268.0,-1.35231,0.01834,87.951,3.498506453753615
,,,,,,13269.0,-1.35231,0.01871,89.718,3.5111700785339757
,,,,,,13270.0,-1.35231,0.0191,91.6262,3.490276144127502
,,,,,,13271.0,-1.35231,0.01951,93.5716,3.496676484651136
,,,,,,13272.0,-1.35231,0.01991,95.4798,3.513191813108299
,,,,,,13273.0,-1.35231,0.02031,97.388,3.494912040061223
,,,,,,13274.0,-1.35231,0.0207,99.2813,3.501135289890423
,,,,,,13275.0,-1.35045,0.02085,100.0,3.499685074881873
,,,,,,13275.0,-1.35045,0.02085,100.0,3.4987232442466536
,,,,,,,,,,
,,,,,,13275.0,0.6715,0.0,0.0,3.589897763269468
,,,,,,13276.0,0.66964,0.00019,12.8434,3.5871150337589026
,,,,,,13277.0,0.66964,0.00038,25.206,3.581716676481507
,,,,,,13278.0,0.66964,0.00059,39.0453,3.5936979750813625
,,,,,,13279.0,0.66964,0.00076,50.6868,3.5903385386486
,,,,,,13280.0,0.66778,0.00096,64.0453,3.597721811928138
,,,,,,13281.0,0.66964,0.00115,76.1332,3.584260348521885
,,,,,,13282.0,0.66964,0.00134,89.217,3.587650247442807
,,,,,,13283.0,0.66964,0.0015,100.0,3.591824282253637
,,,,,,13283.0,0.0,0.0015,100.0,3.55442152528254
,,,,,,13284.0,0.0,0.0015,100.0,3.560554566541009
,,,,,,13285.0,0.0,0.0015,100.0,3.5707120629194753
,,,,,,13286.0,0.0,0.0015,100.0,3.5491049721292187
,,,,,,13287.0,0.0,0.0015,100.0,3.5658323140301493
,,,,,,13288.0,0.0,0.0015,100.0,3.561951807936166
,,,,,,13289.0,0.0,0.0015,100.0,3.5757129222548425
,,,,,,13290.0,0.0,0.0015,100.0,3.5499654700699206
,,,,,,13291.0,0.0,0.0015,100.0,3.5631645547905837
,,,,,,13292.0,0.0,0.0015,100.0,3.5867233683652056
,,,,,,13293.0,0.0,0.0015,100.0,3.5775869833733367
,,,,,,13294.0,0.0,0.0015,100.0,3.565563183288036
,,,,,,13295.0,0.0,0.0015,100.0,3.5602434680904604
,,,,,,13296.0,0.0,0.0015,100.0,3.5543889434341613
,,,,,,13297.0,0.0,0.0015,100.0,3.5531940403665274
,,,,,,13298.0,0.0,0.0015,100.0,3.561760917270396
,,,,,,13299.0,0.0,0.0015,100.0,3.5709554547616356
,,,,,,13299.0,0.0,0.0015,100.0,3.562717141412404
,,,,,,,,,,
,,,,,,13299.0,-0.66964,0.0,0.0,3.532380423807948
,,,,,,13300.0,-0.67708,0.00018,0.4426,3.527800606234764
,,,,,,13301.0,-0.6715,0.00038,0.9115,3.5346378980352315
,,,,,,13302.0,-0.6715,0.00057,1.3842,3.5564118146351156
,,,,,,13303.0,-0.67336,0.00078,1.8845,3.5375816954730492
,,,,,,13304.0,-0.67336,0.00097,2.3521,3.5422777930094558
,,,,,,13305.0,-0.67336,0.00115,2.7885,3.5250080814444256
,,,,,,13306.0,-0.67522,0.00135,3.2674,3.5268444887379995
,,,,,,13307.0,-0.67522,0.00154,3.7489,3.5481403274288743
,,,,,,13308.0,-0.67522,0.00174,4.2266,3.528953717882589
,,,,,,13309.0,-0.6715,0.00195,4.7356,3.531287429076811
,,,,,,13310.0,-0.67522,0.00213,5.1757,3.5138348486838558
,,,,,,13311.0,-0.67336,0.00233,5.666,3.505626642177023
,,,,,,13312.0,-0.67708,0.00251,6.0935,3.5315015605883096
,,,,,,13313.0,-0.67522,0.00271,6.5674,3.521514093178403
,,,,,,13314.0,-0.67336,0.00291,7.0589,3.5255589487083125
,,,,,,13315.0,-0.67708,0.00312,7.5592,3.543069828236742
,,,,,,13316.0,-0.67336,0.00331,8.0281,3.5390196075678975
,,,,,,13317.0,-0.67336,0.0035,8.4971,3.5297313160438306
,,,,,,13318.0,-0.67522,0.0037,8.9697,3.51564947019013
,,,,,,13320.0,-0.67708,0.0039,9.4537,3.537930169385604
,,,,,,13321.0,-0.6715,0.00408,9.9026,3.533067546911894
,,,,,,13322.0,-0.66964,0.00427,10.3665,3.5132661434792025
,,,,,,13323.0,-0.6808,0.0045,10.9081,3.5227208044698872
,,,,,,13324.0,-0.67708,0.00469,11.372,3.5322986165913637
,,,,,,13325.0,-0.67708,0.00488,11.8535,3.53148581974961
,,,,,,13326.0,-0.6715,0.0051,12.3688,3.5374398527026254
,,,,,,13327.0,-0.6715,0.00529,12.8453,3.542679371061735
,,,,,,13328.0,-0.67522,0.00547,13.264,3.5414718906237566
,,,,,,13329.0,-0.67522,0.00567,13.7605,3.527519635796677
,,,,,,13330.0,-0.66964,0.00588,14.2646,3.538492259487626
,,,,,,13331.0,-0.67708,0.00608,14.7423,3.5324317311764433
,,,,,,13332.0,-0.67336,0.00627,15.225,3.522721308035781
,,,,,,13333.0,-0.67708,0.00649,15.7528,3.5412920657247065
,,,,,,13334.0,-0.6715,0.00656,15.9246,3.5208217117619753
,,,,,,13334.0,-5.40737,0.00656,15.9246,3.3358541410131974
,,,,,,13335.0,-5.40923,0.00808,19.6071,3.314639933828707
,,,,,,13336.0,-5.40737,0.00948,22.9974,3.314501313182848
,,,,,,13337.0,-5.40737,0.0111,26.9343,3.319672082617701
,,,,,,13338.0,-5.40737,0.01269,30.7985,3.3088947610967905
,,,,,,13339.0,-5.40737,0.01427,34.6252,3.301088855825053
,,,,,,13340.0,-5.40923,0.01567,38.0155,3.3160746461218364
,,,,,,13341.0,-5.40737,0.01726,41.8797,3.3063864223103785
,,,,,,13342.0,-5.40923,0.01875,45.4882,3.291845549445698
,,,,,,13342.0,-3.37054,0.01875,45.4882,3.3868381903238967
,,,,,,13343.0,-3.3817,0.01968,47.7663,3.389088441295173
,,,,,,13344.0,-3.38542,0.02068,50.1837,3.3707939549141432
,,,,,,13345.0,-3.3817,0.02162,52.4606,3.3914888990803966
,,,,,,13346.0,-3.3817,0.02261,54.8754,3.3941125816572364
,,,,,,13347.0,-3.37798,0.02361,57.2903,3.379555480324054
,,,,,,13348.0,-3.37798,0.0246,59.7038,3.368359431718171
,,,,,,13349.0,-3.37984,0.0255,61.8679,3.381465717487216
,,,,,,13350.0,-3.37984,0.02645,64.1912,3.3606180684884315
,,,,,,13351.0,-3.37984,0.02745,66.6061,3.3597498610009673
,,,,,,13352.0,-3.37984,0.02847,69.0899,3.3769266980422707
,,,,,,13353.0,-3.37984,0.02941,71.368,3.369311191817362
,,,,,,13354.0,-3.3817,0.03028,73.487,3.346889841772595
,,,,,,13355.0,-3.37984,0.03128,75.9006,3.384430239162247
,,,,,,13356.0,-3.37984,0.03227,78.3154,3.3742865561497712
,,,,,,13357.0,-3.37984,0.03327,80.729,3.38049589856503
,,,,,,13358.0,-3.37984,0.03426,83.1225,3.362001274714525
,,,,,,13359.0,-3.3817,0.03525,85.5361,3.362512141885677
,,,,,,13361.0,-3.37798,0.03624,87.9496,3.3557465348390605
,,,,,,13362.0,-3.37984,0.03723,90.3419,3.3721665266017826
,,,,,,13363.0,-3.3817,0.0381,92.4596,3.3731475466232292
,,,,,,13364.0,-3.37984,0.0391,94.8757,3.356938509943061
,,,,,,13365.0,-3.37984,0.04009,97.2893,3.3409720068993565
,,,,,,13366.0,-3.37984,0.04109,99.7041,3.3710846530952114
,,,,,,13366.0,-3.37984,0.04121,100.0,3.3668225126365487
,,,,,,13366.0,-3.37984,0.04121,100.0,3.3854187757021212
,,,,,,,,,,
,,,,,,13366.0,1.34673,0.0,0.0,3.5570518605457613
,,,,,,13367.0,1.34487,0.00041,13.6639,3.5697753008663233
,,,,,,13368.0,1.34487,0.0008,26.825,3.576918547308148
,,,,,,13369.0,1.34487,0.00117,39.2405,3.5777772128145857
,,,,,,13370.0,1.34301,0.00157,52.6444,3.577283406328721
,,,,,,13371.0,1.34301,0.00192,64.4356,3.5949217147672896
,,,,,,13372.0,1.34301,0.00232,77.718,3.5886774845394913
,,,,,,13373.0,1.34301,0.00271,90.9832,3.5852106504321952
,,,,,,13374.0,1.34301,0.00298,100.0,3.584618641351026
,,,,,,13374.0,1.34301,0.00298,100.0,3.582814067182714
,,,,,,,,,,
,,,,,,13374.0,-1.34301,0.0,0.0,3.4659975531772855
,,,,,,13375.0,-1.35231,0.00042,3.4577,3.4813133246062065
,,,,,,13376.0,-1.35045,0.00076,6.3199,3.4571539574200574
,,,,,,13377.0,-1.35045,0.00115,9.5548,3.4588688465508026
,,,,,,13378.0,-1.35045,0.00155,12.884,3.484601075607203
,,,,,,13379.0,-1.35231,0.00195,16.1832,3.4549465744908896
,,,,,,13380.0,-1.34859,0.00235,19.4824,3.462509412422758
,,,,,,13381.0,-1.35045,0.00275,22.7816,3.4617668845862286
,,,,,,13382.0,-1.35231,0.00311,25.768,3.474946866647567
,,,,,,13383.0,-1.35045,0.00351,29.1315,3.4777059499037097
,,,,,,13384.0,-1.35789,0.0039,32.375,3.4552253434268123
,,,,,,13385.0,-1.35231,0.00426,35.3057,3.477182723513719
,,,,,,13386.0,-1.35231,0.00465,38.5749,3.4752149776630192
,,,,,,13387.0,-1.35231,0.00503,41.6899,3.470561845918242
,,,,,,13388.0,-1.35045,0.00542,44.9848,3.4722315127384897
,,,,,,13389.0,-1.35045,0.00582,48.284,3.4687720383415153
,,,,,,13390.0,-1.35045,0.00622,51.5875,3.461756599857547
,,,,,,13391.0,-1.35045,0.00662,54.9167,3.475730458529812
,,,,,,13392.0,-1.35231,0.00701,58.1216,3.4656662958150295
,,,,,,13393.0,-1.35231,0.00737,61.1423,3.4626216589250793
,,,,,,13394.0,-1.35231,0.00777,64.4415,3.4629964940157154
,,,,,,13396.0,-1.35231,0.00817,67.7107,3.469414132370966
,,,,,,13397.0,-1.35045,0.00856,71.0056,3.4645134948490606
,,,,,,13398.0,-1.35231,0.00896,74.3091,3.468644062070573
,,,,,,13399.0,-1.35231,0.00936,77.6083,3.4759597263131132
,,,,,,13400.0,-1.35603,0.00977,81.006,3.47195602409482
,,,,,,13401.0,-1.35045,0.01017,84.3052,3.458890327822165
,,,,,,13402.0,-1.35045,0.01056,87.6087,3.474387057596261
,,,,,,13403.0,-1.35231,0.01097,90.9722,3.4360155293636234
,,,,,,13404.0,-1.35231,0.01136,94.2414,3.4605802463030084
,,,,,,13405.0,-1.35231,0.01176,97.5406,3.4616070674552937
,,,,,,13406.0,-1.35231,0.01206,100.0,3.436873849173
,,,,,,13406.0,-1.35231,0.01206,100.0,3.454994302656603
,,,,,,,,,,
,,,,,,13406.0,2.70275,0.0,0.0,3.63455983126985
,,,,,,13407.0,2.69903,0.0007,11.7091,3.6596165590270684
,,,,,,13408.0,2.69717,0.00145,24.0457,3.6546902686655933
,,,,,,13409.0,2.69717,0.00228,38.0158,3.6548442706458006
,,,,,,13410.0,2.69717,0.00298,49.6131,3.6617687707263986
,,,,,,13411.0,2.69903,0.00382,63.5832,3.6738681638296047
,,,,,,13412.0,2.69903,0.00453,75.3095,3.671561102722484
,,,,,,13413.0,2.69717,0.00532,88.523,3.665898856507764
,,,,,,13414.0,2.69717,0.00601,100.0,3.6859922977316364
,,,,,,13414.0,0.0,0.00601,100.0,3.565138142460656
,,,,,,13415.0,0.0,0.00601,100.0,3.5529727107083913
,,,,,,13416.0,0.0,0.00601,100.0,3.532820699570732
,,,,,,13417.0,0.0,0.00601,100.0,3.5500187302655917
,,,,,,13418.0,0.0,0.00601,100.0,3.5355231590002667
,,,,,,13419.0,0.0,0.00601,100.0,3.549709242581783
,,,,,,13420.0,0.0,0.00601,100.0,3.537816670328363
,,,,,,13421.0,0.0,0.00601,100.0,3.5505872502724563
,,,,,,13422.0,0.0,0.00601,100.0,3.5447149666274664
,,,,,,13423.0,0.0,0.00601,100.0,3.540540167056434
,,,,,,13424.0,0.0,0.00601,100.0,3.5524667370712275
,,,,,,13425.0,0.0,0.00601,100.0,3.5439690801274235
,,,,,,13426.0,0.0,0.00601,100.0,3.555555586048796
,,,,,,13427.0,0.0,0.00601,100.0,3.5605740361760785
,,,,,,13428.0,0.0,0.00601,100.0,3.56068462097988
,,,,,,13429.0,0.0,0.00601,100.0,3.541643660956353
,,,,,,13430.0,0.0,0.00601,100.0,3.5492764885332324
,,,,,,13432.0,0.0,0.00601,100.0,3.558617420470022
,,,,,,13433.0,0.0,0.00601,100.0,3.5639837788682276
,,,,,,13434.0,0.0,0.00601,100.0,3.5688207575812427
,,,,,,13435.0,0.0,0.00601,100.0,3.5627174073141856
,,,,,,13436.0,0.0,0.00601,100.0,3.5715511571740652
,,,,,,13437.0,0.0,0.00601,100.0,3.5626042460644136
,,,,,,13438.0,0.0,0.00601,100.0,3.5504004752734684
,,,,,,13439.0,0.0,0.00601,100.0,3.5585696352763847
,,,,,,13440.0,0.0,0.00601,100.0,3.5387150829764735
,,,,,,13441.0,0.0,0.00601,100.0,3.5350809096254996
,,,,,,13442.0,0.0,0.00601,100.0,3.541641026602201
,,,,,,13443.0,0.0,0.00601,100.0,3.5466895135345635
,,,,,,13444.0,0.0,0.00601,100.0,3.5564879867164434
,,,,,,13445.0,0.0,0.00601,100.0,3.5371071153141838
,,,,,,13446.0,0.0,0.00601,100.0,3.547205838404511
,,,,,,13447.0,0.0,0.00601,100.0,3.5286022686904777
,,,,,,13448.0,0.0,0.00601,100.0,3.5517019562423227
,,,,,,13449.0,0.0,0.00601,100.0,3.555961414733294
,,,,,,13450.0,0.0,0.00601,100.0,3.561099554560101
,,,,,,13452.0,0.0,0.00601,100.0,3.5729440682929443
,,,,,,13453.0,0.0,0.00601,100.0,3.5561867118187824
,,,,,,13454.0,0.0,0.00601,100.0,3.546280885792995
,,,,,,13455.0,0.0,0.00601,100.0,3.5363380405513563
,,,,,,13456.0,0.0,0.00601,100.0,3.570285683657217
,,,,,,13457.0,0.0,0.00601,100.0,3.548106796376541
,,,,,,13458.0,0.0,0.00601,100.0,3.552137370773718
,,,,,,13459.0,0.0,0.00601,100.0,3.5674891090264165
,,,,,,13460.0,0.0,0.00601,100.0,3.547726285934531
,,,,,,13461.0,0.0,0.00601,100.0,3.5504467402359294
,,,,,,13462.0,0.0,0.00601,100.0,3.5577077444788117
,,,,,,13463.0,0.0,0.00601,100.0,3.5491981813589115
,,,,,,13464.0,0.0,0.00601,100.0,3.5353924030279473
,,,,,,13465.0,0.0,0.00601,100.0,3.5684670065305246
,,,,,,13466.0,0.0,0.00601,100.0,3.5468420250650543
,,,,,,13467.0,0.0,0.00601,100.0,3.5516420487181866
,,,,,,13468.0,0.0,0.00601,100.0,3.5512688563315913
,,,,,,13469.0,0.0,0.00601,100.0,3.5483008799906375
,,,,,,13469.0,0.0,0.00601,100.0,3.5633686781759963
,,,,,,,,,,
,,,,,,13469.0,-0.67894,0.0,0.0,3.522806462554408
,,,,,,13470.0,-0.67894,0.00021,2.1815,3.5274668727738563
,,,,,,13471.0,-0.67894,0.0004,4.0408,3.531915080935887
,,,,,,13472.0,-0.66964,0.0006,6.1642,3.540619088641828
,,,,,,13473.0,-0.67522,0.00078,8.0235,3.512989488340812
,,,,,,13474.0,-0.6715,0.00098,10.0518,3.5072430911185126
,,,,,,13475.0,-0.66964,0.00118,12.0642,3.508472817522908
,,,,,,13476.0,-0.67708,0.00138,14.0873,3.5148774773229214
,,,,,,13477.0,-0.67522,0.00158,16.1631,3.5141462734664906
,,,,,,13478.0,-0.67708,0.00177,18.1333,3.553426744014748
,,,,,,13479.0,-0.6715,0.00195,19.9556,3.516283108916275
,,,,,,13480.0,-0.67522,0.00215,21.9839,3.530372084895594
,,,,,,13481.0,-0.67336,0.00235,24.0123,3.530883289392728
,,,,,,13482.0,-0.6715,0.00252,25.7923,3.527417355310427
,,,,,,13483.0,-0.67336,0.00272,27.8259,3.5075118990077767
,,,,,,13485.0,-0.6715,0.00292,29.8384,3.504386787080641
,,,,,,13486.0,-0.67336,0.00313,31.9987,3.527627809133393
,,,,,,13487.0,-0.67522,0.00331,33.8791,3.516031124389065
,,,,,,13488.0,-0.67708,0.00355,36.2402,3.5257578246757526
,,,,,,13489.0,-0.67522,0.00373,38.1365,3.5125970335274883
,,,,,,13490.0,-0.67522,0.00392,40.0327,3.519548359690807
,,,,,,13491.0,-0.67522,0.00411,42.0663,3.4975597556388527
,,,,,,13492.0,-0.67708,0.00431,44.0947,3.519738996269147
,,,,,,13493.0,-0.67336,0.00451,46.1335,3.5182620875887847
,,,,,,13494.0,-0.67336,0.00471,48.183,3.5244604866367495
,,,,,,13495.0,-0.67708,0.00491,50.1585,3.5147141276850005
,,,,,,13496.0,-0.67894,0.00509,52.0177,3.515767408490763
,,,,,,13497.0,-0.67708,0.00525,53.6763,3.5036989188632797
,,,,,,13497.0,-1.35045,0.00525,53.6763,3.493669758670058
,,,,,,13498.0,-1.35231,0.00568,58.0499,3.5107335846207066
,,,,,,13499.0,-1.35045,0.00607,62.0801,3.501067715796403
,,,,,,13500.0,-1.35045,0.00644,65.8409,3.482301598883753
,,,,,,13501.0,-1.35231,0.00685,70.0243,3.501116621630268
,,,,,,13502.0,-1.35045,0.00724,73.9753,3.4962045394720422
,,,,,,13503.0,-1.35045,0.00759,77.5829,3.483357280595331
,,,,,,13504.0,-1.35231,0.008,81.7663,3.479813035406039
,,,,,,13505.0,-1.35045,0.00839,85.7965,3.4995194363775157
,,,,,,13506.0,-1.35045,0.00879,89.8267,3.4793173243656974
,,,,,,13507.0,-1.35231,0.00919,93.8992,3.5075003223338177
,,,,,,13508.0,-1.35045,0.00958,97.9664,3.490917163154063
,,,,,,13509.0,-1.35045,0.00978,100.0,3.4802094288624796
,,,,,,13509.0,-1.35045,0.00978,100.0,3.486350957045423
,,,,,,,,,,
,,,,,,13509.0,0.6715,0.0,0.0,3.577378208747923
,,,,,,13510.0,0.66964,0.00021,13.9931,3.54399622728224
,,,,,,13511.0,0.66964,0.00039,26.0069,3.579409435389651
,,,,,,13512.0,0.66964,0.00061,41.1111,3.587054682211098
,,,,,,13513.0,0.66778,0.0008,53.6111,3.5778772894931703
,,,,,,13514.0,0.66964,0.00097,65.2431,3.5816934180663083
,,,,,,13515.0,0.6715,0.00117,78.4722,3.5597230281049566
,,,,,,13516.0,0.66964,0.00137,91.7361,3.590675520978494
,,,,,,13517.0,0.66778,0.00149,100.0,3.5703733754580442
,,,,,,13517.0,0.0,0.00149,100.0,3.5568617208064346
,,,,,,13518.0,0.0,0.00149,100.0,3.5420704562520497
,,,,,,13519.0,0.0,0.00149,100.0,3.543908835511852
,,,,,,13520.0,0.0,0.00149,100.0,3.531013370694281
,,,,,,13521.0,0.0,0.00149,100.0,3.550067439778668
,,,,,,13522.0,0.0,0.00149,100.0,3.55980604088735
,,,,,,13523.0,0.0,0.00149,100.0,3.5548541774230586
,,,,,,13524.0,0.0,0.00149,100.0,3.537640903457644
,,,,,,13525.0,0.0,0.00149,100.0,3.5709669564485025
,,,,,,13526.0,0.0,0.00149,100.0,3.5508655937952724
,,,,,,13527.0,0.0,0.00149,100.0,3.552587181983177
,,,,,,13528.0,0.0,0.00149,100.0,3.540950328919461
,,,,,,13529.0,0.0,0.00149,100.0,3.5531724960890587
,,,,,,13530.0,0.0,0.00149,100.0,3.5585755777776265
,,,,,,13531.0,0.0,0.00149,100.0,3.555793038692642
,,,,,,13532.0,0.0,0.00149,100.0,3.569537796815495
,,,,,,13533.0,0.0,0.00149,100.0,3.5598382204094228
,,,,,,13533.0,0.0,0.00149,100.0,3.5592018493221422
,,,,,,,,,,
,,,,,,13533.0,-0.66964,0.0,0.0,3.5194945226230168
,,,,,,13534.0,-0.6715,0.00021,0.9978,3.517064785883651
,,,,,,13535.0,-0.67708,0.0004,1.9162,3.509133527718093
,,,,,,13536.0,-0.67522,0.0006,2.8718,3.521601270581394
,,,,,,13537.0,-0.67336,0.0008,3.825,3.5341630921693308
,,,,,,13538.0,-0.67336,0.00099,4.7582,3.5233363359836325
,,,,,,13539.0,-0.67336,0.00119,5.7114,3.5228501777664807
,,,,,,13540.0,-0.67708,0.00139,6.667,3.520952608729472
,,,,,,13541.0,-0.67708,0.00159,7.6201,3.525811308721258
,,,,,,13543.0,-0.67522,0.00179,8.5931,3.527585271970458
,,,,,,13544.0,-0.67522,0.00198,9.5041,3.526603569577199
,,,,,,13545.0,-0.6715,0.00215,10.348,3.531644228863115
,,,,,,13546.0,-0.67522,0.00236,11.3135,3.5267543740662073
,,,,,,13547.0,-0.67522,0.00255,12.2716,3.5211135996260716
,,,,,,13548.0,-0.6715,0.00275,13.2248,3.5220937045009046
,,,,,,13549.0,-0.67894,0.00293,14.0737,3.5143719084307774
,,,,,,13550.0,-0.67894,0.00314,15.0715,3.541457020628099
,,,,,,13551.0,-0.67522,0.00333,16.0023,3.528298024892731
,,,,,,13552.0,-0.67336,0.00351,16.8412,3.5228214905033264
,,,,,,13553.0,-0.67336,0.00371,17.8316,3.525543941232955
,,,,,,13554.0,-0.67336,0.00391,18.7847,3.5105494300511166
,,,,,,13555.0,-0.67522,0.00411,19.7404,3.5142673845906733
,,,,,,13556.0,-0.67522,0.00431,20.6861,3.510821162264549
,,,,,,13557.0,-0.67336,0.00448,21.5225,3.511786860667813
,,,,,,13558.0,-0.67894,0.00467,22.431,3.5375392466947706
,,,,,,13559.0,-0.67708,0.00488,23.4412,3.5350229843878025
,,,,,,13560.0,-0.67708,0.00507,24.3671,3.519386818153018
,,,,,,13561.0,-0.67522,0.00526,25.2557,3.5250275763460865
,,,,,,13562.0,-0.67894,0.00546,26.2113,3.515430218626949
,,,,,,13563.0,-0.6715,0.00565,27.1644,3.519064245088715
,,,,,,13564.0,-0.67522,0.00585,28.1176,3.5068302444119475
,,,,,,13565.0,-0.67336,0.00605,29.0732,3.5190121810713184
,,,,,,13566.0,-0.67336,0.00625,30.0263,3.535787141538671
,,,,,,13567.0,-0.67336,0.00645,30.9819,3.517087593182588
,,,,,,13568.0,-0.67336,0.00665,31.9599,3.5251345598767965
,,,,,,13569.0,-0.67522,0.00683,32.8286,3.5137922604170244
,,,,,,13571.0,-0.6715,0.00703,33.7818,3.5169030125433443
,,,,,,13572.0,-0.67336,0.00723,34.7349,3.5153941420521333
,,,,,,13573.0,-0.67336,0.00743,35.688,3.4885446498255206
,,,,,,13574.0,-0.67708,0.00762,36.5965,3.5277559391409787
,,,,,,13575.0,-0.67708,0.00782,37.5422,3.5094107908886456
,,,,,,13576.0,-0.67522,0.00799,38.3787,3.5265345193081195
,,,,,,13577.0,-0.67894,0.00819,39.3343,3.51021309336143
,,,,,,13578.0,-0.67708,0.00839,40.2874,3.5174976997143115
,,,,,,13579.0,-0.67522,0.00859,41.243,3.5159332026724286
,,,,,,13580.0,-0.67708,0.00878,42.1962,3.518371087987875
,,,,,,13581.0,-0.6715,0.00898,43.1319,3.53204764472104
,,,,,,13582.0,-0.67894,0.00918,44.0876,3.51643257727594
,,,,,,13583.0,-0.6715,0.00937,45.006,3.507588504965207
,,,,,,13584.0,-0.67522,0.00954,45.8449,3.505154602508448
,,,,,,13585.0,-0.67522,0.00974,46.7732,3.5150626457846763
,,,,,,13586.0,-0.6715,0.00994,47.7562,3.5119716285645675
,,,,,,13587.0,-0.66778,0.01014,48.7068,3.514548237250735
,,,,,,13588.0,-0.67336,0.01034,49.6599,3.5159154737890637
,,,,,,13589.0,-0.67894,0.01053,50.5883,3.5138858339327825
,,,,,,13590.0,-0.67336,0.01071,51.4719,3.540040151869557
,,,,,,13591.0,-0.67336,0.01091,52.4151,3.522865544025105
,,,,,,13592.0,-0.67522,0.01111,53.3608,3.5113806974049715
,,,,,,13593.0,-0.67522,0.01131,54.3139,3.5290518948144283
,,,,,,13594.0,-0.67708,0.01151,55.2696,3.5165992296036563
,,,,,,13595.0,-0.67522,0.0117,56.2227,3.5224894897175956
,,,,,,13596.0,-0.67336,0.0119,57.1783,3.516977596944765
,,,,,,13598.0,-0.67336,0.0121,58.129,3.521938951250037
,,,,,,13599.0,-0.67522,0.01229,59.03,3.51311648817848
,,,,,,13600.0,-0.66964,0.01247,59.9136,3.506659181553211
,,,,,,13601.0,-0.67708,0.01267,60.8866,3.5187067734111714
,,,,,,13602.0,-0.67708,0.01285,61.7305,3.503519513603933
,,,,,,13603.0,-0.67336,0.01305,62.6862,3.5338581796357422
,,,,,,13604.0,-0.67708,0.01325,63.6318,3.501664296817273
,,,,,,13605.0,-0.67522,0.01342,64.4708,3.5071501846165196
,,,,,,13606.0,-0.67336,0.01362,65.4264,3.5133862470549824
,,,,,,13607.0,-0.67708,0.01382,66.382,3.504130098510734
,,,,,,13608.0,-0.6715,0.01402,67.3352,3.503780569435826
,,,,,,13609.0,-0.67522,0.01423,68.3429,3.5135064665861644
,,,,,,13610.0,-0.6715,0.01441,69.2142,3.5026213011802363
,,,,,,13611.0,-0.67336,0.01461,70.1698,3.505304248355047
,,,,,,13612.0,-0.67708,0.01481,71.1676,3.5143175767178976
,,,,,,13613.0,-0.67708,0.01499,72.0239,3.5262841294572014
,,,,,,13614.0,-0.66964,0.01519,72.9771,3.5162368508693316
,,,,,,13615.0,-0.67894,0.01539,73.9327,3.4995475939530425
,,,,,,13616.0,-0.67336,0.01559,74.8883,3.510201971223567
,,,,,,13617.0,-0.67336,0.0158,75.8936,3.5141564253422457
,,,,,,13618.0,-0.67336,0.01598,76.7499,3.523475162621233
,,,,,,13619.0,-0.67336,0.01617,77.6956,3.5108314368248132
,,,,,,13620.0,-0.67336,0.01632,78.398,3.5051712660648984
,,,,,,13620.0,-1.35417,0.01632,78.398,3.5053636386130806
,,,,,,13621.0,-1.35231,0.01671,80.2919,3.47482461302746
,,,,,,13622.0,-1.35231,0.01711,82.2031,3.4894740906947583
,,,,,,13623.0,-1.35231,0.01746,83.8786,3.4779362568210503
,,,,,,13624.0,-1.35231,0.01785,85.7575,3.479599933551261
,,,,,,13625.0,-1.35417,0.01825,87.6862,3.4879546546813134
,,,,,,13626.0,-1.35045,0.01864,89.5254,3.4588147259454662
,,,,,,13627.0,-1.35045,0.01903,91.4168,3.4848677865371958
,,,,,,13628.0,-1.35231,0.01942,93.3107,3.4859197380329805
,,,,,,13629.0,-1.35231,0.01977,94.9861,3.4741188540694927
,,,,,,13630.0,-1.35045,0.02017,96.8973,3.4671860256178673
,,,,,,13631.0,-1.35231,0.02057,98.8086,3.476043233979117
,,,,,,13632.0,-1.35045,0.02082,100.0,3.491349837978046
,,,,,,13632.0,-1.35045,0.02082,100.0,3.467939539748203
,,,,,,,,,,
,,,,,,13632.0,0.6715,0.0,0.0,3.581693876224745
,,,,,,13633.0,0.6715,0.00021,13.9952,3.5442556576627795
,,,,,,13634.0,0.66964,0.00039,25.7153,3.5736320602957874
,,,,,,13635.0,0.6715,0.0006,40.262,3.5812457877966897
,,,,,,13636.0,0.6715,0.0008,53.4299,3.561107510042271
,,,,,,13637.0,0.6715,0.001,66.6322,3.5849661900013543
,,,,,,13638.0,0.6715,0.00119,79.0762,3.5634946742965896
,,,,,,13639.0,0.6715,0.00138,91.7615,3.573336090004733
,,,,,,13640.0,0.66964,0.0015,100.0,3.5793195422891677
,,,,,,13640.0,0.0,0.0015,100.0,3.5372903965783316
,,,,,,13641.0,0.0,0.0015,100.0,3.5296278453809036
,,,,,,13642.0,0.0,0.0015,100.0,3.542722415339573
,,,,,,13643.0,0.0,0.0015,100.0,3.5572526209045416
,,,,,,13644.0,0.0,0.0015,100.0,3.560218435312479
,,,,,,13645.0,0.0,0.0015,100.0,3.540762392006397
,,,,,,13646.0,0.0,0.0015,100.0,3.5481484698420265
,,,,,,13647.0,0.0,0.0015,100.0,3.5338793236657287
,,,,,,13648.0,0.0,0.0015,100.0,3.537011628257229
,,,,,,13649.0,0.0,0.0015,100.0,3.551075425889539
,,,,,,13650.0,0.0,0.0015,100.0,3.5609915735707722
,,,,,,13652.0,0.0,0.0015,100.0,3.5655269101088813
,,,,,,13653.0,0.0,0.0015,100.0,3.5378600981379784
,,,,,,13654.0,0.0,0.0015,100.0,3.541607813815283
,,,,,,13655.0,0.0,0.0015,100.0,3.5479378632758682
,,,,,,13656.0,0.0,0.0015,100.0,3.5467649116690705
,,,,,,13656.0,0.0,0.0015,100.0,3.556164229816978
,,,,,,13656.0,0.0,0.0015,100.0,3.5401283844512568
,,,,,,,,,,
,,,,,,13656.0,-0.68452,0.0,0.0,3.51358972320965
,,,,,,13657.0,-0.67336,0.00018,0.4424,3.5318889718015676
,,,,,,13658.0,-0.67894,0.00038,0.9236,3.524608369554953
,,,,,,13659.0,-0.66778,0.00057,1.3773,3.5064499269322242
,,,,,,13660.0,-0.67522,0.00075,1.826,3.5302249152907934
,,,,,,13661.0,-0.67336,0.00095,2.2934,3.5005378653726473
,,,,,,13662.0,-0.67336,0.00116,2.8085,3.5077186129808298
,,,,,,13663.0,-0.67708,0.00135,3.2672,3.5375933497124703
,,,,,,13664.0,-0.67894,0.00155,3.7484,3.522165198240215
,,,,,,13665.0,-0.67894,0.00174,4.2246,3.5037263377144616
,,,,,,13666.0,-0.67522,0.00192,4.647,3.516667780893884
,,,,,,13667.0,-0.67708,0.00212,5.1382,3.5122229154757942
,,,,,,13668.0,-0.67708,0.00231,5.5919,3.5026689230415253
,,,,,,13670.0,-0.67336,0.00248,6.0243,3.51278961348321
,,,,,,13671.0,-0.67894,0.00267,6.4704,3.506214143113411
,,,,,,13672.0,-0.67336,0.0029,7.0431,3.5166978821075277
,,,,,,13673.0,-0.67522,0.00308,7.4742,3.506018939073235
,,,,,,13674.0,-0.67708,0.00327,7.9379,3.5195022514301515
,,,,,,13675.0,-0.67522,0.00348,8.433,3.5089375982153777
,,,,,,13676.0,-0.67522,0.00367,8.8916,3.5166307163167136
,,,,,,13677.0,-0.67522,0.00386,9.3641,3.513544002539331
,,,,,,13678.0,-0.67522,0.00406,9.8416,3.495306730601012
,,,,,,13679.0,-0.67522,0.00425,10.3141,3.5158227757463756
,,,,,,13680.0,-0.67894,0.00443,10.7552,3.5244962384787293
,,,,,,13681.0,-0.67708,0.00464,11.2477,3.5137778899828533
,,,,,,13682.0,-0.67708,0.00481,11.6763,3.512274690292884
,,,,,,13683.0,-0.67894,0.00501,12.1626,3.501860797812102
,,,,,,13684.0,-0.67708,0.00519,12.5862,3.519256202164192
,,,,,,13685.0,-0.67336,0.0054,13.0862,3.5020974044293154
,,,,,,13686.0,-0.6715,0.00558,13.5361,3.518668958569359
,,,,,,13687.0,-0.67522,0.00578,14.0173,3.5191009338511448
,,,,,,13688.0,-0.67336,0.00598,14.4948,3.4974050916676394
,,,,,,13689.0,-0.67522,0.00617,14.9573,3.505355004143214
,,,,,,13690.0,-0.66964,0.00636,15.421,3.5212452203052393
,,,,,,13691.0,-0.67522,0.00658,15.9486,3.5097786302887135
,,,,,,13691.0,-5.40551,0.00658,15.9486,3.3082445131908176
,,,,,,13692.0,-5.40923,0.008,19.4125,3.3249116543928827
,,,,,,13693.0,-5.40737,0.00993,24.0757,3.2973954095425646
,,,,,,13695.0,-5.40737,0.01141,27.6825,3.30240601621792
,,,,,,13696.0,-5.40737,0.01302,31.5813,3.279019207950009
,,,,,,13697.0,-5.40737,0.01461,35.4438,3.2889120282633586
,,,,,,13698.0,-5.40737,0.01621,39.305,3.2784641101914875
,,,,,,13699.0,-5.40365,0.01778,43.1311,3.2802577063584257
,,,,,,13699.0,-5.40923,0.01858,45.0623,3.28038073231379
,,,,,,13699.0,-3.38542,0.01858,45.0623,3.3576169089909613
,,,,,,13700.0,-3.37984,0.01963,47.6113,3.3527219555816457
,,,,,,13701.0,-3.37798,0.0205,49.7293,3.364696317932637
,,,,,,13702.0,-3.38542,0.02146,52.0528,3.355220238497648
,,,,,,13703.0,-3.37984,0.0225,54.5793,3.360757551074006
,,,,,,13704.0,-3.37798,0.02349,56.9692,3.3437669048786614
,,,,,,13705.0,-3.37798,0.02436,59.0871,3.352799992668785
,,,,,,13707.0,-3.37984,0.02536,61.4996,3.344550285521787
,,,,,,13708.0,-3.37984,0.02639,64.0036,3.3584897279041637
,,,,,,13709.0,-3.37984,0.02736,66.3483,3.3701566163412293
,,,,,,13710.0,-3.37984,0.02829,68.6255,3.363596337048168
,,,,,,13711.0,-3.37984,0.0292,70.8349,3.3809489579889864
,,,,,,13712.0,-3.37984,0.03017,73.1797,3.348977749219794
,,,,,,13713.0,-3.37798,0.03117,75.5934,3.3502597105279293
,,,,,,13714.0,-3.37984,0.03216,78.0059,3.3507940564823477
,,,,,,13715.0,-3.37798,0.03316,80.4196,3.3500094558105538
,,,,,,13716.0,-3.37984,0.03414,82.8107,3.3426992445992045
,,,,,,13717.0,-3.37984,0.03502,84.9274,3.3566471468774646
,,,,,,13718.0,-3.37984,0.03601,87.3412,3.344823478737615
,,,,,,13719.0,-3.37984,0.03701,89.7549,3.354205767811843
,,,,,,13720.0,-3.37984,0.038,92.1686,3.3503128232379042
,,,,,,13721.0,-3.37984,0.039,94.5823,3.3411604553970187
,,,,,,13722.0,-3.37612,0.03998,96.9722,3.3461428462408507
,,,,,,13723.0,-3.37984,0.04085,99.0902,3.337995170309491
,,,,,,13723.0,-3.37984,0.04123,100.0,3.3669013353715878
,,,,,,13723.0,-3.37984,0.04123,100.0,3.359770182482092
,,,,,,,,,,
,,,,,,13723.0,1.34301,0.0,0.0,3.5743978106511127
,,,,,,13724.0,1.34673,0.00038,12.7439,3.5543050697381333
,,,,,,13725.0,1.34859,0.00078,26.0059,3.535147373761946
,,,,,,13727.0,1.34673,0.00119,39.6305,3.5685915466877995
,,,,,,13728.0,1.34487,0.00156,52.0117,3.5564557659946625
,,,,,,13729.0,1.34673,0.00195,65.2564,3.558820592040023
,,,,,,13730.0,1.34859,0.00235,78.5184,3.5761052031350693
,,,,,,13731.0,1.34673,0.00275,91.7631,3.553727682875306
,,,,,,13731.0,1.34673,0.00299,100.0,3.572177718733891
,,,,,,13731.0,1.34673,0.00299,100.0,3.586562421834723
,,,,,,,,,,
,,,,,,13731.0,-1.35045,0.0,0.0,3.453299392450131
,,,,,,13733.0,-1.35045,0.00043,3.5571,3.4582570189019277
,,,,,,13734.0,-1.35045,0.00082,6.8731,3.4643194863502056
,,,,,,13735.0,-1.35231,0.00128,10.6886,3.4439217784483547
,,,,,,13736.0,-1.35045,0.00165,13.7892,3.458295792849733
,,,,,,13737.0,-1.35231,0.00205,17.1052,3.4554027518289785
,,,,,,13738.0,-1.34859,0.00245,20.4212,3.4521577666081007
,,,,,,13739.0,-1.35045,0.00285,23.7673,3.4674265184024122
,,,,,,13740.0,-1.35045,0.00323,26.9584,3.4369735329258178
,,,,,,13741.0,-1.35231,0.00363,30.2442,3.463308403755743
,,,,,,13742.0,-1.35045,0.00402,33.53,3.427673957950449
,,,,,,13743.0,-1.35417,0.00443,36.8804,3.4623288068490434
,,,,,,13744.0,-1.35231,0.0048,39.9767,3.447271482447003
,,,,,,13745.0,-1.35045,0.00521,43.4219,3.451120341208363
,,,,,,13746.0,-1.35231,0.00561,46.7379,3.4492626969895106
,,,,,,13747.0,-1.35231,0.00601,50.0538,3.4508694888669362
,,,,,,13748.0,-1.35045,0.0064,53.3698,3.448444622189473
,,,,,,13750.0,-1.35231,0.00681,56.7805,3.4563799939764692
,,,,,,13751.0,-1.35417,0.0072,60.0405,3.42778219475701
,,,,,,13752.0,-1.35231,0.00756,63.0464,3.4476718555778785
,,,,,,13753.0,-1.35045,0.00796,66.3623,3.440128590051801
,,,,,,13754.0,-1.35231,0.00836,69.6783,3.4521108329674925
,,,,,,13755.0,-1.35231,0.00876,72.9943,3.4386796408712983
,,,,,,13756.0,-1.35231,0.00916,76.3102,3.438402827085697
,,,,,,13757.0,-1.34859,0.00955,79.6305,3.454996869884075
,,,,,,13758.0,-1.35045,0.00995,82.9465,3.4514551687350603
,,,,,,13759.0,-1.35045,0.01038,86.5122,3.4411558207363226
,,,,,,13760.0,-1.35417,0.01076,89.7076,3.4472694009635028
,,,,,,13761.0,-1.35231,0.01113,92.8039,3.445828797131177
,,,,,,13762.0,-1.35231,0.01155,96.2792,3.438451095503304
,,,,,,13763.0,-1.35045,0.01195,99.5952,3.4445617516721416
,,,,,,13763.0,-1.35045,0.012,100.0,3.4426148014653286
,,,,,,13763.0,-1.35045,0.012,100.0,3.442178806532345
,,,,,,,,,,
,,,,,,13763.0,2.69345,0.0,0.0,3.615578107591137
,,,,,,13765.0,2.69717,0.00087,14.3761,3.6213788860319154
,,,,,,13766.0,2.69903,0.00157,25.9215,3.630485851272265
,,,,,,13767.0,2.69903,0.00232,38.3306,3.6226009011700255
,,,,,,13768.0,2.69717,0.00312,51.6035,3.633818919097393
,,,,,,13769.0,2.69903,0.00391,64.7481,3.6406507248017377
,,,,,,13770.0,2.70089,0.00472,78.1579,3.642484252890384
,,,,,,13771.0,2.69903,0.00545,90.1907,3.650733278112369
,,,,,,13771.0,2.69717,0.00604,100.0,3.6538523847641584
,,,,,,13771.0,0.0,0.00604,100.0,3.5393076308862548
,,,,,,13773.0,0.0,0.00604,100.0,3.5282830375992607
,,,,,,13774.0,0.0,0.00604,100.0,3.529946741827851
,,,,,,13775.0,0.0,0.00604,100.0,3.528917339221761
,,,,,,13776.0,0.0,0.00604,100.0,3.534840908875505
,,,,,,13777.0,0.0,0.00604,100.0,3.5344937674794314
,,,,,,13778.0,0.0,0.00604,100.0,3.5481085239175516
,,,,,,13779.0,0.0,0.00604,100.0,3.534397858772385
,,,,,,13780.0,0.0,0.00604,100.0,3.515357987921172
,,,,,,13781.0,0.0,0.00604,100.0,3.528235567013971
,,,,,,13782.0,0.0,0.00604,100.0,3.5348228905720496
,,,,,,13783.0,0.0,0.00604,100.0,3.539663103375493
,,,,,,13784.0,0.0,0.00604,100.0,3.5354086301620624
,,,,,,13785.0,0.0,0.00604,100.0,3.537261802710089
,,,,,,13786.0,0.0,0.00604,100.0,3.5407465438452506
,,,,,,13787.0,0.0,0.00604,100.0,3.5401920636503763
,,,,,,13788.0,0.0,0.00604,100.0,3.537199896135157
,,,,,,13789.0,0.0,0.00604,100.0,3.5085537431495917
,,,,,,13790.0,0.0,0.00604,100.0,3.527097816339678
,,,,,,13791.0,0.0,0.00604,100.0,3.5438031294382273
,,,,,,13792.0,0.0,0.00604,100.0,3.543203500952691
,,,,,,13793.0,0.0,0.00604,100.0,3.532755231267411
,,,,,,13795.0,0.0,0.00604,100.0,3.5281820456494173
,,,,,,13796.0,0.0,0.00604,100.0,3.5400506309011446
,,,,,,13797.0,0.0,0.00604,100.0,3.5413298821896073
,,,,,,13798.0,0.0,0.00604,100.0,3.5247355520246533
,,,,,,13799.0,0.0,0.00604,100.0,3.549468613777091
,,,,,,13800.0,0.0,0.00604,100.0,3.5175158842809737
,,,,,,13801.0,0.0,0.00604,100.0,3.5417042064692175
,,,,,,13802.0,0.0,0.00604,100.0,3.5353448403084777
,,,,,,13803.0,0.0,0.00604,100.0,3.525391137132515
,,,,,,13804.0,0.0,0.00604,100.0,3.5311236959863104
,,,,,,13805.0,0.0,0.00604,100.0,3.5353537478826516
,,,,,,13806.0,0.0,0.00604,100.0,3.530652726353627
,,,,,,13807.0,0.0,0.00604,100.0,3.5173236251523705
,,,,,,13808.0,0.0,0.00604,100.0,3.547128404071872
,,,,,,13809.0,0.0,0.00604,100.0,3.529347214849732
,,,,,,13810.0,0.0,0.00604,100.0,3.5195932379673516
,,,,,,13811.0,0.0,0.00604,100.0,3.5288394112273864
,,,,,,13811.0,0.0,0.00604,100.0,3.527068143239719
,,,,,,13812.0,0.0,0.00604,100.0,3.5470802893155122
,,,,,,13813.0,0.0,0.00604,100.0,3.5311149867454374
,,,,,,13814.0,0.0,0.00604,100.0,3.5392023025396657
,,,,,,13815.0,0.0,0.00604,100.0,3.542906536577334
,,,,,,13816.0,0.0,0.00604,100.0,3.5418698342298716
,,,,,,13817.0,0.0,0.00604,100.0,3.5394016286075116
,,,,,,13818.0,0.0,0.00604,100.0,3.5133738158609584
,,,,,,13819.0,0.0,0.00604,100.0,3.5431150209036573
,,,,,,13820.0,0.0,0.00604,100.0,3.5434198018059755
,,,,,,13821.0,0.0,0.00604,100.0,3.5397952801715653
,,,,,,13822.0,0.0,0.00604,100.0,3.5286499880831745
,,,,,,13823.0,0.0,0.00604,100.0,3.53066639029975
,,,,,,13824.0,0.0,0.00604,100.0,3.538172437982719
,,,,,,13825.0,0.0,0.00604,100.0,3.525898287031801
,,,,,,13826.0,0.0,0.00604,100.0,3.5371538177988278
,,,,,,13827.0,0.0,0.00604,100.0,3.539935447773254
,,,,,,13828.0,0.0,0.00604,100.0,3.5384061916494853
,,,,,,13828.0,0.0,0.00604,100.0,3.538391680684987
,,,,,,,,,,
,,,,,,13828.0,-0.67522,0.0,0.0,3.4989199477815305
,,,,,,13829.0,-0.67708,0.00021,2.1095,3.515664511870994
,,,,,,13830.0,-0.67336,0.00041,4.2137,3.523745141746108
,,,,,,13831.0,-0.6715,0.0006,6.165,3.50329196589827
,,,,,,13832.0,-0.67894,0.00078,7.9422,3.4964615889794555
,,,,,,13833.0,-0.67522,0.00098,10.0517,3.509834848261487
,,,,,,13834.0,-0.67336,0.00116,11.8817,3.5033219624836716
,,,,,,13835.0,-0.67522,0.00136,13.9226,3.525258086834884
,,,,,,13836.0,-0.6715,0.00156,15.953,3.517556180675815
,,,,,,13837.0,-0.67522,0.00176,17.9833,3.515141355498018
,,,,,,13838.0,-0.67894,0.00196,19.9926,3.49166038633381
,,,,,,13839.0,-0.67336,0.00213,21.7751,3.4976941510875124
,,,,,,13840.0,-0.67522,0.00233,23.8055,3.4952084839010418
,,,,,,13841.0,-0.67894,0.00253,25.8359,3.5031932129627057
,,,,,,13842.0,-0.6715,0.00273,27.8663,3.497498219506834
,,,,,,13843.0,-0.67522,0.00294,30.0285,3.506784372384854
,,,,,,13844.0,-0.67522,0.00314,32.0114,3.5185129724388675
,,,,,,13845.0,-0.67336,0.00331,33.7939,3.510486147315007
,,,,,,13846.0,-0.6715,0.00351,35.8243,3.50559607058418
,,,,,,13847.0,-0.6808,0.00371,37.8547,3.493694331007541
,,,,,,13848.0,-0.67336,0.00391,39.885,3.496273263067461
,,,,,,13849.0,-0.67522,0.00411,41.9101,3.4944255739060854
,,,,,,13851.0,-0.67522,0.0043,43.9352,3.495413532608901
,,,,,,13852.0,-0.66964,0.0045,45.9498,3.503364879435993
,,,,,,13853.0,-0.67522,0.0047,47.9538,3.5142173694872105
,,,,,,13854.0,-0.67336,0.00488,49.8523,3.510413677007632
,,,,,,13855.0,-0.67522,0.0051,52.0146,3.478626976684608
,,,,,,13856.0,-0.67522,0.00524,53.5228,3.4915755177854613
,,,,,,13856.0,-1.35231,0.00524,53.5228,3.4798054875399584
,,,,,,13857.0,-1.35045,0.00565,57.6996,3.4693075467977406
,,,,,,13858.0,-1.35045,0.00601,61.3016,3.485141894100501
,,,,,,13859.0,-1.35231,0.0064,65.3676,3.484481758798719
,,,,,,13860.0,-1.35231,0.0068,69.4283,3.4754809460500202
,,,,,,13861.0,-1.35045,0.00719,73.3731,3.483781373401574
,,,,,,13862.0,-1.35045,0.0076,77.5868,3.469394395645432
,,,,,,13863.0,-1.35231,0.00798,81.4577,3.4584255793833933
,,,,,,13864.0,-1.34859,0.00833,85.0174,3.469664452833578
,,,,,,13865.0,-1.35045,0.00873,89.0782,3.473130538863988
,,,,,,13866.0,-1.35231,0.00913,93.1389,3.469614679886365
,,,,,,13867.0,-1.35231,0.00952,97.2049,3.475672228100019
,,,,,,13868.0,-1.35045,0.0098,100.0,3.471138523720077
,,,,,,13868.0,-1.35045,0.0098,100.0,3.469618547628719
,,,,,,,,,,
,,,,,,13868.0,0.66964,0.0,0.0,3.5639437450875597
,,,,,,13869.0,0.66964,0.00018,11.8567,3.5333365632619866
,,,,,,13870.0,0.6715,0.00039,26.5299,3.5480170020651283
,,,,,,13871.0,0.66964,0.00058,39.1516,3.5714901608528367
,,,,,,13872.0,0.66964,0.00078,52.4339,3.5670372680053593
,,,,,,13873.0,0.66964,0.00097,65.5772,3.5672540924314555
,,,,,,13874.0,0.66964,0.00115,77.1905,3.5414853740428796
,,,,,,13875.0,0.6715,0.00134,90.4729,3.5512699334397233
,,,,,,13876.0,0.66964,0.00149,100.0,3.556539945953154
,,,,,,13876.0,0.0,0.00149,100.0,3.546455737870779
,,,,,,13877.0,0.0,0.00149,100.0,3.534415808674363
,,,,,,13878.0,0.0,0.00149,100.0,3.542413662509699
,,,,,,13879.0,0.0,0.00149,100.0,3.530996169684546
,,,,,,13880.0,0.0,0.00149,100.0,3.5119687883255137
,,,,,,13881.0,0.0,0.00149,100.0,3.5422922107441934
,,,,,,13882.0,0.0,0.00149,100.0,3.5490515411641264
,,,,,,13883.0,0.0,0.00149,100.0,3.527245151527444
,,,,,,13884.0,0.0,0.00149,100.0,3.5339281418633397
,,,,,,13885.0,0.0,0.00149,100.0,3.5374833725140147
,,,,,,13886.0,0.0,0.00149,100.0,3.5327572120223603
,,,,,,13887.0,0.0,0.00149,100.0,3.529584297347729
,,,,,,13888.0,0.0,0.00149,100.0,3.540046425559389
,,,,,,13889.0,0.0,0.00149,100.0,3.528185956412616
,,,,,,13890.0,0.0,0.00149,100.0,3.5294301270994572
,,,,,,13891.0,0.0,0.00149,100.0,3.5354494105095777
,,,,,,13892.0,0.0,0.00149,100.0,3.525073606886319
,,,,,,13892.0,0.0,0.00149,100.0,3.5152289936643104
,,,,,,,,,,
,,,,,,13892.0,-0.6715,0.0,0.0,3.5145144421493213
,,,,,,13893.0,-0.6715,0.0002,0.9631,3.512907477640192
,,,,,,13894.0,-0.67336,0.00039,1.8914,3.518854672088359
,,,,,,13895.0,-0.6715,0.00058,2.7651,3.498453881355167
,,,,,,13896.0,-0.67336,0.00078,3.7629,3.512953960365697
,,,,,,13897.0,-0.67894,0.00096,4.5994,3.499860220442178
,,,,,,13898.0,-0.6715,0.00116,5.555,3.5076888333539054
,,,,,,13899.0,-0.67894,0.00136,6.5106,3.514000781514451
,,,,,,13900.0,-0.67708,0.00155,7.4538,3.4994020606788525
,,,,,,13901.0,-0.67522,0.00175,8.3995,3.5117670645973886
,,,,,,13902.0,-0.67522,0.00195,9.3725,3.5134013701681663
,,,,,,13903.0,-0.67708,0.00213,10.2264,3.5189379037518083
,,,,,,13904.0,-0.67336,0.00233,11.1745,3.4941951311970723
,,,,,,13905.0,-0.67708,0.00252,12.1277,3.501502978522498
,,,,,,13906.0,-0.67522,0.00273,13.1305,3.5123629454814456
,,,,,,13907.0,-0.67336,0.0029,13.9496,3.515902155522409
,,,,,,13908.0,-0.66964,0.0031,14.8977,3.4925036070542554
,,,,,,13909.0,-0.66778,0.0033,15.8509,3.501247057039242
,,,,,,13911.0,-0.67708,0.00352,16.9058,3.506245563395476
,,,,,,13912.0,-0.66778,0.00371,17.8316,3.504449818296801
,,,,,,13913.0,-0.67708,0.00391,18.7872,3.4932928618007506
,,,,,,13914.0,-0.67336,0.00411,19.7329,3.516888170263757
,,,,,,13915.0,-0.67522,0.00428,20.5694,3.5101042746204665
,,,,,,13916.0,-0.67708,0.00451,21.6789,3.4990530756870974
,,,,,,13917.0,-0.67708,0.00471,22.6147,3.5032210308890988
,,,,,,13918.0,-0.67336,0.00491,23.5976,3.4975451118474505
,,,,,,13920.0,-0.67522,0.00523,25.1241,3.4873179029782784
,,,,,,13921.0,-0.67336,0.00542,26.0177,3.5047561378034695
,,,,,,13922.0,-0.6715,0.00561,26.9708,3.49643474471444
,,,,,,13923.0,-0.67522,0.00581,27.9239,3.5100058080476226
,,,,,,13924.0,-0.67708,0.00601,28.892,3.5054021588699475
,,,,,,13925.0,-0.67336,0.00621,29.8476,3.4911181923311885
,,,,,,13926.0,-0.67708,0.00639,30.7114,3.498343158787023
,,,,,,13927.0,-0.67336,0.0066,31.7017,3.498959017960655
,,,,,,13928.0,-0.67522,0.0068,32.6574,3.4878716132914147
,,,,,,13929.0,-0.67336,0.007,33.6105,3.5162772274816696
,,,,,,13930.0,-0.67708,0.0072,34.5661,3.4987316007467815
,,,,,,13931.0,-0.67894,0.0074,35.5242,3.5125115829067943
,,,,,,13932.0,-0.6715,0.00759,36.46,3.508186384635783
,,,,,,13933.0,-0.67522,0.00776,37.2965,3.498935817261992
,,,,,,13934.0,-0.67522,0.00796,38.2521,3.507663684624078
,,,,,,13935.0,-0.67522,0.00816,39.2052,3.5093917512693382
,,,,,,13936.0,-0.67336,0.00836,40.1608,3.503744428919566
,,,,,,13937.0,-0.67708,0.00856,41.114,3.5082729028072857
,,,,,,13938.0,-0.67522,0.00876,42.0671,3.501095389907015
,,,,,,13939.0,-0.67522,0.00895,42.9756,3.4816339552551216
,,,,,,13940.0,-0.67522,0.00914,43.9064,3.4787519481864755
,,,,,,13941.0,-0.67522,0.00931,44.7429,3.484494826109313
,,,,,,13943.0,-0.67336,0.00952,45.7407,3.4951828060817287
,,,,,,13944.0,-0.67336,0.00972,46.6963,3.4851942915128777
,,,,,,13945.0,-0.66964,0.00992,47.6519,3.509421356802351
,,,,,,13946.0,-0.6715,0.01012,48.5976,3.507112786605479
,,,,,,13947.0,-0.67522,0.0103,49.4713,3.488678837438951
,,,,,,13948.0,-0.67336,0.0105,50.4617,3.4978201746323454
,,,,,,13949.0,-0.67708,0.01069,51.3329,3.499224500956265
,,,,,,13950.0,-0.67894,0.01088,52.2885,3.494866799091429
,,,,,,13951.0,-0.67708,0.01108,53.2441,3.4913787564248735
,,,,,,13952.0,-0.67708,0.01128,54.1998,3.4913777681287215
,,,,,,13953.0,-0.67894,0.01148,55.1579,3.4863450554225013
,,,,,,13954.0,-0.67336,0.01168,56.111,3.488364360505986
,,,,,,13955.0,-0.67336,0.01188,57.0666,3.4989370688471997
,,,,,,13956.0,-0.6715,0.01207,57.9751,3.4969393845661143
,,,,,,13957.0,-0.67522,0.01225,58.8289,3.4988477119454355
,,,,,,13958.0,-0.67336,0.01246,59.8565,3.5092564570976235
,,,,,,13959.0,-0.67894,0.01265,60.7501,3.488521279325659
,,,,,,13960.0,-0.67708,0.01284,61.7032,3.495865794508901
,,,,,,13961.0,-0.6715,0.01304,62.6564,3.4934784216439376
,,,,,,13962.0,-0.67708,0.01324,63.6021,3.484873921498224
,,,,,,13963.0,-0.67708,0.01344,64.5577,3.488111413929492
,,,,,,13964.0,-0.67336,0.01364,65.5108,3.4862123918678822
,,,,,,13966.0,-0.67336,0.01384,66.464,3.481528230978196
,,,,,,13967.0,-0.67522,0.01403,67.3749,3.5114290423238717
,,,,,,13968.0,-0.67708,0.01421,68.2486,3.493056937064797
,,,,,,13969.0,-0.67336,0.01442,69.2539,3.5081116678357023
,,,,,,13970.0,-0.67336,0.0146,70.145,3.4957611702975577
,,,,,,13971.0,-0.67522,0.0148,71.0981,3.49897569082185
,,,,,,13972.0,-0.6715,0.015,72.0438,3.4751563858003895
,,,,,,13973.0,-0.67336,0.0152,73.0069,3.4992001968918744
,,,,,,13974.0,-0.67336,0.01539,73.9525,3.4960845932390785
,,,,,,13975.0,-0.67336,0.01559,74.9057,3.4924574091945124
,,,,,,13976.0,-0.67522,0.01578,75.8265,3.508297549586468
,,,,,,13977.0,-0.67522,0.01598,76.7474,3.487500966970376
,,,,,,13978.0,-0.67708,0.01617,77.6906,3.496052004206334
,,,,,,13979.0,-0.67336,0.01632,78.4129,3.484249369710084
,,,,,,13979.0,-1.35045,0.01632,78.4129,3.4826583464711467
,,,,,,13980.0,-1.35231,0.01668,80.1256,3.4645302110611538
,,,,,,13981.0,-1.35231,0.0171,82.1262,3.455524964111426
,,,,,,13982.0,-1.35045,0.01749,84.0374,3.455702128399088
,,,,,,13983.0,-1.35045,0.01786,85.8047,3.470139038645206
,,,,,,13984.0,-1.35231,0.01827,87.7705,3.4847754374115736
,,,,,,13985.0,-1.35417,0.01865,89.6098,3.4638633501100338
,,,,,,13986.0,-1.35231,0.01905,91.5061,3.4681825771439407
,,,,,,13987.0,-1.35045,0.01942,93.2933,3.4695428599319387
,,,,,,13988.0,-1.35045,0.01983,95.2393,3.460828919237418
,,,,,,13989.0,-1.35045,0.02022,97.1505,3.46786724435817
,,,,,,13990.0,-1.35231,0.02062,99.0444,3.473295701656965
,,,,,,13991.0,-1.35045,0.02082,100.0,3.450625643470922
,,,,,,13991.0,-1.35045,0.02082,100.0,3.44203451474056
,,,,,,,,,,
,,,,,,13991.0,0.6715,0.0,0.0,3.539794100393011
,,,,,,13992.0,0.66964,0.0002,13.0554,3.529902100852653
,,,,,,13993.0,0.66778,0.0004,26.1791,3.547064832937972
,,,,,,13994.0,0.66778,0.00058,38.1066,3.5460918385492795
,,,,,,13995.0,0.66964,0.00077,51.162,3.563235777401903
,,,,,,13996.0,0.66964,0.00097,64.4566,3.5612622093956166
,,,,,,13997.0,0.6715,0.00115,75.8715,3.562844734248113
,,,,,,13998.0,0.66778,0.00136,89.6787,3.5493822208286185
,,,,,,13999.0,0.6715,0.00151,100.0,3.533787625376327
,,,,,,13999.0,0.0,0.00151,100.0,3.5405907677586117
,,,,,,14000.0,0.0,0.00151,100.0,3.5258245888318367
,,,,,,14001.0,0.0,0.00151,100.0,3.5144299144694364
,,,,,,14002.0,0.0,0.00151,100.0,3.531144569882861
,,,,,,14003.0,0.0,0.00151,100.0,3.5132148504748133
,,,,,,14004.0,0.0,0.00151,100.0,3.512241433486253
,,,,,,14005.0,0.0,0.00151,100.0,3.5361390633365724
,,,,,,14006.0,0.0,0.00151,100.0,3.52370855720544
,,,,,,14007.0,0.0,0.00151,100.0,3.521969305056951
,,,,,,14008.0,0.0,0.00151,100.0,3.5194486580273896
,,,,,,14009.0,0.0,0.00151,100.0,3.5269881658762476
,,,,,,14010.0,0.0,0.00151,100.0,3.5293275859170508
,,,,,,14011.0,0.0,0.00151,100.0,3.52937311750901
,,,,,,14013.0,0.0,0.00151,100.0,3.5381062210751733
,,,,,,14014.0,0.0,0.00151,100.0,3.511169948172294
,,,,,,14015.0,0.0,0.00151,100.0,3.5323458807020223
,,,,,,14015.0,0.0,0.00151,100.0,3.5463713643913772
,,,,,,14015.0,0.0,0.00151,100.0,3.5285703058918862
,,,,,,,,,,
,,,,,,14015.0,-0.68452,0.0,0.0,3.48802368398418
,,,,,,14016.0,-0.67336,0.0002,0.4888,3.487095914969906
,,,,,,14017.0,-0.67522,0.00039,0.9563,3.499165378884246
,,,,,,14018.0,-0.67522,0.00059,1.4363,3.5195812000668054
,,,,,,14019.0,-0.67522,0.00078,1.9062,3.518407017281492
,,,,,,14020.0,-0.67522,0.00098,2.39,3.512850998467405
,,,,,,14021.0,-0.66778,0.00118,2.8713,3.4980228209287265
,,,,,,14022.0,-0.67336,0.00138,3.3551,3.491539630075377
,,,,,,14023.0,-0.67894,0.00158,3.8389,3.493689554051284
,,,,,,14024.0,-0.6715,0.00178,4.3176,3.4959244341910005
,,,,,,14025.0,-0.67708,0.00197,4.7976,3.473049263319135
,,,,,,14027.0,-0.67336,0.00217,5.2739,3.4947076080880954
,,,,,,14028.0,-0.67708,0.00234,5.6986,3.490838693620367
,,,,,,14029.0,-0.67708,0.00255,6.1899,3.494578388091226
,,,,,,14030.0,-0.67894,0.00276,6.7064,3.531184218527191
,,,,,,14031.0,-0.67336,0.00294,7.1386,3.5018076732291377
,,,,,,14032.0,-0.6715,0.00315,7.6664,3.5026271718848485
,,,,,,14033.0,-0.67336,0.00334,8.1125,3.495872469987048
,,,,,,14034.0,-0.6715,0.00353,8.59,3.5074327034426087
,,,,,,14035.0,-0.67522,0.00373,9.0725,3.4888142512326277
,,,,,,14036.0,-0.67894,0.00394,9.5789,3.4658014109740765
,,,,,,14037.0,-0.67708,0.00413,10.0439,3.4881655701047576
,,,,,,14038.0,-0.6715,0.00434,10.5503,3.495161917757063
,,,,,,14039.0,-0.67708,0.00452,10.9838,3.4992196211247206
,,,,,,14040.0,-0.67522,0.00472,11.4676,3.4977664984989376
,,,,,,14041.0,-0.67522,0.00492,11.9689,3.4948125114412134
,,,,,,14042.0,-0.67522,0.00511,12.4339,3.4975458368132433
,,,,,,14043.0,-0.67336,0.00531,12.9177,3.50223217474858
,,,,,,14044.0,-0.67522,0.0055,13.3864,3.48932034648097
,,,,,,14045.0,-0.67708,0.00568,13.8098,3.4821388459841454
,,,,,,14046.0,-0.67522,0.00586,14.2609,3.4934503212337074
,,,,,,14047.0,-0.67522,0.00606,14.7359,3.485803502990202
,,,,,,14048.0,-0.67522,0.00626,15.2197,3.5139214569802615
,,,,,,14050.0,-0.67522,0.00652,15.848,3.4880262869310914
,,,,,,14050.0,-0.67336,0.00656,15.9611,3.486285085154344
,,,,,,14050.0,-5.40551,0.00656,15.9611,3.282301734370793
,,,,,,14051.0,-5.40551,0.00796,19.3589,3.2992590019685135
,,,,,,14052.0,-5.40923,0.00964,23.4491,3.291842182732741
,,,,,,14053.0,-5.40737,0.01114,27.1032,3.287946856880977
,,,,,,14054.0,-5.40923,0.01272,30.9383,3.2580290034318
,,,,,,14055.0,-5.40737,0.01431,34.8123,3.2666060589490202
,,,,,,14056.0,-5.40737,0.01591,38.6851,3.2702847911371613
,,,,,,14057.0,-5.40737,0.01748,42.5202,3.262314773633384
,,,,,,14058.0,-5.40737,0.01855,45.1138,3.270847034814071
,,,,,,14058.0,-3.37612,0.01855,45.1138,3.3481589980601165
,,,,,,14059.0,-3.37984,0.0195,47.4221,3.3393482629945335
,,,,,,14060.0,-3.37984,0.02058,50.0496,3.3537246371222835
,,,,,,14061.0,-3.37798,0.02157,52.4472,3.3369363319185124
,,,,,,14062.0,-3.37984,0.02256,54.8674,3.3290205796696504
,,,,,,14063.0,-3.37984,0.02356,57.2863,3.330015328754251
,,,,,,14064.0,-3.37984,0.02454,59.6838,3.334844423491804
,,,,,,14065.0,-3.37798,0.0254,61.7622,3.3614645036992057
,,,,,,14066.0,-3.37984,0.02647,64.3646,3.3314347694908957
,,,,,,14068.0,-3.37984,0.02752,66.9218,3.329418897576856
,,,,,,14069.0,-3.37984,0.02843,69.1358,3.3450411923164673
,,,,,,14070.0,-3.37798,0.02945,71.6239,3.323580778396475
,,,,,,14071.0,-3.37798,0.03045,74.0441,3.3434722836354793
,,,,,,14072.0,-3.37612,0.03144,76.463,3.330091423391547
,,,,,,14073.0,-3.37798,0.03244,78.8831,3.336386370656316
,,,,,,14074.0,-3.37984,0.03343,81.3033,3.3312681010858602
,,,,,,14075.0,-3.3817,0.03443,83.7235,3.3187798070386005
,,,,,,14076.0,-3.37984,0.03541,86.1211,3.3247845340020046
,,,,,,14077.0,-3.37984,0.03641,88.54,3.3419316341671896
,,,,,,14078.0,-3.37612,0.0374,90.9602,3.3340494559114306
,,,,,,14079.0,-3.37984,0.03839,93.3565,3.333125552633116
,,,,,,14080.0,-3.37984,0.03926,95.4801,3.3025494846565175
,,,,,,14081.0,-3.37984,0.04026,97.899,3.330534344573638
,,,,,,14082.0,-3.37798,0.04112,100.0,3.3315134794892356
,,,,,,14082.0,-3.37798,0.04112,100.0,3.327195316009025
,,,,,,,,,,
,,,,,,14082.0,1.34859,0.0,0.0,3.5276376090780968
,,,,,,14083.0,1.34115,0.00044,14.3537,3.516755429636532
,,,,,,14084.0,1.34301,0.00081,26.6327,3.5397397240869646
,,,,,,14085.0,1.34673,0.00117,38.5544,3.517705186737687
,,,,,,14086.0,1.34487,0.00156,51.3605,3.5465379036195595
,,,,,,14087.0,1.34487,0.00196,64.3708,3.540440945898039
,,,,,,14088.0,1.34487,0.00235,77.398,3.5546733723123203
,,,,,,14089.0,1.34301,0.00275,90.4252,3.555551361887794
,,,,,,14090.0,1.34487,0.00304,100.0,3.568358149527645
,,,,,,14090.0,1.34487,0.00304,100.0,3.557373994764546
,,,,,,,,,,
,,,,,,14090.0,-1.35231,0.0,0.0,3.43425283618101
,,,,,,14091.0,-1.35231,0.00041,3.373,3.4478657595087654
,,,,,,14092.0,-1.35231,0.00078,6.4968,3.430794450034394
,,,,,,14093.0,-1.35231,0.00114,9.4917,3.434964656853116
,,,,,,14094.0,-1.35045,0.00154,12.7702,3.417713014284248
,,,,,,14095.0,-1.35231,0.00193,16.0787,3.421911036397458
,,,,,,14096.0,-1.35045,0.00233,19.3873,3.4231142129397334
,,,,,,14097.0,-1.35045,0.00273,22.7001,3.4317046041540897
,,,,,,14098.0,-1.35231,0.00313,26.0388,3.4414396772949756
,,,,,,14099.0,-1.35231,0.00349,29.0036,3.4015996534245714
,,,,,,14101.0,-1.35417,0.00391,32.5012,3.4326644527879746
,,,,,,14102.0,-1.35045,0.0043,35.7453,3.429970131944635
,,,,,,14103.0,-1.35045,0.00467,38.8691,3.4509001605090894
,,,,,,14104.0,-1.35045,0.00507,42.1433,3.4253403256675607
,,,,,,14105.0,-1.35231,0.00542,45.0436,3.414166717626698
,,,,,,14106.0,-1.35045,0.00581,48.3522,3.442119942683445
,,,,,,14107.0,-1.35231,0.00623,51.8197,3.436781521105552
,,,,,,14108.0,-1.35231,0.00661,55.0037,3.4339118054295508
,,,,,,14109.0,-1.35045,0.00698,58.0372,3.431091424035824
,,,,,,14110.0,-1.35045,0.00738,61.3458,3.438286971744192
,,,,,,14111.0,-1.35045,0.00777,64.65,3.419000357427951
,,,,,,14112.0,-1.35045,0.00817,67.9629,3.446610018339631
,,,,,,14113.0,-1.35231,0.00857,71.2714,3.424210816266771
,,,,,,14114.0,-1.35045,0.00896,74.5456,3.4332568209149414
,,,,,,14115.0,-1.35045,0.00936,77.8585,3.434148707385926
,,,,,,14116.0,-1.35045,0.00973,80.9479,3.4235905602661174
,,,,,,14117.0,-1.35417,0.01015,84.4154,3.424302852824897
,,,,,,14118.0,-1.35417,0.01055,87.6982,3.4316723405096035
,,,,,,14119.0,-1.35045,0.01091,90.7575,3.4199051515104606
,,,,,,14120.0,-1.35231,0.01133,94.2251,3.4268731667409282
,,,,,,14121.0,-1.35231,0.01173,97.5336,3.4181673125713745
,,,,,,14122.0,-1.35231,0.01203,100.0,3.427676950653387
,,,,,,14122.0,-1.35231,0.01203,100.0,3.439308784443301
,,,,,,,,,,
,,,,,,14122.0,2.70089,0.0,0.0,3.5970497090915323
,,,,,,14123.0,2.70089,0.00086,14.2415,3.60654080468885
,,,,,,14124.0,2.70089,0.00164,27.347,3.6340908260895866
,,,,,,14125.0,2.69903,0.00235,39.2135,3.6063351782204056
,,,,,,14126.0,2.70089,0.00315,52.4482,3.6171508241513117
,,,,,,14127.0,2.69717,0.00398,66.2938,3.62845320642665
,,,,,,14129.0,2.69717,0.00478,79.5284,3.617709613262464
,,,,,,14130.0,2.69903,0.00557,92.7545,3.63337210605874
,,,,,,14130.0,2.69903,0.006,100.0,3.623493111827444
,,,,,,14130.0,0.0,0.006,100.0,3.5247415211863182
,,,,,,14131.0,0.0,0.006,100.0,3.530671814130568
,,,,,,14132.0,0.0,0.006,100.0,3.5054780751772303
,,,,,,14133.0,0.0,0.006,100.0,3.502360827082389
,,,,,,14134.0,0.0,0.006,100.0,3.517906458113629
,,,,,,14135.0,0.0,0.006,100.0,3.501588448688181
,,,,,,14136.0,0.0,0.006,100.0,3.5067579990867075
,,,,,,14137.0,0.0,0.006,100.0,3.5190470291101135
,,,,,,14138.0,0.0,0.006,100.0,3.535849838679444
,,,,,,14139.0,0.0,0.006,100.0,3.5178549049982926
,,,,,,14140.0,0.0,0.006,100.0,3.4925536796555594
,,,,,,14142.0,0.0,0.006,100.0,3.5232380794859575
,,,,,,14143.0,0.0,0.006,100.0,3.5246717434093635
,,,,,,14144.0,0.0,0.006,100.0,3.514130580499349
,,,,,,14145.0,0.0,0.006,100.0,3.4894060805646285
,,,,,,14146.0,0.0,0.006,100.0,3.5068386128690707
,,,,,,14147.0,0.0,0.006,100.0,3.5154082461342235
,,,,,,14148.0,0.0,0.006,100.0,3.518686911834032
,,,,,,14149.0,0.0,0.006,100.0,3.510624529017202
,,,,,,14150.0,0.0,0.006,100.0,3.5108451580145115
,,,,,,14151.0,0.0,0.006,100.0,3.5180544376899148
,,,,,,14152.0,0.0,0.006,100.0,3.5390521903161374
,,,,,,14153.0,0.0,0.006,100.0,3.518103961718413
,,,,,,14154.0,0.0,0.006,100.0,3.516850271522576
,,,,,,14155.0,0.0,0.006,100.0,3.5106455130804872
,,,,,,14156.0,0.0,0.006,100.0,3.5100036129353835
,,,,,,14157.0,0.0,0.006,100.0,3.507280939934527
,,,,,,14158.0,0.0,0.006,100.0,3.5112923513468877
,,,,,,14159.0,0.0,0.006,100.0,3.516782898894449
,,,,,,14160.0,0.0,0.006,100.0,3.523453972829528
,,,,,,14161.0,0.0,0.006,100.0,3.514679597966412
,,,,,,14162.0,0.0,0.006,100.0,3.5071923208006717
,,,,,,14163.0,0.0,0.006,100.0,3.4997973133866878
,,,,,,14164.0,0.0,0.006,100.0,3.5130122975314464
,,,,,,14165.0,0.0,0.006,100.0,3.51073320025366
,,,,,,14167.0,0.0,0.006,100.0,3.5345620519507674
,,,,,,14168.0,0.0,0.006,100.0,3.4992487152076066
,,,,,,14169.0,0.0,0.006,100.0,3.504256313825024
,,,,,,14170.0,0.0,0.006,100.0,3.5133015567257275
,,,,,,14171.0,0.0,0.006,100.0,3.522235658543589
,,,,,,14172.0,0.0,0.006,100.0,3.508984993013111
,,,,,,14173.0,0.0,0.006,100.0,3.5237476805355725
,,,,,,14174.0,0.0,0.006,100.0,3.5235636073248155
,,,,,,14175.0,0.0,0.006,100.0,3.5141116887571364
,,,,,,14176.0,0.0,0.006,100.0,3.505075114839001
,,,,,,14177.0,0.0,0.006,100.0,3.5268548825789545
,,,,,,14178.0,0.0,0.006,100.0,3.528729070140863
,,,,,,14179.0,0.0,0.006,100.0,3.509030157283326
,,,,,,14180.0,0.0,0.006,100.0,3.5145083908047505
,,,,,,14181.0,0.0,0.006,100.0,3.5114186284737836
,,,,,,14182.0,0.0,0.006,100.0,3.5114555324620875
,,,,,,14183.0,0.0,0.006,100.0,3.5272834331517027
,,,,,,14184.0,0.0,0.006,100.0,3.517182177794625
,,,,,,14185.0,0.0,0.006,100.0,3.5101413562503385
,,,,,,14185.0,0.0,0.006,100.0,3.5275411451070195
,,,,,,,,,,
,,,,,,14185.0,-0.67894,0.0,0.0,3.49682816939533
,,,,,,14186.0,-0.6715,0.0002,2.0654,3.4828560203065506
,,,,,,14187.0,-0.67708,0.0004,4.1361,3.4763875751041167
,,,,,,14188.0,-0.67522,0.0006,6.1539,3.4849137774383934
,,,,,,14189.0,-0.67522,0.0008,8.1823,3.489080204379016
,,,,,,14190.0,-0.67336,0.001,10.216,3.49530134934975
,,,,,,14191.0,-0.6715,0.00117,11.9592,3.49465997056928
,,,,,,14192.0,-0.67336,0.00137,14.0457,3.4881712325060596
,,,,,,14193.0,-0.67336,0.00157,16.0372,3.49057198297345
,,,,,,14195.0,-0.67522,0.00177,18.0656,3.4863816908511738
,,,,,,14196.0,-0.67336,0.00196,20.0623,3.4895674657131583
,,,,,,14197.0,-0.67894,0.00216,22.0696,3.4860486210329866
,,,,,,14198.0,-0.67336,0.00233,23.8603,3.481738453654361
,,,,,,14199.0,-0.67336,0.00253,25.8835,3.489481644603776
,,,,,,14200.0,-0.67336,0.00273,27.9066,3.4957732763735074
,,,,,,14201.0,-0.67522,0.00293,29.9192,3.4906520792496303
,,,,,,14202.0,-0.67708,0.00311,31.7997,3.4727988792327404
,,,,,,14203.0,-0.67708,0.00331,33.7911,3.486460165505393
,,,,,,14204.0,-0.67894,0.0035,35.7614,3.484862590030627
,,,,,,14205.0,-0.67336,0.00371,37.9219,3.473511928659475
,,,,,,14206.0,-0.67894,0.00389,39.7232,3.4926838629627026
,,,,,,14207.0,-0.66964,0.00408,41.7516,3.484103115436774
,,,,,,14208.0,-0.67336,0.00428,43.7589,3.5005613511986113
,,,,,,14209.0,-0.67522,0.00448,45.7873,3.497436879632897
,,,,,,14210.0,-0.67708,0.00468,47.8422,3.4683985210501636
,,,,,,14211.0,-0.67522,0.00486,49.6804,3.491106115443065
,,,,,,14212.0,-0.67708,0.00507,51.8673,3.4717448699837288
,,,,,,14213.0,-0.67522,0.00525,53.7108,3.472002156515625
,,,,,,14213.0,-1.35045,0.00525,53.7108,3.4413402503986656
,,,,,,14214.0,-1.35045,0.00565,57.7782,3.453425748941454
,,,,,,14215.0,-1.35231,0.00608,62.1203,3.460768089742717
,,,,,,14216.0,-1.35231,0.00644,65.8391,3.444526201554643
,,,,,,14217.0,-1.35045,0.00684,69.9065,3.4583375652214308
,,,,,,14218.0,-1.35045,0.00724,74.0162,3.431787182212753
,,,,,,14219.0,-1.35231,0.00762,77.8934,3.445690645706247
,,,,,,14221.0,-1.35231,0.00802,81.9661,3.4395215926774654
,,,,,,14222.0,-1.35231,0.00839,85.7641,3.4392179624828567
,,,,,,14223.0,-1.35231,0.00879,89.8315,3.443531087214022
,,,,,,14224.0,-1.35231,0.00918,93.8989,3.456901284841218
,,,,,,14225.0,-1.35231,0.00958,97.9663,3.44499726091783
,,,,,,14225.0,-1.35045,0.00978,100.0,3.4337102418709238
,,,,,,14225.0,-1.35045,0.00978,100.0,3.4619167494856873
,,,,,,,,,,
,,,,,,14225.0,0.66778,0.0,0.0,3.538783980846767
,,,,,,14226.0,0.6715,0.0002,13.3449,3.5321147402924904
,,,,,,14227.0,0.66778,0.0004,26.6898,3.5320213977290567
,,,,,,14228.0,0.66964,0.00059,39.792,3.546923625687144
,,,,,,14229.0,0.66964,0.00078,52.1317,3.5475831598000287
,,,,,,14231.0,0.66964,0.00097,65.3726,3.5298055408790563
,,,,,,14232.0,0.66778,0.00117,78.5789,3.5252340288355635
,,,,,,14233.0,0.66778,0.00137,91.6464,3.5536895761532077
,,,,,,14233.0,0.6715,0.00149,100.0,3.5344744427260038
,,,,,,14233.0,0.0,0.00149,100.0,3.4975988538166103
,,,,,,14234.0,0.0,0.00149,100.0,3.496151314740781
,,,,,,14235.0,0.0,0.00149,100.0,3.512255575391196
,,,,,,14236.0,0.0,0.00149,100.0,3.4771468937148198
,,,,,,14238.0,0.0,0.00149,100.0,3.5306429349304747
,,,,,,14239.0,0.0,0.00149,100.0,3.503005838515644
,,,,,,14240.0,0.0,0.00149,100.0,3.5303891782092016
,,,,,,14241.0,0.0,0.00149,100.0,3.5157444846684522
,,,,,,14242.0,0.0,0.00149,100.0,3.5245190828363966
,,,,,,14243.0,0.0,0.00149,100.0,3.530063955441725
,,,,,,14244.0,0.0,0.00149,100.0,3.516479341886401
,,,,,,14245.0,0.0,0.00149,100.0,3.5129334880782075
,,,,,,14246.0,0.0,0.00149,100.0,3.500429464576647
,,,,,,14247.0,0.0,0.00149,100.0,3.524650066698771
,,,,,,14248.0,0.0,0.00149,100.0,3.4959377959751228
,,,,,,14249.0,0.0,0.00149,100.0,3.5407269581712875
,,,,,,14249.0,0.0,0.00149,100.0,3.5108622776707783
,,,,,,14249.0,0.0,0.00149,100.0,3.5026104514944527
,,,,,,,,,,
,,,,,,14249.0,-0.6808,0.0,0.0,3.486835445860797
,,,,,,14250.0,-0.67336,0.00018,0.8633,3.500812008744759
,,,,,,14251.0,-0.67708,0.00039,1.8631,3.470424682211776
,,,,,,14252.0,-0.67336,0.00057,2.7438,3.4815393706840694
,,,,,,14253.0,-0.67336,0.00076,3.6716,3.4846370723040394
,,,,,,14255.0,-0.67894,0.00096,4.6243,3.477756353708357
,,,,,,14256.0,-0.67522,0.00116,5.5794,3.4827116100569606
,,,,,,14257.0,-0.67336,0.00136,6.532,3.473768256158482
,,,,,,14258.0,-0.67336,0.00159,7.6112,3.470338636932094
,,,,,,14259.0,-0.67522,0.00178,8.549,3.482252622825953
,,,,,,14260.0,-0.67336,0.00198,9.5041,3.4888865766267836
,,,,,,14261.0,-0.67708,0.00216,10.3947,3.4714909461120618
,,,,,,14262.0,-0.67522,0.00237,11.3994,3.4743627445914393
,,,,,,14263.0,-0.67522,0.00257,12.3521,3.4809485221223406
,,,,,,14264.0,-0.67894,0.00277,13.2998,3.481791150789102
,,,,,,14265.0,-0.67336,0.00296,14.1978,3.4742131440234236
,,,,,,14266.0,-0.67336,0.00314,15.0984,3.4900018453323964
,,,,,,14267.0,-0.67894,0.00334,16.0262,3.490276939489957
,,,,,,14268.0,-0.67522,0.00353,16.9714,3.4824178481556953
,,,,,,14269.0,-0.67708,0.00373,17.9166,3.4692133205324045
,,,,,,14270.0,-0.67522,0.00393,18.8692,3.4713824532373727
,,,,,,14271.0,-0.67708,0.00413,19.8244,3.493105767104713
,,,,,,14272.0,-0.67522,0.00433,20.7671,3.4827513063930544
,,,,,,14273.0,-0.67522,0.00451,21.6577,3.4826973078548575
,,,,,,14275.0,-0.67708,0.00471,22.6054,3.475133849145857
,,,,,,14276.0,-0.67708,0.00491,23.5605,3.470054703344938
,,,,,,14277.0,-0.67336,0.0051,24.4784,3.471611686090388
,,,,,,14278.0,-0.67336,0.00529,25.3938,3.472345856147837
,,,,,,14279.0,-0.67522,0.00546,26.2324,3.482158088499845
,,,,,,14280.0,-0.67336,0.00566,27.1875,3.4909225425428634
,,,,,,14281.0,-0.67522,0.00586,28.1426,3.485986557888984
,,,,,,14282.0,-0.6715,0.00606,29.0952,3.479128282816537
,,,,,,14283.0,-0.67336,0.00626,30.0504,3.4759403056532014
,,,,,,14284.0,-0.67522,0.00646,31.003,3.467744986457014
,,,,,,14285.0,-0.67522,0.00665,31.9308,3.4830019695738113
,,,,,,14286.0,-0.67522,0.00683,32.7768,3.460956508024055
,,,,,,14287.0,-0.67522,0.00702,33.722,3.458623384507898
,,,,,,14288.0,-0.67336,0.00722,34.6746,3.468042497380716
,,,,,,14289.0,-0.67522,0.00742,35.6273,3.479846709086149
,,,,,,14290.0,-0.67336,0.00763,36.6469,3.4841073490083634
,,,,,,14291.0,-0.67708,0.00782,37.5301,3.476184850543741
,,,,,,14292.0,-0.6715,0.00801,38.4802,3.478008301037499
,,,,,,14293.0,-0.67522,0.00821,39.4354,3.4995659867634683
,,,,,,14294.0,-0.67708,0.00841,40.3806,3.4825543560536527
,,,,,,14295.0,-0.67708,0.00859,41.2216,3.4608878585357896
,,,,,,14296.0,-0.6715,0.00878,42.1767,3.4615288476313224
,,,,,,14297.0,-0.6715,0.00902,43.3079,3.469203727287854
,,,,,,14299.0,-0.67522,0.00924,44.3449,3.4599311609633943
,,,,,,14300.0,-0.67522,0.00941,45.1983,3.477122604274591
,,,,,,14301.0,-0.67522,0.00961,46.1609,3.46724287782088
,,,,,,14302.0,-0.67708,0.0098,47.0615,3.4759883551044437
,,,,,,14303.0,-0.6808,0.00998,47.8975,3.4674343976406767
,,,,,,14304.0,-0.67522,0.01017,48.8526,3.47940670105129
,,,,,,14305.0,-0.6715,0.01037,49.8053,3.471335292316201
,,,,,,14306.0,-0.6715,0.01055,50.6686,3.473566997151537
,,,,,,14307.0,-0.67336,0.01075,51.6311,3.456793638277057
,,,,,,14308.0,-0.67708,0.01094,52.5317,3.4745394528174707
,,,,,,14309.0,-0.67522,0.01112,53.3702,3.4737238181356815
,,,,,,14310.0,-0.67336,0.01131,54.3204,3.47376569862048
,,,,,,14311.0,-0.67336,0.01151,55.273,3.4587735485792517
,,,,,,14312.0,-0.67336,0.01171,56.2281,3.4702834646467977
,,,,,,14313.0,-0.67336,0.01191,57.1833,3.486415643880806
,,,,,,14314.0,-0.67522,0.01213,58.2302,3.4719732637231027
,,,,,,14315.0,-0.67522,0.01232,59.1555,3.4754845284461093
,,,,,,14316.0,-0.67894,0.0125,60.0387,3.4745793726621796
,,,,,,14317.0,-0.67522,0.0127,60.9839,3.4546917639189028
,,,,,,14318.0,-0.67522,0.01291,61.9911,3.471996227478488
,,,,,,14319.0,-0.67708,0.01309,62.8272,3.4807590779839854
,,,,,,14320.0,-0.67336,0.01329,63.7996,3.4756362115906905
,,,,,,14321.0,-0.67336,0.01346,64.6357,3.4818029026934165
,,,,,,14322.0,-0.67522,0.01366,65.5908,3.4775071675399207
,,,,,,14323.0,-0.67522,0.01386,66.5459,3.47956326221152
,,,,,,14324.0,-0.67522,0.01406,67.4986,3.4682271543792322
,,,,,,14325.0,-0.67522,0.01424,68.3818,3.483217296965819
,,,,,,14326.0,-0.67894,0.01444,69.327,3.4634258799256536
,,,,,,14327.0,-0.67708,0.01463,70.2374,3.472448628438594
,,,,,,14328.0,-0.67522,0.01483,71.2273,3.4611258652612538
,,,,,,14329.0,-0.6715,0.01501,72.0658,3.468239724619339
,,,,,,14331.0,-0.6715,0.01521,73.016,3.4780025885459205
,,,,,,14332.0,-0.6715,0.01541,73.9711,3.4891645400511897
,,,,,,14333.0,-0.67522,0.01561,74.9708,3.473587165659811
,,,,,,14334.0,-0.67708,0.01581,75.8888,3.47135032950792
,,,,,,14335.0,-0.67522,0.01598,76.7273,3.4799698788861004
,,,,,,14336.0,-0.67708,0.01618,77.6799,3.477470080261691
,,,,,,14336.0,-0.67522,0.0163,78.2728,3.478763299630563
,,,,,,14336.0,-1.35231,0.0163,78.2728,3.4357776416378134
,,,,,,14337.0,-1.35231,0.01671,80.2228,3.4373253326100515
,,,,,,14338.0,-1.35231,0.0171,82.0983,3.4332478336128553
,,,,,,14339.0,-1.35045,0.01749,83.954,3.4154066210459195
,,,,,,14341.0,-1.35045,0.01788,85.8667,3.432887978854354
,,,,,,14342.0,-1.35231,0.01825,87.633,3.44576762432994
,,,,,,14343.0,-1.35231,0.01869,89.7591,3.4276555424708888
,,,,,,14344.0,-1.35045,0.01909,91.6693,3.4074129972874605
,,,,,,14345.0,-1.35045,0.01949,93.5622,3.4299131688537807
,,,,,,14346.0,-1.35231,0.01989,95.475,3.4366077563492703
,,,,,,14347.0,-1.35045,0.02028,97.3877,3.4333679614244117
,,,,,,14348.0,-1.35231,0.02068,99.2979,3.423202361768497
,,,,,,14348.0,-1.35231,0.02083,100.0,3.43642676307503
,,,,,,14348.0,-1.35231,0.02083,100.0,3.4219559866371254
,,,,,,,,,,
,,,,,,14348.0,0.67336,0.0,0.0,3.5379072737265735
,,,,,,14349.0,0.66964,0.00021,13.6996,3.5191523683763597
,,,,,,14351.0,0.66964,0.0004,26.5514,3.520796191845986
,,,,,,14352.0,0.66964,0.00059,38.9285,3.517141864268256
,,,,,,14353.0,0.6715,0.00077,50.2882,3.543653283188938
,,,,,,14354.0,0.6715,0.00096,63.2757,3.5166530729933103
,,,,,,14355.0,0.6715,0.00117,76.8396,3.533348079961122
,,,,,,14356.0,0.6715,0.00137,89.6914,3.5275187998328623
,,,,,,14357.0,0.66964,0.00152,100.0,3.545893226889982
,,,,,,14357.0,0.0,0.00152,100.0,3.5202416883475887
,,,,,,14358.0,0.0,0.00152,100.0,3.498132274059231
,,,,,,14359.0,0.0,0.00152,100.0,3.496824572974712
,,,,,,14360.0,0.0,0.00152,100.0,3.49542269324246
,,,,,,14361.0,0.0,0.00152,100.0,3.4889557216346083
,,,,,,14362.0,0.0,0.00152,100.0,3.5056609142134785
,,,,,,14363.0,0.0,0.00152,100.0,3.500193226998391
,,,,,,14364.0,0.0,0.00152,100.0,3.509810412161097
,,,,,,14365.0,0.0,0.00152,100.0,3.5024683334563766
,,,,,,14366.0,0.0,0.00152,100.0,3.526298736743787
,,,,,,14367.0,0.0,0.00152,100.0,3.5082135465579327
,,,,,,14368.0,0.0,0.00152,100.0,3.5225556369365147
,,,,,,14369.0,0.0,0.00152,100.0,3.5161480302202195
,,,,,,14370.0,0.0,0.00152,100.0,3.493980863488947
,,,,,,14371.0,0.0,0.00152,100.0,3.4984262850198724
,,,,,,14372.0,0.0,0.00152,100.0,3.5337578384933135
,,,,,,14373.0,0.0,0.00152,100.0,3.4991345424873224
,,,,,,14373.0,0.0,0.00152,100.0,3.515834512015567
,,,,,,,,,,
,,,,,,14373.0,-0.67894,0.0,0.0,3.4688973207718163
,,,,,,14374.0,-0.67522,0.0002,0.4958,3.463163290886708
,,,,,,14375.0,-0.6715,0.0004,0.9728,3.470142008438572
,,,,,,14376.0,-0.67336,0.00058,1.4009,3.4678415852949236
,,,,,,14377.0,-0.67522,0.00078,1.9067,3.46701962686603
,,,,,,14378.0,-0.67522,0.00098,2.39,3.477757693146276
,,,,,,14379.0,-0.67522,0.00118,2.8557,3.4612749112611416
,,,,,,14380.0,-0.67336,0.00137,3.3377,3.4648623374212177
,,,,,,14381.0,-0.67336,0.00157,3.8197,3.463004118178012
,,,,,,14382.0,-0.67522,0.00177,4.298,3.4742668676687827
,,,,,,14383.0,-0.67336,0.00195,4.726,3.481017295571995
,,,,,,14384.0,-0.6715,0.00217,5.2633,3.4718858648010107
,,,,,,14385.0,-0.67522,0.00236,5.7378,3.47464851274025
,,,,,,14386.0,-0.67522,0.00256,6.2211,3.475580143875742
,,,,,,14387.0,-0.6715,0.00275,6.6893,3.4626613512286855
,,,,,,14388.0,-0.67708,0.00294,7.1462,3.4530339309569027
,,,,,,14389.0,-0.67522,0.00314,7.6244,3.4587456235630434
,,,,,,14390.0,-0.6715,0.00333,8.0839,3.463676730684599
,,,,,,14391.0,-0.67522,0.00351,8.5295,3.4877518819855857
,,,,,,14392.0,-0.66778,0.00371,9.0215,3.46511063234197
,,,,,,14393.0,-0.67522,0.00391,9.5035,3.4514847156823096
,,,,,,14394.0,-0.67522,0.00411,9.9868,3.480538394968845
,,,,,,14395.0,-0.67708,0.00431,10.4663,3.471759944086085
,,,,,,14396.0,-0.67522,0.00448,10.8893,3.461776780199895
,,,,,,14398.0,-0.67522,0.00469,11.394,3.4761387345796892
,,,,,,14399.0,-0.67522,0.00487,11.827,3.473300079418735
,,,,,,14400.0,-0.67708,0.00509,12.3555,3.458529806025337
,,,,,,14401.0,-0.67708,0.00528,12.8388,3.4599640464722152
,,,,,,14402.0,-0.67336,0.00546,13.263,3.4808079182304446
,,,,,,14403.0,-0.67336,0.00566,13.7538,3.4612646649790366
,,,,,,14404.0,-0.67522,0.00586,14.2371,3.449574959351791
,,,,,,14405.0,-0.67894,0.00607,14.7518,3.4726522881137725
,,,,,,14406.0,-0.67708,0.00625,15.1899,3.4707488039738714
,,,,,,14407.0,-0.67336,0.00645,15.6669,3.4820361022774047
,,,,,,14408.0,-0.67522,0.00656,15.9405,3.481086581820239
,,,,,,14408.0,-5.41109,0.00656,15.9405,3.252820658226868
,,,,,,14409.0,-5.40923,0.00809,19.6648,3.2595852803747563
,,,,,,14410.0,-5.40737,0.00976,23.7156,3.2645739358810317
,,,,,,14411.0,-5.40923,0.01123,27.2918,3.2363334037876745
,,,,,,14412.0,-5.40737,0.01283,31.1605,3.238746233624889
,,,,,,14413.0,-5.40923,0.0144,34.9928,3.239962837232693
,,,,,,14414.0,-5.40923,0.0158,38.387,3.2380171760403487
,,,,,,14415.0,-5.40737,0.01739,42.2557,3.2409020369318373
,,,,,,14416.0,-5.41109,0.0186,45.1754,3.222676212118703
,,,,,,14416.0,-3.37054,0.0186,45.1754,3.320562675913619
,,,,,,14417.0,-3.37984,0.01964,47.706,3.3041386656054725
,,,,,,14418.0,-3.37984,0.02052,49.85,3.343018512848498
,,,,,,14419.0,-3.3817,0.02149,52.1986,3.3150468498535433
,,,,,,14420.0,-3.37984,0.02253,54.7304,3.2909756471671403
,,,,,,14421.0,-3.37984,0.02352,57.1481,3.3365187478511626
,,,,,,14422.0,-3.3817,0.02451,59.5431,3.312854324848503
,,,,,,14423.0,-3.38356,0.02538,61.6645,3.312157684474581
,,,,,,14424.0,-3.37798,0.02638,64.0821,3.30768414246519
,,,,,,14425.0,-3.37984,0.0274,66.5675,3.313147459943807
,,,,,,14426.0,-3.37984,0.02835,68.8722,3.295359792128579
,,,,,,14427.0,-3.37984,0.02934,71.2672,3.289688475903562
,,,,,,14428.0,-3.37798,0.03023,73.4338,3.3005719616515634
,,,,,,14429.0,-3.37984,0.03122,75.8514,3.307668891455193
,,,,,,14430.0,-3.37984,0.03222,78.269,3.289810311151272
,,,,,,14431.0,-3.37798,0.03321,80.6854,3.320078262484072
,,,,,,14432.0,-3.37612,0.03421,83.103,3.314322856593302
,,,,,,14433.0,-3.37798,0.0352,85.5194,3.3021588285559917
,,,,,,14434.0,-3.37984,0.0362,87.937,3.3144806407396428
,,,,,,14435.0,-3.3817,0.03718,90.3308,3.3042387936591178
,,,,,,14436.0,-3.3817,0.03806,92.4509,3.295379337289137
,,,,,,14437.0,-3.3817,0.03905,94.8685,3.324539166366942
,,,,,,14438.0,-3.37984,0.04005,97.2861,3.2987980050886603
,,,,,,14439.0,-3.37984,0.04104,99.7038,3.3055705863133973
,,,,,,14440.0,-3.37798,0.04116,100.0,3.2983739292475733
,,,,,,14440.0,-3.37798,0.04116,100.0,3.313393261451374
,,,,,,,,,,
,,,,,,14440.0,1.34859,0.0,0.0,3.496944524805088
,,,,,,14441.0,1.34859,0.00038,12.8448,3.5095633617947204
,,,,,,14442.0,1.34673,0.00083,27.5862,3.5340064810298104
,,,,,,14443.0,1.34673,0.00119,39.5862,3.516892744936911
,,,,,,14444.0,1.34859,0.00156,52.1897,3.5180484915256907
,,,,,,14445.0,1.34673,0.00196,65.431,3.529336913645248
,,,,,,14446.0,1.34487,0.00235,78.5172,3.5256346097358957
,,,,,,14447.0,1.34859,0.00275,91.7586,3.520262474268035
,,,,,,14448.0,1.34673,0.003,100.0,3.5207190377894912
,,,,,,14448.0,1.34673,0.003,100.0,3.544820446624
,,,,,,,,,,
,,,,,,14448.0,-1.35603,0.0,0.0,3.4274288087551628
,,,,,,14449.0,-1.34859,0.00038,3.1162,3.4026597967495897
,,,,,,14450.0,-1.34859,0.00079,6.5709,3.416888809788187
,,,,,,14451.0,-1.35231,0.00118,9.7771,3.42249387259033
,,,,,,14452.0,-1.35045,0.00154,12.7347,3.4016716747423135
,,,,,,14453.0,-1.35417,0.00193,16.0351,3.409432675445995
,,,,,,14454.0,-1.35231,0.00233,19.3399,3.4181992153972574
,,,,,,14455.0,-1.35045,0.00273,22.6404,3.40099261798419
,,,,,,14456.0,-1.35417,0.00313,25.9408,3.418155587309308
,,,,,,14457.0,-1.35231,0.00352,29.207,3.4162540415180245
,,,,,,14458.0,-1.35231,0.0039,32.3832,3.404916039250225
,,,,,,14459.0,-1.35045,0.00427,35.4051,3.410668368527709
,,,,,,14460.0,-1.35231,0.00466,38.6712,3.4029498300914858
,,,,,,14461.0,-1.35231,0.00507,42.036,3.3997683718503415
,,,,,,14462.0,-1.35231,0.00547,45.3365,3.392298933646299
,,,,,,14463.0,-1.35045,0.00586,48.6069,3.4053685401353713
,,,,,,14464.0,-1.35231,0.00621,51.5045,3.3953002266350683
,,,,,,14465.0,-1.35045,0.0066,54.745,3.4156758423184006
,,,,,,14466.0,-1.35045,0.00698,57.8911,3.4053075471089342
,,,,,,14467.0,-1.35231,0.00738,61.2259,3.4073569233143592
,,,,,,14468.0,-1.35231,0.00773,64.1535,3.399151417274552
,,,,,,14469.0,-1.35417,0.00813,67.4539,3.3980238152960913
,,,,,,14470.0,-1.35231,0.00853,70.7544,3.398479271548216
,,,,,,14471.0,-1.35417,0.00893,74.0592,3.406461921929197
,,,,,,14472.0,-1.35045,0.00933,77.3596,3.4085399184563254
,,,,,,14473.0,-1.35231,0.00972,80.6301,3.4078239767218412
,,,,,,14474.0,-1.34859,0.01009,83.682,3.3929696500628146
,,,,,,14476.0,-1.35231,0.0105,87.1067,3.3936685298278073
,,,,,,14477.0,-1.35231,0.0109,90.4115,3.4155846507283085
,,,,,,14478.0,-1.35045,0.01129,93.6777,3.406543563024449
,,,,,,14479.0,-1.35231,0.01166,96.6995,3.3899869045528344
,,,,,,14480.0,-1.35045,0.01205,100.0,3.3910693592057863
,,,,,,14480.0,-1.35045,0.01205,100.0,3.402523856385707
,,,,,,,,,,
,,,,,,14480.0,2.69345,0.0,0.0,3.584618916452508
,,,,,,14481.0,2.70089,0.00081,13.4981,3.585879427722079
,,,,,,14482.0,2.69903,0.00159,26.5053,3.572749078162858
,,,,,,14483.0,2.69531,0.00235,39.1248,3.5901331840545385
,,,,,,14484.0,2.69903,0.0031,51.6237,3.5845575207945912
,,,,,,14485.0,2.69903,0.00387,64.4931,3.603833350625096
,,,,,,14486.0,2.69717,0.00457,76.2512,3.6076397397203586
,,,,,,14487.0,2.69903,0.00537,89.4995,3.606275344980118
,,,,,,14488.0,2.70275,0.006,100.0,3.614955086955531
,,,,,,14488.0,0.0,0.006,100.0,3.4839139096207186
,,,,,,14489.0,0.0,0.006,100.0,3.4985167003461743
,,,,,,14490.0,0.0,0.006,100.0,3.499747732804687
,,,,,,14491.0,0.0,0.006,100.0,3.481653016589333
,,,,,,14492.0,0.0,0.006,100.0,3.4720912491946754
,,,,,,14493.0,0.0,0.006,100.0,3.480453372215127
,,,,,,14494.0,0.0,0.006,100.0,3.50021621629633
,,,,,,14495.0,0.0,0.006,100.0,3.4691876899773755
,,,,,,14496.0,0.0,0.006,100.0,3.4847875632644025
,,,,,,14497.0,0.0,0.006,100.0,3.4763571776231545
,,,,,,14498.0,0.0,0.006,100.0,3.4959606432246417
,,,,,,14499.0,0.0,0.006,100.0,3.4924071113871062
,,,,,,14500.0,0.0,0.006,100.0,3.4849719823515635
,,,,,,14501.0,0.0,0.006,100.0,3.4797844709820316
,,,,,,14502.0,0.0,0.006,100.0,3.471746254501943
,,,,,,14503.0,0.0,0.006,100.0,3.481833307727804
,,,,,,14504.0,0.0,0.006,100.0,3.4782333241120114
,,,,,,14505.0,0.0,0.006,100.0,3.4969463670494334
,,,,,,14506.0,0.0,0.006,100.0,3.495236254055846
,,,,,,14507.0,0.0,0.006,100.0,3.485889061264043
,,,,,,14509.0,0.0,0.006,100.0,3.495116711071882
,,,,,,14510.0,0.0,0.006,100.0,3.473974411647198
,,,,,,14511.0,0.0,0.006,100.0,3.4793156969410646
,,,,,,14512.0,0.0,0.006,100.0,3.4917883498307516
,,,,,,14513.0,0.0,0.006,100.0,3.485451815303258
,,,,,,14514.0,0.0,0.006,100.0,3.490805208460024
,,,,,,14515.0,0.0,0.006,100.0,3.484976239421446
,,,,,,14516.0,0.0,0.006,100.0,3.4879558785469698
,,,,,,14517.0,0.0,0.006,100.0,3.4938579249252384
,,,,,,14518.0,0.0,0.006,100.0,3.4750543132764733
,,,,,,14519.0,0.0,0.006,100.0,3.4724342246158186
,,,,,,14520.0,0.0,0.006,100.0,3.484123513133256
,,,,,,14521.0,0.0,0.006,100.0,3.4742413005973622
,,,,,,14522.0,0.0,0.006,100.0,3.462469871593098
,,,,,,14523.0,0.0,0.006,100.0,3.496890472341867
,,,,,,14524.0,0.0,0.006,100.0,3.4911695272695042
,,,,,,14525.0,0.0,0.006,100.0,3.4966467192338
,,,,,,14526.0,0.0,0.006,100.0,3.488108088021815
,,,,,,14527.0,0.0,0.006,100.0,3.498695139615616
,,,,,,14527.0,0.0,0.006,100.0,3.490651221734608
,,,,,,14528.0,0.0,0.006,100.0,3.466541578604356
,,,,,,14529.0,0.0,0.006,100.0,3.490251310902572
,,,,,,14530.0,0.0,0.006,100.0,3.495253926968646
,,,,,,14531.0,0.0,0.006,100.0,3.4934845933263654
,,,,,,14532.0,0.0,0.006,100.0,3.4981897993994022
,,,,,,14533.0,0.0,0.006,100.0,3.4993028063435183
,,,,,,14534.0,0.0,0.006,100.0,3.5141637926700424
,,,,,,14535.0,0.0,0.006,100.0,3.4892621013280363
,,,,,,14536.0,0.0,0.006,100.0,3.4948543539376073
,,,,,,14537.0,0.0,0.006,100.0,3.4875315206407884
,,,,,,14538.0,0.0,0.006,100.0,3.493366926141346
,,,,,,14539.0,0.0,0.006,100.0,3.500036501243334
,,,,,,14540.0,0.0,0.006,100.0,3.4913877252051675
,,,,,,14541.0,0.0,0.006,100.0,3.4948897355533712
,,,,,,14542.0,0.0,0.006,100.0,3.4767389577467065
,,,,,,14543.0,0.0,0.006,100.0,3.4656672003040545
,,,,,,14544.0,0.0,0.006,100.0,3.485592788228763
,,,,,,14544.0,0.0,0.006,100.0,3.504858293511112
,,,,,,,,,,
,,,,,,14544.0,-0.67894,0.0,0.0,3.4688637066319528
,,,,,,14545.0,-0.67522,0.00022,2.2118,3.459684100932422
,,,,,,14546.0,-0.67708,0.00043,4.3602,3.4674795214041136
,,,,,,14547.0,-0.67336,0.00061,6.1814,3.4590209100564118
,,,,,,14548.0,-0.67522,0.0008,8.2137,3.4501341085739594
,,,,,,14549.0,-0.67708,0.001,10.2249,3.4445171719104177
,,,,,,14550.0,-0.67522,0.0012,12.2519,3.461354639028899
,,,,,,14551.0,-0.67336,0.00138,14.0836,3.458477040427984
,,,,,,14552.0,-0.6715,0.00157,16.0156,3.4749119556189085
,,,,,,14553.0,-0.67522,0.00176,17.974,3.4627988406285883
,,,,,,14554.0,-0.67708,0.00196,20.0011,3.4682145384181933
,,,,,,14555.0,-0.67522,0.00216,22.0334,3.444649878223057
,,,,,,14556.0,-0.67522,0.00236,24.0657,3.4522208732545723
,,,,,,14557.0,-0.67336,0.00255,26.0927,3.441418358782681
,,,,,,14558.0,-0.67336,0.00275,28.1197,3.4636777256477265
,,,,,,14559.0,-0.67522,0.00293,29.925,3.4658251388167893
,,,,,,14560.0,-0.6715,0.00312,31.894,3.4390089935499026
,,,,,,14561.0,-0.67522,0.00332,33.921,3.4463534573199492
,,,,,,14562.0,-0.66964,0.0035,35.7475,3.464776300789709
,,,,,,14563.0,-0.67708,0.0037,37.8167,3.4610598117464506
,,,,,,14565.0,-0.67708,0.0039,39.8438,3.452604380698407
,,,,,,14566.0,-0.67336,0.0041,41.8761,3.4503607169105206
,,,,,,14567.0,-0.67336,0.0043,43.8978,3.4525070125171453
,,,,,,14568.0,-0.67708,0.0045,45.9301,3.4577143131914383
,,,,,,14569.0,-0.67522,0.00469,47.878,3.4389587743538788
,,,,,,14570.0,-0.67522,0.00489,49.9103,3.4526414928523717
,,,,,,14571.0,-0.67336,0.00508,51.9003,3.451266475931538
,,,,,,14572.0,-0.67708,0.00525,53.6634,3.4588740144747443
,,,,,,14572.0,-1.34859,0.00525,53.6634,3.426262253356004
,,,,,,14573.0,-1.35045,0.00567,57.9128,3.4170192436940203
,,,,,,14574.0,-1.35231,0.00602,61.5234,3.4419176105416667
,,,,,,14575.0,-1.35231,0.00643,65.6619,3.4219511542023535
,,,,,,14576.0,-1.35231,0.00686,70.075,3.4266229629465936
,,,,,,14577.0,-1.35045,0.00721,73.6803,3.421121705889687
,,,,,,14578.0,-1.35231,0.0076,77.671,3.4130907045251795
,,,,,,14579.0,-1.35045,0.00798,81.5456,3.4069085709060256
,,,,,,14580.0,-1.35231,0.00838,85.5733,3.416081839019144
,,,,,,14581.0,-1.35231,0.00877,89.6379,3.412616708919818
,,,,,,14582.0,-1.35231,0.00917,93.7025,3.4126000529971603
,,,,,,14583.0,-1.35417,0.00957,97.7724,3.4192998716147036
,,,,,,14584.0,-1.35045,0.00979,100.0,3.4122293356394438
,,,,,,14584.0,-1.35045,0.00979,100.0,3.4148339576399
,,,,,,,,,,
,,,,,,14584.0,0.66964,0.0,0.0,3.515321821431745
,,,,,,14585.0,0.66778,0.0002,13.2154,3.506638935939937
,,,,,,14586.0,0.66778,0.0004,26.847,3.4971349199186044
,,,,,,14587.0,0.66964,0.00058,38.675,3.5062949940972423
,,,,,,14588.0,0.66964,0.00077,51.8904,3.509977517730814
,,,,,,14589.0,0.66778,0.00097,65.1405,3.507454524929074
,,,,,,14590.0,0.66964,0.00117,78.3906,3.508656796055492
,,,,,,14591.0,0.66964,0.00136,91.606,3.519608362255306
,,,,,,14592.0,0.6715,0.00149,100.0,3.5019281864693843
,,,,,,14592.0,0.0,0.00149,100.0,3.4917828527033605
,,,,,,14593.0,0.0,0.00149,100.0,3.494729260473102
,,,,,,14594.0,0.0,0.00149,100.0,3.4895933426468826
,,,,,,14595.0,0.0,0.00149,100.0,3.4849575976281715
,,,,,,14596.0,0.0,0.00149,100.0,3.4926541931948707
,,,,,,14597.0,0.0,0.00149,100.0,3.486897875093099
,,,,,,14598.0,0.0,0.00149,100.0,3.4750417607787973
,,,,,,14599.0,0.0,0.00149,100.0,3.4868198419243432
,,,,,,14600.0,0.0,0.00149,100.0,3.4968262925623317
,,,,,,14601.0,0.0,0.00149,100.0,3.4707283261429547
,,,,,,14602.0,0.0,0.00149,100.0,3.4959222899098026
,,,,,,14603.0,0.0,0.00149,100.0,3.4827175147334755
,,,,,,14604.0,0.0,0.00149,100.0,3.5074463455438445
,,,,,,14605.0,0.0,0.00149,100.0,3.4797102982080252
,,,,,,14606.0,0.0,0.00149,100.0,3.4746760552604683
,,,,,,14607.0,0.0,0.00149,100.0,3.499141180617446
,,,,,,14608.0,0.0,0.00149,100.0,3.481072153250637
,,,,,,14608.0,0.0,0.00149,100.0,3.4848070493117844
,,,,,,,,,,
,,,,,,14608.0,-0.66964,0.0,0.0,3.478175244007554
,,,,,,14609.0,-0.67522,0.0002,0.9387,3.4567227760729815
,,,,,,14610.0,-0.67336,0.00039,1.8823,3.4579147663501524
,,,,,,14611.0,-0.67522,0.0006,2.8632,3.4514861808066906
,,,,,,14612.0,-0.67708,0.00077,3.7101,3.457929619233823
,,,,,,14613.0,-0.67522,0.00097,4.6661,3.466268198669905
,,,,,,14614.0,-0.67522,0.00117,5.6222,3.453400114917921
,,,,,,14615.0,-0.67708,0.00137,6.5783,3.466392670517134
,,,,,,14616.0,-0.67522,0.00157,7.5616,3.451187349284448
,,,,,,14617.0,-0.67708,0.00175,8.4333,3.448785099492318
,,,,,,14618.0,-0.67522,0.00195,9.362,3.468274048645472
,,,,,,14619.0,-0.66964,0.00215,10.3529,3.4471628689740483
,,,,,,14620.0,-0.67522,0.00235,11.299,3.442794224173999
,,,,,,14621.0,-0.67522,0.00253,12.1359,3.453810810770786
,,,,,,14622.0,-0.67708,0.00273,13.1044,3.443567829850395
,,,,,,14623.0,-0.67708,0.00292,14.0232,3.4495154134608645
,,,,,,14624.0,-0.67336,0.00312,15.014,3.4527161391617374
,,,,,,14625.0,-0.6715,0.0033,15.8608,3.452238593506444
,,,,,,14626.0,-0.67522,0.00349,16.7722,3.4580700440379504
,,,,,,14627.0,-0.67522,0.00369,17.7457,3.460951598723935
,,,,,,14628.0,-0.67708,0.00389,18.6992,3.449645827724373
,,,,,,14630.0,-0.67336,0.00409,19.6454,3.4444188757461713
,,,,,,14631.0,-0.67336,0.00429,20.6015,3.4564546592481324
,,,,,,14632.0,-0.67522,0.00447,21.5004,3.4495805249418154
,,,,,,14633.0,-0.67336,0.00466,22.3994,3.4465756787505986
,,,,,,14634.0,-0.67336,0.00486,23.3554,3.4523333758118633
,,,,,,14635.0,-0.67522,0.00504,24.2122,3.444979233216539
,,,,,,14636.0,-0.67522,0.00524,25.1931,3.456785190747071
,,,,,,14637.0,-0.67522,0.00544,26.1392,3.4407867056018597
,,,,,,14638.0,-0.67336,0.00564,27.0928,3.438090702260149
,,,,,,14639.0,-0.67708,0.00584,28.0464,3.468574764078934
,,,,,,14640.0,-0.6715,0.00603,29.0025,3.4460912924216647
,,,,,,14641.0,-0.67894,0.00623,29.9461,3.4559160129868975
,,,,,,14642.0,-0.67336,0.00641,30.8277,3.465106975447132
,,,,,,14643.0,-0.67336,0.00663,31.8458,3.4339910045447817
,,,,,,14644.0,-0.67336,0.00682,32.7994,3.4308541292258514
,,,,,,14645.0,-0.67708,0.00702,33.753,3.4542895714279487
,,,,,,14646.0,-0.6715,0.00722,34.6991,3.432786844158186
,,,,,,14647.0,-0.67708,0.00741,35.6205,3.4522010547257507
,,,,,,14648.0,-0.67522,0.0076,36.512,3.451655256533808
,,,,,,14649.0,-0.67336,0.0078,37.4655,3.4331655177864824
,,,,,,14650.0,-0.67708,0.00799,38.4117,3.4486808238149718
,,,,,,14651.0,-0.6715,0.00819,39.3653,3.4524505484899723
,,,,,,14652.0,-0.67894,0.00839,40.3213,3.45186457769001
,,,,,,14654.0,-0.67336,0.00859,41.2675,3.456281405681301
,,,,,,14655.0,-0.67522,0.00876,42.1068,3.447229213741854
,,,,,,14656.0,-0.67522,0.00897,43.1151,3.4539117751662536
,,,,,,14657.0,-0.66964,0.00917,44.0711,3.4396612616319437
,,,,,,14658.0,-0.67708,0.00937,45.0272,3.446842214071297
,,,,,,14659.0,-0.67708,0.00955,45.8815,3.4270866396572863
,,,,,,14660.0,-0.67336,0.00975,46.8375,3.4584261011973627
,,,,,,14661.0,-0.67336,0.00994,47.7812,3.4386177552438077
,,,,,,14662.0,-0.67522,0.01014,48.7372,3.417800564296599
,,,,,,14663.0,-0.67708,0.01034,49.6933,3.4329393684110943
,,,,,,14664.0,-0.67522,0.01053,50.6047,3.468440767775003
,,,,,,14665.0,-0.67522,0.01072,51.5409,3.42723754489241
,,,,,,14666.0,-0.67336,0.01092,52.4895,3.419441323214896
,,,,,,14667.0,-0.67336,0.0111,53.3264,3.444858633500033
,,,,,,14668.0,-0.67708,0.01129,54.28,3.45905328700803
,,,,,,14669.0,-0.67336,0.01149,55.2385,3.4551163830062044
,,,,,,14670.0,-0.6715,0.01169,56.1896,3.441398600160708
,,,,,,14671.0,-0.67708,0.01189,57.1358,3.440699212849312
,,,,,,14672.0,-0.6715,0.01208,58.072,3.4412448082951697
,,,,,,14673.0,-0.67522,0.01227,58.9809,3.443400156037479
,,,,,,14674.0,-0.6715,0.01247,59.9171,3.433202859895389
,,,,,,14675.0,-0.67708,0.01265,60.7837,3.4414744722596184
,,,,,,14676.0,-0.67522,0.01285,61.7373,3.461407348745143
,,,,,,14677.0,-0.67708,0.01304,62.6934,3.439439667741164
,,,,,,14678.0,-0.67522,0.01324,63.647,3.4457336222433868
,,,,,,14679.0,-0.67522,0.01344,64.603,3.4582522357679495
,,,,,,14680.0,-0.67336,0.01364,65.5566,3.4344656040995876
,,,,,,14682.0,-0.6715,0.01384,66.5102,3.44116190694478
,,,,,,14683.0,-0.67336,0.01402,67.3645,3.4346775000715613
,,,,,,14684.0,-0.67336,0.01423,68.3926,3.44190448427224
,,,,,,14685.0,-0.67336,0.0144,69.2294,3.4611382998459175
,,,,,,14686.0,-0.67522,0.0146,70.1855,3.439199753728631
,,,,,,14687.0,-0.6715,0.0148,71.1391,3.4381676933504846
,,,,,,14688.0,-0.67336,0.015,72.0952,3.428877426952314
,,,,,,14689.0,-0.67522,0.0152,73.0512,3.4474426963463305
,,,,,,14690.0,-0.67522,0.0154,73.9974,3.43843564469179
,,,,,,14691.0,-0.6715,0.01559,74.9236,3.431045004049221
,,,,,,14692.0,-0.6715,0.01579,75.8747,3.4361009208287476
,,,,,,14693.0,-0.67336,0.01601,76.9376,3.4398286130219042
,,,,,,14694.0,-0.67708,0.0162,77.8763,3.438672304429249
,,,,,,14695.0,-0.6715,0.01633,78.4698,3.430429939622792
,,,,,,14695.0,-1.34673,0.01633,78.4698,3.4209085502912933
,,,,,,14696.0,-1.35045,0.01668,80.1684,3.4252461711698348
,,,,,,14697.0,-1.35231,0.01713,82.3164,3.4112760407340943
,,,,,,14698.0,-1.35231,0.01753,84.2286,3.412469138783461
,,,,,,14699.0,-1.35231,0.01789,85.9793,3.398993131703908
,,,,,,14700.0,-1.35045,0.01831,88.0007,3.386330548197227
,,,,,,14701.0,-1.35417,0.01871,89.9128,3.405927190418982
,,,,,,14702.0,-1.35045,0.01911,91.825,3.413311376900909
,,,,,,14703.0,-1.35231,0.01947,93.5757,3.4006846649157185
,,,,,,14704.0,-1.35231,0.01986,95.4705,3.4150497586027604
,,,,,,14705.0,-1.35417,0.02026,97.3826,3.4109668691245187
,,,,,,14706.0,-1.35231,0.02066,99.2774,3.408378236043105
,,,,,,14707.0,-1.35417,0.02081,100.0,3.395543938412771
,,,,,,14707.0,-1.35417,0.02081,100.0,3.402396848209239
,,,,,,,,,,
,,,,,,14707.0,0.66778,0.0,0.0,3.496726847421684
,,,,,,14708.0,0.66964,0.00021,13.6802,3.492010069371288
,,,,,,14709.0,0.66964,0.00041,27.4294,3.502460834305533
,,,,,,14710.0,0.66964,0.0006,40.0758,3.4922516977242757
,,,,,,14711.0,0.66964,0.0008,53.1013,3.4889049648872743
,,,,,,14712.0,0.6715,0.00098,65.2653,3.4843213420824943
,,,,,,14713.0,0.6715,0.00118,78.8077,3.5127441661693273
,,,,,,14714.0,0.66778,0.00138,91.8332,3.502556864423947
,,,,,,14715.0,0.66964,0.0015,100.0,3.508985253216796
,,,,,,14715.0,0.0,0.0015,100.0,3.470789048359362
,,,,,,14716.0,0.0,0.0015,100.0,3.469549979915753
,,,,,,14717.0,0.0,0.0015,100.0,3.4811738290635508
,,,,,,14718.0,0.0,0.0015,100.0,3.482500551510748
,,,,,,14719.0,0.0,0.0015,100.0,3.484534372141709
,,,,,,14720.0,0.0,0.0015,100.0,3.4753974562250076
,,,,,,14721.0,0.0,0.0015,100.0,3.4897802820466737
,,,,,,14722.0,0.0,0.0015,100.0,3.4797001769366678
,,,,,,14723.0,0.0,0.0015,100.0,3.476042432166259
,,,,,,14724.0,0.0,0.0015,100.0,3.481113030213611
,,,,,,14725.0,0.0,0.0015,100.0,3.459461084953348
,,,,,,14726.0,0.0,0.0015,100.0,3.47444165267535
,,,,,,14727.0,0.0,0.0015,100.0,3.4744437245233493
,,,,,,14728.0,0.0,0.0015,100.0,3.4736529522428286
,,,,,,14730.0,0.0,0.0015,100.0,3.4806640833706872
,,,,,,14731.0,0.0,0.0015,100.0,3.485171541574439
,,,,,,14731.0,0.0,0.0015,100.0,3.46893361236525
,,,,,,14731.0,0.0,0.0015,100.0,3.4619550817902396
,,,,,,,,,,
,,,,,,14731.0,-0.6808,0.0,0.0,3.440521647203364
,,,,,,14732.0,-0.67522,0.00019,0.4487,3.456172156609251
,,,,,,14733.0,-0.67522,0.00039,0.9523,3.4596071308120067
,,,,,,14734.0,-0.67522,0.00059,1.4184,3.4514057328487686
,,,,,,14735.0,-0.67336,0.00078,1.8946,3.4648128759457055
,,,,,,14736.0,-0.67522,0.00097,2.3532,3.4372976820314483
,,,,,,14737.0,-0.67336,0.00115,2.7932,3.4459530669897727
,,,,,,14738.0,-0.67522,0.00135,3.2718,3.44286780967603
,,,,,,14739.0,-0.67336,0.00155,3.753,3.4561006002250845
,,,,,,14740.0,-0.67336,0.00175,4.2329,3.428484054839563
,,,,,,14741.0,-0.67522,0.00196,4.744,3.4426047532395723
,,,,,,14742.0,-0.67336,0.00215,5.1889,3.445117205977741
,,,,,,14743.0,-0.67522,0.00234,5.67,3.4302828613837657
,,,,,,14745.0,-0.67522,0.00255,6.1724,3.4540117919342164
,,,,,,14746.0,-0.67708,0.00275,6.6486,3.4443393215321776
,,,,,,14747.0,-0.67894,0.00294,7.1147,3.4623730608362604
,,,,,,14748.0,-0.6715,0.00317,7.6759,3.452626477178378
,,,,,,14749.0,-0.67522,0.00335,8.107,3.429644408282007
,,,,,,14750.0,-0.67522,0.00356,8.6069,3.4432366247539674
,,,,,,14751.0,-0.67522,0.00376,9.0881,3.4413661251465544
,,,,,,14752.0,-0.67708,0.00396,9.568,3.4363870577504296
,,,,,,14753.0,-0.6715,0.00413,9.9991,3.430822300698383
,,,,,,14754.0,-0.67522,0.00435,10.5103,3.4349968046557127
,,,,,,14755.0,-0.67522,0.00453,10.9552,3.4286003515533525
,,,,,,14756.0,-0.67522,0.00473,11.4363,3.4297921117109573
,,,,,,14757.0,-0.67522,0.00492,11.8987,3.44268989034586
,,,,,,14758.0,-0.67336,0.00511,12.3611,3.4424943337259113
,,,,,,14759.0,-0.67522,0.00531,12.8385,3.44299808488408
,,,,,,14760.0,-0.67708,0.00551,13.3159,3.4301841021549415
,,,,,,14761.0,-0.67522,0.00569,13.7608,3.439417282082855
,,,,,,14762.0,-0.67894,0.0059,14.267,3.4424746563586757
,,,,,,14763.0,-0.67522,0.00607,14.6881,3.437179596276996
,,,,,,14764.0,-0.67708,0.00627,15.1693,3.4499745924283642
,,,,,,14765.0,-0.67336,0.00647,15.6592,3.4412519663110492
,,,,,,14766.0,-0.67336,0.00656,15.8579,3.452412867135087
,,,,,,14766.0,-5.41481,0.00656,15.8579,3.241109265591999
,,,,,,14767.0,-5.40551,0.00812,19.6371,3.226422062060338
,,,,,,14768.0,-5.40551,0.01009,24.3973,3.2323983018066325
,,,,,,14769.0,-5.41109,0.0115,27.8116,3.20339470121452
,,,,,,14770.0,-5.40737,0.01309,31.6633,3.216932087838174
,,,,,,14771.0,-5.41109,0.01468,35.515,3.2114143212595856
,,,,,,14772.0,-5.40737,0.01628,39.3654,3.1907454463086897
,,,,,,14773.0,-5.40923,0.01785,43.1821,3.2171994005754674
,,,,,,14774.0,-5.40737,0.01881,45.5066,3.192330474518623
,,,,,,14774.0,-3.38542,0.01881,45.5066,3.2770107558014074
,,,,,,14775.0,-3.3817,0.01979,47.8686,3.287282727685753
,,,,,,14776.0,-3.3817,0.02084,50.413,3.2739169165702777
,,,,,,14777.0,-3.37798,0.0218,52.7288,3.2748623107568537
,,,,,,14778.0,-3.37798,0.0228,55.1345,3.295404359181391
,,,,,,14779.0,-3.37984,0.02379,57.5415,3.312239547579737
,,,,,,14780.0,-3.37984,0.02479,59.9485,3.2926308907023194
,,,,,,14782.0,-3.37798,0.02591,62.6729,3.284619184974333
,,,,,,14783.0,-3.37798,0.02691,65.0799,3.2901386183680414
,,,,,,14784.0,-3.3817,0.02789,67.4632,3.287902007758231
,,,,,,14785.0,-3.37984,0.0289,69.8926,3.282671037748387
,,,,,,14786.0,-3.37984,0.02979,72.0497,3.2852509608676947
,,,,,,14787.0,-3.37984,0.03077,74.4329,3.273009156093719
,,,,,,14788.0,-3.37984,0.03177,76.8399,3.277311111534652
,,,,,,14789.0,-3.37984,0.03276,79.2469,3.2781673206717494
,,,,,,14790.0,-3.37984,0.03376,81.6526,3.2644943634092556
,,,,,,14791.0,-3.37798,0.03475,84.0596,3.2600550700337467
,,,,,,14792.0,-3.37984,0.03575,86.4666,3.27370966614021
,,,,,,14793.0,-3.37984,0.03674,88.8736,3.2593261683633274
,,,,,,14794.0,-3.37984,0.03774,91.2806,3.2753825059167405
,,,,,,14795.0,-3.37798,0.03873,93.6876,3.274534617030488
,,,,,,14796.0,-3.37984,0.03973,96.0946,3.2771623250357886
,,,,,,14797.0,-3.37984,0.04073,98.5016,3.2926336689391333
,,,,,,14798.0,-3.37984,0.04134,100.0,3.265445030264674
,,,,,,14798.0,-3.37984,0.04134,100.0,3.2878974528277944
,,,,,,,,,,
,,,,,,14798.0,1.34487,0.0,0.0,3.486130207230515
,,,,,,14799.0,1.34673,0.00039,13.1429,3.497835394100807
,,,,,,14800.0,1.34301,0.00077,25.9048,3.4991501403043346
,,,,,,14801.0,1.34673,0.00114,38.303,3.4875959506080907
,,,,,,14802.0,1.34115,0.00153,51.3247,3.4964608404308724
,,,,,,14803.0,1.34301,0.00192,64.4675,3.508491940956266
,,,,,,14804.0,1.34487,0.00232,77.7143,3.5171753633044647
,,,,,,14805.0,1.34301,0.00271,90.9784,3.5109629116637873
,,,,,,14806.0,1.34301,0.00298,100.0,3.5002802043974293
,,,,,,14806.0,1.34301,0.00298,100.0,3.4935490904367414
,,,,,,,,,,
,,,,,,14806.0,-1.34859,0.0,0.0,3.3965630476456625
,,,,,,14807.0,-1.35417,0.00038,3.1263,3.3940841237046713
,,,,,,14808.0,-1.35045,0.00079,6.5924,3.3801148395232596
,,,,,,14809.0,-1.35231,0.00117,9.7532,3.3811231157534096
,,,,,,14810.0,-1.35045,0.00157,13.0343,3.3624264253141414
,,,,,,14811.0,-1.35045,0.00192,15.9413,3.3770760611260737
,,,,,,14812.0,-1.35045,0.00231,19.2526,3.38980113468549
,,,,,,14813.0,-1.35231,0.00271,22.5639,3.3867207983807393
,,,,,,14814.0,-1.35045,0.00313,26.0342,3.3909022343748125
,,,,,,14815.0,-1.35231,0.00351,29.2208,3.3808984295283464
,,,,,,14816.0,-1.35231,0.00389,32.4073,3.3916041473384273
,,,,,,14817.0,-1.35045,0.00426,35.4391,3.3737379835554804
,,,,,,14818.0,-1.35045,0.00465,38.6901,3.3843271602191516
,,,,,,14820.0,-1.35045,0.00506,42.1261,3.378917825503759
,,,,,,14821.0,-1.35231,0.00546,45.4416,3.37278792702824
,,,,,,14822.0,-1.35231,0.00585,48.7228,3.3780972607320696
,,,,,,14823.0,-1.35231,0.00624,51.9395,3.3753052347677617
,,,,,,14824.0,-1.35231,0.00659,54.8465,3.3748953790960687
,,,,,,14825.0,-1.35231,0.007,58.2566,3.3992905158280475
,,,,,,14826.0,-1.35231,0.00737,61.3787,3.378342242227028
,,,,,,14827.0,-1.35417,0.00777,64.6899,3.39929778920454
,,,,,,14828.0,-1.34859,0.00817,67.9711,3.3710022499319416
,,,,,,14829.0,-1.34859,0.00852,70.8781,3.3734541386236936
,,,,,,14830.0,-1.35417,0.00891,74.1894,3.375802561126734
,,,,,,14831.0,-1.35231,0.00931,77.5006,3.3762572711643815
,,,,,,14832.0,-1.35417,0.00968,80.5969,3.3803282942661372
,,,,,,14833.0,-1.35045,0.01006,83.7232,3.366089708169067
,,,,,,14834.0,-1.35045,0.01046,87.0345,3.3705797210263344
,,,,,,14835.0,-1.34859,0.01086,90.3759,3.3678155988396874
,,,,,,14836.0,-1.35231,0.01122,93.4076,3.3670053853077864
,,,,,,14837.0,-1.35045,0.01162,96.7188,3.380425830907118
,,,,,,14838.0,-1.35045,0.01202,100.0,3.3655319110638504
,,,,,,14838.0,-1.35231,0.01202,100.0,3.381702523331732
,,,,,,14838.0,-1.35231,0.01202,100.0,3.3822361992322296
,,,,,,,,,,
,,,,,,14838.0,2.68601,0.0,0.0,3.5626205778778814
,,,,,,14839.0,2.69717,0.00079,13.2123,3.566810517462024
,,,,,,14840.0,2.69717,0.00166,27.6984,3.5658517265832943
,,,,,,14841.0,2.69903,0.00242,40.3167,3.5673802066241818
,,,,,,14842.0,2.69903,0.00324,54.0541,3.5722724924204003
,,,,,,14843.0,2.70089,0.00398,66.2851,3.581437316509239
,,,,,,14844.0,2.69717,0.00477,79.5231,3.5836419945266242
,,,,,,14846.0,2.69903,0.00557,92.7526,3.5844698312104626
,,,,,,14846.0,2.69903,0.006,100.0,3.5751876869940578
,,,,,,14846.0,0.0,0.006,100.0,3.4603739236442626
,,,,,,14847.0,0.0,0.006,100.0,3.471335928737176
,,,,,,14848.0,0.0,0.006,100.0,3.4571352136514353
,,,,,,14849.0,0.0,0.006,100.0,3.4701583100234963
,,,,,,14850.0,0.0,0.006,100.0,3.4716675452375805
,,,,,,14851.0,0.0,0.006,100.0,3.449252304195093
,,,,,,14852.0,0.0,0.006,100.0,3.4648788284959138
,,,,,,14853.0,0.0,0.006,100.0,3.47111107709764
,,,,,,14854.0,0.0,0.006,100.0,3.4824596266405226
,,,,,,14856.0,0.0,0.006,100.0,3.444586336763834
,,,,,,14857.0,0.0,0.006,100.0,3.482265127889306
,,,,,,14858.0,0.0,0.006,100.0,3.459050327490837
,,,,,,14859.0,0.0,0.006,100.0,3.4649000826657756
,,,,,,14860.0,0.0,0.006,100.0,3.4740742723020874
,,,,,,14861.0,0.0,0.006,100.0,3.45361885012999
,,,,,,14862.0,0.0,0.006,100.0,3.4469663016975622
,,,,,,14863.0,0.0,0.006,100.0,3.464377083480544
,,,,,,14864.0,0.0,0.006,100.0,3.455156069214935
,,,,,,14865.0,0.0,0.006,100.0,3.44070428352336
,,,,,,14866.0,0.0,0.006,100.0,3.4634291751078132
,,,,,,14867.0,0.0,0.006,100.0,3.469159750941409
,,,,,,14868.0,0.0,0.006,100.0,3.451305873396594
,,,,,,14869.0,0.0,0.006,100.0,3.4747859583785488
,,,,,,14870.0,0.0,0.006,100.0,3.468171083611217
,,,,,,14871.0,0.0,0.006,100.0,3.462735590400253
,,,,,,14872.0,0.0,0.006,100.0,3.45912475726341
,,,,,,14873.0,0.0,0.006,100.0,3.4638510278314842
,,,,,,14874.0,0.0,0.006,100.0,3.4514605647247665
,,,,,,14875.0,0.0,0.006,100.0,3.4652679029803997
,,,,,,14876.0,0.0,0.006,100.0,3.471797670393614
,,,,,,14877.0,0.0,0.006,100.0,3.474131301158853
,,,,,,14878.0,0.0,0.006,100.0,3.4609446400023365
,,,,,,14879.0,0.0,0.006,100.0,3.4408213170351774
,,,,,,14880.0,0.0,0.006,100.0,3.4314803047591353
,,,,,,14881.0,0.0,0.006,100.0,3.4451409566541162
,,,,,,14882.0,0.0,0.006,100.0,3.476706136996375
,,,,,,14883.0,0.0,0.006,100.0,3.4478544056709066
,,,,,,14884.0,0.0,0.006,100.0,3.449156930845015
,,,,,,14885.0,0.0,0.006,100.0,3.4524582925732665
,,,,,,14886.0,0.0,0.006,100.0,3.45796330783497
,,,,,,14888.0,0.0,0.006,100.0,3.449418724321552
,,,,,,14889.0,0.0,0.006,100.0,3.47332546962596
,,,,,,14890.0,0.0,0.006,100.0,3.4478985788421985
,,,,,,14891.0,0.0,0.006,100.0,3.4706788490981952
,,,,,,14892.0,0.0,0.006,100.0,3.4476011698557465
,,,,,,14893.0,0.0,0.006,100.0,3.47584016483678
,,,,,,14894.0,0.0,0.006,100.0,3.466853121488812
,,,,,,14895.0,0.0,0.006,100.0,3.4553243786494536
,,,,,,14896.0,0.0,0.006,100.0,3.462300690655579
,,,,,,14897.0,0.0,0.006,100.0,3.4741027076936764
,,,,,,14898.0,0.0,0.006,100.0,3.46129732610819
,,,,,,14899.0,0.0,0.006,100.0,3.4650962937548297
,,,,,,14900.0,0.0,0.006,100.0,3.4477466321535553
,,,,,,14901.0,0.0,0.006,100.0,3.461953545748262
,,,,,,14901.0,0.0,0.006,100.0,3.450453943460188
,,,,,,14901.0,0.0,0.006,100.0,3.4593939165891197
,,,,,,,,,,
,,,,,,14901.0,-0.67522,0.0,0.0,3.4444020022659205
,,,,,,14902.0,-0.67522,0.00021,2.101,3.406298835376794
,,,,,,14903.0,-0.67522,0.00039,4.0332,3.4324854214943534
,,,,,,14904.0,-0.67336,0.00057,5.8702,3.4231041933499746
,,,,,,14905.0,-0.67336,0.00077,7.8974,3.436548359152175
,,,,,,14906.0,-0.6715,0.00097,9.9087,3.408413688130887
,,,,,,14907.0,-0.67522,0.00115,11.7246,3.412472802348689
,,,,,,14908.0,-0.6715,0.00138,14.058,3.4392986151588083
,,,,,,14909.0,-0.67336,0.00157,16.0693,3.4384894551378187
,,,,,,14911.0,-0.67336,0.00176,17.938,3.43368483042089
,,,,,,14912.0,-0.67522,0.00196,20.0707,3.4378415121107624
,,,,,,14913.0,-0.67336,0.00216,22.0979,3.4295880688935547
,,,,,,14914.0,-0.67336,0.00236,24.1303,3.4192831657778986
,,,,,,14915.0,-0.67708,0.00256,26.1416,3.429503906725171
,,,,,,14916.0,-0.67894,0.00273,27.9206,3.4236554797952734
,,,,,,14917.0,-0.67336,0.00293,29.9477,3.4429319352342627
,,,,,,14918.0,-0.67336,0.00314,32.0699,3.4300064346156436
,,,,,,14919.0,-0.6715,0.00333,33.9862,3.4289813627831505
,,,,,,14920.0,-0.67336,0.00352,36.0133,3.4324230418540966
,,,,,,14921.0,-0.6715,0.00372,38.0246,3.4324696891724704
,,,,,,14922.0,-0.67336,0.00392,39.9989,3.4392863586261826
,,,,,,14923.0,-0.67708,0.00411,42.0102,3.4015260113075
,,,,,,14924.0,-0.67522,0.00429,43.7945,3.429236907178942
,,,,,,14925.0,-0.67522,0.00448,45.7636,3.4131593681303323
,,,,,,14926.0,-0.67708,0.00469,47.9333,3.430008604281516
,,,,,,14927.0,-0.6715,0.00487,49.7123,3.412410663614458
,,,,,,14928.0,-0.67522,0.00506,51.7447,3.411729028509659
,,,,,,14929.0,-0.67336,0.00526,53.7349,3.428137769547587
,,,,,,14929.0,-1.35417,0.00526,53.7349,3.3893627904955586
,,,,,,14930.0,-1.35231,0.00562,57.4619,3.3805300105506486
,,,,,,14931.0,-1.35045,0.00602,61.5267,3.3943160293326335
,,,,,,14932.0,-1.35045,0.0064,65.4015,3.400923212979344
,,,,,,14933.0,-1.35417,0.0068,69.4663,3.404146027246452
,,,,,,14934.0,-1.35231,0.00721,73.6842,3.395829002974927
,,,,,,14935.0,-1.35231,0.00759,77.559,3.3950265225454612
,,,,,,14936.0,-1.35045,0.00797,81.4338,3.39159834735234
,,,,,,14937.0,-1.35045,0.00835,85.2716,3.3882898097452476
,,,,,,14938.0,-1.35231,0.00874,89.3364,3.3788955988338985
,,,,,,14939.0,-1.35231,0.00914,93.4013,3.403667609952795
,,,,,,14941.0,-1.35231,0.00954,97.4714,3.3801920563528123
,,,,,,14941.0,-1.35045,0.00979,100.0,3.390432194017724
,,,,,,14941.0,-1.35045,0.00979,100.0,3.3909169053542247
,,,,,,,,,,
,,,,,,14941.0,0.6715,0.0,0.0,3.466417938783405
,,,,,,14942.0,0.66778,0.0002,13.4675,3.4833753855833587
,,,,,,14943.0,0.66964,0.0004,26.9698,3.4753489732303935
,,,,,,14944.0,0.66778,0.0006,40.5762,3.4629325655470913
,,,,,,14946.0,0.66964,0.0008,53.8008,3.4918145347725202
,,,,,,14947.0,0.66964,0.001,66.9212,3.4933033747648867
,,,,,,14948.0,0.6715,0.00119,80.1458,3.475908229226985
,,,,,,14949.0,0.66964,0.00139,93.3704,3.4736907101228205
,,,,,,14949.0,0.66778,0.00149,100.0,3.5054551644035734
,,,,,,14949.0,0.0,0.00149,100.0,3.4530082600721794
,,,,,,14950.0,0.0,0.00149,100.0,3.469797311683132
,,,,,,14951.0,0.0,0.00149,100.0,3.44373858836515
,,,,,,14952.0,0.0,0.00149,100.0,3.4415633368363725
,,,,,,14953.0,0.0,0.00149,100.0,3.4551879629825706
,,,,,,14954.0,0.0,0.00149,100.0,3.458125395810069
,,,,,,14955.0,0.0,0.00149,100.0,3.4370399552318056
,,,,,,14956.0,0.0,0.00149,100.0,3.45530678696121
,,,,,,14957.0,0.0,0.00149,100.0,3.4521503339394792
,,,,,,14959.0,0.0,0.00149,100.0,3.4440590590615887
,,,,,,14960.0,0.0,0.00149,100.0,3.4597978588956857
,,,,,,14961.0,0.0,0.00149,100.0,3.4512180439036526
,,,,,,14962.0,0.0,0.00149,100.0,3.449536552352598
,,,,,,14963.0,0.0,0.00149,100.0,3.470361613984866
,,,,,,14964.0,0.0,0.00149,100.0,3.4565338024517196
,,,,,,14965.0,0.0,0.00149,100.0,3.4617385762579116
,,,,,,14965.0,0.0,0.00149,100.0,3.4402972822156213
,,,,,,14965.0,0.0,0.00149,100.0,3.4504529514355986
,,,,,,,,,,
,,,,,,14965.0,-0.6715,0.0,0.0,3.4381289398749177
,,,,,,14966.0,-0.67522,0.00021,1.0227,3.4240444193396846
,,,,,,14967.0,-0.67522,0.0004,1.9436,3.4269348848634764
,,,,,,14968.0,-0.67336,0.0006,2.8669,3.4266768350871004
,,,,,,14969.0,-0.67336,0.00078,3.7605,3.428552156139432
,,,,,,14970.0,-0.67336,0.00099,4.7683,3.4209366850130496
,,,,,,14971.0,-0.67708,0.00117,5.6073,3.42789083091074
,,,,,,14973.0,-0.67522,0.00137,6.5604,3.418500793099453
,,,,,,14974.0,-0.6715,0.00156,7.5136,3.4389237338155154
,,,,,,14975.0,-0.6715,0.00175,8.4047,3.4340616135810764
,,,,,,14976.0,-0.67522,0.00195,9.3579,3.4193723533033564
,,,,,,14977.0,-0.66964,0.00216,10.3904,3.4170217614437113
,,,,,,14978.0,-0.67522,0.00236,11.3163,3.425478223413737
,,,,,,14979.0,-0.67522,0.00255,12.2695,3.4328879221696007
,,,,,,14980.0,-0.67522,0.00275,13.2251,3.426969630251081
,,,,,,14981.0,-0.67894,0.00294,14.1137,3.4199149626007483
,,,,,,14982.0,-0.67336,0.00313,15.0321,3.419875084658258
,,,,,,14983.0,-0.67522,0.00333,16.0027,3.4122936887744335
,,,,,,14984.0,-0.67522,0.00353,16.9583,3.416757400938465
,,,,,,14985.0,-0.67522,0.00373,17.914,3.4099832758668103
,,,,,,14986.0,-0.67522,0.00393,18.8597,3.4286611387026698
,,,,,,14987.0,-0.67336,0.00412,19.8029,3.4151827625687217
,,,,,,14988.0,-0.67336,0.00432,20.7561,3.4213100798726392
,,,,,,14989.0,-0.67522,0.00452,21.7018,3.4222143999468675
,,,,,,14990.0,-0.6715,0.0047,22.6003,3.4198951425359074
,,,,,,14991.0,-0.67708,0.0049,23.556,3.421408765267433
,,,,,,14992.0,-0.6715,0.0051,24.4893,3.4161892440442987
,,,,,,14993.0,-0.67708,0.00527,25.3332,3.4178632912565385
,,,,,,14994.0,-0.67336,0.00547,26.2864,3.4035454049125917
,,,,,,14995.0,-0.67708,0.00567,27.242,3.4195169037013997
,,,,,,14997.0,-0.67894,0.00587,28.1977,3.410939032635347
,,,,,,14998.0,-0.67336,0.00607,29.1508,3.416593920637952
,,,,,,14999.0,-0.67336,0.00627,30.1065,3.4249433324992924
,,,,,,15000.0,-0.67522,0.00646,31.0522,3.427954225885465
,,,,,,15001.0,-0.67708,0.00667,32.0252,3.404132144540317
,,,,,,15002.0,-0.67336,0.00686,32.9685,3.416481471566283
,,,,,,15003.0,-0.67522,0.00704,33.805,3.4178972914549663
,,,,,,15004.0,-0.67522,0.00724,34.7581,3.4352722855136797
,,,,,,15005.0,-0.67708,0.00743,35.7138,3.417702746147636
,,,,,,15006.0,-0.67894,0.00763,36.6595,3.395843473532555
,,,,,,15007.0,-0.67708,0.00783,37.5977,3.429752698773481
,,,,,,15008.0,-0.67522,0.00802,38.5509,3.4106877894333967
,,,,,,15009.0,-0.67336,0.00822,39.5065,3.4359337100884413
,,,,,,15010.0,-0.6715,0.00842,40.4597,3.4101158886590177
,,,,,,15011.0,-0.67336,0.00862,41.4129,3.420108902278744
,,,,,,15012.0,-0.67522,0.00882,42.366,3.4280096099607085
,,,,,,15013.0,-0.67336,0.00901,43.2671,3.4066596525541626
,,,,,,15014.0,-0.67522,0.00921,44.2302,3.4200684373349284
,,,,,,15015.0,-0.67708,0.00939,45.1287,3.3984638697409655
,,,,,,15016.0,-0.67708,0.00959,46.0819,3.405831612779661
,,,,,,15017.0,-0.67336,0.00977,46.9457,3.414960474508023
,,,,,,15018.0,-0.67522,0.00997,47.8988,3.4019501300886517
,,,,,,15019.0,-0.67708,0.01017,48.8445,3.426836660549611
,,,,,,15020.0,-0.67522,0.01034,49.6835,3.4127267939394557
,,,,,,15021.0,-0.67522,0.01054,50.6292,3.41456671717128
,,,,,,15023.0,-0.67708,0.01075,51.632,3.4175700860262483
,,,,,,15024.0,-0.67894,0.01094,52.5331,3.4222911350009806
,,,,,,15025.0,-0.67708,0.01113,53.4887,3.422325249997707
,,,,,,15026.0,-0.67708,0.01133,54.4419,3.4284283567846154
,,,,,,15027.0,-0.67336,0.01153,55.3876,3.4119150044977506
,,,,,,15028.0,-0.67522,0.0117,56.2266,3.410131736294724
,,,,,,15029.0,-0.67522,0.0119,57.1822,3.4026983128264505
,,,,,,15030.0,-0.67894,0.01211,58.1726,3.4253896785064177
,,,,,,15031.0,-0.67336,0.01228,59.0091,3.428753819056863
,,,,,,15032.0,-0.6715,0.01248,59.9722,3.424614202323316
,,,,,,15033.0,-0.67522,0.01267,60.8459,3.4151055418618017
,,,,,,15034.0,-0.67522,0.01287,61.809,3.423563664802374
,,,,,,15035.0,-0.67336,0.01306,62.7448,3.4104256699674598
,,,,,,15036.0,-0.67708,0.01326,63.7005,3.417746895700863
,,,,,,15037.0,-0.67336,0.01346,64.6536,3.4121577428967074
,,,,,,15038.0,-0.67336,0.01366,65.6093,3.417365260693396
,,,,,,15039.0,-0.67522,0.01386,66.5624,3.4180521614618393
,,,,,,15040.0,-0.67336,0.01405,67.5081,3.42071073142819
,,,,,,15041.0,-0.67522,0.01424,68.4067,3.414252979747992
,,,,,,15042.0,-0.67336,0.01443,69.3251,3.4281778759194235
,,,,,,15043.0,-0.67522,0.01463,70.2783,3.406577628102934
,,,,,,15044.0,-0.67336,0.01482,71.2165,3.421233592553881
,,,,,,15045.0,-0.67522,0.015,72.0654,3.3919500304841135
,,,,,,15046.0,-0.6715,0.0152,73.0285,3.3940160300768047
,,,,,,15047.0,-0.67336,0.0154,73.9742,3.407286912378778
,,,,,,15048.0,-0.67894,0.0156,74.9373,3.4145687736930124
,,,,,,15049.0,-0.67336,0.01578,75.8135,3.4267375445393236
,,,,,,15051.0,-0.6715,0.01598,76.7642,3.416109965305944
,,,,,,15052.0,-0.6715,0.01619,77.7819,3.4213490990353597
,,,,,,15052.0,-0.6715,0.0163,78.3205,3.4213146665002614
,,,,,,15052.0,-1.35417,0.0163,78.3205,3.3767894642383047
,,,,,,15053.0,-1.35045,0.01671,80.2691,3.3915605593665106
,,,,,,15054.0,-1.35231,0.01711,82.1804,3.3914457460737033
,,,,,,15055.0,-1.35231,0.01748,83.9675,3.3697282637614094
,,,,,,15056.0,-1.35045,0.01788,85.8788,3.386817838250095
,,,,,,15057.0,-1.35045,0.01823,87.5742,3.3890466105317767
,,,,,,15058.0,-1.35231,0.01864,89.5574,3.3718168701899387
,,,,,,15059.0,-1.35045,0.01903,91.4315,3.380343859682303
,,,,,,15060.0,-1.35045,0.01943,93.3254,3.3593722722327692
,,,,,,15062.0,-1.35417,0.01982,95.2367,3.368488564497595
,,,,,,15063.0,-1.35417,0.02022,97.1505,3.3745122570840316
,,,,,,15064.0,-1.35045,0.02062,99.0444,3.378412561260988
,,,,,,15064.0,-1.35045,0.02082,100.0,3.376252551042789
,,,,,,15064.0,-1.35045,0.02082,100.0,3.386755723251387
,,,,,,,,,,
,,,,,,15064.0,0.66964,0.0,0.0,3.448368931139323
,,,,,,15065.0,0.6715,0.00019,12.3796,3.466272426087865
,,,,,,15066.0,0.6715,0.00038,25.5502,3.4803479628893745
,,,,,,15067.0,0.6715,0.00059,39.1678,3.472202917418473
,,,,,,15068.0,0.6715,0.00079,52.4415,3.472195189297169
,,,,,,15069.0,0.67336,0.00098,65.2338,3.465945023463793
,,,,,,15071.0,0.6715,0.00118,78.7827,3.472847937709867
,,,,,,15072.0,0.6715,0.00138,91.8157,3.4714741033001726
,,,,,,15072.0,0.67336,0.0015,100.0,3.47411814578564
,,,,,,15072.0,0.0,0.0015,100.0,3.4316042771930895
,,,,,,15073.0,0.0,0.0015,100.0,3.436918877614822
,,,,,,15074.0,0.0,0.0015,100.0,3.4459541484543204
,,,,,,15075.0,0.0,0.0015,100.0,3.4376598978388455
,,,,,,15076.0,0.0,0.0015,100.0,3.4487865423448936
,,,,,,15078.0,0.0,0.0015,100.0,3.439211861754042
,,,,,,15079.0,0.0,0.0015,100.0,3.4370306525442818
,,,,,,15080.0,0.0,0.0015,100.0,3.4551119700219735
,,,,,,15081.0,0.0,0.0015,100.0,3.461669195276506
,,,,,,15082.0,0.0,0.0015,100.0,3.453641628149685
,,,,,,15083.0,0.0,0.0015,100.0,3.452374765083374
,,,,,,15084.0,0.0,0.0015,100.0,3.4460186443266587
,,,,,,15085.0,0.0,0.0015,100.0,3.458453249219712
,,,,,,15086.0,0.0,0.0015,100.0,3.455661836167685
,,,,,,15087.0,0.0,0.0015,100.0,3.4548248547182885
,,,,,,15088.0,0.0,0.0015,100.0,3.4551848789446535
,,,,,,15088.0,0.0,0.0015,100.0,3.444667752524963
,,,,,,15088.0,0.0,0.0015,100.0,3.44588041125279
,,,,,,,,,,
,,,,,,15088.0,-0.67894,0.0,0.0,3.4107966211413596
,,,,,,15089.0,-0.67336,0.0002,0.4788,3.420844347086616
,,,,,,15090.0,-0.67708,0.0004,0.96,3.4263286428736204
,,,,,,15092.0,-0.67336,0.00059,1.4338,3.401815364262886
,,,,,,15093.0,-0.67336,0.0008,1.9514,3.4222243036727185
,,,,,,15094.0,-0.67336,0.00098,2.3725,3.4388414487229415
,,,,,,15095.0,-0.67894,0.00119,2.8876,3.4288365216343175
,,,,,,15096.0,-0.67336,0.00137,3.3287,3.4105086060010965
,,,,,,15097.0,-0.66778,0.00157,3.8087,3.4222929703758393
,,,,,,15098.0,-0.67336,0.00177,4.2863,3.4222327459419635
,,,,,,15099.0,-0.67522,0.00194,4.7099,3.4187404345180954
,,,,,,15100.0,-0.67522,0.00215,5.2062,3.40444131140636
,,,,,,15101.0,-0.67522,0.00233,5.6436,3.408396519843581
,,,,,,15102.0,-0.67708,0.00253,6.1286,3.405500655094432
,,,,,,15103.0,-0.67522,0.00271,6.5785,3.4215284002491404
,,,,,,15104.0,-0.67708,0.0029,7.0385,3.4360218381298453
,,,,,,15105.0,-0.67894,0.00313,7.5799,3.407997752795838
,,,,,,15106.0,-0.66964,0.00331,8.0211,3.4305985716744085
,,,,,,15107.0,-0.67522,0.0035,8.4986,3.407375506040717
,,,,,,15108.0,-0.67336,0.00371,8.9986,3.4129680682662493
,,,,,,15109.0,-0.6715,0.00389,9.4398,3.4090997575507678
,,,,,,15110.0,-0.67336,0.00409,9.921,3.412564023622645
,,,,,,15111.0,-0.67336,0.00428,10.3697,3.4019379046378484
,,,,,,15112.0,-0.67336,0.00446,10.8247,3.41589617270746
,,,,,,15113.0,-0.67336,0.00467,11.3247,3.4211311042149846
,,,,,,15114.0,-0.67336,0.00485,11.7571,3.4094795136675793
,,,,,,15115.0,-0.67708,0.00504,12.2334,3.430633114225338
,,,,,,15116.0,-0.67522,0.00525,12.7347,3.4183617112415043
,,,,,,15117.0,-0.67522,0.00544,13.1846,3.4138723973302985
,,,,,,15118.0,-0.67336,0.00564,13.6797,3.420051018703353
,,,,,,15119.0,-0.67522,0.00581,14.1033,3.4280537687582315
,,,,,,15120.0,-0.67522,0.00601,14.5845,3.421829270351826
,,,,,,15121.0,-0.6715,0.00622,15.0846,3.4112024007304247
,,,,,,15122.0,-0.67522,0.00641,15.5483,3.4060786667890635
,,,,,,15123.0,-0.67522,0.00659,15.9895,3.406859513581657
,,,,,,15123.0,-5.40923,0.00659,15.9895,3.1916007410351015
,,,,,,15124.0,-5.40737,0.00805,19.525,3.191248096193707
,,,,,,15126.0,-5.40923,0.00972,23.5694,3.1908454511709605
,,,,,,15127.0,-5.40737,0.01125,27.2854,3.1932844446552062
,,,,,,15128.0,-5.40923,0.01284,31.148,3.1605388283252185
,,,,,,15129.0,-5.40923,0.01442,34.9743,3.1778412083730867
,,,,,,15130.0,-5.40923,0.01582,38.3632,3.1870756916788334
,,,,,,15131.0,-5.40923,0.01741,42.2258,3.173791138631539
,,,,,,15132.0,-5.40923,0.0186,45.1046,3.174675549633207
,,,,,,15132.0,-3.3724,0.0186,45.1046,3.250459089144841
,,,,,,15133.0,-3.37798,0.01958,47.4947,3.257362447664751
,,,,,,15134.0,-3.37984,0.02053,49.7945,3.25571666227741
,,,,,,15135.0,-3.37984,0.02176,52.7773,3.250868654014917
,,,,,,15136.0,-3.37798,0.02263,54.8941,3.2511383444127633
,,,,,,15137.0,-3.37984,0.02363,57.3079,3.239025088279745
,,,,,,15138.0,-3.37798,0.02462,59.7218,3.234824585493854
,,,,,,15139.0,-3.37984,0.02562,62.1356,3.259037493862161
,,,,,,15140.0,-3.37984,0.02663,64.5933,3.257228241148286
,,,,,,15141.0,-3.37984,0.02759,66.9169,3.258175395924436
,,,,,,15142.0,-3.37612,0.02857,69.3069,3.2609781450958906
,,,,,,15143.0,-3.37984,0.02943,71.3786,3.2722562575513683
,,,,,,15144.0,-3.37984,0.03041,73.7699,3.27178044473168
,,,,,,15145.0,-3.37984,0.03141,76.1837,3.2431773992624624
,,,,,,15146.0,-3.37984,0.0324,78.5976,3.2115107415021926
,,,,,,15147.0,-3.3817,0.0334,81.0101,3.2439033898216976
,,,,,,15148.0,-3.37984,0.03439,83.424,3.242227750366425
,,,,,,15149.0,-3.37984,0.03539,85.8378,3.2421650644950004
,,,,,,15150.0,-3.3817,0.03638,88.2517,3.2433069799804213
,,,,,,15152.0,-3.37798,0.03738,90.6642,3.2426972895163293
,,,,,,15153.0,-3.37984,0.03836,93.0543,3.271994093005194
,,,,,,15154.0,-3.37984,0.03936,95.4681,3.2397149341844607
,,,,,,15155.0,-3.37984,0.04035,97.8819,3.242169592903717
,,,,,,15156.0,-3.3817,0.04123,100.0,3.229911296233412
,,,,,,15156.0,-3.3817,0.04123,100.0,3.253800062911215
,,,,,,,,,,
,,,,,,15156.0,1.35231,0.0,0.0,3.465180006939277
,,,,,,15157.0,1.34673,0.00039,13.1365,3.449111600255538
,,,,,,15158.0,1.35045,0.00083,27.7576,3.4711287287520887
,,,,,,15159.0,1.34487,0.00121,40.4972,3.4686556132359794
,,,,,,15160.0,1.34487,0.00161,53.6337,3.4682432166894026
,,,,,,15161.0,1.34859,0.002,66.8738,3.488112350526894
,,,,,,15162.0,1.34673,0.0024,80.1139,3.4616366773548175
,,,,,,15163.0,1.34487,0.00279,93.3713,3.4750742756937654
,,,,,,15164.0,1.35045,0.00299,100.0,3.4938358379320533
,,,,,,15164.0,1.35045,0.00299,100.0,3.4848823292175544
,,,,,,,,,,
,,,,,,15164.0,-1.35045,0.0,0.0,3.3714811173319905
,,,,,,15165.0,-1.35231,0.00038,3.1582,3.3590395499197334
,,,,,,15166.0,-1.35045,0.00076,6.3421,3.372290186415964
,,,,,,15167.0,-1.35045,0.00115,9.5261,3.3597123363961936
,,,,,,15168.0,-1.35045,0.00151,12.551,3.3487576210310346
,,,,,,15169.0,-1.35045,0.00191,15.8596,3.3628516561536497
,,,,,,15170.0,-1.35045,0.00231,19.1724,3.364053408405424
,,,,,,15171.0,-1.35231,0.0027,22.481,3.3542698198587964
,,,,,,15172.0,-1.35045,0.0031,25.7595,3.347402983876283
,,,,,,15173.0,-1.35231,0.00345,28.6942,3.362442364249114
,,,,,,15174.0,-1.35417,0.00384,31.9125,3.3489932328512273
,,,,,,15175.0,-1.35231,0.00426,35.4058,3.3574686046383126
,,,,,,15176.0,-1.35231,0.00462,38.4351,3.3502327642065084
,,,,,,15177.0,-1.35045,0.005,41.619,3.3531410613417303
,,,,,,15178.0,-1.35231,0.0054,44.9276,3.3527119026762824
,,,,,,15179.0,-1.35231,0.0058,48.2362,3.3777537883076914
,,,,,,15180.0,-1.35231,0.0062,51.5447,3.3628583815737034
,,,,,,15181.0,-1.34859,0.00661,55.0079,3.3614550310139215
,,,,,,15182.0,-1.35231,0.00698,58.0372,3.3495525037598073
,,,,,,15183.0,-1.35045,0.00738,61.3758,3.3537669143548112
,,,,,,15184.0,-1.35231,0.00773,64.3106,3.351602125453054
,,,,,,15185.0,-1.35045,0.00813,67.6191,3.345525820845135
,,,,,,15186.0,-1.35045,0.00853,70.9277,3.3620852023914765
,,,,,,15187.0,-1.35045,0.00893,74.2362,3.3557621174287955
,,,,,,15188.0,-1.35231,0.00933,77.5491,3.3625494563863065
,,,,,,15189.0,-1.35417,0.00972,80.8577,3.3517322237114047
,,,,,,15191.0,-1.35231,0.01013,84.2006,3.359699690452715
,,,,,,15192.0,-1.35045,0.01051,87.4146,3.365450010916504
,,,,,,15193.0,-1.35231,0.01091,90.7232,3.3469098330614395
,,,,,,15194.0,-1.35045,0.01129,93.8813,3.3461993458899273
,,,,,,15195.0,-1.35045,0.01168,97.0954,3.35425165386408
,,,,,,15196.0,-1.35231,0.01203,100.0,3.3450056398014527
,,,,,,15196.0,-1.35231,0.01203,100.0,3.340414159503827
,,,,,,,,,,
,,,,,,15196.0,2.70275,0.0,0.0,3.531489682512521
,,,,,,15197.0,2.69717,0.00077,12.7776,3.5175645060153276
,,,,,,15198.0,2.70089,0.00157,25.9139,3.527123919621966
,,,,,,15199.0,2.69717,0.00229,37.8032,3.545483696379791
,,,,,,15200.0,2.69717,0.00307,50.6918,3.5638358619227923
,,,,,,15201.0,2.69717,0.00386,63.8282,3.550897622840918
,,,,,,15202.0,2.69345,0.00464,76.7082,3.5601304670614335
,,,,,,15203.0,2.69903,0.00541,89.4773,3.5497834375775144
,,,,,,15204.0,2.69717,0.00605,100.0,3.556222415109089
,,,,,,15204.0,0.0,0.00605,100.0,3.4477256775502
,,,,,,15205.0,0.0,0.00605,100.0,3.4505209405820354
,,,,,,15206.0,0.0,0.00605,100.0,3.4252141683944606
,,,,,,15207.0,0.0,0.00605,100.0,3.435732506089213
,,,,,,15208.0,0.0,0.00605,100.0,3.4501691044450786
,,,,,,15209.0,0.0,0.00605,100.0,3.4248924570647326
,,,,,,15210.0,0.0,0.00605,100.0,3.441655880387423
,,,,,,15211.0,0.0,0.00605,100.0,3.4272532355878305
,,,,,,15212.0,0.0,0.00605,100.0,3.43648043827549
,,,,,,15213.0,0.0,0.00605,100.0,3.4390210965809644
,,,,,,15214.0,0.0,0.00605,100.0,3.451804181773449
,,,,,,15215.0,0.0,0.00605,100.0,3.435360844096199
,,,,,,15216.0,0.0,0.00605,100.0,3.4530995220703926
,,,,,,15217.0,0.0,0.00605,100.0,3.44976772852231
,,,,,,15218.0,0.0,0.00605,100.0,3.4410301026711982
,,,,,,15219.0,0.0,0.00605,100.0,3.44381601670477
,,,,,,15220.0,0.0,0.00605,100.0,3.4355014035946447
,,,,,,15221.0,0.0,0.00605,100.0,3.431553571690529
,,,,,,15222.0,0.0,0.00605,100.0,3.445714107225498
,,,,,,15223.0,0.0,0.00605,100.0,3.444007806639016
,,,,,,15225.0,0.0,0.00605,100.0,3.438611058285011
,,,,,,15226.0,0.0,0.00605,100.0,3.437302297080469
,,,,,,15227.0,0.0,0.00605,100.0,3.438554290056004
,,,,,,15228.0,0.0,0.00605,100.0,3.4304586104299717
,,,,,,15229.0,0.0,0.00605,100.0,3.424610244723911
,,,,,,15230.0,0.0,0.00605,100.0,3.4135436614733083
,,,,,,15231.0,0.0,0.00605,100.0,3.42955482859783
,,,,,,15232.0,0.0,0.00605,100.0,3.42093821209873
,,,,,,15233.0,0.0,0.00605,100.0,3.4254341170964167
,,,,,,15234.0,0.0,0.00605,100.0,3.4367750610787313
,,,,,,15235.0,0.0,0.00605,100.0,3.4357809900440066
,,,,,,15236.0,0.0,0.00605,100.0,3.4298414719937607
,,,,,,15237.0,0.0,0.00605,100.0,3.4339935090192673
,,,,,,15238.0,0.0,0.00605,100.0,3.4457872827600986
,,,,,,15239.0,0.0,0.00605,100.0,3.4497179354149003
,,,,,,15240.0,0.0,0.00605,100.0,3.432897213100374
,,,,,,15241.0,0.0,0.00605,100.0,3.4414767567001086
,,,,,,15242.0,0.0,0.00605,100.0,3.4453752903071875
,,,,,,15243.0,0.0,0.00605,100.0,3.452365455203746
,,,,,,15243.0,0.0,0.00605,100.0,3.4267290147558676
,,,,,,15244.0,0.0,0.00605,100.0,3.430527571566031
,,,,,,15245.0,0.0,0.00605,100.0,3.430194304873618
,,,,,,15246.0,0.0,0.00605,100.0,3.438206443717352
,,,,,,15247.0,0.0,0.00605,100.0,3.4347249851773873
,,,,,,15248.0,0.0,0.00605,100.0,3.439107003643596
,,,,,,15249.0,0.0,0.00605,100.0,3.457777013989593
,,,,,,15250.0,0.0,0.00605,100.0,3.4399859638816963
,,,,,,15251.0,0.0,0.00605,100.0,3.4481415830659867
,,,,,,15252.0,0.0,0.00605,100.0,3.4282270809859483
,,,,,,15253.0,0.0,0.00605,100.0,3.439844462685882
,,,,,,15254.0,0.0,0.00605,100.0,3.432916145138921
,,,,,,15255.0,0.0,0.00605,100.0,3.4510565070189223
,,,,,,15257.0,0.0,0.00605,100.0,3.451542731391402
,,,,,,15258.0,0.0,0.00605,100.0,3.445459328285795
,,,,,,15259.0,0.0,0.00605,100.0,3.4521567366529506
,,,,,,15260.0,0.0,0.00605,100.0,3.4370449592330075
,,,,,,15260.0,0.0,0.00605,100.0,3.440154612537824
,,,,,,15260.0,0.0,0.00605,100.0,3.41786270595512
,,,,,,,,,,
,,,,,,15260.0,-0.67894,0.0,0.0,3.427977385775204
,,,,,,15261.0,-0.67522,0.00021,2.153,3.414797262360126
,,,,,,15262.0,-0.67708,0.00041,4.1526,3.40534268533059
,,,,,,15263.0,-0.67336,0.0006,6.1839,3.406115143812955
,,,,,,15264.0,-0.67336,0.0008,8.1993,3.4055723299689236
,,,,,,15265.0,-0.67522,0.00098,10.0825,3.411137002803657
,,,,,,15266.0,-0.67336,0.00118,12.0556,3.4020226877126487
,,,,,,15267.0,-0.67336,0.00139,14.1875,3.4148525676503407
,,,,,,15268.0,-0.67336,0.00156,16.0072,3.410884251602226
,,,,,,15269.0,-0.67522,0.00176,18.0226,3.397463653324666
,,,,,,15270.0,-0.67522,0.00196,20.0381,3.405135739984542
,,,,,,15271.0,-0.67522,0.00216,22.08,3.416763202223647
,,,,,,15272.0,-0.67894,0.00236,24.1166,3.4282377016212924
,,,,,,15273.0,-0.67336,0.00255,26.1479,3.4101488852486526
,,,,,,15274.0,-0.67522,0.00275,28.1845,3.4063636056238953
,,,,,,15275.0,-0.67708,0.00295,30.2264,3.408076002769184
,,,,,,15276.0,-0.67522,0.00313,32.0461,3.4069334309914314
,,,,,,15277.0,-0.66964,0.00333,34.1145,3.420996198581756
,,,,,,15278.0,-0.67894,0.0035,35.8654,3.402411635395865
,,,,,,15279.0,-0.67336,0.00372,38.0396,3.405545758618607
,,,,,,15280.0,-0.67708,0.00389,39.8223,3.3947723144755186
,,,,,,15282.0,-0.67336,0.00409,41.8589,3.394557134163272
,,,,,,15283.0,-0.6715,0.00429,43.8902,3.4143529668614194
,,,,,,15284.0,-0.67708,0.00449,45.9268,3.383296095426521
,,,,,,15285.0,-0.66964,0.00467,47.7888,3.4212635859654648
,,,,,,15286.0,-0.67336,0.00487,49.8201,3.3985698080552353
,,,,,,15287.0,-0.6715,0.00505,51.6663,3.417538979865058
,,,,,,15288.0,-0.67336,0.00525,53.7029,3.395187291702578
,,,,,,15288.0,-0.67336,0.00527,53.9515,3.3978949157509875
,,,,,,15288.0,-1.35231,0.00527,53.9515,3.384600096534674
,,,,,,15289.0,-1.35231,0.00567,58.0248,3.3613388856253312
,,,,,,15290.0,-1.35045,0.00605,61.9446,3.3772992869445675
,,,,,,15291.0,-1.35231,0.00645,66.0178,3.3858254308516704
,,,,,,15292.0,-1.35045,0.00683,69.9006,3.3576111486677727
,,,,,,15293.0,-1.35231,0.00723,73.9738,3.3522728022891326
,,,,,,15294.0,-1.35231,0.00758,77.5868,3.375913264417436
,,,,,,15295.0,-1.35045,0.00798,81.66,3.364778389603335
,,,,,,15296.0,-1.35231,0.00837,85.6962,3.3766585843816914
,,,,,,15297.0,-1.35045,0.00872,89.2721,3.3674029521845465
,,,,,,15298.0,-1.35045,0.00912,93.3453,3.356630115209854
,,,,,,15299.0,-1.35045,0.00956,97.9211,3.3555520969133084
,,,,,,15300.0,-1.35231,0.00977,100.0,3.352010260015659
,,,,,,15300.0,-1.35231,0.00977,100.0,3.3773681799528776
,,,,,,,,,,
,,,,,,15300.0,0.66778,0.0,0.0,3.462213640443047
,,,,,,15301.0,0.66964,0.00019,12.6535,3.447811610057243
,,,,,,15302.0,0.66592,0.00041,27.3533,3.450552112002166
,,,,,,15303.0,0.66778,0.0006,39.6317,3.4714845859973087
,,,,,,15304.0,0.6715,0.0008,52.6603,3.4762749429201762
,,,,,,15305.0,0.66964,0.00099,65.6548,3.4577816950156657
,,,,,,15306.0,0.66964,0.00119,78.6494,3.4768023121381035
,,,,,,15307.0,0.66964,0.00139,91.7804,3.4647784194464424
,,,,,,15308.0,0.66778,0.00151,100.0,3.456784417763629
,,,,,,15308.0,0.0,0.00151,100.0,3.4435357809292926
,,,,,,15309.0,0.0,0.00151,100.0,3.425118241501858
,,,,,,15310.0,0.0,0.00151,100.0,3.436173216409165
,,,,,,15311.0,0.0,0.00151,100.0,3.442266835491941
,,,,,,15312.0,0.0,0.00151,100.0,3.435388110226992
,,,,,,15313.0,0.0,0.00151,100.0,3.4362206770155117
,,,,,,15314.0,0.0,0.00151,100.0,3.4324936561992363
,,,,,,15315.0,0.0,0.00151,100.0,3.427300899547079
,,,,,,15316.0,0.0,0.00151,100.0,3.4429252961665227
,,,,,,15317.0,0.0,0.00151,100.0,3.4281189933242238
,,,,,,15318.0,0.0,0.00151,100.0,3.4273292517631617
,,,,,,15319.0,0.0,0.00151,100.0,3.4392095563305602
,,,,,,15320.0,0.0,0.00151,100.0,3.4317246303574582
,,,,,,15321.0,0.0,0.00151,100.0,3.4426577840424772
,,,,,,15322.0,0.0,0.00151,100.0,3.448357434712836
,,,,,,15323.0,0.0,0.00151,100.0,3.435048986098169
,,,,,,15324.0,0.0,0.00151,100.0,3.42819168349708
,,,,,,15324.0,0.0,0.00151,100.0,3.455946560571993
,,,,,,,,,,
,,,,,,15324.0,-0.66964,0.0,0.0,3.41354314918553
,,,,,,15325.0,-0.67708,0.0002,0.9611,3.4008754157617953
,,,,,,15326.0,-0.67522,0.00039,1.88,3.4080872485996982
,,,,,,15327.0,-0.67708,0.00059,2.8163,3.401536141523528
,,,,,,15328.0,-0.67336,0.00078,3.7525,3.397996623219135
,,,,,,15329.0,-0.67522,0.00098,4.7087,3.396133066286154
,,,,,,15330.0,-0.67522,0.00118,5.6623,3.4053207510673507
,,,,,,15331.0,-0.67336,0.00137,6.6011,3.407809120956812
,,,,,,15332.0,-0.67336,0.00157,7.5548,3.415851168950256
,,,,,,15333.0,-0.67708,0.00177,8.491,3.4043906997367825
,,,,,,15334.0,-0.67708,0.00195,9.3677,3.3970530767608365
,,,,,,15335.0,-0.67336,0.00215,10.3412,3.386616998264329
,,,,,,15336.0,-0.67894,0.00235,11.2974,3.3885789310885657
,,,,,,15337.0,-0.67708,0.00255,12.2436,3.3956495326380667
,,,,,,15338.0,-0.67336,0.00274,13.1625,3.3933657893956437
,,,,,,15340.0,-0.6715,0.00292,14.0441,3.390682352840245
,,,,,,15341.0,-0.67708,0.00313,15.0276,3.4048647187047343
,,,,,,15342.0,-0.67522,0.0033,15.867,3.3714248436411953
,,,,,,15343.0,-0.67336,0.0035,16.8033,3.3908220210130913
,,,,,,15344.0,-0.6715,0.00368,17.7023,3.3867577743721804
,,,,,,15345.0,-0.67336,0.00388,18.6584,3.400945557880774
,,,,,,15346.0,-0.67522,0.00408,19.6021,3.394167645832544
,,,,,,15347.0,-0.67336,0.00428,20.5558,3.4069843722362454
,,,,,,15348.0,-0.67336,0.00447,21.5045,3.3903469455422495
,,,,,,15349.0,-0.67708,0.00468,22.5128,3.408974825048425
,,,,,,15350.0,-0.67522,0.00486,23.3522,3.400628940277453
,,,,,,15351.0,-0.6715,0.00506,24.3158,3.4001956091486605
,,,,,,15352.0,-0.67708,0.00526,25.2645,3.3936072001926028
,,,,,,15353.0,-0.6715,0.00545,26.2157,3.397172630438555
,,,,,,15354.0,-0.67522,0.00565,27.1743,3.3780003666770697
,,,,,,15355.0,-0.67336,0.00583,28.0311,3.4013096856535796
,,,,,,15356.0,-0.67894,0.00603,28.9848,3.4055029606197884
,,,,,,15357.0,-0.67522,0.00623,29.9409,3.3917938692846987
,,,,,,15358.0,-0.67522,0.00642,30.8498,3.3845446035320337
,,,,,,15359.0,-0.67522,0.00662,31.7961,3.3953329224166775
,,,,,,15360.0,-0.67522,0.00681,32.7522,3.397426841246774
,,,,,,15361.0,-0.67336,0.00701,33.7083,3.3955256004393637
,,,,,,15362.0,-0.67522,0.00721,34.662,3.3994392524547656
,,,,,,15363.0,-0.67336,0.0074,35.5834,3.374510643718262
,,,,,,15364.0,-0.67522,0.00759,36.4998,3.4104982874673904
,,,,,,15365.0,-0.67894,0.00779,37.4485,3.3860661788018334
,,,,,,15367.0,-0.67522,0.00799,38.4021,3.3863635350581474
,,,,,,15368.0,-0.67522,0.00819,39.3583,3.4027898602145945
,,,,,,15369.0,-0.67522,0.00839,40.302,3.398752344598719
,,,,,,15370.0,-0.67336,0.00856,41.1389,3.385922642054721
,,,,,,15371.0,-0.67336,0.00876,42.0951,3.3855753357995715
,,,,,,15372.0,-0.67708,0.00896,43.0487,3.3977885348359185
,,,,,,15373.0,-0.6715,0.00916,44.0322,3.3895684699316795
,,,,,,15374.0,-0.67336,0.00937,45.0132,3.3949760217123983
,,,,,,15375.0,-0.67894,0.00955,45.8998,3.3845739840549127
,,,,,,15376.0,-0.67336,0.00975,46.8534,3.398814886191304
,,,,,,15377.0,-0.67894,0.00995,47.8096,3.397879576024548
,,,,,,15378.0,-0.67522,0.01015,48.7657,3.402194861113891
,,,,,,15379.0,-0.67522,0.01035,49.7417,3.3788947372730065
,,,,,,15380.0,-0.67522,0.01054,50.673,3.396303992179748
,,,,,,15381.0,-0.67708,0.01072,51.5298,3.391203816497199
,,,,,,15382.0,-0.67336,0.01092,52.4835,3.3946242352647307
,,,,,,15383.0,-0.67522,0.01112,53.4396,3.376621481721235
,,,,,,15384.0,-0.67336,0.01132,54.3933,3.404261889555844
,,,,,,15385.0,-0.67336,0.01152,55.3494,3.4128685639381455
,,,,,,15386.0,-0.67522,0.01172,56.308,3.405255172657415
,,,,,,15387.0,-0.67708,0.01192,57.3064,3.3867834068776204
,,,,,,15389.0,-0.67522,0.01211,58.188,3.4000802181651784
,,,,,,15390.0,-0.67522,0.01232,59.1988,3.394775830248994
,,,,,,15391.0,-0.67336,0.01254,60.2518,3.3881819421957813
,,,,,,15392.0,-0.67708,0.01272,61.1359,3.410627390708985
,,,,,,15393.0,-0.67336,0.01292,62.0896,3.387606557594652
,,,,,,15394.0,-0.67522,0.01312,63.0457,3.394622823714139
,,,,,,15395.0,-0.6808,0.01332,63.9994,3.394285383036964
,,,,,,15396.0,-0.67522,0.01351,64.9481,3.3987084521902577
,,,,,,15397.0,-0.67708,0.01371,65.9017,3.3986314114688247
,,,,,,15398.0,-0.67522,0.01391,66.8753,3.3911007119479457
,,,,,,15399.0,-0.67708,0.01411,67.8215,3.381648254504278
,,,,,,15400.0,-0.67894,0.01429,68.6609,3.389774539421398
,,,,,,15401.0,-0.67708,0.0145,69.6965,3.38817182037455
,,,,,,15402.0,-0.67336,0.01468,70.5434,3.401604321972879
,,,,,,15403.0,-0.67708,0.01488,71.4995,3.4044293779157173
,,,,,,15404.0,-0.6715,0.01507,72.4532,3.404221727369039
,,,,,,15405.0,-0.67522,0.01527,73.4093,3.3976934354260675
,,,,,,15406.0,-0.67336,0.01548,74.4002,3.3893518651555836
,,,,,,15407.0,-0.67522,0.01566,75.2471,3.412510101620344
,,,,,,15408.0,-0.67708,0.01585,76.2008,3.4016056506909234
,,,,,,15410.0,-0.67336,0.01606,77.1743,3.4031739487098354
,,,,,,15411.0,-0.67336,0.01624,78.0385,3.4013642991649213
,,,,,,15411.0,-0.67522,0.01631,78.3986,3.3943666437229982
,,,,,,15411.0,-1.34673,0.01631,78.3986,3.360977411911574
,,,,,,15412.0,-1.35231,0.01671,80.2935,3.3388634316823746
,,,,,,15413.0,-1.35231,0.01706,82.0096,3.35784043181337
,,,,,,15414.0,-1.35417,0.01747,83.9592,3.3467388117931662
,,,,,,15415.0,-1.35045,0.01783,85.6926,3.3600555690808163
,,,,,,15416.0,-1.35231,0.0182,87.4783,3.3612857652775956
,,,,,,15417.0,-1.35045,0.01862,89.48,3.350670804136597
,,,,,,15418.0,-1.35231,0.01901,91.3749,3.3706915336184395
,,,,,,15419.0,-1.35045,0.01937,93.0885,3.3625035530999994
,,,,,,15420.0,-1.35045,0.01976,94.9858,3.353934149960492
,,,,,,15421.0,-1.35231,0.02016,96.8981,3.359785054034399
,,,,,,15422.0,-1.35231,0.02056,98.8104,3.362838534314169
,,,,,,15423.0,-1.35045,0.02081,100.0,3.348377416236809
,,,,,,15423.0,-1.35045,0.02081,100.0,3.3657417373061915
,,,,,,,,,,
,,,,,,15423.0,0.66778,0.0,0.0,3.4477138380420373
,,,,,,15424.0,0.66964,0.0002,13.5312,3.427508505105601
,,,,,,15425.0,0.66778,0.00041,27.3386,3.4502177323253185
,,,,,,15426.0,0.66778,0.0006,40.214,3.4397016088437478
,,,,,,15427.0,0.66964,0.00079,53.0204,3.4438773557541666
,,,,,,15428.0,0.66964,0.00099,65.9303,3.458026525923785
,,,,,,15429.0,0.66964,0.00117,78.3569,3.4793774990357167
,,,,,,15430.0,0.66964,0.00136,91.0597,3.4507181064238224
,,,,,,15431.0,0.66964,0.0015,100.0,3.469226000808252
,,,,,,15431.0,0.0,0.0015,100.0,3.430405238364851
,,,,,,15432.0,0.0,0.0015,100.0,3.4245019628321853
,,,,,,15433.0,0.0,0.0015,100.0,3.4197544640245536
,,,,,,15434.0,0.0,0.0015,100.0,3.440661378979427
,,,,,,15435.0,0.0,0.0015,100.0,3.418878631109175
,,,,,,15436.0,0.0,0.0015,100.0,3.4373127541956072
,,,,,,15437.0,0.0,0.0015,100.0,3.442805193238644
,,,,,,15438.0,0.0,0.0015,100.0,3.4304675855223685
,,,,,,15439.0,0.0,0.0015,100.0,3.4249237221287556
,,,,,,15440.0,0.0,0.0015,100.0,3.4102204227744277
,,,,,,15441.0,0.0,0.0015,100.0,3.4459347230767015
,,,,,,15442.0,0.0,0.0015,100.0,3.405471145083878
,,,,,,15443.0,0.0,0.0015,100.0,3.4139322161426446
,,,,,,15444.0,0.0,0.0015,100.0,3.424909712415905
,,,,,,15445.0,0.0,0.0015,100.0,3.430505662806404
,,,,,,15447.0,0.0,0.0015,100.0,3.4396259912659923
,,,,,,15447.0,0.0,0.0015,100.0,3.4313045186247826
,,,,,,15447.0,0.0,0.0015,100.0,3.4305990953901784
,,,,,,,,,,
,,,,,,15447.0,-0.66592,0.0,0.0,3.41165923780948
,,,,,,15448.0,-0.67336,0.00019,0.4607,3.3961915275847834
,,,,,,15449.0,-0.67336,0.00036,0.875,3.3956468253812857
,,,,,,15450.0,-0.67522,0.00055,1.3331,3.3862694367785924
,,,,,,15451.0,-0.6715,0.00075,1.8276,3.396396582972623
,,,,,,15452.0,-0.67522,0.00092,2.2394,3.3896107059645217
,,,,,,15453.0,-0.67522,0.00113,2.7426,3.407155120731086
,,,,,,15454.0,-0.67522,0.00133,3.2195,3.3871213123512978
,,,,,,15455.0,-0.67522,0.00153,3.7015,3.3840234696155336
,,,,,,15456.0,-0.67522,0.00173,4.1834,3.3989288035686838
,,,,,,15457.0,-0.67336,0.00192,4.6416,3.400453289069288
,,,,,,15458.0,-0.67522,0.00211,5.1135,3.3773619259231933
,,,,,,15459.0,-0.67522,0.00229,5.5416,3.3794953789771447
,,,,,,15460.0,-0.67708,0.00249,6.0273,3.3940425840979964
,,,,,,15461.0,-0.67522,0.00267,6.4679,3.384883219324192
,,,,,,15462.0,-0.67708,0.00287,6.9536,3.3925998149511036
,,,,,,15463.0,-0.67522,0.00307,7.4267,3.398610260874198
,,,,,,15464.0,-0.6715,0.00326,7.9037,3.409670870982531
,,,,,,15465.0,-0.67336,0.00345,8.3618,3.3838917027429827
,,,,,,15466.0,-0.6715,0.00363,8.8049,3.388797591062832
,,,,,,15467.0,-0.67894,0.00383,9.2869,3.3947408485067108
,,,,,,15468.0,-0.6715,0.00403,9.7688,3.3923406249272836
,,,,,,15470.0,-0.67708,0.00421,10.1994,3.3868452886222555
,,,,,,15471.0,-0.67522,0.00441,10.6901,3.384356941789625
,,,,,,15472.0,-0.67522,0.00459,11.1257,3.3885449646748644
,,,,,,15473.0,-0.67522,0.00479,11.6076,3.3884364006506122
,,,,,,15474.0,-0.67708,0.00501,12.1296,3.389311141390767
,,,,,,15475.0,-0.67336,0.0052,12.6066,3.3875180144107717
,,,,,,15476.0,-0.67894,0.00539,13.0472,3.3809295298154125
,,,,,,15477.0,-0.67336,0.00558,13.5291,3.394775517831477
,,,,,,15478.0,-0.67336,0.00578,14.0098,3.38503631805083
,,,,,,15479.0,-0.67522,0.00598,14.4967,3.4080109665341713
,,,,,,15480.0,-0.67708,0.00616,14.9273,3.3876721714914986
,,,,,,15481.0,-0.6808,0.00636,15.4143,3.4031295171637965
,,,,,,15482.0,-0.67522,0.00653,15.8286,3.387314836778287
,,,,,,15482.0,-0.67522,0.00657,15.915,3.3896932715709225
,,,,,,15482.0,-5.41109,0.00657,15.915,3.1562902445885674
,,,,,,15483.0,-5.40737,0.00812,19.6628,3.1722143883712985
,,,,,,15484.0,-5.40923,0.00959,23.2303,3.160935729892185
,,,,,,15485.0,-5.41109,0.01118,27.0883,3.161064969493173
,,,,,,15486.0,-5.40737,0.01277,30.9462,3.157377253174206
,,,,,,15487.0,-5.40737,0.01441,34.9118,3.1479011226333835
,,,,,,15488.0,-5.40923,0.016,38.771,3.136004891713849
,,,,,,15489.0,-5.40923,0.01758,42.5914,3.1439474743516995
,,,,,,15490.0,-5.41109,0.01874,45.3941,3.141164672812884
,,,,,,15490.0,-3.37984,0.01874,45.3941,3.2233657323048917
,,,,,,15491.0,-3.37612,0.01959,47.4633,3.2388199400106923
,,,,,,15492.0,-3.37984,0.0207,50.1471,3.221394269252623
,,,,,,15493.0,-3.37798,0.02159,52.3076,3.213125820606943
,,,,,,15494.0,-3.37798,0.02259,54.7185,3.231057025104153
,,,,,,15495.0,-3.37984,0.02357,57.1057,3.2311122893392663
,,,,,,15496.0,-3.37984,0.02457,59.5166,3.2160837775075235
,,,,,,15497.0,-3.3817,0.02563,62.0877,3.2154267598248745
,,,,,,15498.0,-3.37984,0.02654,64.2933,3.2162145311221746
,,,,,,15500.0,-3.37798,0.02757,66.7956,3.23451307800505
,,,,,,15501.0,-3.37984,0.02851,69.0701,3.2176761879543014
,,,,,,15502.0,-3.37984,0.02947,71.3896,3.2015911925051936
,,,,,,15503.0,-3.37984,0.03046,73.8005,3.214923511815011
,,,,,,15504.0,-3.37984,0.03146,76.2114,3.223055110958399
,,,,,,15505.0,-3.37984,0.03245,78.6223,3.2091710079511166
,,,,,,15506.0,-3.37984,0.03345,81.032,3.202243274460894
,,,,,,15507.0,-3.37984,0.03444,83.4429,3.2226977590718797
,,,,,,15508.0,-3.37426,0.03544,85.8538,3.2066464662965597
,,,,,,15509.0,-3.37984,0.03643,88.2647,3.228767300396084
,,,,,,15510.0,-3.37984,0.03743,90.6756,3.204806384380757
,,,,,,15511.0,-3.37798,0.03841,93.0627,3.2151396254081885
,,,,,,15512.0,-3.37984,0.03929,95.1782,3.2236345694610837
,,,,,,15513.0,-3.3817,0.04028,97.5891,3.206489160185564
,,,,,,15514.0,-3.37798,0.04128,100.0,3.215401703474942
,,,,,,15514.0,-3.37798,0.04128,100.0,3.1976719855143783
,,,,,,,,,,
,,,,,,15514.0,1.34301,0.0,0.0,3.412476066985912
,,,,,,15515.0,1.34487,0.0004,13.3822,3.4339813870513725
,,,,,,15516.0,1.34487,0.00082,27.638,3.4348452664750777
,,,,,,15517.0,1.34487,0.00118,39.8847,3.437577426994116
,,,,,,15518.0,1.34487,0.00158,53.2844,3.431561834579565
,,,,,,15519.0,1.34487,0.00197,66.6667,3.4507545207097654
,,,,,,15520.0,1.34673,0.00236,79.9266,3.4499896669810868
,,,,,,15521.0,1.34301,0.00271,91.6667,3.4529578958108855
,,,,,,15522.0,1.34301,0.00296,100.0,3.459993324378911
,,,,,,15522.0,1.34301,0.00296,100.0,3.4705487940428115
,,,,,,,,,,
,,,,,,15522.0,-1.35789,0.0,0.0,3.3234006410995303
,,,,,,15523.0,-1.35045,0.00042,3.5271,3.3521017724283486
,,,,,,15524.0,-1.35231,0.00086,7.1186,3.3196979397671083
,,,,,,15525.0,-1.35045,0.00121,10.0528,3.335915819556272
,,,,,,15526.0,-1.35231,0.00161,13.3608,3.321903905012886
,,,,,,15527.0,-1.35231,0.002,16.6688,3.31614580635759
,,,,,,15528.0,-1.35231,0.0024,19.9811,3.32420760778895
,,,,,,15530.0,-1.35231,0.0028,23.2891,3.327673012837679
,,,,,,15531.0,-1.35231,0.00319,26.5069,3.328465967949854
,,,,,,15532.0,-1.35231,0.00355,29.5399,3.3424055235613523
,,,,,,15533.0,-1.35045,0.00395,32.8779,3.3134158077060505
,,,,,,15534.0,-1.35231,0.00433,36.027,3.313260204310308
,,,,,,15535.0,-1.35045,0.0047,39.0858,3.316215529959446
,,,,,,15536.0,-1.34859,0.00508,42.2434,3.338848577696121
,,,,,,15537.0,-1.35231,0.00548,45.5514,3.3359657944188656
,,,,,,15538.0,-1.35045,0.00588,48.8594,3.321238778747169
,,,,,,15539.0,-1.35045,0.00628,52.1974,3.323786603353873
,,,,,,15540.0,-1.35231,0.00667,55.4754,3.31374794521654
,,,,,,15541.0,-1.35231,0.00704,58.5385,3.340527571741838
,,,,,,15542.0,-1.35045,0.00744,61.8465,3.3362615353292155
,,,,,,15543.0,-1.35045,0.00784,65.1544,3.320213424261338
,,,,,,15544.0,-1.35231,0.00823,68.4667,3.325260074066774
,,,,,,15545.0,-1.35045,0.00863,71.7403,3.3175418499178693
,,,,,,15546.0,-1.35231,0.00903,75.0569,3.3351828432834663
,,,,,,15547.0,-1.35231,0.00942,78.3348,3.3215410301607418
,,,,,,15548.0,-1.35417,0.00981,81.5827,3.317446317299508
,,,,,,15549.0,-1.35417,0.01018,84.6716,3.3324721103247206
,,,,,,15550.0,-1.35231,0.01058,87.9495,3.3126208449105436
,,,,,,15551.0,-1.35045,0.01097,91.2274,3.3188893287515056
,,,,,,15552.0,-1.35417,0.01138,94.6342,3.309625271597309
,,,,,,15553.0,-1.35231,0.01178,97.9078,3.306495210774869
,,,,,,15554.0,-1.35417,0.01203,100.0,3.3373614365469164
,,,,,,15554.0,-1.35417,0.01203,100.0,3.3190086012077797
,,,,,,,,,,
,,,,,,15554.0,2.70461,0.0,0.0,3.5166480095836965
,,,,,,15555.0,2.69903,0.00086,14.1248,3.5182133289982427
,,,,,,15556.0,2.69903,0.00167,27.3944,3.536206342392039
,,,,,,15557.0,2.69903,0.00241,39.563,3.5191706922851687
,,,,,,15558.0,2.69903,0.00331,54.179,3.5308372396045775
,,,,,,15559.0,2.69531,0.00406,66.4663,3.5238314785543263
,,,,,,15561.0,2.69717,0.00485,79.4818,3.5256854175232077
,,,,,,15562.0,2.69903,0.00564,92.5057,3.5521330889203484
,,,,,,15562.0,2.69717,0.0061,100.0,3.5282723774847136
,,,,,,15562.0,0.0,0.0061,100.0,3.4325197455349437
,,,,,,15563.0,0.0,0.0061,100.0,3.4093141819641484
,,,,,,15564.0,0.0,0.0061,100.0,3.426920907400411
,,,,,,15565.0,0.0,0.0061,100.0,3.405734400821017
,,,,,,15566.0,0.0,0.0061,100.0,3.422758260816275
,,,,,,15567.0,0.0,0.0061,100.0,3.420821775159286
,,,,,,15568.0,0.0,0.0061,100.0,3.412547397106875
,,,,,,15570.0,0.0,0.0061,100.0,3.4308984339201603
,,,,,,15571.0,0.0,0.0061,100.0,3.4253563575899055
,,,,,,15572.0,0.0,0.0061,100.0,3.4155286648091865
,,,,,,15573.0,0.0,0.0061,100.0,3.4328963974310733
,,,,,,15574.0,0.0,0.0061,100.0,3.4142332563663214
,,,,,,15575.0,0.0,0.0061,100.0,3.4140565022265497
,,,,,,15576.0,0.0,0.0061,100.0,3.4265569154166986
,,,,,,15577.0,0.0,0.0061,100.0,3.410738093092788
,,,,,,15578.0,0.0,0.0061,100.0,3.4257900408941433
,,,,,,15579.0,0.0,0.0061,100.0,3.4190742662044937
,,,,,,15580.0,0.0,0.0061,100.0,3.421569030925211
,,,,,,15581.0,0.0,0.0061,100.0,3.416364471808328
,,,,,,15582.0,0.0,0.0061,100.0,3.412134814982151
,,,,,,15583.0,0.0,0.0061,100.0,3.4141239720724688
,,,,,,15584.0,0.0,0.0061,100.0,3.4252920491940406
,,,,,,15585.0,0.0,0.0061,100.0,3.4129750415319267
,,,,,,15586.0,0.0,0.0061,100.0,3.41372522618672
,,,,,,15587.0,0.0,0.0061,100.0,3.426865434823875
,,,,,,15588.0,0.0,0.0061,100.0,3.4269703308266326
,,,,,,15589.0,0.0,0.0061,100.0,3.4229237319513843
,,,,,,15590.0,0.0,0.0061,100.0,3.429112585375825
,,,,,,15591.0,0.0,0.0061,100.0,3.421646451215434
,,,,,,15592.0,0.0,0.0061,100.0,3.418206794577181
,,,,,,15594.0,0.0,0.0061,100.0,3.4315635985115462
,,,,,,15595.0,0.0,0.0061,100.0,3.4300394200428377
,,,,,,15596.0,0.0,0.0061,100.0,3.4037737071512666
,,,,,,15597.0,0.0,0.0061,100.0,3.4259355566967664
,,,,,,15598.0,0.0,0.0061,100.0,3.4156706886176114
,,,,,,15599.0,0.0,0.0061,100.0,3.420040294364087
,,,,,,15600.0,0.0,0.0061,100.0,3.416559728919463
,,,,,,15601.0,0.0,0.0061,100.0,3.4324454459670055
,,,,,,15602.0,0.0,0.0061,100.0,3.4345739846867556
,,,,,,15603.0,0.0,0.0061,100.0,3.4145773107762207
,,,,,,15604.0,0.0,0.0061,100.0,3.437081200110952
,,,,,,15605.0,0.0,0.0061,100.0,3.411502934589376
,,,,,,15606.0,0.0,0.0061,100.0,3.4222810786760403
,,,,,,15607.0,0.0,0.0061,100.0,3.397247995469219
,,,,,,15608.0,0.0,0.0061,100.0,3.4386055865251173
,,,,,,15609.0,0.0,0.0061,100.0,3.425613182315456
,,,,,,15610.0,0.0,0.0061,100.0,3.4188945739012304
,,,,,,15611.0,0.0,0.0061,100.0,3.4111586527803017
,,,,,,15612.0,0.0,0.0061,100.0,3.4176642092942573
,,,,,,15613.0,0.0,0.0061,100.0,3.4197671194812815
,,,,,,15614.0,0.0,0.0061,100.0,3.408707278925933
,,,,,,15615.0,0.0,0.0061,100.0,3.4021618151052637
,,,,,,15616.0,0.0,0.0061,100.0,3.423696566777567
,,,,,,15617.0,0.0,0.0061,100.0,3.419377576523389
,,,,,,15617.0,0.0,0.0061,100.0,3.412184957123487
,,,,,,,,,,
,,,,,,15617.0,-0.67336,0.0,0.0,3.400935750721745
,,,,,,15618.0,-0.66778,0.00019,1.9845,3.388850450144264
,,,,,,15619.0,-0.67522,0.00039,3.9797,3.380223871424964
,,,,,,15620.0,-0.67708,0.00057,5.8584,3.377469172053775
,,,,,,15621.0,-0.67336,0.00078,7.9752,3.3882712117362344
,,,,,,15622.0,-0.67522,0.00097,9.9704,3.3861048302199426
,,,,,,15623.0,-0.67522,0.00115,11.8014,3.4043827478732944
,,,,,,15624.0,-0.6715,0.00136,13.913,3.3806363960486205
,,,,,,15626.0,-0.67708,0.00156,15.9663,3.3852977342784425
,,,,,,15627.0,-0.67522,0.00174,17.7762,3.3737691619056545
,,,,,,15628.0,-0.6715,0.00193,19.7555,3.38947609897863
,,,,,,15629.0,-0.67522,0.00213,21.7877,3.389084376117281
,,,,,,15630.0,-0.67708,0.00233,23.8251,3.387322931904665
,,,,,,15631.0,-0.67708,0.00253,25.8626,3.3716953669985594
,,,,,,15632.0,-0.67522,0.00272,27.8789,3.3801352910887594
,,,,,,15633.0,-0.67708,0.0029,29.6624,3.370520191500806
,,,,,,15634.0,-0.67708,0.0031,31.6998,3.3898563195389864
,,,,,,15635.0,-0.66964,0.00329,33.732,3.3978398514634716
,,,,,,15636.0,-0.67522,0.00348,35.6319,3.383850701055542
,,,,,,15637.0,-0.6715,0.00368,37.6429,3.3760111922757887
,,,,,,15638.0,-0.67522,0.00387,39.6751,3.379631094692575
,,,,,,15639.0,-0.67708,0.00407,41.7284,3.3682801398646522
,,,,,,15640.0,-0.66964,0.00427,43.7447,3.381944953997142
,,,,,,15641.0,-0.67894,0.00445,45.5282,3.3880683255199915
,,,,,,15642.0,-0.67336,0.00464,47.5233,3.3787716202271767
,,,,,,15643.0,-0.6715,0.00484,49.5555,3.36700632288035
,,,,,,15644.0,-0.67708,0.00504,51.5929,3.3719224809652624
,,,,,,15645.0,-0.67708,0.00524,53.7045,3.382167050438838
,,,,,,15645.0,-0.67894,0.00524,53.7045,3.3917447201907027
,,,,,,15645.0,-1.35045,0.00524,53.7045,3.3520037104553553
,,,,,,15646.0,-1.35231,0.00565,57.9011,3.335020911755031
,,,,,,15647.0,-1.35045,0.00605,61.9761,3.3489284199930776
,,,,,,15648.0,-1.35231,0.00645,66.014,3.3320588698661577
,,,,,,15649.0,-1.35231,0.00681,69.7026,3.3554057175112364
,,,,,,15650.0,-1.35045,0.00719,73.6611,3.353537452089211
,,,,,,15651.0,-1.35045,0.0076,77.8895,3.354603410312357
,,,,,,15653.0,-1.35045,0.008,81.9644,3.35298931320318
,,,,,,15654.0,-1.34859,0.00837,85.7695,3.338492205943219
,,,,,,15655.0,-1.35231,0.00877,89.8444,3.349646566881553
,,,,,,15656.0,-1.35231,0.00917,93.8823,3.330763601430752
,,,,,,15657.0,-1.35045,0.00956,97.9572,3.338152023029317
,,,,,,15657.0,-1.35417,0.00976,100.0,3.3374701333971535
,,,,,,15657.0,-1.35417,0.00976,100.0,3.338578370335866
,,,,,,,,,,
,,,,,,15657.0,0.6715,0.0,0.0,3.419485911499341
,,,,,,15658.0,0.66964,0.00022,14.6106,3.443617496885194
,,,,,,15659.0,0.66778,0.0004,26.878,3.4363750171893996
,,,,,,15661.0,0.66778,0.00062,41.1096,3.428346533557478
,,,,,,15662.0,0.6715,0.00081,54.1006,3.4476677787823276
,,,,,,15663.0,0.66778,0.00101,67.1261,3.4248076954039304
,,,,,,15664.0,0.66964,0.00118,78.6699,3.4506569462507746
,,,,,,15665.0,0.66964,0.00138,91.7988,3.444450175445334
,,,,,,15665.0,0.6715,0.0015,100.0,3.4655912076217894
,,,,,,15665.0,0.0,0.0015,100.0,3.412605634866978
,,,,,,15666.0,0.0,0.0015,100.0,3.4090011898223254
,,,,,,15667.0,0.0,0.0015,100.0,3.41703177519243
,,,,,,15669.0,0.0,0.0015,100.0,3.4223931451300382
,,,,,,15670.0,0.0,0.0015,100.0,3.411013309944074
,,,,,,15671.0,0.0,0.0015,100.0,3.407302753121616
,,,,,,15672.0,0.0,0.0015,100.0,3.4147260328831823
,,,,,,15673.0,0.0,0.0015,100.0,3.416431782779287
,,,,,,15674.0,0.0,0.0015,100.0,3.421703839999358
,,,,,,15675.0,0.0,0.0015,100.0,3.403852077899353
,,,,,,15676.0,0.0,0.0015,100.0,3.4311042968821726
,,,,,,15677.0,0.0,0.0015,100.0,3.4075123006950347
,,,,,,15678.0,0.0,0.0015,100.0,3.4077870455958474
,,,,,,15679.0,0.0,0.0015,100.0,3.412869866902385
,,,,,,15680.0,0.0,0.0015,100.0,3.4179116091861523
,,,,,,15681.0,0.0,0.0015,100.0,3.404509955102212
,,,,,,15681.0,0.0,0.0015,100.0,3.4111127941892883
,,,,,,,,,,
,,,,,,15681.0,-0.66964,0.0,0.0,3.3610673662047934
,,,,,,15682.0,-0.67708,0.0002,0.9585,3.3747188826917345
,,,,,,15683.0,-0.67708,0.00038,1.8152,3.3605728262482994
,,,,,,15684.0,-0.67336,0.00058,2.7713,3.369992119157922
,,,,,,15685.0,-0.67336,0.00076,3.6702,3.3887623333791783
,,,,,,15686.0,-0.67522,0.00097,4.6784,3.387691733390335
,,,,,,15687.0,-0.6715,0.00115,5.5153,3.372305412230724
,,,,,,15689.0,-0.67708,0.00135,6.4713,3.362984130308846
,,,,,,15690.0,-0.67336,0.00155,7.4721,3.381042444013719
,,,,,,15691.0,-0.67522,0.00173,8.3089,3.3845117326843557
,,,,,,15692.0,-0.67894,0.00193,9.2625,3.3819946473490345
,,,,,,15693.0,-0.67336,0.00213,10.226,3.370505567119746
,,,,,,15694.0,-0.6715,0.00231,11.1199,3.3845934875988233
,,,,,,15695.0,-0.67708,0.00251,12.0661,3.379324014701662
,,,,,,15696.0,-0.67336,0.00271,13.0221,3.368704376431404
,,,,,,15697.0,-0.67522,0.00291,13.9757,3.380609895831927
,,,,,,15698.0,-0.67336,0.00311,14.9665,3.385552090177362
,,,,,,15699.0,-0.67522,0.00331,15.9027,3.383443775018403
,,,,,,15700.0,-0.67336,0.00351,16.8587,3.376847521100319
,,,,,,15701.0,-0.67522,0.00369,17.7229,3.3703178398689064
,,,,,,15702.0,-0.67708,0.0039,18.7211,3.381184919087088
,,,,,,15703.0,-0.67708,0.00407,19.563,3.363695876025359
,,,,,,15704.0,-0.67522,0.00427,20.519,3.3709287817374443
,,,,,,15705.0,-0.67708,0.00447,21.475,3.3972171750721905
,,,,,,15706.0,-0.66964,0.00465,22.3491,3.3848836844417924
,,,,,,15707.0,-0.67522,0.00486,23.3449,3.3702973332492983
,,,,,,15708.0,-0.67708,0.00503,24.1843,3.396148841660596
,,,,,,15709.0,-0.67708,0.00525,25.2222,3.3510035528605377
,,,,,,15710.0,-0.67336,0.00545,26.1758,3.382609217802314
,,,,,,15711.0,-0.67522,0.00564,27.1294,3.377960203643548
,,,,,,15712.0,-0.67336,0.00584,28.0854,3.372963032582116
,,,,,,15714.0,-0.67336,0.00604,29.0315,3.379041915605207
,,,,,,15715.0,-0.67708,0.00622,29.8709,3.38301762505368
,,,,,,15716.0,-0.67522,0.00642,30.8344,3.362557432636671
,,,,,,15717.0,-0.67522,0.00661,31.7705,3.358218187533802
,,,,,,15718.0,-0.67336,0.00679,32.6446,3.373404335813506
,,,,,,15719.0,-0.67708,0.00699,33.5982,3.3772292192330826
,,,,,,15720.0,-0.6715,0.00719,34.5543,3.3966606142111693
,,,,,,15721.0,-0.67522,0.00739,35.5178,3.374971197817758
,,,,,,15722.0,-0.6715,0.00757,36.3819,3.3892368158188586
,,,,,,15723.0,-0.67336,0.00776,37.2734,3.3556939686622425
,,,,,,15724.0,-0.67522,0.00796,38.2369,3.366742280692154
,,,,,,15725.0,-0.67336,0.00815,39.1805,3.364170407634405
,,,,,,15726.0,-0.67708,0.00833,40.0174,3.3833020143278714
,,,,,,15727.0,-0.67708,0.00853,40.9734,3.358724430306389
,,,,,,15728.0,-0.67708,0.00872,41.927,3.373223308083692
,,,,,,15729.0,-0.6715,0.00894,42.9824,3.3769683468068026
,,,,,,15730.0,-0.67708,0.00913,43.9012,3.3560700254428983
,,,,,,15731.0,-0.67894,0.00933,44.8373,3.3639332734252956
,,,,,,15732.0,-0.6715,0.0095,45.6742,3.3603691082344063
,,,,,,15733.0,-0.67522,0.00973,46.747,3.3810464327624925
,,,,,,15734.0,-0.67894,0.0099,47.5937,3.351293857818004
,,,,,,15735.0,-0.67708,0.0101,48.5498,3.366043201135068
,,,,,,15736.0,-0.6715,0.0103,49.5034,3.371375838226797
,,,,,,15737.0,-0.6715,0.01052,50.5761,3.3660988045374602
,,,,,,15739.0,-0.67336,0.01074,51.629,3.3740934869627695
,,,,,,15740.0,-0.67708,0.01092,52.4857,3.3803773689794268
,,,,,,15741.0,-0.67522,0.01112,53.4418,3.3676263398149557
,,,,,,15742.0,-0.67522,0.01132,54.3978,3.360518888248965
,,,,,,15743.0,-0.67336,0.01152,55.3514,3.3843189440704937
,,,,,,15744.0,-0.67708,0.01172,56.3074,3.3740113718437663
,,,,,,15745.0,-0.67336,0.01192,57.2635,3.352213740965291
,,,,,,15746.0,-0.67708,0.01211,58.217,3.3736270128332273
,,,,,,15747.0,-0.66778,0.01232,59.2252,3.367153511413174
,,,,,,15748.0,-0.67336,0.01251,60.1068,3.382982414159176
,,,,,,15749.0,-0.6715,0.0127,61.043,3.388665285037893
,,,,,,15750.0,-0.67522,0.0129,61.9841,3.3818035783710108
,,,,,,15751.0,-0.67894,0.01308,62.8855,3.393018752385949
,,,,,,15752.0,-0.67708,0.01328,63.8391,3.3567117567460025
,,,,,,15753.0,-0.67522,0.01348,64.7951,3.3490224615035253
,,,,,,15754.0,-0.67708,0.01368,65.7512,3.380368775330098
,,,,,,15755.0,-0.6715,0.01388,66.7047,3.3785485723137922
,,,,,,15756.0,-0.6715,0.01407,67.6409,3.3653200820469262
,,,,,,15758.0,-0.67522,0.01427,68.592,3.351237360651387
,,,,,,15759.0,-0.67522,0.01447,69.5282,3.3806549539497786
,,,,,,15760.0,-0.67336,0.01469,70.5811,3.352494351886474
,,,,,,15761.0,-0.6715,0.01486,71.4204,3.3800450062688436
,,,,,,15762.0,-0.67336,0.01506,72.374,3.370104654692517
,,,,,,15763.0,-0.67336,0.01526,73.33,3.373538851936509
,,,,,,15764.0,-0.6715,0.01546,74.2836,3.3490532815548133
,,,,,,15765.0,-0.67336,0.01567,75.2992,3.388835873254702
,,,,,,15766.0,-0.67522,0.01584,76.146,3.3742966370798633
,,,,,,15767.0,-0.67708,0.01604,77.1045,3.3595878573264226
,,,,,,15768.0,-0.67708,0.01625,78.0954,3.371210528335604
,,,,,,15768.0,-0.67708,0.01632,78.438,3.370887723585445
,,,,,,15768.0,-1.35417,0.01632,78.438,3.331112898223206
,,,,,,15769.0,-1.35045,0.01671,80.298,3.3385957306122984
,,,,,,15770.0,-1.35231,0.01709,82.1381,3.3509002717063474
,,,,,,15771.0,-1.35231,0.01745,83.8714,3.3518630115601695
,,,,,,15772.0,-1.35231,0.01786,85.8555,3.333108553817438
,,,,,,15774.0,-1.35045,0.01823,87.6235,3.339056130040795
,,,,,,15775.0,-1.35045,0.01866,89.697,3.341496650919552
,,,,,,15776.0,-1.35231,0.01902,91.413,3.3282799549633797
,,,,,,15777.0,-1.35231,0.01942,93.3226,3.328676616289843
,,,,,,15778.0,-1.35417,0.01982,95.2372,3.337931781969659
,,,,,,15779.0,-1.35231,0.02021,97.1492,3.31846623474974
,,,,,,15780.0,-1.35231,0.02061,99.044,3.3292728227948998
,,,,,,15780.0,-1.34859,0.02081,100.0,3.334826294843864
,,,,,,15780.0,-1.34859,0.02081,100.0,3.315153395175463
,,,,,,,,,,
,,,,,,15780.0,0.67708,0.0,0.0,3.4080821037778173
,,,,,,15781.0,0.67336,0.00019,12.7717,3.4276254884524526
,,,,,,15782.0,0.66778,0.00039,25.6454,3.4096290873128217
,,,,,,15784.0,0.66964,0.0006,39.1304,3.4355303059650075
,,,,,,15785.0,0.6715,0.00079,51.7663,3.4454625166920345
,,,,,,15786.0,0.6715,0.00099,64.7758,3.430943105155074
,,,,,,15787.0,0.67336,0.00118,77.3098,3.4415638171801333
,,,,,,15788.0,0.66964,0.00135,88.8247,3.406825984785173
,,,,,,15788.0,0.6715,0.00152,100.0,3.446385720697612
,,,,,,15788.0,0.0,0.00152,100.0,3.3927771438896324
,,,,,,15790.0,0.0,0.00152,100.0,3.3992416558112613
,,,,,,15791.0,0.0,0.00152,100.0,3.394368005159896
,,,,,,15792.0,0.0,0.00152,100.0,3.4150355963777894
,,,,,,15793.0,0.0,0.00152,100.0,3.4241744472299427
,,,,,,15794.0,0.0,0.00152,100.0,3.4076246475814274
,,,,,,15795.0,0.0,0.00152,100.0,3.4187322761415952
,,,,,,15796.0,0.0,0.00152,100.0,3.4021343375815656
,,,,,,15797.0,0.0,0.00152,100.0,3.400715876888068
,,,,,,15798.0,0.0,0.00152,100.0,3.3894117301762545
,,,,,,15799.0,0.0,0.00152,100.0,3.3900991608358706
,,,,,,15800.0,0.0,0.00152,100.0,3.384258239650567
,,,,,,15801.0,0.0,0.00152,100.0,3.4002663261932486
,,,,,,15802.0,0.0,0.00152,100.0,3.4170563250482258
,,,,,,15803.0,0.0,0.00152,100.0,3.392232870835584
,,,,,,15804.0,0.0,0.00152,100.0,3.4120425383063164
,,,,,,15804.0,0.0,0.00152,100.0,3.4028387223510896
,,,,,,15804.0,0.0,0.00152,100.0,3.387701747753609
,,,,,,,,,,
,,,,,,15804.0,-0.66964,0.0,0.0,3.3824110340606444
,,,,,,15806.0,-0.67522,0.0002,1.0551,3.3638695391048197
,,,,,,15807.0,-0.67522,0.0004,2.1241,3.371056477634545
,,,,,,15808.0,-0.67336,0.0006,3.2098,3.3798220281740647
,,,,,,15809.0,-0.67522,0.00078,4.2094,3.384404411613743
,,,,,,15810.0,-0.67708,0.00099,5.3283,3.373893633150132
,,,,,,15811.0,-0.67522,0.00118,6.3251,3.3800823303060334
,,,,,,15812.0,-0.67522,0.00138,7.3941,3.3603022179582114
,,,,,,15813.0,-0.67708,0.00157,8.4631,3.3560073438245084
,,,,,,15814.0,-0.67522,0.00177,9.5349,3.3706969181829463
,,,,,,15815.0,-0.67522,0.00197,10.6039,3.362482797886091
,,,,,,15816.0,-0.6715,0.00218,11.7201,3.3688733118608054
,,,,,,15817.0,-0.67708,0.00238,12.7808,3.3801921691446335
,,,,,,15818.0,-0.67336,0.00256,13.7387,3.3778031504552426
,,,,,,15819.0,-0.67336,0.00275,14.7661,3.3872678850920197
,,,,,,15820.0,-0.67336,0.00296,15.9017,3.3816378900177466
,,,,,,15821.0,-0.67336,0.00315,16.9513,3.372814872745891
,,,,,,15822.0,-0.6715,0.00334,17.9647,3.382519630076268
,,,,,,15823.0,-0.67708,0.00352,18.9005,3.3643736126752173
,,,,,,15824.0,-0.6715,0.00372,19.9695,3.3713689089049135
,,,,,,15825.0,-0.67336,0.00392,21.0551,3.3636788133906927
,,,,,,15826.0,-0.67522,0.00409,21.9881,3.365421001457586
,,,,,,15827.0,-0.6715,0.00431,23.1459,3.358454480388229
,,,,,,15829.0,-0.67708,0.00453,24.3565,3.3594195583994986
,,,,,,15830.0,-0.67708,0.00473,25.4033,3.355918684209028
,,,,,,15831.0,-0.67336,0.0049,26.3418,3.3566458929560885
,,,,,,15832.0,-0.67522,0.00511,27.4802,3.3678864466197624
,,,,,,15833.0,-0.67336,0.00529,28.427,3.3818705815928523
,,,,,,15834.0,-0.67894,0.00548,29.4738,3.3568089056321337
,,,,,,15835.0,-0.67336,0.00568,30.5123,3.3738720833492324
,,,,,,15836.0,-0.67336,0.00588,31.5785,3.358879506815523
,,,,,,15837.0,-0.67894,0.00608,32.6864,3.372260073859145
,,,,,,15838.0,-0.67336,0.00626,33.6554,3.3675241570159695
,,,,,,15839.0,-0.67522,0.00646,34.7216,3.354358959811092
,,,,,,15839.0,-0.67336,0.00656,35.2548,3.3507102945054084
,,,,,,15839.0,-5.40737,0.00656,35.2548,3.1337871811875946
,,,,,,15841.0,-5.40923,0.0083,44.6175,3.139753250852753
,,,,,,15842.0,-5.40551,0.00977,52.5281,3.1296093090321313
,,,,,,15843.0,-5.40737,0.01132,60.8469,3.122021896448861
,,,,,,15844.0,-5.40923,0.01284,68.999,3.115493069302138
,,,,,,15845.0,-5.40737,0.01443,77.5566,3.107912564423492
,,,,,,15846.0,-5.40551,0.01602,86.1141,3.092532555602619
,,,,,,15847.0,-5.40737,0.0176,94.5911,3.094214918595459
,,,,,,15848.0,-5.41109,0.01861,100.0,3.0915658525244716
