测试时间/Sec,电流/A,容量/Ah,SOC|DOD/%,电压/V,Unnamed: 5,测试时间/Sec.1,电流/A.1,容量/Ah.1,SOC|DOD/%.1,电压/V.1
0.0,3.7686,0.0,0.0,3.497644,,3176.0,0.0,2.4868,100.0,4.146005433107196
1.0,3.7686,0.00101,0.0404,3.506014,,3177.0,0.0,2.4868,100.0,4.10485157519875
2.0,3.77232,0.00212,0.0851,3.513765,,3178.0,0.0,2.4868,100.0,4.107030212687613
3.0,3.77232,0.00323,0.1297,3.519655,,3179.0,0.0,2.4868,100.0,4.1984621196786565
4.0,3.77232,0.00434,0.1744,3.524926,,3180.0,0.0,2.4868,100.0,4.153759432338621
5.0,3.77046,0.00545,0.219,3.530196,,3181.0,0.0,2.4868,100.0,4.1132294081466485
6.0,3.77046,0.00656,0.2637,3.534846,,3182.0,0.0,2.4868,100.0,4.138978958649872
7.0,3.77232,0.00767,0.3084,3.539186,,3183.0,0.0,2.4868,100.0,4.173278090264853
8.0,3.77232,0.00878,0.353,3.543527,,3184.0,0.0,2.4868,100.0,4.156276223954316
9.0,3.7686,0.00989,0.3977,3.547247,,3186.0,0.0,2.4868,100.0,4.119288279961601
11.0,3.77418,0.011,0.4424,3.550967,,3187.0,0.0,2.4868,100.0,4.199183719144278
12.0,3.77418,0.01211,0.487,3.554997,,3188.0,0.0,2.4868,100.0,4.14479372564533
13.0,3.77046,0.01322,0.5317,3.558098,,3189.0,0.0,2.4868,100.0,4.223058701574696
14.0,3.77418,0.01433,0.5764,3.561508,,3190.0,0.0,2.4868,100.0,4.111123403758755
15.0,3.77418,0.01544,0.621,3.564608,,3191.0,0.0,2.4868,100.0,4.097971326464329
16.0,3.77046,0.01656,0.6657,3.567708,,3192.0,0.0,2.4868,100.0,4.164362824653334
17.0,3.77232,0.01767,0.7104,3.570498,,3193.0,0.0,2.4868,100.0,4.1380395584919425
18.0,3.77418,0.01878,0.7551,3.573599,,3193.0,0.0,2.4868,100.0,4.141668857573952
19.0,3.7779,0.01988,0.7993,3.576389,,3193.0,0.0,2.4868,100.0,4.086471779060859
20.0,3.77232,0.02085,0.8385,3.579179,,,,,,
21.0,3.77418,0.02196,0.8831,3.581659,,3193.0,-0.67708,0.0,0.0,4.21687065258544
22.0,3.76488,0.02307,0.9278,3.584449,,3194.0,-0.67708,0.00018,1.8679,4.116105599183124
23.0,3.77232,0.02417,0.972,3.586309,,3195.0,-0.67708,0.00038,3.9105,4.112074205318908
24.0,3.77418,0.02528,1.0167,3.58848,,3196.0,-0.67708,0.00058,5.9477,4.157794425774435
25.0,3.77604,0.02636,1.0601,3.59065,,3197.0,-0.67708,0.00078,7.9903,4.11261813286118
26.0,3.77418,0.02749,1.1056,3.59251,,3198.0,-0.67708,0.00099,10.1492,4.127912706242321
27.0,3.77046,0.0286,1.1502,3.59406,,3200.0,-0.67708,0.00118,12.0383,4.086668634929305
28.0,3.77418,0.02971,1.1949,3.59592,,3201.0,-0.67708,0.00138,14.0967,4.164475213345395
29.0,3.77604,0.03083,1.2396,3.59778,,3202.0,-0.67708,0.00158,16.1393,4.179126796922265
30.0,3.76488,0.03194,1.2842,3.59933,,3203.0,-0.67708,0.00181,18.4887,4.076759956853642
32.0,3.77418,0.03305,1.3289,3.60088,,3204.0,-0.67708,0.00198,20.2984,4.158782809056715
33.0,3.77418,0.03416,1.3736,3.602121,,3205.0,-0.67708,0.00218,22.341,4.072237517320624
34.0,3.77418,0.03527,1.4182,3.603361,,3206.0,-0.67708,0.00238,24.3835,4.15240402159064
35.0,3.77046,0.03638,1.4629,3.604911,,3207.0,-0.67708,0.00258,26.4261,4.126270562843814
36.0,3.77046,0.03749,1.5076,3.606151,,3208.0,-0.67708,0.00278,28.4633,4.100102004561554
37.0,3.7686,0.03864,1.5539,3.607391,,3209.0,-0.67708,0.00298,30.5059,4.220228463062045
38.0,3.77418,0.03966,1.5948,3.608631,,3210.0,-0.67708,0.00318,32.5484,4.14212657541804
39.0,3.76674,0.04077,1.6394,3.609561,,3211.0,-0.67708,0.00338,34.591,4.115946202658052
40.0,3.77232,0.04188,1.6841,3.610491,,3212.0,-0.67708,0.00358,36.6282,4.136305323001039
41.0,3.77232,0.04299,1.7288,3.611421,,3213.0,-0.67708,0.00375,38.4221,4.227130827199708
42.0,3.77418,0.0441,1.7734,3.612351,,3214.0,-0.67708,0.00395,40.4646,4.145606947263185
43.0,3.77046,0.04521,1.8181,3.612971,,3215.0,-0.67708,0.00415,42.5019,4.184397515909149
44.0,3.77232,0.04632,1.8627,3.613901,,3216.0,-0.67708,0.00435,44.5444,4.120541895953427
45.0,3.77232,0.04742,1.907,3.614831,,3217.0,-0.67708,0.00455,46.5869,4.148274186889364
46.0,3.77232,0.04842,1.947,3.615141,,3219.0,-0.67708,0.00475,48.6295,4.049805203726812
47.0,3.77418,0.04953,1.9917,3.616071,,3220.0,-0.67708,0.00496,50.7831,4.096610512245271
48.0,3.77418,0.05063,2.0359,3.616691,,3221.0,-0.67708,0.00514,52.6511,4.106201363670562
49.0,3.77232,0.0516,2.0751,3.617932,,3221.0,-0.67708,0.00527,53.9263,4.166966441056029
50.0,3.77232,0.05275,2.121,3.618242,,3221.0,-1.35045,0.00527,53.9263,4.091310701734072
51.0,3.77232,0.05379,2.1632,3.618862,,3222.0,-1.35231,0.00563,57.6251,4.127701680013808
52.0,3.77418,0.0549,2.2078,3.619482,,3223.0,-1.35231,0.00603,61.7049,4.079854116857382
53.0,3.77046,0.05588,2.247,3.620102,,3224.0,-1.35231,0.00642,65.79,4.154591750944815
54.0,3.77418,0.05699,2.2917,3.620722,,3225.0,-1.35603,0.00682,69.8698,4.101980430005809
56.0,3.77232,0.0581,2.3363,3.621342,,3226.0,-1.35417,0.00722,73.9549,4.174525666014293
57.0,3.77232,0.05921,2.381,3.621652,,3228.0,-1.35231,0.00762,78.0347,4.068287793924419
58.0,3.77232,0.06032,2.4257,3.622272,,3229.0,-1.35417,0.00802,82.1198,4.064489060734018
59.0,3.77046,0.06143,2.4703,3.622892,,3230.0,-1.35417,0.00842,86.2049,4.002299360545642
60.0,3.77046,0.06254,2.515,3.623202,,3231.0,-1.35417,0.00882,90.29,4.09285572700486
61.0,3.77046,0.06364,2.5592,3.623822,,3232.0,-1.35231,0.00922,94.3751,4.012841169473428
62.0,3.77418,0.06478,2.6048,3.624132,,3233.0,-1.35603,0.00961,98.4602,4.1116603393058035
63.0,3.77418,0.06575,2.6439,3.624442,,3233.0,-1.35231,0.00976,100.0,4.133946222007858
64.0,3.77418,0.06682,2.6869,3.624752,,3233.0,-1.35231,0.00976,100.0,4.0341219743182535
65.0,3.77232,0.06795,2.7325,3.625372,,,,,,
66.0,3.77046,0.06893,2.7716,3.625682,,3233.0,0.67894,0.0,0.0,4.214577788254426
67.0,3.77046,0.07004,2.8163,3.626302,,3234.0,0.67894,0.00019,12.7804,4.072809834259418
68.0,3.77232,0.07115,2.8609,3.626612,,3235.0,0.67894,0.00039,25.9347,4.116004151524178
69.0,3.77232,0.07226,2.9056,3.626922,,3236.0,0.67894,0.00059,39.0891,4.2260104165422065
70.0,3.77046,0.07337,2.9502,3.627542,,3237.0,0.67894,0.00079,52.2434,4.092531107641479
71.0,3.77232,0.07448,2.9949,3.627852,,3238.0,0.67894,0.00099,65.3977,4.098580247709143
72.0,3.77232,0.07559,3.0396,3.628162,,3240.0,0.67894,0.00119,78.518,4.23548684410941
73.0,3.77046,0.0767,3.0843,3.628782,,3241.0,0.67894,0.00139,91.6723,4.1633858892832
74.0,3.77046,0.07781,3.1289,3.629402,,3241.0,0.67894,0.00152,100.0,4.152113189196136
75.0,3.77418,0.0789,3.1727,3.629712,,3241.0,0.0,0.00152,100.0,4.127642963348142
76.0,3.77604,0.08006,3.2195,3.630332,,3242.0,0.0,0.00152,100.0,4.252507701043997
77.0,3.77418,0.08116,3.2638,3.630642,,3243.0,0.0,0.00152,100.0,4.152476800525173
78.0,3.77232,0.08214,3.3029,3.630952,,3244.0,0.0,0.00152,100.0,4.046451735374355
80.0,3.7686,0.08325,3.3476,3.631572,,3245.0,0.0,0.00152,100.0,4.137929257238384
81.0,3.77604,0.08436,3.3923,3.631882,,3247.0,0.0,0.00152,100.0,4.097255969086902
82.0,3.77232,0.08547,3.4369,3.632192,,3248.0,0.0,0.00152,100.0,4.183068689619894
83.0,3.77232,0.08658,3.4816,3.632503,,3249.0,0.0,0.00152,100.0,4.102725112030517
84.0,3.7686,0.08764,3.5241,3.632813,,3250.0,0.0,0.00152,100.0,4.150499688548642
85.0,3.77046,0.08877,3.5696,3.633433,,3251.0,0.0,0.00152,100.0,4.096094175991291
86.0,3.77046,0.08988,3.6143,3.633743,,3252.0,0.0,0.00152,100.0,4.115066156574405
87.0,3.77418,0.09099,3.659,3.634363,,3253.0,0.0,0.00152,100.0,4.107289590451918
88.0,3.77418,0.0921,3.7036,3.634673,,3254.0,0.0,0.00152,100.0,4.109217001918139
89.0,3.7686,0.09321,3.7483,3.634983,,3255.0,0.0,0.00152,100.0,4.155127893648392
90.0,3.7686,0.09432,3.7929,3.635603,,3256.0,0.0,0.00152,100.0,4.160059217822297
91.0,3.77418,0.09543,3.8376,3.635913,,3257.0,0.0,0.00152,100.0,4.171550967564977
92.0,3.77418,0.09654,3.8823,3.636223,,3257.0,0.0,0.00152,100.0,4.19703660762329
93.0,3.77418,0.09765,3.9269,3.636533,,3257.0,0.0,0.00152,100.0,4.154284193578087
94.0,3.77046,0.09877,3.9716,3.637153,,,,,,
95.0,3.77418,0.09988,4.0162,3.637773,,3257.0,-0.67522,0.0,0.0,4.1728425425768485
96.0,3.77232,0.10099,4.0609,3.638083,,3258.0,-0.67708,0.00019,0.9246,4.226807917089302
97.0,3.77232,0.10197,4.1005,3.638703,,3259.0,-0.67708,0.00039,1.879,4.1637713189915555
98.0,3.77232,0.10305,4.1439,3.639013,,3260.0,-0.67708,0.00058,2.769,4.168250066443674
99.0,3.77232,0.10422,4.1911,3.639323,,3261.0,-0.67708,0.00078,3.7233,4.155492789229995
101.0,3.77232,0.10531,4.2349,3.639633,,3262.0,-0.67708,0.00098,4.6776,4.151238773404319
102.0,3.77604,0.10642,4.2796,3.640563,,3263.0,-0.67708,0.00118,5.6319,4.081531268349112
103.0,3.77418,0.10753,4.3239,3.640873,,3264.0,-0.67708,0.00138,6.5838,4.048361289659563
104.0,3.77976,0.1085,4.363,3.641493,,3266.0,-0.67708,0.00158,7.5381,4.114813683334921
105.0,3.77418,0.10961,4.4077,3.641803,,3267.0,-0.67708,0.00177,8.4924,4.143305146837303
106.0,3.77046,0.11072,4.4523,3.641803,,3268.0,-0.67708,0.00196,9.3923,4.115697205203416
107.0,3.77232,0.11183,4.497,3.642733,,3269.0,-0.67708,0.00216,10.3293,4.139598429357808
108.0,3.77418,0.11294,4.5417,3.643043,,3270.0,-0.67708,0.00236,11.2812,4.209327671823222
109.0,3.77418,0.11404,4.5859,3.643353,,3271.0,-0.67708,0.00256,12.2355,4.129018316820109
110.0,3.77418,0.11502,4.6251,3.643663,,3272.0,-0.67708,0.00276,13.1898,4.115006066618782
111.0,3.77604,0.11613,4.6698,3.644283,,3273.0,-0.67708,0.00293,14.0254,4.073998058449611
112.0,3.77046,0.11724,4.7144,3.644593,,3274.0,-0.67708,0.00313,14.9797,4.10630597640274
113.0,3.77232,0.11835,4.7591,3.644903,,3275.0,-0.67708,0.00333,15.934,4.050750416186013
114.0,3.77232,0.11946,4.8037,3.645523,,3276.0,-0.67708,0.00353,16.8883,4.189219646725375
115.0,3.77604,0.12057,4.8484,3.645833,,3277.0,-0.67708,0.0037,17.724,4.041763006181548
116.0,3.77604,0.12168,4.8931,3.646143,,3278.0,-0.67708,0.0039,18.6783,4.089458095195704
117.0,3.77232,0.12279,4.9377,3.646453,,3279.0,-0.67708,0.0041,19.6326,4.1227219521207
118.0,3.77232,0.1239,4.9824,3.647074,,3280.0,-0.67708,0.0043,20.5869,4.052750566437751
119.0,3.77046,0.125,5.0266,3.647383,,3281.0,-0.67708,0.0045,21.5412,4.125719864955505
120.0,3.77604,0.12611,5.0713,3.648004,,3282.0,-0.67522,0.0047,22.4931,4.146281275415248
121.0,3.77046,0.12722,5.116,3.648314,,3283.0,-0.67708,0.0049,23.4474,4.175994818199644
122.0,3.77046,0.12833,5.1606,3.648623,,3284.0,-0.67708,0.00512,24.4907,4.077440488489195
124.0,3.77418,0.12945,5.2053,3.648934,,3285.0,-0.67708,0.00531,25.3906,4.223364077039024
125.0,3.77604,0.13056,5.25,3.649554,,3286.0,-0.67708,0.0055,26.335,4.175434936985449
126.0,3.7686,0.13166,5.2942,3.649863,,3288.0,-0.67522,0.0057,27.2894,4.071709908265422
127.0,3.77418,0.13263,5.3334,3.650174,,3289.0,-0.67708,0.00588,28.1275,4.067912814042637
128.0,3.77232,0.13374,5.3781,3.650794,,3290.0,-0.67708,0.00608,29.0793,4.044386584544204
129.0,3.77232,0.1348,5.4206,3.651104,,3291.0,-0.67708,0.00628,30.0336,4.183477061814477
130.0,3.77232,0.13593,5.4661,3.651414,,3292.0,-0.67708,0.00648,30.9879,4.242505264222884
131.0,3.77418,0.13691,5.5053,3.652034,,3293.0,-0.67708,0.00668,31.9398,4.180612582001072
132.0,3.77046,0.13802,5.55,3.652344,,3294.0,-0.67708,0.00687,32.8941,4.128511068417113
133.0,3.77418,0.13913,5.5946,3.652654,,3295.0,-0.67708,0.00707,33.8484,4.028482554757155
134.0,3.77046,0.14024,5.6393,3.652964,,3296.0,-0.67708,0.00727,34.8027,4.242313418707443
135.0,3.77232,0.14136,5.6844,3.653584,,3297.0,-0.67708,0.00747,35.7545,4.030369595086608
136.0,3.77232,0.14233,5.7236,3.654204,,3298.0,-0.67708,0.00768,36.7459,4.066813473218235
137.0,3.77232,0.14344,5.7682,3.654514,,3299.0,-0.67708,0.00786,37.5915,4.130378204677289
138.0,3.7686,0.14456,5.8129,3.654824,,3300.0,-0.67708,0.00806,38.5458,4.119075547681623
139.0,3.77418,0.14566,5.8571,3.655134,,3301.0,-0.67708,0.00826,39.5001,4.141960469992481
140.0,3.77418,0.14663,5.8963,3.655754,,3302.0,-0.67708,0.00846,40.4618,4.127868065866581
141.0,3.77232,0.14774,5.941,3.656064,,3303.0,-0.67708,0.00866,41.4161,4.19088830302064
142.0,3.77232,0.14893,5.9886,3.656374,,3304.0,-0.67708,0.00886,42.3704,4.130749929586175
143.0,3.77418,0.14998,6.0312,3.656994,,3305.0,-0.67708,0.00906,43.3322,4.173231009280587
144.0,3.77046,0.15109,6.0759,3.657304,,3306.0,-0.67708,0.00925,44.2766,4.049516315706781
145.0,3.77046,0.15221,6.1205,3.657924,,3307.0,-0.67708,0.00943,45.1147,4.151652706906701
146.0,3.77232,0.15332,6.1652,3.658234,,3308.0,-0.67708,0.00963,46.0937,4.127182738807178
147.0,3.77046,0.15443,6.2098,3.658544,,3309.0,-0.67708,0.00983,47.0481,4.0710129851648755
148.0,3.7686,0.15548,6.2524,3.658854,,3311.0,-0.67708,0.01003,48.0024,4.16406039236143
149.0,3.77232,0.15654,6.295,3.659474,,3312.0,-0.67708,0.01023,48.9567,4.105844203823283
150.0,3.77418,0.15765,6.3396,3.659784,,3313.0,-0.67708,0.01043,49.911,4.147291047300514
152.0,3.77418,0.15876,6.3843,3.660404,,3314.0,-0.67708,0.01063,50.8628,4.12019817620177
153.0,3.77418,0.15988,6.4289,3.660714,,3315.0,-0.67708,0.01083,51.8171,4.099911387741199
154.0,3.77232,0.16099,6.4736,3.661024,,3316.0,-0.67708,0.01103,52.7715,4.10786911074963
155.0,3.77232,0.1621,6.5183,3.661334,,3317.0,-0.67708,0.01123,53.7258,4.095881693476185
156.0,3.77046,0.16321,6.5629,3.661954,,3318.0,-0.67708,0.01143,54.6801,4.109091385404191
157.0,3.77418,0.16431,6.6072,3.662264,,3319.0,-0.67708,0.01163,55.6344,4.1338946600181155
158.0,3.77232,0.16528,6.6464,3.663194,,3320.0,-0.67708,0.01183,56.5862,4.167329591324634
159.0,3.77232,0.16639,6.691,3.663504,,3321.0,-0.67708,0.01203,57.5405,4.10588588674994
160.0,3.77046,0.1675,6.7357,3.664124,,3322.0,-0.67708,0.01222,58.4504,4.073944285688648
161.0,3.77046,0.16851,6.7761,3.664124,,3323.0,-0.67708,0.01239,59.3058,4.10013813125786
162.0,3.77418,0.16964,6.8216,3.664745,,3324.0,-0.67708,0.01259,60.2601,4.002389674999387
163.0,3.77232,0.17075,6.8663,3.665055,,3325.0,-0.67708,0.01279,61.2119,4.157816483641204
164.0,3.77046,0.17186,6.9109,3.665365,,3326.0,-0.67708,0.01299,62.1662,4.112656622667759
165.0,3.77046,0.17297,6.9556,3.665985,,3327.0,-0.67708,0.01319,63.1107,4.196456644096979
166.0,3.7686,0.17408,7.0003,3.666605,,3328.0,-0.67708,0.01339,64.065,4.096815943947594
167.0,3.77232,0.17517,7.0441,3.666915,,3329.0,-0.67708,0.01359,65.0193,4.055259035650106
168.0,3.77046,0.17644,7.0951,3.667225,,3330.0,-0.67708,0.01379,65.9736,4.015265017342347
169.0,3.77046,0.17755,7.1397,3.667845,,3332.0,-0.67708,0.01399,66.9279,4.034017182017518
171.0,3.77232,0.17866,7.1844,3.668155,,3333.0,-0.67708,0.01419,67.8822,4.159527721487811
172.0,3.77418,0.17977,7.229,3.668465,,3334.0,-0.67708,0.01439,68.8341,4.079607868368689
173.0,3.77046,0.18088,7.2737,3.669085,,3335.0,-0.67708,0.01459,69.7884,4.124522037845422
174.0,3.77232,0.18198,7.3179,3.669395,,3336.0,-0.67708,0.01478,70.7427,4.033857244643666
175.0,3.77232,0.18324,7.3685,3.669705,,3337.0,-0.67708,0.01498,71.697,4.135810599252253
176.0,3.77418,0.18421,7.4077,3.670325,,3338.0,-0.67708,0.01517,72.6043,4.04857206635987
177.0,3.7686,0.18532,7.4523,3.670635,,3339.0,-0.67708,0.01537,73.5314,4.155132258777921
178.0,3.77418,0.18644,7.497,3.671255,,3340.0,-0.67708,0.01557,74.4858,4.115157894762651
179.0,3.77232,0.18757,7.5425,3.671565,,3341.0,-0.67708,0.01577,75.4401,3.9828563794824157
180.0,3.7686,0.18856,7.5825,3.671875,,3342.0,-0.67708,0.01597,76.3944,4.195813686588078
181.0,3.77232,0.18967,7.6272,3.672185,,3343.0,-0.67708,0.01616,77.3388,4.0497305089219005
182.0,3.77046,0.19078,7.6718,3.672805,,3344.0,-0.67708,0.01634,78.1769,4.049105585971649
183.0,3.77232,0.19189,7.7165,3.673115,,3344.0,-0.67708,0.01636,78.3005,3.981956793716645
184.0,3.7686,0.19308,7.7641,3.673425,,3344.0,-1.35231,0.01636,78.3005,4.08893290530121
185.0,3.7686,0.19409,7.805,3.674045,,3345.0,-1.35045,0.01682,80.4589,4.00156863344472
186.0,3.77604,0.19521,7.8496,3.674355,,3346.0,-1.35417,0.01721,82.365,4.117544309425437
187.0,3.77232,0.19632,7.8943,3.674665,,3348.0,-1.35417,0.01761,84.2736,4.127008078083941
188.0,3.77232,0.19742,7.9385,3.675285,,3349.0,-1.35417,0.01801,86.1798,4.012605090173577
189.0,3.77046,0.19853,7.9832,3.675595,,3350.0,-1.35417,0.01841,88.0859,4.078735680082228
191.0,3.7686,0.19964,8.0279,3.675905,,3351.0,-1.34859,0.01881,89.9946,4.118235244043915
192.0,3.77046,0.20075,8.0725,3.676525,,3352.0,-1.35417,0.01921,91.9007,4.151192419392962
193.0,3.7686,0.20186,8.1172,3.676525,,3353.0,-1.35231,0.01961,93.8093,4.155212858989047
194.0,3.77046,0.20297,8.1619,3.677145,,3354.0,-1.35603,0.02,95.7006,4.05814306104851
195.0,3.7686,0.20408,8.2065,3.677765,,3355.0,-1.35417,0.02035,97.3744,4.078968642610271
196.0,3.7686,0.20519,8.2512,3.678075,,3356.0,-1.35417,0.02075,99.2806,4.1285028820718415
197.0,3.77046,0.2063,8.2958,3.678385,,3356.0,-1.35417,0.0209,100.0,4.063091529541783
198.0,3.77232,0.20741,8.3405,3.678695,,3356.0,-1.35417,0.0209,100.0,4.058193488862828
199.0,3.77418,0.20852,8.3851,3.679316,,,,,,
200.0,3.77232,0.20962,8.4294,3.679626,,3356.0,0.67894,0.0,0.0,4.188104794465531
201.0,3.77418,0.2106,8.4685,3.679935,,3357.0,0.67894,0.00019,12.5896,4.170335651596709
202.0,3.7686,0.21171,8.5132,3.680246,,3358.0,0.67894,0.00038,24.9062,4.169273207672204
203.0,3.77232,0.21282,8.5579,3.680866,,3359.0,0.67894,0.00058,38.1099,4.161033723474552
204.0,3.77046,0.21393,8.6025,3.681176,,3361.0,0.67894,0.00081,53.4289,4.174068017555196
205.0,3.7779,0.21503,8.6468,3.681486,,3362.0,0.67894,0.00099,65.2678,4.249645143596706
206.0,3.77232,0.21618,8.6931,3.682106,,3363.0,0.67894,0.00119,78.4715,4.0772718602849505
207.0,3.77232,0.21723,8.7352,3.682416,,3364.0,0.67894,0.00139,91.6411,4.208311461979418
208.0,3.77418,0.2182,8.7744,3.683036,,3364.0,0.67894,0.00151,100.0,4.185438837745422
209.0,3.77418,0.21931,8.8191,3.683036,,3364.0,0.0,0.00151,100.0,4.164737840565959
210.0,3.77604,0.22042,8.8638,3.683656,,3365.0,0.0,0.00151,100.0,4.1626993071630976
212.0,3.77418,0.22154,8.9084,3.683966,,3366.0,0.0,0.00151,100.0,4.144059273631235
213.0,3.7686,0.22265,8.9531,3.684586,,3367.0,0.0,0.00151,100.0,4.13508276682134
214.0,3.7686,0.22376,8.9977,3.684586,,3368.0,0.0,0.00151,100.0,4.121791281708299
215.0,3.77232,0.22492,9.0445,3.684896,,3369.0,0.0,0.00151,100.0,4.142946945065379
216.0,3.77046,0.22589,9.0837,3.685826,,3370.0,0.0,0.00151,100.0,4.1270421384015705
217.0,3.77232,0.227,9.1284,3.686136,,3372.0,0.0,0.00151,100.0,4.149662571610798
218.0,3.77046,0.22811,9.173,3.686446,,3373.0,0.0,0.00151,100.0,4.209921889123807
219.0,3.77418,0.22922,9.2173,3.687066,,3374.0,0.0,0.00151,100.0,4.171526055288748
220.0,3.77418,0.2303,9.2611,3.687376,,3375.0,0.0,0.00151,100.0,4.150582134221557
221.0,3.76488,0.23141,9.3053,3.687686,,3376.0,0.0,0.00151,100.0,4.1031653152038405
222.0,3.77232,0.23238,9.3445,3.688306,,3377.0,0.0,0.00151,100.0,4.195431872628135
223.0,3.77046,0.23349,9.3892,3.688616,,3378.0,0.0,0.00151,100.0,4.1843294237841935
224.0,3.77418,0.2346,9.4338,3.688926,,3379.0,0.0,0.00151,100.0,4.209545474339982
225.0,3.77232,0.23571,9.4785,3.689236,,3380.0,0.0,0.00151,100.0,4.186482760862688
226.0,3.77232,0.23682,9.5231,3.689546,,3380.0,0.0,0.00151,100.0,4.080542538105889
227.0,3.77232,0.23798,9.5699,3.690166,,3380.0,0.0,0.00151,100.0,4.1667026163673375
228.0,3.77604,0.23924,9.6205,3.690476,,,,,,
229.0,3.77046,0.24029,9.6626,3.690786,,3380.0,-0.67522,0.0,0.0,4.120135414620017
230.0,3.77232,0.24127,9.7018,3.691406,,3381.0,-0.67708,0.00019,0.4689,4.1065036880311405
231.0,3.77046,0.24238,9.7465,3.691716,,3382.0,-0.67708,0.00039,0.9528,4.137556479059359
232.0,3.77418,0.24349,9.7911,3.692026,,3383.0,-0.67708,0.00059,1.4368,4.1038652861094915
234.0,3.77418,0.2446,9.8358,3.692336,,3384.0,-0.67708,0.00079,1.9157,4.055166840112588
235.0,3.77232,0.24571,9.8805,3.692646,,3386.0,-0.67708,0.00099,2.3996,4.079794308134549
236.0,3.7686,0.24682,9.9251,3.693266,,3387.0,-0.67708,0.00119,2.8836,4.01799208380186
237.0,3.77232,0.24793,9.9698,3.693576,,3388.0,-0.67708,0.00139,3.3663,4.13212921199738
238.0,3.77418,0.24903,10.0141,3.693887,,3389.0,-0.67708,0.00159,3.8502,4.218875062586364
239.0,3.77232,0.25,10.0532,3.693887,,3390.0,-0.67708,0.00178,4.3291,4.03206874407279
240.0,3.77046,0.25111,10.0979,3.693887,,3391.0,-0.67708,0.00198,4.7993,4.185778006369805
241.0,3.77418,0.25222,10.1425,3.694196,,3392.0,-0.67708,0.00217,5.2607,4.1118483461416195
242.0,3.77418,0.25334,10.1872,3.694506,,3393.0,-0.67522,0.00237,5.7433,4.072136160032413
243.0,3.77046,0.25445,10.2319,3.694816,,3394.0,-0.67708,0.00257,6.2273,4.209025608578478
244.0,3.77046,0.25556,10.2765,3.695436,,3395.0,-0.67708,0.00277,6.7112,4.034000480470774
245.0,3.77232,0.25667,10.3212,3.695746,,3396.0,-0.67708,0.00297,7.1952,4.142598224197201
246.0,3.77604,0.25778,10.3658,3.696367,,3397.0,-0.67708,0.00315,7.6515,4.114775533505789
247.0,3.77418,0.25875,10.405,3.696676,,3398.0,-0.67708,0.00335,8.1254,4.090781328580676
248.0,3.77418,0.25985,10.4493,3.698537,,3399.0,-0.67708,0.00355,8.6094,4.148410885956821
249.0,3.77232,0.26096,10.4939,3.698847,,3400.0,-0.67708,0.00375,9.0933,4.08868008350497
250.0,3.77418,0.26207,10.5386,3.698537,,3401.0,-0.67708,0.00395,9.576,4.055029146462157
251.0,3.77046,0.26337,10.5908,3.699157,,3402.0,-0.67708,0.00415,10.0599,4.109204707877179
252.0,3.77604,0.26438,10.6313,3.699777,,3403.0,-0.67708,0.00435,10.5439,4.078275729770864
253.0,3.77232,0.26556,10.6789,3.700087,,3404.0,-0.67708,0.00454,11.0278,4.133173346983013
255.0,3.77418,0.2666,10.7206,3.700087,,3405.0,-0.67708,0.00474,11.5117,4.063336434985085
256.0,3.77046,0.26771,10.7653,3.700397,,3407.0,-0.67708,0.00494,11.9907,4.202342082530485
257.0,3.77232,0.26882,10.81,3.701637,,3408.0,-0.67708,0.00514,12.4608,4.118583856396141
258.0,3.77232,0.26993,10.8546,3.701947,,3409.0,-0.67708,0.00531,12.8846,4.0695572488717815
259.0,3.77232,0.27103,10.8989,3.702257,,3410.0,-0.67708,0.00551,13.3685,4.036434314510999
260.0,3.77418,0.27218,10.9448,3.702567,,3411.0,-0.67708,0.00571,13.8525,4.129573089380607
261.0,3.77418,0.27317,10.9848,3.703187,,3412.0,-0.67708,0.00591,14.3351,4.127255365500075
262.0,3.77232,0.27428,11.0295,3.703187,,3413.0,-0.67522,0.00611,14.8191,4.126232614902918
263.0,3.77232,0.27539,11.0742,3.703807,,3414.0,-0.67708,0.00631,15.303,4.0940133128628275
264.0,3.77418,0.2765,11.1188,3.704117,,3415.0,-0.67708,0.00651,15.787,4.062378168788047
265.0,3.77604,0.27761,11.1635,3.704117,,3415.0,-0.67708,0.00658,15.9688,4.0739703793190865
266.0,3.77232,0.27872,11.2081,3.704117,,3415.0,-5.40923,0.00658,15.9688,3.963974367869013
267.0,3.7686,0.27984,11.2528,3.705047,,3416.0,-5.40737,0.0081,19.651,3.9163634787241515
268.0,3.77232,0.28095,11.2975,3.705357,,3417.0,-5.40923,0.00969,23.515,3.908951818756557
269.0,3.77232,0.28205,11.3417,3.705667,,3418.0,-5.40551,0.01134,27.5244,4.032407866380807
270.0,3.77232,0.28315,11.386,3.705977,,3419.0,-5.40737,0.01277,30.9872,3.9136531365450797
271.0,3.77418,0.28418,11.4277,3.706287,,3420.0,-5.41109,0.01436,34.8512,3.7923422105247586
272.0,3.77046,0.28529,11.4723,3.706597,,3422.0,-5.40923,0.01596,38.7139,3.957977581711467
273.0,3.7686,0.2864,11.517,3.706907,,3423.0,-5.40737,0.01755,42.5779,3.9289102939959455
274.0,3.77232,0.2875,11.5612,3.707217,,3423.0,-5.40737,0.01873,45.4577,3.9590306311280936
275.0,3.77046,0.28859,11.605,3.707527,,3423.0,-3.3817,0.01873,45.4577,3.8523404522089826
276.0,3.77232,0.28966,11.648,3.708457,,3424.0,-3.37984,0.01964,47.6455,3.9813501992113545
278.0,3.77232,0.29077,11.6927,3.708457,,3425.0,-3.3817,0.02063,50.0602,4.007259994149582
279.0,3.77046,0.29188,11.7373,3.709077,,3426.0,-3.37984,0.02158,52.362,3.99272293428241
280.0,3.7686,0.29299,11.782,3.709077,,3427.0,-3.37798,0.02261,54.8682,3.9538305164126553
281.0,3.77232,0.29411,11.8267,3.709387,,3428.0,-3.3817,0.02349,56.9883,3.945163007753729
282.0,3.77418,0.29522,11.8713,3.709697,,3429.0,-3.3817,0.02443,59.2663,3.982638315129773
283.0,3.77418,0.29633,11.916,3.710317,,3430.0,-3.37984,0.02544,61.7261,4.0391217073603585
284.0,3.77418,0.29743,11.9602,3.710628,,3431.0,-3.3817,0.02631,63.8449,3.9878651512871697
285.0,3.77418,0.2984,11.9994,3.710938,,3433.0,-3.37984,0.02731,66.2596,3.983376046635346
286.0,3.77232,0.29951,12.0441,3.711247,,3434.0,-3.37798,0.0283,68.6743,4.008868939739429
287.0,3.77232,0.30062,12.0888,3.711558,,3435.0,-3.37984,0.0293,71.089,4.075118698405537
288.0,3.77232,0.30173,12.1334,3.711868,,3436.0,-3.3817,0.03029,73.5049,4.046403676247243
289.0,3.7686,0.30279,12.176,3.712178,,3437.0,-3.38542,0.03133,76.0111,4.001958648855618
290.0,3.77046,0.3039,12.2206,3.712488,,3438.0,-3.3817,0.03222,78.1763,3.9578223391033425
291.0,3.77046,0.30501,12.2653,3.712798,,3439.0,-3.37984,0.03321,80.5923,3.998644463378941
292.0,3.77232,0.30609,12.3087,3.713108,,3440.0,-3.3817,0.0342,82.9844,4.00524378495775
293.0,3.77046,0.3072,12.3534,3.713418,,3441.0,-3.37984,0.03507,85.1032,3.9800942671440893
294.0,3.77232,0.30831,12.398,3.713728,,3442.0,-3.3817,0.03602,87.4025,4.087017202849064
295.0,3.77418,0.30942,12.4427,3.714038,,3443.0,-3.3817,0.03699,89.7483,4.056842343478146
296.0,3.77418,0.31054,12.4873,3.714348,,3444.0,-3.37984,0.03798,92.1642,3.9595028511713575
297.0,3.77046,0.31165,12.532,3.714658,,3445.0,-3.37984,0.03898,94.5789,3.970136050343764
298.0,3.77046,0.31268,12.5737,3.714968,,3446.0,-3.37984,0.03997,96.9936,4.0429648451347155
300.0,3.77046,0.31374,12.6163,3.715278,,3447.0,-3.3817,0.04097,99.407,4.020553469766754
301.0,3.77418,0.31485,12.661,3.715588,,3447.0,-3.37798,0.04121,100.0,3.9150139089848244
302.0,3.77604,0.31595,12.7052,3.715898,,3447.0,-3.37798,0.04121,100.0,3.9668337315068425
303.0,3.77418,0.31706,12.7499,3.716208,,,,,,
304.0,3.77232,0.31817,12.7945,3.716518,,3447.0,1.33185,0.0,0.0,4.0678823220472475
305.0,3.77418,0.31929,12.8392,3.716828,,3448.0,1.35603,0.0004,13.4421,4.068031954485878
306.0,3.77046,0.3204,12.8839,3.717138,,3449.0,1.35603,0.00076,25.1159,4.135396143989165
307.0,3.77232,0.32151,12.9285,3.717448,,3450.0,1.35975,0.00117,38.7468,4.113334693389053
308.0,3.77046,0.32262,12.9732,3.717758,,3451.0,1.35231,0.00157,52.0172,4.162125859912396
309.0,3.77418,0.32373,13.0179,3.718068,,3452.0,1.34673,0.00196,65.2361,4.177817563422895
310.0,3.77232,0.32484,13.0625,3.718378,,3454.0,1.35231,0.00236,78.4893,4.144698612243198
311.0,3.77046,0.32593,13.1064,3.718688,,3455.0,1.34673,0.00276,91.7597,4.064655419460245
312.0,3.77418,0.32704,13.151,3.718998,,3455.0,1.35045,0.00301,100.0,4.1822403381742905
313.0,3.77418,0.32815,13.1957,3.718998,,3455.0,1.35045,0.00301,100.0,4.098199452063213
314.0,3.77232,0.32926,13.2404,3.719308,,,,,,
315.0,3.77418,0.33037,13.285,3.719928,,3455.0,-1.35975,0.0,0.0,3.9884332529809714
316.0,3.77232,0.33148,13.3297,3.719928,,3456.0,-1.35231,0.00038,3.1849,4.029877246947674
317.0,3.77418,0.33259,13.3744,3.720238,,3457.0,-1.35417,0.00078,6.4941,4.070008060366772
318.0,3.77232,0.33369,13.4186,3.720548,,3458.0,-1.35417,0.00118,9.799,4.141001258196189
320.0,3.77046,0.33472,13.4599,3.720858,,3460.0,-1.35231,0.00158,13.1081,4.041428934098351
321.0,3.77232,0.33583,13.5045,3.721168,,3461.0,-1.35603,0.00198,16.4173,4.0766469157990795
322.0,3.77232,0.33694,13.5492,3.721788,,3462.0,-1.35603,0.00238,19.7265,4.070394690761193
323.0,3.77232,0.33805,13.5939,3.721788,,3463.0,-1.35231,0.00278,23.0357,4.0582456046747035
324.0,3.77232,0.33916,13.6386,3.722098,,3464.0,-1.35417,0.00318,26.3406,4.122994369349861
325.0,3.77418,0.34027,13.6832,3.722408,,3465.0,-1.35603,0.00357,29.6498,4.061888933221627
326.0,3.77046,0.34127,13.7232,3.722718,,3466.0,-1.35231,0.00397,32.959,4.046357910380769
327.0,3.7686,0.34235,13.7666,3.723028,,3467.0,-1.35417,0.00437,36.2682,4.050630472210061
328.0,3.77418,0.34346,13.8113,3.723338,,3468.0,-1.35417,0.00477,39.5774,4.057455314067452
329.0,3.77418,0.34457,13.856,3.723648,,3469.0,-1.35603,0.00517,42.8865,4.095355608020212
330.0,3.7686,0.34568,13.9006,3.723648,,3470.0,-1.35417,0.00557,46.1914,4.074455442732685
331.0,3.77232,0.34679,13.9453,3.723958,,3471.0,-1.35231,0.00597,49.5006,4.026847423738998
332.0,3.77418,0.3479,13.9899,3.724268,,3472.0,-1.35603,0.00637,52.8098,3.9729133779968153
333.0,3.77418,0.34901,14.0346,3.724578,,3473.0,-1.35231,0.00676,56.119,4.068149585003814
334.0,3.77046,0.35012,14.0793,3.724888,,3474.0,-1.35417,0.00718,59.5825,4.076028571006713
335.0,3.77232,0.35122,14.1235,3.725199,,3475.0,-1.35417,0.00753,62.4845,3.9893111549743336
336.0,3.77046,0.35233,14.1682,3.725508,,3476.0,-1.35603,0.00793,65.7936,4.023166175571336
337.0,3.77046,0.35344,14.2128,3.725818,,3477.0,-1.35417,0.00833,69.0985,4.0015749668630125
338.0,3.77232,0.35461,14.2596,3.726129,,3478.0,-1.35603,0.00868,72.0005,4.010560810023866
339.0,3.77232,0.35559,14.2992,3.726439,,3479.0,-1.35231,0.00908,75.3097,4.057577053313038
341.0,3.77232,0.3567,14.3439,3.726748,,3481.0,-1.35603,0.00948,78.6189,4.024911371030646
342.0,3.77232,0.35781,14.3885,3.727059,,3482.0,-1.35417,0.00989,82.0524,4.141052121673899
343.0,3.77046,0.35892,14.4332,3.727059,,3483.0,-1.35417,0.01026,85.113,4.040021064388294
344.0,3.77232,0.36003,14.4778,3.727679,,3484.0,-1.35417,0.01066,88.4221,3.871713920863269
345.0,3.77232,0.36115,14.5225,3.727679,,3485.0,-1.35417,0.01106,91.727,4.095799511498993
346.0,3.7686,0.36226,14.5672,3.727988,,3486.0,-1.35417,0.01146,95.0362,4.096227259506655
347.0,3.77046,0.36337,14.6118,3.728299,,3487.0,-1.35417,0.01185,98.3411,4.032186514635321
348.0,3.77418,0.36448,14.6565,3.728609,,3487.0,-1.35231,0.01205,100.0,4.077206560156844
349.0,3.77418,0.36559,14.7012,3.728609,,3487.0,-1.35231,0.01205,100.0,4.042155271455131
350.0,3.77418,0.3667,14.7458,3.729229,,,,,,
351.0,3.77232,0.36781,14.7905,3.729539,,3487.0,2.70461,0.0,0.0,4.143309190043646
352.0,3.7686,0.36892,14.8351,3.729539,,3488.0,2.70647,0.00078,12.831,4.0703415054984955
353.0,3.77418,0.37003,14.8798,3.729849,,3489.0,2.70461,0.00158,25.9165,4.15691719138716
354.0,3.77232,0.37114,14.9245,3.730159,,3491.0,2.70647,0.00238,39.0105,4.212760230457875
355.0,3.7686,0.37231,14.9713,3.730779,,3492.0,2.70833,0.00317,52.0961,4.211605607906913
356.0,3.77418,0.37334,15.013,3.730779,,3493.0,2.70647,0.004,65.6738,4.201620103863399
357.0,3.77232,0.37445,15.0576,3.731399,,3494.0,2.70833,0.0047,77.1555,4.196915984743595
358.0,3.77046,0.37556,15.1023,3.731399,,3495.0,2.70647,0.00549,90.241,4.28282219530965
359.0,3.77232,0.37667,15.147,3.731709,,3495.0,2.70461,0.00609,100.0,4.159896278804349
361.0,3.77046,0.37777,15.1912,3.732019,,3495.0,0.0,0.00609,100.0,4.1209609572730175
362.0,3.77232,0.37875,15.2304,3.732329,,3496.0,0.0,0.00609,100.0,4.072324244156081
363.0,3.77232,0.37986,15.275,3.732329,,3497.0,0.0,0.00609,100.0,4.1565931498503765
364.0,3.77418,0.38097,15.3197,3.732949,,3498.0,0.0,0.00609,100.0,4.021359825606929
365.0,3.77046,0.38208,15.3644,3.732949,,3500.0,0.0,0.00609,100.0,4.119207069403857
366.0,3.77232,0.38319,15.409,3.733259,,3501.0,0.0,0.00609,100.0,4.057462276571919
367.0,3.77046,0.3843,15.4537,3.733569,,3502.0,0.0,0.00609,100.0,4.104083227107299
368.0,3.77232,0.38541,15.4983,3.733879,,3503.0,0.0,0.00609,100.0,4.1046525949361055
369.0,3.77046,0.38652,15.543,3.733879,,3504.0,0.0,0.00609,100.0,4.096485893121198
370.0,3.77232,0.38763,15.5877,3.734189,,3505.0,0.0,0.00609,100.0,4.117437027002808
371.0,3.77604,0.38877,15.6332,3.734499,,3506.0,0.0,0.00609,100.0,4.151376135502271
372.0,3.77046,0.38984,15.6762,3.734499,,3507.0,0.0,0.00609,100.0,4.092533805255578
373.0,3.77046,0.39081,15.7153,3.734809,,3508.0,0.0,0.00609,100.0,4.140395575594002
374.0,3.77046,0.39192,15.76,3.735119,,3509.0,0.0,0.00609,100.0,4.038787562887486
375.0,3.77046,0.39303,15.8046,3.735429,,3510.0,0.0,0.00609,100.0,4.183221416757534
376.0,3.77232,0.39414,15.8493,3.735739,,3511.0,0.0,0.00609,100.0,4.106940280079535
377.0,3.7686,0.39525,15.894,3.736049,,3512.0,0.0,0.00609,100.0,4.1654944436930705
378.0,3.77418,0.39636,15.9386,3.736359,,3513.0,0.0,0.00609,100.0,4.0134717788714225
379.0,3.77046,0.39747,15.9833,3.736359,,3514.0,0.0,0.00609,100.0,4.022907366893109
380.0,3.77418,0.39858,16.0279,3.736669,,3515.0,0.0,0.00609,100.0,4.151778046451428
382.0,3.77232,0.39969,16.0726,3.736979,,3516.0,0.0,0.00609,100.0,4.124107958500122
383.0,3.77232,0.4008,16.1173,3.737289,,3517.0,0.0,0.00609,100.0,4.157264839682836
384.0,3.77046,0.40188,16.1607,3.737289,,3518.0,0.0,0.00609,100.0,4.062009853507836
385.0,3.77046,0.40296,16.2041,3.737599,,3519.0,0.0,0.00609,100.0,4.056710610218529
386.0,3.77046,0.40407,16.2487,3.737909,,3520.0,0.0,0.00609,100.0,4.0789754797412
387.0,3.7686,0.40517,16.293,3.738219,,3521.0,0.0,0.00609,100.0,4.1020144759206065
388.0,3.7686,0.40627,16.3372,3.738529,,3523.0,0.0,0.00609,100.0,4.138353827208829
389.0,3.77418,0.40738,16.3819,3.738529,,3524.0,0.0,0.00609,100.0,4.130919698080525
390.0,3.77232,0.4085,16.4265,3.738839,,3525.0,0.0,0.00609,100.0,4.104120765555842
391.0,3.77046,0.40961,16.4712,3.739149,,3526.0,0.0,0.00609,100.0,4.157595455282194
392.0,3.77232,0.41072,16.5159,3.739149,,3527.0,0.0,0.00609,100.0,4.145773303487798
393.0,3.77232,0.41183,16.5605,3.739459,,3528.0,0.0,0.00609,100.0,4.108091117754737
394.0,3.77232,0.41294,16.6052,3.739769,,3529.0,0.0,0.00609,100.0,4.054387463351607
395.0,3.77418,0.41405,16.6499,3.740079,,3530.0,0.0,0.00609,100.0,4.114008609543701
396.0,3.77046,0.41514,16.6937,3.740389,,3531.0,0.0,0.00609,100.0,4.179993301674738
397.0,3.77232,0.41611,16.7329,3.740389,,3532.0,0.0,0.00609,100.0,4.080502202331571
398.0,3.77418,0.41721,16.7771,3.740699,,3533.0,0.0,0.00609,100.0,4.067540835762025
399.0,3.77046,0.41832,16.8218,3.740699,,3534.0,0.0,0.00609,100.0,4.088325960155615
400.0,3.77046,0.41943,16.8664,3.741009,,3535.0,0.0,0.00609,100.0,4.136030476258697
401.0,3.77232,0.42055,16.9111,3.741319,,3536.0,0.0,0.00609,100.0,4.058998488735625
402.0,3.77232,0.42166,16.9558,3.741629,,3537.0,0.0,0.00609,100.0,4.178941602974993
404.0,3.77046,0.42277,17.0004,3.74194,,3538.0,0.0,0.00609,100.0,4.174850880540932
405.0,3.77232,0.42387,17.0447,3.74194,,3539.0,0.0,0.00609,100.0,4.117761671368349
406.0,3.77232,0.42498,17.0893,3.742249,,3540.0,0.0,0.00609,100.0,4.1305379262834565
407.0,3.77418,0.42609,17.134,3.742249,,3541.0,0.0,0.00609,100.0,4.074450237321094
408.0,3.77046,0.4272,17.1787,3.74287,,3542.0,0.0,0.00609,100.0,4.151088634419202
409.0,3.77232,0.42831,17.2233,3.74287,,3543.0,0.0,0.00609,100.0,4.022796355363671
410.0,3.77232,0.42942,17.268,3.74318,,3544.0,0.0,0.00609,100.0,4.1598364804012204
411.0,3.77418,0.43053,17.3126,3.74349,,3546.0,0.0,0.00609,100.0,4.0907827785514534
412.0,3.77418,0.43164,17.3573,3.74349,,3547.0,0.0,0.00609,100.0,4.120830389614151
413.0,3.77232,0.43275,17.402,3.7438,,3548.0,0.0,0.00609,100.0,4.079175681678891
414.0,3.77046,0.43386,17.4466,3.7438,,3549.0,0.0,0.00609,100.0,4.181806854463227
415.0,3.76674,0.43497,17.4913,3.74411,,3550.0,0.0,0.00609,100.0,4.063351504325538
416.0,3.7686,0.43608,17.5359,3.74442,,3550.0,0.0,0.00609,100.0,4.132993834787746
417.0,3.77232,0.43719,17.5806,3.74442,,3550.0,0.0,0.00609,100.0,4.19489924855298
418.0,3.77418,0.43831,17.6253,3.74473,,,,,,
419.0,3.77418,0.4393,17.6653,3.74504,,3550.0,-0.67522,0.0,0.0,4.156466733485167
420.0,3.77046,0.44047,17.7125,3.74535,,3551.0,-0.67522,0.00019,1.9578,4.095119970379885
421.0,3.77046,0.4415,17.7537,3.74535,,3552.0,-0.67708,0.00039,3.9947,4.103847756238892
422.0,3.77418,0.44265,17.8001,3.74566,,3554.0,-0.67708,0.00059,6.0317,4.090334898336634
423.0,3.77046,0.44363,17.8393,3.74597,,3555.0,-0.67708,0.00079,8.0475,4.02530746587976
425.0,3.77232,0.44474,17.884,3.74597,,3556.0,-0.67708,0.00099,10.0844,4.125350828678831
426.0,3.77232,0.44585,17.9286,3.74628,,3557.0,-0.67708,0.0012,12.2164,4.043773244143932
427.0,3.77232,0.44697,17.9737,3.74659,,3558.0,-0.67708,0.00139,14.2322,4.022890876103575
428.0,3.7686,0.44808,18.0184,3.7469,,3559.0,-0.67708,0.00157,16.0211,4.19214968631642
429.0,3.77604,0.44919,18.063,3.7469,,3560.0,-0.67708,0.00177,18.0528,4.027556654601528
430.0,3.77418,0.4503,18.1077,3.74721,,3561.0,-0.67708,0.00197,20.0897,4.067513286389373
431.0,3.77232,0.4514,18.1519,3.74752,,3562.0,-0.67708,0.00217,22.1266,4.078332625117483
432.0,3.77046,0.45238,18.1911,3.74752,,3563.0,-0.67708,0.00238,24.2797,4.107137199914821
433.0,3.7686,0.45349,18.2358,3.74783,,3564.0,-0.67708,0.00256,26.1055,4.0536168685052045
434.0,3.77232,0.45453,18.2779,3.74814,,3565.0,-0.67708,0.00275,28.1214,4.1427645854742
435.0,3.77046,0.45572,18.3255,3.74814,,3566.0,-0.67708,0.00295,30.1003,4.08960295007725
436.0,3.77046,0.45683,18.3702,3.74845,,3567.0,-0.67708,0.00315,32.1319,3.980706492044661
437.0,3.77418,0.45794,18.4148,3.74845,,3568.0,-0.67708,0.00335,34.1689,4.146013305086666
438.0,3.77046,0.45904,18.4591,3.74876,,3569.0,-0.67708,0.00355,36.2058,3.9950298235825983
439.0,3.77232,0.46002,18.4983,3.74876,,3570.0,-0.67708,0.00374,38.2216,4.05915053465578
440.0,3.77232,0.46113,18.5429,3.74907,,3571.0,-0.67708,0.00394,40.2586,4.159007637896025
441.0,3.77418,0.46223,18.5872,3.74938,,3572.0,-0.67708,0.00414,42.2955,4.072847020170342
442.0,3.77232,0.46334,18.6319,3.74969,,3573.0,-0.67708,0.00434,44.3113,4.088827749853999
443.0,3.77232,0.46445,18.6765,3.74969,,3574.0,-0.67708,0.00451,46.1003,4.046103758195541
444.0,3.77418,0.46556,18.7212,3.75,,3575.0,-0.67708,0.00471,48.1372,4.1414583962789395
445.0,3.77046,0.46668,18.7662,3.75031,,3577.0,-0.67708,0.00491,50.1689,4.126388426035259
446.0,3.77046,0.46779,18.8109,3.75031,,3578.0,-0.67708,0.00512,52.285,4.09184570831681
448.0,3.77046,0.4689,18.8556,3.75062,,3578.0,-0.67708,0.00527,53.8206,4.051275708286446
449.0,3.77232,0.47001,18.9002,3.75093,,3578.0,-1.35231,0.00527,53.8206,4.0582062473548275
450.0,3.77046,0.47112,18.9449,3.75124,,3579.0,-1.35417,0.00566,57.7784,4.072434785646167
451.0,3.77232,0.47222,18.9891,3.75124,,3581.0,-1.35231,0.00606,61.8522,4.102351605035124
452.0,3.77418,0.4732,19.0283,3.75155,,3582.0,-1.35417,0.00645,65.9208,3.9806221012903764
453.0,3.77232,0.47431,19.073,3.75186,,3583.0,-1.35417,0.00685,69.9947,4.076493606995335
454.0,3.77418,0.47542,19.1176,3.75186,,3584.0,-1.35417,0.00725,74.0686,4.035492973574209
455.0,3.77046,0.47653,19.1623,3.75217,,3585.0,-1.35231,0.00765,78.1425,3.9962406461629736
456.0,3.77232,0.47764,19.207,3.75248,,3586.0,-1.35417,0.00805,82.2164,4.10595153715243
457.0,3.77046,0.47879,19.2533,3.75279,,3587.0,-1.35417,0.00845,86.2902,4.077703721740973
458.0,3.77418,0.47989,19.2975,3.75279,,3588.0,-1.35417,0.00885,90.3588,4.110758612753826
459.0,3.77046,0.48089,19.3376,3.75341,,3589.0,-1.35231,0.00925,94.4327,4.0645616215875116
460.0,3.77046,0.482,19.3822,3.75372,,3590.0,-1.35231,0.00964,98.4644,4.036872498656974
461.0,3.7686,0.48311,19.4269,3.75372,,3590.0,-1.35231,0.00979,100.0,4.081693711857576
462.0,3.77418,0.48422,19.4716,3.75372,,3590.0,-1.35231,0.00979,100.0,4.042611228044379
463.0,3.77046,0.48533,19.5162,3.75403,,,,,,
464.0,3.77232,0.48644,19.5609,3.75434,,3590.0,0.67894,0.0,0.0,4.135575751363815
465.0,3.77418,0.48755,19.6056,3.75434,,3591.0,0.67894,0.00019,12.7978,4.1606794059807175
466.0,3.77232,0.48866,19.6502,3.75465,,3592.0,0.67894,0.00039,25.97,4.118339061554266
467.0,3.77418,0.48977,19.6949,3.75496,,3594.0,0.67894,0.00059,39.1423,4.1717729971682305
468.0,3.77418,0.49088,19.7395,3.75527,,3595.0,0.67894,0.00079,52.3145,4.103781363995894
470.0,3.77046,0.49199,19.7842,3.75558,,3596.0,0.67894,0.00099,65.4867,4.085677220349336
471.0,3.77232,0.4931,19.8289,3.75558,,3597.0,0.67894,0.00119,78.6249,4.115946624366345
472.0,3.77232,0.4942,19.8731,3.75589,,3598.0,0.67894,0.00139,91.7971,4.078707582913911
473.0,3.77232,0.49518,19.9123,3.75589,,3598.0,0.67894,0.00152,100.0,4.192497912726348
474.0,3.77418,0.49629,19.957,3.7562,,3598.0,0.0,0.00152,100.0,4.0980102182418
475.0,3.77418,0.4974,20.0016,3.75651,,3600.0,0.0,0.00152,100.0,4.0730338915101045
476.0,3.77232,0.49851,20.0463,3.75651,,3601.0,0.0,0.00152,100.0,4.125583776777259
477.0,3.77232,0.49962,20.091,3.75682,,3602.0,0.0,0.00152,100.0,4.0857049992864685
478.0,3.77232,0.50073,20.1356,3.75713,,3603.0,0.0,0.00152,100.0,4.129988377879952
479.0,3.77232,0.50184,20.1803,3.75713,,3604.0,0.0,0.00152,100.0,4.164564174138146
480.0,3.7686,0.50295,20.225,3.757441,,3605.0,0.0,0.00152,100.0,4.182037500612663
481.0,3.77418,0.50407,20.2696,3.757751,,3606.0,0.0,0.00152,100.0,4.127015947221632
482.0,3.77604,0.50504,20.3088,3.757751,,3607.0,0.0,0.00152,100.0,4.093666951290373
483.0,3.77046,0.50615,20.3535,3.75806,,3608.0,0.0,0.00152,100.0,4.151835116406934
484.0,3.77232,0.50726,20.3981,3.758371,,3609.0,0.0,0.00152,100.0,4.161053535764258
485.0,3.77232,0.50837,20.4428,3.758371,,3610.0,0.0,0.00152,100.0,4.069719728193105
486.0,3.77418,0.50948,20.4875,3.758681,,3611.0,0.0,0.00152,100.0,4.068933525617538
487.0,3.77232,0.51061,20.533,3.758991,,3612.0,0.0,0.00152,100.0,4.155748785322843
488.0,3.77046,0.5117,20.5768,3.758991,,3613.0,0.0,0.00152,100.0,4.108909911458677
489.0,3.77418,0.51268,20.616,3.758991,,3614.0,0.0,0.00152,100.0,4.091662081817713
490.0,3.77046,0.51379,20.6606,3.759301,,3615.0,0.0,0.00152,100.0,4.104651328287378
491.0,3.77046,0.5149,20.7053,3.759611,,3615.0,0.0,0.00152,100.0,4.1159146569364475
493.0,3.77418,0.51601,20.75,3.759921,,,,,,
494.0,3.77046,0.5171,20.7938,3.759921,,3615.0,-0.67522,0.0,0.0,4.130297303599596
495.0,3.77046,0.51821,20.8384,3.760231,,3616.0,-0.67708,0.00022,1.0522,4.051552339493698
496.0,3.77418,0.51932,20.8831,3.760541,,3617.0,-0.67708,0.0004,1.9262,4.100583800786219
497.0,3.77418,0.52043,20.9277,3.760541,,3618.0,-0.67708,0.0006,2.8719,4.095423823500346
498.0,3.77604,0.52154,20.9724,3.760851,,3619.0,-0.67708,0.0008,3.8177,4.017302389002822
499.0,3.77604,0.52265,21.0171,3.761161,,3620.0,-0.67708,0.001,4.7733,4.05494044513895
500.0,3.77232,0.52377,21.0622,3.761161,,3621.0,-0.67708,0.0012,5.729,4.075163751371484
501.0,3.77232,0.52479,21.103,3.761471,,3622.0,-0.67708,0.0014,6.6847,4.0112958756001555
502.0,3.77046,0.52592,21.1485,3.761471,,3623.0,-0.67708,0.00159,7.6378,4.060328898292362
503.0,3.77418,0.52703,21.1932,3.761781,,3624.0,-0.67708,0.00179,8.5935,4.091930240869934
504.0,3.77232,0.52814,21.2379,3.762091,,3625.0,-0.67708,0.00201,9.6408,4.165867893717954
505.0,3.77046,0.52924,21.2821,3.762091,,3626.0,-0.67708,0.0022,10.542,3.996374933234989
506.0,3.77046,0.53022,21.3213,3.762401,,3627.0,-0.67708,0.0024,11.4951,3.9888475245777024
507.0,3.77232,0.5313,21.3647,3.762401,,3628.0,-0.67708,0.0026,12.4508,4.114910564933299
508.0,3.77418,0.53241,21.4094,3.762711,,3629.0,-0.67708,0.0028,13.4065,4.002502312460011
509.0,3.77232,0.53352,21.454,3.763021,,3630.0,-0.67708,0.003,14.3621,4.095778998813538
510.0,3.7686,0.53462,21.4983,3.763331,,3632.0,-0.67708,0.0032,15.3178,4.0954530241853515
511.0,3.77046,0.53559,21.5374,3.763331,,3633.0,-0.67708,0.00341,16.3353,4.100152247692445
512.0,3.77232,0.5367,21.5821,3.763641,,3634.0,-0.67708,0.00359,17.1919,4.047855040741335
513.0,3.77418,0.53782,21.6268,3.763641,,3635.0,-0.67708,0.00379,18.1451,4.0710383173451214
514.0,3.77418,0.53893,21.6715,3.763951,,3636.0,-0.67708,0.00399,19.1008,4.107037381254235
515.0,3.77046,0.54004,21.7161,3.763951,,3637.0,-0.67708,0.00419,20.0564,4.098851925769651
517.0,3.7686,0.54114,21.7604,3.764261,,3638.0,-0.67708,0.00439,21.0121,4.0679772535678
518.0,3.76674,0.54225,21.805,3.764571,,3639.0,-0.67708,0.00458,21.9678,4.147620412480402
519.0,3.77232,0.54345,21.8535,3.764571,,3640.0,-0.67708,0.00478,22.9135,4.09465299656875
520.0,3.7686,0.54455,21.8977,3.764881,,3641.0,-0.67708,0.00499,23.8865,4.071149027121008
521.0,3.77232,0.54566,21.9424,3.765191,,3642.0,-0.67708,0.00517,24.7704,4.045857153991936
522.0,3.77418,0.54677,21.987,3.765501,,3643.0,-0.67708,0.00538,25.7978,4.051153296017127
523.0,3.77418,0.54788,22.0317,3.765501,,3644.0,-0.67708,0.00556,26.6619,4.071796157208187
524.0,3.77418,0.549,22.0764,3.765811,,3645.0,-0.67708,0.00576,27.6175,3.962830975579257
525.0,3.77232,0.55004,22.1185,3.765811,,3646.0,-0.67708,0.00596,28.5633,4.113417541327466
526.0,3.77046,0.55104,22.1586,3.766121,,3647.0,-0.67708,0.00616,29.519,3.982577378697799
527.0,3.77046,0.55221,22.2057,3.766431,,3648.0,-0.67708,0.00636,30.4746,4.100740060064043
528.0,3.77232,0.55325,22.2474,3.766431,,3649.0,-0.67708,0.00656,31.4303,4.103474203765048
529.0,3.77046,0.55436,22.2921,3.766741,,3650.0,-0.67708,0.00676,32.3834,4.030350310979246
530.0,3.77046,0.55534,22.3317,3.767051,,3652.0,-0.67708,0.00696,33.3391,4.158409785952181
531.0,3.77046,0.55648,22.3772,3.767051,,3653.0,-0.67708,0.00716,34.2948,4.027170056593806
532.0,3.77046,0.55759,22.4218,3.767361,,3654.0,-0.67708,0.00736,35.2504,4.026229324719192
533.0,3.77418,0.55859,22.4623,3.767361,,3655.0,-0.67708,0.00755,36.1962,4.016460477508034
534.0,3.77418,0.5597,22.507,3.767671,,3656.0,-0.67708,0.00774,37.0701,4.129920114399571
535.0,3.7686,0.56081,22.5516,3.767981,,3657.0,-0.67708,0.00794,38.0258,4.052385840520041
536.0,3.7686,0.56192,22.5963,3.767981,,3658.0,-0.67522,0.00814,38.9815,4.026023171595303
537.0,3.77418,0.56301,22.6401,3.768291,,3659.0,-0.67522,0.00833,39.9371,4.103758293635246
538.0,3.7686,0.56411,22.6843,3.768601,,3660.0,-0.67708,0.00853,40.8928,3.9614257075571397
539.0,3.77232,0.56523,22.729,3.768601,,3661.0,-0.67708,0.00873,41.846,4.044775278537256
541.0,3.77232,0.56634,22.7737,3.768911,,3662.0,-0.67708,0.00893,42.8016,4.087621192633644
542.0,3.77232,0.56731,22.8128,3.768911,,3663.0,-0.67708,0.00912,43.7127,4.0617705523026615
543.0,3.77232,0.56842,22.8575,3.769221,,3664.0,-0.67708,0.00932,44.6684,4.06202403303292
544.0,3.77418,0.56957,22.9038,3.769221,,3665.0,-0.67708,0.00952,45.624,4.083653188246895
545.0,3.7686,0.57055,22.943,3.769531,,3666.0,-0.67708,0.00972,46.5772,4.105336585432929
546.0,3.77232,0.57166,22.9877,3.769841,,3667.0,-0.67708,0.00992,47.5329,4.110636259556686
547.0,3.77046,0.57277,23.0324,3.769841,,3668.0,-0.67708,0.01012,48.4885,4.106664657035274
548.0,3.77604,0.57388,23.077,3.770151,,3669.0,-0.67708,0.01032,49.4343,4.11256561998446
549.0,3.77232,0.57499,23.1217,3.770461,,3670.0,-0.67708,0.01049,50.2736,4.154127303941482
550.0,3.77046,0.57611,23.1668,3.770461,,3671.0,-0.67708,0.01069,51.2292,4.103099346533888
551.0,3.77418,0.57722,23.2115,3.770771,,3672.0,-0.67708,0.01089,52.1923,4.054152128360671
552.0,3.77604,0.57833,23.2561,3.771081,,3673.0,-0.67708,0.01107,53.0489,4.072413179269702
553.0,3.77604,0.57944,23.3008,3.771081,,3674.0,-0.67708,0.01127,54.0219,4.039663010887139
554.0,3.77418,0.58056,23.3455,3.771391,,3675.0,-0.67708,0.01145,54.8588,4.108104125208657
555.0,3.77418,0.58167,23.3901,3.771701,,3677.0,-0.67708,0.01165,55.8144,4.0585693661402615
556.0,3.77232,0.58278,23.4348,3.772012,,3678.0,-0.67708,0.01185,56.7701,4.085378043656001
557.0,3.77046,0.58389,23.4795,3.772012,,3679.0,-0.67708,0.01205,57.7257,4.1899737159723776
558.0,3.77046,0.585,23.5241,3.772012,,3680.0,-0.67708,0.01224,58.6616,4.136480474481914
559.0,3.77046,0.58611,23.5688,3.772321,,3681.0,-0.67708,0.01244,59.59,4.027858779335493
560.0,3.77046,0.58722,23.6134,3.772631,,3682.0,-0.67522,0.01263,60.5184,4.080801548857333
561.0,3.77046,0.58833,23.6581,3.772631,,3683.0,-0.67708,0.01283,61.4741,4.076158232369746
563.0,3.76674,0.58944,23.7027,3.773252,,3684.0,-0.67708,0.01303,62.4297,4.022461891365068
564.0,3.77046,0.59055,23.7474,3.773252,,3685.0,-0.67708,0.01323,63.3854,3.9947463897692663
565.0,3.77232,0.59164,23.7912,3.773252,,3686.0,-0.67708,0.01343,64.3386,4.070857191545609
566.0,3.77232,0.59272,23.8346,3.773561,,3687.0,-0.67708,0.01363,65.2943,4.02716914514284
567.0,3.7686,0.59383,23.8793,3.773871,,3688.0,-0.67708,0.01383,66.2499,4.060570696254073
568.0,3.7686,0.59493,23.9235,3.773871,,3689.0,-0.67708,0.01403,67.2056,4.052300364867186
569.0,3.77232,0.5959,23.9627,3.774182,,3690.0,-0.67708,0.01423,68.1612,4.052771004072669
570.0,3.77232,0.59702,24.0074,3.774492,,3691.0,-0.67708,0.01442,69.1144,4.043971296971295
571.0,3.77232,0.59813,24.052,3.774492,,3692.0,-0.67708,0.01462,70.0701,4.090724319877187
572.0,3.77046,0.59924,24.0967,3.774801,,3693.0,-0.67708,0.01482,71.0257,4.089208274451348
573.0,3.77232,0.60039,24.143,3.774801,,3694.0,-0.67708,0.01502,71.9814,4.093806414176185
574.0,3.77232,0.60139,24.1835,3.775112,,3696.0,-0.67708,0.01522,72.937,4.124166672520082
575.0,3.77046,0.6025,24.2277,3.775732,,3697.0,-0.67708,0.01542,73.8902,4.085269227108379
576.0,3.77046,0.60361,24.2724,3.775732,,3698.0,-0.67708,0.01562,74.8459,4.0222487874516375
577.0,3.77046,0.60472,24.3171,3.776042,,3699.0,-0.67708,0.01582,75.8015,4.026373760672835
578.0,3.77232,0.60587,24.3634,3.776352,,3700.0,-0.67708,0.01602,76.7572,4.175875434795857
579.0,3.77046,0.60688,24.4039,3.776352,,3701.0,-0.67708,0.01622,77.7129,4.072782346565698
580.0,3.77046,0.60799,24.4485,3.776662,,3702.0,-0.67708,0.01637,78.4234,4.088617983899635
581.0,3.77046,0.6091,24.4932,3.776662,,3702.0,-1.35975,0.01637,78.4234,4.097434675738018
582.0,3.77418,0.61021,24.5378,3.776972,,3703.0,-1.35417,0.01673,80.1738,3.988325187055429
584.0,3.77232,0.61132,24.5825,3.777282,,3704.0,-1.35417,0.01713,82.1024,4.019913267458619
585.0,3.77232,0.61243,24.6271,3.777282,,3705.0,-1.35417,0.01753,84.0113,4.047650692480107
586.0,3.77046,0.61354,24.6718,3.777592,,3706.0,-1.35603,0.01793,85.9053,4.101507506247656
587.0,3.77232,0.61461,24.7148,3.777902,,3707.0,-1.35417,0.01828,87.5814,4.025517090023237
588.0,3.77046,0.61578,24.762,3.777902,,3708.0,-1.35231,0.01868,89.4902,4.069066316295147
589.0,3.7686,0.61689,24.8066,3.778522,,3709.0,-1.35603,0.01908,91.4016,3.9970326725980354
590.0,3.7686,0.618,24.8513,3.778522,,3710.0,-1.35417,0.01947,93.3129,4.107856588604736
591.0,3.7686,0.61911,24.896,3.778522,,3711.0,-1.35417,0.01987,95.2217,4.059550464099994
592.0,3.77418,0.62022,24.9406,3.778832,,3712.0,-1.35603,0.02027,97.133,3.9695569420869594
593.0,3.77418,0.62133,24.9853,3.778832,,3713.0,-1.35603,0.02067,99.0443,3.9976377605436557
594.0,3.77046,0.62245,25.03,3.779142,,3714.0,-1.35417,0.02087,100.0,4.0365369404798965
595.0,3.77046,0.62356,25.0746,3.779142,,3714.0,-1.35417,0.02087,100.0,4.055927299710948
596.0,3.77046,0.62467,25.1193,3.779452,,,,,,
597.0,3.77046,0.62578,25.1639,3.779762,,3714.0,0.67894,0.0,0.0,4.083838802960047
598.0,3.77232,0.62689,25.2086,3.779762,,3715.0,0.67894,0.0002,13.3266,4.134501767648012
599.0,3.77046,0.628,25.2533,3.780072,,3716.0,0.6808,0.00038,24.9325,4.13708287142917
600.0,3.77046,0.62911,25.2979,3.780382,,3717.0,0.6808,0.00058,37.888,4.1747969934395615
601.0,3.77046,0.63022,25.3426,3.780692,,3718.0,0.6808,0.00078,50.8435,4.119148785453331
603.0,3.77046,0.63133,25.3872,3.780692,,3719.0,0.6808,0.00098,63.9339,4.203578964555522
604.0,3.77232,0.63244,25.4319,3.781002,,3720.0,0.6808,0.00118,77.0243,4.007109116389007
605.0,3.77418,0.63355,25.4765,3.781002,,3721.0,0.6808,0.00138,90.1147,4.187947195647914
606.0,3.7686,0.63466,25.5212,3.781312,,3722.0,0.6808,0.00153,100.0,4.115819990702271
607.0,3.77232,0.63577,25.5659,3.781622,,3722.0,0.0,0.00153,100.0,4.111822835804188
608.0,3.77232,0.63688,25.6105,3.781622,,3723.0,0.0,0.00153,100.0,4.140578547413256
609.0,3.77232,0.63798,25.6548,3.781932,,3724.0,0.0,0.00153,100.0,4.205877895675265
610.0,3.77232,0.63902,25.6965,3.782242,,3725.0,0.0,0.00153,100.0,4.113649298070033
611.0,3.77232,0.64018,25.7432,3.782242,,3726.0,0.0,0.00153,100.0,4.1992152775641145
612.0,3.77418,0.64129,25.7879,3.782552,,3727.0,0.0,0.00153,100.0,4.126828130776234
613.0,3.77046,0.6424,25.8325,3.782862,,3728.0,0.0,0.00153,100.0,4.1314011243571995
614.0,3.77418,0.64351,25.8772,3.782862,,3729.0,0.0,0.00153,100.0,4.08696636755648
615.0,3.77046,0.64463,25.9219,3.783172,,3730.0,0.0,0.00153,100.0,4.126645725199593
616.0,3.77046,0.64574,25.9665,3.783172,,3731.0,0.0,0.00153,100.0,4.14014809337155
617.0,3.77046,0.64685,26.0112,3.783482,,3732.0,0.0,0.00153,100.0,4.110830834315922
618.0,3.77046,0.64787,26.0525,3.783792,,3733.0,0.0,0.00153,100.0,4.14999456486388
619.0,3.77232,0.64904,26.0993,3.783792,,3734.0,0.0,0.00153,100.0,4.081469912317195
620.0,3.77232,0.65001,26.1384,3.783792,,3735.0,0.0,0.00153,100.0,4.0995928248199585
621.0,3.77046,0.65112,26.1831,3.784102,,3736.0,0.0,0.00153,100.0,4.100470638450497
623.0,3.77232,0.65223,26.2277,3.784412,,3737.0,0.0,0.00153,100.0,4.189220673045999
624.0,3.77232,0.65334,26.2724,3.784412,,3738.0,0.0,0.00153,100.0,4.161415663699172
625.0,3.77418,0.65445,26.3171,3.784722,,3738.0,0.0,0.00153,100.0,4.182108909343223
626.0,3.77046,0.65556,26.3617,3.785032,,,,,,
627.0,3.77046,0.65667,26.4064,3.785342,,3738.0,-0.67522,0.0,0.0,4.0690878360098335
628.0,3.77418,0.65765,26.4456,3.785342,,3739.0,-0.67522,0.0002,0.4974,4.122538390323834
629.0,3.77046,0.65874,26.4894,3.785652,,3740.0,-0.67708,0.00041,0.9999,4.079115828321892
630.0,3.77232,0.65985,26.534,3.785652,,3741.0,-0.67708,0.00059,1.4433,4.14217724652667
631.0,3.77418,0.66096,26.5787,3.785962,,3742.0,-0.67708,0.00079,1.9282,4.070178436566101
632.0,3.77046,0.66207,26.6234,3.785962,,3743.0,-0.67708,0.00099,2.4118,4.098304552525577
633.0,3.77418,0.66318,26.668,3.786272,,3744.0,-0.67708,0.00119,2.8967,4.043592051581408
634.0,3.77418,0.66429,26.7127,3.786582,,3745.0,-0.67708,0.00139,3.3816,4.009086078712025
635.0,3.77046,0.6654,26.7573,3.786582,,3746.0,-0.67708,0.00159,3.8665,4.096255921717149
636.0,3.77232,0.66651,26.802,3.786892,,3747.0,-0.67708,0.00177,4.3049,4.037942745188248
637.0,3.77418,0.66764,26.8475,3.787202,,3748.0,-0.67708,0.00196,4.7534,4.043634949977204
638.0,3.77418,0.66873,26.8913,3.787202,,3749.0,-0.67708,0.00215,5.2244,4.156939727907775
639.0,3.7686,0.66984,26.936,3.787512,,3750.0,-0.67708,0.00235,5.708,4.124187829418199
640.0,3.77232,0.67082,26.9752,3.787512,,3751.0,-0.67708,0.00255,6.1929,4.001691123165789
641.0,3.77232,0.67193,27.0198,3.787822,,3752.0,-0.67708,0.00275,6.6778,4.097790307644498
642.0,3.77046,0.67304,27.0645,3.788132,,3753.0,-0.67708,0.00295,7.1627,4.114352129992217
643.0,3.77418,0.67415,27.1091,3.788132,,3754.0,-0.67708,0.00316,7.6739,4.0986963993969985
644.0,3.77232,0.67526,27.1538,3.788442,,3755.0,-0.67708,0.00334,8.1224,3.989959613320026
646.0,3.77232,0.67637,27.1985,3.788753,,3756.0,-0.67708,0.00354,8.6073,4.025292819326766
647.0,3.77604,0.67748,27.2431,3.788753,,3758.0,-0.67708,0.00374,9.0922,4.117419341156683
648.0,3.77046,0.67858,27.2874,3.789063,,3759.0,-0.67708,0.00394,9.577,4.097460300764725
649.0,3.77232,0.67956,27.3266,3.789063,,3760.0,-0.67708,0.00414,10.0607,4.147211627653739
650.0,3.77046,0.68067,27.3712,3.789372,,3761.0,-0.67708,0.00434,10.5418,4.084212141553132
651.0,3.77418,0.68188,27.4201,3.789372,,3762.0,-0.67708,0.00451,10.9664,4.0572146041544395
652.0,3.77418,0.68299,27.4648,3.789683,,3763.0,-0.67708,0.00471,11.4513,4.053414785964863
653.0,3.77232,0.68411,27.5095,3.789993,,3764.0,-0.67708,0.0049,11.9085,4.028415223721952
654.0,3.77418,0.68522,27.5541,3.790303,,3765.0,-0.67708,0.00511,12.421,4.103293667671956
655.0,3.77418,0.68633,27.5988,3.790303,,3766.0,-0.67708,0.00531,12.9046,4.1204417619483
656.0,3.77232,0.6874,27.6418,3.790613,,3767.0,-0.67708,0.00551,13.3895,4.152519073514909
657.0,3.77232,0.68848,27.6852,3.790613,,3768.0,-0.67708,0.0057,13.8694,4.080419257629033
658.0,3.77604,0.68956,27.729,3.790923,,3769.0,-0.67708,0.00588,14.2952,4.052567616637646
659.0,3.7686,0.69066,27.7732,3.791233,,3770.0,-0.67708,0.00608,14.7801,4.121098187969861
660.0,3.77418,0.69178,27.8179,3.791233,,3771.0,-0.67708,0.00628,15.265,4.080342110556006
661.0,3.77418,0.69275,27.8571,3.791543,,3772.0,-0.67708,0.00648,15.7486,4.06683886733687
662.0,3.77418,0.69386,27.9017,3.791853,,3773.0,-0.67708,0.0066,16.0514,4.0602173269505775
663.0,3.7686,0.69497,27.9464,3.791853,,3773.0,-5.40179,0.0066,16.0514,3.8961131108223648
664.0,3.77418,0.69608,27.9911,3.792163,,3774.0,-5.40923,0.00806,19.5938,3.9563034486243502
665.0,3.77418,0.69719,28.0357,3.792163,,3775.0,-5.40737,0.00965,23.4653,3.9469580034270355
667.0,3.77232,0.6983,28.0804,3.792473,,3776.0,-5.40923,0.01129,27.4461,3.8932210517180037
668.0,3.77232,0.69941,28.125,3.792783,,3777.0,-5.41109,0.01279,31.099,3.954086473859076
669.0,3.77604,0.70057,28.1714,3.792783,,3778.0,-5.40737,0.01438,34.9705,3.98685974007915
670.0,3.77418,0.70168,28.2161,3.793093,,3779.0,-5.40737,0.01598,38.8421,3.808674709842897
671.0,3.77046,0.70279,28.2607,3.793093,,3780.0,-5.40923,0.01757,42.7136,3.84917052884163
672.0,3.7686,0.7039,28.3054,3.793403,,3781.0,-5.40737,0.01856,45.1229,3.9640521944214666
673.0,3.77232,0.70487,28.3445,3.793713,,3781.0,-3.38356,0.01856,45.1229,3.941592001268227
674.0,3.7686,0.70598,28.3892,3.794023,,3782.0,-3.37984,0.01969,47.8626,3.909689907046121
675.0,3.77232,0.70709,28.4339,3.794023,,3783.0,-3.37798,0.02056,49.9856,4.004569902372682
676.0,3.77232,0.70819,28.4781,3.794333,,3784.0,-3.3817,0.0216,52.5193,4.057384592498286
677.0,3.77418,0.70929,28.5223,3.794333,,3785.0,-3.3817,0.0225,54.6887,3.9095378674296315
678.0,3.77232,0.71041,28.567,3.794643,,3786.0,-3.37984,0.02349,57.108,3.9463944881929374
679.0,3.77046,0.71152,28.6117,3.794953,,3787.0,-3.37984,0.02451,59.5965,3.981903074217889
680.0,3.7686,0.71263,28.6563,3.794953,,3788.0,-3.37984,0.02539,61.7207,3.9617996783774263
681.0,3.77046,0.71374,28.701,3.795263,,3789.0,-3.38356,0.02638,64.1401,3.920221171957931
682.0,3.77232,0.71485,28.7457,3.795573,,3790.0,-3.37984,0.02738,66.5595,3.998694028194435
683.0,3.77418,0.71596,28.7903,3.795883,,3791.0,-3.37798,0.02837,68.9789,3.9395296100701294
684.0,3.77418,0.71707,28.835,3.795883,,3792.0,-3.3817,0.02937,71.3982,3.987042193305334
685.0,3.77046,0.71818,28.8797,3.796193,,3793.0,-3.37984,0.03036,73.8176,3.9674647972058423
687.0,3.77418,0.71929,28.9243,3.796193,,3794.0,-3.3817,0.03135,76.2144,4.009144621820798
688.0,3.77418,0.72037,28.9677,3.796503,,3795.0,-3.37984,0.03234,78.6112,3.9781438892106187
689.0,3.77418,0.72144,29.0107,3.796503,,3796.0,-3.37798,0.03333,81.0306,3.8808605083207746
690.0,3.77046,0.72256,29.0558,3.796813,,3797.0,-3.38542,0.03433,83.4512,3.921334706862828
691.0,3.77046,0.72367,29.1004,3.797123,,3798.0,-3.37984,0.03527,85.7575,3.909799385949134
692.0,3.77232,0.72485,29.1481,3.797123,,3799.0,-3.37984,0.03614,87.8578,3.8886663583018852
693.0,3.77046,0.72595,29.1923,3.797433,,3801.0,-3.3817,0.03715,90.3225,4.062801985504669
694.0,3.77232,0.72707,29.237,3.797743,,3802.0,-3.3817,0.03815,92.7418,3.8841280486326295
695.0,3.77232,0.72818,29.2816,3.797743,,3803.0,-3.37984,0.03914,95.1612,4.0048138183493105
696.0,3.77232,0.72929,29.3263,3.798363,,3804.0,-3.37798,0.04014,97.5806,3.9799175409119623
697.0,3.77418,0.7304,29.371,3.798363,,3805.0,-3.37798,0.04113,100.0,3.972015188090296
698.0,3.77232,0.73151,29.4156,3.798673,,3805.0,-3.37984,0.04113,100.0,4.015579595843315
699.0,3.77232,0.73262,29.4603,3.798983,,3805.0,-3.37984,0.04113,100.0,3.9383012313220607
700.0,3.77418,0.73373,29.505,3.799293,,,,,,
701.0,3.77418,0.73484,29.5496,3.799293,,3805.0,1.34859,0.0,0.0,4.060587999183817
702.0,3.77046,0.73595,29.5943,3.799603,,3806.0,1.35417,0.00045,14.59,3.946114796946659
703.0,3.77418,0.73706,29.6389,3.799913,,3807.0,1.35045,0.00083,27.2866,4.238316662711382
705.0,3.77418,0.73817,29.6836,3.799913,,3808.0,1.35417,0.00121,39.6281,4.124358196132809
706.0,3.77232,0.73928,29.7283,3.800223,,3809.0,1.35603,0.00161,52.6965,4.129510220234259
707.0,3.77046,0.74039,29.7729,3.800223,,3810.0,1.34859,0.00201,65.7481,4.209011996707004
708.0,3.77232,0.74149,29.8172,3.800533,,3811.0,1.35789,0.00241,78.7997,4.129052964871176
709.0,3.77046,0.74247,29.8564,3.800843,,3812.0,1.35789,0.00281,91.8681,4.140480852817817
710.0,3.77046,0.74358,29.9011,3.800843,,3813.0,1.36533,0.00306,100.0,4.106588148618183
711.0,3.77046,0.74469,29.9457,3.800843,,3813.0,1.36533,0.00306,100.0,3.999018184799478
712.0,3.77046,0.7458,29.9904,3.801153,,,,,,
713.0,3.77046,0.74691,30.035,3.801463,,3813.0,-1.35417,0.0,0.0,4.124869301896601
714.0,3.77232,0.74802,30.0797,3.801463,,3814.0,-1.35231,0.00037,3.0324,4.093153636092997
715.0,3.77232,0.749,30.1189,3.801773,,3815.0,-1.35231,0.00076,6.3393,3.9739220838303417
716.0,3.77232,0.75011,30.1635,3.802083,,3816.0,-1.35045,0.00116,9.6504,4.127951543887833
717.0,3.77418,0.75122,30.2082,3.802393,,3817.0,-1.35231,0.00156,12.9573,4.059312225974098
718.0,3.77418,0.75233,30.2528,3.802393,,3818.0,-1.35603,0.00196,16.2685,4.025493361200194
719.0,3.7686,0.75344,30.2975,3.802703,,3819.0,-1.35417,0.00236,19.5754,4.000145594932897
720.0,3.7686,0.75455,30.3422,3.803013,,3820.0,-1.35417,0.00276,22.8866,3.9675782924148906
721.0,3.77232,0.75566,30.3868,3.803013,,3821.0,-1.35231,0.00316,26.1977,4.019707903775025
722.0,3.77232,0.75677,30.4315,3.803324,,3822.0,-1.35417,0.00355,29.5089,4.06150074988343
723.0,3.77418,0.75788,30.4762,3.803324,,3823.0,-1.35789,0.00395,32.8158,4.056574706744734
724.0,3.77046,0.75899,30.5208,3.803633,,3824.0,-1.35417,0.00435,36.1227,4.051515013691893
725.0,3.77418,0.7601,30.5655,3.803943,,3825.0,-1.35231,0.00475,39.4338,4.084304684126626
726.0,3.77418,0.76121,30.6102,3.803943,,3826.0,-1.35231,0.00515,42.745,4.0458828819397334
728.0,3.77232,0.76232,30.6548,3.804254,,3828.0,-1.35789,0.00555,46.0562,4.074280051847844
729.0,3.77232,0.76333,30.6953,3.804254,,3829.0,-1.35231,0.00594,49.3288,4.104833208556023
730.0,3.77604,0.76446,30.7408,3.804564,,3830.0,-1.35417,0.00629,52.2325,4.076248538868622
731.0,3.77604,0.76544,30.78,3.804873,,3831.0,-1.35417,0.00669,55.5394,4.089624349870289
732.0,3.77232,0.76655,30.8246,3.805184,,3832.0,-1.35417,0.00708,58.7562,4.078268843915225
733.0,3.77232,0.76766,30.8693,3.805184,,3833.0,-1.35231,0.00749,62.1617,4.058968192877957
734.0,3.77232,0.76877,30.914,3.805494,,3834.0,-1.35603,0.00785,65.1898,4.019469110673776
735.0,3.77232,0.76988,30.9587,3.805494,,3835.0,-1.35603,0.00826,68.591,4.046648472522207
736.0,3.77418,0.77099,31.0033,3.805804,,3836.0,-1.35417,0.00861,71.4947,4.0081560835970365
737.0,3.77418,0.7721,31.048,3.805804,,3837.0,-1.35231,0.00901,74.8059,4.086389096762931
738.0,3.77418,0.77321,31.0926,3.806113,,3838.0,-1.35417,0.00941,78.1128,4.034175967502865
739.0,3.77604,0.77432,31.1373,3.806424,,3839.0,-1.35417,0.00985,81.8014,4.078186682956299
740.0,3.77232,0.77542,31.1815,3.806424,,3840.0,-1.35417,0.01025,85.0783,4.047792005926395
741.0,3.7686,0.77646,31.2232,3.806734,,3841.0,-1.35417,0.0106,87.982,4.086626123975825
742.0,3.77046,0.77756,31.2675,3.807044,,3842.0,-1.35789,0.011,91.2932,4.043713639060886
743.0,3.77232,0.77867,31.3122,3.807354,,3843.0,-1.35417,0.0114,94.6,4.029277495967413
744.0,3.77046,0.77978,31.3568,3.807354,,3844.0,-1.35231,0.0118,97.9112,3.9911268815263705
745.0,3.77232,0.78089,31.4015,3.807664,,3845.0,-1.35231,0.01205,100.0,4.020773012207276
746.0,3.77232,0.782,31.4461,3.807974,,3845.0,-1.35231,0.01205,100.0,3.9745008910537782
747.0,3.77232,0.78311,31.4908,3.807974,,,,,,
749.0,3.77046,0.78422,31.5355,3.807974,,3845.0,2.70833,0.0,0.0,4.05715160204304
750.0,3.7686,0.78534,31.5801,3.808284,,3846.0,2.70461,0.00076,12.5491,4.213315882737599
751.0,3.77418,0.78645,31.6248,3.808594,,3847.0,2.70647,0.00156,25.7214,4.17011049235869
752.0,3.77418,0.78756,31.6695,3.808904,,3848.0,2.70833,0.00235,38.7656,4.1999378667469
753.0,3.7686,0.78867,31.7141,3.808904,,3849.0,2.70833,0.00305,50.3244,4.262539917864127
754.0,3.77232,0.78985,31.7617,3.809214,,3850.0,2.70461,0.00384,63.4881,4.1940255246709714
755.0,3.77046,0.79088,31.803,3.809214,,3851.0,2.70647,0.00466,77.0275,4.206124820835247
756.0,3.77418,0.79199,31.8477,3.809524,,3852.0,2.70647,0.00546,90.1912,4.200741925716237
757.0,3.77418,0.7931,31.8924,3.809834,,3853.0,2.70461,0.00605,100.0,4.171865809903483
758.0,3.77232,0.79421,31.937,3.810144,,3853.0,0.0,0.00605,100.0,4.151162268776983
759.0,3.77418,0.79532,31.9817,3.810144,,3854.0,0.0,0.00605,100.0,4.087813557773161
760.0,3.77232,0.79643,32.0264,3.810454,,3855.0,0.0,0.00605,100.0,4.073435655320078
761.0,3.77232,0.79753,32.0706,3.810764,,3856.0,0.0,0.00605,100.0,4.049078385708315
762.0,3.77046,0.79858,32.1127,3.810764,,3857.0,0.0,0.00605,100.0,4.077983684562834
763.0,3.77046,0.79969,32.1574,3.811074,,3858.0,0.0,0.00605,100.0,4.155451099145171
764.0,3.77046,0.8008,32.2021,3.811074,,3859.0,0.0,0.00605,100.0,4.1030510364575274
765.0,3.77604,0.80191,32.2467,3.811384,,3860.0,0.0,0.00605,100.0,4.074202396033174
766.0,3.7686,0.80302,32.2914,3.811694,,3861.0,0.0,0.00605,100.0,4.076925431108635
767.0,3.77232,0.80413,32.336,3.811694,,3862.0,0.0,0.00605,100.0,4.141557715932937
769.0,3.77232,0.80524,32.3807,3.812314,,3863.0,0.0,0.00605,100.0,4.145578637870713
770.0,3.77418,0.80635,32.4254,3.812314,,3864.0,0.0,0.00605,100.0,4.102287816649276
771.0,3.77232,0.80746,32.4696,3.812624,,3865.0,0.0,0.00605,100.0,4.088106840801326
772.0,3.77232,0.80843,32.5088,3.812624,,3867.0,0.0,0.00605,100.0,4.112845889064034
773.0,3.7686,0.80954,32.5535,3.812934,,3868.0,0.0,0.00605,100.0,4.026566108855879
774.0,3.77232,0.81065,32.5981,3.812934,,3869.0,0.0,0.00605,100.0,4.030178159765481
775.0,3.77046,0.81177,32.6432,3.813244,,3870.0,0.0,0.00605,100.0,3.988727115090472
776.0,3.77232,0.81288,32.6879,3.813554,,3871.0,0.0,0.00605,100.0,3.990746377811888
777.0,3.77046,0.81389,32.7283,3.813864,,3872.0,0.0,0.00605,100.0,4.195892253034873
778.0,3.77418,0.81499,32.7725,3.813864,,3873.0,0.0,0.00605,100.0,4.115678204492191
779.0,3.77232,0.81617,32.8201,3.814174,,3874.0,0.0,0.00605,100.0,4.169537867453381
780.0,3.77232,0.81727,32.8644,3.814174,,3875.0,0.0,0.00605,100.0,4.083287408885886
781.0,3.77232,0.81825,32.9036,3.814484,,3876.0,0.0,0.00605,100.0,4.030551132589401
782.0,3.77046,0.81936,32.9483,3.814794,,3877.0,0.0,0.00605,100.0,4.072310734472783
783.0,3.77418,0.82047,32.9929,3.814794,,3878.0,0.0,0.00605,100.0,4.082146943640954
784.0,3.77046,0.82158,33.0376,3.815104,,3879.0,0.0,0.00605,100.0,4.051437937846348
785.0,3.77232,0.82269,33.0822,3.815414,,3880.0,0.0,0.00605,100.0,4.099240658568836
786.0,3.77232,0.8238,33.1269,3.815414,,3881.0,0.0,0.00605,100.0,4.118558969039766
787.0,3.77232,0.82491,33.1715,3.815724,,3882.0,0.0,0.00605,100.0,4.131415028389578
788.0,3.77232,0.82602,33.2162,3.816034,,3883.0,0.0,0.00605,100.0,4.04867720969914
789.0,3.77046,0.82713,33.2609,3.816034,,3884.0,0.0,0.00605,100.0,4.075444167222147
791.0,3.77232,0.82824,33.3056,3.816344,,3885.0,0.0,0.00605,100.0,4.029225080840042
792.0,3.7686,0.82943,33.3532,3.816654,,3886.0,0.0,0.00605,100.0,4.036115792933164
793.0,3.77418,0.83041,33.3928,3.816654,,3887.0,0.0,0.00605,100.0,4.206709261750646
794.0,3.77418,0.83152,33.4374,3.816964,,3888.0,0.0,0.00605,100.0,4.171372025308924
795.0,3.77232,0.83263,33.4821,3.817274,,3890.0,0.0,0.00605,100.0,4.076642616291029
796.0,3.7686,0.83374,33.5268,3.817274,,3891.0,0.0,0.00605,100.0,4.123423494709409
797.0,3.77232,0.83485,33.5714,3.817584,,3892.0,0.0,0.00605,100.0,4.085354809124506
798.0,3.77418,0.83596,33.6161,3.817894,,3892.0,0.0,0.00605,100.0,4.107287401513743
799.0,3.77232,0.83714,33.6633,3.817894,,3892.0,0.0,0.00605,100.0,4.178331307818374
800.0,3.77232,0.83811,33.7024,3.818204,,3893.0,0.0,0.00605,100.0,4.079632371434521
801.0,3.77046,0.83922,33.7471,3.818514,,3894.0,0.0,0.00605,100.0,4.181760463519663
802.0,3.77418,0.84033,33.7918,3.818824,,3895.0,0.0,0.00605,100.0,4.030350779574075
803.0,3.77232,0.84145,33.8365,3.818824,,3896.0,0.0,0.00605,100.0,4.102356760150121
804.0,3.77232,0.84256,33.8811,3.819134,,3897.0,0.0,0.00605,100.0,4.115874555133914
805.0,3.77046,0.84367,33.9258,3.819134,,3898.0,0.0,0.00605,100.0,4.084568364358508
806.0,3.77046,0.84478,33.9704,3.819444,,3899.0,0.0,0.00605,100.0,4.027867012122509
807.0,3.77232,0.84589,34.0151,3.819754,,3900.0,0.0,0.00605,100.0,3.9681926772380556
808.0,3.77046,0.847,34.0597,3.820065,,3902.0,0.0,0.00605,100.0,4.095980267359825
809.0,3.77232,0.84811,34.1044,3.820374,,3903.0,0.0,0.00605,100.0,4.154971734490901
811.0,3.77232,0.84922,34.1491,3.820374,,3904.0,0.0,0.00605,100.0,4.078291542894573
812.0,3.77046,0.85033,34.1938,3.820995,,3905.0,0.0,0.00605,100.0,4.070123758341082
813.0,3.77232,0.85144,34.2384,3.820995,,3906.0,0.0,0.00605,100.0,4.054966435308643
814.0,3.77046,0.85255,34.2831,3.821305,,3907.0,0.0,0.00605,100.0,4.079349205175247
815.0,3.77232,0.85364,34.3269,3.821615,,3908.0,0.0,0.00605,100.0,4.067165502073522
816.0,3.77046,0.85473,34.3707,3.821925,,3909.0,0.0,0.00605,100.0,4.164068598132414
817.0,3.77418,0.85586,34.4162,3.822235,,3909.0,0.0,0.00605,100.0,4.069223626020336
818.0,3.77046,0.85697,34.4609,3.822235,,3909.0,0.0,0.00605,100.0,4.075620527883099
819.0,3.7686,0.85807,34.5051,3.822545,,,,,,
820.0,3.77232,0.85905,34.5443,3.822545,,3909.0,-0.67708,0.0,0.0,4.125260798943088
821.0,3.77418,0.86016,34.589,3.822855,,3910.0,-0.67522,0.00018,1.8478,4.056405047891197
822.0,3.77232,0.86127,34.6336,3.822855,,3911.0,-0.67708,0.00038,3.8916,4.135890093291183
823.0,3.77418,0.86238,34.6783,3.823165,,3912.0,-0.67708,0.00058,5.93,3.9723490675234854
824.0,3.77232,0.8635,34.7234,3.823475,,3913.0,-0.67522,0.00078,7.9737,4.049907890543094
825.0,3.77046,0.86461,34.7681,3.823475,,3914.0,-0.67708,0.00098,10.0175,4.101715149366289
826.0,3.77232,0.86572,34.8127,3.823785,,3915.0,-0.67708,0.00117,11.9977,4.044738809665264
827.0,3.77232,0.86683,34.8574,3.824095,,3916.0,-0.67708,0.00137,14.0414,4.039809575071876
828.0,3.77046,0.86795,34.9021,3.824405,,3917.0,-0.67708,0.00157,16.0851,4.182629500776969
829.0,3.77232,0.86906,34.9467,3.824405,,3918.0,-0.67708,0.00176,18.0124,3.9941486494773923
830.0,3.77046,0.87003,34.9859,3.824715,,3919.0,-0.67522,0.00195,19.9767,4.085514813791166
831.0,3.77046,0.87114,35.0306,3.825025,,3920.0,-0.67708,0.00215,22.0204,4.093941431613041
833.0,3.77604,0.87225,35.0752,3.825335,,3922.0,-0.67708,0.00235,24.0642,4.1387022230215935
834.0,3.77418,0.87336,35.1199,3.825335,,3923.0,-0.67708,0.00254,26.0497,4.1124789581407395
835.0,3.77604,0.87447,35.1646,3.825645,,3924.0,-0.67708,0.00275,28.1305,4.076772023327214
836.0,3.77046,0.87558,35.2092,3.825955,,3925.0,-0.67708,0.00294,30.1742,4.04999666529752
837.0,3.77232,0.87669,35.2539,3.826265,,3926.0,-0.67708,0.00312,31.9638,4.12160976719946
838.0,3.77232,0.87781,35.2986,3.826265,,3927.0,-0.67708,0.00332,34.0075,4.080795053019267
839.0,3.77232,0.87892,35.3432,3.826575,,3928.0,-0.67708,0.00352,36.0513,4.049349296766145
840.0,3.77418,0.88003,35.3879,3.826885,,3929.0,-0.67708,0.00372,38.0897,4.098092583354174
841.0,3.77418,0.88114,35.4325,3.826885,,3930.0,-0.67708,0.00392,40.1334,4.121745652511002
842.0,3.77232,0.88225,35.4772,3.827195,,3931.0,-0.67708,0.00412,42.1772,4.047949242217327
843.0,3.7686,0.88337,35.5223,3.827505,,3932.0,-0.67708,0.00432,44.2209,4.064496429561236
844.0,3.77232,0.88446,35.5661,3.827505,,3933.0,-0.67708,0.00451,46.2593,4.098735052075138
845.0,3.77232,0.88553,35.6091,3.827815,,3934.0,-0.67708,0.00471,48.3031,4.057508163853038
846.0,3.7686,0.8865,35.6483,3.827815,,3935.0,-0.67708,0.00493,50.4845,4.115621761264761
847.0,3.77232,0.88761,35.6929,3.828125,,3936.0,-0.67708,0.00512,52.4858,4.146932024738505
848.0,3.77046,0.88873,35.738,3.828435,,3937.0,-0.67708,0.00527,54.0266,4.008801434935398
849.0,3.7686,0.88984,35.7826,3.828745,,3937.0,-1.35603,0.00527,54.0266,4.092321487384544
850.0,3.77418,0.89086,35.8235,3.829055,,3938.0,-1.35417,0.00563,57.7222,4.115793838242078
851.0,3.77418,0.89203,35.8707,3.829055,,3939.0,-1.35417,0.00602,61.6932,4.051478558555548
852.0,3.77232,0.89314,35.9154,3.829365,,3940.0,-1.35603,0.00642,65.7807,4.008385461392046
853.0,3.77046,0.89425,35.96,3.829365,,3941.0,-1.35231,0.00682,69.8576,4.09672801919667
855.0,3.77046,0.89536,36.0047,3.829675,,3942.0,-1.35231,0.00722,73.945,4.079503611769033
856.0,3.77418,0.89648,36.0494,3.829985,,3943.0,-1.35231,0.00762,78.0325,3.9220171120449665
857.0,3.7686,0.89745,36.0885,3.830295,,3944.0,-1.35417,0.00801,82.1147,4.029505967537151
858.0,3.77604,0.89856,36.1332,3.830605,,3945.0,-1.35417,0.00841,86.2075,4.032103724582117
859.0,3.77046,0.89974,36.1808,3.830605,,3946.0,-1.35417,0.00881,90.2896,4.1356826439917125
860.0,3.76674,0.90074,36.2208,3.830915,,3947.0,-1.35045,0.00921,94.3771,4.007583917210476
861.0,3.77232,0.90187,36.2663,3.831225,,3948.0,-1.35231,0.00956,97.9616,4.083629634919587
862.0,3.7686,0.90298,36.311,3.831225,,3949.0,-1.35417,0.00976,100.0,4.0610197088343325
863.0,3.77046,0.90409,36.3557,3.831535,,3949.0,-1.35417,0.00976,100.0,3.9687496221054093
864.0,3.77232,0.9052,36.4004,3.831845,,,,,,
865.0,3.77046,0.90624,36.4421,3.832155,,3949.0,0.67708,0.0,0.0,4.122800844682785
866.0,3.77232,0.90735,36.4867,3.832465,,3950.0,0.67894,0.00021,14.0807,4.164100051856069
867.0,3.77418,0.90846,36.5314,3.832465,,3951.0,0.67708,0.00041,27.2727,4.090105600505621
868.0,3.77232,0.90957,36.5761,3.832775,,3952.0,0.67894,0.00061,40.499,4.086817172408549
869.0,3.77418,0.91068,36.6207,3.833085,,3953.0,0.67894,0.00081,53.7252,4.170276909536307
870.0,3.77046,0.9118,36.6654,3.833085,,3954.0,0.67894,0.00101,66.9515,4.148259377001042
871.0,3.77418,0.91291,36.7101,3.833395,,3955.0,0.67894,0.00121,80.1777,4.043955064214718
872.0,3.77232,0.91402,36.7547,3.833705,,3956.0,0.67894,0.00141,93.3698,4.046507865914706
873.0,3.77418,0.91513,36.7994,3.834015,,3957.0,0.67894,0.00151,100.0,4.1309186670042415
874.0,3.77418,0.91624,36.8441,3.834015,,3957.0,0.0,0.00151,100.0,4.112953217166402
876.0,3.77232,0.91735,36.8887,3.834325,,3958.0,0.0,0.00151,100.0,4.094749033774161
877.0,3.77232,0.91839,36.9304,3.834325,,3959.0,0.0,0.00151,100.0,4.06541142341338
878.0,3.77232,0.91952,36.976,3.834635,,3960.0,0.0,0.00151,100.0,4.08913413904859
879.0,3.77418,0.92063,37.0206,3.834945,,3961.0,0.0,0.00151,100.0,4.18748333521309
880.0,3.76674,0.9216,37.0598,3.835255,,3962.0,0.0,0.00151,100.0,4.084316230753507
881.0,3.77046,0.92271,37.1044,3.835566,,3963.0,0.0,0.00151,100.0,4.059751686591141
882.0,3.77232,0.92382,37.1491,3.835876,,3964.0,0.0,0.00151,100.0,4.076101254729035
883.0,3.77418,0.92488,37.1917,3.835876,,3965.0,0.0,0.00151,100.0,4.083350428164605
884.0,3.77046,0.92601,37.2372,3.836185,,3967.0,0.0,0.00151,100.0,4.150447537593339
885.0,3.77232,0.92702,37.2776,3.836496,,3968.0,0.0,0.00151,100.0,4.139964043507089
886.0,3.77232,0.92813,37.3223,3.836496,,3969.0,0.0,0.00151,100.0,4.096932682699758
887.0,3.77232,0.92924,37.3669,3.836806,,3970.0,0.0,0.00151,100.0,4.157664182358052
888.0,3.77418,0.93035,37.4116,3.837116,,3971.0,0.0,0.00151,100.0,4.070678975384977
889.0,3.77604,0.93146,37.4563,3.837426,,3972.0,0.0,0.00151,100.0,4.038379033769827
890.0,3.77418,0.93257,37.501,3.837426,,3973.0,0.0,0.00151,100.0,4.0525274645601534
891.0,3.7686,0.93358,37.5414,3.837736,,3973.0,0.0,0.00151,100.0,4.122430660721791
892.0,3.7686,0.93469,37.5861,3.837736,,3973.0,0.0,0.00151,100.0,4.130804969786961
893.0,3.77232,0.93579,37.6303,3.838046,,,,,,
894.0,3.77232,0.93678,37.6699,3.838356,,3973.0,-0.67522,0.0,0.0,4.168504575969911
895.0,3.77232,0.93788,37.7141,3.838666,,3974.0,-0.67708,0.00021,0.9954,4.049765986807928
896.0,3.77418,0.93899,37.7588,3.838976,,3975.0,-0.67708,0.00039,1.8673,4.07897688838216
897.0,3.77418,0.9401,37.8034,3.839286,,3976.0,-0.67708,0.00061,2.9022,4.109364312699801
898.0,3.77046,0.94122,37.8485,3.839286,,3977.0,-0.67708,0.00081,3.8556,4.1129007478414445
899.0,3.77232,0.94232,37.8928,3.839596,,3978.0,-0.67708,0.001,4.7991,4.097945090299367
900.0,3.77232,0.94329,37.9319,3.839596,,3979.0,-0.67708,0.00118,5.6339,4.096403653443414
901.0,3.77046,0.94445,37.9787,3.840216,,3980.0,-0.67708,0.00138,6.5873,3.996320708503744
902.0,3.77046,0.94557,38.0234,3.840526,,3982.0,-0.67708,0.00158,7.5407,4.021404325698918
903.0,3.77232,0.94668,38.068,3.840526,,3983.0,-0.67708,0.00178,8.4941,4.013080962052287
905.0,3.77232,0.94779,38.1127,3.840836,,3984.0,-0.67708,0.00198,9.4722,4.0566465623188055
906.0,3.77232,0.94876,38.1519,3.840836,,3985.0,-0.67708,0.00216,10.3194,4.069475301091985
907.0,3.77232,0.94987,38.1965,3.841146,,3986.0,-0.67708,0.00236,11.2703,4.015450535141043
908.0,3.77418,0.95098,38.2412,3.841456,,3987.0,-0.67708,0.00256,12.2237,4.099291819608906
909.0,3.77232,0.95209,38.2858,3.841766,,3988.0,-0.67708,0.00276,13.1771,4.066371649536959
910.0,3.77418,0.95327,38.333,3.842076,,3989.0,-0.67708,0.00295,14.1206,4.009100536785003
911.0,3.77418,0.95429,38.3743,3.842386,,3990.0,-0.67708,0.00315,15.0369,4.076794529593332
912.0,3.77418,0.9554,38.419,3.842386,,3991.0,-0.67522,0.00333,15.9088,3.9823683905732614
913.0,3.77232,0.95651,38.4637,3.842696,,3992.0,-0.67708,0.00353,16.8622,4.1636441034169485
914.0,3.77232,0.95765,38.5092,3.843006,,3993.0,-0.67708,0.00373,17.8156,4.090088710759791
915.0,3.77046,0.95862,38.5483,3.843006,,3994.0,-0.67708,0.00393,18.769,4.084565101626715
916.0,3.77046,0.95973,38.593,3.843626,,3995.0,-0.67708,0.00413,19.7199,4.128172430097245
917.0,3.77232,0.96084,38.6377,3.843936,,3996.0,-0.67708,0.00432,20.6733,4.053686726273111
918.0,3.77418,0.96194,38.6819,3.844246,,3997.0,-0.67708,0.00452,21.6267,4.026119822190273
919.0,3.7686,0.96306,38.727,3.844556,,3998.0,-0.67708,0.00473,22.5974,4.141024138126978
920.0,3.77232,0.96417,38.7717,3.844556,,3999.0,-0.67522,0.00492,23.5038,4.110819908290969
921.0,3.77232,0.96529,38.8163,3.845176,,4000.0,-0.67708,0.00511,24.4399,4.059107222321312
922.0,3.77418,0.9663,38.8572,3.845176,,4001.0,-0.67708,0.00529,25.2748,4.050645684450518
923.0,3.77232,0.96739,38.901,3.845486,,4002.0,-0.67708,0.00549,26.2553,4.075002904847154
924.0,3.77418,0.9685,38.9457,3.845796,,4003.0,-0.67708,0.00567,27.0902,4.068145065424685
925.0,3.77232,0.96961,38.9904,3.846106,,4004.0,-0.67708,0.00587,28.0436,4.029147786677436
926.0,3.77232,0.97072,39.035,3.846106,,4005.0,-0.67708,0.00607,28.997,4.072056921542139
928.0,3.77232,0.97183,39.0797,3.846416,,4006.0,-0.67708,0.00627,29.9504,4.039876882882186
929.0,3.77232,0.97294,39.1243,3.846726,,4007.0,-0.67708,0.00646,30.9037,4.094287453387277
930.0,3.77418,0.97406,39.169,3.846726,,4009.0,-0.67708,0.00666,31.8571,4.100373552892537
931.0,3.77232,0.97514,39.2128,3.847036,,4010.0,-0.67522,0.00686,32.8081,4.082961351111505
932.0,3.77046,0.97614,39.2529,3.847656,,4011.0,-0.67708,0.00706,33.754,4.093038192098561
933.0,3.77046,0.97725,39.2975,3.847656,,4012.0,-0.67708,0.00724,34.5889,3.983045283828308
934.0,3.77232,0.97836,39.3422,3.847966,,4013.0,-0.67708,0.00744,35.5423,4.088479449193956
935.0,3.77232,0.97947,39.3868,3.847966,,4014.0,-0.67708,0.00762,36.4413,4.05686258558376
936.0,3.77232,0.98055,39.4302,3.848276,,4015.0,-0.67708,0.00782,37.3947,3.9971248879102776
937.0,3.77232,0.98166,39.4749,3.848586,,4016.0,-0.67708,0.00802,38.3481,4.12678497635432
938.0,3.77232,0.98277,39.5196,3.848896,,4017.0,-0.67708,0.00822,39.299,4.003370566337568
939.0,3.77418,0.98388,39.5642,3.849206,,4018.0,-0.67708,0.00842,40.2524,4.0327638356327595
940.0,3.77232,0.98499,39.6089,3.849516,,4019.0,-0.67708,0.00862,41.2058,4.167527965745095
941.0,3.77604,0.9861,39.6536,3.849516,,4020.0,-0.67708,0.00882,42.1592,4.017787304475834
942.0,3.77046,0.98722,39.6982,3.849826,,4021.0,-0.67708,0.00902,43.1126,4.0668607234013
943.0,3.77418,0.98832,39.7424,3.850137,,4022.0,-0.67708,0.0092,43.9845,4.050460253769631
944.0,3.77046,0.98936,39.7846,3.850446,,4023.0,-0.67708,0.00939,44.891,4.0482462019083005
945.0,3.77418,0.99047,39.8292,3.850756,,4024.0,-0.67708,0.00959,45.8443,4.106908659501177
946.0,3.77418,0.99157,39.8735,3.851066,,4025.0,-0.67708,0.00979,46.7977,4.020983815180844
947.0,3.77232,0.99255,39.9127,3.851066,,4026.0,-0.67708,0.00999,47.7511,4.026928575283447
948.0,3.7686,0.99366,39.9573,3.851377,,4027.0,-0.67708,0.01019,48.7045,4.056006144469705
949.0,3.7686,0.99477,40.002,3.851686,,4028.0,-0.67708,0.01039,49.6579,4.067383754271164
950.0,3.77418,0.99587,40.0462,3.851996,,4030.0,-0.67708,0.01062,50.7447,4.078106397731264
951.0,3.77418,0.99685,40.0854,3.851996,,4031.0,-0.67708,0.01081,51.661,4.0240375371853805
953.0,3.77232,0.99796,40.1301,3.852617,,4032.0,-0.67708,0.01098,52.4983,4.07340760471741
954.0,3.77232,0.99908,40.1752,3.852617,,4033.0,-0.67708,0.01118,53.4493,4.044644405665822
955.0,3.77232,1.00019,40.2199,3.852926,,4034.0,-0.67708,0.01138,54.4026,4.009928779599368
956.0,3.77232,1.0013,40.2645,3.852926,,4035.0,-0.67708,0.01158,55.356,4.174791788457945
957.0,3.77232,1.00241,40.3092,3.853237,,4036.0,-0.67708,0.01178,56.3094,4.0176921667020595
958.0,3.7686,1.00352,40.3538,3.853547,,4037.0,-0.67708,0.01198,57.2628,4.124414637608947
959.0,3.77418,1.00459,40.3968,3.853857,,4038.0,-0.67708,0.01217,58.189,4.124611152425856
960.0,3.77418,1.00567,40.4402,3.854167,,4039.0,-0.67708,0.01237,59.1227,4.0714846486268135
961.0,3.7686,1.00678,40.4849,3.854477,,4040.0,-0.67708,0.01257,60.0761,4.122613301355806
962.0,3.77046,1.00789,40.5296,3.854787,,4041.0,-0.67708,0.01277,61.0295,4.125057871479716
963.0,3.77418,1.009,40.5742,3.855097,,4042.0,-0.67708,0.01297,61.9829,4.01224851390687
964.0,3.77046,1.0101,40.6184,3.855097,,4043.0,-0.67708,0.01317,62.9338,3.9633639147199964
965.0,3.77046,1.01108,40.6577,3.855717,,4044.0,-0.67708,0.01336,63.8872,4.200360111787912
966.0,3.77046,1.01219,40.7023,3.855717,,4045.0,-0.67708,0.01354,64.7245,4.023684117559457
967.0,3.77232,1.0133,40.747,3.856027,,4046.0,-0.67708,0.01374,65.6779,3.935358972294699
968.0,3.77232,1.01438,40.7904,3.856337,,4047.0,-0.67708,0.01394,66.6214,3.977631084019671
969.0,3.77046,1.01549,40.835,3.856647,,4048.0,-0.67708,0.01414,67.5822,4.05742310663885
970.0,3.77046,1.01649,40.8755,3.856957,,4049.0,-0.67708,0.01434,68.5356,4.101447517462637
971.0,3.77232,1.0176,40.9202,3.856957,,4050.0,-0.67708,0.01454,69.489,4.031289707440566
972.0,3.77232,1.01871,40.9648,3.857267,,4051.0,-0.67708,0.01474,70.4424,4.039754133843396
973.0,3.77232,1.01982,41.0095,3.857577,,4052.0,-0.67708,0.01494,71.3958,3.94905266356315
974.0,3.77232,1.02093,41.0541,3.857887,,4053.0,-0.67708,0.01511,72.2306,4.077380641950912
976.0,3.77046,1.02204,41.0984,3.857887,,4055.0,-0.67708,0.01531,73.184,4.171118411906097
977.0,3.77418,1.02316,41.1435,3.858507,,4056.0,-0.67708,0.01551,74.1374,4.055838441537394
978.0,3.77232,1.02427,41.1882,3.858507,,4057.0,-0.67708,0.01571,75.0908,3.987679724343843
979.0,3.77046,1.02538,41.2328,3.858817,,4058.0,-0.67708,0.01591,76.0442,4.142394286846251
980.0,3.77046,1.02649,41.2775,3.859127,,4059.0,-0.67708,0.01611,76.9951,4.079703626276797
981.0,3.77418,1.02761,41.3226,3.859437,,4060.0,-0.67708,0.01631,77.9584,4.043421258375
982.0,3.77046,1.02872,41.3672,3.859747,,4060.0,-0.67708,0.01636,78.193,4.021440332940373
983.0,3.77418,1.02983,41.4119,3.860057,,4060.0,-1.35045,0.01636,78.193,4.02737768571349
984.0,3.77418,1.03094,41.4566,3.860367,,4061.0,-1.35417,0.01678,80.2233,4.120494000652348
985.0,3.77418,1.03205,41.5013,3.860677,,4062.0,-1.35417,0.01718,82.1301,4.059817420147352
986.0,3.77418,1.03315,41.5455,3.860987,,4063.0,-1.35417,0.01758,84.0196,4.040835154078691
987.0,3.77232,1.03423,41.5889,3.860987,,4064.0,-1.35045,0.01793,85.6917,4.047803736959302
988.0,3.77232,1.03521,41.6281,3.861297,,4065.0,-1.35417,0.01833,87.5985,4.000846777816119
989.0,3.77232,1.03632,41.6727,3.861607,,4066.0,-1.35417,0.01872,89.5028,4.1425263810362285
990.0,3.77232,1.03743,41.7174,3.861917,,4067.0,-1.35417,0.01912,91.4096,3.9778941943146977
991.0,3.77418,1.03854,41.7621,3.862227,,4069.0,-1.35231,0.01952,93.3164,4.081164317270611
992.0,3.7686,1.03965,41.8067,3.862537,,4070.0,-1.35417,0.01992,95.238,4.089680265945689
993.0,3.77046,1.04076,41.8514,3.862847,,4071.0,-1.35231,0.02032,97.1423,4.036068766953587
994.0,3.77046,1.04187,41.8961,3.862847,,4072.0,-1.35417,0.02072,99.0491,4.0795757762700955
995.0,3.77418,1.04298,41.9407,3.863157,,4072.0,-1.35231,0.02092,100.0,4.009758792313736
996.0,3.77046,1.04409,41.9854,3.863467,,4072.0,-1.35231,0.02092,100.0,4.0245979779174315
998.0,3.77418,1.0452,42.0301,3.863777,,,,,,
999.0,3.7686,1.04631,42.0747,3.864087,,4072.0,0.67894,0.0,0.0,4.147411342913854
1000.0,3.77046,1.04742,42.1194,3.864397,,4073.0,0.67894,0.00019,12.7329,4.115418287907829
1001.0,3.7686,1.04854,42.164,3.864707,,4074.0,0.67894,0.00037,24.8102,4.1400118408154425
1002.0,3.77232,1.04953,42.2041,3.865017,,4075.0,0.67894,0.00057,38.1643,4.185726111690438
1003.0,3.77418,1.05066,42.2496,3.865017,,4076.0,0.67894,0.00077,51.5183,4.180618739201354
1004.0,3.77418,1.05177,42.2943,3.865327,,4077.0,0.67894,0.00098,65.3554,4.1314854312281035
1005.0,3.77232,1.05287,42.3385,3.865637,,4078.0,0.67894,0.00117,78.2264,4.072711678375697
1006.0,3.77232,1.05399,42.3832,3.866257,,4079.0,0.67894,0.00135,89.9241,4.144215872109424
1007.0,3.77418,1.05496,42.4223,3.866257,,4080.0,0.67894,0.0015,100.0,4.081448564074233
1008.0,3.77232,1.05605,42.4662,3.866878,,4080.0,0.0,0.0015,100.0,4.058000068495177
1009.0,3.77046,1.05721,42.513,3.867188,,4081.0,0.0,0.0015,100.0,4.091594127430512
1010.0,3.77232,1.05832,42.5576,3.867188,,4082.0,0.0,0.0015,100.0,4.059714181521374
1011.0,3.77232,1.05943,42.6023,3.867497,,4083.0,0.0,0.0015,100.0,4.241534118630584
1012.0,3.77418,1.06054,42.6469,3.867808,,4084.0,0.0,0.0015,100.0,4.1598008053159425
1013.0,3.77046,1.06166,42.6916,3.868118,,4085.0,0.0,0.0015,100.0,4.026164875009957
1014.0,3.77232,1.06281,42.7379,3.868428,,4086.0,0.0,0.0015,100.0,4.0219087752702904
1015.0,3.77046,1.06389,42.7813,3.868738,,4087.0,0.0,0.0015,100.0,4.127011483891569
1016.0,3.77232,1.06496,42.8243,3.869048,,4088.0,0.0,0.0015,100.0,4.094394136286526
1017.0,3.77046,1.06607,42.869,3.869358,,4090.0,0.0,0.0015,100.0,3.982826188514344
1018.0,3.77046,1.06718,42.9137,3.869668,,4091.0,0.0,0.0015,100.0,4.064985622093262
1020.0,3.77232,1.06829,42.9583,3.869978,,4092.0,0.0,0.0015,100.0,4.1245142440994105
1021.0,3.77232,1.06926,42.9975,3.870288,,4093.0,0.0,0.0015,100.0,4.068989065578137
1022.0,3.77418,1.07037,43.0421,3.870598,,4094.0,0.0,0.0015,100.0,4.01016591070323
1023.0,3.77418,1.07148,43.0868,3.870908,,4095.0,0.0,0.0015,100.0,4.094065728398799
1024.0,3.77046,1.07258,43.131,3.871218,,4096.0,0.0,0.0015,100.0,4.019538226281465
1025.0,3.77232,1.07369,43.1757,3.871218,,4096.0,0.0,0.0015,100.0,4.0477344939512845
1026.0,3.77232,1.0748,43.2204,3.871838,,4096.0,0.0,0.0015,100.0,4.113006941380883
1027.0,3.77046,1.07586,43.2629,3.871838,,,,,,
1028.0,3.77232,1.07703,43.3097,3.872148,,4096.0,-0.67522,0.0,0.0,4.095438752865684
1029.0,3.77604,1.078,43.3488,3.872458,,4097.0,-0.67522,0.00019,0.4601,4.0696203179728805
1030.0,3.77046,1.07911,43.3935,3.872768,,4098.0,-0.67708,0.0004,0.9704,4.080905996496024
1031.0,3.76674,1.08022,43.4382,3.873078,,4099.0,-0.67708,0.0006,1.4494,4.055979793679114
1032.0,3.77232,1.08133,43.4828,3.873388,,4100.0,-0.67708,0.00077,1.8744,4.088711826252246
1033.0,3.7686,1.08244,43.5275,3.873698,,4101.0,-0.67708,0.00097,2.3584,4.0518048585831945
1034.0,3.77232,1.08355,43.5721,3.874008,,4102.0,-0.67708,0.00117,2.8423,4.132216828063793
1035.0,3.77046,1.08466,43.6168,3.874318,,4103.0,-0.67708,0.00137,3.3251,4.056788790233603
1036.0,3.77418,1.08566,43.6568,3.874628,,4104.0,-0.67708,0.00157,3.809,4.057692956104
1037.0,3.77046,1.08677,43.7015,3.874938,,4106.0,-0.67708,0.00175,4.2478,4.056415140444114
1038.0,3.7686,1.08787,43.7457,3.875248,,4107.0,-0.67708,0.00196,4.7444,4.0431589745349195
1039.0,3.77418,1.08884,43.7849,3.875558,,4108.0,-0.67708,0.00214,5.1882,4.025765120341702
1040.0,3.77418,1.08995,43.8296,3.875868,,4109.0,-0.67708,0.00234,5.6709,3.969687129776741
1041.0,3.77232,1.09106,43.8742,3.875868,,4110.0,-0.67708,0.00254,6.1549,4.074968991759283
1042.0,3.77046,1.09218,43.9189,3.876488,,4111.0,-0.67708,0.00273,6.6338,4.0760104581944745
1043.0,3.77232,1.09329,43.9636,3.876798,,4112.0,-0.67708,0.00291,7.0589,4.085605687989489
1045.0,3.77046,1.0944,44.0082,3.876798,,4113.0,-0.67708,0.00312,7.5792,4.159848263320338
1046.0,3.77232,1.09551,44.0529,3.877418,,4114.0,-0.67708,0.00332,8.0443,4.163319901388813
1047.0,3.77418,1.09662,44.0975,3.877728,,4115.0,-0.67708,0.00351,8.5283,3.986068693965962
1048.0,3.77418,1.09773,44.1422,3.878038,,4116.0,-0.67708,0.00371,9.0123,4.091976847884563
1049.0,3.77046,1.09884,44.1869,3.878038,,4117.0,-0.67708,0.00391,9.4962,4.063856542692221
1050.0,3.77046,1.0999,44.2294,3.878348,,4118.0,-0.67708,0.00411,9.9802,4.138452616218209
1051.0,3.77418,1.10102,44.2745,3.878658,,4119.0,-0.67708,0.00431,10.4629,4.063043867475989
1052.0,3.77046,1.10205,44.3158,3.878968,,4120.0,-0.67708,0.00451,10.9469,4.1095691852793
1053.0,3.77418,1.10316,44.3605,3.879278,,4121.0,-0.67708,0.00471,11.4308,4.116788639197648
1054.0,3.77232,1.10427,44.4051,3.879588,,4122.0,-0.67708,0.0049,11.8872,4.072596803351064
1055.0,3.77418,1.10525,44.4447,3.879898,,4123.0,-0.67708,0.00509,12.3574,4.087882258033981
1056.0,3.77046,1.10636,44.4894,3.880208,,4124.0,-0.67708,0.00529,12.8413,4.098173046810489
1057.0,3.77232,1.10747,44.5341,3.880518,,4125.0,-0.67708,0.00549,13.3241,4.0885997079258996
1058.0,3.77232,1.10858,44.5787,3.880828,,4126.0,-0.67708,0.00567,13.7491,4.121067963599022
1059.0,3.77046,1.10969,44.6234,3.881138,,4127.0,-0.67708,0.00587,14.2318,4.081699177301679
1060.0,3.77046,1.11081,44.668,3.881758,,4128.0,-0.67708,0.00606,14.7158,4.0636685175286695
1061.0,3.77418,1.11192,44.7127,3.881758,,4129.0,-0.67522,0.00624,15.1408,4.043298206120536
1062.0,3.77232,1.11303,44.7574,3.882068,,4130.0,-0.67708,0.00644,15.6285,4.004774009109193
1063.0,3.77232,1.11414,44.8021,3.882379,,4131.0,-0.67708,0.0066,16.0034,4.116476117411725
1064.0,3.77046,1.11525,44.8467,3.882689,,4131.0,-5.40179,0.0066,16.0034,3.9852852746449567
1065.0,3.77046,1.11636,44.8914,3.882998,,4132.0,-5.41295,0.0081,19.6494,3.9230384481896707
1066.0,3.77046,1.11746,44.9356,3.883309,,4133.0,-5.40737,0.00969,23.5136,3.8155864655294645
1068.0,3.77232,1.11857,44.9803,3.883929,,4134.0,-5.40923,0.01115,27.0481,3.8786582782564185
1069.0,3.77046,1.11968,45.0249,3.883929,,4135.0,-5.40365,0.01278,31.0226,3.907360159945515
1070.0,3.77604,1.12079,45.0696,3.884549,,4136.0,-5.40923,0.01418,34.4128,3.879478255657625
1071.0,3.77418,1.1219,45.1143,3.884549,,4137.0,-5.40737,0.01577,38.277,3.910086731219963
1072.0,3.77046,1.123,45.1585,3.884859,,4138.0,-5.40923,0.01737,42.1412,3.928688062365901
1073.0,3.77232,1.12403,45.1998,3.885479,,4139.0,-5.40551,0.01855,45.0224,3.965276872822494
1074.0,3.77604,1.12514,45.2444,3.885789,,4139.0,-3.37984,0.01855,45.0224,3.925333169073696
1075.0,3.77046,1.12625,45.2891,3.886099,,4140.0,-3.37612,0.01958,47.5049,3.932028379533033
1076.0,3.7686,1.12736,45.3337,3.886099,,4141.0,-3.3817,0.02057,49.921,3.851039238867239
1077.0,3.77604,1.12847,45.3784,3.886719,,4142.0,-3.37984,0.0215,52.1766,4.0144650489544915
1078.0,3.77418,1.12958,45.4231,3.887029,,4143.0,-3.37798,0.02253,54.6591,3.9917979010857474
1079.0,3.77046,1.13069,45.4678,3.887029,,4144.0,-3.37798,0.02352,57.0739,3.965422822344376
1080.0,3.77232,1.13167,45.5069,3.887649,,4146.0,-3.37612,0.02443,59.2831,3.945466149331881
1081.0,3.77046,1.13278,45.5516,3.887959,,4147.0,-3.37612,0.02543,61.6979,3.9896991281191156
1082.0,3.77604,1.13389,45.5963,3.888269,,4148.0,-3.38356,0.02642,64.1127,3.9931814850404006
1083.0,3.77046,1.135,45.6409,3.888889,,4149.0,-3.3817,0.02742,66.53,3.9356548463217225
1084.0,3.77232,1.13611,45.6856,3.889199,,4150.0,-3.37984,0.02841,68.9448,3.996236448320857
1085.0,3.77232,1.13722,45.7303,3.889819,,4151.0,-3.38356,0.02941,71.3596,3.9644113342102574
1086.0,3.77046,1.13833,45.775,3.889819,,4152.0,-3.3817,0.0304,73.7757,4.029244490471811
1088.0,3.77046,1.13952,45.8225,3.890129,,4153.0,-3.37984,0.03145,76.3046,3.9036588448736573
1089.0,3.77418,1.14063,45.8672,3.890749,,4154.0,-3.3817,0.03233,78.4473,4.043983625149332
1090.0,3.77232,1.1416,45.9064,3.891059,,4155.0,-3.3817,0.03332,80.8621,3.98765378371442
1091.0,3.77232,1.14273,45.9519,3.891369,,4156.0,-3.37984,0.03432,83.2769,4.015143896395273
1092.0,3.77232,1.14384,45.9966,3.891679,,4157.0,-3.37984,0.03531,85.6917,3.8915452064866756
1093.0,3.77418,1.145,46.0429,3.891989,,4158.0,-3.37798,0.03633,88.1529,3.91036697480657
1094.0,3.77232,1.14611,46.0876,3.892299,,4159.0,-3.37798,0.03723,90.3408,3.896887013420657
1095.0,3.77046,1.14722,46.1322,3.892609,,4160.0,-3.37798,0.03823,92.7556,3.9487373833780075
1096.0,3.77232,1.14819,46.1714,3.892919,,4161.0,-3.37984,0.03922,95.1704,3.866488085349359
1097.0,3.77418,1.1493,46.2161,3.893229,,4162.0,-3.3817,0.04022,97.5852,3.9795371251617255
1098.0,3.77046,1.15041,46.2607,3.893539,,4163.0,-3.3817,0.04121,100.0,3.985968655722917
1099.0,3.77232,1.15152,46.3054,3.893849,,4163.0,-3.3817,0.04121,100.0,3.927089760772318
1100.0,3.77418,1.1526,46.3488,3.894469,,,,,,
1101.0,3.77232,1.15371,46.3935,3.894469,,4163.0,1.35789,0.0,0.0,4.062273607433751
1102.0,3.77046,1.15482,46.4381,3.894779,,4164.0,1.35975,0.00037,12.2428,4.089047136217153
1103.0,3.77046,1.15593,46.4828,3.895399,,4165.0,1.35789,0.00082,27.2634,4.112924317329139
1104.0,3.77232,1.15704,46.5274,3.895709,,4167.0,1.35789,0.00122,40.5007,4.159295850672143
1105.0,3.77604,1.15816,46.5721,3.896019,,4168.0,1.35417,0.00162,53.738,4.05308653950298
1106.0,3.77232,1.15927,46.6168,3.896329,,4169.0,1.35231,0.00202,66.9239,4.062328681551528
1107.0,3.77418,1.16024,46.6559,3.896639,,4170.0,1.34673,0.00242,80.1955,4.091334665721468
1108.0,3.77046,1.16135,46.7006,3.897259,,4171.0,1.35231,0.00281,93.3813,4.067338076298726
1110.0,3.77418,1.16246,46.7453,3.897569,,4171.0,1.36347,0.00301,100.0,4.156694560217836
1111.0,3.77418,1.16357,46.7899,3.897879,,4171.0,1.36347,0.00301,100.0,4.11489760164176
1112.0,3.77046,1.16468,46.8346,3.89819,,,,,,
1113.0,3.77046,1.16568,46.8746,3.89819,,4171.0,-1.35417,0.0,0.0,3.9530177665402215
1114.0,3.77232,1.16679,46.9193,3.898809,,4172.0,-1.35417,0.00041,3.4331,4.084001741627044
1115.0,3.77232,1.1679,46.964,3.89912,,4173.0,-1.35789,0.00081,6.7418,3.908927366978877
1116.0,3.77232,1.16901,47.0086,3.89943,,4175.0,-1.35045,0.00121,10.0463,4.010439184474173
1117.0,3.77976,1.17012,47.0533,3.89974,,4176.0,-1.35603,0.00161,13.355,4.0467937943762315
1118.0,3.77418,1.1711,47.0925,3.90005,,4177.0,-1.35789,0.00198,16.4109,4.034428138640168
1119.0,3.77418,1.17221,47.1372,3.90036,,4178.0,-1.35417,0.00238,19.7197,4.063440837658388
1120.0,3.77046,1.17324,47.1789,3.90067,,4179.0,-1.35231,0.00278,23.0285,4.049449145854642
1121.0,3.77418,1.1744,47.2252,3.90129,,4180.0,-1.35231,0.00318,26.3372,4.000216900219046
1122.0,3.77046,1.17537,47.2644,3.9016,,4181.0,-1.35045,0.00357,29.6417,4.065901070104571
1123.0,3.77418,1.17648,47.309,3.90191,,4182.0,-1.35417,0.00397,32.9505,3.992864871607185
1124.0,3.7686,1.17759,47.3537,3.90222,,4183.0,-1.35417,0.00437,36.2549,4.024568086422007
1125.0,3.77046,1.1787,47.3984,3.90253,,4184.0,-1.35231,0.00477,39.5594,4.0392088164292765
1126.0,3.77046,1.17981,47.443,3.90284,,4185.0,-1.35603,0.00517,42.8724,4.041577634685328
1127.0,3.77046,1.18091,47.4873,3.90315,,4186.0,-1.35603,0.00557,46.1769,4.011950180822811
1128.0,3.77232,1.18189,47.5264,3.90377,,4187.0,-1.35417,0.00597,49.4857,4.014300966071988
1129.0,3.77418,1.183,47.5711,3.90408,,4188.0,-1.35603,0.00636,52.7902,3.9857304489666
1130.0,3.77232,1.18411,47.6158,3.90439,,4189.0,-1.35603,0.00676,56.0989,4.024365569712643
1131.0,3.77046,1.18521,47.66,3.9047,,4190.0,-1.35417,0.00711,58.9362,4.0313593581607945
1132.0,3.77418,1.18633,47.7051,3.90501,,4191.0,-1.35603,0.00751,62.305,3.9961022991891983
1133.0,3.77046,1.18744,47.7497,3.90563,,4192.0,-1.35417,0.00791,65.6137,4.057469536279231
1134.0,3.77604,1.18855,47.7944,3.90594,,4193.0,-1.35417,0.00831,68.9225,4.008047102941512
1135.0,3.77232,1.18956,47.8348,3.90625,,4195.0,-1.35045,0.00871,72.2313,4.075110047294613
1136.0,3.77418,1.19072,47.8816,3.90656,,4196.0,-1.35603,0.00911,75.54,3.9826815025446978
1137.0,3.77232,1.19183,47.9263,3.90687,,4197.0,-1.35603,0.00951,78.8488,3.994669119375321
1139.0,3.77046,1.19286,47.9676,3.90718,,4198.0,-1.35417,0.00995,82.5304,3.979068704637293
1140.0,3.77418,1.19397,48.0122,3.90749,,4199.0,-1.35417,0.01031,85.522,4.00347287941883
1141.0,3.77232,1.19508,48.0569,3.9078,,4200.0,-1.35231,0.01071,88.8308,3.9973993863879023
1142.0,3.77046,1.19619,48.1016,3.90811,,4201.0,-1.35231,0.01111,92.1353,3.9773802795847124
1143.0,3.77046,1.1973,48.1462,3.90873,,4202.0,-1.35417,0.01151,95.4397,4.049792857899393
1144.0,3.77232,1.19841,48.1909,3.90904,,4203.0,-1.35417,0.01191,98.7528,4.030181771910873
1145.0,3.77232,1.19952,48.2356,3.90935,,4203.0,-1.35231,0.01206,100.0,4.072352655115567
1146.0,3.77046,1.20063,48.2802,3.90997,,4203.0,-1.35231,0.01206,100.0,4.040201231963606
1147.0,3.77232,1.20174,48.3249,3.91028,,,,,,
1148.0,3.77232,1.20285,48.3695,3.91059,,4203.0,2.70833,0.0,0.0,4.237877634132346
1149.0,3.77046,1.20397,48.4142,3.9109,,4204.0,2.70275,0.00074,12.4481,4.228100776275841
1150.0,3.77232,1.20506,48.4584,3.91152,,4205.0,2.70647,0.00154,25.778,4.106851966509774
1151.0,3.77046,1.20606,48.4985,3.91214,,4207.0,2.70647,0.00234,39.1165,4.144136814158309
1152.0,3.7686,1.20717,48.5431,3.91214,,4208.0,2.70647,0.00313,52.4464,4.169810936154419
1153.0,3.77604,1.20828,48.5878,3.91276,,4209.0,2.70647,0.00396,66.2863,4.170467698373144
1154.0,3.7686,1.20939,48.6325,3.91307,,4210.0,2.71019,0.00468,78.2331,4.135578979270925
1155.0,3.77046,1.2105,48.6771,3.91338,,4211.0,2.70833,0.00548,91.6926,4.171915524274006
1156.0,3.7779,1.21161,48.7218,3.913691,,4211.0,2.70833,0.00598,100.0,4.1877295901888045
1158.0,3.77232,1.21294,48.7753,3.914001,,4211.0,0.0,0.00598,100.0,4.117748269781256
1159.0,3.77232,1.21403,48.8191,3.914621,,4212.0,0.0,0.00598,100.0,4.070309462123073
1160.0,3.77418,1.21514,48.8638,3.914931,,4213.0,0.0,0.00598,100.0,4.086577364756312
1161.0,3.77232,1.21626,48.9084,3.915241,,4214.0,0.0,0.00598,100.0,4.138032786814316
1162.0,3.77418,1.21737,48.9531,3.915551,,4216.0,0.0,0.00598,100.0,4.122857136696743
1163.0,3.77418,1.21848,48.9978,3.916171,,4217.0,0.0,0.00598,100.0,4.009563899730506
1164.0,3.77232,1.21959,49.0424,3.916481,,4218.0,0.0,0.00598,100.0,3.9342031442567755
1165.0,3.77418,1.22069,49.0867,3.916791,,4219.0,0.0,0.00598,100.0,4.074175244680042
1166.0,3.77232,1.22166,49.1259,3.917101,,4220.0,0.0,0.00598,100.0,4.11205233525045
1167.0,3.77046,1.22277,49.1705,3.917411,,4221.0,0.0,0.00598,100.0,4.031784072538778
1168.0,3.77046,1.22388,49.2152,3.918031,,4222.0,0.0,0.00598,100.0,4.081938280337479
1169.0,3.77232,1.22499,49.2598,3.918341,,4223.0,0.0,0.00598,100.0,4.073551019264367
1170.0,3.77418,1.2261,49.3045,3.918651,,4224.0,0.0,0.00598,100.0,4.185287499582213
1171.0,3.77046,1.22722,49.3492,3.918961,,4225.0,0.0,0.00598,100.0,4.007974568009243
1172.0,3.77418,1.22833,49.3938,3.919581,,4226.0,0.0,0.00598,100.0,4.005501254183665
1173.0,3.77418,1.22933,49.4343,3.919891,,4227.0,0.0,0.00598,100.0,4.068851007418151
1174.0,3.77604,1.2304,49.4773,3.920201,,4228.0,0.0,0.00598,100.0,4.148025699180635
1175.0,3.77418,1.23159,49.5249,3.920511,,4229.0,0.0,0.00598,100.0,4.003574931011166
1176.0,3.77232,1.23256,49.5641,3.920821,,4230.0,0.0,0.00598,100.0,4.155249651558294
1177.0,3.7686,1.23367,49.6087,3.921441,,4231.0,0.0,0.00598,100.0,4.060372404509922
1179.0,3.77046,1.23478,49.6534,3.921751,,4232.0,0.0,0.00598,100.0,4.06419225493475
1180.0,3.77232,1.23589,49.698,3.922061,,4233.0,0.0,0.00598,100.0,4.09910882872691
1181.0,3.77232,1.237,49.7427,3.922371,,4234.0,0.0,0.00598,100.0,4.076046030983221
1182.0,3.77418,1.23811,49.7873,3.922681,,4235.0,0.0,0.00598,100.0,4.0221805280016785
1183.0,3.77046,1.23922,49.832,3.923301,,4236.0,0.0,0.00598,100.0,4.049632307209244
1184.0,3.77232,1.24033,49.8767,3.923611,,4237.0,0.0,0.00598,100.0,4.069695945377245
1185.0,3.77418,1.24144,49.9213,3.923921,,4239.0,0.0,0.00598,100.0,3.978604843949424
1186.0,3.77418,1.24256,49.966,3.924541,,4240.0,0.0,0.00598,100.0,4.172391314958057
1187.0,3.77232,1.24367,50.0107,3.924851,,4241.0,0.0,0.00598,100.0,4.003881580809694
1188.0,3.77232,1.24478,50.0553,3.925161,,4242.0,0.0,0.00598,100.0,4.083887212369968
1189.0,3.77418,1.24589,50.1,3.925471,,4243.0,0.0,0.00598,100.0,4.08392666172282
1190.0,3.7686,1.247,50.1447,3.926091,,4244.0,0.0,0.00598,100.0,4.091178772256216
1191.0,3.77418,1.24811,50.1893,3.926401,,4245.0,0.0,0.00598,100.0,4.165042438315716
1192.0,3.77046,1.24922,50.234,3.926711,,4246.0,0.0,0.00598,100.0,4.0164113267751
1193.0,3.77418,1.25033,50.2787,3.927021,,4247.0,0.0,0.00598,100.0,4.088138072016897
1194.0,3.77418,1.25144,50.3233,3.927331,,4248.0,0.0,0.00598,100.0,4.107113095735459
1195.0,3.77232,1.25255,50.368,3.927951,,4249.0,0.0,0.00598,100.0,4.1364661501698965
1196.0,3.77232,1.25366,50.4126,3.928262,,4250.0,0.0,0.00598,100.0,4.022417740042402
1198.0,3.77418,1.25477,50.4573,3.928571,,4251.0,0.0,0.00598,100.0,4.137661247349876
1199.0,3.77418,1.25588,50.5019,3.929191,,4252.0,0.0,0.00598,100.0,4.070169027079178
1200.0,3.77232,1.25698,50.5462,3.929502,,4253.0,0.0,0.00598,100.0,4.100431428866819
1201.0,3.77232,1.25796,50.5854,3.929811,,4254.0,0.0,0.00598,100.0,4.133481655867882
1202.0,3.77232,1.25907,50.6301,3.930121,,4255.0,0.0,0.00598,100.0,4.114735390824429
1203.0,3.77232,1.26018,50.6747,3.930742,,4256.0,0.0,0.00598,100.0,4.056926262184625
1204.0,3.77232,1.26133,50.7211,3.931051,,4257.0,0.0,0.00598,100.0,4.082499825032771
1205.0,3.77232,1.26231,50.7602,3.931362,,4258.0,0.0,0.00598,100.0,4.068796074639259
1206.0,3.77232,1.26342,50.8049,3.931672,,4259.0,0.0,0.00598,100.0,4.203937270744721
1207.0,3.77232,1.26453,50.8496,3.932292,,4261.0,0.0,0.00598,100.0,4.049579559938657
1208.0,3.77418,1.26564,50.8942,3.932602,,4262.0,0.0,0.00598,100.0,4.085236453561061
1209.0,3.77232,1.26667,50.9355,3.932912,,4263.0,0.0,0.00598,100.0,4.104828049302108
1210.0,3.77232,1.26783,50.9823,3.933222,,4264.0,0.0,0.00598,100.0,4.111590874207605
1211.0,3.77418,1.2688,51.0215,3.933532,,4265.0,0.0,0.00598,100.0,4.029445031254795
1212.0,3.77418,1.26991,51.0662,3.934462,,4266.0,0.0,0.00598,100.0,3.984917040685005
1213.0,3.77232,1.27102,51.1108,3.934772,,4266.0,0.0,0.00598,100.0,4.078826178119516
1214.0,3.77418,1.27214,51.1555,3.935082,,4266.0,0.0,0.00598,100.0,4.1434470014244
1215.0,3.77232,1.27325,51.2001,3.935702,,,,,,
1216.0,3.77046,1.27435,51.2444,3.936012,,4266.0,-0.67522,0.0,0.0,4.069090810044197
1217.0,3.77232,1.27539,51.2865,3.936322,,4268.0,-0.67522,0.0002,2.0317,4.106962646632035
1218.0,3.77232,1.27646,51.3295,3.936632,,4269.0,-0.67708,0.0004,4.0633,4.054747680754143
1219.0,3.7686,1.27744,51.3687,3.936942,,4270.0,-0.67708,0.0006,6.1003,4.044040362341087
1220.0,3.77418,1.27855,51.4133,3.937562,,4271.0,-0.67522,0.0008,8.1319,4.035479286351667
1221.0,3.77046,1.27966,51.458,3.937872,,4272.0,-0.67708,0.001,10.1689,4.110264928170689
1222.0,3.77418,1.28077,51.5027,3.938182,,4273.0,-0.67708,0.00119,12.1478,4.088374124521348
1223.0,3.77232,1.28195,51.5503,3.938492,,4274.0,-0.67708,0.00137,13.9525,4.0767207008534845
1225.0,3.77046,1.28306,51.5949,3.939112,,4275.0,-0.67708,0.00157,15.9894,4.003118996146955
1226.0,3.77418,1.28417,51.6396,3.939422,,4276.0,-0.67522,0.00176,18.0211,4.02992731042487
1227.0,3.77418,1.28529,51.6843,3.940042,,4277.0,-0.67708,0.00196,20.058,4.145292847673618
1228.0,3.77232,1.2864,51.729,3.940352,,4278.0,-0.67708,0.00216,22.0739,4.0411511896054995
1229.0,3.77232,1.28751,51.7736,3.940662,,4279.0,-0.67708,0.00236,24.1108,4.060920034159448
1230.0,3.77418,1.28862,51.8183,3.941282,,4280.0,-0.67708,0.00256,26.1478,4.042163711978097
1231.0,3.77232,1.28973,51.863,3.941592,,4281.0,-0.67708,0.00277,28.2797,4.096639176451198
1232.0,3.77418,1.29084,51.9076,3.941902,,4282.0,-0.67708,0.00295,30.1425,4.098231481275889
1233.0,3.77418,1.29195,51.9523,3.942212,,4283.0,-0.67708,0.00315,32.1794,3.995664363921648
1234.0,3.7686,1.29306,51.997,3.942832,,4284.0,-0.67708,0.00335,34.2164,4.073492040082963
1235.0,3.77046,1.29409,52.0382,3.943142,,4285.0,-0.67708,0.00355,36.248,4.092817890550458
1236.0,3.77418,1.29525,52.085,3.943452,,4286.0,-0.67708,0.00375,38.285,4.008299003103998
1237.0,3.77232,1.29635,52.1292,3.943762,,4288.0,-0.67708,0.00395,40.3008,3.9491166479295514
1238.0,3.77232,1.29733,52.1684,3.944382,,4289.0,-0.67708,0.00415,42.3377,4.007628363164999
1239.0,3.77232,1.29844,52.2131,3.944692,,4290.0,-0.67708,0.00434,44.3747,4.12475577032969
1240.0,3.77418,1.29955,52.2578,3.945003,,4291.0,-0.67708,0.00454,46.4116,4.0636867180908505
1241.0,3.77046,1.30053,52.2974,3.945622,,4292.0,-0.67708,0.00474,48.4485,4.016105310514564
1242.0,3.77232,1.30169,52.3441,3.945933,,4293.0,-0.67708,0.00497,50.7124,4.079337256184552
1243.0,3.77232,1.30273,52.3858,3.946243,,4294.0,-0.67708,0.00515,52.5594,4.123790956768484
1244.0,3.77232,1.30384,52.4305,3.946553,,4294.0,-0.67708,0.00527,53.8259,4.096793662670505
1245.0,3.77418,1.30495,52.4752,3.947173,,4294.0,-1.35789,0.00527,53.8259,3.989002823093783
1246.0,3.77046,1.30607,52.5202,3.947483,,4296.0,-1.35045,0.00566,57.7836,4.006357801608918
1248.0,3.77418,1.30718,52.5649,3.947793,,4297.0,-1.35417,0.00606,61.8522,4.00374159842324
1249.0,3.77046,1.3083,52.6096,3.948413,,4298.0,-1.35417,0.00645,65.9208,4.023124862810329
1250.0,3.7686,1.30928,52.6492,3.948723,,4299.0,-1.35603,0.00685,69.9947,4.082503105338792
1251.0,3.77232,1.31038,52.6934,3.949033,,4300.0,-1.35417,0.00725,74.0686,4.025561967383643
1252.0,3.77046,1.31149,52.7381,3.949653,,4301.0,-1.35417,0.00765,78.1372,4.079197454750681
1253.0,3.77232,1.31272,52.7874,3.949963,,4302.0,-1.35417,0.00805,82.2164,3.9467164861599437
1254.0,3.77232,1.3138,52.8308,3.950273,,4303.0,-1.35603,0.00844,86.248,3.993440443867237
1255.0,3.77232,1.31477,52.87,3.950583,,4304.0,-1.35417,0.00879,89.8206,4.073826391274439
1256.0,3.77418,1.31588,52.9146,3.951203,,4305.0,-1.35417,0.00919,93.8892,4.011328384311248
1257.0,3.77046,1.31699,52.9593,3.951513,,4306.0,-1.35231,0.00959,97.9631,4.12600603904967
1258.0,3.77418,1.3181,53.004,3.951823,,4306.0,-1.35417,0.00979,100.0,4.027971371704932
1259.0,3.7686,1.31921,53.0486,3.952443,,4306.0,-1.35417,0.00979,100.0,4.039321759522964
1260.0,3.77418,1.32037,53.095,3.952753,,,,,,
1261.0,3.77418,1.32148,53.1396,3.953373,,4306.0,0.67894,0.0,0.0,4.1341539382217425
1262.0,3.77046,1.32259,53.1843,3.953683,,4308.0,0.67894,0.00019,12.6789,4.1710292732193315
1263.0,3.7686,1.3237,53.229,3.954303,,4309.0,0.67894,0.00037,24.2672,4.046732898941578
1264.0,3.77418,1.32481,53.2736,3.954613,,4310.0,0.67894,0.00057,37.4574,4.147914039305036
1265.0,3.77418,1.32592,53.3183,3.954923,,4311.0,0.67894,0.00077,50.6135,4.079773110713308
1266.0,3.77418,1.32703,53.3629,3.955543,,4312.0,0.67894,0.00097,63.8037,4.111416988374035
1268.0,3.77418,1.32814,53.4076,3.955853,,4313.0,0.67894,0.00117,76.9939,4.063504749100492
1269.0,3.77232,1.32925,53.4523,3.956163,,4314.0,0.67894,0.00137,90.1841,4.074733413246208
1270.0,3.77418,1.33036,53.4969,3.956783,,4315.0,0.67894,0.00152,100.0,4.104963019072856
1271.0,3.7686,1.33147,53.5416,3.957403,,4315.0,0.0,0.00152,100.0,4.170903527865738
1272.0,3.77232,1.33258,53.5863,3.957713,,4316.0,0.0,0.00152,100.0,4.114425022118275
1273.0,3.77418,1.33369,53.6309,3.958023,,4317.0,0.0,0.00152,100.0,4.105823744758585
1274.0,3.77232,1.33481,53.6756,3.958643,,4318.0,0.0,0.00152,100.0,4.09690696906153
1275.0,3.77046,1.33592,53.7203,3.958953,,4319.0,0.0,0.00152,100.0,4.131655647793549
1276.0,3.77232,1.33703,53.7649,3.959263,,4320.0,0.0,0.00152,100.0,4.061645656833899
1277.0,3.77046,1.33814,53.8096,3.959883,,4321.0,0.0,0.00152,100.0,4.128541340583819
1278.0,3.77046,1.33924,53.8538,3.960193,,4322.0,0.0,0.00152,100.0,4.053951440302536
1279.0,3.77232,1.34021,53.893,3.960504,,4323.0,0.0,0.00152,100.0,4.0320799638802125
1280.0,3.77232,1.34132,53.9377,3.961123,,4324.0,0.0,0.00152,100.0,4.141441222464882
1281.0,3.77232,1.34242,53.9819,3.961434,,4325.0,0.0,0.00152,100.0,4.069673919153765
1282.0,3.77046,1.3436,54.0291,3.961744,,4326.0,0.0,0.00152,100.0,4.095854913448967
1283.0,3.77046,1.34457,54.0683,3.962054,,4327.0,0.0,0.00152,100.0,4.023629263691862
1284.0,3.7686,1.34568,54.1129,3.962674,,4328.0,0.0,0.00152,100.0,4.060932585324305
1285.0,3.77418,1.34679,54.1576,3.962984,,4329.0,0.0,0.00152,100.0,4.1497636903571555
1286.0,3.77046,1.3479,54.2023,3.963604,,4330.0,0.0,0.00152,100.0,4.022626042236861
1288.0,3.77046,1.34901,54.2469,3.963914,,4331.0,0.0,0.00152,100.0,4.062195882257998
1289.0,3.77232,1.35012,54.2916,3.964534,,4331.0,0.0,0.00152,100.0,4.0204972982508185
1290.0,3.77418,1.35119,54.3346,3.964844,,,,,,
1291.0,3.77232,1.3523,54.3792,3.965154,,4331.0,-0.67522,0.0,0.0,4.043466905855985
1292.0,3.7686,1.35341,54.4239,3.965774,,4332.0,-0.67522,0.00021,0.9982,4.052848791504173
1293.0,3.77232,1.35454,54.469,3.966084,,4333.0,-0.67708,0.00043,2.0581,4.100017785388535
1294.0,3.77046,1.35565,54.5136,3.966394,,4334.0,-0.67708,0.00062,2.95,4.093862455200552
1295.0,3.77046,1.35676,54.5583,3.967014,,4335.0,-0.67708,0.00082,3.9037,4.110866587050238
1296.0,3.77232,1.35787,54.603,3.967324,,4336.0,-0.67522,0.00102,4.855,3.9777162364235674
1297.0,3.77046,1.35898,54.6477,3.967634,,4337.0,-0.67708,0.00121,5.8087,4.127960319474688
1298.0,3.77046,1.36009,54.6923,3.968254,,4338.0,-0.67708,0.00141,6.7525,4.126576290200092
1299.0,3.7686,1.3612,54.737,3.968564,,4339.0,-0.67708,0.00161,7.7062,3.986157328782216
1300.0,3.77418,1.36231,54.7816,3.968874,,4340.0,-0.67708,0.00181,8.6574,4.07558911517256
1301.0,3.77046,1.36342,54.8263,3.969494,,4341.0,-0.67708,0.002,9.5839,4.028360492188614
1302.0,3.77232,1.36446,54.868,3.969804,,4342.0,-0.67708,0.0022,10.5376,4.040972287628519
1303.0,3.77046,1.36562,54.9148,3.970114,,4343.0,-0.67708,0.0024,11.4913,4.130920502683784
1304.0,3.77232,1.36668,54.9573,3.970734,,4344.0,-0.67708,0.0026,12.445,4.058372686617378
1305.0,3.77232,1.36765,54.9965,3.971044,,4345.0,-0.67708,0.0028,13.3963,4.011400867667927
1306.0,3.7686,1.36877,55.0412,3.971354,,4346.0,-0.67708,0.003,14.3425,4.094374201344884
1307.0,3.77046,1.36988,55.0859,3.971664,,4347.0,-0.67522,0.00317,15.1776,4.070935179004801
1309.0,3.77046,1.37099,55.1305,3.972284,,4348.0,-0.67522,0.00338,16.1758,4.0118969623445855
1310.0,3.77232,1.3721,55.1752,3.972594,,4350.0,-0.67522,0.00358,17.1098,4.011375527901863
1311.0,3.77046,1.37321,55.2198,3.973214,,4351.0,-0.67708,0.00378,18.0634,4.094641673896017
1312.0,3.77046,1.37432,55.2645,3.973524,,4352.0,-0.67708,0.00395,18.8986,4.144427042332824
1313.0,3.77418,1.37543,55.3091,3.974144,,4353.0,-0.67708,0.00415,19.8523,4.144165324813965
1314.0,3.77046,1.37641,55.3487,3.974144,,4354.0,-0.67708,0.00435,20.806,4.056898214087285
1315.0,3.77418,1.37752,55.3934,3.974764,,4355.0,-0.67708,0.00455,21.7596,4.0952144268101165
1316.0,3.77232,1.37863,55.4381,3.975074,,4356.0,-0.67708,0.00475,22.7133,4.056265546310658
1317.0,3.7686,1.37975,55.4827,3.975694,,4357.0,-0.67708,0.00494,23.6374,4.083375927635719
1318.0,3.77046,1.38086,55.5274,3.976004,,4358.0,-0.67708,0.00515,24.6356,4.099229020660912
1319.0,3.7686,1.38197,55.572,3.976315,,4359.0,-0.67708,0.00535,25.5991,4.058858113695928
1320.0,3.77232,1.38308,55.6167,3.976934,,4360.0,-0.67708,0.00554,26.4812,3.9591086009879497
1321.0,3.7686,1.38419,55.6614,3.977245,,4361.0,-0.67708,0.00574,27.4324,4.110945821212004
1322.0,3.77232,1.3853,55.706,3.977865,,4362.0,-0.67708,0.00594,28.3861,4.026806408817365
1323.0,3.77418,1.38641,55.7507,3.978175,,4363.0,-0.67708,0.00614,29.3398,4.035339481554248
1324.0,3.77046,1.38752,55.7953,3.978485,,4364.0,-0.67708,0.00634,30.2935,4.033024821720896
1325.0,3.77232,1.38864,55.8404,3.979415,,4365.0,-0.67708,0.00653,31.2472,3.9615744761423963
1326.0,3.7686,1.38973,55.8843,3.979725,,4366.0,-0.67708,0.00673,32.2009,4.045967300225786
1327.0,3.7686,1.39084,55.9289,3.980345,,4367.0,-0.67708,0.00693,33.1521,3.983940267758539
1328.0,3.7686,1.39195,55.9736,3.980655,,4368.0,-0.67708,0.00713,34.1058,3.9897006608271424
1330.0,3.77418,1.39306,56.0182,3.980965,,4369.0,-0.67708,0.00733,35.0595,4.137163786854509
1331.0,3.77232,1.39417,56.0629,3.981275,,4371.0,-0.67708,0.00753,36.0034,3.953218122935445
1332.0,3.77418,1.39528,56.1075,3.981585,,4372.0,-0.67708,0.00771,36.8681,4.042099538246487
1333.0,3.77046,1.39639,56.1522,3.982205,,4373.0,-0.67708,0.00791,37.8292,4.141906621908017
1334.0,3.77046,1.3975,56.1968,3.982515,,4374.0,-0.67708,0.00811,38.7829,4.0345656111500015
1335.0,3.7686,1.39859,56.2406,3.983135,,4375.0,-0.67708,0.00831,39.7341,4.1302554507342
1336.0,3.77046,1.39957,56.2798,3.983445,,4376.0,-0.67708,0.00851,40.6977,4.056214486100853
1337.0,3.77046,1.40068,56.3245,3.983755,,4377.0,-0.67708,0.00871,41.6514,4.013097443622
1338.0,3.77418,1.40179,56.3692,3.984375,,4378.0,-0.67708,0.00891,42.6051,3.989896852037196
1339.0,3.7686,1.4029,56.4138,3.984685,,4379.0,-0.67708,0.00911,43.5564,4.086057875936093
1340.0,3.77232,1.40401,56.4585,3.985305,,4380.0,-0.67708,0.0093,44.4928,4.041245314641094
1341.0,3.77232,1.40512,56.5031,3.985615,,4381.0,-0.67708,0.0095,45.4465,3.9408481955558785
1342.0,3.77046,1.4061,56.5423,3.985925,,4382.0,-0.67708,0.0097,46.3977,4.106560806816773
1343.0,3.7686,1.40721,56.587,3.986545,,4383.0,-0.67708,0.0099,47.3514,4.101054494626053
1344.0,3.77232,1.40831,56.6312,3.986855,,4384.0,-0.67708,0.0101,48.3026,3.989461684277939
1345.0,3.77232,1.40936,56.6738,3.987165,,4385.0,-0.67708,0.0103,49.2563,4.02259189285528
1346.0,3.77232,1.41047,56.7184,3.987475,,4386.0,-0.67708,0.0105,50.21,4.130835958552927
1347.0,3.77418,1.41158,56.7631,3.988095,,4387.0,-0.67708,0.0107,51.1637,4.090371997837148
1348.0,3.77232,1.4127,56.8078,3.988405,,4388.0,-0.67708,0.01089,52.0631,4.058541196622234
1349.0,3.77232,1.41381,56.8524,3.989025,,4389.0,-0.67708,0.01108,52.9797,4.060424991937777
1350.0,3.77232,1.41492,56.8971,3.989335,,4390.0,-0.67708,0.01128,53.9235,3.942035168723143
1352.0,3.77046,1.41603,56.9417,3.989645,,4391.0,-0.67708,0.01145,54.7611,4.095749224342959
1353.0,3.77046,1.41714,56.9864,3.990265,,4393.0,-0.67708,0.01165,55.7148,4.175532712793044
1354.0,3.77418,1.41827,57.0319,3.990575,,4394.0,-0.67522,0.01185,56.6685,4.070776043346639
1355.0,3.77418,1.41935,57.0753,3.990885,,4395.0,-0.67708,0.01205,57.6197,3.9553152663605182
1356.0,3.77232,1.42032,57.1145,3.991505,,4396.0,-0.67708,0.01226,58.608,3.9563581167083934
1357.0,3.77232,1.42143,57.1591,3.991816,,4397.0,-0.67708,0.01244,59.4629,3.968125900701724
1358.0,3.77046,1.42254,57.2038,3.992126,,4398.0,-0.67708,0.01263,60.3795,4.048819009190222
1359.0,3.77232,1.42366,57.2485,3.992435,,4399.0,-0.67522,0.01283,61.3332,4.073591308552286
1360.0,3.77232,1.42477,57.2931,3.993056,,4400.0,-0.67708,0.01303,62.2869,3.9887657112802626
1361.0,3.77232,1.42588,57.3378,3.993676,,4401.0,-0.67708,0.01322,63.2381,4.026215427627943
1362.0,3.77232,1.42699,57.3824,3.993986,,4402.0,-0.67708,0.01342,64.1918,4.0275944872484075
1363.0,3.77604,1.4281,57.4271,3.994296,,4403.0,-0.67708,0.01362,65.1356,4.01969473799461
1364.0,3.77418,1.42921,57.4718,3.994916,,4404.0,-0.67708,0.0138,65.9732,4.030821806133716
1365.0,3.77418,1.43018,57.511,3.995226,,4405.0,-0.67708,0.014,66.9269,4.074221971504497
1366.0,3.77046,1.43127,57.5548,3.995536,,4406.0,-0.67708,0.0142,67.8806,4.028572786435386
1367.0,3.77418,1.43236,57.5986,3.996156,,4407.0,-0.67708,0.01439,68.8318,4.0417028359061495
1368.0,3.77604,1.43346,57.6428,3.996466,,4408.0,-0.67708,0.01459,69.7855,4.079288626427958
1369.0,3.77418,1.43457,57.6875,3.996776,,4409.0,-0.67708,0.01479,70.7392,3.976968975645605
1370.0,3.77418,1.43568,57.7322,3.997086,,4410.0,-0.67708,0.01499,71.6929,4.071059284824297
1371.0,3.77232,1.43679,57.7768,3.997706,,4411.0,-0.67708,0.01519,72.6466,4.058962882866683
1372.0,3.7686,1.43786,57.8198,3.998016,,4412.0,-0.67708,0.01539,73.5905,4.151661499828243
1373.0,3.77046,1.439,57.8653,3.998636,,4413.0,-0.67708,0.01556,74.4256,4.0033772058422405
1374.0,3.77046,1.44005,57.9079,3.998946,,4414.0,-0.67708,0.01576,75.3792,4.084016399610256
1375.0,3.77232,1.4411,57.95,3.999256,,4415.0,-0.67708,0.01596,76.333,3.9830185505940796
1376.0,3.7686,1.4422,57.9943,3.999876,,4417.0,-0.67708,0.01616,77.2867,4.026776706579945
1377.0,3.77046,1.44318,58.0335,4.000186,,4418.0,-0.67708,0.01636,78.2404,4.011269984556547
1378.0,3.76674,1.44429,58.0781,4.000496,,4418.0,-1.35789,0.01636,78.2404,4.032390570515883
1380.0,3.77418,1.4454,58.1228,4.000806,,4419.0,-1.35603,0.01678,80.2367,3.9971258962847194
1381.0,3.7686,1.44651,58.1674,4.001116,,4420.0,-1.35603,0.01718,82.1441,4.037574672001608
1382.0,3.77232,1.44762,58.2121,4.002046,,4421.0,-1.35417,0.01757,84.0293,4.110431196741523
1383.0,3.77232,1.44873,58.2568,4.002356,,4422.0,-1.35417,0.01792,85.7019,4.018134545094545
1384.0,3.7686,1.44984,58.3014,4.002666,,4423.0,-1.35417,0.01832,87.6093,4.019491151882485
1385.0,3.77232,1.45088,58.3431,4.003286,,4424.0,-1.35603,0.01872,89.5143,4.003519318526952
1386.0,3.77232,1.45199,58.3878,4.003596,,4425.0,-1.35231,0.01912,91.4192,4.069433631107432
1387.0,3.77232,1.4531,58.4325,4.004216,,4426.0,-1.35417,0.01952,93.3266,4.052979014979828
1388.0,3.77418,1.45407,58.4717,4.004526,,4427.0,-1.35603,0.01992,95.234,4.004810751327161
1389.0,3.77232,1.45518,58.5163,4.004836,,4428.0,-1.35603,0.02031,97.1216,3.9859528125008867
1390.0,3.77232,1.4563,58.561,4.005456,,4429.0,-1.35417,0.02066,98.7943,3.899444479624438
1391.0,3.77604,1.45741,58.6056,4.005766,,4430.0,-1.35417,0.02091,100.0,4.03686576225118
1392.0,3.77232,1.45859,58.6533,4.006076,,4430.0,-1.35417,0.02091,100.0,4.052121645027662
1393.0,3.77232,1.45958,58.6929,4.006696,,,,,,
1394.0,3.77604,1.46069,58.7375,4.007007,,4430.0,0.6808,0.0,0.0,4.036315495638721
1395.0,3.77232,1.4618,58.7822,4.007317,,4431.0,0.6808,0.00019,12.8757,4.118166481830064
1396.0,3.77232,1.46291,58.8269,4.007627,,4432.0,0.6808,0.00038,25.3757,4.182627935403541
1397.0,3.77232,1.46402,58.8715,4.008246,,4433.0,0.6808,0.00056,36.9877,4.194512016573866
1398.0,3.77418,1.46513,58.9162,4.008556,,4434.0,0.6808,0.00076,50.2391,4.094012843728061
1399.0,3.77418,1.46624,58.9609,4.008867,,4435.0,0.6808,0.00096,63.4904,4.088632573075155
1400.0,3.77232,1.46735,59.0055,4.009487,,4436.0,0.6808,0.00116,76.8443,4.168191459068698
1401.0,3.77232,1.46846,59.0502,4.010107,,4437.0,0.6808,0.00136,90.0956,4.102225933684465
1403.0,3.77046,1.46957,59.0948,4.010417,,4438.0,0.6808,0.00151,100.0,4.0675581938564
1404.0,3.77418,1.4706,59.1361,4.010726,,4438.0,0.0,0.00151,100.0,4.107747037100871
1405.0,3.77604,1.47174,59.1821,4.011037,,4439.0,0.0,0.00151,100.0,4.152340207675667
1406.0,3.77046,1.47271,59.2213,4.011347,,4440.0,0.0,0.00151,100.0,4.069686688902922
1407.0,3.77232,1.47383,59.2659,4.011967,,4441.0,0.0,0.00151,100.0,4.064825843610702
1408.0,3.77418,1.47494,59.3106,4.012277,,4442.0,0.0,0.00151,100.0,4.118586243807221
1409.0,3.77046,1.47602,59.354,4.012897,,4443.0,0.0,0.00151,100.0,4.151091316357559
1410.0,3.7686,1.47715,59.3995,4.013207,,4444.0,0.0,0.00151,100.0,4.055308215587479
1411.0,3.77418,1.47826,59.4441,4.013517,,4445.0,0.0,0.00151,100.0,4.061157449263211
1412.0,3.77046,1.47937,59.4888,4.013827,,4446.0,0.0,0.00151,100.0,4.124341930557864
1413.0,3.77418,1.48048,59.5334,4.014447,,4447.0,0.0,0.00151,100.0,4.1085803023801315
1414.0,3.77232,1.48159,59.5781,4.014757,,4448.0,0.0,0.00151,100.0,4.105358751601294
1415.0,3.77046,1.4827,59.6228,4.015377,,4449.0,0.0,0.00151,100.0,4.148682004221147
1416.0,3.7686,1.48381,59.6674,4.015687,,4450.0,0.0,0.00151,100.0,4.101000346194877
1417.0,3.77418,1.48492,59.7121,4.015997,,4451.0,0.0,0.00151,100.0,4.045795616392103
1418.0,3.77418,1.48603,59.7567,4.016307,,4452.0,0.0,0.00151,100.0,4.002303292349812
1419.0,3.77418,1.48714,59.8014,4.016927,,4453.0,0.0,0.00151,100.0,3.982542637323574
1420.0,3.77046,1.48825,59.8461,4.017237,,4454.0,0.0,0.00151,100.0,4.067897057228929
1421.0,3.77232,1.48936,59.8907,4.017547,,4454.0,0.0,0.00151,100.0,4.05300751855262
1422.0,3.77232,1.49047,59.9354,4.018167,,,,,,
1423.0,3.7686,1.49145,59.9746,4.018787,,4454.0,-0.67522,0.0,0.0,4.134401850868868
1425.0,3.7686,1.49255,60.0188,4.018787,,4455.0,-0.67708,0.00019,0.4638,4.034774756352827
1426.0,3.77232,1.49366,60.0635,4.019407,,4456.0,-0.67708,0.00039,0.9452,4.104134935540063
1427.0,3.77232,1.49477,60.1081,4.019717,,4457.0,-0.67708,0.00057,1.3865,4.091965505492967
1428.0,3.77232,1.49588,60.1528,4.020337,,4458.0,-0.67522,0.00077,1.8691,4.027787304173441
1429.0,3.77232,1.49699,60.1975,4.020648,,4459.0,-0.67708,0.00097,2.3467,4.117529963349788
1430.0,3.77046,1.498,60.2379,4.020957,,4460.0,-0.67708,0.00117,2.8281,4.040160105961603
1431.0,3.77418,1.49911,60.2826,4.021267,,4461.0,-0.67708,0.00137,3.3107,4.08262909387296
1432.0,3.77232,1.50022,60.3273,4.021577,,4462.0,-0.67708,0.00157,3.7933,4.033738975588736
1433.0,3.77046,1.50133,60.3719,4.022197,,4463.0,-0.67708,0.00175,4.2296,4.095233075986264
1434.0,3.77046,1.50244,60.4166,4.022508,,4464.0,-0.67708,0.00195,4.7122,4.021819895610035
1435.0,3.77232,1.50355,60.4612,4.023128,,4465.0,-0.67708,0.00214,5.1723,4.058510689093463
1436.0,3.77418,1.50466,60.5059,4.023438,,4466.0,-0.67708,0.00234,5.6549,4.044902215689327
1437.0,3.77418,1.50577,60.5506,4.023747,,4467.0,-0.67708,0.00254,6.1375,4.061233881573918
1438.0,3.77418,1.50688,60.5952,4.024678,,4468.0,-0.67708,0.00274,6.6188,4.02787464307588
1439.0,3.77232,1.50799,60.6399,4.024988,,4469.0,-0.67708,0.00293,7.1014,4.054420537298403
1440.0,3.77418,1.50909,60.6841,4.025608,,4470.0,-0.67708,0.00313,7.574,4.06050069640304
1441.0,3.77232,1.51007,60.7233,4.025918,,4471.0,-0.67708,0.00331,8.0066,4.087108545421803
1442.0,3.77418,1.51118,60.768,4.026227,,4472.0,-0.67708,0.00351,8.4892,4.086853973927566
1443.0,3.77046,1.51229,60.8127,4.026538,,4473.0,-0.67708,0.00371,8.9718,4.022463222754768
1444.0,3.77232,1.51342,60.8582,4.026848,,4474.0,-0.67708,0.00391,9.4494,4.047552553175176
1445.0,3.7686,1.51448,60.9007,4.027468,,4475.0,-0.67708,0.0041,9.932,3.997972565095966
1446.0,3.77046,1.51545,60.9399,4.027778,,4477.0,-0.67708,0.0043,10.4146,4.043091962753441
1447.0,3.77232,1.51656,60.9846,4.028088,,4478.0,-0.67708,0.0045,10.8972,4.016766710386686
1449.0,3.77418,1.51768,61.0292,4.028708,,4479.0,-0.67708,0.0047,11.3785,4.074724774400739
1450.0,3.77232,1.51879,61.0739,4.029018,,4480.0,-0.67708,0.00493,11.9299,4.171117257704467
1451.0,3.7686,1.5199,61.1186,4.029328,,4481.0,-0.67708,0.00513,12.4075,3.9320400193477343
1452.0,3.77604,1.52101,61.1632,4.029948,,4482.0,-0.67708,0.00533,12.8888,4.0219998647269675
1453.0,3.7686,1.52212,61.2079,4.030258,,4483.0,-0.67708,0.00553,13.3714,3.9970886068486458
1454.0,3.77046,1.52323,61.2525,4.030568,,4484.0,-0.67708,0.00573,13.854,4.083460428200042
1455.0,3.7686,1.52434,61.2972,4.030878,,4485.0,-0.67708,0.00592,14.3366,4.003681272076561
1456.0,3.77418,1.52545,61.3418,4.031498,,4486.0,-0.67708,0.00612,14.8192,4.0843949079963
1457.0,3.77232,1.52656,61.3865,4.031808,,4487.0,-0.67708,0.00632,15.3018,4.017325384603473
1458.0,3.77418,1.52756,61.4265,4.032118,,4488.0,-0.67522,0.00652,15.7832,4.046828152976767
1459.0,3.77046,1.52867,61.4712,4.032738,,4489.0,-0.67708,0.00657,15.9019,4.087071127131453
1460.0,3.77046,1.52978,61.5159,4.033048,,4489.0,-5.41109,0.00657,15.9019,3.955113244470837
1461.0,3.77418,1.53089,61.5605,4.033668,,4490.0,-5.40923,0.00827,20.009,3.9089168531522733
1462.0,3.77232,1.53201,61.6056,4.033978,,4491.0,-5.40923,0.00986,23.8623,3.9032440276638356
1463.0,3.77232,1.53312,61.6503,4.034288,,4492.0,-5.41109,0.01136,27.4967,3.9016324785247827
1464.0,3.77232,1.53423,61.695,4.034598,,4493.0,-5.40923,0.01279,30.9499,3.858070438004916
1465.0,3.77418,1.53533,61.7392,4.035218,,4494.0,-5.40923,0.01438,34.8032,3.9555482224935408
1466.0,3.77046,1.53631,61.7784,4.035528,,4495.0,-5.40551,0.01598,38.6565,3.9196001375442915
1467.0,3.77232,1.53742,61.8231,4.035838,,4496.0,-5.40551,0.01757,42.5085,3.8494838501913295
1468.0,3.77418,1.53853,61.8677,4.036149,,4497.0,-5.40737,0.01875,45.3803,3.9168264554191317
1469.0,3.77418,1.53968,61.9141,4.036768,,4497.0,-3.38542,0.01875,45.3803,3.864966350450695
1470.0,3.7686,1.54068,61.9541,4.037078,,4498.0,-3.38356,0.01967,47.5845,3.927521194562401
1472.0,3.7779,1.54179,61.9988,4.037388,,4499.0,-3.37984,0.02066,49.9937,3.8889118762906802
1473.0,3.77418,1.5429,62.0434,4.038008,,4500.0,-3.37984,0.0216,52.2655,3.897207187746584
1474.0,3.77046,1.54401,62.0881,4.038319,,4501.0,-3.37984,0.02256,54.5834,4.0798763883436155
1475.0,3.77418,1.54512,62.1328,4.038939,,4502.0,-3.3817,0.02343,56.6963,3.885850925143786
1476.0,3.77232,1.54623,62.1774,4.039248,,4503.0,-3.3817,0.02438,58.9905,3.951252929599044
1477.0,3.77232,1.54734,62.2221,4.039558,,4504.0,-3.37798,0.02544,61.5573,3.836610883452372
1478.0,3.77046,1.54835,62.2625,4.039868,,4505.0,-3.37798,0.02644,63.9665,3.8482385494229328
1479.0,3.77232,1.54946,62.3072,4.040489,,4506.0,-3.3817,0.02731,66.0795,3.9588267143965252
1480.0,3.77232,1.55057,62.3518,4.040799,,4507.0,-3.3817,0.0283,68.4874,3.96095439930801
1481.0,3.7686,1.55169,62.3969,4.041109,,4508.0,-3.37798,0.0293,70.8954,3.9612886655966086
1482.0,3.77046,1.55271,62.4382,4.041419,,4509.0,-3.38356,0.0303,73.3047,4.009955841661835
1483.0,3.7686,1.55385,62.4837,4.042039,,4510.0,-3.3817,0.03129,75.7126,3.9263368907930616
1484.0,3.77418,1.55482,62.5229,4.042349,,4511.0,-3.37984,0.03234,78.2569,3.981004708465045
1485.0,3.77418,1.55593,62.5676,4.042659,,4512.0,-3.3817,0.03326,80.4836,3.973667158761718
1486.0,3.77418,1.55705,62.6126,4.042969,,4513.0,-3.37984,0.03426,82.8916,3.8920378626061454
1487.0,3.77232,1.55816,62.6573,4.043589,,4514.0,-3.3817,0.03525,85.2996,3.9297893480475987
1488.0,3.7686,1.55927,62.7019,4.043899,,4515.0,-3.38542,0.03623,87.6625,3.937758480283947
1489.0,3.77418,1.56038,62.7466,4.044209,,4516.0,-3.37798,0.03722,90.0493,3.9186107019758056
1490.0,3.7686,1.56149,62.7913,4.044829,,4517.0,-3.37984,0.03821,92.4572,3.9810106865431734
1491.0,3.77418,1.56261,62.8359,4.045139,,4519.0,-3.3817,0.03921,94.8652,3.8721166241555744
1492.0,3.77418,1.56372,62.8806,4.045449,,4520.0,-3.37984,0.0402,97.2745,3.8324060206410784
1493.0,3.77418,1.56482,62.9249,4.045759,,4521.0,-3.37798,0.0412,99.6824,3.866006978238031
1494.0,3.77232,1.5658,62.9645,4.046069,,4521.0,-3.37798,0.04133,100.0,3.9575604345247113
1495.0,3.7686,1.56685,63.0066,4.046999,,4521.0,-3.37798,0.04133,100.0,3.9398807403622627
1496.0,3.77232,1.56799,63.0525,4.047309,,,,,,
1498.0,3.77418,1.5691,63.0972,4.047929,,4521.0,1.36533,0.0,0.0,4.100810926799711
1499.0,3.77604,1.5702,63.1414,4.048239,,4522.0,1.35975,0.00036,12.0823,4.066169357646613
1500.0,3.77046,1.57118,63.1806,4.048549,,4523.0,1.35045,0.00078,25.8098,4.044162647336863
1501.0,3.77046,1.57229,63.2253,4.049169,,4524.0,1.35417,0.00117,38.6804,4.045164383709266
1502.0,3.77046,1.5734,63.2699,4.049479,,4525.0,1.35231,0.00152,50.3342,4.105365202860026
1503.0,3.77418,1.57451,63.3146,4.049789,,4526.0,1.35789,0.00192,63.5476,4.100705025556315
1504.0,3.77232,1.57562,63.3593,4.050409,,4527.0,1.35231,0.00232,76.8123,4.109972280757453
1505.0,3.77046,1.57673,63.4039,4.050719,,4528.0,1.35231,0.00271,90.0086,3.99164580279839
1506.0,3.77046,1.57784,63.4486,4.051029,,4529.0,1.35975,0.00301,100.0,4.1651885640562485
1507.0,3.77046,1.57895,63.4933,4.051339,,4529.0,1.35975,0.00301,100.0,4.15382534900254
1508.0,3.7686,1.58014,63.5409,4.051649,,,,,,
1509.0,3.77046,1.58124,63.5851,4.052269,,4529.0,-1.35417,0.0,0.0,3.9693863335028676
1510.0,3.77046,1.58221,63.6243,4.052579,,4530.0,-1.35603,0.00039,3.2468,4.003413207606441
1511.0,3.77232,1.58332,63.669,4.052889,,4531.0,-1.35417,0.00074,6.1505,4.0380387757751315
1512.0,3.77232,1.58443,63.7136,4.053199,,4532.0,-1.35231,0.00114,9.4617,4.010825208895625
1513.0,3.77232,1.58554,63.7583,4.05382,,4533.0,-1.35417,0.00154,12.7729,3.936538591320283
1514.0,3.77418,1.58665,63.8029,4.05413,,4534.0,-1.35417,0.00194,16.0798,4.01812969159786
1515.0,3.77604,1.58777,63.848,4.05444,,4535.0,-1.35417,0.00234,19.3909,3.956117240579455
1516.0,3.77046,1.58884,63.891,4.055059,,4536.0,-1.35231,0.00273,22.7021,4.027768049524963
1517.0,3.77232,1.58995,63.9357,4.055369,,4537.0,-1.35603,0.00313,26.009,3.885249670370644
1518.0,3.77232,1.59106,63.9803,4.05568,,4538.0,-1.35417,0.00353,29.3202,4.057523270251905
1520.0,3.77046,1.59217,64.025,4.05599,,4539.0,-1.35231,0.00393,32.6314,3.9783441110982443
1521.0,3.77046,1.59323,64.0676,4.05661,,4540.0,-1.35417,0.00433,35.9425,4.057145618494895
1522.0,3.77232,1.59426,64.1088,4.05692,,4541.0,-1.35603,0.00473,39.2494,3.973924407260452
1523.0,3.77046,1.59537,64.1535,4.05723,,4542.0,-1.35603,0.00513,42.5563,4.05982726125525
1524.0,3.77046,1.59647,64.1977,4.057539,,4543.0,-1.35417,0.00553,45.8675,4.03611204594081
1525.0,3.77418,1.59744,64.2369,4.05816,,4544.0,-1.35231,0.00592,49.1744,4.045086328392471
1526.0,3.77232,1.59855,64.2816,4.05847,,4546.0,-1.35417,0.00632,52.4855,4.040188181197628
1527.0,3.77046,1.59967,64.3262,4.05878,,4547.0,-1.35603,0.00672,55.7924,3.961159564345915
1528.0,3.77046,1.60079,64.3713,4.05909,,4548.0,-1.35231,0.00709,58.8505,3.9176489278271553
1529.0,3.77604,1.60189,64.4156,4.05971,,4549.0,-1.35417,0.00749,62.166,3.9767791103800127
1530.0,3.77232,1.60286,64.4548,4.06002,,4550.0,-1.35417,0.00787,65.3185,3.98972174984404
1531.0,3.77046,1.60397,64.4994,4.06033,,4551.0,-1.35231,0.00823,68.2822,4.0501834971220045
1532.0,3.77418,1.60505,64.5428,4.06095,,4552.0,-1.35231,0.00862,71.5934,4.018247986644833
1533.0,3.77232,1.60624,64.5904,4.06126,,4553.0,-1.35417,0.00902,74.9003,3.8690217928074007
1534.0,3.77418,1.60735,64.6351,4.06157,,4554.0,-1.35417,0.00942,78.2072,3.980703732636404
1535.0,3.77604,1.60846,64.6798,4.06188,,4555.0,-1.35603,0.00984,81.7071,3.989309675702018
1536.0,3.77046,1.60957,64.7244,4.0625,,4556.0,-1.35417,0.0102,84.6408,3.934248727130532
1537.0,3.77232,1.61068,64.7691,4.06281,,4557.0,-1.35231,0.01059,87.9477,3.9933383481373865
1538.0,3.77046,1.61179,64.8137,4.06312,,4558.0,-1.35231,0.01101,91.3532,3.9597564524795654
1539.0,3.77232,1.6129,64.8584,4.06374,,4559.0,-1.35417,0.0114,94.6644,4.01220891137307
1540.0,3.77046,1.61401,64.903,4.06405,,4560.0,-1.35231,0.0118,97.9412,3.9840333311756724
1541.0,3.77046,1.61512,64.9477,4.06467,,4561.0,-1.35417,0.01205,100.0,3.9218477694227185
1543.0,3.77418,1.61623,64.9923,4.06498,,4561.0,-1.35417,0.01205,100.0,3.988144575414997
1544.0,3.77418,1.61734,65.037,4.06529,,,,,,
1545.0,3.77046,1.61832,65.0762,4.0656,,4561.0,2.70461,0.0,0.0,4.227344402931879
1546.0,3.77046,1.61943,65.1208,4.06591,,4562.0,2.70647,0.00075,12.3704,4.141973465229564
1547.0,3.77046,1.62054,65.1655,4.06653,,4563.0,2.70833,0.00154,25.589,4.205215153434949
1548.0,3.7686,1.62165,65.2102,4.06684,,4564.0,2.70647,0.00234,38.7989,4.205617364004072
1549.0,3.77046,1.62276,65.2548,4.067461,,4565.0,2.71019,0.00314,52.0175,4.16428951488816
1550.0,3.77046,1.6239,65.3007,4.067461,,4566.0,2.70647,0.00393,65.0989,4.178372569216635
1551.0,3.77232,1.62498,65.3441,4.06808,,4567.0,2.70833,0.00472,78.3175,4.200620594233143
1552.0,3.77418,1.62595,65.3833,4.06839,,4568.0,2.70647,0.00544,90.1568,4.1206371392185295
1553.0,3.77046,1.62706,65.428,4.06901,,4569.0,2.70647,0.00603,100.0,4.205446659893118
1554.0,3.77046,1.62817,65.4726,4.06901,,4569.0,0.0,0.00603,100.0,4.0608947817267875
1555.0,3.77418,1.62929,65.5173,4.069941,,4570.0,0.0,0.00603,100.0,4.079185606881994
1556.0,3.7686,1.6304,65.562,4.070251,,4571.0,0.0,0.00603,100.0,4.104748718181163
1557.0,3.77232,1.63151,65.6066,4.07056,,4572.0,0.0,0.00603,100.0,4.060252211925585
1558.0,3.77232,1.63262,65.6513,4.07118,,4573.0,0.0,0.00603,100.0,4.070811043841979
1559.0,3.77046,1.63373,65.696,4.071491,,4574.0,0.0,0.00603,100.0,4.13598973083189
1560.0,3.77418,1.63484,65.7406,4.071801,,4575.0,0.0,0.00603,100.0,4.071938202756526
1561.0,3.77418,1.63581,65.7798,4.072421,,4576.0,0.0,0.00603,100.0,4.086770694074733
1562.0,3.77046,1.63692,65.8245,4.072731,,4577.0,0.0,0.00603,100.0,4.116224242980184
1563.0,3.77046,1.63803,65.8691,4.07304,,4578.0,0.0,0.00603,100.0,4.073987836760526
1564.0,3.77232,1.63914,65.9138,4.073661,,4579.0,0.0,0.00603,100.0,4.050550464937457
1565.0,3.77046,1.64027,65.9589,4.073971,,4580.0,0.0,0.00603,100.0,4.13461811397006
1566.0,3.77046,1.64134,66.0019,4.074281,,4581.0,0.0,0.00603,100.0,4.118187909314685
1567.0,3.77232,1.64233,66.0419,4.074591,,4583.0,0.0,0.00603,100.0,4.121879510746498
1568.0,3.77418,1.64344,66.0866,4.074901,,4584.0,0.0,0.00603,100.0,4.0155857555388215
1570.0,3.77046,1.64455,66.1312,4.075521,,4585.0,0.0,0.00603,100.0,3.97137819205269
1571.0,3.77232,1.64566,66.1759,4.075831,,4586.0,0.0,0.00603,100.0,3.96719998103452
1572.0,3.77232,1.64677,66.2205,4.076141,,4587.0,0.0,0.00603,100.0,4.084043571647786
1573.0,3.77046,1.64788,66.2652,4.076761,,4588.0,0.0,0.00603,100.0,4.098780945098786
1574.0,3.77232,1.64899,66.3099,4.077071,,4589.0,0.0,0.00603,100.0,4.031741795187677
1575.0,3.77232,1.65001,66.3507,4.077381,,4590.0,0.0,0.00603,100.0,4.1110436564734005
1576.0,3.77418,1.65106,66.3928,4.077691,,4591.0,0.0,0.00603,100.0,4.10130490430122
1577.0,3.77418,1.65217,66.4375,4.078311,,4592.0,0.0,0.00603,100.0,4.06257281975569
1578.0,3.7686,1.65328,66.4822,4.078621,,4593.0,0.0,0.00603,100.0,4.0448373235086255
1579.0,3.77232,1.65439,66.5268,4.079241,,4594.0,0.0,0.00603,100.0,4.038692187044669
1580.0,3.77046,1.65562,66.5761,4.079551,,4595.0,0.0,0.00603,100.0,4.024079312131729
1581.0,3.7686,1.65664,66.6174,4.079861,,4596.0,0.0,0.00603,100.0,4.07230606533601
1582.0,3.77232,1.65775,66.6621,4.080171,,4597.0,0.0,0.00603,100.0,4.012162007483665
1583.0,3.77046,1.65886,66.7067,4.080791,,4598.0,0.0,0.00603,100.0,4.0713282054847095
1584.0,3.77418,1.65997,66.7514,4.081101,,4599.0,0.0,0.00603,100.0,4.033988675443121
1585.0,3.77418,1.66108,66.7961,4.081411,,4600.0,0.0,0.00603,100.0,4.066942044768477
1586.0,3.77046,1.6622,66.8407,4.081721,,4601.0,0.0,0.00603,100.0,4.123266023526838
1587.0,3.7686,1.66331,66.8854,4.082341,,4603.0,0.0,0.00603,100.0,4.058034472297825
1588.0,3.77418,1.66442,66.93,4.082651,,4604.0,0.0,0.00603,100.0,4.128622892291519
1590.0,3.77046,1.66553,66.9747,4.083272,,4605.0,0.0,0.00603,100.0,4.090916956356716
1591.0,3.77604,1.66664,67.0194,4.083581,,4606.0,0.0,0.00603,100.0,4.029758938603176
1592.0,3.77046,1.66775,67.064,4.083891,,4607.0,0.0,0.00603,100.0,4.063123054185738
1593.0,3.77046,1.66877,67.1049,4.084201,,4608.0,0.0,0.00603,100.0,4.017806191003511
1594.0,3.77418,1.66995,67.1525,4.084511,,4608.0,0.0,0.00603,100.0,4.069993350126836
1595.0,3.77046,1.67105,67.1968,4.085132,,4608.0,0.0,0.00603,100.0,4.066450657631424
1596.0,3.77418,1.67202,67.236,4.085442,,4609.0,0.0,0.00603,100.0,4.018394301985856
1597.0,3.77232,1.67313,67.2806,4.085752,,4610.0,0.0,0.00603,100.0,4.022357895085149
1598.0,3.77232,1.67425,67.3253,4.086061,,4611.0,0.0,0.00603,100.0,4.124629325647533
1599.0,3.7686,1.67537,67.3704,4.086681,,4612.0,0.0,0.00603,100.0,4.124245235204545
1600.0,3.77232,1.67643,67.4129,4.086992,,4613.0,0.0,0.00603,100.0,4.1098611577208946
1601.0,3.77232,1.67747,67.455,4.087302,,4614.0,0.0,0.00603,100.0,4.046029338249076
1602.0,3.77418,1.67854,67.498,4.087612,,4615.0,0.0,0.00603,100.0,4.076295136690514
1603.0,3.77232,1.67965,67.5427,4.088232,,4616.0,0.0,0.00603,100.0,4.035935574581765
1604.0,3.77046,1.68063,67.5819,4.088542,,4617.0,0.0,0.00603,100.0,4.080036899621417
1605.0,3.77418,1.68174,67.6265,4.088851,,4618.0,0.0,0.00603,100.0,4.07746105870973
1606.0,3.77232,1.68285,67.6712,4.089162,,4619.0,0.0,0.00603,100.0,4.010971107080828
1607.0,3.77232,1.68389,67.7129,4.089782,,4620.0,0.0,0.00603,100.0,4.006734631312883
1608.0,3.77046,1.685,67.7576,4.090092,,4621.0,0.0,0.00603,100.0,3.971187530540286
1609.0,3.77418,1.68611,67.8022,4.090402,,4622.0,0.0,0.00603,100.0,4.0739798934876505
1610.0,3.77418,1.68721,67.8465,4.091022,,4623.0,0.0,0.00603,100.0,4.129538218429727
1611.0,3.77232,1.68818,67.8857,4.091332,,4624.0,0.0,0.00603,100.0,4.05696372985306
1612.0,3.77232,1.68929,67.9303,4.091642,,4625.0,0.0,0.00603,100.0,4.140133255832578
1613.0,3.77232,1.69041,67.9754,4.092572,,4625.0,0.0,0.00603,100.0,4.046564063573738
1614.0,3.7686,1.69152,68.0201,4.092882,,,,,,
1615.0,3.77046,1.69263,68.0647,4.093192,,4625.0,-0.67522,0.0,0.0,3.974424652088779
1616.0,3.77418,1.69366,68.106,4.093812,,4626.0,-0.67522,0.00019,1.9035,4.160134163666937
1618.0,3.77046,1.69476,68.1502,4.094122,,4627.0,-0.67708,0.00038,3.9391,3.9775060670557147
1619.0,3.77046,1.69587,68.1949,4.094432,,4628.0,-0.67708,0.00058,5.98,4.047351050590875
1620.0,3.7779,1.69699,68.24,4.094742,,4629.0,-0.67708,0.00078,7.9998,4.108893719423902
1621.0,3.77046,1.6981,68.2847,4.095362,,4630.0,-0.67708,0.00098,10.0407,3.994659271579228
1622.0,3.77232,1.69921,68.3293,4.095672,,4631.0,-0.67708,0.00118,12.0816,4.042543509701362
1623.0,3.77418,1.70033,68.374,4.095982,,4632.0,-0.67708,0.00138,14.1226,4.055022774315575
1624.0,3.77418,1.70144,68.4187,4.096292,,4633.0,-0.67708,0.00158,16.1582,4.095767370808829
1625.0,3.77418,1.70255,68.4633,4.096912,,4634.0,-0.67708,0.00177,18.141,4.115807474986277
1626.0,3.77418,1.70366,68.508,4.097222,,4635.0,-0.67708,0.00196,20.0286,4.031355180493371
1627.0,3.77232,1.70477,68.5527,4.097842,,4636.0,-0.67708,0.00216,22.0695,4.0529159123783325
1628.0,3.77232,1.70588,68.5973,4.098152,,4637.0,-0.67708,0.00236,24.1104,3.965896774595435
1629.0,3.7686,1.70699,68.642,4.098462,,4638.0,-0.67708,0.00256,26.1513,4.046863867477851
1630.0,3.77418,1.7081,68.6866,4.099082,,4640.0,-0.67708,0.00276,28.2874,4.082935425936453
1631.0,3.77046,1.70921,68.7313,4.099392,,4641.0,-0.67708,0.00296,30.3231,4.049899919082354
1632.0,3.77232,1.71032,68.776,4.099702,,4642.0,-0.67708,0.00316,32.364,4.04426910404934
1633.0,3.77232,1.71143,68.8206,4.100012,,4643.0,-0.67708,0.00336,34.3838,3.985573605734325
1634.0,3.77046,1.71254,68.8653,4.100633,,4644.0,-0.67708,0.00354,36.1762,4.053322784254315
1635.0,3.77046,1.71365,68.9099,4.100943,,4645.0,-0.67708,0.00373,38.2171,4.060346523424266
1636.0,3.77232,1.71463,68.9491,4.101253,,4646.0,-0.67708,0.00393,40.258,4.119880078644045
1638.0,3.77232,1.71574,68.9938,4.101872,,4647.0,-0.67708,0.00413,42.2989,4.027784586794789
1639.0,3.77046,1.71685,69.0385,4.102182,,4648.0,-0.67708,0.00433,44.3346,3.956680033783907
1640.0,3.77418,1.71797,69.0835,4.102492,,4649.0,-0.67708,0.00453,46.3596,4.042929769834427
1641.0,3.77046,1.71908,69.1282,4.102803,,4650.0,-0.67708,0.00473,48.3953,4.105528047980757
1642.0,3.77046,1.72019,69.1729,4.103423,,4651.0,-0.67708,0.00493,50.4203,4.055504405199856
1643.0,3.7686,1.7213,69.2175,4.103733,,4652.0,-0.67708,0.00512,52.345,4.021825077776672
1644.0,3.77232,1.72241,69.2622,4.104352,,4653.0,-0.67708,0.00527,53.8836,4.02641407116839
1645.0,3.77232,1.72352,69.3068,4.104663,,4653.0,-1.35045,0.00527,53.8836,4.038148395308058
1646.0,3.77232,1.72463,69.3515,4.104973,,4654.0,-1.35417,0.00563,57.6112,4.085249520579182
1647.0,3.77232,1.72572,69.3953,4.105283,,4655.0,-1.35231,0.00604,61.7723,3.970389732308208
1648.0,3.77418,1.7267,69.4345,4.105903,,4656.0,-1.35231,0.00643,65.8489,4.050873343621418
1649.0,3.77418,1.72781,69.4792,4.106213,,4657.0,-1.35417,0.00683,69.9307,4.049185199019105
1650.0,3.77046,1.72892,69.5238,4.106523,,4658.0,-1.35603,0.00723,74.0126,4.060779447139289
1651.0,3.77418,1.73003,69.5685,4.107143,,4659.0,-1.35417,0.00763,78.0997,4.004430356667487
1652.0,3.77232,1.73102,69.6081,4.107453,,4660.0,-1.35231,0.00798,81.6793,4.065644119572368
1653.0,3.77604,1.73213,69.6528,4.107763,,4661.0,-1.35417,0.00838,85.7558,4.036378169893239
1654.0,3.77046,1.73324,69.6975,4.108383,,4662.0,-1.35417,0.00878,89.8377,3.989292538361617
1655.0,3.77232,1.73435,69.7421,4.108693,,4663.0,-1.35603,0.00918,93.9195,4.033234921870221
1656.0,3.77046,1.73546,69.7868,4.109003,,4664.0,-1.35603,0.00957,97.9538,4.055241650248838
1657.0,3.77046,1.73657,69.8315,4.109313,,4665.0,-1.35231,0.00977,100.0,3.969686590543678
1658.0,3.77046,1.73768,69.8761,4.109933,,4665.0,-1.35231,0.00977,100.0,4.00289668715064
1660.0,3.77418,1.73877,69.92,4.110243,,,,,,
1661.0,3.77046,1.73986,69.9638,4.110863,,4665.0,0.67894,0.0,0.0,4.106974162135551
1662.0,3.7686,1.74101,70.0101,4.111173,,4666.0,0.67894,0.0002,13.1409,4.123317123320762
1663.0,3.77046,1.74199,70.0493,4.111483,,4667.0,0.67894,0.0004,26.146,4.0480590441133195
1664.0,3.77418,1.7431,70.094,4.111793,,4668.0,0.67894,0.0006,39.2869,4.059608915426172
1665.0,3.77232,1.74421,70.1386,4.112413,,4669.0,0.67708,0.0008,52.4278,4.064466967965042
1666.0,3.77418,1.74532,70.1833,4.112723,,4670.0,0.67894,0.001,65.5348,4.136024693461765
1667.0,3.77418,1.74643,70.2279,4.113033,,4671.0,0.67894,0.0012,78.6757,4.067100752254884
1668.0,3.7686,1.74754,70.2726,4.113343,,4672.0,0.67894,0.0014,91.8166,4.113079880754882
1669.0,3.77232,1.74865,70.3173,4.113963,,4673.0,0.67894,0.00152,100.0,4.090993363932733
1670.0,3.77046,1.74976,70.3619,4.114274,,4673.0,0.0,0.00152,100.0,3.961099547739052
1671.0,3.77232,1.75087,70.4066,4.115203,,4674.0,0.0,0.00152,100.0,4.084122120525169
1672.0,3.7686,1.75198,70.4512,4.115513,,4675.0,0.0,0.00152,100.0,4.0511951745085275
1673.0,3.77232,1.75309,70.4959,4.115823,,4676.0,0.0,0.00152,100.0,4.130490539746549
1674.0,3.77046,1.7542,70.5405,4.116444,,4677.0,0.0,0.00152,100.0,4.0553854813183285
1675.0,3.77046,1.75531,70.5852,4.116754,,4678.0,0.0,0.00152,100.0,4.074876145617512
1676.0,3.77418,1.75647,70.6316,4.117064,,4679.0,0.0,0.00152,100.0,3.9885981198833633
1677.0,3.77232,1.75751,70.6737,4.117683,,4680.0,0.0,0.00152,100.0,4.002309379036546
1678.0,3.7686,1.75862,70.7184,4.117993,,4681.0,0.0,0.00152,100.0,3.9955307601167296
1679.0,3.77232,1.75974,70.763,4.118304,,4682.0,0.0,0.00152,100.0,4.00949027506535
1681.0,3.77232,1.76085,70.8077,4.118924,,4683.0,0.0,0.00152,100.0,4.068322592759447
1682.0,3.77418,1.76196,70.8524,4.119234,,4684.0,0.0,0.00152,100.0,4.102829724396808
1683.0,3.77046,1.76307,70.897,4.119544,,4685.0,0.0,0.00152,100.0,4.009417985451722
1684.0,3.77046,1.76417,70.9413,4.119853,,4687.0,0.0,0.00152,100.0,3.9495250946101317
1685.0,3.77232,1.7652,70.9826,4.120474,,4688.0,0.0,0.00152,100.0,4.082614820806938
1686.0,3.77232,1.76636,71.0293,4.120784,,4689.0,0.0,0.00152,100.0,4.174962120063907
1687.0,3.77232,1.76747,71.074,4.121404,,4689.0,0.0,0.00152,100.0,3.9835479482527245
1688.0,3.77232,1.76858,71.1187,4.121714,,4689.0,0.0,0.00152,100.0,4.0350525390069745
1689.0,3.77046,1.76955,71.1579,4.122024,,,,,,
1690.0,3.77046,1.77067,71.2025,4.122644,,4689.0,-0.67522,0.0,0.0,4.07984586320453
1691.0,3.77418,1.77178,71.2472,4.122954,,4690.0,-0.67708,0.0002,0.9342,3.9874812788230867
1692.0,3.77232,1.77288,71.2914,4.123264,,4691.0,-0.67708,0.00041,1.9771,4.022534207441359
1693.0,3.77232,1.77405,71.3386,4.123574,,4692.0,-0.67708,0.0006,2.8668,4.003447767676099
1694.0,3.77046,1.77502,71.3778,4.124194,,4693.0,-0.67708,0.0008,3.8307,4.056539237306995
1695.0,3.7686,1.77613,71.4224,4.124504,,4694.0,-0.67708,0.001,4.7821,4.035908153664574
1696.0,3.77046,1.77725,71.4671,4.124814,,4695.0,-0.67708,0.0012,5.7361,4.000752854561237
1697.0,3.77046,1.77836,71.5118,4.125124,,4696.0,-0.67708,0.0014,6.6901,4.116323023687852
1698.0,3.77046,1.77947,71.5564,4.125744,,4697.0,-0.67708,0.0016,7.6341,4.082612688663351
1699.0,3.77418,1.78058,71.6011,4.126054,,4698.0,-0.67708,0.0018,8.5881,4.097422961086646
1700.0,3.77232,1.78169,71.6457,4.126674,,4700.0,-0.67708,0.00199,9.5149,3.951634961683672
1701.0,3.76674,1.7828,71.6904,4.126984,,4701.0,-0.67708,0.00217,10.37,4.044560991956051
1703.0,3.77232,1.7839,71.7347,4.127604,,4702.0,-0.67708,0.00237,11.3239,3.976573528422695
1704.0,3.77604,1.78492,71.7759,4.127914,,4703.0,-0.67708,0.00257,12.2779,3.965482760859359
1705.0,3.77232,1.78604,71.8206,4.128224,,4704.0,-0.67708,0.00277,13.2294,4.126234155768744
1706.0,3.77046,1.78715,71.8653,4.128534,,4705.0,-0.67708,0.00296,14.1759,4.027208116238484
1707.0,3.77418,1.78826,71.91,4.129154,,4706.0,-0.67708,0.00316,15.1101,4.097547966724551
1708.0,3.77232,1.78937,71.9546,4.129464,,4707.0,-0.67708,0.00335,16.0196,4.0038425689764985
1709.0,3.77418,1.79048,71.9993,4.129774,,4708.0,-0.67708,0.00352,16.8549,4.064188883405783
1710.0,3.77418,1.79159,72.0439,4.130394,,4709.0,-0.67708,0.00372,17.8089,3.983524502142875
1711.0,3.77232,1.7927,72.0886,4.130704,,4710.0,-0.67708,0.00392,18.7628,3.982039269597912
1712.0,3.77046,1.79381,72.1333,4.131324,,4711.0,-0.67708,0.00412,19.7168,4.057542488519061
1713.0,3.77046,1.79492,72.1779,4.131634,,4712.0,-0.67708,0.00432,20.6707,3.946097280170616
1714.0,3.7686,1.79603,72.2226,4.131945,,4713.0,-0.67708,0.00452,21.6222,4.0031132802436735
1715.0,3.77232,1.79714,72.2673,4.132565,,4714.0,-0.67708,0.00472,22.5762,4.0181001912575525
1716.0,3.7686,1.79825,72.3119,4.132874,,4715.0,-0.67708,0.00493,23.5573,4.0618950485799665
1717.0,3.77604,1.79936,72.3566,4.133184,,4716.0,-0.67708,0.00511,24.4569,4.072512784115607
1718.0,3.77232,1.80048,72.4012,4.133805,,4717.0,-0.67708,0.00531,25.4109,4.069425854317989
1719.0,3.77418,1.80155,72.4446,4.134115,,4718.0,-0.67708,0.0055,26.3278,4.120586079502467
1720.0,3.77232,1.80266,72.4893,4.134425,,4719.0,-0.67708,0.00569,27.2273,3.942889568304997
1721.0,3.77232,1.80378,72.534,4.135045,,4720.0,-0.67708,0.00589,28.1813,4.011387302971276
1723.0,3.77418,1.80489,72.5786,4.135355,,4721.0,-0.67708,0.00609,29.1353,4.08185855041795
1724.0,3.77418,1.80592,72.6203,4.135664,,4722.0,-0.67708,0.00629,30.0892,4.02707286885961
1725.0,3.77046,1.8071,72.6676,4.136285,,4723.0,-0.67708,0.00649,31.0407,4.039241719252727
1726.0,3.7686,1.80807,72.7067,4.136595,,4724.0,-0.67708,0.00669,31.9947,4.062369365409343
1727.0,3.77232,1.80918,72.7514,4.136905,,4726.0,-0.67708,0.00689,32.9486,4.067961935878562
1728.0,3.77046,1.81029,72.796,4.137835,,4727.0,-0.67708,0.00709,33.9026,4.107003953705319
1729.0,3.77418,1.8114,72.8407,4.138145,,4728.0,-0.67708,0.00729,34.8565,3.925199883494626
1730.0,3.77232,1.81251,72.8854,4.138765,,4729.0,-0.67708,0.00749,35.8105,3.955793458044211
1731.0,3.77232,1.81358,72.9283,4.139075,,4730.0,-0.67708,0.00768,36.7175,4.01691800483769
1732.0,3.77418,1.81467,72.9722,4.139695,,4731.0,-0.67708,0.00787,37.6344,4.057124759393729
1733.0,3.77418,1.81581,73.0181,4.140005,,4732.0,-0.67708,0.00807,38.5883,4.032600151967444
1734.0,3.77232,1.81693,73.0627,4.140315,,4733.0,-0.67708,0.00827,39.5423,3.9668819183093933
1735.0,3.77046,1.81803,73.107,4.140625,,4734.0,-0.67708,0.00847,40.4963,4.092071589054011
1736.0,3.77046,1.819,73.1462,4.141245,,4735.0,-0.67708,0.00867,41.4502,4.10019934644054
1737.0,3.77232,1.82011,73.1908,4.141555,,4736.0,-0.67708,0.00887,42.4042,3.999708910159735
1738.0,3.77418,1.82123,73.2359,4.141865,,4737.0,-0.67708,0.00906,43.3581,3.9795432214573006
1739.0,3.77232,1.82234,73.2806,4.142485,,4738.0,-0.67708,0.00925,44.2206,4.091597314514913
1740.0,3.77232,1.82345,73.3252,4.142795,,4739.0,-0.67708,0.00945,45.182,4.001306029678022
1741.0,3.77232,1.82456,73.3699,4.143105,,4740.0,-0.67708,0.00965,46.136,4.0390303937218475
1742.0,3.77046,1.82573,73.4166,4.143725,,4741.0,-0.67708,0.00985,47.0899,4.061611995288204
1744.0,3.77604,1.82684,73.4613,4.144035,,4742.0,-0.67708,0.01004,48.0439,4.026019321037163
1745.0,3.77418,1.82795,73.506,4.144655,,4743.0,-0.67708,0.01024,48.9978,3.950949854077367
1746.0,3.77418,1.82892,73.5452,4.144965,,4744.0,-0.67708,0.01044,49.9419,4.066887671245317
1747.0,3.77418,1.83003,73.5899,4.145275,,4746.0,-0.67708,0.01063,50.8316,4.058055804012886
1748.0,3.77232,1.83114,73.6345,4.145586,,4747.0,-0.67708,0.01083,51.7955,4.108898874007948
1749.0,3.77418,1.83225,73.6792,4.146205,,4748.0,-0.67708,0.01103,52.7494,3.9552675289331862
1750.0,3.77418,1.83336,73.7238,4.146515,,4749.0,-0.67708,0.01123,53.7034,4.013914700177864
1751.0,3.7686,1.83443,73.7668,4.147135,,4750.0,-0.67708,0.01143,54.6549,3.956744065729388
1752.0,3.77232,1.83551,73.8102,4.147445,,4751.0,-0.67708,0.01163,55.6088,4.115274840485567
1753.0,3.77232,1.83662,73.8548,4.147756,,4752.0,-0.67708,0.01183,56.5628,3.9536225516455707
1754.0,3.77232,1.83773,73.8995,4.148376,,4753.0,-0.67708,0.01203,57.5167,4.070054181503937
1755.0,3.77232,1.83884,73.9442,4.148685,,4754.0,-0.67708,0.01221,58.3891,4.064123601955949
1756.0,3.77418,1.83995,73.9888,4.148995,,4755.0,-0.67708,0.01242,59.3876,4.031049101412616
1757.0,3.77232,1.84107,74.0335,4.149616,,4756.0,-0.67708,0.01259,60.2254,4.025160762214251
1758.0,3.77232,1.84217,74.0777,4.149926,,4757.0,-0.67708,0.01279,61.1769,4.020165017613116
1759.0,3.77046,1.84328,74.1224,4.150236,,4758.0,-0.67708,0.01299,62.1308,3.9612349516615493
1760.0,3.77232,1.84439,74.1671,4.150856,,4759.0,-0.67708,0.01319,63.0848,4.018793782732019
1761.0,3.77418,1.8455,74.2117,4.151165,,4760.0,-0.67708,0.01339,64.0387,4.120180027083441
1762.0,3.77232,1.84655,74.2538,4.151476,,4761.0,-0.67708,0.01359,64.9927,4.007496705181309
1763.0,3.77232,1.8477,74.3002,4.152096,,4762.0,-0.67708,0.01379,65.9467,4.072596068056707
1764.0,3.77046,1.84867,74.3394,4.152406,,4763.0,-0.67708,0.01399,66.8981,4.049508778081731
1765.0,3.77232,1.84978,74.3841,4.153026,,4764.0,-0.67708,0.01419,67.8521,4.0902580157174375
1767.0,3.77046,1.85097,74.4317,4.153336,,4765.0,-0.67708,0.01438,68.7962,3.9790705617896647
1768.0,3.77046,1.85207,74.4759,4.153646,,4766.0,-0.67708,0.01456,69.634,4.003010232745178
1769.0,3.77232,1.85306,74.5159,4.154266,,4767.0,-0.67708,0.01476,70.5879,4.034044313672536
1770.0,3.77232,1.85417,74.5606,4.154576,,4769.0,-0.67708,0.01496,71.5419,4.009905540787341
1771.0,3.77046,1.85522,74.6027,4.154886,,4770.0,-0.67708,0.01516,72.4934,4.00924889671201
1772.0,3.77046,1.85631,74.6466,4.155196,,4771.0,-0.67708,0.01536,73.4473,4.041002094699782
1773.0,3.77232,1.85742,74.6912,4.155816,,4772.0,-0.67708,0.01556,74.4013,4.016820168195816
1774.0,3.77046,1.85853,74.7359,4.156436,,4773.0,-0.67708,0.01575,75.3553,4.022825459819307
1775.0,3.77232,1.85964,74.7806,4.156746,,4774.0,-0.67708,0.01595,76.3092,4.003668497077904
1776.0,3.77046,1.86075,74.8252,4.157056,,4775.0,-0.67708,0.01615,77.2632,4.03604785332346
1777.0,3.77232,1.86187,74.8699,4.157676,,4776.0,-0.67522,0.01635,78.2147,3.968374486606877
1778.0,3.77046,1.86298,74.9146,4.157986,,4776.0,-0.67708,0.01635,78.2147,4.106090013444418
1779.0,3.7686,1.86409,74.9592,4.158296,,4776.0,-1.35231,0.01635,78.2147,3.96172883137574
1780.0,3.77232,1.8652,75.0039,4.158606,,4777.0,-1.35417,0.01677,80.214,3.9332301968016026
1781.0,3.77232,1.86631,75.0485,4.159226,,4778.0,-1.35789,0.01717,82.1195,4.010731440832064
1782.0,3.77046,1.86742,75.0932,4.159536,,4779.0,-1.35603,0.01757,84.0274,3.968842296227101
1783.0,3.77046,1.86853,75.1379,4.160466,,4780.0,-1.35417,0.01797,85.9328,3.9337846134575116
1784.0,3.77046,1.86964,75.1825,4.160776,,4781.0,-1.35417,0.01837,87.8407,4.055789467810711
1785.0,3.77232,1.87075,75.2272,4.161086,,4782.0,-1.35417,0.01876,89.7462,3.9977460412632504
1786.0,3.77046,1.87186,75.2719,4.161706,,4783.0,-1.35231,0.01916,91.6541,4.037575086243209
1787.0,3.77418,1.87292,75.3144,4.162016,,4784.0,-1.35417,0.01956,93.5595,3.9863902793805543
1788.0,3.77418,1.8739,75.354,4.162636,,4785.0,-1.35417,0.01996,95.4675,3.935453061919382
1790.0,3.77046,1.87502,75.3987,4.162946,,4787.0,-1.35789,0.02036,97.3754,4.011232173633107
1791.0,3.77232,1.87613,75.4434,4.163257,,4788.0,-1.35417,0.02076,99.2808,4.018062667355158
1792.0,3.7686,1.87724,75.488,4.163877,,4788.0,-1.35045,0.02091,100.0,3.959376415641551
1793.0,3.77046,1.87835,75.5327,4.164186,,4788.0,-1.35045,0.02091,100.0,3.961014445773265
1794.0,3.77232,1.87946,75.5773,4.164496,,,,,,
1795.0,3.77232,1.88057,75.622,4.165117,,4788.0,0.67894,0.0,0.0,4.102331738159533
1796.0,3.77232,1.88168,75.6666,4.165427,,4789.0,0.67894,0.00022,14.3639,4.114366883986382
1797.0,3.77232,1.88279,75.7113,4.166047,,4790.0,0.67894,0.00042,27.8386,4.073463845802754
1798.0,3.77418,1.8839,75.756,4.166357,,4791.0,0.67894,0.00062,41.0739,4.028463847308645
1799.0,3.77046,1.88501,75.8006,4.166667,,4792.0,0.67894,0.00082,54.3092,4.012505752981317
1800.0,3.77046,1.88612,75.8453,4.167287,,4793.0,0.67894,0.00101,67.0315,4.0892656490490245
1801.0,3.77046,1.88723,75.89,4.167597,,4794.0,0.67894,0.00121,80.13,4.068043012892566
1802.0,3.77232,1.88834,75.9346,4.168217,,4795.0,0.67894,0.00141,93.3652,4.0045819516783405
1803.0,3.77232,1.88933,75.9742,4.168527,,4796.0,0.67894,0.00151,100.0,3.994469430604183
1804.0,3.77232,1.89039,76.0167,4.168837,,4796.0,0.0,0.00151,100.0,3.97336608624223
1805.0,3.77046,1.8915,76.0614,4.169457,,4797.0,0.0,0.00151,100.0,4.063733883778575
1806.0,3.77418,1.89261,76.1061,4.169767,,4798.0,0.0,0.00151,100.0,4.018242485036444
1807.0,3.77232,1.89372,76.1507,4.170077,,4799.0,0.0,0.00151,100.0,4.026642802307223
1808.0,3.77232,1.89483,76.1954,4.170697,,4800.0,0.0,0.00151,100.0,4.092179909131634
1810.0,3.77046,1.89594,76.2401,4.171007,,4801.0,0.0,0.00151,100.0,4.037592884736203
1811.0,3.77046,1.89705,76.2847,4.171627,,4802.0,0.0,0.00151,100.0,4.179595112571878
1812.0,3.77232,1.89816,76.3294,4.171937,,4803.0,0.0,0.00151,100.0,3.9867350468809692
1813.0,3.77232,1.89928,76.3745,4.172247,,4804.0,0.0,0.00151,100.0,4.075138751157185
1814.0,3.7686,1.90039,76.4192,4.172557,,4805.0,0.0,0.00151,100.0,4.194565324718348
1815.0,3.77232,1.9015,76.4638,4.173177,,4806.0,0.0,0.00151,100.0,4.0508852041633245
1816.0,3.77418,1.9025,76.5038,4.173487,,4808.0,0.0,0.00151,100.0,3.958397625116986
1817.0,3.77418,1.90357,76.5468,4.173797,,4809.0,0.0,0.00151,100.0,4.055318455238475
1818.0,3.77232,1.90468,76.5915,4.174417,,4810.0,0.0,0.00151,100.0,3.996362810278001
1819.0,3.77232,1.90579,76.6361,4.174727,,4811.0,0.0,0.00151,100.0,3.967861565243589
1820.0,3.77418,1.9069,76.6808,4.175037,,4812.0,0.0,0.00151,100.0,4.129002261886877
1821.0,3.77232,1.90801,76.7255,4.175657,,4812.0,0.0,0.00151,100.0,4.054285613706462
1822.0,3.77232,1.90912,76.7701,4.175967,,4812.0,0.0,0.00151,100.0,4.002643061971076
1823.0,3.77046,1.91023,76.8148,4.176587,,,,,,
1824.0,3.77232,1.91134,76.8594,4.176898,,4812.0,-0.67522,0.0,0.0,3.9711774425467192
1825.0,3.77232,1.91245,76.9041,4.177207,,4813.0,-0.67522,0.00019,0.4688,4.028223278915019
1826.0,3.77232,1.91356,76.9488,4.177827,,4814.0,-0.67708,0.0004,0.979,4.111508916557358
1827.0,3.77232,1.91467,76.9934,4.178137,,4815.0,-0.67708,0.00058,1.4177,4.04696083409037
1828.0,3.77046,1.9157,77.0347,4.178758,,4816.0,-0.67708,0.00078,1.9015,4.028852644906849
1829.0,3.77418,1.91681,77.0794,4.179068,,4817.0,-0.67708,0.00098,2.3853,4.075732706256237
1830.0,3.77046,1.91792,77.124,4.179378,,4818.0,-0.67708,0.00118,2.8679,4.038178996519099
1831.0,3.77232,1.91903,77.1687,4.179997,,4819.0,-0.67708,0.00138,3.3518,4.075104165884922
1833.0,3.77418,1.92014,77.2134,4.180307,,4820.0,-0.67708,0.00158,3.8356,4.055124619288072
1834.0,3.7686,1.92125,77.258,4.180928,,4821.0,-0.67708,0.00178,4.3194,3.989126304368727
1835.0,3.77046,1.92236,77.3027,4.181238,,4822.0,-0.67708,0.00195,4.7343,4.029452331771932
1836.0,3.77046,1.9234,77.3444,4.181548,,4823.0,-0.67708,0.00216,5.232,4.125547050163486
1837.0,3.77046,1.92454,77.3903,4.182168,,4825.0,-0.67708,0.00236,5.7158,3.921260121855043
1838.0,3.77232,1.92552,77.4295,4.182788,,4826.0,-0.67708,0.00256,6.1996,3.982114431774486
1839.0,3.77232,1.92663,77.4741,4.183408,,4827.0,-0.67708,0.00275,6.6822,3.9563992116148645
1840.0,3.77418,1.92774,77.5188,4.183718,,4828.0,-0.67708,0.00295,7.166,4.141437559128895
1841.0,3.77046,1.92885,77.5635,4.184338,,4829.0,-0.67708,0.00315,7.6499,4.042409298117232
1842.0,3.77232,1.92996,77.6081,4.184648,,4830.0,-0.67708,0.00335,8.1249,3.966471009065559
1843.0,3.77418,1.93107,77.6528,4.184958,,4831.0,-0.67708,0.00355,8.6088,4.032998876514365
1844.0,3.77232,1.93218,77.6975,4.185268,,4832.0,-0.67708,0.00375,9.0876,4.053939811646876
1845.0,3.77604,1.93329,77.7421,4.185888,,4833.0,-0.67708,0.00392,9.5113,4.074019448770054
1846.0,3.7686,1.9344,77.7868,4.186198,,4834.0,-0.67708,0.00412,9.9951,4.030468473212659
1847.0,3.77418,1.9355,77.831,4.186818,,4835.0,-0.67708,0.00432,10.4789,3.9705832038927285
1848.0,3.77046,1.93648,77.8702,4.187128,,4836.0,-0.67708,0.00452,10.9628,3.9853054857226544
1849.0,3.77232,1.93759,77.9149,4.187438,,4837.0,-0.67708,0.00472,11.4454,4.001956804787372
1850.0,3.7686,1.9387,77.9595,4.188058,,4838.0,-0.67708,0.00492,11.9392,3.973650516571151
1851.0,3.77418,1.9398,78.0038,4.188368,,4839.0,-0.67708,0.00511,12.3855,4.005378356466448
1852.0,3.77232,1.94088,78.0472,4.188988,,4840.0,-0.67708,0.0053,12.8655,4.001709657574677
1853.0,3.77232,1.94199,78.0918,4.189298,,4841.0,-0.67708,0.0055,13.3481,4.184780920765897
1854.0,3.77232,1.94303,78.1335,4.189608,,4842.0,-0.67708,0.0057,13.832,4.007301887966675
1856.0,3.77418,1.94414,78.1782,4.190228,,4843.0,-0.67708,0.0059,14.3158,4.082690215912474
1857.0,3.77046,1.94525,78.2228,4.190538,,4845.0,-0.67708,0.0061,14.7996,4.086907971229984
1858.0,3.77232,1.94636,78.2675,4.190848,,4846.0,-0.67708,0.0063,15.2835,4.015129782038693
1859.0,3.77232,1.94747,78.3122,4.191468,,4847.0,-0.67708,0.0065,15.7673,4.148939829183481
1860.0,3.77046,1.94858,78.3568,4.191778,,4847.0,-0.67708,0.00657,15.9491,3.9439425508847012
1861.0,3.77418,1.94969,78.4015,4.192399,,4847.0,-5.41295,0.00657,15.9491,3.915599605203565
1862.0,3.77232,1.9508,78.4462,4.192708,,4848.0,-5.41109,0.00836,20.2835,3.8703218658933087
1863.0,3.77232,1.95191,78.4908,4.193328,,4849.0,-5.40737,0.00995,24.1467,3.7538976541662175
1864.0,3.77232,1.95302,78.5355,4.193638,,4850.0,-5.40551,0.01144,27.7542,3.9505018295038017
1865.0,3.77232,1.95413,78.5801,4.194258,,4851.0,-5.40923,0.01308,31.7264,3.773437132991161
1866.0,3.77232,1.95516,78.6214,4.194569,,4852.0,-5.40923,0.01467,35.5896,3.837586861448324
1867.0,3.77232,1.95627,78.6661,4.194879,,4853.0,-5.40923,0.01626,39.4527,3.802342713616635
1868.0,3.77046,1.95738,78.7108,4.195189,,4854.0,-5.40737,0.01786,43.3159,3.8568274543022993
1869.0,3.77232,1.95849,78.7554,4.195808,,4855.0,-5.40923,0.01865,45.2475,3.825570490440956
1870.0,3.77232,1.95961,78.8005,4.196429,,4855.0,-3.37984,0.01865,45.2475,3.912445228007983
1871.0,3.77232,1.96072,78.8452,4.196739,,4856.0,-3.3817,0.01968,47.7507,3.8751688815850853
1872.0,3.77418,1.96183,78.8898,4.197049,,4857.0,-3.3817,0.02056,49.869,3.9749615123098283
1873.0,3.77232,1.96294,78.9345,4.197669,,4858.0,-3.3817,0.0216,52.3985,3.838408252940338
1874.0,3.77232,1.96397,78.9758,4.197978,,4859.0,-3.37984,0.02253,54.6522,3.918881753100295
1875.0,3.77232,1.96505,79.0192,4.198289,,4860.0,-3.37612,0.02352,57.0664,3.971371826262414
1877.0,3.77232,1.96616,79.0639,4.198909,,4861.0,-3.37984,0.0245,59.4354,3.8637550343776605
1878.0,3.77046,1.96727,79.1085,4.199219,,4862.0,-3.37984,0.0255,61.8484,3.9255959259069657
1879.0,3.77418,1.96838,79.1532,4.199529,,4863.0,-3.37984,0.02649,64.2625,3.9775601946636994
1879.0,3.77418,1.96908,79.1814,4.200149,,4865.0,-3.38356,0.02749,66.6767,3.9848893340728293
1879.0,3.73884,1.96908,79.1814,4.199219,,4866.0,-3.3817,0.02848,69.0909,3.8736110114050812
1880.0,3.72954,1.97015,79.2244,4.199219,,4867.0,-3.37798,0.02948,71.505,3.875978631332417
1881.0,3.71838,1.97125,79.2685,4.199219,,4868.0,-3.38356,0.03047,73.9192,3.8524926348657598
1882.0,3.70536,1.97234,79.3125,4.199529,,4869.0,-3.3817,0.03147,76.3346,3.892189480548858
1883.0,3.69048,1.97343,79.3563,4.199219,,4870.0,-3.37984,0.03247,78.7714,3.913731608956201
1885.0,3.68118,1.97452,79.3999,4.199529,,4871.0,-3.3817,0.03341,81.0501,3.8817732324972187
1886.0,3.67002,1.9756,79.4434,4.199219,,4872.0,-3.37984,0.03441,83.4656,3.853387987952038
1887.0,3.66071,1.97668,79.4868,4.199219,,4873.0,-3.37984,0.0354,85.8797,3.9093620360526273
1888.0,3.64583,1.97775,79.53,4.199219,,4874.0,-3.37984,0.03638,88.2475,3.9006554276792578
1889.0,3.63467,1.97882,79.5731,4.199219,,4875.0,-3.37426,0.03736,90.6391,3.935733274906656
1890.0,3.61979,1.97991,79.6168,4.199219,,4876.0,-3.37798,0.03824,92.7575,3.8290962937565713
1891.0,3.60677,1.98089,79.656,4.199219,,4877.0,-3.37984,0.03923,95.1717,3.8476315406754806
1892.0,3.59933,1.98195,79.6987,4.199219,,4878.0,-3.38542,0.04023,97.5858,3.8974008996969935
1893.0,3.59375,1.98301,79.7412,4.199219,,4879.0,-3.37984,0.04122,100.0,3.9252176829754726
1894.0,3.57515,1.98406,79.7837,4.199219,,4879.0,-3.37798,0.04122,100.0,3.8662261187734757
1895.0,3.56213,1.98511,79.826,4.199219,,4879.0,-3.37798,0.04122,100.0,3.7982062231373255
1896.0,3.56027,1.98616,79.8682,4.199219,,,,,,
1897.0,3.54911,1.98721,79.9102,4.199219,,4879.0,1.34859,0.0,0.0,4.086217723064459
1898.0,3.53609,1.98825,79.9521,4.199219,,4880.0,1.34859,0.00046,15.0102,4.0224437443009355
1899.0,3.52493,1.98929,79.9939,4.199219,,4881.0,1.34673,0.00083,27.1031,4.105027692122414
1900.0,3.51377,1.99032,80.0352,4.199529,,4882.0,1.35417,0.0012,39.4335,4.107149566312023
1901.0,3.50632,1.99135,80.0768,4.199219,,4883.0,1.36161,0.0016,52.5102,4.0655565244306375
1903.0,3.49702,1.99238,80.1182,4.199219,,4884.0,1.34859,0.002,65.5868,4.0948946872235625
1904.0,3.48586,1.99341,80.1596,4.199219,,4886.0,1.35789,0.0024,78.6635,4.055792251130112
1905.0,3.4747,1.99443,80.2008,4.199219,,4887.0,1.35417,0.00279,91.7232,4.045629681062542
1906.0,3.4654,1.99546,80.2419,4.199219,,4887.0,1.34859,0.00305,100.0,4.010116438984635
1907.0,3.45238,1.99647,80.2828,4.199529,,4887.0,1.34859,0.00305,100.0,4.001199551099778
1908.0,3.44308,1.99749,80.3237,4.199219,,,,,,
1909.0,3.43936,1.9985,80.3644,4.199219,,4887.0,-1.34859,0.0,0.0,4.024302995710491
1910.0,3.42634,1.99956,80.407,4.199529,,4888.0,-1.35045,0.00039,3.2509,3.9910771852331908
1911.0,3.41704,2.00051,80.4452,4.199219,,4889.0,-1.35417,0.00074,6.1621,4.074792616333562
1912.0,3.41332,2.00152,80.4856,4.199219,,4890.0,-1.34859,0.00114,9.4818,3.949516059776081
1913.0,3.40216,2.00252,80.5259,4.199219,,4891.0,-1.35603,0.00154,12.7972,3.9200909032983855
1914.0,3.38728,2.00352,80.5661,4.199219,,4892.0,-1.35603,0.00194,16.1127,3.9746546320898113
1915.0,3.38542,2.00452,80.6063,4.199219,,4893.0,-1.35417,0.00234,19.4367,4.005432316945128
1916.0,3.37054,2.00547,80.6448,4.199219,,4894.0,-1.35417,0.00273,22.7521,3.9440965249020965
1917.0,3.36496,2.0064,80.682,4.199219,,4895.0,-1.35045,0.00313,26.0718,3.936431828546026
1918.0,3.35565,2.00739,80.7218,4.199219,,4896.0,-1.35417,0.00348,28.983,4.011558071313373
1919.0,3.34821,2.00838,80.7615,4.199219,,4898.0,-1.35417,0.00388,32.3027,3.9427651665732686
1920.0,3.33519,2.00936,80.801,4.199219,,4899.0,-1.35417,0.00428,35.6181,4.133466499115842
1922.0,3.32775,2.01034,80.8405,4.199219,,4900.0,-1.35417,0.00468,38.9379,3.97512405617696
1923.0,3.32031,2.01132,80.8799,4.199529,,4901.0,-1.35603,0.00508,42.2576,4.118801274100576
1924.0,3.30915,2.0123,80.9191,4.199219,,4902.0,-1.35231,0.00548,45.573,4.0371284970997054
1925.0,3.29799,2.01332,80.9601,4.199529,,4903.0,-1.35603,0.00587,48.8927,3.976588987657959
1926.0,3.29427,2.01423,80.9969,4.199219,,4904.0,-1.35045,0.00627,52.2081,4.097050637983674
1927.0,3.29055,2.0152,81.0359,4.199529,,4905.0,-1.35231,0.00667,55.5278,3.924155382207477
1928.0,3.27939,2.01617,81.0748,4.199219,,4906.0,-1.35045,0.00709,59.0024,3.800118708177515
1929.0,3.26823,2.01713,81.1135,4.199219,,4907.0,-1.35417,0.00749,62.3178,3.9379842291948006
1930.0,3.26265,2.01809,81.1522,4.199529,,4908.0,-1.35045,0.00784,65.2247,4.00182076458696
1931.0,3.24963,2.01905,81.1907,4.199219,,4909.0,-1.35231,0.00824,68.5444,3.9564436259689293
1932.0,3.23847,2.02001,81.2292,4.199219,,4910.0,-1.35417,0.00863,71.8598,3.9402793629967583
1933.0,3.23103,2.02086,81.2635,4.199219,,4911.0,-1.35231,0.00903,75.1795,3.955787141328355
1934.0,3.22731,2.02179,81.3007,4.199219,,4912.0,-1.35603,0.00943,78.4992,3.9008332917762023
1935.0,3.21987,2.02274,81.3389,4.199219,,4913.0,-1.35417,0.00983,81.8147,3.934110866919038
1936.0,3.20871,2.02367,81.3766,4.199219,,4914.0,-1.35417,0.01022,85.0699,3.9533439028143142
1937.0,3.20871,2.0245,81.4099,4.199219,,4915.0,-1.35789,0.01057,87.9811,3.956886442270166
1938.0,3.19754,2.02544,81.4478,4.199219,,4916.0,-1.35231,0.01097,91.3008,4.062622427754305
1939.0,3.1901,2.02641,81.4867,4.199219,,4917.0,-1.35789,0.01137,94.6205,4.054866895182276
1940.0,3.1808,2.02724,81.5201,4.199219,,4919.0,-1.35417,0.01177,97.9359,3.9711414101702167
1941.0,3.16964,2.02818,81.5577,4.199219,,4919.0,-1.35417,0.01202,100.0,3.9080581203706304
1942.0,3.16592,2.02911,81.5952,4.199219,,4919.0,-1.35417,0.01202,100.0,4.075693191543051
1943.0,3.15848,2.03003,81.6322,4.199219,,,,,,
1944.0,3.14918,2.03085,81.665,4.199219,,4919.0,2.70089,0.0,0.0,4.050290771842392
1945.0,3.14174,2.03177,81.7022,4.199529,,4920.0,2.70647,0.00076,12.5975,4.118492930566667
1946.0,3.13616,2.0327,81.7394,4.199219,,4921.0,2.70089,0.00156,25.8205,4.011945991537781
1947.0,3.12128,2.03362,81.7764,4.199219,,4922.0,2.70647,0.00235,39.035,4.08209121787122
1949.0,3.12128,2.03454,81.8134,4.199219,,4923.0,2.70833,0.00315,52.2495,4.112297303340047
1950.0,3.10826,2.03545,81.8502,4.199219,,4924.0,2.70833,0.004,66.3382,4.133901257123392
1951.0,3.09896,2.03648,81.8914,4.199219,,4925.0,2.70275,0.00474,78.55,4.1338215348920135
1952.0,3.09338,2.03738,81.9277,4.199219,,4926.0,2.70647,0.00553,91.7731,4.132716850757017
1953.0,3.08594,2.03818,81.9598,4.199219,,4927.0,2.70647,0.00603,100.0,4.089661258732772
1954.0,3.07664,2.03909,81.9963,4.199219,,4927.0,0.0,0.00603,100.0,4.098016183954924
1955.0,3.07292,2.03999,82.0327,4.199529,,4928.0,0.0,0.00603,100.0,4.135240398732988
1956.0,3.06176,2.04089,82.069,4.199219,,4929.0,0.0,0.00603,100.0,4.0534681244581225
1957.0,3.04688,2.0418,82.1055,4.199529,,4930.0,0.0,0.00603,100.0,4.061472155420691
1958.0,3.04688,2.04263,82.1389,4.199219,,4932.0,0.0,0.00603,100.0,4.02487613565709
1959.0,3.04129,2.04357,82.1766,4.199219,,4933.0,0.0,0.00603,100.0,4.088007327841749
1960.0,3.02827,2.04437,82.2088,4.199219,,4934.0,0.0,0.00603,100.0,4.067512016047262
1961.0,3.02641,2.04526,82.2446,4.199219,,4935.0,0.0,0.00603,100.0,4.058353119506963
1962.0,3.01339,2.04615,82.2804,4.199219,,4936.0,0.0,0.00603,100.0,4.07953301003126
1963.0,3.00409,2.04704,82.316,4.199529,,4937.0,0.0,0.00603,100.0,3.988697670406345
1964.0,3.00223,2.04792,82.3516,4.199219,,4938.0,0.0,0.00603,100.0,3.9931759444904182
1965.0,2.99107,2.04879,82.3867,4.199219,,4939.0,0.0,0.00603,100.0,4.015061176300135
1966.0,2.98549,2.04961,82.4194,4.199219,,4940.0,0.0,0.00603,100.0,4.0045501288822365
1967.0,2.97991,2.05048,82.4544,4.199219,,4941.0,0.0,0.00603,100.0,4.089058772060309
1968.0,2.97061,2.05135,82.4896,4.199219,,4942.0,0.0,0.00603,100.0,3.9539017243543246
1969.0,2.96503,2.05223,82.5248,4.199219,,4943.0,0.0,0.00603,100.0,4.055280664698383
1970.0,2.95573,2.0531,82.5598,4.199529,,4944.0,0.0,0.00603,100.0,4.042566684555955
1972.0,2.95201,2.05397,82.5948,4.199219,,4945.0,0.0,0.00603,100.0,4.017852175180481
1973.0,2.94457,2.05484,82.6297,4.199219,,4946.0,0.0,0.00603,100.0,4.0476496006164036
1974.0,2.93341,2.0557,82.6644,4.199219,,4947.0,0.0,0.00603,100.0,4.058374924807958
1975.0,2.92969,2.05655,82.6985,4.199529,,4948.0,0.0,0.00603,100.0,4.034181345850092
1976.0,2.92411,2.05734,82.7305,4.199219,,4949.0,0.0,0.00603,100.0,4.040403069476494
1977.0,2.92039,2.0582,82.765,4.199219,,4951.0,0.0,0.00603,100.0,3.9749707023453418
1978.0,2.90179,2.05906,82.7994,4.199219,,4952.0,0.0,0.00603,100.0,3.979830396808912
1979.0,2.89435,2.05991,82.8337,4.199529,,4953.0,0.0,0.00603,100.0,4.052228936888155
1980.0,2.89249,2.06076,82.868,4.199219,,4954.0,0.0,0.00603,100.0,4.035217540453331
1981.0,2.8776,2.06154,82.8992,4.199219,,4955.0,0.0,0.00603,100.0,4.124258068339133
1982.0,2.87016,2.06239,82.9336,4.199219,,4956.0,0.0,0.00603,100.0,4.014739018920601
1983.0,2.8683,2.06324,82.9676,4.199529,,4957.0,0.0,0.00603,100.0,3.961301747759715
1984.0,2.86086,2.06408,83.0015,4.199219,,4958.0,0.0,0.00603,100.0,4.061728582802141
1985.0,2.85714,2.06492,83.035,4.199219,,4959.0,0.0,0.00603,100.0,4.131314421739231
1986.0,2.84784,2.06565,83.0646,4.199219,,4960.0,0.0,0.00603,100.0,3.941787537213615
1987.0,2.83854,2.06649,83.0983,4.199219,,4961.0,0.0,0.00603,100.0,4.104172215887875
1988.0,2.83482,2.06732,83.1319,4.199219,,4962.0,0.0,0.00603,100.0,3.9870794640268348
1989.0,2.82738,2.06816,83.1654,4.199219,,4963.0,0.0,0.00603,100.0,4.093108896424179
1990.0,2.81994,2.06899,83.1988,4.199219,,4964.0,0.0,0.00603,100.0,4.080246533995564
1991.0,2.8125,2.06982,83.2322,4.199529,,4965.0,0.0,0.00603,100.0,4.1967428462750105
1993.0,2.80692,2.07064,83.2654,4.199529,,4966.0,0.0,0.00603,100.0,3.9972590471916742
1994.0,2.79948,2.07147,83.2986,4.199219,,4967.0,0.0,0.00603,100.0,4.026245289516419
1995.0,2.7939,2.07229,83.3317,4.199219,,4968.0,0.0,0.00603,100.0,4.003074640583286
1996.0,2.78646,2.07311,83.3647,4.199219,,4969.0,0.0,0.00603,100.0,4.051502259531845
1997.0,2.78088,2.07396,83.3989,4.199219,,4970.0,0.0,0.00603,100.0,3.9845887762281786
1998.0,2.77344,2.07478,83.4317,4.199529,,4972.0,0.0,0.00603,100.0,4.079270186130037
1999.0,2.76414,2.0756,83.4645,4.199219,,4973.0,0.0,0.00603,100.0,4.0309874352787265
2000.0,2.7567,2.07641,83.4972,4.199529,,4974.0,0.0,0.00603,100.0,3.996303648338109
2001.0,2.7474,2.07722,83.5297,4.199529,,4975.0,0.0,0.00603,100.0,3.987191492626371
2002.0,2.74182,2.07803,83.5623,4.199219,,4976.0,0.0,0.00603,100.0,4.007288328477855
2003.0,2.7381,2.07883,83.5947,4.199219,,4977.0,0.0,0.00603,100.0,4.147836302934442
2004.0,2.72879,2.07964,83.6271,4.199219,,4978.0,0.0,0.00603,100.0,4.100159592239101
2005.0,2.72879,2.08036,83.656,4.199529,,4979.0,0.0,0.00603,100.0,4.112355919067494
2006.0,2.71577,2.08116,83.6882,4.199529,,4980.0,0.0,0.00603,100.0,4.095430224147583
2007.0,2.71391,2.08196,83.7204,4.199219,,4981.0,0.0,0.00603,100.0,4.00691310398452
2008.0,2.70275,2.08276,83.7524,4.199219,,4982.0,0.0,0.00603,100.0,4.049107712978764
2009.0,2.69903,2.08355,83.7844,4.199219,,4982.0,0.0,0.00603,100.0,4.005734164783406
2010.0,2.68601,2.08432,83.8151,4.199529,,4982.0,0.0,0.00603,100.0,4.066931989620077
2011.0,2.68229,2.08511,83.8469,4.199529,,,,,,
2013.0,2.67671,2.0859,83.8787,4.199219,,4982.0,-0.67522,0.0,0.0,3.941788571059143
2014.0,2.66927,2.08668,83.9104,4.199219,,4983.0,-0.67522,0.0002,1.9928,4.043355427582892
2015.0,2.66555,2.08747,83.942,4.199219,,4984.0,-0.67708,0.00039,4.0226,4.043835562150695
2016.0,2.65625,2.08825,83.9735,4.199219,,4985.0,-0.67708,0.00059,6.0576,3.9864978190046063
2017.0,2.65439,2.08904,84.005,4.199219,,4986.0,-0.67708,0.00079,8.0926,3.9705627541247486
2018.0,2.64509,2.0899,84.0396,4.199219,,4988.0,-0.67708,0.00099,10.1276,4.006619364425192
2019.0,2.63765,2.0906,84.0676,4.199219,,4989.0,-0.67708,0.00119,12.1204,3.9675107472562905
2020.0,2.63207,2.09137,84.0989,4.199219,,4990.0,-0.67708,0.00137,14.0025,4.050501398409037
2021.0,2.62463,2.09215,84.13,4.199219,,4991.0,-0.67708,0.00157,16.0164,4.048333826583458
2022.0,2.61905,2.09292,84.161,4.199529,,4992.0,-0.67708,0.00177,18.0515,3.9591458063772396
2023.0,2.61533,2.09368,84.1917,4.199219,,4993.0,-0.67708,0.00197,20.0865,3.904106765814457
2024.0,2.60417,2.09445,84.2227,4.199219,,4994.0,-0.67708,0.00217,22.1215,4.053821023036189
2025.0,2.60231,2.09522,84.2535,4.199529,,4995.0,-0.67708,0.00237,24.1512,3.9772168556143725
2026.0,2.59673,2.09598,84.2843,4.199219,,4996.0,-0.67708,0.00257,26.1862,4.023653216099358
2027.0,2.58929,2.09675,84.3149,4.199219,,4997.0,-0.67708,0.00278,28.3161,4.05931296702505
2028.0,2.58185,2.09751,84.3456,4.199219,,4998.0,-0.67708,0.00296,30.1771,3.871332603637087
2029.0,2.57627,2.09827,84.3761,4.199219,,4999.0,-0.67708,0.00316,32.2121,4.103383283421412
2030.0,2.56696,2.09904,84.4072,4.199219,,5000.0,-0.67708,0.00336,34.2682,3.941304854614221
2032.0,2.56882,2.09973,84.435,4.199219,,5001.0,-0.67708,0.00356,36.298,4.080936706365734
2033.0,2.55952,2.10048,84.4653,4.199219,,5002.0,-0.67708,0.00376,38.333,3.9826813336345075
2034.0,2.5558,2.10124,84.4956,4.199219,,5003.0,-0.67708,0.00396,40.368,3.9728869589970053
2035.0,2.54836,2.10199,84.5257,4.199219,,5004.0,-0.67708,0.00416,42.403,3.9904855023469983
2036.0,2.54092,2.10274,84.5559,4.199219,,5005.0,-0.67708,0.00436,44.438,4.093591094409494
2037.0,2.53534,2.10348,84.5859,4.199219,,5006.0,-0.67708,0.00455,46.473,4.025784706481398
2038.0,2.52976,2.10423,84.6159,4.199219,,5008.0,-0.67708,0.00475,48.5027,4.064834554092686
2039.0,2.52046,2.10497,84.6458,4.199219,,5009.0,-0.67708,0.00494,50.3849,4.0396615683877855
2040.0,2.5186,2.10572,84.6757,4.199219,,5010.0,-0.67708,0.00513,52.325,3.970623169619199
2041.0,2.51488,2.10646,84.7055,4.199529,,5010.0,-0.67708,0.00525,53.5903,4.003680695116764
2042.0,2.5093,2.10718,84.7346,4.199529,,5010.0,-1.34673,0.00525,53.5903,4.077377048289766
2043.0,2.49814,2.10795,84.7656,4.199219,,5011.0,-1.35603,0.00566,57.7604,3.9604407154690846
2044.0,2.49628,2.10869,84.7952,4.199219,,5012.0,-1.35417,0.00602,61.4087,3.8938526457190195
2045.0,2.49256,2.10941,84.8244,4.199219,,5013.0,-1.35045,0.00642,65.4682,4.040760661795685
2046.0,2.48326,2.11006,84.8502,4.199219,,5014.0,-1.35417,0.00682,69.5382,3.9743025526315785
2047.0,2.47396,2.11079,84.8796,4.199219,,5015.0,-1.34859,0.00721,73.6029,4.021112897542611
2048.0,2.4721,2.11152,84.9089,4.199219,,5016.0,-1.35231,0.00761,77.6729,3.940698843193437
2049.0,2.46466,2.11224,84.9381,4.199219,,5018.0,-1.35603,0.00801,81.7429,4.018292799754842
2050.0,2.4628,2.11299,84.9684,4.199219,,5019.0,-1.34859,0.00841,85.8077,4.009603470606955
2051.0,2.45164,2.11369,84.9963,4.199219,,5020.0,-1.35231,0.00881,89.8671,3.9979626786388063
2052.0,2.44792,2.11432,85.0218,4.199529,,5021.0,-1.35231,0.00921,93.9372,3.9337953705612163
2054.0,2.44234,2.11504,85.0508,4.199219,,5022.0,-1.35231,0.0096,97.965,3.9642100810884786
2055.0,2.43676,2.11576,85.0797,4.199529,,5022.0,-1.35603,0.0098,100.0,3.92434904537535
2056.0,2.42746,2.11648,85.1085,4.199219,,5022.0,-1.35603,0.0098,100.0,3.930776833880157
2057.0,2.4256,2.1172,85.1373,4.199219,,,,,,
2058.0,2.41257,2.11791,85.166,4.199219,,5022.0,0.67894,0.0,0.0,4.0943931780475165
2059.0,2.41257,2.11862,85.1946,4.199529,,5023.0,0.67894,0.0002,13.5442,4.057894155559726
2060.0,2.40699,2.11933,85.2232,4.199219,,5024.0,0.67894,0.00038,25.232,4.001074797303314
2061.0,2.40327,2.11996,85.2485,4.199219,,5025.0,0.67894,0.00058,38.5356,4.138748163747172
2062.0,2.39583,2.12067,85.2769,4.199219,,5026.0,0.67894,0.00078,51.8047,4.073123942707892
2063.0,2.39769,2.12137,85.3053,4.199219,,5028.0,0.67894,0.00098,65.1083,4.065797964522481
2064.0,2.38653,2.12208,85.3336,4.199219,,5029.0,0.67894,0.00118,78.4118,4.034663382708099
2065.0,2.38653,2.12278,85.3619,4.199219,,5030.0,0.67894,0.00138,91.7154,4.086211802793253
2066.0,2.37909,2.12348,85.39,4.199219,,5030.0,0.67894,0.0015,100.0,4.092384955321952
2067.0,2.37537,2.12418,85.4182,4.199219,,5030.0,0.0,0.0015,100.0,4.006981737874226
2068.0,2.36607,2.12488,85.4462,4.199529,,5031.0,0.0,0.0015,100.0,3.9795112977563547
2069.0,2.36049,2.12557,85.474,4.199219,,5032.0,0.0,0.0015,100.0,4.033046130397808
2070.0,2.35305,2.12618,85.4985,4.199219,,5033.0,0.0,0.0015,100.0,4.0314556189399475
2071.0,2.34933,2.12687,85.5264,4.199219,,5034.0,0.0,0.0015,100.0,3.9807599749571216
2072.0,2.35119,2.12756,85.5542,4.199219,,5036.0,0.0,0.0015,100.0,4.023859177674144
2073.0,2.34003,2.12825,85.582,4.199529,,5037.0,0.0,0.0015,100.0,4.0212442976521405
2074.0,2.33817,2.12894,85.6097,4.199219,,5038.0,0.0,0.0015,100.0,4.0321371612821295
2075.0,2.33073,2.12957,85.6349,4.199219,,5039.0,0.0,0.0015,100.0,4.04660369687292
2076.0,2.32515,2.13026,85.6627,4.199219,,5040.0,0.0,0.0015,100.0,3.988042194447592
2078.0,2.31585,2.13095,85.6902,4.199219,,5041.0,0.0,0.0015,100.0,4.062345466800552
2079.0,2.31213,2.13163,85.7177,4.199219,,5042.0,0.0,0.0015,100.0,4.039897383152589
2080.0,2.31399,2.13231,85.7451,4.199219,,5043.0,0.0,0.0015,100.0,4.003048844373176
2081.0,2.30469,2.13299,85.7724,4.199219,,5044.0,0.0,0.0015,100.0,4.12993105588137
2082.0,2.30097,2.13367,85.7996,4.199219,,5045.0,0.0,0.0015,100.0,3.9831449134727634
2083.0,2.29539,2.13434,85.8269,4.199219,,5046.0,0.0,0.0015,100.0,3.9819236154317053
2084.0,2.28981,2.13494,85.8507,4.199219,,5046.0,0.0,0.0015,100.0,4.068229653905156
2085.0,2.28609,2.13561,85.8778,4.199219,,5046.0,0.0,0.0015,100.0,4.008218356869651
2086.0,2.28237,2.13628,85.9048,4.199219,,,,,,
2087.0,2.27121,2.13695,85.9317,4.199219,,5046.0,-0.67522,0.0,0.0,4.032820291819781
2088.0,2.27307,2.13761,85.9584,4.199219,,5047.0,-0.67522,0.0002,0.9601,3.9954590721423497
2089.0,2.26563,2.13829,85.9857,4.199219,,5048.0,-0.67708,0.0004,1.8979,3.9973163401167535
2090.0,2.25632,2.13895,86.012,4.199219,,5049.0,-0.67708,0.00059,2.8431,4.0263687007376046
2091.0,2.25446,2.13955,86.0364,4.199219,,5050.0,-0.67708,0.00079,3.7983,4.026666679934188
2092.0,2.2526,2.14022,86.0631,4.199219,,5052.0,-0.67708,0.00099,4.7435,3.970328301376543
2093.0,2.24702,2.14088,86.0898,4.199219,,5053.0,-0.67708,0.00119,5.6987,4.077198637068866
2094.0,2.2433,2.14154,86.1164,4.199219,,5054.0,-0.67708,0.00139,6.6538,3.9654549470549303
2095.0,2.23586,2.1422,86.1429,4.199219,,5055.0,-0.67708,0.00159,7.6089,3.9818765338268944
2096.0,2.23028,2.14278,86.1661,4.199219,,5056.0,-0.67708,0.00179,8.5616,3.9615104735860536
2097.0,2.23028,2.14344,86.1925,4.199219,,5057.0,-0.67708,0.00199,9.5167,3.9942063794039364
2098.0,2.21912,2.14409,86.2188,4.199529,,5058.0,-0.67708,0.00218,10.4273,4.001149569900504
2099.0,2.21354,2.14474,86.2451,4.199219,,5059.0,-0.67708,0.00235,11.2637,4.026230932896117
2101.0,2.21726,2.14543,86.2726,4.199219,,5060.0,-0.67708,0.00255,12.2188,4.02750953175013
2102.0,2.2061,2.14607,86.2985,4.199219,,5061.0,-0.67708,0.00275,13.174,4.009831299244432
2103.0,2.20424,2.14664,86.3215,4.199219,,5062.0,-0.67708,0.00295,14.1291,4.0729387906345895
2104.0,2.19866,2.14729,86.3475,4.199219,,5063.0,-0.67708,0.00315,15.0843,4.082152279197919
2105.0,2.19494,2.14794,86.3736,4.199219,,5064.0,-0.67708,0.00334,16.0122,3.9933704617955312
2106.0,2.18936,2.14858,86.3995,4.199219,,5065.0,-0.67708,0.00353,16.9129,4.009342405578807
2107.0,2.18006,2.14923,86.4254,4.199219,,5066.0,-0.67708,0.00373,17.868,3.970278928352559
2108.0,2.1782,2.14994,86.4542,4.199529,,5067.0,-0.67708,0.00393,18.8207,4.063064421532654
2109.0,2.17262,2.15054,86.478,4.199219,,5068.0,-0.67708,0.00413,19.7758,3.9791069523751013
2110.0,2.17262,2.15118,86.5038,4.199219,,5069.0,-0.67708,0.00433,20.731,4.020871340589418
2111.0,2.16704,2.15181,86.5294,4.199219,,5070.0,-0.67708,0.00453,21.6861,3.994640044760779
2112.0,2.16146,2.15245,86.5551,4.199529,,5071.0,-0.67708,0.00473,22.6412,3.9837446079572287
2113.0,2.15774,2.15309,86.5806,4.199529,,5073.0,-0.67708,0.00494,23.6409,3.9645655827226554
2114.0,2.1503,2.15372,86.6061,4.199219,,5074.0,-0.67708,0.00512,24.4971,3.984864346443071
2115.0,2.1503,2.15436,86.6316,4.199219,,5075.0,-0.67708,0.00531,25.4497,3.9339360474381193
2116.0,2.141,2.15499,86.657,4.199219,,5076.0,-0.67708,0.00553,26.4593,3.9954946246845515
2117.0,2.141,2.15562,86.6823,4.199219,,5077.0,-0.67708,0.0057,27.3056,4.001863100023624
2118.0,2.141,2.15625,86.7076,4.199219,,5078.0,-0.67708,0.0059,28.2607,3.994951871525343
2120.0,2.12612,2.15687,86.7326,4.199219,,5079.0,-0.67708,0.0061,29.2158,3.9598151021313637
2121.0,2.12612,2.15749,86.7578,4.199529,,5080.0,-0.67708,0.0063,30.171,4.031117688739718
2122.0,2.11682,2.15812,86.7829,4.199219,,5081.0,-0.67708,0.0065,31.1261,4.115585210708292
2123.0,2.11496,2.15867,86.805,4.199219,,5082.0,-0.67708,0.0067,32.0788,4.133486061825329
2124.0,2.11124,2.1593,86.8305,4.199219,,5083.0,-0.67708,0.0069,33.0339,4.025298762490326
2125.0,2.1131,2.15991,86.855,4.199219,,5084.0,-0.67708,0.0071,33.9891,3.990677584453002
2126.0,2.10379,2.16046,86.8771,4.199219,,5085.0,-0.67708,0.0073,34.9442,4.053727659675168
2127.0,2.09821,2.16108,86.9018,4.199219,,5086.0,-0.67708,0.0075,35.8993,4.049814445308133
2128.0,2.09635,2.1617,86.9269,4.199529,,5087.0,-0.67708,0.00769,36.8446,4.070382132479041
2129.0,2.09635,2.16232,86.9517,4.199219,,5088.0,-0.67708,0.00789,37.7626,4.007268693315313
2130.0,2.08519,2.16293,86.9764,4.199219,,5089.0,-0.67708,0.00806,38.6089,4.009081215948048
2131.0,2.08519,2.16355,87.0012,4.199219,,5090.0,-0.67708,0.00826,39.564,4.004104294440176
2132.0,2.08147,2.16416,87.0258,4.199219,,5091.0,-0.67708,0.00846,40.5191,4.058282653283749
2133.0,2.07403,2.16477,87.0504,4.199219,,5092.0,-0.67708,0.00866,41.4644,3.9702272314631846
2134.0,2.06845,2.16538,87.0749,4.199529,,5093.0,-0.67708,0.00883,42.3032,3.9186594414152456
2135.0,2.06659,2.16599,87.0994,4.199219,,5094.0,-0.67708,0.00903,43.2584,3.980951903079242
2136.0,2.06287,2.1666,87.1238,4.199219,,5095.0,-0.67708,0.00923,44.211,3.913260875363627
2137.0,2.05357,2.16713,87.1452,4.199219,,5096.0,-0.67708,0.00944,45.186,3.958166764302971
2138.0,2.05357,2.16773,87.1696,4.199219,,5097.0,-0.67708,0.00961,46.0223,3.9848488585529327
2139.0,2.04799,2.16834,87.1939,4.199219,,5098.0,-0.67708,0.00981,46.9775,4.004264864272156
2140.0,2.04055,2.16894,87.2181,4.199219,,5100.0,-0.67708,0.01001,47.9326,3.9941875563737517
2141.0,2.04427,2.16954,87.2423,4.199219,,5101.0,-0.67708,0.01021,48.8877,4.017357218424206
2142.0,2.03869,2.17015,87.2667,4.199219,,5102.0,-0.67708,0.01041,49.8404,4.0810615536733295
2144.0,2.03311,2.17074,87.2906,4.199219,,5103.0,-0.67708,0.01061,50.7955,4.029606118857464
2145.0,2.03125,2.17127,87.3117,4.199529,,5104.0,-0.67708,0.01081,51.7507,3.894192116203022
2146.0,2.02567,2.17191,87.3375,4.199219,,5105.0,-0.67708,0.01099,52.6514,3.9872975444841336
2147.0,2.02567,2.17249,87.3608,4.199219,,5106.0,-0.67708,0.0112,53.6337,3.947681145935349
2148.0,2.02381,2.17301,87.3818,4.199219,,5107.0,-0.67708,0.0114,54.5889,3.9929921376833692
2149.0,2.01265,2.1736,87.4057,4.199219,,5108.0,-0.67708,0.0116,55.544,3.9522452267556787
2150.0,2.00893,2.1742,87.4295,4.199219,,5109.0,-0.67708,0.0118,56.4967,4.093597101641463
2151.0,2.00335,2.17479,87.4533,4.199529,,5110.0,-0.67708,0.012,57.4518,4.059728980817462
2152.0,2.00149,2.17538,87.477,4.199529,,5111.0,-0.67708,0.0122,58.4069,3.9535756174275343
2153.0,1.99963,2.17597,87.5007,4.199219,,5112.0,-0.67708,0.01238,59.3076,3.9881148150991947
2154.0,1.99777,2.17656,87.5243,4.199219,,5113.0,-0.67708,0.01258,60.2529,4.009176153810934
2155.0,1.98847,2.17714,87.5479,4.199219,,5114.0,-0.67708,0.01276,61.0917,4.001744843171858
2156.0,1.98847,2.17773,87.5715,4.199219,,5115.0,-0.67708,0.01296,62.0469,3.908521902210242
2157.0,1.98661,2.17831,87.595,4.199529,,5116.0,-0.67522,0.01316,62.9995,4.018431699832529
2158.0,1.98289,2.1789,87.6185,4.199219,,5117.0,-0.67708,0.01335,63.9547,4.001195744586013
2159.0,1.97545,2.17948,87.6418,4.199219,,5118.0,-0.67708,0.01355,64.9098,3.996435473613962
2160.0,1.97359,2.18,87.663,4.199219,,5119.0,-0.67708,0.01375,65.8649,3.9944891252282106
2161.0,1.96987,2.18061,87.6872,4.199219,,5120.0,-0.67708,0.01395,66.8102,4.002337741694554
2162.0,1.96429,2.18111,87.7076,4.199219,,5121.0,-0.67708,0.01413,67.649,4.025317613538902
2163.0,1.96057,2.18169,87.7309,4.199219,,5122.0,-0.67708,0.01433,68.6042,3.9617531165810074
2164.0,1.95685,2.18227,87.7541,4.199219,,5124.0,-0.67708,0.01452,69.5568,3.929307947626174
2165.0,1.95499,2.18285,87.7772,4.199529,,5125.0,-0.67708,0.01472,70.512,4.05862643546595
2166.0,1.94568,2.18335,87.7975,4.199219,,5126.0,-0.67708,0.01492,71.4671,4.064312658930984
2167.0,1.94568,2.18392,87.8206,4.199219,,5127.0,-0.67708,0.01512,72.4222,3.988453137391836
2168.0,1.93824,2.18449,87.8436,4.199219,,5128.0,-0.67708,0.01532,73.3774,4.025372807045525
2170.0,1.93638,2.18507,87.8666,4.199219,,5129.0,-0.67708,0.01552,74.3325,4.037436715019778
2171.0,1.93266,2.18564,87.8897,4.199219,,5130.0,-0.67708,0.01572,75.2852,4.0699388895467425
2172.0,1.92708,2.18614,87.9098,4.199219,,5131.0,-0.67708,0.01592,76.2304,3.975060315846397
2173.0,1.9308,2.18671,87.9326,4.199219,,5132.0,-0.67708,0.01612,77.1856,3.969833100374877
2174.0,1.92336,2.18729,87.9561,4.199529,,5133.0,-0.67708,0.01632,78.1407,4.0304975457981715
2175.0,1.91592,2.1878,87.9764,4.199219,,5133.0,-0.67708,0.01637,78.3832,4.0531577252504585
2176.0,1.91778,2.18834,87.9983,4.199219,,5133.0,-1.35231,0.01637,78.3832,4.08525037004078
2177.0,1.91592,2.18891,88.021,4.199219,,5134.0,-1.35231,0.01674,80.1821,3.955492522883822
2178.0,1.90662,2.18947,88.0437,4.199219,,5135.0,-1.35603,0.01715,82.1122,3.9694063781035505
2179.0,1.90662,2.19003,88.0662,4.199219,,5136.0,-1.35603,0.01755,84.0225,3.9173007592343416
2180.0,1.90476,2.19059,88.0888,4.199219,,5137.0,-1.35417,0.01794,85.9327,3.9220889437227555
2181.0,1.90104,2.19115,88.1113,4.199219,,5139.0,-1.35603,0.01834,87.8405,3.9824530317467453
2182.0,1.89732,2.19171,88.1338,4.199219,,5140.0,-1.35417,0.01874,89.7508,4.064915622696155
2183.0,1.88988,2.19227,88.1562,4.199219,,5141.0,-1.35417,0.01914,91.6611,4.029754854479256
2184.0,1.88988,2.19282,88.1785,4.199219,,5142.0,-1.35231,0.01954,93.5689,3.966253906094974
2185.0,1.88058,2.19341,88.2019,4.199219,,5143.0,-1.35045,0.01994,95.4767,3.931916528301544
2186.0,1.87872,2.19393,88.2232,4.199219,,5144.0,-1.35789,0.02034,97.387,4.0704362140939585
2187.0,1.875,2.19449,88.2454,4.199219,,5145.0,-1.35417,0.02073,99.2973,4.008732363038766
2188.0,1.875,2.19497,88.2649,4.199219,,5145.0,-1.35417,0.02088,100.0,3.8744799127117577
2189.0,1.86942,2.19552,88.287,4.199219,,5145.0,-1.35417,0.02088,100.0,3.995315636213103
2190.0,1.8657,2.19607,88.3091,4.199219,,,,,,
2191.0,1.86198,2.19655,88.3285,4.199219,,5145.0,0.6808,0.0,0.0,4.052056178420009
2192.0,1.85826,2.1971,88.3505,4.199219,,5147.0,0.6808,0.00025,16.6325,4.003484792686133
2193.0,1.85826,2.19766,88.3729,4.199219,,5148.0,0.6808,0.00044,28.8593,4.038955518987067
2194.0,1.85454,2.19815,88.3928,4.199219,,5149.0,0.6808,0.00064,42.1107,4.14233603325538
2195.0,1.8471,2.1987,88.4147,4.199219,,5150.0,0.67894,0.00084,55.362,4.082633851483635
2197.0,1.84896,2.19924,88.4366,4.199219,,5151.0,0.6808,0.00104,68.6134,4.05229357697306
2198.0,1.84338,2.19979,88.4585,4.199529,,5152.0,0.6808,0.00124,81.8648,3.9979011454014737
2199.0,1.84338,2.20033,88.4802,4.199219,,5153.0,0.6808,0.00144,95.1161,4.067206608654624
2200.0,1.8378,2.20087,88.502,4.199219,,5153.0,0.6808,0.00151,100.0,4.076960393719042
2201.0,1.83222,2.20141,88.5237,4.199219,,5153.0,0.0,0.00151,100.0,4.060192660204584
2202.0,1.82664,2.20195,88.5454,4.199219,,5154.0,0.0,0.00151,100.0,3.9655572731917275
2203.0,1.82664,2.20249,88.567,4.199219,,5155.0,0.0,0.00151,100.0,4.1024265900283385
2204.0,1.82292,2.20302,88.5886,4.199219,,5156.0,0.0,0.00151,100.0,4.058574811968373
2205.0,1.8192,2.20356,88.6104,4.199219,,5157.0,0.0,0.00151,100.0,4.005301514435046
2206.0,1.81362,2.2041,88.6319,4.199219,,5159.0,0.0,0.00151,100.0,4.0498498562939895
2207.0,1.81176,2.20463,88.6534,4.199529,,5160.0,0.0,0.00151,100.0,4.016009546093253
2208.0,1.8099,2.20518,88.6754,4.199219,,5161.0,0.0,0.00151,100.0,4.066423101636881
2209.0,1.80804,2.20566,88.6946,4.199219,,5162.0,0.0,0.00151,100.0,3.9768479626557154
2210.0,1.80246,2.20618,88.7158,4.199219,,5163.0,0.0,0.00151,100.0,4.0871325341495055
2211.0,1.80618,2.20674,88.7381,4.199219,,5164.0,0.0,0.00151,100.0,3.9941927706066074
2212.0,1.8006,2.20727,88.7594,4.199219,,5165.0,0.0,0.00151,100.0,4.061809742067849
2213.0,1.79315,2.2078,88.7806,4.199219,,5166.0,0.0,0.00151,100.0,4.036227886813012
2214.0,1.78943,2.20833,88.8018,4.199219,,5167.0,0.0,0.00151,100.0,3.9608232258213683
2215.0,1.78571,2.20885,88.8228,4.199219,,5168.0,0.0,0.00151,100.0,3.9892126233260985
2216.0,1.78571,2.20931,88.8413,4.199219,,5169.0,0.0,0.00151,100.0,3.9517475583956987
2218.0,1.78013,2.20983,88.8624,4.199219,,5169.0,0.0,0.00151,100.0,4.014261471734661
2219.0,1.77455,2.21036,88.8835,4.199219,,5169.0,0.0,0.00151,100.0,4.037655798165339
2220.0,1.77455,2.21088,88.9045,4.199529,,,,,,
2221.0,1.76897,2.2114,88.9255,4.199219,,5169.0,-0.67522,0.0,0.0,4.040967959119836
2222.0,1.77083,2.21192,88.9465,4.199529,,5171.0,-0.67708,0.00023,0.5655,4.021448980273695
2223.0,1.76525,2.21238,88.9649,4.198909,,5172.0,-0.67708,0.00042,1.023,3.987288684804285
2224.0,1.76153,2.21287,88.9848,4.199219,,5173.0,-0.67708,0.00062,1.4993,4.019941765280835
2225.0,1.76153,2.21339,89.0056,4.199219,,5174.0,-0.67708,0.00082,1.9844,4.02243148494258
2226.0,1.75595,2.21391,89.0264,4.199219,,5175.0,-0.67708,0.00101,2.4683,4.004002228378923
2227.0,1.74851,2.21443,89.0472,4.199219,,5176.0,-0.67708,0.00121,2.9534,3.959248389167062
2228.0,1.74665,2.21494,89.0679,4.199219,,5177.0,-0.67708,0.00141,3.4335,4.015444880048834
2229.0,1.74479,2.21546,89.0886,4.199219,,5178.0,-0.67708,0.00159,3.8595,4.075428522568063
2230.0,1.74293,2.21597,89.1092,4.199219,,5179.0,-0.67708,0.00178,4.3308,3.9515497281892635
2231.0,1.74293,2.21648,89.1296,4.199219,,5180.0,-0.67708,0.00198,4.8197,4.001494568608179
2232.0,1.73549,2.21696,89.1489,4.199219,,5181.0,-0.67708,0.00218,5.3048,3.9740702258733767
2233.0,1.73363,2.21747,89.1694,4.199219,,5182.0,-0.67708,0.00238,5.7848,4.017512301674204
2234.0,1.73177,2.21798,89.1899,4.199219,,5183.0,-0.67708,0.00258,6.27,4.000135832953665
2235.0,1.72619,2.21849,89.2106,4.199219,,5184.0,-0.67708,0.00275,6.696,3.9115652771841236
2236.0,1.72619,2.219,89.231,4.199219,,5185.0,-0.67708,0.00295,7.1811,4.044660906347701
2237.0,1.71875,2.21951,89.2514,4.199219,,5186.0,-0.67708,0.00315,7.6649,3.9660052438796396
2238.0,1.72247,2.22001,89.2716,4.199219,,5187.0,-0.67708,0.00335,8.1362,4.00921649904108
2239.0,1.71875,2.22045,89.2895,4.199529,,5188.0,-0.67708,0.00355,8.6301,3.953437627437604
2240.0,1.70759,2.22096,89.3097,4.199219,,5189.0,-0.67708,0.00375,9.1152,3.9658887418732713
2242.0,1.70945,2.22146,89.33,4.199219,,5190.0,-0.67708,0.00395,9.6004,3.9927034178871317
2243.0,1.70387,2.22197,89.3504,4.199219,,5191.0,-0.67708,0.00414,10.0804,4.024346644698157
2244.0,1.70759,2.22247,89.3706,4.199219,,5192.0,-0.67708,0.00434,10.5655,4.07033883213083
2245.0,1.70201,2.22297,89.3908,4.199219,,5193.0,-0.67708,0.00452,10.9903,4.049351045220515
2246.0,1.70015,2.22347,89.4109,4.199219,,5194.0,-0.67708,0.00472,11.4754,3.9834308252390342
2247.0,1.69457,2.22392,89.4291,4.199219,,5195.0,-0.67708,0.0049,11.9291,3.904439113986416
2248.0,1.69271,2.22443,89.4494,4.199219,,5196.0,-0.67708,0.0051,12.4042,3.9805062107499425
2249.0,1.69457,2.22493,89.4694,4.199219,,5198.0,-0.67708,0.0053,12.8893,3.9544581855909655
2250.0,1.68899,2.22542,89.4894,4.199219,,5199.0,-0.67708,0.0055,13.3744,3.9181361668421393
2251.0,1.68341,2.22592,89.5094,4.199219,,5200.0,-0.67708,0.0057,13.8595,4.0439067160256394
2252.0,1.68341,2.22642,89.5293,4.199219,,5201.0,-0.67708,0.0059,14.3446,3.9782555199634038
2253.0,1.67783,2.22691,89.549,4.199219,,5202.0,-0.67708,0.0061,14.8285,3.9259760132032078
2254.0,1.67411,2.22734,89.5664,4.199219,,5203.0,-0.67708,0.0063,15.3136,4.0254307186525375
2255.0,1.66853,2.22783,89.5862,4.199219,,5204.0,-0.67708,0.0065,15.7987,4.051550523024815
2256.0,1.67225,2.22832,89.606,4.199219,,5204.0,-0.67708,0.0066,16.0462,4.103508565077073
2257.0,1.66853,2.22882,89.6258,4.199529,,5204.0,-5.41109,0.0066,16.0462,3.8857021800424456
2258.0,1.66109,2.22931,89.6456,4.199219,,5205.0,-5.41109,0.00801,19.4797,3.8287055531210816
2259.0,1.66295,2.2298,89.6653,4.199219,,5206.0,-5.40923,0.00963,23.4272,3.9079012900596384
2260.0,1.66109,2.23029,89.6849,4.199529,,5207.0,-5.41295,0.01116,27.1547,3.7683206762571193
2261.0,1.65179,2.23077,89.7045,4.199219,,5208.0,-5.40737,0.01267,30.8081,3.850927882144934
2263.0,1.65737,2.23126,89.7241,4.199219,,5209.0,-5.40923,0.01406,34.2076,3.823917201781936
2264.0,1.65179,2.23175,89.7437,4.199219,,5210.0,-5.40737,0.01566,38.0809,3.71798138313315
2265.0,1.64993,2.23223,89.7632,4.199219,,5212.0,-5.40551,0.01725,41.953,3.756677631786917
2266.0,1.64993,2.23272,89.7827,4.199219,,5212.0,-5.40365,0.01865,45.35,3.8176525808872874
2267.0,1.64435,2.2332,89.8022,4.199219,,5212.0,-3.38542,0.01865,45.35,3.8834889968682615
2268.0,1.6369,2.23368,89.8216,4.199219,,5213.0,-3.37612,0.01962,47.724,3.796172891748222
2269.0,1.6369,2.23417,89.841,4.199219,,5214.0,-3.37984,0.02061,50.1232,3.883654963534579
2270.0,1.63504,2.23465,89.8604,4.199219,,5215.0,-3.37984,0.02155,52.4067,3.8461362342441046
2271.0,1.63132,2.23513,89.8798,4.199219,,5216.0,-3.37798,0.02244,54.5758,3.9440586205310777
2272.0,1.6276,2.23561,89.8991,4.199219,,5217.0,-3.37798,0.02343,56.9964,3.8026704247284466
2273.0,1.62574,2.23609,89.9184,4.199219,,5219.0,-3.37984,0.02443,59.4169,3.9138613740484343
2274.0,1.62388,2.23657,89.9374,4.199219,,5220.0,-3.3817,0.02534,61.6325,3.8456358930239176
2275.0,1.62202,2.23698,89.9543,4.199219,,5221.0,-3.37798,0.02634,64.0543,3.8311436471148967
2276.0,1.62388,2.23752,89.9757,4.199219,,5222.0,-3.38356,0.02733,66.4761,3.8453544975186507
2277.0,1.62016,2.23798,89.9943,4.199219,,5223.0,-3.37798,0.02833,68.8978,3.8282366589144083
2278.0,1.61272,2.23845,90.0134,4.199219,,5224.0,-3.37984,0.02932,71.3183,3.9629514789260103
2279.0,1.61458,2.23893,90.0325,4.199529,,5225.0,-3.37984,0.03032,73.7388,3.8877336147689103
2280.0,1.609,2.2394,90.0516,4.199219,,5226.0,-3.3817,0.03131,76.1594,3.8640898549650937
2281.0,1.609,2.23988,90.0706,4.199219,,5227.0,-3.3817,0.03234,78.649,3.8916882075582535
2283.0,1.60528,2.2403,90.0875,4.199219,,5228.0,-3.3817,0.03331,81.0243,3.876743845404413
2284.0,1.60714,2.24079,90.1074,4.199219,,5229.0,-3.37984,0.03419,83.1482,3.846978851319526
2285.0,1.5997,2.24126,90.1263,4.199219,,5230.0,-3.37984,0.03518,85.5674,3.8544973903222304
2286.0,1.60156,2.24173,90.145,4.199219,,5231.0,-3.37984,0.03615,87.9188,3.8960309742587365
2287.0,1.60342,2.24214,90.1616,4.199219,,5232.0,-3.38356,0.03713,90.318,3.8703417310180885
2288.0,1.5904,2.24261,90.1805,4.199219,,5233.0,-3.3817,0.03813,92.7385,3.8658084441475875
2289.0,1.58854,2.24308,90.1993,4.199529,,5234.0,-3.37984,0.03912,95.159,3.818869865598784
2290.0,1.58296,2.24355,90.2181,4.199529,,5235.0,-3.3817,0.04012,97.5807,3.8356983782502354
2291.0,1.58854,2.24403,90.2378,4.199219,,5236.0,-3.38356,0.04111,100.0,3.918683687986092
2292.0,1.58482,2.2445,90.2565,4.199219,,5236.0,-3.3817,0.04111,100.0,3.936283492127291
2293.0,1.57924,2.24497,90.2753,4.199219,,5236.0,-3.3817,0.04111,100.0,3.919591128239272
2294.0,1.57738,2.24543,90.2939,4.199219,,,,,,
2295.0,1.57738,2.24589,90.3126,4.199219,,5236.0,1.35045,0.0,0.0,3.910175560116593
2296.0,1.5718,2.24635,90.3308,4.199219,,5238.0,1.36161,0.00047,15.3664,4.06516106762699
2297.0,1.56808,2.24675,90.3472,4.199219,,5239.0,1.34673,0.00087,28.443,3.977393699998575
2298.0,1.56808,2.24721,90.3654,4.199219,,5240.0,1.35231,0.00125,41.1635,3.99680417306203
2299.0,1.56622,2.24767,90.3839,4.199219,,5241.0,1.35975,0.00165,54.2571,4.0499670294242724
2300.0,1.56064,2.24813,90.4025,4.199219,,5242.0,1.35417,0.00205,67.3507,4.044046314852638
2301.0,1.55692,2.24859,90.4209,4.199219,,5243.0,1.34673,0.00245,80.3596,4.0738442914289354
2302.0,1.54948,2.24905,90.4394,4.199219,,5244.0,1.35045,0.00285,93.4702,4.026800974058094
2303.0,1.54762,2.24951,90.4578,4.199219,,5244.0,1.34487,0.00305,100.0,4.011453200403254
2305.0,1.55134,2.24996,90.4762,4.199219,,5244.0,1.34487,0.00305,100.0,4.0130731511571796
2306.0,1.55134,2.25042,90.4946,4.199219,,,,,,
2307.0,1.55506,2.25088,90.5129,4.199219,,5244.0,-1.34859,0.0,0.0,3.960321720981034
2308.0,1.54576,2.25133,90.5312,4.199219,,5245.0,-1.35417,0.00036,2.9721,3.961808263261026
2309.0,1.54204,2.2518,90.5502,4.199529,,5246.0,-1.35417,0.00076,6.343,4.008276828395475
2310.0,1.54018,2.25221,90.5666,4.199219,,5247.0,-1.35045,0.00116,9.6539,4.0350717232611055
2311.0,1.53832,2.25266,90.5848,4.199219,,5249.0,-1.35231,0.00156,12.9605,4.013535669071212
2312.0,1.54204,2.25312,90.603,4.199219,,5250.0,-1.35417,0.00196,16.2714,3.9483221679474534
2313.0,1.53274,2.25357,90.6214,4.199219,,5251.0,-1.35045,0.00236,19.548,3.9083689137115556
2314.0,1.53274,2.25403,90.6395,4.199529,,5252.0,-1.35603,0.0027,22.4514,3.9772711832069625
2315.0,1.53646,2.25445,90.6565,4.199219,,5253.0,-1.35417,0.0031,25.7623,3.9283391108442856
2316.0,1.53088,2.2549,90.6746,4.199219,,5254.0,-1.35417,0.0035,29.0689,3.9173092744815188
2317.0,1.52344,2.25534,90.6923,4.199219,,5255.0,-1.35231,0.0039,32.3798,3.9699086193724002
2318.0,1.5253,2.25573,90.7082,4.199219,,5256.0,-1.35417,0.0043,35.6864,3.9851418590278413
2319.0,1.52716,2.25618,90.7262,4.199219,,5257.0,-1.35231,0.0047,38.9973,3.9403343924250236
2320.0,1.51972,2.25663,90.7442,4.199529,,5258.0,-1.35231,0.0051,42.3382,3.925615428931697
2321.0,1.516,2.25707,90.7621,4.199219,,5259.0,-1.35231,0.0055,45.6448,4.0399837128323846
2322.0,1.51414,2.25751,90.7799,4.199219,,5260.0,-1.35603,0.00589,48.9257,3.9319038707589082
2323.0,1.51042,2.25796,90.7976,4.199219,,5261.0,-1.35417,0.00624,51.8248,3.92747322015851
2324.0,1.50856,2.2584,90.8155,4.199529,,5262.0,-1.35603,0.00664,55.1357,3.8914904745220213
2325.0,1.50856,2.25885,90.8334,4.199219,,5263.0,-1.35231,0.00706,58.631,3.917914316775379
2326.0,1.5067,2.25924,90.8492,4.199219,,5264.0,-1.35045,0.00744,61.7232,3.944610202682821
2327.0,1.49926,2.2597,90.8677,4.199219,,5265.0,-1.35231,0.00783,65.0298,3.938783500894382
2328.0,1.50112,2.26014,90.8855,4.199219,,5266.0,-1.35231,0.00822,68.2506,3.908557693267688
2330.0,1.4974,2.26058,90.9032,4.199219,,5267.0,-1.35603,0.00862,71.5615,3.8346413457905664
2331.0,1.50112,2.26102,90.921,4.199219,,5268.0,-1.35417,0.00902,74.8681,3.9564714035403394
2332.0,1.49182,2.26146,90.9387,4.199219,,5270.0,-1.35603,0.00942,78.179,3.9885980176087865
2333.0,1.48996,2.26186,90.9547,4.199219,,5271.0,-1.35603,0.00982,81.4899,4.000964438928357
2334.0,1.48624,2.26232,90.973,4.199219,,5272.0,-1.35231,0.0102,84.6721,3.960791105113386
2335.0,1.4881,2.26276,90.9906,4.199219,,5273.0,-1.35417,0.0106,87.983,3.915801713621419
2336.0,1.48438,2.26319,91.0083,4.199219,,5274.0,-1.35603,0.011,91.2939,3.933160639523985
2337.0,1.48251,2.26363,91.0258,4.199219,,5275.0,-1.35231,0.0114,94.6348,3.947333071749817
2338.0,1.48438,2.26407,91.0434,4.199219,,5276.0,-1.35045,0.0118,97.9114,3.8845376875192277
2339.0,1.47507,2.2645,91.0609,4.199219,,5276.0,-1.35789,0.01205,100.0,3.8834482428153234
2340.0,1.47879,2.26493,91.0782,4.199219,,5276.0,-1.35789,0.01205,100.0,3.9352163973002745
2341.0,1.47135,2.26537,91.0957,4.199219,,,,,,
2342.0,1.47507,2.26575,91.111,4.198909,,5276.0,2.70461,0.0,0.0,4.017337778373967
2343.0,1.47321,2.26618,91.1284,4.199219,,5277.0,2.70833,0.00074,12.3133,4.072437919141367
2344.0,1.46763,2.26662,91.1459,4.199219,,5279.0,2.70647,0.00153,25.6368,4.110577201166569
2345.0,1.46577,2.26705,91.1633,4.199219,,5280.0,2.70461,0.00233,38.9517,4.109938196367832
2346.0,1.46577,2.26748,91.1806,4.199529,,5281.0,2.70833,0.00313,52.2666,4.069557361955315
2347.0,1.47135,2.26791,91.198,4.199219,,5282.0,2.70647,0.00392,65.5902,4.026279119431637
2348.0,1.46391,2.26834,91.2153,4.199219,,5283.0,2.70461,0.00475,79.3973,4.017979694001856
2349.0,1.46019,2.26877,91.2326,4.199219,,5284.0,2.70647,0.00549,91.7106,4.118059141229905
2351.0,1.45275,2.2692,91.2498,4.199529,,5284.0,2.70833,0.00598,100.0,4.038093464141504
2352.0,1.44903,2.26963,91.2671,4.199219,,5284.0,0.0,0.00598,100.0,3.9722149703137606
2353.0,1.45461,2.27006,91.2843,4.199219,,5286.0,0.0,0.00598,100.0,4.037793413609758
2354.0,1.44717,2.27043,91.2994,4.199529,,5287.0,0.0,0.00598,100.0,3.8819991015152397
2355.0,1.45089,2.27084,91.3159,4.199219,,5288.0,0.0,0.00598,100.0,4.052022988007848
2356.0,1.45275,2.27128,91.3335,4.199219,,5289.0,0.0,0.00598,100.0,4.100732283269724
2357.0,1.44345,2.2717,91.3505,4.199219,,5290.0,0.0,0.00598,100.0,3.9595079962109505
2358.0,1.43973,2.27208,91.3655,4.199219,,5291.0,0.0,0.00598,100.0,3.9617386956343834
2359.0,1.43973,2.2725,91.3826,4.199529,,5292.0,0.0,0.00598,100.0,4.009721101753635
2360.0,1.43601,2.27293,91.3996,4.199219,,5293.0,0.0,0.00598,100.0,3.984260082208438
2361.0,1.43415,2.27335,91.4166,4.199219,,5294.0,0.0,0.00598,100.0,3.933682827618068
2362.0,1.43415,2.27372,91.4315,4.199219,,5295.0,0.0,0.00598,100.0,4.01523953449676
2363.0,1.42857,2.27413,91.4482,4.199219,,5296.0,0.0,0.00598,100.0,3.9502618214855842
2364.0,1.43043,2.27456,91.4651,4.199219,,5297.0,0.0,0.00598,100.0,4.072870489140219
2365.0,1.42857,2.27498,91.4821,4.199529,,5298.0,0.0,0.00598,100.0,3.974871855274553
2366.0,1.42485,2.2754,91.499,4.199219,,5299.0,0.0,0.00598,100.0,4.0342639203206705
2367.0,1.42485,2.27582,91.5159,4.199219,,5300.0,0.0,0.00598,100.0,3.9682135156303104
2368.0,1.42113,2.2762,91.5313,4.199219,,5301.0,0.0,0.00598,100.0,4.058928410573015
2369.0,1.42113,2.27662,91.5481,4.199219,,5302.0,0.0,0.00598,100.0,4.0789780588089695
2370.0,1.41927,2.27703,91.5648,4.199219,,5303.0,0.0,0.00598,100.0,4.010483265500876
2371.0,1.42299,2.2774,91.5795,4.199219,,5304.0,0.0,0.00598,100.0,4.090329200031745
2372.0,1.41741,2.27782,91.5963,4.199219,,5305.0,0.0,0.00598,100.0,4.032117570984882
2373.0,1.40997,2.27824,91.6131,4.199529,,5307.0,0.0,0.00598,100.0,4.0146844271389375
2374.0,1.40625,2.27865,91.6298,4.199219,,5308.0,0.0,0.00598,100.0,3.9348285080868832
2375.0,1.41183,2.27906,91.6464,4.199219,,5309.0,0.0,0.00598,100.0,4.098752538177809
2376.0,1.40997,2.27945,91.6618,4.199219,,5310.0,0.0,0.00598,100.0,4.008087730901459
2377.0,1.40811,2.27986,91.6784,4.199219,,5311.0,0.0,0.00598,100.0,3.9676090832530635
2378.0,1.40439,2.28027,91.695,4.199219,,5312.0,0.0,0.00598,100.0,4.021394047320114
2379.0,1.40253,2.28069,91.7116,4.199219,,5313.0,0.0,0.00598,100.0,4.030248093747723
2381.0,1.39695,2.2811,91.7282,4.199529,,5314.0,0.0,0.00598,100.0,4.056089517840996
2382.0,1.39695,2.28151,91.7448,4.199219,,5315.0,0.0,0.00598,100.0,3.9747942211181324
2383.0,1.39323,2.28192,91.7613,4.199529,,5316.0,0.0,0.00598,100.0,3.9996942660027996
2384.0,1.39323,2.28233,91.7778,4.199219,,5317.0,0.0,0.00598,100.0,3.9624754883767275
2385.0,1.39137,2.28274,91.7943,4.199219,,5318.0,0.0,0.00598,100.0,3.9762261821129674
2386.0,1.38765,2.2831,91.8088,4.199529,,5319.0,0.0,0.00598,100.0,3.9944524727290407
2387.0,1.38579,2.28351,91.8253,4.199219,,5320.0,0.0,0.00598,100.0,4.033564500829796
2388.0,1.38579,2.28392,91.8417,4.199219,,5321.0,0.0,0.00598,100.0,4.025983381524091
2389.0,1.38579,2.28433,91.8581,4.199219,,5322.0,0.0,0.00598,100.0,4.00116470455227
2390.0,1.38207,2.28474,91.8745,4.199219,,5323.0,0.0,0.00598,100.0,3.9001214867534917
2391.0,1.38393,2.28514,91.8908,4.199219,,5324.0,0.0,0.00598,100.0,4.035742615950941
2392.0,1.38021,2.28555,91.9072,4.199219,,5324.0,0.0,0.00598,100.0,3.8992258539290243
2393.0,1.37463,2.28595,91.9235,4.199219,,5325.0,0.0,0.00598,100.0,3.966791336165878
2394.0,1.38579,2.28636,91.9398,4.199219,,5326.0,0.0,0.00598,100.0,4.069154985919271
2395.0,1.37277,2.28676,91.9561,4.199219,,5327.0,0.0,0.00598,100.0,4.044380328723853
2396.0,1.37091,2.28717,91.9723,4.199219,,5328.0,0.0,0.00598,100.0,4.0319561401188295
2397.0,1.37091,2.28757,91.9886,4.199529,,5329.0,0.0,0.00598,100.0,3.9542636272645595
2398.0,1.37091,2.28798,92.0048,4.199219,,5330.0,0.0,0.00598,100.0,4.06257360299656
2400.0,1.37091,2.28839,92.0216,4.199219,,5331.0,0.0,0.00598,100.0,3.9361645992628014
2401.0,1.36347,2.28879,92.0376,4.199219,,5332.0,0.0,0.00598,100.0,3.998500916845552
2402.0,1.36719,2.2892,92.0538,4.199529,,5333.0,0.0,0.00598,100.0,3.9882822449936883
2403.0,1.36347,2.2896,92.07,4.199219,,5334.0,0.0,0.00598,100.0,3.9564406209375145
2404.0,1.35417,2.29,92.0861,4.199219,,5335.0,0.0,0.00598,100.0,4.050421057241541
2405.0,1.35603,2.2904,92.1021,4.199219,,5336.0,0.0,0.00598,100.0,4.025911843818947
2406.0,1.35603,2.2908,92.1182,4.199219,,5337.0,0.0,0.00598,100.0,4.065136831433183
2407.0,1.35417,2.29119,92.1342,4.199219,,5338.0,0.0,0.00598,100.0,4.028382844763987
2408.0,1.35417,2.29157,92.1495,4.199219,,5339.0,0.0,0.00598,100.0,4.040474686553379
2409.0,1.34673,2.29196,92.165,4.199219,,5340.0,0.0,0.00598,100.0,3.941028820809376
2410.0,1.35231,2.29236,92.181,4.199219,,5341.0,0.0,0.00598,100.0,4.072192358568279
2411.0,1.34487,2.29275,92.1968,4.199219,,5341.0,0.0,0.00598,100.0,4.054189605557099
2412.0,1.35789,2.2931,92.2108,4.199219,,,,,,
2413.0,1.34115,2.2935,92.2268,4.199529,,5341.0,-0.67522,0.0,0.0,4.023957450516485
2414.0,1.34673,2.29389,92.2426,4.199529,,5342.0,-0.67522,0.0002,1.995,3.9322163890604402
2415.0,1.34115,2.29429,92.2585,4.199219,,5343.0,-0.67708,0.00037,3.779,4.045588100033333
2416.0,1.33929,2.29468,92.2744,4.199219,,5344.0,-0.67708,0.00057,5.8162,4.036788581308031
2417.0,1.32999,2.29507,92.2902,4.199529,,5345.0,-0.67708,0.00077,7.8324,4.013260064926174
2418.0,1.33557,2.29544,92.3051,4.199529,,5346.0,-0.67708,0.00097,9.8696,4.048686219057011
2419.0,1.35045,2.29582,92.3202,4.199529,,5347.0,-0.67708,0.00116,11.8858,3.8768439200797813
2420.0,1.32068,2.29621,92.336,4.199219,,5348.0,-0.67708,0.00137,13.9969,3.9853035463692685
2421.0,1.32813,2.2966,92.3518,4.199529,,5349.0,-0.67708,0.00157,16.0342,3.9154428609340117
2422.0,1.33185,2.297,92.3675,4.199529,,5350.0,-0.67708,0.00177,18.0345,4.010688650964402
2424.0,1.33743,2.29739,92.3833,4.199219,,5351.0,-0.67708,0.00196,20.0296,4.089457405986798
2425.0,1.31882,2.29778,92.399,4.199219,,5352.0,-0.67708,0.00216,22.0457,3.8855152595826907
2426.0,1.32813,2.29817,92.4147,4.199219,,5353.0,-0.67708,0.00233,23.8349,3.9229599582250705
2427.0,1.32626,2.29854,92.4298,4.199529,,5354.0,-0.67708,0.00253,25.8299,4.025942671950727
2428.0,1.31138,2.29892,92.4449,4.199219,,5355.0,-0.67708,0.00272,27.7722,4.059404287768462
2429.0,1.32813,2.29926,92.4586,4.199219,,5356.0,-0.67708,0.00292,29.7884,4.009405339589575
2430.0,1.32813,2.29965,92.4742,4.199529,,5357.0,-0.67708,0.00312,31.8256,3.9808553380133187
2431.0,1.32254,2.30004,92.4898,4.199219,,5358.0,-0.67708,0.00332,33.8629,3.983231073743307
2432.0,1.31696,2.30043,92.5054,4.199219,,5359.0,-0.67708,0.00351,35.9001,4.00809449333188
2433.0,1.3058,2.30081,92.521,4.199219,,5360.0,-0.67708,0.00371,37.9374,3.993526863076742
2434.0,1.30394,2.3012,92.5364,4.199219,,5361.0,-0.67708,0.00391,39.9694,3.9796130481549503
2435.0,1.30952,2.30158,92.5519,4.199219,,5362.0,-0.67708,0.00411,42.0067,4.006699311994232
2436.0,1.31696,2.30197,92.5674,4.199529,,5364.0,-0.67708,0.00431,44.0439,4.061960158961697
2437.0,1.31696,2.30235,92.5829,4.199529,,5365.0,-0.67708,0.00451,46.0812,3.8809010406637925
2438.0,1.30952,2.30274,92.5983,4.199219,,5366.0,-0.67708,0.00471,48.1184,3.8685263840665267
2439.0,1.29464,2.30317,92.6158,4.199219,,5367.0,-0.67708,0.00491,50.1557,4.021597660230291
2440.0,1.30208,2.30355,92.6312,4.199219,,5368.0,-0.67708,0.00511,52.1507,3.9364065588490096
2441.0,1.30022,2.30389,92.6447,4.199219,,5369.0,-0.67708,0.00525,53.6708,4.008504877333447
2443.0,1.2965,2.30427,92.6601,4.199219,,5369.0,-1.35231,0.00525,53.6708,3.9401005304408874
2444.0,1.3058,2.30466,92.6756,4.199219,,5370.0,-1.35417,0.00563,57.5395,3.924977563478301
2445.0,1.29464,2.30504,92.6909,4.199219,,5371.0,-1.35417,0.00605,61.8093,3.9687537330524356
2446.0,1.29464,2.30542,92.7063,4.199529,,5372.0,-1.35603,0.00645,65.8838,3.962807530892238
2447.0,1.30022,2.30579,92.7212,4.199219,,5373.0,-1.35231,0.00685,69.953,4.003689556903327
2448.0,1.29464,2.30613,92.7349,4.199529,,5374.0,-1.35603,0.00725,74.0275,3.98607888664346
2449.0,1.2872,2.30653,92.751,4.199219,,5375.0,-1.35231,0.0076,77.6007,3.944254444231726
2450.0,1.27604,2.30691,92.7661,4.199839,,5376.0,-1.35231,0.008,81.6699,3.9629236160481924
2451.0,1.28348,2.30724,92.7794,4.198909,,5377.0,-1.35417,0.00839,85.7445,3.9719165343404397
2452.0,1.28906,2.30762,92.7946,4.199529,,5378.0,-1.35603,0.00879,89.8137,3.8999381302707796
2453.0,1.29092,2.308,92.8098,4.199219,,5379.0,-1.35603,0.00919,93.8935,3.935009735996578
2454.0,1.27976,2.30837,92.825,4.199529,,5380.0,-1.35603,0.00959,97.9627,3.9455416564749353
2455.0,1.28348,2.30873,92.8393,4.199219,,5381.0,-1.35231,0.00979,100.0,3.9252613010041473
2456.0,1.27232,2.30913,92.8553,4.199219,,5381.0,-1.35231,0.00979,100.0,3.9228063324043467
2457.0,1.28162,2.3095,92.8704,4.199529,,,,,,
2458.0,1.2779,2.30988,92.8855,4.199219,,5381.0,0.67894,0.0,0.0,4.0382871078862275
2459.0,1.27232,2.31022,92.8991,4.199219,,5382.0,0.67894,0.00023,14.8525,4.005060833246633
2460.0,1.27232,2.3106,92.9146,4.199529,,5383.0,0.67894,0.00043,27.9756,4.063321050923068
2461.0,1.25744,2.31097,92.9296,4.199219,,5384.0,0.67894,0.00063,41.0987,3.982947501820758
2462.0,1.2686,2.31135,92.9446,4.199219,,5385.0,0.67894,0.00082,54.0861,4.059461049679192
2463.0,1.26488,2.31172,92.9596,4.199219,,5386.0,0.67708,0.001,65.5816,4.069491232128106
2464.0,1.26116,2.31209,92.9746,4.199219,,5387.0,0.67894,0.0012,78.7046,3.9801535909619736
2465.0,1.27046,2.31247,92.9897,4.199529,,5388.0,0.67708,0.0014,91.8277,3.980574260211788
2467.0,1.26302,2.31285,93.0052,4.199219,,5389.0,0.67708,0.00152,100.0,4.020132013373419
2468.0,1.26674,2.31319,93.0187,4.199219,,5389.0,0.0,0.00152,100.0,3.977036390418831
2469.0,1.25372,2.31356,93.0336,4.199529,,5390.0,0.0,0.00152,100.0,3.979201302166504
2470.0,1.26488,2.31393,93.0485,4.199219,,5391.0,0.0,0.00152,100.0,4.060752769913575
2471.0,1.2593,2.31431,93.0636,4.199219,,5392.0,0.0,0.00152,100.0,4.090030395725938
2472.0,1.25,2.31468,93.0785,4.199529,,5393.0,0.0,0.00152,100.0,3.939991591895006
2473.0,1.26116,2.31505,93.0934,4.199529,,5394.0,0.0,0.00152,100.0,3.942947422848918
2474.0,1.25558,2.31541,93.1082,4.199529,,5395.0,0.0,0.00152,100.0,4.011373041887004
2475.0,1.25558,2.31578,93.123,4.199529,,5396.0,0.0,0.00152,100.0,4.088562072788943
2476.0,1.26302,2.31615,93.1378,4.199219,,5397.0,0.0,0.00152,100.0,4.017678145240675
2477.0,1.24814,2.31648,93.1512,4.198909,,5398.0,0.0,0.00152,100.0,4.011423660655765
2478.0,1.24814,2.31684,93.1656,4.198909,,5399.0,0.0,0.00152,100.0,4.124865000414036
2479.0,1.23884,2.31721,93.1804,4.199219,,5400.0,0.0,0.00152,100.0,4.0399155236875215
2480.0,1.24256,2.31758,93.1951,4.199219,,5401.0,0.0,0.00152,100.0,4.096102265126196
2481.0,1.23326,2.31794,93.2098,4.199219,,5402.0,0.0,0.00152,100.0,4.061112416187259
2482.0,1.24442,2.31833,93.2255,4.199219,,5403.0,0.0,0.00152,100.0,3.958986904825111
2483.0,1.24442,2.31868,93.2393,4.199219,,5404.0,0.0,0.00152,100.0,4.028693177858707
2484.0,1.23884,2.31904,93.254,4.199219,,5405.0,0.0,0.00152,100.0,4.027307757970737
2485.0,1.23884,2.31941,93.2687,4.199529,,5405.0,0.0,0.00152,100.0,4.013673882651968
2487.0,1.23698,2.31974,93.2821,4.199219,,,,,,
2488.0,1.22954,2.3201,93.2965,4.199219,,5405.0,-0.67522,0.0,0.0,3.979444534292077
2489.0,1.22768,2.32046,93.3111,4.199219,,5406.0,-0.67708,0.00021,0.9878,3.981744006025606
2490.0,1.23326,2.32082,93.3257,4.199529,,5407.0,-0.67708,0.00038,1.8271,3.9659169159218886
2491.0,1.22582,2.32119,93.3403,4.199219,,5408.0,-0.67708,0.00058,2.7729,3.9609606533423
2492.0,1.21838,2.32155,93.3548,4.199219,,5409.0,-0.67708,0.00078,3.7286,3.946656388215704
2493.0,1.2221,2.32191,93.3694,4.199219,,5410.0,-0.67708,0.00098,4.6842,4.0101643709482
2494.0,1.22024,2.32227,93.3839,4.199529,,5411.0,-0.67708,0.00115,5.521,3.9682895584603335
2495.0,1.21466,2.32263,93.3983,4.199219,,5412.0,-0.67708,0.00135,6.4767,3.9121667900443664
2496.0,1.22768,2.32299,93.4128,4.198909,,5413.0,-0.67708,0.00155,7.4323,3.9223261045173397
2497.0,1.20722,2.32335,93.4273,4.199219,,5414.0,-0.67708,0.00175,8.388,4.009996874550876
2498.0,1.22396,2.32371,93.4417,4.199219,,5415.0,-0.67708,0.00195,9.3239,4.003675171935318
2499.0,1.22024,2.32407,93.4561,4.199219,,5416.0,-0.67708,0.00215,10.3167,4.011654367491255
2500.0,1.21094,2.32443,93.4706,4.199219,,5417.0,-0.67708,0.00233,11.1535,4.033045442923245
2501.0,1.21466,2.32478,93.4849,4.199219,,5418.0,-0.67708,0.00253,12.1091,3.9714152165922663
2502.0,1.21652,2.32514,93.4993,4.199219,,5419.0,-0.67708,0.00273,13.0648,3.962078732892368
2503.0,1.21094,2.32552,93.5143,4.199529,,5420.0,-0.67708,0.00293,14.0204,4.025720877424238
2504.0,1.22024,2.32587,93.5286,4.199219,,5421.0,-0.67708,0.00313,15.0207,3.9489486381261587
2506.0,1.20722,2.32623,93.5429,4.199219,,5422.0,-0.67708,0.00332,15.9219,3.950141395749747
2507.0,1.20536,2.32658,93.5572,4.199529,,5423.0,-0.67708,0.00352,16.8775,3.978784476404465
2508.0,1.20164,2.32694,93.5715,4.198909,,5424.0,-0.67708,0.00372,17.8307,3.9357417844034357
2509.0,1.19978,2.32729,93.5857,4.199219,,5425.0,-0.67708,0.00392,18.7789,4.013383310492076
2510.0,1.20536,2.32764,93.5998,4.199219,,5426.0,-0.67708,0.00409,19.6158,4.0663171409672385
2511.0,1.19792,2.32795,93.6123,4.199219,,5428.0,-0.67708,0.00429,20.5714,3.927792689132626
2512.0,1.20164,2.32831,93.6265,4.199219,,5429.0,-0.67708,0.00449,21.5271,3.953069326776907
2513.0,1.19048,2.32866,93.6408,4.199529,,5430.0,-0.67708,0.00469,22.4827,4.051438583106595
2514.0,1.19234,2.32901,93.6549,4.199219,,5431.0,-0.67708,0.00488,23.3839,3.9777299472487577
2515.0,1.1942,2.32936,93.6691,4.199219,,5432.0,-0.67708,0.00509,24.3916,4.007765096680265
2516.0,1.1942,2.32972,93.6832,4.199219,,5433.0,-0.67708,0.00529,25.3472,3.91644543158501
2517.0,1.19048,2.33007,93.6974,4.199219,,5434.0,-0.67708,0.00549,26.2856,4.006569058588113
2518.0,1.18676,2.33042,93.7115,4.199219,,5435.0,-0.67708,0.00567,27.1496,3.936088493440102
2519.0,1.18676,2.33078,93.726,4.199529,,5436.0,-0.67708,0.00586,28.0954,4.008188091274165
2520.0,1.19234,2.33109,93.7385,4.199219,,5437.0,-0.67708,0.00606,29.051,4.037694085204711
2521.0,1.18304,2.33144,93.7525,4.199529,,5438.0,-0.67708,0.00626,30.0067,3.9193630292204427
2522.0,1.18304,2.33179,93.7666,4.199219,,5439.0,-0.67708,0.00646,30.9623,3.910457318853079
2523.0,1.19234,2.33214,93.7805,4.199219,,5440.0,-0.67708,0.00666,31.918,3.914953757368359
2524.0,1.18304,2.33248,93.7946,4.199219,,5441.0,-0.67708,0.00686,32.8737,3.9339265452746983
2526.0,1.17932,2.33283,93.8085,4.199219,,5442.0,-0.67708,0.00706,33.8268,4.047300299830431
2527.0,1.16815,2.33318,93.8225,4.199219,,5443.0,-0.67708,0.00726,34.7751,3.940611522947037
2528.0,1.18304,2.33353,93.8365,4.199219,,5444.0,-0.67708,0.00743,35.6119,4.037488518379734
2529.0,1.17932,2.33387,93.8505,4.199219,,5445.0,-0.67708,0.00763,36.5676,3.967661197433878
2530.0,1.17932,2.33422,93.8644,4.199219,,5446.0,-0.67708,0.00782,37.4786,4.040141339683956
2531.0,1.17374,2.33457,93.8783,4.199529,,5447.0,-0.67708,0.00802,38.4244,3.9442039348639617
2532.0,1.18676,2.3349,93.8917,4.199219,,5448.0,-0.67708,0.00822,39.3801,3.9989120200165624
2533.0,1.15885,2.33526,93.9061,4.199529,,5449.0,-0.67708,0.00842,40.3332,3.9737818736401427
2534.0,1.17188,2.3356,93.9199,4.199529,,5451.0,-0.67708,0.00862,41.2889,3.9453855246637577
2535.0,1.16629,2.3359,93.9321,4.199219,,5452.0,-0.67708,0.00882,42.2446,3.912438297701676
2536.0,1.17001,2.33625,93.9459,4.199219,,5453.0,-0.67708,0.00902,43.2002,3.9690065633922664
2537.0,1.17746,2.33659,93.9597,4.199529,,5454.0,-0.67708,0.00922,44.1559,3.9139942579304825
2538.0,1.16815,2.33693,93.9734,4.199219,,5455.0,-0.67708,0.0094,45.0472,3.9841175176704815
2539.0,1.16257,2.33723,93.9855,4.199219,,5456.0,-0.67708,0.0096,46.0028,3.877342012135826
2540.0,1.15513,2.33757,93.9992,4.199219,,5457.0,-0.67708,0.0098,46.9585,3.934323237947005
2541.0,1.16257,2.33791,94.0129,4.199219,,5458.0,-0.67708,0.01,47.9141,3.890941112961329
2542.0,1.15699,2.33826,94.0267,4.199219,,5459.0,-0.67708,0.0102,48.8673,3.9150053808221963
2543.0,1.15699,2.3386,94.0404,4.199529,,5460.0,-0.67708,0.0104,49.823,3.9877227076494304
2544.0,1.15513,2.33893,94.0536,4.199529,,5461.0,-0.67708,0.0106,50.7786,4.024771486987947
2545.0,1.15513,2.33927,94.0672,4.199529,,5462.0,-0.67708,0.01078,51.6625,4.016549364456285
2546.0,1.15885,2.33961,94.0809,4.199219,,5463.0,-0.67708,0.01099,52.6429,3.997141269760403
2547.0,1.15699,2.33995,94.0946,4.199529,,5464.0,-0.67708,0.01116,53.4822,4.0148327317753845
2548.0,1.14955,2.34029,94.1083,4.199219,,5465.0,-0.67708,0.01136,54.4379,3.9526255943520825
2550.0,1.15141,2.34062,94.1219,4.199219,,5466.0,-0.67708,0.01156,55.3935,3.9278151432512116
2551.0,1.15327,2.34096,94.1356,4.199219,,5467.0,-0.67708,0.01176,56.3492,4.035923154907665
2552.0,1.14955,2.34129,94.1485,4.199219,,5468.0,-0.67708,0.01196,57.3024,4.003898587091345
2553.0,1.14583,2.34158,94.1604,4.199219,,5469.0,-0.67708,0.01218,58.3397,4.067796342821383
2554.0,1.14025,2.34192,94.174,4.199219,,5470.0,-0.67708,0.01236,59.2038,3.9013866994287687
2555.0,1.14583,2.34226,94.1875,4.199219,,5471.0,-0.67708,0.01256,60.204,4.034967425134572
2556.0,1.13467,2.34259,94.201,4.199219,,5472.0,-0.67708,0.01274,61.0433,3.955490410463672
2557.0,1.14397,2.34293,94.2145,4.199219,,5474.0,-0.67708,0.01294,61.999,3.935731731849935
2558.0,1.14025,2.34326,94.228,4.199219,,5475.0,-0.67708,0.01314,62.9546,3.9034178102714545
2559.0,1.13467,2.3436,94.2416,4.199219,,5476.0,-0.67708,0.01334,63.9078,3.9386999605592994
2560.0,1.14211,2.34393,94.2549,4.199219,,5477.0,-0.67708,0.01354,64.8635,4.024430892405998
2561.0,1.13839,2.34423,94.2667,4.199529,,5478.0,-0.67708,0.01373,65.8117,3.9869729458385152
2562.0,1.13839,2.34456,94.2802,4.199529,,5479.0,-0.67708,0.01391,66.6485,4.058023102947757
2563.0,1.13467,2.3449,94.2936,4.199219,,5480.0,-0.67708,0.01411,67.6042,3.958905486723964
2564.0,1.13281,2.34523,94.3071,4.199219,,5481.0,-0.67708,0.01431,68.5598,3.8972848690143094
2565.0,1.12537,2.34556,94.3205,4.199219,,5482.0,-0.67708,0.01451,69.5155,4.017210783142866
2566.0,1.13467,2.3459,94.3339,4.199219,,5483.0,-0.67708,0.01471,70.4786,4.050861144979541
2567.0,1.12537,2.34622,94.347,4.199219,,5484.0,-0.67708,0.01491,71.4342,3.9518081925120376
2568.0,1.13281,2.34657,94.361,4.198909,,5485.0,-0.67708,0.01511,72.3899,3.9111265599925367
2569.0,1.12723,2.34689,94.3738,4.199219,,5486.0,-0.67708,0.01531,73.3456,3.9637860566851364
2570.0,1.11979,2.34719,94.3861,4.199529,,5487.0,-0.67708,0.0155,74.2913,3.990818525614362
2571.0,1.12537,2.34753,94.3994,4.199219,,5488.0,-0.67708,0.01568,75.1281,3.8877967732973375
2573.0,1.12537,2.34786,94.4127,4.199219,,5489.0,-0.67708,0.01588,76.0838,3.9529786202865704
2574.0,1.12351,2.34819,94.426,4.199219,,5490.0,-0.67708,0.01608,77.0394,3.9194092822725652
2575.0,1.12165,2.34852,94.4392,4.199529,,5491.0,-0.67708,0.01628,77.9951,4.006720479960066
2576.0,1.12165,2.34881,94.4509,4.199219,,5492.0,-0.67708,0.01638,78.4729,3.912739649814736
2577.0,1.11421,2.34914,94.4641,4.199219,,5492.0,-1.35045,0.01638,78.4729,3.9183616982610094
2578.0,1.11979,2.34946,94.4774,4.199219,,5493.0,-1.35231,0.01679,80.4362,3.859840327903998
2579.0,1.11049,2.34979,94.4906,4.199219,,5494.0,-1.35231,0.01719,82.3475,3.9753672375199476
2580.0,1.10863,2.35012,94.5038,4.199219,,5495.0,-1.35603,0.01758,84.2589,3.95684309804154
2581.0,1.11793,2.35045,94.517,4.199219,,5496.0,-1.35603,0.01798,86.1702,3.8912141225001693
2582.0,1.11049,2.35077,94.5297,4.199219,,5497.0,-1.35231,0.01838,88.0815,3.8300017146181005
2583.0,1.11049,2.35108,94.5423,4.199529,,5498.0,-1.35417,0.01878,89.9928,3.92268406888892
2584.0,1.11049,2.3514,94.5554,4.199219,,5499.0,-1.35417,0.01918,91.8868,3.819755841867598
2585.0,1.10491,2.35173,94.5685,4.199219,,5500.0,-1.35603,0.01958,93.7956,3.9335460686344206
2586.0,1.10863,2.35206,94.5816,4.199219,,5501.0,-1.35603,0.01997,95.707,3.942168291490481
2587.0,1.10863,2.35238,94.5947,4.199219,,5502.0,-1.35231,0.02037,97.6183,3.8890864024828122
2588.0,1.10305,2.35271,94.6079,4.199219,,5503.0,-1.35603,0.02077,99.5147,3.9855489449962236
2589.0,1.11049,2.35303,94.6209,4.199529,,5504.0,-1.35417,0.02087,100.0,3.973354332690082
2590.0,1.10119,2.35336,94.6341,4.199219,,5504.0,-1.35417,0.02087,100.0,3.894128117805015
2591.0,1.10305,2.35365,94.6455,4.199219,,,,,,
2592.0,1.09933,2.35397,94.6586,4.199219,,5504.0,0.6808,0.0,0.0,4.037852806474964
2593.0,1.10305,2.35429,94.6716,4.199529,,5505.0,0.67894,0.00019,12.5676,3.9863656352381702
2594.0,1.10119,2.35462,94.6846,4.199529,,5506.0,0.67894,0.00039,25.777,4.025328070811814
2596.0,1.09189,2.35494,94.6975,4.199219,,5507.0,0.67894,0.00057,37.2297,3.9883996832420228
2597.0,1.09561,2.35526,94.7105,4.199219,,5508.0,0.67894,0.00077,50.3041,3.9869216447122335
2598.0,1.09747,2.35558,94.7235,4.199529,,5509.0,0.67894,0.00097,63.3784,3.963270402364746
2599.0,1.09561,2.35591,94.7364,4.199529,,5510.0,0.67894,0.00118,77.1959,3.9643461039965597
2600.0,1.09189,2.35623,94.7493,4.199219,,5511.0,0.67894,0.00138,90.2703,3.994640776193817
2601.0,1.09189,2.35655,94.7623,4.199219,,5512.0,0.67894,0.00153,100.0,3.9142596300751964
2602.0,1.09003,2.35687,94.7752,4.199219,,5512.0,0.0,0.00153,100.0,3.875844301859804
2603.0,1.08445,2.35719,94.7881,4.199219,,5513.0,0.0,0.00153,100.0,4.044863590404709
2604.0,1.08259,2.35751,94.8009,4.199219,,5514.0,0.0,0.00153,100.0,3.96707380668905
2605.0,1.08259,2.35784,94.814,4.199219,,5515.0,0.0,0.00153,100.0,3.989416957694382
2606.0,1.08817,2.35812,94.8253,4.199529,,5516.0,0.0,0.00153,100.0,3.9179564194913334
2607.0,1.08631,2.35844,94.8384,4.199529,,5517.0,0.0,0.00153,100.0,4.067217227961395
2608.0,1.08445,2.35872,94.8496,4.199219,,5518.0,0.0,0.00153,100.0,4.060374822449483
2609.0,1.08073,2.35904,94.8624,4.199219,,5519.0,0.0,0.00153,100.0,4.005038812428857
2610.0,1.08445,2.35936,94.8752,4.199219,,5520.0,0.0,0.00153,100.0,3.991987423877103
2611.0,1.07515,2.35967,94.8879,4.199219,,5521.0,0.0,0.00153,100.0,3.9816116385192832
2612.0,1.07701,2.35999,94.9006,4.199219,,5522.0,0.0,0.00153,100.0,4.013345871911101
2613.0,1.07329,2.36031,94.9135,4.199529,,5523.0,0.0,0.00153,100.0,3.990858618806513
2614.0,1.07701,2.36063,94.9262,4.199219,,5524.0,0.0,0.00153,100.0,3.973989403776185
2615.0,1.06957,2.36094,94.9389,4.199219,,5525.0,0.0,0.00153,100.0,3.990569226987416
2616.0,1.06585,2.36126,94.9515,4.199219,,5526.0,0.0,0.00153,100.0,4.011481562894155
2617.0,1.06585,2.36153,94.9627,4.199219,,5527.0,0.0,0.00153,100.0,4.020753834915465
2618.0,1.06771,2.36185,94.9754,4.199219,,5528.0,0.0,0.00153,100.0,4.017886717894121
2619.0,1.06771,2.36216,94.9881,4.199219,,5528.0,0.0,0.00153,100.0,4.029237698879551
2621.0,1.07143,2.36248,95.0007,4.199219,,,,,,
2622.0,1.06213,2.36279,95.0134,4.199219,,5528.0,-0.67336,0.0,0.0,3.9414675011650098
2623.0,1.06027,2.36311,95.0259,4.199219,,5529.0,-0.67522,0.00021,0.5116,3.9725562085395945
2624.0,1.06027,2.36342,95.0386,4.199219,,5530.0,-0.67708,0.00041,0.9955,3.9897283342654415
2625.0,1.06027,2.36373,95.0512,4.199219,,5531.0,-0.67708,0.0006,1.458,3.9648553738013037
2626.0,1.06027,2.36401,95.0622,4.199219,,5532.0,-0.67708,0.0008,1.9382,3.9889166814477
2627.0,1.06399,2.36432,95.0748,4.199219,,5533.0,-0.67708,0.00097,2.3643,3.9371382198297438
2628.0,1.06399,2.36463,95.0873,4.199219,,5534.0,-0.67708,0.00117,2.8482,4.013500440628986
2629.0,1.05655,2.36494,95.0999,4.199219,,5535.0,-0.67708,0.00137,3.3333,3.925040829327448
2630.0,1.05655,2.36526,95.1124,4.199219,,5536.0,-0.67708,0.00157,3.8185,3.999541228232695
2631.0,1.05283,2.36557,95.1249,4.199219,,5537.0,-0.67708,0.00177,4.2986,4.003644514847983
2632.0,1.05841,2.36588,95.1374,4.199529,,5538.0,-0.67708,0.00197,4.7888,3.867834093928996
2633.0,1.05283,2.36619,95.1499,4.199219,,5539.0,-0.67708,0.00216,5.2464,3.8825549320163657
2634.0,1.04911,2.3665,95.1623,4.199219,,5540.0,-0.67708,0.00236,5.7315,3.9956459563360296
2635.0,1.05283,2.36678,95.1735,4.199219,,5541.0,-0.67708,0.00256,6.2167,4.010225297963352
2636.0,1.04911,2.36707,95.1854,4.199219,,5542.0,-0.67708,0.00275,6.6968,3.8879236598189815
2637.0,1.04725,2.36738,95.1978,4.199219,,5543.0,-0.67708,0.00295,7.182,3.956720842076623
2638.0,1.04911,2.36769,95.2102,4.199219,,5544.0,-0.67708,0.00315,7.6659,3.7940685577316517
2639.0,1.04725,2.368,95.2227,4.199219,,5545.0,-0.67708,0.00335,8.1373,3.9743315506824297
2640.0,1.04539,2.36831,95.2351,4.199219,,5547.0,-0.67708,0.00353,8.591,4.044451237521467
2641.0,1.03981,2.36861,95.2474,4.199219,,5548.0,-0.67708,0.00373,9.0762,3.936703619318126
2642.0,1.04167,2.36888,95.2582,4.199529,,5549.0,-0.67708,0.00393,9.5601,3.9348682899993617
2643.0,1.04353,2.36919,95.2706,4.199219,,5550.0,-0.67708,0.00413,10.0452,3.896140757388894
2644.0,1.04167,2.3695,95.2829,4.199219,,5551.0,-0.67708,0.00433,10.5304,4.037101375559944
2646.0,1.03981,2.3698,95.2952,4.199219,,5552.0,-0.67708,0.00453,11.0156,3.9322813838721604
2647.0,1.04353,2.37011,95.3075,4.199219,,5553.0,-0.67708,0.00473,11.5008,3.8828547306224968
2648.0,1.03795,2.37041,95.3198,4.199219,,5554.0,-0.67708,0.00492,11.9671,3.863869497365243
2649.0,1.03609,2.37069,95.3311,4.199219,,5555.0,-0.67708,0.00511,12.4296,3.9311326734466014
2650.0,1.03795,2.37098,95.3426,4.199219,,5556.0,-0.67708,0.00531,12.9135,3.886645100528826
2651.0,1.03423,2.37129,95.3549,4.199219,,5557.0,-0.67708,0.00551,13.3987,3.976475390975752
2652.0,1.03237,2.37159,95.3672,4.199529,,5558.0,-0.67708,0.00571,13.8839,4.035088677519718
2653.0,1.02865,2.3719,95.3794,4.199219,,5559.0,-0.67708,0.00591,14.369,4.050547664932694
2654.0,1.03051,2.3722,95.3916,4.199219,,5560.0,-0.67708,0.00611,14.8542,3.994035487922543
2655.0,1.03237,2.37251,95.4043,4.199219,,5561.0,-0.67708,0.00631,15.3394,3.9021393057445066
2656.0,1.03423,2.37278,95.415,4.199219,,5562.0,-0.67708,0.00651,15.8245,3.875357128783893
2657.0,1.02493,2.37309,95.4274,4.199219,,5563.0,-0.67708,0.0066,16.0659,3.9782892560475744
2658.0,1.02493,2.37339,95.4395,4.199219,,5563.0,-5.40923,0.0066,16.0659,3.8361235190351737
2659.0,1.02307,2.37369,95.4516,4.199219,,5564.0,-5.40551,0.00811,19.7197,3.825429683850145
2660.0,1.02493,2.37399,95.4635,4.199219,,5565.0,-5.40551,0.0097,23.5935,3.7641975622007253
2661.0,1.02493,2.37429,95.4756,4.199219,,5566.0,-5.41109,0.0112,27.2486,3.7563910851716336
2662.0,1.02307,2.37459,95.4877,4.199529,,5567.0,-5.40923,0.01267,30.8308,3.8813007604823992
2663.0,1.02307,2.37489,95.4998,4.199219,,5568.0,-5.40551,0.01428,34.7398,3.782970739938549
2664.0,1.01935,2.37519,95.5119,4.199219,,5569.0,-5.40923,0.01596,38.8336,3.858662296425719
2665.0,1.02307,2.37549,95.524,4.199219,,5570.0,-5.41109,0.01756,42.7074,3.8128755402753374
2666.0,1.02121,2.37579,95.5359,4.199219,,5571.0,-5.41109,0.01855,45.1194,3.8118583314477603
2667.0,1.01749,2.37607,95.5473,4.199219,,5571.0,-3.37612,0.01855,45.1194,3.7808403686303627
2668.0,1.0119,2.37633,95.5579,4.199219,,5572.0,-3.37798,0.01957,47.6094,3.865717971644671
2670.0,1.01376,2.37663,95.5699,4.199219,,5573.0,-3.37984,0.02057,50.0302,3.8390743372721534
2671.0,1.01004,2.37693,95.5819,4.199219,,5574.0,-3.3817,0.02151,52.314,3.8450485061567385
2672.0,1.00818,2.37723,95.5939,4.199219,,5575.0,-3.3817,0.02242,54.5299,3.8387188660680422
2673.0,1.01004,2.37754,95.6064,4.199219,,5576.0,-3.37798,0.02341,56.9495,3.8922975810114435
2674.0,1.00446,2.37782,95.6177,4.199219,,5577.0,-3.37984,0.02455,59.7122,3.8438558307753503
2675.0,1.01004,2.37812,95.6298,4.199219,,5578.0,-3.3817,0.02545,61.9055,3.9273363246357325
2676.0,1.00632,2.3784,95.6411,4.199219,,5579.0,-3.3817,0.02643,64.3024,3.85157174807848
2677.0,1.00632,2.3787,95.653,4.199219,,5580.0,-3.38356,0.02743,66.7245,3.9173863507421096
2678.0,1.0026,2.379,95.6649,4.199219,,5581.0,-3.38356,0.02843,69.1466,3.895145917859068
2679.0,1.00446,2.37929,95.6768,4.199219,,5582.0,-3.37984,0.02942,71.5661,3.8669909934799467
2680.0,1.00446,2.37959,95.6887,4.199219,,5583.0,-3.37984,0.03042,73.9869,3.814494678874755
2681.0,1.00446,2.37989,95.7008,4.199219,,5585.0,-3.37798,0.03141,76.409,3.9065599980895436
2682.0,1.00074,2.38015,95.7113,4.199219,,5586.0,-3.37984,0.03241,78.8512,3.864841549646134
2683.0,1.00074,2.38045,95.7232,4.199219,,5587.0,-3.37798,0.03338,81.2029,3.8068352190980703
2684.0,0.99516,2.38074,95.735,4.199219,,5588.0,-3.37984,0.03438,83.6237,3.921497282992248
2685.0,1.00074,2.38103,95.7468,4.199219,,5589.0,-3.37984,0.03537,86.0445,3.880784832928638
2686.0,0.99888,2.38133,95.7586,4.199219,,5590.0,-3.3817,0.03634,88.3974,3.8454324416591703
2687.0,0.9933,2.38162,95.7704,4.199219,,5591.0,-3.37984,0.03737,90.91,3.8633377416261228
2688.0,0.9933,2.38191,95.7822,4.199219,,5592.0,-3.3817,0.03825,93.0342,3.8546137373176195
2690.0,0.99144,2.38221,95.794,4.199219,,5593.0,-3.3817,0.03924,95.4537,3.8428203941072008
2691.0,0.99702,2.38253,95.807,4.199219,,5594.0,-3.37984,0.04024,97.8758,3.799425530825309
2692.0,0.98214,2.3828,95.818,4.199219,,5595.0,-3.3817,0.04111,100.0,3.8131574511679127
2693.0,0.98958,2.38309,95.8297,4.199219,,5595.0,-3.3817,0.04111,100.0,3.8557192300383996
2694.0,0.98958,2.38339,95.8415,4.199219,,,,,,
2695.0,0.98958,2.38368,95.8533,4.199219,,5595.0,1.37463,0.0,0.0,4.102252094439965
2696.0,0.984,2.38397,95.865,4.199219,,5596.0,1.35045,0.00043,14.3616,4.0271718647578325
2697.0,0.98772,2.38426,95.8767,4.199219,,5597.0,1.35417,0.00078,25.9811,3.9439089309666384
2698.0,0.98772,2.38455,95.8884,4.199219,,5598.0,1.35603,0.00117,38.6975,4.010453439323412
2699.0,0.98028,2.38484,95.9,4.199219,,5599.0,1.35417,0.00157,51.928,4.026782129248039
2700.0,0.98586,2.38513,95.9117,4.199219,,5600.0,1.35045,0.00192,63.5647,3.999687114962846
2701.0,0.984,2.38542,95.9233,4.199529,,5601.0,1.35231,0.00232,76.8123,3.995681102290717
2702.0,0.98028,2.38571,95.9349,4.199529,,5602.0,1.35789,0.00271,90.0257,3.9636514941051493
2703.0,0.98028,2.386,95.9465,4.199219,,5603.0,1.34859,0.00301,100.0,3.9913737417112705
2704.0,0.98214,2.38629,95.9581,4.199219,,5603.0,1.34859,0.00301,100.0,4.06321269856601
2705.0,0.97656,2.38658,95.9697,4.199219,,,,,,
2706.0,0.97284,2.38685,95.9806,4.199219,,5603.0,-1.35231,0.0,0.0,3.8983621447719963
2707.0,0.97656,2.38712,95.9916,4.199219,,5604.0,-1.35417,0.00041,3.3657,3.828527706120967
2708.0,0.96726,2.38737,96.0017,4.199219,,5605.0,-1.35045,0.00076,6.2647,3.868856713928334
2709.0,0.97656,2.38766,96.0133,4.199219,,5606.0,-1.35603,0.00115,9.5705,3.9151151365078585
2711.0,0.97284,2.38795,96.0248,4.199219,,5607.0,-1.35231,0.00155,12.8763,3.842280541602174
2712.0,0.96726,2.38823,96.0364,4.199219,,5608.0,-1.35603,0.00195,16.1778,3.818201657227504
2713.0,0.97098,2.38852,96.0479,4.199219,,5609.0,-1.35231,0.00235,19.4793,3.997689546122361
2714.0,0.96726,2.38879,96.0586,4.199219,,5610.0,-1.35231,0.00275,22.7808,3.8352058978393737
2715.0,0.96354,2.38907,96.0701,4.199219,,5611.0,-1.35603,0.00314,26.0523,3.8885613690834577
2716.0,0.96726,2.38936,96.0815,4.199219,,5612.0,-1.35417,0.00349,28.9513,3.9073423764516875
2717.0,0.96912,2.38964,96.093,4.199219,,5613.0,-1.35231,0.00389,32.2571,3.8619180265964768
2718.0,0.96354,2.38993,96.1044,4.199529,,5614.0,-1.35231,0.00429,35.5629,3.878038760879584
2719.0,0.9654,2.39021,96.1157,4.199219,,5615.0,-1.35603,0.00469,38.8644,3.874763434458839
2720.0,0.9654,2.39049,96.1271,4.199219,,5616.0,-1.35231,0.00509,42.1702,3.927307496619069
2721.0,0.9561,2.39074,96.1373,4.199219,,5617.0,-1.35603,0.00549,45.476,3.9003060923194672
2722.0,0.96354,2.39104,96.1492,4.199219,,5619.0,-1.35231,0.00589,48.7817,3.924295845896421
2723.0,0.9561,2.39132,96.1604,4.199219,,5620.0,-1.35417,0.00629,52.0875,4.0053680276356305
2724.0,0.96354,2.39157,96.1704,4.199219,,5621.0,-1.35417,0.00668,55.389,3.9483192887951133
2725.0,0.95796,2.39185,96.1818,4.199219,,5622.0,-1.35045,0.0071,58.8789,3.891911990250483
2726.0,0.9561,2.39214,96.1936,4.199219,,5623.0,-1.35231,0.00748,61.9963,3.9394983594840975
2727.0,0.96354,2.39239,96.2037,4.199219,,5624.0,-1.35417,0.00788,65.3021,3.9656404666357323
2728.0,0.95424,2.39268,96.215,4.199219,,5625.0,-1.35603,0.00828,68.6036,3.9268446157710577
2729.0,0.95052,2.39296,96.2263,4.199219,,5626.0,-1.35603,0.00868,71.9051,3.9203682004314517
2730.0,0.95052,2.39324,96.2377,4.199219,,5627.0,-1.35789,0.00908,75.2152,3.974857396330453
2731.0,0.9468,2.39352,96.2489,4.199219,,5628.0,-1.35231,0.00947,78.5167,3.9018137706493303
2732.0,0.9468,2.3938,96.2602,4.199219,,5629.0,-1.35603,0.00987,81.8182,3.9411536951432677
2733.0,0.94866,2.39404,96.2701,4.199219,,5630.0,-1.35417,0.01026,85.0298,3.875247912728961
2734.0,0.95424,2.39432,96.281,4.199219,,5631.0,-1.35603,0.01062,88.0229,3.970832031746554
2735.0,0.94494,2.3946,96.2922,4.199219,,5632.0,-1.35603,0.01102,91.2988,3.8069662652856375
2737.0,0.95052,2.39487,96.3034,4.199219,,5633.0,-1.35603,0.01142,94.6088,3.9761005536828926
2738.0,0.94494,2.39515,96.3146,4.199219,,5634.0,-1.35045,0.01181,97.9103,3.828872020240009
2739.0,0.95052,2.39543,96.3258,4.199219,,5635.0,-1.35417,0.01207,100.0,3.9238728027721583
2740.0,0.94494,2.39571,96.337,4.199219,,5635.0,-1.35417,0.01207,100.0,3.944976528602672
2741.0,0.94122,2.39599,96.3482,4.199219,,,,,,
2742.0,0.9468,2.39626,96.3593,4.199219,,5635.0,2.70647,0.0,0.0,3.9847705109567677
2743.0,0.93936,2.39651,96.3691,4.199219,,5636.0,2.70833,0.00077,12.8061,3.9997113050063495
2744.0,0.93936,2.39678,96.3802,4.199219,,5637.0,2.70461,0.00156,26.1038,4.035341252899658
2745.0,0.94122,2.39706,96.3913,4.198909,,5638.0,2.70647,0.00236,39.4015,3.9838926805077826
2746.0,0.9375,2.39734,96.4024,4.199219,,5639.0,2.70833,0.00316,52.6992,3.995479833077166
2747.0,0.93564,2.39761,96.4135,4.199219,,5640.0,2.70647,0.00395,65.8762,3.9466359702260054
2748.0,0.93192,2.39789,96.4246,4.199219,,5641.0,2.70275,0.0048,80.0535,4.021324118416333
2749.0,0.93006,2.39815,96.4353,4.199219,,5642.0,2.70461,0.0055,91.7213,4.163523208812931
2750.0,0.93006,2.39842,96.4462,4.199529,,5643.0,2.70647,0.00599,100.0,3.9725330318240943
2751.0,0.9282,2.3987,96.4572,4.199219,,5643.0,0.0,0.00599,100.0,4.048057005509841
2752.0,0.93006,2.39897,96.4682,4.199219,,5644.0,0.0,0.00599,100.0,3.9997303985065114
2753.0,0.9282,2.39925,96.4793,4.199219,,5645.0,0.0,0.00599,100.0,3.941550148902392
2754.0,0.93192,2.39952,96.4903,4.199219,,5646.0,0.0,0.00599,100.0,3.9608591156831894
2755.0,0.93192,2.39979,96.5012,4.199529,,5647.0,0.0,0.00599,100.0,3.995469461981346
2756.0,0.9282,2.40003,96.5108,4.199529,,5648.0,0.0,0.00599,100.0,3.9394996694074047
2757.0,0.92448,2.40031,96.5218,4.199529,,5649.0,0.0,0.00599,100.0,4.0154199996402635
2758.0,0.93192,2.40058,96.533,4.199529,,5650.0,0.0,0.00599,100.0,4.03996692325376
2759.0,0.92448,2.40082,96.5426,4.199219,,5651.0,0.0,0.00599,100.0,4.002622812185393
2760.0,0.92076,2.40109,96.5535,4.199219,,5652.0,0.0,0.00599,100.0,3.9962809051122186
2761.0,0.91704,2.40137,96.5647,4.199219,,5653.0,0.0,0.00599,100.0,3.9987871298554034
2763.0,0.9189,2.40164,96.5756,4.199219,,5654.0,0.0,0.00599,100.0,3.953431275288954
2764.0,0.92448,2.40191,96.5865,4.199219,,5655.0,0.0,0.00599,100.0,3.8882473452224127
2765.0,0.9189,2.40218,96.5974,4.199219,,5656.0,0.0,0.00599,100.0,3.993178677300448
2766.0,0.91704,2.40249,96.6098,4.199219,,5658.0,0.0,0.00599,100.0,3.938092734736436
2767.0,0.92076,2.40275,96.62,4.199219,,5659.0,0.0,0.00599,100.0,3.9463887440279652
2768.0,0.91146,2.40302,96.6309,4.199219,,5660.0,0.0,0.00599,100.0,3.9165009392866876
2769.0,0.91332,2.40329,96.6417,4.199219,,5661.0,0.0,0.00599,100.0,3.9832995158719267
2770.0,0.91704,2.40356,96.6526,4.199529,,5662.0,0.0,0.00599,100.0,4.0635009024065925
2771.0,0.90774,2.40383,96.6634,4.199219,,5663.0,0.0,0.00599,100.0,3.891412011272513
2772.0,0.91518,2.40406,96.6729,4.199219,,5664.0,0.0,0.00599,100.0,3.9992394092106562
2773.0,0.9096,2.40433,96.6837,4.199219,,5665.0,0.0,0.00599,100.0,3.9628861493008336
2774.0,0.9096,2.4046,96.6945,4.199219,,5666.0,0.0,0.00599,100.0,3.945384011447246
2775.0,0.91518,2.40487,96.7054,4.199219,,5667.0,0.0,0.00599,100.0,3.8519038051366667
2776.0,0.91146,2.40513,96.7159,4.199219,,5668.0,0.0,0.00599,100.0,3.8906405423282258
2777.0,0.90774,2.4054,96.7267,4.199219,,5669.0,0.0,0.00599,100.0,3.9141123198596732
2778.0,0.90774,2.40566,96.7373,4.199219,,5670.0,0.0,0.00599,100.0,4.009026402832613
2779.0,0.90216,2.40593,96.748,4.199219,,5671.0,0.0,0.00599,100.0,4.01613951657685
2781.0,0.90588,2.4062,96.7587,4.199219,,5672.0,0.0,0.00599,100.0,3.9940067313344665
2782.0,0.90402,2.40643,96.7681,4.199219,,5673.0,0.0,0.00599,100.0,3.9271360510941693
2783.0,0.89844,2.4067,96.7788,4.199219,,5674.0,0.0,0.00599,100.0,4.021363547953539
2784.0,0.90216,2.40696,96.7895,4.199219,,5675.0,0.0,0.00599,100.0,3.9518038674700087
2785.0,0.9003,2.40719,96.7988,4.199219,,5676.0,0.0,0.00599,100.0,3.9361148939739325
2786.0,0.89658,2.40746,96.8095,4.199219,,5677.0,0.0,0.00599,100.0,3.9128705824128356
2787.0,0.89658,2.40772,96.8201,4.199219,,5678.0,0.0,0.00599,100.0,3.9526149354754647
2788.0,0.89472,2.40799,96.8307,4.199219,,5679.0,0.0,0.00599,100.0,3.9408884580743773
2789.0,0.89286,2.40825,96.8413,4.199219,,5680.0,0.0,0.00599,100.0,4.021435531961604
2790.0,0.89472,2.40852,96.852,4.199219,,5681.0,0.0,0.00599,100.0,3.9282058870564542
2791.0,0.89472,2.40877,96.8621,4.199219,,5682.0,0.0,0.00599,100.0,3.9095531440077367
2792.0,0.89472,2.40903,96.8727,4.199219,,5683.0,0.0,0.00599,100.0,4.017989582791785
2793.0,0.89286,2.40929,96.8832,4.199219,,5685.0,0.0,0.00599,100.0,4.001131052876317
2794.0,0.89286,2.40956,96.8938,4.199219,,5686.0,0.0,0.00599,100.0,3.930689688926507
2795.0,0.89286,2.40982,96.9044,4.199219,,5687.0,0.0,0.00599,100.0,3.999862484268364
2796.0,0.891,2.41008,96.9149,4.199219,,5688.0,0.0,0.00599,100.0,3.932541177281888
2797.0,0.88914,2.41034,96.9255,4.199219,,5689.0,0.0,0.00599,100.0,4.011196978198123
2798.0,0.88914,2.4106,96.9356,4.199219,,5690.0,0.0,0.00599,100.0,3.9724197238365084
2799.0,0.88542,2.41083,96.9449,4.199219,,5691.0,0.0,0.00599,100.0,4.025139445893022
2800.0,0.88542,2.41109,96.9554,4.199219,,5692.0,0.0,0.00599,100.0,4.004845408035858
2801.0,0.88356,2.41135,96.9659,4.199219,,5693.0,0.0,0.00599,100.0,3.939177133309904
2802.0,0.88542,2.41161,96.9764,4.199219,,5694.0,0.0,0.00599,100.0,3.9304191777645183
2803.0,0.88356,2.41187,96.9867,4.199219,,5695.0,0.0,0.00599,100.0,4.002443765581172
2804.0,0.8817,2.41213,96.9971,4.199219,,5696.0,0.0,0.00599,100.0,3.9100818131393615
2805.0,0.8817,2.41238,97.0076,4.199219,,5697.0,0.0,0.00599,100.0,4.008741308003449
2806.0,0.87984,2.41263,97.0174,4.199219,,5698.0,0.0,0.00599,100.0,4.012139729557711
2807.0,0.87984,2.41286,97.0267,4.199219,,5698.0,0.0,0.00599,100.0,4.0519144531013165
2809.0,0.87984,2.41312,97.0371,4.199219,,,,,,
2810.0,0.87798,2.41338,97.0475,4.199219,,5698.0,-0.67336,0.0,0.0,3.9743045934017287
2811.0,0.87798,2.41364,97.0579,4.199219,,5699.0,-0.67522,0.0002,1.992,3.909119922058312
2812.0,0.87612,2.4139,97.0683,4.199219,,5700.0,-0.67708,0.00039,4.0209,3.907541064470074
2813.0,0.8724,2.41415,97.0787,4.199219,,5701.0,-0.67708,0.00059,6.055,3.9301904312545433
2814.0,0.87426,2.41441,97.089,4.199219,,5702.0,-0.67708,0.00079,8.0892,3.9046836752299487
2815.0,0.8724,2.41467,97.0993,4.199219,,5703.0,-0.67708,0.00099,10.118,3.8997263820819787
2816.0,0.8724,2.41492,97.1094,4.199219,,5704.0,-0.67708,0.00118,12.0204,3.955545032280333
2817.0,0.87054,2.41516,97.1192,4.199219,,5705.0,-0.67708,0.00137,13.9545,3.997700684172332
2818.0,0.87054,2.41539,97.1283,4.199219,,5706.0,-0.67708,0.00157,15.9886,3.9434786940512256
2819.0,0.86868,2.41564,97.1386,4.199219,,5707.0,-0.67708,0.00177,18.0228,3.9382301717412687
2820.0,0.86682,2.4159,97.1488,4.199219,,5708.0,-0.67708,0.00196,20.0358,3.9739026177504897
2821.0,0.86682,2.41615,97.1591,4.199219,,5709.0,-0.67708,0.00214,21.8223,4.010727852549969
2822.0,0.86496,2.41641,97.1694,4.199219,,5710.0,-0.67708,0.00234,23.8564,3.977935333672261
2823.0,0.86496,2.41666,97.1796,4.199219,,5712.0,-0.67708,0.00254,25.8853,4.074687852886876
2824.0,0.8631,2.41691,97.1895,4.199219,,5713.0,-0.67708,0.00274,27.9406,3.9314781361726987
2825.0,0.8631,2.41714,97.1987,4.199219,,5714.0,-0.67708,0.00293,29.8798,3.902481605625655
2826.0,0.8631,2.41739,97.2089,4.199219,,5715.0,-0.67708,0.00312,31.8508,3.9497857868981607
2827.0,0.86124,2.41765,97.2191,4.199219,,5716.0,-0.67708,0.00332,33.8849,3.9873860603432907
2828.0,0.85938,2.4179,97.2293,4.199219,,5717.0,-0.67708,0.00352,35.9191,3.927290894322276
2829.0,0.85938,2.41815,97.2395,4.199219,,5718.0,-0.67708,0.00372,37.9532,3.988915400404224
2830.0,0.85751,2.41841,97.2497,4.199219,,5719.0,-0.67708,0.00392,39.9663,3.9712480575698574
2831.0,0.85751,2.41866,97.2598,4.199219,,5720.0,-0.67708,0.00409,41.7527,3.9784939538607036
2833.0,0.85751,2.41891,97.27,4.199219,,5721.0,-0.67708,0.00429,43.7869,3.9712153892695707
2834.0,0.85565,2.41916,97.28,4.199219,,5722.0,-0.67708,0.00449,45.8158,3.9822916096606513
2835.0,0.85565,2.41938,97.2889,4.199219,,5723.0,-0.67708,0.00469,47.8499,3.923731094471999
2836.0,0.85379,2.41963,97.299,4.199219,,5724.0,-0.67708,0.00489,49.8841,3.917961796125458
2837.0,0.85193,2.41988,97.3091,4.199219,,5725.0,-0.67708,0.0051,51.992,3.9359116542129144
2838.0,0.85193,2.42014,97.3192,4.199219,,5726.0,-0.67708,0.00527,53.7785,4.002720561765651
2839.0,0.85193,2.42039,97.3296,4.199219,,5726.0,-1.34859,0.00527,53.7785,4.0199895051812335
2840.0,0.85007,2.42068,97.341,4.199219,,5727.0,-1.35417,0.00563,57.4621,3.9682098310977154
2841.0,0.84821,2.42091,97.3504,4.199219,,5728.0,-1.35417,0.00603,61.5251,3.955502098188593
2842.0,0.84821,2.42116,97.3604,4.199219,,5729.0,-1.35231,0.00643,65.5881,3.951358666348316
2843.0,0.84449,2.42141,97.3704,4.199219,,5730.0,-1.35789,0.00683,69.6511,3.9448775504172207
2844.0,0.84449,2.42166,97.3804,4.199219,,5731.0,-1.35603,0.00723,73.7194,3.945670777810132
2845.0,0.84449,2.42191,97.3905,4.199219,,5732.0,-1.35975,0.00763,77.7825,3.9137971540092824
2846.0,0.84449,2.42216,97.4005,4.199219,,5733.0,-1.35417,0.00803,81.8508,3.982812409435987
2847.0,0.84449,2.42241,97.4106,4.199219,,5734.0,-1.35231,0.00842,85.9138,3.911839469090407
2848.0,0.84077,2.42265,97.4205,4.199219,,5735.0,-1.35231,0.00882,89.9821,3.899734691677216
2849.0,0.84077,2.4229,97.4305,4.199219,,5736.0,-1.35417,0.00921,93.8976,4.018668437937034
2850.0,0.83891,2.42315,97.4405,4.199219,,5738.0,-1.35789,0.00961,97.9659,3.8140781053401165
2852.0,0.83891,2.4234,97.4504,4.199219,,5738.0,-1.35231,0.0098,100.0,3.85402370512693
2853.0,0.83891,2.42364,97.4603,4.199219,,5738.0,-1.35231,0.0098,100.0,3.916602285215863
2854.0,0.83705,2.42389,97.4703,4.199219,,,,,,
2855.0,0.83705,2.42414,97.4802,4.199219,,5738.0,0.67894,0.0,0.0,3.8727069215855545
2856.0,0.83519,2.42438,97.4901,4.199219,,5739.0,0.67894,0.00022,14.5139,4.004950293998533
2857.0,0.83333,2.42463,97.4999,4.199219,,5740.0,0.67894,0.0004,26.0707,3.89722016905355
2858.0,0.83333,2.42485,97.5086,4.199219,,5741.0,0.67894,0.0006,39.191,4.063550389728176
2859.0,0.83333,2.42509,97.5185,4.199219,,5742.0,0.67894,0.0008,52.3453,4.041658233973396
2860.0,0.83333,2.42534,97.5283,4.199219,,5743.0,0.67894,0.001,65.4997,4.002496138434107
2861.0,0.82961,2.42559,97.5386,4.199219,,5744.0,0.67894,0.0012,78.654,4.0991356619717365
2862.0,0.83147,2.42583,97.5481,4.199219,,5745.0,0.67894,0.0014,91.8083,4.002388159469041
2863.0,0.82961,2.42607,97.5579,4.199219,,5746.0,0.67894,0.00152,100.0,3.991051792921213
2864.0,0.82775,2.42632,97.5678,4.199219,,5746.0,0.0,0.00152,100.0,3.9176047373532357
2865.0,0.82775,2.42656,97.5776,4.199219,,5747.0,0.0,0.00152,100.0,3.9822462329817965
2866.0,0.82589,2.4268,97.5873,4.199219,,5748.0,0.0,0.00152,100.0,3.9739621966011933
2867.0,0.82589,2.42702,97.596,4.199219,,5749.0,0.0,0.00152,100.0,4.030610875575691
2868.0,0.82403,2.42726,97.6057,4.199219,,5750.0,0.0,0.00152,100.0,3.982163095205411
2869.0,0.82403,2.4275,97.6155,4.199219,,5751.0,0.0,0.00152,100.0,4.023359460554147
2870.0,0.82217,2.42775,97.6252,4.199219,,5752.0,0.0,0.00152,100.0,4.025203125755079
2871.0,0.82217,2.42799,97.6349,4.199219,,5753.0,0.0,0.00152,100.0,3.955771409134375
2873.0,0.82031,2.42823,97.6447,4.199219,,5754.0,0.0,0.00152,100.0,4.071988894972452
2874.0,0.82031,2.42847,97.6544,4.199219,,5756.0,0.0,0.00152,100.0,3.9622979007220835
2875.0,0.82031,2.42871,97.6641,4.199219,,5757.0,0.0,0.00152,100.0,4.075501669725871
2876.0,0.81845,2.42892,97.6726,4.199219,,5758.0,0.0,0.00152,100.0,4.054203635390186
2877.0,0.81845,2.42916,97.6823,4.199219,,5759.0,0.0,0.00152,100.0,4.01334675867667
2878.0,0.81659,2.42941,97.6922,4.199219,,5760.0,0.0,0.00152,100.0,3.94019096829479
2879.0,0.81473,2.42965,97.7018,4.199219,,5761.0,0.0,0.00152,100.0,3.9353461410300095
2880.0,0.81473,2.42989,97.7115,4.199219,,5762.0,0.0,0.00152,100.0,4.037117780281013
2881.0,0.81287,2.43013,97.7211,4.199219,,5762.0,0.0,0.00152,100.0,3.9329383700523888
2882.0,0.81287,2.43034,97.7296,4.199219,,5762.0,0.0,0.00152,100.0,3.986771913329038
2883.0,0.81101,2.43058,97.7392,4.199219,,,,,,
2884.0,0.81101,2.43082,97.7488,4.199219,,5762.0,-0.67522,0.0,0.0,4.012497425731828
2885.0,0.80915,2.43106,97.7584,4.199219,,5763.0,-0.67522,0.00023,1.0858,3.9227405458242885
2886.0,0.80915,2.4313,97.768,4.199219,,5764.0,-0.67708,0.00044,2.085,3.9332056403171025
2887.0,0.80915,2.43153,97.7776,4.199219,,5765.0,-0.67708,0.00062,2.9779,3.9351508984291397
2888.0,0.80729,2.43177,97.7871,4.199219,,5766.0,-0.67708,0.00082,3.9302,3.9191823592179555
2889.0,0.80729,2.43202,97.7971,4.199219,,5768.0,-0.67708,0.00102,4.8774,4.0502599323102215
2890.0,0.80543,2.43226,97.8066,4.199219,,5769.0,-0.67708,0.00119,5.7134,3.974018475251398
2891.0,0.80543,2.43246,97.815,4.199219,,5770.0,-0.67708,0.00139,6.6682,3.8699329312105233
2892.0,0.80357,2.43268,97.8238,4.199219,,5771.0,-0.67708,0.00159,7.6229,3.9483709106631153
2893.0,0.80357,2.43292,97.8332,4.199219,,5772.0,-0.67708,0.00179,8.5776,3.960716475139345
2894.0,0.80171,2.43315,97.8427,4.199219,,5773.0,-0.67708,0.00199,9.5397,3.9872431414250555
2895.0,0.80171,2.43339,97.8522,4.199219,,5774.0,-0.67708,0.00217,10.4054,4.028359316215625
2896.0,0.79985,2.43362,97.8616,4.199219,,5775.0,-0.67708,0.00237,11.3576,3.772128997403734
2898.0,0.79985,2.43386,97.8711,4.199219,,5776.0,-0.67708,0.00257,12.3123,3.8935118546497987
2899.0,0.79985,2.43409,97.8805,4.199219,,5777.0,-0.67708,0.00277,13.2572,3.9194782629519556
2900.0,0.79241,2.4343,97.8888,4.199219,,5778.0,-0.67708,0.00297,14.2119,3.9596207091544238
2901.0,0.79241,2.43453,97.8981,4.199219,,5779.0,-0.67708,0.00317,15.1666,3.9537149320664002
2902.0,0.79241,2.43477,97.9077,4.199219,,5780.0,-0.67708,0.00339,16.2202,3.8799024476479995
2903.0,0.79055,2.43498,97.9161,4.199219,,5781.0,-0.67708,0.00357,17.1032,3.9424547508440826
2904.0,0.78869,2.43521,97.9254,4.199219,,5782.0,-0.67708,0.00377,18.0579,3.9039004415118264
2905.0,0.78869,2.43544,97.9348,4.199219,,5783.0,-0.67708,0.00398,19.0473,3.897036789446201
2906.0,0.78683,2.43568,97.9441,4.199219,,5784.0,-0.67708,0.00418,20.002,3.9617140377649864
2907.0,0.78683,2.43591,97.9534,4.199219,,5785.0,-0.67708,0.00438,20.9567,3.9885412768302273
2908.0,0.78683,2.43614,97.9627,4.199219,,5786.0,-0.67708,0.00458,21.9089,3.8990641919086233
2909.0,0.78497,2.43638,97.9725,4.199219,,5787.0,-0.67708,0.00477,22.8562,3.9124755744507658
2910.0,0.78311,2.43661,97.9818,4.199219,,5789.0,-0.67708,0.00499,23.8901,3.972708183206638
2911.0,0.78311,2.43682,97.99,4.199219,,5790.0,-0.67708,0.00519,24.8349,3.9466119090107323
2912.0,0.78311,2.43705,97.9993,4.199219,,5791.0,-0.67708,0.00539,25.7896,4.004665216979986
2913.0,0.78125,2.43728,98.0085,4.199219,,5792.0,-0.67708,0.00556,26.6355,3.9458967897586215
2914.0,0.77939,2.43751,98.0177,4.199219,,5793.0,-0.67708,0.00577,27.61,3.986064772290596
2915.0,0.77939,2.43774,98.027,4.199219,,5794.0,-0.67708,0.00597,28.5622,3.905081576829792
2916.0,0.77939,2.43797,98.0362,4.199219,,5795.0,-0.67708,0.00617,29.517,3.917876827542551
2917.0,0.77753,2.43819,98.0454,4.199219,,5796.0,-0.67708,0.00637,30.4717,3.8323555064261723
2918.0,0.77567,2.43842,98.0546,4.199219,,5797.0,-0.67708,0.00657,31.4264,3.998214858666154
2919.0,0.77567,2.43865,98.0639,4.199219,,5798.0,-0.67708,0.00676,32.3811,3.937915800306013
2921.0,0.77381,2.43888,98.0731,4.199219,,5799.0,-0.67708,0.00696,33.3358,3.9309203887186577
2922.0,0.77381,2.43911,98.0821,4.199219,,5800.0,-0.67708,0.00716,34.2806,3.9742495582461212
2923.0,0.77381,2.43931,98.0902,4.199219,,5801.0,-0.67708,0.00734,35.1166,3.965707562942368
2924.0,0.77195,2.43954,98.0993,4.199219,,5802.0,-0.67708,0.00754,36.0713,3.9225244297773165
2925.0,0.77195,2.43976,98.1084,4.199219,,5803.0,-0.67708,0.00775,37.0805,3.881732134632242
2926.0,0.77009,2.44,98.1182,4.199219,,5804.0,-0.67708,0.00793,37.9709,3.971442567772007
2927.0,0.77009,2.44022,98.1268,4.199219,,5805.0,-0.67708,0.00813,38.9256,3.937522512551575
2928.0,0.77009,2.44043,98.1352,4.199219,,5806.0,-0.67708,0.00833,39.8803,3.944470848234626
2929.0,0.76823,2.44065,98.1443,4.199219,,5807.0,-0.67708,0.00853,40.8424,3.8667294200537397
2930.0,0.76823,2.44088,98.1534,4.199219,,5809.0,-0.67708,0.00873,41.7897,3.9858502781717466
2931.0,0.76637,2.4411,98.1624,4.199219,,5810.0,-0.67708,0.0089,42.6257,3.9614629054581556
2932.0,0.76451,2.44133,98.1715,4.199219,,5811.0,-0.67708,0.00911,43.5903,3.9143139054457188
2933.0,0.76451,2.44156,98.1806,4.199219,,5812.0,-0.67708,0.00932,44.5895,3.9418839534067076
2934.0,0.76265,2.44178,98.1896,4.199219,,5813.0,-0.67708,0.00951,45.5344,3.9183888213052716
2935.0,0.76265,2.442,98.1986,4.199219,,5814.0,-0.67708,0.00969,46.3704,4.056277442953818
2936.0,0.76079,2.44223,98.2077,4.199219,,5815.0,-0.67708,0.00989,47.3251,4.060909498384631
2937.0,0.76079,2.44245,98.2167,4.199219,,5816.0,-0.67708,0.01009,48.2798,3.8550858998581146
2938.0,0.76079,2.44268,98.2257,4.199219,,5817.0,-0.67708,0.01029,49.2345,3.9532069105964043
2939.0,0.76079,2.44287,98.2334,4.199219,,5818.0,-0.67708,0.01048,50.1892,4.043064368318909
2940.0,0.75893,2.44311,98.2429,4.199219,,5819.0,-0.67708,0.01068,51.1439,3.8936192113920005
2941.0,0.75707,2.4433,98.2508,4.199219,,5820.0,-0.67708,0.01089,52.1432,3.972139304878083
2942.0,0.75707,2.44352,98.2597,4.199219,,5821.0,-0.67708,0.01108,53.0237,3.9235209341474158
2943.0,0.75521,2.44375,98.2687,4.199219,,5822.0,-0.67708,0.01128,53.9784,3.9744050426846074
2944.0,0.75521,2.44397,98.2776,4.199219,,5823.0,-0.67708,0.01148,54.9331,3.917291142147441
2946.0,0.75521,2.44419,98.2866,4.199219,,5824.0,-0.67708,0.01168,55.8878,3.968540179007352
2947.0,0.75335,2.44441,98.2955,4.199219,,5825.0,-0.67708,0.01187,56.8425,3.9827220052344563
2948.0,0.75335,2.44464,98.3045,4.199219,,5826.0,-0.67708,0.01207,57.7948,3.9693328806412573
2949.0,0.75149,2.44486,98.3134,4.199219,,5827.0,-0.67708,0.01227,58.7495,3.930406776816257
2950.0,0.74963,2.44508,98.3223,4.199219,,5828.0,-0.67708,0.01248,59.7215,3.936007376291141
2951.0,0.74963,2.4453,98.3312,4.199219,,5829.0,-0.67708,0.01266,60.5773,3.9264381180907417
2952.0,0.74963,2.44552,98.3401,4.199219,,5831.0,-0.67708,0.01285,61.532,3.9276150915656176
2953.0,0.74777,2.44574,98.3489,4.199219,,5832.0,-0.67708,0.01305,62.4867,3.9612885379217135
2954.0,0.74777,2.44596,98.3578,4.199219,,5833.0,-0.67708,0.01325,63.4414,3.877808390657249
2955.0,0.74591,2.44618,98.3665,4.199219,,5834.0,-0.67708,0.01345,64.3961,3.960311311519719
2956.0,0.74591,2.44637,98.3743,4.199219,,5835.0,-0.67708,0.01365,65.3484,3.86979217189351
2957.0,0.74405,2.44659,98.3831,4.199219,,5836.0,-0.67708,0.01385,66.3031,3.981064391341726
2958.0,0.74405,2.44681,98.3918,4.199219,,5837.0,-0.67708,0.01405,67.2578,3.913727676891575
2959.0,0.74219,2.44703,98.4006,4.199219,,5838.0,-0.67708,0.01425,68.2125,4.001554262544591
2960.0,0.74219,2.44725,98.4094,4.199219,,5839.0,-0.67708,0.01445,69.1672,3.988361953216346
2961.0,0.74219,2.44747,98.4182,4.199219,,5840.0,-0.67708,0.01465,70.1219,3.9497660047705665
2962.0,0.74033,2.44767,98.4263,4.199219,,5841.0,-0.67708,0.01485,71.0668,3.9348853432792668
2963.0,0.74033,2.44788,98.4347,4.199219,,5842.0,-0.67708,0.01502,71.9027,3.9557915045784218
2964.0,0.74033,2.4481,98.4438,4.199219,,5843.0,-0.67708,0.01522,72.8575,3.996759807162648
2965.0,0.73847,2.44832,98.4526,4.199219,,5844.0,-0.67708,0.01542,73.8122,3.8882378619632565
2967.0,0.73661,2.44854,98.4613,4.199219,,5845.0,-0.67708,0.01562,74.7669,3.9790170845169235
2968.0,0.73661,2.44875,98.47,4.199219,,5846.0,-0.67708,0.01582,75.7216,4.028490672960032
2969.0,0.73475,2.44897,98.4787,4.199219,,5847.0,-0.67708,0.01602,76.6763,3.934803424587038
2970.0,0.73475,2.44919,98.4874,4.199219,,5848.0,-0.67708,0.01622,77.6285,3.9325094903414723
2971.0,0.73289,2.4494,98.4961,4.199219,,5849.0,-0.67708,0.01637,78.3409,3.9188945343733836
2972.0,0.73289,2.44962,98.5048,4.199219,,5849.0,-1.35231,0.01637,78.3409,3.9349938708353807
2973.0,0.73289,2.44983,98.5135,4.199219,,5850.0,-1.35231,0.01681,80.4432,3.868435986652599
2974.0,0.73103,2.45005,98.5222,4.199219,,5851.0,-1.35417,0.0172,82.3526,3.8492895218588625
2975.0,0.73103,2.45026,98.5307,4.199219,,5852.0,-1.35975,0.0176,84.2621,3.911832812173538
2976.0,0.72917,2.45045,98.5383,4.199219,,5853.0,-1.35417,0.018,86.169,3.8634431186448612
2977.0,0.72917,2.45067,98.547,4.199219,,5855.0,-1.35045,0.0184,88.076,3.9505785080942895
2978.0,0.72731,2.45088,98.5556,4.199219,,5856.0,-1.35417,0.0188,89.9854,3.9265367143237704
2979.0,0.72731,2.4511,98.5642,4.199219,,5857.0,-1.35417,0.0192,91.8924,3.9757596936748896
2980.0,0.72545,2.45131,98.5728,4.199219,,5858.0,-1.35789,0.01955,93.5693,3.793585328823184
2981.0,0.72545,2.45152,98.5814,4.199219,,5859.0,-1.35417,0.01995,95.4787,3.938963856600735
2982.0,0.72545,2.45173,98.5899,4.199219,,5860.0,-1.35231,0.02035,97.3881,3.9782834826551836
2983.0,0.72359,2.45192,98.5974,4.199219,,5861.0,-1.35417,0.02074,99.2976,3.9201210858712856
2984.0,0.72173,2.45213,98.606,4.199219,,5861.0,-1.35789,0.02089,100.0,3.906879154818364
2985.0,0.72173,2.45235,98.6145,4.199219,,5861.0,-1.35789,0.02089,100.0,3.9490869421627877
2986.0,0.72173,2.45256,98.6231,4.199219,,,,,,
2988.0,0.71987,2.45277,98.6316,4.199219,,5861.0,0.68266,0.0,0.0,3.921638506733674
2989.0,0.71987,2.45298,98.6401,4.199219,,5862.0,0.6808,0.00021,13.6977,3.9302919429685153
2990.0,0.71801,2.4532,98.6486,4.199219,,5863.0,0.6808,0.0004,26.417,4.119321813332068
2991.0,0.71801,2.45341,98.6571,4.199219,,5864.0,0.6808,0.00061,39.5074,3.9641727986204773
2992.0,0.71615,2.45362,98.6655,4.199219,,5865.0,0.6808,0.00081,52.5978,3.9729306758986227
2993.0,0.71615,2.45382,98.6738,4.199219,,5866.0,0.6808,0.00101,65.6883,4.04113574976004
2994.0,0.71429,2.45402,98.6817,4.199219,,5868.0,0.6808,0.00121,78.7787,4.026128579405543
2995.0,0.71429,2.45423,98.6902,4.199219,,5869.0,0.6808,0.00141,91.8691,4.0347536193594795
2996.0,0.71429,2.45444,98.6986,4.199219,,5869.0,0.6808,0.00153,100.0,3.953398600866706
2997.0,0.71243,2.45465,98.7071,4.199219,,5869.0,0.0,0.00153,100.0,3.98032346938076
2998.0,0.71243,2.45485,98.715,4.199219,,5870.0,0.0,0.00153,100.0,4.015223050202966
2999.0,0.71057,2.45505,98.7233,4.199219,,5871.0,0.0,0.00153,100.0,3.9921146132953194
3000.0,0.71057,2.45526,98.7317,4.199219,,5872.0,0.0,0.00153,100.0,3.978411816443244
3001.0,0.71057,2.45547,98.7401,4.199219,,5873.0,0.0,0.00153,100.0,3.978924309535859
3002.0,0.70871,2.45568,98.7485,4.199219,,5874.0,0.0,0.00153,100.0,3.995406578351754
3003.0,0.70871,2.45589,98.7569,4.199219,,5876.0,0.0,0.00153,100.0,4.009759427398718
3004.0,0.70685,2.4561,98.7653,4.199219,,5877.0,0.0,0.00153,100.0,3.9570090630362498
3005.0,0.70685,2.4563,98.7737,4.199219,,5878.0,0.0,0.00153,100.0,3.930697845909145
3006.0,0.70499,2.4565,98.7816,4.199219,,5879.0,0.0,0.00153,100.0,4.08626555820845
3007.0,0.70499,2.45669,98.789,4.199219,,5880.0,0.0,0.00153,100.0,3.892416997337513
3008.0,0.70313,2.45689,98.7974,4.199219,,5881.0,0.0,0.00153,100.0,3.9881742750656457
3009.0,0.70313,2.4571,98.8057,4.199219,,5882.0,0.0,0.00153,100.0,3.973533192277666
3010.0,0.70313,2.45731,98.814,4.199219,,5883.0,0.0,0.00153,100.0,3.9903025986459943
3012.0,0.70126,2.45751,98.8223,4.199219,,5884.0,0.0,0.00153,100.0,3.9291773300304733
3013.0,0.70126,2.45773,98.8309,4.199219,,5885.0,0.0,0.00153,100.0,4.064990042614071
3014.0,0.6994,2.45791,98.8383,4.199219,,5885.0,0.0,0.00153,100.0,4.076338371088713
3015.0,0.6994,2.45812,98.8466,4.199219,,5885.0,0.0,0.00153,100.0,3.9440690675223875
3016.0,0.69754,2.45832,98.8548,4.199219,,,,,,
3017.0,0.69754,2.45853,98.8631,4.199219,,5885.0,-0.67522,0.0,0.0,3.8931538059527218
3018.0,0.69568,2.45873,98.8714,4.199219,,5886.0,-0.67708,0.0002,0.4961,3.910944447786433
3019.0,0.69568,2.45894,98.8796,4.199219,,5887.0,-0.67708,0.0004,0.9784,3.8785367082800217
3020.0,0.69568,2.45914,98.8878,4.199219,,5888.0,-0.67708,0.00059,1.4256,3.894253987220045
3021.0,0.69382,2.45935,98.8961,4.199219,,5889.0,-0.67708,0.00079,1.9092,3.981023595249034
3022.0,0.69382,2.45955,98.9043,4.199219,,5891.0,-0.67708,0.00099,2.3927,3.842177154223843
3023.0,0.69196,2.45976,98.9124,4.199219,,5892.0,-0.67708,0.00119,2.875,3.9150051984679886
3024.0,0.69196,2.45996,98.9206,4.199219,,5893.0,-0.67708,0.00139,3.3586,3.9880348859185326
3025.0,0.6901,2.46016,98.9285,4.199219,,5894.0,-0.67708,0.00158,3.8422,3.8395920435615634
3026.0,0.6901,2.46036,98.9367,4.199219,,5895.0,-0.67708,0.00178,4.3169,3.964156614411314
3027.0,0.6901,2.46056,98.9449,4.199219,,5896.0,-0.67708,0.00198,4.8043,3.938852267178178
3028.0,0.68824,2.46076,98.9529,4.199219,,5897.0,-0.67708,0.00218,5.279,3.900154373909128
3029.0,0.68824,2.46097,98.9611,4.199219,,5898.0,-0.67708,0.00238,5.7614,3.8945511355269855
3030.0,0.68638,2.46116,98.9688,4.199219,,5899.0,-0.67708,0.00258,6.2449,3.875406728744655
3031.0,0.68638,2.46134,98.9761,4.199219,,5900.0,-0.67708,0.00278,6.7285,3.8959946630962943
3032.0,0.68452,2.46153,98.9836,4.199219,,5901.0,-0.67708,0.00297,7.207,3.9097896031425874
3033.0,0.68452,2.46172,98.9916,4.199219,,5902.0,-0.67708,0.00315,7.6317,3.9705502120829794
3034.0,0.68452,2.46193,98.9997,4.199219,,5903.0,-0.67708,0.00337,8.1654,4.003321347152376
3036.0,0.68266,2.46213,99.0078,4.199219,,5904.0,-0.67708,0.00354,8.5888,3.9087817966355503
3037.0,0.68266,2.46233,99.0159,4.199219,,5905.0,-0.67708,0.00374,9.0723,3.931212412259793
3038.0,0.68266,2.46253,99.0239,4.199219,,5906.0,-0.67708,0.00394,9.5559,3.9250960577767366
3039.0,0.6808,2.46273,99.032,4.199219,,5907.0,-0.67708,0.00414,10.0395,3.967241154004761
3040.0,0.6808,2.46293,99.04,4.199219,,5908.0,-0.67708,0.00434,10.5268,4.028818941224323
3041.0,0.67894,2.4631,99.047,4.199219,,5909.0,-0.67708,0.00454,11.0053,3.969041210037635
3042.0,0.67894,2.4633,99.0551,4.199219,,5910.0,-0.67708,0.00471,11.43,4.001820510878607
3043.0,0.67708,2.46349,99.0627,4.199219,,5911.0,-0.67708,0.00493,11.9499,3.9336840257830015
3044.0,0.67708,2.46369,99.0705,4.199219,,5912.0,-0.67708,0.00511,12.4009,3.9118371469604445
3045.0,0.67522,2.46389,99.0785,4.199219,,5913.0,-0.67708,0.00531,12.8844,3.9808759074810554
3046.0,0.67522,2.46408,99.0865,4.199219,,5915.0,-0.67708,0.00551,13.368,4.000412660829275
3047.0,0.67522,2.46428,99.0945,4.199219,,5916.0,-0.67708,0.00571,13.8516,3.9050441752374114
3048.0,0.67336,2.46448,99.1025,4.199219,,5917.0,-0.67708,0.00591,14.3301,3.9345153058561855
3049.0,0.67336,2.4647,99.1111,4.199219,,5918.0,-0.67708,0.00609,14.7535,3.9895750198352604
3050.0,0.6715,2.46489,99.119,4.199219,,5919.0,-0.67708,0.00628,15.2371,3.9021704897824048
3051.0,0.6715,2.46509,99.127,4.199219,,5920.0,-0.67708,0.00648,15.7206,3.846288392997659
3052.0,0.6715,2.46529,99.1349,4.199219,,5920.0,-0.67708,0.00658,15.9624,3.842011471180448
3053.0,0.66964,2.46548,99.1428,4.199219,,5920.0,-5.40923,0.00658,15.9624,3.8197874317504086
3054.0,0.66778,2.46566,99.1498,4.199219,,5921.0,-5.41109,0.00813,19.7131,3.7571266191379813
3055.0,0.66778,2.46585,99.1576,4.199219,,5922.0,-5.41109,0.00978,23.7194,3.7894333635166113
3056.0,0.66778,2.46605,99.1656,4.199219,,5923.0,-5.41109,0.01138,27.5791,3.814145428705503
3058.0,0.66592,2.46625,99.1734,4.199219,,5924.0,-5.40737,0.01289,31.2584,3.7684243674979236
3059.0,0.66592,2.46644,99.1813,4.199219,,5925.0,-5.40923,0.01449,35.1193,3.8268078358030326
3060.0,0.66406,2.46664,99.1892,4.199219,,5927.0,-5.40923,0.01606,38.9452,3.782767063670954
3061.0,0.66406,2.46683,99.1971,4.199219,,5928.0,-5.40923,0.01766,42.8049,3.7524476574814987
3062.0,0.66406,2.46703,99.2049,4.199219,,5928.0,-5.40737,0.01865,45.2076,3.785451932826709
3063.0,0.6622,2.46722,99.2128,4.199219,,5928.0,-3.37984,0.01865,45.2076,3.8542817571011945
3064.0,0.6622,2.46742,99.2206,4.199219,,5929.0,-3.3817,0.01976,47.9161,3.8759703532321073
3065.0,0.66034,2.46761,99.2284,4.199219,,5930.0,-3.37984,0.02076,50.3276,3.792794963982196
3066.0,0.66034,2.46778,99.2353,4.199219,,5931.0,-3.37984,0.02164,52.4685,3.767768414306169
3067.0,0.65848,2.46798,99.2431,4.199219,,5933.0,-3.37426,0.02262,54.8362,3.833404090777754
3068.0,0.65848,2.46817,99.2509,4.199219,,5934.0,-3.37798,0.02361,57.249,3.8550301342603737
3069.0,0.65662,2.46837,99.2587,4.199219,,5935.0,-3.37612,0.02463,59.7069,3.78727203612435
3070.0,0.65662,2.46857,99.2669,4.199219,,5936.0,-3.37798,0.02553,61.8916,3.8200124592906204
3071.0,0.65662,2.46876,99.2744,4.199219,,5937.0,-3.3817,0.02652,64.3044,3.8130980682576365
3072.0,0.65476,2.46895,99.2822,4.199219,,5938.0,-3.37984,0.02751,66.6959,3.8004177748066996
3073.0,0.65476,2.46914,99.2899,4.199219,,5939.0,-3.37984,0.02838,68.8118,3.7968248358437364
3074.0,0.6529,2.46934,99.2977,4.199219,,5940.0,-3.37798,0.02938,71.2258,3.759297595287484
3075.0,0.6529,2.46953,99.3054,4.199219,,5941.0,-3.37426,0.03037,73.6373,3.80018653979348
3076.0,0.6529,2.46972,99.3131,4.199219,,5942.0,-3.3817,0.03136,76.0288,3.8239668427385682
3077.0,0.6529,2.46991,99.3208,4.199219,,5943.0,-3.37612,0.03238,78.5092,3.7651136395354308
3079.0,0.65104,2.4701,99.3285,4.199219,,5944.0,-3.38356,0.03335,80.8544,3.830088963181734
3080.0,0.65104,2.47027,99.3354,4.199219,,5945.0,-3.37984,0.03434,83.2671,3.8121066965522488
3081.0,0.64918,2.47047,99.3431,4.199219,,5946.0,-3.37798,0.03534,85.6812,3.874625878091
3082.0,0.64918,2.47066,99.3508,4.199219,,5947.0,-3.38356,0.03626,87.9123,3.7201518869946533
3083.0,0.64732,2.47085,99.3585,4.199219,,5948.0,-3.38356,0.03726,90.3489,3.7609663141049614
3084.0,0.64732,2.47104,99.3662,4.199219,,5949.0,-3.37984,0.03826,92.7617,3.8736704636179318
3085.0,0.64546,2.47121,99.3732,4.199219,,5950.0,-3.37984,0.03926,95.1744,3.768319140743497
3086.0,0.64546,2.4714,99.3808,4.199219,,5951.0,-3.3817,0.04025,97.5885,3.824450602672946
3087.0,0.64546,2.47159,99.3884,4.199219,,5952.0,-3.37798,0.04125,100.0,3.7713392601135345
3088.0,0.6436,2.47178,99.396,4.199219,,5952.0,-3.37798,0.04125,100.0,3.9017006363385374
3089.0,0.6436,2.47197,99.4036,4.199219,,,,,,
3090.0,0.64174,2.47214,99.4103,4.199219,,5952.0,1.35603,0.0,0.0,3.9828372444372238
3091.0,0.64174,2.47233,99.4179,4.199219,,5953.0,1.35789,0.00039,12.9154,3.947939787736841
3092.0,0.63988,2.47255,99.4271,4.199219,,5954.0,1.35417,0.00074,24.591,3.94259295608485
3093.0,0.63988,2.47273,99.434,4.199219,,5955.0,1.35603,0.00116,38.5397,4.004524896946755
3094.0,0.63988,2.47291,99.4416,4.199219,,5956.0,1.35417,0.00151,50.2153,3.9699771967488973
3095.0,0.63802,2.4731,99.4492,4.199219,,5957.0,1.35603,0.0019,63.3718,3.98465999858701
3096.0,0.63802,2.47329,99.4567,4.199219,,5958.0,1.35417,0.0023,76.6661,3.8775967431235694
3097.0,0.63802,2.47348,99.4643,4.199219,,5960.0,1.35603,0.0027,89.9776,3.9884562503262413
3099.0,0.63616,2.47367,99.4718,4.199219,,5960.0,1.35789,0.003,100.0,3.9915640068035247
3100.0,0.63616,2.47385,99.4793,4.199219,,5960.0,1.35789,0.003,100.0,4.055026748158007
3101.0,0.6343,2.47404,99.4869,4.199219,,,,,,
3102.0,0.6343,2.47423,99.4944,4.199219,,5960.0,-1.35603,0.0,0.0,3.937794553383263
3103.0,0.6343,2.47441,99.5019,4.199219,,5961.0,-1.35231,0.00043,3.6082,3.9059079560756356
3104.0,0.63244,2.4746,99.5094,4.199219,,5962.0,-1.35417,0.00078,6.5163,3.9891974645125665
3105.0,0.63244,2.47479,99.5169,4.199219,,5963.0,-1.35789,0.00118,9.8325,3.9079004555108696
3106.0,0.63058,2.47497,99.5244,4.199219,,5965.0,-1.35231,0.00158,13.1443,3.921839277540758
3107.0,0.63058,2.47516,99.5318,4.199219,,5966.0,-1.35045,0.00198,16.4605,3.9152067486699655
3108.0,0.63058,2.47532,99.5383,4.199219,,5967.0,-1.35231,0.00238,19.7723,3.8795333802900798
3109.0,0.62872,2.4755,99.5458,4.199219,,5968.0,-1.35603,0.00278,23.0885,3.9654195842344704
3110.0,0.62872,2.47569,99.5532,4.199219,,5969.0,-1.35045,0.00318,26.4003,3.7751077109433733
3111.0,0.62872,2.47587,99.5606,4.199219,,5970.0,-1.35417,0.00357,29.7122,3.9769221367095167
3112.0,0.62686,2.47606,99.5681,4.199219,,5971.0,-1.35417,0.00397,33.0241,3.873851842577292
3113.0,0.62686,2.47624,99.5755,4.199219,,5972.0,-1.35603,0.00437,36.3359,3.8439408605276437
3114.0,0.625,2.47643,99.5829,4.199219,,5973.0,-1.35231,0.00477,39.6521,3.902049601730461
3115.0,0.62314,2.47661,99.5902,4.199219,,5974.0,-1.35417,0.00517,42.9639,3.8304193261838715
3116.0,0.62314,2.47679,99.5976,4.199219,,5975.0,-1.35417,0.00557,46.2758,3.941530097092317
3117.0,0.62314,2.47697,99.6049,4.199219,,5976.0,-1.35045,0.00597,49.5919,3.94667257043977
3118.0,0.62314,2.47715,99.612,4.199219,,5977.0,-1.35231,0.00636,52.9038,3.9650404863688555
3119.0,0.62314,2.47733,99.6193,4.199219,,5978.0,-1.35231,0.00676,56.2199,3.8842482893830144
3121.0,0.62128,2.47752,99.6267,4.199219,,5979.0,-1.35231,0.00714,59.3514,3.8428984134160804
3122.0,0.62128,2.4777,99.634,4.199219,,5980.0,-1.35231,0.00756,62.8522,3.965931661131782
3123.0,0.61942,2.47788,99.6414,4.199219,,5981.0,-1.35417,0.00791,65.7603,3.857154453715719
3124.0,0.61942,2.47805,99.6482,4.199219,,5982.0,-1.35417,0.00829,68.9175,3.887742204150327
3125.0,0.61942,2.47824,99.6556,4.199219,,5983.0,-1.35417,0.0087,72.3282,3.8388579535604572
3126.0,0.61756,2.4784,99.662,4.199219,,5984.0,-1.35231,0.00909,75.61,3.9564104515097847
3127.0,0.61756,2.47858,99.6693,4.199219,,5985.0,-1.35603,0.00944,78.518,3.8757727254870664
3128.0,0.6157,2.47876,99.6766,4.199219,,5987.0,-1.35417,0.00984,81.8342,3.850747631796674
3129.0,0.6157,2.47894,99.6839,4.199219,,5988.0,-1.35231,0.01023,85.0215,3.8750655777376157
3130.0,0.6157,2.47912,99.6912,4.199219,,5989.0,-1.35417,0.01064,88.4278,3.729076401085798
3131.0,0.6157,2.4793,99.6984,4.199219,,5990.0,-1.35417,0.01104,91.744,3.814770348638738
3132.0,0.61198,2.47948,99.7057,4.199219,,5991.0,-1.35417,0.01143,95.0601,3.8876199672698286
3133.0,0.61198,2.47966,99.713,4.199219,,5992.0,-1.35603,0.01183,98.3763,3.912994998093979
3134.0,0.61198,2.47985,99.7204,4.199219,,5992.0,-1.35417,0.01203,100.0,3.829426930176387
3135.0,0.61198,2.48003,99.7276,4.199219,,5992.0,-1.35417,0.01203,100.0,3.9188622342237305
3136.0,0.60826,2.48021,99.7348,4.199219,,,,,,
3137.0,0.60826,2.48039,99.742,4.199219,,5992.0,2.70461,0.0,0.0,4.056905400883698
3138.0,0.6064,2.48056,99.7492,4.199219,,5993.0,2.70647,0.00082,13.4493,4.029516110722797
3139.0,0.6064,2.48074,99.7564,4.199219,,5994.0,2.70461,0.00152,24.93,4.037672358199778
3140.0,0.60454,2.48092,99.7636,4.199219,,5995.0,2.70647,0.00231,37.8956,3.963248672871931
3141.0,0.60454,2.48108,99.7698,4.199219,,5996.0,2.70647,0.0031,50.9801,4.0388425666958305
3142.0,0.60268,2.48126,99.7772,4.199219,,5998.0,2.70461,0.0039,64.073,4.040737390002072
3144.0,0.60268,2.48143,99.7841,4.199219,,5999.0,2.70461,0.00475,78.0229,4.020020600284452
3145.0,0.60268,2.48159,99.7904,4.199219,,6000.0,2.70647,0.0055,90.2418,4.021459906739462
3146.0,0.60082,2.48177,99.7975,4.199219,,6000.0,2.70833,0.00609,100.0,4.068432582920066
3147.0,0.60268,2.48194,99.8047,4.199219,,6000.0,0.0,0.00609,100.0,3.9827922459880942
3148.0,0.60082,2.48212,99.8118,4.199219,,6001.0,0.0,0.00609,100.0,3.934745972766182
3149.0,0.60082,2.4823,99.8189,4.199219,,6002.0,0.0,0.00609,100.0,3.962109910145452
3150.0,0.59896,2.48248,99.826,4.199219,,6004.0,0.0,0.00609,100.0,4.030544092955441
3151.0,0.5971,2.48265,99.8331,4.199219,,6005.0,0.0,0.00609,100.0,3.932455169556917
3152.0,0.5971,2.48281,99.8393,4.199219,,6006.0,0.0,0.00609,100.0,3.970388334936248
3153.0,0.5971,2.48298,99.8464,4.199219,,6007.0,0.0,0.00609,100.0,4.06318154077657
3154.0,0.5971,2.48316,99.8534,4.199219,,6008.0,0.0,0.00609,100.0,3.9057839840890423
3155.0,0.5971,2.48333,99.8605,4.199219,,6009.0,0.0,0.00609,100.0,3.952331313935012
3156.0,0.59338,2.48351,99.8676,4.199219,,6010.0,0.0,0.00609,100.0,4.039012544065485
3157.0,0.59338,2.48368,99.8745,4.199219,,6011.0,0.0,0.00609,100.0,4.018297305582727
3158.0,0.59338,2.48383,99.8807,4.199219,,6012.0,0.0,0.00609,100.0,3.9351708764507047
3159.0,0.59338,2.48401,99.8877,4.199219,,6013.0,0.0,0.00609,100.0,3.863415411230598
3160.0,0.59152,2.48418,99.8948,4.199219,,6014.0,0.0,0.00609,100.0,3.9343382725457055
3161.0,0.59152,2.48436,99.9018,4.199219,,6015.0,0.0,0.00609,100.0,3.977413706974815
3162.0,0.58966,2.48454,99.9092,4.199219,,6016.0,0.0,0.00609,100.0,3.9259086585261365
3163.0,0.58966,2.48471,99.9161,4.199219,,6017.0,0.0,0.00609,100.0,3.9160869448676277
3164.0,0.58966,2.48489,99.923,4.199219,,6018.0,0.0,0.00609,100.0,3.943813406582052
3165.0,0.58966,2.48504,99.9291,4.199219,,6019.0,0.0,0.00609,100.0,4.044154922888143
3166.0,0.58966,2.48521,99.9362,4.199219,,6020.0,0.0,0.00609,100.0,4.037025044192277
3167.0,0.5878,2.48539,99.9431,4.199219,,6021.0,0.0,0.00609,100.0,3.9439233103081692
3168.0,0.5878,2.48556,99.9501,4.199219,,6022.0,0.0,0.00609,100.0,4.070173764253078
3170.0,0.58594,2.48573,99.957,4.199219,,6023.0,0.0,0.00609,100.0,3.9438996408752987
3171.0,0.58594,2.48591,99.964,4.199219,,6024.0,0.0,0.00609,100.0,3.966361985649031
3172.0,0.58408,2.48608,99.9709,4.199219,,6026.0,0.0,0.00609,100.0,3.9465153361975305
3173.0,0.58408,2.48625,99.9778,4.199219,,6027.0,0.0,0.00609,100.0,4.030053346854401
3174.0,0.58222,2.48642,99.9847,4.199219,,6028.0,0.0,0.00609,100.0,3.942000312478902
3175.0,0.58222,2.48659,99.9914,4.199219,,6029.0,0.0,0.00609,100.0,3.947049788461672
3176.0,0.58222,2.48676,99.9983,4.199219,,6030.0,0.0,0.00609,100.0,4.000480653740263
3176.0,0.58036,2.4868,100.0,4.199219,,6031.0,0.0,0.00609,100.0,3.8810012359182062
,,,,,,6032.0,0.0,0.00609,100.0,4.002262033897509
,,,,,,6033.0,0.0,0.00609,100.0,3.8526157344432277
,,,,,,6034.0,0.0,0.00609,100.0,3.9237004976461973
,,,,,,6035.0,0.0,0.00609,100.0,3.9584641851076547
,,,,,,6036.0,0.0,0.00609,100.0,3.9447234723502533
,,,,,,6037.0,0.0,0.00609,100.0,3.8626957086888423
,,,,,,6038.0,0.0,0.00609,100.0,3.9937947240478495
,,,,,,6039.0,0.0,0.00609,100.0,3.9131304231980626
,,,,,,6039.0,0.0,0.00609,100.0,3.9272314862918827
,,,,,,6039.0,0.0,0.00609,100.0,3.9499476413427406
,,,,,,6040.0,0.0,0.00609,100.0,3.869812494223172
,,,,,,6041.0,0.0,0.00609,100.0,3.9082783963514616
,,,,,,6042.0,0.0,0.00609,100.0,3.9607750586007304
,,,,,,6044.0,0.0,0.00609,100.0,3.9218155268408754
,,,,,,6045.0,0.0,0.00609,100.0,3.9689187255882663
,,,,,,6046.0,0.0,0.00609,100.0,3.8804851534332796
,,,,,,6047.0,0.0,0.00609,100.0,3.9902186399383464
,,,,,,6048.0,0.0,0.00609,100.0,4.0179041081553635
,,,,,,6049.0,0.0,0.00609,100.0,3.893712807031247
,,,,,,6050.0,0.0,0.00609,100.0,3.9866341088599
,,,,,,6051.0,0.0,0.00609,100.0,3.8096263076314227
,,,,,,6052.0,0.0,0.00609,100.0,3.9367312982601557
,,,,,,6053.0,0.0,0.00609,100.0,4.005408147156727
,,,,,,6054.0,0.0,0.00609,100.0,4.000354844547447
,,,,,,6055.0,0.0,0.00609,100.0,3.959420929495845
,,,,,,6056.0,0.0,0.00609,100.0,3.932799818927483
,,,,,,6056.0,0.0,0.00609,100.0,3.877430411362746
,,,,,,6056.0,0.0,0.00609,100.0,3.9584631360510114
,,,,,,,,,,
,,,,,,6056.0,-0.67522,0.0,0.0,3.9012066180148377
,,,,,,6058.0,-0.67522,0.00021,2.1528,3.829923253539956
,,,,,,6059.0,-0.67708,0.00041,4.1891,3.9586742643095345
,,,,,,6060.0,-0.67708,0.00061,6.2308,3.8828450562241446
,,,,,,6061.0,-0.67708,0.00081,8.2725,4.021074524316164
,,,,,,6062.0,-0.67708,0.00101,10.3142,4.00154588164404
,,,,,,6063.0,-0.67708,0.00122,12.4881,3.9413061234054947
,,,,,,6064.0,-0.67708,0.00141,14.3923,3.9495420104422645
,,,,,,6065.0,-0.67708,0.00161,16.4339,3.836700200059466
,,,,,,6066.0,-0.67708,0.0018,18.4386,3.813952398736879
,,,,,,6067.0,-0.67708,0.002,20.4803,3.957549124962856
,,,,,,6068.0,-0.67708,0.0022,22.5167,3.967406692096497
,,,,,,6069.0,-0.67708,0.0024,24.5583,3.900347218310766
,,,,,,6070.0,-0.67708,0.00258,26.4255,3.9616874587205757
,,,,,,6071.0,-0.67708,0.00278,28.409,3.915164340007293
,,,,,,6072.0,-0.67708,0.00297,30.4507,3.9363958697667076
,,,,,,6073.0,-0.67708,0.00317,32.4923,3.8959262704274797
,,,,,,6074.0,-0.67708,0.00337,34.534,3.843866433522967
,,,,,,6075.0,-0.67708,0.00357,36.5757,3.88613421467731
,,,,,,6076.0,-0.67708,0.00377,38.6121,3.9963952053613965
,,,,,,6078.0,-0.67708,0.00397,40.6379,3.983952876374517
,,,,,,6079.0,-0.67708,0.00414,42.4257,3.9278448619111086
,,,,,,6080.0,-0.67708,0.00434,44.4674,4.051751324594931
,,,,,,6081.0,-0.67708,0.00454,46.509,3.9780407625086536
,,,,,,6082.0,-0.67708,0.00474,48.5507,3.907881965230541
,,,,,,6083.0,-0.67708,0.00494,50.5924,3.835747768537215
,,,,,,6084.0,-0.67708,0.00515,52.7293,3.986145738855953
,,,,,,6084.0,-0.67708,0.00527,53.9987,3.895328330187842
,,,,,,6084.0,-1.36161,0.00527,53.9987,3.9309535876716444
,,,,,,6086.0,-1.35231,0.00573,58.6904,3.8646897293853884
,,,,,,6087.0,-1.34673,0.00613,62.7314,3.9253117300323086
,,,,,,6088.0,-1.35417,0.00648,66.3176,4.02132923786178
,,,,,,6089.0,-1.35603,0.00688,70.4009,3.9188558021963575
,,,,,,6090.0,-1.35045,0.00728,74.4737,3.993599003378696
,,,,,,6091.0,-1.35231,0.00767,78.5571,3.85995228210213
,,,,,,6092.0,-1.35417,0.00807,82.6299,3.869482590199986
,,,,,,6093.0,-1.35231,0.00847,86.7132,3.9770856073232594
,,,,,,6094.0,-1.35603,0.00887,90.7966,3.8058553343652726
,,,,,,6095.0,-1.35231,0.00922,94.3774,3.9097404214541704
,,,,,,6096.0,-1.35603,0.00962,98.4608,3.8666401335505824
,,,,,,6096.0,-1.35231,0.00977,100.0,3.9108025002576143
,,,,,,6096.0,-1.35231,0.00977,100.0,3.8257632777434725
,,,,,,,,,,
,,,,,,6096.0,0.67708,0.0,0.0,3.945706578279957
,,,,,,6097.0,0.67894,0.0002,13.1231,3.9468187671820356
,,,,,,6099.0,0.67894,0.0004,26.2462,4.072253746393388
,,,,,,6100.0,0.67894,0.0006,39.3693,3.8894877142862248
,,,,,,6101.0,0.67894,0.0008,52.4585,4.0304206048213
,,,,,,6102.0,0.67894,0.001,65.5816,3.9330192187066637
,,,,,,6103.0,0.67894,0.0012,78.7046,3.920308698452529
,,,,,,6104.0,0.67894,0.0014,91.726,3.9467618177646124
,,,,,,6105.0,0.67894,0.00152,100.0,4.029673464951336
,,,,,,6105.0,0.0,0.00152,100.0,3.851731714587167
,,,,,,6106.0,0.0,0.00152,100.0,3.9402284500344775
,,,,,,6107.0,0.0,0.00152,100.0,3.899062427363105
,,,,,,6108.0,0.0,0.00152,100.0,4.038697501189127
,,,,,,6109.0,0.0,0.00152,100.0,3.9245108528071517
,,,,,,6110.0,0.0,0.00152,100.0,3.9198674279924286
,,,,,,6111.0,0.0,0.00152,100.0,4.011692308699179
,,,,,,6112.0,0.0,0.00152,100.0,3.9340166884226
,,,,,,6113.0,0.0,0.00152,100.0,3.963329097669424
,,,,,,6114.0,0.0,0.00152,100.0,3.948217512420455
,,,,,,6115.0,0.0,0.00152,100.0,3.981112179789527
,,,,,,6116.0,0.0,0.00152,100.0,4.026409824855802
,,,,,,6117.0,0.0,0.00152,100.0,3.9950931981589823
,,,,,,6118.0,0.0,0.00152,100.0,3.939169322323408
,,,,,,6119.0,0.0,0.00152,100.0,3.9651637968336906
,,,,,,6120.0,0.0,0.00152,100.0,3.8999595987496267
,,,,,,6121.0,0.0,0.00152,100.0,4.0513569212965574
,,,,,,6121.0,0.0,0.00152,100.0,3.9067378741905183
,,,,,,,,,,
,,,,,,6121.0,-0.67336,0.0,0.0,3.8361243969579535
,,,,,,6122.0,-0.67522,0.00019,0.9246,3.923511992592494
,,,,,,6123.0,-0.67708,0.0004,1.9036,3.917697867274523
,,,,,,6124.0,-0.67708,0.0006,2.8579,3.929347121762647
,,,,,,6125.0,-0.67708,0.0008,3.8122,3.9615314794416503
,,,,,,6126.0,-0.67708,0.001,4.7665,3.8297666132333594
,,,,,,6127.0,-0.67708,0.00119,5.7109,3.995828589843011
,,,,,,6128.0,-0.67708,0.00137,6.549,3.8044760760797023
,,,,,,6129.0,-0.67708,0.00157,7.5008,3.8287362901627806
,,,,,,6130.0,-0.67708,0.00177,8.4551,3.910823277930658
,,,,,,6131.0,-0.67708,0.00197,9.4094,4.0379089855148615
,,,,,,6132.0,-0.67708,0.00218,10.4181,3.9093370747689637
,,,,,,6133.0,-0.67708,0.00238,11.3723,3.882014512065284
,,,,,,6134.0,-0.67708,0.00258,12.3242,3.833613218637556
,,,,,,6135.0,-0.67708,0.00278,13.2784,3.971836888556395
,,,,,,6136.0,-0.67708,0.00297,14.2327,3.9850240252324753
,,,,,,6137.0,-0.67708,0.00316,15.1227,3.914072939802078
,,,,,,6138.0,-0.67708,0.00335,16.0498,3.9182846545587915
,,,,,,6139.0,-0.67708,0.00355,17.0041,3.9415071604614442
,,,,,,6140.0,-0.67708,0.00375,17.9584,3.9060605899565783
,,,,,,6142.0,-0.67708,0.00395,18.9127,4.017213795725887
,,,,,,6143.0,-0.67708,0.00415,19.867,4.02600159319258
,,,,,,6144.0,-0.67708,0.00435,20.8213,3.9689413762864176
,,,,,,6145.0,-0.67708,0.00455,21.7731,3.9064958953769624
,,,,,,6146.0,-0.67708,0.00473,22.6285,3.9439463198323756
,,,,,,6147.0,-0.67708,0.00494,23.6273,3.8952144635678785
,,,,,,6148.0,-0.67708,0.00513,24.5445,3.9881889214398556
,,,,,,6149.0,-0.67708,0.0053,25.3826,3.869690653674482
,,,,,,6150.0,-0.67708,0.0055,26.327,3.827971599881756
,,,,,,6151.0,-0.67708,0.00571,27.3357,3.8449852616421527
,,,,,,6152.0,-0.67708,0.00591,28.2875,4.031164423609222
,,,,,,6153.0,-0.67708,0.00611,29.2418,3.971641985113494
,,,,,,6154.0,-0.67708,0.00631,30.1961,3.807034623665508
,,,,,,6155.0,-0.67708,0.00651,31.1503,3.8644624890470465
,,,,,,6156.0,-0.67708,0.00671,32.1046,3.964703755972874
,,,,,,6157.0,-0.67708,0.00691,33.049,3.969271774038728
,,,,,,6158.0,-0.67708,0.00708,33.8871,3.879810576043733
,,,,,,6159.0,-0.67708,0.00728,34.8389,4.034492820755698
,,,,,,6160.0,-0.67708,0.00748,35.7932,3.9219209583791907
,,,,,,6161.0,-0.67708,0.00768,36.7648,3.9141453409722584
,,,,,,6162.0,-0.67708,0.00786,37.6029,4.023923009302527
,,,,,,6163.0,-0.67708,0.00807,38.6017,3.9038403966558413
,,,,,,6164.0,-0.67708,0.00827,39.556,3.96497085656835
,,,,,,6166.0,-0.67708,0.00847,40.5103,3.9189704580390137
,,,,,,6167.0,-0.67708,0.00867,41.4621,3.890703198359299
,,,,,,6168.0,-0.67708,0.00887,42.4164,3.9185491632968352
,,,,,,6169.0,-0.67708,0.00906,43.3608,3.9230536969908765
,,,,,,6170.0,-0.67708,0.00924,44.1989,3.944028613817529
,,,,,,6171.0,-0.67708,0.00945,45.1977,3.958856640240161
,,,,,,6172.0,-0.67708,0.00964,46.1421,3.946681282087879
,,,,,,6173.0,-0.67708,0.00982,46.9801,3.9648713613153728
,,,,,,6174.0,-0.67708,0.01002,47.9344,3.8824729301486527
,,,,,,6175.0,-0.67708,0.01022,48.8863,3.957706006599267
,,,,,,6176.0,-0.67708,0.01042,49.8405,3.9235642038847858
,,,,,,6177.0,-0.67708,0.01061,50.7849,3.9540521383489615
,,,,,,6178.0,-0.67708,0.0108,51.6774,3.9191068362904464
,,,,,,6179.0,-0.67708,0.01101,52.6663,3.9201961365184537
,,,,,,6180.0,-0.67708,0.0112,53.6107,3.974504537271605
,,,,,,6181.0,-0.67708,0.01138,54.4488,3.8910003714712507
,,,,,,6182.0,-0.67708,0.01158,55.4031,3.9187098178792836
,,,,,,6183.0,-0.67708,0.01178,56.3846,3.7878094852782374
,,,,,,6184.0,-0.67708,0.01198,57.3364,3.93940810454305
,,,,,,6185.0,-0.67708,0.01218,58.2907,3.8976368792854377
,,,,,,6186.0,-0.67708,0.01237,59.2005,3.9179742881470396
,,,,,,6187.0,-0.67708,0.01256,60.1004,3.8910132234565644
,,,,,,6188.0,-0.67708,0.01276,61.0547,3.8904249809897182
,,,,,,6189.0,-0.67708,0.01296,62.009,3.841080394705328
,,,,,,6190.0,-0.67708,0.01316,62.9608,3.894620982997645
,,,,,,6192.0,-0.67708,0.01336,63.9151,3.915264814483188
,,,,,,6193.0,-0.67708,0.01356,64.8693,4.00671893117748
,,,,,,6194.0,-0.67708,0.01374,65.7247,3.9076584439451953
,,,,,,6195.0,-0.67708,0.01393,66.6691,3.873535298721529
,,,,,,6196.0,-0.67708,0.01414,67.6333,3.955907895302019
,,,,,,6197.0,-0.67708,0.01433,68.5851,3.9077125680744054
,,,,,,6198.0,-0.67708,0.01453,69.5394,3.8876739898020327
,,,,,,6199.0,-0.67708,0.01473,70.4838,4.024161292856375
,,,,,,6200.0,-0.67708,0.01491,71.3219,4.0243410101467925
,,,,,,6201.0,-0.67708,0.01511,72.2762,3.8379002365468633
,,,,,,6202.0,-0.67708,0.01531,73.2305,3.8963582777536114
,,,,,,6203.0,-0.67708,0.0155,74.1823,3.947812002613707
,,,,,,6204.0,-0.67708,0.0157,75.1366,3.972648865141477
,,,,,,6205.0,-0.67708,0.0159,76.0909,3.871435682938894
,,,,,,6206.0,-0.67708,0.0161,77.0452,3.945906256978149
,,,,,,6207.0,-0.67708,0.0163,77.9995,3.908702367536786
,,,,,,6208.0,-0.67708,0.01638,78.3579,3.818891084536059
,,,,,,6208.0,-1.35417,0.01638,78.3579,3.92409771365251
,,,,,,6209.0,-1.35231,0.01682,80.4618,3.960245391199687
,,,,,,6210.0,-1.35045,0.01717,82.1355,3.7917367425309596
,,,,,,6211.0,-1.35417,0.01756,84.0416,3.9342494452820405
,,,,,,6212.0,-1.35789,0.01796,85.9502,4.040793662857243
,,,,,,6213.0,-1.35417,0.01836,87.8563,3.8580965292468528
,,,,,,6214.0,-1.35603,0.01876,89.7649,3.8803928431828405
,,,,,,6215.0,-1.35231,0.01916,91.671,3.8591434550061483
,,,,,,6216.0,-1.35603,0.01956,93.5796,3.8426908238334554
,,,,,,6217.0,-1.35417,0.01996,95.4857,3.908201742532046
,,,,,,6218.0,-1.35417,0.02035,97.3918,3.8504167788843287
,,,,,,6219.0,-1.35417,0.02075,99.3004,3.863803390498279
,,,,,,6220.0,-1.35045,0.0209,100.0,3.8654190729479785
,,,,,,6220.0,-1.35045,0.0209,100.0,3.8794962467949903
,,,,,,,,,,
,,,,,,6220.0,0.67894,0.0,0.0,3.907889059666093
,,,,,,6221.0,0.67894,0.00018,12.1985,3.9984159144192444
,,,,,,6222.0,0.67894,0.00038,25.2929,3.987163380356339
,,,,,,6223.0,0.67894,0.00058,38.5941,3.957936412196244
,,,,,,6224.0,0.67894,0.00078,51.9297,3.9724404127856534
,,,,,,6225.0,0.67894,0.00097,64.6451,3.9674909046280984
,,,,,,6226.0,0.67894,0.00115,76.6023,3.882970860259972
,,,,,,6227.0,0.67894,0.00135,89.938,3.9609913934238663
,,,,,,6228.0,0.67894,0.0015,100.0,3.955529010087348
,,,,,,6228.0,0.0,0.0015,100.0,3.930260612924945
,,,,,,6229.0,0.0,0.0015,100.0,4.020546547696272
,,,,,,6230.0,0.0,0.0015,100.0,3.8854295334200675
,,,,,,6231.0,0.0,0.0015,100.0,3.962061316145672
,,,,,,6232.0,0.0,0.0015,100.0,3.992778013188858
,,,,,,6233.0,0.0,0.0015,100.0,3.951051897747596
,,,,,,6234.0,0.0,0.0015,100.0,3.9826669707276476
,,,,,,6235.0,0.0,0.0015,100.0,3.9191034874775577
,,,,,,6236.0,0.0,0.0015,100.0,3.879979915814617
,,,,,,6237.0,0.0,0.0015,100.0,3.9169650630900925
,,,,,,6238.0,0.0,0.0015,100.0,3.977568671866954
,,,,,,6239.0,0.0,0.0015,100.0,3.909918374771871
,,,,,,6240.0,0.0,0.0015,100.0,3.913509951261921
,,,,,,6241.0,0.0,0.0015,100.0,3.947009830654811
,,,,,,6242.0,0.0,0.0015,100.0,3.95444632406471
,,,,,,6243.0,0.0,0.0015,100.0,4.014213031635589
,,,,,,6244.0,0.0,0.0015,100.0,3.9519555334578818
,,,,,,6244.0,0.0,0.0015,100.0,3.976296521007483
,,,,,,,,,,
,,,,,,6244.0,-0.67522,0.0,0.0,3.9466258559509737
,,,,,,6245.0,-0.67708,0.00018,0.4379,3.89239806914468
,,,,,,6246.0,-0.67708,0.00038,0.9236,3.88550205636327
,,,,,,6247.0,-0.67708,0.00056,1.364,3.8593377201052097
,,,,,,6248.0,-0.67708,0.00076,1.8586,3.932974241263134
,,,,,,6249.0,-0.67708,0.00094,2.2839,3.8947362727854786
,,,,,,6250.0,-0.67708,0.00114,2.7696,4.007539624471087
,,,,,,6251.0,-0.67708,0.00134,3.2553,3.9256116942290125
,,,,,,6252.0,-0.67708,0.00154,3.741,3.937446573463295
,,,,,,6253.0,-0.67708,0.00175,4.2544,3.8203555554983697
,,,,,,6254.0,-0.67708,0.00193,4.7074,3.9143218237752895
,,,,,,6255.0,-0.67708,0.00213,5.1932,3.8585230080982766
,,,,,,6256.0,-0.67708,0.00233,5.6789,3.9618229243399647
,,,,,,6257.0,-0.67708,0.00253,6.1633,3.90244916235151
,,,,,,6258.0,-0.67708,0.00273,6.6453,3.9221077346952375
,,,,,,6259.0,-0.67708,0.00293,7.131,3.886063154939926
,,,,,,6260.0,-0.67708,0.00313,7.6155,3.8546773350051624
,,,,,,6261.0,-0.67708,0.00334,8.1339,3.948314381192775
,,,,,,6262.0,-0.67708,0.00354,8.6146,3.942600075086937
,,,,,,6263.0,-0.67708,0.00374,9.1003,3.8488282326035224
,,,,,,6265.0,-0.67708,0.00394,9.586,3.8467887789506725
,,,,,,6266.0,-0.67708,0.00414,10.0705,3.8839722673580055
,,,,,,6267.0,-0.67708,0.00433,10.5562,3.923979582932398
,,,,,,6268.0,-0.67708,0.00453,11.0419,3.8532194777423547
,,,,,,6269.0,-0.67708,0.00473,11.5276,3.8964828418501045
,,,,,,6270.0,-0.67708,0.00492,11.9857,3.9503595410572796
,,,,,,6271.0,-0.67708,0.00512,12.4613,3.952801667178432
,,,,,,6272.0,-0.67708,0.00532,12.947,3.9051852168918417
,,,,,,6273.0,-0.67708,0.00552,13.4327,3.8914525103849655
,,,,,,6274.0,-0.67708,0.00571,13.9134,3.978656246858164
,,,,,,6275.0,-0.67708,0.00589,14.34,3.896412938485447
,,,,,,6276.0,-0.67708,0.00609,14.8257,3.951156845378677
,,,,,,6277.0,-0.67708,0.00629,15.3114,3.906147597214952
,,,,,,6278.0,-0.67708,0.00648,15.7921,3.903071406131694
,,,,,,6279.0,-0.67708,0.00658,16.035,3.91475916182517
,,,,,,6279.0,-5.40737,0.00658,16.035,3.796307428894617
,,,,,,6280.0,-5.40737,0.00816,19.8767,3.7448013545873344
,,,,,,6281.0,-5.40923,0.00974,23.7184,3.7707181734267725
,,,,,,6282.0,-5.40365,0.0113,27.5236,3.709824337254931
,,,,,,6283.0,-5.41109,0.01274,31.0356,3.689030537002152
,,,,,,6284.0,-5.40923,0.01434,34.9138,3.7224607281015736
,,,,,,6285.0,-5.40923,0.01594,38.8285,3.7088148656677853
,,,,,,6286.0,-5.40923,0.01752,42.6702,3.7837788709718443
,,,,,,6287.0,-5.40365,0.01853,45.1214,3.7734136285106046
,,,,,,6287.0,-3.391,0.01853,45.1214,3.7372832613435016
,,,,,,6288.0,-3.37984,0.0197,47.9804,3.8289405359487607
,,,,,,6289.0,-3.37984,0.0207,50.4027,3.830678538180745
,,,,,,6290.0,-3.37984,0.02156,52.5066,3.8382551405260843
,,,,,,6291.0,-3.37798,0.0226,55.0434,3.696974010546418
,,,,,,6292.0,-3.37798,0.02348,57.1713,3.771611763656895
,,,,,,6293.0,-3.38356,0.02453,59.7307,3.7168867127880203
,,,,,,6294.0,-3.3817,0.02551,62.1329,3.8195543424120144
,,,,,,6295.0,-3.37798,0.02651,64.5552,3.8386553050229866
,,,,,,6296.0,-3.38356,0.0275,66.9787,3.804411467889979
,,,,,,6297.0,-3.37984,0.0285,69.4035,3.7935501409331858
,,,,,,6298.0,-3.3817,0.02949,71.8258,3.7978088094273037
,,,,,,6299.0,-3.37984,0.03049,74.2507,3.8323100669757713
,,,,,,6300.0,-3.3817,0.03148,76.6528,3.6838946623404327
,,,,,,6301.0,-3.38356,0.03244,79.0072,3.7687069901678663
,,,,,,6302.0,-3.37798,0.03341,81.3615,3.866578122016379
,,,,,,6303.0,-3.38356,0.0344,83.7863,3.7847778680175113
,,,,,,6305.0,-3.3817,0.03539,86.1872,3.7926569355784423
,,,,,,6306.0,-3.37984,0.03639,88.6108,3.7667264045527267
,,,,,,6307.0,-3.3817,0.03733,90.9198,3.801496125804074
,,,,,,6308.0,-3.3817,0.03833,93.3447,3.6591321380276263
,,,,,,6309.0,-3.37984,0.03932,95.7682,3.8098104568284366
,,,,,,6310.0,-3.38356,0.04032,98.193,3.7719599758555207
,,,,,,6311.0,-3.3817,0.04106,100.0,3.9087245597448974
,,,,,,6311.0,-3.3817,0.04106,100.0,3.7289926441773265
,,,,,,,,,,
,,,,,,6311.0,1.35417,0.0,0.0,3.8626061861197027
,,,,,,6312.0,1.35045,0.00039,12.9187,3.8965826885026082
,,,,,,6313.0,1.35231,0.00081,26.8626,3.9203276550435198
,,,,,,6314.0,1.35603,0.0012,39.6787,3.8897365978878717
,,,,,,6315.0,1.34301,0.00157,52.0848,4.023763274794149
,,,,,,6316.0,1.35231,0.00193,63.6705,3.914546272028043
,,,,,,6317.0,1.35789,0.00233,76.9822,3.9122427252268617
,,,,,,6318.0,1.35417,0.00272,90.0547,3.873147191285652
,,,,,,6319.0,1.35045,0.00302,100.0,4.067902706804336
,,,,,,6319.0,1.35045,0.00302,100.0,3.8400747965005584
,,,,,,,,,,
,,,,,,6319.0,-1.35045,0.0,0.0,3.8417017970079095
,,,,,,6320.0,-1.35603,0.00041,3.4295,3.889664938182963
,,,,,,6321.0,-1.35603,0.00081,6.7349,3.9015465930794386
,,,,,,6322.0,-1.35231,0.00121,10.036,3.9338540002839295
,,,,,,6323.0,-1.35417,0.00161,13.3413,3.8745077988069876
,,,,,,6324.0,-1.35789,0.00201,16.6467,3.875085694858117
,,,,,,6325.0,-1.35231,0.0024,19.9135,3.846926473444311
,,,,,,6326.0,-1.35231,0.00275,22.8121,3.856005675734373
,,,,,,6327.0,-1.35417,0.00315,26.0875,3.814846388920377
,,,,,,6328.0,-1.35417,0.00355,29.3929,3.840157950441058
,,,,,,6329.0,-1.35417,0.00395,32.6982,3.8613822748498694
,,,,,,6330.0,-1.35045,0.00434,35.9993,3.893097517442994
,,,,,,6331.0,-1.35231,0.00474,39.3004,3.8565432908843253
,,,,,,6332.0,-1.35045,0.00515,42.6357,3.8121895374284605
,,,,,,6333.0,-1.35417,0.00554,45.9368,3.7401896154809524
,,,,,,6334.0,-1.35231,0.00594,49.2422,3.8168772109381885
,,,,,,6335.0,-1.35789,0.00634,52.5432,3.923809970132324
,,,,,,6337.0,-1.35231,0.00674,55.8443,3.872061631716561
,,,,,,6338.0,-1.35603,0.00712,58.9613,3.8518909455837163
,,,,,,6339.0,-1.35789,0.00749,62.0483,3.7945868536807357
,,,,,,6340.0,-1.35231,0.00789,65.3494,3.863008780151333
,,,,,,6341.0,-1.35231,0.00828,68.6205,3.869794047254942
,,,,,,6342.0,-1.35231,0.00863,71.5191,3.9188887109400796
,,,,,,6343.0,-1.35231,0.00903,74.8202,3.8763594726697743
,,,,,,6344.0,-1.35231,0.00943,78.1255,3.975581719557244
,,,,,,6345.0,-1.35231,0.00983,81.4266,3.7967309606140276
,,,,,,6346.0,-1.35231,0.01018,84.3252,3.841287100523375
,,,,,,6347.0,-1.35603,0.01057,87.6263,3.7697579139409223
,,,,,,6348.0,-1.35231,0.01097,90.9274,3.8747075382054814
,,,,,,6349.0,-1.35231,0.01137,94.2327,3.872945908218112
,,,,,,6350.0,-1.35231,0.01177,97.5381,3.8360904891788365
,,,,,,6351.0,-1.35045,0.01207,100.0,3.812351631273553
,,,,,,6351.0,-1.35045,0.01207,100.0,3.7305632524403585
,,,,,,,,,,
,,,,,,6351.0,2.71205,0.0,0.0,3.961963763146133
,,,,,,6352.0,2.70647,0.00078,13.0559,4.019129767166931
,,,,,,6353.0,2.70647,0.00148,24.7388,4.002752153099625
,,,,,,6354.0,2.70461,0.00228,38.0623,3.8787263298548913
,,,,,,6355.0,2.70833,0.00307,51.3859,3.994514422377648
,,,,,,6356.0,2.70647,0.00387,64.7094,3.943284463282232
,,,,,,6357.0,2.70833,0.00469,78.3956,3.9170130727466583
,,,,,,6358.0,2.70461,0.00549,91.7106,4.080463267368043
,,,,,,6359.0,2.70647,0.00598,100.0,4.115954696119756
,,,,,,6359.0,0.0,0.00598,100.0,3.9249667167209448
,,,,,,6360.0,0.0,0.00598,100.0,3.8896842139091365
,,,,,,6361.0,0.0,0.00598,100.0,3.8714444309323075
,,,,,,6362.0,0.0,0.00598,100.0,3.8909266627357786
,,,,,,6363.0,0.0,0.00598,100.0,3.9435775747184363
,,,,,,6364.0,0.0,0.00598,100.0,3.9701675345803737
,,,,,,6365.0,0.0,0.00598,100.0,3.831423787741533
,,,,,,6366.0,0.0,0.00598,100.0,3.939511559105846
,,,,,,6367.0,0.0,0.00598,100.0,3.9341334768407985
,,,,,,6368.0,0.0,0.00598,100.0,3.920119333274596
,,,,,,6369.0,0.0,0.00598,100.0,3.871622340893941
,,,,,,6370.0,0.0,0.00598,100.0,3.952786415127744
,,,,,,6371.0,0.0,0.00598,100.0,4.0035300195743595
,,,,,,6372.0,0.0,0.00598,100.0,3.9124760776634955
,,,,,,6373.0,0.0,0.00598,100.0,3.8725255746762657
,,,,,,6375.0,0.0,0.00598,100.0,3.8422496701430733
,,,,,,6376.0,0.0,0.00598,100.0,3.830759103734179
,,,,,,6377.0,0.0,0.00598,100.0,4.017333803897141
,,,,,,6378.0,0.0,0.00598,100.0,3.875274065162647
,,,,,,6379.0,0.0,0.00598,100.0,3.9929456801703496
,,,,,,6380.0,0.0,0.00598,100.0,3.958670972371888
,,,,,,6381.0,0.0,0.00598,100.0,4.02408467396866
,,,,,,6382.0,0.0,0.00598,100.0,3.9249113032893397
,,,,,,6383.0,0.0,0.00598,100.0,3.9987504489221255
,,,,,,6384.0,0.0,0.00598,100.0,3.969171482668869
,,,,,,6385.0,0.0,0.00598,100.0,3.9370511192327022
,,,,,,6386.0,0.0,0.00598,100.0,4.002100811245988
,,,,,,6387.0,0.0,0.00598,100.0,3.915557758458022
,,,,,,6388.0,0.0,0.00598,100.0,3.899466469231872
,,,,,,6389.0,0.0,0.00598,100.0,3.904641900833688
,,,,,,6390.0,0.0,0.00598,100.0,3.8701398968782716
,,,,,,6391.0,0.0,0.00598,100.0,3.898891949256111
,,,,,,6392.0,0.0,0.00598,100.0,3.9367371012212207
,,,,,,6393.0,0.0,0.00598,100.0,3.887004289144779
,,,,,,6394.0,0.0,0.00598,100.0,3.9539941299551447
,,,,,,6395.0,0.0,0.00598,100.0,3.922107297749611
,,,,,,6397.0,0.0,0.00598,100.0,3.86930249013031
,,,,,,6398.0,0.0,0.00598,100.0,3.878796498084343
,,,,,,6399.0,0.0,0.00598,100.0,3.9989884980097523
,,,,,,6400.0,0.0,0.00598,100.0,3.961475289252275
,,,,,,6401.0,0.0,0.00598,100.0,3.988168267239375
,,,,,,6402.0,0.0,0.00598,100.0,3.857849444338065
,,,,,,6403.0,0.0,0.00598,100.0,3.880205233386789
,,,,,,6404.0,0.0,0.00598,100.0,3.8986546708960828
,,,,,,6405.0,0.0,0.00598,100.0,3.9702711406904987
,,,,,,6406.0,0.0,0.00598,100.0,3.9548591207916797
,,,,,,6407.0,0.0,0.00598,100.0,4.051501526324915
,,,,,,6408.0,0.0,0.00598,100.0,3.9024557453534645
,,,,,,6409.0,0.0,0.00598,100.0,3.9186604437463632
,,,,,,6410.0,0.0,0.00598,100.0,3.9328496937718302
,,,,,,6411.0,0.0,0.00598,100.0,3.9218717702678987
,,,,,,6412.0,0.0,0.00598,100.0,3.9514165680338045
,,,,,,6413.0,0.0,0.00598,100.0,3.9432598353935386
,,,,,,6414.0,0.0,0.00598,100.0,3.9281109982632203
,,,,,,6414.0,0.0,0.00598,100.0,3.9997383692747235
,,,,,,,,,,
,,,,,,6414.0,-0.67336,0.0,0.0,3.983766319108899
,,,,,,6415.0,-0.67522,0.0002,2.0277,3.877664978699379
,,,,,,6416.0,-0.67708,0.0004,4.0554,3.8625641750744033
,,,,,,6417.0,-0.67708,0.0006,6.0726,3.8824660326626868
,,,,,,6418.0,-0.67708,0.00077,7.8527,3.894038687998477
,,,,,,6419.0,-0.67708,0.00097,9.8857,3.8868945041025893
,,,,,,6420.0,-0.67708,0.00117,11.9187,3.887027761532846
,,,,,,6421.0,-0.67708,0.00137,13.9306,3.9415007707316634
,,,,,,6422.0,-0.67708,0.00157,15.9636,3.8108836344265784
,,,,,,6423.0,-0.67708,0.00177,17.9965,3.967021725423459
,,,,,,6424.0,-0.67708,0.00196,20.0242,3.850126747484494
,,,,,,6425.0,-0.67708,0.00215,21.9413,3.9301038525086693
,,,,,,6426.0,-0.67708,0.00234,23.8584,3.9089625494745017
,,,,,,6427.0,-0.67708,0.00252,25.6439,3.924117620175043
,,,,,,6428.0,-0.67708,0.00272,27.6768,3.8472686676191445
,,,,,,6429.0,-0.67708,0.0029,29.6097,3.9501903240241005
,,,,,,6430.0,-0.67708,0.0031,31.5479,3.9323981191178077
,,,,,,6431.0,-0.67708,0.00329,33.5809,3.8427205326957834
,,,,,,6432.0,-0.67708,0.00349,35.6138,3.864375095940003
,,,,,,6433.0,-0.67708,0.00369,37.6468,3.934270694601614
,,,,,,6434.0,-0.67708,0.00389,39.6745,3.790700401481732
,,,,,,6436.0,-0.67708,0.00409,41.7075,3.9665537400819746
,,,,,,6437.0,-0.67708,0.00429,43.7405,4.011740842346937
,,,,,,6438.0,-0.67708,0.00449,45.7734,3.7994224494535715
,,,,,,6439.0,-0.67708,0.00469,47.7853,3.9756537845334967
,,,,,,6440.0,-0.67708,0.00489,49.8183,3.852526296561177
,,,,,,6441.0,-0.67708,0.00508,51.8302,3.8757638518112874
,,,,,,6442.0,-0.67708,0.00529,53.8842,3.937071743221852
,,,,,,6442.0,-1.35789,0.00529,53.8842,3.940397071294671
,,,,,,6443.0,-1.35045,0.00569,57.9502,3.917190723740129
,,,,,,6444.0,-1.35417,0.00607,61.895,4.001432862245488
,,,,,,6445.0,-1.35789,0.00647,65.9557,3.7384547506812016
,,,,,,6446.0,-1.35417,0.00687,70.0163,3.8760634441759874
,,,,,,6447.0,-1.35417,0.00722,73.5872,3.9158539233946414
,,,,,,6448.0,-1.35603,0.00762,77.6479,3.895469754211824
,,,,,,6449.0,-1.35603,0.00802,81.7138,3.8752085144858817
,,,,,,6450.0,-1.35417,0.00842,85.7798,3.8498319999146626
,,,,,,6451.0,-1.35417,0.00881,89.8404,3.9237644700668453
,,,,,,6452.0,-1.35231,0.00921,93.9011,3.7634991240524958
,,,,,,6453.0,-1.35789,0.00961,97.967,3.8582331768647573
,,,,,,6454.0,-1.35231,0.00981,100.0,3.800760228777422
,,,,,,6454.0,-1.35231,0.00981,100.0,3.8986787705479466
,,,,,,,,,,
,,,,,,6454.0,0.67894,0.0,0.0,3.8364296208730084
,,,,,,6455.0,0.67894,0.00023,15.4137,3.9517945787016884
,,,,,,6456.0,0.67894,0.00043,28.6989,3.9800964622839032
,,,,,,6457.0,0.67894,0.00063,41.9842,3.8679894534829584
,,,,,,6458.0,0.67894,0.00083,55.2695,3.9161632941921924
,,,,,,6459.0,0.67894,0.00103,68.5548,3.9177645600796174
,,,,,,6460.0,0.67894,0.00123,81.8057,3.9308364809613408
,,,,,,6461.0,0.67894,0.00143,95.091,3.9990103733668994
,,,,,,6462.0,0.67894,0.00151,100.0,3.958320473485844
,,,,,,6462.0,0.0,0.00151,100.0,3.8959203195967014
,,,,,,6463.0,0.0,0.00151,100.0,3.8820259743786893
,,,,,,6464.0,0.0,0.00151,100.0,3.909081447351783
,,,,,,6465.0,0.0,0.00151,100.0,3.988584441615499
,,,,,,6466.0,0.0,0.00151,100.0,3.9241787964139667
,,,,,,6467.0,0.0,0.00151,100.0,3.941818659783572
,,,,,,6468.0,0.0,0.00151,100.0,4.00432891055257
,,,,,,6469.0,0.0,0.00151,100.0,3.9186988190406558
,,,,,,6470.0,0.0,0.00151,100.0,3.9550325492920426
,,,,,,6471.0,0.0,0.00151,100.0,3.93461114160519
,,,,,,6472.0,0.0,0.00151,100.0,3.910982376371227
,,,,,,6473.0,0.0,0.00151,100.0,3.9282253580055593
,,,,,,6474.0,0.0,0.00151,100.0,3.905534282517181
,,,,,,6475.0,0.0,0.00151,100.0,3.931065534503483
,,,,,,6476.0,0.0,0.00151,100.0,4.009308166079979
,,,,,,6477.0,0.0,0.00151,100.0,3.851844986801761
,,,,,,6478.0,0.0,0.00151,100.0,3.904426011359683
,,,,,,6478.0,0.0,0.00151,100.0,3.9629761275100943
,,,,,,,,,,
,,,,,,6478.0,-0.67522,0.0,0.0,3.841193527653135
,,,,,,6479.0,-0.67708,0.0002,0.9356,3.8206387467727185
,,,,,,6480.0,-0.67708,0.00039,1.8712,3.8816197169052282
,,,,,,6481.0,-0.67708,0.00059,2.844,3.958857548614485
,,,,,,6482.0,-0.67708,0.00078,3.745,3.8737619254465314
,,,,,,6483.0,-0.67708,0.00098,4.7004,3.9318539032261617
,,,,,,6484.0,-0.67708,0.00118,5.6558,3.8688431399103558
,,,,,,6485.0,-0.67708,0.00138,6.6112,3.7932965052397063
,,,,,,6486.0,-0.67708,0.00158,7.5642,3.924869424858865
,,,,,,6487.0,-0.67708,0.00178,8.5122,3.8265728907268457
,,,,,,6488.0,-0.67708,0.00195,9.3488,3.858114860515362
,,,,,,6489.0,-0.67708,0.00216,10.3488,3.92075333943858
,,,,,,6490.0,-0.67708,0.00236,11.3042,3.811751994973607
,,,,,,6491.0,-0.67708,0.00256,12.2596,3.952253858424665
,,,,,,6492.0,-0.67708,0.00276,13.215,3.926946422067079
,,,,,,6494.0,-0.67708,0.00296,14.168,3.9006138738435836
,,,,,,6495.0,-0.67708,0.00316,15.1234,3.8620954450489435
,,,,,,6496.0,-0.67708,0.00336,16.0788,3.9884930509307894
,,,,,,6497.0,-0.67708,0.00354,16.9625,3.9056055950087485
,,,,,,6498.0,-0.67708,0.00374,17.8981,3.876722726831085
,,,,,,6499.0,-0.67708,0.00394,18.8535,3.7765768160057203
,,,,,,6500.0,-0.67708,0.00414,19.8089,3.914911791869668
,,,,,,6501.0,-0.67708,0.00433,20.7643,3.880679348792601
,,,,,,6502.0,-0.67708,0.00453,21.7198,4.018425162989957
,,,,,,6503.0,-0.67708,0.00473,22.6752,3.8783659527790344
,,,,,,6504.0,-0.67708,0.00494,23.6826,3.8857403684045275
,,,,,,6505.0,-0.67708,0.00513,24.5662,3.8725614959462846
,,,,,,6506.0,-0.67708,0.00532,25.4944,3.846921550624491
,,,,,,6507.0,-0.67708,0.00552,26.4399,3.872128181131231
,,,,,,6508.0,-0.67708,0.00572,27.4053,3.897822391724476
,,,,,,6509.0,-0.67708,0.0059,28.2419,3.9363511132618845
,,,,,,6510.0,-0.67708,0.00609,29.1973,3.958779170327722
,,,,,,6511.0,-0.67708,0.00629,30.1527,3.780392614363748
,,,,,,6512.0,-0.67708,0.00649,31.1081,3.8721873002193608
,,,,,,6513.0,-0.67708,0.00669,32.0611,3.949605040740944
,,,,,,6515.0,-0.67708,0.00689,33.0165,3.9143660883524443
,,,,,,6516.0,-0.67708,0.00709,33.9719,4.0091446654680265
,,,,,,6517.0,-0.67708,0.00729,34.9274,3.906940241189212
,,,,,,6518.0,-0.67708,0.00749,35.8828,3.8334270859460955
,,,,,,6519.0,-0.67708,0.00769,36.8382,3.9684869797308218
,,,,,,6520.0,-0.67708,0.00786,37.6748,3.856790417504041
,,,,,,6521.0,-0.67708,0.00806,38.603,3.8657297612015076
,,,,,,6522.0,-0.67708,0.00826,39.5584,3.9508056620057164
,,,,,,6523.0,-0.67708,0.00846,40.5139,3.890128456647107
,,,,,,6524.0,-0.67708,0.00866,41.4693,3.897449395860435
,,,,,,6525.0,-0.67708,0.00885,42.4148,3.8512144941955913
,,,,,,6526.0,-0.67708,0.00903,43.2514,3.8686020622330464
,,,,,,6527.0,-0.67708,0.00923,44.2068,3.913878381389088
,,,,,,6528.0,-0.67708,0.00944,45.2266,3.9206516632348727
,,,,,,6529.0,-0.67708,0.00964,46.1796,3.9494608435053165
,,,,,,6530.0,-0.67708,0.00984,47.1275,3.8805804869055893
,,,,,,6531.0,-0.67708,0.01001,47.9642,3.9303349535035172
,,,,,,6532.0,-0.67708,0.01021,48.9196,3.9398383358724525
,,,,,,6533.0,-0.67708,0.01041,49.875,3.837757192565769
,,,,,,6534.0,-0.67708,0.01061,50.8205,3.94237285615833
,,,,,,6535.0,-0.67708,0.01078,51.6571,3.892302402089554
,,,,,,6536.0,-0.67708,0.01097,52.5581,3.9223491886867783
,,,,,,6537.0,-0.67708,0.01117,53.5135,3.9089380032460386
,,,,,,6538.0,-0.67708,0.01137,54.4689,3.888699608869857
,,,,,,6539.0,-0.67708,0.01157,55.4244,3.8648185306663816
,,,,,,6540.0,-0.67708,0.01177,56.3798,3.8411549832680922
,,,,,,6542.0,-0.67708,0.01197,57.3352,3.86080034583641
,,,,,,6543.0,-0.67708,0.01217,58.2906,3.905035302401156
,,,,,,6544.0,-0.67708,0.01238,59.2906,3.947540262943931
,,,,,,6545.0,-0.67708,0.01256,60.1817,3.9268556416533773
,,,,,,6546.0,-0.67708,0.01276,61.1173,3.9198645813348216
,,,,,,6547.0,-0.67708,0.01296,62.0727,3.9185902162560917
,,,,,,6548.0,-0.67708,0.01316,63.0281,3.861948577347563
,,,,,,6549.0,-0.67708,0.01336,63.9935,3.860897058653764
,,,,,,6550.0,-0.67708,0.01356,64.9464,3.9019510606197723
,,,,,,6551.0,-0.67708,0.01376,65.9018,3.883605701129704
,,,,,,6552.0,-0.67708,0.01396,66.8573,3.89070187001168
,,,,,,6553.0,-0.67708,0.01416,67.8127,3.9374674597377797
,,,,,,6554.0,-0.67708,0.01435,68.7582,3.869869249419484
,,,,,,6555.0,-0.67708,0.01453,69.5973,3.8571723501883577
,,,,,,6556.0,-0.67708,0.01473,70.5527,3.9161751674571432
,,,,,,6557.0,-0.67708,0.01493,71.5057,3.82342842349456
,,,,,,6558.0,-0.67708,0.01513,72.4611,3.904197886157728
,,,,,,6559.0,-0.67708,0.01533,73.4165,3.9557358472462076
,,,,,,6560.0,-0.67708,0.01553,74.3719,3.9708697351530855
,,,,,,6561.0,-0.67708,0.01572,75.3273,3.8333353879412244
,,,,,,6563.0,-0.67708,0.01592,76.2828,3.9136368521951783
,,,,,,6564.0,-0.67708,0.01612,77.2357,3.8498996859745245
,,,,,,6565.0,-0.67708,0.01633,78.2109,3.8645121102454665
,,,,,,6565.0,-0.67708,0.01638,78.4535,3.895393488729848
,,,,,,6565.0,-1.34859,0.01638,78.4535,3.8673949164469335
,,,,,,6566.0,-1.35045,0.01673,80.1465,3.858589413080076
,,,,,,6567.0,-1.35417,0.01714,82.092,3.858074380679243
,,,,,,6568.0,-1.35417,0.01754,84.0004,3.8946846117680884
,,,,,,6569.0,-1.35045,0.01793,85.9112,3.8196802873000704
,,,,,,6570.0,-1.35045,0.01833,87.8221,3.860818846026333
,,,,,,6571.0,-1.35417,0.01873,89.7305,3.915679659137561
,,,,,,6572.0,-1.35417,0.01913,91.6413,3.935860563857535
,,,,,,6573.0,-1.35231,0.01953,93.5521,3.9184439978288315
,,,,,,6574.0,-1.35417,0.01993,95.4778,3.8667109029503983
,,,,,,6575.0,-1.35231,0.02033,97.3887,3.8051496951759156
,,,,,,6576.0,-1.35417,0.02072,99.2797,3.7901517158094835
,,,,,,6577.0,-1.35417,0.02088,100.0,3.7919648068302174
,,,,,,6577.0,-1.35417,0.02088,100.0,3.8286191232755153
,,,,,,,,,,
,,,,,,6577.0,0.6808,0.0,0.0,3.875722303937092
,,,,,,6578.0,0.6808,0.00019,12.3774,3.8895114820840124
,,,,,,6579.0,0.6808,0.0004,26.2428,3.930835539110964
,,,,,,6580.0,0.6808,0.0006,39.3642,3.971951033626707
,,,,,,6581.0,0.6808,0.0008,52.4856,3.8304143362961693
,,,,,,6582.0,0.6808,0.001,65.4718,3.9262952807819134
,,,,,,6583.0,0.6808,0.00118,76.9699,3.8896498562270017
,,,,,,6584.0,0.6808,0.00138,90.0913,3.83696865748391
,,,,,,6585.0,0.6808,0.00153,100.0,3.9546038617400754
,,,,,,6585.0,0.0,0.00153,100.0,3.9487482579711983
,,,,,,6586.0,0.0,0.00153,100.0,3.898940860155445
,,,,,,6587.0,0.0,0.00153,100.0,3.9362413716171507
,,,,,,6588.0,0.0,0.00153,100.0,3.876849092773317
,,,,,,6589.0,0.0,0.00153,100.0,3.9562487387009035
,,,,,,6590.0,0.0,0.00153,100.0,3.9413359676062742
,,,,,,6591.0,0.0,0.00153,100.0,3.9712746446173113
,,,,,,6592.0,0.0,0.00153,100.0,3.9377461748575615
,,,,,,6593.0,0.0,0.00153,100.0,3.987719298166579
,,,,,,6594.0,0.0,0.00153,100.0,3.969778446395794
,,,,,,6595.0,0.0,0.00153,100.0,3.9127066149252117
,,,,,,6596.0,0.0,0.00153,100.0,3.9549707179505793
,,,,,,6597.0,0.0,0.00153,100.0,3.898897677432852
,,,,,,6598.0,0.0,0.00153,100.0,3.89289812499933
,,,,,,6599.0,0.0,0.00153,100.0,3.9344551276831528
,,,,,,6600.0,0.0,0.00153,100.0,3.9519688278860485
,,,,,,6601.0,0.0,0.00153,100.0,3.9425788225011873
,,,,,,6601.0,0.0,0.00153,100.0,3.910164640726505
,,,,,,,,,,
,,,,,,6601.0,-0.67522,0.0,0.0,3.9427936220040607
,,,,,,6602.0,-0.67522,0.0002,0.4962,3.9124697539323137
,,,,,,6603.0,-0.67708,0.00038,0.9197,3.889904163905604
,,,,,,6604.0,-0.67708,0.00057,1.3758,3.8979725327059214
,,,,,,6605.0,-0.67708,0.00078,1.882,3.8493527432422447
,,,,,,6606.0,-0.67708,0.00098,2.3657,3.9324069841736113
,,,,,,6607.0,-0.67708,0.00117,2.8494,3.8458023118656417
,,,,,,6608.0,-0.67708,0.00137,3.333,3.950105845917696
,,,,,,6609.0,-0.67708,0.00157,3.8117,3.8676411185409405
,,,,,,6610.0,-0.67708,0.00175,4.2352,3.894859451969396
,,,,,,6611.0,-0.67708,0.00195,4.7377,3.8687942336060495
,,,,,,6612.0,-0.67708,0.00214,5.1888,3.8950039701962034
,,,,,,6613.0,-0.67708,0.00234,5.6812,3.8404260218026423
,,,,,,6614.0,-0.67708,0.00252,6.106,3.8733754754240786
,,,,,,6615.0,-0.67708,0.00272,6.5896,3.81850919741724
,,,,,,6616.0,-0.67708,0.00292,7.0733,3.8542782272971876
,,,,,,6617.0,-0.67708,0.00312,7.5557,3.827222895845189
,,,,,,6618.0,-0.67708,0.00329,7.9805,3.862625456147194
,,,,,,6620.0,-0.67708,0.00349,8.4642,3.8670243874791987
,,,,,,6621.0,-0.67708,0.00369,8.9478,3.8894780708659744
,,,,,,6622.0,-0.67708,0.00389,9.4303,3.930309636731372
,,,,,,6623.0,-0.67708,0.00409,9.9139,3.9127788163169765
,,,,,,6624.0,-0.67708,0.00429,10.3976,3.932678090931435
,,,,,,6625.0,-0.67708,0.00449,10.8813,3.8061766671753703
,,,,,,6626.0,-0.67708,0.00468,11.3599,3.961694150054056
,,,,,,6627.0,-0.67708,0.00486,11.7847,3.8775165951751207
,,,,,,6628.0,-0.67708,0.00507,12.2997,3.8624992871595945
,,,,,,6629.0,-0.67708,0.00526,12.7508,3.922102976285725
,,,,,,6630.0,-0.67708,0.00546,13.2344,3.941322712139423
,,,,,,6631.0,-0.67708,0.00566,13.7181,3.9653710180053223
,,,,,,6632.0,-0.67708,0.00583,14.1429,3.927479663144418
,,,,,,6633.0,-0.67708,0.00603,14.6253,3.864285449369476
,,,,,,6634.0,-0.67708,0.00623,15.109,3.9231473529174345
,,,,,,6635.0,-0.67708,0.00643,15.5926,3.7894864211078714
,,,,,,6636.0,-0.67708,0.0066,16.0174,3.8445376172093995
,,,,,,6636.0,-5.39993,0.0066,16.0174,3.699081709696277
,,,,,,6637.0,-5.40365,0.00808,19.586,3.7988871482278195
,,,,,,6638.0,-5.40737,0.00968,23.4829,3.6870715481909984
,,,,,,6639.0,-5.40365,0.01117,27.0904,3.729454673575483
,,,,,,6640.0,-5.40365,0.01272,30.8419,3.7225564182699635
,,,,,,6641.0,-5.41109,0.01431,34.7037,3.6979450398898255
,,,,,,6642.0,-5.41109,0.0159,38.5643,3.599461230337406
,,,,,,6643.0,-5.40551,0.01749,42.4249,3.72345475292137
,,,,,,6644.0,-5.40737,0.01868,45.3018,3.6686620996309025
,,,,,,6644.0,-3.39286,0.01868,45.3018,3.8383514722697716
,,,,,,6645.0,-3.37984,0.01985,48.1274,3.840179265898852
,,,,,,6646.0,-3.37612,0.02083,50.5169,3.836497068372879
,,,,,,6647.0,-3.37984,0.02177,52.7949,3.7919349706121217
,,,,,,6648.0,-3.37612,0.02265,54.9338,3.811701041588229
,,,,,,6649.0,-3.38356,0.02365,57.3484,3.7316921868456427
,,,,,,6650.0,-3.38356,0.02463,59.7178,3.7698502775459883
,,,,,,6651.0,-3.37984,0.02563,62.1549,3.7770791348315242
,,,,,,6653.0,-3.37984,0.02663,64.5683,3.7800673854010785
,,,,,,6654.0,-3.37798,0.02762,66.9816,3.8325664628329363
,,,,,,6655.0,-3.3817,0.02862,69.3937,3.819634174901765
,,,,,,6656.0,-3.3817,0.02961,71.8095,3.828086605619438
,,,,,,6657.0,-3.3817,0.03061,74.2241,3.8075753561653722
,,,,,,6658.0,-3.3817,0.0316,76.6374,3.720470518474802
,,,,,,6659.0,-3.37984,0.03255,78.9379,3.74713622667828
,,,,,,6660.0,-3.37984,0.03346,81.147,3.7365390631647735
,,,,,,6661.0,-3.3817,0.03446,83.5603,3.751934879428043
,,,,,,6662.0,-3.37984,0.03545,85.9749,3.7672672331794548
,,,,,,6663.0,-3.37798,0.03651,88.5474,3.7845129692865314
,,,,,,6664.0,-3.3817,0.03751,90.9607,3.7508248276096587
,,,,,,6665.0,-3.37984,0.03838,93.0783,3.7870968584358278
,,,,,,6666.0,-3.37798,0.03938,95.4916,3.758227649221557
,,,,,,6667.0,-3.37612,0.04037,97.9062,3.7771611225579838
,,,,,,6668.0,-3.38356,0.04124,100.0,3.7814641810592446
,,,,,,6668.0,-3.38356,0.04124,100.0,3.686280145556143
,,,,,,,,,,
,,,,,,6668.0,1.35603,0.0,0.0,3.8452023785625764
,,,,,,6669.0,1.35789,0.00036,11.8394,3.8955930417331768
,,,,,,6670.0,1.35603,0.00075,24.8284,3.9397316808198624
,,,,,,6671.0,1.35603,0.00116,38.6067,3.98070035849119
,,,,,,6672.0,1.35603,0.00156,51.733,3.948705624297705
,,,,,,6673.0,1.35417,0.00191,63.3665,3.964255269282993
,,,,,,6674.0,1.35603,0.00231,76.6129,3.959545870568851
,,,,,,6675.0,1.35789,0.00271,89.9966,3.9393216642485096
,,,,,,6676.0,1.35603,0.00301,100.0,3.9684155225427995
,,,,,,6676.0,1.35603,0.00301,100.0,3.9567830906395476
,,,,,,,,,,
,,,,,,6676.0,-1.35975,0.0,0.0,3.7954018911491914
,,,,,,6677.0,-1.35789,0.00038,3.1842,3.7386521471368477
,,,,,,6678.0,-1.35417,0.00078,6.497,3.9035692463787997
,,,,,,6679.0,-1.35045,0.00118,9.8011,3.8141386791419345
,,,,,,6680.0,-1.35231,0.00158,13.1053,3.866732105942397
,,,,,,6681.0,-1.35603,0.00198,16.4095,3.839019690507863
,,,,,,6682.0,-1.35417,0.00237,19.6837,3.776260516883391
,,,,,,6683.0,-1.35603,0.00272,22.5808,3.857344498120441
,,,,,,6684.0,-1.35231,0.00312,25.885,3.9404922197077
,,,,,,6686.0,-1.35231,0.00352,29.1935,3.816810193825258
,,,,,,6687.0,-1.35417,0.00392,32.5019,3.8430854698800143
,,,,,,6688.0,-1.35975,0.00432,35.8104,3.7468901483503054
,,,,,,6689.0,-1.35417,0.00472,39.1189,3.7377099855320077
,,,,,,6690.0,-1.35417,0.00511,42.3931,3.8179458473406602
,,,,,,6691.0,-1.35417,0.00546,45.2944,3.774156293590299
,,,,,,6692.0,-1.35603,0.00586,48.6029,3.8313667237454476
,,,,,,6693.0,-1.35603,0.00626,51.9114,3.90409672359712
,,,,,,6694.0,-1.35603,0.00666,55.2199,3.825506838016853
,,,,,,6695.0,-1.35417,0.00706,58.5283,3.8455899012025707
,,,,,,6696.0,-1.35231,0.00744,61.7382,3.852357344755808
,,,,,,6697.0,-1.35603,0.00779,64.6439,3.8683050713172693
,,,,,,6698.0,-1.35231,0.0082,68.0123,3.7353708612998986
,,,,,,6699.0,-1.35231,0.00855,70.9137,3.860617644245816
,,,,,,6700.0,-1.35417,0.00895,74.2179,3.8473245180725293
,,,,,,6701.0,-1.35417,0.00935,77.5349,3.7677025972237397
,,,,,,6702.0,-1.35417,0.00975,80.8391,3.879355612157286
,,,,,,6703.0,-1.35603,0.01016,84.2719,3.8246957818620007
,,,,,,6704.0,-1.35603,0.01056,87.5804,3.867582675236143
,,,,,,6705.0,-1.35417,0.01096,90.8845,3.8297160279140527
,,,,,,6706.0,-1.35417,0.01136,94.193,3.781183740292896
,,,,,,6707.0,-1.35603,0.01176,97.5015,3.8356920074370926
,,,,,,6708.0,-1.35231,0.01206,100.0,3.7821815587613106
,,,,,,6708.0,-1.35231,0.01206,100.0,3.8087314898159845
,,,,,,,,,,
,,,,,,6708.0,2.71391,0.0,0.0,4.0395724624442675
,,,,,,6709.0,2.70647,0.00078,12.9321,3.9248262955760045
,,,,,,6710.0,2.70833,0.00147,24.5969,3.898960479923259
,,,,,,6711.0,2.70647,0.00227,37.8998,3.9078088375005398
,,,,,,6712.0,2.71019,0.00307,51.2027,4.028660709962723
,,,,,,6713.0,2.70275,0.00387,64.4969,4.044525001783436
,,,,,,6714.0,2.70461,0.00476,79.4206,3.964588578187971
,,,,,,6716.0,2.70461,0.0055,91.7234,3.979441154488198
,,,,,,6716.0,2.70647,0.00599,100.0,4.07527154752011
,,,,,,6716.0,0.0,0.00599,100.0,4.035517241847353
,,,,,,6717.0,0.0,0.00599,100.0,3.9159257047985077
,,,,,,6718.0,0.0,0.00599,100.0,3.911330990302722
,,,,,,6719.0,0.0,0.00599,100.0,3.8702071078053235
,,,,,,6720.0,0.0,0.00599,100.0,3.996894233571679
,,,,,,6721.0,0.0,0.00599,100.0,3.9774450396045737
,,,,,,6722.0,0.0,0.00599,100.0,3.925436008059405
,,,,,,6724.0,0.0,0.00599,100.0,3.8597207165186056
,,,,,,6725.0,0.0,0.00599,100.0,3.814649984395149
,,,,,,6726.0,0.0,0.00599,100.0,3.7581244965136227
,,,,,,6727.0,0.0,0.00599,100.0,3.929086087307066
,,,,,,6728.0,0.0,0.00599,100.0,3.9649011414607673
,,,,,,6729.0,0.0,0.00599,100.0,3.9117985370854704
,,,,,,6730.0,0.0,0.00599,100.0,3.820475744444556
,,,,,,6731.0,0.0,0.00599,100.0,3.864414237867918
,,,,,,6732.0,0.0,0.00599,100.0,3.9401931435438993
,,,,,,6733.0,0.0,0.00599,100.0,3.8594069437872562
,,,,,,6734.0,0.0,0.00599,100.0,3.8908132542873872
,,,,,,6735.0,0.0,0.00599,100.0,3.915272202902644
,,,,,,6736.0,0.0,0.00599,100.0,3.9547336443654117
,,,,,,6737.0,0.0,0.00599,100.0,3.9441634289006657
,,,,,,6738.0,0.0,0.00599,100.0,3.9216147899009344
,,,,,,6739.0,0.0,0.00599,100.0,3.874125733974454
,,,,,,6740.0,0.0,0.00599,100.0,3.8966358423925
,,,,,,6741.0,0.0,0.00599,100.0,3.9465108301998133
,,,,,,6742.0,0.0,0.00599,100.0,3.881739373345118
,,,,,,6744.0,0.0,0.00599,100.0,3.9041892319216522
,,,,,,6745.0,0.0,0.00599,100.0,3.8700974957913177
,,,,,,6746.0,0.0,0.00599,100.0,3.97555306010468
,,,,,,6747.0,0.0,0.00599,100.0,3.938177510402818
,,,,,,6748.0,0.0,0.00599,100.0,3.8800577445047755
,,,,,,6749.0,0.0,0.00599,100.0,3.926261705870388
,,,,,,6750.0,0.0,0.00599,100.0,3.89444901360788
,,,,,,6751.0,0.0,0.00599,100.0,3.9087099962700687
,,,,,,6752.0,0.0,0.00599,100.0,3.8582641388790186
,,,,,,6753.0,0.0,0.00599,100.0,3.9390875604641122
,,,,,,6754.0,0.0,0.00599,100.0,3.956224741904298
,,,,,,6755.0,0.0,0.00599,100.0,3.9088490120670514
,,,,,,6755.0,0.0,0.00599,100.0,3.8943261592627256
,,,,,,6755.0,0.0,0.00599,100.0,3.909994227449726
,,,,,,6756.0,0.0,0.00599,100.0,3.9411079426021622
,,,,,,6757.0,0.0,0.00599,100.0,3.915480935054426
,,,,,,6758.0,0.0,0.00599,100.0,3.8913415937737192
,,,,,,6759.0,0.0,0.00599,100.0,3.8747351954466116
,,,,,,6760.0,0.0,0.00599,100.0,3.8379593715021016
,,,,,,6761.0,0.0,0.00599,100.0,3.8995768879386086
,,,,,,6763.0,0.0,0.00599,100.0,3.9427269474168725
,,,,,,6764.0,0.0,0.00599,100.0,3.8568089779485963
,,,,,,6765.0,0.0,0.00599,100.0,3.875285652554661
,,,,,,6766.0,0.0,0.00599,100.0,3.8452011504807366
,,,,,,6767.0,0.0,0.00599,100.0,3.9535436270577833
,,,,,,6768.0,0.0,0.00599,100.0,3.8938253523734865
,,,,,,6769.0,0.0,0.00599,100.0,3.9241752027496157
,,,,,,6770.0,0.0,0.00599,100.0,3.851027308323523
,,,,,,6771.0,0.0,0.00599,100.0,3.932951403210002
,,,,,,6772.0,0.0,0.00599,100.0,3.913331317442402
,,,,,,6772.0,0.0,0.00599,100.0,3.86110381636167
,,,,,,6772.0,0.0,0.00599,100.0,3.911450167306785
,,,,,,,,,,
,,,,,,6772.0,-0.67522,0.0,0.0,3.842284105237174
,,,,,,6773.0,-0.67522,0.00019,1.948,3.8406407099362774
,,,,,,6774.0,-0.67522,0.00039,3.9802,3.8549389855631753
,,,,,,6775.0,-0.67708,0.00059,6.0072,3.900745400799001
,,,,,,6776.0,-0.67708,0.00079,8.0394,3.841647312703457
,,,,,,6777.0,-0.67708,0.00099,10.0716,3.7861370890070094
,,,,,,6778.0,-0.67708,0.00116,11.8564,3.9093478430522524
,,,,,,6779.0,-0.67708,0.00137,13.9255,3.9126003163182297
,,,,,,6780.0,-0.67708,0.00157,15.9577,3.8744553367736496
,,,,,,6782.0,-0.67708,0.00177,17.9846,3.8369907317095144
,,,,,,6783.0,-0.67708,0.00197,20.0748,3.94994911336475
,,,,,,6784.0,-0.67708,0.00217,22.107,3.9422098231321265
,,,,,,6785.0,-0.67708,0.00237,24.1181,3.868010442104944
,,,,,,6786.0,-0.67708,0.00254,25.9029,3.82736350087988
,,,,,,6787.0,-0.67708,0.00273,27.8562,3.873642316831999
,,,,,,6788.0,-0.67708,0.00294,30.0042,3.8488544490884347
,,,,,,6789.0,-0.67708,0.00312,31.7837,3.9054268895360824
,,,,,,6790.0,-0.67708,0.00332,33.8159,3.8554606242983644
,,,,,,6791.0,-0.67708,0.00352,35.8482,3.9362851457349497
,,,,,,6792.0,-0.67708,0.00372,37.8804,3.894865953376518
,,,,,,6793.0,-0.67708,0.00392,39.9126,3.825123419919112
,,,,,,6794.0,-0.67708,0.00412,41.9396,3.956208230437092
,,,,,,6795.0,-0.67708,0.00432,43.9718,3.793799811010098
,,,,,,6796.0,-0.67708,0.00451,46.004,3.9127365575998097
,,,,,,6797.0,-0.67708,0.00471,48.0152,3.859765980860849
,,,,,,6798.0,-0.67708,0.00491,50.0474,3.908507766169769
,,,,,,6799.0,-0.67708,0.0051,51.948,3.878484655566803
,,,,,,6800.0,-0.67708,0.00528,53.8223,3.88620346902337
,,,,,,6800.0,-1.34487,0.00528,53.8223,3.962632465349507
,,,,,,6801.0,-1.34859,0.00568,57.8814,3.8408317410066233
,,,,,,6802.0,-1.35603,0.00608,61.9459,3.9148141665763556
,,,,,,6803.0,-1.35417,0.00648,66.0051,3.82147930819556
,,,,,,6804.0,-1.35417,0.00688,70.0695,3.901500838357192
,,,,,,6806.0,-1.35045,0.00728,74.1287,3.9472801730023743
,,,,,,6807.0,-1.35045,0.00767,78.1879,3.925936434289233
,,,,,,6808.0,-1.35231,0.00807,82.2523,3.6777554560586503
,,,,,,6809.0,-1.35045,0.00847,86.3167,3.8435013923951544
,,,,,,6810.0,-1.35231,0.00887,90.3391,3.814758645026135
,,,,,,6811.0,-1.35231,0.00922,93.9033,3.822163126098685
,,,,,,6812.0,-1.35231,0.00961,97.9678,3.7720645742677
,,,,,,6812.0,-1.35417,0.00981,100.0,3.8708500153116305
,,,,,,6812.0,-1.35417,0.00981,100.0,3.8553994388204402
,,,,,,,,,,
,,,,,,6812.0,0.67894,0.0,0.0,3.9341167294732253
,,,,,,6813.0,0.67894,0.00021,13.786,3.9044276336296284
,,,,,,6814.0,0.67894,0.00038,25.4115,3.9137239699848076
,,,,,,6815.0,0.67894,0.00058,38.6831,3.961658014814018
,,,,,,6816.0,0.67894,0.00078,51.9547,3.850169490784353
,,,,,,6818.0,0.67894,0.00098,65.2263,3.9330659506298744
,,,,,,6819.0,0.67894,0.00118,78.4636,3.9287841400945296
,,,,,,6820.0,0.67894,0.00138,91.7353,3.9015063813818034
,,,,,,6820.0,0.67894,0.00151,100.0,3.857783982804647
,,,,,,6820.0,0.0,0.00151,100.0,3.95909311362642
,,,,,,6821.0,0.0,0.00151,100.0,3.8664019926161255
,,,,,,6822.0,0.0,0.00151,100.0,3.8743703835452
,,,,,,6823.0,0.0,0.00151,100.0,3.859060624476033
,,,,,,6825.0,0.0,0.00151,100.0,3.9036668398998526
,,,,,,6826.0,0.0,0.00151,100.0,3.9530468918029156
,,,,,,6827.0,0.0,0.00151,100.0,3.8627415025059886
,,,,,,6828.0,0.0,0.00151,100.0,3.90882408266966
,,,,,,6829.0,0.0,0.00151,100.0,3.8903400365260623
,,,,,,6830.0,0.0,0.00151,100.0,3.899487205008835
,,,,,,6831.0,0.0,0.00151,100.0,3.889466975745911
,,,,,,6832.0,0.0,0.00151,100.0,3.8656512087064403
,,,,,,6833.0,0.0,0.00151,100.0,3.9564770966300107
,,,,,,6834.0,0.0,0.00151,100.0,3.9203838698205544
,,,,,,6835.0,0.0,0.00151,100.0,3.9398715674954343
,,,,,,6836.0,0.0,0.00151,100.0,3.813982391677546
,,,,,,6836.0,0.0,0.00151,100.0,3.9404274919444293
,,,,,,6836.0,0.0,0.00151,100.0,3.958165835764225
,,,,,,,,,,
,,,,,,6836.0,-0.67522,0.0,0.0,3.898165091490036
,,,,,,6837.0,-0.67522,0.00018,0.8805,3.8834587818900537
,,,,,,6838.0,-0.67708,0.00039,1.8524,3.8613689271244462
,,,,,,6839.0,-0.67708,0.00059,2.8071,3.945997769635423
,,,,,,6841.0,-0.67708,0.00077,3.6802,3.8505190950791657
,,,,,,6842.0,-0.67708,0.00097,4.6348,3.870596720153593
,,,,,,6843.0,-0.67708,0.00117,5.587,3.854063850251839
,,,,,,6844.0,-0.67708,0.00137,6.5417,3.8845612847949673
,,,,,,6845.0,-0.67708,0.00157,7.4964,3.955693058670391
,,,,,,6846.0,-0.67708,0.00177,8.451,3.8755055348699297
,,,,,,6847.0,-0.67708,0.00197,9.4057,3.8749563069968977
,,,,,,6848.0,-0.67708,0.00216,10.3406,3.885103711118809
,,,,,,6849.0,-0.67708,0.00236,11.2952,3.7931198956789958
,,,,,,6850.0,-0.67708,0.00256,12.24,3.9280754198596095
,,,,,,6851.0,-0.67708,0.00273,13.0784,3.94123841520737
,,,,,,6852.0,-0.67708,0.00293,14.0331,3.9343500763568273
,,,,,,6853.0,-0.67708,0.00313,14.9952,3.810999832382573
,,,,,,6854.0,-0.67708,0.00333,15.9399,3.871222123572968
,,,,,,6855.0,-0.67708,0.00351,16.7883,3.922158028421845
,,,,,,6856.0,-0.67708,0.00371,17.7405,3.847920175977773
,,,,,,6857.0,-0.67708,0.00391,18.6951,3.9023749067012865
,,,,,,6858.0,-0.67708,0.00411,19.6498,3.8399125247941037
,,,,,,6859.0,-0.67708,0.00431,20.6317,3.875624360143207
,,,,,,6860.0,-0.67708,0.00451,21.5863,3.7476508354402265
,,,,,,6861.0,-0.67708,0.00469,22.4322,3.8108690391419144
,,,,,,6862.0,-0.67708,0.00489,23.4215,3.874569110823841
,,,,,,6863.0,-0.67708,0.00509,24.3415,3.910464595937034
,,,,,,6864.0,-0.67708,0.00528,25.269,3.7977652195404596
,,,,,,6865.0,-0.67708,0.00545,26.1049,3.8564073733518542
,,,,,,6866.0,-0.67708,0.00567,27.1214,3.8105506725258413
,,,,,,6868.0,-0.67708,0.00586,28.0687,3.7776369555900375
,,,,,,6869.0,-0.67708,0.00604,28.9046,3.9424481047786095
,,,,,,6870.0,-0.67708,0.00624,29.8593,3.918672251111102
,,,,,,6871.0,-0.67708,0.00644,30.8139,3.8539281102489262
,,,,,,6872.0,-0.67708,0.00664,31.7686,3.9037887843274808
,,,,,,6873.0,-0.67708,0.00684,32.7208,3.844188934978701
,,,,,,6874.0,-0.67708,0.00704,33.6755,3.838730432217688
,,,,,,6875.0,-0.67708,0.00723,34.6301,3.919896993770281
,,,,,,6876.0,-0.67708,0.00743,35.5848,3.8308215473888563
,,,,,,6877.0,-0.67708,0.00764,36.5469,3.857345990285295
,,,,,,6878.0,-0.67708,0.00783,37.4743,3.870487652304027
,,,,,,6879.0,-0.67708,0.00801,38.34,3.846845293041465
,,,,,,6880.0,-0.67708,0.00821,39.2946,3.784826054809689
,,,,,,6881.0,-0.67708,0.00841,40.2468,3.9632763694439395
,,,,,,6882.0,-0.67708,0.00861,41.2015,3.8589583212396836
,,,,,,6883.0,-0.67708,0.00881,42.1562,3.8439522691114134
,,,,,,6884.0,-0.67708,0.00901,43.1108,3.9046391037300716
,,,,,,6885.0,-0.67708,0.00921,44.0655,3.8087281533106365
,,,,,,6886.0,-0.67708,0.0094,44.9732,3.8990035547421384
,,,,,,6887.0,-0.67708,0.0096,45.9278,3.923614253366322
,,,,,,6888.0,-0.67708,0.00979,46.8825,3.8301570702882533
,,,,,,6889.0,-0.67708,0.00999,47.8372,3.862622646959911
,,,,,,6891.0,-0.67708,0.01019,48.7918,3.8243669996824186
,,,,,,6892.0,-0.67708,0.01039,49.7465,3.866929604235308
,,,,,,6893.0,-0.67708,0.01059,50.6913,3.7763725268316706
,,,,,,6894.0,-0.67708,0.01078,51.5816,3.8478961219923327
,,,,,,6895.0,-0.67708,0.01097,52.4918,3.87264971733306
,,,,,,6896.0,-0.67708,0.01117,53.4464,3.878195175010129
,,,,,,6897.0,-0.67708,0.01137,54.4011,3.8487953879474666
,,,,,,6898.0,-0.67708,0.01156,55.3533,3.7915678843117973
,,,,,,6899.0,-0.67708,0.01176,56.308,3.899380258392254
,,,,,,6900.0,-0.67708,0.01196,57.2527,3.85415598861228
,,,,,,6901.0,-0.67708,0.01214,58.0912,3.797802026352653
,,,,,,6902.0,-0.67708,0.01234,59.0631,3.8617148945224415
,,,,,,6903.0,-0.67708,0.01253,59.9535,3.8854353840422378
,,,,,,6904.0,-0.67708,0.01272,60.9082,3.890135123208997
,,,,,,6905.0,-0.67708,0.01292,61.8628,3.9545102243733337
,,,,,,6906.0,-0.67708,0.01312,62.8175,3.8718516269246837
,,,,,,6907.0,-0.67708,0.01332,63.7722,3.9188423175030245
,,,,,,6908.0,-0.67708,0.01352,64.7169,3.8578157341962904
,,,,,,6909.0,-0.67708,0.0137,65.5554,3.8639489814656036
,,,,,,6910.0,-0.67708,0.01389,66.5076,3.9266157237387667
,,,,,,6911.0,-0.67708,0.01409,67.4622,3.8803799389772777
,,,,,,6912.0,-0.67708,0.01429,68.4169,3.8530762687276896
,,,,,,6913.0,-0.67708,0.01449,69.3716,3.8356255790042404
,,,,,,6915.0,-0.67708,0.01469,70.3262,3.846491597842045
,,,,,,6916.0,-0.67708,0.01489,71.2809,3.8203845490967763
,,,,,,6917.0,-0.67708,0.01509,72.2331,3.7887689077620017
,,,,,,6918.0,-0.67708,0.01529,73.1877,3.8296605540887576
,,,,,,6919.0,-0.67708,0.01549,74.1325,3.9024643606339415
,,,,,,6920.0,-0.67708,0.01569,75.0872,3.829927154344247
,,,,,,6921.0,-0.67708,0.01589,76.0418,3.901335286336573
,,,,,,6922.0,-0.67708,0.01609,76.9965,3.6943033909952754
,,,,,,6923.0,-0.67708,0.01629,77.9512,3.8249663483053546
,,,,,,6923.0,-0.67708,0.01636,78.3098,3.939066005081841
,,,,,,6923.0,-1.35045,0.01636,78.3098,3.7860377678484993
,,,,,,6924.0,-1.35603,0.01675,80.1647,3.7498041029129454
,,,,,,6925.0,-1.35231,0.01716,82.126,3.8566231247017075
,,,,,,6927.0,-1.35231,0.01756,84.0328,3.8171986365392585
,,,,,,6928.0,-1.35045,0.01791,85.7047,3.841587874536283
,,,,,,6929.0,-1.35045,0.0183,87.6116,3.7982425009003555
,,,,,,6930.0,-1.35417,0.0187,89.5036,3.7992041764623505
,,,,,,6931.0,-1.35231,0.0191,91.4105,3.7897053892222896
,,,,,,6932.0,-1.35417,0.0195,93.3198,3.869414148410601
,,,,,,6933.0,-1.35603,0.0199,95.2291,3.807139072916417
,,,,,,6934.0,-1.35603,0.02029,97.1409,3.7449689137767006
,,,,,,6935.0,-1.35417,0.02069,99.0478,3.8182474229476226
,,,,,,6935.0,-1.35417,0.02089,100.0,3.7576219372642288
,,,,,,6935.0,-1.35417,0.02089,100.0,3.8564623950869534
,,,,,,,,,,
,,,,,,6935.0,0.67894,0.0,0.0,3.9278383202740472
,,,,,,6936.0,0.67894,0.00021,13.753,3.9531745899688953
,,,,,,6938.0,0.67894,0.00041,27.4718,3.9538858084393014
,,,,,,6939.0,0.67894,0.00061,40.7116,3.9363460579300797
,,,,,,6940.0,0.67894,0.00081,53.9172,3.8961171329623445
,,,,,,6941.0,0.67894,0.00101,67.0544,3.896480557139757
,,,,,,6942.0,0.67894,0.00121,80.1574,3.864393699555787
,,,,,,6943.0,0.67894,0.00141,93.3972,3.910264050896276
,,,,,,6943.0,0.67894,0.00151,100.0,3.926584675657455
,,,,,,6943.0,0.0,0.00151,100.0,3.888096329762844
,,,,,,6944.0,0.0,0.00151,100.0,3.910954909241341
,,,,,,6946.0,0.0,0.00151,100.0,3.9198851144511186
,,,,,,6947.0,0.0,0.00151,100.0,3.921913846094605
,,,,,,6948.0,0.0,0.00151,100.0,3.929405382442238
,,,,,,6949.0,0.0,0.00151,100.0,3.8749556999737296
,,,,,,6950.0,0.0,0.00151,100.0,3.883989182597214
,,,,,,6951.0,0.0,0.00151,100.0,3.915468657679078
,,,,,,6952.0,0.0,0.00151,100.0,3.8461952313915044
,,,,,,6953.0,0.0,0.00151,100.0,3.924207576492804
,,,,,,6954.0,0.0,0.00151,100.0,3.8247748393282697
,,,,,,6955.0,0.0,0.00151,100.0,3.894165522088814
,,,,,,6956.0,0.0,0.00151,100.0,3.9824820099568323
,,,,,,6957.0,0.0,0.00151,100.0,3.914597671365946
,,,,,,6958.0,0.0,0.00151,100.0,3.8639679353596805
,,,,,,6959.0,0.0,0.00151,100.0,3.875752607208446
,,,,,,6959.0,0.0,0.00151,100.0,3.873547387066341
,,,,,,6959.0,0.0,0.00151,100.0,3.920312285741751
,,,,,,,,,,
,,,,,,6959.0,-0.67522,0.0,0.0,3.9067349959234767
,,,,,,6961.0,-0.67522,0.00018,0.4459,3.9438028582995477
,,,,,,6962.0,-0.67708,0.00038,0.9282,3.848248536976839
,,,,,,6963.0,-0.67708,0.0006,1.448,3.789124074782227
,,,,,,6964.0,-0.67708,0.00079,1.9177,3.8268423707866006
,,,,,,6965.0,-0.67708,0.00098,2.3874,3.8288681914039864
,,,,,,6966.0,-0.67708,0.00118,2.8709,3.881753394099518
,,,,,,6967.0,-0.67708,0.00138,3.3544,3.9019657934727094
,,,,,,6968.0,-0.67708,0.00158,3.8379,3.7796564709316405
,,,,,,6969.0,-0.67708,0.00179,4.3339,3.875503073212128
,,,,,,6970.0,-0.67708,0.00197,4.7861,3.8428222351315977
,,,,,,6971.0,-0.67708,0.00218,5.2959,3.854258384028348
,,,,,,6972.0,-0.67708,0.00238,5.7794,3.8411013057249397
,,,,,,6973.0,-0.67708,0.00258,6.2629,3.8253303966007928
,,,,,,6974.0,-0.67708,0.00278,6.7464,3.9625947677902067
,,,,,,6975.0,-0.67708,0.00298,7.2299,3.832867657633215
,,,,,,6976.0,-0.67708,0.00318,7.7134,3.906394988327936
,,,,,,6977.0,-0.67708,0.00338,8.1869,3.951449524750147
,,,,,,6978.0,-0.67708,0.00356,8.629,3.9430642996838614
,,,,,,6979.0,-0.67708,0.00376,9.1125,3.8679865747596676
,,,,,,6981.0,-0.67708,0.00396,9.596,3.790642606413208
,,,,,,6982.0,-0.67708,0.00416,10.0795,3.789372955857962
,,,,,,6983.0,-0.67708,0.00436,10.563,3.90114351888063
,,,,,,6984.0,-0.67708,0.00456,11.0453,3.8402675919000133
,,,,,,6985.0,-0.67708,0.00476,11.5288,3.9336253715251015
,,,,,,6986.0,-0.67708,0.00494,11.981,3.9410104127728633
,,,,,,6987.0,-0.67708,0.00514,12.4682,3.9026789241363593
,,,,,,6988.0,-0.67708,0.00533,12.9104,3.8530977065820533
,,,,,,6989.0,-0.67708,0.00553,13.3939,3.8361663592765227
,,,,,,6990.0,-0.67708,0.00572,13.8774,3.853816349532374
,,,,,,6991.0,-0.67708,0.00592,14.3609,3.836975786296313
,,,,,,6992.0,-0.67708,0.00612,14.8444,3.9363966645295116
,,,,,,6993.0,-0.67708,0.00632,15.3266,3.9155204653404616
,,,,,,6994.0,-0.67708,0.00652,15.8101,3.855011860977385
,,,,,,6994.0,-0.67708,0.00657,15.9341,3.9388630256519472
,,,,,,6994.0,-5.40923,0.00657,15.9341,3.7950287025815097
,,,,,,6996.0,-5.40179,0.00833,20.1916,3.705301093941746
,,,,,,6997.0,-5.41295,0.00973,23.5799,3.701097013107991
,,,,,,6998.0,-5.40737,0.01172,28.4224,3.681831338638301
,,,,,,6999.0,-5.40737,0.0133,32.2465,3.6780235305657807
,,,,,,7000.0,-5.40737,0.0147,35.6335,3.6754597942492047
,,,,,,7001.0,-5.41109,0.01629,39.494,3.7109550284314605
,,,,,,7002.0,-5.40551,0.01788,43.3532,3.7004268837100036
,,,,,,7003.0,-5.41295,0.01868,45.2847,3.669719363116099
,,,,,,7003.0,-3.39472,0.01868,45.2847,3.7271116725450866
,,,,,,7004.0,-3.37984,0.0197,47.7685,3.696103759002045
,,,,,,7005.0,-3.37798,0.0207,50.181,3.7804424085781707
,,,,,,7006.0,-3.37984,0.02156,52.2741,3.7604964103329985
,,,,,,7007.0,-3.3817,0.02256,54.6853,3.649322740023356
,,,,,,7008.0,-3.3817,0.02355,57.0978,3.7147171684775255
,,,,,,7009.0,-3.37612,0.02459,59.623,3.779212762456908
,,,,,,7010.0,-3.37984,0.02552,61.8551,3.8157688853287333
,,,,,,7011.0,-3.3817,0.02652,64.2901,3.6859509873784484
,,,,,,7012.0,-3.37984,0.02752,66.7038,3.793115149756486
,,,,,,7013.0,-3.38356,0.02851,69.1163,3.721874914626436
,,,,,,7014.0,-3.37984,0.02951,71.5288,3.739464869823314
,,,,,,7015.0,-3.37798,0.0305,73.9413,3.732401033094378
,,,,,,7016.0,-3.37984,0.03149,76.3312,3.777071243224359
,,,,,,7017.0,-3.3817,0.03242,78.5858,3.7918610183269865
,,,,,,7018.0,-3.37798,0.0334,80.9758,3.6928371343078066
,,,,,,7019.0,-3.3817,0.0344,83.3882,3.778938983061484
,,,,,,7020.0,-3.3817,0.03539,85.7995,3.709196750002782
,,,,,,7021.0,-3.37426,0.03645,88.371,3.771858071032204
,,,,,,7022.0,-3.37984,0.03742,90.7134,3.785783596797657
,,,,,,7023.0,-3.37984,0.03839,93.0569,3.6944215172683363
,,,,,,7024.0,-3.37984,0.03926,95.1738,3.803085981865981
,,,,,,7026.0,-3.37798,0.04026,97.5863,3.695122410053929
,,,,,,7027.0,-3.37798,0.04125,100.0,3.679266664942826
,,,,,,7027.0,-3.37798,0.04125,100.0,3.725431004402232
,,,,,,,,,,
,,,,,,7027.0,1.35789,0.0,0.0,3.8754540440019016
,,,,,,7028.0,1.35417,0.00038,12.6515,3.9030468837468435
,,,,,,7029.0,1.35417,0.0008,26.5665,3.7739583790771913
,,,,,,7030.0,1.35231,0.00118,38.8595,3.9272587788815008
,,,,,,7031.0,1.35231,0.00158,52.1427,3.981282346819733
,,,,,,7032.0,1.35975,0.00198,65.3235,3.9059865074201015
,,,,,,7033.0,1.35975,0.00238,78.4873,3.912061757909687
,,,,,,7034.0,1.35603,0.00273,90.0461,4.01002864492578
,,,,,,7035.0,1.35417,0.00303,100.0,3.8600843519487538
,,,,,,7035.0,1.35417,0.00303,100.0,3.9739757476222812
,,,,,,,,,,
,,,,,,7035.0,-1.35975,0.0,0.0,3.8113097484286067
,,,,,,7036.0,-1.35603,0.00039,3.2387,3.814907040195846
,,,,,,7037.0,-1.35603,0.00079,6.5459,3.908301615339854
,,,,,,7038.0,-1.35417,0.00119,9.8531,3.84081569845468
,,,,,,7039.0,-1.35417,0.00159,13.156,3.7309812036745345
,,,,,,7040.0,-1.35603,0.00199,16.4632,3.779374111429288
,,,,,,7041.0,-1.35603,0.00238,19.7661,3.7871950785971307
,,,,,,7042.0,-1.35231,0.00278,23.0733,3.8698503407579663
,,,,,,7043.0,-1.35789,0.00318,26.3805,3.79598680211153
,,,,,,7044.0,-1.35417,0.00358,29.6834,3.691590259604751
,,,,,,7045.0,-1.35789,0.00398,32.9863,3.739952256544012
,,,,,,7046.0,-1.35417,0.00438,36.2978,3.7911836281410647
,,,,,,7047.0,-1.35603,0.00478,39.605,3.8482380235967346
,,,,,,7048.0,-1.35417,0.00518,42.9079,3.760843325966414
,,,,,,7049.0,-1.35603,0.00557,46.2109,3.9238140184995176
,,,,,,7050.0,-1.35417,0.00597,49.5181,3.877152589863191
,,,,,,7052.0,-1.35603,0.00637,52.821,3.7409357196765365
,,,,,,7053.0,-1.35603,0.00677,56.1282,3.7928490954617002
,,,,,,7054.0,-1.35603,0.00717,59.4311,3.721032051336326
,,,,,,7055.0,-1.35789,0.00757,62.7383,3.7840992365804738
,,,,,,7056.0,-1.35417,0.00797,66.0412,3.822356319803146
,,,,,,7057.0,-1.35603,0.00836,69.3484,3.829934494523615
,,,,,,7058.0,-1.35417,0.00876,72.6513,3.8930158529522303
,,,,,,7059.0,-1.35417,0.00916,75.9585,3.76839999648825
,,,,,,7060.0,-1.35417,0.00956,79.2614,3.7969523420400297
,,,,,,7061.0,-1.35231,0.00996,82.5686,3.7501456999747242
,,,,,,7062.0,-1.35231,0.01036,85.8758,3.685564622140149
,,,,,,7063.0,-1.35603,0.01076,89.1831,3.863085803037954
,,,,,,7064.0,-1.35417,0.01116,92.486,3.8110681798939408
,,,,,,7065.0,-1.35417,0.01151,95.4462,3.8752285455870785
,,,,,,7066.0,-1.35231,0.01191,98.7534,3.793303445381248
,,,,,,7067.0,-1.35603,0.01206,100.0,3.871149701366257
,,,,,,7067.0,-1.35603,0.01206,100.0,3.8142435966270773
,,,,,,,,,,
,,,,,,7067.0,2.70275,0.0,0.0,3.9571898606152835
,,,,,,7068.0,2.70647,0.00074,12.3573,3.94796174082077
,,,,,,7069.0,2.70833,0.00154,25.59,3.925047141889804
,,,,,,7070.0,2.70461,0.00234,38.8226,3.8750412270063697
,,,,,,7071.0,2.70275,0.00314,52.1754,3.8872719615070794
,,,,,,7072.0,2.70833,0.00397,65.9144,3.874776356201421
,,,,,,7073.0,2.70647,0.00473,78.5205,3.9301505227050075
,,,,,,7074.0,2.70461,0.00543,90.1313,3.8489396438983787
,,,,,,7075.0,2.71019,0.00602,100.0,3.8926380539663095
,,,,,,7075.0,0.0,0.00602,100.0,3.8520951350807313
,,,,,,7076.0,0.0,0.00602,100.0,3.800979807979398
,,,,,,7077.0,0.0,0.00602,100.0,3.7798731293750887
,,,,,,7078.0,0.0,0.00602,100.0,3.950885653286163
,,,,,,7079.0,0.0,0.00602,100.0,3.9544654337208027
,,,,,,7080.0,0.0,0.00602,100.0,3.8054217554436347
,,,,,,7081.0,0.0,0.00602,100.0,3.902492470885848
,,,,,,7082.0,0.0,0.00602,100.0,3.8362239770550906
,,,,,,7083.0,0.0,0.00602,100.0,3.939769303053607
,,,,,,7084.0,0.0,0.00602,100.0,3.788738015914375
,,,,,,7085.0,0.0,0.00602,100.0,3.891826583879709
,,,,,,7086.0,0.0,0.00602,100.0,3.881618067917098
,,,,,,7087.0,0.0,0.00602,100.0,3.8536752975489668
,,,,,,7088.0,0.0,0.00602,100.0,3.882763015498427
,,,,,,7089.0,0.0,0.00602,100.0,3.938264237992963
,,,,,,7091.0,0.0,0.00602,100.0,3.886446495538263
,,,,,,7092.0,0.0,0.00602,100.0,3.791157116152297
,,,,,,7093.0,0.0,0.00602,100.0,3.852934946413122
,,,,,,7094.0,0.0,0.00602,100.0,3.9721695129843786
,,,,,,7095.0,0.0,0.00602,100.0,3.9573088829405445
,,,,,,7096.0,0.0,0.00602,100.0,3.962456317603169
,,,,,,7097.0,0.0,0.00602,100.0,3.894038433880295
,,,,,,7098.0,0.0,0.00602,100.0,3.8396343757583917
,,,,,,7099.0,0.0,0.00602,100.0,3.9148471228226036
,,,,,,7100.0,0.0,0.00602,100.0,3.920904949161813
,,,,,,7101.0,0.0,0.00602,100.0,4.005317506412594
,,,,,,7102.0,0.0,0.00602,100.0,3.8593846834305885
,,,,,,7103.0,0.0,0.00602,100.0,3.8561834030006175
,,,,,,7104.0,0.0,0.00602,100.0,3.906865774626375
,,,,,,7105.0,0.0,0.00602,100.0,3.973463130099605
,,,,,,7106.0,0.0,0.00602,100.0,3.8733098190806623
,,,,,,7107.0,0.0,0.00602,100.0,3.90417005344531
,,,,,,7108.0,0.0,0.00602,100.0,3.804090480819762
,,,,,,7109.0,0.0,0.00602,100.0,3.834571179988121
,,,,,,7110.0,0.0,0.00602,100.0,3.9580480656011416
,,,,,,7111.0,0.0,0.00602,100.0,3.9287910476447125
,,,,,,7112.0,0.0,0.00602,100.0,3.835262845491825
,,,,,,7113.0,0.0,0.00602,100.0,3.872553638055337
,,,,,,7114.0,0.0,0.00602,100.0,3.836195745143097
,,,,,,7115.0,0.0,0.00602,100.0,3.9233019376212392
,,,,,,7116.0,0.0,0.00602,100.0,3.9184747929853003
,,,,,,7117.0,0.0,0.00602,100.0,3.8157797299129945
,,,,,,7119.0,0.0,0.00602,100.0,3.833172501465708
,,,,,,7120.0,0.0,0.00602,100.0,3.883713373744454
,,,,,,7121.0,0.0,0.00602,100.0,3.8715633176098647
,,,,,,7122.0,0.0,0.00602,100.0,3.878661969243844
,,,,,,7123.0,0.0,0.00602,100.0,3.9049920122220687
,,,,,,7124.0,0.0,0.00602,100.0,3.8835461295251807
,,,,,,7125.0,0.0,0.00602,100.0,3.8554855167969895
,,,,,,7126.0,0.0,0.00602,100.0,3.808315097722084
,,,,,,7127.0,0.0,0.00602,100.0,3.8706185817608576
,,,,,,7128.0,0.0,0.00602,100.0,3.8804277564551706
,,,,,,7129.0,0.0,0.00602,100.0,3.8997618554946265
,,,,,,7130.0,0.0,0.00602,100.0,3.9544934354571324
,,,,,,7130.0,0.0,0.00602,100.0,3.843412047964708
,,,,,,,,,,
,,,,,,7130.0,-0.67336,0.0,0.0,3.810389767441963
,,,,,,7131.0,-0.67522,0.00017,1.7892,3.828734907046189
,,,,,,7132.0,-0.67708,0.00038,3.8854,3.8495518100125548
,,,,,,7133.0,-0.67708,0.00058,5.9076,3.8921823247672394
,,,,,,7134.0,-0.67708,0.00075,7.7021,3.900998196281332
,,,,,,7135.0,-0.67708,0.00095,9.7401,3.901167195821287
,,,,,,7136.0,-0.67708,0.00115,11.7834,3.8136320141291025
,,,,,,7137.0,-0.67708,0.00135,13.8267,3.868058433599456
,,,,,,7138.0,-0.67708,0.00155,15.87,3.8810492646879236
,,,,,,7139.0,-0.67708,0.00172,17.6592,3.9365736964071747
,,,,,,7140.0,-0.67708,0.00192,19.7025,3.8019867718087204
,,,,,,7141.0,-0.67708,0.00212,21.7458,3.8181173785317775
,,,,,,7142.0,-0.67708,0.00232,23.7891,3.8324050259154867
,,,,,,7143.0,-0.67708,0.00252,25.8324,3.876807971445042
,,,,,,7144.0,-0.67708,0.00272,27.8757,3.819402181570393
,,,,,,7145.0,-0.67708,0.0029,29.7443,3.825304297662264
,,,,,,7146.0,-0.67708,0.00311,31.8247,3.8754153084114966
,,,,,,7147.0,-0.67708,0.00331,33.868,3.8103388407896097
,,,,,,7148.0,-0.67708,0.0035,35.8901,3.843386006900929
,,,,,,7149.0,-0.67708,0.00368,37.6793,3.808183609540863
,,,,,,7150.0,-0.67708,0.00388,39.7226,3.8056669912403196
,,,,,,7151.0,-0.67708,0.00408,41.7659,3.899768538632293
,,,,,,7152.0,-0.67708,0.00428,43.8092,3.89695883523407
,,,,,,7154.0,-0.67708,0.00448,45.8525,3.9408977997199663
,,,,,,7155.0,-0.67708,0.00468,47.8958,3.8599963073752175
,,,,,,7156.0,-0.67708,0.00487,49.9338,3.879897479884103
,,,,,,7157.0,-0.67708,0.00507,51.9771,3.9043090442342265
,,,,,,7158.0,-0.67708,0.00527,53.9993,3.855560834217535
,,,,,,7158.0,-1.35417,0.00527,53.9993,3.8565039264245677
,,,,,,7159.0,-1.35789,0.00562,57.62,3.7920867620089864
,,,,,,7160.0,-1.35231,0.00602,61.7066,3.911434744301823
,,,,,,7161.0,-1.35603,0.00642,65.7932,3.885193150815411
,,,,,,7162.0,-1.35417,0.00682,69.8798,3.879344149277379
,,,,,,7163.0,-1.35603,0.00722,73.9664,3.803874932209728
,,,,,,7164.0,-1.35417,0.00762,78.0478,3.802211043410258
,,,,,,7165.0,-1.35417,0.00802,82.1291,3.7888240805884212
,,,,,,7166.0,-1.35417,0.00841,86.2104,3.8835527926557742
,,,,,,7167.0,-1.35417,0.00881,90.2917,3.7506560176065653
,,,,,,7168.0,-1.35417,0.00921,94.3783,3.8351082808645183
,,,,,,7169.0,-1.35417,0.00961,98.4596,3.8876077712326693
,,,,,,7170.0,-1.35045,0.00976,100.0,3.82303134370349
,,,,,,7170.0,-1.35045,0.00976,100.0,3.871047058742535
,,,,,,,,,,
,,,,,,7170.0,0.67894,0.0,0.0,3.9169751040182406
,,,,,,7171.0,0.67894,0.00024,15.6164,3.8330462530883436
,,,,,,7172.0,0.67708,0.00044,28.8699,3.857625684000614
,,,,,,7173.0,0.67894,0.00064,42.1233,3.929290906142504
,,,,,,7174.0,0.67894,0.00084,55.3767,3.991183566619551
,,,,,,7175.0,0.67894,0.00103,68.4931,3.84125643923313
,,,,,,7176.0,0.67894,0.00121,80.1027,3.8749396150197972
,,,,,,7177.0,0.67894,0.00141,93.3562,3.869687633131533
,,,,,,7178.0,0.67894,0.00151,100.0,3.8115906898818586
,,,,,,7178.0,0.0,0.00151,100.0,3.8692605251353953
,,,,,,7179.0,0.0,0.00151,100.0,3.863636223792008
,,,,,,7180.0,0.0,0.00151,100.0,3.9365353291617144
,,,,,,7181.0,0.0,0.00151,100.0,3.8340916746335685
,,,,,,7182.0,0.0,0.00151,100.0,3.855061946413511
,,,,,,7183.0,0.0,0.00151,100.0,3.897358968842193
,,,,,,7184.0,0.0,0.00151,100.0,3.856567991017054
,,,,,,7185.0,0.0,0.00151,100.0,3.8094367057959237
,,,,,,7186.0,0.0,0.00151,100.0,3.8979282115552882
,,,,,,7187.0,0.0,0.00151,100.0,3.815865192493516
,,,,,,7188.0,0.0,0.00151,100.0,3.782937694768969
,,,,,,7189.0,0.0,0.00151,100.0,3.8514342893930107
,,,,,,7190.0,0.0,0.00151,100.0,3.768178729916471
,,,,,,7191.0,0.0,0.00151,100.0,3.933284048359137
,,,,,,7192.0,0.0,0.00151,100.0,3.95959533435778
,,,,,,7193.0,0.0,0.00151,100.0,3.917914862643075
,,,,,,7194.0,0.0,0.00151,100.0,3.7766134138588248
,,,,,,7194.0,0.0,0.00151,100.0,3.9320521570853773
,,,,,,,,,,
,,,,,,7194.0,-0.67336,0.0,0.0,3.8747730899125914
,,,,,,7195.0,-0.67708,0.0002,0.9522,3.829654019140104
,,,,,,7196.0,-0.67708,0.0004,1.9044,3.8977764303075735
,,,,,,7197.0,-0.67708,0.0006,2.8591,3.8794765284466504
,,,,,,7198.0,-0.67708,0.0008,3.8063,3.8927612258001667
,,,,,,7199.0,-0.67708,0.00097,4.6422,3.880410522456462
,,,,,,7200.0,-0.67708,0.00117,5.5969,3.8543906738568254
,,,,,,7201.0,-0.67708,0.00137,6.5516,3.846720395631823
,,,,,,7202.0,-0.67708,0.00157,7.5062,3.905847744927484
,,,,,,7203.0,-0.67708,0.00177,8.4584,3.808729843925362
,,,,,,7204.0,-0.67708,0.00197,9.4131,3.891351638738655
,,,,,,7205.0,-0.67708,0.00217,10.3678,3.838712904383572
,,,,,,7206.0,-0.67708,0.00237,11.3224,3.873740004509039
,,,,,,7207.0,-0.67708,0.00256,12.2771,3.8273406912192134
,,,,,,7208.0,-0.67708,0.00276,13.2318,3.84878911777488
,,,,,,7210.0,-0.67708,0.00296,14.184,3.8407000370570903
,,,,,,7211.0,-0.67708,0.00316,15.1386,3.8236108491218626
,,,,,,7212.0,-0.67708,0.00339,16.2095,3.802178155706816
,,,,,,7213.0,-0.67708,0.00357,17.1024,3.924621505922533
,,,,,,7214.0,-0.67708,0.00377,18.057,3.8172262372438466
,,,,,,7215.0,-0.67708,0.00397,19.0092,3.9267596243997156
,,,,,,7216.0,-0.67708,0.00417,19.9639,3.8390119670797302
,,,,,,7217.0,-0.67708,0.00437,20.9186,3.906664019660792
,,,,,,7218.0,-0.67708,0.00457,21.8732,3.7910077803422895
,,,,,,7219.0,-0.67708,0.00477,22.8279,3.770011599229282
,,,,,,7220.0,-0.67708,0.00497,23.7826,3.876762294769695
,,,,,,7221.0,-0.67708,0.00517,24.7273,3.803486021222078
,,,,,,7222.0,-0.67708,0.00537,25.682,3.755773252673648
,,,,,,7223.0,-0.67708,0.00557,26.6441,3.797781743535126
,,,,,,7224.0,-0.67708,0.00575,27.5097,3.8141151164367355
,,,,,,7225.0,-0.67708,0.00595,28.499,3.8369374442778446
,,,,,,7226.0,-0.67708,0.00615,29.4537,3.8489828359571963
,,,,,,7227.0,-0.67708,0.00635,30.4083,3.769129691305979
,,,,,,7228.0,-0.67708,0.00653,31.2443,3.839872353728188
,,,,,,7230.0,-0.67708,0.00673,32.1989,3.8763378837425506
,,,,,,7231.0,-0.67708,0.00693,33.1536,3.9521259101699897
,,,,,,7232.0,-0.67708,0.00713,34.1083,3.833419949825258
,,,,,,7233.0,-0.67708,0.00732,35.0605,3.8076327337506894
,,,,,,7234.0,-0.67708,0.00752,36.0077,3.8137068118486512
,,,,,,7235.0,-0.67708,0.00772,36.9624,3.815789262442015
,,,,,,7236.0,-0.67708,0.0079,37.8082,3.9363415718265595
,,,,,,7237.0,-0.67708,0.00811,38.8074,3.9212767274186007
,,,,,,7238.0,-0.67708,0.00831,39.7621,3.866203141338932
,,,,,,7239.0,-0.67708,0.00851,40.7143,3.8212042126392767
,,,,,,7240.0,-0.67708,0.00871,41.6689,3.846517039272501
,,,,,,7241.0,-0.67708,0.0089,42.6236,3.84171313932577
,,,,,,7242.0,-0.67708,0.0091,43.5783,3.860079142043054
,,,,,,7243.0,-0.67708,0.0093,44.523,3.903242856931802
,,,,,,7244.0,-0.67708,0.00948,45.3689,3.8104798916888796
,,,,,,7245.0,-0.67708,0.00968,46.3137,3.8117778550177923
,,,,,,7246.0,-0.67708,0.00988,47.2782,3.8046803348209153
,,,,,,7247.0,-0.67708,0.01008,48.2329,3.906404585706871
,,,,,,7248.0,-0.67708,0.01027,49.1777,3.836869748666078
,,,,,,7249.0,-0.67708,0.01045,50.0161,3.9119051953805446
,,,,,,7250.0,-0.67708,0.01065,50.9683,3.773649153167546
,,,,,,7251.0,-0.67708,0.01085,51.9229,3.8380334964317244
,,,,,,7252.0,-0.67708,0.01105,52.8875,3.8102892935725694
,,,,,,7253.0,-0.67708,0.01124,53.8051,3.816382845696129
,,,,,,7255.0,-0.67708,0.01144,54.7597,3.8591657527889893
,,,,,,7256.0,-0.67708,0.01161,55.5957,3.8131184904234314
,,,,,,7257.0,-0.67708,0.01181,56.5503,3.851913832483178
,,,,,,7258.0,-0.67708,0.01201,57.505,3.9035302216325833
,,,,,,7259.0,-0.67708,0.01221,58.4597,3.8660344964256663
,,,,,,7260.0,-0.67708,0.01243,59.4861,3.8588294286835962
,,,,,,7261.0,-0.67708,0.01261,60.3764,3.8121795092793103
,,,,,,7262.0,-0.67708,0.01281,61.3311,3.866650401144865
,,,,,,7263.0,-0.67708,0.01301,62.2858,3.8075615904612983
,,,,,,7264.0,-0.67708,0.01321,63.2404,3.7561543344703385
,,,,,,7265.0,-0.67708,0.01341,64.1951,3.8668144664052986
,,,,,,7266.0,-0.67708,0.01361,65.1473,3.896167268597408
,,,,,,7267.0,-0.67708,0.01381,66.1019,3.8863666729279394
,,,,,,7268.0,-0.67708,0.01401,67.0566,3.784904000669096
,,,,,,7269.0,-0.67708,0.01421,68.0113,3.8512409130958165
,,,,,,7270.0,-0.67708,0.01441,68.9659,3.858394798312223
,,,,,,7271.0,-0.67708,0.01461,69.9206,3.8756225901907864
,,,,,,7272.0,-0.67708,0.01481,70.8728,3.836932003434337
,,,,,,7274.0,-0.67708,0.01501,71.8275,3.893829513515982
,,,,,,7275.0,-0.67708,0.01521,72.7821,3.8342989861447325
,,,,,,7276.0,-0.67708,0.01541,73.7467,3.8540703524722453
,,,,,,7277.0,-0.67708,0.01561,74.6989,3.7995712002223003
,,,,,,7278.0,-0.67708,0.01581,75.6535,3.8083241131718015
,,,,,,7279.0,-0.67708,0.016,76.6082,3.8309043810038315
,,,,,,7280.0,-0.67708,0.01619,77.5085,3.8997587095878954
,,,,,,7281.0,-0.67708,0.01639,78.4359,3.9182459614005056
,,,,,,7281.0,-1.34859,0.01639,78.4359,3.870719190449252
,,,,,,7282.0,-1.35231,0.01678,80.323,3.7798184726224333
,,,,,,7283.0,-1.35231,0.01715,82.1062,3.7649872208028574
,,,,,,7284.0,-1.35417,0.01755,84.0131,3.8432222642530456
,,,,,,7285.0,-1.35231,0.01795,85.9199,3.750575315009271
,,,,,,7286.0,-1.35045,0.01835,87.8292,3.8606941467446063
,,,,,,7287.0,-1.35045,0.01875,89.7361,3.8374594641744886
,,,,,,7288.0,-1.35231,0.01914,91.6257,3.8434850738765
,,,,,,7289.0,-1.35231,0.01949,93.3,3.7629836517748774
,,,,,,7290.0,-1.35231,0.01989,95.2094,3.875900844670911
,,,,,,7291.0,-1.35231,0.02029,97.1187,3.8777704105133264
,,,,,,7292.0,-1.35417,0.02069,99.0453,3.7970355677460885
,,,,,,7293.0,-1.35603,0.02089,100.0,3.8610424463073043
,,,,,,7293.0,-1.35603,0.02089,100.0,3.779614339387766
,,,,,,,,,,
,,,,,,7293.0,0.6808,0.0,0.0,3.953743360917816
,,,,,,7294.0,0.67894,0.00019,12.5674,3.8167475055191797
,,,,,,7295.0,0.6808,0.00038,24.6631,3.86545711414784
,,,,,,7296.0,0.6808,0.00058,37.9717,3.864328050694604
,,,,,,7297.0,0.6808,0.00078,51.0445,3.9399731621674237
,,,,,,7298.0,0.6808,0.00098,64.1173,3.880079705258326
,,,,,,7299.0,0.6808,0.00118,77.19,3.842913075479397
,,,,,,7300.0,0.6808,0.00138,90.2628,3.9024774573367433
,,,,,,7301.0,0.6808,0.00153,100.0,3.9623709133034595
,,,,,,7301.0,0.0,0.00153,100.0,3.835471580537204
,,,,,,7302.0,0.0,0.00153,100.0,3.871062378050511
,,,,,,7303.0,0.0,0.00153,100.0,3.88752561521831
,,,,,,7304.0,0.0,0.00153,100.0,3.828448310663186
,,,,,,7305.0,0.0,0.00153,100.0,3.8200809949118084
,,,,,,7306.0,0.0,0.00153,100.0,3.9079694583613724
,,,,,,7307.0,0.0,0.00153,100.0,3.7750720894879164
,,,,,,7308.0,0.0,0.00153,100.0,3.89092126663222
,,,,,,7309.0,0.0,0.00153,100.0,3.85784409485476
,,,,,,7311.0,0.0,0.00153,100.0,3.809472229459742
,,,,,,7312.0,0.0,0.00153,100.0,3.8397088797126986
,,,,,,7313.0,0.0,0.00153,100.0,3.8292104523089074
,,,,,,7314.0,0.0,0.00153,100.0,3.925975016897167
,,,,,,7315.0,0.0,0.00153,100.0,3.849175708229389
,,,,,,7316.0,0.0,0.00153,100.0,3.811685560963934
,,,,,,7317.0,0.0,0.00153,100.0,3.829385446142269
,,,,,,7317.0,0.0,0.00153,100.0,3.8640889533903766
,,,,,,7317.0,0.0,0.00153,100.0,3.8496915011312596
,,,,,,,,,,
,,,,,,7317.0,-0.67336,0.0,0.0,3.8801217068059555
,,,,,,7318.0,-0.67522,0.00018,0.436,3.7878913918473867
,,,,,,7319.0,-0.67708,0.00038,0.9196,3.840927588080363
,,,,,,7320.0,-0.67708,0.00058,1.4031,3.793452011758424
,,,,,,7321.0,-0.67708,0.00078,1.8867,3.828934527564156
,,,,,,7322.0,-0.67708,0.00098,2.3703,3.7375486486526808
,,,,,,7323.0,-0.67708,0.00118,2.8526,3.819261313513642
,,,,,,7324.0,-0.67708,0.00138,3.3362,3.876281442231466
,,,,,,7325.0,-0.67708,0.00158,3.8198,3.8770954724783917
,,,,,,7326.0,-0.67708,0.00179,4.3309,3.8777191128905013
,,,,,,7327.0,-0.67708,0.00198,4.8095,3.9441161503314057
,,,,,,7328.0,-0.67708,0.00216,5.2342,3.8598330207743548
,,,,,,7330.0,-0.67708,0.00236,5.7165,3.876904578622129
,,,,,,7331.0,-0.67708,0.00256,6.2001,3.943883580738928
,,,,,,7332.0,-0.67708,0.00275,6.6787,3.830522621777971
,,,,,,7333.0,-0.67708,0.00296,7.1673,3.9009603791810683
,,,,,,7334.0,-0.67708,0.00316,7.6509,3.842639398036125
,,,,,,7335.0,-0.67708,0.00336,8.1382,3.8339421322358684
,,,,,,7336.0,-0.67708,0.00354,8.5717,3.787514905882388
,,,,,,7337.0,-0.67522,0.00373,9.0553,3.8689326310487964
,,,,,,7338.0,-0.67708,0.00393,9.5388,3.7392969305298926
,,,,,,7339.0,-0.67708,0.00413,10.0224,3.8775139393081672
,,,,,,7340.0,-0.67708,0.00433,10.5048,3.8502723917680237
,,,,,,7341.0,-0.67708,0.00453,10.9883,3.813625372406723
,,,,,,7342.0,-0.67708,0.00473,11.4669,3.926851770637335
,,,,,,7343.0,-0.67708,0.00492,11.9279,3.910179450249078
,,,,,,7344.0,-0.67708,0.00511,12.3927,3.850599577339938
,,,,,,7345.0,-0.67708,0.00531,12.8763,3.837004355656276
,,,,,,7346.0,-0.67708,0.00551,13.3549,3.829066289741849
,,,,,,7347.0,-0.67708,0.00568,13.7796,3.845524337870346
,,,,,,7348.0,-0.67708,0.00588,14.2632,3.784917553643666
,,,,,,7349.0,-0.67708,0.00608,14.7467,3.854418739667474
,,,,,,7350.0,-0.67708,0.00628,15.2291,3.8020055115385394
,,,,,,7351.0,-0.67708,0.00648,15.7127,3.8079007608611133
,,,,,,7352.0,-0.67708,0.00658,15.9544,3.8858686946859735
,,,,,,7352.0,-5.40737,0.00658,15.9544,3.6711738277096795
,,,,,,7353.0,-5.40737,0.0084,20.3618,3.6813157455266463
,,,,,,7354.0,-5.40923,0.00999,24.2229,3.6413136739116125
,,,,,,7355.0,-5.40737,0.01148,27.8298,3.65732898424017
,,,,,,7356.0,-5.40923,0.01307,31.6909,3.794882028859755
,,,,,,7357.0,-5.40923,0.01466,35.552,3.7226946761901645
,,,,,,7358.0,-5.41109,0.01626,39.4132,3.660480357273997
,,,,,,7359.0,-5.41109,0.01785,43.2756,3.6625325556826356
,,,,,,7360.0,-5.40737,0.01864,45.2049,3.6123988571444277
,,,,,,7360.0,-3.37984,0.01864,45.2049,3.671723717928306
,,,,,,7361.0,-3.37612,0.01977,47.936,3.6947384454832535
,,,,,,7362.0,-3.37984,0.02064,50.0532,3.6808964656165792
,,,,,,7363.0,-3.37798,0.02164,52.4661,3.6860251813900886
,,,,,,7364.0,-3.3817,0.02265,54.9254,3.6867311467112134
,,,,,,7365.0,-3.37984,0.02353,57.0426,3.735146137865167
,,,,,,7366.0,-3.38356,0.02453,59.4806,3.741576933005336
,,,,,,7367.0,-3.3817,0.02549,61.802,3.7100014128955943
,,,,,,7368.0,-3.3817,0.02648,64.1924,3.7017137043859147
,,,,,,7369.0,-3.37984,0.02735,66.3096,3.674715914286978
,,,,,,7370.0,-3.37984,0.02834,68.7213,3.773589268590268
,,,,,,7371.0,-3.37798,0.02934,71.1342,3.82273960971307
,,,,,,7372.0,-3.37798,0.03033,73.5458,3.7391619687619864
,,,,,,7374.0,-3.37984,0.03133,75.9587,3.7081493620374415
,,,,,,7375.0,-3.37798,0.03239,78.5307,3.7457820985487773
,,,,,,7376.0,-3.37612,0.03338,80.9436,3.74639666747192
,,,,,,7377.0,-3.37984,0.03437,83.334,3.756499677524326
,,,,,,7378.0,-3.37798,0.03524,85.4512,3.7954126016320484
,,,,,,7379.0,-3.3817,0.03624,87.8641,3.684382591277301
,,,,,,7380.0,-3.37612,0.03723,90.277,3.727080868342449
,,,,,,7381.0,-3.37984,0.03826,92.7588,3.744936081343719
,,,,,,7382.0,-3.37612,0.03925,95.1717,3.6374632017441346
,,,,,,7383.0,-3.37984,0.04025,97.5858,3.6293957021511867
,,,,,,7384.0,-3.37798,0.04112,99.7043,3.743663719058084
,,,,,,7384.0,-3.37798,0.04124,100.0,3.773158164129566
,,,,,,7384.0,-3.37798,0.04124,100.0,3.673641183492232
,,,,,,,,,,
,,,,,,7384.0,1.35789,0.0,0.0,3.819483001309011
,,,,,,7385.0,1.35603,0.00039,13.1187,3.8692906291865756
,,,,,,7386.0,1.35417,0.00079,26.4798,3.789467566719552
,,,,,,7387.0,1.35417,0.00119,39.8408,3.89567180924773
,,,,,,7388.0,1.35231,0.00154,51.5576,3.7606520765295066
,,,,,,7389.0,1.35789,0.00194,64.936,3.836115618844866
,,,,,,7390.0,1.35603,0.00234,78.3143,3.767621604730649
,,,,,,7391.0,1.35417,0.00274,91.6926,3.867355428105443
,,,,,,7392.0,1.35603,0.00299,100.0,3.901446667820306
,,,,,,7392.0,1.35603,0.00299,100.0,3.9189008779751107
,,,,,,,,,,
,,,,,,7392.0,-1.35417,0.0,0.0,3.790904328728505
,,,,,,7393.0,-1.35231,0.00038,3.1166,3.719048562531021
,,,,,,7394.0,-1.35231,0.00078,6.4215,3.835756890184274
,,,,,,7395.0,-1.35417,0.00117,9.7264,3.705848804293179
,,,,,,7396.0,-1.35417,0.00157,13.0271,3.7844251103926445
,,,,,,7397.0,-1.35417,0.00197,16.332,3.732194155683189
,,,,,,7398.0,-1.35417,0.00237,19.6027,3.77860929405637
,,,,,,7399.0,-1.35603,0.00272,22.501,3.784502276085438
,,,,,,7400.0,-1.35789,0.00311,25.8059,3.8424486365489874
,,,,,,7401.0,-1.35417,0.00351,29.1108,3.7881138878612877
,,,,,,7402.0,-1.35231,0.00391,32.4158,3.848836552971929
,,,,,,7403.0,-1.35417,0.00431,35.7164,3.7177182094773187
,,,,,,7405.0,-1.35417,0.00471,39.0214,3.790610251672929
,,,,,,7406.0,-1.35417,0.0051,42.2963,3.8193892731606414
,,,,,,7407.0,-1.35417,0.0055,45.597,3.804241283035044
,,,,,,7408.0,-1.35417,0.00592,49.0218,3.8397178591916132
,,,,,,7409.0,-1.35231,0.00628,52.0485,3.770892731613627
,,,,,,7410.0,-1.35603,0.00668,55.3491,3.741515332092941
,,,,,,7411.0,-1.35417,0.00708,58.6541,3.74096687243165
,,,,,,7412.0,-1.35231,0.00748,61.959,3.828222046725451
,,,,,,7413.0,-1.35231,0.00788,65.2554,3.758846479098772
,,,,,,7414.0,-1.35417,0.00829,68.7187,3.827692643617886
,,,,,,7415.0,-1.35417,0.00868,71.9252,3.7801162023606123
,,,,,,7416.0,-1.35231,0.00908,75.2301,3.7471990438718015
,,,,,,7417.0,-1.35231,0.00948,78.5308,3.7429198728431663
,,,,,,7418.0,-1.35417,0.00988,81.8314,3.8694441376473496
,,,,,,7419.0,-1.35603,0.01028,85.1364,3.804471889319904
,,,,,,7420.0,-1.35231,0.01067,88.4413,3.7708459773708247
,,,,,,7421.0,-1.35417,0.01107,91.7462,3.8392756523952896
,,,,,,7422.0,-1.35603,0.01142,94.6445,3.8592891554079394
,,,,,,7423.0,-1.35417,0.01182,97.9408,3.7518792284053872
,,,,,,7424.0,-1.35417,0.01207,100.0,3.7521822238027855
,,,,,,7424.0,-1.35417,0.01207,100.0,3.760493008848805
,,,,,,,,,,
,,,,,,7424.0,2.71019,0.0,0.0,3.8917192350102288
,,,,,,7425.0,2.70833,0.00075,12.4678,3.884368750667077
,,,,,,7426.0,2.70647,0.00155,25.7079,3.9798892094478777
,,,,,,7427.0,2.70833,0.00234,38.9394,4.014997889058525
,,,,,,7428.0,2.70461,0.00314,52.1709,3.8788520015428865
,,,,,,7429.0,2.70647,0.00394,65.4024,3.973664905279143
,,,,,,7430.0,2.70275,0.00468,77.6386,3.9414605369695566
,,,,,,7431.0,2.70647,0.00553,91.7539,3.782574146748982
,,,,,,7432.0,2.70461,0.00602,100.0,4.058176621783997
,,,,,,7432.0,0.0,0.00602,100.0,3.873928151298577
,,,,,,7433.0,0.0,0.00602,100.0,3.943487898261327
,,,,,,7434.0,0.0,0.00602,100.0,3.8835774774773513
,,,,,,7435.0,0.0,0.00602,100.0,3.8348228104300617
,,,,,,7436.0,0.0,0.00602,100.0,3.9162711643448676
,,,,,,7437.0,0.0,0.00602,100.0,3.9166007825972673
,,,,,,7438.0,0.0,0.00602,100.0,3.839458319889218
,,,,,,7439.0,0.0,0.00602,100.0,3.8205572538150827
,,,,,,7440.0,0.0,0.00602,100.0,3.8205750254940845
,,,,,,7441.0,0.0,0.00602,100.0,3.9131954305663093
,,,,,,7442.0,0.0,0.00602,100.0,3.8255783062771105
,,,,,,7443.0,0.0,0.00602,100.0,3.789492706305319
,,,,,,7445.0,0.0,0.00602,100.0,3.830663069510614
,,,,,,7446.0,0.0,0.00602,100.0,3.829012243576698
,,,,,,7447.0,0.0,0.00602,100.0,3.8648806742492896
,,,,,,7448.0,0.0,0.00602,100.0,3.8720120520075367
,,,,,,7449.0,0.0,0.00602,100.0,3.83658788769894
,,,,,,7450.0,0.0,0.00602,100.0,3.826738449909999
,,,,,,7451.0,0.0,0.00602,100.0,3.9207812804413273
,,,,,,7452.0,0.0,0.00602,100.0,3.8688022611121977
,,,,,,7453.0,0.0,0.00602,100.0,3.8117733547172414
,,,,,,7454.0,0.0,0.00602,100.0,3.8579846381510965
,,,,,,7455.0,0.0,0.00602,100.0,3.916232198989799
,,,,,,7456.0,0.0,0.00602,100.0,3.788040858007687
,,,,,,7457.0,0.0,0.00602,100.0,3.9517447012321814
,,,,,,7458.0,0.0,0.00602,100.0,3.940459804807688
,,,,,,7459.0,0.0,0.00602,100.0,3.810635633899489
,,,,,,7460.0,0.0,0.00602,100.0,3.914807707114688
,,,,,,7461.0,0.0,0.00602,100.0,3.874845320197561
,,,,,,7462.0,0.0,0.00602,100.0,3.8258603110518057
,,,,,,7463.0,0.0,0.00602,100.0,3.8683824294678173
,,,,,,7464.0,0.0,0.00602,100.0,3.911740559132225
,,,,,,7465.0,0.0,0.00602,100.0,3.8154925468004026
,,,,,,7466.0,0.0,0.00602,100.0,3.843127245288772
,,,,,,7467.0,0.0,0.00602,100.0,3.757086375664478
,,,,,,7468.0,0.0,0.00602,100.0,3.8715804151083644
,,,,,,7469.0,0.0,0.00602,100.0,3.800556670429225
,,,,,,7471.0,0.0,0.00602,100.0,3.830430917879812
,,,,,,7471.0,0.0,0.00602,100.0,3.805842959675776
,,,,,,7471.0,0.0,0.00602,100.0,3.8236546668306035
,,,,,,7472.0,0.0,0.00602,100.0,3.827023101777653
,,,,,,7473.0,0.0,0.00602,100.0,3.9105379796845803
,,,,,,7474.0,0.0,0.00602,100.0,3.7780533866468318
,,,,,,7475.0,0.0,0.00602,100.0,3.9537001807442684
,,,,,,7476.0,0.0,0.00602,100.0,3.843438701894019
,,,,,,7477.0,0.0,0.00602,100.0,3.906067684292874
,,,,,,7478.0,0.0,0.00602,100.0,3.9816233198044912
,,,,,,7479.0,0.0,0.00602,100.0,3.9231919609900396
,,,,,,7480.0,0.0,0.00602,100.0,3.8696465145151047
,,,,,,7481.0,0.0,0.00602,100.0,3.8871020065563844
,,,,,,7483.0,0.0,0.00602,100.0,3.9057228370797983
,,,,,,7484.0,0.0,0.00602,100.0,3.839635388010568
,,,,,,7485.0,0.0,0.00602,100.0,3.855172569466457
,,,,,,7486.0,0.0,0.00602,100.0,3.8499685504335592
,,,,,,7487.0,0.0,0.00602,100.0,3.9266755128844757
,,,,,,7488.0,0.0,0.00602,100.0,3.923884779388078
,,,,,,7488.0,0.0,0.00602,100.0,3.950293781987806
,,,,,,7488.0,0.0,0.00602,100.0,3.8674601759619787
,,,,,,,,,,
,,,,,,7488.0,-0.67522,0.0,0.0,3.781023859573091
,,,,,,7489.0,-0.67708,0.00024,2.4585,3.808899305057198
,,,,,,7490.0,-0.67708,0.00042,4.2416,3.744250129249683
,,,,,,7491.0,-0.67708,0.00061,6.278,3.8430467584727133
,,,,,,7492.0,-0.67708,0.00081,8.3144,3.8431648624065904
,,,,,,7493.0,-0.67708,0.00101,10.3508,3.8513601913552185
,,,,,,7495.0,-0.67708,0.00122,12.498,3.8668529826637155
,,,,,,7496.0,-0.67708,0.0014,14.3445,3.85714172309086
,,,,,,7497.0,-0.67708,0.0016,16.3598,3.8427934513217488
,,,,,,7498.0,-0.67708,0.0018,18.3962,3.801238069329995
,,,,,,7499.0,-0.67708,0.002,20.4326,3.786714958365786
,,,,,,7500.0,-0.67708,0.0022,22.469,3.8264685799888514
,,,,,,7501.0,-0.67708,0.0024,24.5001,3.88707325057618
,,,,,,7502.0,-0.67708,0.00262,26.7687,3.789034252312847
,,,,,,7503.0,-0.67708,0.00281,28.6521,3.8067299800634147
,,,,,,7504.0,-0.67708,0.00301,30.6832,3.7650827098360065
,,,,,,7505.0,-0.67708,0.0032,32.7196,3.7817101974928837
,,,,,,7506.0,-0.67522,0.0034,34.756,3.7162695609221026
,,,,,,7507.0,-0.67708,0.0036,36.7924,3.852268215171235
,,,,,,7508.0,-0.67708,0.0038,38.8288,3.8652345334569502
,,,,,,7509.0,-0.67708,0.004,40.8652,3.9045200316100734
,,,,,,7510.0,-0.67708,0.0042,42.9016,3.9210456958978295
,,,,,,7511.0,-0.67708,0.0044,44.9327,3.8283100973105437
,,,,,,7513.0,-0.67708,0.0046,46.9691,3.8280632473535197
,,,,,,7514.0,-0.67708,0.0048,49.0055,3.8408028945666395
,,,,,,7515.0,-0.67708,0.005,51.0419,3.9247349513357865
,,,,,,7516.0,-0.67708,0.0052,53.0783,3.843274554115139
,,,,,,7516.0,-0.67708,0.00527,53.8433,3.7482597425680075
,,,,,,7516.0,-1.35231,0.00527,53.8433,3.709100696764634
,,,,,,7517.0,-1.35417,0.00566,57.7578,3.8630350145045993
,,,,,,7518.0,-1.35789,0.00606,61.8306,3.8244453996657892
,,,,,,7519.0,-1.35603,0.00645,65.8982,3.8299822180935426
,,,,,,7520.0,-1.35045,0.00685,69.971,3.8623640176422964
,,,,,,7521.0,-1.35789,0.00725,74.0016,3.848860387310497
,,,,,,7522.0,-1.35231,0.0076,77.5785,3.9230151201779173
,,,,,,7523.0,-1.35045,0.008,81.646,3.798789474501873
,,,,,,7524.0,-1.35231,0.00839,85.7135,3.750913523016547
,,,,,,7525.0,-1.35603,0.00879,89.7811,3.711059322346685
,,,,,,7527.0,-1.35603,0.00919,93.8539,3.8636670912165543
,,,,,,7528.0,-1.35231,0.00959,97.9636,3.8232606082332063
,,,,,,7528.0,-1.35417,0.00979,100.0,3.7262739269478606
,,,,,,7528.0,-1.35417,0.00979,100.0,3.7973950751646988
,,,,,,,,,,
,,,,,,7528.0,0.67894,0.0,0.0,3.842312351243452
,,,,,,7529.0,0.67894,0.00022,14.5139,3.866888913342236
,,,,,,7530.0,0.67894,0.00042,27.6683,3.8923637149049957
,,,,,,7531.0,0.67894,0.00062,40.8226,3.8064359080256787
,,,,,,7532.0,0.67894,0.00082,53.9769,3.7575107667308307
,,,,,,7533.0,0.67894,0.00102,67.1312,3.919085939132357
,,,,,,7535.0,0.67894,0.00122,80.2855,3.8276491641745087
,,,,,,7536.0,0.67894,0.00142,93.4059,3.894189529972702
,,,,,,7536.0,0.67894,0.00152,100.0,3.8497234283497335
,,,,,,7536.0,0.0,0.00152,100.0,3.7219434001591036
,,,,,,7537.0,0.0,0.00152,100.0,3.8227496295706938
,,,,,,7538.0,0.0,0.00152,100.0,3.729370012216562
,,,,,,7539.0,0.0,0.00152,100.0,3.8809227676324514
,,,,,,7540.0,0.0,0.00152,100.0,3.785480542632803
,,,,,,7541.0,0.0,0.00152,100.0,3.8351228933405546
,,,,,,7542.0,0.0,0.00152,100.0,3.911970373637933
,,,,,,7543.0,0.0,0.00152,100.0,3.8595306402770886
,,,,,,7544.0,0.0,0.00152,100.0,3.915445093800393
,,,,,,7545.0,0.0,0.00152,100.0,3.818385893855133
,,,,,,7547.0,0.0,0.00152,100.0,3.7773042424361485
,,,,,,7548.0,0.0,0.00152,100.0,3.8263486738392083
,,,,,,7549.0,0.0,0.00152,100.0,3.8834280561697647
,,,,,,7550.0,0.0,0.00152,100.0,3.8368994306483724
,,,,,,7551.0,0.0,0.00152,100.0,3.880103150163228
,,,,,,7552.0,0.0,0.00152,100.0,3.8419384028375427
,,,,,,7552.0,0.0,0.00152,100.0,3.9526834265082944
,,,,,,7552.0,0.0,0.00152,100.0,3.8400201576746595
,,,,,,,,,,
,,,,,,7552.0,-0.66964,0.0,0.0,3.832249898561753
,,,,,,7553.0,-0.67522,0.0002,0.9585,3.8310738820847394
,,,,,,7554.0,-0.67708,0.0004,1.9121,3.7379563220813434
,,,,,,7555.0,-0.67708,0.0006,2.8656,3.856796448755756
,,,,,,7556.0,-0.67708,0.0008,3.8192,3.721748429057673
,,,,,,7557.0,-0.67708,0.001,4.7727,3.7945574038415084
,,,,,,7558.0,-0.67708,0.0012,5.7238,3.855194401331369
,,,,,,7560.0,-0.67708,0.0014,6.6774,3.7993567469262506
,,,,,,7561.0,-0.67708,0.0016,7.6309,3.888425571498686
,,,,,,7562.0,-0.67708,0.0018,8.5845,3.8647084040082023
,,,,,,7563.0,-0.67708,0.00199,9.538,3.897910626332599
,,,,,,7564.0,-0.67708,0.00219,10.4916,3.751454598918882
,,,,,,7565.0,-0.67708,0.00239,11.4452,3.7982602493666935
,,,,,,7566.0,-0.67708,0.00259,12.3962,3.908875638007738
,,,,,,7567.0,-0.67708,0.00279,13.3498,3.8592370922773114
,,,,,,7568.0,-0.67708,0.00299,14.3034,3.8595983924011272
,,,,,,7569.0,-0.67708,0.00319,15.2569,3.8555786600468136
,,,,,,7570.0,-0.67708,0.0034,16.2376,3.943594820304549
,,,,,,7571.0,-0.67522,0.00357,17.0726,3.817375026373599
,,,,,,7572.0,-0.67708,0.00377,18.0262,3.8799765919136755
,,,,,,7573.0,-0.67708,0.00397,18.9797,3.8074104608153094
,,,,,,7574.0,-0.67708,0.00417,19.9333,3.844202536004344
,,,,,,7575.0,-0.67708,0.00437,20.8844,3.7521146807409167
,,,,,,7576.0,-0.67708,0.00457,21.8478,3.76430848496193
,,,,,,7577.0,-0.67708,0.00476,22.747,3.764372204268759
,,,,,,7578.0,-0.67708,0.00494,23.629,3.804782434337823
,,,,,,7579.0,-0.67708,0.00514,24.58,3.7913722581805755
,,,,,,7581.0,-0.67708,0.00534,25.5336,3.846135769890394
,,,,,,7582.0,-0.67708,0.00554,26.4773,3.8322623708128822
,,,,,,7583.0,-0.67708,0.00575,27.4951,3.83902272851938
,,,,,,7584.0,-0.67708,0.00595,28.4486,3.796949070204203
,,,,,,7585.0,-0.67708,0.00615,29.3997,4.021429362086977
,,,,,,7586.0,-0.67708,0.00635,30.3533,3.8215071529642723
,,,,,,7587.0,-0.67708,0.00655,31.3068,3.7590415723618804
,,,,,,7588.0,-0.67708,0.00675,32.2604,3.8012856266478283
,,,,,,7589.0,-0.67708,0.00695,33.2139,3.857092882351994
,,,,,,7590.0,-0.67708,0.00715,34.1675,3.8195164042499146
,,,,,,7591.0,-0.67522,0.00735,35.1186,3.9583197336654155
,,,,,,7592.0,-0.67708,0.00754,36.0721,3.866732534996717
,,,,,,7593.0,-0.67708,0.00774,37.0257,3.7732097571350938
,,,,,,7594.0,-0.67708,0.00794,37.9422,3.8811363851537455
,,,,,,7595.0,-0.67708,0.00811,38.7796,3.7778448168299517
,,,,,,7596.0,-0.67708,0.00831,39.7307,3.82925119030526
,,,,,,7597.0,-0.67708,0.00851,40.6843,3.811810473341662
,,,,,,7598.0,-0.67708,0.00871,41.6378,3.910797300060553
,,,,,,7599.0,-0.67708,0.00891,42.5914,3.811061313953622
,,,,,,7601.0,-0.67708,0.00911,43.545,3.7951121949334112
,,,,,,7602.0,-0.67708,0.00929,44.4343,3.805283494731207
,,,,,,7603.0,-0.67708,0.00948,45.3261,3.897064328878807
,,,,,,7604.0,-0.67708,0.00968,46.2772,3.8148723378701135
,,,,,,7605.0,-0.67708,0.00988,47.2307,3.8174633525414734
,,,,,,7606.0,-0.67708,0.01008,48.1843,3.8669473440988127
,,,,,,7607.0,-0.67708,0.01028,49.1378,3.83748313636341
,,,,,,7608.0,-0.67708,0.01048,50.0914,3.8255213366609344
,,,,,,7609.0,-0.67708,0.01068,51.0425,3.8471158256710436
,,,,,,7610.0,-0.67708,0.01088,51.996,3.901802049936588
,,,,,,7611.0,-0.67708,0.01108,52.9768,3.7185756796721727
,,,,,,7612.0,-0.67708,0.01128,53.9303,3.9015791175748378
,,,,,,7613.0,-0.67708,0.01148,54.8839,3.6817686539185184
,,,,,,7614.0,-0.67708,0.01168,55.8374,3.8542899004248827
,,,,,,7615.0,-0.67708,0.01188,56.7885,3.8486978982507716
,,,,,,7616.0,-0.67708,0.01208,57.7421,3.8846502641201033
,,,,,,7617.0,-0.67708,0.01227,58.6858,3.850338682445341
,,,,,,7618.0,-0.67708,0.01246,59.5677,3.8283055822344885
,,,,,,7619.0,-0.67708,0.01267,60.5558,3.8377535389494213
,,,,,,7620.0,-0.67708,0.01284,61.3933,3.8419559292631016
,,,,,,7621.0,-0.67708,0.01304,62.3468,3.7894562163677334
,,,,,,7623.0,-0.67708,0.01324,63.3004,3.817312743087021
,,,,,,7624.0,-0.67708,0.01344,64.2515,3.8505271431103667
,,,,,,7625.0,-0.67708,0.01364,65.205,3.8083952465902446
,,,,,,7626.0,-0.67708,0.01384,66.1586,3.8788378656318394
,,,,,,7627.0,-0.67708,0.01404,67.1122,3.8371217815381935
,,,,,,7628.0,-0.67708,0.01424,68.0657,3.784868611498106
,,,,,,7629.0,-0.67708,0.01444,69.0193,3.7465496549592285
,,,,,,7630.0,-0.67708,0.01464,69.9704,3.7639541227428057
,,,,,,7631.0,-0.67708,0.01483,70.9239,3.785117357097321
,,,,,,7632.0,-0.67708,0.01503,71.8775,3.799050637537304
,,,,,,7633.0,-0.67708,0.01523,72.831,3.786630499817906
,,,,,,7634.0,-0.67708,0.01543,73.7846,3.8568972772972385
,,,,,,7635.0,-0.67708,0.01563,74.7381,3.8988635179532
,,,,,,7636.0,-0.67708,0.01583,75.6917,3.7773270782913873
,,,,,,7637.0,-0.67708,0.01603,76.6428,3.7586240256824923
,,,,,,7638.0,-0.67708,0.01623,77.5963,3.7841194156184335
,,,,,,7639.0,-0.67708,0.01638,78.3078,3.8638505196383712
,,,,,,7639.0,-1.35603,0.01638,78.3078,3.8560177115893524
,,,,,,7640.0,-1.35417,0.01675,80.0865,3.7553733807402865
,,,,,,7641.0,-1.35417,0.01712,81.8676,3.7400396429612246
,,,,,,7642.0,-1.35789,0.01752,83.7722,3.7787395276742175
,,,,,,7643.0,-1.35045,0.01792,85.6966,3.7857205612964084
,,,,,,7644.0,-1.35789,0.01832,87.6062,3.7905704352406486
,,,,,,7645.0,-1.35975,0.01872,89.5109,3.76832736274905
,,,,,,7646.0,-1.35603,0.01912,91.4205,3.736898085575932
,,,,,,7648.0,-1.35417,0.01952,93.3276,3.8278572969503677
,,,,,,7649.0,-1.35417,0.01992,95.2347,3.721180047476455
,,,,,,7650.0,-1.35603,0.02027,96.9071,3.8532234186703276
,,,,,,7651.0,-1.35045,0.02067,98.8118,3.811515080352745
,,,,,,7651.0,-1.35417,0.02092,100.0,3.7962648649970125
,,,,,,7651.0,-1.35417,0.02092,100.0,3.963634448962143
,,,,,,,,,,
,,,,,,7651.0,0.67894,0.0,0.0,3.8573290985847852
,,,,,,7652.0,0.67894,0.0002,13.2534,3.8591206464417738
,,,,,,7653.0,0.67894,0.00041,27.1233,3.811152583239582
,,,,,,7654.0,0.67894,0.00058,38.7671,3.868049161843798
,,,,,,7655.0,0.67894,0.00078,52.0205,3.917253691108524
,,,,,,7656.0,0.67894,0.00099,65.3767,3.896878498658762
,,,,,,7658.0,0.67708,0.00118,78.4931,3.9653004778164416
,,,,,,7659.0,0.67894,0.00138,91.7466,3.9084672431412972
,,,,,,7659.0,0.67894,0.00151,100.0,3.8406514495946444
,,,,,,7659.0,0.0,0.00151,100.0,3.855408532776478
,,,,,,7660.0,0.0,0.00151,100.0,3.84874845694831
,,,,,,7661.0,0.0,0.00151,100.0,3.823230224728047
,,,,,,7662.0,0.0,0.00151,100.0,3.8458722827151344
,,,,,,7663.0,0.0,0.00151,100.0,3.853748714795571
,,,,,,7664.0,0.0,0.00151,100.0,3.7999408392005813
,,,,,,7666.0,0.0,0.00151,100.0,3.940382408845769
,,,,,,7667.0,0.0,0.00151,100.0,3.828250525370787
,,,,,,7668.0,0.0,0.00151,100.0,3.8624622990691826
,,,,,,7669.0,0.0,0.00151,100.0,3.9057370251992944
,,,,,,7670.0,0.0,0.00151,100.0,3.84597368108708
,,,,,,7671.0,0.0,0.00151,100.0,3.8219982449612133
,,,,,,7672.0,0.0,0.00151,100.0,3.879994372208614
,,,,,,7673.0,0.0,0.00151,100.0,3.7366967305489514
,,,,,,7674.0,0.0,0.00151,100.0,3.873137919295343
,,,,,,7675.0,0.0,0.00151,100.0,3.739745974978286
,,,,,,7675.0,0.0,0.00151,100.0,3.845453262756489
,,,,,,7675.0,0.0,0.00151,100.0,3.813015381701689
,,,,,,,,,,
,,,,,,7675.0,-0.67522,0.0,0.0,3.827459153262653
,,,,,,7676.0,-0.67522,0.00019,0.4634,3.8210606733580796
,,,,,,7677.0,-0.67708,0.00039,0.9469,3.806787391670431
,,,,,,7678.0,-0.67708,0.00059,1.4303,3.8826142249957596
,,,,,,7679.0,-0.67708,0.00079,1.9138,3.8214933313099553
,,,,,,7681.0,-0.67708,0.00099,2.3973,3.857325864822972
,,,,,,7682.0,-0.67708,0.00119,2.8795,3.87716963510312
,,,,,,7683.0,-0.67522,0.00139,3.3629,3.8970394296613575
,,,,,,7684.0,-0.67708,0.00156,3.7875,3.80203366907521
,,,,,,7685.0,-0.67708,0.00176,4.266,3.75651265616328
,,,,,,7686.0,-0.67708,0.00196,4.7532,3.8015476637820442
,,,,,,7687.0,-0.67708,0.00214,5.1778,3.803595344719944
,,,,,,7688.0,-0.67708,0.00234,5.6613,3.7819331064158237
,,,,,,7689.0,-0.67708,0.00253,6.1447,3.8181122226945154
,,,,,,7690.0,-0.67708,0.00273,6.6269,3.839740791452453
,,,,,,7691.0,-0.67708,0.00293,7.1104,3.8355634335974864
,,,,,,7692.0,-0.67708,0.00313,7.5938,3.8141398113107337
,,,,,,7693.0,-0.67708,0.00334,8.1049,3.675968886144818
,,,,,,7694.0,-0.67708,0.00354,8.5883,3.7922214634285263
,,,,,,7695.0,-0.67708,0.00372,9.0117,3.850659610759547
,,,,,,7696.0,-0.67708,0.00392,9.4951,3.8188082979181024
,,,,,,7697.0,-0.67708,0.00411,9.9736,3.9036860243713325
,,,,,,7698.0,-0.67708,0.00431,10.457,3.813980684283151
,,,,,,7699.0,-0.67708,0.00451,10.9405,3.859984319092992
,,,,,,7700.0,-0.67708,0.00471,11.424,3.8242583402812307
,,,,,,7701.0,-0.67708,0.00493,11.9475,3.6661533952379872
,,,,,,7702.0,-0.67708,0.00511,12.3758,3.7955622027282794
,,,,,,7703.0,-0.67708,0.0053,12.8593,3.8753151797063397
,,,,,,7705.0,-0.67708,0.0055,13.3378,3.911800244158662
,,,,,,7706.0,-0.67708,0.0057,13.8212,3.8451080813802023
,,,,,,7707.0,-0.67708,0.0059,14.3047,3.8233866194315884
,,,,,,7708.0,-0.67708,0.0061,14.7881,3.8729124928718095
,,,,,,7709.0,-0.67708,0.00628,15.2127,3.858163229086688
,,,,,,7710.0,-0.67708,0.00647,15.6949,3.789563591534818
,,,,,,7710.0,-0.67708,0.00657,15.9367,3.8043610090484794
,,,,,,7710.0,-5.40737,0.00657,15.9367,3.6389538094777545
,,,,,,7711.0,-5.40737,0.00808,19.5777,3.668037589701102
,,,,,,7712.0,-5.40923,0.00967,23.4378,3.651120505904244
,,,,,,7713.0,-5.41109,0.01132,27.4433,3.696528565728754
,,,,,,7714.0,-5.41295,0.01281,31.048,3.597032600997832
,,,,,,7715.0,-5.41109,0.01439,34.8718,3.602756959976816
,,,,,,7717.0,-5.40923,0.01598,38.732,3.717544946555725
,,,,,,7718.0,-5.40551,0.01757,42.5909,3.6760888534747345
,,,,,,7718.0,-5.41109,0.01876,45.4666,3.7049312270279726
,,,,,,7718.0,-3.36682,0.01876,45.4666,3.6023366862288997
,,,,,,7720.0,-3.37984,0.01987,48.1757,3.736917878338049
,,,,,,7721.0,-3.38356,0.02087,50.588,3.7510344845942876
,,,,,,7722.0,-3.38728,0.02178,52.7974,3.7833633393441253
,,,,,,7723.0,-3.37984,0.02282,55.3225,3.62031072067637
,,,,,,7724.0,-3.37984,0.0237,57.4392,3.696008976820608
,,,,,,7725.0,-3.38728,0.02477,60.0343,3.6178233430742406
,,,,,,7726.0,-3.37984,0.02565,62.1748,3.705507781764178
,,,,,,7727.0,-3.3817,0.02664,64.5871,3.7203386012277657
,,,,,,7728.0,-3.37798,0.02764,66.9994,3.6590163581702573
,,,,,,7729.0,-3.3817,0.02864,69.413,3.6776480637490008
,,,,,,7730.0,-3.37798,0.02963,71.8252,3.649995853833865
,,,,,,7731.0,-3.37612,0.03063,74.2375,3.6496999124761005
,,,,,,7732.0,-3.3817,0.03152,76.4006,3.645315889145142
,,,,,,7733.0,-3.37798,0.03248,78.7215,3.7720616585592257
,,,,,,7734.0,-3.37984,0.03351,81.2239,3.7960568176341116
,,,,,,7735.0,-3.37612,0.03438,83.3394,3.6884229090862517
,,,,,,7736.0,-3.37984,0.03538,85.7504,3.7053267154468292
,,,,,,7737.0,-3.37984,0.03637,88.1627,3.70335257749258
,,,,,,7738.0,-3.37798,0.03737,90.5976,3.663054344759208
,,,,,,7739.0,-3.37984,0.03827,92.7594,3.6505960406061417
,,,,,,7740.0,-3.37984,0.03926,95.1729,3.697991775363776
,,,,,,7741.0,-3.38356,0.04026,97.5877,3.6231899173370317
,,,,,,7742.0,-3.37798,0.04125,100.0,3.6392926164806734
,,,,,,7742.0,-3.37798,0.04125,100.0,3.6798729704107105
,,,,,,,,,,
,,,,,,7742.0,1.35231,0.0,0.0,3.861402995411878
,,,,,,7743.0,1.35231,0.0004,13.1944,3.899582142691063
,,,,,,7744.0,1.35231,0.00076,24.7629,3.8163289100417166
,,,,,,7745.0,1.35603,0.00116,37.9573,3.8873165306833313
,,,,,,7746.0,1.35231,0.00156,51.0163,3.853658681690295
,,,,,,7747.0,1.35417,0.00196,64.0921,3.8957249465488113
,,,,,,7749.0,1.35417,0.00235,77.168,3.844082948146222
,,,,,,7750.0,1.35417,0.00275,90.2439,3.8944663813831464
,,,,,,7750.0,1.35417,0.00305,100.0,3.82720831133151
,,,,,,7750.0,1.35417,0.00305,100.0,3.7656893420653117
,,,,,,,,,,
,,,,,,7750.0,-1.35231,0.0,0.0,3.803858354079303
,,,,,,7751.0,-1.35603,0.00038,3.1261,3.889264185721992
,,,,,,7752.0,-1.35231,0.00077,6.4067,3.7499958772806052
,,,,,,7753.0,-1.35045,0.00112,9.3095,3.8429658014740484
,,,,,,7755.0,-1.35603,0.00152,12.6202,3.745266727098532
,,,,,,7756.0,-1.35603,0.00192,15.9352,3.7876745420998503
,,,,,,7757.0,-1.35603,0.00232,19.2503,3.751635037586794
,,,,,,7758.0,-1.35603,0.00271,22.561,3.7754629322137667
,,,,,,7759.0,-1.35417,0.00311,25.876,3.7892694869053885
,,,,,,7760.0,-1.35045,0.00351,29.1867,3.7836053250011124
,,,,,,7761.0,-1.35603,0.00391,32.506,3.7545517095815706
,,,,,,7762.0,-1.35417,0.00431,35.821,3.7953755928381314
,,,,,,7763.0,-1.35045,0.00471,39.1017,3.7501302367673843
,,,,,,7764.0,-1.35417,0.00505,42.0088,3.7586908710158378
,,,,,,7765.0,-1.35417,0.00545,45.3195,3.7346123648322873
,,,,,,7766.0,-1.35231,0.00584,48.54,3.7790704666275063
,,,,,,7767.0,-1.35417,0.00626,52.0096,3.7296338548948382
,,,,,,7768.0,-1.35417,0.00665,55.2302,3.7813027827058168
,,,,,,7769.0,-1.35789,0.00704,58.5409,3.746814818314509
,,,,,,7770.0,-1.35417,0.00744,61.8602,3.7689341275920403
,,,,,,7771.0,-1.35417,0.00784,65.1709,3.7908501419194893
,,,,,,7772.0,-1.35417,0.00824,68.4859,3.7531632672586626
,,,,,,7773.0,-1.35417,0.00859,71.393,3.7893551764031494
,,,,,,7774.0,-1.35231,0.00899,74.7037,3.738236739219739
,,,,,,7775.0,-1.35603,0.00939,78.0187,3.7585122335494168
,,,,,,7776.0,-1.35231,0.00979,81.3337,3.764330245364324
,,,,,,7778.0,-1.35417,0.01019,84.6487,3.708966009410612
,,,,,,7779.0,-1.35603,0.01058,87.9638,3.8789765309953785
,,,,,,7780.0,-1.35603,0.01098,91.2788,3.7256364816565557
,,,,,,7781.0,-1.35231,0.01138,94.5895,3.730718113406782
,,,,,,7782.0,-1.35417,0.01178,97.9045,3.7355290738036677
,,,,,,7782.0,-1.35417,0.01203,100.0,3.72709382869025
,,,,,,7782.0,-1.35417,0.01203,100.0,3.80057912344093
,,,,,,,,,,
,,,,,,7782.0,2.70275,0.0,0.0,3.9143825773973346
,,,,,,7783.0,2.70833,0.00081,13.3236,3.88019614131649
,,,,,,7784.0,2.70647,0.0015,24.8868,3.923564911998584
,,,,,,7786.0,2.70833,0.0023,38.0737,3.8204505772474864
,,,,,,7787.0,2.70647,0.0031,51.2606,3.8893998772694234
,,,,,,7788.0,2.70461,0.00401,66.302,3.913207048252394
,,,,,,7789.0,2.70275,0.00475,78.6172,3.885443707949806
,,,,,,7790.0,2.70647,0.00555,91.7956,3.9283636160801207
,,,,,,7791.0,2.70647,0.00605,100.0,3.882052211451771
,,,,,,7791.0,0.0,0.00605,100.0,3.789278397278241
,,,,,,7792.0,0.0,0.00605,100.0,3.8744113705696552
,,,,,,7793.0,0.0,0.00605,100.0,3.808709203921592
,,,,,,7794.0,0.0,0.00605,100.0,3.840641440064315
,,,,,,7795.0,0.0,0.00605,100.0,3.8193393359026735
,,,,,,7796.0,0.0,0.00605,100.0,3.8589384387301564
,,,,,,7797.0,0.0,0.00605,100.0,3.929132341530716
,,,,,,7798.0,0.0,0.00605,100.0,3.8480405814870378
,,,,,,7799.0,0.0,0.00605,100.0,3.780793283554049
,,,,,,7800.0,0.0,0.00605,100.0,3.8517499763626986
,,,,,,7801.0,0.0,0.00605,100.0,3.818636889667747
,,,,,,7802.0,0.0,0.00605,100.0,3.8042246771844437
,,,,,,7803.0,0.0,0.00605,100.0,3.772364902816073
,,,,,,7804.0,0.0,0.00605,100.0,3.8498336927262464
,,,,,,7805.0,0.0,0.00605,100.0,3.7825446725000846
,,,,,,7806.0,0.0,0.00605,100.0,3.8236224374950947
,,,,,,7807.0,0.0,0.00605,100.0,3.8049495412734315
,,,,,,7808.0,0.0,0.00605,100.0,3.808583996652394
,,,,,,7809.0,0.0,0.00605,100.0,3.9025602781236968
,,,,,,7810.0,0.0,0.00605,100.0,3.795132379451756
,,,,,,7812.0,0.0,0.00605,100.0,3.846419252609535
,,,,,,7813.0,0.0,0.00605,100.0,3.833840961264589
,,,,,,7814.0,0.0,0.00605,100.0,3.9241653934775087
,,,,,,7815.0,0.0,0.00605,100.0,3.7579157172029936
,,,,,,7816.0,0.0,0.00605,100.0,3.8000055313382166
,,,,,,7817.0,0.0,0.00605,100.0,3.735949519808867
,,,,,,7818.0,0.0,0.00605,100.0,3.836584873362268
,,,,,,7819.0,0.0,0.00605,100.0,3.8310490786697793
,,,,,,7820.0,0.0,0.00605,100.0,3.8384943135044227
,,,,,,7821.0,0.0,0.00605,100.0,3.841938434978851
,,,,,,7822.0,0.0,0.00605,100.0,3.891439423863005
,,,,,,7823.0,0.0,0.00605,100.0,3.8507726562118103
,,,,,,7824.0,0.0,0.00605,100.0,3.7788970675299907
,,,,,,7825.0,0.0,0.00605,100.0,3.8522428299910567
,,,,,,7826.0,0.0,0.00605,100.0,3.852883102128455
,,,,,,7827.0,0.0,0.00605,100.0,3.784497437715966
,,,,,,7828.0,0.0,0.00605,100.0,3.8763434810350423
,,,,,,7829.0,0.0,0.00605,100.0,3.9359858764898017
,,,,,,7830.0,0.0,0.00605,100.0,3.861251702331925
,,,,,,7831.0,0.0,0.00605,100.0,3.762357892552872
,,,,,,7832.0,0.0,0.00605,100.0,3.8289122151427173
,,,,,,7834.0,0.0,0.00605,100.0,3.8269385337059894
,,,,,,7835.0,0.0,0.00605,100.0,3.8525853406663053
,,,,,,7836.0,0.0,0.00605,100.0,3.7552127209275965
,,,,,,7837.0,0.0,0.00605,100.0,3.800412205410769
,,,,,,7838.0,0.0,0.00605,100.0,3.7311141017538514
,,,,,,7839.0,0.0,0.00605,100.0,3.797323234664314
,,,,,,7840.0,0.0,0.00605,100.0,3.842584186751567
,,,,,,7841.0,0.0,0.00605,100.0,3.8779313596504164
,,,,,,7842.0,0.0,0.00605,100.0,3.8371550042379945
,,,,,,7843.0,0.0,0.00605,100.0,3.7715129140089614
,,,,,,7844.0,0.0,0.00605,100.0,3.795752261214016
,,,,,,7845.0,0.0,0.00605,100.0,3.8854671841179096
,,,,,,7846.0,0.0,0.00605,100.0,3.8584789418425185
,,,,,,7846.0,0.0,0.00605,100.0,3.7510534242884646
,,,,,,,,,,
,,,,,,7846.0,-0.67522,0.0,0.0,3.8294435303043994
,,,,,,7847.0,-0.67708,0.00018,1.8827,3.78007984447056
,,,,,,7848.0,-0.67708,0.00039,3.9611,3.8704944914733592
,,,,,,7849.0,-0.67708,0.00056,5.7539,3.725436969291163
,,,,,,7850.0,-0.67708,0.00076,7.7899,3.8251508720373915
,,,,,,7851.0,-0.67708,0.00096,9.8313,3.801398966916374
,,,,,,7852.0,-0.67708,0.00117,12.026,3.916099659722812
,,,,,,7853.0,-0.67708,0.00136,13.9352,3.7503491312388637
,,,,,,7854.0,-0.67708,0.00156,15.9712,3.834794292104063
,,,,,,7855.0,-0.67708,0.00176,18.0126,3.7570718411964785
,,,,,,7856.0,-0.67708,0.00196,20.0751,3.727378112397134
,,,,,,7857.0,-0.67708,0.00216,22.0953,3.84679282575049
,,,,,,7858.0,-0.67708,0.00233,23.8881,3.848418413897573
,,,,,,7859.0,-0.67708,0.00253,25.9242,3.854554176277677
,,,,,,7860.0,-0.67708,0.00273,27.9655,3.7945213079016398
,,,,,,7861.0,-0.67708,0.00292,29.8747,3.7567253245154877
,,,,,,7862.0,-0.67708,0.00312,31.9689,3.7681845979966058
,,,,,,7863.0,-0.67708,0.00332,34.0103,3.810301229659514
,,,,,,7864.0,-0.67708,0.00352,36.0516,3.842118765486482
,,,,,,7865.0,-0.67708,0.00372,38.093,3.8069516135388475
,,,,,,7866.0,-0.67708,0.00392,40.1343,3.7736755998013525
,,,,,,7867.0,-0.67708,0.00412,42.1757,3.811092590861902
,,,,,,7869.0,-0.67708,0.00432,44.2118,3.742001516269478
,,,,,,7870.0,-0.67708,0.00452,46.2531,3.7821646273146694
,,,,,,7871.0,-0.67708,0.00472,48.2945,3.7562673981256456
,,,,,,7872.0,-0.67708,0.00492,50.3358,3.7153058177122755
,,,,,,7873.0,-0.67708,0.00512,52.3772,3.8374840362192937
,,,,,,7874.0,-0.67708,0.00527,53.9161,3.7816598695064396
,,,,,,7874.0,-1.35231,0.00527,53.9161,3.7904126861573704
,,,,,,7875.0,-1.35603,0.00564,57.6815,3.759950083637956
,,,,,,7876.0,-1.35417,0.00604,61.7695,3.7882811463388664
,,,,,,7877.0,-1.35789,0.00643,65.8469,3.7055743548317794
,,,,,,7878.0,-1.35603,0.00683,69.9297,3.7445607035591033
,,,,,,7879.0,-1.35231,0.00723,73.9754,3.857101506772143
,,,,,,7880.0,-1.35045,0.00758,77.5557,3.749118311210626
,,,,,,7881.0,-1.35231,0.00798,81.6331,3.6314923406206323
,,,,,,7882.0,-1.35603,0.00837,85.7158,3.7543451981324805
,,,,,,7883.0,-1.35417,0.00877,89.7985,3.7880933862615267
,,,,,,7884.0,-1.35231,0.00917,93.8812,3.7923680565328484
,,,,,,7885.0,-1.35603,0.00957,97.9586,3.7303894981295738
,,,,,,7886.0,-1.35417,0.00977,100.0,3.7572856704207647
,,,,,,7886.0,-1.35417,0.00977,100.0,3.7990364786494224
,,,,,,,,,,
,,,,,,7886.0,0.67708,0.0,0.0,3.797117338673085
,,,,,,7887.0,0.67894,0.00023,15.0135,3.9071900032850313
,,,,,,7888.0,0.67894,0.00041,26.4845,3.804873207926025
,,,,,,7889.0,0.67894,0.00061,39.5412,3.8251673547242615
,,,,,,7890.0,0.67894,0.00081,52.5978,3.861192692551391
,,,,,,7891.0,0.67894,0.001,65.6208,3.77770346674634
,,,,,,7892.0,0.67894,0.00121,78.8124,3.8879241232476436
,,,,,,7893.0,0.67894,0.00141,91.8691,3.813886204424197
,,,,,,7894.0,0.67894,0.00153,100.0,3.8779553578597996
,,,,,,7894.0,0.0,0.00153,100.0,3.8045676510374298
,,,,,,7895.0,0.0,0.00153,100.0,3.8453162096778923
,,,,,,7896.0,0.0,0.00153,100.0,3.866834457403586
,,,,,,7897.0,0.0,0.00153,100.0,3.8585225875510814
,,,,,,7898.0,0.0,0.00153,100.0,3.83707942807164
,,,,,,7899.0,0.0,0.00153,100.0,3.763402184255114
,,,,,,7900.0,0.0,0.00153,100.0,3.7784605667546574
,,,,,,7901.0,0.0,0.00153,100.0,3.874263459804695
,,,,,,7902.0,0.0,0.00153,100.0,3.7379717172047453
,,,,,,7903.0,0.0,0.00153,100.0,3.8541597493321516
,,,,,,7904.0,0.0,0.00153,100.0,3.78175417507991
,,,,,,7905.0,0.0,0.00153,100.0,3.799319968223734
,,,,,,7906.0,0.0,0.00153,100.0,3.896197148726533
,,,,,,7907.0,0.0,0.00153,100.0,3.782794270404067
,,,,,,7908.0,0.0,0.00153,100.0,3.844517433527219
,,,,,,7909.0,0.0,0.00153,100.0,3.792122008730909
,,,,,,7910.0,0.0,0.00153,100.0,3.8296227779687633
,,,,,,7910.0,0.0,0.00153,100.0,3.961036022194652
,,,,,,,,,,
,,,,,,7910.0,-0.6715,0.0,0.0,3.8894934158574226
,,,,,,7911.0,-0.67708,0.0002,0.9341,3.8363040744505708
,,,,,,7912.0,-0.67708,0.00039,1.8856,3.7783087434167175
,,,,,,7913.0,-0.67708,0.00059,2.8395,3.8398446283196566
,,,,,,7914.0,-0.67708,0.00079,3.7934,3.7006427526190766
,,,,,,7915.0,-0.67708,0.00099,4.7374,3.7880592168435503
,,,,,,7916.0,-0.67708,0.00117,5.5727,3.8008713445688964
,,,,,,7917.0,-0.67708,0.00136,6.5266,3.800778010620676
,,,,,,7918.0,-0.67708,0.00156,7.4805,3.7887900761173205
,,,,,,7919.0,-0.67708,0.00176,8.4344,3.847502066632263
,,,,,,7920.0,-0.67708,0.00196,9.3884,3.8599353468140754
,,,,,,7921.0,-0.67708,0.00216,10.3423,3.877771657538589
,,,,,,7922.0,-0.67708,0.00236,11.2937,3.748084399324636
,,,,,,7923.0,-0.67708,0.00256,12.2476,3.923729839144621
,,,,,,7924.0,-0.67708,0.00276,13.2015,3.7732748781753487
,,,,,,7925.0,-0.67708,0.00296,14.1554,3.808249338842697
,,,,,,7926.0,-0.67708,0.00316,15.1094,3.7274389655978357
,,,,,,7927.0,-0.67708,0.00334,15.9891,3.8090952659336406
,,,,,,7929.0,-0.67708,0.00354,16.9257,3.7915467083753267
,,,,,,7930.0,-0.67708,0.00374,17.8796,3.8871609807376073
,,,,,,7931.0,-0.67708,0.00394,18.8311,3.7701406701691904
,,,,,,7932.0,-0.67708,0.00414,19.785,3.9085816545481373
,,,,,,7933.0,-0.67708,0.00433,20.729,3.7116897410561998
,,,,,,7934.0,-0.67708,0.00451,21.5668,3.7641681793326933
,,,,,,7935.0,-0.67708,0.00471,22.5207,3.8392477424317004
,,,,,,7936.0,-0.67708,0.00492,23.5092,3.854196615619938
,,,,,,7937.0,-0.67708,0.00509,24.3643,3.8457287731609116
,,,,,,7938.0,-0.67708,0.00529,25.3182,3.867692212359042
,,,,,,7939.0,-0.67708,0.0055,26.3265,3.8276134161851343
,,,,,,7940.0,-0.67708,0.00569,27.1988,3.849716303204004
,,,,,,7941.0,-0.67708,0.00589,28.1503,3.8531991359021074
,,,,,,7942.0,-0.67708,0.00609,29.1042,3.719670295619575
,,,,,,7943.0,-0.67708,0.00628,30.0581,3.795631844299899
,,,,,,7944.0,-0.67708,0.00648,31.012,3.8051800154334434
,,,,,,7945.0,-0.67708,0.00668,31.9659,3.8204379050085406
,,,,,,7946.0,-0.67708,0.00688,32.9198,3.8040885044351826
,,,,,,7947.0,-0.67708,0.00708,33.8737,3.7444632648081364
,,,,,,7948.0,-0.67708,0.00728,34.8252,3.8020597541384964
,,,,,,7949.0,-0.67708,0.00748,35.7791,3.8246236491886942
,,,,,,7950.0,-0.67708,0.00768,36.7429,3.730387896359802
,,,,,,7952.0,-0.67708,0.00787,37.6226,3.915579361895475
,,,,,,7953.0,-0.67708,0.00806,38.5419,3.794937232855501
,,,,,,7954.0,-0.67708,0.00826,39.4959,3.795470577595822
,,,,,,7955.0,-0.67708,0.00846,40.4473,3.759394356556873
,,,,,,7956.0,-0.67708,0.00865,41.3938,3.7861458205157588
,,,,,,7957.0,-0.67708,0.00883,42.2291,3.772542304536711
,,,,,,7958.0,-0.67708,0.00903,43.183,3.8991797178973133
,,,,,,7959.0,-0.67708,0.00923,44.1369,3.730113345517581
,,,,,,7960.0,-0.67708,0.00942,45.071,3.8387360170935754
,,,,,,7961.0,-0.67708,0.00962,46.025,3.756108051607935
,,,,,,7962.0,-0.67708,0.00982,46.9789,3.691835184834412
,,,,,,7963.0,-0.67708,0.01002,47.9328,3.718337327389428
,,,,,,7964.0,-0.67708,0.01022,48.8867,3.808010309044228
,,,,,,7965.0,-0.67708,0.01042,49.8406,3.712276036123408
,,,,,,7966.0,-0.67708,0.01062,50.792,3.737906395254498
,,,,,,7967.0,-0.67708,0.01082,51.7459,3.787118849366061
,,,,,,7968.0,-0.67708,0.01104,52.7814,3.8199738936647956
,,,,,,7969.0,-0.67708,0.01121,53.6365,3.801464788310967
,,,,,,7970.0,-0.67708,0.01141,54.5879,3.6674524100780856
,,,,,,7971.0,-0.67708,0.01161,55.5418,3.7435604477329414
,,,,,,7973.0,-0.67708,0.01181,56.4957,3.787493315121358
,,,,,,7974.0,-0.67708,0.01201,57.4496,3.8141239211117584
,,,,,,7975.0,-0.67708,0.01221,58.4036,3.775042848229788
,,,,,,7976.0,-0.67708,0.01243,59.4464,3.7959659540972757
,,,,,,7977.0,-0.67708,0.01262,60.3559,3.8090528727000286
,,,,,,7978.0,-0.67708,0.01279,61.1912,3.749853648585279
,,,,,,7979.0,-0.67708,0.01299,62.1451,3.8003748090427876
,,,,,,7980.0,-0.67708,0.01319,63.099,3.7666490487606055
,,,,,,7981.0,-0.67708,0.01339,64.0529,3.8225022571586145
,,,,,,7982.0,-0.67708,0.01359,64.9969,3.8135762300762464
,,,,,,7983.0,-0.67708,0.01376,65.8322,3.807213997313623
,,,,,,7984.0,-0.67708,0.01396,66.7861,3.811141273994548
,,,,,,7985.0,-0.67708,0.01416,67.74,3.7941977966111766
,,,,,,7986.0,-0.67708,0.01436,68.6939,3.8234254342161504
,,,,,,7987.0,-0.67708,0.01456,69.638,3.811280841907704
,,,,,,7988.0,-0.67708,0.01476,70.5919,3.8580664666079683
,,,,,,7989.0,-0.67708,0.01496,71.5458,3.788743938243256
,,,,,,7990.0,-0.67708,0.01516,72.4997,3.842650637922858
,,,,,,7991.0,-0.67708,0.01536,73.4536,3.842067289372669
,,,,,,7992.0,-0.67708,0.01556,74.405,3.8045240237415134
,,,,,,7993.0,-0.67708,0.01576,75.3589,3.7877827928246406
,,,,,,7994.0,-0.67708,0.01596,76.3129,3.794716446159405
,,,,,,7996.0,-0.67708,0.01616,77.2668,3.7432384124272047
,,,,,,7997.0,-0.67708,0.01635,78.2207,3.8298186318025143
,,,,,,7997.0,-0.67708,0.01635,78.2207,3.8304375866861426
,,,,,,7997.0,-1.35603,0.01635,78.2207,3.78982259744497
,,,,,,7998.0,-1.35231,0.01682,80.4671,3.7346570497637632
,,,,,,7999.0,-1.35603,0.01722,82.3749,3.769747899741112
,,,,,,8000.0,-1.35603,0.01762,84.2827,3.726357586285862
,,,,,,8001.0,-1.35417,0.01802,86.1881,3.7821593533647353
,,,,,,8002.0,-1.35417,0.01842,88.0959,3.7083123350079026
,,,,,,8003.0,-1.35603,0.01882,90.0037,3.736538566709347
,,,,,,8004.0,-1.35231,0.01922,91.9066,3.8301164478119905
,,,,,,8005.0,-1.35417,0.01957,93.5796,3.8168542181136256
,,,,,,8006.0,-1.35231,0.01996,95.4874,3.7284156338242433
,,,,,,8007.0,-1.35045,0.02036,97.3928,3.744881875815866
,,,,,,8008.0,-1.35231,0.02076,99.2809,3.6873706594568527
,,,,,,8009.0,-1.35417,0.02091,100.0,3.7646261690873772
,,,,,,8009.0,-1.35417,0.02091,100.0,3.7362093330835555
,,,,,,,,,,
,,,,,,8009.0,0.6808,0.0,0.0,3.8021355315615817
,,,,,,8010.0,0.6808,0.0002,13.2695,3.7250681817172393
,,,,,,8011.0,0.6808,0.00039,26.026,3.8619151269278014
,,,,,,8012.0,0.6808,0.00058,38.5431,3.8417395978178175
,,,,,,8013.0,0.6808,0.00076,50.2052,3.8365768471287742
,,,,,,8014.0,0.6808,0.00096,63.4405,3.818203987739343
,,,,,,8015.0,0.6808,0.00116,76.71,3.8146833173610872
,,,,,,8016.0,0.6808,0.00136,89.9795,3.87772088363226
,,,,,,8017.0,0.67894,0.00151,100.0,3.8692328632663857
,,,,,,8017.0,0.0,0.00151,100.0,3.819208817196145
,,,,,,8018.0,0.0,0.00151,100.0,3.907932101370006
,,,,,,8019.0,0.0,0.00151,100.0,3.908336354541865
,,,,,,8020.0,0.0,0.00151,100.0,3.9625510825804455
,,,,,,8021.0,0.0,0.00151,100.0,3.843918733666923
,,,,,,8022.0,0.0,0.00151,100.0,3.7984732474680802
,,,,,,8023.0,0.0,0.00151,100.0,3.835774674926622
,,,,,,8024.0,0.0,0.00151,100.0,3.7546491256994883
,,,,,,8025.0,0.0,0.00151,100.0,3.812068685664798
,,,,,,8026.0,0.0,0.00151,100.0,3.758515091226274
,,,,,,8027.0,0.0,0.00151,100.0,3.75545195738131
,,,,,,8028.0,0.0,0.00151,100.0,3.824816535744797
,,,,,,8029.0,0.0,0.00151,100.0,3.864357146582165
,,,,,,8030.0,0.0,0.00151,100.0,3.7930114400750887
,,,,,,8031.0,0.0,0.00151,100.0,3.8234520715439246
,,,,,,8032.0,0.0,0.00151,100.0,3.810170747604675
,,,,,,8033.0,0.0,0.00151,100.0,3.842899784473278
,,,,,,8033.0,0.0,0.00151,100.0,3.8815814109197198
,,,,,,,,,,
,,,,,,8033.0,-0.67522,0.0,0.0,3.8938961200750013
,,,,,,8034.0,-0.67708,0.0002,0.4814,3.705142937323646
,,,,,,8035.0,-0.67708,0.0004,0.9678,3.870056297517946
,,,,,,8036.0,-0.67708,0.0006,1.4504,3.93525879839837
,,,,,,8037.0,-0.67708,0.0008,1.933,3.7217281351910825
,,,,,,8038.0,-0.67708,0.00097,2.3569,3.776696979563186
,,,,,,8039.0,-0.67708,0.00117,2.8383,3.872574694951154
,,,,,,8040.0,-0.67708,0.00137,3.3209,3.7671030401015284
,,,,,,8041.0,-0.67708,0.00157,3.8035,3.7187615891340684
,,,,,,8042.0,-0.67708,0.00179,4.3224,3.691110192805312
,,,,,,8043.0,-0.67708,0.00197,4.7551,3.82902387350082
,,,,,,8044.0,-0.67708,0.00216,5.2377,3.777605578049637
,,,,,,8045.0,-0.67708,0.00236,5.7203,3.8702409694896316
,,,,,,8046.0,-0.67708,0.00256,6.2017,3.855312470616048
,,,,,,8047.0,-0.67708,0.00276,6.6893,3.679572308548516
,,,,,,8048.0,-0.67708,0.00296,7.172,3.8806421323031373
,,,,,,8050.0,-0.67708,0.00316,7.6546,3.7954829541462467
,,,,,,8051.0,-0.67708,0.00337,8.146,3.79631487817443
,,,,,,8052.0,-0.67708,0.00355,8.5786,3.7013193284140713
,,,,,,8053.0,-0.67522,0.00374,9.06,3.834133228182953
,,,,,,8054.0,-0.67708,0.00394,9.5426,3.8216109321246665
,,,,,,8055.0,-0.67708,0.00414,10.0253,3.734773501220481
,,,,,,8056.0,-0.67708,0.00434,10.5079,3.770793203717393
,,,,,,8057.0,-0.67708,0.00454,10.9905,3.8313947154283468
,,,,,,8058.0,-0.67708,0.00474,11.4719,3.8101158198679226
,,,,,,8059.0,-0.67708,0.00492,11.9045,3.7365014252829676
,,,,,,8060.0,-0.67708,0.00512,12.3959,3.721113142559772
,,,,,,8061.0,-0.67522,0.0053,12.8198,3.7305654879868806
,,,,,,8062.0,-0.67708,0.0055,13.3024,3.768925229986568
,,,,,,8063.0,-0.67708,0.0057,13.7838,3.8615404985921153
,,,,,,8064.0,-0.67708,0.0059,14.2664,3.8147786790289127
,,,,,,8065.0,-0.67708,0.00609,14.7491,3.811481584495073
,,,,,,8066.0,-0.67708,0.00629,15.2317,3.816801144339914
,,,,,,8067.0,-0.67708,0.00649,15.7093,3.693594362988243
,,,,,,8068.0,-0.67708,0.00659,15.9506,3.7240483941798335
,,,,,,8068.0,-5.40179,0.00659,15.9506,3.624600083577805
,,,,,,8069.0,-5.40737,0.00826,19.9842,3.542502157771309
,,,,,,8070.0,-5.41295,0.00985,23.8391,3.570724892575307
,,,,,,8071.0,-5.40737,0.01128,27.2925,3.6063675572746052
,,,,,,8072.0,-5.41295,0.01292,31.2548,3.6084589523492876
,,,,,,8073.0,-5.41295,0.01431,34.6358,3.6492373718774624
,,,,,,8074.0,-5.40923,0.01591,38.4893,3.644478955861648
,,,,,,8075.0,-5.40551,0.0175,42.3429,3.5825717552531113
,,,,,,8076.0,-5.40737,0.01874,45.3587,3.593771977193115
,,,,,,8076.0,-3.37798,0.01874,45.3587,3.676162497359989
,,,,,,8077.0,-3.3817,0.01973,47.7456,3.616910705806102
,,,,,,8078.0,-3.3817,0.0206,49.8575,3.727378770467642
,,,,,,8079.0,-3.38356,0.0216,52.2669,3.7261676893555675
,,,,,,8080.0,-3.3817,0.02255,54.5625,3.6153601588423254
,,,,,,8081.0,-3.3817,0.02354,56.9707,3.6053578277479112
,,,,,,8082.0,-3.3817,0.02465,59.6527,3.679814559279785
,,,,,,8083.0,-3.37798,0.02564,62.0383,3.6742179011688982
,,,,,,8084.0,-3.3817,0.02663,64.4465,3.6256993374085646
,,,,,,8085.0,-3.37612,0.02763,66.8546,3.5585696442583967
,,,,,,8086.0,-3.37984,0.02862,69.2628,3.612103241981074
,,,,,,8087.0,-3.37612,0.02962,71.671,3.644473312325972
,,,,,,8088.0,-3.3817,0.03061,74.0791,3.61820988962489
,,,,,,8089.0,-3.37612,0.03149,76.1935,3.756292579687188
,,,,,,8090.0,-3.3817,0.0325,78.6479,3.6492363386521207
,,,,,,8092.0,-3.3817,0.0334,80.8297,3.721990392746116
,,,,,,8093.0,-3.37798,0.0344,83.2379,3.641622810917216
,,,,,,8094.0,-3.37984,0.03539,85.6435,3.7429698974602257
,,,,,,8095.0,-3.37426,0.03643,88.1655,3.701311732557856
,,,,,,8096.0,-3.37798,0.03734,90.3686,3.6002495846207596
,,,,,,8097.0,-3.3817,0.03834,92.7768,3.6131480030593712
,,,,,,8098.0,-3.37798,0.03933,95.1837,3.6771734108402616
,,,,,,8099.0,-3.37984,0.04033,97.5918,3.5628519423394023
,,,,,,8100.0,-3.3817,0.04132,100.0,3.6222582236184806
,,,,,,8100.0,-3.3817,0.04132,100.0,3.630900871463346
,,,,,,,,,,
,,,,,,8100.0,1.35975,0.0,0.0,3.771119361816646
,,,,,,8101.0,1.35603,0.0004,13.2864,3.7515860173861
,,,,,,8102.0,1.35417,0.00076,25.1805,3.8073293571433324
,,,,,,8103.0,1.35417,0.00116,38.4668,3.758003883769089
,,,,,,8104.0,1.35603,0.00156,51.7704,3.812950419202298
,,,,,,8105.0,1.35603,0.00196,65.0395,3.7967660460145822
,,,,,,8106.0,1.35789,0.00235,78.3259,3.7989063411459267
,,,,,,8107.0,1.35603,0.00276,91.7326,3.889377304449822
,,,,,,8108.0,1.35603,0.00301,100.0,3.8233566598996993
,,,,,,8108.0,1.35603,0.00301,100.0,3.79742749103441
,,,,,,,,,,
,,,,,,8108.0,-1.35045,0.0,0.0,3.8170189290347345
,,,,,,8109.0,-1.35045,0.00041,3.4018,3.718623894598883
,,,,,,8110.0,-1.35603,0.00076,6.3103,3.6744229590981194
,,,,,,8111.0,-1.35603,0.00116,9.6178,3.7544903532229332
,,,,,,8112.0,-1.35417,0.00156,12.9252,3.742726197916348
,,,,,,8113.0,-1.35231,0.00196,16.237,3.6533740360549967
,,,,,,8114.0,-1.35417,0.00235,19.5487,3.714346987290324
,,,,,,8115.0,-1.35231,0.00275,22.8605,3.759474724119678
,,,,,,8116.0,-1.35603,0.00315,26.1679,3.792389838547172
,,,,,,8117.0,-1.35417,0.00355,29.4453,3.611844643009221
,,,,,,8118.0,-1.35045,0.00394,32.727,3.6533555146965795
,,,,,,8119.0,-1.35045,0.00434,36.0345,3.6190383389680534
,,,,,,8120.0,-1.35417,0.00474,39.3419,3.7771533449042063
,,,,,,8122.0,-1.35417,0.00514,42.6537,3.7821849590658663
,,,,,,8123.0,-1.35789,0.00554,45.9654,3.7927300238423673
,,,,,,8124.0,-1.35231,0.00594,49.3372,3.702539324281374
,,,,,,8125.0,-1.35603,0.00634,52.649,3.6050614756505435
,,,,,,8126.0,-1.35975,0.00674,55.9607,3.731328126719845
,,,,,,8127.0,-1.35603,0.00714,59.2724,3.7491069670579455
,,,,,,8128.0,-1.35045,0.00754,62.5842,3.8329803802916262
,,,,,,8129.0,-1.35417,0.00794,65.8916,3.727733224769356
,,,,,,8130.0,-1.35603,0.0083,68.8902,3.8103146340046905
,,,,,,8131.0,-1.35603,0.0087,72.202,3.74038136065201
,,,,,,8132.0,-1.35603,0.00905,75.1705,3.727005532095642
,,,,,,8133.0,-1.35417,0.00945,78.478,3.684755221533953
,,,,,,8134.0,-1.35417,0.00985,81.7897,3.659973092938677
,,,,,,8135.0,-1.35603,0.01025,85.1015,3.707406158318661
,,,,,,8136.0,-1.35789,0.01065,88.4132,3.776802580197802
,,,,,,8137.0,-1.35231,0.01105,91.7249,3.777792947128035
,,,,,,8138.0,-1.35417,0.01145,95.0324,3.723566889801892
,,,,,,8139.0,-1.35417,0.01185,98.3441,3.7168661159549723
,,,,,,8140.0,-1.35231,0.01204,100.0,3.7822121302345852
,,,,,,8140.0,-1.35231,0.01204,100.0,3.694453347377664
,,,,,,,,,,
,,,,,,8140.0,2.70833,0.0,0.0,3.884403760416903
,,,,,,8141.0,2.70461,0.00076,12.6149,3.8738249644999865
,,,,,,8142.0,2.70647,0.00156,25.8744,3.848574147515449
,,,,,,8143.0,2.70089,0.00235,39.1252,3.8713138330727803
,,,,,,8144.0,2.70275,0.00315,52.3675,3.812347643329125
,,,,,,8145.0,2.70461,0.00395,65.6183,3.8612869522265694
,,,,,,8146.0,2.71019,0.00479,79.7456,4.030299899316596
,,,,,,8147.0,2.70461,0.00551,91.6301,3.9067578336598396
,,,,,,8148.0,2.70647,0.00601,100.0,3.948059398417656
,,,,,,8148.0,0.0,0.00601,100.0,3.7256924870301322
,,,,,,8149.0,0.0,0.00601,100.0,3.892875780627048
,,,,,,8150.0,0.0,0.00601,100.0,3.7979221185126706
,,,,,,8151.0,0.0,0.00601,100.0,3.8303598670911314
,,,,,,8152.0,0.0,0.00601,100.0,3.845074501035369
,,,,,,8153.0,0.0,0.00601,100.0,3.7798037007161627
,,,,,,8154.0,0.0,0.00601,100.0,3.773987882336195
,,,,,,8155.0,0.0,0.00601,100.0,3.8803032414919705
,,,,,,8156.0,0.0,0.00601,100.0,3.798487917185721
,,,,,,8157.0,0.0,0.00601,100.0,3.7714181755896172
,,,,,,8158.0,0.0,0.00601,100.0,3.72630475172688
,,,,,,8160.0,0.0,0.00601,100.0,3.716752184131562
,,,,,,8161.0,0.0,0.00601,100.0,3.7917448997449688
,,,,,,8162.0,0.0,0.00601,100.0,3.8545448793947843
,,,,,,8163.0,0.0,0.00601,100.0,3.765270638646307
,,,,,,8164.0,0.0,0.00601,100.0,3.692552542782939
,,,,,,8165.0,0.0,0.00601,100.0,3.8368499999941856
,,,,,,8166.0,0.0,0.00601,100.0,3.815237344101639
,,,,,,8167.0,0.0,0.00601,100.0,3.7904157351653014
,,,,,,8168.0,0.0,0.00601,100.0,3.848075286195869
,,,,,,8169.0,0.0,0.00601,100.0,3.754919468226221
,,,,,,8170.0,0.0,0.00601,100.0,3.8024977818194285
,,,,,,8171.0,0.0,0.00601,100.0,3.8412987987042655
,,,,,,8172.0,0.0,0.00601,100.0,3.8726118292515395
,,,,,,8173.0,0.0,0.00601,100.0,3.878350077076265
,,,,,,8174.0,0.0,0.00601,100.0,3.8561755079393913
,,,,,,8175.0,0.0,0.00601,100.0,3.8337037009809585
,,,,,,8176.0,0.0,0.00601,100.0,3.8430038951589447
,,,,,,8177.0,0.0,0.00601,100.0,3.797823343183321
,,,,,,8179.0,0.0,0.00601,100.0,3.7860648299772994
,,,,,,8180.0,0.0,0.00601,100.0,3.7667640121052743
,,,,,,8181.0,0.0,0.00601,100.0,3.735598012241364
,,,,,,8182.0,0.0,0.00601,100.0,3.833024433305715
,,,,,,8183.0,0.0,0.00601,100.0,3.8050924348134445
,,,,,,8184.0,0.0,0.00601,100.0,3.7101789756427284
,,,,,,8185.0,0.0,0.00601,100.0,3.878762702107682
,,,,,,8186.0,0.0,0.00601,100.0,3.8255102939956322
,,,,,,8187.0,0.0,0.00601,100.0,3.7761711644912292
,,,,,,8187.0,0.0,0.00601,100.0,3.829285737775051
,,,,,,8188.0,0.0,0.00601,100.0,3.7654971624973523
,,,,,,8189.0,0.0,0.00601,100.0,3.8162618871119247
,,,,,,8190.0,0.0,0.00601,100.0,3.7570781334875987
,,,,,,8191.0,0.0,0.00601,100.0,3.8503365376190044
,,,,,,8192.0,0.0,0.00601,100.0,3.8717263093865064
,,,,,,8193.0,0.0,0.00601,100.0,3.7890470800983267
,,,,,,8194.0,0.0,0.00601,100.0,3.9133226827890972
,,,,,,8195.0,0.0,0.00601,100.0,3.824325412889289
,,,,,,8196.0,0.0,0.00601,100.0,3.8365401932204106
,,,,,,8197.0,0.0,0.00601,100.0,3.7963394641223975
,,,,,,8198.0,0.0,0.00601,100.0,3.7956652590755904
,,,,,,8199.0,0.0,0.00601,100.0,3.709441147233373
,,,,,,8201.0,0.0,0.00601,100.0,3.7176664710721132
,,,,,,8202.0,0.0,0.00601,100.0,3.803521325188962
,,,,,,8203.0,0.0,0.00601,100.0,3.793670238578858
,,,,,,8204.0,0.0,0.00601,100.0,3.8045658020665636
,,,,,,8204.0,0.0,0.00601,100.0,3.689272311803812
,,,,,,8204.0,0.0,0.00601,100.0,3.7565047678101604
,,,,,,,,,,
,,,,,,8204.0,-0.67522,0.0,0.0,3.804454106565441
,,,,,,8205.0,-0.67708,0.0002,2.0883,3.8036554023696736
,,,,,,8206.0,-0.67708,0.0004,4.1238,3.6968000651875514
,,,,,,8207.0,-0.67708,0.0006,6.1383,3.8087705022823806
,,,,,,8208.0,-0.67708,0.00078,7.9207,3.755217636753755
,,,,,,8209.0,-0.67708,0.00098,9.9562,3.757843134989287
,,,,,,8210.0,-0.67708,0.00119,12.1236,3.810211079249272
,,,,,,8211.0,-0.67708,0.00138,14.1222,3.793326801638725
,,,,,,8212.0,-0.67708,0.00158,16.1578,3.7731255239685657
,,,,,,8213.0,-0.67708,0.00178,18.1722,3.8521359373400457
,,,,,,8214.0,-0.67708,0.00196,19.9546,3.768626257900436
,,,,,,8215.0,-0.67708,0.00215,21.9902,3.847633317037893
,,,,,,8216.0,-0.67708,0.00235,24.0257,3.7779705929427783
,,,,,,8218.0,-0.67708,0.00255,26.0613,3.663890535182934
,,,,,,8219.0,-0.67708,0.00276,28.2128,3.711945353154749
,,,,,,8220.0,-0.67708,0.00296,30.1693,3.772310295538488
,,,,,,8221.0,-0.67708,0.00313,31.9517,3.823779287444875
,,,,,,8222.0,-0.67708,0.00333,33.9872,3.762075757629609
,,,,,,8223.0,-0.67708,0.00353,36.0228,3.8560545267585504
,,,,,,8224.0,-0.67708,0.00373,38.0794,3.6862343168981484
,,,,,,8225.0,-0.67708,0.00393,40.0939,3.8005792360980553
,,,,,,8226.0,-0.67708,0.00413,42.1294,3.698267434350879
,,,,,,8227.0,-0.67708,0.00433,44.1597,3.7367550487168506
,,,,,,8228.0,-0.67708,0.00453,46.1952,3.7667473327746532
,,,,,,8229.0,-0.67708,0.00473,48.2308,3.785031936785242
,,,,,,8230.0,-0.67708,0.00493,50.2663,3.757582454105734
,,,,,,8231.0,-0.67708,0.00512,52.2966,3.8139538145816836
,,,,,,8232.0,-0.67708,0.00527,53.8153,3.7813377601569185
,,,,,,8232.0,-1.36161,0.00527,53.8153,3.737476803001981
,,,,,,8233.0,-1.35603,0.00566,57.8073,3.72555682751339
,,,,,,8234.0,-1.35603,0.00606,61.8415,3.7976506048013077
,,,,,,8235.0,-1.35603,0.00646,65.9073,3.7280654602232115
,,,,,,8236.0,-1.35231,0.00686,69.9731,3.7354110849918127
,,,,,,8237.0,-1.35231,0.00725,74.0442,3.682617041166374
,,,,,,8238.0,-1.35417,0.00765,78.11,3.698506005791273
,,,,,,8239.0,-1.35417,0.00805,82.1811,3.737001608472484
,,,,,,8240.0,-1.35417,0.00845,86.2522,3.7157443407560806
,,,,,,8242.0,-1.35231,0.00885,90.3233,3.6670335324167853
,,,,,,8243.0,-1.35417,0.00925,94.3891,3.74936359741061
,,,,,,8244.0,-1.35231,0.00965,98.4602,3.7729117327083697
,,,,,,8244.0,-1.35789,0.0098,100.0,3.736757929829902
,,,,,,8244.0,-1.35789,0.0098,100.0,3.72714115111837
,,,,,,,,,,
,,,,,,8244.0,0.67894,0.0,0.0,3.7938111337497538
,,,,,,8245.0,0.67894,0.0002,13.4425,3.792917459257485
,,,,,,8246.0,0.67894,0.00039,25.7932,3.8175876551559473
,,,,,,8247.0,0.67894,0.00059,38.9628,3.8201553260289973
,,,,,,8248.0,0.67894,0.00079,52.1665,3.8892590632268655
,,,,,,8249.0,0.67894,0.00099,65.3702,3.795078852535881
,,,,,,8250.0,0.67894,0.00119,78.5739,3.8545981888640424
,,,,,,8251.0,0.67894,0.00139,91.7775,3.850026830803567
,,,,,,8252.0,0.67894,0.00151,100.0,3.792336879697487
,,,,,,8252.0,0.0,0.00151,100.0,3.8884705633646384
,,,,,,8253.0,0.0,0.00151,100.0,3.813025089188745
,,,,,,8254.0,0.0,0.00151,100.0,3.842167210989278
,,,,,,8255.0,0.0,0.00151,100.0,3.8633172730717944
,,,,,,8256.0,0.0,0.00151,100.0,3.737787167074516
,,,,,,8257.0,0.0,0.00151,100.0,3.8275856576829415
,,,,,,8258.0,0.0,0.00151,100.0,3.7647424613325042
,,,,,,8259.0,0.0,0.00151,100.0,3.8079331973348975
,,,,,,8260.0,0.0,0.00151,100.0,3.820523559627094
,,,,,,8261.0,0.0,0.00151,100.0,3.7800388417343664
,,,,,,8262.0,0.0,0.00151,100.0,3.746891226892354
,,,,,,8263.0,0.0,0.00151,100.0,3.763564768110149
,,,,,,8264.0,0.0,0.00151,100.0,3.820364945765416
,,,,,,8265.0,0.0,0.00151,100.0,3.7858725898375813
,,,,,,8266.0,0.0,0.00151,100.0,3.836294884654053
,,,,,,8267.0,0.0,0.00151,100.0,3.888199057077987
,,,,,,8268.0,0.0,0.00151,100.0,3.7497335638205938
,,,,,,8268.0,0.0,0.00151,100.0,3.756188009995475
,,,,,,,,,,
,,,,,,8268.0,-0.67522,0.0,0.0,3.6752098316585133
,,,,,,8269.0,-0.67708,0.00023,1.1046,3.739881924693694
,,,,,,8270.0,-0.67708,0.00043,2.0584,3.77579685132915
,,,,,,8271.0,-0.67708,0.00063,3.0098,3.804275522590849
,,,,,,8272.0,-0.67708,0.00083,3.9636,3.8363417083243077
,,,,,,8273.0,-0.67708,0.00103,4.9076,3.8719038858753683
,,,,,,8274.0,-0.67708,0.0012,5.7453,3.9269107475316547
,,,,,,8276.0,-0.67708,0.0014,6.6892,3.714946134877759
,,,,,,8277.0,-0.67708,0.0016,7.6431,3.8473944302712284
,,,,,,8278.0,-0.67522,0.0018,8.5944,3.8688936976396247
,,,,,,8279.0,-0.67708,0.002,9.5483,3.7744354684469386
,,,,,,8280.0,-0.67708,0.0022,10.5021,3.7781302156116783
,,,,,,8281.0,-0.67708,0.0024,11.456,3.6850221035295725
,,,,,,8282.0,-0.67708,0.00259,12.4073,3.8460888528348365
,,,,,,8283.0,-0.67708,0.00279,13.3612,3.826425279311538
,,,,,,8284.0,-0.67708,0.00299,14.315,3.778649295673728
,,,,,,8285.0,-0.67708,0.00319,15.2763,3.7305428389655986
,,,,,,8286.0,-0.67708,0.00338,16.1584,3.717459962836187
,,,,,,8287.0,-0.67708,0.00358,17.1123,3.808561332285871
,,,,,,8288.0,-0.67708,0.00378,18.0661,3.8073883227835266
,,,,,,8289.0,-0.67708,0.00398,19.02,3.8469195312133255
,,,,,,8290.0,-0.67708,0.00418,19.9713,3.7603408452744977
,,,,,,8291.0,-0.67708,0.00438,20.9252,3.725426283243264
,,,,,,8292.0,-0.67708,0.00457,21.8716,3.8564433195601993
,,,,,,8293.0,-0.67708,0.00476,22.7711,3.8458183711292087
,,,,,,8294.0,-0.67708,0.00495,23.6508,3.803063067397763
,,,,,,8295.0,-0.67708,0.00514,24.6046,3.6763240020971324
,,,,,,8297.0,-0.67708,0.00534,25.5585,3.737797195686432
,,,,,,8298.0,-0.67708,0.00555,26.5568,3.7040680223198246
,,,,,,8299.0,-0.67708,0.00573,27.392,3.819631372282812
,,,,,,8300.0,-0.67708,0.00593,28.3459,3.806569893498281
,,,,,,8301.0,-0.67708,0.00613,29.2997,3.7054955416193125
,,,,,,8302.0,-0.67708,0.00633,30.2535,3.696637901012307
,,,,,,8303.0,-0.67708,0.00653,31.2074,3.818825407071755
,,,,,,8304.0,-0.67708,0.00672,32.1612,3.7202855887162722
,,,,,,8305.0,-0.67708,0.00692,33.1126,3.7247672765406183
,,,,,,8306.0,-0.67708,0.00712,34.0664,3.7620537236773446
,,,,,,8307.0,-0.67708,0.00732,35.0203,3.663695406944396
,,,,,,8308.0,-0.67708,0.00752,35.9642,3.7777424556902455
,,,,,,8309.0,-0.67708,0.00772,36.9181,3.940734950894011
,,,,,,8310.0,-0.67708,0.00791,37.8274,3.7711508610852453
,,,,,,8311.0,-0.67708,0.00811,38.7788,3.764550244455324
,,,,,,8312.0,-0.67708,0.00831,39.7326,3.7659635457222564
,,,,,,8313.0,-0.67708,0.00851,40.6766,3.72992917138992
,,,,,,8314.0,-0.67708,0.00868,41.5143,3.73134422248978
,,,,,,8315.0,-0.67708,0.00888,42.4681,3.795497308228198
,,,,,,8316.0,-0.67708,0.00908,43.422,3.7956514421506817
,,,,,,8317.0,-0.67708,0.00929,44.4376,3.7257354709982504
,,,,,,8318.0,-0.67708,0.00948,45.3371,3.8089457899075496
,,,,,,8319.0,-0.67708,0.00968,46.2909,3.7862349746798447
,,,,,,8321.0,-0.67708,0.00988,47.2447,3.790435145836002
,,,,,,8322.0,-0.67708,0.01008,48.1986,3.6991495318944523
,,,,,,8323.0,-0.67708,0.01028,49.1401,3.753378652084039
,,,,,,8324.0,-0.67708,0.01045,49.9778,3.7481564827473886
,,,,,,8325.0,-0.67708,0.01065,50.9316,3.799112045503188
,,,,,,8326.0,-0.67708,0.01084,51.8385,3.7548786594743486
,,,,,,8327.0,-0.67708,0.01104,52.8195,3.7736235739110353
,,,,,,8328.0,-0.67708,0.01124,53.7635,3.7330981297938366
,,,,,,8329.0,-0.67708,0.01142,54.6012,3.796010237706379
,,,,,,8330.0,-0.67708,0.01162,55.555,3.7475387521469252
,,,,,,8331.0,-0.67708,0.01182,56.5064,3.759841998221472
,,,,,,8332.0,-0.67708,0.01201,57.4602,3.6854959027467644
,,,,,,8333.0,-0.67708,0.01221,58.3968,3.7588886718627634
,,,,,,8334.0,-0.67708,0.01242,59.4124,3.6284503605112217
,,,,,,8335.0,-0.67708,0.0126,60.2501,3.7723608528814037
,,,,,,8336.0,-0.67708,0.0128,61.2039,3.752699200021029
,,,,,,8337.0,-0.67708,0.013,62.1553,3.7836404329529927
,,,,,,8338.0,-0.67708,0.0132,63.1091,3.762852545927313
,,,,,,8339.0,-0.67708,0.0134,64.063,3.8124740726061
,,,,,,8340.0,-0.67708,0.01359,65.0069,3.709133111713179
,,,,,,8341.0,-0.67708,0.01377,65.8446,3.739734201809819
,,,,,,8342.0,-0.67708,0.01397,66.7985,3.7730170384396096
,,,,,,8343.0,-0.67708,0.01417,67.7498,3.7708502622795796
,,,,,,8344.0,-0.67708,0.01437,68.7037,3.7890221948500797
,,,,,,8346.0,-0.67708,0.01457,69.6575,3.759747857719507
,,,,,,8347.0,-0.67708,0.01476,70.6113,3.7018532407040885
,,,,,,8348.0,-0.67708,0.01496,71.5553,3.7343971269217544
,,,,,,8349.0,-0.67708,0.01514,72.393,3.8012793162024745
,,,,,,8350.0,-0.67708,0.01534,73.3444,3.7397707603873864
,,,,,,8351.0,-0.67708,0.01554,74.2982,3.701840288018245
,,,,,,8352.0,-0.67708,0.01574,75.2521,3.8139904520433423
,,,,,,8353.0,-0.67708,0.01593,76.2059,3.731454023971533
,,,,,,8354.0,-0.67708,0.01613,77.1597,3.6837833294262516
,,,,,,8355.0,-0.67708,0.01633,78.1136,3.716508079558595
,,,,,,8355.0,-0.67708,0.01638,78.3557,3.72106879715464
,,,,,,8355.0,-1.35045,0.01638,78.3557,3.911055484438912
,,,,,,8356.0,-1.35417,0.01678,80.2263,3.760982714439744
,,,,,,8357.0,-1.35417,0.01717,82.134,3.6994766756577846
,,,,,,8358.0,-1.34859,0.01757,84.0392,3.7645305833443468
,,,,,,8359.0,-1.35417,0.01797,85.9444,3.6850529725893466
,,,,,,8360.0,-1.35417,0.01837,87.8521,3.77207429256372
,,,,,,8361.0,-1.35231,0.01877,89.7623,3.742185707855996
,,,,,,8363.0,-1.35789,0.01917,91.6675,3.8458266730006674
,,,,,,8364.0,-1.35417,0.01956,93.5579,3.644880571989022
,,,,,,8365.0,-1.35231,0.01991,95.2308,3.7498393171823974
,,,,,,8366.0,-1.35603,0.02031,97.1385,3.662963668838482
,,,,,,8367.0,-1.35603,0.02071,99.0437,3.7414488017371337
,,,,,,8367.0,-1.35417,0.02091,100.0,3.728277875026364
,,,,,,8367.0,-1.35417,0.02091,100.0,3.7306208922115722
,,,,,,,,,,
,,,,,,8367.0,0.67894,0.0,0.0,3.8296210895815794
,,,,,,8368.0,0.67894,0.00018,11.57,3.8275311982575433
,,,,,,8369.0,0.67894,0.00039,25.4949,3.7928352775760037
,,,,,,8370.0,0.67894,0.00056,37.099,3.765853480880165
,,,,,,8371.0,0.67894,0.00076,50.3072,3.7199036462094486
,,,,,,8372.0,0.67894,0.00097,63.8908,3.7510133026150925
,,,,,,8373.0,0.67894,0.00116,76.8259,3.81740909827508
,,,,,,8374.0,0.67894,0.00134,88.43,3.8039432887568574
,,,,,,8375.0,0.67894,0.00151,100.0,3.723283040479696
,,,,,,8375.0,0.0,0.00151,100.0,3.7789206616946167
,,,,,,8376.0,0.0,0.00151,100.0,3.8377471794168785
,,,,,,8377.0,0.0,0.00151,100.0,3.8407580598241555
,,,,,,8378.0,0.0,0.00151,100.0,3.846254815703964
,,,,,,8379.0,0.0,0.00151,100.0,3.7122079973050224
,,,,,,8380.0,0.0,0.00151,100.0,3.883376843226212
,,,,,,8382.0,0.0,0.00151,100.0,3.7083871243845885
,,,,,,8383.0,0.0,0.00151,100.0,3.8049392012011802
,,,,,,8384.0,0.0,0.00151,100.0,3.7724893356054134
,,,,,,8385.0,0.0,0.00151,100.0,3.7918068887984586
,,,,,,8386.0,0.0,0.00151,100.0,3.8055747699470936
,,,,,,8387.0,0.0,0.00151,100.0,3.7600486628873013
,,,,,,8388.0,0.0,0.00151,100.0,3.8218975204338177
,,,,,,8389.0,0.0,0.00151,100.0,3.7701739548469697
,,,,,,8390.0,0.0,0.00151,100.0,3.7398486949042073
,,,,,,8391.0,0.0,0.00151,100.0,3.8163553766175884
,,,,,,8391.0,0.0,0.00151,100.0,3.7236285909896387
,,,,,,8391.0,0.0,0.00151,100.0,3.6927138498453065
,,,,,,,,,,
,,,,,,8391.0,-0.67522,0.0,0.0,3.823694989153114
,,,,,,8392.0,-0.67522,0.00021,0.5093,3.7770970520031275
,,,,,,8393.0,-0.67708,0.00041,0.991,3.778509543430461
,,,,,,8394.0,-0.67708,0.00061,1.474,3.8127440145415554
,,,,,,8395.0,-0.67708,0.00081,1.957,3.7301412867942463
,,,,,,8397.0,-0.67708,0.00101,2.435,3.7485525635788197
,,,,,,8398.0,-0.67708,0.00118,2.8592,3.8388142309486777
,,,,,,8399.0,-0.67708,0.00138,3.3422,3.81832486450392
,,,,,,8400.0,-0.67708,0.00158,3.8252,3.7181645677089867
,,,,,,8401.0,-0.67708,0.00178,4.307,3.790112613923588
,,,,,,8402.0,-0.67708,0.00198,4.79,3.821878894308827
,,,,,,8403.0,-0.67708,0.00218,5.268,3.7952697179252035
,,,,,,8404.0,-0.67708,0.00235,5.6922,3.767840262291143
,,,,,,8405.0,-0.67708,0.00255,6.1752,3.827269182678375
,,,,,,8406.0,-0.67708,0.00275,6.6582,3.8039751603311625
,,,,,,8407.0,-0.67708,0.00294,7.1224,3.7382694020161886
,,,,,,8408.0,-0.67708,0.00315,7.6229,3.7430466367565973
,,,,,,8409.0,-0.67708,0.00335,8.1009,3.796786263703914
,,,,,,8410.0,-0.67708,0.00354,8.5839,3.8122556434487063
,,,,,,8411.0,-0.67708,0.00374,9.0669,3.8445234656629688
,,,,,,8412.0,-0.67708,0.00394,9.5499,3.7825218154071023
,,,,,,8413.0,-0.67708,0.00414,10.0329,3.721056098650637
,,,,,,8414.0,-0.67708,0.00434,10.5109,3.7641026199447896
,,,,,,8415.0,-0.67708,0.00451,10.9338,3.6970650330010875
,,,,,,8416.0,-0.67522,0.00471,11.4168,3.7792047511771285
,,,,,,8417.0,-0.67708,0.00491,11.8811,3.8213872972938
,,,,,,8418.0,-0.67708,0.00511,12.3728,3.746895518815299
,,,,,,8419.0,-0.67708,0.00531,12.8558,3.772456998048196
,,,,,,8420.0,-0.67708,0.00551,13.3338,3.7224400205571904
,,,,,,8421.0,-0.67708,0.00568,13.758,3.7891054700788662
,,,,,,8423.0,-0.67708,0.00588,14.241,3.7431425293039267
,,,,,,8424.0,-0.67708,0.00608,14.7228,3.737364681356589
,,,,,,8425.0,-0.67708,0.00628,15.2058,3.8257385220302162
,,,,,,8426.0,-0.67708,0.00648,15.6838,3.7257931662854884
,,,,,,8426.0,-0.67708,0.0066,15.9891,3.8944302509829694
,,,,,,8426.0,-5.39993,0.0066,15.9891,3.622474083513419
,,,,,,8427.0,-5.40551,0.00812,19.6629,3.5596561951430914
,,,,,,8428.0,-5.40551,0.00967,23.4093,3.655871953304201
,,,,,,8429.0,-5.40737,0.01115,27.0118,3.5747656836237085
,,,,,,8430.0,-5.40737,0.01275,30.8683,3.607169012137265
,,,,,,8431.0,-5.40923,0.01434,34.7248,3.65024373879224
,,,,,,8433.0,-5.40551,0.01593,38.5825,3.5639031653422513
,,,,,,8434.0,-5.40737,0.01751,42.4015,3.594856027844353
,,,,,,8434.0,-5.40923,0.01871,45.3133,3.6264509748126144
,,,,,,8434.0,-3.38542,0.01871,45.3133,3.6730392593629135
,,,,,,8435.0,-3.37984,0.01969,47.6782,3.621310708981178
,,,,,,8436.0,-3.3817,0.02056,49.7929,3.6371573713115146
,,,,,,8437.0,-3.38356,0.02155,52.1804,3.672555101466745
,,,,,,8438.0,-3.38542,0.02258,54.683,3.732682791367278
,,,,,,8439.0,-3.37984,0.02345,56.7989,3.592044110008165
,,,,,,8441.0,-3.38542,0.02445,59.2077,3.6634340935032914
,,,,,,8442.0,-3.37798,0.02544,61.6189,3.6767886887365733
,,,,,,8443.0,-3.37984,0.02644,64.0289,3.643545271874161
,,,,,,8444.0,-3.37612,0.02744,66.4402,3.5516938020310262
,,,,,,8445.0,-3.37984,0.02843,68.8502,3.762521566450185
,,,,,,8446.0,-3.3817,0.02943,71.2602,3.640388242741054
,,,,,,8447.0,-3.37798,0.03042,73.6702,3.566570990364361
,,,,,,8448.0,-3.37798,0.03142,76.0789,3.614889049243197
,,,,,,8449.0,-3.3817,0.03241,78.4902,3.608080176783515
,,,,,,8450.0,-3.37984,0.03341,80.9002,3.663408355499606
,,,,,,8451.0,-3.38542,0.0344,83.3102,3.671469035945098
,,,,,,8452.0,-3.37798,0.03544,85.8328,3.622531406562585
,,,,,,8453.0,-3.37612,0.03644,88.244,3.5742969590505718
,,,,,,8454.0,-3.37798,0.03732,90.3813,3.615705921600847
,,,,,,8455.0,-3.37984,0.03831,92.7687,3.6831691679264162
,,,,,,8456.0,-3.38356,0.0393,95.18,3.5748700340529465
,,,,,,8457.0,-3.37984,0.0403,97.59,3.613768973794796
,,,,,,8458.0,-3.37984,0.04129,100.0,3.6262103705107833
,,,,,,8458.0,-3.37984,0.04129,100.0,3.674701582474085
,,,,,,,,,,
,,,,,,8458.0,1.35417,0.0,0.0,3.7564869729659014
,,,,,,8459.0,1.35603,0.00038,12.6026,3.8796199776017932
,,,,,,8460.0,1.35789,0.00078,25.8037,3.8437955683614558
,,,,,,8462.0,1.35417,0.00118,39.0048,3.7988692270009414
,,,,,,8463.0,1.35417,0.00158,52.1888,3.754308859221189
,,,,,,8464.0,1.35231,0.00198,65.3899,3.827344444201293
,,,,,,8465.0,1.35603,0.00237,78.5739,3.803739731101392
,,,,,,8466.0,1.35603,0.00277,91.775,3.731309686598896
,,,,,,8466.0,1.35603,0.00302,100.0,3.79601664777906
,,,,,,8466.0,1.35603,0.00302,100.0,3.8424827982688727
,,,,,,,,,,
,,,,,,8466.0,-1.35603,0.0,0.0,3.756309663449178
,,,,,,8467.0,-1.35789,0.00038,3.1938,3.7046217551557805
,,,,,,8468.0,-1.35603,0.00074,6.1683,3.6775093068153164
,,,,,,8470.0,-1.35231,0.00114,9.4868,3.7707008554631365
,,,,,,8471.0,-1.35045,0.00154,12.8009,3.782985046036534
,,,,,,8472.0,-1.35231,0.00194,16.1107,3.681453673031892
,,,,,,8473.0,-1.35603,0.00234,19.4292,3.736242059576422
,,,,,,8474.0,-1.35417,0.00273,22.7476,3.6805530207040946
,,,,,,8475.0,-1.35417,0.00313,26.0617,3.6610303133976787
,,,,,,8476.0,-1.35417,0.00353,29.3802,3.6269454430141104
,,,,,,8477.0,-1.35417,0.00393,32.6986,3.77469859014874
,,,,,,8478.0,-1.35417,0.00433,36.017,3.682281572109282
,,,,,,8479.0,-1.35417,0.00473,39.3312,3.5419265430328624
,,,,,,8480.0,-1.35231,0.00513,42.6453,3.587992910367627
,,,,,,8481.0,-1.35603,0.00553,45.9637,3.700740869770583
,,,,,,8482.0,-1.35231,0.00593,49.3724,3.672099011707735
,,,,,,8483.0,-1.35417,0.00632,52.5963,3.7636219332049023
,,,,,,8484.0,-1.35417,0.00672,55.8803,3.69329751923236
,,,,,,8485.0,-1.35417,0.00707,58.7861,3.7052077908573477
,,,,,,8486.0,-1.35417,0.00747,62.1045,3.812859724241797
,,,,,,8487.0,-1.35417,0.00786,65.423,3.7090616304932813
,,,,,,8488.0,-1.35417,0.00826,68.7414,3.758936042473687
,,,,,,8490.0,-1.35603,0.00866,72.0598,3.671100954883852
,,,,,,8491.0,-1.35417,0.00906,75.374,3.6198876176456856
,,,,,,8492.0,-1.35603,0.00946,78.6924,3.76492343159776
,,,,,,8493.0,-1.35417,0.00986,82.0108,3.721226060679973
,,,,,,8494.0,-1.35603,0.01026,85.325,3.7289935232701783
,,,,,,8495.0,-1.35417,0.01066,88.6434,3.699756776318735
,,,,,,8496.0,-1.35417,0.01105,91.9575,3.7033016419599085
,,,,,,8497.0,-1.35417,0.01145,95.2717,3.7226799331650944
,,,,,,8498.0,-1.35231,0.01185,98.5901,3.7526497185830285
,,,,,,8498.0,-1.35231,0.01202,100.0,3.7404246884097336
,,,,,,8498.0,-1.35231,0.01202,100.0,3.7516228005735917
,,,,,,,,,,
,,,,,,8498.0,2.70647,0.0,0.0,3.770509131674272
,,,,,,8499.0,2.70647,0.00076,12.5964,3.85523880850593
,,,,,,8500.0,2.70647,0.00156,25.8012,3.8305929260239613
,,,,,,8502.0,2.70461,0.00235,39.0146,3.843284117957177
,,,,,,8503.0,2.70833,0.00315,52.2365,3.766782636977114
,,,,,,8504.0,2.70833,0.00394,65.3213,3.895075695624221
,,,,,,8505.0,2.71019,0.00464,76.9323,3.879557908043065
,,,,,,8506.0,2.70833,0.00544,90.1457,3.8779878942336494
,,,,,,8506.0,2.70647,0.00603,100.0,3.8629123946216897
,,,,,,8506.0,0.0,0.00603,100.0,3.749420701506165
,,,,,,8508.0,0.0,0.00603,100.0,3.70681900022259
,,,,,,8509.0,0.0,0.00603,100.0,3.750294541124619
,,,,,,8510.0,0.0,0.00603,100.0,3.8146677764715555
,,,,,,8511.0,0.0,0.00603,100.0,3.7102956710146673
,,,,,,8512.0,0.0,0.00603,100.0,3.792401456835316
,,,,,,8513.0,0.0,0.00603,100.0,3.8439393242420246
,,,,,,8514.0,0.0,0.00603,100.0,3.7822383304076834
,,,,,,8515.0,0.0,0.00603,100.0,3.7532329546175895
,,,,,,8516.0,0.0,0.00603,100.0,3.7441317862779266
,,,,,,8517.0,0.0,0.00603,100.0,3.762036716492848
,,,,,,8518.0,0.0,0.00603,100.0,3.693310173404604
,,,,,,8519.0,0.0,0.00603,100.0,3.7226488661869905
,,,,,,8520.0,0.0,0.00603,100.0,3.776767930928971
,,,,,,8521.0,0.0,0.00603,100.0,3.757294973447204
,,,,,,8522.0,0.0,0.00603,100.0,3.6826675084769294
,,,,,,8523.0,0.0,0.00603,100.0,3.7860252827633984
,,,,,,8524.0,0.0,0.00603,100.0,3.776241713022811
,,,,,,8525.0,0.0,0.00603,100.0,3.8244637472941263
,,,,,,8526.0,0.0,0.00603,100.0,3.8261638889415917
,,,,,,8527.0,0.0,0.00603,100.0,3.780551511538961
,,,,,,8528.0,0.0,0.00603,100.0,3.8498805826718985
,,,,,,8529.0,0.0,0.00603,100.0,3.722201927976733
,,,,,,8531.0,0.0,0.00603,100.0,3.8470905441323437
,,,,,,8532.0,0.0,0.00603,100.0,3.750092490797317
,,,,,,8533.0,0.0,0.00603,100.0,3.8095684930328066
,,,,,,8534.0,0.0,0.00603,100.0,3.7461807754980345
,,,,,,8535.0,0.0,0.00603,100.0,3.769354105594209
,,,,,,8536.0,0.0,0.00603,100.0,3.787938202909024
,,,,,,8537.0,0.0,0.00603,100.0,3.836504206969503
,,,,,,8538.0,0.0,0.00603,100.0,3.819649686980789
,,,,,,8539.0,0.0,0.00603,100.0,3.8552476858216136
,,,,,,8540.0,0.0,0.00603,100.0,3.7387240155990953
,,,,,,8541.0,0.0,0.00603,100.0,3.8027337806263213
,,,,,,8542.0,0.0,0.00603,100.0,3.769837667815715
,,,,,,8543.0,0.0,0.00603,100.0,3.7797885225960934
,,,,,,8544.0,0.0,0.00603,100.0,3.6760374493108863
,,,,,,8545.0,0.0,0.00603,100.0,3.768720722072168
,,,,,,8546.0,0.0,0.00603,100.0,3.726178979112048
,,,,,,8547.0,0.0,0.00603,100.0,3.7094675239234145
,,,,,,8548.0,0.0,0.00603,100.0,3.767929220202891
,,,,,,8549.0,0.0,0.00603,100.0,3.7670719071185603
,,,,,,8550.0,0.0,0.00603,100.0,3.754499728216818
,,,,,,8551.0,0.0,0.00603,100.0,3.7243736489088715
,,,,,,8552.0,0.0,0.00603,100.0,3.81475023374484
,,,,,,8553.0,0.0,0.00603,100.0,3.677781078362736
,,,,,,8555.0,0.0,0.00603,100.0,3.8484129508009355
,,,,,,8556.0,0.0,0.00603,100.0,3.7360684723882533
,,,,,,8557.0,0.0,0.00603,100.0,3.7538729681198846
,,,,,,8558.0,0.0,0.00603,100.0,3.746071089626741
,,,,,,8559.0,0.0,0.00603,100.0,3.78069907347789
,,,,,,8560.0,0.0,0.00603,100.0,3.8031353025327945
,,,,,,8561.0,0.0,0.00603,100.0,3.9025811976732454
,,,,,,8562.0,0.0,0.00603,100.0,3.7024360787002126
,,,,,,8562.0,0.0,0.00603,100.0,3.735935181847515
,,,,,,,,,,
,,,,,,8562.0,-0.67708,0.0,0.0,3.7729462143632766
,,,,,,8563.0,-0.67708,0.0002,2.0275,3.805770285978184
,,,,,,8564.0,-0.67708,0.00037,3.8075,3.759441419592464
,,,,,,8565.0,-0.67708,0.00057,5.8402,3.6911362591675756
,,,,,,8566.0,-0.67708,0.00077,7.873,3.7479557356509288
,,,,,,8567.0,-0.67708,0.00097,9.9057,3.896221201828854
,,,,,,8568.0,-0.67708,0.00117,11.9385,3.6882833467032197
,,,,,,8569.0,-0.67708,0.00137,13.9502,3.7095534069838467
,,,,,,8570.0,-0.67708,0.00154,15.7302,3.740823574079643
,,,,,,8571.0,-0.67708,0.00174,17.7629,3.7950474059371255
,,,,,,8572.0,-0.67708,0.00195,19.8536,3.7503028907810285
,,,,,,8573.0,-0.67708,0.00213,21.7126,3.7281168217993517
,,,,,,8574.0,-0.67708,0.00233,23.7453,3.774860368255493
,,,,,,8575.0,-0.67708,0.00253,25.757,3.719765929505657
,,,,,,8576.0,-0.67708,0.0027,27.5423,3.6828945952370216
,,,,,,8577.0,-0.67708,0.00289,29.4592,3.677781220100738
,,,,,,8578.0,-0.67708,0.00309,31.4709,3.716846550397085
,,,,,,8579.0,-0.67708,0.00329,33.4983,3.805234734306967
,,,,,,8580.0,-0.67708,0.00349,35.5311,3.746617911286874
,,,,,,8581.0,-0.67708,0.00369,37.5639,3.7937538390361643
,,,,,,8582.0,-0.67708,0.00389,39.5966,3.75939622829135
,,,,,,8583.0,-0.67708,0.00408,41.6294,3.7413096586439463
,,,,,,8584.0,-0.67708,0.00428,43.6569,3.742021459384948
,,,,,,8585.0,-0.67522,0.00448,45.6685,3.7182896107494856
,,,,,,8586.0,-0.67708,0.00468,47.7013,3.71655993993547
,,,,,,8587.0,-0.67708,0.00488,49.7341,3.7121176889240526
,,,,,,8588.0,-0.67708,0.00508,51.7668,3.7303164246287763
,,,,,,8590.0,-0.67708,0.00528,53.7996,3.7681943203167783
,,,,,,8590.0,-1.35231,0.00528,53.7996,3.695979058360456
,,,,,,8591.0,-1.35231,0.00564,57.5122,3.71871209683779
,,,,,,8592.0,-1.35603,0.00602,61.3934,3.697389537985662
,,,,,,8593.0,-1.35417,0.00642,65.4589,3.814454548161073
,,,,,,8594.0,-1.35603,0.00682,69.5192,3.6711435764549196
,,,,,,8595.0,-1.35603,0.00722,73.5847,3.820678465397769
,,,,,,8596.0,-1.35603,0.00762,77.645,3.702990926830991
,,,,,,8597.0,-1.35417,0.00802,81.7052,3.744746980399994
,,,,,,8598.0,-1.35231,0.00842,85.7707,3.689642901486385
,,,,,,8599.0,-1.35231,0.00881,89.7994,3.6977241329319503
,,,,,,8600.0,-1.35603,0.00916,93.3646,3.6758739680102535
,,,,,,8601.0,-1.35231,0.00956,97.4301,3.7183481527302553
,,,,,,8602.0,-1.35417,0.00981,100.0,3.6355668116919864
,,,,,,8602.0,-1.35417,0.00981,100.0,3.743844031696495
,,,,,,,,,,
,,,,,,8602.0,0.67894,0.0,0.0,3.7947706847647726
,,,,,,8603.0,0.67894,0.00018,11.9162,3.700069649067746
,,,,,,8604.0,0.67894,0.00038,25.4464,3.7666528285846614
,,,,,,8605.0,0.67894,0.00058,38.7363,3.798264670292472
,,,,,,8606.0,0.67894,0.00078,52.0261,3.715964808488528
,,,,,,8607.0,0.67894,0.00098,65.1786,3.7416537159825913
,,,,,,8608.0,0.67894,0.00118,78.4684,3.736611505444199
,,,,,,8609.0,0.67894,0.00138,91.7582,3.779965303448044
,,,,,,8610.0,0.67894,0.0015,100.0,3.813645493767336
,,,,,,8610.0,0.0,0.0015,100.0,3.814715371148695
,,,,,,8611.0,0.0,0.0015,100.0,3.7911259639585198
,,,,,,8612.0,0.0,0.0015,100.0,3.8877498579342236
,,,,,,8613.0,0.0,0.0015,100.0,3.7646255566570423
,,,,,,8614.0,0.0,0.0015,100.0,3.7032237923446956
,,,,,,8615.0,0.0,0.0015,100.0,3.7571911299552254
,,,,,,8616.0,0.0,0.0015,100.0,3.8413786397478105
,,,,,,8617.0,0.0,0.0015,100.0,3.7002485598769663
,,,,,,8618.0,0.0,0.0015,100.0,3.753325368532029
,,,,,,8619.0,0.0,0.0015,100.0,3.7830084334944067
,,,,,,8620.0,0.0,0.0015,100.0,3.8156221737869247
,,,,,,8621.0,0.0,0.0015,100.0,3.8218311486362833
,,,,,,8622.0,0.0,0.0015,100.0,3.7628298443236012
,,,,,,8623.0,0.0,0.0015,100.0,3.807898708692697
,,,,,,8624.0,0.0,0.0015,100.0,3.8182865069353342
,,,,,,8625.0,0.0,0.0015,100.0,3.8040128035345693
,,,,,,8626.0,0.0,0.0015,100.0,3.7660080112924668
,,,,,,8626.0,0.0,0.0015,100.0,3.8034386651580707
,,,,,,,,,,
,,,,,,8626.0,-0.67522,0.0,0.0,3.8312955023301343
,,,,,,8627.0,-0.67708,0.0002,0.9355,3.747413839377112
,,,,,,8628.0,-0.67708,0.00039,1.8809,3.7648639653145115
,,,,,,8629.0,-0.67708,0.00059,2.8361,3.7252595503474897
,,,,,,8630.0,-0.67708,0.00079,3.7815,3.7750423853725468
,,,,,,8631.0,-0.67708,0.00096,4.618,3.7075363626509708
,,,,,,8632.0,-0.67708,0.00116,5.5733,3.732763146416098
,,,,,,8633.0,-0.67708,0.00136,6.5286,3.804956833626514
,,,,,,8634.0,-0.67708,0.00156,7.4839,3.746444204218987
,,,,,,8635.0,-0.67708,0.00176,8.4292,3.76618379430596
,,,,,,8636.0,-0.67708,0.00193,9.2657,3.672324062310635
,,,,,,8637.0,-0.67708,0.00213,10.221,3.7583557644746883
,,,,,,8638.0,-0.67708,0.00233,11.1763,3.758317994190229
,,,,,,8639.0,-0.67522,0.00253,12.1316,3.8594637637284297
,,,,,,8640.0,-0.67522,0.00273,13.0844,3.7511353513530454
,,,,,,8641.0,-0.67708,0.00293,14.0322,3.7852121166256776
,,,,,,8642.0,-0.67708,0.0031,14.8687,3.7558073963659715
,,,,,,8643.0,-0.67708,0.0033,15.824,3.7784589803751074
,,,,,,8644.0,-0.67708,0.00351,16.7966,3.682287417611042
,,,,,,8645.0,-0.67708,0.0037,17.742,3.7393743361508234
,,,,,,8646.0,-0.67708,0.0039,18.6874,3.75544593448375
,,,,,,8647.0,-0.67708,0.00408,19.5263,3.781009681323659
,,,,,,8648.0,-0.67708,0.00428,20.4816,3.8112053717938204
,,,,,,8649.0,-0.67708,0.00447,21.427,3.735272360244518
,,,,,,8650.0,-0.67708,0.00467,22.3823,3.6923863146916704
,,,,,,8651.0,-0.67708,0.00486,23.2905,3.761866845633653
,,,,,,8653.0,-0.67708,0.00507,24.2903,3.802851889689455
,,,,,,8654.0,-0.67708,0.00527,25.2382,3.7310877472214923
,,,,,,8655.0,-0.67708,0.00544,26.0747,3.7632777735516587
,,,,,,8656.0,-0.67708,0.00564,27.03,3.7812669625113147
,,,,,,8657.0,-0.67708,0.00584,27.9853,3.6846981199608075
,,,,,,8658.0,-0.67708,0.00604,28.9306,3.686833556822468
,,,,,,8659.0,-0.67708,0.00624,29.8859,3.753223057508932
,,,,,,8660.0,-0.67708,0.00644,30.8313,3.7742899629509403
,,,,,,8661.0,-0.67708,0.00661,31.6678,3.7108059409894936
,,,,,,8662.0,-0.67708,0.00681,32.6231,3.7700704058482972
,,,,,,8663.0,-0.67522,0.00701,33.5783,3.7695212411182113
,,,,,,8664.0,-0.67708,0.00721,34.5336,3.766085330936338
,,,,,,8665.0,-0.67708,0.00741,35.4864,3.677887709891457
,,,,,,8666.0,-0.67708,0.00761,36.4318,3.7521525370024666
,,,,,,8667.0,-0.67708,0.00779,37.298,3.532025493742891
,,,,,,8668.0,-0.67708,0.00799,38.2533,3.7631908185046234
,,,,,,8669.0,-0.67708,0.00819,39.2086,3.7078519054812995
,,,,,,8670.0,-0.67708,0.00838,40.1539,3.6984828448157536
,,,,,,8671.0,-0.67708,0.00856,40.9904,3.7819217151135796
,,,,,,8672.0,-0.67708,0.00876,41.9457,3.69372059897303
,,,,,,8673.0,-0.67708,0.00896,42.901,3.7245434959497663
,,,,,,8674.0,-0.67708,0.00916,43.8563,3.6886891666464865
,,,,,,8675.0,-0.67708,0.00936,44.8115,3.778329535667799
,,,,,,8676.0,-0.67708,0.00955,45.7569,3.795971935680671
,,,,,,8677.0,-0.67708,0.00973,46.5934,3.7347308723377033
,,,,,,8678.0,-0.67708,0.00993,47.5487,3.7452194561724608
,,,,,,8679.0,-0.67708,0.01013,48.504,3.665877366410687
,,,,,,8681.0,-0.67708,0.01033,49.4593,3.7135311832133318
,,,,,,8682.0,-0.67708,0.01053,50.4319,3.8197876244501408
,,,,,,8683.0,-0.67522,0.0107,51.2683,3.776891275186146
,,,,,,8684.0,-0.67708,0.0109,52.2236,3.7818928339930307
,,,,,,8685.0,-0.67708,0.01111,53.2333,3.8140014656337873
,,,,,,8686.0,-0.67708,0.01131,54.1886,3.7207263416553755
,,,,,,8687.0,-0.67708,0.01151,55.1439,3.7041590990910276
,,,,,,8688.0,-0.67708,0.01171,56.0893,3.682112559838703
,,,,,,8689.0,-0.67522,0.01189,56.9258,3.7421296328916798
,,,,,,8690.0,-0.67708,0.01208,57.8811,3.706506652899453
,,,,,,8691.0,-0.67708,0.01228,58.8363,3.7789677942038655
,,,,,,8692.0,-0.67708,0.01248,59.7545,3.810381007910826
,,,,,,8693.0,-0.67708,0.01265,60.6108,3.693415993543277
,,,,,,8694.0,-0.67708,0.01285,61.5636,3.701518499239653
,,,,,,8695.0,-0.67708,0.01305,62.509,3.7718814453740173
,,,,,,8696.0,-0.67708,0.01323,63.3479,3.777391115213359
,,,,,,8697.0,-0.67708,0.01343,64.3032,3.770335982513667
,,,,,,8698.0,-0.67708,0.01362,65.2585,3.6946539925788247
,,,,,,8699.0,-0.67708,0.01382,66.2113,3.7224132647603296
,,,,,,8700.0,-0.67708,0.01402,67.1567,3.6839002371692944
,,,,,,8701.0,-0.67708,0.0142,67.9956,3.657379995942789
,,,,,,8702.0,-0.67708,0.0144,68.9509,3.747436465463397
,,,,,,8703.0,-0.67708,0.01459,69.8963,3.710330146375862
,,,,,,8704.0,-0.67708,0.01479,70.8516,3.7399268512282857
,,,,,,8705.0,-0.67708,0.01499,71.8069,3.717917185774569
,,,,,,8706.0,-0.67708,0.01519,72.7597,3.733711350263406
,,,,,,8707.0,-0.67708,0.01537,73.6333,3.707335471615832
,,,,,,8708.0,-0.67708,0.01557,74.5886,3.7477436724680686
,,,,,,8709.0,-0.67708,0.01577,75.5339,3.6354739384873667
,,,,,,8710.0,-0.67708,0.01597,76.4892,3.7498636212837932
,,,,,,8712.0,-0.67708,0.01617,77.4445,3.7594433921503123
,,,,,,8713.0,-0.67708,0.01637,78.3973,3.755126440884148
,,,,,,8713.0,-0.67708,0.01637,78.3973,3.687706657297605
,,,,,,8713.0,-1.35603,0.01637,78.3973,3.7343981508346706
,,,,,,8714.0,-1.35603,0.01675,80.2386,3.7040523352463772
,,,,,,8715.0,-1.35603,0.01715,82.1467,3.7047851061876274
,,,,,,8716.0,-1.35603,0.01755,84.0547,3.7039060276088716
,,,,,,8717.0,-1.35603,0.01795,85.9653,3.717165894575996
,,,,,,8718.0,-1.35603,0.01835,87.8734,3.7058963643598144
,,,,,,8719.0,-1.35603,0.01874,89.7641,3.6988683529963624
,,,,,,8720.0,-1.35417,0.01914,91.6747,3.721461749636595
,,,,,,8721.0,-1.35603,0.01954,93.5853,3.734076059532568
,,,,,,8722.0,-1.35417,0.01994,95.4934,3.5731297065148184
,,,,,,8723.0,-1.35417,0.02034,97.4039,3.653601882680973
,,,,,,8724.0,-1.35603,0.02073,99.2947,3.7206051591152076
,,,,,,8725.0,-1.35417,0.02088,100.0,3.701609749046725
,,,,,,8725.0,-1.35417,0.02088,100.0,3.6944445518517615
,,,,,,,,,,
,,,,,,8725.0,0.6808,0.0,0.0,3.75923623673207
,,,,,,8726.0,0.6808,0.00019,12.7804,3.863055275156355
,,,,,,8727.0,0.6808,0.00039,25.9687,3.815994216560975
,,,,,,8728.0,0.6808,0.0006,39.157,3.858127290710869
,,,,,,8729.0,0.6808,0.0008,52.3453,3.768220055156514
,,,,,,8730.0,0.6808,0.00099,65.3977,3.810793190788869
,,,,,,8731.0,0.6808,0.00117,76.9884,3.766853165072081
,,,,,,8732.0,0.6808,0.00137,90.1768,3.7288607217994287
,,,,,,8733.0,0.6808,0.00152,100.0,3.7722459207782753
,,,,,,8733.0,0.0,0.00152,100.0,3.7192123121806726
,,,,,,8734.0,0.0,0.00152,100.0,3.8288745019009585
,,,,,,8735.0,0.0,0.00152,100.0,3.799303819400316
,,,,,,8736.0,0.0,0.00152,100.0,3.7941769475242677
,,,,,,8737.0,0.0,0.00152,100.0,3.687648577143716
,,,,,,8738.0,0.0,0.00152,100.0,3.7035328896373394
,,,,,,8739.0,0.0,0.00152,100.0,3.7271276237974016
,,,,,,8740.0,0.0,0.00152,100.0,3.8046073867967434
,,,,,,8741.0,0.0,0.00152,100.0,3.7222577975745366
,,,,,,8742.0,0.0,0.00152,100.0,3.7793451263045634
,,,,,,8743.0,0.0,0.00152,100.0,3.673257360044594
,,,,,,8744.0,0.0,0.00152,100.0,3.8697927194776933
,,,,,,8745.0,0.0,0.00152,100.0,3.7264192808747967
,,,,,,8746.0,0.0,0.00152,100.0,3.7319673740700137
,,,,,,8747.0,0.0,0.00152,100.0,3.735275892468708
,,,,,,8748.0,0.0,0.00152,100.0,3.671527932531401
,,,,,,8749.0,0.0,0.00152,100.0,3.7341833764701367
,,,,,,8749.0,0.0,0.00152,100.0,3.7657474301486333
,,,,,,,,,,
,,,,,,8749.0,-0.67522,0.0,0.0,3.7516276934083646
,,,,,,8750.0,-0.67522,0.00019,0.4511,3.7437897762787187
,,,,,,8751.0,-0.67708,0.00038,0.9361,3.811621097581102
,,,,,,8752.0,-0.67708,0.00058,1.4211,3.732363719441305
,,,,,,8753.0,-0.67708,0.00078,1.9061,3.717603269398605
,,,,,,8754.0,-0.67708,0.00098,2.3912,3.696014295141247
,,,,,,8755.0,-0.67708,0.00118,2.8711,3.808449821308207
,,,,,,8756.0,-0.67708,0.00136,3.2958,3.8208532488526186
,,,,,,8757.0,-0.67708,0.00155,3.7721,3.7613160990292287
,,,,,,8758.0,-0.67708,0.00174,4.2294,3.7674745177655176
,,,,,,8759.0,-0.67708,0.00194,4.7145,3.6878103618882756
,,,,,,8760.0,-0.67708,0.00214,5.1982,3.7575741347907385
,,,,,,8761.0,-0.67708,0.00234,5.6832,3.6938784574902273
,,,,,,8762.0,-0.67522,0.00253,6.1632,3.8291456778435564
,,,,,,8763.0,-0.67708,0.00271,6.5892,3.8118143884427007
,,,,,,8764.0,-0.67708,0.00291,7.0742,3.6703614391255743
,,,,,,8765.0,-0.67708,0.00311,7.5592,3.6909455592474543
,,,,,,8766.0,-0.67708,0.00331,8.043,3.7598635118881427
,,,,,,8767.0,-0.67708,0.00351,8.5242,3.676086648860851
,,,,,,8768.0,-0.67708,0.00368,8.9489,3.7630862664781732
,,,,,,8769.0,-0.67708,0.00388,9.4339,3.7243461873141097
,,,,,,8770.0,-0.67708,0.00408,9.9177,3.600137676666559
,,,,,,8771.0,-0.67708,0.00428,10.3989,3.736439116594707
,,,,,,8773.0,-0.67708,0.00447,10.8789,3.7785538993236045
,,,,,,8774.0,-0.67708,0.00467,11.364,3.735941124136697
,,,,,,8775.0,-0.67708,0.00486,11.8113,3.718764161036081
,,,,,,8776.0,-0.67708,0.00506,12.3051,3.7711343377680904
,,,,,,8777.0,-0.67708,0.00526,12.7901,3.769456685438617
,,,,,,8778.0,-0.67708,0.00546,13.2701,3.7373564514393633
,,,,,,8779.0,-0.67708,0.00563,13.696,3.7544841573131364
,,,,,,8780.0,-0.67708,0.00583,14.1811,3.6914417237247683
,,,,,,8781.0,-0.67708,0.00603,14.6648,3.6527293964608742
,,,,,,8782.0,-0.67708,0.00623,15.1461,3.7116660378714603
,,,,,,8783.0,-0.67708,0.0064,15.5708,3.7259794544575175
,,,,,,8784.0,-0.67708,0.00658,15.9967,3.6747960332344896
,,,,,,8784.0,-5.41295,0.00658,15.9967,3.526158562175034
,,,,,,8785.0,-5.40737,0.00822,19.9786,3.540424788876735
,,,,,,8786.0,-5.41109,0.00981,23.8512,3.576679280511957
,,,,,,8787.0,-5.41109,0.01131,27.5052,3.5529200177435403
,,,,,,8788.0,-5.40179,0.01283,31.1943,3.5890775688838774
,,,,,,8789.0,-5.40737,0.01442,35.0657,3.5040173900357785
,,,,,,8790.0,-5.40737,0.01601,38.9382,3.5150106929214866
,,,,,,8791.0,-5.40923,0.01759,42.7744,3.5365130598859538
,,,,,,8792.0,-5.40737,0.0186,45.2221,3.5646639206688087
,,,,,,8792.0,-3.37984,0.0186,45.2221,3.5161529714388617
,,,,,,8793.0,-3.3817,0.0197,47.8947,3.660854912711533
,,,,,,8794.0,-3.3817,0.02069,50.3148,3.5666658375491087
,,,,,,8795.0,-3.3817,0.02158,52.4848,3.615885485035827
,,,,,,8796.0,-3.37612,0.02261,54.9727,3.6704914425405337
,,,,,,8797.0,-3.37798,0.02359,57.3701,3.598935565031981
,,,,,,8798.0,-3.3817,0.02446,59.4924,3.6094346356041624
,,,,,,8799.0,-3.37984,0.02546,61.9137,3.6748027915769668
,,,,,,8800.0,-3.37798,0.02646,64.3337,3.654281827107957
,,,,,,8801.0,-3.38356,0.02745,66.755,3.537294302795741
,,,,,,8802.0,-3.37984,0.02845,69.1751,3.611459374368815
,,,,,,8803.0,-3.3817,0.02944,71.5964,3.6678394187509595
,,,,,,8804.0,-3.37984,0.03043,73.9939,3.5573389499554957
,,,,,,8805.0,-3.37984,0.0313,76.1174,3.5161516543032936
,,,,,,8806.0,-3.37798,0.0323,78.5374,3.6059139827660416
,,,,,,8807.0,-3.37612,0.03327,80.9122,3.6291981848194665
,,,,,,8808.0,-3.38356,0.03427,83.331,3.676926654982948
,,,,,,8809.0,-3.37612,0.03525,85.7285,3.660558186605882
,,,,,,8810.0,-3.37984,0.03613,87.852,3.601632411216513
,,,,,,8811.0,-3.38356,0.03713,90.2959,3.5557393491639697
,,,,,,8812.0,-3.3817,0.03802,92.4647,3.5293977525293454
,,,,,,8813.0,-3.37798,0.03902,94.8847,3.63814121926258
,,,,,,8815.0,-3.3817,0.04,97.2822,3.634159949645868
,,,,,,8816.0,-3.37984,0.04088,99.4057,3.5774115914065194
,,,,,,8816.0,-3.3817,0.04112,100.0,3.581608592712253
,,,,,,8816.0,-3.3817,0.04112,100.0,3.6449086174767746
,,,,,,,,,,
,,,,,,8816.0,1.35789,0.0,0.0,3.801658416032048
,,,,,,8817.0,1.35603,0.00039,12.8741,3.7825869311006133
,,,,,,8818.0,1.35603,0.0008,26.2585,3.715002441455387
,,,,,,8819.0,1.35603,0.0012,39.4048,3.738607494921078
,,,,,,8820.0,1.35789,0.0016,52.534,3.7364502655598595
,,,,,,8821.0,1.35603,0.002,65.6803,3.6867539962754443
,,,,,,8822.0,1.35417,0.00239,78.8095,3.6806487987386034
,,,,,,8823.0,1.35417,0.00279,91.8197,3.726829815191796
,,,,,,8824.0,1.35417,0.00304,100.0,3.826511791411107
,,,,,,8824.0,1.35417,0.00304,100.0,3.7450961834912393
,,,,,,,,,,
,,,,,,8824.0,-1.35417,0.0,0.0,3.6855030031434195
,,,,,,8825.0,-1.35417,0.00041,3.3753,3.7098480945663073
,,,,,,8826.0,-1.35603,0.00077,6.4454,3.684994063211509
,,,,,,8827.0,-1.35417,0.00115,9.6014,3.6018615304644985
,,,,,,8828.0,-1.35603,0.00155,12.9208,3.7005596444941142
,,,,,,8829.0,-1.35789,0.00195,16.2102,3.6257454583262883
,,,,,,8830.0,-1.35417,0.0023,19.1211,3.694810736591371
,,,,,,8831.0,-1.35603,0.0027,22.4363,3.682974955195675
,,,,,,8832.0,-1.35789,0.00309,25.7256,3.697149494727407
,,,,,,8833.0,-1.35417,0.00349,29.045,3.724925732885173
,,,,,,8834.0,-1.35417,0.00389,32.3644,3.7414711422765086
,,,,,,8835.0,-1.35417,0.00429,35.6839,3.732226400688842
,,,,,,8836.0,-1.35417,0.00468,38.9689,3.702199410735581
,,,,,,8837.0,-1.35417,0.00503,41.8756,3.6221870054357455
,,,,,,8838.0,-1.35417,0.00543,45.195,3.6485064846327124
,,,,,,8839.0,-1.35231,0.00583,48.5144,3.6766570978333037
,,,,,,8840.0,-1.35417,0.00623,51.8296,3.64755071413714
,,,,,,8841.0,-1.35417,0.00662,55.0845,3.6444819511775806
,,,,,,8842.0,-1.35603,0.00699,58.1803,3.7366585114238253
,,,,,,8843.0,-1.35231,0.00739,61.4955,3.6540577314149227
,,,,,,8845.0,-1.35603,0.00779,64.8192,3.682238557334623
,,,,,,8846.0,-1.35231,0.00819,68.1343,3.6674744066727807
,,,,,,8847.0,-1.35603,0.00858,71.4237,3.667171647882207
,,,,,,8848.0,-1.35231,0.00898,74.7388,3.6449337855012165
,,,,,,8849.0,-1.35231,0.00938,78.0582,3.571418499176075
,,,,,,8850.0,-1.35231,0.00977,81.3432,3.647140621568767
,,,,,,8851.0,-1.35603,0.01012,84.2542,3.7159334474712082
,,,,,,8852.0,-1.35789,0.01052,87.5736,3.768270380370163
,,,,,,8853.0,-1.35417,0.01092,90.8931,3.708832605126643
,,,,,,8854.0,-1.35417,0.01132,94.2125,3.7383275848632955
,,,,,,8855.0,-1.35417,0.01172,97.5319,3.678947726920199
,,,,,,8856.0,-1.35231,0.01202,100.0,3.5785064054760114
,,,,,,8856.0,-1.35231,0.01202,100.0,3.6580910845704584
,,,,,,,,,,
,,,,,,8856.0,2.70089,0.0,0.0,3.8339850388963135
,,,,,,8857.0,2.70647,0.00078,12.9563,3.7387177546750636
,,,,,,8858.0,2.70461,0.00155,25.6812,3.7713634301685954
,,,,,,8859.0,2.70461,0.00235,38.8946,3.827794205739458
,,,,,,8860.0,2.70461,0.00314,52.1165,3.9109004746150093
,,,,,,8861.0,2.70833,0.00394,65.3299,3.870116451681191
,,,,,,8862.0,2.70833,0.00474,78.5518,3.804112832303702
,,,,,,8863.0,2.70647,0.00553,91.7652,3.8755163683987535
,,,,,,8864.0,2.70833,0.00603,100.0,3.8324915412299956
,,,,,,8864.0,0.0,0.00603,100.0,3.6792471934283295
,,,,,,8865.0,0.0,0.00603,100.0,3.71266591288154
,,,,,,8866.0,0.0,0.00603,100.0,3.7150199431194713
,,,,,,8867.0,0.0,0.00603,100.0,3.7048136851689653
,,,,,,8868.0,0.0,0.00603,100.0,3.6826468627469113
,,,,,,8869.0,0.0,0.00603,100.0,3.769420115076385
,,,,,,8870.0,0.0,0.00603,100.0,3.8189429870250358
,,,,,,8871.0,0.0,0.00603,100.0,3.7616459506154034
,,,,,,8872.0,0.0,0.00603,100.0,3.680655196018028
,,,,,,8873.0,0.0,0.00603,100.0,3.7522162747144847
,,,,,,8874.0,0.0,0.00603,100.0,3.7218284108425284
,,,,,,8875.0,0.0,0.00603,100.0,3.7943656109284487
,,,,,,8876.0,0.0,0.00603,100.0,3.762605208077294
,,,,,,8877.0,0.0,0.00603,100.0,3.789057835501881
,,,,,,8878.0,0.0,0.00603,100.0,3.7427004079242003
,,,,,,8879.0,0.0,0.00603,100.0,3.7870403475352683
,,,,,,8880.0,0.0,0.00603,100.0,3.730630199820959
,,,,,,8882.0,0.0,0.00603,100.0,3.714186556935758
,,,,,,8883.0,0.0,0.00603,100.0,3.7198145021813853
,,,,,,8884.0,0.0,0.00603,100.0,3.829251712540425
,,,,,,8885.0,0.0,0.00603,100.0,3.687827175890609
,,,,,,8886.0,0.0,0.00603,100.0,3.782619815146072
,,,,,,8887.0,0.0,0.00603,100.0,3.695192815242824
,,,,,,8888.0,0.0,0.00603,100.0,3.7401906582576134
,,,,,,8889.0,0.0,0.00603,100.0,3.7845265884651136
,,,,,,8890.0,0.0,0.00603,100.0,3.7874954247662993
,,,,,,8891.0,0.0,0.00603,100.0,3.7219702655393596
,,,,,,8892.0,0.0,0.00603,100.0,3.7449225520460514
,,,,,,8893.0,0.0,0.00603,100.0,3.7160387962008943
,,,,,,8894.0,0.0,0.00603,100.0,3.755102815919814
,,,,,,8895.0,0.0,0.00603,100.0,3.7345152894705205
,,,,,,8896.0,0.0,0.00603,100.0,3.770316282714484
,,,,,,8897.0,0.0,0.00603,100.0,3.7667514630734695
,,,,,,8898.0,0.0,0.00603,100.0,3.7016199590789722
,,,,,,8899.0,0.0,0.00603,100.0,3.7320531883977712
,,,,,,8900.0,0.0,0.00603,100.0,3.757790294400437
,,,,,,8901.0,0.0,0.00603,100.0,3.695842854325453
,,,,,,8902.0,0.0,0.00603,100.0,3.6586382267687116
,,,,,,8903.0,0.0,0.00603,100.0,3.7746079513261823
,,,,,,8903.0,0.0,0.00603,100.0,3.7649853310982366
,,,,,,8904.0,0.0,0.00603,100.0,3.8425977220297685
,,,,,,8905.0,0.0,0.00603,100.0,3.8105043740501383
,,,,,,8906.0,0.0,0.00603,100.0,3.7717461271651667
,,,,,,8907.0,0.0,0.00603,100.0,3.736527016870108
,,,,,,8908.0,0.0,0.00603,100.0,3.7920641618340616
,,,,,,8909.0,0.0,0.00603,100.0,3.803447025136737
,,,,,,8910.0,0.0,0.00603,100.0,3.743896226728591
,,,,,,8911.0,0.0,0.00603,100.0,3.8185728020648106
,,,,,,8912.0,0.0,0.00603,100.0,3.7197064053204567
,,,,,,8913.0,0.0,0.00603,100.0,3.755030721068135
,,,,,,8914.0,0.0,0.00603,100.0,3.71968399619426
,,,,,,8915.0,0.0,0.00603,100.0,3.744768922480067
,,,,,,8916.0,0.0,0.00603,100.0,3.8159069648244
,,,,,,8918.0,0.0,0.00603,100.0,3.7645060538907944
,,,,,,8919.0,0.0,0.00603,100.0,3.7474817001388874
,,,,,,8920.0,0.0,0.00603,100.0,3.724616934513927
,,,,,,8920.0,0.0,0.00603,100.0,3.7872105060137335
,,,,,,8920.0,0.0,0.00603,100.0,3.721732917485813
,,,,,,,,,,
,,,,,,8920.0,-0.67522,0.0,0.0,3.6636334015698835
,,,,,,8921.0,-0.67522,0.0002,2.0098,3.735322138992519
,,,,,,8922.0,-0.67522,0.0004,4.046,3.7513363216058364
,,,,,,8923.0,-0.67708,0.0006,6.0822,3.838501512522982
,,,,,,8924.0,-0.67708,0.00079,8.0973,3.732022963061973
,,,,,,8925.0,-0.67708,0.00099,10.1335,3.7461838110240886
,,,,,,8926.0,-0.67708,0.00119,12.1644,3.7230864421278103
,,,,,,8927.0,-0.67708,0.00139,14.2006,3.742650285717434
,,,,,,8928.0,-0.67522,0.00159,16.2156,3.701433662403594
,,,,,,8929.0,-0.67708,0.00177,18.0619,3.735914909305264
,,,,,,8930.0,-0.67522,0.00196,19.9821,3.755975607658945
,,,,,,8931.0,-0.67708,0.00216,22.0183,3.7589404224214786
,,,,,,8932.0,-0.67708,0.00236,24.0492,3.7410281597653894
,,,,,,8933.0,-0.67708,0.00255,26.0695,3.7555897193134498
,,,,,,8934.0,-0.67708,0.00273,27.9105,3.7221108492164747
,,,,,,8935.0,-0.67708,0.00293,29.9625,3.639125675016546
,,,,,,8936.0,-0.67708,0.00313,31.9987,3.747027395768434
,,,,,,8938.0,-0.67708,0.00333,34.0349,3.745704555411169
,,,,,,8939.0,-0.67708,0.00353,36.05,3.7013350922573345
,,,,,,8940.0,-0.67708,0.00373,38.0862,3.646427128843354
,,,,,,8941.0,-0.67708,0.00393,40.1171,3.7049168111042348
,,,,,,8942.0,-0.67708,0.00413,42.1533,3.7529840539101533
,,,,,,8943.0,-0.67708,0.00433,44.1895,3.777690851510849
,,,,,,8944.0,-0.67708,0.00453,46.2046,3.683896479807444
,,,,,,8945.0,-0.67708,0.0047,47.9928,3.730902052238697
,,,,,,8946.0,-0.67708,0.0049,50.0237,3.711071426056312
,,,,,,8947.0,-0.67708,0.0051,52.0599,3.7553438178438303
,,,,,,8948.0,-0.67708,0.00527,53.8482,3.680331528251337
,,,,,,8948.0,-1.35603,0.00527,53.8482,3.6852440926046874
,,,,,,8949.0,-1.35417,0.00569,58.1052,3.6138473299976597
,,,,,,8950.0,-1.35603,0.00609,62.1354,3.773421870859805
,,,,,,8951.0,-1.35417,0.00649,66.2077,3.678097788718625
,,,,,,8952.0,-1.35603,0.00688,70.2801,3.713687846982263
,,,,,,8953.0,-1.35603,0.00728,74.3525,3.779351936815003
,,,,,,8954.0,-1.35789,0.00768,78.3827,3.6802805098400158
,,,,,,8955.0,-1.35603,0.00808,82.455,3.6840913732756166
,,,,,,8956.0,-1.35231,0.00848,86.5274,3.7352647671710635
,,,,,,8957.0,-1.35603,0.00885,90.3624,3.7466949773320266
,,,,,,8958.0,-1.35231,0.00925,94.3979,3.6784252409604803
,,,,,,8959.0,-1.35417,0.0096,97.9638,3.610027063638638
,,,,,,8960.0,-1.35603,0.0098,100.0,3.7122468686456687
,,,,,,8960.0,-1.35603,0.0098,100.0,3.6337086816091015
,,,,,,,,,,
,,,,,,8960.0,0.67894,0.0,0.0,3.679549762693922
,,,,,,8961.0,0.67894,0.0002,13.2587,3.6457405539477494
,,,,,,8962.0,0.67708,0.00038,24.7542,3.604620971154694
,,,,,,8963.0,0.67894,0.00057,37.5042,3.7491773693207233
,,,,,,8964.0,0.67894,0.00078,50.8647,3.75693914871308
,,,,,,8965.0,0.67894,0.00098,63.9878,3.7907031167049925
,,,,,,8966.0,0.67894,0.00117,77.1109,3.7612373583162206
,,,,,,8967.0,0.67894,0.00137,90.0983,3.7301666264849866
,,,,,,8968.0,0.67894,0.00152,100.0,3.721190802805671
,,,,,,8968.0,0.0,0.00152,100.0,3.7498291683292546
,,,,,,8969.0,0.0,0.00152,100.0,3.770888804902453
,,,,,,8970.0,0.0,0.00152,100.0,3.7178858999075954
,,,,,,8971.0,0.0,0.00152,100.0,3.767980401866769
,,,,,,8972.0,0.0,0.00152,100.0,3.7630807052320394
,,,,,,8973.0,0.0,0.00152,100.0,3.735540265600931
,,,,,,8974.0,0.0,0.00152,100.0,3.645991829460733
,,,,,,8975.0,0.0,0.00152,100.0,3.826214315137774
,,,,,,8976.0,0.0,0.00152,100.0,3.8181775862908194
,,,,,,8977.0,0.0,0.00152,100.0,3.661461805960107
,,,,,,8978.0,0.0,0.00152,100.0,3.6925797907781077
,,,,,,8979.0,0.0,0.00152,100.0,3.6818394323890975
,,,,,,8980.0,0.0,0.00152,100.0,3.8378029076971627
,,,,,,8982.0,0.0,0.00152,100.0,3.7103172200865537
,,,,,,8983.0,0.0,0.00152,100.0,3.6985537365774457
,,,,,,8984.0,0.0,0.00152,100.0,3.7084277158416845
,,,,,,8984.0,0.0,0.00152,100.0,3.7157105258377086
,,,,,,8984.0,0.0,0.00152,100.0,3.6445673051587577
,,,,,,,,,,
,,,,,,8984.0,-0.67708,0.0,0.0,3.736744331539894
,,,,,,8985.0,-0.67708,0.00019,0.9088,3.7484402643580004
,,,,,,8986.0,-0.67708,0.00039,1.8893,3.6320187908721295
,,,,,,8987.0,-0.67708,0.00059,2.8451,3.7269286335824736
,,,,,,8988.0,-0.67708,0.00079,3.8009,3.811901701221517
,,,,,,8989.0,-0.67708,0.00099,4.7567,3.7447513884969923
,,,,,,8990.0,-0.67708,0.00119,5.7026,3.7002923073171172
,,,,,,8991.0,-0.67708,0.00136,6.5396,3.739327698969081
,,,,,,8992.0,-0.67708,0.00156,7.4954,3.749044331525236
,,,,,,8993.0,-0.67708,0.00176,8.4512,3.7678365210492712
,,,,,,8994.0,-0.67708,0.00196,9.3971,3.70685040935035
,,,,,,8995.0,-0.67708,0.00216,10.3529,3.738344261437314
,,,,,,8997.0,-0.67708,0.00236,11.3087,3.7234290583356575
,,,,,,8998.0,-0.67708,0.00256,12.262,3.673558493085701
,,,,,,8999.0,-0.67708,0.00276,13.2104,3.677482345609785
,,,,,,9000.0,-0.67708,0.00294,14.0844,3.7294509484373704
,,,,,,9001.0,-0.67708,0.00315,15.0749,3.7067547771638076
,,,,,,9002.0,-0.67708,0.00332,15.9317,3.7001385959246442
,,,,,,9003.0,-0.67708,0.00353,16.9048,3.7861036079971693
,,,,,,9004.0,-0.67708,0.00373,17.8606,3.709395439439138
,,,,,,9005.0,-0.67708,0.00393,18.8164,3.6769021716761694
,,,,,,9006.0,-0.67708,0.00412,19.7623,3.7035879862254015
,,,,,,9007.0,-0.67708,0.0043,20.5992,3.729704299892573
,,,,,,9008.0,-0.67708,0.0045,21.555,3.634751281004699
,,,,,,9009.0,-0.67708,0.00469,22.491,3.590605815290506
,,,,,,9010.0,-0.67708,0.00491,23.5087,3.659395813718875
,,,,,,9011.0,-0.67708,0.0051,24.4645,3.7166118906378265
,,,,,,9012.0,-0.67708,0.0053,25.4104,3.678855435207895
,,,,,,9013.0,-0.67708,0.00548,26.2498,3.640540768531057
,,,,,,9014.0,-0.67708,0.00568,27.2032,3.7243157496901906
,,,,,,9015.0,-0.67708,0.00588,28.159,3.7496910089880915
,,,,,,9016.0,-0.67708,0.00607,29.1049,3.746286882343302
,,,,,,9017.0,-0.67708,0.00625,29.9443,3.7142242493539777
,,,,,,9018.0,-0.67708,0.00645,30.9001,3.6383858940429317
,,,,,,9019.0,-0.67708,0.00665,31.8534,3.7160795154908617
,,,,,,9020.0,-0.67708,0.00684,32.8018,3.754607994007954
,,,,,,9021.0,-0.67708,0.00704,33.7576,3.603549943232911
,,,,,,9022.0,-0.67708,0.00724,34.7109,3.6665738409848894
,,,,,,9024.0,-0.67708,0.00744,35.6593,3.7001250113513526
,,,,,,9025.0,-0.67708,0.00764,36.6126,3.7163322696295915
,,,,,,9026.0,-0.67708,0.00784,37.5684,3.801611415301514
,,,,,,9027.0,-0.67708,0.00804,38.5242,3.717261074466899
,,,,,,9028.0,-0.67708,0.00824,39.4701,3.7430011435332236
,,,,,,9029.0,-0.67708,0.00841,40.307,3.7333376932318005
,,,,,,9030.0,-0.67708,0.00862,41.3074,3.681897026360993
,,,,,,9031.0,-0.67708,0.00881,42.236,3.7177668505963886
,,,,,,9032.0,-0.67708,0.00901,43.1918,3.7822937310124445
,,,,,,9033.0,-0.67708,0.00921,44.1476,3.7612829869408917
,,,,,,9034.0,-0.67708,0.00941,45.0935,3.7331928406882975
,,,,,,9035.0,-0.67708,0.00961,46.0468,3.7112451488253133
,,,,,,9036.0,-0.67708,0.00981,47.0026,3.718815897704874
,,,,,,9037.0,-0.67708,0.01001,47.9584,3.7604779409850817
,,,,,,9038.0,-0.67708,0.0102,48.9043,3.688258292794999
,,,,,,9039.0,-0.67708,0.01038,49.7437,3.690614700690097
,,,,,,9040.0,-0.67708,0.01058,50.697,3.676882235128876
,,,,,,9041.0,-0.67708,0.01078,51.6801,3.5942050776963743
,,,,,,9042.0,-0.67708,0.01098,52.626,3.7140786385547324
,,,,,,9043.0,-0.67708,0.01118,53.5818,3.77935303762209
,,,,,,9044.0,-0.67708,0.01138,54.5277,3.7957595393813284
,,,,,,9045.0,-0.67894,0.01155,55.3671,3.687826216557431
,,,,,,9047.0,-0.67708,0.01175,56.3229,3.7583913075797253
,,,,,,9048.0,-0.67708,0.01195,57.2688,3.6852110453770934
,,,,,,9049.0,-0.67708,0.01215,58.2221,3.7479965557932826
,,,,,,9050.0,-0.67708,0.01236,59.2151,3.6806947830653423
,,,,,,9051.0,-0.67708,0.01253,60.0693,3.738405434823404
,,,,,,9052.0,-0.67708,0.01273,61.0251,3.6500875295841877
,,,,,,9053.0,-0.67708,0.01293,61.9809,3.6758593344991355
,,,,,,9054.0,-0.67522,0.01313,62.9367,3.7065057099627436
,,,,,,9055.0,-0.67522,0.01333,63.8826,3.683556154258844
,,,,,,9056.0,-0.67708,0.01353,64.8384,3.6436318240430463
,,,,,,9057.0,-0.67708,0.01373,65.7918,3.618811837881291
,,,,,,9058.0,-0.67708,0.01393,66.7476,3.7034101201679697
,,,,,,9059.0,-0.67708,0.01413,67.6959,3.7764672016499046
,,,,,,9060.0,-0.67708,0.01432,68.6493,3.6969107445978526
,,,,,,9061.0,-0.67708,0.01452,69.605,3.7269104587145003
,,,,,,9062.0,-0.67708,0.01472,70.5509,3.663912133799688
,,,,,,9063.0,-0.67708,0.0149,71.3904,3.66169754745533
,,,,,,9064.0,-0.67708,0.01509,72.3264,3.5593126571079585
,,,,,,9065.0,-0.67708,0.0153,73.3267,3.6423327238590613
,,,,,,9066.0,-0.67708,0.0155,74.2825,3.709686079431243
,,,,,,9067.0,-0.67708,0.01568,75.1294,3.7342997547667633
,,,,,,9068.0,-0.67522,0.01588,76.0852,3.658762100759399
,,,,,,9069.0,-0.67708,0.01607,77.0286,3.7304870506574304
,,,,,,9070.0,-0.67708,0.01627,77.9844,3.6924094838256063
,,,,,,9071.0,-0.67708,0.01637,78.4623,3.6572826122074105
,,,,,,9071.0,-1.33929,0.01637,78.4623,3.6294074502651137
,,,,,,9072.0,-1.35417,0.01674,80.2278,3.710342643079518
,,,,,,9073.0,-1.35417,0.01714,82.1394,3.6915057387615264
,,,,,,9074.0,-1.35417,0.01754,84.0485,3.6973176096397604
,,,,,,9075.0,-1.35417,0.01794,85.9577,3.6324494299400034
,,,,,,9076.0,-1.35603,0.01833,87.8519,3.6758272153857723
,,,,,,9077.0,-1.35417,0.01873,89.7611,3.652273554582428
,,,,,,9078.0,-1.35417,0.01913,91.6727,3.648977650015759
,,,,,,9079.0,-1.35231,0.01952,93.5644,3.731012512820515
,,,,,,9080.0,-1.35231,0.01987,95.2408,3.636662361300136
,,,,,,9081.0,-1.35603,0.02027,97.1499,3.7200659725528977
,,,,,,9082.0,-1.35417,0.02067,99.0615,3.6473378705171444
,,,,,,9083.0,-1.35603,0.02087,100.0,3.6366451246859497
,,,,,,9083.0,-1.35603,0.02087,100.0,3.6514787703632643
,,,,,,,,,,
,,,,,,9083.0,0.67894,0.0,0.0,3.6672207229256517
,,,,,,9084.0,0.67894,0.0002,13.3923,3.7932070343121276
,,,,,,9085.0,0.67894,0.0004,26.5466,3.696939382013137
,,,,,,9086.0,0.67894,0.0006,39.7009,3.7613479534765037
,,,,,,9087.0,0.67894,0.0008,52.7192,3.769912375963655
,,,,,,9088.0,0.67894,0.001,65.8736,3.842367615206916
,,,,,,9089.0,0.67894,0.0012,78.654,3.755106713384513
,,,,,,9090.0,0.67894,0.0014,91.8083,3.7338205506169473
,,,,,,9091.0,0.67894,0.00152,100.0,3.780669362068244
,,,,,,9091.0,0.0,0.00152,100.0,3.7143724234595488
,,,,,,9092.0,0.0,0.00152,100.0,3.7653066206480603
,,,,,,9093.0,0.0,0.00152,100.0,3.715222189875615
,,,,,,9094.0,0.0,0.00152,100.0,3.7282849509838867
,,,,,,9095.0,0.0,0.00152,100.0,3.7441860302948045
,,,,,,9096.0,0.0,0.00152,100.0,3.747339504129346
,,,,,,9097.0,0.0,0.00152,100.0,3.6960222314219564
,,,,,,9098.0,0.0,0.00152,100.0,3.7539955241116134
,,,,,,9099.0,0.0,0.00152,100.0,3.7489652883746327
,,,,,,9101.0,0.0,0.00152,100.0,3.6958184346757608
,,,,,,9102.0,0.0,0.00152,100.0,3.7615107495692848
,,,,,,9103.0,0.0,0.00152,100.0,3.7388751633480872
,,,,,,9104.0,0.0,0.00152,100.0,3.708674163881195
,,,,,,9105.0,0.0,0.00152,100.0,3.654016142797946
,,,,,,9106.0,0.0,0.00152,100.0,3.7801493221004225
,,,,,,9107.0,0.0,0.00152,100.0,3.762883477685475
,,,,,,9107.0,0.0,0.00152,100.0,3.678802235383209
,,,,,,9107.0,0.0,0.00152,100.0,3.7566568710364026
,,,,,,,,,,
,,,,,,9107.0,-0.67708,0.0,0.0,3.7883648794948033
,,,,,,9108.0,-0.67708,0.0002,0.4888,3.7289259521087836
,,,,,,9109.0,-0.67708,0.0004,0.9689,3.7169435753666127
,,,,,,9110.0,-0.67522,0.0006,1.4539,3.6348418643370017
,,,,,,9111.0,-0.67708,0.0008,1.939,3.6858562248424627
,,,,,,9112.0,-0.67708,0.001,2.424,3.790422285716325
,,,,,,9113.0,-0.67708,0.00119,2.9041,3.6912782902987225
,,,,,,9114.0,-0.67708,0.00139,3.3791,3.688064981219555
,,,,,,9115.0,-0.67522,0.00158,3.8503,3.7580853658502433
,,,,,,9116.0,-0.67708,0.00176,4.2751,3.6647726153937072
,,,,,,9118.0,-0.67708,0.00196,4.7601,3.753823842138108
,,,,,,9119.0,-0.67708,0.00216,5.2452,3.700206497338353
,,,,,,9120.0,-0.67708,0.00236,5.729,3.6756432513327892
,,,,,,9121.0,-0.67708,0.00255,6.2103,3.679991285445841
,,,,,,9122.0,-0.67708,0.00273,6.635,3.6894254765838115
,,,,,,9123.0,-0.67708,0.00293,7.1201,3.7780055408623068
,,,,,,9124.0,-0.67708,0.00313,7.6001,3.67844252760839
,,,,,,9125.0,-0.67708,0.00332,8.0851,3.663311628946328
,,,,,,9126.0,-0.67708,0.00352,8.5702,3.688280930381894
,,,,,,9127.0,-0.67708,0.00372,9.054,3.6982121950733475
,,,,,,9128.0,-0.67708,0.00392,9.5391,3.753605370292399
,,,,,,9129.0,-0.67708,0.00412,10.0191,3.7184249996195615
,,,,,,9130.0,-0.67708,0.00429,10.4451,3.604573255834447
,,,,,,9131.0,-0.67708,0.00449,10.9302,3.7075792952474425
,,,,,,9132.0,-0.67708,0.00469,11.4152,3.714578667035511
,,,,,,9133.0,-0.67708,0.00489,11.8902,3.688475578266363
,,,,,,9134.0,-0.67708,0.00509,12.3703,3.728181645331362
,,,,,,9135.0,-0.67708,0.00529,12.8553,3.6910956068986627
,,,,,,9136.0,-0.67522,0.00548,13.3353,3.680699474016852
,,,,,,9137.0,-0.67708,0.00568,13.8191,3.6482693481441744
,,,,,,9138.0,-0.67708,0.00588,14.2992,3.7599932922858756
,,,,,,9139.0,-0.67708,0.00608,14.7842,3.6977706734084337
,,,,,,9140.0,-0.67708,0.00628,15.2693,3.684827542398407
,,,,,,9142.0,-0.67708,0.00648,15.7531,3.631350710913052
,,,,,,9142.0,-0.67522,0.0066,16.0547,3.7316688314539777
,,,,,,9142.0,-5.40179,0.0066,16.0547,3.553059587663156
,,,,,,9143.0,-5.40737,0.00816,19.8547,3.4852515212387476
,,,,,,9144.0,-5.40923,0.00976,23.7277,3.472551309781624
,,,,,,9145.0,-5.40923,0.01123,27.3065,3.5011440078756477
,,,,,,9146.0,-5.41109,0.01281,31.143,3.630061672278994
,,,,,,9147.0,-5.40737,0.0144,35.016,3.4900154063347495
,,,,,,9148.0,-5.40365,0.01599,38.8889,3.5675195364429135
,,,,,,9150.0,-5.40737,0.01758,42.7618,3.4594341465892193
,,,,,,9150.0,-5.40737,0.01857,45.1733,3.487132228521829
,,,,,,9150.0,-3.37984,0.01857,45.1733,3.606631878097034
,,,,,,9151.0,-3.37612,0.01951,47.4566,3.6125898324328154
,,,,,,9152.0,-3.37984,0.02055,49.9686,3.6217908797969027
,,,,,,9153.0,-3.38356,0.02152,52.3449,3.5668762190176886
,,,,,,9154.0,-3.3817,0.02245,54.6055,3.530038339221958
,,,,,,9155.0,-3.3817,0.02345,57.0258,3.6604088094607805
,,,,,,9156.0,-3.37984,0.02444,59.4461,3.710612840189314
,,,,,,9157.0,-3.37612,0.02543,61.8425,3.585719394814541
,,,,,,9158.0,-3.37798,0.0263,63.9662,3.58242901882652
,,,,,,9159.0,-3.37612,0.0273,66.3852,3.569575587367262
,,,,,,9161.0,-3.3817,0.02829,68.8067,3.586254181425212
,,,,,,9162.0,-3.37798,0.02929,71.2257,3.604445167288592
,,,,,,9163.0,-3.3817,0.03028,73.6472,3.5727179674329936
,,,,,,9164.0,-3.37612,0.03128,76.0675,3.6008714537411333
,,,,,,9165.0,-3.3817,0.03224,78.4187,3.5948577530476373
,,,,,,9166.0,-3.38356,0.03323,80.8176,3.5863533793932545
,,,,,,9167.0,-3.38356,0.0341,82.94,3.6186902218042785
,,,,,,9168.0,-3.37984,0.0351,85.3615,3.6665520788946764
,,,,,,9169.0,-3.38356,0.03609,87.7831,3.597231591792969
,,,,,,9170.0,-3.37798,0.0371,90.2247,3.697846619975481
,,,,,,9171.0,-3.37984,0.03801,92.4401,3.5371518264664554
,,,,,,9172.0,-3.37798,0.03901,94.8616,3.603332188031037
,,,,,,9173.0,-3.37984,0.04,97.2819,3.5300388322319987
,,,,,,9174.0,-3.37984,0.04099,99.6796,3.4527151172478594
,,,,,,9174.0,-3.38356,0.04112,100.0,3.5087158923142634
,,,,,,9174.0,-3.38356,0.04112,100.0,3.5255020134677966
,,,,,,,,,,
,,,,,,9174.0,1.35045,0.0,0.0,3.712899933276127
,,,,,,9175.0,1.35417,0.00039,12.9329,3.707301547180751
,,,,,,9176.0,1.35417,0.00079,26.1048,3.692640576150264
,,,,,,9177.0,1.35417,0.00119,39.2595,3.7428973006470723
,,,,,,9178.0,1.35417,0.00159,52.4313,3.7910794307653592
,,,,,,9179.0,1.35045,0.00198,65.4666,3.6840596431634363
,,,,,,9181.0,1.35231,0.00238,78.6385,3.747739896898169
,,,,,,9182.0,1.35231,0.00278,91.7932,3.7998576219335964
,,,,,,9182.0,1.35417,0.00303,100.0,3.751927931603766
,,,,,,9182.0,1.35417,0.00303,100.0,3.797789160716131
,,,,,,,,,,
,,,,,,9182.0,-1.35231,0.0,0.0,3.6351874447099157
,,,,,,9183.0,-1.35789,0.00039,3.2785,3.712693069013647
,,,,,,9184.0,-1.35231,0.00082,6.776,3.571827822246226
,,,,,,9185.0,-1.35231,0.00121,10.0888,3.7880019580720092
,,,,,,9186.0,-1.35603,0.00161,13.4017,3.607009239170854
,,,,,,9188.0,-1.35231,0.00201,16.6803,3.6814976529923635
,,,,,,9189.0,-1.35603,0.00236,19.5855,3.5810050907665945
,,,,,,9190.0,-1.35231,0.00276,22.8983,3.672324458589663
,,,,,,9191.0,-1.35603,0.00316,26.2112,3.650491714418343
,,,,,,9192.0,-1.35231,0.00355,29.5241,3.6234922619485164
,,,,,,9193.0,-1.35603,0.00395,32.837,3.664263360266054
,,,,,,9194.0,-1.35603,0.00435,36.1456,3.6769845366519496
,,,,,,9195.0,-1.35417,0.00475,39.4284,3.648203492410689
,,,,,,9196.0,-1.35417,0.0051,42.3336,3.7342336140647037
,,,,,,9197.0,-1.35603,0.0055,45.6422,3.701819356605132
,,,,,,9198.0,-1.35231,0.0059,49.0194,3.6019331663840597
,,,,,,9199.0,-1.35231,0.00626,52.0191,3.651517214126513
,,,,,,9200.0,-1.35231,0.00666,55.3276,3.688856179501815
,,,,,,9201.0,-1.35417,0.00706,58.6405,3.71289935378311
,,,,,,9202.0,-1.35417,0.00746,61.9491,3.6814566648195726
,,,,,,9203.0,-1.35417,0.00786,65.262,3.666366295940955
,,,,,,9204.0,-1.35417,0.00826,68.5706,3.642351771422542
,,,,,,9205.0,-1.35603,0.00866,71.8834,3.7344190747721235
,,,,,,9206.0,-1.35789,0.00905,75.1963,3.5959425440805393
,,,,,,9207.0,-1.35603,0.00945,78.5092,3.666265651595377
,,,,,,9208.0,-1.35603,0.00985,81.8178,3.6723474876860207
,,,,,,9209.0,-1.35417,0.01025,85.1006,3.6297558770725007
,,,,,,9210.0,-1.35231,0.0106,88.0058,3.586961569055772
,,,,,,9211.0,-1.35045,0.01099,91.3144,3.6152014300832622
,,,,,,9213.0,-1.35417,0.0114,94.6917,3.6142970695933525
,,,,,,9214.0,-1.35045,0.01179,97.9058,3.6052253649653627
,,,,,,9214.0,-1.35417,0.01204,100.0,3.6585493981801886
,,,,,,9214.0,-1.35417,0.01204,100.0,3.688035145486852
,,,,,,,,,,
,,,,,,9214.0,2.71205,0.0,0.0,3.7384793532080445
,,,,,,9215.0,2.70647,0.00083,13.6679,3.901107675310291
,,,,,,9216.0,2.70647,0.00163,26.7265,3.8111767610377068
,,,,,,9217.0,2.70833,0.00242,39.6581,3.77048340632519
,,,,,,9218.0,2.70647,0.00312,51.1087,3.821009217359806
,,,,,,9219.0,2.70275,0.00392,64.1588,3.7613683154656194
,,,,,,9220.0,2.70833,0.00471,77.2173,3.868642627754413
,,,,,,9222.0,2.70833,0.0055,90.149,3.8167376045272405
,,,,,,9222.0,2.70647,0.00611,100.0,3.8023241887122867
,,,,,,9222.0,0.0,0.00611,100.0,3.682123376452684
,,,,,,9223.0,0.0,0.00611,100.0,3.7506677118741427
,,,,,,9224.0,0.0,0.00611,100.0,3.752061303252573
,,,,,,9225.0,0.0,0.00611,100.0,3.767038834187849
,,,,,,9226.0,0.0,0.00611,100.0,3.62733378687141
,,,,,,9227.0,0.0,0.00611,100.0,3.6515388415791477
,,,,,,9228.0,0.0,0.00611,100.0,3.8088045530244004
,,,,,,9230.0,0.0,0.00611,100.0,3.6615683777106853
,,,,,,9231.0,0.0,0.00611,100.0,3.760291173240724
,,,,,,9232.0,0.0,0.00611,100.0,3.7083697847824917
,,,,,,9233.0,0.0,0.00611,100.0,3.6847883598949096
,,,,,,9234.0,0.0,0.00611,100.0,3.7303990440122883
,,,,,,9235.0,0.0,0.00611,100.0,3.6988877919423313
,,,,,,9236.0,0.0,0.00611,100.0,3.819364161986067
,,,,,,9237.0,0.0,0.00611,100.0,3.608832311253318
,,,,,,9238.0,0.0,0.00611,100.0,3.6552905136702676
,,,,,,9239.0,0.0,0.00611,100.0,3.682226228749992
,,,,,,9240.0,0.0,0.00611,100.0,3.6911550769475947
,,,,,,9241.0,0.0,0.00611,100.0,3.7472558682307913
,,,,,,9242.0,0.0,0.00611,100.0,3.7198055969491226
,,,,,,9243.0,0.0,0.00611,100.0,3.622757776779863
,,,,,,9244.0,0.0,0.00611,100.0,3.6507344974411864
,,,,,,9245.0,0.0,0.00611,100.0,3.7371937556151114
,,,,,,9246.0,0.0,0.00611,100.0,3.8206839358461235
,,,,,,9247.0,0.0,0.00611,100.0,3.704219543579912
,,,,,,9248.0,0.0,0.00611,100.0,3.7648964582214233
,,,,,,9249.0,0.0,0.00611,100.0,3.738344753872048
,,,,,,9250.0,0.0,0.00611,100.0,3.760761448727464
,,,,,,9251.0,0.0,0.00611,100.0,3.6875494609629196
,,,,,,9252.0,0.0,0.00611,100.0,3.6750179679873547
,,,,,,9253.0,0.0,0.00611,100.0,3.764383252055981
,,,,,,9254.0,0.0,0.00611,100.0,3.782992516832381
,,,,,,9255.0,0.0,0.00611,100.0,3.718389715193996
,,,,,,9257.0,0.0,0.00611,100.0,3.6873437710888393
,,,,,,9258.0,0.0,0.00611,100.0,3.672312594737132
,,,,,,9259.0,0.0,0.00611,100.0,3.7252801878766073
,,,,,,9260.0,0.0,0.00611,100.0,3.8023670141965464
,,,,,,9261.0,0.0,0.00611,100.0,3.7316454217576616
,,,,,,9262.0,0.0,0.00611,100.0,3.8132339972429903
,,,,,,9263.0,0.0,0.00611,100.0,3.7218881171381186
,,,,,,9264.0,0.0,0.00611,100.0,3.7963047200773024
,,,,,,9265.0,0.0,0.00611,100.0,3.807162763028251
,,,,,,9266.0,0.0,0.00611,100.0,3.683589980558532
,,,,,,9267.0,0.0,0.00611,100.0,3.7580066860260053
,,,,,,9268.0,0.0,0.00611,100.0,3.6992951710392448
,,,,,,9269.0,0.0,0.00611,100.0,3.6320898229067944
,,,,,,9270.0,0.0,0.00611,100.0,3.751695380330901
,,,,,,9271.0,0.0,0.00611,100.0,3.7084508191839958
,,,,,,9272.0,0.0,0.00611,100.0,3.676481239909106
,,,,,,9273.0,0.0,0.00611,100.0,3.6708833193360575
,,,,,,9274.0,0.0,0.00611,100.0,3.7527706779406214
,,,,,,9275.0,0.0,0.00611,100.0,3.703304048896821
,,,,,,9276.0,0.0,0.00611,100.0,3.741010682941348
,,,,,,9277.0,0.0,0.00611,100.0,3.7696608366676156
,,,,,,9277.0,0.0,0.00611,100.0,3.7128653609664632
,,,,,,,,,,
,,,,,,9277.0,-0.67522,0.0,0.0,3.722015383814167
,,,,,,9278.0,-0.67708,0.00019,1.9499,3.6638510839760565
,,,,,,9279.0,-0.67708,0.00037,3.7734,3.735109447958361
,,,,,,9280.0,-0.67708,0.00057,5.8076,3.6810879041050604
,,,,,,9281.0,-0.67708,0.00077,7.8419,3.7940266641299694
,,,,,,9282.0,-0.67522,0.00097,9.8551,3.7643374447589206
,,,,,,9284.0,-0.67708,0.00117,11.8893,3.6800367861963466
,,,,,,9285.0,-0.67708,0.00136,13.9183,3.7147315506973326
,,,,,,9286.0,-0.67708,0.00156,15.9526,3.7239318676604922
,,,,,,9287.0,-0.67708,0.00176,17.9868,3.7251033149146924
,,,,,,9288.0,-0.67708,0.00194,19.8261,3.65944800066415
,,,,,,9289.0,-0.67522,0.00215,21.8972,3.73323508566357
,,,,,,9290.0,-0.67708,0.00232,23.6838,3.6974079250910195
,,,,,,9291.0,-0.67708,0.00252,25.6917,3.605264921012096
,,,,,,9292.0,-0.67708,0.00272,27.726,3.691272210600378
,,,,,,9293.0,-0.67708,0.00293,29.8551,3.7090809106794924
,,,,,,9294.0,-0.67708,0.00311,31.6785,3.62713379254212
,,,,,,9295.0,-0.67708,0.0033,33.6917,3.6329756352198244
,,,,,,9296.0,-0.67708,0.0035,35.726,3.615424954714842
,,,,,,9297.0,-0.67708,0.0037,37.7602,3.7402373329577197
,,,,,,9298.0,-0.67708,0.0039,39.7945,3.6348321255781335
,,,,,,9299.0,-0.67522,0.0041,41.8235,3.7125686844687813
,,,,,,9300.0,-0.67708,0.0043,43.8419,3.7287919240069005
,,,,,,9301.0,-0.67708,0.00447,45.6232,3.572766414315359
,,,,,,9302.0,-0.67708,0.00467,47.6574,3.719239987087441
,,,,,,9303.0,-0.67708,0.00487,49.6917,3.6877167757486062
,,,,,,9304.0,-0.67708,0.00507,51.726,3.657612051363934
,,,,,,9305.0,-0.67708,0.00527,53.7391,3.703190457647286
,,,,,,9305.0,-1.35045,0.00527,53.7391,3.7703013559823013
,,,,,,9306.0,-1.35417,0.00568,57.9183,3.6738758982556705
,,,,,,9308.0,-1.35417,0.00607,61.9447,3.65035525561322
,,,,,,9309.0,-1.35603,0.00647,66.0132,3.7795542325221554
,,,,,,9310.0,-1.35417,0.00687,70.0764,3.712017724459125
,,,,,,9311.0,-1.35417,0.00727,74.108,3.649205102424585
,,,,,,9312.0,-1.35417,0.00762,77.6759,3.6950024317705044
,,,,,,9313.0,-1.35231,0.00801,81.7391,3.668998063892699
,,,,,,9314.0,-1.35417,0.00841,85.8076,3.6977223700540263
,,,,,,9315.0,-1.35417,0.00881,89.8709,3.656933867392289
,,,,,,9316.0,-1.35231,0.00921,93.9025,3.665086785327654
,,,,,,9317.0,-1.35231,0.0096,97.9657,3.611969630648884
,,,,,,9317.0,-1.35417,0.0098,100.0,3.659210861418609
,,,,,,9317.0,-1.35417,0.0098,100.0,3.6675841626487733
,,,,,,,,,,
,,,,,,9317.0,0.67894,0.0,0.0,3.7239623098751484
,,,,,,9318.0,0.67894,0.00019,12.6919,3.7508653315530163
,,,,,,9320.0,0.67894,0.00039,25.8956,3.753361029328704
,,,,,,9321.0,0.67894,0.00059,38.9628,3.7051437075592433
,,,,,,9322.0,0.67894,0.00077,50.563,3.7579025330960754
,,,,,,9323.0,0.67894,0.00097,63.7666,3.7730657990992826
,,,,,,9324.0,0.67894,0.00117,76.9362,3.752621465878049
,,,,,,9325.0,0.67894,0.00136,90.0375,3.6980200788135655
,,,,,,9325.0,0.67894,0.00151,100.0,3.7180033464759674
,,,,,,9325.0,0.0,0.00151,100.0,3.7072672692614743
,,,,,,9326.0,0.0,0.00151,100.0,3.78962018056413
,,,,,,9327.0,0.0,0.00151,100.0,3.668698010998647
,,,,,,9328.0,0.0,0.00151,100.0,3.771367379881233
,,,,,,9330.0,0.0,0.00151,100.0,3.705676637111553
,,,,,,9331.0,0.0,0.00151,100.0,3.688867348629795
,,,,,,9332.0,0.0,0.00151,100.0,3.6064935500429094
,,,,,,9333.0,0.0,0.00151,100.0,3.5799343721484203
,,,,,,9334.0,0.0,0.00151,100.0,3.5827314111957755
,,,,,,9335.0,0.0,0.00151,100.0,3.7188781202849235
,,,,,,9336.0,0.0,0.00151,100.0,3.760454369158398
,,,,,,9337.0,0.0,0.00151,100.0,3.715329123309261
,,,,,,9338.0,0.0,0.00151,100.0,3.7322404508028786
,,,,,,9339.0,0.0,0.00151,100.0,3.7234917184599947
,,,,,,9340.0,0.0,0.00151,100.0,3.674131280680203
,,,,,,9341.0,0.0,0.00151,100.0,3.684316334755573
,,,,,,9341.0,0.0,0.00151,100.0,3.648110037966097
,,,,,,9341.0,0.0,0.00151,100.0,3.733132576920328
,,,,,,,,,,
,,,,,,9341.0,-0.67522,0.0,0.0,3.7010355432983904
,,,,,,9343.0,-0.67522,0.00022,1.0516,3.677904314458338
,,,,,,9344.0,-0.67708,0.00042,2.0043,3.7108796441434024
,,,,,,9345.0,-0.67708,0.00062,2.9594,3.634975187923097
,,,,,,9346.0,-0.67522,0.00082,3.9146,3.6896594013083734
,,,,,,9347.0,-0.67708,0.00102,4.8697,3.710000661340947
,,,,,,9348.0,-0.67708,0.00121,5.815,3.6891060530570536
,,,,,,9349.0,-0.67708,0.00139,6.6513,3.7100991021287566
,,,,,,9350.0,-0.67708,0.00159,7.6065,3.6583962272182062
,,,,,,9351.0,-0.67708,0.00179,8.5591,3.699701017308834
,,,,,,9352.0,-0.67708,0.00199,9.5143,3.756735059176738
,,,,,,9353.0,-0.67708,0.00219,10.4694,3.5711237096104327
,,,,,,9354.0,-0.67708,0.00238,11.4146,3.7500522167793995
,,,,,,9355.0,-0.67708,0.00258,12.3698,3.705978655610174
,,,,,,9356.0,-0.67708,0.00278,13.3224,3.615350512810211
,,,,,,9357.0,-0.67708,0.00298,14.2776,3.6458275734405823
,,,,,,9358.0,-0.67708,0.00318,15.2228,3.702208674588447
,,,,,,9359.0,-0.67522,0.00338,16.178,3.6623918414669525
,,,,,,9360.0,-0.67708,0.00357,17.0861,3.698653667859451
,,,,,,9361.0,-0.67708,0.00374,17.9323,3.751783741813036
,,,,,,9362.0,-0.67708,0.00394,18.8875,3.634456798574656
,,,,,,9363.0,-0.67708,0.00414,19.8426,3.696248325504571
,,,,,,9365.0,-0.67708,0.00434,20.7953,3.665044360241256
,,,,,,9366.0,-0.67522,0.00454,21.7504,3.717888237750525
,,,,,,9367.0,-0.67708,0.00474,22.7056,3.714386982668042
,,,,,,9368.0,-0.67708,0.00493,23.6335,3.6274956136723424
,,,,,,9369.0,-0.67708,0.00513,24.5861,3.6663307308804822
,,,,,,9370.0,-0.67708,0.00533,25.5066,3.676009031084483
,,,,,,9371.0,-0.67708,0.00553,26.4593,3.6704716979747487
,,,,,,9372.0,-0.67708,0.00572,27.4045,3.6692189430142346
,,,,,,9373.0,-0.67708,0.0059,28.2434,3.589778255760481
,,,,,,9374.0,-0.67708,0.0061,29.196,3.6797089638796043
,,,,,,9375.0,-0.67708,0.0063,30.1512,3.708968353770229
,,,,,,9376.0,-0.67708,0.0065,31.1063,3.7588796364905077
,,,,,,9377.0,-0.67708,0.00669,32.0516,3.6133946817163856
,,,,,,9378.0,-0.67708,0.00689,33.0067,3.7332995506704227
,,,,,,9379.0,-0.67708,0.00709,33.9618,3.7571900520027834
,,,,,,9380.0,-0.67522,0.00729,34.9071,3.6421940433915694
,,,,,,9381.0,-0.67708,0.00746,35.7434,3.814397599197304
,,,,,,9382.0,-0.67522,0.00766,36.6986,3.670490429577448
,,,,,,9383.0,-0.67708,0.00786,37.6537,3.729558351284431
,,,,,,9384.0,-0.67708,0.00806,38.6064,3.6526594842424442
,,,,,,9385.0,-0.67522,0.00826,39.5516,3.71919455944617
,,,,,,9386.0,-0.67708,0.00843,40.3905,3.697192220124554
,,,,,,9387.0,-0.67708,0.00863,41.3456,3.669773170966819
,,,,,,9388.0,-0.67708,0.00883,42.2983,3.72479339033829
,,,,,,9389.0,-0.67708,0.00903,43.246,3.6908460962380616
,,,,,,9390.0,-0.67708,0.00921,44.0823,3.5826294483524266
,,,,,,9391.0,-0.67708,0.0094,45.0375,3.6772570504108204
,,,,,,9393.0,-0.67708,0.0096,45.9827,3.633384316654341
,,,,,,9394.0,-0.67708,0.0098,46.9379,3.715505409316428
,,,,,,9395.0,-0.67708,0.01,47.893,3.6978307333207545
,,,,,,9396.0,-0.67708,0.0102,48.8481,3.589207577795576
,,,,,,9397.0,-0.67708,0.0104,49.8008,3.6397007289618073
,,,,,,9398.0,-0.67708,0.01058,50.6743,3.6944465397938537
,,,,,,9399.0,-0.67708,0.01079,51.6839,3.678536328541938
,,,,,,9400.0,-0.67522,0.01099,52.6192,3.7312842057266935
,,,,,,9401.0,-0.67522,0.01117,53.5026,3.637452415097451
,,,,,,9402.0,-0.67522,0.01137,54.4577,3.660162821509305
,,,,,,9403.0,-0.67522,0.01157,55.4005,3.660773820828745
,,,,,,9404.0,-0.67708,0.01177,56.3556,3.687424378488299
,,,,,,9405.0,-0.67708,0.01197,57.3108,3.6895789313835774
,,,,,,9406.0,-0.67708,0.01217,58.2659,3.682151297855241
,,,,,,9407.0,-0.67708,0.01237,59.221,3.738931944693985
,,,,,,9408.0,-0.67708,0.01255,60.1118,3.7066722839496924
,,,,,,9409.0,-0.67708,0.01276,61.0917,3.661854649653548
,,,,,,9410.0,-0.67522,0.01296,62.0469,3.7065768045572827
,,,,,,9411.0,-0.67708,0.01315,62.9921,3.7455615257268744
,,,,,,9412.0,-0.67708,0.01333,63.8309,3.715812796266564
,,,,,,9413.0,-0.67522,0.01353,64.7836,3.640674184003195
,,,,,,9414.0,-0.67708,0.01373,65.7289,3.559808655350255
,,,,,,9416.0,-0.67708,0.01392,66.684,3.7711369099483845
,,,,,,9417.0,-0.67708,0.01412,67.6391,3.6461023810703015
,,,,,,9418.0,-0.67708,0.01432,68.5844,3.6967900190203147
,,,,,,9419.0,-0.67708,0.01452,69.5395,3.6934137044246422
,,,,,,9420.0,-0.67708,0.01472,70.4773,3.6745462211540514
,,,,,,9421.0,-0.67708,0.0149,71.3582,3.710021364066835
,,,,,,9422.0,-0.67708,0.0151,72.3134,3.7221779052520763
,,,,,,9423.0,-0.67708,0.0153,73.266,3.700171114371218
,,,,,,9424.0,-0.67708,0.0155,74.2113,3.6857927932530337
,,,,,,9425.0,-0.67708,0.0157,75.1664,3.6706958324974783
,,,,,,9426.0,-0.67522,0.01589,76.1116,3.659195927732711
,,,,,,9427.0,-0.67708,0.01609,77.0668,3.6572900655917757
,,,,,,9428.0,-0.67708,0.01629,78.0219,3.556618092607442
,,,,,,9428.0,-0.67708,0.01637,78.3733,3.623647751284452
,,,,,,9428.0,-1.35417,0.01637,78.3733,3.6468263902583966
,,,,,,9430.0,-1.35603,0.01676,80.2613,3.6355402689954253
,,,,,,9431.0,-1.35231,0.01715,82.1543,3.6039142399331525
,,,,,,9432.0,-1.35603,0.01755,84.0645,3.707813805070746
,,,,,,9433.0,-1.35603,0.01795,85.9699,3.642458453397238
,,,,,,9434.0,-1.35417,0.01835,87.8801,3.658116076129751
,,,,,,9435.0,-1.35231,0.01875,89.7706,3.641229162748238
,,,,,,9436.0,-1.35603,0.01914,91.6809,3.64732868817695
,,,,,,9437.0,-1.35603,0.01954,93.5714,3.7563172408364762
,,,,,,9438.0,-1.35045,0.01994,95.4792,3.6205698346502073
,,,,,,9439.0,-1.35417,0.02034,97.3895,3.668061114468676
,,,,,,9440.0,-1.34859,0.02073,99.2799,3.7083338989446823
,,,,,,9441.0,-1.35231,0.02088,100.0,3.702015193947921
,,,,,,9441.0,-1.35231,0.02088,100.0,3.64156506329012
,,,,,,,,,,
,,,,,,9441.0,0.6808,0.0,0.0,3.6707522239799872
,,,,,,9442.0,0.6808,0.0002,12.9328,3.6838375919974062
,,,,,,9443.0,0.6808,0.0004,26.1032,3.675127739357244
,,,,,,9444.0,0.6808,0.0006,39.2736,3.789431974324404
,,,,,,9445.0,0.6808,0.0008,52.444,3.6045941199125306
,,,,,,9446.0,0.6808,0.001,65.4786,3.7519601145173183
,,,,,,9447.0,0.6808,0.0012,78.649,3.670666047912507
,,,,,,9448.0,0.6808,0.0014,91.8194,3.7377483669386944
,,,,,,9449.0,0.6808,0.00152,100.0,3.7235005672841717
,,,,,,9449.0,0.0,0.00152,100.0,3.6873928472868807
,,,,,,9450.0,0.0,0.00152,100.0,3.692934803005813
,,,,,,9451.0,0.0,0.00152,100.0,3.646935494384675
,,,,,,9452.0,0.0,0.00152,100.0,3.7495410009013663
,,,,,,9453.0,0.0,0.00152,100.0,3.7164125464769646
,,,,,,9454.0,0.0,0.00152,100.0,3.725787040536223
,,,,,,9455.0,0.0,0.00152,100.0,3.729637552026514
,,,,,,9456.0,0.0,0.00152,100.0,3.683593488754283
,,,,,,9457.0,0.0,0.00152,100.0,3.7261269047259993
,,,,,,9458.0,0.0,0.00152,100.0,3.6836434113489767
,,,,,,9459.0,0.0,0.00152,100.0,3.749295686468391
,,,,,,9460.0,0.0,0.00152,100.0,3.7247491419638994
,,,,,,9461.0,0.0,0.00152,100.0,3.6955683651941764
,,,,,,9462.0,0.0,0.00152,100.0,3.7339011158737128
,,,,,,9463.0,0.0,0.00152,100.0,3.7799583055416948
,,,,,,9464.0,0.0,0.00152,100.0,3.729782383524022
,,,,,,9465.0,0.0,0.00152,100.0,3.713674380247403
,,,,,,9465.0,0.0,0.00152,100.0,3.8406619682340457
,,,,,,,,,,
,,,,,,9465.0,-0.67522,0.0,0.0,3.662427213180705
,,,,,,9466.0,-0.67708,0.00019,0.4565,3.6634491473240183
,,,,,,9467.0,-0.67522,0.00039,0.9393,3.7336855946580996
,,,,,,9468.0,-0.67708,0.00059,1.4234,3.7407158808072176
,,,,,,9469.0,-0.67708,0.00079,1.9075,3.664084334267354
,,,,,,9470.0,-0.67708,0.00096,2.3402,3.6269941478470407
,,,,,,9471.0,-0.67708,0.00116,2.8155,3.699747774392121
,,,,,,9472.0,-0.67708,0.00136,3.2996,3.7231982436566966
,,,,,,9473.0,-0.67708,0.00156,3.7825,3.788626353941842
,,,,,,9474.0,-0.67708,0.00176,4.2666,3.7296200126071684
,,,,,,9475.0,-0.67708,0.00196,4.7457,3.698612235635205
,,,,,,9476.0,-0.67708,0.00215,5.2298,3.64163633304816
,,,,,,9477.0,-0.67708,0.00235,5.7139,3.6892308290723315
,,,,,,9478.0,-0.67708,0.00255,6.198,3.6159046463583358
,,,,,,9479.0,-0.67708,0.00275,6.677,3.71004488059951
,,,,,,9480.0,-0.67708,0.00293,7.1009,3.669537930722884
,,,,,,9481.0,-0.67708,0.00313,7.585,3.6399345334291477
,,,,,,9482.0,-0.67708,0.00332,8.0629,3.657572654300871
,,,,,,9483.0,-0.67708,0.00352,8.547,3.721901084263755
,,,,,,9484.0,-0.67708,0.00372,9.0311,3.626214602797394
,,,,,,9485.0,-0.67708,0.00392,9.5152,3.7045496117507697
,,,,,,9486.0,-0.67708,0.00412,9.9992,3.7066171603573568
,,,,,,9488.0,-0.67708,0.00432,10.4783,3.6348291775817443
,,,,,,9489.0,-0.67708,0.00449,10.9022,3.661463275392338
,,,,,,9490.0,-0.67708,0.00469,11.3863,3.6662156741687744
,,,,,,9491.0,-0.67708,0.00489,11.8704,3.699587990642625
,,,,,,9492.0,-0.67708,0.00507,12.3081,3.783942338395429
,,,,,,9493.0,-0.67708,0.00528,12.806,3.70440876463522
,,,,,,9494.0,-0.67708,0.00547,13.2889,3.696246775759366
,,,,,,9495.0,-0.67708,0.00567,13.773,3.7359819854375007
,,,,,,9496.0,-0.67708,0.00587,14.257,3.7628753240999817
,,,,,,9497.0,-0.67708,0.00607,14.7411,3.666859046058056
,,,,,,9498.0,-0.67708,0.00627,15.2252,3.7008292877204245
,,,,,,9499.0,-0.67708,0.00647,15.7043,3.787191697608498
,,,,,,9500.0,-0.67708,0.00657,15.9464,3.7777004169592208
,,,,,,9500.0,-5.40179,0.00657,15.9464,3.5792064488800928
,,,,,,9501.0,-5.41109,0.00822,19.9571,3.579912344685656
,,,,,,9502.0,-5.40737,0.00981,23.8224,3.5652200115739583
,,,,,,9503.0,-5.40923,0.01141,27.6876,3.52118933101884
,,,,,,9504.0,-5.40923,0.01285,31.1879,3.4604228141225004
,,,,,,9505.0,-5.40737,0.01444,35.0532,3.477761023556948
,,,,,,9506.0,-5.41109,0.01603,38.9184,3.4731333079936104
,,,,,,9507.0,-5.40737,0.01763,42.7837,3.4771348431322697
,,,,,,9508.0,-5.41109,0.01862,45.1904,3.5422118062212884
,,,,,,9508.0,-3.37798,0.01862,45.1904,3.621110463310727
,,,,,,9509.0,-3.3817,0.01966,47.7212,3.647068384458011
,,,,,,9510.0,-3.37426,0.02065,50.1141,3.541434939437396
,,,,,,9511.0,-3.37984,0.02163,52.5058,3.578592734982025
,,,,,,9512.0,-3.37984,0.02252,54.6491,3.578726108480313
,,,,,,9513.0,-3.37798,0.02351,57.0646,3.5476831129296453
,,,,,,9514.0,-3.37984,0.02451,59.48,3.5869051183796974
,,,,,,9515.0,-3.38542,0.0255,61.8955,3.5272029585697453
,,,,,,9516.0,-3.37984,0.0265,64.3122,3.600899580128268
,,,,,,9517.0,-3.3817,0.02748,66.7039,3.5173947070170257
,,,,,,9518.0,-3.3817,0.02848,69.1193,3.524743391290146
,,,,,,9519.0,-3.37612,0.02947,71.5348,3.5944684123012025
,,,,,,9520.0,-3.37984,0.03041,73.8136,3.509354051150166
,,,,,,9521.0,-3.3817,0.03141,76.2303,3.5237776845070194
,,,,,,9522.0,-3.37984,0.0324,78.647,3.558303697042408
,,,,,,9523.0,-3.38356,0.03339,81.0399,3.5204899569737416
,,,,,,9524.0,-3.3817,0.03426,83.1594,3.497728265538804
,,,,,,9525.0,-3.37984,0.03526,85.5749,3.5006145549603604
,,,,,,9526.0,-3.37798,0.03625,87.9904,3.5713137929496983
,,,,,,9527.0,-3.3817,0.0372,90.2917,3.577921335952274
,,,,,,9528.0,-3.37984,0.03821,92.7536,3.5315792851790815
,,,,,,9529.0,-3.38356,0.03921,95.1691,3.554887895026545
,,,,,,9531.0,-3.37984,0.0402,97.5845,3.53713079316883
,,,,,,9532.0,-3.37798,0.0412,100.0,3.5206975419999056
,,,,,,9532.0,-3.37984,0.0412,100.0,3.595669060722033
,,,,,,9532.0,-3.37984,0.0412,100.0,3.532875973667584
,,,,,,,,,,
,,,,,,9532.0,1.35417,0.0,0.0,3.6410559321649885
,,,,,,9533.0,1.35231,0.00039,12.8703,3.6354672574011233
,,,,,,9534.0,1.35417,0.00079,26.03,3.7518001217670625
,,,,,,9535.0,1.35603,0.00119,39.1896,3.7330952321023236
,,,,,,9536.0,1.35417,0.00159,52.3493,3.7024694943856282
,,,,,,9537.0,1.35603,0.00199,65.509,3.708475786069783
,,,,,,9538.0,1.35417,0.00239,78.6517,3.7352323713092916
,,,,,,9539.0,1.35417,0.00278,91.6752,3.7659802202104906
,,,,,,9540.0,1.35603,0.00304,100.0,3.713907128003566
,,,,,,9540.0,1.35603,0.00304,100.0,3.753743237187194
,,,,,,,,,,
,,,,,,9540.0,-1.35045,0.0,0.0,3.5921832855449676
,,,,,,9541.0,-1.35417,0.00039,3.2787,3.62504326770469
,,,,,,9542.0,-1.35417,0.00079,6.5874,3.550564115198723
,,,,,,9543.0,-1.35231,0.00119,9.8704,3.637182283808591
,,,,,,9544.0,-1.35417,0.00154,12.7757,3.625103829435457
,,,,,,9545.0,-1.35231,0.00194,16.0887,3.616080869389464
,,,,,,9546.0,-1.35231,0.00233,19.3674,3.720442148557747
,,,,,,9547.0,-1.35603,0.00273,22.6762,3.5856638203324125
,,,,,,9548.0,-1.35045,0.00313,25.9892,3.6282372260195257
,,,,,,9549.0,-1.35417,0.00353,29.2979,3.62891351554969
,,,,,,9550.0,-1.35417,0.00393,32.6109,3.6863197609365654
,,,,,,9551.0,-1.35603,0.00432,35.8896,3.6452556130119635
,,,,,,9552.0,-1.35417,0.00467,38.795,3.7389413298345016
,,,,,,9553.0,-1.35417,0.00507,42.1037,3.6178182604775677
,,,,,,9554.0,-1.35417,0.00547,45.4167,3.6341861808718003
,,,,,,9555.0,-1.35603,0.00587,48.7297,3.583265557930536
,,,,,,9556.0,-1.35417,0.00624,51.8282,3.635709495759665
,,,,,,9557.0,-1.35417,0.00664,55.1412,3.5788004622833154
,,,,,,9558.0,-1.35417,0.00704,58.4499,3.6252172595643133
,,,,,,9559.0,-1.35417,0.00744,61.7629,3.648683241716278
,,,,,,9560.0,-1.35231,0.00783,65.0416,3.581382201465265
,,,,,,9561.0,-1.35045,0.00818,67.9427,3.63593496948339
,,,,,,9563.0,-1.35603,0.00858,71.2557,3.611724593640528
,,,,,,9564.0,-1.35231,0.00897,74.5344,3.524738962825589
,,,,,,9565.0,-1.35603,0.00937,77.8474,3.7098307154386676
,,,,,,9566.0,-1.35789,0.00977,81.1604,3.684242546881031
,,,,,,9567.0,-1.35417,0.01017,84.4734,3.6464724876557084
,,,,,,9568.0,-1.35417,0.01057,87.7822,3.640592448422964
,,,,,,9569.0,-1.35417,0.01096,91.0651,3.5877065600977582
,,,,,,9570.0,-1.35603,0.01136,94.3739,3.570791004777209
,,,,,,9571.0,-1.35231,0.01179,97.9401,3.589639137105854
,,,,,,9572.0,-1.35417,0.01204,100.0,3.5831195476127324
,,,,,,9572.0,-1.35417,0.01204,100.0,3.643533589566335
,,,,,,,,,,
,,,,,,9572.0,2.70647,0.0,0.0,3.7642257191712525
,,,,,,9573.0,2.70647,0.00074,12.288,3.802561163145626
,,,,,,9574.0,2.70275,0.00153,25.5662,3.849147893618574
,,,,,,9575.0,2.70461,0.00232,38.7238,3.756453381551434
,,,,,,9576.0,2.70647,0.00312,52.0021,3.8056532870276603
,,,,,,9577.0,2.70833,0.00392,65.2889,3.789923107451613
,,,,,,9578.0,2.70461,0.00471,78.4466,3.808849066088894
,,,,,,9579.0,2.70647,0.00541,90.0973,3.6998523791371594
,,,,,,9580.0,2.70647,0.006,100.0,3.6658128444179368
,,,,,,9580.0,0.0,0.006,100.0,3.6814036360850926
,,,,,,9581.0,0.0,0.006,100.0,3.616699145844051
,,,,,,9582.0,0.0,0.006,100.0,3.666791002540441
,,,,,,9583.0,0.0,0.006,100.0,3.7853400161465043
,,,,,,9584.0,0.0,0.006,100.0,3.7039739447440905
,,,,,,9585.0,0.0,0.006,100.0,3.730722238287254
,,,,,,9586.0,0.0,0.006,100.0,3.6567868831902857
,,,,,,9587.0,0.0,0.006,100.0,3.648692606458961
,,,,,,9588.0,0.0,0.006,100.0,3.747796924914307
,,,,,,9589.0,0.0,0.006,100.0,3.630331251865848
,,,,,,9590.0,0.0,0.006,100.0,3.710537412776722
,,,,,,9591.0,0.0,0.006,100.0,3.6038614808435145
,,,,,,9592.0,0.0,0.006,100.0,3.635532426752486
,,,,,,9593.0,0.0,0.006,100.0,3.627710251861889
,,,,,,9594.0,0.0,0.006,100.0,3.6842431860838993
,,,,,,9595.0,0.0,0.006,100.0,3.67964047395902
,,,,,,9596.0,0.0,0.006,100.0,3.6634149646823753
,,,,,,9598.0,0.0,0.006,100.0,3.6816343941057665
,,,,,,9599.0,0.0,0.006,100.0,3.6131202362902473
,,,,,,9600.0,0.0,0.006,100.0,3.6879527010867394
,,,,,,9601.0,0.0,0.006,100.0,3.684832091428854
,,,,,,9602.0,0.0,0.006,100.0,3.6952032215592823
,,,,,,9603.0,0.0,0.006,100.0,3.559276888553525
,,,,,,9604.0,0.0,0.006,100.0,3.7083308562274384
,,,,,,9605.0,0.0,0.006,100.0,3.6510603263182677
,,,,,,9606.0,0.0,0.006,100.0,3.7158425764135434
,,,,,,9607.0,0.0,0.006,100.0,3.7448497465535433
,,,,,,9608.0,0.0,0.006,100.0,3.731081276603036
,,,,,,9609.0,0.0,0.006,100.0,3.6338487104373853
,,,,,,9610.0,0.0,0.006,100.0,3.7066018987411447
,,,,,,9611.0,0.0,0.006,100.0,3.6763907799915394
,,,,,,9612.0,0.0,0.006,100.0,3.675507084249903
,,,,,,9613.0,0.0,0.006,100.0,3.7024237044736372
,,,,,,9614.0,0.0,0.006,100.0,3.6196042743781773
,,,,,,9615.0,0.0,0.006,100.0,3.5728941509970307
,,,,,,9616.0,0.0,0.006,100.0,3.5633183955230265
,,,,,,9617.0,0.0,0.006,100.0,3.703017960648432
,,,,,,9618.0,0.0,0.006,100.0,3.683932939145615
,,,,,,9619.0,0.0,0.006,100.0,3.70344868865894
,,,,,,9619.0,0.0,0.006,100.0,3.655063624561567
,,,,,,9620.0,0.0,0.006,100.0,3.6386677003154846
,,,,,,9621.0,0.0,0.006,100.0,3.7599431473870935
,,,,,,9622.0,0.0,0.006,100.0,3.6600620967676076
,,,,,,9623.0,0.0,0.006,100.0,3.633359247014616
,,,,,,9624.0,0.0,0.006,100.0,3.6192996279477523
,,,,,,9625.0,0.0,0.006,100.0,3.7286885661799216
,,,,,,9626.0,0.0,0.006,100.0,3.6906762186629147
,,,,,,9627.0,0.0,0.006,100.0,3.726280581902223
,,,,,,9628.0,0.0,0.006,100.0,3.634112216215525
,,,,,,9629.0,0.0,0.006,100.0,3.7398399900829675
,,,,,,9630.0,0.0,0.006,100.0,3.6808510976306126
,,,,,,9631.0,0.0,0.006,100.0,3.695501351001598
,,,,,,9632.0,0.0,0.006,100.0,3.7530755823803177
,,,,,,9633.0,0.0,0.006,100.0,3.6989645382240344
,,,,,,9634.0,0.0,0.006,100.0,3.641083220476522
,,,,,,9635.0,0.0,0.006,100.0,3.673440791599309
,,,,,,9636.0,0.0,0.006,100.0,3.6932547587140636
,,,,,,9636.0,0.0,0.006,100.0,3.6685697700357314
,,,,,,,,,,
,,,,,,9636.0,-0.67522,0.0,0.0,3.6856077794681985
,,,,,,9637.0,-0.67522,0.00022,2.266,3.723721176044158
,,,,,,9638.0,-0.67708,0.00042,4.2838,3.692604504755248
,,,,,,9639.0,-0.67708,0.00062,6.3226,3.625396721860469
,,,,,,9640.0,-0.67708,0.00082,8.3562,3.615432196905689
,,,,,,9641.0,-0.67708,0.00102,10.3951,3.650128534100032
,,,,,,9642.0,-0.67522,0.00121,12.4128,3.674206685570717
,,,,,,9643.0,-0.67522,0.00141,14.4517,3.6810082395525514
,,,,,,9644.0,-0.67522,0.00161,16.4642,3.685679145788957
,,,,,,9645.0,-0.67708,0.00179,18.2918,3.678615449454427
,,,,,,9646.0,-0.67708,0.00199,20.3888,3.6649589539753284
,,,,,,9647.0,-0.67708,0.00219,22.4065,3.5778563009395374
,,,,,,9648.0,-0.67708,0.00237,24.1918,3.7033738053729377
,,,,,,9649.0,-0.67708,0.00257,26.3047,3.623065235768538
,,,,,,9650.0,-0.67708,0.00277,28.2854,3.6852407479312586
,,,,,,9651.0,-0.67708,0.00296,30.3032,3.7348896745440974
,,,,,,9653.0,-0.67708,0.00316,32.3421,3.6838891407642453
,,,,,,9654.0,-0.67708,0.00336,34.3598,3.647396754903407
,,,,,,9655.0,-0.67708,0.00354,36.1451,3.698870756690728
,,,,,,9656.0,-0.67708,0.00374,38.184,3.659473362990323
,,,,,,9657.0,-0.67708,0.00393,40.2229,3.765113568765225
,,,,,,9658.0,-0.67708,0.00413,42.2565,3.657863556750109
,,,,,,9659.0,-0.67708,0.00433,44.2742,3.6659263469560335
,,,,,,9660.0,-0.67708,0.00451,46.0596,3.6442721813035988
,,,,,,9661.0,-0.67708,0.00471,48.0985,3.68799028072737
,,,,,,9662.0,-0.67708,0.0049,50.1373,3.616992815723569
,,,,,,9663.0,-0.67708,0.0051,52.1551,3.6139110496611693
,,,,,,9664.0,-0.67708,0.00528,53.9404,3.7275662477331695
,,,,,,9664.0,-1.35417,0.00528,53.9404,3.6308080143826
,,,,,,9665.0,-1.35417,0.0057,58.3192,3.6389522015382947
,,,,,,9666.0,-1.35603,0.0061,62.3547,3.6985675942741456
,,,,,,9667.0,-1.35417,0.0065,66.4325,3.612071385562438
,,,,,,9668.0,-1.35231,0.0069,70.505,3.682782739004096
,,,,,,9669.0,-1.35231,0.0073,74.5827,3.6659627140318416
,,,,,,9670.0,-1.35417,0.00769,78.6552,3.6077464728643727
,,,,,,9671.0,-1.35603,0.00809,82.696,3.6077889536393606
,,,,,,9672.0,-1.35231,0.00844,86.2719,3.6226338827569475
,,,,,,9673.0,-1.35231,0.00884,90.3444,3.672287699650231
,,,,,,9674.0,-1.35231,0.00924,94.4221,3.6472102106404245
,,,,,,9675.0,-1.35789,0.00964,98.4999,3.708409712867361
,,,,,,9676.0,-1.35231,0.00978,100.0,3.659365307676099
,,,,,,9676.0,-1.35231,0.00978,100.0,3.594547979491381
,,,,,,,,,,
,,,,,,9676.0,0.67894,0.0,0.0,3.656402366512702
,,,,,,9677.0,0.67894,0.0002,13.2973,3.8336556284834002
,,,,,,9678.0,0.67894,0.0004,25.9872,3.751681406105884
,,,,,,9679.0,0.67894,0.00058,38.1708,3.7541431055450967
,,,,,,9680.0,0.67894,0.00078,51.2319,3.628769766467901
,,,,,,9681.0,0.67894,0.00098,64.158,3.6958704572126417
,,,,,,9682.0,0.67894,0.00118,77.219,3.661361507621213
,,,,,,9683.0,0.67894,0.00138,90.2801,3.731543852238262
,,,,,,9684.0,0.67894,0.00153,100.0,3.7282316497973182
,,,,,,9684.0,0.0,0.00153,100.0,3.6780986074865196
,,,,,,9685.0,0.0,0.00153,100.0,3.7465007798824055
,,,,,,9686.0,0.0,0.00153,100.0,3.6799935364485568
,,,,,,9687.0,0.0,0.00153,100.0,3.6987556149423235
,,,,,,9688.0,0.0,0.00153,100.0,3.714981525098227
,,,,,,9689.0,0.0,0.00153,100.0,3.6377380756030155
,,,,,,9690.0,0.0,0.00153,100.0,3.6905455799207867
,,,,,,9691.0,0.0,0.00153,100.0,3.6899299648769777
,,,,,,9692.0,0.0,0.00153,100.0,3.726657921174643
,,,,,,9693.0,0.0,0.00153,100.0,3.6188704070566433
,,,,,,9694.0,0.0,0.00153,100.0,3.6384318492988883
,,,,,,9695.0,0.0,0.00153,100.0,3.7000791666040214
,,,,,,9696.0,0.0,0.00153,100.0,3.7259765935169233
,,,,,,9697.0,0.0,0.00153,100.0,3.757062559298148
,,,,,,9698.0,0.0,0.00153,100.0,3.598652437605875
,,,,,,9699.0,0.0,0.00153,100.0,3.670416750120193
,,,,,,9700.0,0.0,0.00153,100.0,3.707866236526954
,,,,,,9700.0,0.0,0.00153,100.0,3.728147463722721
,,,,,,,,,,
,,,,,,9700.0,-0.67522,0.0,0.0,3.68062615661901
,,,,,,9701.0,-0.67522,0.0002,0.9421,3.613710907752409
,,,,,,9702.0,-0.67522,0.00039,1.8693,3.6056231444470854
,,,,,,9703.0,-0.67708,0.00059,2.8238,3.6173406024154247
,,,,,,9704.0,-0.67708,0.00079,3.7758,3.5969285307429417
,,,,,,9705.0,-0.67708,0.00099,4.7302,3.659808534960802
,,,,,,9706.0,-0.67708,0.00119,5.6847,3.717023321435474
,,,,,,9707.0,-0.67708,0.00139,6.6292,3.6755057406542653
,,,,,,9708.0,-0.67708,0.00156,7.465,3.6785040128929536
,,,,,,9709.0,-0.67708,0.00176,8.4195,3.6938425112738384
,,,,,,9710.0,-0.67522,0.00196,9.3739,3.634156085378219
,,,,,,9711.0,-0.67522,0.00216,10.316,3.7245161463122596
,,,,,,9712.0,-0.67522,0.00233,11.1518,3.572071190101632
,,,,,,9713.0,-0.67708,0.00254,12.1507,3.658904477207908
,,,,,,9714.0,-0.67708,0.00272,13.0335,3.704026360152408
,,,,,,9715.0,-0.67708,0.00292,13.978,3.6336124697254433
,,,,,,9717.0,-0.67708,0.00312,14.9325,3.5701553498041694
,,,,,,9718.0,-0.67708,0.00332,15.9117,3.6225465193991435
,,,,,,9719.0,-0.67708,0.00352,16.8661,3.6368960222237514
,,,,,,9720.0,-0.67522,0.00372,17.8107,3.6127931413464562
,,,,,,9721.0,-0.67708,0.0039,18.6489,3.667513389666327
,,,,,,9722.0,-0.67708,0.0041,19.6034,3.666272878877885
,,,,,,9723.0,-0.67708,0.0043,20.5554,3.588453983840274
,,,,,,9724.0,-0.67708,0.00449,21.4999,3.6204749633576903
,,,,,,9725.0,-0.67522,0.00469,22.4544,3.5424640712528492
,,,,,,9726.0,-0.67708,0.00487,23.3272,3.6990634910307656
,,,,,,9727.0,-0.67708,0.00509,24.3435,3.705626971703131
,,,,,,9728.0,-0.67708,0.00528,25.2881,3.7258353657433836
,,,,,,9729.0,-0.67522,0.00546,26.1263,3.634288857568859
,,,,,,9730.0,-0.67708,0.00566,27.0783,3.690609831018798
,,,,,,9731.0,-0.67522,0.00586,28.0327,3.6293833160500792
,,,,,,9732.0,-0.67708,0.00606,28.9872,3.6915040655392515
,,,,,,9733.0,-0.67708,0.00625,29.9318,3.6610238238512323
,,,,,,9734.0,-0.67708,0.00643,30.77,3.6362227644952907
,,,,,,9735.0,-0.67708,0.00663,31.722,3.6435497741517695
,,,,,,9736.0,-0.67708,0.00683,32.6764,3.6454247752093654
,,,,,,9737.0,-0.67708,0.00703,33.6309,3.60437453686524
,,,,,,9738.0,-0.67708,0.00723,34.5754,3.6632762024915775
,,,,,,9739.0,-0.67708,0.0074,35.4137,3.6844668715603355
,,,,,,9740.0,-0.67708,0.0076,36.3854,3.722392125940334
,,,,,,9741.0,-0.67708,0.0078,37.3374,3.6552811823575446
,,,,,,9742.0,-0.67522,0.008,38.282,3.6551884919712214
,,,,,,9743.0,-0.67522,0.00817,39.1202,3.7160382244655237
,,,,,,9744.0,-0.67522,0.00837,40.0722,3.667465020426234
,,,,,,9746.0,-0.67708,0.00857,41.0168,3.6497000502121404
,,,,,,9747.0,-0.67708,0.00877,41.9712,3.653721809994787
,,,,,,9748.0,-0.67708,0.00897,42.9257,3.692087893590252
,,,,,,9749.0,-0.67522,0.00917,43.8777,3.6726537526726553
,,,,,,9750.0,-0.67708,0.00937,44.8321,3.5283985173562193
,,,,,,9751.0,-0.67708,0.00957,45.7866,3.615160896599198
,,,,,,9752.0,-0.67708,0.00977,46.7385,3.6364370799748547
,,,,,,9753.0,-0.67708,0.00997,47.693,3.7786741961915986
,,,,,,9754.0,-0.67708,0.01016,48.6376,3.6759656765005215
,,,,,,9755.0,-0.67708,0.01034,49.4758,3.6765080726140766
,,,,,,9756.0,-0.67708,0.01054,50.4278,3.650110400103448
,,,,,,9757.0,-0.67708,0.01074,51.4094,3.7002989764951333
,,,,,,9758.0,-0.67708,0.01093,52.2823,3.6113223183353838
,,,,,,9759.0,-0.67708,0.01112,53.2367,3.634156006851364
,,,,,,9760.0,-0.67522,0.01132,54.1887,3.6939000170073863
,,,,,,9761.0,-0.67708,0.01152,55.1432,3.632087251497372
,,,,,,9762.0,-0.67708,0.01172,56.0976,3.537078716882665
,,,,,,9763.0,-0.67708,0.01192,57.0521,3.6466944139911406
,,,,,,9764.0,-0.67708,0.01212,57.9966,3.6367665642929126
,,,,,,9765.0,-0.67708,0.01231,58.8967,3.647258796899934
,,,,,,9766.0,-0.67708,0.0125,59.8042,3.5917926109036755
,,,,,,9767.0,-0.67708,0.0127,60.7586,3.5933684818065146
,,,,,,9768.0,-0.67522,0.0129,61.7131,3.6411211606095977
,,,,,,9769.0,-0.67708,0.01309,62.6576,3.6961247839146143
,,,,,,9771.0,-0.67708,0.01329,63.6121,3.671552159094441
,,,,,,9772.0,-0.67522,0.01349,64.5641,3.598350613441902
,,,,,,9773.0,-0.67708,0.01369,65.5185,3.629484634280975
,,,,,,9774.0,-0.67708,0.01389,66.4631,3.6410448579945527
,,,,,,9775.0,-0.67708,0.01406,67.3013,3.675577774634494
,,,,,,9776.0,-0.67708,0.01426,68.2533,3.71183326119329
,,,,,,9777.0,-0.67708,0.01446,69.2078,3.5789591683257913
,,,,,,9778.0,-0.67708,0.01466,70.1523,3.7036346446029675
,,,,,,9779.0,-0.67708,0.01483,70.9881,3.6746216950085455
,,,,,,9780.0,-0.67708,0.01503,71.9425,3.520951357071027
,,,,,,9781.0,-0.67522,0.01523,72.8945,3.615548656697826
,,,,,,9782.0,-0.67708,0.01543,73.849,3.656622309623989
,,,,,,9783.0,-0.67708,0.01563,74.8034,3.697238892980348
,,,,,,9784.0,-0.67708,0.01583,75.7554,3.6724879981562513
,,,,,,9785.0,-0.67708,0.01603,76.7099,3.5826166421143415
,,,,,,9786.0,-0.67708,0.01623,77.6643,3.592634465404153
,,,,,,9787.0,-0.67708,0.01635,78.2578,3.6754780144271963
,,,,,,9787.0,-1.35045,0.01635,78.2578,3.567712852407202
,,,,,,9788.0,-1.35231,0.01677,80.2557,3.6603380656215667
,,,,,,9789.0,-1.35603,0.01717,82.1646,3.5103056469589813
,,,,,,9790.0,-1.35603,0.01757,84.0735,3.646837223892376
,,,,,,9791.0,-1.35417,0.01797,85.9799,3.6557441801352546
,,,,,,9792.0,-1.35417,0.01836,87.869,3.637384888219732
,,,,,,9793.0,-1.35231,0.01876,89.7755,3.634849526079748
,,,,,,9794.0,-1.35417,0.01916,91.6819,3.641999789783783
,,,,,,9795.0,-1.35231,0.01955,93.5735,3.614359273841056
,,,,,,9796.0,-1.35231,0.0199,95.2475,3.5354067998515517
,,,,,,9797.0,-1.35417,0.0203,97.154,3.6462133647474415
,,,,,,9798.0,-1.35603,0.0207,99.0455,3.526917577405375
,,,,,,9799.0,-1.35231,0.0209,100.0,3.688140807328166
,,,,,,9799.0,-1.35231,0.0209,100.0,3.654569749867887
,,,,,,,,,,
,,,,,,9799.0,0.67894,0.0,0.0,3.7452184030712843
,,,,,,9800.0,0.67894,0.0002,13.0851,3.696679351227332
,,,,,,9801.0,0.67894,0.00039,25.8285,3.72189419105669
,,,,,,9802.0,0.67894,0.00057,37.9228,3.6479058527477197
,,,,,,9803.0,0.67894,0.00077,51.1445,3.7249288372836435
,,,,,,9804.0,0.67894,0.00097,64.3321,3.6524722165442487
,,,,,,9805.0,0.67894,0.00116,76.9389,3.741404144773764
,,,,,,9806.0,0.67894,0.00136,90.1606,3.6934654078037066
,,,,,,9807.0,0.67894,0.00151,100.0,3.671157906243443
,,,,,,9807.0,0.0,0.00151,100.0,3.663781553687469
,,,,,,9808.0,0.0,0.00151,100.0,3.705458468678852
,,,,,,9809.0,0.0,0.00151,100.0,3.6643665878685905
,,,,,,9810.0,0.0,0.00151,100.0,3.708464231656103
,,,,,,9811.0,0.0,0.00151,100.0,3.737185016462153
,,,,,,9812.0,0.0,0.00151,100.0,3.623544678667635
,,,,,,9813.0,0.0,0.00151,100.0,3.651460657090716
,,,,,,9814.0,0.0,0.00151,100.0,3.6573244236292344
,,,,,,9815.0,0.0,0.00151,100.0,3.741402906953337
,,,,,,9816.0,0.0,0.00151,100.0,3.666024484317917
,,,,,,9817.0,0.0,0.00151,100.0,3.6025392040074355
,,,,,,9818.0,0.0,0.00151,100.0,3.720336959311598
,,,,,,9819.0,0.0,0.00151,100.0,3.5772787312622585
,,,,,,9820.0,0.0,0.00151,100.0,3.6450844743396416
,,,,,,9821.0,0.0,0.00151,100.0,3.6786188435059683
,,,,,,9823.0,0.0,0.00151,100.0,3.6442196941495153
,,,,,,9823.0,0.0,0.00151,100.0,3.7407385607558803
,,,,,,9823.0,0.0,0.00151,100.0,3.600513509914825
,,,,,,,,,,
,,,,,,9823.0,-0.67522,0.0,0.0,3.641581747278622
,,,,,,9824.0,-0.67708,0.00019,0.4681,3.771707973997084
,,,,,,9825.0,-0.67708,0.00039,0.9511,3.5756845725068565
,,,,,,9826.0,-0.67708,0.00059,1.4292,3.62884660618564
,,,,,,9827.0,-0.67708,0.00076,1.8522,3.5517565434592004
,,,,,,9828.0,-0.67708,0.00096,2.3353,3.6369233801542262
,,,,,,9829.0,-0.67708,0.00116,2.8183,3.7077856894111787
,,,,,,9830.0,-0.67708,0.00136,3.3052,3.705502184912022
,,,,,,9831.0,-0.67708,0.00155,3.7469,3.67146432437948
,,,,,,9832.0,-0.67708,0.00175,4.23,3.6892626153953985
,,,,,,9833.0,-0.67708,0.00195,4.7131,3.639915180435355
,,,,,,9834.0,-0.67708,0.00214,5.1912,3.6122903417108128
,,,,,,9835.0,-0.67708,0.00234,5.6742,3.6790755584572326
,,,,,,9836.0,-0.67708,0.00255,6.1848,3.6448708581571263
,,,,,,9837.0,-0.67708,0.00273,6.6129,3.6969260944305438
,,,,,,9839.0,-0.67522,0.00293,7.0959,3.682192962773051
,,,,,,9840.0,-0.67522,0.00313,7.574,3.636128975584917
,,,,,,9841.0,-0.67708,0.00333,8.0558,3.635439351600617
,,,,,,9842.0,-0.67708,0.00353,8.5389,3.553812420399006
,,,,,,9843.0,-0.67708,0.00372,9.017,3.7248288222750943
,,,,,,9844.0,-0.67708,0.00392,9.5,3.6622322485105623
,,,,,,9845.0,-0.67708,0.00412,9.9831,3.6814679455424404
,,,,,,9846.0,-0.67708,0.00432,10.4649,3.590203107367914
,,,,,,9847.0,-0.67708,0.00452,10.943,3.6718365501179018
,,,,,,9848.0,-0.67708,0.00472,11.4261,3.58683780718858
,,,,,,9849.0,-0.67708,0.00494,11.9592,3.734529400376719
,,,,,,9850.0,-0.67708,0.00512,12.4097,3.678138835201677
,,,,,,9851.0,-0.67708,0.00532,12.8928,3.6340253178627515
,,,,,,9852.0,-0.67708,0.00552,13.3709,3.709409470904187
,,,,,,9853.0,-0.67708,0.00572,13.854,3.6825433269671293
,,,,,,9854.0,-0.67522,0.00592,14.337,3.609065739754959
,,,,,,9855.0,-0.67522,0.00612,14.8188,3.6892372660907022
,,,,,,9856.0,-0.67708,0.00632,15.3019,3.6686030142552375
,,,,,,9858.0,-0.67522,0.00652,15.78,3.715582027257545
,,,,,,9858.0,-0.67708,0.00659,15.9627,3.6421962137693655
,,,,,,9858.0,-5.41481,0.00659,15.9627,3.496301869004682
,,,,,,9859.0,-5.40923,0.00812,19.6734,3.4791751171655236
,,,,,,9860.0,-5.40737,0.00971,23.5304,3.4614875594521366
,,,,,,9861.0,-5.41109,0.01141,27.6428,3.455241596056498
,,,,,,9862.0,-5.40923,0.01283,31.0644,3.4454546522447806
,,,,,,9863.0,-5.40551,0.01442,34.9227,3.5129601619175177
,,,,,,9864.0,-5.40737,0.01601,38.7786,3.481223546358433
,,,,,,9865.0,-5.40737,0.01759,42.5993,3.4578973649495945
,,,,,,9866.0,-5.40737,0.01879,45.5103,3.583375714900366
,,,,,,9866.0,-3.39286,0.01879,45.5103,3.5080847336473564
,,,,,,9867.0,-3.37984,0.01977,47.8769,3.5253968192156004
,,,,,,9868.0,-3.37984,0.02076,50.286,3.5322739704590815
,,,,,,9869.0,-3.3817,0.02169,52.5374,3.516042924942128
,,,,,,9870.0,-3.3817,0.02272,55.0178,3.535261025003752
,,,,,,9871.0,-3.3817,0.02371,57.4282,3.6011117804373582
,,,,,,9872.0,-3.3817,0.02465,59.7009,3.5031988773418115
,,,,,,9873.0,-3.37984,0.02553,61.8372,3.4592534613144945
,,,,,,9874.0,-3.37984,0.02653,64.2475,3.4897934529361394
,,,,,,9875.0,-3.37984,0.02752,66.6579,3.4774790562370366
,,,,,,9876.0,-3.37798,0.02852,69.0683,3.550665268300391
,,,,,,9877.0,-3.38356,0.0295,71.4561,3.626334744758511
,,,,,,9878.0,-3.38356,0.03038,73.5711,3.4407943931376335
,,,,,,9880.0,-3.3817,0.03142,76.0966,3.5181709070461853
,,,,,,9881.0,-3.3817,0.03243,78.552,3.5158646896842525
,,,,,,9882.0,-3.38356,0.03343,80.9637,3.481329451141256
,,,,,,9883.0,-3.37426,0.03442,83.374,3.5163108796329388
,,,,,,9884.0,-3.3817,0.03542,85.7844,3.4891603733850043
,,,,,,9885.0,-3.3817,0.0364,88.1735,3.5451370480623896
,,,,,,9886.0,-3.37798,0.03729,90.311,3.5766551389005743
,,,,,,9887.0,-3.37984,0.0383,92.7677,3.563319552123095
,,,,,,9888.0,-3.37612,0.0393,95.178,3.5600828587318425
,,,,,,9889.0,-3.37984,0.04029,97.5896,3.5710100088300307
,,,,,,9890.0,-3.3817,0.04129,100.0,3.506351047024556
,,,,,,9890.0,-3.37984,0.04129,100.0,3.559737214870075
,,,,,,9890.0,-3.37984,0.04129,100.0,3.5626669175623538
,,,,,,,,,,
,,,,,,9890.0,1.35603,0.0,0.0,3.5917731309076832
,,,,,,9891.0,1.35417,0.00039,13.0198,3.68338126834318
,,,,,,9892.0,1.35417,0.00079,26.1759,3.6284930793502674
,,,,,,9893.0,1.35417,0.00119,39.3149,3.7316490012082153
,,,,,,9894.0,1.35417,0.00159,52.3347,3.6356099931383383
,,,,,,9895.0,1.35417,0.00199,65.4908,3.701895983961287
,,,,,,9896.0,1.35603,0.00238,78.6469,3.722951458713194
,,,,,,9897.0,1.35417,0.00278,91.6837,3.6953642580820425
,,,,,,9898.0,1.35417,0.00303,100.0,3.648850345793951
,,,,,,9898.0,1.35417,0.00303,100.0,3.6517710385507587
,,,,,,,,,,
,,,,,,9898.0,-1.35789,0.0,0.0,3.554806519004506
,,,,,,9899.0,-1.35603,0.00038,3.1949,3.636786529369777
,,,,,,9900.0,-1.35417,0.00077,6.4155,3.5380404784998793
,,,,,,9901.0,-1.35231,0.00117,9.7351,3.6183585590332723
,,,,,,9902.0,-1.35417,0.00157,13.0504,3.6072078546080575
,,,,,,9903.0,-1.35045,0.00197,16.3657,3.5073956385162433
,,,,,,9904.0,-1.35417,0.00236,19.6551,3.6917326140742204
,,,,,,9905.0,-1.35603,0.00272,22.6307,3.477976008860042
,,,,,,9906.0,-1.35417,0.00311,25.9159,3.661074932559025
,,,,,,9907.0,-1.35417,0.00351,29.2355,3.6365975016458645
,,,,,,9909.0,-1.35045,0.00391,32.5507,3.6458368803742784
,,,,,,9910.0,-1.35417,0.00431,35.8703,3.67493090462671
,,,,,,9911.0,-1.35417,0.00471,39.1856,3.5988903739890232
,,,,,,9912.0,-1.35417,0.00513,42.66,3.6701506246169804
,,,,,,9913.0,-1.35603,0.00552,45.9451,3.655121025185428
,,,,,,9914.0,-1.35231,0.00592,49.2604,3.6068028115538184
,,,,,,9915.0,-1.35231,0.00631,52.5499,3.573997165256788
,,,,,,9916.0,-1.35417,0.00666,55.461,3.616996803735708
,,,,,,9917.0,-1.35417,0.00706,58.7762,3.590268216520986
,,,,,,9918.0,-1.35231,0.00746,62.0657,3.6999688647804265
,,,,,,9919.0,-1.35231,0.00786,65.381,3.6140462935304374
,,,,,,9920.0,-1.35045,0.00825,68.6963,3.52576486772844
,,,,,,9921.0,-1.35417,0.00865,72.0158,3.61269547357904
,,,,,,9922.0,-1.35603,0.00905,75.301,3.595614261639083
,,,,,,9923.0,-1.35417,0.0094,78.2121,3.5602829680610735
,,,,,,9924.0,-1.35417,0.0098,81.5316,3.601174945422438
,,,,,,9925.0,-1.35417,0.01019,84.8211,3.6159476449031325
,,,,,,9926.0,-1.35603,0.01059,88.1407,3.5816722948681585
,,,,,,9927.0,-1.35417,0.01102,91.7097,3.590816974390619
,,,,,,9928.0,-1.35417,0.01142,95.0292,3.6391780424159115
,,,,,,9930.0,-1.35045,0.01182,98.3402,3.6352581521449423
,,,,,,9930.0,-1.35417,0.01202,100.0,3.58599898531379
,,,,,,9930.0,-1.35417,0.01202,100.0,3.6218964640876714
,,,,,,,,,,
,,,,,,9930.0,2.70833,0.0,0.0,3.701380192457398
,,,,,,9931.0,2.70461,0.00088,14.5321,3.6939064384406524
,,,,,,9932.0,2.70647,0.00168,27.6981,3.804950230716787
,,,,,,9933.0,2.70647,0.00247,40.8641,3.7401170579803993
,,,,,,9934.0,2.70647,0.00327,54.0301,3.7268693350058277
,,,,,,9935.0,2.70647,0.00407,67.2046,3.753221053723897
,,,,,,9936.0,2.70833,0.00486,80.251,3.746483247171708
,,,,,,9937.0,2.70647,0.00556,91.7947,3.791585016667349
,,,,,,9938.0,2.70833,0.00605,100.0,3.7154194281899526
,,,,,,9938.0,0.0,0.00605,100.0,3.7357752731083336
,,,,,,9939.0,0.0,0.00605,100.0,3.5492912045858955
,,,,,,9940.0,0.0,0.00605,100.0,3.586160767091337
,,,,,,9941.0,0.0,0.00605,100.0,3.589016556983247
,,,,,,9942.0,0.0,0.00605,100.0,3.6743528348502985
,,,,,,9943.0,0.0,0.00605,100.0,3.730989581426513
,,,,,,9944.0,0.0,0.00605,100.0,3.6643400971560482
,,,,,,9945.0,0.0,0.00605,100.0,3.602700045120397
,,,,,,9946.0,0.0,0.00605,100.0,3.6500592461577073
,,,,,,9948.0,0.0,0.00605,100.0,3.642550142439385
,,,,,,9949.0,0.0,0.00605,100.0,3.6346772328175234
,,,,,,9950.0,0.0,0.00605,100.0,3.6800833914940854
,,,,,,9951.0,0.0,0.00605,100.0,3.7151786979226804
,,,,,,9952.0,0.0,0.00605,100.0,3.712638382238885
,,,,,,9953.0,0.0,0.00605,100.0,3.7213806137725323
,,,,,,9954.0,0.0,0.00605,100.0,3.7236181267522857
,,,,,,9955.0,0.0,0.00605,100.0,3.640140860604935
,,,,,,9956.0,0.0,0.00605,100.0,3.8111143318120444
,,,,,,9957.0,0.0,0.00605,100.0,3.726270238669121
,,,,,,9958.0,0.0,0.00605,100.0,3.6916354310834354
,,,,,,9959.0,0.0,0.00605,100.0,3.7022679247358488
,,,,,,9960.0,0.0,0.00605,100.0,3.6727497887072973
,,,,,,9961.0,0.0,0.00605,100.0,3.702268620376476
,,,,,,9962.0,0.0,0.00605,100.0,3.663318217761058
,,,,,,9963.0,0.0,0.00605,100.0,3.5928742107602747
,,,,,,9964.0,0.0,0.00605,100.0,3.648787046905793
,,,,,,9965.0,0.0,0.00605,100.0,3.6699168119949053
,,,,,,9966.0,0.0,0.00605,100.0,3.6700756838434465
,,,,,,9967.0,0.0,0.00605,100.0,3.615080228322667
,,,,,,9969.0,0.0,0.00605,100.0,3.614617855231726
,,,,,,9970.0,0.0,0.00605,100.0,3.7459295998258813
,,,,,,9971.0,0.0,0.00605,100.0,3.712090672181756
,,,,,,9972.0,0.0,0.00605,100.0,3.6945524110799846
,,,,,,9973.0,0.0,0.00605,100.0,3.6359322401828837
,,,,,,9974.0,0.0,0.00605,100.0,3.6859816256528855
,,,,,,9975.0,0.0,0.00605,100.0,3.673613531207242
,,,,,,9976.0,0.0,0.00605,100.0,3.682742718923714
,,,,,,9977.0,0.0,0.00605,100.0,3.6547695454607014
,,,,,,9978.0,0.0,0.00605,100.0,3.67143760336685
,,,,,,9979.0,0.0,0.00605,100.0,3.6567730131564153
,,,,,,9980.0,0.0,0.00605,100.0,3.5775920336547395
,,,,,,9981.0,0.0,0.00605,100.0,3.7615853840116644
,,,,,,9982.0,0.0,0.00605,100.0,3.636739175420276
,,,,,,9983.0,0.0,0.00605,100.0,3.6550312048664595
,,,,,,9984.0,0.0,0.00605,100.0,3.635689212688571
,,,,,,9985.0,0.0,0.00605,100.0,3.677507517771999
,,,,,,9986.0,0.0,0.00605,100.0,3.6687472005142405
,,,,,,9987.0,0.0,0.00605,100.0,3.7200793868938358
,,,,,,9988.0,0.0,0.00605,100.0,3.664126911782805
,,,,,,9989.0,0.0,0.00605,100.0,3.662708505041463
,,,,,,9990.0,0.0,0.00605,100.0,3.6794328544549493
,,,,,,9992.0,0.0,0.00605,100.0,3.5955456255903426
,,,,,,9993.0,0.0,0.00605,100.0,3.757208639978559
,,,,,,9993.0,0.0,0.00605,100.0,3.6390788866492145
,,,,,,9993.0,0.0,0.00605,100.0,3.650232361171913
,,,,,,,,,,
,,,,,,9993.0,-0.67708,0.0,0.0,3.6741141444531693
,,,,,,9994.0,-0.67522,0.00018,1.8458,3.6680937613051947
,,,,,,9995.0,-0.67708,0.00038,3.9084,3.633429843633789
,,,,,,9996.0,-0.67708,0.00058,5.9446,3.6930869198459204
,,,,,,9997.0,-0.67708,0.00078,7.986,3.637919998887253
,,,,,,9998.0,-0.67522,0.00098,10.0275,3.60951238420195
,,,,,,9999.0,-0.67522,0.00118,12.069,3.6778922083366736
,,,,,,10000.0,-0.67708,0.00138,14.0893,3.6986966212706767
,,,,,,10001.0,-0.67522,0.00155,15.8769,3.645782988473643
,,,,,,10003.0,-0.67708,0.00175,17.9183,3.6113873289722678
,,,,,,10004.0,-0.67708,0.00195,19.9545,3.7070837880467136
,,,,,,10005.0,-0.67708,0.00215,21.9748,3.7109752004443264
,,,,,,10006.0,-0.67708,0.00232,23.7677,3.712615111624358
,,,,,,10007.0,-0.67708,0.00253,25.9202,3.706690980267582
,,,,,,10008.0,-0.67708,0.00273,27.9458,3.6225471763929056
,,,,,,10009.0,-0.67708,0.00292,29.8498,3.538749210567446
,,,,,,10010.0,-0.67708,0.0031,31.7749,3.5769410725613247
,,,,,,10011.0,-0.67522,0.0033,33.8164,3.570325270150971
,,,,,,10012.0,-0.67708,0.0035,35.8526,3.6308138104223664
,,,,,,10013.0,-0.67708,0.0037,37.894,3.6664075622810577
,,,,,,10014.0,-0.67708,0.0039,39.9355,3.604210394314156
,,,,,,10015.0,-0.67708,0.0041,41.9558,3.589763042991671
,,,,,,10016.0,-0.67708,0.00427,43.7434,3.581866493782178
,,,,,,10017.0,-0.67708,0.00448,45.8219,3.661581655183657
,,,,,,10018.0,-0.67708,0.00468,47.8633,3.6180276101848885
,,,,,,10019.0,-0.67708,0.00487,49.8836,3.684674750539835
,,,,,,10020.0,-0.67708,0.00505,51.6712,3.621240954594658
,,,,,,10021.0,-0.67708,0.00525,53.7127,3.655021359210256
,,,,,,10021.0,-0.67708,0.00527,53.9613,3.6173641469789213
,,,,,,10021.0,-1.34859,0.00527,53.9613,3.6011411221689094
,,,,,,10022.0,-1.35231,0.00564,57.7269,3.649844882318683
,,,,,,10023.0,-1.35231,0.00604,61.8098,3.613515392389292
,,,,,,10024.0,-1.35417,0.00644,65.8875,3.632619088559974
,,,,,,10025.0,-1.35417,0.00684,69.9704,3.589285758145499
,,,,,,10026.0,-1.35417,0.00723,74.011,3.6007748371369117
,,,,,,10027.0,-1.35417,0.00758,77.5915,3.5755204622016192
,,,,,,10028.0,-1.35603,0.00798,81.6691,3.6492889862237505
,,,,,,10029.0,-1.35789,0.00838,85.7521,3.606074902943427
,,,,,,10031.0,-1.35231,0.00877,89.798,3.617913046730513
,,,,,,10032.0,-1.35231,0.00912,93.3785,3.7214330559102193
,,,,,,10033.0,-1.35231,0.00952,97.4561,3.6525070565183526
,,,,,,10033.0,-1.35603,0.00977,100.0,3.6336394352479147
,,,,,,10033.0,-1.35603,0.00977,100.0,3.542424495709732
,,,,,,,,,,
,,,,,,10033.0,0.67894,0.0,0.0,3.673285268354469
,,,,,,10034.0,0.67894,0.00021,13.5466,3.7579658575077426
,,,,,,10035.0,0.67894,0.00039,25.7318,3.7205014052511425
,,,,,,10036.0,0.67894,0.00059,39.1423,3.73594613529962
,,,,,,10037.0,0.67894,0.00077,50.6807,3.6359179016492806
,,,,,,10038.0,0.67894,0.00097,63.853,3.6469668913765645
,,,,,,10039.0,0.67894,0.00117,77.0252,3.704648741434494
,,,,,,10040.0,0.67894,0.00137,90.1974,3.7980833264256626
,,,,,,10041.0,0.67894,0.00152,100.0,3.672363729549232
,,,,,,10041.0,0.0,0.00152,100.0,3.697510810680387
,,,,,,10042.0,0.0,0.00152,100.0,3.657077895999658
,,,,,,10043.0,0.0,0.00152,100.0,3.630875976232793
,,,,,,10044.0,0.0,0.00152,100.0,3.660371315475676
,,,,,,10045.0,0.0,0.00152,100.0,3.635699485195482
,,,,,,10046.0,0.0,0.00152,100.0,3.7006694410739738
,,,,,,10047.0,0.0,0.00152,100.0,3.6869348931399744
,,,,,,10048.0,0.0,0.00152,100.0,3.6791021145750444
,,,,,,10050.0,0.0,0.00152,100.0,3.6850167169020005
,,,,,,10051.0,0.0,0.00152,100.0,3.7399145138410503
,,,,,,10052.0,0.0,0.00152,100.0,3.639467982763677
,,,,,,10053.0,0.0,0.00152,100.0,3.677098436822668
,,,,,,10054.0,0.0,0.00152,100.0,3.7098848909847617
,,,,,,10055.0,0.0,0.00152,100.0,3.6066345198914616
,,,,,,10056.0,0.0,0.00152,100.0,3.6120898215759762
,,,,,,10057.0,0.0,0.00152,100.0,3.605758109205182
,,,,,,10057.0,0.0,0.00152,100.0,3.7165802954831877
,,,,,,10057.0,0.0,0.00152,100.0,3.675413573156386
,,,,,,,,,,
,,,,,,10057.0,-0.67522,0.0,0.0,3.6530515341653915
,,,,,,10058.0,-0.67708,0.00019,0.9254,3.6246340908803205
,,,,,,10059.0,-0.67708,0.00039,1.8805,3.6535764595342726
,,,,,,10060.0,-0.67708,0.00059,2.8233,3.7126945752131375
,,,,,,10061.0,-0.67708,0.00076,3.6621,3.593321708164104
,,,,,,10062.0,-0.67708,0.00096,4.6147,3.686809390047434
,,,,,,10063.0,-0.67708,0.00116,5.5699,3.6326467088386343
,,,,,,10065.0,-0.67708,0.00136,6.525,3.6788883642097874
,,,,,,10066.0,-0.67708,0.00156,7.4677,3.648077888707298
,,,,,,10067.0,-0.67708,0.00176,8.4228,3.630325722060302
,,,,,,10068.0,-0.67708,0.00196,9.3779,3.612880992541072
,,,,,,10069.0,-0.67708,0.00216,10.3232,3.5890715808693394
,,,,,,10070.0,-0.67708,0.00235,11.2758,3.7570587591566142
,,,,,,10071.0,-0.67708,0.00254,12.1493,3.6015328025950337
,,,,,,10072.0,-0.67708,0.00273,13.0697,3.636694356841645
,,,,,,10073.0,-0.67708,0.00293,14.0149,3.6247880145389813
,,,,,,10074.0,-0.67522,0.00313,14.9676,3.709136898840281
,,,,,,10075.0,-0.67708,0.00332,15.9227,3.713170910210547
,,,,,,10076.0,-0.67708,0.00352,16.8679,3.6522486929192186
,,,,,,10077.0,-0.67708,0.00373,17.8503,3.6494740609354857
,,,,,,10078.0,-0.67708,0.00393,18.8054,3.6721679675315957
,,,,,,10079.0,-0.67522,0.00413,19.758,3.556264351171066
,,,,,,10080.0,-0.67708,0.00433,20.7131,3.559501906398561
,,,,,,10081.0,-0.67708,0.00452,21.6583,3.5465169398097647
,,,,,,10082.0,-0.67708,0.00472,22.611,3.6794533594480967
,,,,,,10083.0,-0.67708,0.00492,23.5661,3.598701086777015
,,,,,,10084.0,-0.67708,0.0051,24.4222,3.681388324922921
,,,,,,10086.0,-0.67708,0.0053,25.3773,3.59757411953941
,,,,,,10087.0,-0.67708,0.0055,26.33,3.6194517882697155
,,,,,,10088.0,-0.67708,0.0057,27.2752,3.6566005683030256
,,,,,,10089.0,-0.67708,0.0059,28.2303,3.6617020208340842
,,,,,,10090.0,-0.67708,0.00609,29.183,3.6682817324859864
,,,,,,10091.0,-0.67708,0.00629,30.1381,3.647841656655624
,,,,,,10092.0,-0.67708,0.00649,31.0833,3.701316943817598
,,,,,,10093.0,-0.67708,0.00669,32.0384,3.693581668182388
,,,,,,10094.0,-0.67708,0.00689,32.9935,3.658356060300641
,,,,,,10095.0,-0.67708,0.00709,33.9462,3.6059392895455096
,,,,,,10096.0,-0.67708,0.00729,34.9013,3.6226900707659575
,,,,,,10097.0,-0.67708,0.00749,35.8564,3.627640962993086
,,,,,,10098.0,-0.67708,0.00768,36.8016,3.6392488258637234
,,,,,,10099.0,-0.67708,0.00788,37.7196,3.6525954601122423
,,,,,,10100.0,-0.67522,0.00807,38.6648,3.5649959368986512
,,,,,,10101.0,-0.67708,0.00825,39.5012,3.5953958472684056
,,,,,,10102.0,-0.67708,0.00845,40.4563,3.680849953231892
,,,,,,10103.0,-0.67708,0.00865,41.4089,3.6736161727117267
,,,,,,10104.0,-0.67708,0.00885,42.364,3.6263595177356294
,,,,,,10105.0,-0.67708,0.00904,43.3092,3.6315121966460064
,,,,,,10106.0,-0.67522,0.00922,44.1456,3.603817445000342
,,,,,,10107.0,-0.67708,0.00942,45.1007,3.6013337661628526
,,,,,,10108.0,-0.67708,0.00962,46.0558,3.682534420209745
,,,,,,10109.0,-0.67708,0.00981,46.9986,3.621210120261799
,,,,,,10110.0,-0.67708,0.00999,47.8349,3.6221418306214237
,,,,,,10112.0,-0.67708,0.01019,48.79,3.6583328378205633
,,,,,,10113.0,-0.67708,0.01039,49.7451,3.697274418509848
,,,,,,10114.0,-0.67708,0.01059,50.6978,3.6272765910832403
,,,,,,10115.0,-0.67708,0.01077,51.5886,3.568581625061118
,,,,,,10116.0,-0.67708,0.01098,52.5808,3.566298717223462
,,,,,,10117.0,-0.67708,0.01116,53.4369,3.58815611498092
,,,,,,10118.0,-0.67708,0.01136,54.3896,3.6089024466521966
,,,,,,10119.0,-0.67708,0.01156,55.3447,3.6700660967197476
,,,,,,10120.0,-0.67708,0.01176,56.2998,3.595667626271063
,,,,,,10121.0,-0.67708,0.01195,57.245,3.646942377303246
,,,,,,10122.0,-0.67708,0.01213,58.0814,3.622371872130624
,,,,,,10123.0,-0.67522,0.01233,59.034,3.5961040263694897
,,,,,,10124.0,-0.67522,0.01252,59.9545,3.659343486477788
,,,,,,10125.0,-0.67522,0.01272,60.9145,3.615918497099422
,,,,,,10126.0,-0.67522,0.01292,61.8598,3.6777777150112176
,,,,,,10127.0,-0.67522,0.01309,62.6961,3.6193738336141466
,,,,,,10128.0,-0.67522,0.01329,63.6512,3.579992730291729
,,,,,,10129.0,-0.67522,0.01349,64.6039,3.6327798764444252
,,,,,,10130.0,-0.67708,0.01369,65.5515,3.6795902700863388
,,,,,,10131.0,-0.67708,0.01389,66.5042,3.5272844551185676
,,,,,,10132.0,-0.67708,0.01409,67.4593,3.5952509496371357
,,,,,,10133.0,-0.67708,0.01429,68.4119,3.563631986827766
,,,,,,10134.0,-0.67708,0.01448,69.3596,3.6018259146261893
,,,,,,10135.0,-0.67708,0.01468,70.3024,3.6214929029871836
,,,,,,10136.0,-0.67522,0.01486,71.1412,3.6302864210676202
,,,,,,10137.0,-0.67708,0.01505,72.0938,3.6576728442928994
,,,,,,10139.0,-0.67708,0.01528,73.1578,3.677386611652963
,,,,,,10140.0,-0.67708,0.01546,74.0313,3.633572263499534
,,,,,,10141.0,-0.67708,0.01566,74.9839,3.657516640148236
,,,,,,10142.0,-0.67708,0.01586,75.939,3.631943304799423
,,,,,,10143.0,-0.67708,0.01606,76.8941,3.651438698125326
,,,,,,10144.0,-0.67708,0.01625,77.8394,3.6473493693178316
,,,,,,10144.0,-0.67522,0.01635,78.3169,3.6546684528761184
,,,,,,10144.0,-1.34673,0.01635,78.3169,3.5792845814798517
,,,,,,10145.0,-1.35231,0.01681,80.4771,3.699962313710807
,,,,,,10147.0,-1.35231,0.0172,82.37,3.57582615771586
,,,,,,10148.0,-1.35231,0.01755,84.0427,3.6774747070367972
,,,,,,10149.0,-1.35417,0.01795,85.9529,3.646014242801699
,,,,,,10150.0,-1.35417,0.01835,87.8631,3.5898100586303205
,,,,,,10151.0,-1.35231,0.01874,89.7511,3.5685807494326536
,,,,,,10152.0,-1.35231,0.01914,91.6613,3.5238005669713512
,,,,,,10153.0,-1.35417,0.01954,93.5691,3.5866389053890844
,,,,,,10154.0,-1.35231,0.01993,95.462,3.686226012143883
,,,,,,10155.0,-1.35231,0.02028,97.1371,3.6015868300508385
,,,,,,10156.0,-1.35231,0.02068,99.0474,3.609071155104713
,,,,,,10156.0,-1.35417,0.02088,100.0,3.6970668487296483
,,,,,,10156.0,-1.35417,0.02088,100.0,3.5623223587643262
,,,,,,,,,,
,,,,,,10156.0,0.67894,0.0,0.0,3.6971005527992507
,,,,,,10157.0,0.6808,0.0002,12.8378,3.671392425960157
,,,,,,10158.0,0.6808,0.0004,26.0473,3.723984804526216
,,,,,,10159.0,0.6808,0.00058,37.8041,3.624083254223225
,,,,,,10160.0,0.67894,0.00078,50.9122,3.7113091619361676
,,,,,,10162.0,0.67894,0.00098,64.0203,3.585819487363145
,,,,,,10163.0,0.6808,0.00118,77.1284,3.7113316298861068
,,,,,,10164.0,0.6808,0.00138,90.1014,3.707546482598021
,,,,,,10164.0,0.6808,0.00153,100.0,3.5897134848560976
,,,,,,10164.0,0.0,0.00153,100.0,3.6714421279921816
,,,,,,10165.0,0.0,0.00153,100.0,3.6274687093196385
,,,,,,10166.0,0.0,0.00153,100.0,3.6852783014803845
,,,,,,10167.0,0.0,0.00153,100.0,3.584803549525528
,,,,,,10168.0,0.0,0.00153,100.0,3.6675731396900852
,,,,,,10170.0,0.0,0.00153,100.0,3.5860760122063233
,,,,,,10171.0,0.0,0.00153,100.0,3.709122189191036
,,,,,,10172.0,0.0,0.00153,100.0,3.5493757459537094
,,,,,,10173.0,0.0,0.00153,100.0,3.5960506879388254
,,,,,,10174.0,0.0,0.00153,100.0,3.629950095702412
,,,,,,10175.0,0.0,0.00153,100.0,3.651800658352208
,,,,,,10176.0,0.0,0.00153,100.0,3.6750551549155013
,,,,,,10177.0,0.0,0.00153,100.0,3.6452970779869647
,,,,,,10178.0,0.0,0.00153,100.0,3.734898170741636
,,,,,,10179.0,0.0,0.00153,100.0,3.6350748219243876
,,,,,,10180.0,0.0,0.00153,100.0,3.69359346392276
,,,,,,10180.0,0.0,0.00153,100.0,3.6729619010760466
,,,,,,10180.0,0.0,0.00153,100.0,3.647729201712969
,,,,,,,,,,
,,,,,,10180.0,-0.67336,0.0,0.0,3.552553243011847
,,,,,,10181.0,-0.67708,0.00019,0.4653,3.5808734584864337
,,,,,,10182.0,-0.67522,0.00039,0.9482,3.6145763227841354
,,,,,,10184.0,-0.67522,0.00059,1.4311,3.723821760265354
,,,,,,10185.0,-0.67894,0.00079,1.9153,3.563420408232383
,,,,,,10186.0,-0.67708,0.00099,2.3944,3.623159189092649
,,,,,,10187.0,-0.67708,0.00116,2.8196,3.684087879521442
,,,,,,10188.0,-0.67522,0.00136,3.3025,3.645879580827016
,,,,,,10189.0,-0.67708,0.00157,3.8055,3.6400782596086887
,,,,,,10190.0,-0.67708,0.00177,4.2896,3.602731434748686
,,,,,,10191.0,-0.67522,0.00197,4.7725,3.667319448753518
,,,,,,10192.0,-0.67522,0.00216,5.2517,3.7089756601500854
,,,,,,10193.0,-0.67708,0.00236,5.7358,3.747227293399588
,,,,,,10194.0,-0.67708,0.00256,6.215,3.662989643419482
,,,,,,10195.0,-0.67708,0.00274,6.6577,3.6430612630996175
,,,,,,10196.0,-0.67708,0.00294,7.1419,3.6924993652351468
,,,,,,10197.0,-0.67708,0.00314,7.626,3.6595057609257986
,,,,,,10198.0,-0.67708,0.00334,8.1102,3.5798440823918507
,,,,,,10199.0,-0.67708,0.00354,8.5893,3.6319966516956548
,,,,,,10200.0,-0.67708,0.00371,9.0145,3.6472784710485615
,,,,,,10201.0,-0.67708,0.00391,9.4974,3.5680236079275582
,,,,,,10202.0,-0.67522,0.00411,9.9816,3.6835186286560964
,,,,,,10203.0,-0.67708,0.00431,10.4645,3.6495958708586755
,,,,,,10204.0,-0.67522,0.00451,10.9436,3.646402533179365
,,,,,,10205.0,-0.67708,0.00471,11.4277,3.5054729824257627
,,,,,,10207.0,-0.67522,0.00493,11.9571,3.633463118685776
,,,,,,10208.0,-0.67708,0.00512,12.4186,3.680358945980269
,,,,,,10209.0,-0.67708,0.00531,12.884,3.6767443445805577
,,,,,,10210.0,-0.67708,0.00551,13.3669,3.5590004490115
,,,,,,10211.0,-0.67708,0.00571,13.851,3.5989697945582986
,,,,,,10212.0,-0.67708,0.0059,14.3339,3.642251485585468
,,,,,,10213.0,-0.67708,0.0061,14.8181,3.5781692238655416
,,,,,,10214.0,-0.67522,0.0063,15.2972,3.6965176746679314
,,,,,,10215.0,-0.67708,0.00648,15.7211,3.70361677168015
,,,,,,10215.0,-0.67708,0.0066,16.0234,3.6996083453538504
,,,,,,10215.0,-5.38318,0.0066,16.0234,3.5533074320410667
,,,,,,10216.0,-5.40737,0.00809,19.6332,3.4506836519448916
,,,,,,10218.0,-5.40923,0.00968,23.4977,3.3499646257894846
,,,,,,10219.0,-5.40923,0.01153,27.983,3.393233827348378
,,,,,,10220.0,-5.40737,0.01294,31.4109,3.403970068602323
,,,,,,10221.0,-5.40923,0.01452,35.2415,3.483716188622028
,,,,,,10222.0,-5.40737,0.01609,39.0696,3.4387052534227562
,,,,,,10223.0,-5.40551,0.01769,42.9353,3.4434715226329025
,,,,,,10223.0,-5.40737,0.01868,45.3422,3.4717901631735346
,,,,,,10223.0,-3.38728,0.01868,45.3422,3.613890811854995
,,,,,,10224.0,-3.37798,0.01956,47.4845,3.4887932656471863
,,,,,,10226.0,-3.3817,0.02056,49.9003,3.47697320321552
,,,,,,10227.0,-3.3817,0.02166,52.5907,3.528610925434536
,,,,,,10228.0,-3.37798,0.02254,54.7104,3.5036832546145766
,,,,,,10229.0,-3.37984,0.02353,57.1262,3.5129544187462405
,,,,,,10230.0,-3.37984,0.02458,59.6786,3.4630508658526034
,,,,,,10231.0,-3.37612,0.02548,61.8435,3.526906606750061
,,,,,,10232.0,-3.38542,0.02646,64.2367,3.443241062150469
,,,,,,10233.0,-3.37798,0.02746,66.6537,3.5389149757698313
,,,,,,10234.0,-3.3817,0.02845,69.0682,3.497562279643312
,,,,,,10235.0,-3.37612,0.02945,71.4839,3.4625807376863924
,,,,,,10236.0,-3.3817,0.03043,73.8784,3.523057688399818
,,,,,,10237.0,-3.3817,0.03144,76.3179,3.4826572314725714
,,,,,,10238.0,-3.37798,0.03242,78.6873,3.459646948151564
,,,,,,10239.0,-3.3817,0.03341,81.1043,3.5113750906069967
,,,,,,10240.0,-3.37798,0.03441,83.5188,3.5353681340498246
,,,,,,10241.0,-3.3817,0.0354,85.9345,3.5416652062943914
,,,,,,10242.0,-3.37984,0.0364,88.3515,3.5617713102056388
,,,,,,10243.0,-3.3817,0.03734,90.6305,3.456972573214408
,,,,,,10244.0,-3.37984,0.03823,92.7967,3.441484826570821
,,,,,,10245.0,-3.3817,0.03922,95.2137,3.4967755517319943
,,,,,,10246.0,-3.38356,0.04021,97.6068,3.5361359381290605
,,,,,,10247.0,-3.3817,0.04119,100.0,3.347010128378084
,,,,,,10248.0,-3.37798,0.04119,100.0,3.5040725652753757
,,,,,,10248.0,-3.37798,0.04119,100.0,3.563107961904194
,,,,,,,,,,
,,,,,,10248.0,1.35417,0.0,0.0,3.562016648745818
,,,,,,10249.0,1.35231,0.00042,13.7698,3.5352372953526428
,,,,,,10250.0,1.35789,0.00082,26.814,3.679756646506383
,,,,,,10251.0,1.35603,0.00122,39.7233,3.644142374974111
,,,,,,10252.0,1.35603,0.00157,51.1644,3.6436564043413884
,,,,,,10253.0,1.35603,0.00197,64.2086,3.6068556026052168
,,,,,,10254.0,1.35417,0.00236,77.2359,3.6720004224652243
,,,,,,10255.0,1.35603,0.00276,90.2801,3.592146400734326
,,,,,,10256.0,1.35603,0.00306,100.0,3.69006711936661
,,,,,,10256.0,1.35603,0.00306,100.0,3.6859660081849555
,,,,,,,,,,
,,,,,,10256.0,-1.34301,0.0,0.0,3.5758089141737313
,,,,,,10257.0,-1.35231,0.00039,3.2425,3.5585843241123425
,,,,,,10258.0,-1.35603,0.00079,6.558,3.5501305587786827
,,,,,,10259.0,-1.35417,0.00118,9.8435,3.6487694564975284
,,,,,,10260.0,-1.35603,0.00158,13.1633,3.542572287460191
,,,,,,10261.0,-1.35417,0.002,16.6079,3.5251293942122746
,,,,,,10262.0,-1.35789,0.00239,19.8675,3.6180440561471405
,,,,,,10263.0,-1.35231,0.00278,23.153,3.579805918358776
,,,,,,10264.0,-1.35603,0.00313,26.06,3.491453882353301
,,,,,,10265.0,-1.35603,0.00353,29.3799,3.594058983830016
,,,,,,10266.0,-1.35417,0.00393,32.6997,3.6674772085707543
,,,,,,10267.0,-1.35603,0.00433,36.0196,3.4990135509009956
,,,,,,10268.0,-1.35603,0.00472,39.3051,3.5572856803793518
,,,,,,10269.0,-1.35231,0.00512,42.5905,3.6108102099912087
,,,,,,10270.0,-1.35417,0.00547,45.532,3.597828601524665
,,,,,,10271.0,-1.35603,0.00587,48.8518,3.63095511074639
,,,,,,10272.0,-1.35231,0.00627,52.1717,3.599448527124875
,,,,,,10273.0,-1.35603,0.00667,55.4872,3.550417218760294
,,,,,,10274.0,-1.35417,0.00706,58.777,3.622041209633363
,,,,,,10275.0,-1.35045,0.00746,62.0968,3.6999663217834406
,,,,,,10276.0,-1.35603,0.00786,65.3866,3.6251080007000076
,,,,,,10278.0,-1.35417,0.00825,68.7022,3.543832043502599
,,,,,,10279.0,-1.35045,0.00865,71.9876,3.552334800181559
,,,,,,10280.0,-1.35417,0.009,74.8989,3.4740237240109924
,,,,,,10281.0,-1.35417,0.0094,78.2188,3.609310998260875
,,,,,,10282.0,-1.35417,0.0098,81.5344,3.599176845823649
,,,,,,10283.0,-1.35417,0.01019,84.8198,3.616989683303615
,,,,,,10284.0,-1.35417,0.01054,87.7311,3.570728652896489
,,,,,,10285.0,-1.35417,0.01092,90.8919,3.6396055136959604
,,,,,,10286.0,-1.35789,0.01132,94.1816,3.516595363735767
,,,,,,10287.0,-1.35045,0.01171,97.4972,3.6225445844540793
,,,,,,10288.0,-1.35417,0.01202,100.0,3.58222957245839
,,,,,,10288.0,-1.35417,0.01202,100.0,3.609871320278194
,,,,,,,,,,
,,,,,,10288.0,2.69717,0.0,0.0,3.5923235352908134
,,,,,,10289.0,2.70833,0.00089,14.7492,3.7040373354739735
,,,,,,10290.0,2.70833,0.00159,26.2795,3.7335800167784057
,,,,,,10291.0,2.70647,0.00239,39.4107,3.636130971886348
,,,,,,10292.0,2.70275,0.00319,52.5419,3.726698552760113
,,,,,,10293.0,2.70461,0.00398,65.5454,3.681922856084371
,,,,,,10294.0,2.70461,0.00477,78.6852,3.6891271824425935
,,,,,,10295.0,2.70833,0.00557,91.8249,3.757895323342923
,,,,,,10296.0,2.70833,0.00607,100.0,3.7278221751633516
,,,,,,10296.0,0.0,0.00607,100.0,3.712382861049872
,,,,,,10297.0,0.0,0.00607,100.0,3.6717156484870173
,,,,,,10298.0,0.0,0.00607,100.0,3.642680093906041
,,,,,,10299.0,0.0,0.00607,100.0,3.7084045425917176
,,,,,,10300.0,0.0,0.00607,100.0,3.693403651687797
,,,,,,10301.0,0.0,0.00607,100.0,3.6164750281827405
,,,,,,10302.0,0.0,0.00607,100.0,3.583141935331834
,,,,,,10303.0,0.0,0.00607,100.0,3.732099282693784
,,,,,,10304.0,0.0,0.00607,100.0,3.6712806947984307
,,,,,,10305.0,0.0,0.00607,100.0,3.6522672015147286
,,,,,,10306.0,0.0,0.00607,100.0,3.5836173083182254
,,,,,,10307.0,0.0,0.00607,100.0,3.659290189843536
,,,,,,10308.0,0.0,0.00607,100.0,3.682619398031306
,,,,,,10309.0,0.0,0.00607,100.0,3.547370310821354
,,,,,,10310.0,0.0,0.00607,100.0,3.596749745917989
,,,,,,10311.0,0.0,0.00607,100.0,3.6840576705535764
,,,,,,10312.0,0.0,0.00607,100.0,3.640267314078835
,,,,,,10313.0,0.0,0.00607,100.0,3.6453712467237622
,,,,,,10314.0,0.0,0.00607,100.0,3.6391464430308367
,,,,,,10315.0,0.0,0.00607,100.0,3.721174519147175
,,,,,,10316.0,0.0,0.00607,100.0,3.67314153521134
,,,,,,10317.0,0.0,0.00607,100.0,3.632925391295216
,,,,,,10318.0,0.0,0.00607,100.0,3.654528706331223
,,,,,,10319.0,0.0,0.00607,100.0,3.646603365336065
,,,,,,10320.0,0.0,0.00607,100.0,3.660078282733122
,,,,,,10321.0,0.0,0.00607,100.0,3.666325405902215
,,,,,,10322.0,0.0,0.00607,100.0,3.618058800820524
,,,,,,10323.0,0.0,0.00607,100.0,3.5739492758438223
,,,,,,10324.0,0.0,0.00607,100.0,3.781394926552352
,,,,,,10325.0,0.0,0.00607,100.0,3.7077745771095114
,,,,,,10326.0,0.0,0.00607,100.0,3.649145015089803
,,,,,,10327.0,0.0,0.00607,100.0,3.564631259796328
,,,,,,10328.0,0.0,0.00607,100.0,3.6210357856894224
,,,,,,10329.0,0.0,0.00607,100.0,3.61344970415939
,,,,,,10331.0,0.0,0.00607,100.0,3.642533630762186
,,,,,,10332.0,0.0,0.00607,100.0,3.6213500977121567
,,,,,,10333.0,0.0,0.00607,100.0,3.582128972555948
,,,,,,10334.0,0.0,0.00607,100.0,3.5510235179517102
,,,,,,10335.0,0.0,0.00607,100.0,3.5845143511358883
,,,,,,10335.0,0.0,0.00607,100.0,3.694212287604558
,,,,,,10336.0,0.0,0.00607,100.0,3.688131177917519
,,,,,,10337.0,0.0,0.00607,100.0,3.6128184711795943
,,,,,,10338.0,0.0,0.00607,100.0,3.6205129118710926
,,,,,,10339.0,0.0,0.00607,100.0,3.6374670246187963
,,,,,,10340.0,0.0,0.00607,100.0,3.7009769601662406
,,,,,,10341.0,0.0,0.00607,100.0,3.5937598619175284
,,,,,,10342.0,0.0,0.00607,100.0,3.62931005870453
,,,,,,10343.0,0.0,0.00607,100.0,3.614983604106006
,,,,,,10344.0,0.0,0.00607,100.0,3.6548182997017866
,,,,,,10345.0,0.0,0.00607,100.0,3.645439765091331
,,,,,,10346.0,0.0,0.00607,100.0,3.6471597284538375
,,,,,,10347.0,0.0,0.00607,100.0,3.5649993622987735
,,,,,,10348.0,0.0,0.00607,100.0,3.705114582332691
,,,,,,10349.0,0.0,0.00607,100.0,3.692268284423592
,,,,,,10350.0,0.0,0.00607,100.0,3.716744892453518
,,,,,,10351.0,0.0,0.00607,100.0,3.581175249400829
,,,,,,10352.0,0.0,0.00607,100.0,3.676590471663287
,,,,,,10352.0,0.0,0.00607,100.0,3.7020349685197074
,,,,,,,,,,
,,,,,,10352.0,-0.67522,0.0,0.0,3.6156076025407353
,,,,,,10353.0,-0.67522,0.00019,1.897,3.5543557777502954
,,,,,,10354.0,-0.67708,0.0004,4.0417,3.555531965671513
,,,,,,10355.0,-0.67522,0.0006,6.0705,3.650944901318935
,,,,,,10356.0,-0.67708,0.00079,8.0835,3.6250904071222694
,,,,,,10357.0,-0.67708,0.00097,9.8698,3.6930869010781735
,,,,,,10358.0,-0.67708,0.00117,11.8986,3.5470137813122236
,,,,,,10359.0,-0.67708,0.00137,13.9327,3.6237948032164407
,,,,,,10360.0,-0.67522,0.00156,15.9456,3.6074019801742323
,,,,,,10361.0,-0.67708,0.00174,17.7267,3.5985665154393565
,,,,,,10362.0,-0.67708,0.00194,19.7608,3.6540405203747106
,,,,,,10363.0,-0.67522,0.00214,21.7895,3.6510570600641348
,,,,,,10364.0,-0.67708,0.00233,23.8025,3.5038330917012765
,,,,,,10365.0,-0.67708,0.00253,25.7997,3.70206188957668
,,,,,,10366.0,-0.67522,0.00271,27.6598,3.670844811722713
,,,,,,10367.0,-0.67708,0.00292,29.8256,3.635124590243257
,,,,,,10368.0,-0.67708,0.00312,31.8596,3.6014393286402835
,,,,,,10369.0,-0.67522,0.00332,33.8726,3.6089255088716974
,,,,,,10370.0,-0.67708,0.0035,35.6537,3.639603749325557
,,,,,,10371.0,-0.67708,0.0037,37.6877,3.656487972105337
,,,,,,10372.0,-0.67708,0.00389,39.7218,3.610779016477404
,,,,,,10373.0,-0.67708,0.00409,41.7347,3.5904014269230324
,,,,,,10374.0,-0.67708,0.00428,43.6739,3.5859687334601222
,,,,,,10375.0,-0.67708,0.00446,45.455,3.647081092437772
,,,,,,10376.0,-0.67708,0.00466,47.4891,3.6944639906038717
,,,,,,10377.0,-0.67708,0.00486,49.5178,3.6634958212205553
,,,,,,10379.0,-0.67708,0.00505,51.5308,3.636321571330059
,,,,,,10380.0,-0.67708,0.00523,53.3172,3.602161997616984
,,,,,,10380.0,-0.67708,0.00525,53.5648,3.653616453506771
,,,,,,10380.0,-1.35417,0.00525,53.5648,3.5566272442005444
,,,,,,10381.0,-1.35417,0.00562,57.3642,3.574287851545347
,,,,,,10382.0,-1.35231,0.00603,61.506,3.62439027427798
,,,,,,10383.0,-1.35417,0.00643,65.5688,3.6259542682177215
,,,,,,10384.0,-1.35045,0.00682,69.5948,3.5157810048470832
,,,,,,10385.0,-1.35417,0.00722,73.6629,3.600016084186308
,,,,,,10386.0,-1.35603,0.00762,77.7309,3.597332958748174
,,,,,,10387.0,-1.34859,0.00802,81.7885,3.5964226566922277
,,,,,,10388.0,-1.35417,0.00841,85.8144,3.6115309124608395
,,,,,,10389.0,-1.35417,0.00876,89.3819,3.692677705587102
,,,,,,10390.0,-1.35789,0.00916,93.4447,3.584282570302878
,,,,,,10391.0,-1.35231,0.00956,97.4654,3.6025935092258923
,,,,,,10392.0,-1.35975,0.00981,100.0,3.6792025848075327
,,,,,,10392.0,-1.35975,0.00981,100.0,3.6497818097687276
,,,,,,,,,,
,,,,,,10392.0,0.67894,0.0,0.0,3.684785642291062
,,,,,,10393.0,0.67894,0.00018,11.7185,3.6537048944302537
,,,,,,10394.0,0.67894,0.00039,25.6918,3.612653990704771
,,,,,,10395.0,0.67894,0.00057,37.547,3.636883940709808
,,,,,,10396.0,0.67894,0.00077,50.7345,3.6552181083000117
,,,,,,10397.0,0.67894,0.00097,63.8538,3.6396990672910845
,,,,,,10398.0,0.67894,0.00117,77.0413,3.7085924206967253
,,,,,,10399.0,0.67894,0.00136,90.1606,3.6447183705686075
,,,,,,10400.0,0.67894,0.00151,100.0,3.6797594612010545
,,,,,,10400.0,0.0,0.00151,100.0,3.6232790460540847
,,,,,,10401.0,0.0,0.00151,100.0,3.651369954287152
,,,,,,10402.0,0.0,0.00151,100.0,3.6735485507092602
,,,,,,10403.0,0.0,0.00151,100.0,3.6491371514109368
,,,,,,10404.0,0.0,0.00151,100.0,3.6615004669091378
,,,,,,10405.0,0.0,0.00151,100.0,3.637760973980822
,,,,,,10406.0,0.0,0.00151,100.0,3.6358720400055824
,,,,,,10407.0,0.0,0.00151,100.0,3.6888123250095055
,,,,,,10408.0,0.0,0.00151,100.0,3.6987244223410976
,,,,,,10409.0,0.0,0.00151,100.0,3.6725074412369714
,,,,,,10410.0,0.0,0.00151,100.0,3.63008882483965
,,,,,,10411.0,0.0,0.00151,100.0,3.5144050327456866
,,,,,,10412.0,0.0,0.00151,100.0,3.636270242877988
,,,,,,10413.0,0.0,0.00151,100.0,3.6640509370311536
,,,,,,10414.0,0.0,0.00151,100.0,3.6458066877318402
,,,,,,10415.0,0.0,0.00151,100.0,3.5900837328341617
,,,,,,10416.0,0.0,0.00151,100.0,3.717248228341965
,,,,,,10416.0,0.0,0.00151,100.0,3.506748173595653
,,,,,,,,,,
,,,,,,10416.0,-0.67708,0.0,0.0,3.504231512589995
,,,,,,10417.0,-0.67708,0.00019,0.9283,3.7277491982342106
,,,,,,10418.0,-0.67708,0.00039,1.8813,3.5489185500833145
,,,,,,10419.0,-0.67708,0.00059,2.8368,3.589470469063603
,,,,,,10420.0,-0.67708,0.00079,3.7799,3.7164297740466705
,,,,,,10421.0,-0.67522,0.00096,4.619,3.6786312946775372
,,,,,,10422.0,-0.67708,0.00116,5.5721,3.6238709350055873
,,,,,,10423.0,-0.67708,0.00136,6.5276,3.5960430497136713
,,,,,,10424.0,-0.67708,0.00156,7.4731,3.679343595039329
,,,,,,10425.0,-0.67708,0.00175,8.3915,3.5979701407465754
,,,,,,10426.0,-0.67708,0.00195,9.347,3.6134021780335117
,,,,,,10427.0,-0.67708,0.00215,10.3025,3.626830823993141
,,,,,,10428.0,-0.67708,0.00235,11.2481,3.556759857360454
,,,,,,10429.0,-0.67708,0.00254,12.1862,3.632171978912753
,,,,,,10430.0,-0.67708,0.00273,13.0576,3.548376673825416
,,,,,,10431.0,-0.67708,0.00293,14.0131,3.6091578502894217
,,,,,,10432.0,-0.67708,0.00312,14.9686,3.600980832220997
,,,,,,10433.0,-0.67708,0.00333,15.9315,3.6059522591791664
,,,,,,10434.0,-0.67708,0.00351,16.8325,3.708596484641544
,,,,,,10435.0,-0.67708,0.00371,17.788,3.5641593846256705
,,,,,,10436.0,-0.67522,0.00391,18.7336,3.6961174763029936
,,,,,,10437.0,-0.67708,0.00409,19.5703,3.616885153294232
,,,,,,10439.0,-0.67708,0.00428,20.5258,3.562453532325422
,,,,,,10440.0,-0.67522,0.00448,21.4813,3.605626029655481
,,,,,,10441.0,-0.67708,0.00468,22.4269,3.6747856826317333
,,,,,,10442.0,-0.67894,0.00487,23.3279,3.5678252528610215
,,,,,,10443.0,-0.67708,0.00506,24.2636,3.529023128374783
,,,,,,10444.0,-0.67708,0.00526,25.2191,3.728394473917002
,,,,,,10445.0,-0.67708,0.00546,26.1647,3.5988276708200235
,,,,,,10446.0,-0.67708,0.00564,27.0013,3.6508326850575727
,,,,,,10447.0,-0.67708,0.00584,27.9568,3.6776814055136944
,,,,,,10448.0,-0.67708,0.00603,28.9024,3.7185464395075543
,,,,,,10449.0,-0.67708,0.00623,29.8579,3.638766845709633
,,,,,,10450.0,-0.67708,0.00643,30.8109,3.5662350979244675
,,,,,,10451.0,-0.67708,0.00663,31.7565,3.617469046775726
,,,,,,10452.0,-0.67522,0.00683,32.712,3.6357952097514934
,,,,,,10453.0,-0.67708,0.00703,33.6675,3.685827187145333
,,,,,,10454.0,-0.67708,0.00723,34.6205,3.6000655344072823
,,,,,,10455.0,-0.67708,0.00743,35.576,3.6340020750229978
,,,,,,10456.0,-0.67708,0.00763,36.5315,3.5900702736254533
,,,,,,10457.0,-0.67708,0.00782,37.4771,3.6535125540591493
,,,,,,10458.0,-0.67708,0.008,38.3138,3.6727015104137513
,,,,,,10459.0,-0.67708,0.0082,39.2693,3.612503186471548
,,,,,,10460.0,-0.67522,0.00839,40.2149,3.673028974639082
,,,,,,10461.0,-0.67708,0.00859,41.1704,3.6092292104784605
,,,,,,10462.0,-0.67708,0.00879,42.1159,3.6307329378155635
,,,,,,10464.0,-0.67522,0.00899,43.069,3.6629757279242834
,,,,,,10465.0,-0.67522,0.00919,44.0245,3.6635054500808533
,,,,,,10466.0,-0.67894,0.00939,44.9799,3.691486728127705
,,,,,,10467.0,-0.67708,0.00959,45.9255,3.5458541810796746
,,,,,,10468.0,-0.67522,0.00979,46.8786,3.6089937046817715
,,,,,,10469.0,-0.67522,0.00998,47.8316,3.5392924406696635
,,,,,,10470.0,-0.67708,0.01018,48.7871,3.62988564254065
,,,,,,10471.0,-0.67708,0.01038,49.7426,3.674956800257436
,,,,,,10472.0,-0.67708,0.01057,50.6263,3.605926595483839
,,,,,,10473.0,-0.67708,0.01078,51.6511,3.5940634828737967
,,,,,,10474.0,-0.67708,0.01097,52.5719,3.6659967660683495
,,,,,,10475.0,-0.67522,0.01115,53.4086,3.5805993314656472
,,,,,,10476.0,-0.67708,0.01135,54.3641,3.645693809812937
,,,,,,10477.0,-0.67708,0.01155,55.3097,3.6796404623791483
,,,,,,10478.0,-0.67894,0.01174,56.2652,3.637201722595673
,,,,,,10479.0,-0.67708,0.01194,57.2207,3.541435635140982
,,,,,,10480.0,-0.67708,0.01214,58.1662,3.6258357383227615
,,,,,,10481.0,-0.67708,0.01235,59.1564,3.6414049323745394
,,,,,,10482.0,-0.67708,0.01253,60.0302,3.6046253876441554
,,,,,,10483.0,-0.67708,0.01273,60.9832,3.5853392651529465
,,,,,,10484.0,-0.67708,0.01293,61.9387,3.6262097106147966
,,,,,,10485.0,-0.67522,0.01313,62.8818,3.5629622284052376
,,,,,,10486.0,-0.67894,0.0133,63.721,3.6478818560745383
,,,,,,10488.0,-0.67708,0.0135,64.674,3.4896607891799296
,,,,,,10489.0,-0.67708,0.0137,65.6196,3.6204794132953944
,,,,,,10490.0,-0.67708,0.0139,66.5751,3.5926566177473878
,,,,,,10491.0,-0.67522,0.0141,67.5306,3.6584531923922303
,,,,,,10492.0,-0.67708,0.01429,68.4762,3.6323365013538376
,,,,,,10493.0,-0.67522,0.01449,69.4317,3.731344891928164
,,,,,,10494.0,-0.67708,0.01469,70.3772,3.573849818126043
,,,,,,10495.0,-0.67708,0.01489,71.3327,3.588104503927704
,,,,,,10496.0,-0.67708,0.01509,72.2783,3.5299994515727344
,,,,,,10497.0,-0.67708,0.01528,73.1868,3.6444530530189168
,,,,,,10498.0,-0.67522,0.01548,74.1423,3.5852994888143477
,,,,,,10499.0,-0.67522,0.01568,75.0978,3.578170267057757
,,,,,,10500.0,-0.67708,0.01587,76.0434,3.6272581851222254
,,,,,,10501.0,-0.67522,0.01607,76.9964,3.584143931453114
,,,,,,10502.0,-0.67708,0.01627,77.9519,3.592267225008022
,,,,,,10503.0,-0.67522,0.01637,78.4296,3.7316585599170318
,,,,,,10503.0,-1.35417,0.01637,78.4296,3.573045128666772
,,,,,,10504.0,-1.35603,0.01675,80.2292,3.6520669112108637
,,,,,,10505.0,-1.35417,0.01715,82.1402,3.669008251521123
,,,,,,10506.0,-1.35603,0.01754,84.0314,3.5869588085918207
,,,,,,10507.0,-1.35417,0.01794,85.9424,3.5604747459834853
,,,,,,10508.0,-1.35603,0.01834,87.8534,3.56777858914818
,,,,,,10509.0,-1.35417,0.01873,89.747,3.648353427791894
,,,,,,10510.0,-1.35789,0.01913,91.658,3.622419850509943
,,,,,,10511.0,-1.35417,0.01953,93.569,3.565781018759137
,,,,,,10512.0,-1.35603,0.01993,95.4577,3.5339996137702925
,,,,,,10513.0,-1.35231,0.02028,97.1335,3.7190334640156744
,,,,,,10514.0,-1.35603,0.02067,99.0445,3.5443002733801947
,,,,,,10515.0,-1.35417,0.02087,100.0,3.575328909257669
,,,,,,10515.0,-1.35417,0.02087,100.0,3.659409647936368
,,,,,,,,,,
,,,,,,10515.0,0.6808,0.0,0.0,3.692136372834419
,,,,,,10516.0,0.67894,0.0002,13.0184,3.616549957249028
,,,,,,10517.0,0.67894,0.0004,26.1727,3.691886718778947
,,,,,,10518.0,0.67894,0.00059,38.7152,3.6071424245001014
,,,,,,10519.0,0.67894,0.00079,51.7335,3.6744597820195173
,,,,,,10520.0,0.67894,0.00099,64.8878,3.72249744626862
,,,,,,10521.0,0.67708,0.00116,76.4106,3.685035263691885
,,,,,,10522.0,0.67894,0.00137,90.1768,3.654296958485312
,,,,,,10523.0,0.67894,0.00152,100.0,3.692570292913722
,,,,,,10523.0,0.0,0.00152,100.0,3.569044742135454
,,,,,,10524.0,0.0,0.00152,100.0,3.5629272620876695
,,,,,,10525.0,0.0,0.00152,100.0,3.59271229404654
,,,,,,10526.0,0.0,0.00152,100.0,3.709704541954103
,,,,,,10527.0,0.0,0.00152,100.0,3.6598691633054217
,,,,,,10528.0,0.0,0.00152,100.0,3.6818473333489803
,,,,,,10529.0,0.0,0.00152,100.0,3.6793691447253454
,,,,,,10530.0,0.0,0.00152,100.0,3.590464585338228
,,,,,,10531.0,0.0,0.00152,100.0,3.654448184356197
,,,,,,10532.0,0.0,0.00152,100.0,3.550002471464269
,,,,,,10533.0,0.0,0.00152,100.0,3.5659943716939213
,,,,,,10534.0,0.0,0.00152,100.0,3.620563271240946
,,,,,,10535.0,0.0,0.00152,100.0,3.676416353198038
,,,,,,10536.0,0.0,0.00152,100.0,3.5796575004342426
,,,,,,10537.0,0.0,0.00152,100.0,3.607548553147243
,,,,,,10538.0,0.0,0.00152,100.0,3.7119158061078363
,,,,,,10539.0,0.0,0.00152,100.0,3.654911333281205
,,,,,,10539.0,0.0,0.00152,100.0,3.607487421552466
,,,,,,,,,,
,,,,,,10539.0,-0.67708,0.0,0.0,3.687370266782741
,,,,,,10540.0,-0.67708,0.00018,0.4477,3.632591242185126
,,,,,,10541.0,-0.67522,0.00038,0.9305,3.5967471745488684
,,,,,,10542.0,-0.67522,0.00058,1.4145,3.6567316282899918
,,,,,,10543.0,-0.67708,0.00078,1.8986,3.6257714462179567
,,,,,,10544.0,-0.67708,0.00098,2.3813,3.6140702173547847
,,,,,,10545.0,-0.67522,0.00118,2.8604,3.6036612362983655
,,,,,,10546.0,-0.67708,0.00139,3.362,3.5676535029688714
,,,,,,10547.0,-0.67894,0.00158,3.8422,3.598041761640954
,,,,,,10548.0,-0.67708,0.00178,4.3213,3.7198989106748073
,,,,,,10549.0,-0.67708,0.00198,4.8041,3.6288169718966707
,,,,,,10550.0,-0.67708,0.00218,5.2881,3.6357557696217557
,,,,,,10551.0,-0.67708,0.00238,5.7671,3.5647826056712484
,,,,,,10552.0,-0.67708,0.00256,6.2236,3.6637376514457496
,,,,,,10553.0,-0.67522,0.00275,6.67,3.608493653634594
,,,,,,10555.0,-0.67708,0.00295,7.1541,3.558188247522184
,,,,,,10556.0,-0.67522,0.00315,7.6368,3.61006751590124
,,,,,,10557.0,-0.67708,0.00334,8.1159,3.65752700142954
,,,,,,10558.0,-0.67708,0.00354,8.5999,3.6474700220287444
,,,,,,10559.0,-0.67708,0.00374,9.0827,3.733536592013917
,,,,,,10560.0,-0.67522,0.00394,9.5667,3.5836674209024464
,,,,,,10561.0,-0.67708,0.00414,10.0458,3.616271146302587
,,,,,,10562.0,-0.67708,0.00431,10.4696,3.5301650064644616
,,,,,,10563.0,-0.67522,0.00451,10.9524,3.648859445375671
,,,,,,10564.0,-0.67522,0.00471,11.4327,3.523921423544342
,,,,,,10565.0,-0.67708,0.00491,11.9155,3.573516640270871
,,,,,,10566.0,-0.67522,0.00512,12.4221,3.5774576851429476
,,,,,,10567.0,-0.67708,0.00532,12.9011,3.5433623205323888
,,,,,,10568.0,-0.67708,0.00551,13.3801,3.689503950588257
,,,,,,10569.0,-0.67708,0.00571,13.8642,3.558226092458769
,,,,,,10570.0,-0.67708,0.00591,14.3432,3.5710618689411313
,,,,,,10571.0,-0.67894,0.00611,14.8273,3.5349356232983458
,,,,,,10572.0,-0.67708,0.00631,15.3101,3.6381108429873206
,,,,,,10573.0,-0.67708,0.00651,15.7941,3.691386301018891
,,,,,,10574.0,-0.67522,0.00658,15.9722,3.5913177160630387
,,,,,,10574.0,-5.40737,0.00658,15.9722,3.524910290101201
,,,,,,10575.0,-5.41295,0.00801,19.4382,3.4588304981868396
,,,,,,10576.0,-5.40923,0.0096,23.303,3.4532438479831393
,,,,,,10577.0,-5.40737,0.01118,27.1315,3.5475263269019828
,,,,,,10578.0,-5.40551,0.01261,30.595,3.422979779274372
,,,,,,10579.0,-5.41295,0.01426,34.6078,3.451285741336637
,,,,,,10580.0,-5.40923,0.01585,38.4726,3.4631336740279313
,,,,,,10581.0,-5.41481,0.01744,42.3362,3.535479253100842
,,,,,,10582.0,-5.40737,0.01863,45.2166,3.5090369749947907
,,,,,,10582.0,-3.37426,0.01863,45.2166,3.4905386883222893
,,,,,,10583.0,-3.37798,0.01961,47.5867,3.606855767558773
,,,,,,10584.0,-3.3817,0.02059,49.9793,3.426642876060001
,,,,,,10585.0,-3.37798,0.02159,52.3958,3.4387838205091565
,,,,,,10586.0,-3.37984,0.02252,54.6517,3.48018353885815
,,,,,,10587.0,-3.37426,0.02354,57.1371,3.499005678697384
,,,,,,10588.0,-3.37798,0.02462,59.7567,3.4194967717960534
,,,,,,10589.0,-3.3817,0.02551,61.9211,3.5238150820586154
,,,,,,10590.0,-3.38356,0.02651,64.3376,3.4264408727754363
,,,,,,10591.0,-3.37984,0.0275,66.7302,3.502104502775284
,,,,,,10592.0,-3.37984,0.02837,68.8495,3.477405118823817
,,,,,,10593.0,-3.37984,0.02936,71.2634,3.5644241035393396
,,,,,,10594.0,-3.3817,0.03036,73.6786,3.512122166950207
,,,,,,10595.0,-3.37798,0.03136,76.1164,3.6426245193173203
,,,,,,10596.0,-3.3817,0.03233,78.4639,3.490358689658225
,,,,,,10597.0,-3.38542,0.03323,80.6533,3.472755173181768
,,,,,,10598.0,-3.37612,0.03423,83.0673,3.4826446060545018
,,,,,,10600.0,-3.38542,0.03522,85.4825,3.4967803834460125
,,,,,,10601.0,-3.37984,0.03621,87.8751,3.541952338093985
,,,,,,10602.0,-3.37798,0.03719,90.2677,3.4539216771520556
,,,,,,10603.0,-3.3817,0.03823,92.7745,3.5226740618742807
,,,,,,10604.0,-3.37612,0.03922,95.1897,3.4579402726837967
,,,,,,10605.0,-3.37984,0.04022,97.6061,3.473550526638641
,,,,,,10606.0,-3.3817,0.0412,100.0,3.4267583897171727
,,,,,,10606.0,-3.3817,0.0412,100.0,3.442422519502682
,,,,,,,,,,
,,,,,,10606.0,1.35603,0.0,0.0,3.5746857580807987
,,,,,,10607.0,1.35045,0.00036,12.0449,3.6425918928666037
,,,,,,10608.0,1.35417,0.00076,25.3494,3.6658097727103156
,,,,,,10609.0,1.35045,0.00115,38.5505,3.6509453612410208
,,,,,,10610.0,1.35603,0.00155,51.855,3.611068076589957
,,,,,,10611.0,1.35789,0.00195,65.1769,3.5855244158227584
,,,,,,10612.0,1.35603,0.00235,78.4987,3.643732856711647
,,,,,,10613.0,1.35417,0.00275,91.6997,3.649184208085047
,,,,,,10614.0,1.35417,0.00299,100.0,3.633072402320953
,,,,,,10614.0,1.35417,0.00299,100.0,3.6093740814528714
,,,,,,,,,,
,,,,,,10614.0,-1.35789,0.0,0.0,3.541961565969392
,,,,,,10615.0,-1.35603,0.00041,3.3744,3.5224908713460863
,,,,,,10616.0,-1.35231,0.00079,6.5642,3.553575175284619
,,,,,,10617.0,-1.35603,0.00119,9.8785,3.529640338385763
,,,,,,10618.0,-1.35603,0.00158,13.1585,3.517530625944327
,,,,,,10619.0,-1.35231,0.00193,16.0692,3.5405834785003916
,,,,,,10620.0,-1.35045,0.00232,19.2848,3.5254372704200296
,,,,,,10621.0,-1.35417,0.00273,22.6592,3.6801951444271963
,,,,,,10622.0,-1.35603,0.00313,25.9735,3.53134226449785
,,,,,,10623.0,-1.35231,0.00352,29.2534,3.518555029593401
,,,,,,10624.0,-1.35231,0.00387,32.1599,3.517624952318007
,,,,,,10625.0,-1.35789,0.00427,35.4699,3.669089777756215
,,,,,,10626.0,-1.35417,0.00466,38.7541,3.660121264304502
,,,,,,10627.0,-1.35789,0.00509,42.2874,3.5985951068729207
,,,,,,10628.0,-1.35231,0.00546,45.3784,3.5328800489248597
,,,,,,10629.0,-1.35603,0.00586,48.697,3.5420879969741295
,,,,,,10631.0,-1.35603,0.00626,52.007,3.6425942154022177
,,,,,,10632.0,-1.35417,0.00666,55.3213,3.608405384685527
,,,,,,10633.0,-1.35603,0.00705,58.6013,3.646436621441007
,,,,,,10634.0,-1.35603,0.00745,61.9156,3.5916681702122073
,,,,,,10635.0,-1.35417,0.00785,65.2256,3.5543518867942625
,,,,,,10636.0,-1.35045,0.00824,68.5056,3.5941053538254293
,,,,,,10637.0,-1.35603,0.00864,71.8156,3.6377186295479094
,,,,,,10638.0,-1.34859,0.00904,75.1256,3.542957580774895
,,,,,,10639.0,-1.35231,0.00944,78.4098,3.5356655786663493
,,,,,,10640.0,-1.35045,0.00979,81.312,3.5371660706748007
,,,,,,10641.0,-1.35045,0.01019,84.6263,3.4928467757912904
,,,,,,10642.0,-1.35417,0.01058,87.9363,3.5267786261289156
,,,,,,10643.0,-1.35417,0.01094,90.9372,3.470960565297533
,,,,,,10644.0,-1.35603,0.01134,94.2171,3.511702760126296
,,,,,,10645.0,-1.35789,0.01174,97.5314,3.5884396245673464
,,,,,,10646.0,-1.35603,0.01204,100.0,3.503482493237303
,,,,,,10646.0,-1.35603,0.01204,100.0,3.5733279082466463
,,,,,,,,,,
,,,,,,10646.0,2.71763,0.0,0.0,3.6907615257448687
,,,,,,10647.0,2.70461,0.00081,13.3804,3.6662671354175287
,,,,,,10648.0,2.70833,0.0016,26.3695,3.6563526640958193
,,,,,,10649.0,2.71019,0.0023,37.87,3.614878397414368
,,,,,,10650.0,2.70461,0.0031,50.9952,3.6467721974231337
,,,,,,10651.0,2.70647,0.00389,64.1119,3.7406058273658895
,,,,,,10652.0,2.71019,0.00468,77.1096,3.702300737786548
,,,,,,10653.0,2.70833,0.00548,90.2263,3.8640479480062524
,,,,,,10654.0,2.70647,0.00607,100.0,3.7045575240790605
,,,,,,10654.0,0.0,0.00607,100.0,3.7425170596009147
,,,,,,10655.0,0.0,0.00607,100.0,3.5823002985602277
,,,,,,10656.0,0.0,0.00607,100.0,3.6573812008745215
,,,,,,10657.0,0.0,0.00607,100.0,3.6193656553062077
,,,,,,10658.0,0.0,0.00607,100.0,3.718050697729012
,,,,,,10659.0,0.0,0.00607,100.0,3.5721263308260522
,,,,,,10660.0,0.0,0.00607,100.0,3.6920224923468346
,,,,,,10661.0,0.0,0.00607,100.0,3.6306493423885344
,,,,,,10662.0,0.0,0.00607,100.0,3.6719451277510595
,,,,,,10663.0,0.0,0.00607,100.0,3.6175877041884363
,,,,,,10664.0,0.0,0.00607,100.0,3.665713982160426
,,,,,,10665.0,0.0,0.00607,100.0,3.6647581217679637
,,,,,,10666.0,0.0,0.00607,100.0,3.6923462212296303
,,,,,,10667.0,0.0,0.00607,100.0,3.621068184794704
,,,,,,10668.0,0.0,0.00607,100.0,3.5711901157685695
,,,,,,10669.0,0.0,0.00607,100.0,3.7656829702764534
,,,,,,10671.0,0.0,0.00607,100.0,3.6848079421032907
,,,,,,10672.0,0.0,0.00607,100.0,3.589973946341747
,,,,,,10673.0,0.0,0.00607,100.0,3.5676441353116597
,,,,,,10674.0,0.0,0.00607,100.0,3.6054491857762287
,,,,,,10675.0,0.0,0.00607,100.0,3.6439575145646206
,,,,,,10676.0,0.0,0.00607,100.0,3.536415414831654
,,,,,,10677.0,0.0,0.00607,100.0,3.6358593043397134
,,,,,,10678.0,0.0,0.00607,100.0,3.67514613830785
,,,,,,10679.0,0.0,0.00607,100.0,3.6605929448832764
,,,,,,10680.0,0.0,0.00607,100.0,3.5786798862016855
,,,,,,10681.0,0.0,0.00607,100.0,3.679579368020222
,,,,,,10682.0,0.0,0.00607,100.0,3.5931704925255588
,,,,,,10683.0,0.0,0.00607,100.0,3.557000922853344
,,,,,,10684.0,0.0,0.00607,100.0,3.688970292837956
,,,,,,10685.0,0.0,0.00607,100.0,3.6332740635706533
,,,,,,10686.0,0.0,0.00607,100.0,3.653988106529716
,,,,,,10687.0,0.0,0.00607,100.0,3.6126989336446895
,,,,,,10688.0,0.0,0.00607,100.0,3.6223109672234846
,,,,,,10689.0,0.0,0.00607,100.0,3.6743672574529977
,,,,,,10690.0,0.0,0.00607,100.0,3.6491901149239556
,,,,,,10691.0,0.0,0.00607,100.0,3.690140302651459
,,,,,,10692.0,0.0,0.00607,100.0,3.5978406682956017
,,,,,,10693.0,0.0,0.00607,100.0,3.6056736842789263
,,,,,,10694.0,0.0,0.00607,100.0,3.604876125780317
,,,,,,10695.0,0.0,0.00607,100.0,3.6207051920816506
,,,,,,10696.0,0.0,0.00607,100.0,3.611298554779901
,,,,,,10697.0,0.0,0.00607,100.0,3.657778903078049
,,,,,,10698.0,0.0,0.00607,100.0,3.5432791948069355
,,,,,,10699.0,0.0,0.00607,100.0,3.683559949058347
,,,,,,10701.0,0.0,0.00607,100.0,3.7117839442420033
,,,,,,10702.0,0.0,0.00607,100.0,3.6478495453224173
,,,,,,10703.0,0.0,0.00607,100.0,3.668652719006739
,,,,,,10704.0,0.0,0.00607,100.0,3.5867411403480034
,,,,,,10705.0,0.0,0.00607,100.0,3.5230521868072704
,,,,,,10706.0,0.0,0.00607,100.0,3.655868109661675
,,,,,,10707.0,0.0,0.00607,100.0,3.61467018476183
,,,,,,10708.0,0.0,0.00607,100.0,3.7208123266421627
,,,,,,10709.0,0.0,0.00607,100.0,3.6266612645599303
,,,,,,10709.0,0.0,0.00607,100.0,3.6519276300752197
,,,,,,10709.0,0.0,0.00607,100.0,3.6314150179107196
,,,,,,,,,,
,,,,,,10709.0,-0.67522,0.0,0.0,3.618788553149324
,,,,,,10710.0,-0.67522,0.00019,1.9541,3.6322992465251955
,,,,,,10711.0,-0.67708,0.00039,3.9715,3.666177658826365
,,,,,,10712.0,-0.67708,0.00056,5.7618,3.654072123391711
,,,,,,10713.0,-0.67522,0.00076,7.7951,3.531900561535775
,,,,,,10714.0,-0.67708,0.00096,9.8336,3.5469833507025172
,,,,,,10715.0,-0.67708,0.00116,11.8511,3.6467812290316446
,,,,,,10716.0,-0.67708,0.00133,13.6361,3.5687257527343443
,,,,,,10717.0,-0.67708,0.00153,15.6747,3.6118539594037204
,,,,,,10718.0,-0.67522,0.00173,17.6921,3.5984308282334263
,,,,,,10719.0,-0.67708,0.00193,19.7254,3.58254623978748
,,,,,,10720.0,-0.67708,0.00213,21.7639,3.584100307657079
,,,,,,10721.0,-0.67708,0.00233,23.7972,3.662476174729063
,,,,,,10722.0,-0.67522,0.00255,26.0681,3.5514148332136886
,,,,,,10723.0,-0.67894,0.00274,28.0275,3.5886390617762647
,,,,,,10725.0,-0.67708,0.00292,29.8917,3.6616011562023347
,,,,,,10726.0,-0.67708,0.00311,31.8088,3.6475748187878976
,,,,,,10727.0,-0.67708,0.00331,33.8474,3.5948046361270047
,,,,,,10728.0,-0.67708,0.00351,35.8859,3.6617751177676516
,,,,,,10729.0,-0.67522,0.00371,37.8981,3.5243585211914907
,,,,,,10730.0,-0.67708,0.00391,39.9366,3.557324055700341
,,,,,,10731.0,-0.67522,0.00411,41.9752,3.553114599176464
,,,,,,10732.0,-0.67708,0.0043,43.9926,3.592707714999957
,,,,,,10733.0,-0.67708,0.0045,45.9889,3.7108639193109902
,,,,,,10734.0,-0.67708,0.00468,47.869,3.587108569953482
,,,,,,10735.0,-0.67708,0.00488,49.9076,3.574832463364021
,,,,,,10736.0,-0.67522,0.00508,51.9461,3.599378185626348
,,,,,,10737.0,-0.67894,0.00525,53.7101,3.6250172697207583
,,,,,,10737.0,-1.35975,0.00525,53.7101,3.548035677373761
,,,,,,10738.0,-1.35231,0.00566,57.8875,3.5987683084011066
,,,,,,10739.0,-1.35417,0.00606,61.9646,3.591364039966852
,,,,,,10740.0,-1.35231,0.00646,65.9995,3.5300974281976667
,,,,,,10741.0,-1.35417,0.00686,70.0713,3.5460133258654527
,,,,,,10742.0,-1.35417,0.00725,74.1484,3.5826128373964696
,,,,,,10743.0,-1.35231,0.00765,78.1833,3.501403793804693
,,,,,,10744.0,-1.35045,0.00804,82.2181,3.612748001794409
,,,,,,10745.0,-1.35045,0.00844,86.2899,3.558779269358753
,,,,,,10746.0,-1.35231,0.00884,90.3618,3.5018981965868616
,,,,,,10747.0,-1.35603,0.00923,94.3913,3.4859224540300167
,,,,,,10748.0,-1.35231,0.00958,97.9614,3.5413631997962205
,,,,,,10749.0,-1.35603,0.00978,100.0,3.5422959028049115
,,,,,,10749.0,-1.35603,0.00978,100.0,3.540003560904454
,,,,,,,,,,
,,,,,,10749.0,0.67708,0.0,0.0,3.6459921889037097
,,,,,,10750.0,0.67894,0.00019,12.7848,3.6360248890395144
,,,,,,10751.0,0.67894,0.00039,25.8075,3.5637514831507815
,,,,,,10752.0,0.67708,0.0006,39.3404,3.6513849387362187
,,,,,,10753.0,0.67894,0.0008,52.4991,3.7524919896990836
,,,,,,10754.0,0.67894,0.001,65.5219,3.6146621183639827
,,,,,,10755.0,0.67894,0.0012,78.6807,3.5480582394803664
,,,,,,10756.0,0.67894,0.0014,91.8055,3.737120246699999
,,,,,,10757.0,0.67894,0.00152,100.0,3.624996441045596
,,,,,,10757.0,0.0,0.00152,100.0,3.676569846352038
,,,,,,10758.0,0.0,0.00152,100.0,3.6877668338183422
,,,,,,10759.0,0.0,0.00152,100.0,3.607894481383901
,,,,,,10760.0,0.0,0.00152,100.0,3.6618222069721633
,,,,,,10761.0,0.0,0.00152,100.0,3.6326677967642045
,,,,,,10762.0,0.0,0.00152,100.0,3.6189873440793394
,,,,,,10763.0,0.0,0.00152,100.0,3.628565528970199
,,,,,,10764.0,0.0,0.00152,100.0,3.6118618433942054
,,,,,,10765.0,0.0,0.00152,100.0,3.684202458281715
,,,,,,10766.0,0.0,0.00152,100.0,3.6257796014208115
,,,,,,10767.0,0.0,0.00152,100.0,3.6817761342167388
,,,,,,10768.0,0.0,0.00152,100.0,3.5867879528953415
,,,,,,10770.0,0.0,0.00152,100.0,3.674919102170546
,,,,,,10771.0,0.0,0.00152,100.0,3.567081727136783
,,,,,,10772.0,0.0,0.00152,100.0,3.5827677394918953
,,,,,,10773.0,0.0,0.00152,100.0,3.5851052855418826
,,,,,,10773.0,0.0,0.00152,100.0,3.6877145502334203
,,,,,,10773.0,0.0,0.00152,100.0,3.622554846647536
,,,,,,,,,,
,,,,,,10773.0,-0.67708,0.0,0.0,3.524448488554042
,,,,,,10774.0,-0.67522,0.0002,0.9687,3.5461974654637505
,,,,,,10775.0,-0.67522,0.0004,1.9201,3.60040953473675
,,,,,,10776.0,-0.67708,0.0006,2.8641,3.600583179138094
,,,,,,10777.0,-0.67708,0.0008,3.8155,3.5471848687776415
,,,,,,10778.0,-0.67708,0.001,4.7596,3.630349501307187
,,,,,,10779.0,-0.67708,0.00117,5.5948,3.6649690192562345
,,,,,,10780.0,-0.67708,0.00137,6.5487,3.6013258184142325
,,,,,,10781.0,-0.67708,0.00157,7.4927,3.6575181885779875
,,,,,,10782.0,-0.67708,0.00177,8.4441,3.581094138194249
,,,,,,10784.0,-0.67708,0.00196,9.3881,3.623734345413273
,,,,,,10785.0,-0.67708,0.00216,10.342,3.6252871775974196
,,,,,,10786.0,-0.67708,0.00236,11.2959,3.6142212026580802
,,,,,,10787.0,-0.67522,0.00255,12.2127,3.5830399484123703
,,,,,,10788.0,-0.67708,0.00274,13.1197,3.6251870544419478
,,,,,,10789.0,-0.67522,0.00294,14.0735,3.6020022644395016
,,,,,,10790.0,-0.67708,0.00314,15.0175,3.6020749897163893
,,,,,,10791.0,-0.67708,0.00334,15.9714,3.579556020412713
,,,,,,10792.0,-0.67522,0.00354,16.9327,3.6134344294076084
,,,,,,10793.0,-0.67522,0.00372,17.768,3.549435031545862
,,,,,,10794.0,-0.67708,0.00391,18.7219,3.637500521052118
,,,,,,10795.0,-0.67708,0.00411,19.6758,3.612857042525151
,,,,,,10796.0,-0.67708,0.00431,20.6198,3.6761502966438777
,,,,,,10797.0,-0.67708,0.00451,21.5712,3.649578532190826
,,,,,,10798.0,-0.67708,0.00471,22.5152,3.6746483611678755
,,,,,,10799.0,-0.67708,0.00491,23.4691,3.6611363895291706
,,,,,,10800.0,-0.67708,0.00511,24.4378,3.6641396511275213
,,,,,,10801.0,-0.67522,0.0053,25.3546,3.5809094650418642
,,,,,,10802.0,-0.67708,0.0055,26.3085,3.641669487767764
,,,,,,10803.0,-0.67708,0.0057,27.2525,3.6027338562570224
,,,,,,10804.0,-0.67894,0.00587,28.0878,3.589849398792986
,,,,,,10805.0,-0.67708,0.00607,29.0417,3.612914953937065
,,,,,,10806.0,-0.67708,0.00627,29.9857,3.694113628715405
,,,,,,10807.0,-0.67708,0.00647,30.9396,3.560168085767526
,,,,,,10809.0,-0.67708,0.00668,31.9651,3.6317166386789745
,,,,,,10810.0,-0.67522,0.00688,32.919,3.497644444407941
,,,,,,10811.0,-0.67708,0.00708,33.8605,3.6932864675668275
,,,,,,10812.0,-0.67894,0.00728,34.8169,3.629501916907535
,,,,,,10813.0,-0.67522,0.00748,35.7609,3.609439170920369
,,,,,,10814.0,-0.67708,0.00768,36.7123,3.6233409007927766
,,,,,,10815.0,-0.67708,0.00788,37.6662,3.5861676931028823
,,,,,,10816.0,-0.67522,0.00807,38.6102,3.5553142887367915
,,,,,,10817.0,-0.67522,0.00827,39.5641,3.655202931962641
,,,,,,10818.0,-0.67522,0.00847,40.5155,3.604893556373313
,,,,,,10819.0,-0.67708,0.00867,41.4496,3.5793873095258535
,,,,,,10820.0,-0.67708,0.00887,42.401,3.6279120520281998
,,,,,,10821.0,-0.67708,0.00906,43.3549,3.656032152071596
,,,,,,10822.0,-0.67708,0.00926,44.2989,3.5486410185004766
,,,,,,10823.0,-0.67522,0.00946,45.2503,3.5514074342500512
,,,,,,10824.0,-0.67894,0.00966,46.2042,3.6106359350531805
,,,,,,10825.0,-0.67708,0.00986,47.1482,3.6928285113868067
,,,,,,10826.0,-0.67708,0.01006,48.1021,3.585364393195324
,,,,,,10828.0,-0.67708,0.01026,49.0535,3.697423399748908
,,,,,,10829.0,-0.67894,0.01046,50.0074,3.6130709344386363
,,,,,,10830.0,-0.67522,0.01064,50.8896,3.5604589109302953
,,,,,,10831.0,-0.67708,0.01084,51.8534,3.5933840515068307
,,,,,,10832.0,-0.67708,0.01102,52.706,3.689693825803599
,,,,,,10833.0,-0.67708,0.01121,53.6154,3.5623653292924553
,,,,,,10834.0,-0.67708,0.01141,54.5594,3.570329463518378
,,,,,,10835.0,-0.67708,0.01161,55.5133,3.5776511448006407
,,,,,,10836.0,-0.67708,0.01181,56.4672,3.5863324666981837
,,,,,,10837.0,-0.67708,0.012,57.4112,3.641792818775451
,,,,,,10838.0,-0.67708,0.0122,58.3626,3.530597817278092
,,,,,,10839.0,-0.67708,0.0124,59.3066,3.5503126657898183
,,,,,,10840.0,-0.67708,0.01261,60.2951,3.582535230186822
,,,,,,10841.0,-0.67894,0.01279,61.1847,3.6343710551897073
,,,,,,10842.0,-0.67522,0.01299,62.1386,3.7150990749645305
,,,,,,10843.0,-0.67708,0.01319,63.0826,3.5898634020452276
,,,,,,10844.0,-0.67708,0.01339,64.034,3.717630635322025
,,,,,,10845.0,-0.67522,0.01359,64.9879,3.5825154377105735
,,,,,,10846.0,-0.67894,0.01379,65.9319,3.6326869029170012
,,,,,,10847.0,-0.67708,0.01398,66.8858,3.612097085049064
,,,,,,10848.0,-0.67708,0.01418,67.8397,3.5728851201716463
,,,,,,10849.0,-0.67522,0.01438,68.7837,3.6255755414900626
,,,,,,10851.0,-0.67708,0.01458,69.7351,3.6495701335737865
,,,,,,10852.0,-0.67708,0.01478,70.6816,3.6824763518390986
,,,,,,10853.0,-0.67522,0.01498,71.6354,3.567135392017771
,,,,,,10854.0,-0.67708,0.01518,72.5794,3.5719815983369925
,,,,,,10855.0,-0.67522,0.01537,73.5235,3.5680240400343597
,,,,,,10856.0,-0.67894,0.01556,74.4057,3.602071764269462
,,,,,,10857.0,-0.67708,0.01576,75.3596,3.694283994243896
,,,,,,10858.0,-0.67708,0.01595,76.3036,3.622330536888363
,,,,,,10859.0,-0.67894,0.01615,77.255,3.5381272753481903
,,,,,,10860.0,-0.67522,0.01635,78.2089,3.6891747772792356
,,,,,,10860.0,-0.67522,0.01638,78.325,3.616224542482694
,,,,,,10860.0,-1.33929,0.01638,78.325,3.546171042105478
,,,,,,10861.0,-1.35417,0.01673,80.0326,3.5052700048316696
,,,,,,10862.0,-1.35789,0.01713,81.9379,3.6223218597455102
,,,,,,10863.0,-1.35789,0.01753,83.8482,3.6653364158518444
,,,,,,10864.0,-1.35045,0.01793,85.7362,3.511400759976637
,,,,,,10865.0,-1.35231,0.01832,87.6415,3.56091409019029
,,,,,,10866.0,-1.35417,0.01872,89.5493,3.569030863213685
,,,,,,10867.0,-1.35231,0.01912,91.4373,3.491144733306327
,,,,,,10868.0,-1.35417,0.01952,93.345,3.5585653485119337
,,,,,,10870.0,-1.35231,0.01992,95.2503,3.5776903139612144
,,,,,,10871.0,-1.35231,0.02031,97.1408,3.6332131054262793
,,,,,,10872.0,-1.35603,0.02066,98.8138,3.5563192150235388
,,,,,,10872.0,-1.35231,0.02091,100.0,3.6061226679777003
,,,,,,10872.0,-1.35231,0.02091,100.0,3.5893765107909528
,,,,,,,,,,
,,,,,,10872.0,0.6808,0.0,0.0,3.643044154897783
,,,,,,10873.0,0.6808,0.00019,12.5893,3.5765506063349797
,,,,,,10874.0,0.6808,0.00037,24.6683,3.7156516247654854
,,,,,,10875.0,0.6808,0.00057,37.4958,3.605547333447495
,,,,,,10876.0,0.6808,0.00077,50.6635,3.49133547456909
,,,,,,10877.0,0.6808,0.00097,63.8653,3.6461879512579434
,,,,,,10878.0,0.6808,0.00117,76.9309,3.6825209763940583
,,,,,,10879.0,0.67894,0.00137,90.1327,3.613579593151116
,,,,,,10880.0,0.6808,0.00152,100.0,3.620613869260385
,,,,,,10880.0,0.0,0.00152,100.0,3.5218186046040976
,,,,,,10881.0,0.0,0.00152,100.0,3.587629036726026
,,,,,,10882.0,0.0,0.00152,100.0,3.629268591146729
,,,,,,10883.0,0.0,0.00152,100.0,3.6273377842033043
,,,,,,10884.0,0.0,0.00152,100.0,3.6878303934444085
,,,,,,10885.0,0.0,0.00152,100.0,3.586048810030236
,,,,,,10886.0,0.0,0.00152,100.0,3.6722433860848174
,,,,,,10888.0,0.0,0.00152,100.0,3.576286625481722
,,,,,,10889.0,0.0,0.00152,100.0,3.6539650372704395
,,,,,,10890.0,0.0,0.00152,100.0,3.5956780070155454
,,,,,,10891.0,0.0,0.00152,100.0,3.6144803045325027
,,,,,,10892.0,0.0,0.00152,100.0,3.6337934854791647
,,,,,,10893.0,0.0,0.00152,100.0,3.611371164682961
,,,,,,10894.0,0.0,0.00152,100.0,3.643850656225565
,,,,,,10895.0,0.0,0.00152,100.0,3.675710824056165
,,,,,,10896.0,0.0,0.00152,100.0,3.573188992259691
,,,,,,10896.0,0.0,0.00152,100.0,3.6701123962597295
,,,,,,10896.0,0.0,0.00152,100.0,3.6748908528225614
,,,,,,,,,,
,,,,,,10896.0,-0.67522,0.0,0.0,3.5681685878295557
,,,,,,10897.0,-0.67522,0.00018,0.4372,3.584491719502949
,,,,,,10898.0,-0.67708,0.00038,0.9157,3.615042887325815
,,,,,,10899.0,-0.67708,0.00058,1.3992,3.613189678023023
,,,,,,10900.0,-0.67522,0.00078,1.8827,3.651645614236161
,,,,,,10901.0,-0.67894,0.00098,2.365,3.570488365337685
,,,,,,10902.0,-0.67708,0.00117,2.8485,3.636347173862129
,,,,,,10903.0,-0.67522,0.00137,3.3258,3.6233790804136783
,,,,,,10905.0,-0.67708,0.00155,3.7504,3.662887078247978
,,,,,,10906.0,-0.67708,0.00175,4.2377,3.578120467555484
,,,,,,10907.0,-0.67708,0.00195,4.7212,3.6261903343146744
,,,,,,10908.0,-0.67708,0.00215,5.2047,3.5183766384021617
,,,,,,10909.0,-0.67708,0.00234,5.6833,3.696594671176229
,,,,,,10910.0,-0.67708,0.00254,6.1618,3.5135349431785277
,,,,,,10911.0,-0.67708,0.00274,6.6353,3.6654704169537293
,,,,,,10912.0,-0.67708,0.00294,7.1188,3.6704282580060728
,,,,,,10913.0,-0.67708,0.00313,7.5973,3.5811721166984993
,,,,,,10914.0,-0.67708,0.00333,8.0808,3.562959575771978
,,,,,,10915.0,-0.67708,0.00353,8.5631,3.5529371563938423
,,,,,,10916.0,-0.67708,0.00373,9.0429,3.6449102609178747
,,,,,,10917.0,-0.67708,0.00393,9.5251,3.568263951652211
,,,,,,10918.0,-0.67708,0.00413,10.0036,3.6120351922747824
,,,,,,10919.0,-0.67708,0.0043,10.427,3.58259065434149
,,,,,,10920.0,-0.67708,0.0045,10.9105,3.6135969967848567
,,,,,,10921.0,-0.67522,0.0047,11.3891,3.5938192821497914
,,,,,,10922.0,-0.67708,0.0049,11.8713,3.515369339629256
,,,,,,10923.0,-0.67708,0.00511,12.3774,3.562401637622179
,,,,,,10924.0,-0.67894,0.0053,12.8521,3.6981086361968725
,,,,,,10925.0,-0.67522,0.0055,13.3307,3.6016750623875486
,,,,,,10927.0,-0.67708,0.0057,13.8142,3.5937609780777344
,,,,,,10928.0,-0.67708,0.0059,14.2927,3.6598118134032696
,,,,,,10929.0,-0.67708,0.00609,14.7762,3.556615093013221
,,,,,,10930.0,-0.67708,0.00629,15.2585,3.6149953267468966
,,,,,,10931.0,-0.67708,0.00649,15.742,3.5946100805389536
,,,,,,10931.0,-0.67708,0.00659,15.98,3.565517735478557
,,,,,,10931.0,-5.42969,0.00659,15.98,3.3989559268374805
,,,,,,10932.0,-5.41109,0.00805,19.5125,3.471563849222065
,,,,,,10933.0,-5.40737,0.00963,23.3355,3.4426456903172333
,,,,,,10934.0,-5.40365,0.01122,27.1949,3.447695954056067
,,,,,,10935.0,-5.40737,0.01281,31.0556,3.408955418542901
,,,,,,10936.0,-5.40923,0.01443,34.9902,3.353917002965759
,,,,,,10938.0,-5.40551,0.01601,38.8132,3.3832043557554377
,,,,,,10939.0,-5.40923,0.01741,42.1991,3.437266915448738
,,,,,,10939.0,-5.40923,0.01859,45.0765,3.411499389061854
,,,,,,10939.0,-3.38914,0.01859,45.0765,3.4754976613230495
,,,,,,10940.0,-3.3817,0.01959,47.4878,3.3547573222214644
,,,,,,10941.0,-3.38542,0.02058,49.9017,3.503159813136069
,,,,,,10943.0,-3.37798,0.02172,52.6562,3.426146824129549
,,,,,,10944.0,-3.37984,0.02263,54.8647,3.489649271317367
,,,,,,10945.0,-3.3817,0.02371,57.4827,3.41683053705549
,,,,,,10946.0,-3.37984,0.02469,59.8502,3.4519301516190914
,,,,,,10947.0,-3.37984,0.02567,62.239,3.5213304106915757
,,,,,,10948.0,-3.3817,0.02667,64.6528,3.5049553501393733
,,,,,,10949.0,-3.3817,0.02766,67.0667,3.537000181463127
,,,,,,10950.0,-3.37426,0.02865,69.4555,3.5504975345633256
,,,,,,10951.0,-3.37798,0.02964,71.8681,3.473422082688239
,,,,,,10952.0,-3.37798,0.03063,74.2581,3.4484326952600015
,,,,,,10953.0,-3.3817,0.03154,76.464,3.568449643023027
,,,,,,10954.0,-3.37798,0.03258,78.9906,3.4061913304683626
,,,,,,10955.0,-3.3724,0.03359,81.427,3.5225483741601673
,,,,,,10956.0,-3.38542,0.03458,83.8384,3.4729671528405945
,,,,,,10957.0,-3.37798,0.03557,86.2284,3.44143228954039
,,,,,,10958.0,-3.37612,0.03644,88.3466,3.4693427390401532
,,,,,,10959.0,-3.3817,0.03738,90.6227,3.5145347295778087
,,,,,,10960.0,-3.37984,0.03839,93.0791,3.4619435544035673
,,,,,,10961.0,-3.37798,0.03939,95.493,3.4788683463170704
,,,,,,10962.0,-3.37798,0.04038,97.883,3.5795952906740722
,,,,,,10963.0,-3.3817,0.04125,100.0,3.4364741048881084
,,,,,,10963.0,-3.3817,0.04125,100.0,3.5125123319594906
,,,,,,,,,,
,,,,,,10963.0,1.35975,0.0,0.0,3.6140426215195287
,,,,,,10964.0,1.35417,0.00038,12.6177,3.668917552271575
,,,,,,10965.0,1.35603,0.00078,25.8517,3.5569392784923686
,,,,,,10966.0,1.35045,0.00118,38.9488,3.695377437942696
,,,,,,10968.0,1.35417,0.00157,52.1828,3.4732271229557194
,,,,,,10969.0,1.35417,0.00197,65.297,3.5905539407222298
,,,,,,10970.0,1.36161,0.00237,78.5311,3.620247096060029
,,,,,,10971.0,1.35789,0.00277,91.748,3.6119021461132816
,,,,,,10971.0,1.35975,0.00302,100.0,3.5790795392765555
,,,,,,10971.0,1.35975,0.00302,100.0,3.6369838441186606
,,,,,,,,,,
,,,,,,10971.0,-1.34487,0.0,0.0,3.621469207589513
,,,,,,10973.0,-1.35231,0.00044,3.6209,3.5827243952575003
,,,,,,10974.0,-1.35045,0.00083,6.9287,3.4732947264740264
,,,,,,10975.0,-1.35417,0.00123,10.2106,3.4952691856049287
,,,,,,10976.0,-1.35045,0.00163,13.5184,3.5817746114394673
,,,,,,10977.0,-1.35603,0.00202,16.7661,3.5850462874780438
,,,,,,10978.0,-1.35603,0.00241,19.988,3.4942793601624387
,,,,,,10979.0,-1.35231,0.00281,23.2957,3.5481349778153337
,,,,,,10980.0,-1.35789,0.0032,26.5777,3.557265166712799
,,,,,,10981.0,-1.35603,0.0036,29.8897,3.589504701979987
,,,,,,10982.0,-1.35603,0.00399,33.1674,3.5530815841500334
,,,,,,10983.0,-1.35603,0.00439,36.4795,3.6386195198762166
,,,,,,10984.0,-1.35603,0.00479,39.7915,3.5441632291221006
,,,,,,10985.0,-1.35045,0.00515,42.7303,3.592272986358401
,,,,,,10986.0,-1.35789,0.00552,45.8535,3.531144071884481
,,,,,,10987.0,-1.35417,0.00592,49.1656,3.5322284755095645
,,,,,,10988.0,-1.35789,0.00632,52.4733,3.547566713590072
,,,,,,10989.0,-1.35231,0.00672,55.7853,3.5268499660078034
,,,,,,10990.0,-1.35603,0.00711,59.063,3.584634574903565
,,,,,,10991.0,-1.35417,0.00751,62.3793,3.620810907310631
,,,,,,10992.0,-1.35417,0.00791,65.6613,3.6148652945946664
,,,,,,10993.0,-1.35231,0.00831,68.9734,3.5253557073153594
,,,,,,10995.0,-1.35417,0.00871,72.2854,3.635435627318435
,,,,,,10996.0,-1.35417,0.0091,75.5931,3.5226856351071567
,,,,,,10997.0,-1.35975,0.0095,78.8794,3.571070150594987
,,,,,,10998.0,-1.35603,0.0099,82.1957,3.6271700380067267
,,,,,,10999.0,-1.35603,0.0103,85.5078,3.5507086752762937
,,,,,,11000.0,-1.35789,0.0107,88.8798,3.4789442359450615
,,,,,,11001.0,-1.35231,0.0111,92.1618,3.5275369101969187
,,,,,,11002.0,-1.35417,0.0115,95.4696,3.567518898512051
,,,,,,11003.0,-1.35417,0.01189,98.7473,3.5790955621096248
,,,,,,11003.0,-1.35789,0.01204,100.0,3.5678732111151397
,,,,,,11003.0,-1.35789,0.01204,100.0,3.530916051855879
,,,,,,,,,,
,,,,,,11003.0,2.70647,0.0,0.0,3.6665197573188406
,,,,,,11004.0,2.70647,0.00073,12.1049,3.6930593065663926
,,,,,,11005.0,2.70833,0.00156,25.8203,3.723589621046825
,,,,,,11007.0,2.70647,0.00235,39.0302,3.620980786734684
,,,,,,11008.0,2.70833,0.00315,52.2488,3.6686157111295596
,,,,,,11009.0,2.71019,0.00394,65.3388,3.672764278975801
,,,,,,11010.0,2.70647,0.00464,76.9382,3.7082106388798786
,,,,,,11011.0,2.70275,0.00544,90.1482,3.6698963299756864
,,,,,,11011.0,2.71019,0.00603,100.0,3.7426615392361597
,,,,,,11011.0,0.0,0.00603,100.0,3.602694138022217
,,,,,,11012.0,0.0,0.00603,100.0,3.734713837361758
,,,,,,11014.0,0.0,0.00603,100.0,3.5221286162532293
,,,,,,11015.0,0.0,0.00603,100.0,3.572171338402451
,,,,,,11016.0,0.0,0.00603,100.0,3.6328381538507775
,,,,,,11017.0,0.0,0.00603,100.0,3.6098489606774717
,,,,,,11018.0,0.0,0.00603,100.0,3.5299156600638746
,,,,,,11019.0,0.0,0.00603,100.0,3.6463580402069122
,,,,,,11020.0,0.0,0.00603,100.0,3.669848464786119
,,,,,,11021.0,0.0,0.00603,100.0,3.6960058381028444
,,,,,,11022.0,0.0,0.00603,100.0,3.614880142708595
,,,,,,11023.0,0.0,0.00603,100.0,3.598302748960986
,,,,,,11024.0,0.0,0.00603,100.0,3.5546115809919128
,,,,,,11025.0,0.0,0.00603,100.0,3.664867075139511
,,,,,,11026.0,0.0,0.00603,100.0,3.613810378951115
,,,,,,11027.0,0.0,0.00603,100.0,3.6352132908427377
,,,,,,11028.0,0.0,0.00603,100.0,3.6318729908468907
,,,,,,11029.0,0.0,0.00603,100.0,3.621373496260895
,,,,,,11030.0,0.0,0.00603,100.0,3.6743916354600943
,,,,,,11031.0,0.0,0.00603,100.0,3.6824695214937675
,,,,,,11032.0,0.0,0.00603,100.0,3.5781805284010653
,,,,,,11033.0,0.0,0.00603,100.0,3.669510349493592
,,,,,,11035.0,0.0,0.00603,100.0,3.61787657088813
,,,,,,11036.0,0.0,0.00603,100.0,3.5641092856486836
,,,,,,11037.0,0.0,0.00603,100.0,3.629758504424505
,,,,,,11038.0,0.0,0.00603,100.0,3.5978567091441955
,,,,,,11039.0,0.0,0.00603,100.0,3.6350042735087325
,,,,,,11040.0,0.0,0.00603,100.0,3.7364371391167692
,,,,,,11041.0,0.0,0.00603,100.0,3.515676674319959
,,,,,,11042.0,0.0,0.00603,100.0,3.6538699151056964
,,,,,,11043.0,0.0,0.00603,100.0,3.670600066635087
,,,,,,11044.0,0.0,0.00603,100.0,3.638912817088419
,,,,,,11045.0,0.0,0.00603,100.0,3.6724831152163286
,,,,,,11046.0,0.0,0.00603,100.0,3.623781735236456
,,,,,,11047.0,0.0,0.00603,100.0,3.6282305881629173
,,,,,,11048.0,0.0,0.00603,100.0,3.609595209573218
,,,,,,11049.0,0.0,0.00603,100.0,3.5370142952319066
,,,,,,11050.0,0.0,0.00603,100.0,3.5878921111739617
,,,,,,11050.0,0.0,0.00603,100.0,3.6121062472498995
,,,,,,11050.0,0.0,0.00603,100.0,3.640670050947666
,,,,,,11051.0,0.0,0.00603,100.0,3.636979633439351
,,,,,,11052.0,0.0,0.00603,100.0,3.608313366514797
,,,,,,11054.0,0.0,0.00603,100.0,3.594302980784547
,,,,,,11055.0,0.0,0.00603,100.0,3.648665776716152
,,,,,,11056.0,0.0,0.00603,100.0,3.6622438028783066
,,,,,,11057.0,0.0,0.00603,100.0,3.7092562947772563
,,,,,,11058.0,0.0,0.00603,100.0,3.642029805551109
,,,,,,11059.0,0.0,0.00603,100.0,3.597671199276044
,,,,,,11060.0,0.0,0.00603,100.0,3.5018531658790892
,,,,,,11061.0,0.0,0.00603,100.0,3.594571251492831
,,,,,,11062.0,0.0,0.00603,100.0,3.5332178047102305
,,,,,,11063.0,0.0,0.00603,100.0,3.697341024169694
,,,,,,11064.0,0.0,0.00603,100.0,3.729350694207059
,,,,,,11065.0,0.0,0.00603,100.0,3.590310605911956
,,,,,,11066.0,0.0,0.00603,100.0,3.6110207783410715
,,,,,,11067.0,0.0,0.00603,100.0,3.568649606627017
,,,,,,11067.0,0.0,0.00603,100.0,3.578826205555386
,,,,,,11067.0,0.0,0.00603,100.0,3.6158692696178183
,,,,,,,,,,
,,,,,,11067.0,-0.67708,0.0,0.0,3.5138733050332704
,,,,,,11068.0,-0.67522,0.00019,1.9741,3.6340366486467457
,,,,,,11070.0,-0.67708,0.00039,4.0063,3.6137786724060503
,,,,,,11071.0,-0.67708,0.00059,6.0438,3.659168152593932
,,,,,,11072.0,-0.67894,0.00079,8.0813,3.563949867863051
,,,,,,11073.0,-0.67708,0.00099,10.0977,3.5421314094541034
,,,,,,11074.0,-0.67708,0.00119,12.1298,3.566758440578652
,,,,,,11075.0,-0.67708,0.00138,14.1462,3.5261042085533334
,,,,,,11076.0,-0.67708,0.00156,15.9356,3.6086122584953526
,,,,,,11077.0,-0.67708,0.00176,17.9678,3.6623513982464693
,,,,,,11078.0,-0.67708,0.00196,19.9842,3.534374625272907
,,,,,,11079.0,-0.67708,0.00216,22.0164,3.628992952719016
,,,,,,11080.0,-0.67708,0.00235,24.0538,3.6197122901918073
,,,,,,11081.0,-0.67708,0.00254,25.9963,3.6068752447285304
,,,,,,11082.0,-0.67708,0.00274,27.9916,3.5921753068201885
,,,,,,11083.0,-0.67708,0.00295,30.1029,3.5425590497977404
,,,,,,11084.0,-0.67708,0.00314,32.1193,3.6281092005389857
,,,,,,11085.0,-0.67708,0.00334,34.1568,3.576684985691409
,,,,,,11086.0,-0.67708,0.00354,36.1731,3.629213294414178
,,,,,,11087.0,-0.67708,0.00374,38.2106,3.6783231831832426
,,,,,,11088.0,-0.67708,0.00394,40.227,3.592553167141409
,,,,,,11089.0,-0.67708,0.00414,42.2645,3.669631664095586
,,,,,,11090.0,-0.67708,0.00432,44.1647,3.5502131025410524
,,,,,,11091.0,-0.67708,0.00453,46.2391,3.520707542797989
,,,,,,11092.0,-0.67894,0.0047,48.0285,3.6124046289383362
,,,,,,11094.0,-0.67522,0.0049,50.0607,3.526572233013552
,,,,,,11095.0,-0.67708,0.0051,52.0771,3.623793260900633
,,,,,,11095.0,-0.67522,0.00527,53.8665,3.6408931115734324
,,,,,,11095.0,-1.34487,0.00527,53.8665,3.5762033865205036
,,,,,,11096.0,-1.35789,0.00564,57.6669,3.5566917808345417
,,,,,,11098.0,-1.35417,0.00607,61.9689,3.577578605054333
,,,,,,11099.0,-1.35417,0.00646,65.9963,3.5732554881568372
,,,,,,11100.0,-1.35975,0.00681,69.5645,3.5290271675995473
,,,,,,11101.0,-1.35417,0.00721,73.6342,3.5974803000031135
,,,,,,11102.0,-1.35789,0.0076,77.6722,3.5422277462769034
,,,,,,11103.0,-1.35417,0.008,81.7419,3.5628044804798837
,,,,,,11104.0,-1.35417,0.0084,85.7799,3.5712865277810386
,,,,,,11105.0,-1.35603,0.0088,89.8601,3.5200438381499723
,,,,,,11106.0,-1.35789,0.0092,93.9351,3.6097476786077505
,,,,,,11107.0,-1.35603,0.00959,97.9625,3.555177563852238
,,,,,,11108.0,-1.35045,0.00979,100.0,3.5667077386442
,,,,,,11108.0,-1.35045,0.00979,100.0,3.494948641400457
,,,,,,,,,,
,,,,,,11108.0,0.67708,0.0,0.0,3.609258463459352
,,,,,,11109.0,0.67894,0.0002,12.9043,3.58189023406892
,,,,,,11110.0,0.67894,0.00039,25.4341,3.6555512379443083
,,,,,,11111.0,0.67894,0.0006,39.3599,3.6013284314026612
,,,,,,11112.0,0.67894,0.0008,52.4004,3.590246430536716
,,,,,,11113.0,0.67894,0.001,65.5771,3.5864516585785764
,,,,,,11114.0,0.67894,0.00119,78.6517,3.6386049957659705
,,,,,,11115.0,0.67894,0.00139,91.7943,3.580664643467058
,,,,,,11116.0,0.67894,0.00152,100.0,3.5383161924698587
,,,,,,11116.0,0.0,0.00152,100.0,3.547512345744339
,,,,,,11117.0,0.0,0.00152,100.0,3.6119886800940924
,,,,,,11118.0,0.0,0.00152,100.0,3.5650243608204453
,,,,,,11119.0,0.0,0.00152,100.0,3.5802304118739214
,,,,,,11120.0,0.0,0.00152,100.0,3.619472421463436
,,,,,,11121.0,0.0,0.00152,100.0,3.5841292304722843
,,,,,,11122.0,0.0,0.00152,100.0,3.6287403529409206
,,,,,,11123.0,0.0,0.00152,100.0,3.5812652430692045
,,,,,,11124.0,0.0,0.00152,100.0,3.7056133323880114
,,,,,,11125.0,0.0,0.00152,100.0,3.576430200231106
,,,,,,11126.0,0.0,0.00152,100.0,3.627479617823684
,,,,,,11127.0,0.0,0.00152,100.0,3.5984117891521437
,,,,,,11128.0,0.0,0.00152,100.0,3.6579686274859475
,,,,,,11129.0,0.0,0.00152,100.0,3.597632553992895
,,,,,,11130.0,0.0,0.00152,100.0,3.526982750735068
,,,,,,11131.0,0.0,0.00152,100.0,3.6777956193356807
,,,,,,11132.0,0.0,0.00152,100.0,3.6088714968128888
,,,,,,11132.0,0.0,0.00152,100.0,3.6172635625814187
,,,,,,,,,,
,,,,,,11132.0,-0.67522,0.0,0.0,3.6500659358409027
,,,,,,11133.0,-0.67522,0.00019,0.9254,3.6269322211108586
,,,,,,11134.0,-0.67708,0.00039,1.8781,3.5075162723044695
,,,,,,11135.0,-0.67708,0.00059,2.8332,3.6249546723192445
,,,,,,11136.0,-0.67708,0.00079,3.7784,3.55796410611858
,,,,,,11137.0,-0.67522,0.00099,4.731,3.6238712141757574
,,,,,,11138.0,-0.67522,0.00119,5.6861,3.625110938656736
,,,,,,11139.0,-0.67708,0.00138,6.6314,3.6315613241639007
,,,,,,11140.0,-0.67708,0.00158,7.5667,3.621514263053479
,,,,,,11141.0,-0.67522,0.00179,8.5663,3.5912655775733233
,,,,,,11142.0,-0.67522,0.00199,9.5116,3.546223161489256
,,,,,,11143.0,-0.67522,0.00219,10.4667,3.6221263228135063
,,,,,,11144.0,-0.67708,0.00238,11.4193,3.585970451743816
,,,,,,11145.0,-0.67522,0.00258,12.3645,3.540909009390167
,,,,,,11146.0,-0.67522,0.00278,13.3023,3.603579880404864
,,,,,,11147.0,-0.67708,0.00298,14.2475,3.546155510199789
,,,,,,11148.0,-0.67708,0.00317,15.2002,3.572572806467181
,,,,,,11149.0,-0.67522,0.00335,16.0637,3.63760598693934
,,,,,,11150.0,-0.67522,0.00355,17.0189,3.599693855752008
,,,,,,11152.0,-0.67708,0.00375,17.974,3.5681551975440273
,,,,,,11153.0,-0.67708,0.00395,18.9167,3.5042974981642474
,,,,,,11154.0,-0.67522,0.00415,19.8718,3.585204598809551
,,,,,,11155.0,-0.67708,0.00435,20.817,3.5553330266111356
,,,,,,11156.0,-0.67708,0.00455,21.7722,3.62965406065118
,,,,,,11157.0,-0.67708,0.00474,22.7075,3.6521397226271
,,,,,,11158.0,-0.67708,0.00494,23.6453,3.595484830608209
,,,,,,11159.0,-0.67708,0.00514,24.5979,3.5965913395124316
,,,,,,11160.0,-0.67708,0.00534,25.553,3.6400008857893127
,,,,,,11161.0,-0.67708,0.00553,26.4982,3.6306108726102497
,,,,,,11162.0,-0.67894,0.00573,27.4435,3.588913512029499
,,,,,,11163.0,-0.67522,0.00593,28.3961,3.5850025341441314
,,,,,,11164.0,-0.67708,0.00613,29.3487,3.597832786121395
,,,,,,11165.0,-0.67708,0.00633,30.294,3.605577346326706
,,,,,,11166.0,-0.67708,0.00653,31.2491,3.5598587656993903
,,,,,,11167.0,-0.67708,0.00672,32.1943,3.666138261342738
,,,,,,11168.0,-0.67708,0.0069,33.0306,3.6382565475881616
,,,,,,11169.0,-0.67708,0.0071,33.9857,3.4733320292366994
,,,,,,11170.0,-0.67708,0.00729,34.931,3.560760519124299
,,,,,,11171.0,-0.67522,0.00749,35.8861,3.5956116602462114
,,,,,,11173.0,-0.67708,0.0077,36.8833,3.5877898402339903
,,,,,,11174.0,-0.67708,0.00788,37.7295,3.497209186506526
,,,,,,11175.0,-0.67708,0.00808,38.6846,3.5149713733019787
,,,,,,11176.0,-0.67708,0.00828,39.6397,3.632076513096687
,,,,,,11177.0,-0.67708,0.00847,40.5849,3.6111529452564683
,,,,,,11178.0,-0.67708,0.00867,41.5376,3.561827955248234
,,,,,,11179.0,-0.67708,0.00887,42.4927,3.619790211868663
,,,,,,11180.0,-0.67708,0.00907,43.4379,3.555580871916175
,,,,,,11181.0,-0.67708,0.00927,44.3906,3.5784084394894244
,,,,,,11182.0,-0.67708,0.00947,45.3358,3.5942478132243694
,,,,,,11183.0,-0.67522,0.00967,46.2909,3.5343562151819277
,,,,,,11184.0,-0.67708,0.00986,47.2361,3.5120758653729442
,,,,,,11185.0,-0.67708,0.01006,48.1887,3.5791841739788857
,,,,,,11186.0,-0.67708,0.01026,49.134,3.5704970863078564
,,,,,,11187.0,-0.67708,0.01045,50.0247,3.557902246591826
,,,,,,11188.0,-0.67708,0.01065,50.9873,3.5485549249890282
,,,,,,11189.0,-0.67708,0.01084,51.9251,3.553869644067092
,,,,,,11190.0,-0.67708,0.01104,52.8876,3.5910829806878635
,,,,,,11191.0,-0.67708,0.01124,53.8328,3.6675351749684326
,,,,,,11192.0,-0.67708,0.01144,54.7855,3.5526986519288806
,,,,,,11193.0,-0.67894,0.01164,55.7406,3.6885479023409733
,,,,,,11195.0,-0.67708,0.01184,56.6858,3.6249173269112736
,,,,,,11196.0,-0.67708,0.01204,57.6409,3.644930407063956
,,,,,,11197.0,-0.67708,0.01224,58.5936,3.5751001194888765
,,,,,,11198.0,-0.67708,0.01243,59.5215,3.641812659283007
,,,,,,11199.0,-0.67522,0.01261,60.3677,3.591102013823667
,,,,,,11200.0,-0.67708,0.01281,61.3228,3.6246140186957687
,,,,,,11201.0,-0.67708,0.013,62.2655,3.6831142878657253
,,,,,,11202.0,-0.67708,0.0132,63.2207,3.5696974423472185
,,,,,,11203.0,-0.67708,0.0134,64.1733,3.5409511287456374
,,,,,,11204.0,-0.67708,0.0136,65.1284,3.5402068911177595
,,,,,,11205.0,-0.67708,0.0138,66.0736,3.5365910492288855
,,,,,,11206.0,-0.67708,0.014,67.0287,3.636811528975839
,,,,,,11207.0,-0.67708,0.0142,67.9839,3.5448996440677054
,,,,,,11208.0,-0.67708,0.0144,68.9365,3.5782719720313865
,,,,,,11209.0,-0.67522,0.01459,69.8817,3.618075749379872
,,,,,,11210.0,-0.67522,0.01479,70.8368,3.4662692931712624
,,,,,,11211.0,-0.67708,0.01499,71.7895,3.606482745200851
,,,,,,11212.0,-0.67522,0.01518,72.6902,3.5442358069153097
,,,,,,11213.0,-0.67708,0.01538,73.6453,3.601536181902694
,,,,,,11214.0,-0.67708,0.01558,74.5979,3.5596132047360247
,,,,,,11215.0,-0.67708,0.01578,75.553,3.6559147209752862
,,,,,,11217.0,-0.67708,0.01597,76.4982,3.5694858532165163
,,,,,,11218.0,-0.67522,0.01617,77.4534,3.629156043754561
,,,,,,11219.0,-0.67522,0.01637,78.4085,3.521714889557049
,,,,,,11219.0,-1.35045,0.01637,78.4085,3.613622719533287
,,,,,,11220.0,-1.35789,0.01673,80.1356,3.6539943197724045
,,,,,,11221.0,-1.35231,0.01715,82.1497,3.5231891807277833
,,,,,,11222.0,-1.35231,0.01755,84.06,3.566147874091434
,,,,,,11223.0,-1.35603,0.01795,85.9702,3.573316318501813
,,,,,,11224.0,-1.35231,0.01835,87.8804,3.557263126016353
,,,,,,11225.0,-1.35603,0.01875,89.7709,3.5365791050760627
,,,,,,11226.0,-1.35975,0.01914,91.6811,3.576347407605643
,,,,,,11227.0,-1.35603,0.01954,93.5913,3.6398108943816974
,,,,,,11228.0,-1.35231,0.01994,95.5016,3.557453421536053
,,,,,,11229.0,-1.35603,0.02034,97.3895,3.4881147685828378
,,,,,,11230.0,-1.35789,0.02074,99.2973,3.5533448952139617
,,,,,,11231.0,-1.35045,0.02088,100.0,3.6022984654770718
,,,,,,11231.0,-1.35045,0.02088,100.0,3.6112835700321786
,,,,,,,,,,
,,,,,,11231.0,0.67894,0.0,0.0,3.572627386613575
,,,,,,11232.0,0.67894,0.00021,13.8503,3.5902594194739934
,,,,,,11233.0,0.67894,0.00041,26.8202,3.6230662008243026
,,,,,,11234.0,0.67894,0.00059,38.5709,3.6101193681119557
,,,,,,11235.0,0.67894,0.00079,51.5408,3.628272669005085
,,,,,,11236.0,0.67708,0.00098,64.5107,3.6016799143821845
,,,,,,11237.0,0.67894,0.00118,77.108,3.6338898002230056
,,,,,,11238.0,0.67894,0.00138,90.2133,3.505978673047103
,,,,,,11239.0,0.67894,0.00153,100.0,3.6432390960896637
,,,,,,11239.0,0.0,0.00153,100.0,3.6416475411473264
,,,,,,11240.0,0.0,0.00153,100.0,3.5718572544530782
,,,,,,11241.0,0.0,0.00153,100.0,3.585429948877007
,,,,,,11242.0,0.0,0.00153,100.0,3.563486881451626
,,,,,,11243.0,0.0,0.00153,100.0,3.6100757798860696
,,,,,,11244.0,0.0,0.00153,100.0,3.600406982882204
,,,,,,11245.0,0.0,0.00153,100.0,3.593122991727877
,,,,,,11246.0,0.0,0.00153,100.0,3.594633734086055
,,,,,,11247.0,0.0,0.00153,100.0,3.579852733200969
,,,,,,11248.0,0.0,0.00153,100.0,3.5619347651398177
,,,,,,11249.0,0.0,0.00153,100.0,3.614181707628898
,,,,,,11250.0,0.0,0.00153,100.0,3.7272271631303076
,,,,,,11251.0,0.0,0.00153,100.0,3.680034832205097
,,,,,,11252.0,0.0,0.00153,100.0,3.7383196769516074
,,,,,,11253.0,0.0,0.00153,100.0,3.533880866952486
,,,,,,11254.0,0.0,0.00153,100.0,3.625106661656601
,,,,,,11255.0,0.0,0.00153,100.0,3.6450668443254863
,,,,,,11255.0,0.0,0.00153,100.0,3.6473778846738583
,,,,,,,,,,
,,,,,,11255.0,-0.67708,0.0,0.0,3.647566722035296
,,,,,,11256.0,-0.67708,0.00019,0.4597,3.5538244720787846
,,,,,,11257.0,-0.67708,0.00039,0.942,3.5481616608439426
,,,,,,11258.0,-0.67522,0.00059,1.4256,3.5504156365754134
,,,,,,11259.0,-0.67708,0.00078,1.9029,3.5479420328701905
,,,,,,11260.0,-0.67708,0.00098,2.3864,3.5693081163120857
,,,,,,11261.0,-0.67708,0.00118,2.8687,3.637893432499047
,,,,,,11262.0,-0.67522,0.00138,3.3435,3.466764657941505
,,,,,,11263.0,-0.67522,0.00158,3.8345,3.6710056494410033
,,,,,,11264.0,-0.67708,0.00178,4.3181,3.618030409161795
,,,,,,11265.0,-0.67522,0.00198,4.8016,3.566264047822818
,,,,,,11266.0,-0.67708,0.00218,5.2802,3.6496542769640663
,,,,,,11267.0,-0.67708,0.00238,5.7625,3.4796442589563155
,,,,,,11268.0,-0.67708,0.00258,6.246,3.59450836358329
,,,,,,11269.0,-0.67708,0.00277,6.7158,3.5757541442828056
,,,,,,11270.0,-0.67522,0.00297,7.1993,3.606441372182638
,,,,,,11272.0,-0.67708,0.00317,7.6829,3.5347566374673107
,,,,,,11273.0,-0.67708,0.00337,8.1614,3.5915389593900646
,,,,,,11274.0,-0.67708,0.00357,8.6487,3.555026120840225
,,,,,,11275.0,-0.67708,0.00377,9.1322,3.5735193303606585
,,,,,,11276.0,-0.67708,0.00397,9.6158,3.610309537335949
,,,,,,11277.0,-0.67894,0.00416,10.0943,3.511331464777927
,,,,,,11278.0,-0.67708,0.00434,10.519,3.6638047735129273
,,,,,,11279.0,-0.67708,0.00454,11.0013,3.5056983040939964
,,,,,,11280.0,-0.67522,0.00474,11.4836,3.603470029164278
,,,,,,11281.0,-0.67708,0.00493,11.9621,3.574012674555594
,,,,,,11282.0,-0.67708,0.00511,12.3993,3.518017156708735
,,,,,,11283.0,-0.67708,0.00531,12.8829,3.5149502684905958
,,,,,,11284.0,-0.67708,0.00551,13.3614,3.624992013842938
,,,,,,11285.0,-0.67522,0.00569,13.7861,3.612801791723309
,,,,,,11286.0,-0.67522,0.00589,14.2684,3.592948243742251
,,,,,,11287.0,-0.67708,0.00608,14.7519,3.606734880626604
,,,,,,11288.0,-0.67522,0.00628,15.2292,3.5546513740473142
,,,,,,11289.0,-0.67708,0.00646,15.6539,3.5610119305041374
,,,,,,11290.0,-0.67522,0.00658,15.9545,3.6568973983659654
,,,,,,11290.0,-5.40737,0.00658,15.9545,3.3777287519467465
,,,,,,11291.0,-5.40737,0.00823,19.9594,3.424303132167942
,,,,,,11292.0,-5.40923,0.00983,23.8203,3.39386548911185
,,,,,,11293.0,-5.40923,0.01151,27.8991,3.453722427613418
,,,,,,11294.0,-5.40737,0.0131,31.7587,3.3964798584094478
,,,,,,11295.0,-5.40923,0.01468,35.5832,3.5372985877544245
,,,,,,11296.0,-5.41109,0.01607,38.9705,3.3207556830444767
,,,,,,11297.0,-5.40551,0.01767,42.8301,3.423541842587624
,,,,,,11298.0,-5.40551,0.01866,45.2328,3.38130409346575
,,,,,,11298.0,-3.40774,0.01866,45.2328,3.414229183493963
,,,,,,11299.0,-3.38542,0.01964,47.6205,3.447682625527589
,,,,,,11300.0,-3.37798,0.02064,50.0332,3.5510086303239636
,,,,,,11301.0,-3.37798,0.0218,52.8556,3.4324251411751354
,,,,,,11302.0,-3.38356,0.02269,55.019,3.4113412698362184
,,,,,,11303.0,-3.3817,0.02374,57.5682,3.422648837512299
,,,,,,11304.0,-3.38542,0.0247,59.8908,3.536717506147464
,,,,,,11305.0,-3.37798,0.0257,62.3035,3.4010989178566278
,,,,,,11306.0,-3.3817,0.02669,64.7174,3.430873879075168
,,,,,,11307.0,-3.37984,0.02769,67.1302,3.5022394314179897
,,,,,,11308.0,-3.37984,0.02868,69.5429,3.521082911038571
,,,,,,11309.0,-3.37984,0.02967,71.9331,3.4551433471681308
,,,,,,11310.0,-3.37612,0.03054,74.0501,3.4754767272763134
,,,,,,11311.0,-3.37984,0.03156,76.5067,3.448627641674523
,,,,,,11313.0,-3.38356,0.03248,78.7378,3.4995330837070706
,,,,,,11314.0,-3.3817,0.03347,81.1505,3.4109879588017638
,,,,,,11315.0,-3.37984,0.03446,83.5394,3.502198448933528
,,,,,,11316.0,-3.38356,0.03545,85.9534,3.491444815413324
,,,,,,11317.0,-3.37798,0.03645,88.3661,3.4807447903237887
,,,,,,11318.0,-3.38356,0.03735,90.5521,3.5047756450929595
,,,,,,11319.0,-3.37984,0.03839,93.0788,3.4306051627317924
,,,,,,11320.0,-3.37984,0.03939,95.4928,3.4454653361262952
,,,,,,11321.0,-3.37984,0.04038,97.9055,3.4229410357230154
,,,,,,11322.0,-3.37798,0.04125,100.0,3.402404869338231
,,,,,,11322.0,-3.37798,0.04125,100.0,3.4587331530141494
,,,,,,,,,,
,,,,,,11322.0,1.35975,0.0,0.0,3.526172351380981
,,,,,,11323.0,1.35231,0.00041,13.3616,3.6137877283719417
,,,,,,11324.0,1.35603,0.00081,26.4516,3.6286566002905314
,,,,,,11325.0,1.35417,0.0012,39.4227,3.561644088134334
,,,,,,11326.0,1.35603,0.00155,50.9168,3.5641269601483887
,,,,,,11327.0,1.35045,0.00195,64.0238,3.5465995300248276
,,,,,,11328.0,1.35603,0.00235,77.1307,3.575509599712877
,,,,,,11329.0,1.35417,0.00274,90.1019,3.6166586621454306
,,,,,,11330.0,1.35417,0.00304,100.0,3.61594700447368
,,,,,,11330.0,1.35417,0.00304,100.0,3.597906909650469
,,,,,,,,,,
,,,,,,11330.0,-1.35417,0.0,0.0,3.4430279687790724
,,,,,,11331.0,-1.35603,0.00039,3.2253,3.639387634177099
,,,,,,11332.0,-1.35045,0.00079,6.5364,3.5283564337254294
,,,,,,11333.0,-1.35603,0.00114,9.504,3.5409108338845785
,,,,,,11334.0,-1.35417,0.00154,12.8151,3.6254367160326324
,,,,,,11335.0,-1.35603,0.00196,16.2895,3.6289808870866285
,,,,,,11336.0,-1.35417,0.00232,19.3172,3.4565714352749524
,,,,,,11337.0,-1.35231,0.00272,22.6326,3.516829966146303
,,,,,,11338.0,-1.35603,0.00312,25.9137,3.540673893777255
,,,,,,11339.0,-1.35231,0.00352,29.2248,3.5808291078146826
,,,,,,11340.0,-1.35231,0.00392,32.5403,3.5470654672073834
,,,,,,11341.0,-1.35603,0.00431,35.8514,3.472421976667882
,,,,,,11342.0,-1.35975,0.00471,39.1368,3.5280225052129977
,,,,,,11343.0,-1.35045,0.00508,42.2332,3.574194140895845
,,,,,,11345.0,-1.35603,0.00547,45.4499,3.6004852839167567
,,,,,,11346.0,-1.35417,0.00587,48.7653,3.4949206496929426
,,,,,,11347.0,-1.35417,0.00627,52.0807,3.498942896752606
,,,,,,11348.0,-1.35231,0.00666,55.3919,3.573370451528963
,,,,,,11349.0,-1.34859,0.00706,58.7073,3.4885449714781473
,,,,,,11350.0,-1.35045,0.00746,61.9884,3.605024015429605
,,,,,,11351.0,-1.35789,0.00786,65.3038,3.625911032450113
,,,,,,11352.0,-1.35045,0.00826,68.6193,3.5575823793593577
,,,,,,11353.0,-1.35231,0.00865,71.9347,3.5434379461358687
,,,,,,11354.0,-1.35045,0.00905,75.2115,3.564751490407172
,,,,,,11355.0,-1.35045,0.00945,78.5227,3.460177614509236
,,,,,,11356.0,-1.35417,0.00985,81.8338,3.580498759598111
,,,,,,11357.0,-1.35603,0.01024,85.1492,3.5311083480239875
,,,,,,11358.0,-1.35417,0.01064,88.4604,3.5519677141084403
,,,,,,11359.0,-1.35417,0.01103,91.7114,3.6228631481181455
,,,,,,11360.0,-1.35417,0.01138,94.6189,3.53636618743836
,,,,,,11361.0,-1.35789,0.01178,97.9343,3.524382097440736
,,,,,,11362.0,-1.35789,0.01203,100.0,3.5303730306445944
,,,,,,11362.0,-1.35789,0.01203,100.0,3.5519511909383548
,,,,,,,,,,
,,,,,,11362.0,2.70461,0.0,0.0,3.649390037343154
,,,,,,11363.0,2.70461,0.00082,13.4642,3.635843899112358
,,,,,,11364.0,2.70647,0.00161,26.4441,3.7322898151702395
,,,,,,11365.0,2.70461,0.00231,37.9375,3.691825397229674
,,,,,,11366.0,2.70647,0.0031,51.0449,3.607970631421368
,,,,,,11367.0,2.70833,0.0039,64.1437,3.7200046531965216
,,,,,,11368.0,2.71019,0.00469,77.1237,3.6223651951674904
,,,,,,11369.0,2.70833,0.00549,90.2396,3.6866558521580037
,,,,,,11370.0,2.70647,0.00608,100.0,3.6882011416943725
,,,,,,11370.0,0.0,0.00608,100.0,3.634601947998537
,,,,,,11371.0,0.0,0.00608,100.0,3.6269187485720824
,,,,,,11372.0,0.0,0.00608,100.0,3.533787208657754
,,,,,,11373.0,0.0,0.00608,100.0,3.5434520371305904
,,,,,,11374.0,0.0,0.00608,100.0,3.472999120959061
,,,,,,11375.0,0.0,0.00608,100.0,3.579267121991305
,,,,,,11376.0,0.0,0.00608,100.0,3.63700864345841
,,,,,,11377.0,0.0,0.00608,100.0,3.5255037045908266
,,,,,,11378.0,0.0,0.00608,100.0,3.60924854570891
,,,,,,11379.0,0.0,0.00608,100.0,3.60441281946313
,,,,,,11380.0,0.0,0.00608,100.0,3.478002207868981
,,,,,,11381.0,0.0,0.00608,100.0,3.505787997901854
,,,,,,11382.0,0.0,0.00608,100.0,3.536203965621538
,,,,,,11383.0,0.0,0.00608,100.0,3.599753880879032
,,,,,,11384.0,0.0,0.00608,100.0,3.7098932924535926
,,,,,,11385.0,0.0,0.00608,100.0,3.6508256865177406
,,,,,,11387.0,0.0,0.00608,100.0,3.6322169388576584
,,,,,,11388.0,0.0,0.00608,100.0,3.559492960250632
,,,,,,11389.0,0.0,0.00608,100.0,3.5714102579159324
,,,,,,11390.0,0.0,0.00608,100.0,3.608275872035346
,,,,,,11391.0,0.0,0.00608,100.0,3.524492611395406
,,,,,,11392.0,0.0,0.00608,100.0,3.596122575717002
,,,,,,11393.0,0.0,0.00608,100.0,3.6091753243193914
,,,,,,11394.0,0.0,0.00608,100.0,3.561940156584672
,,,,,,11395.0,0.0,0.00608,100.0,3.5355168084696342
,,,,,,11396.0,0.0,0.00608,100.0,3.5552589101551484
,,,,,,11397.0,0.0,0.00608,100.0,3.658085242170282
,,,,,,11398.0,0.0,0.00608,100.0,3.5848847071423786
,,,,,,11399.0,0.0,0.00608,100.0,3.5677690828592628
,,,,,,11400.0,0.0,0.00608,100.0,3.6188131330696223
,,,,,,11401.0,0.0,0.00608,100.0,3.617021343533602
,,,,,,11402.0,0.0,0.00608,100.0,3.565868584813953
,,,,,,11403.0,0.0,0.00608,100.0,3.654784767471501
,,,,,,11404.0,0.0,0.00608,100.0,3.6691646991473443
,,,,,,11405.0,0.0,0.00608,100.0,3.6075486024787216
,,,,,,11406.0,0.0,0.00608,100.0,3.5818124378433103
,,,,,,11408.0,0.0,0.00608,100.0,3.6101423673012194
,,,,,,11409.0,0.0,0.00608,100.0,3.594138802427027
,,,,,,11410.0,0.0,0.00608,100.0,3.65576252714778
,,,,,,11411.0,0.0,0.00608,100.0,3.649444594794266
,,,,,,11412.0,0.0,0.00608,100.0,3.6408286637215066
,,,,,,11413.0,0.0,0.00608,100.0,3.6405715142608557
,,,,,,11414.0,0.0,0.00608,100.0,3.5756433792284934
,,,,,,11415.0,0.0,0.00608,100.0,3.598089945664418
,,,,,,11416.0,0.0,0.00608,100.0,3.5677125389061537
,,,,,,11417.0,0.0,0.00608,100.0,3.579006675460179
,,,,,,11418.0,0.0,0.00608,100.0,3.570712994211867
,,,,,,11419.0,0.0,0.00608,100.0,3.67795392316735
,,,,,,11420.0,0.0,0.00608,100.0,3.6235832848511627
,,,,,,11421.0,0.0,0.00608,100.0,3.6064277808982275
,,,,,,11422.0,0.0,0.00608,100.0,3.6367907505066066
,,,,,,11423.0,0.0,0.00608,100.0,3.5360183971547166
,,,,,,11424.0,0.0,0.00608,100.0,3.5947857450510594
,,,,,,11425.0,0.0,0.00608,100.0,3.601165062488354
,,,,,,11425.0,0.0,0.00608,100.0,3.561225174108939
,,,,,,,,,,
,,,,,,11425.0,-0.67894,0.0,0.0,3.585547617485439
,,,,,,11426.0,-0.67522,0.00019,1.9388,3.5558151488267984
,,,,,,11427.0,-0.67522,0.00039,3.9569,3.6031125909836206
,,,,,,11428.0,-0.67522,0.00058,5.9697,3.527140436969805
,,,,,,11429.0,-0.67708,0.00078,8.0089,3.5025883775004942
,,,,,,11430.0,-0.67708,0.00098,10.0481,3.587483445436383
,,,,,,11431.0,-0.67708,0.00118,12.0661,3.6293046839058594
,,,,,,11432.0,-0.67522,0.00135,13.8518,3.595358353471058
,,,,,,11433.0,-0.67708,0.00155,15.8751,3.545386039873704
,,,,,,11434.0,-0.67522,0.00175,17.909,3.6019454143699963
,,,,,,11436.0,-0.67708,0.00195,19.9429,3.591426150271691
,,,,,,11437.0,-0.67522,0.00215,21.9821,3.4666853531981223
,,,,,,11438.0,-0.67708,0.00235,24.0161,3.5805689039349518
,,,,,,11439.0,-0.67708,0.00254,25.9971,3.5851782410024025
,,,,,,11440.0,-0.67894,0.00274,27.973,3.629167478793364
,,,,,,11441.0,-0.67522,0.00293,29.9752,3.633917141888055
,,,,,,11442.0,-0.67708,0.00313,31.9668,3.5873338393418592
,,,,,,11443.0,-0.67708,0.00333,34.006,3.533830625503951
,,,,,,11444.0,-0.67522,0.00353,36.0452,3.6536999768287943
,,,,,,11445.0,-0.67708,0.00372,38.0791,3.6867832028786647
,,,,,,11446.0,-0.67708,0.00392,40.1183,3.5747021071734637
,,,,,,11447.0,-0.67894,0.00412,42.1364,3.5883014553622354
,,,,,,11448.0,-0.67708,0.0043,43.922,3.5573576462547987
,,,,,,11449.0,-0.67708,0.00449,45.9242,3.5465183777572276
,,,,,,11450.0,-0.67894,0.00469,47.9634,3.4971889197113417
,,,,,,11451.0,-0.67708,0.00489,49.9974,3.5633325274361054
,,,,,,11452.0,-0.67708,0.00509,52.0313,3.698597834182623
,,,,,,11453.0,-0.67708,0.00526,53.801,3.663645627367475
,,,,,,11453.0,-1.36347,0.00526,53.801,3.6563978744974115
,,,,,,11454.0,-1.35603,0.00566,57.8425,3.464178822580505
,,,,,,11455.0,-1.35231,0.00606,61.9156,3.5879743138247795
,,,,,,11456.0,-1.35045,0.00645,65.957,3.494622032701128
,,,,,,11457.0,-1.35045,0.00685,70.0301,3.5695486120567472
,,,,,,11458.0,-1.35603,0.00725,74.1085,3.549541630782804
,,,,,,11459.0,-1.35603,0.00764,78.1499,3.517221294242383
,,,,,,11460.0,-1.35603,0.00804,82.223,3.4836087819593913
,,,,,,11462.0,-1.35789,0.00844,86.2962,3.537773827453983
,,,,,,11463.0,-1.35417,0.00884,90.3798,3.5266601580561994
,,,,,,11464.0,-1.35231,0.00924,94.4635,3.5689878110909636
,,,,,,11465.0,-1.35417,0.00963,98.4997,3.4636353731808476
,,,,,,11465.0,-1.35789,0.00978,100.0,3.5808792710933948
,,,,,,11465.0,-1.35789,0.00978,100.0,3.500784729374231
,,,,,,,,,,
,,,,,,11465.0,0.67894,0.0,0.0,3.5646377854828013
,,,,,,11466.0,0.67894,0.00019,12.5819,3.6132853477300335
,,,,,,11467.0,0.67894,0.00037,24.7846,3.60499742238937
,,,,,,11468.0,0.67708,0.00058,38.504,3.635122106078548
,,,,,,11469.0,0.67894,0.00078,51.8442,3.679153411697893
,,,,,,11470.0,0.67894,0.00098,65.0465,3.672677284038594
,,,,,,11471.0,0.67894,0.00117,78.3868,3.6521408504092334
,,,,,,11472.0,0.67894,0.00137,91.6925,3.5581339408424655
,,,,,,11473.0,0.67894,0.0015,100.0,3.671223047262517
,,,,,,11473.0,0.0,0.0015,100.0,3.6406211786443197
,,,,,,11474.0,0.0,0.0015,100.0,3.645230583854057
,,,,,,11475.0,0.0,0.0015,100.0,3.537587902409677
,,,,,,11476.0,0.0,0.0015,100.0,3.588072893956387
,,,,,,11477.0,0.0,0.0015,100.0,3.632818065419976
,,,,,,11478.0,0.0,0.0015,100.0,3.592725494864233
,,,,,,11479.0,0.0,0.0015,100.0,3.595597583185012
,,,,,,11480.0,0.0,0.0015,100.0,3.601843224942997
,,,,,,11481.0,0.0,0.0015,100.0,3.576979338378129
,,,,,,11482.0,0.0,0.0015,100.0,3.683894866926077
,,,,,,11484.0,0.0,0.0015,100.0,3.598179812007154
,,,,,,11485.0,0.0,0.0015,100.0,3.5622754532689576
,,,,,,11486.0,0.0,0.0015,100.0,3.6411221310167745
,,,,,,11487.0,0.0,0.0015,100.0,3.613304698004493
,,,,,,11488.0,0.0,0.0015,100.0,3.6417552579820156
,,,,,,11489.0,0.0,0.0015,100.0,3.603999447460991
,,,,,,11489.0,0.0,0.0015,100.0,3.648580241959207
,,,,,,11489.0,0.0,0.0015,100.0,3.552900649897245
,,,,,,,,,,
,,,,,,11489.0,-0.67336,0.0,0.0,3.6074523024610343
,,,,,,11490.0,-0.67708,0.00019,0.9163,3.6413274662997264
,,,,,,11491.0,-0.67522,0.00039,1.8697,3.566260893002686
,,,,,,11492.0,-0.67708,0.00059,2.8182,3.639747098350042
,,,,,,11493.0,-0.67708,0.00079,3.7717,3.56990107689612
,,,,,,11494.0,-0.67708,0.00099,4.7276,3.67203082711229
,,,,,,11495.0,-0.67708,0.00119,5.6835,3.5400058679560926
,,,,,,11496.0,-0.67708,0.00138,6.6295,3.5318012170682125
,,,,,,11498.0,-0.67708,0.00158,7.583,3.631050468854688
,,,,,,11499.0,-0.67708,0.00179,8.5736,3.607874646798407
,,,,,,11500.0,-0.67708,0.00199,9.522,3.580524661449925
,,,,,,11501.0,-0.67708,0.00219,10.4755,3.5292124367306945
,,,,,,11502.0,-0.67522,0.00239,11.4314,3.5977292887455783
,,,,,,11503.0,-0.67708,0.00258,12.3601,3.599498528954528
,,,,,,11504.0,-0.67708,0.00276,13.2046,3.5639625454696566
,,,,,,11505.0,-0.67708,0.00295,14.1506,3.5524199940233014
,,,,,,11506.0,-0.67522,0.00315,15.1065,3.667684144075684
,,,,,,11507.0,-0.67708,0.00335,16.0599,3.576593135727758
,,,,,,11508.0,-0.67708,0.00355,17.0159,3.5729487303155776
,,,,,,11509.0,-0.67708,0.00373,17.8702,3.561450257013413
,,,,,,11510.0,-0.67708,0.00393,18.8187,3.5775562865779285
,,,,,,11511.0,-0.67522,0.00413,19.7746,3.5106621749496436
,,,,,,11512.0,-0.67708,0.00432,20.7281,3.556339633633413
,,,,,,11513.0,-0.67708,0.00452,21.684,3.551911911102656
,,,,,,11514.0,-0.67522,0.00472,22.6399,3.5884549589891814
,,,,,,11515.0,-0.67522,0.00492,23.5835,3.645087698418799
,,,,,,11516.0,-0.67708,0.0051,24.423,3.547530591495113
,,,,,,11517.0,-0.67708,0.00529,25.3343,3.5757112309628027
,,,,,,11518.0,-0.67522,0.00548,26.2779,3.5468709861775833
,,,,,,11519.0,-0.67894,0.00568,27.2338,3.6221583915324707
,,,,,,11520.0,-0.67522,0.00588,28.1897,3.5903950860694893
,,,,,,11521.0,-0.67894,0.00608,29.1431,3.7158100417653257
,,,,,,11523.0,-0.67708,0.00628,30.0991,3.580395863275283
,,,,,,11524.0,-0.67708,0.00648,31.0426,3.54224337137285
,,,,,,11525.0,-0.67708,0.00668,31.9985,3.6175139949277
,,,,,,11526.0,-0.67708,0.00688,32.952,3.5411835415618245
,,,,,,11527.0,-0.67708,0.00707,33.9079,3.5043222113053316
,,,,,,11528.0,-0.67708,0.00727,34.8613,3.60008400284157
,,,,,,11529.0,-0.67708,0.00747,35.8073,3.520449433184382
,,,,,,11530.0,-0.67708,0.00767,36.7633,3.6198447092566446
,,,,,,11531.0,-0.67522,0.00785,37.6102,3.6085500177414938
,,,,,,11532.0,-0.67708,0.00805,38.5636,3.5983010061192164
,,,,,,11533.0,-0.67708,0.00824,39.5121,3.5346399492407676
,,,,,,11534.0,-0.67708,0.00842,40.3492,3.5479956771962375
,,,,,,11535.0,-0.67522,0.00862,41.3051,3.6802324218608
,,,,,,11536.0,-0.67708,0.00882,42.2585,3.4692685188502566
,,,,,,11537.0,-0.67708,0.00902,43.2145,3.5270071522425632
,,,,,,11538.0,-0.67708,0.00921,44.1605,3.551166586120684
,,,,,,11539.0,-0.67894,0.00941,45.1139,3.614391733476321
,,,,,,11540.0,-0.67708,0.00961,46.0698,3.5225579201354913
,,,,,,11541.0,-0.67708,0.00981,47.0258,3.675977399750525
,,,,,,11542.0,-0.67708,0.01001,47.9817,3.6371632887276317
,,,,,,11543.0,-0.67708,0.01021,48.9277,3.6395760783154354
,,,,,,11544.0,-0.67708,0.01038,49.7647,3.551098853509589
,,,,,,11545.0,-0.67708,0.01058,50.7207,3.6610356764020886
,,,,,,11546.0,-0.67522,0.01077,51.637,3.5199528309311616
,,,,,,11547.0,-0.67522,0.01098,52.6374,3.6222323520660793
,,,,,,11549.0,-0.67708,0.01118,53.5661,3.506738284399251
,,,,,,11550.0,-0.67708,0.01135,54.4032,3.591737674857526
,,,,,,11551.0,-0.67708,0.01155,55.3492,3.60676095115214
,,,,,,11552.0,-0.67522,0.01175,56.3051,3.532872164430803
,,,,,,11553.0,-0.67708,0.01195,57.2585,3.561981584288141
,,,,,,11554.0,-0.67708,0.01214,58.2046,3.5914176509583386
,,,,,,11555.0,-0.67522,0.01232,59.0441,3.473999102529289
,,,,,,11556.0,-0.67708,0.01252,60.0173,3.5491558854862517
,,,,,,11557.0,-0.67708,0.01271,60.9361,3.6973581525208203
,,,,,,11558.0,-0.67522,0.01291,61.8896,3.567963787727778
,,,,,,11559.0,-0.67708,0.01311,62.8455,3.5448768529446806
,,,,,,11560.0,-0.67894,0.01331,63.8014,3.5552056806923242
,,,,,,11561.0,-0.67708,0.01351,64.7449,3.484762249099861
,,,,,,11562.0,-0.67708,0.01368,65.582,3.5936576690218294
,,,,,,11563.0,-0.67522,0.01388,66.5379,3.6032511894682564
,,,,,,11564.0,-0.67708,0.01408,67.4839,3.5667897324385547
,,,,,,11565.0,-0.67708,0.01428,68.4373,3.5395737439774604
,,,,,,11566.0,-0.67708,0.01448,69.3933,3.6326807685884663
,,,,,,11567.0,-0.67522,0.01468,70.3492,3.5187762334941834
,,,,,,11568.0,-0.67708,0.01488,71.2952,3.5802339755954105
,,,,,,11569.0,-0.67708,0.01505,72.1322,3.6013941770555964
,,,,,,11570.0,-0.67522,0.01525,73.0882,3.6137759178386677
,,,,,,11571.0,-0.67522,0.01545,74.0515,3.5570534816305655
,,,,,,11572.0,-0.67708,0.01565,74.9975,3.4927077404444584
,,,,,,11573.0,-0.67708,0.01582,75.8346,3.513639142854875
,,,,,,11574.0,-0.67894,0.01602,76.7905,3.462675320761674
,,,,,,11575.0,-0.67894,0.01622,77.7439,3.514873524895866
,,,,,,11576.0,-0.67708,0.01637,78.4572,3.4804937024477045
,,,,,,11576.0,-1.35417,0.01637,78.4572,3.5757292882628815
,,,,,,11577.0,-1.35417,0.01673,80.2031,3.493508654441958
,,,,,,11578.0,-1.35231,0.01713,82.1124,3.5383789298967567
,,,,,,11579.0,-1.35231,0.01753,84.0268,3.5891131185824676
,,,,,,11580.0,-1.35603,0.01793,85.9361,3.4456763588550174
,,,,,,11581.0,-1.35045,0.01833,87.8306,3.5235753972961805
,,,,,,11582.0,-1.35417,0.01868,89.5072,3.5141906223739174
,,,,,,11583.0,-1.35417,0.01907,91.419,3.6108600736853664
,,,,,,11584.0,-1.35603,0.01947,93.3284,3.550378942068818
,,,,,,11585.0,-1.35603,0.01987,95.2204,3.5477030900035387
,,,,,,11586.0,-1.35231,0.02022,96.8995,3.512483867779784
,,,,,,11588.0,-1.35789,0.02062,98.8088,3.4755413875598364
,,,,,,11588.0,-1.35789,0.02086,100.0,3.4945093319144123
,,,,,,11588.0,-1.35789,0.02086,100.0,3.592291584541002
,,,,,,,,,,
,,,,,,11588.0,0.6808,0.0,0.0,3.669365176587188
,,,,,,11589.0,0.6808,0.00019,12.5424,3.7039263229101085
,,,,,,11590.0,0.6808,0.00039,25.7966,3.6574268064901494
,,,,,,11591.0,0.6808,0.00057,37.5932,3.6533174731535754
,,,,,,11592.0,0.6808,0.00077,50.7458,3.5495070552146837
,,,,,,11593.0,0.6808,0.00097,63.8983,3.57819430827943
,,,,,,11594.0,0.6808,0.00117,77.0508,3.679097923960425
,,,,,,11595.0,0.6808,0.00137,90.2034,3.669940612971941
,,,,,,11596.0,0.6808,0.00152,100.0,3.5969090280604115
,,,,,,11596.0,0.0,0.00152,100.0,3.64369556247261
,,,,,,11597.0,0.0,0.00152,100.0,3.5515776340072818
,,,,,,11598.0,0.0,0.00152,100.0,3.630083526679666
,,,,,,11599.0,0.0,0.00152,100.0,3.5839597797870293
,,,,,,11600.0,0.0,0.00152,100.0,3.610993767722123
,,,,,,11601.0,0.0,0.00152,100.0,3.4533788932266685
,,,,,,11603.0,0.0,0.00152,100.0,3.5477872258730176
,,,,,,11604.0,0.0,0.00152,100.0,3.6418560436688594
,,,,,,11605.0,0.0,0.00152,100.0,3.642318341486683
,,,,,,11606.0,0.0,0.00152,100.0,3.5947291471881004
,,,,,,11607.0,0.0,0.00152,100.0,3.6471679935117844
,,,,,,11608.0,0.0,0.00152,100.0,3.6399522094018764
,,,,,,11609.0,0.0,0.00152,100.0,3.6218743924979373
,,,,,,11610.0,0.0,0.00152,100.0,3.5274035851631305
,,,,,,11611.0,0.0,0.00152,100.0,3.508161170866911
,,,,,,11612.0,0.0,0.00152,100.0,3.531008743626063
,,,,,,11612.0,0.0,0.00152,100.0,3.435355298869778
,,,,,,11612.0,0.0,0.00152,100.0,3.529976248497384
,,,,,,,,,,
,,,,,,11612.0,-0.67708,0.0,0.0,3.638421428742589
,,,,,,11613.0,-0.67708,0.00019,0.4675,3.5431456650539945
,,,,,,11614.0,-0.67708,0.0004,0.9724,3.5645299597349296
,,,,,,11615.0,-0.67708,0.0006,1.4536,3.56644332300771
,,,,,,11616.0,-0.67708,0.0008,1.9361,3.6782714945793464
,,,,,,11618.0,-0.67708,0.001,2.4173,3.635351416979149
,,,,,,11619.0,-0.67708,0.0012,2.8997,3.5265321442324042
,,,,,,11620.0,-0.67708,0.0014,3.3772,3.6067807024042264
,,,,,,11621.0,-0.67708,0.00158,3.8147,3.5710075235152265
,,,,,,11622.0,-0.67708,0.00177,4.2921,3.586115031758396
,,,,,,11623.0,-0.67708,0.00197,4.7733,3.5687115054907736
,,,,,,11624.0,-0.67708,0.00217,5.2558,3.62160935696418
,,,,,,11625.0,-0.67708,0.00237,5.7332,3.5390791685714444
,,,,,,11626.0,-0.67708,0.00257,6.2245,3.623930566715909
,,,,,,11627.0,-0.67708,0.00275,6.6557,3.5806021209337526
,,,,,,11628.0,-0.67708,0.00295,7.1381,3.5508608455079473
,,,,,,11629.0,-0.67894,0.00315,7.6193,3.592912047157992
,,,,,,11630.0,-0.67522,0.00335,8.1018,3.669772394848623
,,,,,,11631.0,-0.67522,0.00355,8.5792,3.590049014017271
,,,,,,11632.0,-0.67522,0.00375,9.0605,3.4612093235059223
,,,,,,11633.0,-0.67708,0.00395,9.5429,3.559469743380211
,,,,,,11634.0,-0.67708,0.00414,10.0204,3.593802121324892
,,,,,,11635.0,-0.67708,0.00434,10.5028,3.5543595774841776
,,,,,,11636.0,-0.67522,0.00454,10.984,3.584240361353949
,,,,,,11637.0,-0.67522,0.00474,11.4652,3.5700640402066735
,,,,,,11638.0,-0.67522,0.00493,11.9202,3.5230903553237742
,,,,,,11639.0,-0.67522,0.00512,12.3752,3.550908892004428
,,,,,,11640.0,-0.67522,0.00529,12.7989,3.554527181296101
,,,,,,11641.0,-0.67708,0.00549,13.2751,3.5561129889697263
,,,,,,11643.0,-0.67894,0.00569,13.7563,3.4865708460111784
,,,,,,11644.0,-0.67894,0.00588,14.2338,3.5716110337568323
,,,,,,11645.0,-0.67522,0.00608,14.7162,3.561981256187215
,,,,,,11646.0,-0.67708,0.00628,15.1987,3.6346691441577343
,,,,,,11647.0,-0.67708,0.00648,15.6761,3.5176127845314413
,,,,,,11647.0,-0.67708,0.00658,15.9174,3.6232210893408103
,,,,,,11647.0,-5.41295,0.00658,15.9174,3.4942303697236
,,,,,,11648.0,-5.41109,0.00813,19.6595,3.3063051035565723
,,,,,,11649.0,-5.40179,0.00979,23.6929,3.4038316073999093
,,,,,,11650.0,-5.41109,0.01146,27.7276,3.3618650900466824
,,,,,,11652.0,-5.40737,0.01293,31.2885,3.467692106820136
,,,,,,11653.0,-5.40551,0.01451,35.1044,3.306820197156805
,,,,,,11654.0,-5.41109,0.0161,38.9541,3.433757141311651
,,,,,,11655.0,-5.40737,0.0177,42.8075,3.218405327523728
,,,,,,11655.0,-5.40923,0.01869,45.206,3.3502441496041464
,,,,,,11655.0,-3.38542,0.01869,45.206,3.568087001251561
,,,,,,11656.0,-3.37612,0.01968,47.5946,3.4802081767250614
,,,,,,11657.0,-3.37984,0.02067,50.0019,3.4548150323924154
,,,,,,11659.0,-3.3817,0.02172,52.5467,3.4339251471156307
,,,,,,11660.0,-3.3817,0.02268,54.8627,3.471076744544119
,,,,,,11661.0,-3.3817,0.02353,56.93,3.4366721432380096
,,,,,,11662.0,-3.37984,0.02456,59.4048,3.528764262519986
,,,,,,11663.0,-3.38356,0.02555,61.8133,3.3385233348506795
,,,,,,11664.0,-3.3817,0.02654,64.1981,3.418966007830015
,,,,,,11665.0,-3.37984,0.02741,66.3104,3.4038587581432713
,,,,,,11666.0,-3.37984,0.02841,68.719,3.4357120135970307
,,,,,,11667.0,-3.37984,0.0294,71.1275,3.396422347108159
,,,,,,11668.0,-3.37984,0.03039,73.5136,3.4462671800675326
,,,,,,11669.0,-3.3817,0.03134,75.8071,3.425898641073025
,,,,,,11670.0,-3.37984,0.03224,77.9882,3.4097292036800746
,,,,,,11671.0,-3.37984,0.03329,80.5317,3.3561438211988435
,,,,,,11672.0,-3.3817,0.03429,82.9402,3.4605002947031425
,,,,,,11673.0,-3.38356,0.03528,85.3488,3.360181552822144
,,,,,,11674.0,-3.37798,0.03627,87.7336,3.520022411363836
,,,,,,11675.0,-3.37984,0.03718,89.9371,3.361974182990706
,,,,,,11676.0,-3.37798,0.03824,92.5044,3.3323622923278364
,,,,,,11677.0,-3.37612,0.03923,94.8879,3.4720347301059267
,,,,,,11678.0,-3.37984,0.04022,97.2965,3.4259504821374693
,,,,,,11679.0,-3.38356,0.04122,99.705,3.463869452472651
,,,,,,11679.0,-3.37984,0.04134,100.0,3.4472765932805833
,,,,,,11679.0,-3.37984,0.04134,100.0,3.4969877416578403
,,,,,,,,,,
,,,,,,11679.0,1.35975,0.0,0.0,3.544230531375112
,,,,,,11680.0,1.35603,0.00037,12.3035,3.643111974517997
,,,,,,11681.0,1.35789,0.00078,25.8886,3.669208852662217
,,,,,,11683.0,1.35417,0.00118,39.0807,3.7100289593284614
,,,,,,11684.0,1.35417,0.00158,52.1702,3.5225314198140905
,,,,,,11685.0,1.35789,0.00198,65.3623,3.689581318636467
,,,,,,11686.0,1.35789,0.00238,78.5714,3.563550017401476
,,,,,,11687.0,1.35417,0.00277,91.6439,3.637922405111678
,,,,,,11687.0,1.35789,0.00302,100.0,3.5240357164093377
,,,,,,11687.0,1.35789,0.00302,100.0,3.5800021495151118
,,,,,,,,,,
,,,,,,11687.0,-1.35045,0.0,0.0,3.529453316854639
,,,,,,11688.0,-1.35789,0.00038,3.1417,3.565930792993657
,,,,,,11690.0,-1.35789,0.00078,6.4506,3.5274885648976197
,,,,,,11691.0,-1.35417,0.00118,9.7595,3.502297919381136
,,,,,,11692.0,-1.35789,0.00157,13.0384,3.4397649911851174
,,,,,,11693.0,-1.35231,0.00194,16.0945,3.5324040873591604
,,,,,,11694.0,-1.35789,0.00233,19.3048,3.5414176768157732
,,,,,,11695.0,-1.35789,0.00272,22.5837,3.5932202969790694
,,,,,,11696.0,-1.35231,0.00312,25.8926,3.468397858961174
,,,,,,11697.0,-1.35045,0.00352,29.1629,3.528195216725911
,,,,,,11698.0,-1.35417,0.00391,32.4718,3.545836561564191
,,,,,,11699.0,-1.35417,0.00431,35.7764,3.48501824128244
,,,,,,11700.0,-1.35231,0.00471,39.0853,3.490650776660279
,,,,,,11701.0,-1.35603,0.00507,42.0171,3.458041304794542
,,,,,,11702.0,-1.35417,0.00549,45.5446,3.533440991410883
,,,,,,11703.0,-1.35603,0.00589,48.8492,3.425282817981076
,,,,,,11704.0,-1.35417,0.00629,52.1581,3.530658461481651
,,,,,,11705.0,-1.35231,0.00668,55.4284,3.4891071391093527
,,,,,,11706.0,-1.35603,0.00708,58.7373,3.513909926938755
,,,,,,11707.0,-1.35417,0.00748,62.0119,3.5746963648447863
,,,,,,11708.0,-1.35417,0.00783,64.9136,3.5427335373353954
,,,,,,11709.0,-1.35417,0.00822,68.2225,3.554883999348821
,,,,,,11710.0,-1.35231,0.00862,71.5014,3.4318626418451066
,,,,,,11711.0,-1.35417,0.00902,74.8018,3.555701878769625
,,,,,,11713.0,-1.35417,0.00942,78.1064,3.455041951727584
,,,,,,11714.0,-1.35417,0.00981,81.411,3.5752085157115534
,,,,,,11715.0,-1.35417,0.01021,84.7156,3.5442410317490918
,,,,,,11716.0,-1.35231,0.01057,87.6473,3.543102471585123
,,,,,,11717.0,-1.35231,0.01096,90.9262,3.5466513075193653
,,,,,,11718.0,-1.35417,0.01136,94.2309,3.5306993302505734
,,,,,,11719.0,-1.35231,0.01175,97.5055,3.5019321315533976
,,,,,,11720.0,-1.35417,0.01206,100.0,3.455920359827648
,,,,,,11720.0,-1.35417,0.01206,100.0,3.6207574446231456
,,,,,,,,,,
,,,,,,11720.0,2.70275,0.0,0.0,3.639919316941867
,,,,,,11721.0,2.70647,0.00075,12.4753,3.5802667240212487
,,,,,,11722.0,2.69903,0.00155,25.7057,3.62040184255073
,,,,,,11723.0,2.70461,0.00235,38.9447,3.631278851028914
,,,,,,11724.0,2.70275,0.00313,52.0549,3.7383526321681577
,,,,,,11725.0,2.70461,0.00393,65.2853,3.7340241725205
,,,,,,11726.0,2.70833,0.00473,78.5157,3.6975269913675834
,,,,,,11727.0,2.70833,0.00552,91.6259,3.8472329965034335
,,,,,,11728.0,2.71019,0.00602,100.0,3.623968696484409
,,,,,,11728.0,0.0,0.00602,100.0,3.54081205418188
,,,,,,11729.0,0.0,0.00602,100.0,3.600158651472341
,,,,,,11730.0,0.0,0.00602,100.0,3.6004940865043658
,,,,,,11731.0,0.0,0.00602,100.0,3.566318657968365
,,,,,,11732.0,0.0,0.00602,100.0,3.593116268990012
,,,,,,11733.0,0.0,0.00602,100.0,3.563382173307349
,,,,,,11734.0,0.0,0.00602,100.0,3.6973006135961906
,,,,,,11735.0,0.0,0.00602,100.0,3.5812871022585866
,,,,,,11736.0,0.0,0.00602,100.0,3.6273325523250213
,,,,,,11737.0,0.0,0.00602,100.0,3.5567494698432975
,,,,,,11738.0,0.0,0.00602,100.0,3.5613534356794037
,,,,,,11739.0,0.0,0.00602,100.0,3.6323152752176555
,,,,,,11740.0,0.0,0.00602,100.0,3.529639780131123
,,,,,,11741.0,0.0,0.00602,100.0,3.648559698935309
,,,,,,11742.0,0.0,0.00602,100.0,3.5961036367287944
,,,,,,11743.0,0.0,0.00602,100.0,3.5695979361345676
,,,,,,11744.0,0.0,0.00602,100.0,3.5714577492296526
,,,,,,11745.0,0.0,0.00602,100.0,3.597540881224501
,,,,,,11746.0,0.0,0.00602,100.0,3.645280559892578
,,,,,,11747.0,0.0,0.00602,100.0,3.6250223843414777
,,,,,,11748.0,0.0,0.00602,100.0,3.657953966777564
,,,,,,11749.0,0.0,0.00602,100.0,3.5092783841356825
,,,,,,11750.0,0.0,0.00602,100.0,3.5889250272571642
,,,,,,11751.0,0.0,0.00602,100.0,3.5830454660074524
,,,,,,11752.0,0.0,0.00602,100.0,3.6764488731230553
,,,,,,11753.0,0.0,0.00602,100.0,3.5911354001199607
,,,,,,11754.0,0.0,0.00602,100.0,3.511459371966294
,,,,,,11755.0,0.0,0.00602,100.0,3.5492957169322255
,,,,,,11756.0,0.0,0.00602,100.0,3.5774690370738007
,,,,,,11758.0,0.0,0.00602,100.0,3.612589673228577
,,,,,,11759.0,0.0,0.00602,100.0,3.5362412639220864
,,,,,,11760.0,0.0,0.00602,100.0,3.587680604572746
,,,,,,11761.0,0.0,0.00602,100.0,3.578262125611281
,,,,,,11762.0,0.0,0.00602,100.0,3.5551308529504406
,,,,,,11763.0,0.0,0.00602,100.0,3.566153729834899
,,,,,,11764.0,0.0,0.00602,100.0,3.4574728435231914
,,,,,,11765.0,0.0,0.00602,100.0,3.622651426592204
,,,,,,11766.0,0.0,0.00602,100.0,3.5710389382011494
,,,,,,11767.0,0.0,0.00602,100.0,3.623316160408802
,,,,,,11767.0,0.0,0.00602,100.0,3.5351417389489415
,,,,,,11768.0,0.0,0.00602,100.0,3.518938159001621
,,,,,,11769.0,0.0,0.00602,100.0,3.593595494242801
,,,,,,11770.0,0.0,0.00602,100.0,3.532874380713417
,,,,,,11771.0,0.0,0.00602,100.0,3.566979444613985
,,,,,,11772.0,0.0,0.00602,100.0,3.568863998853287
,,,,,,11773.0,0.0,0.00602,100.0,3.6502133854259573
,,,,,,11774.0,0.0,0.00602,100.0,3.5878081645328015
,,,,,,11775.0,0.0,0.00602,100.0,3.537387688719071
,,,,,,11776.0,0.0,0.00602,100.0,3.5925093882505266
,,,,,,11777.0,0.0,0.00602,100.0,3.539744803993898
,,,,,,11778.0,0.0,0.00602,100.0,3.5970010146947895
,,,,,,11779.0,0.0,0.00602,100.0,3.6047423120756594
,,,,,,11780.0,0.0,0.00602,100.0,3.608371227023946
,,,,,,11781.0,0.0,0.00602,100.0,3.5760381014960547
,,,,,,11782.0,0.0,0.00602,100.0,3.6357708188977282
,,,,,,11783.0,0.0,0.00602,100.0,3.5797199063142324
,,,,,,11784.0,0.0,0.00602,100.0,3.59622851109825
,,,,,,11784.0,0.0,0.00602,100.0,3.60928293162816
,,,,,,,,,,
,,,,,,11784.0,-0.67708,0.0,0.0,3.58166398713465
,,,,,,11785.0,-0.67708,0.00018,1.8495,3.626764087875944
,,,,,,11786.0,-0.67708,0.00038,3.9322,3.4964723983522448
,,,,,,11787.0,-0.67522,0.00058,5.9724,3.5642826250817885
,,,,,,11788.0,-0.67522,0.00078,8.0127,3.604359608271924
,,,,,,11789.0,-0.67522,0.00098,10.0371,3.532426292377712
,,,,,,11790.0,-0.67708,0.00115,11.8336,3.6687920018750964
,,,,,,11791.0,-0.67708,0.00135,13.8739,3.602854189193792
,,,,,,11792.0,-0.67708,0.00155,15.8983,3.638190153863062
,,,,,,11793.0,-0.67708,0.00175,17.9438,3.4952910343920163
,,,,,,11794.0,-0.67708,0.00195,19.9894,3.56326204702842
,,,,,,11795.0,-0.67708,0.00215,22.035,3.587768414138613
,,,,,,11796.0,-0.67708,0.00235,24.0753,3.5441995475477883
,,,,,,11797.0,-0.67708,0.00254,26.0625,3.514548650986199
,,,,,,11798.0,-0.67708,0.00274,28.1452,3.508226093724183
,,,,,,11799.0,-0.67522,0.00294,30.1325,3.4770900604593127
,,,,,,11800.0,-0.67522,0.00314,32.1728,3.514574697166116
,,,,,,11801.0,-0.67708,0.00333,34.1971,3.606826983370961
,,,,,,11802.0,-0.67522,0.00353,36.2427,3.6372645533421095
,,,,,,11803.0,-0.67894,0.00373,38.283,3.6499781872042565
,,,,,,11804.0,-0.67522,0.00393,40.3074,3.534699831115508
,,,,,,11805.0,-0.67708,0.00411,42.1039,3.670733018759872
,,,,,,11806.0,-0.67708,0.00429,44.0329,3.5542140293138322
,,,,,,11808.0,-0.67708,0.00449,46.0731,3.4990129072752025
,,,,,,11809.0,-0.67522,0.00469,48.1187,3.5846142480004413
,,,,,,11810.0,-0.67708,0.00489,50.1378,3.5071325784747343
,,,,,,11811.0,-0.67708,0.00506,51.9343,3.5404579464953927
,,,,,,11812.0,-0.67708,0.00526,53.9799,3.5423140770216066
,,,,,,11812.0,-1.35045,0.00526,53.9799,3.5503756775103277
,,,,,,11813.0,-1.35417,0.00562,57.6789,3.5399219883788553
,,,,,,11814.0,-1.35603,0.00602,61.77,3.5106228322534303
,,,,,,11815.0,-1.35417,0.00642,65.8612,3.425473780955771
,,,,,,11816.0,-1.35231,0.00682,69.9152,3.4825067510523375
,,,,,,11817.0,-1.35045,0.00717,73.4976,3.515375512076256
,,,,,,11818.0,-1.35417,0.00757,77.5888,3.492060254281709
,,,,,,11819.0,-1.35045,0.00796,81.6375,3.514143848578451
,,,,,,11820.0,-1.35045,0.00836,85.7234,3.556757421149699
,,,,,,11821.0,-1.35045,0.00876,89.8145,3.481553679302101
,,,,,,11822.0,-1.35603,0.00916,93.9057,3.571054891706954
,,,,,,11823.0,-1.35603,0.00955,97.9544,3.503356154521741
,,,,,,11824.0,-1.35417,0.00975,100.0,3.4689744662030844
,,,,,,11824.0,-1.35417,0.00975,100.0,3.48742388208577
,,,,,,,,,,
,,,,,,11824.0,0.67894,0.0,0.0,3.507115021470703
,,,,,,11825.0,0.67894,0.0002,13.1916,3.620342455189643
,,,,,,11826.0,0.67894,0.00038,25.135,3.6421109125461175
,,,,,,11827.0,0.67894,0.00058,38.1916,3.5170595087627334
,,,,,,11828.0,0.67894,0.00078,51.2146,3.700805230537769
,,,,,,11829.0,0.67894,0.00098,64.17,3.558476750623345
,,,,,,11830.0,0.67894,0.00118,77.2267,3.5885108082965087
,,,,,,11831.0,0.67894,0.00138,90.2497,3.541281881690941
,,,,,,11832.0,0.67894,0.00153,100.0,3.6353448841220275
,,,,,,11832.0,0.0,0.00153,100.0,3.5816409050624842
,,,,,,11833.0,0.0,0.00153,100.0,3.6438416607390542
,,,,,,11834.0,0.0,0.00153,100.0,3.607028002105557
,,,,,,11835.0,0.0,0.00153,100.0,3.5380712089458437
,,,,,,11836.0,0.0,0.00153,100.0,3.5483914964002152
,,,,,,11837.0,0.0,0.00153,100.0,3.603825696176312
,,,,,,11838.0,0.0,0.00153,100.0,3.5102263146189148
,,,,,,11839.0,0.0,0.00153,100.0,3.6445920203713484
,,,,,,11840.0,0.0,0.00153,100.0,3.616695250642027
,,,,,,11841.0,0.0,0.00153,100.0,3.5414476831122834
,,,,,,11842.0,0.0,0.00153,100.0,3.763102945450242
,,,,,,11843.0,0.0,0.00153,100.0,3.5535772548248135
,,,,,,11844.0,0.0,0.00153,100.0,3.5722230454826343
,,,,,,11845.0,0.0,0.00153,100.0,3.5610831044453537
,,,,,,11846.0,0.0,0.00153,100.0,3.5059920552596497
,,,,,,11847.0,0.0,0.00153,100.0,3.5765461183755543
,,,,,,11848.0,0.0,0.00153,100.0,3.661799279633289
,,,,,,11848.0,0.0,0.00153,100.0,3.5463766944403448
,,,,,,,,,,
,,,,,,11848.0,-0.67336,0.0,0.0,3.5314716877490473
,,,,,,11849.0,-0.67708,0.0002,0.9357,3.6618358057292513
,,,,,,11850.0,-0.67522,0.00039,1.8888,3.5367533760787375
,,,,,,11851.0,-0.67708,0.00059,2.8443,3.573789284050138
,,,,,,11852.0,-0.67522,0.00079,3.7973,3.4865071232330997
,,,,,,11853.0,-0.67708,0.00099,4.7429,3.4862445446005723
,,,,,,11854.0,-0.67708,0.00119,5.6984,3.649598644988104
,,,,,,11855.0,-0.67708,0.00139,6.654,3.576540169974646
,,,,,,11856.0,-0.67708,0.00157,7.5278,3.6225598121854357
,,,,,,11857.0,-0.67522,0.00177,8.4808,3.677915576420645
,,,,,,11858.0,-0.67708,0.00197,9.4264,3.558336308748405
,,,,,,11859.0,-0.67894,0.00217,10.382,3.5947881196698663
,,,,,,11860.0,-0.67708,0.00237,11.3375,3.5652392135096402
,,,,,,11861.0,-0.67708,0.00258,12.3376,3.5497252326073374
,,,,,,11862.0,-0.67708,0.00276,13.2114,3.5852774285597073
,,,,,,11863.0,-0.67894,0.00296,14.1644,3.513120406377311
,,,,,,11865.0,-0.67894,0.00315,15.11,3.564373175674363
,,,,,,11866.0,-0.67708,0.00335,16.073,3.6221270393143232
,,,,,,11867.0,-0.67708,0.00353,16.9295,3.5954173400348246
,,,,,,11868.0,-0.67708,0.00373,17.885,3.5430219588388683
,,,,,,11869.0,-0.67708,0.00393,18.8405,3.5613914638028463
,,,,,,11870.0,-0.67894,0.00413,19.7861,3.608439938660324
,,,,,,11871.0,-0.67708,0.00433,20.7416,3.503779310720764
,,,,,,11872.0,-0.67522,0.00453,21.6947,3.544898298663984
,,,,,,11873.0,-0.67708,0.00472,22.5957,3.5240939264287583
,,,,,,11874.0,-0.67708,0.0049,23.477,3.450154817336733
,,,,,,11875.0,-0.67522,0.0051,24.4226,3.5111574289596943
,,,,,,11876.0,-0.67522,0.0053,25.3781,3.6507583375375128
,,,,,,11877.0,-0.67708,0.0055,26.3312,3.631009192952145
,,,,,,11878.0,-0.67708,0.00569,27.2768,3.5653991952516955
,,,,,,11879.0,-0.67708,0.00589,28.2323,3.5975603917274186
,,,,,,11880.0,-0.67708,0.00609,29.1878,3.5165332089728483
,,,,,,11881.0,-0.67522,0.00629,30.131,3.5827742591512752
,,,,,,11882.0,-0.67708,0.00646,30.9701,3.571209852616647
,,,,,,11883.0,-0.67708,0.00666,31.9232,3.560297076731942
,,,,,,11884.0,-0.67522,0.00686,32.8787,3.548846522235127
,,,,,,11885.0,-0.67708,0.00706,33.8243,3.623332010510169
,,,,,,11886.0,-0.67522,0.00724,34.6635,3.7065827308418418
,,,,,,11887.0,-0.67708,0.00743,35.6066,3.6488795105063327
,,,,,,11888.0,-0.67708,0.00764,36.5993,3.5667822039183052
,,,,,,11889.0,-0.67708,0.00784,37.5523,3.594022526511644
,,,,,,11890.0,-0.67708,0.00804,38.5053,3.5869422369469697
,,,,,,11891.0,-0.67708,0.00824,39.4608,3.5648450014336874
,,,,,,11893.0,-0.67708,0.00843,40.4065,3.5122693814389847
,,,,,,11894.0,-0.67522,0.00863,41.362,3.557387694715888
,,,,,,11895.0,-0.67522,0.00883,42.315,3.5909949992028487
,,,,,,11896.0,-0.67708,0.00903,43.2705,3.586666243390589
,,,,,,11897.0,-0.67522,0.00923,44.2162,3.449280727570211
,,,,,,11898.0,-0.67708,0.00943,45.1692,3.605232541771555
,,,,,,11899.0,-0.67894,0.00963,46.1247,3.614972876532416
,,,,,,11900.0,-0.67708,0.00983,47.0778,3.487868978486878
,,,,,,11901.0,-0.67522,0.01002,48.0234,3.5543892896291553
,,,,,,11902.0,-0.67708,0.0102,48.8625,3.5811529114615572
,,,,,,11903.0,-0.67894,0.01041,49.8626,3.6199047700879743
,,,,,,11904.0,-0.67708,0.01059,50.7166,3.5745145513610983
,,,,,,11905.0,-0.67708,0.01079,51.6722,3.623299185242461
,,,,,,11906.0,-0.67708,0.01097,52.5732,3.5730952806207954
,,,,,,11907.0,-0.67708,0.01117,53.5287,3.476884213143545
,,,,,,11908.0,-0.67708,0.01137,54.4842,3.509588782002443
,,,,,,11909.0,-0.67708,0.01157,55.4299,3.662429401062705
,,,,,,11910.0,-0.67708,0.01177,56.3829,3.5631888271694216
,,,,,,11911.0,-0.67708,0.01197,57.3384,3.5580644337097085
,,,,,,11912.0,-0.67708,0.01217,58.2939,3.545929570121119
,,,,,,11913.0,-0.67708,0.01234,59.1232,3.549096908666263
,,,,,,11914.0,-0.67708,0.01254,60.0787,3.5183846716736564
,,,,,,11915.0,-0.67708,0.01274,61.0318,3.574260740446095
,,,,,,11917.0,-0.67708,0.01294,61.9774,3.6132214897135038
,,,,,,11918.0,-0.67708,0.01314,62.9329,3.5708387912650195
,,,,,,11919.0,-0.67522,0.01333,63.8859,3.5969173496577422
,,,,,,11920.0,-0.67708,0.01353,64.8316,3.6780816742654334
,,,,,,11921.0,-0.67708,0.01373,65.7871,3.5227281120589455
,,,,,,11922.0,-0.67708,0.01393,66.7401,3.5036012786727246
,,,,,,11923.0,-0.67708,0.01413,67.6882,3.4672436322862557
,,,,,,11924.0,-0.67708,0.0143,68.5249,3.504564478584887
,,,,,,11925.0,-0.67708,0.0145,69.4804,3.53094403165427
,,,,,,11926.0,-0.67522,0.0147,70.4235,3.606847847899961
,,,,,,11927.0,-0.67522,0.0149,71.3791,3.498745971974709
,,,,,,11928.0,-0.67522,0.01509,72.3049,3.5891120346003436
,,,,,,11929.0,-0.67708,0.01529,73.2431,3.5688822796890767
,,,,,,11930.0,-0.67708,0.01549,74.1986,3.453608570931759
,,,,,,11931.0,-0.67708,0.01568,75.1442,3.6333411139359564
,,,,,,11932.0,-0.67708,0.01588,76.0972,3.5962418902099933
,,,,,,11933.0,-0.67708,0.01608,77.0503,3.5241263565668697
,,,,,,11934.0,-0.67522,0.01628,78.0058,3.581174672018623
,,,,,,11935.0,-0.67708,0.01636,78.3647,3.5201848179224577
,,,,,,11935.0,-1.35603,0.01636,78.3647,3.546074103056947
,,,,,,11936.0,-1.35603,0.01676,80.2782,3.6035751716529965
,,,,,,11937.0,-1.35417,0.01714,82.1175,3.5377818902080556
,,,,,,11938.0,-1.35417,0.01754,84.026,3.4834496758756957
,,,,,,11939.0,-1.35603,0.01794,85.9371,3.56458636102178
,,,,,,11940.0,-1.35417,0.01833,87.8308,3.580841391185298
,,,,,,11941.0,-1.35417,0.01868,89.5066,3.531000221853854
,,,,,,11942.0,-1.35417,0.01908,91.4177,3.582022439371343
,,,,,,11943.0,-1.35789,0.01948,93.3287,3.498410155114021
,,,,,,11944.0,-1.35045,0.01988,95.2199,3.6219995522894837
,,,,,,11945.0,-1.35789,0.02027,97.1335,3.5640276645411277
,,,,,,11946.0,-1.35603,0.02067,99.0445,3.5794358898391727
,,,,,,11947.0,-1.35603,0.02087,100.0,3.5757764103480567
,,,,,,11947.0,-1.35603,0.02087,100.0,3.49352008170762
,,,,,,,,,,
,,,,,,11947.0,0.67894,0.0,0.0,3.540020161319129
,,,,,,11948.0,0.67894,0.00019,12.7747,3.5165597227642085
,,,,,,11949.0,0.67894,0.00039,25.6868,3.61627137771782
,,,,,,11950.0,0.67894,0.00058,38.8393,3.5605870336840897
,,,,,,11951.0,0.67894,0.00076,50.5151,3.5622429897602963
,,,,,,11952.0,0.67894,0.00097,64.4231,3.5602944148320925
,,,,,,11953.0,0.67894,0.00116,76.8201,3.592272829278045
,,,,,,11954.0,0.67894,0.00136,90.1099,3.673848994833245
,,,,,,11955.0,0.67894,0.0015,100.0,3.602458645895656
,,,,,,11955.0,0.0,0.0015,100.0,3.6119999265003573
,,,,,,11956.0,0.0,0.0015,100.0,3.5589117681646805
,,,,,,11957.0,0.0,0.0015,100.0,3.567335652435756
,,,,,,11958.0,0.0,0.0015,100.0,3.656171899649687
,,,,,,11959.0,0.0,0.0015,100.0,3.5355057255257822
,,,,,,11960.0,0.0,0.0015,100.0,3.5403495526736393
,,,,,,11961.0,0.0,0.0015,100.0,3.5144235070224044
,,,,,,11962.0,0.0,0.0015,100.0,3.598623263075441
,,,,,,11963.0,0.0,0.0015,100.0,3.536658467054105
,,,,,,11964.0,0.0,0.0015,100.0,3.6073196569631802
,,,,,,11965.0,0.0,0.0015,100.0,3.531140222370022
,,,,,,11966.0,0.0,0.0015,100.0,3.5073782531898527
,,,,,,11967.0,0.0,0.0015,100.0,3.5351033201325643
,,,,,,11968.0,0.0,0.0015,100.0,3.716622904189106
,,,,,,11969.0,0.0,0.0015,100.0,3.541566583605549
,,,,,,11970.0,0.0,0.0015,100.0,3.6627173971379188
,,,,,,11971.0,0.0,0.0015,100.0,3.5706721524671403
,,,,,,11971.0,0.0,0.0015,100.0,3.590329857298455
,,,,,,,,,,
,,,,,,11971.0,-0.67336,0.0,0.0,3.5361272511451234
,,,,,,11972.0,-0.67522,0.00018,0.4303,3.5677953073934874
,,,,,,11973.0,-0.67708,0.00038,0.9221,3.5325159348322632
,,,,,,11974.0,-0.67708,0.00058,1.4064,3.5895671453923694
,,,,,,11975.0,-0.67894,0.00078,1.8894,3.619738207307507
,,,,,,11976.0,-0.67522,0.00098,2.3737,3.5889020784964445
,,,,,,11977.0,-0.67522,0.00118,2.8567,3.6268361162248737
,,,,,,11978.0,-0.67894,0.00137,3.3284,3.5595885795792834
,,,,,,11979.0,-0.67894,0.00156,3.7801,3.5839067283976815
,,,,,,11980.0,-0.67522,0.00176,4.2644,3.5428153005746683
,,,,,,11981.0,-0.67708,0.00195,4.7436,3.5982562218249683
,,,,,,11982.0,-0.67522,0.00213,5.1677,3.611408390064282
,,,,,,11983.0,-0.67522,0.00233,5.6469,3.54675733715848
,,,,,,11984.0,-0.67522,0.00252,6.1162,3.520425586251014
,,,,,,11985.0,-0.67522,0.00271,6.5866,3.588164703290213
,,,,,,11986.0,-0.67522,0.00291,7.0696,3.577635367376905
,,,,,,11987.0,-0.67708,0.00311,7.5476,3.5731588555642717
,,,,,,11988.0,-0.67708,0.00328,7.973,3.5047332664912227
,,,,,,11989.0,-0.67522,0.00348,8.456,3.5335330252224693
,,,,,,11990.0,-0.67522,0.00368,8.9402,3.569690798040445
,,,,,,11991.0,-0.67708,0.00388,9.4233,3.4725329730407877
,,,,,,11992.0,-0.67894,0.00408,9.9038,3.6242302246758626
,,,,,,11994.0,-0.67708,0.00428,10.3868,3.5169209593163555
,,,,,,11995.0,-0.67708,0.00448,10.866,3.4521000839727067
,,,,,,11996.0,-0.67522,0.00467,11.3491,3.664694029994863
,,,,,,11997.0,-0.67522,0.00487,11.8333,3.622410538800221
,,,,,,11998.0,-0.67522,0.00506,12.285,3.571127982153732
,,,,,,11999.0,-0.67708,0.00526,12.7818,3.549081973902904
,,,,,,12000.0,-0.67522,0.00546,13.2611,3.5175340602562097
,,,,,,12001.0,-0.67522,0.00564,13.6851,3.5103102233405594
,,,,,,12002.0,-0.67708,0.00584,14.1694,3.523289414884916
,,,,,,12003.0,-0.67708,0.00603,14.6524,3.5936040700540364
,,,,,,12004.0,-0.67522,0.00623,15.1367,3.5401386281052205
,,,,,,12005.0,-0.67522,0.00643,15.6159,3.4983393576634256
,,,,,,12006.0,-0.67708,0.00658,15.9798,3.6375180561654528
,,,,,,12006.0,-5.40737,0.00658,15.9798,3.4440771503923076
,,,,,,12007.0,-5.40737,0.00801,19.445,3.4217441550009644
,,,,,,12008.0,-5.40551,0.0096,23.3104,3.5311065013940155
,,,,,,12009.0,-5.40737,0.01137,27.6149,3.317478825132235
,,,,,,12010.0,-5.41295,0.01283,31.1528,3.375078691640368
,,,,,,12011.0,-5.41667,0.01441,34.9831,3.418729863107024
,,,,,,12012.0,-5.40923,0.016,38.851,3.490336592818217
,,,,,,12013.0,-5.41109,0.01759,42.7177,3.300295220988357
,,,,,,12014.0,-5.41295,0.01858,45.1253,3.4355745222640035
,,,,,,12014.0,-3.37984,0.01858,45.1253,3.441585300264826
,,,,,,12015.0,-3.37984,0.01952,47.4049,3.4499748507613246
,,,,,,12016.0,-3.37984,0.02051,49.7986,3.452276321378355
,,,,,,12017.0,-3.3817,0.02161,52.4659,3.4351773519685427
,,,,,,12018.0,-3.37984,0.02251,54.6552,3.4073421713996987
,,,,,,12019.0,-3.3817,0.02354,57.1631,3.4723545194186882
,,,,,,12020.0,-3.3817,0.02453,59.5569,3.497628945981895
,,,,,,12021.0,-3.38356,0.02552,61.9745,3.4319941325190464
,,,,,,12022.0,-3.37798,0.02651,64.3682,3.5299264703085997
,,,,,,12023.0,-3.37984,0.02738,66.4885,3.384477717181659
,,,,,,12024.0,-3.3817,0.02837,68.8823,3.373630896700782
,,,,,,12025.0,-3.3817,0.02936,71.2999,3.5008003527195966
,,,,,,12026.0,-3.37984,0.03036,73.7175,3.452146063848863
,,,,,,12027.0,-3.37798,0.03134,76.0887,3.5217120906214374
,,,,,,12029.0,-3.37984,0.03244,78.7785,3.3880565158158267
,,,,,,12030.0,-3.3817,0.03344,81.1949,3.438562644277747
,,,,,,12031.0,-3.37984,0.03443,83.6112,3.503354901345092
,,,,,,12032.0,-3.37798,0.03542,86.005,3.362178009070763
,,,,,,12033.0,-3.3817,0.03629,88.1253,3.4449098561808267
,,,,,,12034.0,-3.37984,0.03733,90.6307,3.3429743359199495
,,,,,,12035.0,-3.37798,0.03821,92.7748,3.4171123611536176
,,,,,,12036.0,-3.37984,0.03919,95.1673,3.4141374466938177
,,,,,,12037.0,-3.37798,0.04019,97.5836,3.445577680108595
,,,,,,12038.0,-3.3817,0.04118,100.0,3.415763948249079
,,,,,,12038.0,-3.3817,0.04118,100.0,3.3694708660085895
,,,,,,,,,,
,,,,,,12038.0,1.35603,0.0,0.0,3.5841837132651793
,,,,,,12039.0,1.35789,0.00036,12.0904,3.587286915303682
,,,,,,12040.0,1.35231,0.00076,25.4053,3.6278213907114765
,,,,,,12041.0,1.35417,0.00116,38.703,3.5595718073452325
,,,,,,12042.0,1.35417,0.00155,51.88,3.5854181139627923
,,,,,,12043.0,1.35789,0.00195,65.2121,3.5769038869049465
,,,,,,12044.0,1.35603,0.00235,78.4063,3.627906624573473
,,,,,,12045.0,1.35231,0.00275,91.704,3.552964018736585
,,,,,,12046.0,1.35603,0.003,100.0,3.671608398826926
,,,,,,12046.0,1.35603,0.003,100.0,3.686538338288844
,,,,,,,,,,
,,,,,,12046.0,-1.34673,0.0,0.0,3.5087262490757625
,,,,,,12047.0,-1.35417,0.0004,3.2975,3.5324653098566134
,,,,,,12048.0,-1.34859,0.0008,6.5951,3.459642606291752
,,,,,,12049.0,-1.35603,0.0012,9.8969,3.5425541677198993
,,,,,,12050.0,-1.35417,0.00159,13.1603,3.446800613273228
,,,,,,12051.0,-1.35603,0.00199,16.4321,3.6042274554978357
,,,,,,12052.0,-1.35417,0.00234,19.3533,3.516656887925341
,,,,,,12053.0,-1.35417,0.00273,22.6252,3.4926315292108483
,,,,,,12054.0,-1.35417,0.00313,25.9228,3.5016169546628544
,,,,,,12055.0,-1.35417,0.00353,29.1946,3.4461418477328327
,,,,,,12056.0,-1.35417,0.00393,32.4922,3.4453652982659895
,,,,,,12057.0,-1.35789,0.00432,35.794,3.5265246970079245
,,,,,,12058.0,-1.35417,0.00472,39.0958,3.566687655788925
,,,,,,12059.0,-1.35417,0.00511,42.3335,3.5793979158243534
,,,,,,12060.0,-1.35231,0.00547,45.2932,3.503617787684823
,,,,,,12061.0,-1.35417,0.00587,48.5907,3.4344912070249793
,,,,,,12062.0,-1.35417,0.00627,51.8926,3.435458123926052
,,,,,,12064.0,-1.35045,0.00666,55.1559,3.5349206849915147
,,,,,,12065.0,-1.35417,0.00706,58.4577,3.5223764164553835
,,,,,,12066.0,-1.35603,0.00746,61.7595,3.5676970134338934
,,,,,,12067.0,-1.35603,0.00786,65.0657,3.4994443183393016
,,,,,,12068.0,-1.35417,0.00826,68.3333,3.4958125769332944
,,,,,,12069.0,-1.35789,0.00861,71.2331,3.4645042404806023
,,,,,,12070.0,-1.35231,0.009,74.5306,3.5256037502635484
,,,,,,12071.0,-1.35417,0.0094,77.7982,3.4789617922506126
,,,,,,12072.0,-1.35603,0.0098,81.1,3.487138951628071
,,,,,,12073.0,-1.35231,0.0102,84.4019,3.428842503374954
,,,,,,12074.0,-1.35417,0.01059,87.6994,3.5289267746449147
,,,,,,12075.0,-1.35417,0.01099,90.967,3.4799120152771508
,,,,,,12076.0,-1.35603,0.01139,94.2689,3.4523688932038548
,,,,,,12077.0,-1.35603,0.01178,97.5407,3.5132736630824497
,,,,,,12078.0,-1.35417,0.01208,100.0,3.466825065134895
,,,,,,12078.0,-1.35417,0.01208,100.0,3.477661619608919
,,,,,,,,,,
,,,,,,12078.0,2.70089,0.0,0.0,3.6451074628346736
,,,,,,12079.0,2.70833,0.00082,13.6752,3.638984831658278
,,,,,,12080.0,2.70647,0.00162,26.9965,3.7080927702410715
,,,,,,12081.0,2.70833,0.00241,40.1882,3.576096464642541
,,,,,,12082.0,2.70461,0.0032,53.5095,3.634120744465565
,,,,,,12083.0,2.70647,0.004,66.8221,3.6490320405230294
,,,,,,12084.0,2.70461,0.00479,80.0138,3.683527711477719
,,,,,,12085.0,2.70461,0.00549,91.7034,3.6874006991660515
,,,,,,12086.0,2.70647,0.00598,100.0,3.691404420402407
,,,,,,12086.0,0.0,0.00598,100.0,3.630615408258436
,,,,,,12087.0,0.0,0.00598,100.0,3.528986196056805
,,,,,,12088.0,0.0,0.00598,100.0,3.568216821561831
,,,,,,12089.0,0.0,0.00598,100.0,3.571963540372046
,,,,,,12090.0,0.0,0.00598,100.0,3.4465656905233137
,,,,,,12091.0,0.0,0.00598,100.0,3.596472713458272
,,,,,,12092.0,0.0,0.00598,100.0,3.5935827515467804
,,,,,,12093.0,0.0,0.00598,100.0,3.6567360763916117
,,,,,,12094.0,0.0,0.00598,100.0,3.569400173082333
,,,,,,12095.0,0.0,0.00598,100.0,3.5324148389534518
,,,,,,12096.0,0.0,0.00598,100.0,3.5317566821783957
,,,,,,12097.0,0.0,0.00598,100.0,3.6135793484639436
,,,,,,12099.0,0.0,0.00598,100.0,3.6118402781498884
,,,,,,12100.0,0.0,0.00598,100.0,3.5559754563543153
,,,,,,12101.0,0.0,0.00598,100.0,3.573852656517903
,,,,,,12102.0,0.0,0.00598,100.0,3.576071929720217
,,,,,,12103.0,0.0,0.00598,100.0,3.4993821063770243
,,,,,,12104.0,0.0,0.00598,100.0,3.63078239090627
,,,,,,12105.0,0.0,0.00598,100.0,3.5921170637757895
,,,,,,12106.0,0.0,0.00598,100.0,3.685145178544948
,,,,,,12107.0,0.0,0.00598,100.0,3.5845613324848236
,,,,,,12108.0,0.0,0.00598,100.0,3.610903689302553
,,,,,,12109.0,0.0,0.00598,100.0,3.5052925628213294
,,,,,,12110.0,0.0,0.00598,100.0,3.5347171704198206
,,,,,,12111.0,0.0,0.00598,100.0,3.523317064984389
,,,,,,12112.0,0.0,0.00598,100.0,3.587300452068314
,,,,,,12113.0,0.0,0.00598,100.0,3.4719276294687362
,,,,,,12114.0,0.0,0.00598,100.0,3.495274168369237
,,,,,,12115.0,0.0,0.00598,100.0,3.5502265336662697
,,,,,,12116.0,0.0,0.00598,100.0,3.5884498555652584
,,,,,,12117.0,0.0,0.00598,100.0,3.661568279098598
,,,,,,12118.0,0.0,0.00598,100.0,3.5324703862947686
,,,,,,12119.0,0.0,0.00598,100.0,3.5794649195593187
,,,,,,12120.0,0.0,0.00598,100.0,3.642470465871461
,,,,,,12121.0,0.0,0.00598,100.0,3.6165410285370965
,,,,,,12122.0,0.0,0.00598,100.0,3.4968124285247493
,,,,,,12124.0,0.0,0.00598,100.0,3.5672538630720254
,,,,,,12125.0,0.0,0.00598,100.0,3.538994032553302
,,,,,,12126.0,0.0,0.00598,100.0,3.593779629030839
,,,,,,12127.0,0.0,0.00598,100.0,3.5224721901846596
,,,,,,12128.0,0.0,0.00598,100.0,3.5451672176934474
,,,,,,12129.0,0.0,0.00598,100.0,3.52484633471143
,,,,,,12130.0,0.0,0.00598,100.0,3.5834382601029584
,,,,,,12131.0,0.0,0.00598,100.0,3.5569142854720934
,,,,,,12132.0,0.0,0.00598,100.0,3.5894917760978857
,,,,,,12133.0,0.0,0.00598,100.0,3.5597711732872934
,,,,,,12134.0,0.0,0.00598,100.0,3.6224398296871674
,,,,,,12135.0,0.0,0.00598,100.0,3.5926602516303263
,,,,,,12136.0,0.0,0.00598,100.0,3.53837991634862
,,,,,,12137.0,0.0,0.00598,100.0,3.629986228826541
,,,,,,12138.0,0.0,0.00598,100.0,3.5234184801180497
,,,,,,12139.0,0.0,0.00598,100.0,3.58661802896961
,,,,,,12140.0,0.0,0.00598,100.0,3.5937254220261363
,,,,,,12141.0,0.0,0.00598,100.0,3.508919994402545
,,,,,,12141.0,0.0,0.00598,100.0,3.5700435818543585
,,,,,,,,,,
,,,,,,12141.0,-0.67522,0.0,0.0,3.591020794256626
,,,,,,12142.0,-0.67522,0.00019,1.9019,3.507510510180963
,,,,,,12143.0,-0.67522,0.00039,3.9941,3.5091742436791105
,,,,,,12144.0,-0.67708,0.00059,6.0334,3.5566763427469694
,,,,,,12145.0,-0.67708,0.00079,8.0727,3.5259379496026027
,,,,,,12146.0,-0.67708,0.00099,10.0909,3.6284045478683233
,,,,,,12147.0,-0.67708,0.00116,11.8766,3.530188504716632
,,,,,,12148.0,-0.67708,0.00136,13.9106,3.556268142171134
,,,,,,12149.0,-0.67894,0.00156,15.9499,3.5841798416600743
,,,,,,12150.0,-0.67708,0.00176,17.9892,3.511150177019528
,,,,,,12151.0,-0.67894,0.00196,20.0074,3.601667708942898
,,,,,,12152.0,-0.67708,0.00213,21.7931,3.580588187532333
,,,,,,12153.0,-0.67708,0.00233,23.8324,3.4294708288557474
,,,,,,12155.0,-0.67708,0.00254,25.9615,3.5651396070765027
,,,,,,12156.0,-0.67708,0.00273,27.9586,3.599586629863571
,,,,,,12157.0,-0.67708,0.00292,29.8447,3.42009150041481
,,,,,,12158.0,-0.67708,0.00311,31.7625,3.572904267566289
,,,,,,12159.0,-0.67522,0.00331,33.8018,3.4751768797645353
,,,,,,12160.0,-0.67708,0.0035,35.8358,3.5081074761804976
,,,,,,12161.0,-0.67708,0.0037,37.854,3.5431008819273284
,,,,,,12162.0,-0.67894,0.0039,39.8933,3.598574952230055
,,,,,,12163.0,-0.67522,0.0041,41.9326,3.5473636158669075
,,,,,,12164.0,-0.67522,0.0043,43.9666,3.4800200742104455
,,,,,,12165.0,-0.67708,0.0045,45.9848,3.5679148692434293
,,,,,,12166.0,-0.67708,0.0047,48.0241,3.5970956976300488
,,,,,,12167.0,-0.67522,0.0049,50.0634,3.5287189904808507
,,,,,,12168.0,-0.67708,0.0051,52.0974,3.6132784624097596
,,,,,,12169.0,-0.67522,0.00527,53.8884,3.508056160217873
,,,,,,12169.0,-1.35789,0.00527,53.8884,3.448722182058298
,,,,,,12170.0,-1.35603,0.00565,57.8085,3.5553118733694142
,,,,,,12171.0,-1.35417,0.00605,61.8449,3.619525196367363
,,,,,,12172.0,-1.35789,0.00645,65.9235,3.521596517979204
,,,,,,12173.0,-1.35417,0.00685,70.0021,3.5942665833562732
,,,,,,12174.0,-1.35231,0.00724,74.0754,3.4434877912218576
,,,,,,12175.0,-1.35417,0.00764,78.1171,3.5759579835095847
,,,,,,12176.0,-1.35603,0.00804,82.1904,3.5381078560709303
,,,,,,12177.0,-1.35417,0.00844,86.269,3.512912413077238
,,,,,,12179.0,-1.35045,0.00883,90.3107,3.506384231386487
,,,,,,12180.0,-1.35231,0.00918,93.8874,3.5322482720644746
,,,,,,12181.0,-1.35417,0.00958,97.9607,3.5599336525223317
,,,,,,12181.0,-1.35603,0.00978,100.0,3.4766120063022568
,,,,,,12181.0,-1.35603,0.00978,100.0,3.578415931107964
,,,,,,,,,,
,,,,,,12181.0,0.67894,0.0,0.0,3.603403225924198
,,,,,,12182.0,0.67894,0.0002,13.1231,3.626401453505112
,,,,,,12183.0,0.67894,0.00038,24.7542,3.6432048252327096
,,,,,,12184.0,0.67894,0.00058,37.8772,3.57002969473951
,,,,,,12185.0,0.67894,0.00078,50.8647,3.560277057501685
,,,,,,12186.0,0.67894,0.00098,63.9878,3.6627738886499785
,,,,,,12187.0,0.67894,0.00117,77.1109,3.717929306244649
,,,,,,12188.0,0.67894,0.00137,90.0983,3.5822179969002885
,,,,,,12189.0,0.67708,0.00152,100.0,3.555046892561688
,,,,,,12189.0,0.0,0.00152,100.0,3.5553577070615767
,,,,,,12190.0,0.0,0.00152,100.0,3.565775270383992
,,,,,,12191.0,0.0,0.00152,100.0,3.5792978076661903
,,,,,,12192.0,0.0,0.00152,100.0,3.5716681003868276
,,,,,,12193.0,0.0,0.00152,100.0,3.4863692491214446
,,,,,,12194.0,0.0,0.00152,100.0,3.4617224820197867
,,,,,,12195.0,0.0,0.00152,100.0,3.442950589485982
,,,,,,12196.0,0.0,0.00152,100.0,3.5246273192286335
,,,,,,12197.0,0.0,0.00152,100.0,3.542342622909148
,,,,,,12198.0,0.0,0.00152,100.0,3.515329899611786
,,,,,,12200.0,0.0,0.00152,100.0,3.5657897270758463
,,,,,,12201.0,0.0,0.00152,100.0,3.6225065676025556
,,,,,,12202.0,0.0,0.00152,100.0,3.6398984498710596
,,,,,,12203.0,0.0,0.00152,100.0,3.6733271851324947
,,,,,,12204.0,0.0,0.00152,100.0,3.524459318023647
,,,,,,12205.0,0.0,0.00152,100.0,3.549578887205845
,,,,,,12205.0,0.0,0.00152,100.0,3.5129956667302173
,,,,,,12205.0,0.0,0.00152,100.0,3.502979104419481
,,,,,,,,,,
,,,,,,12205.0,-0.67336,0.0,0.0,3.483294547545256
,,,,,,12206.0,-0.67708,0.0002,0.9617,3.609384265429396
,,,,,,12207.0,-0.67522,0.00038,1.8145,3.4892748997410927
,,,,,,12208.0,-0.67708,0.00058,2.7688,3.585396110047083
,,,,,,12209.0,-0.67708,0.00078,3.7131,3.64680912790429
,,,,,,12210.0,-0.67708,0.00095,4.5487,3.535083302316605
,,,,,,12211.0,-0.67708,0.00115,5.503,3.4985414885242117
,,,,,,12212.0,-0.67522,0.00135,6.4473,3.4696582103857803
,,,,,,12213.0,-0.67708,0.00155,7.4015,3.520162568172435
,,,,,,12214.0,-0.67708,0.00175,8.3731,3.488060098750617
,,,,,,12215.0,-0.67708,0.00195,9.315,3.5639204227273966
,,,,,,12217.0,-0.67708,0.00215,10.2692,3.5100437618565166
,,,,,,12218.0,-0.67522,0.00234,11.2136,3.5526276505272167
,,,,,,12219.0,-0.67522,0.00254,12.148,3.573187524481704
,,,,,,12220.0,-0.67708,0.00272,13.0306,3.6196261441038415
,,,,,,12221.0,-0.67708,0.00292,13.9749,3.4937377460115986
,,,,,,12222.0,-0.67894,0.00312,14.9292,3.5802642914086555
,,,,,,12223.0,-0.67522,0.00332,15.8834,3.6038724767336725
,,,,,,12224.0,-0.67708,0.00352,16.8648,3.528450046933922
,,,,,,12225.0,-0.67708,0.0037,17.7004,3.5242707439341263
,,,,,,12226.0,-0.67894,0.0039,18.6547,3.445592469111058
,,,,,,12227.0,-0.67708,0.0041,19.6089,3.5324772854610766
,,,,,,12228.0,-0.67708,0.0043,20.5533,3.508624783511055
,,,,,,12229.0,-0.67708,0.0045,21.5075,3.518913868938209
,,,,,,12230.0,-0.67522,0.00469,22.4617,3.5216134695223626
,,,,,,12231.0,-0.67522,0.00493,23.6039,3.5574295371887765
,,,,,,12232.0,-0.67708,0.00513,24.5309,3.594568341597962
,,,,,,12233.0,-0.67708,0.00533,25.4827,3.532915036889198
,,,,,,12235.0,-0.67708,0.00553,26.4369,3.648195277298957
,,,,,,12236.0,-0.67708,0.00572,27.3813,3.620025964565958
,,,,,,12237.0,-0.67708,0.00592,28.3355,3.5645113243209248
,,,,,,12238.0,-0.67708,0.00612,29.2898,3.596719359260793
,,,,,,12239.0,-0.67708,0.00632,30.2341,3.5055110218874863
,,,,,,12240.0,-0.67522,0.00652,31.1859,3.5719043208235144
,,,,,,12241.0,-0.67708,0.00672,32.1401,3.6116414679501507
,,,,,,12242.0,-0.67522,0.00692,33.0919,3.4940790061960048
,,,,,,12243.0,-0.67708,0.00711,34.0362,3.4801427030544247
,,,,,,12244.0,-0.67708,0.00729,34.8743,3.5741207052771053
,,,,,,12245.0,-0.67522,0.00749,35.8261,3.493696480845954
,,,,,,12246.0,-0.67708,0.00769,36.7704,3.4539439794933022
,,,,,,12247.0,-0.67708,0.00789,37.7593,3.611791154806197
,,,,,,12248.0,-0.67708,0.00809,38.7061,3.623521238652506
,,,,,,12249.0,-0.67522,0.00829,39.6579,3.592785356150348
,,,,,,12250.0,-0.67522,0.00849,40.6121,3.5259503860057544
,,,,,,12251.0,-0.67894,0.00869,41.5663,3.602339397738593
,,,,,,12252.0,-0.67708,0.00888,42.5082,3.521718900599942
,,,,,,12253.0,-0.67708,0.00906,43.3463,3.6062076150282336
,,,,,,12254.0,-0.67708,0.00926,44.298,3.526058739640103
,,,,,,12255.0,-0.67708,0.00946,45.2523,3.591688972816845
,,,,,,12256.0,-0.67708,0.00966,46.204,3.537889212547059
,,,,,,12258.0,-0.67522,0.00985,47.1484,3.5932837831223376
,,,,,,12259.0,-0.67522,0.01005,48.1002,3.5034911181087542
,,,,,,12260.0,-0.67708,0.01023,48.9456,3.548084385143767
,,,,,,12261.0,-0.67708,0.01043,49.8999,3.517318916313107
,,,,,,12262.0,-0.67708,0.01063,50.8541,3.618367564955607
,,,,,,12263.0,-0.67522,0.01083,51.8059,3.531259511807589
,,,,,,12264.0,-0.67708,0.01101,52.6687,3.5517275632446865
,,,,,,12265.0,-0.67708,0.01122,53.6649,3.5593372390744964
,,,,,,12266.0,-0.67708,0.01142,54.6192,3.4609689685496545
,,,,,,12267.0,-0.67708,0.01162,55.5734,3.4964207139481362
,,,,,,12268.0,-0.67522,0.01181,56.5252,3.5837186866238717
,,,,,,12269.0,-0.67522,0.01201,57.4695,3.509620909585719
,,,,,,12270.0,-0.67522,0.01221,58.4213,3.4874253986492554
,,,,,,12271.0,-0.67522,0.01241,59.3755,3.513655709304059
,,,,,,12272.0,-0.67522,0.01261,60.3199,3.5647839502818037
,,,,,,12273.0,-0.67522,0.01279,61.1728,3.574590616712564
,,,,,,12274.0,-0.67708,0.01299,62.127,3.609811649015027
,,,,,,12275.0,-0.67708,0.01318,63.0813,3.596792533492492
,,,,,,12276.0,-0.67708,0.01338,64.0256,3.58828699488648
,,,,,,12277.0,-0.67894,0.01358,64.9799,3.521676699366381
,,,,,,12279.0,-0.67894,0.01378,65.9341,3.563650797644715
,,,,,,12280.0,-0.67522,0.01398,66.8883,3.5007690675648604
,,,,,,12281.0,-0.67708,0.01418,67.8401,3.522660574700043
,,,,,,12282.0,-0.67522,0.01438,68.7919,3.480654013936699
,,,,,,12283.0,-0.67708,0.01458,69.7362,3.5602581498277037
,,,,,,12284.0,-0.67894,0.01478,70.6905,3.5449738368495467
,,,,,,12285.0,-0.67522,0.01497,71.6422,3.542872455887768
,,,,,,12286.0,-0.67708,0.01517,72.5965,3.538844033114474
,,,,,,12287.0,-0.67708,0.01538,73.568,3.576200822403744
,,,,,,12288.0,-0.6808,0.01558,74.5223,3.6117899130413402
,,,,,,12289.0,-0.67708,0.01577,75.474,3.494250455461914
,,,,,,12290.0,-0.67522,0.01597,76.4283,3.5421692291891462
,,,,,,12291.0,-0.67522,0.01617,77.38,3.558549998447962
,,,,,,12292.0,-0.67522,0.01635,78.2082,3.560960837222505
,,,,,,12292.0,-1.35417,0.01635,78.2082,3.5547903882518197
,,,,,,12293.0,-1.35603,0.01673,80.0302,3.508910171796667
,,,,,,12294.0,-1.35417,0.01713,81.9386,3.460953143163959
,,,,,,12295.0,-1.35417,0.01752,83.8447,3.5456351216407445
,,,,,,12296.0,-1.35417,0.01792,85.7531,3.55787907187972
,,,,,,12297.0,-1.35045,0.01832,87.6394,3.518201160507309
,,,,,,12298.0,-1.35417,0.01872,89.5454,3.4114746128857787
,,,,,,12300.0,-1.35417,0.01911,91.4538,3.4600606982377267
,,,,,,12301.0,-1.35417,0.01951,93.3623,3.5625855182654793
,,,,,,12302.0,-1.35231,0.01991,95.251,3.5264197501486945
,,,,,,12303.0,-1.35789,0.02031,97.1595,3.5110383299788617
,,,,,,12304.0,-1.35045,0.0207,99.0482,3.525508494248012
,,,,,,12304.0,-1.35417,0.0209,100.0,3.4837766272379636
,,,,,,12304.0,-1.35417,0.0209,100.0,3.4648595988605644
,,,,,,,,,,
,,,,,,12304.0,0.68266,0.0,0.0,3.591577127021951
,,,,,,12305.0,0.67894,0.0002,13.0835,3.510589673286058
,,,,,,12306.0,0.6808,0.00039,25.7922,3.6138053334442857
,,,,,,12307.0,0.6808,0.00059,39.0119,3.550990920224272
,,,,,,12308.0,0.6808,0.00079,52.2317,3.5401037046327657
,,,,,,12309.0,0.6808,0.00099,65.3492,3.5325199548468804
,,,,,,12310.0,0.6808,0.00119,78.569,3.479010394293993
,,,,,,12312.0,0.6808,0.00139,91.7887,3.4690680678345824
,,,,,,12312.0,0.6808,0.00152,100.0,3.5622861421277476
,,,,,,12312.0,0.0,0.00152,100.0,3.549631997175256
,,,,,,12313.0,0.0,0.00152,100.0,3.5325890501471324
,,,,,,12314.0,0.0,0.00152,100.0,3.5537988495841706
,,,,,,12315.0,0.0,0.00152,100.0,3.5261739808709485
,,,,,,12316.0,0.0,0.00152,100.0,3.5669239681729774
,,,,,,12317.0,0.0,0.00152,100.0,3.5564605265118954
,,,,,,12318.0,0.0,0.00152,100.0,3.5278693978512505
,,,,,,12319.0,0.0,0.00152,100.0,3.589029108452181
,,,,,,12320.0,0.0,0.00152,100.0,3.5599416664545194
,,,,,,12321.0,0.0,0.00152,100.0,3.49563793765195
,,,,,,12323.0,0.0,0.00152,100.0,3.5991545425227547
,,,,,,12324.0,0.0,0.00152,100.0,3.6195236623321585
,,,,,,12325.0,0.0,0.00152,100.0,3.571079204120908
,,,,,,12326.0,0.0,0.00152,100.0,3.5812039152294077
,,,,,,12327.0,0.0,0.00152,100.0,3.504159852669934
,,,,,,12328.0,0.0,0.00152,100.0,3.538303996451489
,,,,,,12328.0,0.0,0.00152,100.0,3.5722844338074164
,,,,,,12328.0,0.0,0.00152,100.0,3.5662909851512463
,,,,,,,,,,
,,,,,,12328.0,-0.67708,0.0,0.0,3.646862074129289
,,,,,,12329.0,-0.67708,0.0002,0.4971,3.5730851704450495
,,,,,,12330.0,-0.67522,0.00038,0.9214,3.4622846471941333
,,,,,,12331.0,-0.67708,0.00058,1.4048,3.553311902497159
,,,,,,12332.0,-0.67708,0.00078,1.8893,3.5699866633005963
,,,,,,12333.0,-0.67708,0.00098,2.3689,3.6577000775140753
,,,,,,12334.0,-0.67894,0.00117,2.8522,3.5207821905134864
,,,,,,12336.0,-0.67708,0.00137,3.338,3.571768498766528
,,,,,,12337.0,-0.67708,0.00157,3.8075,3.5401494832674554
,,,,,,12338.0,-0.67708,0.00176,4.2833,3.4956900851524892
,,,,,,12339.0,-0.67708,0.00196,4.7616,3.4934601094670357
,,,,,,12340.0,-0.67708,0.00214,5.1872,3.592863338138763
,,,,,,12341.0,-0.67708,0.00233,5.6705,3.566013412699479
,,,,,,12342.0,-0.67522,0.00254,6.1676,3.5361136303731473
,,,,,,12343.0,-0.67708,0.00272,6.5982,3.56538071892552
,,,,,,12344.0,-0.67522,0.00291,7.0815,3.5061867433723135
,,,,,,12345.0,-0.67522,0.00311,7.5661,3.424283056751431
,,,,,,12346.0,-0.67894,0.00331,8.0507,3.5938273082375636
,,,,,,12347.0,-0.67894,0.00351,8.5302,3.512229706233807
,,,,,,12348.0,-0.67708,0.00369,8.9545,3.4988102531817824
,,,,,,12349.0,-0.67522,0.00389,9.4391,3.476213433834667
,,,,,,12350.0,-0.67708,0.00408,9.9237,3.5410116845910578
,,,,,,12351.0,-0.67522,0.00428,10.402,3.426490814966697
,,,,,,12352.0,-0.67708,0.00446,10.8275,3.5259521030413916
,,,,,,12353.0,-0.67522,0.00466,11.3109,3.494226929638335
,,,,,,12354.0,-0.67708,0.00485,11.7904,3.507259679646669
,,,,,,12355.0,-0.67522,0.00505,12.2612,3.5203196062054904
,,,,,,12356.0,-0.67708,0.00526,12.7721,3.5815097501176387
,,,,,,12357.0,-0.67522,0.00545,13.2517,3.5506908879111556
,,,,,,12358.0,-0.67522,0.00565,13.735,3.4891525656858757
,,,,,,12359.0,-0.67708,0.00585,14.2183,3.4965575756261864
,,,,,,12360.0,-0.67708,0.00605,14.6991,3.551791853427669
,,,,,,12361.0,-0.67708,0.00622,15.1234,3.4703877175785736
,,,,,,12362.0,-0.67708,0.00642,15.6092,3.535727663013299
,,,,,,12363.0,-0.67708,0.0066,16.0335,3.563486878970463
,,,,,,12363.0,-5.41109,0.0066,16.0335,3.4113592029063318
,,,,,,12364.0,-5.40923,0.00803,19.5034,3.350599168867487
,,,,,,12365.0,-5.40923,0.0096,23.3348,3.3596439912359135
,,,,,,12367.0,-5.41109,0.01186,28.8107,3.355324840910492
,,,,,,12368.0,-5.41109,0.01336,32.46,3.362675909476606
,,,,,,12369.0,-5.40737,0.01495,36.3291,3.2904792202845856
,,,,,,12370.0,-5.40923,0.01653,40.1604,3.343421776894417
,,,,,,12371.0,-5.40737,0.01812,44.0295,3.4036666475227246
,,,,,,12371.0,-5.40923,0.01851,44.9785,3.3338191415619276
,,,,,,12371.0,-3.38542,0.01851,44.9785,3.3828583888577586
,,,,,,12372.0,-3.37984,0.01943,47.2131,3.475019800126239
,,,,,,12373.0,-3.37984,0.02045,49.6761,3.4408512070863693
,,,,,,12374.0,-3.3817,0.02154,52.345,3.4446484122229637
,,,,,,12376.0,-3.3817,0.02253,54.7403,3.4087933221411655
,,,,,,12377.0,-3.3817,0.0235,57.0903,3.355312835258112
,,,,,,12378.0,-3.3817,0.02439,59.2583,3.5130127003488965
,,,,,,12379.0,-3.3817,0.02538,61.6536,3.4934769686778706
,,,,,,12380.0,-3.37984,0.02638,64.094,3.358125316187672
,,,,,,12381.0,-3.3817,0.02738,66.5118,3.435406995852791
,,,,,,12382.0,-3.37984,0.02837,68.9309,3.309026809857328
,,,,,,12383.0,-3.37984,0.02936,71.3262,3.4212214571756205
,,,,,,12384.0,-3.37798,0.03035,73.744,3.437603037236773
,,,,,,12385.0,-3.37984,0.03124,75.9108,3.460674983269087
,,,,,,12386.0,-3.37984,0.03226,78.3751,3.4143435748800997
,,,,,,12387.0,-3.38356,0.0332,80.6561,3.3758863891847737
,,,,,,12388.0,-3.3817,0.03419,83.0739,3.4163421531583102
,,,,,,12389.0,-3.37984,0.03518,85.4691,3.463347530921054
,,,,,,12390.0,-3.37798,0.03617,87.8857,3.3442535802459417
,,,,,,12391.0,-3.3817,0.03714,90.237,3.384965523512605
,,,,,,12392.0,-3.37798,0.03806,92.4728,3.457802742671898
,,,,,,12393.0,-3.3817,0.03905,94.8668,3.3728151296459794
,,,,,,12394.0,-3.37984,0.04004,97.2859,3.3712792034346206
,,,,,,12395.0,-3.37984,0.04104,99.7037,3.4189898620874053
,,,,,,12395.0,-3.37984,0.04116,100.0,3.422138638320559
,,,,,,12395.0,-3.37984,0.04116,100.0,3.4226894292608874
,,,,,,,,,,
,,,,,,12395.0,1.35603,0.0,0.0,3.5574561012150676
,,,,,,12396.0,1.35975,0.00039,12.8608,3.6122463948505414
,,,,,,12397.0,1.35417,0.00079,26.029,3.5581202093381408
,,,,,,12399.0,1.35417,0.00119,39.2314,3.5283514578702198
,,,,,,12400.0,1.35417,0.00158,52.2972,3.652115623812571
,,,,,,12401.0,1.35789,0.00198,65.4996,3.5038074287898593
,,,,,,12402.0,1.35417,0.00238,78.5824,3.5072068222914585
,,,,,,12403.0,1.35603,0.00273,90.1452,3.5267823942468715
,,,,,,12403.0,1.35603,0.00303,100.0,3.537568435907867
,,,,,,12403.0,1.35603,0.00303,100.0,3.6682457593356514
,,,,,,,,,,
,,,,,,12403.0,-1.35975,0.0,0.0,3.5052957808381686
,,,,,,12404.0,-1.35417,0.00039,3.2675,3.485076934521821
,,,,,,12405.0,-1.35603,0.00079,6.5822,3.378746279732519
,,,,,,12407.0,-1.35231,0.00119,9.8626,3.5382179281609947
,,,,,,12408.0,-1.35603,0.00159,13.1773,3.395673965047338
,,,,,,12409.0,-1.35231,0.00195,16.2087,3.526320269893095
,,,,,,12410.0,-1.35231,0.00237,19.678,3.5117913869068027
,,,,,,12411.0,-1.35603,0.00277,22.9884,3.555085846101467
,,,,,,12412.0,-1.35045,0.00316,26.2688,3.451188993849798
,,,,,,12413.0,-1.35417,0.00356,29.5835,3.44273286022052
,,,,,,12414.0,-1.35231,0.00396,32.8939,3.467034628648592
,,,,,,12415.0,-1.35417,0.00436,36.2087,3.510757322051713
,,,,,,12416.0,-1.35231,0.00475,39.4891,3.611366552536965
,,,,,,12417.0,-1.35789,0.0051,42.4002,3.5043244582442776
,,,,,,12418.0,-1.35603,0.00551,45.8094,3.4472754893094977
,,,,,,12419.0,-1.35417,0.00586,48.7119,3.445526100172783
,,,,,,12420.0,-1.35789,0.00626,52.0266,3.5673776292903163
,,,,,,12421.0,-1.35417,0.00666,55.307,3.5362811673124215
,,,,,,12422.0,-1.35417,0.00705,58.6217,3.437500019424611
,,,,,,12423.0,-1.35417,0.00745,61.9322,3.5831833213598876
,,,,,,12424.0,-1.35231,0.00785,65.2125,3.526890332217252
,,,,,,12425.0,-1.35045,0.0082,68.1194,3.5626409415087044
,,,,,,12426.0,-1.35231,0.0086,71.4298,3.5880894791007556
,,,,,,12427.0,-1.35789,0.00899,74.7102,3.485414995438587
,,,,,,12428.0,-1.35231,0.00939,78.0249,3.4581307665803127
,,,,,,12429.0,-1.35417,0.00979,81.3396,3.410637929078791
,,,,,,12431.0,-1.35603,0.01019,84.6501,3.4462753894648137
,,,,,,12432.0,-1.35417,0.01059,87.9991,3.397316782345203
,,,,,,12433.0,-1.35789,0.01099,91.3096,3.4353205035206784
,,,,,,12434.0,-1.35417,0.01139,94.62,3.4504600941073917
,,,,,,12435.0,-1.35603,0.01179,97.9347,3.496920023614657
,,,,,,12435.0,-1.35231,0.01203,100.0,3.475882014726146
,,,,,,12435.0,-1.35231,0.01203,100.0,3.4258745704519447
,,,,,,,,,,
,,,,,,12435.0,2.69903,0.0,0.0,3.562934883563866
,,,,,,12436.0,2.70647,0.00077,12.7249,3.5452191695368294
,,,,,,12438.0,2.70647,0.00156,25.9469,3.626678678579769
,,,,,,12439.0,2.70089,0.00235,39.0403,3.717454475422717
,,,,,,12440.0,2.70461,0.00315,52.2536,3.721045122866151
,,,,,,12441.0,2.70647,0.00395,65.467,3.5139446697763788
,,,,,,12442.0,2.70461,0.00474,78.6889,3.6599331304113796
,,,,,,12443.0,2.70647,0.00553,91.7738,3.6673265245649493
,,,,,,12443.0,2.70647,0.00603,100.0,3.6529527722427213
,,,,,,12443.0,0.0,0.00603,100.0,3.5561491117529886
,,,,,,12444.0,0.0,0.00603,100.0,3.4394817850357007
,,,,,,12445.0,0.0,0.00603,100.0,3.5816578694002286
,,,,,,12447.0,0.0,0.00603,100.0,3.527190045216896
,,,,,,12448.0,0.0,0.00603,100.0,3.5336732891480422
,,,,,,12449.0,0.0,0.00603,100.0,3.5053603187896885
,,,,,,12450.0,0.0,0.00603,100.0,3.4104350682382627
,,,,,,12451.0,0.0,0.00603,100.0,3.5405038260282504
,,,,,,12452.0,0.0,0.00603,100.0,3.4911355897110763
,,,,,,12453.0,0.0,0.00603,100.0,3.547135250961475
,,,,,,12454.0,0.0,0.00603,100.0,3.5226649147365996
,,,,,,12455.0,0.0,0.00603,100.0,3.5502746418749753
,,,,,,12456.0,0.0,0.00603,100.0,3.507826820709036
,,,,,,12457.0,0.0,0.00603,100.0,3.499157967101479
,,,,,,12458.0,0.0,0.00603,100.0,3.5676238311628765
,,,,,,12459.0,0.0,0.00603,100.0,3.51038825312741
,,,,,,12460.0,0.0,0.00603,100.0,3.5760189025976516
,,,,,,12461.0,0.0,0.00603,100.0,3.59440530904144
,,,,,,12462.0,0.0,0.00603,100.0,3.521105175371251
,,,,,,12463.0,0.0,0.00603,100.0,3.6086331073236777
,,,,,,12464.0,0.0,0.00603,100.0,3.58911157945881
,,,,,,12465.0,0.0,0.00603,100.0,3.577293474297053
,,,,,,12466.0,0.0,0.00603,100.0,3.4806200091959
,,,,,,12467.0,0.0,0.00603,100.0,3.499418060648979
,,,,,,12468.0,0.0,0.00603,100.0,3.6389030518155554
,,,,,,12469.0,0.0,0.00603,100.0,3.590074984345516
,,,,,,12470.0,0.0,0.00603,100.0,3.5784007585409605
,,,,,,12471.0,0.0,0.00603,100.0,3.5670189035050424
,,,,,,12472.0,0.0,0.00603,100.0,3.4453310459679605
,,,,,,12473.0,0.0,0.00603,100.0,3.5761103523236377
,,,,,,12474.0,0.0,0.00603,100.0,3.576699078444365
,,,,,,12475.0,0.0,0.00603,100.0,3.5597913173869387
,,,,,,12477.0,0.0,0.00603,100.0,3.619625724179866
,,,,,,12478.0,0.0,0.00603,100.0,3.584205799160345
,,,,,,12479.0,0.0,0.00603,100.0,3.560241489605961
,,,,,,12480.0,0.0,0.00603,100.0,3.6154508386066557
,,,,,,12481.0,0.0,0.00603,100.0,3.517305408582328
,,,,,,12482.0,0.0,0.00603,100.0,3.5436612170874087
,,,,,,12483.0,0.0,0.00603,100.0,3.5641855996256013
,,,,,,12483.0,0.0,0.00603,100.0,3.5872904881406553
,,,,,,12484.0,0.0,0.00603,100.0,3.558753324730488
,,,,,,12485.0,0.0,0.00603,100.0,3.6648843821484673
,,,,,,12486.0,0.0,0.00603,100.0,3.504288233037658
,,,,,,12487.0,0.0,0.00603,100.0,3.539099732737762
,,,,,,12488.0,0.0,0.00603,100.0,3.5491483928440415
,,,,,,12489.0,0.0,0.00603,100.0,3.566320323961766
,,,,,,12490.0,0.0,0.00603,100.0,3.569391284042758
,,,,,,12491.0,0.0,0.00603,100.0,3.632621811155828
,,,,,,12492.0,0.0,0.00603,100.0,3.571486393852752
,,,,,,12493.0,0.0,0.00603,100.0,3.5796484865716427
,,,,,,12494.0,0.0,0.00603,100.0,3.560744753702566
,,,,,,12495.0,0.0,0.00603,100.0,3.54597807892885
,,,,,,12496.0,0.0,0.00603,100.0,3.5116682603588467
,,,,,,12497.0,0.0,0.00603,100.0,3.49527899959305
,,,,,,12498.0,0.0,0.00603,100.0,3.605642881467795
,,,,,,12499.0,0.0,0.00603,100.0,3.47502297571619
,,,,,,12500.0,0.0,0.00603,100.0,3.5434976103885045
,,,,,,12500.0,0.0,0.00603,100.0,3.5540323319955136
,,,,,,,,,,
,,,,,,12500.0,-0.67336,0.0,0.0,3.4435551983499613
,,,,,,12501.0,-0.67708,0.00021,2.1721,3.4811139889252694
,,,,,,12502.0,-0.67708,0.00041,4.1909,3.5816718464895936
,,,,,,12503.0,-0.67522,0.00061,6.2097,3.5204830262545057
,,,,,,12504.0,-0.67708,0.00078,7.996,3.513312179205362
,,,,,,12505.0,-0.67894,0.00098,10.0307,3.650068994644135
,,,,,,12506.0,-0.67708,0.00118,12.0495,3.5224281015415717
,,,,,,12507.0,-0.67522,0.00138,14.0894,3.5674858028282275
,,,,,,12508.0,-0.67708,0.00158,16.1294,3.59341935298827
,,,,,,12509.0,-0.67708,0.00177,18.1482,3.5565938729420923
,,,,,,12510.0,-0.67708,0.00197,20.1829,3.5545099096374613
,,,,,,12511.0,-0.67708,0.00217,22.2228,3.470752098732015
,,,,,,12512.0,-0.67708,0.00237,24.2363,3.585295385885511
,,,,,,12513.0,-0.67708,0.00256,26.1812,3.560732432162376
,,,,,,12514.0,-0.67708,0.00278,28.4114,3.5646943444531405
,,,,,,12515.0,-0.67708,0.00296,30.2241,3.5261564315124403
,,,,,,12516.0,-0.67708,0.00315,32.2587,3.516472668318456
,,,,,,12517.0,-0.67522,0.00335,34.2776,3.4756479500378137
,,,,,,12518.0,-0.67522,0.00353,36.0638,3.604336330088978
,,,,,,12519.0,-0.67708,0.00373,38.1038,3.610514245143986
,,,,,,12520.0,-0.67522,0.00392,40.1385,3.623790399862183
,,,,,,12521.0,-0.67708,0.0041,41.967,3.576640954730579
,,,,,,12522.0,-0.67708,0.0043,43.9436,3.559368300715047
,,,,,,12523.0,-0.67522,0.0045,45.9835,3.528553984236974
,,,,,,12524.0,-0.67708,0.0047,48.0235,3.569974497165545
,,,,,,12526.0,-0.67708,0.00489,50.0423,3.544117353672587
,,,,,,12527.0,-0.67708,0.00509,52.077,3.5506110730458373
,,,,,,12528.0,-0.67708,0.00527,53.8685,3.5347526965908456
,,,,,,12528.0,-1.35603,0.00527,53.8685,3.512203344243814
,,,,,,12529.0,-1.35603,0.00565,57.8322,3.4884572615839287
,,,,,,12530.0,-1.34859,0.00605,61.8698,3.509208011129953
,,,,,,12531.0,-1.35603,0.00645,65.9497,3.4530570062792085
,,,,,,12532.0,-1.35417,0.00685,70.0296,3.4149298452167787
,,,,,,12533.0,-1.35231,0.00725,74.1042,3.5105496420724913
,,,,,,12534.0,-1.35603,0.00764,78.1471,3.478759151819986
,,,,,,12535.0,-1.35231,0.00804,82.227,3.4610000659677915
,,,,,,12536.0,-1.35231,0.00843,86.27,3.4634495135283814
,,,,,,12537.0,-1.35231,0.00883,90.3499,3.526908918006112
,,,,,,12538.0,-1.35231,0.00923,94.4245,3.523016878282786
,,,,,,12539.0,-1.35417,0.00963,98.4621,3.486789818433038
,,,,,,12540.0,-1.35231,0.00978,100.0,3.5585753651937813
,,,,,,12540.0,-1.35231,0.00978,100.0,3.601778938170876
,,,,,,,,,,
,,,,,,12540.0,0.67894,0.0,0.0,3.6282073738831127
,,,,,,12541.0,0.67894,0.00019,12.4662,3.591680775254891
,,,,,,12542.0,0.67894,0.00038,25.0338,3.5454497785954597
,,,,,,12543.0,0.67894,0.00058,38.1081,3.456792262684636
,,,,,,12544.0,0.67894,0.00078,51.1824,3.5848069947737113
,,,,,,12545.0,0.67894,0.00098,64.1216,3.581465646666111
,,,,,,12546.0,0.67894,0.00118,77.1959,3.5442799746059372
,,,,,,12547.0,0.67894,0.00138,90.2703,3.650356337764789
,,,,,,12548.0,0.67894,0.00153,100.0,3.493704734092213
,,,,,,12548.0,0.0,0.00153,100.0,3.5567231526788463
,,,,,,12549.0,0.0,0.00153,100.0,3.5553527729370606
,,,,,,12550.0,0.0,0.00153,100.0,3.5694026730661896
,,,,,,12551.0,0.0,0.00153,100.0,3.5595554289998956
,,,,,,12552.0,0.0,0.00153,100.0,3.5197420266844905
,,,,,,12553.0,0.0,0.00153,100.0,3.525311607546804
,,,,,,12554.0,0.0,0.00153,100.0,3.5944586687489064
,,,,,,12555.0,0.0,0.00153,100.0,3.5318189573416996
,,,,,,12556.0,0.0,0.00153,100.0,3.5308165243021237
,,,,,,12557.0,0.0,0.00153,100.0,3.572927235705778
,,,,,,12558.0,0.0,0.00153,100.0,3.5149013327249814
,,,,,,12559.0,0.0,0.00153,100.0,3.515594517609639
,,,,,,12560.0,0.0,0.00153,100.0,3.6313945793950824
,,,,,,12561.0,0.0,0.00153,100.0,3.47838978258002
,,,,,,12562.0,0.0,0.00153,100.0,3.6064023213193988
,,,,,,12563.0,0.0,0.00153,100.0,3.547217953144697
,,,,,,12564.0,0.0,0.00153,100.0,3.5177273405713994
,,,,,,12564.0,0.0,0.00153,100.0,3.5330336098930792
,,,,,,,,,,
,,,,,,12564.0,-0.6715,0.0,0.0,3.491949236134636
,,,,,,12565.0,-0.67522,0.00019,0.8989,3.590529766475779
,,,,,,12566.0,-0.67522,0.00036,1.7459,3.502822016044437
,,,,,,12567.0,-0.67522,0.00056,2.6993,3.5563601651440595
,,,,,,12568.0,-0.67894,0.00076,3.6552,3.5418204786899907
,,,,,,12569.0,-0.67522,0.00096,4.6012,3.5158367899444603
,,,,,,12570.0,-0.67708,0.00113,5.4382,3.477645959050294
,,,,,,12571.0,-0.67522,0.00133,6.3941,3.5272172769906915
,,,,,,12572.0,-0.67708,0.00153,7.3475,3.5665464053714424
,,,,,,12573.0,-0.67708,0.00173,8.2935,3.481900810232304
,,,,,,12574.0,-0.67522,0.00191,9.1404,3.6217696438828804
,,,,,,12575.0,-0.67708,0.00211,10.1236,3.5345383875699694
,,,,,,12576.0,-0.67894,0.00231,11.0696,3.5853565432423493
,,,,,,12577.0,-0.67708,0.00249,11.9264,3.50141725432101
,,,,,,12578.0,-0.67894,0.00268,12.8352,3.554359374906257
,,,,,,12579.0,-0.67522,0.00288,13.7887,3.506868030518394
,,,,,,12580.0,-0.67708,0.00308,14.7446,3.5117408047827636
,,,,,,12581.0,-0.67894,0.00328,15.7005,3.4830509728136145
,,,,,,12582.0,-0.67708,0.00347,16.6266,3.5070898181761994
,,,,,,12583.0,-0.67522,0.00367,17.5751,3.502589197998462
,,,,,,12584.0,-0.67522,0.00384,18.4121,3.499242346974744
,,,,,,12585.0,-0.67708,0.00404,19.3655,3.546668358416208
,,,,,,12586.0,-0.67708,0.00424,20.3115,3.550282149449051
,,,,,,12587.0,-0.67708,0.00444,21.2674,3.6117610120612
,,,,,,12588.0,-0.67708,0.00464,22.2233,3.5913487589674213
,,,,,,12589.0,-0.67708,0.00485,23.2238,3.4945031243834106
,,,,,,12590.0,-0.67522,0.00504,24.1524,3.6554219118414326
,,,,,,12592.0,-0.67708,0.00524,25.1083,3.6099461526417027
,,,,,,12593.0,-0.67522,0.00544,26.0519,3.443205311105655
,,,,,,12594.0,-0.67708,0.00564,27.0078,3.553547861465731
,,,,,,12595.0,-0.67708,0.00583,27.9636,3.5463557325578132
,,,,,,12596.0,-0.67522,0.00603,28.9096,3.5805427829344034
,,,,,,12597.0,-0.67708,0.00623,29.8655,3.5945946289548063
,,,,,,12598.0,-0.67894,0.00643,30.819,3.5039088407556327
,,,,,,12599.0,-0.67708,0.00663,31.7649,3.4615282300711807
,,,,,,12600.0,-0.67894,0.00683,32.7208,3.558571264560837
,,,,,,12601.0,-0.67708,0.00703,33.6743,3.54911624154484
,,,,,,12602.0,-0.67522,0.00722,34.6227,3.4398963738877266
,,,,,,12603.0,-0.67708,0.00742,35.5761,3.6003031837326755
,,,,,,12604.0,-0.67336,0.00762,36.5395,3.58625032531639
,,,,,,12605.0,-0.67708,0.00782,37.4855,3.5449117570445154
,,,,,,12606.0,-0.67708,0.00802,38.4413,3.6116566062959703
,,,,,,12607.0,-0.67708,0.00822,39.3948,3.546019907217667
,,,,,,12608.0,-0.67708,0.00842,40.3432,3.532165548359541
,,,,,,12609.0,-0.67522,0.00859,41.1803,3.42954702297362
,,,,,,12610.0,-0.67522,0.00879,42.1337,3.47982971575515
,,,,,,12612.0,-0.67708,0.00899,43.0821,3.4922550090727915
,,,,,,12613.0,-0.67708,0.00919,44.0356,3.5497093872697283
,,,,,,12614.0,-0.67708,0.00939,44.9815,3.5626244910539686
,,,,,,12615.0,-0.67522,0.00958,45.9374,3.5307373187393787
,,,,,,12616.0,-0.67708,0.00978,46.8909,3.489383990201912
,,,,,,12617.0,-0.67894,0.00998,47.8369,3.5354766201308823
,,,,,,12618.0,-0.67708,0.01018,48.7927,3.502513995008965
,,,,,,12619.0,-0.67894,0.01037,49.7214,3.518326135227897
,,,,,,12620.0,-0.67522,0.01057,50.6674,3.4547346851592406
,,,,,,12621.0,-0.67894,0.01078,51.6679,3.5353088505108983
,,,,,,12622.0,-0.67708,0.01097,52.5693,3.465769506479222
,,,,,,12623.0,-0.67708,0.01117,53.5153,3.49911026720507
,,,,,,12624.0,-0.67708,0.01137,54.4712,3.455606974209663
,,,,,,12625.0,-0.67708,0.01156,55.4172,3.5675165346178495
,,,,,,12626.0,-0.67894,0.01176,56.3755,3.5340476371380958
,,,,,,12627.0,-0.67522,0.01196,57.3289,3.489233272157338
,,,,,,12628.0,-0.67708,0.01216,58.2749,3.4217001660287027
,,,,,,12629.0,-0.67522,0.01235,59.1763,3.574473814357855
,,,,,,12630.0,-0.67708,0.01255,60.1322,3.5211422860115142
,,,,,,12631.0,-0.67522,0.01274,61.0782,3.5018954419550106
,,,,,,12633.0,-0.67708,0.01294,62.0316,3.5292813892352903
,,,,,,12634.0,-0.67708,0.01314,62.9851,3.6197731175861647
,,,,,,12635.0,-0.67894,0.01334,63.9311,3.594135899344722
,,,,,,12636.0,-0.67894,0.01354,64.8869,3.4561612904112557
,,,,,,12637.0,-0.67708,0.01374,65.8428,3.47895967624435
,,,,,,12638.0,-0.67708,0.01394,66.7987,3.5829574257454864
,,,,,,12639.0,-0.67708,0.01414,67.7546,3.652089175467754
,,,,,,12640.0,-0.67708,0.01433,68.6907,3.459977729246008
,,,,,,12641.0,-0.67522,0.01453,69.6466,3.542970499409213
,,,,,,12642.0,-0.67708,0.01473,70.5926,3.4269807452114653
,,,,,,12643.0,-0.67708,0.01493,71.5485,3.5429967885134146
,,,,,,12644.0,-0.6808,0.01511,72.4202,3.42771938199813
,,,,,,12645.0,-0.67708,0.01531,73.386,3.4522845560320548
,,,,,,12646.0,-0.67708,0.01551,74.3419,3.5390984663135314
,,,,,,12647.0,-0.67522,0.01571,75.2879,3.5660192753454303
,,,,,,12648.0,-0.67708,0.01588,76.1249,3.516293268931203
,,,,,,12649.0,-0.67708,0.01608,77.0808,3.544956612776025
,,,,,,12650.0,-0.67522,0.01628,78.0342,3.5096671973046876
,,,,,,12651.0,-0.67522,0.01636,78.3859,3.529877818129901
,,,,,,12651.0,-1.35417,0.01636,78.3859,3.5273747904699086
,,,,,,12652.0,-1.35417,0.01674,80.2432,3.4980954867565117
,,,,,,12653.0,-1.35417,0.01714,82.155,3.4798940984228994
,,,,,,12654.0,-1.35417,0.01754,84.0668,3.503312302974922
,,,,,,12655.0,-1.35231,0.01794,85.9587,3.510067981405886
,,,,,,12656.0,-1.35417,0.01833,87.8681,3.5315261787939245
,,,,,,12657.0,-1.35231,0.01873,89.7774,3.557207203844128
,,,,,,12658.0,-1.35603,0.01913,91.6718,3.483118018459786
,,,,,,12659.0,-1.35417,0.01953,93.5811,3.4984164378462608
,,,,,,12660.0,-1.35603,0.01992,95.4929,3.64727012193972
,,,,,,12661.0,-1.35045,0.02032,97.3849,3.5094910012789344
,,,,,,12662.0,-1.35417,0.02072,99.2967,3.5380588211317887
,,,,,,12663.0,-1.35417,0.02086,100.0,3.545609024953709
,,,,,,12663.0,-1.35417,0.02086,100.0,3.4366207721383963
,,,,,,,,,,
,,,,,,12663.0,0.67894,0.0,0.0,3.6069973896004317
,,,,,,12664.0,0.67894,0.00018,12.1852,3.6157594403605655
,,,,,,12665.0,0.67894,0.00039,25.6978,3.566618446364878
,,,,,,12666.0,0.67894,0.00059,38.87,3.585352218950036
,,,,,,12667.0,0.67894,0.00079,52.0422,3.5008994404586176
,,,,,,12668.0,0.67894,0.00098,64.3635,3.602426678455874
,,,,,,12669.0,0.67894,0.00117,77.0252,3.6446349069992765
,,,,,,12670.0,0.67894,0.00137,90.1974,3.560363308682358
,,,,,,12671.0,0.67894,0.00152,100.0,3.5278958564591028
,,,,,,12671.0,0.0,0.00152,100.0,3.519757454573548
,,,,,,12672.0,0.0,0.00152,100.0,3.5363143244216704
,,,,,,12673.0,0.0,0.00152,100.0,3.5369706125899563
,,,,,,12674.0,0.0,0.00152,100.0,3.4587508317037066
,,,,,,12675.0,0.0,0.00152,100.0,3.5278693024163665
,,,,,,12676.0,0.0,0.00152,100.0,3.555043365970181
,,,,,,12677.0,0.0,0.00152,100.0,3.5820265519600443
,,,,,,12678.0,0.0,0.00152,100.0,3.5459648466868336
,,,,,,12679.0,0.0,0.00152,100.0,3.4982643004193976
,,,,,,12680.0,0.0,0.00152,100.0,3.569783311329512
,,,,,,12681.0,0.0,0.00152,100.0,3.4233753061215406
,,,,,,12682.0,0.0,0.00152,100.0,3.6140108955941423
,,,,,,12683.0,0.0,0.00152,100.0,3.6155636133194182
,,,,,,12684.0,0.0,0.00152,100.0,3.527163920233558
,,,,,,12686.0,0.0,0.00152,100.0,3.4829573028916707
,,,,,,12687.0,0.0,0.00152,100.0,3.551873504513347
,,,,,,12687.0,0.0,0.00152,100.0,3.5543210790222064
,,,,,,12687.0,0.0,0.00152,100.0,3.5585421452696724
,,,,,,,,,,
,,,,,,12687.0,-0.6808,0.0,0.0,3.5402907682488247
,,,,,,12688.0,-0.67522,0.0002,0.474,3.4648618350318503
,,,,,,12689.0,-0.67522,0.0004,0.9806,3.5325415632752413
,,,,,,12690.0,-0.67522,0.0006,1.4596,3.536460124249275
,,,,,,12691.0,-0.67708,0.00078,1.8847,3.501260679061874
,,,,,,12692.0,-0.67708,0.00098,2.3675,3.4846210023102615
,,,,,,12693.0,-0.67522,0.00117,2.8515,3.5428432011738984
,,,,,,12694.0,-0.67708,0.00136,3.2942,3.4929243760008575
,,,,,,12695.0,-0.67522,0.00156,3.7769,3.553209403889183
,,,,,,12696.0,-0.67894,0.00176,4.261,3.4901019267191797
,,,,,,12697.0,-0.67522,0.00195,4.7438,3.5659898035942854
,,,,,,12698.0,-0.67894,0.00215,5.224,3.5732899869375356
,,,,,,12699.0,-0.67522,0.00233,5.6479,3.518382206204891
,,,,,,12700.0,-0.67708,0.00253,6.1306,3.486970297042033
,,,,,,12701.0,-0.67708,0.00274,6.646,3.5096313624521125
,,,,,,12702.0,-0.67708,0.00294,7.1288,3.5440912638914495
,,,,,,12703.0,-0.67708,0.00314,7.6128,3.553647701735736
,,,,,,12704.0,-0.67708,0.00333,8.0918,3.641203358099535
,,,,,,12705.0,-0.67894,0.00351,8.5157,3.507209804542572
,,,,,,12706.0,-0.67708,0.00371,8.9997,3.4866002152134232
,,,,,,12707.0,-0.67522,0.00391,9.4837,3.453289329197576
,,,,,,12709.0,-0.67522,0.00411,9.9628,3.662075272266684
,,,,,,12710.0,-0.67708,0.0043,10.4468,3.4944549411759294
,,,,,,12711.0,-0.67708,0.0045,10.9296,3.4905981120617082
,,,,,,12712.0,-0.67708,0.0047,11.4136,3.5711033490983635
,,,,,,12713.0,-0.67708,0.0049,11.8926,3.4839597483744122
,,,,,,12714.0,-0.67522,0.00509,12.344,3.556372047928655
,,,,,,12715.0,-0.67708,0.00527,12.8005,3.4805367208125038
,,,,,,12716.0,-0.67708,0.00547,13.2795,3.4945012903829333
,,,,,,12717.0,-0.67708,0.00567,13.7635,3.514042199649096
,,,,,,12718.0,-0.67894,0.00587,14.2463,3.5870145065861836
,,,,,,12719.0,-0.67708,0.00607,14.7291,3.495344467595471
,,,,,,12720.0,-0.67708,0.00627,15.2081,3.65366789227272
,,,,,,12721.0,-0.67708,0.00644,15.6332,3.5666192086398154
,,,,,,12722.0,-0.67708,0.00659,15.9931,3.475547428253798
,,,,,,12722.0,-5.40737,0.00659,15.9931,3.4274150578669715
,,,,,,12723.0,-5.40923,0.00814,19.7487,3.3803732868071603
,,,,,,12724.0,-5.41295,0.00973,23.6122,3.395608390151842
,,,,,,12725.0,-5.40737,0.01132,27.4769,3.3164915360346656
,,,,,,12726.0,-5.40923,0.01287,31.2325,3.329128842253578
,,,,,,12727.0,-5.41109,0.01446,35.0972,3.3875832486664166
,,,,,,12728.0,-5.40923,0.01604,38.9256,3.366537217940643
,,,,,,12729.0,-5.40551,0.01763,42.7903,3.305456928692926
,,,,,,12730.0,-5.40737,0.01862,45.1967,3.420481983769635
,,,,,,12730.0,-3.38356,0.01862,45.1967,3.2987310252843596
,,,,,,12731.0,-3.38356,0.01964,47.6557,3.3573704555430055
,,,,,,12732.0,-3.37612,0.02063,50.0708,3.349226116606647
,,,,,,12733.0,-3.38356,0.02163,52.486,3.3967296410145846
,,,,,,12734.0,-3.37798,0.02258,54.8096,3.4114981406084235
,,,,,,12735.0,-3.37798,0.02361,57.2937,3.3939979491548917
,,,,,,12736.0,-3.38542,0.0245,59.458,3.461527702936074
,,,,,,12737.0,-3.37984,0.02549,61.8506,3.4936090325887497
,,,,,,12738.0,-3.37984,0.02648,64.267,3.396366067265129
,,,,,,12739.0,-3.37612,0.02747,66.6596,3.3301274582309133
,,,,,,12740.0,-3.37612,0.02846,69.0734,3.404367474755123
,,,,,,12741.0,-3.3817,0.02946,71.4886,3.459544062011658
,,,,,,12742.0,-3.3817,0.03044,73.8824,3.4561574895713396
,,,,,,12743.0,-3.37984,0.03145,76.3201,3.3852276918099324
,,,,,,12744.0,-3.3817,0.03243,78.7139,3.461150475370171
,,,,,,12746.0,-3.37984,0.03335,80.9247,3.3512563718718256
,,,,,,12747.0,-3.38542,0.03434,83.3411,3.5316333781561
,,,,,,12748.0,-3.37984,0.03534,85.7575,3.3339990958950745
,,,,,,12749.0,-3.37984,0.03633,88.1726,3.3804812763668752
,,,,,,12750.0,-3.37612,0.03736,90.6793,3.417386482634283
,,,,,,12751.0,-3.3817,0.03834,93.048,3.3914175796798474
,,,,,,12752.0,-3.38356,0.03921,95.1685,3.4502558523874325
,,,,,,12753.0,-3.37984,0.04021,97.5849,3.4252585925540564
,,,,,,12754.0,-3.37612,0.04121,100.0,3.3811054353718073
,,,,,,12754.0,-3.37612,0.04121,100.0,3.4116283746824436
,,,,,,12754.0,-3.37612,0.04121,100.0,3.4137830419675046
,,,,,,,,,,
,,,,,,12754.0,1.34859,0.0,0.0,3.554029168557039
,,,,,,12755.0,1.35417,0.0004,13.2056,3.438316959926911
,,,,,,12756.0,1.35417,0.00078,25.898,3.4964305306873205
,,,,,,12757.0,1.35603,0.00118,39.0866,3.5424381365328097
,,,,,,12758.0,1.35417,0.00158,52.2922,3.5524190416783523
,,,,,,12759.0,1.35231,0.00198,65.4978,3.6078873631294335
,,,,,,12760.0,1.35417,0.00237,78.5665,3.6282178006458397
,,,,,,12761.0,1.35231,0.00277,91.7721,3.5632392273564357
,,,,,,12762.0,1.35417,0.00302,100.0,3.49392001537696
,,,,,,12762.0,1.35417,0.00302,100.0,3.6199482591459655
,,,,,,,,,,
,,,,,,12762.0,-1.35045,0.0,0.0,3.4523956440051418
,,,,,,12763.0,-1.35231,0.00042,3.4943,3.469662158724949
,,,,,,12764.0,-1.35231,0.00082,6.7999,3.5175740542908676
,,,,,,12765.0,-1.35603,0.00121,10.0797,3.5358214350799138
,,,,,,12766.0,-1.35789,0.00161,13.3896,3.500945151936884
,,,,,,12767.0,-1.35417,0.00201,16.6652,3.555355033450157
,,,,,,12768.0,-1.35231,0.00237,19.6321,3.4933100139549063
,,,,,,12769.0,-1.35417,0.00276,22.942,3.4474160354133665
,,,,,,12770.0,-1.35417,0.00316,26.2519,3.4383424913598617
,,,,,,12771.0,-1.35231,0.00356,29.5318,3.4123005274301423
,,,,,,12772.0,-1.35603,0.00396,32.8374,3.505320405974266
,,,,,,12773.0,-1.35417,0.00436,36.1516,3.4825792636046726
,,,,,,12774.0,-1.35417,0.00475,39.4272,3.430909360869749
,,,,,,12776.0,-1.35045,0.00512,42.5141,3.4130579823497653
,,,,,,12777.0,-1.35231,0.00553,45.9184,3.5049859947045676
,,,,,,12778.0,-1.35603,0.00593,49.194,3.468047826665057
,,,,,,12779.0,-1.35231,0.00633,52.5039,3.4289411308919497
,,,,,,12780.0,-1.35045,0.00673,55.8095,3.4484113467503623
,,,,,,12781.0,-1.35417,0.00712,59.0851,3.5574661828277776
,,,,,,12782.0,-1.35045,0.00747,61.9919,3.5440730434930674
,,,,,,12783.0,-1.35417,0.00787,65.2976,3.505463513919974
,,,,,,12784.0,-1.35045,0.00827,68.6032,3.437143308984449
,,,,,,12785.0,-1.35603,0.00866,71.8788,3.4602177559597393
,,,,,,12786.0,-1.35417,0.00906,75.1886,3.473453405578153
,,,,,,12787.0,-1.35417,0.00946,78.4986,3.481261834474277
,,,,,,12788.0,-1.35417,0.00986,81.8084,3.500354682083061
,,,,,,12789.0,-1.35231,0.01025,85.084,3.369651988409046
,,,,,,12790.0,-1.35231,0.01061,88.0166,3.4729149701460567
,,,,,,12791.0,-1.35045,0.01101,91.3265,3.4090349360157357
,,,,,,12792.0,-1.35231,0.0114,94.6279,3.4957489481043207
,,,,,,12793.0,-1.35789,0.0118,97.9378,3.483766517977813
,,,,,,12794.0,-1.35789,0.01205,100.0,3.482875333385873
,,,,,,12794.0,-1.35789,0.01205,100.0,3.457580186373958
,,,,,,,,,,
,,,,,,12794.0,2.71763,0.0,0.0,3.5984708932175695
,,,,,,12795.0,2.70647,0.00089,14.7883,3.564392717379095
,,,,,,12796.0,2.70461,0.00168,27.8432,3.5609898028255906
,,,,,,12797.0,2.70647,0.00248,41.0007,3.691950533862942
,,,,,,12798.0,2.70647,0.00327,54.0471,3.590383809093121
,,,,,,12799.0,2.70461,0.00407,67.2131,3.6326849163523494
,,,,,,12800.0,2.70647,0.00486,80.3791,3.654891612979273
,,,,,,12801.0,2.70833,0.00565,93.4255,3.6402718003099124
,,,,,,12802.0,2.70461,0.00605,100.0,3.638319346721364
,,,,,,12802.0,0.0,0.00605,100.0,3.527034121534943
,,,,,,12803.0,0.0,0.00605,100.0,3.5663411490264014
,,,,,,12804.0,0.0,0.00605,100.0,3.5214904535544664
,,,,,,12805.0,0.0,0.00605,100.0,3.5479048921837975
,,,,,,12806.0,0.0,0.00605,100.0,3.5233771996146293
,,,,,,12807.0,0.0,0.00605,100.0,3.5233719037950126
,,,,,,12808.0,0.0,0.00605,100.0,3.542721907328052
,,,,,,12809.0,0.0,0.00605,100.0,3.550180415642099
,,,,,,12810.0,0.0,0.00605,100.0,3.494667246706988
,,,,,,12811.0,0.0,0.00605,100.0,3.4405676168109878
,,,,,,12812.0,0.0,0.00605,100.0,3.4799982995677965
,,,,,,12814.0,0.0,0.00605,100.0,3.616190365901122
,,,,,,12815.0,0.0,0.00605,100.0,3.5291287929703397
,,,,,,12816.0,0.0,0.00605,100.0,3.461634367953953
,,,,,,12817.0,0.0,0.00605,100.0,3.3968001319084573
,,,,,,12818.0,0.0,0.00605,100.0,3.662750691654687
,,,,,,12819.0,0.0,0.00605,100.0,3.521402820935348
,,,,,,12820.0,0.0,0.00605,100.0,3.547142306625596
,,,,,,12821.0,0.0,0.00605,100.0,3.5393561367690256
,,,,,,12822.0,0.0,0.00605,100.0,3.4727091528332994
,,,,,,12823.0,0.0,0.00605,100.0,3.4973617220068736
,,,,,,12824.0,0.0,0.00605,100.0,3.582583469626195
,,,,,,12825.0,0.0,0.00605,100.0,3.522273540816728
,,,,,,12826.0,0.0,0.00605,100.0,3.5454871831044117
,,,,,,12827.0,0.0,0.00605,100.0,3.565606286412033
,,,,,,12828.0,0.0,0.00605,100.0,3.5212151640755414
,,,,,,12829.0,0.0,0.00605,100.0,3.4858968083419417
,,,,,,12830.0,0.0,0.00605,100.0,3.6182718995554675
,,,,,,12831.0,0.0,0.00605,100.0,3.5317655249319833
,,,,,,12832.0,0.0,0.00605,100.0,3.475639053348619
,,,,,,12833.0,0.0,0.00605,100.0,3.5929370438682438
,,,,,,12834.0,0.0,0.00605,100.0,3.617932626638198
,,,,,,12835.0,0.0,0.00605,100.0,3.584042613559292
,,,,,,12836.0,0.0,0.00605,100.0,3.4987098089945405
,,,,,,12838.0,0.0,0.00605,100.0,3.504866789473033
,,,,,,12839.0,0.0,0.00605,100.0,3.590627791764451
,,,,,,12840.0,0.0,0.00605,100.0,3.5459280070582304
,,,,,,12841.0,0.0,0.00605,100.0,3.563266697039256
,,,,,,12842.0,0.0,0.00605,100.0,3.497402406157306
,,,,,,12843.0,0.0,0.00605,100.0,3.539296859626731
,,,,,,12844.0,0.0,0.00605,100.0,3.518620150680695
,,,,,,12845.0,0.0,0.00605,100.0,3.544010690105968
,,,,,,12846.0,0.0,0.00605,100.0,3.57666888431161
,,,,,,12847.0,0.0,0.00605,100.0,3.5472249763992205
,,,,,,12848.0,0.0,0.00605,100.0,3.5197046249387443
,,,,,,12849.0,0.0,0.00605,100.0,3.5233954765477407
,,,,,,12850.0,0.0,0.00605,100.0,3.5778844642736765
,,,,,,12851.0,0.0,0.00605,100.0,3.45258627023386
,,,,,,12852.0,0.0,0.00605,100.0,3.643058522917838
,,,,,,12853.0,0.0,0.00605,100.0,3.53848936937625
,,,,,,12854.0,0.0,0.00605,100.0,3.548838500145114
,,,,,,12855.0,0.0,0.00605,100.0,3.5203296354608495
,,,,,,12856.0,0.0,0.00605,100.0,3.4998156717504414
,,,,,,12857.0,0.0,0.00605,100.0,3.5227824403103316
,,,,,,12857.0,0.0,0.00605,100.0,3.4388430688126363
,,,,,,,,,,
,,,,,,12857.0,-0.67522,0.0,0.0,3.559299909041747
,,,,,,12858.0,-0.67894,0.00019,1.9704,3.556866875347773
,,,,,,12859.0,-0.67522,0.00039,3.9775,3.5528460283813788
,,,,,,12860.0,-0.67894,0.00059,6.0057,3.432222702453109
,,,,,,12861.0,-0.67708,0.00079,8.0338,3.482365406906158
,,,,,,12862.0,-0.67708,0.00099,10.041,3.426304517226946
,,,,,,12863.0,-0.67894,0.00119,12.0639,3.421678015865638
,,,,,,12864.0,-0.67708,0.00139,14.0868,3.6095447195152177
,,,,,,12865.0,-0.67708,0.00158,16.0992,3.5070175784802338
,,,,,,12867.0,-0.67522,0.00178,18.1221,3.56196062327622
,,,,,,12868.0,-0.67708,0.00198,20.145,3.5082224061247267
,,,,,,12869.0,-0.67708,0.00218,22.1679,3.6850868334125058
,,,,,,12870.0,-0.67522,0.00239,24.3117,3.4868161075931616
,,,,,,12871.0,-0.67522,0.00258,26.261,3.5456380881013194
,,,,,,12872.0,-0.67522,0.00278,28.2892,3.5286435328213583
,,,,,,12873.0,-0.67522,0.00298,30.3121,3.5324254056944513
,,,,,,12874.0,-0.67708,0.00316,32.1301,3.53339494330785
,,,,,,12875.0,-0.67708,0.00336,34.1372,3.544568158346849
,,,,,,12876.0,-0.67708,0.00356,36.1654,3.54934242849945
,,,,,,12877.0,-0.67708,0.00376,38.1883,3.4345082744310775
,,,,,,12878.0,-0.67894,0.00395,40.2007,3.537842791505171
,,,,,,12879.0,-0.67522,0.00415,42.2289,3.5135479072683453
,,,,,,12880.0,-0.67708,0.00436,44.2938,3.5235874050399656
,,,,,,12881.0,-0.67708,0.00455,46.3167,3.4629554310457387
,,,,,,12882.0,-0.67708,0.00475,48.3291,3.4681320146780528
,,,,,,12883.0,-0.67708,0.00493,50.1051,3.6637871524169063
,,,,,,12884.0,-0.67522,0.00513,52.1332,3.5175313217072257
,,,,,,12885.0,-0.67708,0.00527,53.6412,3.5599059784133833
,,,,,,12885.0,-1.34487,0.00527,53.6412,3.3858183592944364
,,,,,,12886.0,-1.35603,0.00566,57.5084,3.4495127565271626
,,,,,,12887.0,-1.35603,0.00605,61.5647,3.50698310124175
,,,,,,12888.0,-1.35417,0.00645,65.6158,3.410744350484845
,,,,,,12889.0,-1.35417,0.00685,69.6301,3.5295928434015686
,,,,,,12890.0,-1.35603,0.00725,73.6864,3.52468746353871
,,,,,,12891.0,-1.35417,0.00765,77.7427,3.469786280175535
,,,,,,12892.0,-1.35417,0.00804,81.7938,3.5120499522693787
,,,,,,12893.0,-1.35603,0.00844,85.8501,3.400739332852105
,,,,,,12895.0,-1.35417,0.00884,89.8644,3.4097139208901015
,,,,,,12896.0,-1.35417,0.00924,93.9155,3.4602611635289127
,,,,,,12897.0,-1.35789,0.00963,97.9718,3.5409995427035796
,,,,,,12897.0,-1.35603,0.00983,100.0,3.472860694207304
,,,,,,12897.0,-1.35603,0.00983,100.0,3.43621237452322
,,,,,,,,,,
,,,,,,12897.0,0.67894,0.0,0.0,3.544636290937745
,,,,,,12898.0,0.67894,0.00019,12.4397,3.6210486641521507
,,,,,,12899.0,0.67894,0.00038,25.2929,3.584222992298184
,,,,,,12900.0,0.67894,0.00058,38.6285,3.5955393875135586
,,,,,,12901.0,0.67894,0.00078,51.8263,3.578643741102056
,,,,,,12902.0,0.67894,0.00098,65.162,3.570332010321782
,,,,,,12903.0,0.67894,0.00118,78.4631,3.486210816349565
,,,,,,12905.0,0.67894,0.00137,91.6954,3.675086861380164
,,,,,,12905.0,0.67894,0.0015,100.0,3.6090045630184044
,,,,,,12905.0,0.0,0.0015,100.0,3.4246530908134316
,,,,,,12906.0,0.0,0.0015,100.0,3.5364377441271007
,,,,,,12907.0,0.0,0.0015,100.0,3.6274682087520365
,,,,,,12908.0,0.0,0.0015,100.0,3.552917934433029
,,,,,,12909.0,0.0,0.0015,100.0,3.5594630830621266
,,,,,,12910.0,0.0,0.0015,100.0,3.487429559679719
,,,,,,12911.0,0.0,0.0015,100.0,3.531441412781014
,,,,,,12913.0,0.0,0.0015,100.0,3.5898831003243816
,,,,,,12914.0,0.0,0.0015,100.0,3.5895310201273056
,,,,,,12915.0,0.0,0.0015,100.0,3.5389895247958356
,,,,,,12916.0,0.0,0.0015,100.0,3.5419128480876356
,,,,,,12917.0,0.0,0.0015,100.0,3.501132677282303
,,,,,,12918.0,0.0,0.0015,100.0,3.5817389686128975
,,,,,,12919.0,0.0,0.0015,100.0,3.4401172557735373
,,,,,,12920.0,0.0,0.0015,100.0,3.4263618441328756
,,,,,,12921.0,0.0,0.0015,100.0,3.528378600301626
,,,,,,12921.0,0.0,0.0015,100.0,3.6372498384988043
,,,,,,12921.0,0.0,0.0015,100.0,3.5177437303699515
,,,,,,,,,,
,,,,,,12921.0,-0.66964,0.0,0.0,3.451111746678713
,,,,,,12922.0,-0.67522,0.0002,0.952,3.5028031805369597
,,,,,,12923.0,-0.67708,0.0004,1.9041,3.492601006623439
,,,,,,12924.0,-0.67894,0.0006,2.8586,3.537829246114518
,,,,,,12925.0,-0.67522,0.0008,3.8131,3.5462516708286946
,,,,,,12926.0,-0.67708,0.00099,4.7577,3.5390252554016106
,,,,,,12928.0,-0.67708,0.00119,5.7122,3.564166329466288
,,,,,,12929.0,-0.67708,0.00139,6.6667,3.4379961508065797
,,,,,,12930.0,-0.67708,0.00159,7.6212,3.5675446119293475
,,,,,,12931.0,-0.67522,0.00179,8.5584,3.5459506345375473
,,,,,,12932.0,-0.67708,0.00199,9.5104,3.537258381385447
,,,,,,12933.0,-0.67522,0.00219,10.4649,3.5092856197333937
,,,,,,12934.0,-0.67894,0.0024,11.4639,3.562835835714527
,,,,,,12935.0,-0.67522,0.00258,12.3343,3.52801096845214
,,,,,,12936.0,-0.67708,0.00278,13.2913,3.492458339981384
,,,,,,12937.0,-0.67522,0.00298,14.2433,3.5233622629697985
,,,,,,12938.0,-0.67708,0.00317,15.1879,3.4587890421196206
,,,,,,12939.0,-0.67708,0.00335,16.0237,3.4672862372851174
,,,,,,12940.0,-0.67708,0.00354,16.9609,3.5518203717942702
,,,,,,12941.0,-0.67522,0.00374,17.8783,3.421525395061321
,,,,,,12942.0,-0.67708,0.00394,18.8328,3.5266357737792244
,,,,,,12943.0,-0.67522,0.00413,19.7873,3.5310864199213623
,,,,,,12944.0,-0.67522,0.00433,20.7418,3.537242077293905
,,,,,,12945.0,-0.67894,0.00453,21.6864,3.5168345332308117
,,,,,,12946.0,-0.67522,0.00473,22.6409,3.593122510380446
,,,,,,12947.0,-0.67708,0.00494,23.6301,3.5208970435347577
,,,,,,12948.0,-0.67522,0.00513,24.545,3.5066842619596836
,,,,,,12949.0,-0.67708,0.00533,25.4995,3.568659790197691
,,,,,,12951.0,-0.67522,0.00553,26.454,3.565926501163963
,,,,,,12952.0,-0.67522,0.00573,27.406,3.4731201481432863
,,,,,,12953.0,-0.67708,0.00592,28.3506,3.496539902862418
,,,,,,12954.0,-0.67708,0.0061,29.1864,3.473294289496007
,,,,,,12955.0,-0.67708,0.0063,30.1409,3.5153855187713896
,,,,,,12956.0,-0.67708,0.0065,31.0954,3.5208860399601494
,,,,,,12957.0,-0.67708,0.0067,32.0499,3.4684418437811178
,,,,,,12958.0,-0.67522,0.00689,32.9921,3.5256295654107013
,,,,,,12959.0,-0.67522,0.00709,33.9441,3.59460091210518
,,,,,,12960.0,-0.67708,0.00729,34.8986,3.441233657027557
,,,,,,12961.0,-0.67708,0.00749,35.8408,3.470689810873034
,,,,,,12962.0,-0.67894,0.00769,36.7952,3.5126587480649074
,,,,,,12963.0,-0.67708,0.00788,37.7225,3.4542766166341496
,,,,,,12964.0,-0.67522,0.00808,38.6672,3.4834042046717157
,,,,,,12965.0,-0.67522,0.00825,39.503,3.5478810366340507
,,,,,,12966.0,-0.67894,0.00845,40.4575,3.538819340922026
,,,,,,12967.0,-0.67708,0.00865,41.4095,3.5243646005606153
,,,,,,12968.0,-0.67708,0.00885,42.3566,3.4906720563246356
,,,,,,12969.0,-0.67708,0.00903,43.1924,3.4702949079227223
,,,,,,12970.0,-0.67708,0.00922,44.1444,3.5303478647516706
,,,,,,12971.0,-0.67708,0.00942,45.089,3.5125711037646594
,,,,,,12972.0,-0.67708,0.00962,46.0435,3.4716443488323137
,,,,,,12973.0,-0.67708,0.00982,46.9955,3.542354726841773
,,,,,,12974.0,-0.67522,0.01002,47.9501,3.450513322649922
,,,,,,12976.0,-0.67708,0.01022,48.9021,3.555988256010507
,,,,,,12977.0,-0.67522,0.01042,49.8566,3.566112301860131
,,,,,,12978.0,-0.67708,0.01062,50.8012,3.5847842022304413
,,,,,,12979.0,-0.67894,0.0108,51.6741,3.5256629734227123
,,,,,,12980.0,-0.67894,0.011,52.6632,3.460168423844467
,,,,,,12981.0,-0.6808,0.01119,53.5361,3.516221153240643
,,,,,,12982.0,-0.67708,0.01139,54.4906,3.482108796213284
,,,,,,12983.0,-0.67522,0.01158,55.4352,3.552473270346403
,,,,,,12984.0,-0.67708,0.01176,56.271,3.4799909364358976
,,,,,,12985.0,-0.67708,0.01196,57.2255,3.482625820133625
,,,,,,12986.0,-0.67708,0.01216,58.18,3.439922683050352
,,,,,,12987.0,-0.67708,0.01235,59.1246,3.415470749232871
,,,,,,12988.0,-0.67708,0.01254,60.0247,3.4795317608556604
,,,,,,12989.0,-0.67894,0.01274,60.9792,3.400860454028481
,,,,,,12990.0,-0.67708,0.01294,61.9238,3.544122671506438
,,,,,,12991.0,-0.67708,0.01311,62.7596,3.552594998011152
,,,,,,12992.0,-0.67708,0.01331,63.7141,3.498054589532029
,,,,,,12993.0,-0.67708,0.01351,64.6686,3.45105063485211
,,,,,,12994.0,-0.67522,0.01371,65.6231,3.608117786614475
,,,,,,12995.0,-0.67708,0.01391,66.5677,3.4858047860657178
,,,,,,12996.0,-0.67708,0.01411,67.5198,3.529333538926972
,,,,,,12997.0,-0.67894,0.01431,68.4743,3.471413522199832
,,,,,,12998.0,-0.67708,0.01451,69.4189,3.545170906986119
,,,,,,12999.0,-0.67708,0.0147,70.3709,3.5288228665208075
,,,,,,13000.0,-0.67708,0.0149,71.3254,3.4815326186804585
,,,,,,13001.0,-0.67708,0.0151,72.2799,3.565029481271064
,,,,,,13002.0,-0.67708,0.01529,73.1528,3.5401479796976782
,,,,,,13004.0,-0.67708,0.01548,74.0974,3.415313824965079
,,,,,,13005.0,-0.67894,0.01568,75.0519,3.531580681425379
,,,,,,13006.0,-0.67708,0.01588,76.0064,3.519414601654493
,,,,,,13007.0,-0.67894,0.01608,76.9609,3.5282884080608836
,,,,,,13008.0,-0.67708,0.01628,77.9154,3.5281941818591815
,,,,,,13008.0,-0.67894,0.01638,78.3828,3.492018249294902
,,,,,,13008.0,-1.35789,0.01638,78.3828,3.519256937078037
,,,,,,13009.0,-1.35417,0.01677,80.2349,3.49068781292156
,,,,,,13010.0,-1.35231,0.01716,82.1414,3.434700451941899
,,,,,,13011.0,-1.35417,0.01756,84.048,3.5326456234178334
,,,,,,13012.0,-1.35603,0.01796,85.9594,3.416404379518216
,,,,,,13014.0,-1.35603,0.01836,87.8487,3.49602138115184
,,,,,,13015.0,-1.35231,0.01871,89.5227,3.482753799128718
,,,,,,13016.0,-1.35603,0.0191,91.4317,3.457444884130125
,,,,,,13017.0,-1.35417,0.0195,93.3383,3.4078234243029235
,,,,,,13018.0,-1.35231,0.0199,95.2275,3.4901895067746893
,,,,,,13019.0,-1.35417,0.02025,96.904,3.5041954634245185
,,,,,,13020.0,-1.35417,0.02065,98.8106,3.543965594975754
,,,,,,13020.0,-1.35603,0.0209,100.0,3.4950914342117145
,,,,,,13020.0,-1.35603,0.0209,100.0,3.5240679328445057
,,,,,,,,,,
,,,,,,13020.0,0.67894,0.0,0.0,3.5474323505225867
,,,,,,13021.0,0.6808,0.00021,13.8156,3.5981332455705073
,,,,,,13022.0,0.6808,0.00041,27.1169,3.67459146534093
,,,,,,13023.0,0.6808,0.00061,40.2811,3.463146334800588
,,,,,,13024.0,0.6808,0.00078,51.9369,3.5168777396473097
,,,,,,13026.0,0.6808,0.00098,65.2383,3.5884035077710132
,,,,,,13027.0,0.6808,0.00118,78.5396,3.594351803808454
,,,,,,13028.0,0.6808,0.00138,91.7038,3.5762915744805226
,,,,,,13028.0,0.6808,0.00151,100.0,3.562486858588488
,,,,,,13028.0,0.0,0.00151,100.0,3.548223708110552
,,,,,,13029.0,0.0,0.00151,100.0,3.4946810698843147
,,,,,,13030.0,0.0,0.00151,100.0,3.4350151381629095
,,,,,,13031.0,0.0,0.00151,100.0,3.5235591686195162
,,,,,,13032.0,0.0,0.00151,100.0,3.527696134630876
,,,,,,13034.0,0.0,0.00151,100.0,3.5487401864875534
,,,,,,13035.0,0.0,0.00151,100.0,3.507350106774626
,,,,,,13036.0,0.0,0.00151,100.0,3.4748624306948845
,,,,,,13037.0,0.0,0.00151,100.0,3.5464744656111766
,,,,,,13038.0,0.0,0.00151,100.0,3.623232672326814
,,,,,,13039.0,0.0,0.00151,100.0,3.5032319694528375
,,,,,,13040.0,0.0,0.00151,100.0,3.541267499816651
,,,,,,13041.0,0.0,0.00151,100.0,3.527645784044636
,,,,,,13042.0,0.0,0.00151,100.0,3.504344521555069
,,,,,,13043.0,0.0,0.00151,100.0,3.5821675214355695
,,,,,,13044.0,0.0,0.00151,100.0,3.598762905444201
,,,,,,13044.0,0.0,0.00151,100.0,3.544929558740208
,,,,,,13044.0,0.0,0.00151,100.0,3.573760598727924
,,,,,,,,,,
,,,,,,13044.0,-0.67336,0.0,0.0,3.6959537970455507
,,,,,,13045.0,-0.67522,0.00019,0.4692,3.472185935903137
,,,,,,13046.0,-0.67894,0.00039,0.9535,3.4895098935170994
,,,,,,13047.0,-0.67522,0.00059,1.4365,3.4764452000831856
,,,,,,13048.0,-0.67522,0.00079,1.9157,3.470566283261216
,,,,,,13049.0,-0.67894,0.00096,2.341,3.480999849591064
,,,,,,13051.0,-0.67522,0.00116,2.8253,3.5757021042825388
,,,,,,13052.0,-0.67708,0.00136,3.3083,3.53346666491502
,,,,,,13053.0,-0.67522,0.00156,3.7788,3.6449115622596575
,,,,,,13054.0,-0.67522,0.00176,4.2631,3.4307968849202934
,,,,,,13055.0,-0.67708,0.00195,4.7461,3.4538302906360188
,,,,,,13056.0,-0.67894,0.00215,5.2253,3.542286341633243
,,,,,,13057.0,-0.67894,0.00235,5.7096,3.4825988742715803
,,,,,,13058.0,-0.67522,0.00255,6.1876,3.5123392391143353
,,,,,,13059.0,-0.67522,0.00273,6.6217,3.414640512040817
,,,,,,13060.0,-0.67894,0.00293,7.1047,3.459849945362717
,,,,,,13061.0,-0.67708,0.00313,7.589,3.3945354341304053
,,,,,,13062.0,-0.67708,0.00332,8.072,3.5199828704430556
,,,,,,13063.0,-0.67522,0.00352,8.5562,3.48704682738964
,,,,,,13064.0,-0.67708,0.00372,9.0392,3.4675301870810897
,,,,,,13065.0,-0.67708,0.00392,9.5235,3.4363305392684
,,,,,,13066.0,-0.67708,0.00412,10.0028,3.451964925418673
,,,,,,13067.0,-0.67708,0.00432,10.487,3.491726264710207
,,,,,,13068.0,-0.67708,0.00452,10.97,3.4698525500100588
,,,,,,13069.0,-0.67708,0.00472,11.4493,3.4787279465646415
,,,,,,13070.0,-0.67708,0.0049,11.8972,3.5265104747505975
,,,,,,13071.0,-0.67708,0.00509,12.3664,3.5060485064493547
,,,,,,13073.0,-0.67708,0.00529,12.8469,3.5236095978378352
,,,,,,13074.0,-0.67708,0.00549,13.3299,3.4967445355051483
,,,,,,13075.0,-0.67708,0.00569,13.8142,3.474932069408482
,,,,,,13076.0,-0.67708,0.00589,14.2934,3.4682842468650876
,,,,,,13077.0,-0.67708,0.00609,14.7777,3.5516580691418658
,,,,,,13078.0,-0.67522,0.00629,15.262,3.4764735132582394
,,,,,,13079.0,-0.67708,0.00648,15.745,3.503414266604163
,,,,,,13079.0,-0.67894,0.00658,15.9871,3.5219729439215928
,,,,,,13079.0,-5.41295,0.00658,15.9871,3.2931222950407144
,,,,,,13080.0,-5.40737,0.00798,19.3807,3.282929044418899
,,,,,,13081.0,-5.40737,0.00957,23.2474,3.3401360207559
,,,,,,13082.0,-5.40923,0.01124,27.2959,3.3117015849764493
,,,,,,13083.0,-5.41295,0.01271,30.8702,3.39948884534845
,,,,,,13085.0,-5.40551,0.01429,34.7004,3.298278523179375
,,,,,,13086.0,-5.40551,0.01588,38.5658,3.39205807632586
,,,,,,13087.0,-5.40737,0.01748,42.4311,3.277599922873341
,,,,,,13087.0,-5.40923,0.01866,45.3129,3.358623191440036
,,,,,,13087.0,-3.3724,0.01866,45.3129,3.423592350241954
,,,,,,13088.0,-3.37612,0.0196,47.5925,3.378224847683197
,,,,,,13089.0,-3.37984,0.02049,49.7579,3.427499247465575
,,,,,,13090.0,-3.37984,0.02146,52.1064,3.4309503981861744
,,,,,,13091.0,-3.37984,0.02245,54.5002,3.4214441329151053
,,,,,,13092.0,-3.37984,0.02341,56.8488,3.4168238684092516
,,,,,,13094.0,-3.3817,0.02445,59.3579,3.363795609477397
,,,,,,13095.0,-3.3817,0.02543,61.7504,3.4386532981105105
,,,,,,13096.0,-3.37984,0.02643,64.1667,3.3693608462363263
,,,,,,13097.0,-3.37984,0.02742,66.583,3.4261465908547315
,,,,,,13098.0,-3.3817,0.02836,68.8626,3.3455967767319024
,,,,,,13099.0,-3.37984,0.02926,71.0506,3.4035774905180505
,,,,,,13100.0,-3.37984,0.03025,73.4443,3.4789520143865564
,,,,,,13101.0,-3.37798,0.03122,75.8155,3.3559079073993328
,,,,,,13102.0,-3.38356,0.03225,78.3008,3.39938892951378
,,,,,,13103.0,-3.38356,0.03323,80.6945,3.3859635898325195
,,,,,,13104.0,-3.3817,0.03423,83.1121,3.337232471058602
,,,,,,13105.0,-3.37798,0.03521,85.5033,3.298988023743111
,,,,,,13106.0,-3.37798,0.03621,87.9197,3.3722024959378545
,,,,,,13107.0,-3.37612,0.03711,90.1077,3.383184965052615
,,,,,,13108.0,-3.3817,0.03808,92.455,3.321008220272377
,,,,,,13109.0,-3.3817,0.03907,94.8713,3.304296705174565
,,,,,,13110.0,-3.37798,0.04007,97.2863,3.3822040853147084
,,,,,,13111.0,-3.37984,0.04106,99.7039,3.3095489297459637
,,,,,,13111.0,-3.37426,0.04119,100.0,3.2502576135069425
,,,,,,13111.0,-3.37426,0.04119,100.0,3.357721160594757
,,,,,,,,,,
,,,,,,13111.0,1.35045,0.0,0.0,3.5539786328211895
,,,,,,13112.0,1.35603,0.0004,13.0502,3.571485316820343
,,,,,,13113.0,1.35789,0.00077,25.4862,3.5395270039785443
,,,,,,13115.0,1.35603,0.00117,38.5534,3.634331522646994
,,,,,,13116.0,1.35789,0.00158,52.2347,3.505539404685273
,,,,,,13117.0,1.35975,0.00198,65.4214,3.5285840509761335
,,,,,,13118.0,1.35603,0.00238,78.608,3.5167157846944033
,,,,,,13119.0,1.35603,0.00278,91.7775,3.5125943553178076
,,,,,,13119.0,1.35417,0.00303,100.0,3.580293919616125
,,,,,,13119.0,1.35417,0.00303,100.0,3.5357449843260826
,,,,,,,,,,
,,,,,,13119.0,-1.34673,0.0,0.0,3.45810776346558
,,,,,,13120.0,-1.35603,0.00038,3.1965,3.4787645750380216
,,,,,,13122.0,-1.35045,0.00078,6.5088,3.4266474006166594
,,,,,,13123.0,-1.35417,0.00118,9.8168,3.510141677378271
,,,,,,13124.0,-1.35417,0.00158,13.1248,3.4560136249562463
,,,,,,13125.0,-1.35417,0.00196,16.3084,3.519847663487519
,,,,,,13126.0,-1.35417,0.00233,19.3418,3.444508144793688
,,,,,,13127.0,-1.35417,0.00273,22.6541,3.403428068111253
,,,,,,13128.0,-1.35231,0.00312,25.9321,3.4632285602400383
,,,,,,13129.0,-1.35417,0.00352,29.2401,3.465354013263478
,,,,,,13130.0,-1.35417,0.00392,32.5525,3.4941546454192243
,,,,,,13131.0,-1.35417,0.00432,35.8347,3.5253790700561756
,,,,,,13132.0,-1.35789,0.00476,39.5203,3.5080240991790412
,,,,,,13133.0,-1.35417,0.00515,42.7382,3.5222746924595065
,,,,,,13134.0,-1.35231,0.00554,46.0162,3.508529102571538
,,,,,,13135.0,-1.35789,0.00594,49.3285,3.4158547342953924
,,,,,,13136.0,-1.35417,0.00634,52.6065,3.400178684368969
,,,,,,13137.0,-1.35231,0.00673,55.9188,3.499039061073555
,,,,,,13138.0,-1.35417,0.00713,59.1968,3.3949917836636168
,,,,,,13139.0,-1.35417,0.00753,62.5134,3.432999919564482
,,,,,,13140.0,-1.35417,0.00792,65.7914,3.4724864766255985
,,,,,,13141.0,-1.35603,0.00827,68.6961,3.471117554693701
,,,,,,13142.0,-1.35417,0.00869,72.1672,3.4455074222139674
,,,,,,13144.0,-1.35417,0.00906,75.2306,3.4198782185772125
,,,,,,13145.0,-1.35231,0.00945,78.5086,3.5533376561893384
,,,,,,13146.0,-1.35789,0.00985,81.8209,3.519931741924976
,,,,,,13147.0,-1.35417,0.01025,85.1332,3.460831246804685
,,,,,,13148.0,-1.35603,0.01065,88.4455,3.399335882156264
,,,,,,13149.0,-1.35417,0.01105,91.7235,3.3988795420859326
,,,,,,13150.0,-1.35603,0.01144,95.0358,3.4894360869707652
,,,,,,13151.0,-1.35417,0.01184,98.3438,3.4519197861142064
,,,,,,13151.0,-1.35417,0.01204,100.0,3.4004185346774496
,,,,,,13151.0,-1.35417,0.01204,100.0,3.49764087607287
,,,,,,,,,,
,,,,,,13151.0,2.70461,0.0,0.0,3.7090478154594084
,,,,,,13152.0,2.70461,0.00076,12.6355,3.6180709818762167
,,,,,,13153.0,2.71019,0.00157,26.1569,3.5774731884427364
,,,,,,13155.0,2.70833,0.00241,40.0482,3.625081466038708
,,,,,,13156.0,2.70647,0.00313,52.1848,3.6119201922389355
,,,,,,13157.0,2.70833,0.00392,65.3363,3.5990467246528466
,,,,,,13158.0,2.70275,0.00471,78.4793,3.6023577100038895
,,,,,,13159.0,2.70833,0.00551,91.7426,3.6433206965992246
,,,,,,13159.0,2.70647,0.00601,100.0,3.622686822864856
,,,,,,13159.0,0.0,0.00601,100.0,3.538988578440724
,,,,,,13160.0,0.0,0.00601,100.0,3.4483025797551723
,,,,,,13161.0,0.0,0.00601,100.0,3.544730237290122
,,,,,,13163.0,0.0,0.00601,100.0,3.54569213247095
,,,,,,13164.0,0.0,0.00601,100.0,3.5360989198283557
,,,,,,13165.0,0.0,0.00601,100.0,3.529864145247725
,,,,,,13166.0,0.0,0.00601,100.0,3.473400906114228
,,,,,,13167.0,0.0,0.00601,100.0,3.5142534366460474
,,,,,,13168.0,0.0,0.00601,100.0,3.453435631374863
,,,,,,13169.0,0.0,0.00601,100.0,3.600624016730232
,,,,,,13170.0,0.0,0.00601,100.0,3.4399466372799594
,,,,,,13171.0,0.0,0.00601,100.0,3.523721763948427
,,,,,,13172.0,0.0,0.00601,100.0,3.497536053262547
,,,,,,13173.0,0.0,0.00601,100.0,3.561067246554262
,,,,,,13174.0,0.0,0.00601,100.0,3.530565270344654
,,,,,,13175.0,0.0,0.00601,100.0,3.468510565307086
,,,,,,13176.0,0.0,0.00601,100.0,3.5081633058467054
,,,,,,13177.0,0.0,0.00601,100.0,3.533680699869347
,,,,,,13178.0,0.0,0.00601,100.0,3.4272626764585534
,,,,,,13179.0,0.0,0.00601,100.0,3.498385100402841
,,,,,,13180.0,0.0,0.00601,100.0,3.6347075520407017
,,,,,,13182.0,0.0,0.00601,100.0,3.4802494134839663
,,,,,,13183.0,0.0,0.00601,100.0,3.595802871907423
,,,,,,13184.0,0.0,0.00601,100.0,3.5091406946184023
,,,,,,13185.0,0.0,0.00601,100.0,3.5712722536200388
,,,,,,13186.0,0.0,0.00601,100.0,3.586087556990056
,,,,,,13187.0,0.0,0.00601,100.0,3.5598968315232273
,,,,,,13188.0,0.0,0.00601,100.0,3.631280216743022
,,,,,,13189.0,0.0,0.00601,100.0,3.5572037858264953
,,,,,,13190.0,0.0,0.00601,100.0,3.5600012985512697
,,,,,,13191.0,0.0,0.00601,100.0,3.634420740700085
,,,,,,13192.0,0.0,0.00601,100.0,3.529188072658063
,,,,,,13193.0,0.0,0.00601,100.0,3.4620858974503905
,,,,,,13194.0,0.0,0.00601,100.0,3.575520717899549
,,,,,,13195.0,0.0,0.00601,100.0,3.5319928815313815
,,,,,,13196.0,0.0,0.00601,100.0,3.4838112315729965
,,,,,,13197.0,0.0,0.00601,100.0,3.4658473823305904
,,,,,,13198.0,0.0,0.00601,100.0,3.533942550452241
,,,,,,13199.0,0.0,0.00601,100.0,3.507545729223803
,,,,,,13199.0,0.0,0.00601,100.0,3.5201553856338523
,,,,,,13200.0,0.0,0.00601,100.0,3.5517619458148895
,,,,,,13201.0,0.0,0.00601,100.0,3.5991645615659906
,,,,,,13202.0,0.0,0.00601,100.0,3.4943354682092593
,,,,,,13203.0,0.0,0.00601,100.0,3.488415065913979
,,,,,,13204.0,0.0,0.00601,100.0,3.5498309057882675
,,,,,,13205.0,0.0,0.00601,100.0,3.4300764370913743
,,,,,,13206.0,0.0,0.00601,100.0,3.4908400427978683
,,,,,,13207.0,0.0,0.00601,100.0,3.6667619395163022
,,,,,,13208.0,0.0,0.00601,100.0,3.5066959123922903
,,,,,,13209.0,0.0,0.00601,100.0,3.546522669272863
,,,,,,13210.0,0.0,0.00601,100.0,3.5274397726755202
,,,,,,13211.0,0.0,0.00601,100.0,3.546288986970238
,,,,,,13212.0,0.0,0.00601,100.0,3.4480603585725107
,,,,,,13213.0,0.0,0.00601,100.0,3.5554880070589614
,,,,,,13214.0,0.0,0.00601,100.0,3.477095099446611
,,,,,,13215.0,0.0,0.00601,100.0,3.5893932454213267
,,,,,,13216.0,0.0,0.00601,100.0,3.4515747797753216
,,,,,,13216.0,0.0,0.00601,100.0,3.5375796521525396
,,,,,,,,,,
,,,,,,13216.0,-0.67522,0.0,0.0,3.5173660861123532
,,,,,,13217.0,-0.67708,0.0002,2.0688,3.5792855581525846
,,,,,,13218.0,-0.67522,0.0004,4.0849,3.4953137806283325
,,,,,,13219.0,-0.67708,0.0006,6.1167,3.567709979920114
,,,,,,13220.0,-0.67708,0.0008,8.1539,3.490701202548785
,,,,,,13221.0,-0.67522,0.001,10.1699,3.4618854716908847
,,,,,,13222.0,-0.67708,0.0012,12.2071,3.485576321075505
,,,,,,13223.0,-0.67708,0.00139,14.2442,3.5386166670806865
,,,,,,13224.0,-0.67708,0.00159,16.255,3.5003403395434285
,,,,,,13225.0,-0.67894,0.00177,18.0441,3.463972942909284
,,,,,,13226.0,-0.67894,0.00197,20.0813,3.499983037118323
,,,,,,13227.0,-0.67708,0.00216,22.0973,3.4776340733353175
,,,,,,13228.0,-0.67522,0.00238,24.3561,3.5353612039724083
,,,,,,13229.0,-0.67522,0.00258,26.3775,3.4293821613464637
,,,,,,13230.0,-0.67708,0.00278,28.3935,3.42941100606562
,,,,,,13231.0,-0.67894,0.00297,30.3568,3.5687067501111587
,,,,,,13232.0,-0.67522,0.00317,32.3886,3.5224275076120093
,,,,,,13233.0,-0.67894,0.00337,34.4047,3.5489321958146514
,,,,,,13234.0,-0.67708,0.00357,36.4366,3.486601589733231
,,,,,,13235.0,-0.67708,0.00376,38.4526,3.5235954280459683
,,,,,,13236.0,-0.67708,0.00394,40.2364,3.5977712579920578
,,,,,,13238.0,-0.67522,0.00414,42.2578,3.5248668341521894
,,,,,,13239.0,-0.67708,0.00434,44.2896,3.4845468858917394
,,,,,,13240.0,-0.67522,0.00454,46.3268,3.3973327185588666
,,,,,,13241.0,-0.67708,0.00473,48.3428,3.5102105488071813
,,,,,,13242.0,-0.67708,0.00493,50.38,3.582674869157792
,,,,,,13243.0,-0.67708,0.00513,52.4171,3.4918744443091714
,,,,,,13244.0,-0.67522,0.00528,53.9318,3.4719342370859207
,,,,,,13244.0,-1.35975,0.00528,53.9318,3.4967173141500068
,,,,,,13245.0,-1.35603,0.00566,57.7739,3.4039861349482075
,,,,,,13246.0,-1.35603,0.00601,61.3891,3.3830737247224993
,,,,,,13247.0,-1.35417,0.00641,65.4212,3.4243270305227465
,,,,,,13248.0,-1.35417,0.0068,69.4955,3.4752857061508755
,,,,,,13249.0,-1.35231,0.0072,73.5698,3.4017498018581955
,,,,,,13250.0,-1.35417,0.0076,77.6388,3.3927108925296388
,,,,,,13251.0,-1.35417,0.008,81.7078,3.453935063793061
,,,,,,13252.0,-1.35417,0.00839,85.7399,3.482864650407709
,,,,,,13253.0,-1.35603,0.00874,89.3129,3.4578844867400944
,,,,,,13254.0,-1.35603,0.00914,93.3872,3.463959901034707
,,,,,,13255.0,-1.35417,0.00954,97.4562,3.4507025301897416
,,,,,,13256.0,-1.35603,0.00979,100.0,3.461773420404435
,,,,,,13256.0,-1.35603,0.00979,100.0,3.472325148824589
,,,,,,,,,,
,,,,,,13256.0,0.67708,0.0,0.0,3.541001573501516
,,,,,,13257.0,0.67894,0.0002,13.2928,3.44962833279511
,,,,,,13258.0,0.67894,0.00038,25.0,3.597957757676707
,,,,,,13259.0,0.67894,0.00058,38.0567,3.5488042676950657
,,,,,,13260.0,0.67894,0.00078,51.1134,3.629564220574207
,,,,,,13261.0,0.67894,0.00098,64.17,3.5892169830038205
,,,,,,13262.0,0.67894,0.00118,77.0918,3.4684961177842357
,,,,,,13263.0,0.67894,0.00136,88.529,3.5784799443386994
,,,,,,13264.0,0.67894,0.00153,100.0,3.5301385789652064
,,,,,,13264.0,0.0,0.00153,100.0,3.5489023139069222
,,,,,,13265.0,0.0,0.00153,100.0,3.4436692579637236
,,,,,,13266.0,0.0,0.00153,100.0,3.5807213880515727
,,,,,,13267.0,0.0,0.00153,100.0,3.515607986092465
,,,,,,13268.0,0.0,0.00153,100.0,3.415549515967901
,,,,,,13269.0,0.0,0.00153,100.0,3.4866992103510275
,,,,,,13270.0,0.0,0.00153,100.0,3.448308427645545
,,,,,,13271.0,0.0,0.00153,100.0,3.5705327863785974
,,,,,,13272.0,0.0,0.00153,100.0,3.4322088725280526
,,,,,,13273.0,0.0,0.00153,100.0,3.5233708273949964
,,,,,,13274.0,0.0,0.00153,100.0,3.490373762824226
,,,,,,13275.0,0.0,0.00153,100.0,3.529774085503647
,,,,,,13276.0,0.0,0.00153,100.0,3.5067428649478845
,,,,,,13277.0,0.0,0.00153,100.0,3.536344134176201
,,,,,,13278.0,0.0,0.00153,100.0,3.5386201024880606
,,,,,,13279.0,0.0,0.00153,100.0,3.40236786918742
,,,,,,13280.0,0.0,0.00153,100.0,3.4858192669939996
,,,,,,13280.0,0.0,0.00153,100.0,3.412828594419622
,,,,,,,,,,
,,,,,,13280.0,-0.67894,0.0,0.0,3.4278766644166456
,,,,,,13281.0,-0.67708,0.00021,0.9826,3.549386285909052
,,,,,,13282.0,-0.67522,0.0004,1.928,3.4867621197567633
,,,,,,13283.0,-0.67708,0.00058,2.7645,3.486950629034965
,,,,,,13284.0,-0.67894,0.00078,3.7198,3.4380208150883402
,,,,,,13285.0,-0.67522,0.00097,4.6653,3.4392259776278573
,,,,,,13286.0,-0.67708,0.00121,5.7914,3.487325018297732
,,,,,,13287.0,-0.67708,0.00139,6.6452,3.4727631582085348
,,,,,,13288.0,-0.67708,0.00159,7.6005,3.5855041212434906
,,,,,,13289.0,-0.67708,0.00179,8.5559,3.599688321387808
,,,,,,13290.0,-0.67894,0.00198,9.5013,3.488660002216051
,,,,,,13291.0,-0.67708,0.00218,10.4566,3.488651315984312
,,,,,,13292.0,-0.67708,0.00238,11.3922,3.483543429174105
,,,,,,13293.0,-0.67708,0.00259,12.392,3.4258863697277873
,,,,,,13294.0,-0.67522,0.00279,13.3474,3.474013204091832
,,,,,,13295.0,-0.67708,0.00298,14.2903,3.5399943270991643
,,,,,,13297.0,-0.67522,0.00317,15.164,3.479223176302896
,,,,,,13298.0,-0.67708,0.00336,16.0921,3.429512893344757
,,,,,,13299.0,-0.67708,0.00356,17.0474,3.4664880521264796
,,,,,,13300.0,-0.67708,0.00376,18.0027,3.506645263490522
,,,,,,13301.0,-0.67522,0.00396,18.9482,3.4841509973305844
,,,,,,13302.0,-0.67894,0.00415,19.8936,3.4783993488812612
,,,,,,13303.0,-0.67522,0.00434,20.7747,3.521958128554871
,,,,,,13304.0,-0.67894,0.00453,21.7201,3.582905988928597
,,,,,,13305.0,-0.67708,0.00474,22.6828,3.5401875697107195
,,,,,,13306.0,-0.67522,0.00492,23.5491,3.4607017426298645
,,,,,,13307.0,-0.67708,0.00511,24.4945,3.551627364420042
,,,,,,13308.0,-0.67708,0.00531,25.4473,3.470741909507316
,,,,,,13309.0,-0.67522,0.00551,26.4027,3.440314535224703
,,,,,,13310.0,-0.67708,0.00571,27.3481,3.4678074541700274
,,,,,,13311.0,-0.67708,0.00591,28.3034,3.492362197652225
,,,,,,13312.0,-0.67522,0.00611,29.2489,3.4880104220974055
,,,,,,13313.0,-0.67708,0.00631,30.2017,3.4839365559035342
,,,,,,13314.0,-0.67708,0.0065,31.157,3.4552914345424055
,,,,,,13315.0,-0.67336,0.0067,32.1025,3.55653561247305
,,,,,,13316.0,-0.67522,0.0069,33.0578,3.4977578141693955
,,,,,,13317.0,-0.67708,0.0071,34.0106,3.425747150612733
,,,,,,13319.0,-0.67708,0.0073,34.9585,3.5312304270944943
,,,,,,13320.0,-0.67708,0.0075,35.9139,3.487511410114194
,,,,,,13321.0,-0.67708,0.0077,36.8593,3.5859473201021372
,,,,,,13322.0,-0.67894,0.00789,37.8146,3.4239827063813033
,,,,,,13323.0,-0.67522,0.00809,38.7675,3.447348031482809
,,,,,,13324.0,-0.67708,0.00829,39.7104,3.478477071545841
,,,,,,13325.0,-0.67894,0.00849,40.6658,3.4380960354836088
,,,,,,13326.0,-0.67522,0.00869,41.6211,3.520584270824513
,,,,,,13327.0,-0.67522,0.00888,42.5393,3.4436001200122734
,,,,,,13328.0,-0.67708,0.00908,43.4921,3.4589896006224077
,,,,,,13329.0,-0.67894,0.00928,44.4475,3.485305513151913
,,,,,,13330.0,-0.67708,0.00948,45.3929,3.5023632889457845
,,,,,,13331.0,-0.67708,0.00968,46.3482,3.51768505492303
,,,,,,13332.0,-0.67708,0.00987,47.2763,3.4954595536683035
,,,,,,13333.0,-0.67708,0.01007,48.249,3.440893445332378
,,,,,,13334.0,-0.67708,0.01027,49.1944,3.5105336982169346
,,,,,,13335.0,-0.67522,0.01045,50.0309,3.4333391075577335
,,,,,,13336.0,-0.67708,0.01064,50.9863,3.5587789511149417
,,,,,,13337.0,-0.67894,0.01084,51.9243,3.418748734586143
,,,,,,13338.0,-0.67522,0.01104,52.8771,3.4477412841967494
,,,,,,13339.0,-0.67522,0.01124,53.8225,3.473844578517727
,,,,,,13340.0,-0.67708,0.01144,54.7779,3.478041101679232
,,,,,,13342.0,-0.67708,0.01164,55.7307,3.5448770322114416
,,,,,,13343.0,-0.67708,0.01183,56.6861,3.5101307768842056
,,,,,,13344.0,-0.67708,0.01203,57.6315,3.522493436175274
,,,,,,13345.0,-0.67894,0.01222,58.5324,3.5867032053565033
,,,,,,13346.0,-0.67894,0.01241,59.4233,3.491980045572738
,,,,,,13347.0,-0.67708,0.01261,60.3787,3.4386176148824363
,,,,,,13348.0,-0.67522,0.0128,61.3315,3.4795332517153437
,,,,,,13349.0,-0.67708,0.013,62.277,3.5380332977871993
,,,,,,13350.0,-0.67522,0.0132,63.2298,3.571618763731141
,,,,,,13351.0,-0.67708,0.0134,64.1851,3.4570956285495678
,,,,,,13352.0,-0.67522,0.0136,65.138,3.4812970306486304
,,,,,,13353.0,-0.67522,0.0138,66.0859,3.5280021336075453
,,,,,,13354.0,-0.67894,0.014,67.0412,3.5347020019932858
,,,,,,13355.0,-0.67708,0.01419,67.9495,3.37256524458319
,,,,,,13356.0,-0.67522,0.01439,68.9048,3.474232467439586
,,,,,,13357.0,-0.67708,0.01458,69.8577,3.4309970742739075
,,,,,,13358.0,-0.67708,0.01478,70.8006,3.567560966270001
,,,,,,13359.0,-0.67894,0.01498,71.756,3.31096714721767
,,,,,,13360.0,-0.67522,0.01518,72.7014,3.503219922062141
,,,,,,13361.0,-0.67708,0.01538,73.6567,3.4543079520389126
,,,,,,13362.0,-0.67894,0.01558,74.6121,3.481094174690312
,,,,,,13364.0,-0.67708,0.01578,75.5674,3.447525483278486
,,,,,,13365.0,-0.67522,0.01597,76.5128,3.478893135427735
,,,,,,13366.0,-0.67708,0.01617,77.4582,3.434002961430182
,,,,,,13367.0,-0.67522,0.01637,78.4111,3.462357199672328
,,,,,,13367.0,-1.35231,0.01637,78.4111,3.4418196896676228
,,,,,,13368.0,-1.35417,0.01676,80.2846,3.426307862380039
,,,,,,13369.0,-1.35417,0.01716,82.1953,3.5363270289687962
,,,,,,13370.0,-1.35603,0.01756,84.0886,3.4637531518063556
,,,,,,13371.0,-1.35417,0.01795,85.9795,3.4671004798166436
,,,,,,13372.0,-1.35603,0.01835,87.8876,3.4692193530085715
,,,,,,13373.0,-1.35231,0.01875,89.7983,3.473942630888347
,,,,,,13374.0,-1.35417,0.01914,91.6916,3.452286075181408
,,,,,,13375.0,-1.35603,0.01954,93.6023,3.424892389283345
,,,,,,13376.0,-1.35417,0.01994,95.5129,3.472942530659207
,,,,,,13377.0,-1.35417,0.02034,97.4038,3.477948054698648
,,,,,,13378.0,-1.35789,0.02073,99.2798,3.422685826171033
,,,,,,13379.0,-1.35417,0.02088,100.0,3.4579962123834647
,,,,,,13379.0,-1.35417,0.02088,100.0,3.4408548655786895
,,,,,,,,,,
,,,,,,13379.0,0.67894,0.0,0.0,3.415437031980216
,,,,,,13380.0,0.67894,0.0002,12.861,3.492916591507198
,,,,,,13381.0,0.67894,0.00039,25.3862,3.5005899609156783
,,,,,,13382.0,0.67894,0.00059,38.2471,3.5759874196694366
,,,,,,13383.0,0.67894,0.00079,51.1081,3.572076321479801
,,,,,,13384.0,0.67894,0.00099,64.3385,3.4349913885176298
,,,,,,13385.0,0.67894,0.00117,76.2257,3.597245662121417
,,,,,,13386.0,0.67894,0.00137,89.221,3.4512132646477074
,,,,,,13387.0,0.67894,0.00154,100.0,3.5724539950274328
,,,,,,13387.0,0.0,0.00154,100.0,3.4996656238967145
,,,,,,13388.0,0.0,0.00154,100.0,3.501212398662267
,,,,,,13389.0,0.0,0.00154,100.0,3.6037613712511987
,,,,,,13390.0,0.0,0.00154,100.0,3.4548550121059782
,,,,,,13391.0,0.0,0.00154,100.0,3.474884239360382
,,,,,,13392.0,0.0,0.00154,100.0,3.427734389062152
,,,,,,13393.0,0.0,0.00154,100.0,3.4752736868958167
,,,,,,13394.0,0.0,0.00154,100.0,3.5662753161095133
,,,,,,13395.0,0.0,0.00154,100.0,3.4909268801916364
,,,,,,13396.0,0.0,0.00154,100.0,3.5160645397024246
,,,,,,13397.0,0.0,0.00154,100.0,3.516820435705747
,,,,,,13398.0,0.0,0.00154,100.0,3.545743360322375
,,,,,,13399.0,0.0,0.00154,100.0,3.5258734002263603
,,,,,,13400.0,0.0,0.00154,100.0,3.61543447664397
,,,,,,13401.0,0.0,0.00154,100.0,3.54648844601773
,,,,,,13402.0,0.0,0.00154,100.0,3.4852182784410353
,,,,,,13403.0,0.0,0.00154,100.0,3.5631423530834034
,,,,,,13403.0,0.0,0.00154,100.0,3.439615761494103
,,,,,,,,,,
,,,,,,13403.0,-0.67894,0.0,0.0,3.478478893140536
,,,,,,13404.0,-0.67522,0.00019,0.4704,3.400706648655409
,,,,,,13405.0,-0.67708,0.00039,0.9546,3.568864438691317
,,,,,,13406.0,-0.67894,0.00059,1.4338,3.4558788874757362
,,,,,,13407.0,-0.67894,0.00079,1.918,3.5861003890311896
,,,,,,13408.0,-0.67708,0.00099,2.401,3.457916916532921
,,,,,,13409.0,-0.67522,0.00118,2.8764,3.4974992142656296
,,,,,,13410.0,-0.67708,0.00138,3.3543,3.5149095634804928
,,,,,,13411.0,-0.67894,0.00158,3.8385,3.4946347849868116
,,,,,,13412.0,-0.67708,0.00178,4.3177,3.465778447805275
,,,,,,13413.0,-0.67522,0.00198,4.8019,3.5266309718699826
,,,,,,13414.0,-0.67522,0.00217,5.2799,3.4974239905200712
,,,,,,13415.0,-0.67708,0.00236,5.7365,3.467181256942655
,,,,,,13416.0,-0.67708,0.00255,6.1981,3.5598248029754984
,,,,,,13418.0,-0.67708,0.00275,6.6685,3.432341022695756
,,,,,,13419.0,-0.67522,0.00295,7.1527,3.5517235841455053
,,,,,,13420.0,-0.67708,0.00314,7.6319,3.4635256143464868
,,,,,,13421.0,-0.67708,0.00334,8.1161,3.470242033168651
,,,,,,13422.0,-0.67708,0.00354,8.5991,3.4378322509455335
,,,,,,13423.0,-0.67894,0.00374,9.0795,3.3695972875162425
,,,,,,13424.0,-0.67522,0.00394,9.5637,3.464970028810445
,,,,,,13425.0,-0.67708,0.00414,10.0467,3.5217195276785214
,,,,,,13426.0,-0.67708,0.00434,10.5271,3.4571121464341688
,,,,,,13427.0,-0.67708,0.00454,11.0113,3.481775593890579
,,,,,,13428.0,-0.67522,0.00473,11.4943,3.4991520717796143
,,,,,,13429.0,-0.67708,0.00494,11.9885,3.427516267513145
,,,,,,13430.0,-0.67708,0.00513,12.4539,3.563048908492997
,,,,,,13431.0,-0.67336,0.00533,12.9331,3.5925699758919007
,,,,,,13432.0,-0.67708,0.00553,13.4173,3.508083225704797
,,,,,,13433.0,-0.67708,0.00573,13.9015,3.5115246833866056
,,,,,,13434.0,-0.67708,0.00592,14.3807,3.5046030039324596
,,,,,,13435.0,-0.67522,0.0061,14.8047,3.475667229071136
,,,,,,13436.0,-0.67336,0.0063,15.2889,3.4885395431861803
,,,,,,13437.0,-0.67894,0.0065,15.7693,3.5067306188866794
,,,,,,13438.0,-0.67894,0.0066,16.0114,3.459613163016458
,,,,,,13438.0,-5.39993,0.0066,16.0114,3.2994259297730264
,,,,,,13439.0,-5.40551,0.00799,19.4034,3.214918398643148
,,,,,,13440.0,-5.40923,0.00958,23.2695,3.366502712567701
,,,,,,13441.0,-5.40365,0.01116,27.0993,3.3084517316765463
,,,,,,13442.0,-5.40551,0.01268,30.7823,3.192945804459809
,,,,,,13443.0,-5.41295,0.01426,34.6133,3.3757567034092193
,,,,,,13444.0,-5.40551,0.01585,38.4794,3.272322416744049
,,,,,,13445.0,-5.40551,0.01744,42.3443,3.2876643446952483
,,,,,,13446.0,-5.40923,0.01863,45.2244,3.287237906015297
,,,,,,13446.0,-3.37426,0.01863,45.2244,3.266204969470621
,,,,,,13447.0,-3.37798,0.01962,47.6392,3.3389989565782883
,,,,,,13448.0,-3.37984,0.0205,49.7604,3.335689823475302
,,,,,,13449.0,-3.37798,0.0215,52.199,3.4203373895802147
,,,,,,13450.0,-3.37984,0.02241,54.4093,3.3628438524805033
,,,,,,13451.0,-3.3817,0.02342,56.8479,3.3793190705645038
,,,,,,13452.0,-3.37984,0.0243,58.9917,3.366280343733012
,,,,,,13453.0,-3.38356,0.02529,61.4077,3.4488782529447115
,,,,,,13454.0,-3.3817,0.02628,63.8012,3.383280540545719
,,,,,,13455.0,-3.3817,0.02728,66.2172,3.3501907645094158
,,,,,,13456.0,-3.37984,0.02827,68.6344,3.187849843572216
,,,,,,13457.0,-3.37984,0.02926,71.0279,3.3855579679089005
,,,,,,13458.0,-3.37984,0.03036,73.7174,3.3286421454341713
,,,,,,13459.0,-3.37798,0.0313,75.9966,3.3625860020684817
,,,,,,13460.0,-3.38542,0.0323,78.4139,3.4318374811391696
,,,,,,13462.0,-3.3817,0.03329,80.8299,3.3829548040737327
,,,,,,13463.0,-3.3817,0.03428,83.2234,3.3144666009810715
,,,,,,13464.0,-3.37798,0.03528,85.6394,3.3766800069343064
,,,,,,13465.0,-3.37798,0.03626,88.0316,3.4136300531505612
,,,,,,13466.0,-3.37798,0.03726,90.4476,3.332567012745156
,,,,,,13467.0,-3.38356,0.03825,92.8649,3.424429285316899
,,,,,,13468.0,-3.3817,0.03921,95.1893,3.2441727932836297
,,,,,,13469.0,-3.37984,0.0402,97.6066,3.3688948708394397
,,,,,,13470.0,-3.37984,0.04119,100.0,3.3481385043001186
,,,,,,13470.0,-3.37984,0.04119,100.0,3.3817731673822626
,,,,,,,,,,
,,,,,,13470.0,1.35789,0.0,0.0,3.4840784668933837
,,,,,,13471.0,1.35417,0.0004,13.1943,3.4775105022097677
,,,,,,13472.0,1.35417,0.00077,25.3803,3.5371463102994585
,,,,,,13473.0,1.35231,0.00118,39.1728,3.5232628072301133
,,,,,,13474.0,1.35417,0.00158,52.3671,3.587044463861914
,,,,,,13475.0,1.35417,0.00198,65.5443,3.561180575930192
,,,,,,13476.0,1.35417,0.00238,78.619,3.4971151195003882
,,,,,,13477.0,1.35231,0.00278,91.7963,3.461625314066094
,,,,,,13478.0,1.35231,0.00302,100.0,3.469275171717376
,,,,,,13478.0,1.35231,0.00302,100.0,3.547854209559221
,,,,,,,,,,
,,,,,,13478.0,-1.34115,0.0,0.0,3.42978616164443
,,,,,,13479.0,-1.35417,0.00037,3.0964,3.377148201315246
,,,,,,13480.0,-1.35231,0.00077,6.4076,3.4525081980041903
,,,,,,13481.0,-1.35231,0.00117,9.723,3.351546864297178
,,,,,,13482.0,-1.35789,0.00157,13.0084,3.3874124487174546
,,,,,,13483.0,-1.35231,0.00193,16.0404,3.523543153938281
,,,,,,13484.0,-1.35603,0.00233,19.3859,3.353348125328253
,,,,,,13485.0,-1.35231,0.00273,22.667,3.551812539711652
,,,,,,13486.0,-1.35789,0.00313,25.9781,3.568496340445942
,,,,,,13487.0,-1.35231,0.00352,29.2935,3.386579254440844
,,,,,,13488.0,-1.35417,0.00392,32.5789,3.4684504915977548
,,,,,,13489.0,-1.35603,0.00427,35.4821,3.4081858756073617
,,,,,,13491.0,-1.35603,0.00471,39.1711,3.4504952074386352
,,,,,,13492.0,-1.35603,0.00509,42.2676,3.3676986329988736
,,,,,,13493.0,-1.35417,0.00548,45.583,3.45528255536719
,,,,,,13494.0,-1.35231,0.00588,48.8941,3.4547892659473542
,,,,,,13495.0,-1.35603,0.00628,52.1795,3.3840704059585187
,,,,,,13496.0,-1.35231,0.00668,55.495,3.35345267678399
,,,,,,13497.0,-1.35045,0.00708,58.8061,3.436511703449074
,,,,,,13498.0,-1.35045,0.00747,62.0829,3.3975227946400848
,,,,,,13499.0,-1.35417,0.00787,65.3983,3.3374057631213976
,,,,,,13500.0,-1.35417,0.00829,68.8684,3.4764952183350855
,,,,,,13501.0,-1.35231,0.00865,71.9304,3.433404346480431
,,,,,,13502.0,-1.35417,0.00905,75.2459,3.355681180306085
,,,,,,13503.0,-1.35417,0.00945,78.5613,3.3876422062612765
,,,,,,13504.0,-1.35603,0.00985,81.8424,3.38572393436845
,,,,,,13505.0,-1.35231,0.01025,85.1578,3.4599973508583592
,,,,,,13506.0,-1.35417,0.01064,88.4389,3.3898344038996915
,,,,,,13507.0,-1.35231,0.01104,91.7501,3.336582094722748
,,,,,,13508.0,-1.35417,0.01144,95.0612,3.5075793079825797
,,,,,,13509.0,-1.35603,0.01183,98.3423,3.462305775509423
,,,,,,13510.0,-1.35417,0.01203,100.0,3.4725931137699977
,,,,,,13510.0,-1.35417,0.01203,100.0,3.4185438715547276
,,,,,,,,,,
,,,,,,13510.0,2.70461,0.0,0.0,3.51659590076304
,,,,,,13511.0,2.70647,0.00079,12.9793,3.5141527714093375
,,,,,,13512.0,2.70275,0.00159,26.1707,3.6122659586620802
,,,,,,13513.0,2.70461,0.00232,38.149,3.633061318534484
,,,,,,13514.0,2.70833,0.00311,51.1113,3.604746520678993
,,,,,,13515.0,2.70647,0.00391,64.2009,3.4995364894877636
,,,,,,13516.0,2.70833,0.0047,77.1547,3.614919035401563
,,,,,,13517.0,2.70461,0.0055,90.2443,3.656208308199709
,,,,,,13518.0,2.70461,0.00609,100.0,3.535624457306141
,,,,,,13518.0,0.0,0.00609,100.0,3.526263643475755
,,,,,,13519.0,0.0,0.00609,100.0,3.4984904909330172
,,,,,,13520.0,0.0,0.00609,100.0,3.5300675471079597
,,,,,,13521.0,0.0,0.00609,100.0,3.433551943722544
,,,,,,13522.0,0.0,0.00609,100.0,3.538038060312093
,,,,,,13523.0,0.0,0.00609,100.0,3.501007651046184
,,,,,,13524.0,0.0,0.00609,100.0,3.4790536741789744
,,,,,,13525.0,0.0,0.00609,100.0,3.391165780564755
,,,,,,13526.0,0.0,0.00609,100.0,3.4633807525392815
,,,,,,13527.0,0.0,0.00609,100.0,3.483773034841121
,,,,,,13528.0,0.0,0.00609,100.0,3.5626965120540195
,,,,,,13530.0,0.0,0.00609,100.0,3.5073393059471103
,,,,,,13531.0,0.0,0.00609,100.0,3.549705296586499
,,,,,,13532.0,0.0,0.00609,100.0,3.595908722461593
,,,,,,13533.0,0.0,0.00609,100.0,3.4843794800249115
,,,,,,13534.0,0.0,0.00609,100.0,3.6289592724864854
,,,,,,13535.0,0.0,0.00609,100.0,3.425537046238535
,,,,,,13536.0,0.0,0.00609,100.0,3.525011319168066
,,,,,,13537.0,0.0,0.00609,100.0,3.473783246536087
,,,,,,13538.0,0.0,0.00609,100.0,3.5139447427796036
,,,,,,13539.0,0.0,0.00609,100.0,3.53039837684309
,,,,,,13540.0,0.0,0.00609,100.0,3.5259392162789838
,,,,,,13541.0,0.0,0.00609,100.0,3.512255427095497
,,,,,,13542.0,0.0,0.00609,100.0,3.5536932552894407
,,,,,,13543.0,0.0,0.00609,100.0,3.4571470605431096
,,,,,,13544.0,0.0,0.00609,100.0,3.4908721407631824
,,,,,,13545.0,0.0,0.00609,100.0,3.537329629237191
,,,,,,13546.0,0.0,0.00609,100.0,3.5463169178575398
,,,,,,13547.0,0.0,0.00609,100.0,3.558547065482384
,,,,,,13548.0,0.0,0.00609,100.0,3.4731390009362486
,,,,,,13549.0,0.0,0.00609,100.0,3.4530839810138745
,,,,,,13550.0,0.0,0.00609,100.0,3.3876863961062265
,,,,,,13552.0,0.0,0.00609,100.0,3.53389156382821
,,,,,,13553.0,0.0,0.00609,100.0,3.5330701622650387
,,,,,,13554.0,0.0,0.00609,100.0,3.5010944948210416
,,,,,,13555.0,0.0,0.00609,100.0,3.4609067681371166
,,,,,,13556.0,0.0,0.00609,100.0,3.441464488360114
,,,,,,13557.0,0.0,0.00609,100.0,3.5320141705586106
,,,,,,13558.0,0.0,0.00609,100.0,3.530127970818439
,,,,,,13559.0,0.0,0.00609,100.0,3.449842673818169
,,,,,,13560.0,0.0,0.00609,100.0,3.428451918671757
,,,,,,13561.0,0.0,0.00609,100.0,3.4605925078435096
,,,,,,13562.0,0.0,0.00609,100.0,3.458598578321848
,,,,,,13563.0,0.0,0.00609,100.0,3.4468081695745596
,,,,,,13564.0,0.0,0.00609,100.0,3.5319206934613714
,,,,,,13565.0,0.0,0.00609,100.0,3.509405074646313
,,,,,,13566.0,0.0,0.00609,100.0,3.5120052159361093
,,,,,,13567.0,0.0,0.00609,100.0,3.4844254514259196
,,,,,,13568.0,0.0,0.00609,100.0,3.429736018553551
,,,,,,13569.0,0.0,0.00609,100.0,3.473986200398395
,,,,,,13570.0,0.0,0.00609,100.0,3.524112209243688
,,,,,,13571.0,0.0,0.00609,100.0,3.5200877244101734
,,,,,,13572.0,0.0,0.00609,100.0,3.49380992087905
,,,,,,13573.0,0.0,0.00609,100.0,3.5327602074227493
,,,,,,13573.0,0.0,0.00609,100.0,3.4051256207710234
,,,,,,,,,,
,,,,,,13573.0,-0.67894,0.0,0.0,3.5254715073659617
,,,,,,13574.0,-0.67894,0.00018,1.8769,3.4192914678002193
,,,,,,13575.0,-0.67522,0.00038,3.9121,3.430884311812317
,,,,,,13576.0,-0.67522,0.00058,5.9419,3.4139521532691237
,,,,,,13577.0,-0.67708,0.00078,7.9559,3.522805849708103
,,,,,,13578.0,-0.67708,0.00098,9.9699,3.467267530007805
,,,,,,13579.0,-0.67522,0.00118,11.9998,3.565542134209992
,,,,,,13580.0,-0.67708,0.00137,14.0191,3.488086776085069
,,,,,,13581.0,-0.67708,0.00157,16.0489,3.4212471879993926
,,,,,,13582.0,-0.67522,0.00177,18.084,3.431811744594208
,,,,,,13584.0,-0.67894,0.00197,20.0981,3.4038760993878974
,,,,,,13585.0,-0.67708,0.00217,22.1332,3.5640935803557814
,,,,,,13586.0,-0.67708,0.00236,24.0523,3.4943563478620425
,,,,,,13587.0,-0.67708,0.00255,26.0294,3.526704956897868
,,,,,,13588.0,-0.67522,0.00276,28.1805,3.4700541778082306
,,,,,,13589.0,-0.67522,0.00294,30.0258,3.4888504543702608
,,,,,,13590.0,-0.67708,0.00314,32.0557,3.444170475467407
,,,,,,13591.0,-0.67708,0.00334,34.0908,3.3597023179381855
,,,,,,13592.0,-0.67708,0.00354,36.1259,3.5082755607104357
,,,,,,13593.0,-0.67522,0.00374,38.1399,3.445834851525295
,,,,,,13594.0,-0.67522,0.00394,40.1698,3.494430131110704
,,,,,,13595.0,-0.67894,0.00414,42.2049,3.5445646120716807
,,,,,,13596.0,-0.67708,0.00433,44.2189,3.4348130953578244
,,,,,,13597.0,-0.67522,0.00453,46.2487,3.4642797670025383
,,,,,,13598.0,-0.67708,0.00473,48.2839,3.4847513122249216
,,,,,,13599.0,-0.67894,0.00493,50.2979,3.4617079460386284
,,,,,,13600.0,-0.67894,0.00513,52.3383,3.5310860625348597
,,,,,,13601.0,-0.67708,0.00525,53.6036,3.4922928132560234
,,,,,,13601.0,-1.34673,0.00525,53.6036,3.462987443211966
,,,,,,13602.0,-1.35417,0.00563,57.4366,3.4270010742229555
,,,,,,13603.0,-1.35417,0.00603,61.5016,3.439959828431001
,,,,,,13604.0,-1.35417,0.00643,65.5718,3.4114894085122014
,,,,,,13605.0,-1.35231,0.00682,69.6051,3.3968540012851363
,,,,,,13606.0,-1.35045,0.00722,73.6701,3.405557322716932
,,,,,,13607.0,-1.35417,0.00761,77.6981,3.518882288803095
,,,,,,13608.0,-1.35417,0.00801,81.7631,3.4452411827930343
,,,,,,13609.0,-1.35231,0.00841,85.7911,3.5028777315302317
,,,,,,13611.0,-1.35231,0.00881,89.8666,3.3550373146620354
,,,,,,13612.0,-1.35231,0.0092,93.8947,3.4193017013502534
,,,,,,13613.0,-1.35603,0.0096,97.9649,3.409057921149385
,,,,,,13613.0,-1.35231,0.0098,100.0,3.3837780443761507
,,,,,,13613.0,-1.35231,0.0098,100.0,3.4978996267183162
,,,,,,,,,,
,,,,,,13613.0,0.67894,0.0,0.0,3.561020962424481
,,,,,,13614.0,0.67894,0.00019,12.47,3.4335301449546374
,,,,,,13615.0,0.67894,0.00039,25.728,3.4499461425012243
,,,,,,13616.0,0.67708,0.00059,38.986,3.5198951462135337
,,,,,,13617.0,0.67894,0.00079,52.1069,3.481534210685314
,,,,,,13618.0,0.67894,0.00099,65.3649,3.519020396837947
,,,,,,13619.0,0.67894,0.00118,78.4858,3.468544546048605
,,,,,,13620.0,0.67894,0.00138,91.7437,3.4352234917146407
,,,,,,13621.0,0.67894,0.00151,100.0,3.514552005934959
,,,,,,13621.0,0.0,0.00151,100.0,3.49499869220741
,,,,,,13622.0,0.0,0.00151,100.0,3.5009434457481214
,,,,,,13623.0,0.0,0.00151,100.0,3.4990872891015585
,,,,,,13624.0,0.0,0.00151,100.0,3.4819988367715613
,,,,,,13625.0,0.0,0.00151,100.0,3.5689680729107542
,,,,,,13626.0,0.0,0.00151,100.0,3.5059061990318634
,,,,,,13627.0,0.0,0.00151,100.0,3.4949148539181856
,,,,,,13628.0,0.0,0.00151,100.0,3.501099634118089
,,,,,,13629.0,0.0,0.00151,100.0,3.6058108323853784
,,,,,,13631.0,0.0,0.00151,100.0,3.475802110643934
,,,,,,13632.0,0.0,0.00151,100.0,3.4542154494921156
,,,,,,13633.0,0.0,0.00151,100.0,3.592554908308647
,,,,,,13634.0,0.0,0.00151,100.0,3.4810822525102303
,,,,,,13635.0,0.0,0.00151,100.0,3.4997279885126438
,,,,,,13636.0,0.0,0.00151,100.0,3.473470900346369
,,,,,,13637.0,0.0,0.00151,100.0,3.4395551709561287
,,,,,,13637.0,0.0,0.00151,100.0,3.362677231754162
,,,,,,13637.0,0.0,0.00151,100.0,3.542966106333797
,,,,,,,,,,
,,,,,,13637.0,-0.67522,0.0,0.0,3.448769217460594
,,,,,,13638.0,-0.67522,0.0002,0.953,3.4569873301165073
,,,,,,13639.0,-0.67708,0.0004,1.9036,3.54768457773112
,,,,,,13640.0,-0.67894,0.0006,2.8542,3.470014464142985
,,,,,,13641.0,-0.67522,0.0008,3.7998,3.337789409078974
,,,,,,13642.0,-0.67708,0.00099,4.7529,3.553708550829809
,,,,,,13643.0,-0.67522,0.00121,5.7651,3.5152134457730893
,,,,,,13644.0,-0.67708,0.00139,6.6194,3.4694824103546615
,,,,,,13646.0,-0.67894,0.00158,7.5725,3.509818257634599
,,,,,,13647.0,-0.67522,0.00178,8.5156,3.397982782234011
,,,,,,13648.0,-0.67708,0.00198,9.4662,3.5183065720941444
,,,,,,13649.0,-0.67708,0.00218,10.4192,3.5319678854598457
,,,,,,13650.0,-0.67894,0.00239,11.4266,3.410392644057023
,,,,,,13651.0,-0.67894,0.00258,12.3352,3.4520861968585206
,,,,,,13652.0,-0.67708,0.00278,13.2784,3.4461644466715238
,,,,,,13653.0,-0.67708,0.00295,14.1154,3.441776097909802
,,,,,,13654.0,-0.67708,0.00315,15.0659,3.4326980070682453
,,,,,,13655.0,-0.67708,0.00336,16.0634,3.55535016971983
,,,,,,13656.0,-0.67522,0.00356,17.014,3.485115082148103
,,,,,,13657.0,-0.67708,0.00376,17.9596,3.5262958585151236
,,,,,,13658.0,-0.67522,0.00396,18.9126,3.4422524619833976
,,,,,,13659.0,-0.67708,0.00418,19.9743,3.513771280226518
,,,,,,13660.0,-0.67708,0.00438,20.9175,3.451226056602389
,,,,,,13661.0,-0.67894,0.00458,21.8705,3.501136316819064
,,,,,,13662.0,-0.67894,0.00478,22.8236,3.443184148033243
,,,,,,13664.0,-0.67894,0.00496,23.705,3.4763186464931146
,,,,,,13665.0,-0.67708,0.00517,24.7198,3.4799204855481705
,,,,,,13666.0,-0.67708,0.00537,25.6703,3.5152977802724905
,,,,,,13667.0,-0.67522,0.00557,26.6135,3.498570638653773
,,,,,,13668.0,-0.67522,0.00577,27.5665,3.522160217370476
,,,,,,13669.0,-0.67708,0.00597,28.5171,3.4977794968217752
,,,,,,13670.0,-0.67708,0.00617,29.4627,3.4158467867771463
,,,,,,13671.0,-0.67708,0.00637,30.4158,3.5394409490211514
,,,,,,13672.0,-0.67708,0.00656,31.3589,3.4925688611696217
,,,,,,13673.0,-0.67708,0.00676,32.312,3.40020463021667
,,,,,,13674.0,-0.67522,0.00696,33.2601,3.3887558133329243
,,,,,,13675.0,-0.67708,0.00716,34.2033,3.5661529811210855
,,,,,,13676.0,-0.67708,0.00736,35.1563,3.421736168795101
,,,,,,13677.0,-0.67708,0.00756,36.1093,3.445793564027249
,,,,,,13678.0,-0.67708,0.00775,37.0525,3.417325396231101
,,,,,,13679.0,-0.67522,0.00795,38.0055,3.4147801233823905
,,,,,,13680.0,-0.67708,0.00815,38.9586,3.4730676837826495
,,,,,,13681.0,-0.67708,0.00835,39.9017,3.518216454545315
,,,,,,13682.0,-0.67708,0.00853,40.7363,3.4068336914512596
,,,,,,13683.0,-0.67708,0.00872,41.6893,3.506959687957333
,,,,,,13685.0,-0.67708,0.00892,42.6349,3.44100414019838
,,,,,,13686.0,-0.67894,0.00912,43.588,3.5244837374461895
,,,,,,13687.0,-0.6715,0.00932,44.541,3.4620627285879895
,,,,,,13688.0,-0.67708,0.00952,45.4916,3.4579728692134473
,,,,,,13689.0,-0.67708,0.00972,46.4372,3.5239962583181925
,,,,,,13690.0,-0.67708,0.0099,47.3162,3.437811904354795
,,,,,,13691.0,-0.67708,0.01011,48.2865,3.4945972915480397
,,,,,,13692.0,-0.67708,0.0103,49.2395,3.4845684909287793
,,,,,,13693.0,-0.67708,0.0105,50.1852,3.4678627776380533
,,,,,,13694.0,-0.67894,0.01068,51.0197,3.4191337644541457
,,,,,,13695.0,-0.67522,0.01088,51.9727,3.3841428924691987
,,,,,,13696.0,-0.67708,0.01107,52.8789,3.494294957760862
,,,,,,13697.0,-0.67522,0.01127,53.8319,3.4234333447216745
,,,,,,13698.0,-0.67522,0.01146,54.7751,3.3791777746223004
,,,,,,13699.0,-0.67708,0.01166,55.7256,3.4181529128325328
,,,,,,13700.0,-0.67522,0.01186,56.6787,3.4082859167195014
,,,,,,13701.0,-0.67522,0.01206,57.6218,3.4429365907200746
,,,,,,13702.0,-0.67336,0.01227,58.6366,3.5171571536218558
,,,,,,13703.0,-0.67708,0.01247,59.5798,3.5005027886721547
,,,,,,13704.0,-0.67522,0.01266,60.5155,3.479146341863669
,,,,,,13705.0,-0.67708,0.01286,61.4686,3.449989892604275
,,,,,,13706.0,-0.67708,0.01306,62.4117,3.4999353564987414
,,,,,,13707.0,-0.67522,0.01324,63.2463,3.3901603283121515
,,,,,,13709.0,-0.67708,0.01344,64.1993,3.4518527531558565
,,,,,,13710.0,-0.67708,0.01363,65.1425,3.4306933844232015
,,,,,,13711.0,-0.67522,0.01383,66.093,3.4177094033144697
,,,,,,13712.0,-0.67894,0.01403,67.0461,3.531218342400729
,,,,,,13713.0,-0.67708,0.01423,68.0016,3.44538683368627
,,,,,,13714.0,-0.6715,0.01443,68.9447,3.4524203312586006
,,,,,,13715.0,-0.67522,0.01463,69.8978,3.5077549671304715
,,,,,,13716.0,-0.67894,0.01483,70.8508,3.5263332679609762
,,,,,,13717.0,-0.67522,0.01503,71.8039,3.4349077958101795
,,,,,,13718.0,-0.67708,0.01522,72.747,3.428637626411695
,,,,,,13719.0,-0.67894,0.01542,73.7001,3.487288400217934
,,,,,,13720.0,-0.67708,0.01562,74.6531,3.4939253375120924
,,,,,,13721.0,-0.67894,0.01582,75.6037,3.438440733347196
,,,,,,13722.0,-0.67708,0.01602,76.5567,3.448296225186328
,,,,,,13723.0,-0.67522,0.01622,77.4999,3.511316926926615
,,,,,,13724.0,-0.67894,0.01637,78.2184,3.4520036701785135
,,,,,,13724.0,-1.35975,0.01637,78.2184,3.37976457815141
,,,,,,13725.0,-1.35603,0.01676,80.0899,3.540419804690725
,,,,,,13726.0,-1.35417,0.01718,82.0824,3.481057524285052
,,,,,,13727.0,-1.35231,0.01757,83.9514,3.484788419170094
,,,,,,13728.0,-1.35231,0.01797,85.8575,3.4346795443097564
,,,,,,13729.0,-1.35603,0.01836,87.7438,3.461822210404103
,,,,,,13730.0,-1.35603,0.01876,89.645,3.3864134909167514
,,,,,,13732.0,-1.35603,0.01916,91.551,3.367443565623366
,,,,,,13733.0,-1.35417,0.01955,93.4398,3.529361108457264
,,,,,,13734.0,-1.35417,0.01995,95.3434,3.4819993531994466
,,,,,,13735.0,-1.35417,0.02031,97.0693,3.393930996003444
,,,,,,13736.0,-1.35417,0.02073,99.047,3.369509409967703
,,,,,,13736.0,-1.35603,0.02093,100.0,3.3835380421398336
,,,,,,13736.0,-1.35603,0.02093,100.0,3.517016918382837
,,,,,,,,,,
,,,,,,13736.0,0.6808,0.0,0.0,3.489513159022109
,,,,,,13737.0,0.6808,0.00019,12.6785,3.434632909476596
,,,,,,13738.0,0.6808,0.00037,24.5071,3.4954824579257653
,,,,,,13739.0,0.6808,0.00057,37.5595,3.4570545875801235
,,,,,,13740.0,0.6808,0.00077,50.6458,3.443930969326079
,,,,,,13741.0,0.6808,0.00097,63.8001,3.428083184890101
,,,,,,13742.0,0.6808,0.00117,76.9884,3.5667091701537785
,,,,,,13743.0,0.6808,0.00137,90.1768,3.581712050948963
,,,,,,13744.0,0.6808,0.00152,100.0,3.5326808702194645
,,,,,,13744.0,0.0,0.00152,100.0,3.40047029847778
,,,,,,13745.0,0.0,0.00152,100.0,3.534766895889963
,,,,,,13746.0,0.0,0.00152,100.0,3.559803797555252
,,,,,,13747.0,0.0,0.00152,100.0,3.465220150980199
,,,,,,13748.0,0.0,0.00152,100.0,3.510498392496228
,,,,,,13749.0,0.0,0.00152,100.0,3.4797048245057836
,,,,,,13750.0,0.0,0.00152,100.0,3.4246314320392868
,,,,,,13751.0,0.0,0.00152,100.0,3.498261306119387
,,,,,,13753.0,0.0,0.00152,100.0,3.5586150432953163
,,,,,,13754.0,0.0,0.00152,100.0,3.4656086842531546
,,,,,,13755.0,0.0,0.00152,100.0,3.4626617574988696
,,,,,,13756.0,0.0,0.00152,100.0,3.5278327735855535
,,,,,,13757.0,0.0,0.00152,100.0,3.4688427205432597
,,,,,,13758.0,0.0,0.00152,100.0,3.5221252368072387
,,,,,,13759.0,0.0,0.00152,100.0,3.463108520390633
,,,,,,13760.0,0.0,0.00152,100.0,3.4601792289056204
,,,,,,13760.0,0.0,0.00152,100.0,3.550555396022493
,,,,,,13760.0,0.0,0.00152,100.0,3.486073280201409
,,,,,,,,,,
,,,,,,13760.0,-0.6808,0.0,0.0,3.518882046488761
,,,,,,13761.0,-0.67708,0.00021,0.512,3.4486233467695517
,,,,,,13762.0,-0.67522,0.00041,0.9965,3.5175241700650726
,,,,,,13763.0,-0.67894,0.00061,1.4759,3.495101626378244
,,,,,,13765.0,-0.67522,0.00081,1.9591,3.446340706977681
,,,,,,13766.0,-0.67894,0.001,2.4398,3.4465518616410207
,,,,,,13767.0,-0.67708,0.00118,2.864,3.466016008393597
,,,,,,13768.0,-0.67708,0.00138,3.3622,3.3736172761017094
,,,,,,13769.0,-0.67522,0.00158,3.8404,3.4876405797892946
,,,,,,13770.0,-0.67708,0.00178,4.3235,3.447318574309481
,,,,,,13771.0,-0.67894,0.00198,4.8092,3.423499698871319
,,,,,,13772.0,-0.67894,0.00218,5.2887,3.514013808846673
,,,,,,13773.0,-0.67708,0.00237,5.7681,3.3989924548362493
,,,,,,13774.0,-0.67336,0.00255,6.2011,3.459407896144911
,,,,,,13775.0,-0.67894,0.00275,6.6679,3.4835217824338183
,,,,,,13776.0,-0.67522,0.00294,7.1473,3.339970812985421
,,,,,,13777.0,-0.67522,0.00314,7.6318,3.4824047327944845
,,,,,,13778.0,-0.67708,0.00334,8.115,3.4764006653401007
,,,,,,13779.0,-0.67522,0.00354,8.5994,3.4187778886622326
,,,,,,13780.0,-0.67708,0.00374,9.0788,3.4367489512119724
,,,,,,13781.0,-0.67522,0.00394,9.5633,3.5152113946504833
,,,,,,13782.0,-0.6808,0.00413,10.0427,3.4630506491651905
,,,,,,13783.0,-0.67708,0.00433,10.5259,3.3321175335718567
,,,,,,13784.0,-0.67708,0.00453,11.0065,3.5598780631855913
,,,,,,13785.0,-0.67522,0.00473,11.4897,3.482277097713487
,,,,,,13786.0,-0.67708,0.00493,11.9741,3.41266236429454
,,,,,,13787.0,-0.67522,0.00511,12.4084,3.4382787737316
,,,,,,13789.0,-0.67522,0.00531,12.8928,3.4499821765998813
,,,,,,13790.0,-0.67522,0.00551,13.3722,3.3550847957255625
,,,,,,13791.0,-0.67894,0.0057,13.8567,3.572560419275307
,,,,,,13792.0,-0.67522,0.0059,14.3399,3.4713958421891755
,,,,,,13793.0,-0.67894,0.0061,14.8193,3.5000147353666042
,,,,,,13794.0,-0.67708,0.0063,15.3037,3.4613793740374263
,,,,,,13795.0,-0.6808,0.0065,15.7882,3.4524687257697475
,,,,,,13795.0,-0.67522,0.0066,16.0254,3.4746858888105074
,,,,,,13795.0,-5.39435,0.0066,16.0254,3.311222079656375
,,,,,,13796.0,-5.40923,0.00801,19.4553,3.3497249021756277
,,,,,,13797.0,-5.40737,0.0096,23.3245,3.274635885961051
,,,,,,13798.0,-5.41109,0.01118,27.1549,3.346790455701878
,,,,,,13799.0,-5.40551,0.01268,30.8032,3.317665020741261
,,,,,,13800.0,-5.41295,0.01427,34.6724,3.3029304231187657
,,,,,,13801.0,-5.40923,0.01587,38.5392,3.282689355001331
,,,,,,13803.0,-5.40551,0.01744,42.3695,3.180407963315093
,,,,,,13803.0,-5.40737,0.01865,45.2887,3.264194852691468
,,,,,,13803.0,-3.3817,0.01865,45.2887,3.2848031926902923
,,,,,,13804.0,-3.37984,0.01952,47.4109,3.3752050326428504
,,,,,,13805.0,-3.3817,0.02053,49.8732,3.2533647694928822
,,,,,,13806.0,-3.3817,0.02157,52.382,3.3638347299351397
,,,,,,13807.0,-3.37984,0.02253,54.7314,3.277876378102966
,,,,,,13808.0,-3.37984,0.02343,56.9189,3.3145335209877476
,,,,,,13810.0,-3.37612,0.02445,59.3825,3.3028265945915884
,,,,,,13811.0,-3.37798,0.02544,61.7997,3.339065298388964
,,,,,,13812.0,-3.37798,0.02644,64.2169,3.302601622088706
,,,,,,13813.0,-3.37798,0.02742,66.6102,3.3750162636565477
,,,,,,13814.0,-3.3817,0.0284,68.9822,3.429124993109275
,,,,,,13815.0,-3.3817,0.0294,71.3993,3.3529785228171507
,,,,,,13816.0,-3.37984,0.03043,73.9081,3.3572854509189116
,,,,,,13817.0,-3.38356,0.03138,76.2123,3.3191030475799264
,,,,,,13818.0,-3.3817,0.03236,78.6069,3.3150221402005844
,,,,,,13819.0,-3.37612,0.03336,81.0241,3.359746516614114
,,,,,,13820.0,-3.3817,0.03434,83.4199,3.2924088484187175
,,,,,,13821.0,-3.3817,0.03534,85.8384,3.3673356817652276
,,,,,,13822.0,-3.37798,0.03631,88.1865,3.301574360457243
,,,,,,13823.0,-3.37984,0.03719,90.3313,3.29702922180183
,,,,,,13824.0,-3.37984,0.03819,92.7485,3.3509051081537327
,,,,,,13825.0,-3.37984,0.03918,95.1644,3.4633086596153304
,,,,,,13826.0,-3.3817,0.04017,97.5816,3.3508761600276182
,,,,,,13827.0,-3.37984,0.04117,100.0,3.391746719981593
,,,,,,13827.0,-3.37984,0.04117,100.0,3.326410446342103
,,,,,,13827.0,-3.37984,0.04117,100.0,3.225362202222675
,,,,,,,,,,
,,,,,,13827.0,1.35603,0.0,0.0,3.5461745714734136
,,,,,,13829.0,1.35603,0.00045,14.7927,3.4874855517139123
,,,,,,13830.0,1.35603,0.00081,26.6166,3.435000620458713
,,,,,,13831.0,1.35417,0.0012,39.6861,3.499209770004433
,,,,,,13832.0,1.35045,0.00159,52.3801,3.5469154502190436
,,,,,,13833.0,1.35417,0.00198,65.4155,3.5409439989070313
,,,,,,13834.0,1.35789,0.00238,78.6043,3.528445435912555
,,,,,,13835.0,1.35603,0.00278,91.7761,3.458182325254111
,,,,,,13835.0,1.35603,0.00303,100.0,3.593133155225809
,,,,,,13835.0,1.35603,0.00303,100.0,3.499993765043412
,,,,,,,,,,
,,,,,,13835.0,-1.36533,0.0,0.0,3.4144051989599964
,,,,,,13836.0,-1.35789,0.0004,3.3413,3.503709391206625
,,,,,,13837.0,-1.35045,0.0008,6.6141,3.3700734032725626
,,,,,,13839.0,-1.35789,0.0012,9.9211,3.4047848689333096
,,,,,,13840.0,-1.35045,0.00159,13.1981,3.4584854819227058
,,,,,,13841.0,-1.35231,0.00197,16.3207,3.412055363910081
,,,,,,13842.0,-1.35603,0.00236,19.5676,3.356903983206116
,,,,,,13843.0,-1.35045,0.00275,22.8489,3.354988571322965
,,,,,,13844.0,-1.34859,0.00315,26.1517,3.448063802424703
,,,,,,13845.0,-1.34859,0.00355,29.4587,3.281234745521595
,,,,,,13846.0,-1.35417,0.00394,32.74,3.463648689215838
,,,,,,13847.0,-1.35417,0.00434,36.0513,3.446857286374713
,,,,,,13848.0,-1.35789,0.00473,39.2983,3.409614998611739
,,,,,,13849.0,-1.35045,0.00511,42.4209,3.4255041917316955
,,,,,,13850.0,-1.35231,0.0055,45.6979,3.398101749291857
,,,,,,13851.0,-1.35789,0.0059,49.0135,3.439817024216957
,,,,,,13852.0,-1.35231,0.0063,52.3248,3.386062722364622
,,,,,,13853.0,-1.35417,0.0067,55.6018,3.4540445543753386
,,,,,,13854.0,-1.35603,0.0071,58.9131,3.4656795817880495
,,,,,,13855.0,-1.35231,0.00749,62.1944,3.4839143024225327
,,,,,,13856.0,-1.35231,0.00789,65.5014,3.350587487010661
,,,,,,13857.0,-1.35231,0.00829,68.8127,3.4037145483873
,,,,,,13858.0,-1.35231,0.00865,71.8066,3.3651178627956866
,,,,,,13859.0,-1.35231,0.00907,75.2724,3.3878478153221927
,,,,,,13861.0,-1.35045,0.00946,78.5579,3.400852141672881
,,,,,,13862.0,-1.35417,0.00986,81.8607,3.3757769128427872
,,,,,,13863.0,-1.35603,0.01026,85.142,3.375692439344984
,,,,,,13864.0,-1.35417,0.01065,88.449,3.445261133156868
,,,,,,13865.0,-1.35603,0.01105,91.7603,3.3108360103658088
,,,,,,13866.0,-1.35417,0.01145,95.0373,3.454427924939457
,,,,,,13867.0,-1.35789,0.01185,98.3443,3.3791062436846637
,,,,,,13867.0,-1.35231,0.01205,100.0,3.396634353914045
,,,,,,13867.0,-1.35231,0.01205,100.0,3.410798658881024
,,,,,,,,,,
,,,,,,13867.0,2.70089,0.0,0.0,3.5061311531095574
,,,,,,13869.0,2.70833,0.0008,13.1491,3.567168683357373
,,,,,,13870.0,2.70461,0.00159,26.1789,3.514651815090783
,,,,,,13871.0,2.70461,0.00237,39.0893,3.5394128822973454
,,,,,,13872.0,2.70461,0.00318,52.4857,3.536017964200063
,,,,,,13873.0,2.70089,0.00398,65.6349,3.628217895612959
,,,,,,13874.0,2.70647,0.00477,78.6731,3.6194384815588134
,,,,,,13875.0,2.70647,0.00556,91.8138,3.6403772358974207
,,,,,,13876.0,2.70089,0.00606,100.0,3.5400361763707693
,,,,,,13876.0,0.0,0.00606,100.0,3.538081876525737
,,,,,,13877.0,0.0,0.00606,100.0,3.5391242878190328
,,,,,,13878.0,0.0,0.00606,100.0,3.481303095710065
,,,,,,13879.0,0.0,0.00606,100.0,3.5070132991869603
,,,,,,13880.0,0.0,0.00606,100.0,3.484927022747189
,,,,,,13881.0,0.0,0.00606,100.0,3.4850691255932484
,,,,,,13882.0,0.0,0.00606,100.0,3.420348990757618
,,,,,,13883.0,0.0,0.00606,100.0,3.348650075052586
,,,,,,13884.0,0.0,0.00606,100.0,3.42650431698892
,,,,,,13885.0,0.0,0.00606,100.0,3.4483641260472013
,,,,,,13886.0,0.0,0.00606,100.0,3.510416489265876
,,,,,,13887.0,0.0,0.00606,100.0,3.4417221234545616
,,,,,,13888.0,0.0,0.00606,100.0,3.428820968700241
,,,,,,13889.0,0.0,0.00606,100.0,3.447804437356781
,,,,,,13890.0,0.0,0.00606,100.0,3.5313005518616283
,,,,,,13891.0,0.0,0.00606,100.0,3.486044195113957
,,,,,,13892.0,0.0,0.00606,100.0,3.522469841488171
,,,,,,13893.0,0.0,0.00606,100.0,3.5419118340192246
,,,,,,13894.0,0.0,0.00606,100.0,3.4826789119297743
,,,,,,13895.0,0.0,0.00606,100.0,3.4886076986397474
,,,,,,13896.0,0.0,0.00606,100.0,3.358049797541561
,,,,,,13897.0,0.0,0.00606,100.0,3.4942318654540148
,,,,,,13899.0,0.0,0.00606,100.0,3.4422525175932606
,,,,,,13900.0,0.0,0.00606,100.0,3.49638837764243
,,,,,,13901.0,0.0,0.00606,100.0,3.461672967809976
,,,,,,13902.0,0.0,0.00606,100.0,3.457188397535524
,,,,,,13903.0,0.0,0.00606,100.0,3.495281373007935
,,,,,,13904.0,0.0,0.00606,100.0,3.4476961017680012
,,,,,,13905.0,0.0,0.00606,100.0,3.4756909585623506
,,,,,,13906.0,0.0,0.00606,100.0,3.5098836281194856
,,,,,,13907.0,0.0,0.00606,100.0,3.5202014785392
,,,,,,13908.0,0.0,0.00606,100.0,3.4736213671088225
,,,,,,13909.0,0.0,0.00606,100.0,3.5621204871580288
,,,,,,13910.0,0.0,0.00606,100.0,3.442434662786191
,,,,,,13911.0,0.0,0.00606,100.0,3.449862062860231
,,,,,,13912.0,0.0,0.00606,100.0,3.348744334152291
,,,,,,13913.0,0.0,0.00606,100.0,3.428116954155166
,,,,,,13914.0,0.0,0.00606,100.0,3.477964611389212
,,,,,,13915.0,0.0,0.00606,100.0,3.4241092234643977
,,,,,,13915.0,0.0,0.00606,100.0,3.431049783084596
,,,,,,13916.0,0.0,0.00606,100.0,3.4182451652352492
,,,,,,13917.0,0.0,0.00606,100.0,3.5116034246760637
,,,,,,13918.0,0.0,0.00606,100.0,3.4777107768882254
,,,,,,13919.0,0.0,0.00606,100.0,3.438343587839315
,,,,,,13920.0,0.0,0.00606,100.0,3.483900720175971
,,,,,,13921.0,0.0,0.00606,100.0,3.4824951043026333
,,,,,,13922.0,0.0,0.00606,100.0,3.427518004914323
,,,,,,13923.0,0.0,0.00606,100.0,3.4954349367771607
,,,,,,13924.0,0.0,0.00606,100.0,3.4985203360318597
,,,,,,13925.0,0.0,0.00606,100.0,3.4360430808787488
,,,,,,13926.0,0.0,0.00606,100.0,3.569868076419585
,,,,,,13927.0,0.0,0.00606,100.0,3.3926687550659658
,,,,,,13928.0,0.0,0.00606,100.0,3.422885072215876
,,,,,,13929.0,0.0,0.00606,100.0,3.490809683709251
,,,,,,13930.0,0.0,0.00606,100.0,3.4418331200515637
,,,,,,13931.0,0.0,0.00606,100.0,3.53136565602275
,,,,,,13932.0,0.0,0.00606,100.0,3.5072175617132766
,,,,,,13932.0,0.0,0.00606,100.0,3.455765102004891
,,,,,,,,,,
,,,,,,13932.0,-0.6715,0.0,0.0,3.50585119201613
,,,,,,13933.0,-0.67522,0.0002,2.0061,3.3468465141340142
,,,,,,13934.0,-0.67708,0.00039,4.0175,3.4389433828128935
,,,,,,13935.0,-0.67522,0.00059,6.0499,3.4612458639762513
,,,,,,13936.0,-0.67336,0.00079,8.0771,3.4035023421604094
,,,,,,13937.0,-0.67708,0.00099,10.0937,3.4681665196726668
,,,,,,13938.0,-0.67708,0.00119,12.1262,3.4830827739565806
,,,,,,13939.0,-0.67894,0.00139,14.1375,3.4920657108002104
,,,,,,13940.0,-0.67708,0.00158,16.1489,3.41358890153079
,,,,,,13941.0,-0.67708,0.00178,18.1813,3.469837039269382
,,,,,,13942.0,-0.67708,0.00198,20.2085,3.4165662892922235
,,,,,,13943.0,-0.6808,0.00218,22.2409,3.4785463651039397
,,,,,,13944.0,-0.67522,0.00236,24.0996,3.4694624068474162
,,,,,,13945.0,-0.67522,0.00259,26.3953,3.4437940081932528
,,,,,,13946.0,-0.67522,0.00278,28.3172,3.4294510165437027
,,,,,,13947.0,-0.67708,0.00298,30.3496,3.520064111470025
,,,,,,13948.0,-0.67708,0.00318,32.361,3.4901940319656277
,,,,,,13949.0,-0.67522,0.00338,34.3934,3.5068217109301094
,,,,,,13951.0,-0.67894,0.00357,36.4048,3.4410529172675557
,,,,,,13952.0,-0.67708,0.00375,38.1845,3.452318369638403
,,,,,,13953.0,-0.6808,0.00394,40.1959,3.5013280636857993
,,,,,,13954.0,-0.67708,0.00414,42.2283,3.3899037820219142
,,,,,,13955.0,-0.67708,0.00434,44.2555,3.410164498990863
,,,,,,13956.0,-0.67894,0.00454,46.2721,3.477096404003095
,,,,,,13957.0,-0.67708,0.00474,48.3046,3.3503739322261823
,,,,,,13958.0,-0.67894,0.00494,50.337,3.4811771448529503
,,,,,,13959.0,-0.67894,0.00514,52.3484,3.4009735188173824
,,,,,,13960.0,-0.6808,0.00529,53.8858,3.398113513449325
,,,,,,13960.0,-1.35603,0.00529,53.8858,3.424430282074856
,,,,,,13961.0,-1.35603,0.00564,57.4926,3.4403717996918193
,,,,,,13962.0,-1.35231,0.00604,61.5522,3.3981764707392896
,,,,,,13963.0,-1.35417,0.00643,65.575,3.4635206095539077
,,,,,,13964.0,-1.35231,0.00683,69.6451,3.4705641657657216
,,,,,,13965.0,-1.35417,0.00723,73.6679,3.457952420904851
,,,,,,13966.0,-1.35603,0.00763,77.7327,3.3467562338070223
,,,,,,13967.0,-1.35417,0.00803,81.7923,3.3817729566038928
,,,,,,13968.0,-1.35603,0.00842,85.8203,3.4247862860136338
,,,,,,13969.0,-1.35603,0.00882,89.8852,3.4141501332917072
,,,,,,13970.0,-1.35417,0.00922,93.9448,3.347140661387135
,,,,,,13971.0,-1.35603,0.00961,97.9676,3.421037345643453
,,,,,,13972.0,-1.35417,0.00981,100.0,3.519431362207767
,,,,,,13972.0,-1.35417,0.00981,100.0,3.499645759023643
,,,,,,,,,,
,,,,,,13972.0,0.6808,0.0,0.0,3.5093372786452783
,,,,,,13973.0,0.67894,0.00019,12.5043,3.4584481833872807
,,,,,,13974.0,0.67894,0.00039,25.6252,3.4312138310852136
,,,,,,13975.0,0.67894,0.00056,37.273,3.4480222238092706
,,,,,,13976.0,0.67708,0.00076,50.4967,3.3889894843192114
,,,,,,13977.0,0.67894,0.00096,63.6177,3.445931453063069
,,,,,,13978.0,0.67894,0.00116,76.8756,3.497510187455666
,,,,,,13979.0,0.67894,0.00136,90.1336,3.4800389059916945
,,,,,,13980.0,0.67894,0.00151,100.0,3.4354225177498727
,,,,,,13980.0,0.0,0.00151,100.0,3.4502836188745145
,,,,,,13981.0,0.0,0.00151,100.0,3.482658666167116
,,,,,,13982.0,0.0,0.00151,100.0,3.507392238840291
,,,,,,13983.0,0.0,0.00151,100.0,3.4866632045715535
,,,,,,13984.0,0.0,0.00151,100.0,3.486884595805103
,,,,,,13985.0,0.0,0.00151,100.0,3.4515307972782
,,,,,,13986.0,0.0,0.00151,100.0,3.5381687489412186
,,,,,,13987.0,0.0,0.00151,100.0,3.519953937926249
,,,,,,13988.0,0.0,0.00151,100.0,3.507859716108135
,,,,,,13989.0,0.0,0.00151,100.0,3.4346260167631852
,,,,,,13990.0,0.0,0.00151,100.0,3.4809208423276488
,,,,,,13991.0,0.0,0.00151,100.0,3.454311476544201
,,,,,,13992.0,0.0,0.00151,100.0,3.470219200467802
,,,,,,13993.0,0.0,0.00151,100.0,3.4956597783290015
,,,,,,13994.0,0.0,0.00151,100.0,3.4672871788136197
,,,,,,13995.0,0.0,0.00151,100.0,3.4068988113991017
,,,,,,13996.0,0.0,0.00151,100.0,3.38801553621448
,,,,,,13996.0,0.0,0.00151,100.0,3.535889541239573
,,,,,,,,,,
,,,,,,13996.0,-0.67894,0.0,0.0,3.427328505047759
,,,,,,13997.0,-0.67522,0.00019,0.8915,3.4383102693174865
,,,,,,13998.0,-0.67522,0.00038,1.835,3.4902237822656206
,,,,,,13999.0,-0.67522,0.00058,2.7909,3.3720208810061147
,,,,,,14000.0,-0.67894,0.00078,3.7443,3.260106418453452
,,,,,,14001.0,-0.67522,0.00098,4.6928,3.493486192135418
,,,,,,14002.0,-0.67708,0.00116,5.5496,3.3828629067960363
,,,,,,14003.0,-0.67522,0.00136,6.5154,3.4283145972287405
,,,,,,14004.0,-0.67522,0.00153,7.3549,3.4030948232888933
,,,,,,14005.0,-0.67336,0.00173,8.3084,3.449761898063289
,,,,,,14006.0,-0.67894,0.00193,9.2544,3.44804017977197
,,,,,,14007.0,-0.67522,0.00213,10.2102,3.3112191710944097
,,,,,,14008.0,-0.67708,0.00236,11.2924,3.5480803608490894
,,,,,,14009.0,-0.67708,0.00254,12.1914,3.429048575402366
,,,,,,14010.0,-0.67708,0.00274,13.1473,3.4421093628473516
,,,,,,14011.0,-0.67708,0.00294,14.0933,3.552487375671
,,,,,,14012.0,-0.67708,0.00314,15.0293,3.3954402685732883
,,,,,,14013.0,-0.67708,0.00332,15.9332,3.462525699099386
,,,,,,14014.0,-0.67522,0.00352,16.8891,3.4326970011138105
,,,,,,14015.0,-0.67708,0.00372,17.8426,3.4080166335641535
,,,,,,14017.0,-0.67894,0.00392,18.7885,3.4204515450323467
,,,,,,14018.0,-0.67522,0.00412,19.7246,3.5049915344790024
,,,,,,14019.0,-0.67708,0.0043,20.6062,3.4992078299792215
,,,,,,14020.0,-0.67894,0.0045,21.5621,3.4176332647634284
,,,,,,14021.0,-0.67522,0.00469,22.5007,3.457473644974139
,,,,,,14022.0,-0.67522,0.00487,23.3476,3.4392546994827047
,,,,,,14023.0,-0.67522,0.00507,24.2961,3.4276716268222343
,,,,,,14024.0,-0.67708,0.00527,25.252,3.400253333920004
,,,,,,14025.0,-0.67708,0.00547,26.2054,3.367465237117294
,,,,,,14026.0,-0.67894,0.00567,27.1613,3.455173364186717
,,,,,,14027.0,-0.67522,0.00586,28.1073,3.4613791056042436
,,,,,,14028.0,-0.67336,0.00606,29.0607,3.4488309386853855
,,,,,,14029.0,-0.67894,0.00626,30.0166,3.4323059577023836
,,,,,,14030.0,-0.67894,0.00646,30.9626,3.4553343944880446
,,,,,,14031.0,-0.67708,0.00666,31.9185,3.4786907471686574
,,,,,,14032.0,-0.67708,0.00686,32.8744,3.424231828818932
,,,,,,14033.0,-0.6808,0.00706,33.8204,3.3978544671371247
,,,,,,14034.0,-0.67522,0.00723,34.6574,3.520179859764761
,,,,,,14035.0,-0.67708,0.00743,35.6108,3.4894854899452867
,,,,,,14036.0,-0.67522,0.00763,36.5593,3.4539121662972607
,,,,,,14037.0,-0.67708,0.00783,37.5127,3.422369129964903
,,,,,,14038.0,-0.67522,0.00803,38.4661,3.386207371246472
,,,,,,14039.0,-0.67894,0.00822,39.4121,3.3902255303712914
,,,,,,14041.0,-0.67894,0.00842,40.3655,3.4108361666154
,,,,,,14042.0,-0.67894,0.00862,41.3214,3.372235434975899
,,,,,,14043.0,-0.67522,0.00882,42.2674,3.397965086694794
,,,,,,14044.0,-0.67708,0.00902,43.2233,3.402113418949327
,,,,,,14045.0,-0.67894,0.00922,44.1767,3.576085777653044
,,,,,,14046.0,-0.67894,0.00942,45.1326,3.463118990848612
,,,,,,14047.0,-0.67708,0.00961,46.0811,3.4699137020598103
,,,,,,14048.0,-0.67708,0.0098,46.9453,3.3788935120827492
,,,,,,14049.0,-0.67708,0.01,47.9458,3.506087993666936
,,,,,,14050.0,-0.67894,0.0102,48.9017,3.3959503081491844
,,,,,,14051.0,-0.67522,0.0104,49.8477,3.403570951093121
,,,,,,14052.0,-0.67894,0.0106,50.8036,3.333522868025721
,,,,,,14053.0,-0.67522,0.01079,51.7025,3.3668617069992792
,,,,,,14054.0,-0.67894,0.01098,52.6213,3.488399495632061
,,,,,,14055.0,-0.67522,0.01118,53.5797,3.28584305884669
,,,,,,14056.0,-0.67894,0.01138,54.5331,3.2864651614384623
,,,,,,14057.0,-0.67894,0.01158,55.4791,3.3982061933634835
,,,,,,14058.0,-0.67522,0.01177,56.425,3.51831980079112
,,,,,,14059.0,-0.67894,0.01197,57.3785,3.4198046034112153
,,,,,,14060.0,-0.67894,0.01218,58.369,3.4868857671262248
,,,,,,14061.0,-0.6808,0.01237,59.2804,3.3681596959030977
,,,,,,14062.0,-0.67522,0.01255,60.1347,3.418310708172163
,,,,,,14063.0,-0.67708,0.01275,61.0906,3.4461377712529764
,,,,,,14065.0,-0.67522,0.01294,62.0391,3.441699554960176
,,,,,,14066.0,-0.67708,0.01314,62.995,3.446421201583765
,,,,,,14067.0,-0.67894,0.01334,63.941,3.371658185886862
,,,,,,14068.0,-0.67708,0.01352,64.778,3.417107965370941
,,,,,,14069.0,-0.66964,0.01372,65.7339,3.3893729594367947
,,,,,,14070.0,-0.67708,0.01391,66.6873,3.4214786612681016
,,,,,,14071.0,-0.67522,0.01411,67.6333,3.4484832050509784
,,,,,,14072.0,-0.67708,0.01431,68.5892,3.4878725026704513
,,,,,,14073.0,-0.67894,0.01451,69.5476,3.463191751298298
,,,,,,14074.0,-0.67708,0.01471,70.501,3.4196373092289174
,,,,,,14075.0,-0.67522,0.01491,71.447,3.4120213005056392
,,,,,,14076.0,-0.67336,0.01511,72.4004,3.4591245953449508
,,,,,,14077.0,-0.67522,0.01531,73.3563,3.400238929505678
,,,,,,14078.0,-0.67708,0.0155,74.3097,3.4920795663457738
,,,,,,14079.0,-0.67522,0.0157,75.2656,3.4564779258102654
,,,,,,14080.0,-0.67522,0.0159,76.2091,3.467338660032706
,,,,,,14081.0,-0.67708,0.01608,77.0486,3.4007358873292595
,,,,,,14082.0,-0.67708,0.01628,78.0045,3.3911089336807096
,,,,,,14083.0,-0.67708,0.01635,78.3636,3.3146310395429377
,,,,,,14083.0,-1.35975,0.01635,78.3636,3.355416685843641
,,,,,,14084.0,-1.35417,0.01675,80.2779,3.314670595636376
,,,,,,14085.0,-1.35417,0.01712,82.046,3.363656644503298
,,,,,,14086.0,-1.35045,0.01753,84.0098,3.375604644154188
,,,,,,14087.0,-1.35603,0.01792,85.9043,3.40949852307695
,,,,,,14088.0,-1.35603,0.01827,87.5808,3.4045475345377034
,,,,,,14089.0,-1.35231,0.01867,89.4901,3.4232806045333146
,,,,,,14090.0,-1.35231,0.01907,91.3821,3.3666796708861413
,,,,,,14091.0,-1.35603,0.01947,93.2914,3.4172815600157356
,,,,,,14092.0,-1.35417,0.01986,95.2032,3.349658126143856
,,,,,,14093.0,-1.35417,0.02026,97.0976,3.4677344629488105
,,,,,,14094.0,-1.35417,0.02067,99.0441,3.336315213812209
,,,,,,14095.0,-1.35603,0.02086,100.0,3.426583750193407
,,,,,,14095.0,-1.35603,0.02086,100.0,3.4054601858504276
,,,,,,,,,,
,,,,,,14095.0,0.6808,0.0,0.0,3.49309932516692
,,,,,,14096.0,0.67894,0.0002,13.1231,3.5248277480880463
,,,,,,14097.0,0.67708,0.00038,24.8898,3.4735807179037055
,,,,,,14098.0,0.67894,0.00058,37.8772,3.445883952052247
,,,,,,14099.0,0.67894,0.00078,51.0003,3.4357854373050256
,,,,,,14100.0,0.67894,0.00097,63.4791,3.513547489778941
,,,,,,14101.0,0.67894,0.00118,77.2126,3.471229163752959
,,,,,,14102.0,0.67708,0.00137,90.234,3.394021295796027
,,,,,,14103.0,0.67894,0.00152,100.0,3.50271620669845
,,,,,,14103.0,0.0,0.00152,100.0,3.565962591440064
,,,,,,14104.0,0.0,0.00152,100.0,3.449634450258139
,,,,,,14105.0,0.0,0.00152,100.0,3.383124868084104
,,,,,,14106.0,0.0,0.00152,100.0,3.440586364051034
,,,,,,14107.0,0.0,0.00152,100.0,3.4673593049991323
,,,,,,14108.0,0.0,0.00152,100.0,3.405576996136754
,,,,,,14109.0,0.0,0.00152,100.0,3.4406304112769663
,,,,,,14110.0,0.0,0.00152,100.0,3.519766706317438
,,,,,,14111.0,0.0,0.00152,100.0,3.492772866203671
,,,,,,14112.0,0.0,0.00152,100.0,3.462827998550008
,,,,,,14113.0,0.0,0.00152,100.0,3.4816232208872986
,,,,,,14114.0,0.0,0.00152,100.0,3.4667991185656084
,,,,,,14115.0,0.0,0.00152,100.0,3.4601532910700894
,,,,,,14116.0,0.0,0.00152,100.0,3.37382346653419
,,,,,,14117.0,0.0,0.00152,100.0,3.6170123265615093
,,,,,,14118.0,0.0,0.00152,100.0,3.465878307719988
,,,,,,14119.0,0.0,0.00152,100.0,3.4148068966221525
,,,,,,14119.0,0.0,0.00152,100.0,3.4533060130755713
,,,,,,,,,,
,,,,,,14119.0,-0.66964,0.0,0.0,3.4833669749371743
,,,,,,14120.0,-0.67522,0.0002,0.4755,3.423664036744426
,,,,,,14121.0,-0.67894,0.00039,0.9548,3.3855694179177203
,,,,,,14122.0,-0.67522,0.00059,1.4379,3.4484266069529728
,,,,,,14123.0,-0.67708,0.00079,1.9147,3.4553396815205835
,,,,,,14124.0,-0.67708,0.00099,2.3978,3.442685686603701
,,,,,,14125.0,-0.67522,0.00118,2.8658,3.4437009035635313
,,,,,,14126.0,-0.67708,0.00138,3.3388,3.399395827204335
,,,,,,14127.0,-0.67522,0.00158,3.8219,3.4791329456317093
,,,,,,14128.0,-0.67708,0.00177,4.2987,3.433907746801407
,,,,,,14129.0,-0.67708,0.00197,4.7817,3.4672492474569103
,,,,,,14130.0,-0.67522,0.00217,5.2636,3.4944756160805706
,,,,,,14131.0,-0.67708,0.00237,5.7366,3.4343592181259526
,,,,,,14132.0,-0.67522,0.00256,6.1934,3.4258805316436876
,,,,,,14133.0,-0.67336,0.00274,6.6426,3.4401592210413168
,,,,,,14134.0,-0.67708,0.00293,7.1069,3.483537837634022
,,,,,,14135.0,-0.67522,0.00313,7.5887,3.457903347941363
,,,,,,14136.0,-0.67894,0.00333,8.068,3.412768431054233
,,,,,,14138.0,-0.67522,0.00353,8.5486,3.4117498539456035
,,,,,,14139.0,-0.67708,0.00373,9.0316,3.3738745250751756
,,,,,,14140.0,-0.67708,0.00393,9.5147,3.4393935181848416
,,,,,,14141.0,-0.67522,0.00413,9.994,3.469976656032329
,,,,,,14142.0,-0.67708,0.00433,10.477,3.434491501129265
,,,,,,14143.0,-0.67708,0.00452,10.9589,3.427986368989261
,,,,,,14144.0,-0.67708,0.00472,11.4419,3.3135060242076237
,,,,,,14145.0,-0.6808,0.00492,11.92,3.4563726037655256
,,,,,,14146.0,-0.67708,0.00512,12.3955,3.4040727607879333
,,,,,,14147.0,-0.6808,0.00532,12.8773,3.3422905959653813
,,,,,,14148.0,-0.67894,0.00552,13.3616,3.4352777709973936
,,,,,,14149.0,-0.68266,0.00571,13.8409,3.5231448543632324
,,,,,,14150.0,-0.67708,0.00591,14.324,3.4361059962443283
,,,,,,14151.0,-0.67522,0.00611,14.807,3.4083726231592575
,,,,,,14152.0,-0.67522,0.00631,15.2851,3.4212478085134737
,,,,,,14153.0,-0.67522,0.00651,15.7681,3.4989385233431576
,,,,,,14154.0,-0.67708,0.00659,15.9496,3.404384890730398
,,,,,,14154.0,-5.42411,0.00659,15.9496,3.2199238308487645
,,,,,,14155.0,-5.41295,0.00813,19.6977,3.273029927272548
,,,,,,14156.0,-5.40923,0.00971,23.5183,3.196762000554061
,,,,,,14157.0,-5.40737,0.01124,27.2288,3.2051160911589247
,,,,,,14158.0,-5.40365,0.01273,30.8292,3.2866818688026784
,,,,,,14159.0,-5.41109,0.01432,34.6874,3.2702875598706833
,,,,,,14160.0,-5.40923,0.0159,38.5068,3.1793387224157064
,,,,,,14161.0,-5.40923,0.01749,42.3625,3.298307750465083
,,,,,,14162.0,-5.40551,0.01868,45.2358,3.2243631739972405
,,,,,,14162.0,-3.37798,0.01868,45.2358,3.2560070149752613
,,,,,,14163.0,-3.38356,0.01971,47.7412,3.204888161534992
,,,,,,14164.0,-3.37984,0.0207,50.1289,3.319752627014794
,,,,,,14165.0,-3.3817,0.0218,52.7895,3.3738339757407743
,,,,,,14166.0,-3.37984,0.02273,55.0408,3.28587152839581
,,,,,,14167.0,-3.37984,0.02375,57.5199,3.270030990789738
,,,,,,14168.0,-3.37984,0.02464,59.6799,3.2949812358456585
,,,,,,14169.0,-3.37798,0.02563,62.0689,3.2323205044395147
,,,,,,14170.0,-3.37984,0.02662,64.4791,3.280795571125334
,,,,,,14171.0,-3.37798,0.02762,66.8894,3.411089029219232
,,,,,,14172.0,-3.3817,0.0286,69.2772,3.2973147203725857
,,,,,,14173.0,-3.3817,0.0296,71.6887,3.344043640864927
,,,,,,14174.0,-3.37984,0.03053,73.9388,3.2846887615603384
,,,,,,14176.0,-3.3817,0.0316,76.5318,3.3407076387085946
,,,,,,14177.0,-3.37984,0.03259,78.942,3.3783738081947505
,,,,,,14178.0,-3.37984,0.03359,81.3536,3.1876118663528756
,,,,,,14179.0,-3.3817,0.03458,83.7638,3.3987248390931297
,,,,,,14180.0,-3.3817,0.03557,86.1516,3.3172217387171923
,,,,,,14181.0,-3.38356,0.03655,88.5168,3.443579652216335
,,,,,,14182.0,-3.3817,0.03743,90.6543,3.290992571080354
,,,,,,14183.0,-3.37984,0.03844,93.1108,3.3770564610126805
,,,,,,14184.0,-3.37426,0.03942,95.4735,3.305723789859134
,,,,,,14185.0,-3.37984,0.04029,97.5897,3.2590654369727643
,,,,,,14186.0,-3.37984,0.04129,100.0,3.2087492649264213
,,,,,,14186.0,-3.37984,0.04129,100.0,3.241373255219191
,,,,,,,,,,
,,,,,,14186.0,1.35975,0.0,0.0,3.5243018043799577
,,,,,,14187.0,1.35603,0.00038,12.648,3.3995932191298293
,,,,,,14188.0,1.35789,0.00078,25.7594,3.3973912245879
,,,,,,14189.0,1.35417,0.00117,39.0081,3.5078922802504158
,,,,,,14190.0,1.35603,0.00157,52.1366,3.4091779497361894
,,,,,,14191.0,1.35603,0.00197,65.3853,3.44988694706111
,,,,,,14192.0,1.35417,0.00236,78.4967,3.517212566259957
,,,,,,14193.0,1.35231,0.00276,91.7625,3.4659947400307454
,,,,,,14194.0,1.35603,0.00301,100.0,3.524463855549284
,,,,,,14194.0,1.35603,0.00301,100.0,3.5283617498868125
,,,,,,,,,,
,,,,,,14194.0,-1.35417,0.0,0.0,3.375899011912786
,,,,,,14195.0,-1.35417,0.00037,3.0393,3.2744851202321974
,,,,,,14196.0,-1.35603,0.00076,6.3279,3.414119762236034
,,,,,,14197.0,-1.35045,0.00116,9.6466,3.422897437966135
,,,,,,14198.0,-1.35045,0.00155,12.9267,3.425110614379057
,,,,,,14199.0,-1.35231,0.00205,17.088,3.3530759080504065
,,,,,,14200.0,-1.35231,0.00241,20.0284,3.376598063640443
,,,,,,14201.0,-1.35231,0.00281,23.3471,3.364937416797375
,,,,,,14202.0,-1.35231,0.0032,26.6314,3.4517378410510835
,,,,,,14203.0,-1.35417,0.0036,29.9501,3.40976397161987
,,,,,,14205.0,-1.35231,0.004,33.2689,3.2581170843721408
,,,,,,14206.0,-1.35417,0.00439,36.5532,3.3330895615515264
,,,,,,14207.0,-1.35603,0.00479,39.8762,3.317884638915126
,,,,,,14208.0,-1.35417,0.00521,43.3798,3.4133437536943863
,,,,,,14209.0,-1.35603,0.00561,46.6985,3.4191234627001608
,,,,,,14210.0,-1.35231,0.00601,49.9828,3.4564428807909664
,,,,,,14211.0,-1.35231,0.00641,53.3015,3.397732758113648
,,,,,,14212.0,-1.35231,0.0068,56.6159,3.2801420318186776
,,,,,,14213.0,-1.35417,0.0072,59.9046,3.399551255168314
,,,,,,14214.0,-1.35789,0.0076,63.2233,3.426232736416951
,,,,,,14215.0,-1.35417,0.00799,66.5119,3.3343286488471904
,,,,,,14216.0,-1.35603,0.00838,69.706,3.3289160649326415
,,,,,,14217.0,-1.35417,0.00874,72.6765,3.310459541877034
,,,,,,14218.0,-1.35417,0.00913,75.9952,3.361232327406066
,,,,,,14219.0,-1.35231,0.00953,79.2795,3.4075893972739437
,,,,,,14220.0,-1.35417,0.00993,82.5982,3.3786054906915153
,,,,,,14221.0,-1.35417,0.01033,85.9771,3.3792175326461824
,,,,,,14222.0,-1.35789,0.01073,89.2701,3.3399326908564158
,,,,,,14223.0,-1.35231,0.01113,92.5845,3.3625215944100613
,,,,,,14224.0,-1.35417,0.01153,95.8989,3.3696384225636917
,,,,,,14226.0,-1.35231,0.01192,99.1832,3.409742571466933
,,,,,,14226.0,-1.35417,0.01202,100.0,3.397115225579892
,,,,,,14226.0,-1.35417,0.01202,100.0,3.3828661127505404
,,,,,,,,,,
,,,,,,14226.0,2.70275,0.0,0.0,3.5299075639388264
,,,,,,14227.0,2.70833,0.00083,13.554,3.511169720247812
,,,,,,14228.0,2.70647,0.0016,26.236,3.5150226070323867
,,,,,,14229.0,2.70833,0.00233,38.1815,3.5315757184557275
,,,,,,14230.0,2.70647,0.00313,51.236,3.6097025272430563
,,,,,,14231.0,2.70461,0.00392,64.2906,3.503182937812023
,,,,,,14232.0,2.70647,0.00471,77.2181,3.4615651220647408
,,,,,,14233.0,2.70461,0.00551,90.2726,3.500444627712517
,,,,,,14234.0,2.70833,0.0061,100.0,3.4930534811548872
,,,,,,14234.0,0.0,0.0061,100.0,3.3889506623410597
,,,,,,14235.0,0.0,0.0061,100.0,3.4346477592315625
,,,,,,14236.0,0.0,0.0061,100.0,3.5284835114039215
,,,,,,14237.0,0.0,0.0061,100.0,3.444796146032255
,,,,,,14238.0,0.0,0.0061,100.0,3.398427042311895
,,,,,,14239.0,0.0,0.0061,100.0,3.3812040434760493
,,,,,,14240.0,0.0,0.0061,100.0,3.4872000562291205
,,,,,,14241.0,0.0,0.0061,100.0,3.452612308718992
,,,,,,14242.0,0.0,0.0061,100.0,3.3789072319129825
,,,,,,14243.0,0.0,0.0061,100.0,3.4959134522477435
,,,,,,14244.0,0.0,0.0061,100.0,3.4089394397894375
,,,,,,14245.0,0.0,0.0061,100.0,3.4445691209483766
,,,,,,14246.0,0.0,0.0061,100.0,3.4237378410582746
,,,,,,14247.0,0.0,0.0061,100.0,3.4159497360811892
,,,,,,14249.0,0.0,0.0061,100.0,3.4417761893425762
,,,,,,14250.0,0.0,0.0061,100.0,3.392786779498949
,,,,,,14251.0,0.0,0.0061,100.0,3.4681696241473814
,,,,,,14252.0,0.0,0.0061,100.0,3.3478878154406915
,,,,,,14253.0,0.0,0.0061,100.0,3.4615794172262335
,,,,,,14254.0,0.0,0.0061,100.0,3.416777882263086
,,,,,,14255.0,0.0,0.0061,100.0,3.4379294340403734
,,,,,,14256.0,0.0,0.0061,100.0,3.4570927601056045
,,,,,,14257.0,0.0,0.0061,100.0,3.4697309293367904
,,,,,,14258.0,0.0,0.0061,100.0,3.408074929309208
,,,,,,14259.0,0.0,0.0061,100.0,3.4395229550984934
,,,,,,14260.0,0.0,0.0061,100.0,3.334654677608455
,,,,,,14261.0,0.0,0.0061,100.0,3.5342890881958042
,,,,,,14262.0,0.0,0.0061,100.0,3.440833263544774
,,,,,,14263.0,0.0,0.0061,100.0,3.44552506581602
,,,,,,14264.0,0.0,0.0061,100.0,3.506754398120859
,,,,,,14265.0,0.0,0.0061,100.0,3.3872750653473904
,,,,,,14266.0,0.0,0.0061,100.0,3.5045253911363203
,,,,,,14267.0,0.0,0.0061,100.0,3.4325523757860283
,,,,,,14269.0,0.0,0.0061,100.0,3.481989638714738
,,,,,,14270.0,0.0,0.0061,100.0,3.5678313499186003
,,,,,,14271.0,0.0,0.0061,100.0,3.4486937843877077
,,,,,,14272.0,0.0,0.0061,100.0,3.472490163049995
,,,,,,14273.0,0.0,0.0061,100.0,3.4597340871332123
,,,,,,14274.0,0.0,0.0061,100.0,3.5371114242699777
,,,,,,14275.0,0.0,0.0061,100.0,3.4019133684323672
,,,,,,14276.0,0.0,0.0061,100.0,3.3788915000320157
,,,,,,14277.0,0.0,0.0061,100.0,3.488652450767777
,,,,,,14278.0,0.0,0.0061,100.0,3.3851986408243984
,,,,,,14279.0,0.0,0.0061,100.0,3.4690116906186153
,,,,,,14280.0,0.0,0.0061,100.0,3.480562136745873
,,,,,,14281.0,0.0,0.0061,100.0,3.4635322829649513
,,,,,,14282.0,0.0,0.0061,100.0,3.4016264952197943
,,,,,,14283.0,0.0,0.0061,100.0,3.4876344689791052
,,,,,,14284.0,0.0,0.0061,100.0,3.5056474706476872
,,,,,,14285.0,0.0,0.0061,100.0,3.4880255469519623
,,,,,,14286.0,0.0,0.0061,100.0,3.444547321567645
,,,,,,14287.0,0.0,0.0061,100.0,3.590803301728222
,,,,,,14288.0,0.0,0.0061,100.0,3.53450681851762
,,,,,,14289.0,0.0,0.0061,100.0,3.4818286899230912
,,,,,,14289.0,0.0,0.0061,100.0,3.421747653675826
,,,,,,,,,,
,,,,,,14289.0,-0.6808,0.0,0.0,3.4373164177516937
,,,,,,14290.0,-0.67336,0.00018,1.8573,3.4606681801605075
,,,,,,14291.0,-0.6808,0.00038,3.894,3.4392765973091466
,,,,,,14292.0,-0.67894,0.00058,5.9097,3.3782866108596457
,,,,,,14293.0,-0.67708,0.00078,7.9411,3.4481283118184454
,,,,,,14294.0,-0.67894,0.00098,9.9778,3.3427891835668198
,,,,,,14295.0,-0.67522,0.00117,11.9935,3.325700708282874
,,,,,,14296.0,-0.67522,0.00137,14.0302,3.488105783200888
,,,,,,14297.0,-0.67708,0.00157,16.0458,3.424908921786782
,,,,,,14298.0,-0.67522,0.00177,18.0825,3.3939714723140897
,,,,,,14299.0,-0.67894,0.00197,20.1192,3.34979826274487
,,,,,,14301.0,-0.6808,0.00217,22.1401,3.4147692493272594
,,,,,,14302.0,-0.67522,0.00237,24.1769,3.3292450437691703
,,,,,,14303.0,-0.67894,0.00257,26.2664,3.3562636701334494
,,,,,,14304.0,-0.67708,0.00277,28.3031,3.3920341803061045
,,,,,,14305.0,-0.67336,0.00296,30.2448,3.451072140926808
,,,,,,14306.0,-0.67894,0.00314,32.0705,3.34693393626198
,,,,,,14307.0,-0.67894,0.00334,34.1072,3.494418677420533
,,,,,,14308.0,-0.67708,0.00354,36.1228,3.474166711179895
,,,,,,14309.0,-0.67522,0.00374,38.1596,3.3538713999984515
,,,,,,14310.0,-0.67522,0.00394,40.1963,3.3969381645012753
,,,,,,14311.0,-0.67522,0.00413,42.2119,3.4524033904707094
,,,,,,14312.0,-0.66964,0.00433,44.2434,3.4731817816459856
,,,,,,14313.0,-0.67708,0.00453,46.2537,3.344810882355541
,,,,,,14314.0,-0.67522,0.0047,48.0372,3.4136198810722225
,,,,,,14315.0,-0.67708,0.0049,50.0791,3.3934893438057867
,,,,,,14316.0,-0.67708,0.0051,52.0948,3.3990060255949324
,,,,,,14317.0,-0.68266,0.00528,53.8835,3.472834349510147
,,,,,,14317.0,-1.36347,0.00528,53.8835,3.3123919947743623
,,,,,,14318.0,-1.35417,0.00567,57.9095,3.3050451567205417
,,,,,,14319.0,-1.34487,0.00607,61.9776,3.4147683128655935
,,,,,,14320.0,-1.35417,0.00647,66.0511,3.419077050390453
,,,,,,14321.0,-1.35045,0.00686,70.0823,3.426698546006271
,,,,,,14322.0,-1.35045,0.00726,74.1505,3.3467527427110846
,,,,,,14323.0,-1.35603,0.00766,78.1817,3.493123934164075
,,,,,,14324.0,-1.35603,0.00806,82.2605,3.356550603648461
,,,,,,14325.0,-1.35231,0.00845,86.3233,3.3873622547278615
,,,,,,14326.0,-1.35045,0.00885,90.3546,3.4395174263797403
,,,,,,14328.0,-1.35789,0.00925,94.428,3.3312135049658025
,,,,,,14329.0,-1.35789,0.00965,98.5015,3.4545693798516597
,,,,,,14329.0,-1.35417,0.00979,100.0,3.3602818126832794
,,,,,,14329.0,-1.35417,0.00979,100.0,3.389538154294259
,,,,,,,,,,
,,,,,,14329.0,0.67894,0.0,0.0,3.416773454138874
,,,,,,14330.0,0.67708,0.00019,12.363,3.502439612368821
,,,,,,14331.0,0.67894,0.00039,25.7534,3.3996194703603546
,,,,,,14332.0,0.67894,0.00059,39.0068,3.357444654995247
,,,,,,14333.0,0.67894,0.00078,51.9863,3.4397154271122963
,,,,,,14334.0,0.67894,0.00098,65.2397,3.481296222097982
,,,,,,14335.0,0.67894,0.00118,78.4931,3.4622769937722406
,,,,,,14336.0,0.67894,0.00138,91.6096,3.504083582773609
,,,,,,14337.0,0.67894,0.00151,100.0,3.504742216151369
,,,,,,14337.0,0.0,0.00151,100.0,3.3730884497102314
,,,,,,14338.0,0.0,0.00151,100.0,3.4731992991976073
,,,,,,14339.0,0.0,0.00151,100.0,3.398201094742544
,,,,,,14340.0,0.0,0.00151,100.0,3.4070210690346334
,,,,,,14341.0,0.0,0.00151,100.0,3.3808159082077798
,,,,,,14342.0,0.0,0.00151,100.0,3.385141059706332
,,,,,,14343.0,0.0,0.00151,100.0,3.3963145521973788
,,,,,,14344.0,0.0,0.00151,100.0,3.507026608290011
,,,,,,14345.0,0.0,0.00151,100.0,3.3466764425958093
,,,,,,14346.0,0.0,0.00151,100.0,3.5618325708360157
,,,,,,14347.0,0.0,0.00151,100.0,3.484721105823685
,,,,,,14348.0,0.0,0.00151,100.0,3.4753369146773654
,,,,,,14349.0,0.0,0.00151,100.0,3.3611148722078847
,,,,,,14350.0,0.0,0.00151,100.0,3.4031573603071634
,,,,,,14351.0,0.0,0.00151,100.0,3.401522510359332
,,,,,,14353.0,0.0,0.00151,100.0,3.3886407901363245
,,,,,,14353.0,0.0,0.00151,100.0,3.3242167295652942
,,,,,,14353.0,0.0,0.00151,100.0,3.4583331990614843
,,,,,,,,,,
,,,,,,14353.0,-0.67708,0.0,0.0,3.360997584063869
,,,,,,14354.0,-0.6808,0.0002,0.9573,3.4005570877183118
,,,,,,14355.0,-0.67894,0.0004,1.9022,3.4841750748583293
,,,,,,14356.0,-0.67894,0.0006,2.8595,3.474897347507417
,,,,,,14357.0,-0.67894,0.0008,3.8144,3.325575072619363
,,,,,,14358.0,-0.67522,0.00099,4.7618,3.358664456851036
,,,,,,14359.0,-0.67522,0.0012,5.724,3.4919120844215055
,,,,,,14360.0,-0.6808,0.00139,6.6714,3.400685303739355
,,,,,,14361.0,-0.67708,0.00159,7.6238,3.4675843334485834
,,,,,,14362.0,-0.67708,0.00179,8.5786,3.465161942038781
,,,,,,14364.0,-0.67708,0.00199,9.5236,3.3992919797954464
,,,,,,14365.0,-0.67894,0.00219,10.4784,3.4306523306679875
,,,,,,14366.0,-0.67522,0.00238,11.406,3.3853129478835196
,,,,,,14367.0,-0.6808,0.00257,12.3064,3.3899482310928235
,,,,,,14368.0,-0.67336,0.00277,13.2489,3.4809414664875282
,,,,,,14369.0,-0.67708,0.00297,14.2062,3.5348280657749758
,,,,,,14370.0,-0.6715,0.00316,15.1487,3.470251201279195
,,,,,,14371.0,-0.67894,0.00336,16.1035,3.370148992254845
,,,,,,14372.0,-0.67708,0.00356,17.0583,3.3972835196147626
,,,,,,14373.0,-0.67894,0.00374,17.9142,3.386100885693702
,,,,,,14374.0,-0.67522,0.00394,18.8567,3.464414426870589
,,,,,,14375.0,-0.67708,0.00416,19.9105,3.4157417675492647
,,,,,,14376.0,-0.67522,0.00435,20.8034,3.3571476409082166
,,,,,,14377.0,-0.67708,0.00454,21.7484,3.46254630520029
,,,,,,14378.0,-0.67894,0.00474,22.7032,3.3635940096426142
,,,,,,14379.0,-0.67522,0.00494,23.663,3.433216854312546
,,,,,,14380.0,-0.6715,0.00513,24.5436,3.3928973332851182
,,,,,,14381.0,-0.67522,0.00533,25.496,3.3656056950280564
,,,,,,14382.0,-0.66964,0.00552,26.4483,3.4147625759742692
,,,,,,14383.0,-0.67708,0.00572,27.3933,3.4208925683723272
,,,,,,14384.0,-0.67894,0.00592,28.3481,3.431840712818536
,,,,,,14386.0,-0.67522,0.00612,29.3029,3.4708061478672567
,,,,,,14387.0,-0.6715,0.00632,30.2553,3.369713120681639
,,,,,,14388.0,-0.67522,0.00652,31.2002,3.419322272277655
,,,,,,14389.0,-0.67522,0.00672,32.1526,3.458755949893771
,,,,,,14390.0,-0.67522,0.00691,33.0975,3.3208881806821555
,,,,,,14391.0,-0.6808,0.00711,34.0523,3.359399547988673
,,,,,,14392.0,-0.6808,0.00731,34.9948,3.331498496768382
,,,,,,14393.0,-0.67894,0.00751,35.9496,3.434403356032773
,,,,,,14394.0,-0.67894,0.00771,36.902,3.368217842168559
,,,,,,14395.0,-0.6808,0.00791,37.8568,3.412374413038485
,,,,,,14396.0,-0.6715,0.00811,38.8042,3.355987758233983
,,,,,,14397.0,-0.67522,0.0083,39.7591,3.4288131296409516
,,,,,,14398.0,-0.67336,0.0085,40.704,3.4669064467978403
,,,,,,14399.0,-0.67894,0.0087,41.6588,3.4106113806998777
,,,,,,14400.0,-0.67522,0.0089,42.6137,3.387503179984866
,,,,,,14401.0,-0.67522,0.0091,43.5561,3.3727817143310825
,,,,,,14402.0,-0.68266,0.0093,44.5134,3.383045379470424
,,,,,,14403.0,-0.67336,0.0095,45.4658,3.444041246375893
,,,,,,14404.0,-0.67522,0.00969,46.4107,3.3662002662052943
,,,,,,14406.0,-0.6808,0.00988,47.2913,3.340508700486062
,,,,,,14407.0,-0.67708,0.01008,48.266,3.3469352695512256
,,,,,,14408.0,-0.6808,0.01028,49.2109,3.481916450099139
,,,,,,14409.0,-0.67522,0.01048,50.1657,3.42582220445329
,,,,,,14410.0,-0.67894,0.01068,51.1181,3.5035372050211544
,,,,,,14411.0,-0.67708,0.01086,51.9765,3.3709761292453115
,,,,,,14412.0,-0.67522,0.01106,52.9387,3.393473880451052
,,,,,,14413.0,-0.67522,0.01125,53.8564,3.4155477348939742
,,,,,,14414.0,-0.67894,0.01145,54.8113,3.4191568624779016
,,,,,,14415.0,-0.67708,0.01165,55.7537,3.383954220230155
,,,,,,14416.0,-0.67522,0.01185,56.7086,3.409122250846744
,,,,,,14417.0,-0.68266,0.01205,57.6659,3.4104325200215944
,,,,,,14418.0,-0.67522,0.01225,58.6454,3.388015415660037
,,,,,,14419.0,-0.6715,0.01244,59.5533,3.411788340772212
,,,,,,14420.0,-0.67522,0.01262,60.3968,3.410274545558092
,,,,,,14421.0,-0.67522,0.01281,61.3491,3.3789317895383784
,,,,,,14422.0,-0.6808,0.01301,62.2965,3.4180350178108627
,,,,,,14423.0,-0.67336,0.01321,63.2514,3.3160731410651514
,,,,,,14424.0,-0.67894,0.01341,64.2037,3.4951837582761187
,,,,,,14425.0,-0.67894,0.01361,65.1487,3.379075336788045
,,,,,,14426.0,-0.67708,0.01378,65.9823,3.4009137145977886
,,,,,,14427.0,-0.67894,0.01398,66.9371,3.3551273552018017
,,,,,,14428.0,-0.67894,0.01418,67.892,3.4143712620523554
,,,,,,14429.0,-0.67522,0.01438,68.8344,3.4537677434649416
,,,,,,14430.0,-0.67708,0.01458,69.7868,3.467573493551293
,,,,,,14432.0,-0.67708,0.01478,70.7416,3.386780413196388
,,,,,,14433.0,-0.67708,0.01497,71.689,3.409931635664898
,,,,,,14434.0,-0.67708,0.01517,72.6339,3.4008967333725106
,,,,,,14435.0,-0.6808,0.01537,73.5888,3.394000226110486
,,,,,,14436.0,-0.67522,0.01557,74.5436,3.415737772442311
,,,,,,14437.0,-0.67708,0.01577,75.4885,3.3879881596103822
,,,,,,14438.0,-0.67522,0.01597,76.4434,3.289809055828171
,,,,,,14439.0,-0.67894,0.01616,77.3883,3.3958185263290086
,,,,,,14440.0,-0.67522,0.01636,78.3407,3.4336029138025825
,,,,,,14440.0,-0.67894,0.01636,78.3407,3.418321607966448
,,,,,,14440.0,-1.35603,0.01636,78.3407,3.4234956411250703
,,,,,,14441.0,-1.35417,0.01681,80.5002,3.271425654313797
,,,,,,14442.0,-1.35417,0.01718,82.2466,3.380114705631422
,,,,,,14443.0,-1.35417,0.01757,84.0993,3.337031346516915
,,,,,,14444.0,-1.35417,0.01797,86.0065,3.3688712086570116
,,,,,,14445.0,-1.35603,0.01836,87.8989,3.3168050279948105
,,,,,,14446.0,-1.35417,0.01876,89.8085,3.4713783294773646
,,,,,,14447.0,-1.35789,0.01915,91.6984,3.3788522431623207
,,,,,,14449.0,-1.35417,0.01955,93.6081,3.279564253919725
,,,,,,14450.0,-1.35417,0.01995,95.5153,3.267980914688081
,,,,,,14451.0,-1.35231,0.02035,97.4249,3.3095750110943225
,,,,,,14452.0,-1.35417,0.02074,99.2802,3.3363986599654565
,,,,,,14452.0,-1.35417,0.02089,100.0,3.362482697310328
,,,,,,14452.0,-1.35417,0.02089,100.0,3.441985403094939
,,,,,,,,,,
,,,,,,14452.0,0.6808,0.0,0.0,3.477530618433885
,,,,,,14453.0,0.6808,0.0002,13.3086,3.416525566567615
,,,,,,14454.0,0.6808,0.00039,25.1685,3.518069881209862
,,,,,,14455.0,0.6808,0.00058,38.1065,3.506314982957155
,,,,,,14456.0,0.6808,0.00078,51.0445,3.5227445145672096
,,,,,,14457.0,0.6808,0.00098,64.1173,3.4262440367445697
,,,,,,14458.0,0.6808,0.00118,77.19,3.4648924262907497
,,,,,,14459.0,0.6808,0.00138,90.128,3.481881312736741
,,,,,,14460.0,0.6808,0.00153,100.0,3.325005894798897
,,,,,,14460.0,0.0,0.00153,100.0,3.426162109893726
,,,,,,14461.0,0.0,0.00153,100.0,3.3994235552635033
,,,,,,14462.0,0.0,0.00153,100.0,3.397337500089182
,,,,,,14463.0,0.0,0.00153,100.0,3.3875403165159015
,,,,,,14464.0,0.0,0.00153,100.0,3.40142921952047
,,,,,,14465.0,0.0,0.00153,100.0,3.386972597838182
,,,,,,14466.0,0.0,0.00153,100.0,3.4337981569061182
,,,,,,14467.0,0.0,0.00153,100.0,3.479170841205944
,,,,,,14468.0,0.0,0.00153,100.0,3.41661890936942
,,,,,,14470.0,0.0,0.00153,100.0,3.4828733440337856
,,,,,,14471.0,0.0,0.00153,100.0,3.4603862081299264
,,,,,,14472.0,0.0,0.00153,100.0,3.452606434537321
,,,,,,14473.0,0.0,0.00153,100.0,3.4889444108206096
,,,,,,14474.0,0.0,0.00153,100.0,3.4218918255098534
,,,,,,14475.0,0.0,0.00153,100.0,3.432317006723513
,,,,,,14476.0,0.0,0.00153,100.0,3.4365842621275866
,,,,,,14476.0,0.0,0.00153,100.0,3.532835056027171
,,,,,,14476.0,0.0,0.00153,100.0,3.3601143326000447
,,,,,,,,,,
,,,,,,14476.0,-0.66964,0.0,0.0,3.477734365691791
,,,,,,14477.0,-0.67708,0.00019,0.47,3.335688115923609
,,,,,,14478.0,-0.67522,0.00039,0.9539,3.4652342473588953
,,,,,,14479.0,-0.67708,0.00059,1.4352,3.452971906416634
,,,,,,14480.0,-0.67708,0.00079,1.9203,3.4299726338942884
,,,,,,14481.0,-0.67522,0.00099,2.4041,3.4243012115116347
,,,,,,14482.0,-0.68266,0.00117,2.8389,3.4051211383106548
,,,,,,14483.0,-0.67336,0.00136,3.319,3.42632686551111
,,,,,,14485.0,-0.67894,0.00156,3.7991,3.36125530774691
,,,,,,14486.0,-0.67522,0.00176,4.2842,3.43400020389685
,,,,,,14487.0,-0.67522,0.00196,4.768,3.433785772775513
,,,,,,14488.0,-0.67522,0.00216,5.2493,3.3949639830841005
,,,,,,14489.0,-0.6715,0.00237,5.7608,3.471869902335412
,,,,,,14490.0,-0.67708,0.00256,6.217,3.4344284778307252
,,,,,,14491.0,-0.67708,0.00274,6.6745,3.351589385460682
,,,,,,14492.0,-0.67708,0.00292,7.1131,3.3304464329117662
,,,,,,14493.0,-0.67894,0.00312,7.5944,3.3556640246277785
,,,,,,14494.0,-0.67708,0.00332,8.0782,3.342584318736127
,,,,,,14495.0,-0.67522,0.00352,8.5646,3.323824849351505
,,,,,,14496.0,-0.67894,0.00372,9.0497,3.4043556006703066
,,,,,,14497.0,-0.67522,0.00392,9.5285,3.45610699304956
,,,,,,14498.0,-0.67522,0.00412,10.0148,3.4815977110362333
,,,,,,14499.0,-0.67708,0.00431,10.4949,3.452876503581324
,,,,,,14500.0,-0.67708,0.00451,10.98,3.358012061324579
,,,,,,14501.0,-0.67336,0.00471,11.4638,3.245109095456047
,,,,,,14502.0,-0.67708,0.00492,11.9577,3.4347637492662204
,,,,,,14503.0,-0.67894,0.0051,12.4013,3.375730963275326
,,,,,,14504.0,-0.67522,0.0053,12.8864,3.3803462997032363
,,,,,,14505.0,-0.67708,0.0055,13.3715,3.443184950444296
,,,,,,14507.0,-0.67336,0.0057,13.8516,3.464577335501928
,,,,,,14508.0,-0.67336,0.00589,14.3354,3.432475771727718
,,,,,,14509.0,-0.67522,0.00609,14.8205,3.4442282942677194
,,,,,,14510.0,-0.67708,0.00629,15.3006,3.4037776656123437
,,,,,,14511.0,-0.67894,0.00649,15.787,3.419210973600125
,,,,,,14511.0,-0.67708,0.00659,16.0295,3.4762816995585792
,,,,,,14511.0,-5.40923,0.00659,16.0295,3.3054258284703946
,,,,,,14512.0,-5.40179,0.00815,19.8286,3.1937144040193357
,,,,,,14513.0,-5.40365,0.00973,23.6654,3.268298337812154
,,,,,,14514.0,-5.40737,0.01131,27.4996,3.190450542697436
,,,,,,14515.0,-5.40551,0.01282,31.1894,3.1597811852497264
,,,,,,14516.0,-5.40923,0.0144,35.0261,3.1270582812092997
,,,,,,14517.0,-5.40923,0.0158,38.4243,3.197226542509094
,,,,,,14518.0,-5.40737,0.01739,42.2975,3.1203641894681047
,,,,,,14519.0,-5.41109,0.01856,45.1478,3.2267629024660707
,,,,,,14519.0,-3.38356,0.01856,45.1478,3.3162088546973023
,,,,,,14520.0,-3.3817,0.01956,47.5682,3.287305020662969
,,,,,,14521.0,-3.3817,0.02055,49.9899,3.2281087580780814
,,,,,,14522.0,-3.38356,0.02154,52.3865,3.2364972909859886
,,,,,,14523.0,-3.37798,0.02251,54.7391,3.2815656830502684
,,,,,,14524.0,-3.37984,0.02352,57.2061,3.277341779955803
,,,,,,14525.0,-3.37798,0.0244,59.3538,3.334834637483714
,,,,,,14527.0,-3.37612,0.0254,61.7742,3.298137575471319
,,,,,,14528.0,-3.3817,0.02639,64.1947,3.2358624180227182
,,,,,,14529.0,-3.37798,0.02738,66.5913,3.2786846190174743
,,,,,,14530.0,-3.37984,0.02836,68.9665,3.274729731718186
,,,,,,14531.0,-3.37984,0.02934,71.363,3.2180940463883663
,,,,,,14532.0,-3.37984,0.03037,73.8765,3.3007311345468895
,,,,,,14533.0,-3.3817,0.03127,76.0443,3.2172642489044745
,,,,,,14534.0,-3.37798,0.03225,78.4434,3.285690111017436
,,,,,,14535.0,-3.37984,0.03325,80.8626,3.2107456984348164
,,,,,,14536.0,-3.3817,0.03424,83.2843,3.3327714509710975
,,,,,,14537.0,-3.37984,0.03523,85.6822,3.257441691983796
,,,,,,14538.0,-3.3817,0.03622,88.1026,3.3113600252587894
,,,,,,14539.0,-3.3817,0.03725,90.5922,3.265405505730195
,,,,,,14540.0,-3.37984,0.03814,92.7613,3.270494658132848
,,,,,,14541.0,-3.37798,0.03912,95.1591,3.1603816873012263
,,,,,,14542.0,-3.37798,0.04012,97.5796,3.2316801132450896
,,,,,,14543.0,-3.37984,0.04111,100.0,3.2978507507177333
,,,,,,14543.0,-3.37984,0.04111,100.0,3.2696802725987917
,,,,,,,,,,
,,,,,,14543.0,1.35603,0.0,0.0,3.402122003817867
,,,,,,14544.0,1.35789,0.00041,13.597,3.4151004313562545
,,,,,,14545.0,1.35417,0.00081,26.7187,3.451224295086656
,,,,,,14546.0,1.35789,0.00121,39.6028,3.3347927167548277
,,,,,,14547.0,1.35789,0.0016,52.5887,3.5351980852942857
,,,,,,14549.0,1.35603,0.002,65.7104,3.394711483769373
,,,,,,14550.0,1.35603,0.0024,78.8321,3.5069666762578904
,,,,,,14551.0,1.35417,0.0028,91.835,3.4398879035626364
,,,,,,14551.0,1.35975,0.00304,100.0,3.39249901029503
,,,,,,14551.0,1.35975,0.00304,100.0,3.546466827015964
,,,,,,,,,,
,,,,,,14551.0,-1.35231,0.0,0.0,3.390928927359401
,,,,,,14552.0,-1.35231,0.00037,3.071,3.2434668629661108
,,,,,,14553.0,-1.35417,0.00076,6.3525,3.2891461821479493
,,,,,,14554.0,-1.35603,0.00116,9.6684,3.3305827164504
,,,,,,14555.0,-1.35231,0.00156,12.9499,3.382506293245367
,,,,,,14557.0,-1.35603,0.00198,16.4848,3.45487290235631
,,,,,,14558.0,-1.35417,0.00234,19.4227,3.4028570264660747
,,,,,,14559.0,-1.35231,0.00274,22.7386,3.393405198898636
,,,,,,14560.0,-1.35231,0.00313,26.0545,3.3327517452803987
,,,,,,14561.0,-1.35231,0.00353,29.336,3.341376121089719
,,,,,,14562.0,-1.35417,0.00393,32.6518,3.330460093301583
,,,,,,14563.0,-1.35417,0.00433,35.9634,3.25645688428763
,,,,,,14564.0,-1.35789,0.00472,39.2191,3.2937383006308227
,,,,,,14565.0,-1.35417,0.00511,42.5006,3.3895673634210155
,,,,,,14566.0,-1.35231,0.00551,45.8165,3.35522160542401
,,,,,,14567.0,-1.35045,0.00591,49.098,3.3087000502542607
,,,,,,14568.0,-1.35417,0.00631,52.4139,3.3333946375352173
,,,,,,14569.0,-1.35417,0.0067,55.7297,3.351096749974489
,,,,,,14570.0,-1.35417,0.0071,59.0155,3.29803336735563
,,,,,,14571.0,-1.35231,0.00745,61.9234,3.2570445196117155
,,,,,,14572.0,-1.35231,0.00785,65.2349,3.3830284694998793
,,,,,,14573.0,-1.35417,0.00824,68.5164,3.363567180694274
,,,,,,14574.0,-1.35417,0.00866,72.017,3.3323854752191595
,,,,,,14575.0,-1.35231,0.00905,75.2384,3.284933114561899
,,,,,,14576.0,-1.35603,0.00945,78.5543,3.357486790680541
,,,,,,14577.0,-1.35045,0.00984,81.8357,3.3986433412395947
,,,,,,14578.0,-1.35417,0.01024,85.1173,3.3893245543181556
,,,,,,14580.0,-1.35417,0.01064,88.4331,3.32903258845956
,,,,,,14581.0,-1.35417,0.01104,91.749,3.416720562845368
,,,,,,14582.0,-1.35603,0.01143,95.0305,3.2869211138786554
,,,,,,14583.0,-1.35603,0.01183,98.3464,3.304697994870683
,,,,,,14583.0,-1.35417,0.01203,100.0,3.387020837855153
,,,,,,14583.0,-1.35417,0.01203,100.0,3.382822806205378
,,,,,,,,,,
,,,,,,14583.0,2.70089,0.0,0.0,3.5389683376791647
,,,,,,14584.0,2.70647,0.00082,13.5059,3.5073350984405485
,,,,,,14585.0,2.70833,0.00161,26.5179,3.4486407884063026
,,,,,,14586.0,2.70647,0.00241,39.6492,3.4386650098799074
,,,,,,14587.0,2.70833,0.00319,52.5419,3.469338324004524
,,,,,,14589.0,2.70833,0.00399,65.6817,3.5693013432923038
,,,,,,14590.0,2.70461,0.00478,78.8129,3.5352216790540294
,,,,,,14591.0,2.70647,0.00557,91.8249,3.554096569722857
,,,,,,14591.0,2.70833,0.00607,100.0,3.5078313488033337
,,,,,,14591.0,0.0,0.00607,100.0,3.3797861797649644
,,,,,,14592.0,0.0,0.00607,100.0,3.4451507159284755
,,,,,,14593.0,0.0,0.00607,100.0,3.363292830174554
,,,,,,14594.0,0.0,0.00607,100.0,3.471599789359377
,,,,,,14595.0,0.0,0.00607,100.0,3.4049800091972084
,,,,,,14597.0,0.0,0.00607,100.0,3.405201272486333
,,,,,,14598.0,0.0,0.00607,100.0,3.4313205224872174
,,,,,,14599.0,0.0,0.00607,100.0,3.3967505676998306
,,,,,,14600.0,0.0,0.00607,100.0,3.456388767506501
,,,,,,14601.0,0.0,0.00607,100.0,3.4076665372269077
,,,,,,14602.0,0.0,0.00607,100.0,3.4686703234893783
,,,,,,14603.0,0.0,0.00607,100.0,3.4442873484999375
,,,,,,14604.0,0.0,0.00607,100.0,3.4334170323273314
,,,,,,14605.0,0.0,0.00607,100.0,3.3906379420185053
,,,,,,14606.0,0.0,0.00607,100.0,3.4343957948312407
,,,,,,14607.0,0.0,0.00607,100.0,3.464404287143772
,,,,,,14608.0,0.0,0.00607,100.0,3.490556752017052
,,,,,,14609.0,0.0,0.00607,100.0,3.4591265887615092
,,,,,,14610.0,0.0,0.00607,100.0,3.403539297154301
,,,,,,14611.0,0.0,0.00607,100.0,3.453187552911687
,,,,,,14612.0,0.0,0.00607,100.0,3.3706101503363968
,,,,,,14613.0,0.0,0.00607,100.0,3.4235920556887987
,,,,,,14614.0,0.0,0.00607,100.0,3.4951318492273744
,,,,,,14615.0,0.0,0.00607,100.0,3.3630226143656494
,,,,,,14617.0,0.0,0.00607,100.0,3.3971160932096005
,,,,,,14618.0,0.0,0.00607,100.0,3.4230674919006834
,,,,,,14619.0,0.0,0.00607,100.0,3.4015648623467256
,,,,,,14620.0,0.0,0.00607,100.0,3.360034699792383
,,,,,,14621.0,0.0,0.00607,100.0,3.461770763632271
,,,,,,14622.0,0.0,0.00607,100.0,3.3174454954343746
,,,,,,14623.0,0.0,0.00607,100.0,3.526058129276477
,,,,,,14624.0,0.0,0.00607,100.0,3.5031555298548187
,,,,,,14625.0,0.0,0.00607,100.0,3.4497485586865224
,,,,,,14626.0,0.0,0.00607,100.0,3.3798118828310786
,,,,,,14627.0,0.0,0.00607,100.0,3.389490816216855
,,,,,,14628.0,0.0,0.00607,100.0,3.408679997274187
,,,,,,14629.0,0.0,0.00607,100.0,3.4338321198002366
,,,,,,14630.0,0.0,0.00607,100.0,3.3870356381536104
,,,,,,14630.0,0.0,0.00607,100.0,3.379879849986327
,,,,,,14630.0,0.0,0.00607,100.0,3.4934242574412466
,,,,,,14631.0,0.0,0.00607,100.0,3.4095392550051287
,,,,,,14632.0,0.0,0.00607,100.0,3.435335806948038
,,,,,,14634.0,0.0,0.00607,100.0,3.421220821878009
,,,,,,14635.0,0.0,0.00607,100.0,3.5051852112436754
,,,,,,14636.0,0.0,0.00607,100.0,3.3844597242026637
,,,,,,14637.0,0.0,0.00607,100.0,3.4169983755214366
,,,,,,14638.0,0.0,0.00607,100.0,3.3425055496369054
,,,,,,14639.0,0.0,0.00607,100.0,3.467886106654633
,,,,,,14640.0,0.0,0.00607,100.0,3.41967893819878
,,,,,,14641.0,0.0,0.00607,100.0,3.4443316102139314
,,,,,,14642.0,0.0,0.00607,100.0,3.4849668331877948
,,,,,,14643.0,0.0,0.00607,100.0,3.477953225773698
,,,,,,14644.0,0.0,0.00607,100.0,3.4657381743177775
,,,,,,14645.0,0.0,0.00607,100.0,3.486203738652934
,,,,,,14646.0,0.0,0.00607,100.0,3.4192964201477323
,,,,,,14647.0,0.0,0.00607,100.0,3.3632138872038
,,,,,,14647.0,0.0,0.00607,100.0,3.425298904496549
,,,,,,14647.0,0.0,0.00607,100.0,3.4305470372133726
,,,,,,,,,,
,,,,,,14647.0,-0.66778,0.0,0.0,3.378371358491686
,,,,,,14648.0,-0.67522,0.00019,1.9503,3.400876711603302
,,,,,,14649.0,-0.6808,0.00037,3.732,3.451553478690025
,,,,,,14650.0,-0.67336,0.00057,5.7667,3.4110765034422346
,,,,,,14652.0,-0.67708,0.00076,7.7803,3.391500421496563
,,,,,,14653.0,-0.67522,0.00096,9.815,3.366753107784902
,,,,,,14654.0,-0.67708,0.00116,11.8497,3.4179651257221866
,,,,,,14655.0,-0.67708,0.00136,13.8633,3.3928766297178323
,,,,,,14656.0,-0.67708,0.00156,15.8927,3.326064148470229
,,,,,,14657.0,-0.67708,0.00176,17.9221,3.3928187608299103
,,,,,,14658.0,-0.67708,0.00195,19.941,3.435079418968063
,,,,,,14659.0,-0.67522,0.00215,21.9756,3.445230186128841
,,,,,,14660.0,-0.67336,0.00235,23.9523,3.4165784372098025
,,,,,,14661.0,-0.67336,0.00254,25.9607,3.3996051403147365
,,,,,,14662.0,-0.67522,0.00275,28.0481,3.4275662061101024
,,,,,,14663.0,-0.67708,0.00293,29.8456,3.349492566084364
,,,,,,14664.0,-0.67522,0.00313,31.8802,3.475633392135258
,,,,,,14665.0,-0.67336,0.00332,33.8938,3.3749507154084166
,,,,,,14666.0,-0.67894,0.00352,35.9233,3.408009859326923
,,,,,,14667.0,-0.67708,0.00372,37.9421,3.423731880957483
,,,,,,14668.0,-0.67894,0.00392,39.9821,3.410753204568069
,,,,,,14669.0,-0.67708,0.00412,42.0115,3.3430203043672653
,,,,,,14670.0,-0.67708,0.00432,44.0304,3.5358907832445174
,,,,,,14671.0,-0.67894,0.00451,46.044,3.3557026308543065
,,,,,,14673.0,-0.6715,0.00471,48.0734,3.3965451200706127
,,,,,,14674.0,-0.67894,0.00491,50.1081,3.3621661222526624
,,,,,,14675.0,-0.67894,0.00511,52.1269,3.459228489085657
,,,,,,14675.0,-0.67522,0.00526,53.6398,3.40012882089491
,,,,,,14675.0,-1.35045,0.00526,53.6398,3.3162330394986084
,,,,,,14676.0,-1.35417,0.00568,57.9042,3.3326853632875046
,,,,,,14678.0,-1.35417,0.00607,61.9735,3.4347472645981347
,,,,,,14679.0,-1.35417,0.00647,66.0376,3.2983969297250857
,,,,,,14680.0,-1.35417,0.00687,70.0701,3.34951677057643
,,,,,,14681.0,-1.35603,0.00727,74.1342,3.3406146686414675
,,,,,,14682.0,-1.35603,0.00767,78.2036,3.352858704748407
,,,,,,14683.0,-1.35417,0.00806,82.236,3.3338382725431503
,,,,,,14684.0,-1.35417,0.00846,86.3001,3.3560503206754917
,,,,,,14685.0,-1.34859,0.00886,90.3642,3.410715985570589
,,,,,,14686.0,-1.35417,0.00925,94.3914,3.313767047543641
,,,,,,14687.0,-1.35231,0.0096,97.96,3.3287003533414614
,,,,,,14687.0,-1.35975,0.0098,100.0,3.296572247230583
,,,,,,14687.0,-1.35975,0.0098,100.0,3.2986012084576153
,,,,,,,,,,
,,,,,,14687.0,0.67894,0.0,0.0,3.2424991299117014
,,,,,,14688.0,0.67894,0.00018,12.0358,3.437114171346668
,,,,,,14689.0,0.67894,0.00038,25.5846,3.4801401347450067
,,,,,,14691.0,0.67894,0.00058,38.7552,3.392556719843898
,,,,,,14692.0,0.67894,0.00078,52.0633,3.3606359042521063
,,,,,,14693.0,0.67894,0.00098,65.2338,3.4590119201988507
,,,,,,14694.0,0.67894,0.00116,76.9257,3.406926299015251
,,,,,,14695.0,0.67894,0.00136,90.1994,3.3630393033499124
,,,,,,14695.0,0.67894,0.0015,100.0,3.48540917324565
,,,,,,14695.0,0.0,0.0015,100.0,3.3951318809867486
,,,,,,14696.0,0.0,0.0015,100.0,3.491150466365534
,,,,,,14697.0,0.0,0.0015,100.0,3.3757464796373706
,,,,,,14699.0,0.0,0.0015,100.0,3.3486048837311992
,,,,,,14700.0,0.0,0.0015,100.0,3.4871123085505236
,,,,,,14701.0,0.0,0.0015,100.0,3.3816389348522384
,,,,,,14702.0,0.0,0.0015,100.0,3.443949862268558
,,,,,,14703.0,0.0,0.0015,100.0,3.3382260152946137
,,,,,,14704.0,0.0,0.0015,100.0,3.398708726018877
,,,,,,14705.0,0.0,0.0015,100.0,3.3928933104440717
,,,,,,14706.0,0.0,0.0015,100.0,3.4573131606003678
,,,,,,14707.0,0.0,0.0015,100.0,3.2944629842718216
,,,,,,14708.0,0.0,0.0015,100.0,3.488533570654363
,,,,,,14709.0,0.0,0.0015,100.0,3.2803232225878607
,,,,,,14710.0,0.0,0.0015,100.0,3.4149376605138846
,,,,,,14711.0,0.0,0.0015,100.0,3.3513325760441557
,,,,,,14712.0,0.0,0.0015,100.0,3.4625092585732147
,,,,,,14712.0,0.0,0.0015,100.0,3.4506618370494233
,,,,,,,,,,
,,,,,,14712.0,-0.67522,0.0,0.0,3.42685213254047
,,,,,,14713.0,-0.67336,0.0002,0.9565,3.454046181001446
,,,,,,14714.0,-0.67708,0.00037,1.794,3.4302218675293448
,,,,,,14715.0,-0.67894,0.00057,2.748,3.523082948045256
,,,,,,14716.0,-0.67336,0.00077,3.702,3.3130868553276462
,,,,,,14717.0,-0.67336,0.00097,4.6485,3.3456669071363523
,,,,,,14718.0,-0.67708,0.00116,5.5579,3.330512872058665
,,,,,,14719.0,-0.67522,0.00136,6.5044,3.401896836400456
,,,,,,14720.0,-0.67894,0.00156,7.4609,3.4414675493891473
,,,,,,14721.0,-0.67522,0.00175,8.4075,3.383342880061514
,,,,,,14722.0,-0.67894,0.00193,9.245,3.3499415499758185
,,,,,,14723.0,-0.67522,0.00213,10.2039,3.448566975029575
,,,,,,14724.0,-0.67894,0.00232,11.148,3.3298414094914275
,,,,,,14725.0,-0.67708,0.00252,12.0871,3.322808557399564
,,,,,,14726.0,-0.67708,0.00272,13.0634,3.3094939489827713
,,,,,,14727.0,-0.67708,0.00292,14.0075,3.498715268068815
,,,,,,14728.0,-0.67894,0.00312,14.9639,3.416291605899167
,,,,,,14729.0,-0.67522,0.00331,15.8659,3.3836478412430875
,,,,,,14730.0,-0.67522,0.0035,16.7926,3.383986319384354
,,,,,,14731.0,-0.67522,0.0037,17.7466,3.4209780810337524
,,,,,,14732.0,-0.67522,0.0039,18.6907,3.353345591085237
,,,,,,14733.0,-0.67708,0.0041,19.6472,3.3802507971973315
,,,,,,14734.0,-0.67522,0.00429,20.5664,3.4385580912846705
,,,,,,14735.0,-0.67894,0.00449,21.5204,3.308194053985828
,,,,,,14736.0,-0.67894,0.00468,22.4571,3.4570279945528424
,,,,,,14737.0,-0.67708,0.00488,23.4036,3.4142836063127056
,,,,,,14739.0,-0.67522,0.00508,24.3601,3.4054727091231674
,,,,,,14740.0,-0.66964,0.00528,25.3116,3.389649973774741
,,,,,,14741.0,-0.67522,0.00548,26.2581,3.3981266813492126
,,,,,,14742.0,-0.67708,0.00567,27.2047,3.4033845982572792
,,,,,,14743.0,-0.67336,0.00587,28.1612,3.410581712800678
,,,,,,14744.0,-0.67708,0.00607,29.1077,3.3611910012119393
,,,,,,14745.0,-0.67894,0.00627,30.0617,3.364219945716782
,,,,,,14746.0,-0.67522,0.00647,31.0182,3.3968907072287697
,,,,,,14747.0,-0.67708,0.00667,31.9746,3.441307448383875
,,,,,,14748.0,-0.67522,0.00686,32.9212,3.377880856927826
,,,,,,14749.0,-0.68266,0.00704,33.7587,3.3919245828505304
,,,,,,14750.0,-0.67708,0.00724,34.7152,3.435775413005446
,,,,,,14751.0,-0.6715,0.00744,35.6617,3.4132215830498804
,,,,,,14752.0,-0.67708,0.00764,36.6157,3.409621654523608
,,,,,,14753.0,-0.67336,0.00783,37.5722,3.4432560895220927
,,,,,,14754.0,-0.67522,0.00803,38.5262,3.374016534821072
,,,,,,14755.0,-0.67708,0.00823,39.4801,3.3872406999267235
,,,,,,14756.0,-0.6808,0.00843,40.4292,3.4508244808875275
,,,,,,14757.0,-0.6808,0.00863,41.3881,3.3763692605649407
,,,,,,14759.0,-0.67522,0.00883,42.3446,3.380461853980401
,,,,,,14760.0,-0.67336,0.00903,43.2911,3.3576519595774728
,,,,,,14761.0,-0.67894,0.00923,44.2501,3.3096834185172583
,,,,,,14762.0,-0.67522,0.00943,45.2041,3.334391845210833
,,,,,,14763.0,-0.67708,0.00962,46.1506,3.3743417586775433
,,,,,,14764.0,-0.67708,0.00981,47.0228,3.339000619672846
,,,,,,14765.0,-0.67708,0.01,47.9793,3.435290923085115
,,,,,,14766.0,-0.67708,0.0102,48.9258,3.4735788559519225
,,,,,,14767.0,-0.67522,0.01038,49.7658,3.3560557498972203
,,,,,,14768.0,-0.67522,0.01058,50.7223,3.3795492567260847
,,,,,,14769.0,-0.67522,0.01078,51.6936,3.4349274640180933
,,,,,,14770.0,-0.67522,0.01098,52.6501,3.340301005368028
,,,,,,14771.0,-0.67336,0.01118,53.5967,3.3338756899822055
,,,,,,14772.0,-0.67894,0.01138,54.5506,3.2945111510703886
,,,,,,14773.0,-0.67522,0.01157,55.5071,3.380699857977197
,,,,,,14774.0,-0.67708,0.01177,56.4537,3.4290733662777853
,,,,,,14775.0,-0.68266,0.01197,57.4126,3.480872932191548
,,,,,,14776.0,-0.67894,0.01217,58.3691,3.49442444898257
,,,,,,14777.0,-0.67522,0.01237,59.3156,3.3874482525986256
,,,,,,14778.0,-0.67522,0.01256,60.2349,3.381232157613039
,,,,,,14779.0,-0.67522,0.01276,61.1815,3.417334332997475
,,,,,,14780.0,-0.6808,0.01293,62.0215,3.319554011410943
,,,,,,14781.0,-0.67522,0.01313,62.9779,3.2718209077304383
,,,,,,14783.0,-0.67894,0.01333,63.9344,3.3523048004104146
,,,,,,14784.0,-0.67708,0.01353,64.8809,3.4128241573192053
,,,,,,14785.0,-0.66964,0.01373,65.8374,3.4306783732766544
,,,,,,14786.0,-0.67522,0.01393,66.7939,3.2895200301592906
,,,,,,14787.0,-0.6808,0.01413,67.7479,3.3606606094890723
,,,,,,14788.0,-0.67522,0.01432,68.6944,3.3760591648337295
,,,,,,14789.0,-0.6808,0.01452,69.6509,3.4173563128026907
,,,,,,14790.0,-0.67522,0.01472,70.6073,3.3880116581725566
,,,,,,14791.0,-0.67894,0.01492,71.5564,3.4004496025764777
,,,,,,14792.0,-0.67522,0.01512,72.5103,3.2872482877201232
,,,,,,14793.0,-0.67522,0.01532,73.4569,3.478233675385785
,,,,,,14794.0,-0.68266,0.01552,74.4134,3.4335160494840706
,,,,,,14795.0,-0.67522,0.01572,75.3698,3.4112699228216106
,,,,,,14796.0,-0.67708,0.01591,76.3139,3.3875035728302665
,,,,,,14797.0,-0.67708,0.01611,77.2605,3.3630949722554613
,,,,,,14798.0,-0.67708,0.01631,78.2169,3.3861175318506294
,,,,,,14799.0,-0.67522,0.01636,78.4598,3.4231739261421454
,,,,,,14799.0,-1.35789,0.01636,78.4598,3.3059760747077624
,,,,,,14800.0,-1.35603,0.0167,80.1051,3.4082404042203085
,,,,,,14801.0,-1.35045,0.01713,82.1592,3.3758493506779104
,,,,,,14802.0,-1.35417,0.0175,83.926,3.3169465903900135
,,,,,,14803.0,-1.35417,0.0179,85.8364,3.3738822265684947
,,,,,,14804.0,-1.35231,0.01829,87.732,3.239259391681001
,,,,,,14805.0,-1.35231,0.01869,89.6424,3.3451602350608884
,,,,,,14806.0,-1.35417,0.01909,91.5529,3.28245504277922
,,,,,,14807.0,-1.35231,0.01949,93.4485,3.2969004191908624
,,,,,,14808.0,-1.35603,0.01988,95.3589,3.4125471026468155
,,,,,,14809.0,-1.35603,0.02026,97.148,3.278325533084741
,,,,,,14810.0,-1.35603,0.02065,99.0435,3.365295877302357
,,,,,,14811.0,-1.35789,0.02085,100.0,3.337019051072054
,,,,,,14811.0,-1.35789,0.02085,100.0,3.319771166127106
,,,,,,,,,,
,,,,,,14811.0,0.67894,0.0,0.0,3.4242950204283225
,,,,,,14812.0,0.67894,0.0002,12.8084,3.475863441593613
,,,,,,14813.0,0.67894,0.0004,26.1237,3.4172247708668513
,,,,,,14814.0,0.67894,0.0006,39.0673,3.403713155802227
,,,,,,14815.0,0.67894,0.0008,52.146,3.292962112437595
,,,,,,14816.0,0.67894,0.001,65.3261,3.419086886689555
,,,,,,14817.0,0.67894,0.00118,77.1882,3.4808082798681688
,,,,,,14818.0,0.67894,0.00138,90.267,3.4055084701438827
,,,,,,14819.0,0.67894,0.00153,100.0,3.4760640094890687
,,,,,,14819.0,0.0,0.00153,100.0,3.3947001725953267
,,,,,,14820.0,0.0,0.00153,100.0,3.3839168363929693
,,,,,,14821.0,0.0,0.00153,100.0,3.437408904863131
,,,,,,14822.0,0.0,0.00153,100.0,3.389919813298219
,,,,,,14823.0,0.0,0.00153,100.0,3.5046854588687255
,,,,,,14824.0,0.0,0.00153,100.0,3.3640216405047134
,,,,,,14825.0,0.0,0.00153,100.0,3.4231000406552883
,,,,,,14826.0,0.0,0.00153,100.0,3.441895198091257
,,,,,,14827.0,0.0,0.00153,100.0,3.3445043630221334
,,,,,,14828.0,0.0,0.00153,100.0,3.3844165527700296
,,,,,,14829.0,0.0,0.00153,100.0,3.395993659065734
,,,,,,14830.0,0.0,0.00153,100.0,3.295277497649088
,,,,,,14831.0,0.0,0.00153,100.0,3.429917961108381
,,,,,,14832.0,0.0,0.00153,100.0,3.389484642527403
,,,,,,14833.0,0.0,0.00153,100.0,3.4979955803172156
,,,,,,14834.0,0.0,0.00153,100.0,3.401921870590409
,,,,,,14835.0,0.0,0.00153,100.0,3.44911943961216
,,,,,,14835.0,0.0,0.00153,100.0,3.4290840581973128
,,,,,,,,,,
,,,,,,14835.0,-0.67336,0.0,0.0,3.4528462184740807
,,,,,,14836.0,-0.67894,0.00019,0.4698,3.4107548104961225
,,,,,,14837.0,-0.67708,0.00039,0.9546,3.3387639659936115
,,,,,,14838.0,-0.67708,0.00059,1.4294,3.378443817125173
,,,,,,14839.0,-0.67336,0.00079,1.9142,3.3340348582521466
,,,,,,14840.0,-0.67522,0.00099,2.3991,3.4181193783464976
,,,,,,14841.0,-0.67522,0.00118,2.8789,3.409706783618875
,,,,,,14842.0,-0.67708,0.00136,3.3122,3.4478676221921667
,,,,,,14843.0,-0.67336,0.00156,3.792,3.409156419858993
,,,,,,14844.0,-0.67522,0.00176,4.2756,3.416585951010659
,,,,,,14845.0,-0.67708,0.00196,4.7592,3.2817647374633983
,,,,,,14846.0,-0.6808,0.00216,5.2428,3.3566460129309807
,,,,,,14847.0,-0.67708,0.00238,5.7791,3.3195942228038122
,,,,,,14848.0,-0.67522,0.00257,6.2539,3.489046393630974
,,,,,,14849.0,-0.67522,0.00277,6.7337,3.419783669571881
,,,,,,14850.0,-0.67336,0.00297,7.2173,3.282683026205684
,,,,,,14852.0,-0.67522,0.00317,7.7022,3.41236104800306
,,,,,,14853.0,-0.67894,0.00337,8.182,3.405021029625765
,,,,,,14854.0,-0.6808,0.00357,8.6681,3.433434874977236
,,,,,,14855.0,-0.67894,0.00376,9.1491,3.3443591181149737
,,,,,,14856.0,-0.6808,0.00394,9.5737,3.3439368091517307
,,,,,,14857.0,-0.6808,0.00414,10.0585,3.3599990716804182
,,,,,,14858.0,-0.6808,0.00434,10.5383,3.3012302571649728
,,,,,,14859.0,-0.67708,0.00453,11.0232,3.2979171586111997
,,,,,,14860.0,-0.67336,0.00473,11.508,3.4042794613542293
,,,,,,14861.0,-0.67894,0.00492,11.9665,3.4120405942189342
,,,,,,14862.0,-0.67522,0.00512,12.4363,3.3841798945057615
,,,,,,14863.0,-0.67522,0.00532,12.9211,3.3888735184053123
,,,,,,14864.0,-0.67522,0.00551,13.4047,3.2800358214522545
,,,,,,14865.0,-0.67522,0.00571,13.8895,3.4454948020217433
,,,,,,14866.0,-0.66964,0.00591,14.3731,3.370920718443635
,,,,,,14867.0,-0.67708,0.00611,14.8579,3.2964866942474496
,,,,,,14868.0,-0.67522,0.00631,15.3378,3.425859177661924
,,,,,,14869.0,-0.67894,0.00651,15.8213,3.3232300044424
,,,,,,14870.0,-0.6808,0.00658,16.006,3.268306401306291
,,,,,,14870.0,-5.39807,0.00658,16.006,3.2148910495668903
,,,,,,14871.0,-5.40737,0.00816,19.8407,3.215543731218678
,,,,,,14872.0,-5.41109,0.00974,23.6755,3.183273379330394
,,,,,,14873.0,-5.41109,0.0113,27.4738,3.198203536359756
,,,,,,14874.0,-5.41109,0.01282,31.1641,3.1581315115767135
,,,,,,14875.0,-5.40551,0.01441,35.0353,3.2069717086108116
,,,,,,14876.0,-5.40737,0.016,38.9052,3.174107677925701
,,,,,,14877.0,-5.40923,0.01758,42.7412,3.1443638065757646
,,,,,,14878.0,-5.40923,0.01857,45.1516,3.15652380942253
,,,,,,14878.0,-3.37612,0.01857,45.1516,3.284812271344229
,,,,,,14879.0,-3.37798,0.01962,47.6838,3.2172847238183824
,,,,,,14880.0,-3.37798,0.02051,49.8518,3.1951691753596436
,,,,,,14881.0,-3.37984,0.02159,52.4782,3.2866354100721002
,,,,,,14882.0,-3.38356,0.02247,54.6236,3.2681860545234773
,,,,,,14883.0,-3.3817,0.0235,57.1344,3.1996370192566137
,,,,,,14884.0,-3.37984,0.02439,59.3024,3.333788261222026
,,,,,,14885.0,-3.37984,0.02539,61.7216,3.205434272404328
,,,,,,14886.0,-3.37984,0.02639,64.142,3.2580182634388963
,,,,,,14887.0,-3.3817,0.02737,66.5386,3.09487046136976
,,,,,,14888.0,-3.3817,0.02837,68.959,3.221887343770315
,,,,,,14889.0,-3.3817,0.02936,71.3782,3.3378137050445638
,,,,,,14890.0,-3.3817,0.03047,74.0711,3.22280100339743
,,,,,,14891.0,-3.37984,0.03147,76.4916,3.262922489587393
,,,,,,14892.0,-3.37984,0.03246,78.9107,3.25409997710749
,,,,,,14893.0,-3.3817,0.03345,81.3073,3.2639450577051754
,,,,,,14895.0,-3.37798,0.03444,83.7265,3.198241821340834
,,,,,,14896.0,-3.37984,0.03544,86.1457,3.1627640813865
,,,,,,14897.0,-3.37426,0.03635,88.3601,3.1957011442439263
,,,,,,14898.0,-3.37426,0.03741,90.9375,3.054298586504653
,,,,,,14899.0,-3.37984,0.03842,93.4019,3.2282723637387303
,,,,,,14900.0,-3.3817,0.0394,95.7759,3.2908211639912204
,,,,,,14901.0,-3.38542,0.04039,98.1963,3.21436753291319
,,,,,,14902.0,-3.38356,0.04114,100.0,3.1306866287364836
,,,,,,14902.0,-3.38356,0.04114,100.0,3.178206337458605
,,,,,,,,,,
,,,,,,14902.0,1.35975,0.0,0.0,3.375531696858875
,,,,,,14903.0,1.35231,0.00041,13.683,3.406538394636771
,,,,,,14904.0,1.35417,0.0008,26.4947,3.4596944311394107
,,,,,,14905.0,1.35603,0.00119,39.1869,3.4217736095725835
,,,,,,14906.0,1.35417,0.00158,52.3574,3.371453973072622
,,,,,,14907.0,1.35417,0.00198,65.5449,3.4226617400505317
,,,,,,14908.0,1.35603,0.00238,78.7154,3.4954811859603585
,,,,,,14909.0,1.35417,0.00278,91.7834,3.459387894793463
,,,,,,14910.0,1.35417,0.00302,100.0,3.4424954972275312
,,,,,,14910.0,1.35417,0.00302,100.0,3.4197470839687605
,,,,,,,,,,
,,,,,,14910.0,-1.35231,0.0,0.0,3.333506720599956
,,,,,,14911.0,-1.35603,0.0004,3.3412,3.342939397870911
,,,,,,14912.0,-1.35603,0.0008,6.6138,3.2988216480486092
,,,,,,14913.0,-1.35231,0.0012,9.9165,3.281360597475503
,,,,,,14914.0,-1.35417,0.00159,13.1891,3.3390442772461233
,,,,,,14915.0,-1.35417,0.00194,16.0891,3.3387814202475203
,,,,,,14916.0,-1.35231,0.00237,19.6102,3.325317201443797
,,,,,,14917.0,-1.35045,0.00276,22.8828,3.391333035451975
,,,,,,14918.0,-1.35045,0.00316,26.1855,3.41860138449772
,,,,,,14919.0,-1.35789,0.00356,29.4924,3.2822535073909114
,,,,,,14920.0,-1.35603,0.00395,32.765,3.2895417258065125
,,,,,,14921.0,-1.35417,0.00435,36.0677,3.315865221598703
,,,,,,14922.0,-1.35231,0.00478,39.5931,3.2252639753639776
,,,,,,14923.0,-1.35231,0.00516,42.7372,3.231926196490237
,,,,,,14924.0,-1.35417,0.00555,46.0441,3.3571654871058714
,,,,,,14926.0,-1.35417,0.00595,49.351,3.3289924086295923
,,,,,,14927.0,-1.35045,0.00635,52.6237,3.216666487324608
,,,,,,14928.0,-1.35045,0.00675,55.9306,3.261176503077662
,,,,,,14929.0,-1.35603,0.00715,59.2375,3.276132099298365
,,,,,,14930.0,-1.35417,0.00754,62.5145,3.2905083675437554
,,,,,,14931.0,-1.35603,0.00794,65.8257,3.4054246571934286
,,,,,,14932.0,-1.35231,0.0083,68.8456,3.3725646191157015
,,,,,,14933.0,-1.35603,0.00873,72.341,3.271556667587326
,,,,,,14934.0,-1.35045,0.00908,75.3052,3.381805420087539
,,,,,,14935.0,-1.35603,0.00948,78.6078,3.220129883713274
,,,,,,14936.0,-1.35603,0.00988,81.8848,3.3180355376784787
,,,,,,14937.0,-1.35417,0.01028,85.1874,3.298688573569902
,,,,,,14938.0,-1.35045,0.01067,88.49,3.284921869925282
,,,,,,14939.0,-1.35045,0.01107,91.767,3.3869215718027625
,,,,,,14940.0,-1.35603,0.01147,95.0696,3.223479014837146
,,,,,,14941.0,-1.35603,0.01186,98.3465,3.3108827810882815
,,,,,,14942.0,-1.35417,0.01206,100.0,3.34022520046289
,,,,,,14942.0,-1.35417,0.01206,100.0,3.346364608079763
,,,,,,,,,,
,,,,,,14942.0,2.70833,0.0,0.0,3.40868913464617
,,,,,,14943.0,2.70461,0.00075,12.4689,3.3986524020729214
,,,,,,14944.0,2.70647,0.00153,25.4349,3.402860799407321
,,,,,,14945.0,2.70833,0.00226,37.4068,3.4844514449399235
,,,,,,14946.0,2.70833,0.00305,50.6299,3.549216769448284
,,,,,,14947.0,2.70647,0.00384,63.7158,3.4725377563931543
,,,,,,14948.0,2.70647,0.00464,76.9303,3.502290953897661
,,,,,,14949.0,2.70647,0.00544,90.1448,3.4786661164594057
,,,,,,14950.0,2.70833,0.00603,100.0,3.4220675721591105
,,,,,,14950.0,0.0,0.00603,100.0,3.3833609634282205
,,,,,,14951.0,0.0,0.00603,100.0,3.3846878851140594
,,,,,,14952.0,0.0,0.00603,100.0,3.3850814982909885
,,,,,,14953.0,0.0,0.00603,100.0,3.427100166563422
,,,,,,14954.0,0.0,0.00603,100.0,3.4580386092376996
,,,,,,14955.0,0.0,0.00603,100.0,3.376952461090683
,,,,,,14956.0,0.0,0.00603,100.0,3.384962731134734
,,,,,,14957.0,0.0,0.00603,100.0,3.3935817479844195
,,,,,,14958.0,0.0,0.00603,100.0,3.4045569247414242
,,,,,,14959.0,0.0,0.00603,100.0,3.399203775982895
,,,,,,14960.0,0.0,0.00603,100.0,3.3622228086635366
,,,,,,14961.0,0.0,0.00603,100.0,3.4575303707759386
,,,,,,14963.0,0.0,0.00603,100.0,3.4995324675114716
,,,,,,14964.0,0.0,0.00603,100.0,3.345453594732184
,,,,,,14965.0,0.0,0.00603,100.0,3.2763309053630225
,,,,,,14966.0,0.0,0.00603,100.0,3.379270475289696
,,,,,,14967.0,0.0,0.00603,100.0,3.3803418924213737
,,,,,,14968.0,0.0,0.00603,100.0,3.3955998627562805
,,,,,,14969.0,0.0,0.00603,100.0,3.3599959315093906
,,,,,,14970.0,0.0,0.00603,100.0,3.392145465870159
,,,,,,14971.0,0.0,0.00603,100.0,3.3551596558245125
,,,,,,14972.0,0.0,0.00603,100.0,3.4537277491349734
,,,,,,14973.0,0.0,0.00603,100.0,3.436966067307432
,,,,,,14974.0,0.0,0.00603,100.0,3.445666593025295
,,,,,,14975.0,0.0,0.00603,100.0,3.366024644477102
,,,,,,14976.0,0.0,0.00603,100.0,3.421206728068922
,,,,,,14977.0,0.0,0.00603,100.0,3.3493149216442095
,,,,,,14978.0,0.0,0.00603,100.0,3.417024387038441
,,,,,,14979.0,0.0,0.00603,100.0,3.398034464946758
,,,,,,14980.0,0.0,0.00603,100.0,3.4174960660759273
,,,,,,14981.0,0.0,0.00603,100.0,3.464980067930462
,,,,,,14982.0,0.0,0.00603,100.0,3.3514218811163943
,,,,,,14983.0,0.0,0.00603,100.0,3.404716516371052
,,,,,,14985.0,0.0,0.00603,100.0,3.459826186527662
,,,,,,14986.0,0.0,0.00603,100.0,3.410116540658878
,,,,,,14987.0,0.0,0.00603,100.0,3.4082122244230524
,,,,,,14988.0,0.0,0.00603,100.0,3.4094136760991356
,,,,,,14989.0,0.0,0.00603,100.0,3.374983471206643
,,,,,,14990.0,0.0,0.00603,100.0,3.3655941231034885
,,,,,,14991.0,0.0,0.00603,100.0,3.3934730335093595
,,,,,,14992.0,0.0,0.00603,100.0,3.416244943881571
,,,,,,14993.0,0.0,0.00603,100.0,3.379437896784636
,,,,,,14994.0,0.0,0.00603,100.0,3.419564988610261
,,,,,,14995.0,0.0,0.00603,100.0,3.421710837155545
,,,,,,14996.0,0.0,0.00603,100.0,3.4244210861056588
,,,,,,14997.0,0.0,0.00603,100.0,3.458406480112869
,,,,,,14998.0,0.0,0.00603,100.0,3.3892139874694585
,,,,,,14999.0,0.0,0.00603,100.0,3.386180373216579
,,,,,,15000.0,0.0,0.00603,100.0,3.4351085036252633
,,,,,,15001.0,0.0,0.00603,100.0,3.4148833063482322
,,,,,,15002.0,0.0,0.00603,100.0,3.397698804355889
,,,,,,15003.0,0.0,0.00603,100.0,3.374740771526979
,,,,,,15004.0,0.0,0.00603,100.0,3.397091689081393
,,,,,,15005.0,0.0,0.00603,100.0,3.4107779839256667
,,,,,,15005.0,0.0,0.00603,100.0,3.4340131004096923
,,,,,,,,,,
,,,,,,15005.0,-0.66964,0.0,0.0,3.380521096049332
,,,,,,15006.0,-0.67522,0.0002,2.0084,3.33216062937107
,,,,,,15007.0,-0.67708,0.0004,4.038,3.33253088049158
,,,,,,15008.0,-0.67894,0.0006,6.0727,3.43310371921434
,,,,,,15009.0,-0.67894,0.00079,8.1075,3.449096452291634
,,,,,,15010.0,-0.67522,0.00099,10.1212,3.302860229563045
,,,,,,15011.0,-0.67894,0.00119,12.156,3.424751829560261
,,,,,,15012.0,-0.67522,0.00139,14.1487,3.362468923269807
,,,,,,15013.0,-0.67522,0.00159,16.1834,3.3268829671326845
,,,,,,15014.0,-0.67708,0.00179,18.2182,3.3570102868162386
,,,,,,15015.0,-0.6808,0.00198,20.2372,3.397727350178402
,,,,,,15016.0,-0.67336,0.00218,22.2615,3.4451953487614
,,,,,,15018.0,-0.67522,0.00239,24.3542,3.3795225082578515
,,,,,,15019.0,-0.67522,0.00257,26.2362,3.4304839544862995
,,,,,,15020.0,-0.67708,0.00276,28.1919,3.3122603262847647
,,,,,,15021.0,-0.67708,0.00297,30.3216,3.3217108738170724
,,,,,,15022.0,-0.67894,0.00316,32.2826,3.383620542282646
,,,,,,15023.0,-0.67894,0.00334,34.0696,3.38915437617017
,,,,,,15024.0,-0.67708,0.00354,36.1096,3.3650801157325527
,,,,,,15025.0,-0.6808,0.00374,38.1286,3.371488308280688
,,,,,,15026.0,-0.6808,0.00394,40.1581,3.321009155261016
,,,,,,15027.0,-0.67708,0.00413,42.1718,3.354885184071915
,,,,,,15028.0,-0.67894,0.00433,44.2066,3.4097758214983624
,,,,,,15029.0,-0.67522,0.00453,46.2414,3.367270807510292
,,,,,,15030.0,-0.67522,0.00473,48.2551,3.389437383126727
,,,,,,15031.0,-0.67708,0.00493,50.2847,3.445942508590354
,,,,,,15032.0,-0.67708,0.00513,52.3195,3.431149083244316
,,,,,,15033.0,-0.67708,0.00528,53.8324,3.307632876765509
,,,,,,15033.0,-1.35231,0.00528,53.8324,3.3118337209353457
,,,,,,15034.0,-1.35417,0.00563,57.4433,3.37169778246535
,,,,,,15035.0,-1.35231,0.00603,61.4707,3.282335950401004
,,,,,,15036.0,-1.35417,0.00642,65.5403,3.3283130700032753
,,,,,,15037.0,-1.35045,0.00682,69.6046,3.356033800178427
,,,,,,15038.0,-1.35231,0.00722,73.6373,3.284764931728606
,,,,,,15039.0,-1.34859,0.00762,77.6964,3.3567003858656084
,,,,,,15040.0,-1.35789,0.00801,81.7343,3.31610811692225
,,,,,,15041.0,-1.35417,0.00841,85.7986,3.2862656409414552
,,,,,,15042.0,-1.35417,0.00881,89.8629,3.3715121929053193
,,,,,,15043.0,-1.35417,0.00921,93.9378,3.2786594173901933
,,,,,,15044.0,-1.35789,0.0096,97.9705,3.305024527177168
,,,,,,15045.0,-1.35417,0.0098,100.0,3.320013058670903
,,,,,,15045.0,-1.35417,0.0098,100.0,3.239498960282564
,,,,,,,,,,
,,,,,,15045.0,0.67894,0.0,0.0,3.405303130834803
,,,,,,15046.0,0.67894,0.0002,12.9693,3.2483116822046436
,,,,,,15047.0,0.67894,0.00039,26.041,3.3917463158905425
,,,,,,15048.0,0.67894,0.00059,39.2491,3.496318955876548
,,,,,,15049.0,0.67894,0.00079,52.4573,3.348719444580577
,,,,,,15050.0,0.67894,0.00099,65.4949,3.433601464853031
,,,,,,15051.0,0.67894,0.00119,78.7031,3.3360822408807422
,,,,,,15052.0,0.67894,0.00139,91.9113,3.4089695785291676
,,,,,,15053.0,0.67894,0.00151,100.0,3.384545400709405
,,,,,,15053.0,0.0,0.00151,100.0,3.3307499232523052
,,,,,,15054.0,0.0,0.00151,100.0,3.3987291787660325
,,,,,,15055.0,0.0,0.00151,100.0,3.3920904763257615
,,,,,,15056.0,0.0,0.00151,100.0,3.4370617620077093
,,,,,,15057.0,0.0,0.00151,100.0,3.3323824970289437
,,,,,,15058.0,0.0,0.00151,100.0,3.3552554050286822
,,,,,,15059.0,0.0,0.00151,100.0,3.489024694036417
,,,,,,15060.0,0.0,0.00151,100.0,3.3848228033734746
,,,,,,15061.0,0.0,0.00151,100.0,3.356538025047925
,,,,,,15062.0,0.0,0.00151,100.0,3.4866787492487017
,,,,,,15063.0,0.0,0.00151,100.0,3.377982194296007
,,,,,,15064.0,0.0,0.00151,100.0,3.359983238803172
,,,,,,15065.0,0.0,0.00151,100.0,3.39701733088659
,,,,,,15066.0,0.0,0.00151,100.0,3.46516614212487
,,,,,,15067.0,0.0,0.00151,100.0,3.3678292370354708
,,,,,,15068.0,0.0,0.00151,100.0,3.406284247169633
,,,,,,15069.0,0.0,0.00151,100.0,3.388028891526566
,,,,,,15069.0,0.0,0.00151,100.0,3.34260473026018
,,,,,,,,,,
,,,,,,15069.0,-0.68824,0.0,0.0,3.29113594039411
,,,,,,15070.0,-0.67522,0.00021,0.9869,3.359285758059022
,,,,,,15071.0,-0.66964,0.0004,1.9293,3.366259211478295
,,,,,,15072.0,-0.67894,0.0006,2.8742,3.3649639048142754
,,,,,,15073.0,-0.67336,0.0008,3.8265,3.434281683345803
,,,,,,15074.0,-0.67522,0.001,4.7738,3.3307732795252787
,,,,,,15075.0,-0.67708,0.00118,5.6519,3.2868528232667504
,,,,,,15076.0,-0.67708,0.00139,6.6339,3.4214457516404
,,,,,,15077.0,-0.67336,0.00158,7.5787,3.344881180694375
,,,,,,15078.0,-0.67708,0.00178,8.531,3.3238502007872706
,,,,,,15079.0,-0.67708,0.00198,9.4759,3.342584694708953
,,,,,,15081.0,-0.67522,0.00218,10.4306,3.3662794667716622
,,,,,,15082.0,-0.67522,0.00239,11.42,3.3136879539001383
,,,,,,15083.0,-0.67708,0.00258,12.3303,3.304080289996886
,,,,,,15084.0,-0.67336,0.00278,13.285,3.4219790421572376
,,,,,,15085.0,-0.67336,0.00297,14.2373,3.3586227524346266
,,,,,,15086.0,-0.67708,0.00317,15.1822,3.316881280330103
,,,,,,15087.0,-0.67708,0.00338,16.1617,3.2659277831326103
,,,,,,15088.0,-0.67894,0.00357,17.1065,3.4345118321488712
,,,,,,15089.0,-0.6715,0.00377,18.0514,3.3232932577462964
,,,,,,15090.0,-0.67522,0.00397,19.0062,3.3091611207126217
,,,,,,15091.0,-0.67708,0.00416,19.9337,3.3541584515603513
,,,,,,15092.0,-0.67894,0.00436,20.8687,3.331013506893496
,,,,,,15093.0,-0.67336,0.00456,21.8234,3.3020748404282054
,,,,,,15094.0,-0.67708,0.00476,22.7757,3.389079208420288
,,,,,,15095.0,-0.67336,0.00495,23.686,3.3685713610593555
,,,,,,15096.0,-0.67522,0.00513,24.5591,3.397958884728303
,,,,,,15097.0,-0.67522,0.00533,25.504,3.3258421482664837
,,,,,,15098.0,-0.6808,0.00553,26.4587,3.34798363326239
,,,,,,15099.0,-0.67894,0.00572,27.4036,3.3613918674067262
,,,,,,15100.0,-0.67522,0.00592,28.3584,3.324625772037756
,,,,,,15102.0,-0.6808,0.00612,29.3106,3.398607638578816
,,,,,,15103.0,-0.67522,0.00632,30.2679,3.382960217692935
,,,,,,15104.0,-0.67894,0.00652,31.2127,3.4043966196403974
,,,,,,15105.0,-0.67336,0.00672,32.1675,3.3838069718944705
,,,,,,15106.0,-0.68266,0.00692,33.1223,3.3340961289227264
,,,,,,15107.0,-0.67708,0.00712,34.0671,3.387072215664074
,,,,,,15108.0,-0.67708,0.00732,35.0219,3.324616748636335
,,,,,,15109.0,-0.67708,0.00752,35.9767,3.2756455591143365
,,,,,,15110.0,-0.67336,0.00771,36.919,3.298262510284163
,,,,,,15111.0,-0.67708,0.00791,37.8713,3.3715876772192774
,,,,,,15112.0,-0.67708,0.00811,38.8261,3.2667497530838605
,,,,,,15113.0,-0.67708,0.00831,39.771,3.380566288881261
,,,,,,15114.0,-0.67522,0.00848,40.6095,3.3427360958891628
,,,,,,15115.0,-0.6808,0.00868,41.5618,3.3387653480953476
,,,,,,15116.0,-0.68266,0.00888,42.5066,3.3340431413608473
,,,,,,15117.0,-0.67522,0.00908,43.4614,3.2422121465658185
,,,,,,15118.0,-0.67336,0.00928,44.4038,3.4096001752620655
,,,,,,15119.0,-0.67522,0.00947,45.3561,3.344398878129135
,,,,,,15120.0,-0.67894,0.00967,46.3108,3.3352421851562535
,,,,,,15121.0,-0.67708,0.00988,47.273,3.325693364635681
,,,,,,15122.0,-0.67708,0.01007,48.2179,3.328631649628792
,,,,,,15124.0,-0.67522,0.01027,49.1726,3.4320266382377556
,,,,,,15125.0,-0.67894,0.01047,50.1249,3.377304194059205
,,,,,,15126.0,-0.67522,0.01067,51.0797,3.3367088153116127
,,,,,,15127.0,-0.67336,0.01086,51.985,3.3830315893218765
,,,,,,15128.0,-0.67522,0.01104,52.8383,3.366351397686445
,,,,,,15129.0,-0.67708,0.01124,53.8104,3.312920458977306
,,,,,,15130.0,-0.67522,0.01144,54.7651,3.352044343945508
,,,,,,15131.0,-0.67708,0.01164,55.715,3.285720529910246
,,,,,,15132.0,-0.6808,0.01184,56.6598,3.33817560496627
,,,,,,15133.0,-0.67894,0.01201,57.4959,3.2557587680225497
,,,,,,15134.0,-0.67522,0.01221,58.4506,3.3673312595245597
,,,,,,15135.0,-0.67708,0.01241,59.4202,3.3653958658339174
,,,,,,15136.0,-0.67708,0.0126,60.2934,3.266239260364593
,,,,,,15137.0,-0.68266,0.01279,61.2382,3.4264228461371897
,,,,,,15138.0,-0.67336,0.01299,62.193,3.4626632216187936
,,,,,,15139.0,-0.67708,0.01319,63.1477,3.3163755409488433
,,,,,,15140.0,-0.67522,0.01339,64.0901,3.358360772705903
,,,,,,15141.0,-0.67894,0.01359,65.0424,3.2577765766306297
,,,,,,15142.0,-0.67522,0.01379,65.9997,3.362890935502756
,,,,,,15143.0,-0.67522,0.01398,66.942,3.295530219775111
,,,,,,15144.0,-0.68266,0.01418,67.8968,3.33700621024763
,,,,,,15145.0,-0.67894,0.01438,68.8516,3.376813631139797
,,,,,,15146.0,-0.67708,0.01458,69.8039,3.327159530819568
,,,,,,15148.0,-0.67522,0.01478,70.7462,3.3288597127504547
,,,,,,15149.0,-0.67522,0.01498,71.701,3.422233085581601
,,,,,,15150.0,-0.67336,0.01515,72.537,3.4158739077299107
,,,,,,15151.0,-0.67708,0.01535,73.4893,3.3656827125711497
,,,,,,15152.0,-0.67336,0.01555,74.4317,3.384839957805129
,,,,,,15153.0,-0.67522,0.01575,75.3865,3.394731924170802
,,,,,,15154.0,-0.67522,0.01595,76.3412,3.3294547087532047
,,,,,,15155.0,-0.67522,0.01614,77.2861,3.230782485227156
,,,,,,15156.0,-0.67894,0.01634,78.2384,3.384803199880534
,,,,,,15156.0,-0.68266,0.01637,78.3571,3.2991732443244515
,,,,,,15156.0,-1.35789,0.01637,78.3571,3.3169574799769626
,,,,,,15157.0,-1.35603,0.01677,80.2666,3.2900494419001562
,,,,,,15158.0,-1.35417,0.01718,82.2652,3.2925806223689413
,,,,,,15159.0,-1.35417,0.01754,83.9422,3.205699053414965
,,,,,,15160.0,-1.35417,0.01793,85.8493,3.3959356830067557
,,,,,,15161.0,-1.35417,0.01833,87.739,3.2386096093516215
,,,,,,15162.0,-1.35231,0.01873,89.6485,3.2426749110633053
,,,,,,15163.0,-1.35603,0.01913,91.5556,3.2721236648576317
,,,,,,15164.0,-1.35045,0.01952,93.4478,3.2748771466312054
,,,,,,15166.0,-1.35231,0.01992,95.3548,3.246510100605861
,,,,,,15167.0,-1.35417,0.02033,97.299,3.3240652785985807
,,,,,,15168.0,-1.35231,0.02069,99.0477,3.359868566927411
,,,,,,15168.0,-1.35603,0.02089,100.0,3.3286767568368587
,,,,,,15168.0,-1.35603,0.02089,100.0,3.344352436438834
,,,,,,,,,,
,,,,,,15168.0,0.68266,0.0,0.0,3.409360739629627
,,,,,,15169.0,0.6808,0.00019,12.5,3.3859651361851224
,,,,,,15170.0,0.6808,0.00037,24.4877,3.4367079623443693
,,,,,,15171.0,0.6808,0.00057,37.7391,3.4306017684185646
,,,,,,15172.0,0.6808,0.00077,50.888,3.3842610318698263
,,,,,,15173.0,0.6808,0.00096,63.627,3.4863561114190085
,,,,,,15174.0,0.6808,0.00116,76.8784,3.394782968652202
,,,,,,15175.0,0.6808,0.00136,89.9932,3.3613108630801922
,,,,,,15176.0,0.6808,0.00151,100.0,3.390133652994103
,,,,,,15176.0,0.0,0.00151,100.0,3.4017349967273733
,,,,,,15177.0,0.0,0.00151,100.0,3.389875621025957
,,,,,,15178.0,0.0,0.00151,100.0,3.3538120205890865
,,,,,,15179.0,0.0,0.00151,100.0,3.362902815048272
,,,,,,15180.0,0.0,0.00151,100.0,3.3044970775608182
,,,,,,15181.0,0.0,0.00151,100.0,3.4212954859635967
,,,,,,15182.0,0.0,0.00151,100.0,3.345802267491064
,,,,,,15183.0,0.0,0.00151,100.0,3.3709772475255595
,,,,,,15184.0,0.0,0.00151,100.0,3.4638948843380137
,,,,,,15185.0,0.0,0.00151,100.0,3.3674381367992248
,,,,,,15187.0,0.0,0.00151,100.0,3.394080861399505
,,,,,,15188.0,0.0,0.00151,100.0,3.276488675157222
,,,,,,15189.0,0.0,0.00151,100.0,3.3647590557757727
,,,,,,15190.0,0.0,0.00151,100.0,3.4793775310070267
,,,,,,15191.0,0.0,0.00151,100.0,3.3935389576654558
,,,,,,15192.0,0.0,0.00151,100.0,3.368419302991636
,,,,,,15192.0,0.0,0.00151,100.0,3.3359641289871114
,,,,,,15192.0,0.0,0.00151,100.0,3.382782343003852
,,,,,,,,,,
,,,,,,15192.0,-0.62314,0.0,0.0,3.318956110154043
,,,,,,15193.0,-0.67522,0.00019,1.014,3.418016717382303
,,,,,,15194.0,-0.67336,0.00039,2.0778,3.3671887084833676
,,,,,,15195.0,-0.67522,0.00059,3.1443,3.433572661498599
,,,,,,15196.0,-0.67708,0.00079,4.1998,3.2596031974291995
,,,,,,15197.0,-0.67708,0.00098,5.2636,3.3879961688378937
,,,,,,15198.0,-0.67708,0.0012,6.3909,3.3035077640101536
,,,,,,15199.0,-0.67522,0.00139,7.4243,3.3682234762608925
,,,,,,15200.0,-0.67336,0.00159,8.4881,3.383747057643399
,,,,,,15202.0,-0.67708,0.00178,9.5408,3.367675493321062
,,,,,,15203.0,-0.67522,0.00196,10.4775,3.3272694439341426
,,,,,,15204.0,-0.67522,0.00216,11.544,3.369336247969669
,,,,,,15205.0,-0.67894,0.00236,12.6105,3.403925522616464
,,,,,,15206.0,-0.67894,0.00255,13.6439,3.4400027917696976
,,,,,,15207.0,-0.67708,0.00273,14.6082,3.2904840381167735
,,,,,,15208.0,-0.67894,0.00294,15.7024,3.2895258682615167
,,,,,,15209.0,-0.6808,0.00314,16.7717,3.4230313616730794
,,,,,,15210.0,-0.6808,0.00334,17.8354,3.4566997245897007
,,,,,,15211.0,-0.67522,0.00353,18.8909,3.352676407161482
,,,,,,15212.0,-0.67894,0.00373,19.9574,3.3900180928978454
,,,,,,15213.0,-0.67522,0.00393,21.0212,3.3437463812492356
,,,,,,15214.0,-0.67522,0.00413,22.0767,3.2520490477209103
,,,,,,15215.0,-0.67894,0.00433,23.1405,3.379025270716358
,,,,,,15216.0,-0.67522,0.00452,24.196,3.337401701244681
,,,,,,15217.0,-0.6808,0.0047,25.1299,3.4628039020521064
,,,,,,15218.0,-0.67894,0.0049,26.2157,3.324782677668392
,,,,,,15219.0,-0.67522,0.00508,27.1496,3.3752492401918106
,,,,,,15220.0,-0.67336,0.00528,28.2162,3.347035785648505
,,,,,,15221.0,-0.67708,0.00548,29.28,3.2855947343190812
,,,,,,15222.0,-0.67708,0.00567,30.3354,3.340412840183162
,,,,,,15223.0,-0.67894,0.00587,31.402,3.4855791095463458
,,,,,,15224.0,-0.6808,0.00607,32.4685,3.347685390426646
,,,,,,15225.0,-0.67522,0.00627,33.524,3.4122619466630284
,,,,,,15226.0,-0.67522,0.00647,34.5878,3.3342605663605056
,,,,,,15227.0,-0.67708,0.00659,35.2536,3.4287614417647054
,,,,,,15227.0,-5.40737,0.00659,35.2536,3.2007725900770327
,,,,,,15228.0,-5.40737,0.00802,42.8852,3.0968894005954066
,,,,,,15229.0,-5.40737,0.0096,51.3207,3.148847019067481
,,,,,,15230.0,-5.40737,0.01126,60.2371,3.0550247594182425
,,,,,,15231.0,-5.40737,0.01275,68.1891,3.130837912466021
,,,,,,15232.0,-5.40551,0.01433,76.6219,3.076426130998352
,,,,,,15233.0,-5.41109,0.01592,85.1376,3.1781766653387264
,,,,,,15234.0,-5.40923,0.01751,93.6533,3.0058446067800113
,,,,,,15235.0,-5.40737,0.0187,100.0,3.0715441761863898
