测试时间/Sec,电流/A,容量/Ah,SOC|DOD/%,电压/V,Unnamed: 5,测试时间/Sec.1,电流/A.1,容量/Ah.1,SOC|DOD/%.1,电压/V.1
0,5.22321,0.0,0.0,3.507565,,2800.0,-5.22693,0.0,0.0,3.9991718220749206
1,5.21763,0.00148,0.0556,3.518105,,2801.0,-5.22135,0.00138,0.0519,3.996499995215344
2,5.21949,0.003,0.1128,3.530196,,2803.0,-5.21763,0.00301,0.1137,3.9702634672241084
3,5.21763,0.00454,0.1706,3.539807,,2804.0,-5.21949,0.00454,0.1712,3.9568820164813303
4,5.22135,0.00607,0.2283,3.548177,,2805.0,-5.21949,0.00588,0.2221,3.9725995038198656
5,5.21949,0.00739,0.2779,3.555308,,2806.0,-5.21949,0.00742,0.2801,3.96994645123121
6,5.21763,0.00887,0.3335,3.561818,,2807.0,-5.21949,0.00896,0.3381,3.9555279473841445
7,5.21763,0.01041,0.3912,3.568328,,2808.0,-5.21949,0.01044,0.3939,3.963643563839693
8,5.21949,0.01205,0.4528,3.574529,,2809.0,-5.21949,0.01189,0.4486,3.9499324455993774
9,5.21949,0.01348,0.5068,3.580419,,2810.0,-5.21763,0.01342,0.5066,3.9612232067235214
10,5.21763,0.01502,0.5645,3.585999,,2811.0,-5.21577,0.01505,0.5678,3.9612905293330165
11,5.21949,0.01655,0.6223,3.59127,,2812.0,-5.21763,0.01652,0.6236,3.941954337116285
12,5.22135,0.01809,0.6801,3.59623,,2813.0,-5.22135,0.01803,0.6805,3.941636821378693
14,5.21949,0.01963,0.7378,3.601501,,2814.0,-5.21949,0.01938,0.7314,3.923176276750189
15,5.22135,0.02116,0.7956,3.606151,,2815.0,-5.21763,0.02092,0.7894,3.9375021864450175
16,5.21949,0.0227,0.8533,3.610491,,2816.0,-5.21763,0.02245,0.8474,3.9360737252682045
17,5.21949,0.02424,0.9111,3.614831,,2817.0,-5.21763,0.02399,0.9054,3.9304720766270176
18,5.21949,0.02576,0.9683,3.618862,,2818.0,-5.21577,0.02544,0.9601,3.9368333118940915
19,5.21763,0.0273,1.0261,3.622892,,2819.0,-5.21763,0.02692,1.0159,3.9459555020022274
20,5.22135,0.02883,1.0839,3.627232,,2820.0,-5.21949,0.02845,1.0739,3.909476237793712
21,5.22321,0.03037,1.1416,3.630642,,2821.0,-5.21949,0.02999,1.1319,3.931228272276031
22,5.21577,0.03172,1.1923,3.634053,,2822.0,-5.21763,0.03153,1.1898,3.9201586883353072
23,5.21577,0.03325,1.2501,3.637463,,2823.0,-5.21763,0.03306,1.2478,3.918792171714615
24,5.21949,0.03479,1.3078,3.640873,,2824.0,-5.21763,0.0346,1.3058,3.9154210505127818
25,5.21949,0.03637,1.3672,3.643663,,2825.0,-5.22135,0.03614,1.3638,3.9333659786108157
26,5.21949,0.03776,1.4196,3.647074,,2826.0,-5.22135,0.03767,1.4218,3.9126979370905506
27,5.21577,0.03928,1.4768,3.649863,,2827.0,-5.21391,0.03904,1.4732,3.9071371967367634
28,5.21763,0.04082,1.5345,3.652654,,2829.0,-5.21949,0.04057,1.5312,3.9066071849457606
29,5.21949,0.04243,1.595,3.655134,,2830.0,-5.21205,0.04211,1.5892,3.9044384376032366
30,5.21949,0.04389,1.6501,3.657614,,2831.0,-5.21763,0.04365,1.6472,3.921214087982212
31,5.21949,0.04524,1.7008,3.660094,,2832.0,-5.21763,0.04518,1.7052,3.9046990604936953
32,5.21949,0.04678,1.7585,3.662264,,2833.0,-5.21763,0.04672,1.7632,3.9085342232294105
33,5.21763,0.04831,1.8163,3.664434,,2834.0,-5.22135,0.04826,1.8212,3.893802196097275
34,5.21763,0.04982,1.873,3.666915,,2835.0,-5.21949,0.04979,1.8792,3.913128566915052
35,5.22135,0.0514,1.9324,3.669395,,2836.0,-5.21949,0.05139,1.9394,3.898532792214442
36,5.21763,0.05275,1.9831,3.670945,,2837.0,-5.21949,0.05285,1.9946,3.9230385641598358
37,5.21763,0.0543,2.0413,3.672805,,2838.0,-5.21763,0.05439,2.0526,3.904395104020666
38,5.21949,0.05565,2.092,3.674665,,2839.0,-5.21949,0.05593,2.1106,3.916677210922599
40,5.21763,0.05719,2.1498,3.676525,,2840.0,-5.21577,0.05746,2.1686,3.903223071171815
41,5.21763,0.05872,2.2076,3.678075,,2841.0,-5.21949,0.059,2.2266,3.882860372365153
42,5.21763,0.06026,2.2653,3.679626,,2842.0,-5.21763,0.06054,2.2846,3.8881968375790925
43,5.21763,0.0618,2.3231,3.681176,,2843.0,-5.21763,0.06207,2.3426,3.8943964312648927
44,5.22135,0.06333,2.3809,3.682726,,2844.0,-5.21577,0.06361,2.4006,3.8923943816338045
45,5.21949,0.06487,2.4386,3.683966,,2845.0,-5.21763,0.06513,2.458,3.880915999432175
46,5.21577,0.06641,2.4964,3.685206,,2846.0,-5.21949,0.06648,2.5089,3.8844285062773376
47,5.21949,0.0679,2.5525,3.686446,,2847.0,-5.21949,0.06813,2.5713,3.881470378660828
48,5.22135,0.06936,2.6076,3.687686,,2848.0,-5.21763,0.06952,2.6238,3.894277833010308
49,5.21763,0.0709,2.6653,3.689236,,2850.0,-5.21949,0.07106,2.6817,3.879468375629448
50,5.22135,0.07242,2.7226,3.690476,,2851.0,-5.21577,0.0726,2.7397,3.895811981589059
51,5.21577,0.07377,2.7732,3.691406,,2852.0,-5.21949,0.07413,2.7977,3.893406900963589
52,5.22321,0.07531,2.831,3.692336,,2853.0,-5.22135,0.07567,2.8557,3.892247369521613
53,5.22135,0.07684,2.8888,3.693266,,2854.0,-5.21763,0.07721,2.9137,3.8701329973620715
54,5.21763,0.07838,2.9465,3.694196,,2855.0,-5.21763,0.07874,2.9717,3.8845114364707123
55,5.21763,0.07987,3.0026,3.695127,,2856.0,-5.21763,0.08025,3.0286,3.8820388068936738
56,5.21391,0.08144,3.0615,3.696057,,2857.0,-5.21763,0.08171,3.0839,3.8839312470537224
57,5.21763,0.08298,3.1193,3.696987,,2858.0,-5.21763,0.08306,3.1347,3.8885150406996196
58,5.21763,0.08451,3.177,3.697607,,2859.0,-5.21763,0.0846,3.1927,3.8802953054414453
59,5.21949,0.08605,3.2348,3.698537,,2860.0,-5.21949,0.08614,3.2507,3.8759880956509316
60,5.21763,0.08758,3.2926,3.699467,,2861.0,-5.21391,0.08776,3.312,3.8804090760375227
61,5.21949,0.08912,3.3503,3.700087,,2862.0,-5.21763,0.08919,3.3661,3.886364964265165
63,5.21577,0.09066,3.4081,3.700707,,2863.0,-5.21763,0.09073,3.4241,3.8762762092295002
64,5.22135,0.09219,3.4659,3.701637,,2864.0,-5.21763,0.09227,3.4821,3.8758053558432213
65,5.21577,0.09373,3.5236,3.702257,,2865.0,-5.21763,0.0938,3.5401,3.884488381781667
66,5.21763,0.09527,3.5814,3.702877,,2866.0,-5.21949,0.09534,3.5981,3.8934938580600003
67,5.21949,0.0968,3.6391,3.703497,,2867.0,-5.21763,0.09688,3.6561,3.879226327802712
68,5.21949,0.09834,3.6969,3.704117,,2868.0,-5.22135,0.09844,3.7151,3.8892096296081333
69,5.21763,0.09988,3.7547,3.704737,,2869.0,-5.21949,0.09985,3.7682,3.8890646362828996
70,5.21763,0.10127,3.807,3.705357,,2870.0,-5.21949,0.10131,3.8235,3.8755058499295365
71,5.21949,0.10276,3.8631,3.705977,,2871.0,-5.21949,0.10285,3.8815,3.883591159400006
72,5.21949,0.10434,3.9225,3.706597,,2872.0,-5.22135,0.10436,3.9384,3.8595761789419982
73,5.21763,0.10588,3.9803,3.706907,,2873.0,-5.21577,0.10587,3.9953,3.8713310592827384
74,5.21577,0.10741,4.038,3.707527,,2874.0,-5.21391,0.10721,4.0462,3.8920742675540616
75,5.22135,0.10891,4.0942,3.707837,,2876.0,-5.22135,0.10875,4.1042,3.8874236271653198
76,5.21763,0.11026,4.1448,3.708457,,2877.0,-5.22321,0.11029,4.1621,3.866463309765553
77,5.21763,0.112,4.2103,3.709387,,2878.0,-5.21763,0.11182,4.2201,3.8803587740706185
78,5.21949,0.11339,4.2626,3.709697,,2879.0,-5.21763,0.11336,4.2781,3.8698616277387297
79,5.22135,0.11492,4.3203,3.710628,,2880.0,-5.21763,0.1149,4.3361,3.892003043586213
80,5.21763,0.11646,4.3781,3.711247,,2881.0,-5.21763,0.11643,4.3941,3.8762133733953057
81,5.21949,0.118,4.4359,3.711558,,2882.0,-5.21949,0.11797,4.4521,3.869038153242303
83,5.22135,0.11953,4.4936,3.712178,,2883.0,-5.21763,0.11951,4.5101,3.865531881067653
84,5.21949,0.12107,4.5514,3.712488,,2884.0,-5.21577,0.12104,4.568,3.86208891691922
85,5.22135,0.12261,4.6091,3.713108,,2885.0,-5.21949,0.12258,4.626,3.8545018389177765
86,5.21949,0.12414,4.6669,3.713418,,2886.0,-5.21763,0.12411,4.684,3.889886405986843
87,5.21763,0.12568,4.7247,3.714038,,2887.0,-5.22135,0.12565,4.742,3.849975817284768
88,5.21949,0.12722,4.7824,3.714658,,2888.0,-5.21763,0.12719,4.8,3.865037876661179
89,5.22321,0.12875,4.8402,3.714968,,2889.0,-5.21763,0.12872,4.858,3.872584504503103
90,5.22135,0.13029,4.898,3.715588,,2890.0,-5.21949,0.13026,4.916,3.872159974394129
91,5.21949,0.13183,4.9557,3.716208,,2891.0,-5.21763,0.1318,4.974,3.875315080024769
92,5.21763,0.13336,5.0135,3.716518,,2892.0,-5.21391,0.13333,5.0319,3.8727350400375578
93,5.21949,0.1349,5.0713,3.716828,,2893.0,-5.21763,0.13471,5.0839,3.8693426034932834
94,5.21763,0.13644,5.129,3.717138,,2894.0,-5.21949,0.1362,5.1403,3.8588781532214815
95,5.22321,0.13784,5.1819,3.717758,,2896.0,-5.21949,0.13774,5.1983,3.859038414792251
96,5.21949,0.13944,5.2418,3.718068,,2897.0,-5.21949,0.13928,5.2562,3.8739320337081646
97,5.21763,0.14079,5.2925,3.718378,,2898.0,-5.21949,0.14081,5.3142,3.8702298069957686
98,5.21763,0.14232,5.3503,3.718998,,2899.0,-5.21763,0.14229,5.37,3.8569706826757773
99,5.21763,0.14386,5.4081,3.719308,,2900.0,-5.21949,0.14392,5.4313,3.87031966227043
100,5.22135,0.1454,5.4658,3.719618,,2901.0,-5.21949,0.14544,5.4888,3.874545083701112
101,5.21949,0.14693,5.5236,3.719928,,2902.0,-5.21763,0.14686,5.5424,3.8561750987437633
102,5.21763,0.14847,5.5813,3.720548,,2903.0,-5.21949,0.14832,5.5976,3.8671434426821842
103,5.21763,0.15001,5.6391,3.720858,,2904.0,-5.21763,0.14986,5.6556,3.859812982176623
105,5.21949,0.15154,5.6969,3.721168,,2905.0,-5.21949,0.1514,5.7136,3.865306299229605
106,5.21205,0.15288,5.747,3.721788,,2906.0,-5.21577,0.15293,5.7716,3.8645094407517595
107,5.21949,0.15437,5.8031,3.722098,,2907.0,-5.21763,0.15447,5.8296,3.869292729866468
108,5.22321,0.15585,5.8587,3.722408,,2908.0,-5.22135,0.15599,5.887,3.867149397675845
109,5.21763,0.15738,5.9165,3.723028,,2909.0,-5.22135,0.15734,5.9379,3.855730585144153
110,5.21763,0.15892,5.9743,3.723338,,2910.0,-5.21949,0.15896,5.9991,3.8668559073925035
111,5.21949,0.16046,6.032,3.723958,,2911.0,-5.21949,0.1604,6.0533,3.8697156984001793
112,5.21763,0.16205,6.092,3.724268,,2912.0,-5.21949,0.16193,6.1113,3.852108724570297
113,5.22135,0.16347,6.1454,3.724578,,2913.0,-5.21763,0.16347,6.1693,3.871228066317171
114,5.21763,0.16492,6.1999,3.724888,,2914.0,-5.22135,0.16499,6.2268,3.8816862133667205
115,5.21949,0.16656,6.2615,3.725199,,2915.0,-5.21763,0.16634,6.2776,3.8689115092037683
116,5.21763,0.16805,6.3176,3.725508,,2916.0,-5.21949,0.16788,6.3356,3.8480275471162324
117,5.21577,0.16956,6.3743,3.726129,,2917.0,-5.22321,0.16941,6.3936,3.8690567365994033
118,5.21577,0.17094,6.4261,3.726439,,2918.0,-5.21949,0.17108,6.4565,3.856234147668073
119,5.22135,0.17248,6.4838,3.726748,,2920.0,-5.21949,0.1725,6.5101,3.8498513357601243
120,5.21763,0.174,6.5411,3.727369,,2921.0,-5.21949,0.17404,6.5681,3.8613939789692067
121,5.21949,0.17535,6.5917,3.727679,,2922.0,-5.21763,0.17558,6.6261,3.858512598014936
122,5.21949,0.17688,6.6495,3.727988,,2923.0,-5.21763,0.17711,6.6841,3.866855199441981
123,5.22135,0.17842,6.7073,3.728609,,2924.0,-5.21577,0.17865,6.7421,3.8618734214862456
124,5.21949,0.18001,6.7672,3.728919,,2925.0,-5.21949,0.18019,6.8001,3.846264649753703
125,5.22135,0.18139,6.819,3.729539,,2926.0,-5.21577,0.18172,6.8581,3.865041344455404
126,5.21763,0.18293,6.8768,3.729849,,2927.0,-5.21763,0.18326,6.9161,3.83517099552184
127,5.21949,0.18446,6.9345,3.730159,,2928.0,-5.21577,0.1848,6.9741,3.843052235711452
128,5.21763,0.18602,6.9928,3.730779,,2929.0,-5.21949,0.18633,7.032,3.84657547927465
129,5.21763,0.18755,7.0506,3.731089,,2930.0,-5.21577,0.18787,7.09,3.8449532248472034
130,5.21949,0.18909,7.1084,3.731399,,2931.0,-5.21949,0.18941,7.148,3.844469955518141
131,5.21949,0.1906,7.1651,3.732329,,2932.0,-5.21949,0.19094,7.206,3.835916454629537
133,5.22135,0.19202,7.2184,3.732949,,2933.0,-5.21763,0.19246,7.2635,3.8293647990064574
134,5.21949,0.19352,7.2751,3.733259,,2934.0,-5.22135,0.19388,7.3171,3.8392595914646446
135,5.21949,0.19506,7.3329,3.733569,,2935.0,-5.21763,0.19542,7.3751,3.845302877211746
136,5.22135,0.1966,7.3907,3.733879,,2936.0,-5.21949,0.19696,7.4331,3.838085592256132
137,5.22135,0.19814,7.4485,3.734499,,2937.0,-5.21763,0.19849,7.4911,3.850435551059135
138,5.21763,0.19958,7.5029,3.734809,,2939.0,-5.21949,0.20003,7.549,3.8490250889778377
139,5.21763,0.20109,7.5596,3.735429,,2940.0,-5.21763,0.20157,7.607,3.863759092208336
140,5.21763,0.20263,7.6174,3.735739,,2941.0,-5.21949,0.2031,7.665,3.837303382811954
141,5.21391,0.20416,7.6751,3.736359,,2942.0,-5.21949,0.20463,7.7225,3.8419100980764416
142,5.21577,0.20569,7.7323,3.736669,,2943.0,-5.21577,0.20625,7.7837,3.8682427421143495
143,5.21577,0.20703,7.783,3.736979,,2944.0,-5.21949,0.20779,7.8417,3.8414837759664704
144,5.21577,0.20857,7.8408,3.737599,,2945.0,-5.22135,0.20932,7.8997,3.83543476212436
145,5.21763,0.21011,7.8985,3.737909,,2946.0,-5.21763,0.21067,7.9506,3.818238583410712
146,5.21763,0.21156,7.953,3.738219,,2947.0,-5.21949,0.21221,8.0086,3.837251128795383
147,5.21949,0.21301,8.0075,3.738839,,2948.0,-5.22135,0.21374,8.0666,3.8340169157566386
148,5.21577,0.21466,8.0697,3.739149,,2949.0,-5.22135,0.21528,8.1246,3.8366840287817228
149,5.21763,0.21615,8.1258,3.739769,,2950.0,-5.21763,0.21682,8.1826,3.862098044268684
150,5.21763,0.2175,8.1764,3.740079,,2951.0,-5.21949,0.21835,8.2406,3.838821892929849
151,5.21949,0.21904,8.2342,3.740389,,2952.0,-5.21949,0.21989,8.2985,3.8322303825735187
152,5.21949,0.22057,8.292,3.741009,,2953.0,-5.21949,0.22143,8.3565,3.8464416496116596
153,5.21949,0.22211,8.3498,3.741319,,2954.0,-5.21763,0.22296,8.4145,3.839269601975762
154,5.21949,0.22365,8.4075,3.741629,,2955.0,-5.21949,0.2245,8.4725,3.80987654104557
155,5.22135,0.22518,8.4653,3.742249,,2956.0,-5.21949,0.22599,8.5288,3.843130054883223
156,5.21577,0.22672,8.5231,3.742559,,2957.0,-5.21577,0.22746,8.5841,3.82438280282531
158,5.21577,0.22824,8.5803,3.74318,,2959.0,-5.21763,0.22923,8.6508,3.8314163201284193
159,5.21763,0.22978,8.638,3.74318,,2960.0,-5.22507,0.2307,8.7066,3.850800258987663
160,5.21763,0.23132,8.6958,3.7438,,2961.0,-5.21763,0.23205,8.7575,3.822754738495394
161,5.21763,0.23285,8.7536,3.74411,,2962.0,-5.21949,0.23359,8.8155,3.8460168619988284
162,5.22135,0.23442,8.8124,3.74473,,2963.0,-5.22135,0.23513,8.8735,3.830701219302718
163,5.21763,0.23585,8.8664,3.74504,,2964.0,-5.22135,0.23666,8.9315,3.8210004856563
164,5.21949,0.23739,8.9242,3.74566,,2965.0,-5.22135,0.2382,8.9895,3.8382365581166145
165,5.21577,0.23893,8.9819,3.74597,,2966.0,-5.21949,0.23974,9.0475,3.833453964855866
166,5.21577,0.24046,9.0397,3.74628,,2967.0,-5.22321,0.24127,9.1054,3.8364059975553135
167,5.21763,0.24194,9.0953,3.74659,,2968.0,-5.21949,0.24284,9.1645,3.83012362175078
168,5.21763,0.24348,9.153,3.7469,,2969.0,-5.21763,0.24419,9.2154,3.839904575612002
169,5.21763,0.24501,9.2108,3.74752,,2970.0,-5.21949,0.24581,9.2767,3.8375081109581455
170,5.21763,0.24655,9.2686,3.74814,,2971.0,-5.21763,0.2472,9.3292,3.8429296368233508
171,5.21763,0.24809,9.3263,3.74845,,2972.0,-5.21949,0.24881,9.3899,3.8259034336604665
172,5.21949,0.24963,9.3841,3.74876,,2973.0,-5.22135,0.25033,9.4474,3.8270920526944674
173,5.21949,0.25122,9.4441,3.74938,,2974.0,-5.21763,0.25187,9.5054,3.8225226585670873
174,5.21763,0.25273,9.5007,3.74969,,2975.0,-5.22135,0.25341,9.5634,3.8576033394382083
175,5.22135,0.25421,9.5563,3.75,,2976.0,-5.21763,0.25493,9.6208,3.8353601737966554
176,5.21949,0.25555,9.607,3.75031,,2977.0,-5.21949,0.25645,9.6782,3.8363547582011543
177,5.22135,0.25709,9.6647,3.75093,,2978.0,-5.21949,0.25787,9.7319,3.8195746047726127
178,5.21577,0.25867,9.7241,3.75124,,2979.0,-5.22135,0.25939,9.7893,3.8278995779247458
179,5.21763,0.26016,9.7803,3.75155,,2980.0,-5.21949,0.26097,9.8489,3.818919907418315
181,5.21763,0.2617,9.8381,3.75186,,2981.0,-5.21577,0.26244,9.9042,3.8191159961151016
182,5.21949,0.26319,9.8942,3.75217,,2983.0,-5.22135,0.26397,9.9622,3.8492424044090203
183,5.21949,0.26461,9.9476,3.75279,,2984.0,-5.21949,0.26551,10.0202,3.8310999308719276
184,5.21949,0.26612,10.0043,3.75341,,2985.0,-5.21763,0.26705,10.0782,3.8516772146478186
185,5.22135,0.26766,10.062,3.75403,,2986.0,-5.21949,0.26858,10.1362,3.8084230386075375
186,5.22135,0.26921,10.1203,3.75434,,2987.0,-5.22321,0.27012,10.1942,3.823028127713605
187,5.21763,0.27056,10.171,3.75465,,2988.0,-5.21577,0.27166,10.2521,3.81739294134315
188,5.21763,0.27209,10.2288,3.75496,,2989.0,-5.22135,0.27319,10.3101,3.8241570870585773
189,5.21763,0.27362,10.286,3.75558,,2990.0,-5.21949,0.27473,10.3681,3.823410532807432
190,5.21763,0.27517,10.3443,3.75589,,2991.0,-5.21949,0.27608,10.419,3.8270865349851495
191,5.21763,0.27675,10.4037,3.7562,,2992.0,-5.21949,0.27761,10.477,3.845581412086373
192,5.21949,0.27812,10.4554,3.75682,,2993.0,-5.22321,0.27915,10.535,3.8134192336915147
193,5.22135,0.27966,10.5132,3.75682,,2994.0,-5.22135,0.28069,10.593,3.813217693695461
194,5.22135,0.2812,10.571,3.757441,,2995.0,-5.21949,0.28215,10.6482,3.839640934579752
195,5.21949,0.28273,10.6288,3.757751,,2996.0,-5.21577,0.28375,10.7084,3.817693797130076
196,5.21949,0.28427,10.6865,3.758371,,2997.0,-5.22135,0.28517,10.762,3.8091317378089014
197,5.21577,0.28581,10.7443,3.758681,,2998.0,-5.21949,0.28667,10.8189,3.8292698092862434
198,5.22135,0.28739,10.8037,3.758991,,2999.0,-5.21949,0.28821,10.8769,3.8261277141536776
199,5.21763,0.28885,10.8588,3.759301,,3000.0,-5.21949,0.28975,10.9349,3.8367666643182283
200,5.22135,0.2902,10.9094,3.759921,,3001.0,-5.21577,0.29123,10.9907,3.8314297704392746
201,5.21949,0.29174,10.9672,3.760231,,3002.0,-5.21763,0.29271,11.0465,3.8341345421368644
202,5.21763,0.29327,11.025,3.760541,,3003.0,-5.21577,0.29424,11.1045,3.8082249009855405
203,5.22135,0.29481,11.0828,3.760851,,3004.0,-5.21949,0.29578,11.1625,3.828049989128177
205,5.22135,0.29635,11.1405,3.761471,,3006.0,-5.21577,0.29732,11.2205,3.816250758028263
206,5.21949,0.29788,11.1983,3.761781,,3007.0,-5.21577,0.29878,11.2758,3.8202614335129264
207,5.21763,0.29946,11.2577,3.762091,,3008.0,-5.21763,0.30017,11.3283,3.803128030360089
208,5.21577,0.30097,11.3143,3.762401,,3009.0,-5.21763,0.30171,11.3863,3.8220028610743326
209,5.21763,0.30251,11.3721,3.762711,,3010.0,-5.22135,0.30321,11.4431,3.8325115868657122
210,5.21949,0.30404,11.4299,3.763331,,3011.0,-5.21763,0.30466,11.4979,3.8141027120846984
211,5.22135,0.30558,11.4876,3.763641,,3012.0,-5.21763,0.3062,11.5559,3.8180745835614056
212,5.21577,0.30712,11.5454,3.763951,,3013.0,-5.21577,0.30774,11.6138,3.8232746617542857
213,5.21763,0.30865,11.6032,3.764261,,3014.0,-5.21949,0.30927,11.6718,3.811330596934516
214,5.21949,0.31019,11.6609,3.764881,,3015.0,-5.22135,0.31081,11.7298,3.80206627442177
215,5.21949,0.31163,11.7149,3.765191,,3016.0,-5.21577,0.31235,11.7878,3.797970803090156
216,5.21949,0.31316,11.7726,3.765501,,3017.0,-5.22135,0.31388,11.8458,3.8082108676242314
217,5.21763,0.3147,11.8304,3.765811,,3018.0,-5.21949,0.31542,11.9038,3.8134862375932572
218,5.21949,0.31624,11.8882,3.766121,,3019.0,-5.22321,0.31694,11.9612,3.7922414717452977
219,5.21949,0.31777,11.9459,3.766431,,3020.0,-5.21949,0.31829,12.0121,3.8163578257275996
220,5.21949,0.31931,12.0037,3.766741,,3021.0,-5.21577,0.31983,12.0701,3.812587415735361
221,5.22135,0.32085,12.0615,3.767361,,3022.0,-5.21949,0.32137,12.1281,3.8154431793433123
222,5.22321,0.32238,12.1192,3.767671,,3023.0,-5.21763,0.3229,12.1861,3.8199650302782917
223,5.21577,0.32395,12.1781,3.767981,,3024.0,-5.21949,0.32444,12.2441,3.803747992429447
225,5.21763,0.32553,12.2375,3.768291,,3025.0,-5.21949,0.32596,12.3016,3.810311256901403
226,5.22135,0.32706,12.2953,3.768601,,3026.0,-5.22135,0.32737,12.3546,3.8161918471873104
227,5.21763,0.3286,12.3531,3.769221,,3027.0,-5.21949,0.32889,12.4121,3.8172548091109477
228,5.21577,0.33014,12.4108,3.769531,,3028.0,-5.21763,0.33043,12.4701,3.7999513820425195
229,5.21949,0.33167,12.4686,3.769841,,3030.0,-5.22135,0.33196,12.528,3.817875530711465
230,5.22135,0.33321,12.5263,3.770151,,3031.0,-5.21949,0.33353,12.5871,3.8336602743899424
231,5.21949,0.33475,12.5841,3.770461,,3032.0,-5.21949,0.33502,12.6435,3.7941879737491417
232,5.21763,0.33628,12.6419,3.770771,,3033.0,-5.21577,0.33656,12.7015,3.8129267042024524
233,5.21949,0.33782,12.6996,3.771081,,3034.0,-5.21763,0.33809,12.7595,3.79702817521929
234,5.21949,0.33917,12.7503,3.771391,,3035.0,-5.21949,0.33963,12.8175,3.8156479057967263
235,5.21949,0.34071,12.8081,3.771701,,3036.0,-5.22135,0.34117,12.8755,3.789816985380906
236,5.21577,0.34224,12.8658,3.772321,,3037.0,-5.21949,0.3427,12.9334,3.7992114971889923
237,5.21577,0.34378,12.9236,3.772631,,3038.0,-5.21949,0.34423,12.9909,3.791726987851657
238,5.21949,0.34537,12.9835,3.772941,,3039.0,-5.21577,0.3456,13.0429,3.805352292929168
239,5.21577,0.34674,13.0348,3.773252,,3040.0,-5.21577,0.34714,13.1009,3.799125876107717
240,5.21763,0.34827,13.0925,3.773561,,3041.0,-5.21949,0.34868,13.1588,3.7895611565906395
241,5.21949,0.34981,13.1503,3.773871,,3042.0,-5.21577,0.35005,13.2108,3.7986512989359955
242,5.21949,0.35143,13.2113,3.774182,,3043.0,-5.21577,0.35171,13.2732,3.8007576285463163
243,5.21763,0.35293,13.2675,3.775112,,3044.0,-5.21763,0.35305,13.3241,3.8026682669535785
245,5.21949,0.35446,13.3252,3.775112,,3045.0,-5.21949,0.35477,13.3886,3.8124416971644357
246,5.21577,0.356,13.383,3.775422,,3046.0,-5.21949,0.35613,13.4401,3.800696388591524
247,5.21763,0.35738,13.4347,3.776042,,3047.0,-5.21763,0.35765,13.4975,3.799839007490228
248,5.21391,0.35898,13.4952,3.776042,,3048.0,-5.22135,0.3592,13.556,3.7885513319049076
249,5.21763,0.36052,13.553,3.776662,,3049.0,-5.21763,0.36084,13.6178,3.794338157266268
250,5.21763,0.36206,13.6108,3.776972,,3050.0,-5.22135,0.3622,13.6693,3.8144001259103986
251,5.22135,0.36358,13.668,3.776972,,3051.0,-5.22135,0.36377,13.7284,3.803784967985189
252,5.21949,0.36493,13.7187,3.777282,,3052.0,-5.21949,0.3653,13.7864,3.8056102036917254
253,5.21949,0.36647,13.7765,3.777902,,3054.0,-5.21949,0.36684,13.8443,3.7953720077206565
254,5.21763,0.36799,13.8337,3.778212,,3055.0,-5.21763,0.36838,13.9023,3.786990062567558
255,5.21949,0.36971,13.8985,3.778522,,3056.0,-5.21763,0.36991,13.9603,3.801613091256921
256,5.22135,0.37118,13.9535,3.778832,,3057.0,-5.21763,0.37141,14.0167,3.8070344959879265
257,5.21577,0.37252,14.0042,3.779142,,3058.0,-5.21949,0.37284,14.0708,3.8086970744806257
258,5.21577,0.37406,14.062,3.779452,,3059.0,-5.22321,0.37438,14.1289,3.788178081090725
259,5.21949,0.3756,14.1198,3.779762,,3060.0,-5.21763,0.37592,14.1868,3.777514667983556
260,5.21949,0.37713,14.1775,3.780072,,3061.0,-5.22135,0.37745,14.2448,3.7826170509515844
261,5.21949,0.37867,14.2353,3.780382,,3062.0,-5.21949,0.37912,14.3077,3.7883914112706263
262,5.21949,0.38019,14.2925,3.780692,,3063.0,-5.21763,0.38054,14.3613,3.779821243675419
263,5.21763,0.38172,14.3497,3.781312,,3064.0,-5.21949,0.38208,14.4193,3.7689191158079174
264,5.21577,0.38311,14.402,3.781312,,3065.0,-5.21949,0.38361,14.4773,3.811028262805507
265,5.21949,0.38464,14.4598,3.781622,,3066.0,-5.21391,0.38515,14.5353,3.7805230456190393
266,5.21577,0.38618,14.5176,3.781932,,3067.0,-5.21949,0.38669,14.5933,3.7827809619459325
268,5.21949,0.38772,14.5753,3.782242,,3068.0,-5.21577,0.38822,14.6513,3.7900544358767347
269,5.21763,0.38925,14.6331,3.782552,,3069.0,-5.21949,0.38976,14.7093,3.7849617723474247
270,5.21763,0.39077,14.6903,3.782862,,3071.0,-5.21763,0.39148,14.7744,3.793893238984651
271,5.21763,0.39237,14.7502,3.783172,,3072.0,-5.21949,0.39299,14.8313,3.7936088913265302
272,5.22135,0.39391,14.808,3.783482,,3073.0,-5.21763,0.39434,14.8822,3.7748400866092466
273,5.21577,0.39544,14.8658,3.783792,,3074.0,-5.21949,0.39588,14.9401,3.7843373021980926
274,5.21763,0.39696,14.923,3.784102,,3075.0,-5.21763,0.39741,14.9981,3.7885563924203995
275,5.22321,0.3985,14.9808,3.784412,,3076.0,-5.22135,0.39895,15.0561,3.783794630196878
276,5.21763,0.40004,15.0385,3.784722,,3077.0,-5.21763,0.40049,15.1141,3.781032629301704
277,5.21577,0.40157,15.0963,3.785032,,3078.0,-5.21763,0.40202,15.1721,3.774686356600166
278,5.21949,0.40311,15.1541,3.785342,,3079.0,-5.22135,0.40357,15.2306,3.7770086711228674
279,5.21949,0.40465,15.2118,3.785652,,3080.0,-5.21949,0.40511,15.2886,3.7843430113200496
280,5.21763,0.40618,15.2696,3.785962,,3081.0,-5.22135,0.40665,15.3466,3.7445707322915505
281,5.21949,0.40772,15.3274,3.786272,,3082.0,-5.21763,0.40817,15.4041,3.796385416761269
282,5.21949,0.40917,15.3818,3.786582,,3083.0,-5.22321,0.40952,15.4549,3.7678903405704465
283,5.21577,0.41058,15.4347,3.786892,,3084.0,-5.21949,0.41105,15.5129,3.7605185857197445
284,5.21577,0.41229,15.499,3.786892,,3085.0,-5.22135,0.41259,15.5709,3.7741076458003193
285,5.21763,0.41379,15.5557,3.787202,,3086.0,-5.21949,0.41413,15.6289,3.7667454892591725
286,5.21949,0.41519,15.608,3.787822,,3087.0,-5.21949,0.41572,15.6891,3.773044545050462
288,5.21763,0.41672,15.6658,3.788132,,3088.0,-5.21949,0.41707,15.74,3.776725823855792
289,5.21577,0.41826,15.7235,3.788442,,3089.0,-5.21763,0.41864,15.7991,3.7862104297251156
290,5.21763,0.41984,15.7829,3.788442,,3090.0,-5.22135,0.42001,15.8511,3.775614014303239
291,5.21949,0.42136,15.8402,3.788753,,3091.0,-5.22135,0.42155,15.909,3.770167571935977
292,5.22135,0.4229,15.8979,3.789063,,3092.0,-5.22135,0.42309,15.967,3.7645114198972744
293,5.21577,0.42443,15.9557,3.789372,,3093.0,-5.21577,0.42462,16.025,3.7668595961611824
294,5.21949,0.42597,16.0135,3.789683,,3094.0,-5.21949,0.42616,16.083,3.773844885448579
295,5.21949,0.42751,16.0712,3.789993,,3095.0,-5.21763,0.4277,16.141,3.767708413472795
296,5.21949,0.42903,16.1285,3.790303,,3097.0,-5.21577,0.42923,16.199,3.774924192359765
297,5.21949,0.43054,16.1851,3.790613,,3098.0,-5.21949,0.43077,16.257,3.772340535051912
298,5.21763,0.43203,16.2412,3.790923,,3099.0,-5.22135,0.43229,16.3144,3.749521478061679
299,5.21763,0.43357,16.299,3.791233,,3100.0,-5.21763,0.43364,16.3653,3.7619642383485927
300,5.21763,0.4351,16.3568,3.791233,,3101.0,-5.21577,0.43518,16.4233,3.7734936631051257
301,5.21763,0.43664,16.4145,3.791543,,3102.0,-5.21949,0.43687,16.4873,3.7728052343060603
302,5.21949,0.43803,16.4668,3.791853,,3103.0,-5.21949,0.43837,16.5437,3.7747460500126393
303,5.21577,0.4395,16.5219,3.792163,,3104.0,-5.21949,0.4399,16.6017,3.758964919623764
304,5.21949,0.44105,16.5802,3.792473,,3105.0,-5.21577,0.44142,16.6591,3.758861394578247
305,5.22135,0.44248,16.6341,3.792783,,3106.0,-5.21763,0.4429,16.7149,3.7702147566130626
306,5.21577,0.44392,16.6881,3.793093,,3107.0,-5.21949,0.44428,16.7669,3.7671437371967893
307,5.22321,0.44557,16.7502,3.793403,,3108.0,-5.21949,0.44582,16.8249,3.7793802464718915
308,5.21949,0.44692,16.8009,3.793713,,3109.0,-5.22321,0.44735,16.8828,3.7599515116876945
309,5.21949,0.44846,16.8587,3.793713,,3110.0,-5.22135,0.44877,16.9365,3.7642370597858017
310,5.21577,0.44999,16.9165,3.794023,,3111.0,-5.21949,0.45043,16.9988,3.7608874790815916
311,5.21949,0.45154,16.9748,3.794333,,3112.0,-5.21763,0.45177,17.0497,3.7658874317600475
313,5.21763,0.45308,17.0326,3.794643,,3113.0,-5.21391,0.4533,17.1072,3.7610585174440705
314,5.21577,0.45462,17.0903,3.794953,,3114.0,-5.21949,0.45483,17.1651,3.7748784101424966
315,5.21577,0.45615,17.1481,3.795263,,3115.0,-5.21949,0.45637,17.2232,3.75967584692006
316,5.21763,0.45769,17.2058,3.795573,,3116.0,-5.21763,0.45789,17.2806,3.76334609314932
317,5.21763,0.45923,17.2636,3.795883,,3117.0,-5.21763,0.45924,17.3315,3.7588312467325196
318,5.21763,0.46076,17.3214,3.795883,,3118.0,-5.21577,0.46078,17.3895,3.7610337027069667
319,5.21763,0.4623,17.3791,3.796813,,3119.0,-5.21949,0.46231,17.4474,3.738164394215478
320,5.21577,0.46381,17.4358,3.797123,,3120.0,-5.21949,0.46385,17.5054,3.7461519099799037
321,5.21949,0.46514,17.4859,3.797123,,3122.0,-5.21763,0.46537,17.5629,3.7691658372171637
322,5.21763,0.46671,17.5448,3.797433,,3123.0,-5.22135,0.46692,17.6214,3.761367212694168
323,5.21763,0.46824,17.6026,3.797743,,3124.0,-5.21949,0.46846,17.6794,3.742705496525621
324,5.21763,0.46978,17.6603,3.798053,,3125.0,-5.21949,0.47,17.7374,3.7623084907454687
325,5.21577,0.47132,17.7181,3.798363,,3126.0,-5.22321,0.4714,17.7905,3.7581536686657264
326,5.21763,0.47285,17.7759,3.798673,,3127.0,-5.21763,0.47294,17.8485,3.7586127168929417
327,5.21577,0.47439,17.8336,3.798673,,3128.0,-5.21949,0.47448,17.9065,3.7474512147003503
328,5.21949,0.47593,17.8914,3.798983,,3129.0,-5.21391,0.47601,17.9645,3.7543727744384863
329,5.21763,0.47746,17.9491,3.799293,,3130.0,-5.21763,0.47755,18.0225,3.754168583814364
330,5.21949,0.47909,18.0102,3.799603,,3131.0,-5.21949,0.47909,18.0805,3.7529376378198025
332,5.22135,0.48057,18.0658,3.799913,,3132.0,-5.21949,0.48061,18.1379,3.742653021120207
333,5.21763,0.4821,18.1235,3.800223,,3133.0,-5.21763,0.48215,18.1959,3.760895563828055
334,5.22321,0.48364,18.1813,3.800223,,3134.0,-5.21577,0.48365,18.2528,3.7569507162270246
335,5.21763,0.48518,18.2391,3.800533,,3135.0,-5.21763,0.48526,18.3135,3.737216979939733
336,5.21577,0.48671,18.2969,3.801153,,3136.0,-5.22321,0.48661,18.3644,3.744485360684789
337,5.21763,0.48825,18.3546,3.801153,,3137.0,-5.21577,0.48815,18.4224,3.741062892992308
338,5.21763,0.48979,18.4124,3.801463,,3138.0,-5.21949,0.48968,18.4804,3.7531698075617497
339,5.21577,0.49132,18.4702,3.801773,,3139.0,-5.21763,0.49122,18.5384,3.761451849191344
340,5.21577,0.49286,18.5279,3.802083,,3140.0,-5.21949,0.49276,18.5964,3.7461814205055957
341,5.22135,0.4944,18.5857,3.802083,,3142.0,-5.21949,0.49429,18.6544,3.7541801393247622
342,5.22135,0.49593,18.6435,3.802393,,3143.0,-5.21949,0.49585,18.7129,3.750160327356297
343,5.21577,0.49735,18.6969,3.803013,,3144.0,-5.21949,0.49738,18.7709,3.7503477377925813
344,5.21949,0.49882,18.7519,3.803013,,3145.0,-5.21949,0.49892,18.8289,3.7449186160762604
345,5.21949,0.50035,18.8097,3.803324,,3146.0,-5.21949,0.50035,18.883,3.7398873984359584
346,5.22321,0.50189,18.8675,3.803633,,3147.0,-5.21949,0.50179,18.9372,3.7532202593755004
347,5.21763,0.50344,18.9258,3.803943,,3148.0,-5.22135,0.50332,18.9952,3.7395285883988207
348,5.21949,0.50486,18.9792,3.804254,,3149.0,-5.22135,0.50504,19.0597,3.729268202785106
349,5.22135,0.5064,19.037,3.804254,,3150.0,-5.21763,0.50651,19.1156,3.738039931694602
350,5.21763,0.50794,19.0948,3.804564,,3151.0,-5.22135,0.50804,19.173,3.7438108524233904
351,5.21949,0.50939,19.1492,3.805184,,3152.0,-5.21577,0.50938,19.2239,3.7474959824495575
352,5.21577,0.51073,19.1999,3.805184,,3153.0,-5.22135,0.51092,19.2818,3.7268432780373866
353,5.21949,0.51227,19.2577,3.805494,,3154.0,-5.22135,0.51259,19.3447,3.7549558324059698
354,5.21763,0.51381,19.3154,3.805804,,3155.0,-5.22135,0.51399,19.3978,3.7526644899678363
355,5.21577,0.5153,19.3716,3.805804,,3156.0,-5.21763,0.51553,19.4558,3.7350336744398414
356,5.21949,0.51666,19.4228,3.806113,,3157.0,-5.21949,0.51707,19.5138,3.753943714134017
358,5.21763,0.51818,19.48,3.806424,,3158.0,-5.22135,0.5186,19.5718,3.743799660258788
359,5.22321,0.51972,19.5378,3.806734,,3159.0,-5.21949,0.52014,19.6297,3.7321608013455476
360,5.21763,0.52127,19.5961,3.807044,,3160.0,-5.21763,0.52168,19.6877,3.7300689406925955
361,5.21577,0.52266,19.6484,3.807354,,3161.0,-5.21763,0.52317,19.7441,3.7391358988338776
362,5.21949,0.5242,19.7062,3.807664,,3162.0,-5.21949,0.52452,19.7949,3.752155492906104
363,5.21949,0.52574,19.764,3.807664,,3163.0,-5.21949,0.52605,19.8529,3.759166784458314
364,5.22321,0.52725,19.8206,3.807974,,3164.0,-5.21949,0.52759,19.9109,3.7558150478671655
365,5.22321,0.52887,19.8817,3.808284,,3165.0,-5.22135,0.52914,19.9695,3.72306655450041
366,5.21763,0.53041,19.9394,3.808594,,3167.0,-5.21763,0.5305,20.0209,3.7211453978333897
367,5.21763,0.53178,19.9912,3.808594,,3168.0,-5.21949,0.53216,20.0833,3.7407165898021373
368,5.22321,0.53325,20.0462,3.808904,,3169.0,-5.22135,0.53362,20.1385,3.725749185448655
369,5.22135,0.53478,20.104,3.809214,,3170.0,-5.21949,0.53516,20.1965,3.7230681597158393
370,5.21949,0.53632,20.1618,3.809524,,3171.0,-5.21949,0.53668,20.2539,3.7327748642498153
371,5.22135,0.53786,20.2195,3.809524,,3172.0,-5.21949,0.53822,20.3119,3.740906352817676
372,5.21949,0.53939,20.2773,3.810144,,3173.0,-5.21763,0.53975,20.3699,3.7330610777257944
373,5.21763,0.54093,20.3351,3.810454,,3174.0,-5.21763,0.54129,20.4279,3.723506200993574
374,5.21949,0.54247,20.3929,3.810454,,3175.0,-5.21949,0.54268,20.4804,3.739685370390201
375,5.22135,0.54399,20.4501,3.810764,,3176.0,-5.21949,0.54414,20.5357,3.7264113978412077
376,5.21577,0.54534,20.5008,3.811074,,3177.0,-5.21949,0.54568,20.5937,3.707372122064424
377,5.21577,0.54687,20.5585,3.811384,,3178.0,-5.21949,0.54722,20.6517,3.73155842094088
378,5.21949,0.54841,20.6163,3.811384,,3179.0,-5.21577,0.54876,20.7097,3.7287292847263256
379,5.21763,0.54995,20.6741,3.812004,,3180.0,-5.21763,0.55029,20.7677,3.7330984525641893
381,5.22135,0.55149,20.7319,3.812004,,3181.0,-5.21949,0.55183,20.8257,3.718692476309402
382,5.22321,0.55302,20.7896,3.812314,,3182.0,-5.21763,0.55337,20.8837,3.709774044507953
383,5.21763,0.55457,20.848,3.812624,,3183.0,-5.21763,0.5549,20.9416,3.7233840640461624
384,5.21949,0.55608,20.9046,3.812934,,3184.0,-5.21763,0.55628,20.9936,3.720888827582041
385,5.22135,0.55744,20.9559,3.812934,,3185.0,-5.21763,0.55789,21.0543,3.718098016350632
386,5.22135,0.55898,21.0136,3.813244,,3186.0,-5.21763,0.55928,21.1068,3.730691118976397
387,5.22135,0.56052,21.0714,3.813554,,3187.0,-5.21577,0.56082,21.1648,3.708768698688342
388,5.21763,0.56204,21.1286,3.813864,,3188.0,-5.21949,0.56235,21.2228,3.731284022373694
389,5.21949,0.5635,21.1836,3.813864,,3189.0,-5.21949,0.56389,21.2808,3.7341260781797145
390,5.21391,0.56505,21.2419,3.814484,,3190.0,-5.21577,0.56524,21.3317,3.725464627315392
391,5.21763,0.56659,21.2997,3.814484,,3192.0,-5.21949,0.56677,21.3897,3.7204381230816796
392,5.22321,0.56813,21.3574,3.814794,,3193.0,-5.21949,0.56831,21.4477,3.72855517755698
393,5.22135,0.56962,21.4136,3.815104,,3194.0,-5.21391,0.56983,21.5051,3.7124068971558373
394,5.21949,0.57104,21.467,3.815104,,3195.0,-5.21577,0.57141,21.5647,3.713928151449532
395,5.21949,0.57258,21.5247,3.815414,,3196.0,-5.21577,0.57292,21.6216,3.7098044477839345
396,5.21577,0.57413,21.5831,3.815724,,3197.0,-5.21949,0.57446,21.6796,3.7301225074967026
397,5.21763,0.57567,21.6408,3.816034,,3198.0,-5.21949,0.57599,21.7376,3.7161284510916106
398,5.21949,0.5772,21.6986,3.816344,,3199.0,-5.21763,0.57734,21.7885,3.709530457511124
399,5.22135,0.57874,21.7564,3.816344,,3200.0,-5.21763,0.57888,21.8465,3.7152357493017996
400,5.21949,0.58027,21.8141,3.816654,,3201.0,-5.21949,0.58041,21.9045,3.70210046804787
401,5.21391,0.58181,21.8719,3.816964,,3202.0,-5.21763,0.58195,21.9625,3.7136149582001274
402,5.21577,0.58335,21.9297,3.816964,,3203.0,-5.21949,0.58349,22.0205,3.7176115201656375
403,5.21763,0.58489,21.9874,3.817894,,3204.0,-5.21577,0.58502,22.0785,3.7323984294190815
405,5.21763,0.58642,22.0452,3.818204,,3205.0,-5.21949,0.58656,22.1365,3.707522991324174
406,5.21949,0.58781,22.0975,3.818204,,3206.0,-5.21763,0.58816,22.1967,3.7076744308457847
407,5.21577,0.58936,22.1559,3.818514,,3207.0,-5.21949,0.58969,22.2546,3.702333409125765
408,5.21763,0.5909,22.2136,3.818824,,3208.0,-5.21949,0.59104,22.3055,3.7142668280860693
409,5.21577,0.59244,22.2714,3.819134,,3209.0,-5.21577,0.59258,22.3635,3.7156555839712113
410,5.22135,0.59397,22.3292,3.819444,,3210.0,-5.21763,0.59411,22.4215,3.709790999955338
411,5.21763,0.59551,22.3869,3.819444,,3211.0,-5.21577,0.59565,22.4795,3.718288992988396
412,5.22135,0.59705,22.4447,3.819754,,3212.0,-5.21763,0.59719,22.5375,3.686387451670364
413,5.21763,0.59847,22.4981,3.820065,,3214.0,-5.21763,0.59872,22.5954,3.704573001719066
414,5.21763,0.60008,22.5586,3.820374,,3215.0,-5.21763,0.60023,22.6523,3.7051615860331335
415,5.21949,0.60143,22.6093,3.820374,,3216.0,-5.21949,0.60185,22.7136,3.7048110815175095
416,5.21763,0.60296,22.667,3.820995,,3217.0,-5.21577,0.60339,22.7716,3.705344638293441
417,5.22135,0.6045,22.7248,3.820995,,3218.0,-5.21949,0.60493,22.8296,3.719355351429115
418,5.21763,0.60604,22.7826,3.821305,,3219.0,-5.21763,0.60646,22.8876,3.694008786352498
419,5.21763,0.60757,22.8403,3.821615,,3220.0,-5.21577,0.60797,22.9445,3.713473439585488
420,5.21763,0.60911,22.8981,3.821925,,3221.0,-5.21949,0.60939,22.9981,3.7054498322695095
421,5.21949,0.61065,22.9559,3.822235,,3222.0,-5.21763,0.61093,23.0561,3.709351139117651
422,5.21949,0.61218,23.0136,3.822235,,3223.0,-5.21763,0.61247,23.1141,3.707046925489746
423,5.21949,0.61372,23.0714,3.822545,,3224.0,-5.21577,0.614,23.1721,3.715156457234246
424,5.22135,0.61524,23.1286,3.822855,,3225.0,-5.21763,0.61554,23.23,3.7104072536991
425,5.21763,0.61659,23.1793,3.823165,,3226.0,-5.21763,0.61707,23.288,3.7239609149525017
426,5.21577,0.61813,23.2371,3.823475,,3227.0,-5.21577,0.61861,23.346,3.7038090645609367
428,5.21577,0.61966,23.2948,3.823785,,3228.0,-5.22135,0.62008,23.4013,3.706945217597784
429,5.21949,0.62116,23.351,3.824095,,3229.0,-5.22135,0.62164,23.4604,3.7159058829959997
430,5.21763,0.62285,23.4147,3.824095,,3230.0,-5.21577,0.62318,23.5184,3.7035850735856504
431,5.21949,0.62433,23.4703,3.824405,,3231.0,-5.21577,0.62463,23.5731,3.718969411664194
432,5.21577,0.62568,23.521,3.824715,,3232.0,-5.21763,0.62598,23.624,3.686327869433202
433,5.21949,0.62722,23.5788,3.825025,,3233.0,-5.21577,0.62751,23.6819,3.7010261971583964
434,5.21949,0.62874,23.636,3.825335,,3234.0,-5.21763,0.62905,23.7399,3.704442887736032
435,5.21949,0.63026,23.6932,3.825335,,3236.0,-5.21763,0.63059,23.7979,3.706695956611447
436,5.21949,0.6318,23.751,3.825645,,3237.0,-5.22135,0.63212,23.8559,3.7103167677655646
437,5.21577,0.6333,23.8077,3.825955,,3238.0,-5.22135,0.63366,23.9139,3.6983633197669823
438,5.21949,0.63484,23.8654,3.826265,,3239.0,-5.21763,0.6352,23.9719,3.6843569015543176
439,5.21949,0.63638,23.9232,3.826575,,3240.0,-5.21949,0.63673,24.0299,3.6851214467908004
440,5.21763,0.63791,23.9809,3.826885,,3241.0,-5.22135,0.63827,24.0879,3.6890688184356626
441,5.21577,0.63944,24.0382,3.827195,,3242.0,-5.21949,0.63981,24.1458,3.6926131051653313
442,5.22135,0.64097,24.0959,3.827195,,3243.0,-5.21949,0.64134,24.2038,3.7148032634414045
443,5.21763,0.64251,24.1537,3.827505,,3244.0,-5.21949,0.64273,24.2564,3.7258380393542425
444,5.21763,0.64405,24.2115,3.827815,,3245.0,-5.21763,0.64427,24.3143,3.6960383461989874
445,5.21763,0.64558,24.2692,3.828125,,3246.0,-5.22135,0.64581,24.3723,3.67917464310299
446,5.21949,0.64712,24.327,3.828435,,3247.0,-5.21949,0.64734,24.4303,3.685323217853722
448,5.22135,0.64866,24.3848,3.828745,,3248.0,-5.21763,0.64888,24.4883,3.688664870373225
449,5.22135,0.65019,24.4425,3.828745,,3249.0,-5.22135,0.65042,24.5463,3.684306616638635
450,5.22135,0.65173,24.5003,3.829055,,3250.0,-5.22507,0.65195,24.6043,3.7042092738353265
451,5.21577,0.65327,24.558,3.829365,,3251.0,-5.21763,0.65347,24.6617,3.722835657662468
452,5.21949,0.6548,24.6158,3.829675,,3252.0,-5.21763,0.65503,24.7203,3.6992097860547597
453,5.21577,0.65634,24.6736,3.829675,,3253.0,-5.21577,0.6564,24.7722,3.6925965685480198
454,5.21949,0.65792,24.733,3.829985,,3254.0,-5.21577,0.65794,24.8302,3.694944498324334
455,5.21763,0.65928,24.7842,3.830295,,3255.0,-5.21763,0.65948,24.8882,3.6881593129720804
456,5.21577,0.66082,24.842,3.830605,,3257.0,-5.21763,0.66116,24.9517,3.6952675173979084
457,5.21763,0.66235,24.8997,3.830605,,3258.0,-5.21949,0.66252,25.0031,3.680413323418967
458,5.21949,0.66389,24.9575,3.830915,,3259.0,-5.21763,0.66406,25.0611,3.701698816252674
459,5.21949,0.66543,25.0153,3.831225,,3260.0,-5.21205,0.66551,25.1158,3.6817392325643112
460,5.21949,0.66696,25.073,3.831535,,3261.0,-5.21763,0.66712,25.1765,3.6903035191358486
461,5.21577,0.6685,25.1308,3.831845,,3262.0,-5.22135,0.66865,25.2345,3.6857744172745877
462,5.21577,0.67004,25.1885,3.832155,,3263.0,-5.21577,0.67017,25.292,3.6790559578304953
463,5.21949,0.67157,25.2463,3.832155,,3264.0,-5.21763,0.67152,25.3428,3.6850085329302735
464,5.22135,0.67307,25.3025,3.832465,,3265.0,-5.22135,0.67306,25.4008,3.6875711703744547
465,5.22135,0.67469,25.3635,3.832465,,3266.0,-5.22321,0.6746,25.4588,3.686836460176473
466,5.21763,0.67608,25.4158,3.833085,,3267.0,-5.22135,0.67613,25.5168,3.6871003377687175
468,5.21949,0.67762,25.4736,3.833085,,3268.0,-5.21763,0.67767,25.5748,3.6761085484389073
469,5.21577,0.67917,25.5319,3.833395,,3269.0,-5.21577,0.67922,25.6333,3.680552196276842
470,5.21949,0.68071,25.5897,3.833705,,3270.0,-5.21763,0.68073,25.6902,3.693223671472301
471,5.21763,0.6822,25.6458,3.834015,,3271.0,-5.22135,0.68226,25.7482,3.6712362090844715
472,5.21949,0.68374,25.7036,3.834015,,3272.0,-5.21577,0.6838,25.8062,3.670701397829729
473,5.21949,0.68523,25.7597,3.834635,,3273.0,-5.22135,0.68534,25.8642,3.6903849154787642
474,5.22135,0.68668,25.8142,3.834635,,3274.0,-5.21949,0.68686,25.9216,3.667783244340028
475,5.21949,0.6881,25.8676,3.834945,,3275.0,-5.21577,0.6884,25.9796,3.686783152277666
476,5.21577,0.68964,25.9254,3.835255,,3276.0,-5.21763,0.68992,26.0371,3.6849656444270438
477,5.22135,0.69117,25.9831,3.835255,,3277.0,-5.21763,0.6913,26.0891,3.6613357885216717
478,5.22135,0.69271,26.0409,3.835566,,3278.0,-5.21763,0.69286,26.1481,3.682290885081522
479,5.21763,0.69425,26.0987,3.835876,,3279.0,-5.21763,0.6944,26.2061,3.675180759015053
480,5.21949,0.69578,26.1564,3.836185,,3281.0,-5.21949,0.69593,26.2641,3.6799235347749217
481,5.21763,0.69731,26.2137,3.836185,,3282.0,-5.21763,0.69747,26.3221,3.695839161218403
482,5.21949,0.69865,26.2643,3.836496,,3283.0,-5.21577,0.69901,26.3801,3.6967165404540654
483,5.21949,0.70023,26.3238,3.836806,,3284.0,-5.21763,0.70054,26.438,3.6977681156693554
484,5.22135,0.70177,26.3815,3.837116,,3285.0,-5.21763,0.70208,26.496,3.683733375150442
485,5.21577,0.70331,26.4393,3.837426,,3286.0,-5.21949,0.70362,26.554,3.6906316820289353
486,5.21763,0.70484,26.4971,3.837426,,3287.0,-5.21949,0.70514,26.6115,3.6673035759446
487,5.21949,0.70638,26.5548,3.837736,,3288.0,-5.21763,0.70649,26.6624,3.671281535273301
488,5.21577,0.70792,26.6126,3.838046,,3289.0,-5.21763,0.70802,26.7204,3.667819253768755
489,5.22135,0.70954,26.6736,3.838356,,3290.0,-5.21949,0.70956,26.7784,3.6893303470196437
491,5.21763,0.71109,26.7319,3.838666,,3291.0,-5.21949,0.7111,26.8363,3.6883144826061893
492,5.21763,0.7125,26.7848,3.838666,,3292.0,-5.21763,0.71258,26.8922,3.678599089195272
493,5.21949,0.71399,26.8409,3.839286,,3293.0,-5.21763,0.71405,26.948,3.6731663458144164
494,5.22135,0.71553,26.8987,3.839596,,3294.0,-5.21949,0.7155,27.0026,3.6670005885869816
495,5.21949,0.71705,26.9559,3.839906,,3295.0,-5.21577,0.71711,27.0634,3.682481403972956
496,5.21949,0.7184,27.0066,3.840216,,3296.0,-5.21949,0.71865,27.1213,3.6712970388201462
497,5.21949,0.72004,27.0682,3.840526,,3297.0,-5.21949,0.72019,27.1794,3.668294221988585
498,5.21763,0.72149,27.1227,3.840526,,3298.0,-5.22135,0.72172,27.2374,3.663579579772257
499,5.21949,0.72302,27.1805,3.840836,,3299.0,-5.22135,0.72326,27.2953,3.659625009503637
500,5.22135,0.72456,27.2383,3.841146,,3300.0,-5.21763,0.72472,27.3506,3.6566095148453472
501,5.21763,0.7261,27.296,3.841456,,3301.0,-5.22135,0.7261,27.4026,3.6530699933726365
502,5.21577,0.72763,27.3538,3.841456,,3302.0,-5.21949,0.72764,27.4606,3.6697045037299003
503,5.21949,0.72917,27.4115,3.841766,,3304.0,-5.21949,0.72917,27.5186,3.6673051526425993
504,5.21763,0.73071,27.4693,3.842076,,3305.0,-5.21763,0.73071,27.5765,3.67512064651864
505,5.21763,0.73224,27.5271,3.842386,,3306.0,-5.21577,0.73225,27.6345,3.6561829129175525
506,5.21577,0.73362,27.5788,3.842386,,3307.0,-5.22135,0.73378,27.6925,3.667696325349872
507,5.21577,0.73533,27.6431,3.843006,,3308.0,-5.21763,0.73532,27.7505,3.6434501799737387
508,5.22321,0.73687,27.7009,3.843006,,3309.0,-5.21949,0.73686,27.8085,3.650754378817599
509,5.21577,0.7384,27.7587,3.843316,,3310.0,-5.21577,0.73841,27.867,3.671026727360589
510,5.21763,0.73994,27.8164,3.843626,,3311.0,-5.21949,0.73994,27.925,3.6646102193725145
511,5.21577,0.74148,27.8742,3.843936,,3312.0,-5.21949,0.74129,27.9759,3.6651412154273744
513,5.21763,0.74301,27.932,3.844246,,3313.0,-5.21949,0.74283,28.0339,3.649192283912283
514,5.21763,0.74455,27.9897,3.844246,,3314.0,-5.21949,0.74437,28.0919,3.6610215284292074
515,5.21577,0.74607,28.0469,3.844556,,3315.0,-5.21763,0.7459,28.1499,3.6655747340638
516,5.22135,0.74761,28.1047,3.844866,,3316.0,-5.21949,0.74744,28.2079,3.656608223410821
517,5.21577,0.74915,28.1625,3.845176,,3317.0,-5.21577,0.74906,28.2692,3.6459663890147325
518,5.22135,0.75068,28.2203,3.845486,,3318.0,-5.21577,0.7505,28.3233,3.6473198968216916
519,5.21763,0.75219,28.2769,3.845486,,3319.0,-5.21763,0.75203,28.3813,3.6349328096768985
520,5.21577,0.75361,28.3303,3.845796,,3320.0,-5.21763,0.75357,28.4393,3.647924539317413
521,5.21949,0.75515,28.3881,3.846106,,3321.0,-5.21949,0.75511,28.4973,3.648715124836692
522,5.21949,0.75668,28.4459,3.846416,,3322.0,-5.21949,0.75664,28.5553,3.637094786932837
523,5.22135,0.75822,28.5036,3.846726,,3324.0,-5.21949,0.75818,28.6133,3.6653254810768936
524,5.21391,0.75976,28.5614,3.847036,,3325.0,-5.22135,0.75972,28.6713,3.6390863421167587
525,5.22135,0.76137,28.6219,3.847346,,3326.0,-5.21949,0.76125,28.7293,3.6577302505749443
526,5.21949,0.76277,28.6748,3.847346,,3327.0,-5.22135,0.76279,28.7873,3.651469385101169
527,5.21763,0.76431,28.7325,3.847656,,3328.0,-5.21019,0.76421,28.8409,3.656555469054321
528,5.21763,0.76585,28.7903,3.847966,,3329.0,-5.21763,0.76572,28.8978,3.6692916225369037
529,5.21205,0.76738,28.848,3.848586,,3330.0,-5.21949,0.76721,28.9541,3.6537794284000955
530,5.22135,0.76892,28.9058,3.848586,,3331.0,-5.21949,0.76884,29.0154,3.6539724932062416
532,5.21577,0.77048,28.9646,3.848896,,3332.0,-5.21763,0.77018,29.0663,3.639865805530408
533,5.21949,0.77199,29.0213,3.848896,,3333.0,-5.21391,0.77172,29.1243,3.6723392338057113
534,5.21577,0.77351,29.0785,3.849206,,3334.0,-5.21577,0.77326,29.1822,3.6546499669545436
535,5.21577,0.77505,29.1363,3.849516,,3335.0,-5.21949,0.77479,29.2402,3.64170405345469
536,5.21763,0.77659,29.194,3.849826,,3336.0,-5.21763,0.77627,29.296,3.6593264015495457
537,5.22135,0.77798,29.2464,3.850137,,3337.0,-5.21763,0.77788,29.3567,3.650762957748445
538,5.21949,0.77944,29.3014,3.850446,,3338.0,-5.21949,0.77939,29.4136,3.66012707762277
539,5.22135,0.78115,29.3658,3.850756,,3339.0,-5.21763,0.78074,29.4645,3.6513474763580875
540,5.21205,0.78265,29.4219,3.850756,,3340.0,-5.21949,0.78227,29.5225,3.6494945021586918
541,5.21763,0.784,29.4725,3.851066,,3341.0,-5.21949,0.78381,29.5805,3.6496251799241977
542,5.21763,0.78557,29.5319,3.851377,,3342.0,-5.21949,0.78535,29.6385,3.670099416495352
543,5.21949,0.78711,29.5897,3.851686,,3343.0,-5.21763,0.78688,29.6964,3.6419008054033273
544,5.21949,0.78846,29.6404,3.851686,,3344.0,-5.21763,0.78836,29.7522,3.6327578842126442
545,5.21763,0.78995,29.6965,3.851996,,3345.0,-5.21949,0.7899,29.8102,3.6548456286186877
546,5.22135,0.79146,29.7532,3.852307,,3346.0,-5.21577,0.79143,29.8682,3.629087525259584
547,5.21949,0.793,29.811,3.852617,,3348.0,-5.21949,0.79297,29.9262,3.656595855022676
548,5.22135,0.79453,29.8687,3.852617,,3349.0,-5.22135,0.79452,29.9847,3.6385794340734647
549,5.21763,0.79607,29.9265,3.852926,,3350.0,-5.21949,0.79604,30.0422,3.657659441259334
550,5.21577,0.79751,29.9805,3.853237,,3351.0,-5.22135,0.79739,30.0931,3.6262662997442288
551,5.21949,0.79904,30.0382,3.853547,,3352.0,-5.22135,0.79893,30.151,3.6547720567819564
552,5.21763,0.80058,30.096,3.853857,,3353.0,-5.22135,0.80046,30.209,3.6358525651240727
553,5.21763,0.80212,30.1538,3.853857,,3354.0,-5.21763,0.8021,30.2709,3.6457105955286293
554,5.21763,0.80365,30.2115,3.854167,,3355.0,-5.21949,0.80354,30.325,3.6335383672746486
555,5.21949,0.80509,30.2655,3.854477,,3356.0,-5.21949,0.80508,30.383,3.633786819029345
557,5.21949,0.80664,30.3238,3.854787,,3357.0,-5.21949,0.80661,30.441,3.6233418586731756
558,5.21949,0.80823,30.3837,3.854787,,3358.0,-5.21763,0.80815,30.499,3.627785968334801
559,5.21763,0.80958,30.4344,3.855097,,3359.0,-5.21949,0.80968,30.557,3.637478008951538
560,5.21763,0.81112,30.4922,3.855407,,3360.0,-5.21763,0.81122,30.615,3.634827029569887
561,5.21949,0.81266,30.5499,3.855717,,3361.0,-5.21763,0.81257,30.6658,3.6351606317872673
562,5.21577,0.81419,30.6077,3.855717,,3362.0,-5.22135,0.81411,30.7238,3.6291202589345786
563,5.21577,0.81573,30.6655,3.856027,,3363.0,-5.21949,0.81564,30.7818,3.6258936083487434
564,5.21949,0.81726,30.7232,3.856337,,3364.0,-5.22135,0.81718,30.8398,3.6441199745471664
565,5.21949,0.81889,30.7843,3.856647,,3365.0,-5.21949,0.81872,30.8978,3.649415599274995
566,5.22135,0.82032,30.8382,3.856957,,3366.0,-5.21577,0.82025,30.9558,3.618674788601728
567,5.22135,0.82186,30.896,3.857267,,3367.0,-5.21949,0.82179,31.0138,3.6416341994699137
568,5.21763,0.8234,30.9537,3.857577,,3368.0,-5.21763,0.82319,31.0668,3.643875170198346
569,5.21949,0.82493,31.0115,3.857577,,3369.0,-5.22135,0.82482,31.1281,3.630264136744957
570,5.21763,0.82628,31.0622,3.857887,,3371.0,-5.21763,0.82635,31.1861,3.643053779077371
571,5.21763,0.82782,31.12,3.858197,,3372.0,-5.21577,0.82789,31.2441,3.6409385147698976
572,5.21949,0.82935,31.1777,3.858507,,3373.0,-5.21763,0.82943,31.3021,3.6388874462866565
573,5.21949,0.83089,31.2355,3.858817,,3374.0,-5.21949,0.83095,31.3595,3.638843840618844
574,5.21763,0.83241,31.2927,3.858817,,3375.0,-5.21949,0.8323,31.4104,3.6450293470715245
575,5.21577,0.83395,31.3505,3.859127,,3376.0,-5.22135,0.83383,31.4684,3.627698199589251
576,5.21949,0.83549,31.4082,3.859437,,3377.0,-5.22135,0.83537,31.5264,3.628604474491532
577,5.21949,0.83704,31.4666,3.859437,,3378.0,-5.21763,0.83691,31.5844,3.617332542415042
578,5.21763,0.83857,31.5243,3.860057,,3379.0,-5.21763,0.83845,31.6424,3.6253545554279976
579,5.21949,0.83992,31.575,3.860057,,3380.0,-5.21949,0.83998,31.7004,3.6290348113914925
581,5.21763,0.84146,31.6328,3.860677,,3381.0,-5.21577,0.84152,31.7584,3.636889820669499
582,5.21949,0.84301,31.6911,3.860677,,3382.0,-5.21949,0.84306,31.8164,3.6103780144193007
583,5.22135,0.84455,31.7489,3.860987,,3383.0,-5.21949,0.84453,31.8722,3.6380369912330437
584,5.21949,0.84608,31.8067,3.860987,,3384.0,-5.21949,0.84607,31.9302,3.619280306029145
585,5.21577,0.84762,31.8644,3.861297,,3385.0,-5.21763,0.84761,31.9882,3.613715733523223
586,5.21763,0.84916,31.9222,3.861607,,3386.0,-5.21949,0.84914,32.0462,3.62063477434491
587,5.21763,0.85069,31.9799,3.861917,,3387.0,-5.21763,0.8507,32.1047,3.620691247461425
588,5.21949,0.85223,32.0377,3.862227,,3388.0,-5.22321,0.85213,32.1589,3.6104993029417725
589,5.21763,0.85377,32.0955,3.862537,,3389.0,-5.22135,0.85374,32.2196,3.610172287868265
590,5.22135,0.85512,32.1461,3.862537,,3390.0,-5.21949,0.85528,32.2776,3.62045428964432
591,5.21949,0.85665,32.2039,3.862847,,3392.0,-5.21949,0.85681,32.3356,3.6279831175408193
592,5.21763,0.85819,32.2617,3.863157,,3393.0,-5.21949,0.85835,32.3936,3.621798863099083
593,5.21763,0.85972,32.3194,3.863467,,3394.0,-5.21391,0.85992,32.4527,3.623136569741503
594,5.21763,0.86126,32.3772,3.863777,,3395.0,-5.21577,0.86138,32.5079,3.614679932363717
595,5.21577,0.86287,32.4377,3.864087,,3396.0,-5.21949,0.86287,32.5643,3.629662668528314
596,5.21763,0.86425,32.4894,3.864397,,3397.0,-5.21949,0.86434,32.6195,3.609941532502979
597,5.21949,0.86587,32.5505,3.864397,,3398.0,-5.21949,0.86579,32.6742,3.6068092380337555
598,5.21949,0.86725,32.6022,3.864707,,3399.0,-5.21577,0.86713,32.7251,3.6298070539208456
599,5.21763,0.86886,32.6627,3.865017,,3400.0,-5.21949,0.86868,32.7836,3.6353122703131886
600,5.22135,0.87035,32.7189,3.865327,,3401.0,-5.22321,0.87006,32.8356,3.611834375382284
601,5.21949,0.8717,32.7695,3.865327,,3402.0,-5.21577,0.8716,32.8936,3.6252482828173243
602,5.21949,0.87323,32.8273,3.865637,,3403.0,-5.22135,0.87324,32.9554,3.626310340822276
603,5.22135,0.87477,32.8851,3.865947,,3404.0,-5.21763,0.87461,33.0074,3.625104364479846
605,5.21391,0.87639,32.9461,3.866257,,3405.0,-5.21577,0.87615,33.0654,3.6175370542523484
606,5.22135,0.87789,33.0022,3.866567,,3406.0,-5.22321,0.87769,33.1234,3.6157741073173186
607,5.21949,0.87942,33.06,3.866878,,3407.0,-5.22321,0.87922,33.1814,3.6155859918322926
608,5.21763,0.88096,33.1178,3.867188,,3408.0,-5.21949,0.88073,33.2383,3.6349950077976034
609,5.21949,0.8825,33.1755,3.867188,,3409.0,-5.21949,0.88218,33.293,3.6224949158876516
610,5.21763,0.88403,33.2333,3.867497,,3410.0,-5.22321,0.88372,33.351,3.609904185429141
611,5.21949,0.88557,33.291,3.867808,,3411.0,-5.21577,0.88525,33.409,3.5867739890682317
612,5.21763,0.88711,33.3488,3.868118,,3412.0,-5.21763,0.88679,33.467,3.603186853400231
613,5.21763,0.88864,33.4066,3.868428,,3413.0,-5.22135,0.88833,33.5249,3.6108758267516796
614,5.21577,0.89018,33.4643,3.868738,,3414.0,-5.21577,0.88986,33.5829,3.6235861464438175
615,5.21949,0.89172,33.5221,3.869048,,3415.0,-5.21949,0.8914,33.6409,3.598790820863288
616,5.21763,0.89325,33.5799,3.869048,,3417.0,-5.22135,0.89294,33.6989,3.605878292703311
617,5.21763,0.89479,33.6376,3.869358,,3418.0,-5.21763,0.89447,33.7569,3.6042905824590625
618,5.22135,0.89614,33.6883,3.869668,,3419.0,-5.21949,0.89601,33.8149,3.603229275176873
619,5.21763,0.89767,33.7461,3.869978,,3420.0,-5.21763,0.8975,33.8712,3.594850121653579
620,5.21763,0.89923,33.8044,3.870288,,3421.0,-5.21949,0.89897,33.9264,3.609602716486386
621,5.21763,0.90062,33.8567,3.870288,,3422.0,-5.21763,0.90047,33.9833,3.607535014061635
622,5.21577,0.90215,33.9145,3.870598,,3423.0,-5.21763,0.90201,34.0413,3.6063377828924303
623,5.21391,0.90369,33.9723,3.870908,,3424.0,-5.21763,0.90355,34.0993,3.5856605560573542
624,5.21577,0.90523,34.03,3.870908,,3425.0,-5.21949,0.90508,34.1573,3.610199220232832
626,5.21949,0.90676,34.0878,3.871528,,3426.0,-5.21949,0.90662,34.2153,3.60864294243314
627,5.21949,0.9083,34.1456,3.871528,,3427.0,-5.21763,0.90816,34.2733,3.5962845680577837
628,5.22135,0.90972,34.199,3.871838,,3428.0,-5.22135,0.90971,34.3318,3.594050477100551
629,5.21577,0.91132,34.2589,3.872148,,3429.0,-5.21949,0.91107,34.3833,3.5959792601669323
630,5.21949,0.91285,34.3167,3.872458,,3430.0,-5.21577,0.91269,34.4445,3.6024377862642663
631,5.21949,0.91439,34.3744,3.872768,,3431.0,-5.21763,0.91423,34.5025,3.601982512805308
632,5.22135,0.91593,34.4322,3.873078,,3432.0,-5.21763,0.91577,34.5605,3.6178335020494465
633,5.21763,0.91745,34.4894,3.873388,,3433.0,-5.21949,0.9173,34.6185,3.6010363663260345
634,5.21763,0.9188,34.5401,3.873698,,3434.0,-5.21763,0.91884,34.6765,3.620790540509854
635,5.21949,0.92033,34.5979,3.874008,,3435.0,-5.21949,0.92038,34.7345,3.6016355405196707
636,5.22135,0.92187,34.6556,3.874008,,3436.0,-5.21763,0.92192,34.7925,3.601349178030851
637,5.21577,0.92341,34.7134,3.874318,,3437.0,-5.22321,0.92345,34.8505,3.5952890078979487
638,5.22135,0.92494,34.7712,3.874938,,3439.0,-5.21949,0.92499,34.9085,3.6017695595875634
639,5.21949,0.92648,34.8289,3.874938,,3440.0,-5.21763,0.92652,34.9665,3.59304267522875
640,5.21577,0.92799,34.8856,3.875248,,3441.0,-5.22135,0.92806,35.0245,3.607370739588094
641,5.21763,0.92945,34.9406,3.875248,,3442.0,-5.21949,0.9296,35.0825,3.5989570027273916
642,5.22135,0.931,34.999,3.875868,,3443.0,-5.21949,0.93114,35.1405,3.5939493697340854
643,5.22321,0.93242,35.0524,3.875868,,3444.0,-5.21949,0.93256,35.1941,3.6036297794383625
644,5.21949,0.93396,35.1102,3.876488,,3445.0,-5.21763,0.93418,35.2554,3.5877243927505678
645,5.21577,0.9355,35.1679,3.876488,,3446.0,-5.21763,0.93572,35.3134,3.5746922136091124
646,5.21763,0.93703,35.2257,3.876798,,3447.0,-5.21577,0.93725,35.3714,3.6043946440346133
647,5.21763,0.93859,35.284,3.877108,,3448.0,-5.21949,0.93879,35.4293,3.5777474008040864
648,5.21949,0.94006,35.3396,3.877418,,3449.0,-5.21763,0.94033,35.4873,3.582270153560093
650,5.21949,0.9416,35.3974,3.877728,,3450.0,-5.21577,0.94186,35.5453,3.585571072890853
651,5.21949,0.94314,35.4551,3.878038,,3451.0,-5.21949,0.9434,35.6033,3.588611475863131
652,5.21763,0.94467,35.5129,3.878348,,3452.0,-5.21949,0.94475,35.6542,3.590000280172269
653,5.21763,0.94621,35.5706,3.878348,,3453.0,-5.22135,0.94628,35.7122,3.5957217830016512
654,5.21763,0.94775,35.6284,3.878968,,3454.0,-5.21763,0.94782,35.7701,3.588926810315781
655,5.21763,0.94914,35.6807,3.878968,,3455.0,-5.21577,0.94936,35.8281,3.5765312581931137
656,5.21763,0.95062,35.7363,3.879588,,3456.0,-5.21763,0.95089,35.8861,3.5886528823018025
657,5.21763,0.95215,35.7941,3.879588,,3458.0,-5.21949,0.95243,35.9441,3.578917297847326
658,5.21949,0.95369,35.8519,3.880208,,3459.0,-5.21949,0.95397,36.0021,3.5999977990321503
659,5.21949,0.95523,35.9096,3.880208,,3460.0,-5.21763,0.95543,36.0573,3.579577540539505
660,5.21763,0.95672,35.9658,3.880828,,3461.0,-5.21763,0.95688,36.1121,3.586209268877578
661,5.21949,0.95826,36.0235,3.880828,,3462.0,-5.21949,0.95842,36.17,3.5851202572451975
662,5.21949,0.95971,36.078,3.881138,,3463.0,-5.21577,0.96005,36.2318,3.5714911807819396
663,5.21949,0.96129,36.1374,3.881449,,3464.0,-5.21949,0.96146,36.2849,3.576371593317946
664,5.22135,0.96274,36.1919,3.881449,,3465.0,-5.21763,0.963,36.3429,3.577360630703914
665,5.21763,0.96411,36.2437,3.882379,,3466.0,-5.22135,0.96435,36.3938,3.5836531121405564
666,5.21763,0.96565,36.3014,3.882689,,3467.0,-5.21763,0.96588,36.4518,3.5859680195354073
667,5.21949,0.96719,36.3592,3.882689,,3468.0,-5.21949,0.96742,36.5098,3.584871558967354
668,5.21949,0.96872,36.417,3.882998,,3469.0,-5.21763,0.96907,36.5722,3.5938907209096485
669,5.21763,0.97026,36.4747,3.883309,,3470.0,-5.21763,0.97059,36.6296,3.580883181935715
670,5.21763,0.97162,36.526,3.883619,,3471.0,-5.21577,0.97194,36.6805,3.5903581909174607
671,5.21763,0.97316,36.5837,3.883929,,3472.0,-5.21763,0.97348,36.7385,3.5839428298393727
672,5.21391,0.9747,36.6415,3.884238,,3473.0,-5.21949,0.97501,36.7964,3.581597595430533
673,5.21763,0.97623,36.6993,3.884238,,3474.0,-5.21949,0.97655,36.8544,3.57769571465743
674,5.21763,0.97777,36.757,3.884549,,3475.0,-5.21949,0.97809,36.9124,3.5635958806688404
676,5.21577,0.97931,36.8148,3.884859,,3476.0,-5.22135,0.97962,36.9704,3.5860595079242557
677,5.21577,0.98084,36.8726,3.885169,,3477.0,-5.22135,0.98116,37.0284,3.5770590850851423
678,5.21577,0.98238,36.9303,3.885479,,3478.0,-5.21949,0.9827,37.0864,3.5696840130789287
679,5.21949,0.9839,36.9875,3.885789,,3479.0,-5.21949,0.98423,37.1444,3.5813546870678845
680,5.21763,0.98529,37.0398,3.885789,,3481.0,-5.21949,0.98577,37.2024,3.5774702038686064
681,5.21949,0.98683,37.0976,3.886099,,3482.0,-5.22135,0.98731,37.2604,3.568448999761889
682,5.21949,0.98837,37.1554,3.886409,,3483.0,-5.22135,0.98884,37.3184,3.580909533452963
683,5.21763,0.9899,37.2131,3.886719,,3484.0,-5.22135,0.99045,37.3791,3.5776976516305408
684,5.21763,0.99144,37.2709,3.887029,,3485.0,-5.22135,0.99196,37.436,3.551051178560644
685,5.21763,0.99297,37.3287,3.887339,,3486.0,-5.21577,0.99331,37.4869,3.5627865341304035
686,5.22135,0.99453,37.387,3.887649,,3487.0,-5.21949,0.99485,37.5449,3.558407940382253
687,5.21763,0.99602,37.4431,3.887649,,3488.0,-5.21763,0.99638,37.6028,3.5629650067373495
688,5.21949,0.99756,37.5009,3.888269,,3489.0,-5.21763,0.99792,37.6608,3.581022317370038
689,5.21763,0.99892,37.5521,3.888269,,3490.0,-5.21949,0.99946,37.7189,3.5581911206559496
690,5.22135,1.00046,37.6099,3.888579,,3491.0,-5.22135,1.00114,37.7823,3.5714028970762044
691,5.21391,1.00199,37.6676,3.888889,,3492.0,-5.21577,1.00264,37.8392,3.5723971463797493
692,5.21949,1.00353,37.7254,3.889199,,3493.0,-5.22135,1.00418,37.8972,3.5601440832434785
693,5.21949,1.00506,37.7832,3.889819,,3494.0,-5.21763,1.00553,37.9481,3.566560780388539
694,5.21763,1.00659,37.8404,3.889819,,3495.0,-5.21949,1.00707,38.0061,3.5682434680572834
695,5.21949,1.00796,37.8922,3.890129,,3496.0,-5.22135,1.0086,38.0641,3.547181392740218
696,5.21763,1.0095,37.9499,3.890439,,3497.0,-5.22135,1.01014,38.1221,3.5538609244330517
697,5.21391,1.01104,38.0077,3.890749,,3498.0,-5.21949,1.01168,38.18,3.5753329171351225
699,5.21763,1.01257,38.0654,3.891059,,3499.0,-5.21763,1.01321,38.2381,3.5726629561963095
700,5.21763,1.01418,38.1259,3.891369,,3500.0,-5.21763,1.01456,38.2889,3.563447389456704
701,5.22135,1.01563,38.1804,3.891679,,3501.0,-5.21763,1.0161,38.3469,3.553110648955107
702,5.22135,1.01717,38.2382,3.891989,,3503.0,-5.21577,1.01763,38.4049,3.539551620962303
703,5.21577,1.01871,38.2959,3.891989,,3504.0,-5.22135,1.01926,38.4662,3.5605463946452964
704,5.21949,1.02024,38.3537,3.892609,,3505.0,-5.21763,1.02078,38.5236,3.5632950520231583
705,5.21949,1.02178,38.4114,3.892609,,3506.0,-5.21763,1.02232,38.5816,3.5649632237732862
706,5.21949,1.02331,38.4692,3.892919,,3507.0,-5.21949,1.02377,38.6363,3.5631727098864925
707,5.21763,1.02484,38.5264,3.893229,,3508.0,-5.21763,1.02526,38.6927,3.558093558925079
708,5.22135,1.0262,38.5777,3.893539,,3509.0,-5.22135,1.0268,38.7507,3.5469303072698173
709,5.21763,1.02765,38.6322,3.893849,,3510.0,-5.21577,1.02833,38.8087,3.5668818694045417
710,5.21949,1.02919,38.6899,3.894159,,3511.0,-5.21949,1.02975,38.8623,3.5604375257628567
711,5.21763,1.03072,38.7477,3.894469,,3512.0,-5.21949,1.03129,38.9202,3.5676600922553265
712,5.21763,1.03226,38.8055,3.894779,,3513.0,-5.21949,1.03283,38.9782,3.5681285891446164
713,5.22321,1.03387,38.8659,3.895089,,3514.0,-5.21949,1.03435,39.0357,3.567750292103002
714,5.21763,1.03538,38.9226,3.895399,,3515.0,-5.22135,1.0357,39.0866,3.5439138743566927
715,5.21391,1.03672,38.9733,3.895399,,3516.0,-5.21949,1.03723,39.1446,3.5671946037792583
716,5.22135,1.03826,39.0311,3.896019,,3517.0,-5.21949,1.03877,39.2026,3.5341854323991497
717,5.21949,1.0398,39.0888,3.896019,,3518.0,-5.21763,1.04031,39.2605,3.547018502866615
718,5.21949,1.04133,39.1466,3.896639,,3519.0,-5.21949,1.0418,39.3169,3.54170854521556
719,5.21763,1.04286,39.2038,3.896949,,3520.0,-5.21577,1.04334,39.3749,3.5474727917169844
720,5.21763,1.0442,39.2545,3.897259,,3521.0,-5.21949,1.04489,39.4334,3.5427938618331107
721,5.21949,1.04584,39.3161,3.897569,,3522.0,-5.21577,1.04642,39.4914,3.5524775584128854
723,5.21949,1.04728,39.3701,3.897879,,3523.0,-5.21949,1.04784,39.545,3.555704114528219
724,5.21763,1.04881,39.4278,3.89819,,3524.0,-5.21949,1.04935,39.6019,3.5519142021571692
725,5.21391,1.05025,39.4818,3.898499,,3525.0,-5.21763,1.05087,39.6594,3.562986719981497
726,5.22135,1.05173,39.5374,3.898499,,3527.0,-5.22135,1.05256,39.7228,3.5550701012421713
727,5.21949,1.05325,39.5946,3.89912,,3528.0,-5.21763,1.05393,39.7748,3.536443512196308
728,5.21949,1.05479,39.6523,3.89912,,3529.0,-5.22135,1.05554,39.8355,3.545446985224149
729,5.21577,1.05632,39.7101,3.89974,,3530.0,-5.22135,1.05708,39.8935,3.555826290079626
730,5.21949,1.05786,39.7679,3.89974,,3531.0,-5.22135,1.05843,39.9444,3.5234091505564047
731,5.21949,1.05938,39.8251,3.90036,,3532.0,-5.21577,1.05996,40.0024,3.527686095898306
732,5.21763,1.06092,39.8829,3.90067,,3533.0,-5.21949,1.0615,40.0604,3.5568507836644203
733,5.21949,1.06245,39.9406,3.90098,,3534.0,-5.22135,1.06298,40.1162,3.5387367140317436
734,5.21949,1.06399,39.9984,3.90129,,3535.0,-5.21763,1.06441,40.1703,3.5392342613922496
735,5.21949,1.06553,40.0561,3.90129,,3536.0,-5.21949,1.06595,40.2283,3.5248674064250425
736,5.21949,1.06706,40.1139,3.90191,,3537.0,-5.22135,1.06749,40.2863,3.555080526437627
737,5.21577,1.06856,40.1701,3.90222,,3538.0,-5.21763,1.06904,40.3448,3.535046924651382
738,5.22321,1.07009,40.2278,3.90253,,3539.0,-5.21949,1.07057,40.4028,3.5448385975042607
739,5.21949,1.07162,40.285,3.90253,,3540.0,-5.21763,1.0721,40.4603,3.552632600377614
740,5.21949,1.07315,40.3428,3.90315,,3541.0,-5.21763,1.07344,40.5112,3.5532443461859793
741,5.21577,1.07468,40.4,3.90377,,3542.0,-5.21763,1.07504,40.5713,3.5371384233566343
742,5.22135,1.07602,40.4507,3.90408,,3543.0,-5.21763,1.07652,40.6272,3.528247019022314
743,5.22135,1.07756,40.5085,3.90439,,3544.0,-5.22135,1.07806,40.6851,3.55656591194298
744,5.21949,1.0791,40.5663,3.9047,,3545.0,-5.21949,1.07959,40.7431,3.5396515666969224
745,5.21763,1.08058,40.6218,3.90501,,3546.0,-5.21577,1.08113,40.8011,3.5239269181027395
747,5.21949,1.0822,40.6829,3.90501,,3547.0,-5.21763,1.08267,40.8591,3.542660795034108
748,5.22135,1.08374,40.7407,3.90532,,3548.0,-5.22321,1.0842,40.9171,3.5336116362574304
749,5.22135,1.08527,40.7984,3.90563,,3549.0,-5.21577,1.08574,40.9751,3.5327623448155223
750,5.21763,1.08681,40.8562,3.90625,,3550.0,-5.21763,1.08728,41.0331,3.539041182743873
751,5.21949,1.0882,40.9085,3.90625,,3552.0,-5.21949,1.08871,41.0873,3.529700184309074
752,5.21577,1.08974,40.9663,3.90656,,3553.0,-5.21949,1.09033,41.1485,3.5442497727238935
753,5.21763,1.09109,41.017,3.90718,,3554.0,-5.21949,1.09187,41.2065,3.5426394647603625
754,5.21577,1.09254,41.0714,3.90749,,3555.0,-5.21763,1.09341,41.2645,3.521085414345205
755,5.22321,1.09409,41.1297,3.9078,,3556.0,-5.21949,1.09494,41.3225,3.5308295392500604
756,5.22321,1.09564,41.1881,3.9078,,3557.0,-5.21949,1.09648,41.3805,3.521574393144077
757,5.22135,1.09717,41.2458,3.90842,,3558.0,-5.21763,1.09802,41.4385,3.5408619845021208
758,5.21763,1.09871,41.3036,3.90873,,3559.0,-5.21763,1.09955,41.4965,3.534520773226355
759,5.21763,1.10025,41.3613,3.90904,,3560.0,-5.21577,1.10109,41.5545,3.534807148693406
760,5.21763,1.10177,41.4186,3.90935,,3561.0,-5.22135,1.10263,41.6125,3.556453307823615
761,5.21949,1.10312,41.4693,3.90997,,3562.0,-5.21949,1.10416,41.6705,3.5307700688372194
762,5.21949,1.10466,41.527,3.90997,,3563.0,-5.21763,1.1057,41.7284,3.52400718626602
763,5.21949,1.10616,41.5837,3.91059,,3564.0,-5.21763,1.10712,41.7821,3.51594839198363
764,5.21949,1.10771,41.642,3.91059,,3565.0,-5.21949,1.10869,41.8412,3.5265033726180732
765,5.22135,1.10908,41.6932,3.91121,,3566.0,-5.21949,1.11022,41.8992,3.521120423919104
766,5.21949,1.11061,41.751,3.91121,,3567.0,-5.21763,1.11176,41.9571,3.5124200580155573
767,5.22135,1.11215,41.8088,3.91183,,3568.0,-5.21577,1.1133,42.0151,3.5298638118068473
768,5.21949,1.11369,41.8665,3.91214,,3570.0,-5.21763,1.11483,42.0731,3.5297690293327513
769,5.21949,1.11522,41.9243,3.91245,,3571.0,-5.21949,1.11637,42.1311,3.5444476674358683
770,5.21949,1.11676,41.9821,3.91276,,3572.0,-5.21763,1.11781,42.1853,3.513900706532524
771,5.22135,1.11812,42.0333,3.91307,,3573.0,-5.22321,1.11944,42.2471,3.526539549577365
772,5.21763,1.11973,42.0938,3.91338,,3574.0,-5.21949,1.12098,42.3051,3.5300789474080636
773,5.21577,1.12108,42.1445,3.913691,,3575.0,-5.22135,1.12252,42.3631,3.528381004173106
774,5.21763,1.12262,42.2022,3.914001,,3576.0,-5.21763,1.12405,42.4211,3.5207099656677157
776,5.21949,1.12415,42.26,3.91431,,3577.0,-5.21949,1.12556,42.478,3.5233168206480654
777,5.22135,1.12569,42.3177,3.914621,,3578.0,-5.22135,1.12707,42.5349,3.52799565876463
778,5.21577,1.12723,42.3755,3.914931,,3579.0,-5.21763,1.12842,42.5857,3.5209941244788245
779,5.21949,1.12876,42.4333,3.915241,,3580.0,-5.21763,1.12995,42.6437,3.513625256045787
780,5.21949,1.1303,42.4911,3.915861,,3581.0,-5.21763,1.13149,42.7017,3.522584932637333
781,5.21577,1.13184,42.5488,3.916171,,3582.0,-5.21763,1.13303,42.7597,3.516019138412783
782,5.21763,1.13337,42.6066,3.916481,,3583.0,-5.21763,1.13456,42.8177,3.528477176676765
783,5.22135,1.13491,42.6644,3.916791,,3584.0,-5.21763,1.13592,42.8691,3.5263765767032025
784,5.21577,1.13645,42.7221,3.917101,,3585.0,-5.22135,1.1375,42.9287,3.5208216716419374
785,5.22135,1.13821,42.7886,3.917721,,3586.0,-5.21763,1.13897,42.984,3.5047755241022305
786,5.21949,1.13962,42.8415,3.917721,,3587.0,-5.21391,1.14051,43.042,3.51918043305414
787,5.21949,1.1411,42.8971,3.918341,,3588.0,-5.21763,1.14187,43.0934,3.5184620164832943
788,5.21949,1.14265,42.9554,3.918651,,3589.0,-5.21763,1.14346,43.1536,3.502136998263798
789,5.21763,1.14419,43.0131,3.918961,,3590.0,-5.21577,1.145,43.2115,3.511960446184438
790,5.22135,1.14572,43.0709,3.919271,,3591.0,-5.21577,1.14653,43.2695,3.5163993754333793
791,5.22135,1.14726,43.1286,3.919581,,3592.0,-5.22135,1.14807,43.3275,3.5166278673057105
793,5.22135,1.1488,43.1864,3.919891,,3593.0,-5.21577,1.14942,43.3784,3.5125855334673344
794,5.21763,1.15027,43.242,3.920201,,3594.0,-5.21949,1.15096,43.4364,3.4974806297832632
795,5.21577,1.15178,43.2987,3.920821,,3596.0,-5.21949,1.15249,43.4944,3.4979839199311504
796,5.21949,1.15332,43.3564,3.921131,,3597.0,-5.21577,1.15403,43.5524,3.512256101224467
797,5.21763,1.15486,43.4142,3.921131,,3598.0,-5.22321,1.15557,43.6103,3.5021392800896542
798,5.22135,1.15639,43.472,3.921441,,3599.0,-5.21577,1.1571,43.6683,3.5063669504209805
799,5.21949,1.15793,43.5297,3.922371,,3600.0,-5.21949,1.15864,43.7263,3.4915172032523225
800,5.21763,1.15946,43.5875,3.922681,,3601.0,-5.21949,1.16018,43.7843,3.503563153996204
801,5.21949,1.161,43.6453,3.922991,,3602.0,-5.21763,1.16171,43.8423,3.4691005981583998
802,5.21949,1.16254,43.703,3.923301,,3603.0,-5.21763,1.16325,43.9003,3.4887952807477745
803,5.21949,1.16408,43.7608,3.923611,,3604.0,-5.21577,1.16478,43.9583,3.5080056041357195
804,5.21763,1.16561,43.8186,3.923921,,3605.0,-5.21949,1.16632,44.0163,3.4847708294545514
805,5.21949,1.16715,43.8763,3.924231,,3606.0,-5.21949,1.16786,44.0743,3.5089986232906014
806,5.21949,1.16869,43.9341,3.924541,,3607.0,-5.21577,1.1694,44.1323,3.4931667478155055
807,5.22135,1.17022,43.9919,3.925161,,3608.0,-5.21763,1.17093,44.1903,3.503054011588241
808,5.21763,1.17174,44.0491,3.925471,,3609.0,-5.22135,1.17235,44.2439,3.4885298715380126
809,5.21949,1.17309,44.0998,3.925781,,3610.0,-5.21949,1.17398,44.3052,3.504472386637698
810,5.21763,1.17463,44.1575,3.926401,,3611.0,-5.22135,1.17551,44.3631,3.5068639420159227
811,5.21763,1.17624,44.218,3.926401,,3612.0,-5.21949,1.17705,44.4211,3.490716016538926
812,5.21949,1.17766,44.2714,3.927021,,3613.0,-5.21763,1.17859,44.4791,3.4956162644876905
814,5.21577,1.1792,44.3292,3.927331,,3614.0,-5.22321,1.17993,44.53,3.5014352402385196
815,5.22135,1.18073,44.387,3.927951,,3616.0,-5.21949,1.18156,44.5913,3.497737414817412
816,5.21763,1.18227,44.4447,3.928262,,3617.0,-5.21949,1.1831,44.6493,3.5047549772838473
817,5.21763,1.1838,44.5025,3.928571,,3618.0,-5.21577,1.1846,44.7062,3.4885149444938106
818,5.22135,1.18538,44.5619,3.928881,,3619.0,-5.21577,1.18607,44.7614,3.4994086086163545
819,5.21391,1.18673,44.6126,3.929502,,3620.0,-5.22135,1.18741,44.8123,3.493589704278331
820,5.21577,1.18828,44.6709,3.929811,,3621.0,-5.21949,1.18895,44.8703,3.494803139274103
821,5.22135,1.18982,44.7286,3.930121,,3622.0,-5.22135,1.19049,44.9283,3.4807608334180262
822,5.21949,1.19134,44.7859,3.930432,,3623.0,-5.22135,1.19202,44.9863,3.490083835627601
823,5.22135,1.19278,44.8398,3.931051,,3624.0,-5.22321,1.19356,45.0443,3.4984847980562037
824,5.21763,1.19427,44.8959,3.931362,,3625.0,-5.21949,1.1951,45.1023,3.5130191675477582
825,5.22135,1.19579,44.9532,3.931672,,3626.0,-5.21763,1.19665,45.1608,3.495406588807959
826,5.21949,1.19733,45.0109,3.932292,,3627.0,-5.21763,1.198,45.2117,3.4936901018514295
827,5.21949,1.19887,45.0687,3.932602,,3628.0,-5.21949,1.19953,45.2696,3.4865679347216036
828,5.21949,1.20042,45.127,3.932912,,3629.0,-5.21949,1.20107,45.3276,3.4998357978547636
829,5.21763,1.20194,45.1843,3.933222,,3630.0,-5.21577,1.20261,45.3856,3.4748550763795376
830,5.21949,1.20342,45.2398,3.933532,,3631.0,-5.22507,1.20414,45.4436,3.477015486217219
831,5.21577,1.20485,45.2938,3.934152,,3632.0,-5.21763,1.20568,45.5016,3.483947659774022
832,5.21577,1.20642,45.3526,3.934462,,3633.0,-5.22135,1.20722,45.5596,3.49011961791071
833,5.21577,1.20783,45.4055,3.934772,,3634.0,-5.21763,1.20867,45.6143,3.4847454774004363
834,5.21949,1.20936,45.4633,3.935082,,3635.0,-5.21949,1.21016,45.6707,3.4839915719893053
835,5.21577,1.2109,45.521,3.935702,,3636.0,-5.21763,1.21171,45.7292,3.4949309732627953
836,5.21949,1.21241,45.5777,3.936012,,3637.0,-5.21949,1.21325,45.7872,3.5068347619507896
837,5.21763,1.21397,45.6365,3.936322,,3638.0,-5.21949,1.21478,45.8452,3.48186958915575
838,5.21949,1.21551,45.6943,3.936942,,3640.0,-5.21949,1.21632,45.9032,3.4945418505733365
840,5.21577,1.21704,45.7521,3.937252,,3641.0,-5.21391,1.21786,45.9612,3.4821499135491263
841,5.21763,1.21858,45.8099,3.937562,,3642.0,-5.21949,1.21939,46.0192,3.4945290670690845
842,5.22321,1.22012,45.8676,3.937872,,3643.0,-5.21949,1.22093,46.0771,3.46236877131035
843,5.21577,1.22166,45.9254,3.938492,,3644.0,-5.21577,1.22228,46.128,3.4699928898908756
844,5.21763,1.22319,45.9832,3.939112,,3645.0,-5.21949,1.22381,46.186,3.482808113720569
845,5.21949,1.22473,46.041,3.939422,,3646.0,-5.21949,1.22535,46.244,3.468766913281897
846,5.21763,1.22625,46.0982,3.939732,,3647.0,-5.22135,1.22689,46.302,3.4784474448949836
847,5.21577,1.22773,46.1538,3.940042,,3648.0,-5.21949,1.22842,46.36,3.48978101285984
848,5.21577,1.22915,46.2072,3.940352,,3649.0,-5.21763,1.22996,46.418,3.4776839262541372
849,5.21949,1.23069,46.2649,3.940972,,3650.0,-5.21949,1.23151,46.4765,3.4752500823379098
850,5.22135,1.23218,46.3211,3.941282,,3651.0,-5.21949,1.23289,46.5285,3.478458340853755
851,5.21763,1.23367,46.3772,3.941592,,3652.0,-5.21763,1.23443,46.5865,3.475133614642028
852,5.21763,1.23521,46.4349,3.942212,,3653.0,-5.21949,1.23596,46.6445,3.4613666209616336
853,5.21391,1.23675,46.4927,3.942522,,3654.0,-5.22135,1.2375,46.7024,3.4845747289537896
854,5.22135,1.23821,46.5478,3.942832,,3655.0,-5.21949,1.23904,46.7604,3.4680504859416934
855,5.22135,1.2397,46.6039,3.943142,,3656.0,-5.21949,1.24038,46.8113,3.48284005576415
856,5.22135,1.24124,46.6616,3.943762,,3657.0,-5.21763,1.24185,46.8665,3.4634074930910823
857,5.21577,1.24276,46.7189,3.944072,,3658.0,-5.21763,1.24343,46.9262,3.4713504035106064
858,5.22135,1.24411,46.7695,3.944692,,3659.0,-5.21763,1.24478,46.9771,3.460043756355484
859,5.22135,1.24565,46.8273,3.945003,,3660.0,-5.21763,1.24631,47.0351,3.4728850012387897
860,5.21763,1.24718,46.8851,3.945313,,3661.0,-5.21763,1.24785,47.0931,3.480166635813468
861,5.21949,1.24871,46.9423,3.945933,,3662.0,-5.21577,1.24939,47.1511,3.4734715684133506
862,5.21949,1.25018,46.9979,3.946553,,3663.0,-5.21949,1.25092,47.209,3.4699487255756867
864,5.21763,1.25168,47.054,3.946863,,3665.0,-5.21949,1.25246,47.267,3.47417342890079
865,5.21949,1.25321,47.1118,3.947483,,3666.0,-5.21763,1.254,47.325,3.4497825406464115
866,5.21763,1.25475,47.1695,3.947793,,3667.0,-5.21577,1.25553,47.383,3.4443740478797618
867,5.21577,1.2563,47.2279,3.948103,,3668.0,-5.21763,1.25707,47.441,3.469975257484529
868,5.21763,1.25784,47.2856,3.948723,,3669.0,-5.21577,1.25862,47.4995,3.4782158363095177
869,5.21949,1.25938,47.3434,3.949343,,3670.0,-5.21577,1.26015,47.5575,3.4675024974121755
870,5.21763,1.26091,47.4011,3.949653,,3671.0,-5.21763,1.26169,47.6154,3.471443728975398
871,5.21949,1.26245,47.4589,3.949963,,3672.0,-5.21763,1.26323,47.6734,3.465700378328351
872,5.22135,1.26398,47.5167,3.950273,,3673.0,-5.21577,1.26468,47.7281,3.4606606267870332
873,5.21577,1.26552,47.5745,3.950893,,3674.0,-5.21949,1.26602,47.779,3.4790289386776316
874,5.21763,1.26706,47.6322,3.951203,,3675.0,-5.21391,1.26747,47.8337,3.471442532132619
875,5.21391,1.26859,47.69,3.951823,,3676.0,-5.21577,1.26904,47.8928,3.469684361043805
876,5.21577,1.27013,47.7477,3.952133,,3677.0,-5.21949,1.27058,47.9507,3.4619253896998226
877,5.21949,1.27167,47.8055,3.952753,,3678.0,-5.21205,1.27211,48.0087,3.477319815637413
878,5.22321,1.27313,47.8605,3.953063,,3679.0,-5.21577,1.27365,48.0667,3.4568557332353156
879,5.21949,1.27467,47.9183,3.953683,,3680.0,-5.21577,1.27519,48.1247,3.455380573035352
880,5.21763,1.2762,47.976,3.953993,,3681.0,-5.22135,1.27672,48.1827,3.4750793886068116
881,5.22507,1.27774,48.0338,3.954303,,3682.0,-5.21763,1.27826,48.2407,3.4460600949428293
882,5.21949,1.27909,48.0845,3.954923,,3683.0,-5.21763,1.27978,48.2982,3.4669315477209377
883,5.21763,1.28063,48.1423,3.955233,,3684.0,-5.21763,1.28113,48.349,3.4614702710088454
884,5.22321,1.28216,48.2001,3.955543,,3685.0,-5.21577,1.28268,48.4076,3.4603224893750437
886,5.21949,1.2837,48.2578,3.956163,,3686.0,-5.21763,1.28412,48.4617,3.4478260622534345
887,5.22135,1.28524,48.3156,3.956473,,3687.0,-5.21391,1.28558,48.517,3.447800062449101
888,5.22135,1.28677,48.3734,3.956783,,3688.0,-5.21949,1.28715,48.5761,3.4420283593954673
889,5.21577,1.28831,48.4311,3.957403,,3689.0,-5.22321,1.28849,48.627,3.460276010530962
890,5.21949,1.28993,48.4921,3.958023,,3690.0,-5.22135,1.29003,48.685,3.4559200736141418
891,5.22135,1.29144,48.5488,3.958333,,3691.0,-5.21949,1.29157,48.7429,3.4556842043382474
892,5.22321,1.29298,48.6066,3.958953,,3692.0,-5.21577,1.2931,48.8009,3.4629898596179554
893,5.21949,1.29451,48.6643,3.959574,,3694.0,-5.21577,1.29467,48.86,3.459817621911233
894,5.21949,1.29583,48.7139,3.959883,,3695.0,-5.21949,1.29615,48.9158,3.4568224760334787
895,5.21949,1.29747,48.7755,3.960193,,3696.0,-5.21949,1.29747,48.9656,3.4438831314131098
896,5.22135,1.29901,48.8333,3.960504,,3697.0,-5.22135,1.29906,49.0258,3.461467096030899
897,5.21763,1.30054,48.891,3.961123,,3698.0,-5.22135,1.30042,49.0772,3.4540711438693665
898,5.21949,1.30208,48.9488,3.961434,,3699.0,-5.21949,1.30196,49.1352,3.4339181690909872
899,5.21577,1.30362,49.0066,3.962054,,3700.0,-5.21763,1.3035,49.1932,3.4483746146552305
900,5.21763,1.30515,49.0643,3.962363,,3701.0,-5.21577,1.30503,49.2512,3.451948366287488
901,5.22135,1.3065,49.115,3.962984,,3702.0,-5.22135,1.30657,49.3091,3.440588350881066
902,5.21949,1.30804,49.1728,3.963294,,3703.0,-5.21577,1.30811,49.3671,3.456198497115952
903,5.21763,1.30955,49.2295,3.963914,,3704.0,-5.22321,1.30964,49.4251,3.438917940167535
904,5.21577,1.31108,49.2872,3.964224,,3705.0,-5.21763,1.31118,49.4831,3.448356151633825
906,5.21763,1.31262,49.345,3.964844,,3706.0,-5.21763,1.31272,49.5411,3.44104868914704
907,5.21577,1.31416,49.4028,3.965154,,3707.0,-5.21763,1.31425,49.5991,3.453419037106262
908,5.21949,1.31569,49.4605,3.965774,,3708.0,-5.21763,1.31579,49.657,3.4517839322760957
909,5.22321,1.31723,49.5183,3.966394,,3709.0,-5.21763,1.31732,49.715,3.4506719109811503
910,5.21763,1.31877,49.576,3.966704,,3710.0,-5.21763,1.31886,49.773,3.4408456932169664
911,5.22135,1.3203,49.6338,3.967014,,3711.0,-5.21949,1.32035,49.8294,3.4579459666514216
912,5.21949,1.32184,49.6916,3.968254,,3712.0,-5.21763,1.32173,49.8813,3.457599929958112
913,5.22135,1.32338,49.7494,3.968254,,3713.0,-5.21763,1.3232,49.9366,3.4461064116222024
914,5.21763,1.32472,49.8001,3.968874,,3714.0,-5.21763,1.32469,49.9929,3.4432867215078122
915,5.22135,1.32623,49.8567,3.969494,,3715.0,-5.21949,1.32623,50.0509,3.439470385490939
916,5.21763,1.32777,49.9145,3.969804,,3716.0,-5.21577,1.32776,50.1089,3.436944722513058
917,5.21763,1.32931,49.9723,3.970424,,3717.0,-5.21949,1.32933,50.168,3.4397996717118535
918,5.21763,1.33084,50.03,3.970734,,3719.0,-5.21949,1.33075,50.2216,3.42870815471334
919,5.21763,1.33239,50.0883,3.971354,,3720.0,-5.21949,1.33229,50.2796,3.4542259370074695
920,5.21763,1.33393,50.1461,3.971664,,3721.0,-5.21763,1.33382,50.3376,3.449691571822551
921,5.21949,1.33547,50.2039,3.972284,,3722.0,-5.21763,1.33534,50.395,3.447182350255131
922,5.21949,1.33699,50.2611,3.972594,,3723.0,-5.21949,1.33669,50.4459,3.431123855731554
923,5.22321,1.33837,50.3129,3.973214,,3724.0,-5.21763,1.33823,50.5039,3.4467781213256568
924,5.21949,1.3399,50.3706,3.973834,,3725.0,-5.22135,1.33976,50.5619,3.4445813968147028
925,5.21763,1.34144,50.4284,3.974454,,3726.0,-5.21763,1.34133,50.621,3.442782020402936
926,5.21577,1.34299,50.4867,3.974454,,3727.0,-5.21949,1.34271,50.673,3.4676572817933575
927,5.21949,1.34444,50.5412,3.975074,,3728.0,-5.21763,1.34424,50.7309,3.432643000678554
928,5.21763,1.34579,50.5919,3.975694,,3729.0,-5.21949,1.34578,50.7889,3.449088406404542
929,5.22135,1.34732,50.6496,3.976315,,3730.0,-5.21949,1.34732,50.8469,3.4320641158825302
931,5.21949,1.34886,50.7074,3.976624,,3731.0,-5.21949,1.34885,50.9049,3.4331002919886466
932,5.21577,1.3504,50.7652,3.977245,,3732.0,-5.21577,1.35039,50.9629,3.417017129953045
933,5.21949,1.35193,50.823,3.977865,,3733.0,-5.21577,1.35193,51.0209,3.4380805634441254
934,5.21763,1.35347,50.8807,3.978175,,3734.0,-5.21949,1.35346,51.0789,3.43666227315044
935,5.21763,1.35501,50.9385,3.978795,,3735.0,-5.21949,1.355,51.1369,3.44041176894852
936,5.21949,1.35654,50.9963,3.979415,,3736.0,-5.21949,1.35654,51.1949,3.431079323816691
937,5.21949,1.35808,51.054,3.980035,,3737.0,-5.21763,1.35807,51.2529,3.428189106762373
938,5.21949,1.35962,51.1118,3.980345,,3738.0,-5.21949,1.35961,51.3109,3.428320085763161
939,5.21949,1.36115,51.1696,3.980965,,3739.0,-5.21763,1.36115,51.3689,3.445199979778547
940,5.21763,1.36269,51.2273,3.981275,,3740.0,-5.21763,1.36257,51.4225,3.4167325995321844
941,5.22135,1.36411,51.2807,3.981895,,3742.0,-5.21577,1.36416,51.4826,3.418680224603755
942,5.21949,1.3656,51.3368,3.982205,,3743.0,-5.21763,1.36558,51.5363,3.448097908505543
943,5.21949,1.36714,51.3946,3.982825,,3744.0,-5.21763,1.36712,51.5942,3.4358083649206357
944,5.21763,1.36868,51.4524,3.983445,,3745.0,-5.21763,1.36866,51.6522,3.4117716714867763
945,5.22135,1.37021,51.5101,3.983755,,3746.0,-5.21577,1.37018,51.7097,3.4209602133268775
946,5.21577,1.37175,51.5679,3.984375,,3747.0,-5.21763,1.37164,51.7649,3.4219436107942003
947,5.21949,1.37329,51.6257,3.984995,,3748.0,-5.21577,1.37299,51.8158,3.4327281826561586
948,5.21949,1.37482,51.6834,3.985305,,3749.0,-5.21949,1.37453,51.8738,3.4241355089820686
949,5.21949,1.37636,51.7412,3.985925,,3750.0,-5.22135,1.37606,51.9318,3.429743554855725
951,5.21763,1.3779,51.7989,3.986545,,3751.0,-5.21949,1.3776,51.9898,3.420226744807148
952,5.22135,1.37943,51.8567,3.986855,,3752.0,-5.21577,1.37914,52.0478,3.423718269561043
953,5.21949,1.38097,51.9145,3.987475,,3753.0,-5.21763,1.38067,52.1058,3.4290929725736468
954,5.21763,1.38232,51.9651,3.987785,,3754.0,-5.21949,1.38217,52.1621,3.415668457842659
955,5.22135,1.38384,52.0224,3.988405,,3755.0,-5.22135,1.38378,52.2228,3.4229450897316687
956,5.21763,1.38532,52.078,3.989335,,3756.0,-5.21949,1.38512,52.2737,3.4129967955022824
957,5.21949,1.38686,52.1357,3.989645,,3757.0,-5.21391,1.38673,52.3345,3.439573907891454
958,5.22321,1.38838,52.1929,3.990265,,3758.0,-5.22135,1.38823,52.3908,3.412036397662499
959,5.21949,1.39,52.254,3.990885,,3759.0,-5.21577,1.38957,52.4417,3.420548412547147
960,5.21949,1.39135,52.3047,3.991505,,3760.0,-5.21763,1.39111,52.4997,3.4306315652469914
961,5.21763,1.39289,52.3625,3.991816,,3761.0,-5.21763,1.39294,52.5686,3.419487885361914
962,5.21949,1.39458,52.4262,3.992435,,3762.0,-5.22135,1.39437,52.6228,3.436914323045921
963,5.21949,1.39597,52.4786,3.993056,,3763.0,-5.21763,1.39591,52.6808,3.4322214925178156
964,5.22321,1.39753,52.5369,3.993366,,3764.0,-5.22135,1.39745,52.7388,3.4269084180141753
965,5.21577,1.39905,52.5941,3.993986,,3765.0,-5.21763,1.39884,52.7913,3.4105144813627444
966,5.21577,1.4004,52.6448,3.994296,,3767.0,-5.22135,1.40037,52.8493,3.4213094950904104
967,5.22321,1.40193,52.7025,3.995226,,3768.0,-5.22135,1.40191,52.9073,3.428427765263434
968,5.22135,1.40347,52.7603,3.995536,,3769.0,-5.22135,1.40345,52.9653,3.405050314589124
969,5.22321,1.40501,52.8181,3.995846,,3770.0,-5.21949,1.40499,53.0233,3.410749537756594
970,5.22135,1.40654,52.8759,3.996466,,3771.0,-5.22135,1.40651,53.0807,3.4196381224155994
971,5.22135,1.40808,52.9336,3.997086,,3772.0,-5.22135,1.40786,53.1316,3.4199709336562707
972,5.21763,1.40962,52.9914,3.997396,,3773.0,-5.21763,1.40939,53.1896,3.40184290037626
974,5.21577,1.41115,53.0492,3.998016,,3774.0,-5.21949,1.41093,53.2476,3.409572892252738
975,5.21949,1.41269,53.1069,3.998326,,3775.0,-5.22135,1.41247,53.3056,3.3987377222695465
976,5.21949,1.41423,53.1647,3.998946,,3776.0,-5.21763,1.414,53.3636,3.4134791756929226
977,5.22135,1.41578,53.223,3.999566,,3777.0,-5.21949,1.41554,53.4216,3.41103857460741
978,5.21763,1.41727,53.2792,4.000186,,3778.0,-5.21949,1.41716,53.4829,3.3980369276846485
979,5.21949,1.41881,53.3369,4.000496,,3779.0,-5.21763,1.41861,53.5376,3.407439863701391
980,5.21949,1.42034,53.3947,4.001116,,3780.0,-5.21949,1.42015,53.5956,3.4074633173860223
981,5.21949,1.42188,53.4525,4.001736,,3781.0,-5.21763,1.42169,53.6536,3.410255228247844
982,5.21763,1.42342,53.5102,4.002356,,3782.0,-5.21763,1.42304,53.7045,3.429098619771061
983,5.21577,1.42496,53.568,4.002666,,3783.0,-5.21949,1.42457,53.7625,3.4179639630519034
984,5.21949,1.42649,53.6258,4.003286,,3784.0,-5.21577,1.42611,53.8204,3.4019404260491655
985,5.22135,1.42803,53.6835,4.003906,,3785.0,-5.21949,1.42764,53.8784,3.446263444751571
986,5.21949,1.42943,53.7364,4.004216,,3786.0,-5.21763,1.42928,53.9403,3.4010129810080416
987,5.21949,1.43096,53.7936,4.004836,,3787.0,-5.21949,1.43072,53.9944,3.4070928093821093
988,5.21949,1.43249,53.8514,4.005147,,3788.0,-5.21763,1.43225,54.0524,3.433526907194212
989,5.21763,1.43403,53.9091,4.005766,,3790.0,-5.21763,1.43379,54.1104,3.400277521285094
990,5.22135,1.43557,53.9669,4.006386,,3791.0,-5.21763,1.43515,54.1618,3.4213431536844405
991,5.22135,1.4371,54.0247,4.006696,,3792.0,-5.21949,1.43678,54.2231,3.4203593008781823
992,5.22135,1.43864,54.0825,4.007317,,3793.0,-5.21949,1.43813,54.274,3.405949316754846
994,5.21577,1.44018,54.1402,4.007936,,3794.0,-5.22135,1.43966,54.332,3.399661734932553
995,5.21577,1.44171,54.198,4.008556,,3795.0,-5.21763,1.4412,54.3899,3.4106599905952892
996,5.21763,1.44325,54.2557,4.008867,,3796.0,-5.21577,1.44274,54.448,3.3988572493574534
997,5.21577,1.44479,54.3135,4.009487,,3797.0,-5.22135,1.44427,54.506,3.4114238269055996
998,5.21577,1.44647,54.3767,4.010107,,3798.0,-5.21763,1.44581,54.5639,3.4059438015105914
999,5.21949,1.44784,54.4285,4.011037,,3799.0,-5.21763,1.44735,54.622,3.391635029563963
1000,5.21763,1.44938,54.4863,4.011657,,3800.0,-5.21949,1.44888,54.68,3.385050583929383
1001,5.21949,1.45112,54.5516,4.012277,,3801.0,-5.21949,1.45042,54.7379,3.4055602376902208
1002,5.22321,1.45264,54.6089,4.012897,,3802.0,-5.21949,1.45196,54.7959,3.402002550895891
1003,5.21949,1.45399,54.6596,4.013517,,3803.0,-5.21949,1.45349,54.8539,3.3820485960168916
1004,5.22135,1.45553,54.7173,4.013827,,3804.0,-5.21763,1.45503,54.9119,3.404259178963025
1005,5.21763,1.45707,54.7751,4.014447,,3805.0,-5.21949,1.45651,54.9677,3.4063960470019086
1006,5.21763,1.4586,54.8329,4.014757,,3806.0,-5.21763,1.45806,55.0263,3.4014037316691237
1007,5.21763,1.46014,54.8906,4.015377,,3807.0,-5.21763,1.45958,55.0837,3.414191531721387
1008,5.21949,1.46149,54.9413,4.015997,,3808.0,-5.21763,1.46093,55.1346,3.394363063134774
1009,5.21391,1.46302,54.9991,4.016617,,3809.0,-5.21763,1.46247,55.1926,3.389079636504115
1010,5.21949,1.46456,55.0569,4.017237,,3810.0,-5.21949,1.464,55.2506,3.4015088958087327
1011,5.21949,1.4661,55.1146,4.017857,,3812.0,-5.21949,1.46554,55.3085,3.4052177609748027
1013,5.21577,1.46779,55.1784,4.018477,,3813.0,-5.21949,1.46708,55.3665,3.3964247836586003
1014,5.21949,1.4693,55.2351,4.018787,,3814.0,-5.21577,1.46861,55.4245,3.393916145089066
1015,5.21763,1.47065,55.2858,4.019407,,3815.0,-5.21577,1.47015,55.4825,3.3970378100376277
1016,5.21949,1.47219,55.3435,4.020027,,3816.0,-5.21577,1.47168,55.5405,3.4007573811347047
1017,5.21763,1.47374,55.4018,4.020337,,3817.0,-5.21577,1.47322,55.5985,3.402524041210592
1018,5.21763,1.47527,55.4596,4.020957,,3818.0,-5.22321,1.47483,55.6592,3.3991274412029386
1019,5.22321,1.47666,55.5119,4.021577,,3819.0,-5.21949,1.47637,55.7172,3.401883154283253
1020,5.21577,1.47816,55.568,4.022197,,3820.0,-5.22135,1.4779,55.7752,3.4082876710351653
1021,5.21949,1.47972,55.6269,4.022818,,3821.0,-5.21763,1.47944,55.8332,3.4054569892677904
1022,5.21949,1.48127,55.6852,4.023438,,3822.0,-5.21577,1.48092,55.889,3.420534444390732
1023,5.21763,1.48277,55.7413,4.023747,,3823.0,-5.21763,1.4823,55.9409,3.3964995460529015
1024,5.21763,1.4843,55.7991,4.024367,,3824.0,-5.21949,1.48383,55.9989,3.392696562670826
1025,5.21763,1.48584,55.8568,4.024988,,3825.0,-5.21577,1.48537,56.0569,3.405899236260207
1026,5.21949,1.48738,55.9146,4.025298,,3826.0,-5.21949,1.48692,56.1154,3.395468943620897
1027,5.21949,1.48877,55.9669,4.026227,,3827.0,-5.22135,1.4883,56.1674,3.388413832591141
1028,5.21763,1.49039,56.0279,4.026538,,3828.0,-5.21949,1.48983,56.2254,3.3991186960037885
1029,5.21763,1.49193,56.0857,4.027158,,3829.0,-5.21577,1.49137,56.2834,3.377694317120644
1030,5.21391,1.49346,56.1435,4.027468,,3830.0,-5.21763,1.49291,56.3414,3.371661401135533
1031,5.21577,1.495,56.2012,4.028398,,3831.0,-5.21763,1.49444,56.3994,3.3792082682035143
1032,5.21763,1.49654,56.259,4.028708,,3833.0,-5.21577,1.49598,56.4574,3.389653254683554
1033,5.21763,1.49807,56.3168,4.029328,,3834.0,-5.21949,1.49752,56.5153,3.3850476816097967
1034,5.21763,1.49961,56.3745,4.029948,,3835.0,-5.21391,1.49905,56.5734,3.406825180418377
1036,5.21577,1.50115,56.4323,4.030258,,3836.0,-5.21949,1.50059,56.6314,3.394211286875195
1037,5.22135,1.50264,56.4884,4.030878,,3837.0,-5.21763,1.50213,56.6893,3.394210546243671
1038,5.22135,1.50415,56.5451,4.031498,,3838.0,-5.21949,1.50366,56.7473,3.402976781300206
1039,5.21949,1.5055,56.5958,4.032428,,3839.0,-5.21949,1.5052,56.8053,3.3858554399583203
1040,5.21763,1.50703,56.6536,4.033048,,3840.0,-5.21763,1.50674,56.8633,3.3956399781469173
1041,5.22135,1.50857,56.7113,4.033668,,3841.0,-5.21949,1.50817,56.9175,3.3928803791304025
1042,5.21577,1.51011,56.7691,4.034288,,3842.0,-5.22135,1.50967,56.9738,3.376509448967084
1043,5.21577,1.51164,56.8268,4.034598,,3843.0,-5.21577,1.5112,57.0318,3.376339645760959
1044,5.21763,1.51318,56.8846,4.035218,,3844.0,-5.21949,1.51274,57.0898,3.3805366189911874
1045,5.21763,1.51472,56.9424,4.035528,,3845.0,-5.21763,1.51427,57.1478,3.382657683761897
1046,5.22135,1.51634,57.0034,4.036149,,3846.0,-5.21949,1.51581,57.2058,3.387111702939346
1047,5.21577,1.51776,57.0568,4.036768,,3847.0,-5.21577,1.51735,57.2638,3.4053974538334737
1048,5.22135,1.5193,57.1146,4.037388,,3848.0,-5.21763,1.51888,57.3217,3.378323445739362
1049,5.21949,1.52083,57.1724,4.038008,,3849.0,-5.22135,1.52031,57.3754,3.395892631722942
1050,5.21577,1.52237,57.2301,4.038629,,3850.0,-5.21391,1.5218,57.4317,3.3742245752336095
1051,5.21949,1.52391,57.2879,4.038939,,3851.0,-5.21763,1.52333,57.4897,3.385231580326875
1052,5.21763,1.52526,57.3386,4.039558,,3852.0,-5.21949,1.52487,57.5477,3.372541579388967
1053,5.21949,1.52679,57.3963,4.040179,,3853.0,-5.21763,1.52641,57.6057,3.375621750603104
1054,5.21949,1.52833,57.4541,4.040799,,3854.0,-5.21949,1.52794,57.6637,3.379908741000961
1055,5.22135,1.52987,57.5119,4.041419,,3856.0,-5.21763,1.52948,57.7217,3.3825890294754517
1056,5.21949,1.5314,57.5696,4.041728,,3857.0,-5.21949,1.53102,57.7797,3.383150298464206
1057,5.22135,1.53294,57.6274,4.042349,,3858.0,-5.21949,1.53255,57.8377,3.387390582932483
1059,5.21949,1.53435,57.6803,4.042969,,3859.0,-5.21949,1.53409,57.8956,3.3952303245858393
1060,5.22135,1.53595,57.7408,4.043589,,3860.0,-5.21577,1.53544,57.9465,3.3641754844215512
1061,5.21949,1.53749,57.7985,4.043899,,3861.0,-5.21763,1.53697,58.0045,3.3680647990886765
1062,5.21949,1.53903,57.8563,4.044519,,3862.0,-5.22321,1.53847,58.0608,3.37211535238262
1063,5.22135,1.54056,57.9141,4.045139,,3863.0,-5.21949,1.54008,58.1216,3.3905270515028603
1064,5.22135,1.5421,57.9718,4.045759,,3864.0,-5.21949,1.54161,58.1796,3.381390963851189
1065,5.21763,1.54364,58.0296,4.046379,,3865.0,-5.22135,1.54312,58.2365,3.3732975244465186
1066,5.21949,1.54517,58.0874,4.046999,,3866.0,-5.21763,1.54463,58.2934,3.3707471192333807
1067,5.22135,1.54664,58.1424,4.047309,,3867.0,-5.21763,1.54617,58.3514,3.3713062387286814
1068,5.22135,1.54802,58.1942,4.047929,,3868.0,-5.22135,1.5477,58.4094,3.3714564527592543
1069,5.22321,1.54955,58.252,4.048239,,3869.0,-5.21763,1.54924,58.4673,3.389887176393926
1070,5.21763,1.55109,58.3097,4.048859,,3870.0,-5.22321,1.55072,58.5232,3.376924038184955
1071,5.21949,1.55263,58.3675,4.049479,,3871.0,-5.21763,1.5522,58.579,3.387492990131411
1072,5.21949,1.5541,58.4231,4.050099,,3872.0,-5.21949,1.55355,58.6298,3.369839682904132
1073,5.21391,1.55558,58.4786,4.050409,,3873.0,-5.21949,1.55508,58.6878,3.3716456933318293
1074,5.21949,1.55712,58.5364,4.051029,,3874.0,-5.21949,1.55662,58.7458,3.384382152650085
1075,5.22135,1.55866,58.5942,4.051649,,3875.0,-5.21763,1.55816,58.8038,3.390683118802843
1076,5.21949,1.56019,58.6519,4.052269,,3876.0,-5.21763,1.55968,58.8613,3.379712385314059
1077,5.21577,1.56157,58.7037,4.052889,,3877.0,-5.21763,1.56107,58.9138,3.361054531680582
1078,5.21763,1.56309,58.7609,4.05382,,3878.0,-5.22321,1.56261,58.9718,3.363119485579519
1079,5.21763,1.56463,58.8187,4.05413,,3880.0,-5.21949,1.56414,59.0298,3.3619956746103696
1080,5.21763,1.56622,58.8786,4.054749,,3881.0,-5.22135,1.56568,59.0878,3.380406055024002
1081,5.21763,1.5677,58.9342,4.055369,,3882.0,-5.21949,1.56721,59.1457,3.3603346034636874
1082,5.21577,1.56908,58.986,4.05568,,3883.0,-5.21763,1.56869,59.2015,3.3945085425020647
1083,5.21577,1.57062,59.0438,4.0563,,3884.0,-5.21949,1.57022,59.259,3.3577585807935626
1085,5.22135,1.57215,59.1016,4.05692,,3885.0,-5.21763,1.57178,59.3181,3.353619098608973
1086,5.21763,1.57369,59.1593,4.057539,,3886.0,-5.21763,1.57314,59.3695,3.3707306494615605
1087,5.22135,1.57523,59.2171,4.05816,,3887.0,-5.21763,1.57467,59.4269,3.3700382372570745
1088,5.21763,1.57676,59.2749,4.05847,,3888.0,-5.22135,1.5762,59.4849,3.3617342873660623
1089,5.21763,1.5783,59.3326,4.05909,,3889.0,-5.21949,1.57774,59.5429,3.3695115775954827
1090,5.21763,1.57984,59.3904,4.0594,,3890.0,-5.21949,1.57928,59.6009,3.3626919640879565
1091,5.21763,1.58136,59.4476,4.06002,,3891.0,-5.21577,1.58084,59.66,3.3590733381248135
1092,5.22135,1.58271,59.4983,4.06064,,3892.0,-5.21949,1.58238,59.718,3.344172042711536
1093,5.21763,1.58424,59.5561,4.06126,,3893.0,-5.21577,1.58392,59.776,3.376054175465931
1094,5.21577,1.58578,59.6138,4.06188,,3894.0,-5.21949,1.58545,59.834,3.3563226417485303
1095,5.21577,1.58732,59.6716,4.06219,,3895.0,-5.21763,1.58699,59.892,3.373549060024508
1096,5.21577,1.58885,59.7293,4.06281,,3896.0,-5.21577,1.58852,59.9499,3.365505883597563
1097,5.21949,1.59037,59.7865,4.06343,,3897.0,-5.22135,1.58987,60.0008,3.3656763952101567
1098,5.21949,1.59185,59.8421,4.06374,,3898.0,-5.22321,1.59141,60.0588,3.3508130656185027
1099,5.21577,1.59346,59.9026,4.06436,,3899.0,-5.21949,1.59295,60.1168,3.3600469239249544
1100,5.21949,1.59481,59.9533,4.06467,,3900.0,-5.21949,1.59457,60.1781,3.374105702298964
1101,5.21763,1.59635,60.0111,4.0656,,3901.0,-5.21763,1.59593,60.2295,3.359593671926967
1102,5.21949,1.59788,60.0688,4.06622,,3903.0,-5.22135,1.59747,60.2875,3.368546713064676
1103,5.22135,1.59942,60.1266,4.06653,,3904.0,-5.21577,1.59901,60.3455,3.356605144024073
1104,5.22135,1.60091,60.1827,4.06715,,3905.0,-5.21949,1.60054,60.4035,3.3778564063794003
1105,5.22135,1.60242,60.2394,4.06777,,3906.0,-5.21949,1.60208,60.4615,3.362118134306301
1107,5.21763,1.60396,60.2971,4.06808,,3907.0,-5.21577,1.60343,60.5124,3.373325006262558
1108,5.22507,1.60549,60.3549,4.0687,,3908.0,-5.21577,1.60496,60.5704,3.350805459804057
1109,5.21949,1.60703,60.4127,4.06901,,3909.0,-5.21763,1.6065,60.6284,3.373777368215293
1110,5.21949,1.60857,60.4704,4.069631,,3910.0,-5.21949,1.60804,60.6863,3.350487137989148
1111,5.22135,1.61006,60.5265,4.070251,,3911.0,-5.22135,1.60953,60.7427,3.3554647739781513
1112,5.21763,1.6117,60.5881,4.07087,,3912.0,-5.21763,1.6111,60.8018,3.3701314022490862
1113,5.21763,1.61313,60.6421,4.071491,,3913.0,-5.21763,1.61244,60.8527,3.3500110681387913
1114,5.21949,1.61467,60.6998,4.072111,,3914.0,-5.21949,1.61398,60.9107,3.3632587164872025
1115,5.21949,1.6162,60.7576,4.072421,,3915.0,-5.21763,1.61552,60.9686,3.3738852421127743
1116,5.21763,1.61774,60.8153,4.07304,,3916.0,-5.21391,1.61705,61.0266,3.3701018223199424
1117,5.21763,1.61928,60.8731,4.073661,,3917.0,-5.21763,1.61859,61.0846,3.354684512819858
1118,5.21949,1.6208,60.9304,4.074281,,3918.0,-5.21949,1.62013,61.1426,3.3538463691127745
1119,5.21577,1.62215,60.981,4.074591,,3919.0,-5.22135,1.62166,61.2006,3.3607915247192857
1120,5.21577,1.62373,61.0404,4.075521,,3920.0,-5.21763,1.6232,61.2586,3.3726012954674127
1121,5.21391,1.62505,61.09,4.076141,,3921.0,-5.21763,1.62474,61.3166,3.358203926022276
1122,5.21763,1.6267,61.1521,4.076451,,3922.0,-5.21949,1.62643,61.3806,3.3454393771591118
1123,5.22135,1.62824,61.2099,4.077071,,3923.0,-5.21391,1.62787,61.4347,3.3654060233598275
1124,5.22135,1.62958,61.2606,4.077691,,3925.0,-5.21763,1.62941,61.4927,3.3548295644872734
1125,5.21577,1.63112,61.3184,4.078001,,3926.0,-5.21949,1.63094,61.5507,3.349049030976263
1126,5.21949,1.63266,61.3761,4.078621,,3927.0,-5.21763,1.63248,61.6087,3.361693887974133
1127,5.21763,1.63417,61.4328,4.079241,,3928.0,-5.21763,1.63401,61.6667,3.3545323849860047
1128,5.22135,1.63579,61.4939,4.079861,,3929.0,-5.22135,1.63555,61.7247,3.351082954774915
1129,5.21949,1.63731,61.5511,4.080171,,3930.0,-5.21949,1.63709,61.7827,3.3511867830111086
1130,5.21949,1.63876,61.6056,4.080791,,3931.0,-5.21763,1.63855,61.838,3.3609394440393103
1132,5.21763,1.6403,61.6634,4.081411,,3932.0,-5.21577,1.64012,61.897,3.3633374223791406
1133,5.22135,1.64184,61.7212,4.082031,,3933.0,-5.21763,1.64147,61.9479,3.3591624074589306
1134,5.21949,1.64337,61.7789,4.082341,,3934.0,-5.22321,1.643,62.0059,3.353449075723592
1135,5.21949,1.64491,61.8367,4.082961,,3935.0,-5.21763,1.64454,62.0639,3.365468328498507
1136,5.21763,1.64645,61.8944,4.083581,,3936.0,-5.21949,1.64612,62.1235,3.343933596803731
1137,5.21949,1.64798,61.9522,4.084201,,3937.0,-5.22135,1.64757,62.1782,3.330399258118559
1138,5.21763,1.64952,62.01,4.084511,,3938.0,-5.21763,1.64911,62.2362,3.343831007818677
1139,5.21577,1.65104,62.0672,4.085132,,3939.0,-5.21577,1.65064,62.2942,3.3590321537973726
1140,5.21763,1.65239,62.1178,4.085752,,3940.0,-5.21577,1.65218,62.3522,3.3422034156657277
1141,5.21949,1.65392,62.1756,4.086061,,3941.0,-5.21949,1.65369,62.4091,3.356089513222922
1142,5.21763,1.65546,62.2334,4.086681,,3942.0,-5.21763,1.65503,62.46,3.3395291078152836
1143,5.21949,1.657,62.2911,4.087302,,3943.0,-5.22135,1.65657,62.518,3.356620112977956
1144,5.22135,1.65846,62.3462,4.087612,,3944.0,-5.22135,1.65808,62.5749,3.3524857263411296
1145,5.21763,1.65993,62.4012,4.088232,,3945.0,-5.21577,1.65966,62.6345,3.3521685826625296
1146,5.21949,1.66155,62.4623,4.088542,,3946.0,-5.21949,1.66107,62.6876,3.3378857479821717
1147,5.21763,1.6629,62.513,4.089162,,3947.0,-5.21763,1.66269,62.7489,3.3548906422700613
1148,5.22321,1.66444,62.5707,4.089782,,3948.0,-5.21949,1.66423,62.8068,3.3502110054905216
1149,5.22135,1.66597,62.6285,4.090402,,3950.0,-5.21763,1.66575,62.8643,3.337679623377522
1150,5.22135,1.66751,62.6863,4.090712,,3951.0,-5.21763,1.6671,62.9152,3.3520906087801463
1151,5.22135,1.66905,62.7441,4.091332,,3952.0,-5.21949,1.66863,62.9732,3.3527136798075268
1152,5.22135,1.67051,62.7991,4.091952,,3953.0,-5.21763,1.67017,63.0312,3.3309777672448493
1153,5.22135,1.67202,62.8558,4.092262,,3954.0,-5.22135,1.67171,63.0892,3.346238020648286
1154,5.21763,1.67355,62.9135,4.092882,,3955.0,-5.21763,1.67324,63.1472,3.3452191162276206
1156,5.21577,1.67509,62.9713,4.093192,,3956.0,-5.21949,1.67478,63.2052,3.366559997519769
1157,5.21763,1.67663,63.029,4.093812,,3957.0,-5.21577,1.67632,63.2631,3.3581257506288367
1158,5.21949,1.67798,63.0797,4.094122,,3958.0,-5.21949,1.67785,63.3211,3.3391037677296196
1159,5.21763,1.67951,63.1375,4.094742,,3959.0,-5.21949,1.67939,63.3791,3.3408953525300475
1160,5.21763,1.68105,63.1952,4.095362,,3960.0,-5.21577,1.68093,63.4371,3.334999333984002
1161,5.21763,1.68258,63.253,4.095982,,3961.0,-5.21577,1.68246,63.4951,3.326039202723015
1162,5.21949,1.68412,63.3108,4.096602,,3962.0,-5.21577,1.684,63.5531,3.340841977125548
1163,5.21949,1.68566,63.3685,4.097222,,3963.0,-5.21763,1.68553,63.611,3.335829609512195
1164,5.21949,1.68719,63.4263,4.097532,,3964.0,-5.21949,1.68707,63.669,3.321797843618404
1165,5.21763,1.68873,63.4841,4.098152,,3965.0,-5.21763,1.68861,63.727,3.345078293710474
1166,5.21577,1.69027,63.5418,4.098773,,3966.0,-5.21949,1.69014,63.785,3.355106623992481
1167,5.21577,1.69188,63.6023,4.099392,,3968.0,-5.21577,1.69178,63.8469,3.3386535232969776
1168,5.21763,1.69341,63.66,4.100012,,3969.0,-5.22135,1.69326,63.9027,3.352928454253702
1169,5.22135,1.69485,63.714,4.100633,,3970.0,-5.21763,1.69461,63.9535,3.3451367491613384
1170,5.22321,1.69646,63.7745,4.100943,,3971.0,-5.21949,1.69615,64.0115,3.33628639876365
1171,5.22135,1.69799,63.8323,4.101563,,3972.0,-5.21763,1.69768,64.0695,3.3430771748634625
1172,5.21577,1.69953,63.89,4.102182,,3973.0,-5.21949,1.69915,64.1248,3.356461975529375
1173,5.21763,1.70107,63.9478,4.102492,,3974.0,-5.21949,1.70065,64.1816,3.3499876455010917
1175,5.21949,1.7026,64.0056,4.103113,,3975.0,-5.22135,1.70219,64.2396,3.337183028372542
1176,5.21949,1.70414,64.0633,4.103423,,3976.0,-5.22135,1.70358,64.2922,3.3369641001605723
1177,5.21577,1.70568,64.1211,4.104043,,3977.0,-5.21763,1.70511,64.3496,3.3287423174896893
1178,5.21949,1.70721,64.1789,4.104663,,3978.0,-5.21763,1.70664,64.4076,3.3294203159347373
1179,5.22135,1.70875,64.2366,4.104973,,3979.0,-5.21949,1.70818,64.4656,3.3539485998433953
1180,5.21763,1.71029,64.2944,4.105593,,3980.0,-5.21763,1.70972,64.5236,3.323795386257419
1181,5.21763,1.71168,64.3467,4.106213,,3981.0,-5.21949,1.71125,64.5816,3.3508363298864543
1182,5.21949,1.71324,64.4056,4.106523,,3982.0,-5.22135,1.71279,64.6396,3.3178532472020343
1183,5.21763,1.71466,64.4589,4.107143,,3983.0,-5.21763,1.71433,64.6976,3.3480699539604717
1184,5.21763,1.7162,64.5167,4.107763,,3984.0,-5.21763,1.71586,64.7556,3.345861602425246
1185,5.21763,1.71774,64.5745,4.108073,,3985.0,-5.21763,1.71733,64.8108,3.3480073473341236
1186,5.21763,1.71927,64.6322,4.108693,,3986.0,-5.21949,1.71889,64.8699,3.33707544104742
1187,5.21763,1.72081,64.69,4.109313,,3987.0,-5.22321,1.72024,64.9208,3.3187078900135427
1188,5.21391,1.72235,64.7477,4.109623,,3988.0,-5.21763,1.72178,64.9788,3.336164055576995
1189,5.21577,1.72393,64.8071,4.110243,,3989.0,-5.22135,1.72331,65.0368,3.3262429893015932
1190,5.21763,1.72532,64.8594,4.110863,,3990.0,-5.21949,1.72485,65.0948,3.3277159727291274
1191,5.21763,1.72685,64.9172,4.111173,,3991.0,-5.21577,1.72634,65.1511,3.3162138845724107
1192,5.21763,1.72839,64.975,4.111793,,3992.0,-5.21949,1.72785,65.2081,3.3312754970799077
1193,5.22135,1.72993,65.0327,4.112413,,3993.0,-5.22135,1.72935,65.2644,3.346365649331029
1194,5.22321,1.73146,65.0905,4.112723,,3994.0,-5.21949,1.73088,65.3224,3.325132072206822
1195,5.21763,1.733,65.1483,4.113033,,3996.0,-5.21577,1.73242,65.3804,3.3263740590339985
1197,5.22135,1.73454,65.2061,4.113963,,3997.0,-5.21949,1.73395,65.4384,3.325403957280276
1198,5.21763,1.73606,65.2633,4.114274,,3998.0,-5.21949,1.73549,65.4964,3.335879604861997
1199,5.21949,1.73741,65.3139,4.114893,,3999.0,-5.21763,1.73703,65.5544,3.316640719747935
1200,5.21949,1.73894,65.3717,4.115513,,4000.0,-5.21763,1.73856,65.6124,3.3408525604027854
1201,5.21577,1.74048,65.4295,4.115823,,4001.0,-5.21949,1.7401,65.6703,3.320964084817525
1202,5.21763,1.74202,65.4872,4.116444,,4002.0,-5.21949,1.74164,65.7283,3.3315188451846263
1203,5.21949,1.74355,65.545,4.117064,,4003.0,-5.21763,1.74316,65.7858,3.3336878698562122
1204,5.22135,1.74509,65.6027,4.117373,,4004.0,-5.21577,1.74451,65.8367,3.3288396095690858
1205,5.21949,1.74655,65.6578,4.118304,,4005.0,-5.21763,1.74604,65.8947,3.334503826732821
1206,5.22135,1.74806,65.7145,4.118924,,4006.0,-5.22135,1.74758,65.9526,3.3365994257685303
1207,5.21577,1.74958,65.7717,4.119234,,4007.0,-5.21763,1.74912,66.0106,3.2995196515672287
1208,5.21763,1.75106,65.8273,4.119853,,4008.0,-5.22135,1.75067,66.0692,3.3131599183479787
1209,5.21949,1.7526,65.885,4.120164,,4009.0,-5.21949,1.75206,66.1217,3.322169633695041
1210,5.21763,1.75414,65.9428,4.120784,,4010.0,-5.21949,1.75367,66.1824,3.317881871863696
1211,5.21763,1.75567,66.0006,4.121094,,4011.0,-5.21577,1.75502,66.2333,3.347648646719144
1212,5.21577,1.75721,66.0583,4.121714,,4012.0,-5.21949,1.75655,66.2913,3.322396664133027
1213,5.21577,1.75857,66.1095,4.122334,,4013.0,-5.21763,1.75809,66.3493,3.3377185922375614
1214,5.21577,1.76011,66.1673,4.122954,,4014.0,-5.21949,1.75963,66.4073,3.3291772780699507
1215,5.21949,1.76164,66.2251,4.123264,,4015.0,-5.21949,1.76116,66.4653,3.3282131560296873
1216,5.21391,1.76318,66.2828,4.123884,,4016.0,-5.21949,1.76256,66.5178,3.3242758609599763
1217,5.21949,1.76472,66.3406,4.124504,,4017.0,-5.21949,1.76415,66.578,3.3256649822450153
1218,5.21763,1.76625,66.3984,4.124814,,4018.0,-5.21763,1.7655,66.6289,3.301589480338505
1220,5.21577,1.76779,66.4561,4.125434,,4019.0,-5.21763,1.76704,66.6869,3.3327029800309815
1221,5.21763,1.76931,66.5134,4.125744,,4021.0,-5.22321,1.76857,66.7449,3.3194259798431567
1222,5.21949,1.77089,66.5727,4.126364,,4022.0,-5.21949,1.77011,66.8028,3.3073785809180376
1223,5.22135,1.77243,66.6305,4.126984,,4023.0,-5.21391,1.77165,66.8608,3.3252944983538315
1224,5.22135,1.77395,66.6877,4.127294,,4024.0,-5.21763,1.77318,66.9189,3.30187804686841
1225,5.22135,1.7753,66.7384,4.127604,,4025.0,-5.21763,1.77472,66.9768,3.3245360839023377
1226,5.21949,1.77684,66.7962,4.127914,,4026.0,-5.21763,1.77626,67.0348,3.3177485959615804
1227,5.21763,1.77837,66.8539,4.128534,,4027.0,-5.21577,1.77779,67.0928,3.305663589282606
1228,5.21763,1.77991,66.9117,4.129154,,4028.0,-5.21763,1.77933,67.1508,3.323064539355964
1229,5.21763,1.78145,66.9695,4.129464,,4029.0,-5.21763,1.78087,67.2088,3.3189478034860085
1230,5.21949,1.78298,67.0272,4.130085,,4030.0,-5.21949,1.7824,67.2668,3.322288889079644
1231,5.22135,1.78452,67.085,4.130704,,4031.0,-5.21949,1.78379,67.3193,3.3045510666160034
1232,5.21949,1.78606,67.1428,4.131014,,4032.0,-5.21577,1.78533,67.3773,3.3134595185287243
1233,5.21763,1.78759,67.2005,4.131634,,4033.0,-5.21763,1.78694,67.438,3.330611599426995
1234,5.21949,1.78911,67.2577,4.132255,,4034.0,-5.21949,1.78846,67.4954,3.320206021370901
1235,5.21763,1.79052,67.3106,4.132565,,4035.0,-5.21577,1.79,67.5534,3.30597779598599
1236,5.21763,1.79201,67.3667,4.133184,,4036.0,-5.21949,1.79154,67.6114,3.3223013910754187
1237,5.21577,1.79355,67.4245,4.133805,,4037.0,-5.21577,1.79307,67.6694,3.310964903504354
1238,5.21949,1.79509,67.4822,4.134115,,4038.0,-5.21949,1.79461,67.7274,3.309517068675823
1239,5.22135,1.79662,67.54,4.134735,,4039.0,-5.21391,1.79614,67.7854,3.327194093195359
1240,5.22135,1.79813,67.5967,4.135045,,4041.0,-5.21949,1.79768,67.8434,3.310631316595334
1242,5.21949,1.79974,67.6571,4.135664,,4042.0,-5.21763,1.79922,67.9013,3.3107674911347456
1243,5.22135,1.80109,67.7078,4.136285,,4043.0,-5.21763,1.80075,67.9594,3.3116623357095407
1244,5.22135,1.80262,67.7656,4.136595,,4044.0,-5.21949,1.80229,68.0173,3.294474184675036
1245,5.21763,1.80416,67.8234,4.137215,,4045.0,-5.22135,1.80381,68.0748,3.317511767602571
1246,5.22135,1.8057,67.8812,4.137525,,4046.0,-5.21763,1.80534,68.1322,3.311926259308792
1247,5.21577,1.80723,67.9389,4.138145,,4047.0,-5.21949,1.80684,68.1891,3.319639905449019
1248,5.21763,1.80887,68.0005,4.138455,,4048.0,-5.22135,1.80819,68.24,3.293814130884537
1249,5.22135,1.81037,68.0567,4.139385,,4049.0,-5.21949,1.80973,68.298,3.291585261846994
1250,5.21949,1.81184,68.1122,4.139695,,4050.0,-5.21949,1.81126,68.356,3.325689009020405
1251,5.21763,1.81338,68.17,4.140315,,4051.0,-5.21949,1.8128,68.414,3.330933751676094
1252,5.21949,1.8149,68.2272,4.140625,,4052.0,-5.22135,1.81428,68.4698,3.321616535064756
1253,5.21949,1.81629,68.2795,4.141245,,4053.0,-5.22135,1.81577,68.5261,3.3172897165252473
1254,5.21763,1.81783,68.3373,4.141555,,4054.0,-5.21949,1.81725,68.582,3.3016968131991544
1255,5.21949,1.81943,68.3972,4.142175,,4055.0,-5.22135,1.81886,68.6427,3.2971566443419085
1256,5.22135,1.82083,68.4501,4.142795,,4056.0,-5.21763,1.8204,68.7007,3.3119623849260704
1257,5.22135,1.82237,68.5079,4.143105,,4057.0,-5.21949,1.82193,68.7587,3.3036837073725214
1258,5.21949,1.82391,68.5656,4.143725,,4058.0,-5.22135,1.82347,68.8167,3.311318746790569
1259,5.21577,1.82544,68.6234,4.144035,,4059.0,-5.21577,1.82501,68.8746,3.3035615030053194
1260,5.21577,1.82691,68.6784,4.144655,,4060.0,-5.21577,1.82654,68.9326,3.3018367641840536
1261,5.21949,1.82846,68.7367,4.144965,,4062.0,-5.21949,1.82808,68.9906,3.3059756838368624
1262,5.21763,1.82999,68.7945,4.145586,,4063.0,-5.21949,1.82962,69.0486,3.31146462679083
1263,5.21763,1.83153,68.8523,4.146205,,4064.0,-5.21949,1.83115,69.1066,3.3011314367248374
1265,5.21763,1.83307,68.91,4.146515,,4065.0,-5.21763,1.83269,69.1646,3.3058474740338784
1266,5.21949,1.8346,68.9678,4.147135,,4066.0,-5.22135,1.83423,69.2226,3.2883187871034623
1267,5.21763,1.83614,69.0256,4.147756,,4067.0,-5.22135,1.83576,69.2806,3.290248290438513
1268,5.21577,1.83768,69.0833,4.148066,,4068.0,-5.21763,1.8373,69.3386,3.299505725376381
1269,5.21949,1.83921,69.1411,4.148376,,4069.0,-5.21763,1.83888,69.3982,3.3049971640261657
1270,5.21949,1.84075,69.1989,4.148995,,4070.0,-5.21949,1.84036,69.454,3.2955103715368477
1271,5.21763,1.84229,69.2566,4.149616,,4071.0,-5.21577,1.84187,69.5109,3.304509434236065
1272,5.21949,1.84363,69.3073,4.149926,,4072.0,-5.21391,1.84336,69.5672,3.28971924336418
1273,5.22135,1.84519,69.3656,4.150546,,4073.0,-5.22135,1.84471,69.6181,3.294363472105765
1274,5.21577,1.84665,69.4206,4.151165,,4074.0,-5.21949,1.84624,69.6761,3.309128072551316
1275,5.21949,1.84819,69.4784,4.151476,,4075.0,-5.22135,1.84778,69.7341,3.3091780358516796
1276,5.22135,1.84972,69.5362,4.152096,,4076.0,-5.21763,1.84916,69.7861,3.3066083366545183
1277,5.22135,1.85126,69.594,4.152406,,4077.0,-5.21763,1.85068,69.8435,3.297657842274376
1278,5.21949,1.8528,69.6517,4.153026,,4078.0,-5.21577,1.85222,69.9015,3.323162066117955
1279,5.21763,1.85433,69.7095,4.153336,,4079.0,-5.21763,1.85375,69.9595,3.307196479841492
1280,5.21763,1.85587,69.7673,4.153646,,4080.0,-5.21949,1.85529,70.0175,3.2904260096678155
1281,5.21577,1.85729,69.8207,4.154266,,4081.0,-5.21949,1.85683,70.0755,3.306631708519055
1282,5.21763,1.85874,69.8752,4.154886,,4082.0,-5.21949,1.85836,70.1335,3.2946328850582454
1283,5.21949,1.86028,69.9329,4.155196,,4084.0,-5.21763,1.8601,70.1991,3.279869129929349
1284,5.21763,1.86181,69.9907,4.155816,,4085.0,-5.21577,1.86151,70.2522,3.3033029902301116
1285,5.21763,1.86335,70.0485,4.156126,,4086.0,-5.21577,1.86305,70.3102,3.2947812385794033
1287,5.21949,1.86489,70.1062,4.156746,,4087.0,-5.21949,1.86458,70.3682,3.292919139102559
1288,5.21577,1.86642,70.164,4.157366,,4088.0,-5.22135,1.86612,70.4262,3.3010632678272027
1289,5.21763,1.86796,70.2217,4.157676,,4089.0,-5.21949,1.86766,70.4842,3.2948085643867544
1290,5.21763,1.8695,70.2795,4.157986,,4090.0,-5.21577,1.86919,70.5422,3.297118236060325
1291,5.21763,1.87105,70.3378,4.158296,,4091.0,-5.22135,1.87073,70.6002,3.279828907478136
1292,5.21949,1.87258,70.3956,4.158916,,4092.0,-5.21949,1.87228,70.6587,3.2949706449963454
1293,5.21763,1.87412,70.4534,4.159536,,4093.0,-5.21577,1.8738,70.7162,3.2933856688403047
1294,5.22135,1.87564,70.5106,4.159846,,4094.0,-5.21949,1.87515,70.7671,3.287986347494848
1295,5.21949,1.87716,70.5678,4.160466,,4095.0,-5.21577,1.87669,70.825,3.2977717403079363
1296,5.21763,1.87854,70.6196,4.161086,,4096.0,-5.21577,1.87822,70.883,3.294497366858974
1297,5.21577,1.88008,70.6774,4.161397,,4097.0,-5.21577,1.87976,70.941,3.28853797210164
1298,5.21763,1.88162,70.7351,4.162016,,4098.0,-5.21949,1.8813,70.999,3.3012353705717223
1299,5.21763,1.88315,70.7929,4.162326,,4099.0,-5.22135,1.88289,71.0592,3.282484196876973
1300,5.21577,1.88469,70.8506,4.162946,,4100.0,-5.21763,1.88425,71.1106,3.291270459670269
1301,5.21577,1.88622,70.9084,4.163257,,4101.0,-5.21949,1.88579,71.1686,3.2858732561922177
1302,5.21577,1.88776,70.9661,4.163877,,4102.0,-5.21763,1.88733,71.2266,3.303496681992277
1303,5.22135,1.8893,71.0239,4.164496,,4103.0,-5.21763,1.88885,71.284,3.283079181876749
1304,5.21763,1.89083,71.0816,4.164806,,4105.0,-5.21949,1.89027,71.3376,3.284068149732027
1305,5.22321,1.89237,71.1394,4.165427,,4106.0,-5.22135,1.89188,71.3984,3.2767969211720485
1306,5.21949,1.89372,71.1901,4.166047,,4107.0,-5.21763,1.89342,71.4564,3.2644721916336903
1307,5.21763,1.89526,71.2479,4.166357,,4108.0,-5.22135,1.89476,71.5072,3.2832439526117225
1309,5.21763,1.89679,71.3057,4.166976,,4109.0,-5.21949,1.8963,71.5652,3.284800772196239
1310,5.21949,1.89833,71.3634,4.167287,,4110.0,-5.21577,1.89784,71.6232,3.3014972944807166
1311,5.21949,1.89984,71.4201,4.167907,,4111.0,-5.21577,1.89946,71.6845,3.2884543341115378
1312,5.21577,1.90139,71.4784,4.168217,,4112.0,-5.22135,1.90094,71.7403,3.280788174270028
1313,5.22135,1.90291,71.5357,4.168837,,4113.0,-5.21949,1.90233,71.7928,3.2796657080868745
1314,5.21763,1.90433,71.5891,4.169147,,4114.0,-5.21949,1.90393,71.853,3.289893802991896
1315,5.21949,1.90587,71.6468,4.169767,,4115.0,-5.21949,1.90546,71.911,3.2810598201382386
1316,5.21763,1.9074,71.7046,4.170077,,4116.0,-5.21763,1.90693,71.9663,3.2846639427447175
1317,5.21763,1.90887,71.7596,4.170697,,4117.0,-5.21949,1.9083,72.0182,3.2848026514409843
1318,5.21763,1.9104,71.8174,4.171007,,4118.0,-5.21763,1.90984,72.0762,3.2931509683190963
1319,5.22135,1.91194,71.8752,4.171317,,4119.0,-5.21577,1.91132,72.132,3.297296047103202
1320,5.21949,1.91348,71.9329,4.171937,,4120.0,-5.22135,1.91307,72.1982,3.2750520622600066
1321,5.21763,1.91484,71.9842,4.172557,,4121.0,-5.21763,1.91442,72.2491,3.2759021766284433
1322,5.21949,1.91645,72.0447,4.172867,,4122.0,-5.21763,1.91596,72.3071,3.276986074735017
1323,5.21763,1.9178,72.0953,4.173177,,4123.0,-5.21763,1.9175,72.3651,3.283444128135782
1324,5.21949,1.91933,72.1531,4.173797,,4124.0,-5.22135,1.91905,72.4236,3.282581957636175
1325,5.21763,1.92087,72.2108,4.174107,,4125.0,-5.21763,1.92042,72.4756,3.288391773468649
1326,5.21577,1.92239,72.2681,4.174727,,4126.0,-5.21949,1.92196,72.5336,3.2729538602346344
1327,5.21763,1.92393,72.3258,4.175037,,4127.0,-5.21949,1.9235,72.5916,3.2915460449129643
1328,5.21949,1.92547,72.3836,4.175657,,4128.0,-5.21763,1.92503,72.6496,3.256437630413121
1329,5.21763,1.927,72.4414,4.176277,,4129.0,-5.21577,1.92657,72.7076,3.259815742681722
1330,5.21763,1.92854,72.4991,4.176587,,4131.0,-5.21763,1.92811,72.7656,3.276260902354551
1331,5.21577,1.93008,72.5569,4.177207,,4132.0,-5.21763,1.92964,72.8236,3.2613991673717244
1333,5.21949,1.93161,72.6147,4.177517,,4133.0,-5.21949,1.93118,72.8816,3.2858680878473705
1334,5.21763,1.93315,72.6725,4.178137,,4134.0,-5.21949,1.93272,72.9396,3.2668157138934477
1335,5.21949,1.93469,72.7302,4.178447,,4135.0,-5.21949,1.93425,72.9976,3.277642066549877
1336,5.21949,1.93621,72.7875,4.179068,,4136.0,-5.21949,1.93573,73.0534,3.2742901584343076
1337,5.21949,1.93785,72.849,4.179688,,4137.0,-5.21949,1.93717,73.1075,3.2641419148763826
1338,5.21949,1.93938,72.9068,4.179997,,4138.0,-5.21763,1.93881,73.1694,3.27754003993854
1339,5.21949,1.94092,72.9646,4.180617,,4139.0,-5.21949,1.94034,73.2274,3.281898135948002
1340,5.21949,1.94227,73.0153,4.180928,,4140.0,-5.21949,1.94188,73.2853,3.279585671079536
1341,5.21949,1.94381,73.073,4.181238,,4141.0,-5.21763,1.94342,73.3433,3.2767908707984787
1342,5.21577,1.94534,73.1308,4.181858,,4142.0,-5.21763,1.94495,73.4013,3.253538415010135
1343,5.21763,1.94688,73.1886,4.182477,,4143.0,-5.21763,1.94649,73.4593,3.2897606653241347
1344,5.21763,1.94827,73.2409,4.183098,,4144.0,-5.21949,1.94801,73.5168,3.2750091625959157
1345,5.21763,1.94984,73.2997,4.183718,,4145.0,-5.21949,1.94952,73.5737,3.280744383954413
1346,5.21763,1.95118,73.3504,4.184028,,4146.0,-5.21949,1.95106,73.6317,3.2742278479249833
1347,5.22135,1.95272,73.4082,4.184648,,4147.0,-5.21949,1.95243,73.6837,3.2481580874252463
1348,5.21949,1.95426,73.466,4.184958,,4148.0,-5.21577,1.95397,73.7416,3.2796533001549966
1349,5.21949,1.95579,73.5237,4.185578,,4149.0,-5.21763,1.95551,73.7996,3.2626941350310705
1350,5.21949,1.95733,73.5815,4.185888,,4151.0,-5.21949,1.95704,73.8576,3.275840882077765
1351,5.21949,1.95887,73.6393,4.186508,,4152.0,-5.21763,1.95858,73.9156,3.2634285190569456
1352,5.22135,1.96041,73.6971,4.186818,,4153.0,-5.21949,1.96012,73.9736,3.264223303916904
1353,5.21763,1.96194,73.7548,4.187128,,4154.0,-5.21763,1.96165,74.0316,3.2847972090597866
1355,5.22135,1.96348,73.8126,4.187748,,4155.0,-5.21577,1.96319,74.0896,3.2592990113653655
1356,5.21949,1.9651,73.8736,4.188368,,4156.0,-5.21763,1.96474,74.1481,3.2818224759044967
1357,5.21577,1.96651,73.9265,4.188678,,4157.0,-5.21577,1.96628,74.2061,3.2602233246030705
1358,5.21577,1.96804,73.9842,4.189298,,4158.0,-5.21763,1.96781,74.2641,3.277087223247382
1359,5.21949,1.96965,74.0447,4.189608,,4159.0,-5.22135,1.96935,74.3221,3.2760937996700945
1360,5.21949,1.97109,74.0987,4.190228,,4160.0,-5.22135,1.97089,74.3801,3.2706904701550936
1361,5.21763,1.97263,74.1565,4.190848,,4161.0,-5.21949,1.97241,74.4375,3.263287886548593
1362,5.21577,1.97416,74.2142,4.191158,,4162.0,-5.21577,1.97376,74.4884,3.2557882470168846
1363,5.21763,1.97551,74.2649,4.191778,,4163.0,-5.22135,1.97529,74.5464,3.2585981987449864
1364,5.21949,1.97703,74.3221,4.192088,,4164.0,-5.21949,1.97683,74.6044,3.2463403435049427
1365,5.21763,1.97851,74.3777,4.192708,,4165.0,-5.21763,1.97837,74.6624,3.2636025495111856
1366,5.21763,1.98005,74.4355,4.193018,,4166.0,-5.21949,1.9799,74.7204,3.2649399063276867
1367,5.21763,1.98158,74.4932,4.193328,,4167.0,-5.22135,1.98144,74.7784,3.258153918435358
1368,5.21577,1.98312,74.551,4.193948,,4168.0,-5.21949,1.98298,74.8363,3.2578843992146767
1369,5.21763,1.98464,74.6082,4.194569,,4170.0,-5.21949,1.98451,74.8943,3.2626424206681883
1370,5.21949,1.98608,74.6622,4.194879,,4171.0,-5.21763,1.98606,74.9529,3.2549658333069447
1371,5.21763,1.98766,74.7216,4.195498,,4172.0,-5.22135,1.9876,75.0109,3.267479325969212
1372,5.21577,1.98901,74.7723,4.195808,,4173.0,-5.22135,1.98914,75.0689,3.259950705463957
1373,5.21763,1.99054,74.83,4.196429,,4174.0,-5.21949,1.99066,75.1263,3.2561611142358515
1374,5.21949,1.99208,74.8878,4.196739,,4175.0,-5.22135,1.99225,75.1865,3.2627373464978207
1376,5.21949,1.99398,74.9592,4.197359,,4176.0,-5.21763,1.99365,75.239,3.2668442562479325
1377,5.21763,1.9954,75.0126,4.197978,,4177.0,-5.21763,1.99524,75.2992,3.262637832218128
1378,5.21577,1.99694,75.0703,4.198289,,4178.0,-5.21577,1.99668,75.3533,3.25978751860927
1379,5.21949,1.99846,75.1275,4.198909,,4179.0,-5.21577,1.99826,75.413,3.253482770222062
1380,5.22135,1.99986,75.1804,4.199219,,4180.0,-5.21949,1.99966,75.466,3.2548043545880847
1381,5.22135,2.00136,75.2366,4.199839,,4181.0,-5.21577,2.0012,75.524,3.2583742557777184
1381,5.21391,2.00233,75.273,4.200149,,4182.0,-5.21949,2.00274,75.582,3.2512288325311025
1381,5.18229,2.00233,75.273,4.198909,,4183.0,-5.21577,2.00426,75.6395,3.26347334276078
1382,5.16369,2.00395,75.334,4.198909,,4184.0,-5.21949,2.00561,75.6904,3.2395793740798444
1383,5.14695,2.00547,75.3911,4.198909,,4185.0,-5.21763,2.00722,75.7511,3.2528904855667435
1385,5.13207,2.00698,75.448,4.198909,,4186.0,-5.21763,2.00865,75.8053,3.2427364432475505
1386,5.11533,2.00833,75.4988,4.198909,,4187.0,-5.22507,2.01019,75.8633,3.273074669153502
1387,5.10231,2.00994,75.5591,4.198909,,4188.0,-5.21763,2.01172,75.9212,3.256873635950162
1388,5.08557,2.01144,75.6155,4.199219,,4189.0,-5.21577,2.01326,75.9792,3.2469382171251135
1389,5.07255,2.01293,75.6717,4.198909,,4190.0,-5.21949,2.0148,76.0372,3.257832188189988
1390,5.05766,2.01442,75.7277,4.198909,,4191.0,-5.21949,2.01633,76.0952,3.248280120941543
1391,5.03906,2.01591,75.7836,4.198909,,4193.0,-5.22135,2.01787,76.1532,3.274091714784957
1392,5.02046,2.01739,75.8393,4.198909,,4194.0,-5.21763,2.01941,76.2112,3.2607082678525923
1393,5.00372,2.01887,75.8948,4.198909,,4195.0,-5.22135,2.02094,76.2692,3.2572424826417663
1394,4.99628,2.02044,75.9538,4.198909,,4196.0,-5.21949,2.02248,76.3272,3.24078066980567
1395,4.97954,2.02185,76.0069,4.198909,,4197.0,-5.21949,2.02384,76.3786,3.274138262188499
1396,4.96652,2.02332,76.062,4.198909,,4198.0,-5.21949,2.02532,76.4344,3.252468377286389
1397,4.95536,2.02478,76.1169,4.199219,,4199.0,-5.22321,2.02686,76.4924,3.24660699354746
1398,4.94234,2.02623,76.1717,4.199219,,4200.0,-5.21949,2.02839,76.5504,3.2532335061398787
1399,4.9256,2.02769,76.2263,4.199219,,4201.0,-5.21763,2.02993,76.6084,3.2399342178972304
1400,4.91071,2.02913,76.2807,4.198909,,4202.0,-5.21763,2.03147,76.6664,3.2620947697202
1401,4.89583,2.03058,76.335,4.198909,,4203.0,-5.21577,2.03301,76.7244,3.2362060621405844
1403,4.88095,2.03202,76.3891,4.199219,,4204.0,-5.21763,2.03454,76.7823,3.249759576522349
1404,4.86049,2.03337,76.4399,4.199219,,4205.0,-5.21763,2.03608,76.8403,3.244340941346175
1405,4.85305,2.03462,76.4871,4.199219,,4206.0,-5.22135,2.03761,76.8983,3.254895273854802
1406,4.84189,2.03605,76.5407,4.199219,,4207.0,-5.21763,2.03922,76.9591,3.2502190940986604
1407,4.82887,2.03749,76.5947,4.199219,,4208.0,-5.21949,2.04062,77.0116,3.262409723094409
1408,4.81213,2.03891,76.6481,4.199219,,4209.0,-5.21763,2.04215,77.0696,3.2426450968445946
1409,4.79539,2.04032,76.7012,4.199219,,4210.0,-5.21949,2.04369,77.1276,3.221896434170513
1410,4.78423,2.04173,76.7543,4.199219,,4211.0,-5.22135,2.04523,77.1856,3.2375120173068512
1411,4.76935,2.04314,76.8072,4.199219,,4212.0,-5.21763,2.04676,77.2436,3.236339573167761
1412,4.76005,2.04454,76.8599,4.198909,,4213.0,-5.22135,2.0483,77.3016,3.2373040157878874
1413,4.7433,2.04593,76.912,4.198909,,4214.0,-5.22135,2.04984,77.3596,3.242634594831025
1414,4.73214,2.04732,76.9645,4.198909,,4216.0,-5.21949,2.05137,77.4176,3.235790888658392
1415,4.71912,2.04871,77.0168,4.199219,,4217.0,-5.21577,2.05291,77.4755,3.2258317848637112
1416,4.70796,2.05006,77.0675,4.198909,,4218.0,-5.21763,2.05443,77.533,3.250927491630538
1417,4.69866,2.05141,77.1181,4.199219,,4219.0,-5.21763,2.05595,77.5904,3.2404697817098898
1418,4.68564,2.05279,77.17,4.199219,,4220.0,-5.21949,2.05736,77.6435,3.2536381480083993
1419,4.67076,2.05417,77.2217,4.199219,,4221.0,-5.21577,2.0589,77.7015,3.2422045999253215
1420,4.65402,2.05554,77.2734,4.198909,,4222.0,-5.22135,2.06045,77.76,3.228575951572583
1421,4.6503,2.05691,77.3248,4.199219,,4223.0,-5.21763,2.06188,77.8142,3.2359733944838824
1422,4.6317,2.05811,77.3699,4.199219,,4224.0,-5.21577,2.06342,77.8722,3.2510098971107086
1423,4.6224,2.05953,77.4235,4.199219,,4225.0,-5.21763,2.06496,77.9302,3.2356830086597097
1424,4.60566,2.06085,77.4732,4.198909,,4226.0,-5.21763,2.06648,77.9876,3.2469885657898914
1425,4.6038,2.06221,77.5241,4.198909,,4227.0,-5.21763,2.06806,78.0473,3.237993358464274
1427,4.57775,2.06356,77.5749,4.199219,,4228.0,-5.21949,2.06958,78.1047,3.2392661031583287
1428,4.56659,2.06491,77.6255,4.198909,,4229.0,-5.22135,2.07112,78.1627,3.227868796378488
1429,4.55543,2.06625,77.676,4.199219,,4230.0,-5.21763,2.07265,78.2207,3.238692752927392
1430,4.54427,2.06756,77.7254,4.198909,,4231.0,-5.22135,2.07419,78.2787,3.2351777481498343
1431,4.52567,2.06876,77.7704,4.199219,,4232.0,-5.21949,2.07573,78.3367,3.231369832361783
1432,4.51079,2.07009,77.8204,4.199219,,4233.0,-5.21763,2.07726,78.3947,3.2434471573549124
1433,4.49777,2.07143,77.8707,4.198909,,4234.0,-5.21577,2.07866,78.4472,3.222814191986629
1434,4.49033,2.07275,77.9204,4.199219,,4235.0,-5.21577,2.08024,78.5068,3.2200231615505968
1435,4.48103,2.07407,77.97,4.198909,,4237.0,-5.21949,2.08177,78.5648,3.2375938991696875
1436,4.46057,2.07524,78.0139,4.198909,,4238.0,-5.21763,2.08331,78.6228,3.2312832669323077
1437,4.44755,2.07655,78.0632,4.198909,,4239.0,-5.21763,2.08485,78.6808,3.2255015824265008
1438,4.43266,2.07781,78.1105,4.199219,,4240.0,-5.21949,2.08635,78.7377,3.216237841586027
1439,4.42522,2.07916,78.1614,4.198909,,4241.0,-5.21763,2.08779,78.7918,3.229442952009025
1440,4.41034,2.08034,78.2056,4.198909,,4242.0,-5.21763,2.08957,78.8591,3.2255043121230513
1441,4.39546,2.08167,78.2558,4.198909,,4243.0,-5.21763,2.09111,78.9171,3.2392643909099257
1442,4.38616,2.08296,78.3043,4.198909,,4244.0,-5.21949,2.09257,78.9724,3.221453234911282
1443,4.38058,2.08425,78.3528,4.198909,,4245.0,-5.21763,2.09409,79.0298,3.228595559701956
1444,4.36012,2.08553,78.4007,4.198909,,4246.0,-5.21763,2.09562,79.0873,3.2267113556803166
1445,4.35826,2.08665,78.443,4.199219,,4247.0,-5.22135,2.09708,79.1425,3.223923744190377
1446,4.34152,2.08793,78.4911,4.199219,,4248.0,-5.21763,2.09862,79.2005,3.221178030244019
1447,4.33222,2.08921,78.5391,4.198909,,4249.0,-5.21763,2.10015,79.2585,3.241168628583911
1448,4.3192,2.09048,78.5869,4.198909,,4250.0,-5.21949,2.10169,79.3165,3.218646911868452
1449,4.29316,2.09175,78.6346,4.198909,,4251.0,-5.21763,2.10323,79.3745,3.2201495293257025
1451,4.28199,2.09301,78.6821,4.198909,,4252.0,-5.21763,2.10476,79.4325,3.213234766521721
1452,4.27827,2.09427,78.7295,4.198909,,4253.0,-5.21949,2.10628,79.4899,3.219003215606866
1453,4.26153,2.09553,78.7767,4.198909,,4254.0,-5.21763,2.10763,79.5408,3.231083287272293
1454,4.25223,2.09678,78.8239,4.198909,,4255.0,-5.21763,2.10917,79.5988,3.2245409484162444
1455,4.23549,2.09803,78.8708,4.198909,,4257.0,-5.21763,2.11071,79.6568,3.2133683459044007
1456,4.22433,2.09928,78.9177,4.198909,,4258.0,-5.21949,2.11224,79.7147,3.226935640923959
1457,4.21503,2.10052,78.9644,4.198909,,4259.0,-5.21949,2.11368,79.7689,3.205140460450949
1458,4.20573,2.10176,79.011,4.199219,,4260.0,-5.21763,2.11517,79.8252,3.2116930293165264
1459,4.18899,2.103,79.0574,4.199219,,4261.0,-5.21949,2.11671,79.8832,3.2162543712808342
1460,4.17783,2.10423,79.1037,4.199219,,4262.0,-5.21391,2.11824,79.9412,3.2045281620209254
1461,4.16481,2.10546,79.1499,4.199219,,4263.0,-5.21949,2.11965,79.9943,3.207386021053434
1462,4.15365,2.10653,79.1903,4.198909,,4264.0,-5.21763,2.1212,80.0529,3.232692552029938
1463,4.14249,2.1077,79.2344,4.198909,,4265.0,-5.21763,2.12255,80.1037,3.2095565242215898
1464,4.12388,2.10892,79.2802,4.198909,,4266.0,-5.21949,2.12409,80.1617,3.1934429681628704
1465,4.11644,2.11014,79.3259,4.198909,,4267.0,-5.21763,2.12562,80.2197,3.194166722473157
1466,4.109,2.11135,79.3714,4.198909,,4268.0,-5.21763,2.12712,80.2761,3.1925773796491628
1467,4.09598,2.11251,79.415,4.198909,,4269.0,-5.21949,2.12867,80.3346,3.215139659683841
1468,4.0811,2.11362,79.4568,4.198909,,4270.0,-5.21763,2.1302,80.3926,3.214293143274895
1469,4.07366,2.11481,79.5016,4.198909,,4271.0,-5.21391,2.13174,80.4506,3.211114233353879
1470,4.06436,2.11593,79.5436,4.198909,,4272.0,-5.21577,2.13328,80.5086,3.227465379462966
1471,4.04204,2.11712,79.5885,4.199219,,4273.0,-5.21949,2.13481,80.5666,3.210995218302368
1472,4.0346,2.11831,79.6332,4.199219,,4274.0,-5.21949,2.13635,80.6246,3.211574484495044
1473,4.0253,2.1195,79.6779,4.198909,,4275.0,-5.21949,2.13789,80.6826,3.2147148749878913
1475,4.00856,2.12068,79.7224,4.198909,,4276.0,-5.21949,2.13942,80.7406,3.214337984274523
1476,4.00112,2.12186,79.7667,4.199219,,4277.0,-5.22135,2.14095,80.798,3.2221478289861385
1477,3.99182,2.12304,79.8109,4.198909,,4278.0,-5.21763,2.14229,80.8489,3.206854156911302
1478,3.98065,2.12421,79.855,4.198909,,4279.0,-5.21949,2.14383,80.9069,3.2198674846413584
1479,3.96577,2.12534,79.8973,4.199219,,4280.0,-5.21763,2.14535,80.9643,3.2127413291412834
1480,3.95461,2.12637,79.9362,4.198909,,4281.0,-5.21949,2.1468,81.0191,3.204421285072072
1481,3.93601,2.12755,79.9803,4.198909,,4283.0,-5.22135,2.14834,81.077,3.2062986678621668
1482,3.93601,2.12871,80.0239,4.198909,,4284.0,-5.22135,2.14988,81.135,3.203418779268607
1483,3.92299,2.12986,80.0674,4.199219,,4285.0,-5.21763,2.15141,81.193,3.21003038376819
1484,3.91369,2.13102,80.1108,4.199219,,4286.0,-5.21949,2.15295,81.251,3.230270241351233
1485,3.90253,2.13217,80.154,4.198909,,4287.0,-5.21763,2.15449,81.309,3.1998933720532112
1486,3.89137,2.13319,80.1926,4.198909,,4288.0,-5.21949,2.15596,81.3648,3.2151999084075147
1487,3.88021,2.1344,80.238,4.198909,,4289.0,-5.21949,2.1576,81.4266,3.202856318325402
1488,3.86533,2.13548,80.2784,4.198909,,4290.0,-5.21577,2.15914,81.4846,3.210856136667596
1489,3.85975,2.13647,80.3159,4.199219,,4291.0,-5.21949,2.16066,81.542,3.207577298024631
1490,3.84487,2.13761,80.3586,4.199219,,4292.0,-5.21949,2.16201,81.5929,3.1961989637271304
1491,3.83557,2.13874,80.4011,4.198909,,4293.0,-5.22135,2.16356,81.6515,3.21103419415014
1492,3.82627,2.13987,80.4435,4.198909,,4294.0,-5.22321,2.16498,81.7051,3.196129870146495
1493,3.81324,2.14099,80.4857,4.199219,,4295.0,-5.22135,2.16652,81.7631,3.2057819290574856
1494,3.80208,2.14211,80.5279,4.199219,,4296.0,-5.21763,2.16808,81.8222,3.215390501615001
1495,3.79092,2.14323,80.5699,4.198909,,4297.0,-5.22135,2.16955,81.8774,3.19261591840977
1496,3.7779,2.14434,80.6117,4.198909,,4298.0,-5.22321,2.17107,81.9349,3.1959902692908946
1497,3.77046,2.14544,80.6531,4.199219,,4299.0,-5.21577,2.17242,81.9857,3.209511588375746
1498,3.75558,2.14641,80.6897,4.198909,,4300.0,-5.22135,2.17396,82.0437,3.2002957098255833
1499,3.74814,2.14752,80.7312,4.198909,,4301.0,-5.21949,2.17559,82.1056,3.1851531384985425
1501,3.74628,2.14862,80.7726,4.199219,,4302.0,-5.21949,2.17699,82.1581,3.1996950522328738
1502,3.72582,2.14977,80.8158,4.198909,,4303.0,-5.21763,2.17852,82.2161,3.1982022190879293
1503,3.71652,2.15077,80.8535,4.199219,,4304.0,-5.21763,2.17993,82.2692,3.1934746681485158
1504,3.69792,2.15186,80.8942,4.198909,,4305.0,-5.21763,2.18139,82.3244,3.197852197935192
1505,3.69048,2.15294,80.9351,4.198909,,4306.0,-5.22135,2.18293,82.3824,3.187078492677556
1506,3.6849,2.15403,80.9759,4.198909,,4307.0,-5.22135,2.18447,82.4404,3.1927689067380394
1507,3.67374,2.15511,81.0166,4.198909,,4308.0,-5.21577,2.186,82.4984,3.1790938126256036
1508,3.66443,2.15619,81.0572,4.198909,,4309.0,-5.21763,2.18754,82.5564,3.206811298165622
1509,3.64769,2.15727,81.0976,4.198909,,4311.0,-5.21949,2.18908,82.6144,3.1874826506745815
1510,3.64211,2.15841,81.1406,4.199219,,4312.0,-5.21949,2.19061,82.6724,3.1852972463062867
1511,3.62723,2.15938,81.177,4.198909,,4313.0,-5.22321,2.19215,82.7304,3.1825738514185433
1512,3.61793,2.16045,81.2171,4.199219,,4314.0,-5.21949,2.19369,82.7884,3.1992912305895773
1513,3.60491,2.16151,81.2571,4.198909,,4315.0,-5.21577,2.19522,82.8464,3.1769975999291327
1514,3.59189,2.16257,81.2969,4.198909,,4316.0,-5.21949,2.19676,82.9044,3.180835629761522
1515,3.57701,2.16363,81.3366,4.199219,,4317.0,-5.21949,2.1983,82.9624,3.2128126749891073
1516,3.57515,2.16468,81.3763,4.199219,,4318.0,-5.22135,2.19983,83.0204,3.2014422110701877
1517,3.56585,2.16573,81.4158,4.198909,,4319.0,-5.21391,2.20137,83.0784,3.1899150978827344
1518,3.55841,2.16678,81.4551,4.198909,,4320.0,-5.21763,2.20291,83.1363,3.1796730139726472
1519,3.54539,2.16782,81.4944,4.199219,,4321.0,-5.21763,2.20444,83.1943,3.2108455494091652
1521,3.53609,2.16886,81.5336,4.198909,,4322.0,-5.21763,2.20598,83.2523,3.1993083818455914
1522,3.52307,2.1699,81.5726,4.198909,,4323.0,-5.21763,2.20752,83.3103,3.18587738616418
1523,3.51377,2.17094,81.6115,4.199219,,4324.0,-5.22135,2.20905,83.3683,3.183389268574058
1524,3.49702,2.17184,81.6456,4.199219,,4325.0,-5.21763,2.21057,83.4257,3.1746166128906603
1525,3.48772,2.17282,81.6825,4.199219,,4326.0,-5.21763,2.21199,83.4793,3.185892627116032
1526,3.48028,2.17384,81.7207,4.198909,,4327.0,-5.21949,2.21353,83.5373,3.1867034609574447
1527,3.48214,2.17486,81.7589,4.198909,,4329.0,-5.21763,2.21507,83.5953,3.1829379992795563
1528,3.45982,2.17587,81.7969,4.198909,,4330.0,-5.21949,2.2166,83.6533,3.1958289732535796
1529,3.45424,2.17689,81.8352,4.198909,,4331.0,-5.21763,2.21817,83.7124,3.1952858043515215
1530,3.44494,2.1779,81.8733,4.198909,,4332.0,-5.22135,2.21956,83.7649,3.168372945850571
1531,3.43192,2.17891,81.9114,4.198909,,4333.0,-5.21763,2.2211,83.8229,3.1572816685764704
1532,3.42448,2.17992,81.9493,4.198909,,4334.0,-5.21577,2.22264,83.8809,3.1785576094183816
1533,3.41332,2.18093,81.9872,4.198909,,4335.0,-5.21949,2.22407,83.9351,3.1607228181522977
1534,3.40402,2.18193,82.0249,4.198909,,4336.0,-5.21763,2.22561,83.993,3.1740051637361013
1535,3.39286,2.18292,82.0621,4.198909,,4337.0,-5.21949,2.22714,84.051,3.1816147331118048
1536,3.38356,2.1838,82.095,4.198909,,4338.0,-5.21949,2.22868,84.109,3.153323547066491
1537,3.37798,2.1848,82.1325,4.199219,,4339.0,-5.22135,2.23022,84.167,3.1711111628432627
1538,3.36682,2.18585,82.1722,4.198909,,4340.0,-5.21577,2.23175,84.225,3.174907586255817
1539,3.35938,2.18678,82.207,4.199219,,4341.0,-5.22135,2.23329,84.283,3.167495845411899
1540,3.34449,2.18776,82.2441,4.199219,,4342.0,-5.21949,2.23474,84.3377,3.1581886943561637
1541,3.33333,2.18875,82.2811,4.199219,,4343.0,-5.21949,2.23623,84.3941,3.172364653227939
1542,3.32961,2.18961,82.3135,4.198909,,4344.0,-5.22135,2.23777,84.4521,3.1628149105143524
1543,3.32031,2.19059,82.3503,4.198909,,4345.0,-5.21763,2.23929,84.5095,3.1761310201345307
1544,3.30729,2.19156,82.3869,4.198909,,4346.0,-5.22135,2.24073,84.5637,3.162391391765927
1546,3.30357,2.19254,82.4235,4.198909,,4347.0,-5.21949,2.24226,84.6217,3.18729709569421
1547,3.29241,2.19357,82.4624,4.198909,,4348.0,-5.21577,2.2438,84.6797,3.16479792584108
1548,3.28311,2.19451,82.4977,4.198909,,4349.0,-5.21763,2.24534,84.7377,3.1838424973670274
1549,3.27381,2.19546,82.5333,4.198909,,4350.0,-5.21763,2.2469,84.7967,3.17543732510517
1550,3.26637,2.19633,82.5661,4.199219,,4351.0,-5.21577,2.24827,84.8482,3.1592846961763077
1551,3.25335,2.1973,82.6026,4.199219,,4352.0,-5.22135,2.2498,84.9062,3.154010727871986
1552,3.24963,2.19826,82.6386,4.198909,,4353.0,-5.21763,2.25132,84.9636,3.1573903352973773
1553,3.23661,2.19921,82.6744,4.199219,,4355.0,-5.21949,2.25286,85.0216,3.157469845771612
1554,3.22359,2.20016,82.7102,4.199219,,4356.0,-5.22135,2.25438,85.079,3.1761510255418193
1555,3.21987,2.20111,82.7459,4.198909,,4357.0,-5.21763,2.25573,85.1299,3.1662847344046914
1556,3.20871,2.20206,82.7815,4.198909,,4358.0,-5.21949,2.25727,85.188,3.1564694278449528
1557,3.1994,2.20299,82.8166,4.198909,,4359.0,-5.21949,2.25881,85.2459,3.1778481115215147
1558,3.18638,2.20382,82.8477,4.199219,,4360.0,-5.21391,2.26034,85.3039,3.1776658734159375
1559,3.1808,2.20476,82.883,4.199219,,4361.0,-5.21763,2.26188,85.3619,3.1824393292030075
1560,3.16592,2.20569,82.9181,4.199219,,4362.0,-5.21949,2.26343,85.4205,3.162620705662518
1561,3.16592,2.20663,82.9532,4.198909,,4363.0,-5.21763,2.26497,85.4785,3.1536379857782038
1562,3.15662,2.20756,82.9882,4.199219,,4364.0,-5.21577,2.2665,85.5365,3.158514317937733
1563,3.14918,2.20842,83.0208,4.199219,,4365.0,-5.21577,2.26813,85.5977,3.159311393465805
1564,3.13802,2.20933,83.0549,4.198909,,4366.0,-5.21763,2.26965,85.6552,3.1589723983681046
1565,3.12872,2.21031,83.0918,4.199219,,4367.0,-5.21763,2.27117,85.7126,3.1562181616699774
1566,3.11942,2.21117,83.1241,4.199219,,4368.0,-5.21949,2.27252,85.7635,3.1607775515951957
1567,3.11198,2.21209,83.1587,4.198909,,4369.0,-5.22135,2.27406,85.8215,3.167041828562068
1568,3.10268,2.21301,83.193,4.199219,,4370.0,-5.21577,2.27559,85.8795,3.1572805897769385
1570,3.0971,2.21385,83.2248,4.199219,,4371.0,-5.21763,2.27713,85.9375,3.14560078069555
1571,3.08408,2.21475,83.2587,4.199219,,4372.0,-5.21577,2.27867,85.9955,3.128136476315295
1572,3.07478,2.21566,83.2928,4.199219,,4373.0,-5.21763,2.28016,86.0518,3.142089087812884
1573,3.07664,2.21657,83.3268,4.198909,,4374.0,-5.22507,2.28174,86.1114,3.1607215946979315
1574,3.06176,2.21747,83.3608,4.199219,,4376.0,-5.21949,2.28328,86.1694,3.1570547436171768
1575,3.05432,2.21842,83.3965,4.198909,,4377.0,-5.21763,2.2847,86.223,3.1441284813683765
1576,3.04688,2.21932,83.4303,4.199219,,4378.0,-5.21763,2.2863,86.2837,3.1409436493284235
1577,3.03013,2.22021,83.4639,4.198909,,4379.0,-5.21949,2.28765,86.3346,3.141718193925075
1578,3.02455,2.22105,83.4956,4.198909,,4380.0,-5.21763,2.28919,86.3926,3.1223084881740224
1579,3.01897,2.22185,83.5256,4.199219,,4381.0,-5.21949,2.29073,86.4506,3.140921024000739
1580,3.00967,2.22274,83.559,4.198909,,4382.0,-5.22135,2.29226,86.5086,3.1299981953700757
1581,3.00967,2.22363,83.5923,4.199219,,4383.0,-5.21949,2.2938,86.5666,3.1566199611325683
1582,2.99293,2.22451,83.6255,4.198909,,4384.0,-5.21763,2.29534,86.6246,3.1136148608562793
1583,2.98177,2.22539,83.6586,4.198909,,4385.0,-5.21763,2.29687,86.6826,3.12054371217977
1584,2.97805,2.22627,83.6916,4.199219,,4386.0,-5.21763,2.29841,86.7406,3.147968566982607
1585,2.97247,2.22714,83.7245,4.198909,,4387.0,-5.22135,2.29995,86.7985,3.1294017850820097
1586,2.96317,2.22802,83.7574,4.198909,,4388.0,-5.22135,2.30148,86.8565,3.1353871914284643
1587,2.95201,2.22889,83.7901,4.198909,,4389.0,-5.21949,2.30286,86.9085,3.1326999910241855
1588,2.94271,2.22976,83.8227,4.198909,,4390.0,-5.21949,2.3044,86.9665,3.1477904465981705
1589,2.93899,2.23062,83.8553,4.199219,,4391.0,-5.22321,2.30593,87.0245,3.153872104888783
1591,2.92597,2.23149,83.8878,4.198909,,4392.0,-5.21577,2.30735,87.0781,3.1415461675243757
1592,2.92039,2.23234,83.9199,4.198909,,4393.0,-5.21577,2.30889,87.1361,3.1364438016656706
1593,2.91667,2.2331,83.9482,4.198909,,4394.0,-5.21577,2.31043,87.1941,3.1267402174882832
1594,2.90365,2.23401,83.9826,4.198909,,4395.0,-5.22135,2.31196,87.2521,3.1453658063943095
1595,2.89993,2.23482,84.0129,4.198909,,4396.0,-5.21949,2.3135,87.3101,3.1352968447735545
1596,2.8869,2.23567,84.0449,4.198909,,4398.0,-5.21949,2.31504,87.3681,3.1412529768812436
1597,2.8869,2.23652,84.0769,4.199219,,4399.0,-5.22135,2.31657,87.4261,3.1165822606191003
1598,2.8776,2.23727,84.1052,4.198909,,4400.0,-5.21763,2.31811,87.484,3.1210026857105313
1599,2.87016,2.23816,84.1385,4.198909,,4401.0,-5.21763,2.31965,87.542,3.129715336239696
1600,2.86086,2.2389,84.1663,4.198909,,4402.0,-5.22135,2.32118,87.6,3.125594784448027
1601,2.85714,2.23974,84.1979,4.199219,,4403.0,-5.21763,2.32257,87.6525,3.1270794944623463
1602,2.84412,2.24058,84.2295,4.199219,,4404.0,-5.21949,2.32408,87.7094,3.1280468609498837
1603,2.83854,2.24142,84.261,4.198909,,4405.0,-5.21763,2.3256,87.7669,3.126127851422347
1604,2.8311,2.24225,84.2924,4.198909,,4406.0,-5.21949,2.32714,87.8249,3.1370583342571914
1605,2.81994,2.24308,84.3236,4.198909,,4407.0,-5.22135,2.32868,87.8829,3.1243412461426012
1606,2.8125,2.24389,84.354,4.198909,,4408.0,-5.21763,2.33021,87.9409,3.1348896138522897
1607,2.8032,2.2447,84.3844,4.199219,,4409.0,-5.22135,2.33187,88.0032,3.1122839041538897
1608,2.79762,2.24553,84.4155,4.198909,,4410.0,-5.22135,2.33336,88.0596,3.1221834946034575
1609,2.79018,2.24635,84.4464,4.198909,,4411.0,-5.21949,2.33484,88.1154,3.125423456663895
1610,2.7846,2.24715,84.4764,4.198909,,4412.0,-5.21763,2.33626,88.169,3.127791813094476
1611,2.77902,2.24794,84.5064,4.199219,,4413.0,-5.21949,2.33793,88.2319,3.1089491234402797
1612,2.77158,2.24876,84.5371,4.198909,,4414.0,-5.21763,2.33945,88.2893,3.1153243127881005
1613,2.76786,2.24959,84.5683,4.199219,,4415.0,-5.21763,2.3408,88.3402,3.1343102919408343
1614,2.75856,2.25032,84.5959,4.198909,,4416.0,-5.21949,2.34233,88.3982,3.127600741970252
1616,2.75112,2.25113,84.6264,4.198909,,4417.0,-5.21949,2.34387,88.4562,3.1156142788473513
1617,2.74368,2.25194,84.6567,4.198909,,4418.0,-5.22135,2.34541,88.5142,3.114292186476392
1618,2.73624,2.25273,84.6865,4.198909,,4419.0,-5.21763,2.34697,88.5733,3.0932979812672095
1619,2.72321,2.25356,84.7176,4.199219,,4420.0,-5.21577,2.34834,88.6247,3.110968687961357
1620,2.72135,2.25436,84.7477,4.198909,,4422.0,-5.21949,2.34987,88.6827,3.1184811283509086
1621,2.71205,2.25516,84.7778,4.198909,,4423.0,-5.21949,2.35141,88.7407,3.123600015480594
1622,2.70647,2.25596,84.8078,4.199219,,4424.0,-5.21763,2.35296,88.7992,3.111064462114604
1623,2.70833,2.25676,84.8377,4.198909,,4425.0,-5.21577,2.3545,88.8572,3.1002668768888086
1624,2.69345,2.25755,84.8675,4.198909,,4426.0,-5.22135,2.35603,88.9152,3.1002308348052994
1625,2.68415,2.25834,84.8972,4.198909,,4427.0,-5.22135,2.3575,88.9705,3.119817661767031
1626,2.67671,2.25903,84.9233,4.198909,,4428.0,-5.21949,2.35884,89.0213,3.0996009287812814
1627,2.67113,2.25982,84.9529,4.198909,,4429.0,-5.21577,2.36038,89.0793,3.121883614700484
1628,2.66183,2.2606,84.9824,4.198909,,4430.0,-5.21763,2.362,89.1406,3.091341212655927
1629,2.65625,2.26139,85.0118,4.199219,,4431.0,-5.21763,2.36341,89.1936,3.1086255714468956
1630,2.65253,2.26215,85.0403,4.198909,,4432.0,-5.21763,2.36495,89.2516,3.1023733319103926
1631,2.63951,2.26295,85.0704,4.198909,,4433.0,-5.21763,2.36648,89.3096,3.087328977539367
1632,2.63765,2.26372,85.0997,4.198909,,4434.0,-5.22135,2.3679,89.3632,3.0959091457347605
1633,2.63579,2.26441,85.1252,4.199219,,4435.0,-5.21949,2.36943,89.4207,3.0998680174935154
1634,2.62091,2.26518,85.1543,4.198909,,4436.0,-5.21949,2.37096,89.4787,3.108012981225922
1635,2.61347,2.26595,85.1833,4.198909,,4437.0,-5.21949,2.3725,89.5366,3.0789876789798005
1636,2.61161,2.26672,85.2122,4.198909,,4438.0,-5.21763,2.37403,89.5946,3.0868953173886666
1638,2.60231,2.26749,85.241,4.198909,,4439.0,-5.21577,2.37557,89.6526,3.095369297287058
1639,2.59859,2.26826,85.2701,4.199219,,4440.0,-5.21577,2.37711,89.7106,3.1117383383275437
1640,2.58743,2.26895,85.2961,4.198909,,4441.0,-5.21763,2.37853,89.7642,3.088394872661359
1641,2.58185,2.26971,85.3247,4.199219,,4442.0,-5.21949,2.38004,89.8211,3.0821665823904474
1642,2.58185,2.27046,85.353,4.198909,,4443.0,-5.21949,2.38157,89.8791,3.0926400009736588
1643,2.57254,2.27122,85.3815,4.198909,,4444.0,-5.22135,2.38311,89.9371,3.0920586903359975
1644,2.56324,2.27198,85.4099,4.199219,,4445.0,-5.21949,2.38465,89.9951,3.0863922844104583
1645,2.5558,2.27273,85.4383,4.198909,,4447.0,-5.22135,2.38618,90.0531,3.0992061117077903
1646,2.54464,2.27348,85.4665,4.199219,,4448.0,-5.21763,2.38772,90.1111,3.080950241426333
1647,2.54278,2.27423,85.4947,4.198909,,4449.0,-5.21949,2.38926,90.1691,3.1051474264512477
1648,2.53162,2.27498,85.5229,4.198909,,4450.0,-5.21949,2.39079,90.227,3.071434287088603
1649,2.53348,2.27573,85.5509,4.198909,,4451.0,-5.21763,2.39233,90.285,3.0870198328397405
1650,2.5279,2.27647,85.5789,4.199219,,4452.0,-5.21577,2.39387,90.343,3.089622354777711
1651,2.51674,2.27722,85.6068,4.198909,,4453.0,-5.21763,2.39539,90.4005,3.080983980881562
1652,2.51116,2.27796,85.6346,4.198909,,4454.0,-5.21763,2.39674,90.4513,3.0625729546629676
1653,2.50744,2.27869,85.6624,4.198909,,4455.0,-5.21949,2.39827,90.5093,3.0852867164987505
1654,2.49256,2.27943,85.6901,4.199219,,4456.0,-5.21577,2.39981,90.5673,3.0754585449347274
1656,2.49256,2.28026,85.7211,4.199219,,4457.0,-5.21763,2.40139,90.627,3.072638731114693
1657,2.48698,2.28098,85.7484,4.198909,,4458.0,-5.21949,2.40277,90.6789,3.0711235360037588
1658,2.47954,2.28166,85.7741,4.198909,,4459.0,-5.22135,2.40429,90.7364,3.0816260152445323
1659,2.47024,2.2824,85.8017,4.198909,,4460.0,-5.21949,2.40582,90.7944,3.0748795411386425
1660,2.46094,2.28313,85.8291,4.199219,,4461.0,-5.21577,2.40736,90.8523,3.048630917743299
1661,2.46094,2.28385,85.8563,4.199219,,4462.0,-5.21763,2.40894,90.912,3.0771954226980562
1662,2.4535,2.28458,85.8835,4.198909,,4463.0,-5.21391,2.41038,90.9661,3.068793713400435
1663,2.44792,2.2853,85.9106,4.198909,,4464.0,-5.21577,2.41191,91.0241,3.0758792328149607
1664,2.4442,2.28602,85.9377,4.199219,,4465.0,-5.22135,2.41345,91.0821,3.071089487759724
1665,2.43676,2.28673,85.9647,4.199219,,4466.0,-5.21949,2.41499,91.1401,3.069522141176889
1666,2.43118,2.28745,85.9916,4.199219,,4467.0,-5.21763,2.41651,91.1975,3.0844179637938454
1667,2.42374,2.28817,86.0185,4.198909,,4468.0,-5.21949,2.41786,91.2484,3.0701948087756223
1668,2.41629,2.28888,86.0453,4.198909,,4469.0,-5.21949,2.41938,91.3059,3.0564394472458427
1669,2.41071,2.28959,86.072,4.198909,,4471.0,-5.21949,2.42086,91.3617,3.0683491430738905
1670,2.40513,2.29029,86.0984,4.198909,,4472.0,-5.21949,2.42235,91.418,3.0543522049723726
1671,2.40513,2.29095,86.1232,4.198909,,4473.0,-5.21577,2.42389,91.476,3.0852000016150005
1672,2.39397,2.29166,86.1498,4.198909,,4474.0,-5.22135,2.42544,91.5346,3.067742902114395
1673,2.39025,2.29236,86.176,4.198909,,4475.0,-5.21949,2.4269,91.5898,3.0727317351174093
1674,2.38095,2.29298,86.1994,4.198909,,4476.0,-5.21763,2.42844,91.6478,3.0625983004222075
1675,2.37351,2.29368,86.2257,4.198909,,4477.0,-5.21763,2.42998,91.7058,3.0551872295307985
1676,2.36607,2.29438,86.252,4.199219,,4478.0,-5.21949,2.43144,91.7611,3.0607275064466037
1678,2.36607,2.29507,86.2782,4.199219,,4479.0,-5.21763,2.43286,91.8147,3.054704955681192
1679,2.36235,2.2957,86.3016,4.198909,,4480.0,-5.22135,2.4344,91.8727,3.0412744102588563
1680,2.35305,2.29641,86.3285,4.198909,,4481.0,-5.21949,2.43593,91.9307,3.0736471093212763
1681,2.35305,2.29702,86.3513,4.198909,,4482.0,-5.21577,2.43747,91.9886,3.056547674445947
1682,2.34561,2.29771,86.3773,4.199219,,4483.0,-5.21949,2.43896,92.045,3.0584996449237702
1683,2.33445,2.2984,86.4032,4.198909,,4484.0,-5.21949,2.4405,92.103,3.0628083255284557
1684,2.33445,2.29909,86.429,4.198909,,4485.0,-5.21949,2.44204,92.161,3.0599490555775954
1685,2.32701,2.29977,86.4548,4.199219,,4486.0,-5.21763,2.44357,92.219,3.0431091928714973
1686,2.32143,2.30046,86.4805,4.199219,,4487.0,-5.21391,2.44511,92.277,3.0336905170770763
1687,2.31585,2.30114,86.5061,4.198909,,4488.0,-5.21949,2.44665,92.335,3.0515658216107027
1688,2.31027,2.30182,86.5317,4.198909,,4489.0,-5.21763,2.44818,92.393,3.0408175721509383
1689,2.30283,2.3025,86.5575,4.198909,,4490.0,-5.21949,2.44972,92.451,3.0348777202214112
1690,2.30097,2.30318,86.5829,4.198909,,4491.0,-5.21949,2.45126,92.5089,3.0531702425159746
1691,2.29353,2.30386,86.6083,4.198909,,4493.0,-5.21763,2.45279,92.5669,3.031421591443343
1692,2.28795,2.30453,86.6337,4.198909,,4494.0,-5.21949,2.45433,92.6249,3.0323908867940546
1693,2.27493,2.30522,86.6597,4.199219,,4495.0,-5.22135,2.45579,92.6802,3.043098291942964
1694,2.27679,2.30581,86.6818,4.198909,,4496.0,-5.21763,2.45732,92.7376,3.0326654592002016
1695,2.26935,2.30648,86.707,4.198909,,4497.0,-5.22135,2.45885,92.7956,3.0295943282247673
1696,2.26563,2.30715,86.7321,4.198909,,4498.0,-5.21949,2.46039,92.8536,3.0426030694914172
1697,2.2619,2.30782,86.7571,4.198909,,4499.0,-5.22135,2.46193,92.9116,3.023990234333496
1698,2.2526,2.30848,86.7821,4.199219,,4500.0,-5.21763,2.46346,92.9696,3.0339140601610532
1699,2.25074,2.30914,86.807,4.198909,,4501.0,-5.21763,2.465,93.0276,3.019967083132406
1701,2.24702,2.3098,86.8316,4.198909,,4502.0,-5.21949,2.46652,93.085,3.026387455316087
1702,2.23958,2.31049,86.8576,4.198909,,4503.0,-5.22135,2.46801,93.1414,3.0150198504713477
1703,2.234,2.31113,86.8817,4.198909,,4504.0,-5.21763,2.46936,93.1923,3.015964550896032
1704,2.23586,2.3117,86.9033,4.198909,,4505.0,-5.21763,2.4709,93.2503,3.0405567117575574
1705,2.22842,2.31236,86.928,4.198909,,4506.0,-5.21763,2.47244,93.3083,3.014422670761287
1706,2.21354,2.31301,86.9525,4.198909,,4507.0,-5.21949,2.47402,93.3679,3.013418846072869
1707,2.2154,2.31366,86.977,4.198909,,4508.0,-5.21763,2.47555,93.4259,3.0220721244151036
1708,2.20424,2.31432,87.0015,4.198909,,4509.0,-5.22135,2.47709,93.4839,2.9917467324973024
1709,2.2061,2.31497,87.026,4.198909,,4510.0,-5.21949,2.47863,93.5419,3.013247715745509
1710,2.19866,2.31561,87.0503,4.198909,,4511.0,-5.21949,2.48016,93.5999,2.9956890809742367
1711,2.19308,2.31626,87.0746,4.199219,,4512.0,-5.21949,2.4817,93.6578,3.0221192618942734
1712,2.19308,2.31691,87.0989,4.199219,,4513.0,-5.21949,2.48324,93.7158,3.0101400922427186
1713,2.18192,2.31755,87.123,4.198909,,4515.0,-5.22135,2.48477,93.7738,2.999361943415193
1714,2.17448,2.3182,87.1474,4.198909,,4516.0,-5.21949,2.48631,93.8318,2.996943882828181
1715,2.17262,2.31881,87.1705,4.198909,,4517.0,-5.21577,2.48785,93.8898,2.9967921549126886
1716,2.1689,2.31937,87.1916,4.198909,,4518.0,-5.21763,2.48938,93.9478,3.00514156579355
1717,2.1596,2.32003,87.2165,4.198909,,4519.0,-5.21763,2.49092,94.0058,2.996101293537025
1718,2.1596,2.32061,87.2381,4.199219,,4520.0,-5.21949,2.49246,94.0638,3.017219461511994
1719,2.15402,2.32125,87.262,4.199219,,4521.0,-5.21949,2.49398,94.1212,3.014646684618541
1720,2.1503,2.32188,87.2858,4.199219,,4522.0,-5.21949,2.49538,94.1743,2.9915256683922804
1721,2.141,2.32251,87.3096,4.199219,,4523.0,-5.21949,2.49692,94.2322,3.0009525574113214
1722,2.13542,2.32311,87.3322,4.198909,,4524.0,-5.21763,2.49846,94.2902,2.992366410346995
1723,2.13728,2.32375,87.3561,4.198909,,4525.0,-5.21949,2.49999,94.3482,2.9915300463818535
1725,2.1317,2.32437,87.3796,4.198909,,4526.0,-5.22135,2.50153,94.4062,3.000396453408188
1726,2.12054,2.325,87.4032,4.199219,,4527.0,-5.21763,2.50307,94.4642,2.9881655593811915
1727,2.12426,2.32562,87.4267,4.199219,,4528.0,-5.22135,2.5046,94.5222,2.993211319332333
1728,2.10938,2.32624,87.4499,4.198909,,4529.0,-5.21763,2.50614,94.5802,3.0045821134463115
1729,2.1131,2.32686,87.4732,4.198909,,4530.0,-5.21949,2.50768,94.6382,2.9938175549413706
1730,2.10752,2.32747,87.4959,4.198909,,4531.0,-5.21949,2.50921,94.6962,2.9757940640542175
1731,2.10193,2.32809,87.5192,4.199219,,4533.0,-5.21763,2.51075,94.7542,2.978039201737142
1732,2.10007,2.3287,87.5424,4.198909,,4534.0,-5.21949,2.51229,94.8121,2.959878943150113
1733,2.09077,2.32932,87.5656,4.199219,,4535.0,-5.21763,2.51381,94.8696,2.985806386093071
1734,2.08705,2.3299,87.5874,4.199219,,4536.0,-5.21949,2.51534,94.9276,2.979366844930132
1735,2.08519,2.33047,87.6088,4.199219,,4537.0,-5.21949,2.5169,94.9861,2.9737750145868516
1736,2.07775,2.33108,87.6319,4.198909,,4538.0,-5.22135,2.5183,95.0392,2.9685092191851905
1737,2.07775,2.33173,87.6561,4.198909,,4539.0,-5.21949,2.51993,95.1004,2.964304103867364
1738,2.07031,2.33227,87.6765,4.199219,,4540.0,-5.21763,2.52146,95.1584,2.9768758647900087
1739,2.06287,2.33289,87.6998,4.198909,,4541.0,-5.22135,2.523,95.2164,2.9557957537059343
1740,2.06659,2.3335,87.7227,4.199219,,4542.0,-5.21763,2.52461,95.2772,2.996234421089861
1741,2.05543,2.33411,87.7455,4.198909,,4543.0,-5.21763,2.52612,95.334,2.9582980215920958
1742,2.05543,2.33471,87.7682,4.199219,,4544.0,-5.21577,2.52765,95.392,2.9690543397387352
1743,2.04985,2.3353,87.7902,4.198909,,4545.0,-5.21763,2.52919,95.45,2.9569316784024613
1744,2.04427,2.33582,87.8101,4.198909,,4546.0,-5.21391,2.53072,95.508,2.978290177613631
1745,2.03497,2.33643,87.8327,4.199219,,4547.0,-5.21949,2.53207,95.5589,2.9646776520492786
1746,2.03683,2.33703,87.8552,4.198909,,4548.0,-5.22135,2.53361,95.6169,2.959290119454109
1748,2.02753,2.33762,87.8777,4.198909,,4549.0,-5.21949,2.53515,95.6749,2.9642490160946653
1749,2.02195,2.33822,87.9002,4.198909,,4550.0,-5.22321,2.53668,95.7329,2.9672967199649403
1750,2.02567,2.33882,87.9226,4.199219,,4551.0,-5.21763,2.53822,95.7909,2.9685678859101277
1751,2.02009,2.33941,87.9449,4.199219,,4552.0,-5.21949,2.53977,95.8494,2.963657857251811
1752,2.02009,2.34,87.9672,4.199219,,4554.0,-5.21949,2.54131,95.9074,2.946935910099225
1753,2.01079,2.34056,87.9883,4.199219,,4555.0,-5.21763,2.54285,95.9654,2.958832702315442
1754,2.00521,2.34114,88.01,4.199219,,4556.0,-5.21949,2.54438,96.0234,2.946419299427184
1755,2.00707,2.34173,88.0322,4.198909,,4557.0,-5.21763,2.54573,96.0743,2.9175503385749226
1756,1.99963,2.34233,88.0545,4.199219,,4558.0,-5.21763,2.54732,96.1344,2.9318262037124785
1757,1.99591,2.34291,88.0766,4.199219,,4559.0,-5.21763,2.54886,96.1924,2.9324524285457567
1758,1.98847,2.3435,88.0986,4.198909,,4560.0,-5.21763,2.5504,96.2504,2.933272190781352
1759,1.98475,2.34408,88.1206,4.198909,,4561.0,-5.21577,2.55175,96.3013,2.938115914343433
1760,1.98289,2.34467,88.1426,4.199219,,4562.0,-5.21949,2.55328,96.3593,2.9335456566128535
1761,1.97731,2.34518,88.1618,4.198909,,4563.0,-5.21763,2.55482,96.4173,2.928398046299273
1762,1.97359,2.34578,88.1843,4.199219,,4564.0,-5.21763,2.55617,96.4681,2.9346777078009803
1763,1.97359,2.34632,88.2045,4.198909,,4565.0,-5.21577,2.5577,96.5261,2.8904793950953107
1764,1.96243,2.34689,88.2262,4.198909,,4566.0,-5.21949,2.5592,96.5825,2.9489642403203997
1765,1.95685,2.34747,88.2479,4.198909,,4567.0,-5.22135,2.56073,96.6405,2.9260990791837216
1766,1.95313,2.34805,88.2697,4.199219,,4568.0,-5.21949,2.56227,96.6984,2.903825840379788
1767,1.95313,2.34862,88.2913,4.198909,,4569.0,-5.21763,2.56381,96.7564,2.9262607604650523
1768,1.9494,2.34921,88.3131,4.198909,,4570.0,-5.22135,2.56534,96.8144,2.8981049819481015
1769,1.95126,2.34978,88.3347,4.198909,,4571.0,-5.21949,2.56688,96.8724,2.9151305009464115
1771,1.94196,2.35035,88.356,4.198909,,4572.0,-5.21949,2.56842,96.9304,2.9131362228470845
1772,1.93638,2.35085,88.3748,4.198909,,4573.0,-5.21949,2.56976,96.9813,2.9092016189566006
1773,1.93824,2.35142,88.3962,4.198909,,4574.0,-5.21949,2.5713,97.0393,2.902267467331956
1774,1.9308,2.35199,88.4176,4.198909,,4575.0,-5.21763,2.57284,97.0973,2.912091854946497
1775,1.92708,2.35259,88.4402,4.198909,,4576.0,-5.21763,2.57437,97.1553,2.900374619029221
1776,1.91964,2.35315,88.4613,4.198909,,4577.0,-5.22135,2.57581,97.2094,2.896812344345971
1777,1.92336,2.35364,88.48,4.198909,,4578.0,-5.21949,2.5774,97.2696,2.891285534129656
1778,1.91592,2.35421,88.5012,4.198909,,4579.0,-5.22135,2.57894,97.3276,2.8951785365015867
1779,1.90662,2.35477,88.5224,4.199219,,4581.0,-5.22135,2.58045,97.3845,2.8802740384361396
1780,1.90476,2.35533,88.5435,4.198909,,4582.0,-5.21949,2.58185,97.4376,2.8980713066931627
1781,1.9029,2.3559,88.5646,4.198909,,4583.0,-5.22135,2.58336,97.4945,2.90194392946773
1782,1.90104,2.35648,88.5866,4.198909,,4584.0,-5.21763,2.5849,97.5525,2.886765057580863
1783,1.89732,2.35703,88.6073,4.198909,,4585.0,-5.21949,2.58644,97.6105,2.8751762318463854
1784,1.88988,2.35752,88.6257,4.198909,,4586.0,-5.21949,2.58791,97.6663,2.868492867505338
1785,1.88616,2.35808,88.6466,4.198909,,4587.0,-5.21763,2.58941,97.7226,2.88781154121825
1786,1.89174,2.35864,88.6677,4.199219,,4588.0,-5.21763,2.59075,97.7735,2.874636841318105
1787,1.88616,2.35919,88.6885,4.199219,,4589.0,-5.21763,2.59229,97.8315,2.878942203460401
1788,1.87686,2.3597,88.7078,4.198909,,4590.0,-5.21949,2.59383,97.8895,2.8721667183591126
1789,1.87686,2.36027,88.7291,4.199219,,4591.0,-5.21949,2.59536,97.9475,2.8771542843472555
1790,1.86756,2.36082,88.7499,4.198909,,4592.0,-5.21577,2.5969,98.0055,2.8751093911502568
1791,1.86756,2.36131,88.768,4.198909,,4593.0,-5.21949,2.59842,98.0629,2.8659882669972943
1792,1.86012,2.36186,88.7887,4.198909,,4594.0,-5.21949,2.59993,98.1198,2.8562002092696797
1793,1.86012,2.36242,88.8099,4.198909,,4595.0,-5.21763,2.60145,98.1772,2.8512434633997574
1794,1.86012,2.36295,88.8297,4.199219,,4596.0,-5.21949,2.60299,98.2352,2.8378375108737366
1795,1.85082,2.36349,88.8502,4.198909,,4597.0,-5.22321,2.60454,98.2938,2.8524246106848983
1797,1.85082,2.36404,88.8707,4.198909,,4598.0,-5.21763,2.60605,98.3506,2.837635447376469
1798,1.85082,2.36457,88.8906,4.198909,,4599.0,-5.21949,2.60756,98.4075,2.8250815492262786
1799,1.84524,2.36509,88.9102,4.199219,,4600.0,-5.21949,2.60898,98.4612,2.834105038122164
1800,1.8378,2.3656,88.9295,4.198909,,4601.0,-5.21763,2.61066,98.5246,2.8267803659415662
1801,1.83408,2.36614,88.9498,4.199219,,4602.0,-5.21949,2.61208,98.5782,2.8337240223140285
1802,1.83222,2.36668,88.9699,4.199219,,4603.0,-5.21763,2.61361,98.6362,2.847738189857852
1803,1.8285,2.36715,88.9877,4.199219,,4604.0,-5.21763,2.61515,98.6942,2.8317302027310043
1804,1.83594,2.36769,89.008,4.199219,,4606.0,-5.22135,2.61669,98.7522,2.842937822906173
1805,1.82292,2.36823,89.0282,4.199219,,4607.0,-5.21763,2.61822,98.8102,2.8293545739018233
1806,1.81734,2.36876,89.0483,4.199219,,4608.0,-5.21949,2.6197,98.866,2.8258192810434357
1807,1.81548,2.3693,89.0684,4.199219,,4609.0,-5.21763,2.62124,98.924,2.81442450390487
1808,1.81362,2.36983,89.0885,4.198909,,4610.0,-5.21949,2.62259,98.9748,2.8028216268407613
1809,1.81176,2.37037,89.1086,4.199219,,4611.0,-5.21763,2.62412,99.0328,2.801224479176284
1810,1.80618,2.3709,89.1286,4.198909,,4612.0,-5.21949,2.62566,99.0908,2.807209096208271
1811,1.80246,2.37143,89.1486,4.199219,,4613.0,-5.21577,2.6272,99.1488,2.806363300499424
1812,1.80618,2.37196,89.1685,4.198909,,4614.0,-5.21763,2.62873,99.2068,2.8163157903446017
1813,1.79501,2.37249,89.1884,4.199219,,4615.0,-5.22135,2.63027,99.2648,2.8017003833060907
1814,1.79129,2.37295,89.2058,4.199219,,4616.0,-5.21949,2.63181,99.3227,2.7963514581554705
1815,1.78757,2.37348,89.2256,4.198909,,4617.0,-5.21949,2.6334,99.3829,2.7672828281197694
1816,1.78943,2.37401,89.2455,4.199219,,4618.0,-5.21763,2.63479,99.4354,2.7969580025550886
1817,1.78013,2.37453,89.2652,4.198909,,4619.0,-5.21949,2.63634,99.494,2.788340203690461
1818,1.77641,2.37506,89.285,4.198909,,4620.0,-5.22135,2.63788,99.552,2.783041174518545
1820,1.78199,2.37558,89.3047,4.199219,,4621.0,-5.21763,2.6394,99.6094,2.782827769657042
1821,1.77269,2.37613,89.3254,4.199219,,4622.0,-5.21949,2.64075,99.6603,2.7795336245362927
1822,1.77083,2.37661,89.3432,4.198909,,4623.0,-5.21949,2.64229,99.7183,2.768199189780918
1823,1.76711,2.37713,89.3628,4.198909,,4624.0,-5.21391,2.64382,99.7763,2.7829891912132383
1824,1.76711,2.37765,89.3823,4.198909,,4625.0,-5.21763,2.64536,99.8343,2.7687862173865927
1825,1.75967,2.37816,89.4015,4.198909,,4626.0,-5.22135,2.64693,99.8933,2.756576679412797
1826,1.75037,2.37867,89.4206,4.199219,,4627.0,-5.21949,2.6484,99.9491,2.7479041124099655
1827,1.75781,2.37918,89.44,4.198909,,4628.0,-5.21949,2.64975,100.0,2.750530430577623
1828,1.75037,2.37968,89.4589,4.198909,,,,,,
1829,1.75037,2.38014,89.4759,4.198909,,,,,,
1830,1.74851,2.38065,89.4953,4.198909,,,,,,
1831,1.73921,2.38116,89.5146,4.198909,,,,,,
1832,1.74107,2.38168,89.5338,4.198909,,,,,,
1833,1.74107,2.38219,89.5531,4.198909,,,,,,
1834,1.72991,2.3827,89.5721,4.199219,,,,,,
1835,1.73363,2.38314,89.589,4.198909,,,,,,
1836,1.72991,2.38365,89.6081,4.198909,,,,,,
1837,1.72619,2.38414,89.6263,4.198909,,,,,,
1838,1.72433,2.38466,89.6458,4.198909,,,,,,
1839,1.71689,2.38516,89.6648,4.198909,,,,,,
1840,1.71131,2.38566,89.6836,4.198909,,,,,,
1841,1.71317,2.38617,89.7026,4.198909,,,,,,
1842,1.71131,2.38667,89.7216,4.198909,,,,,,
1843,1.70759,2.38712,89.7385,4.198909,,,,,,
1844,1.70573,2.38763,89.7578,4.198909,,,,,,
1845,1.69643,2.38813,89.7765,4.198909,,,,,,
1846,1.69829,2.38859,89.7935,4.198909,,,,,,
1847,1.69457,2.38909,89.8125,4.199219,,,,,,
1849,1.68899,2.38959,89.8312,4.198909,,,,,,
1850,1.68899,2.39009,89.85,4.198909,,,,,,
1851,1.69457,2.39052,89.8664,4.198909,,,,,,
1852,1.68899,2.39102,89.8851,4.198909,,,,,,
1853,1.68341,2.39153,89.9041,4.198909,,,,,,
1854,1.68341,2.39202,89.9227,4.198909,,,,,,
1855,1.67969,2.39252,89.9413,4.198909,,,,,,
1856,1.67597,2.39301,89.9598,4.198909,,,,,,
1857,1.67411,2.3935,89.9784,4.198909,,,,,,
1858,1.67039,2.39399,89.9969,4.199219,,,,,,
1859,1.67039,2.39448,90.0152,4.198909,,,,,,
1860,1.66667,2.39492,90.0317,4.198909,,,,,,
1861,1.67039,2.39544,90.0513,4.198909,,,,,,
1862,1.65737,2.39593,90.0695,4.199219,,,,,,
1863,1.65365,2.39642,90.0879,4.198909,,,,,,
1864,1.65551,2.3969,90.1062,4.198909,,,,,,
1865,1.65551,2.39739,90.1245,4.198909,,,,,,
1866,1.64807,2.39788,90.1427,4.198909,,,,,,
1867,1.64249,2.39836,90.1609,4.198909,,,,,,
1868,1.64435,2.39883,90.1786,4.199219,,,,,,
1870,1.64063,2.39927,90.1953,4.198909,,,,,,
1871,1.64063,2.39975,90.2134,4.199219,,,,,,
1872,1.63132,2.40024,90.2315,4.198909,,,,,,
1873,1.63318,2.40072,90.2496,4.198909,,,,,,
1874,1.6276,2.40119,90.2675,4.198909,,,,,,
1875,1.62946,2.40161,90.2833,4.198909,,,,,,
1876,1.62574,2.40209,90.3013,4.199219,,,,,,
1877,1.62202,2.40257,90.3193,4.198909,,,,,,
1878,1.62016,2.40305,90.3373,4.198909,,,,,,
1879,1.61458,2.40353,90.3552,4.199219,,,,,,
1880,1.6183,2.404,90.3731,4.199219,,,,,,
1881,1.62016,2.40448,90.391,4.199219,,,,,,
1882,1.61086,2.40495,90.4088,4.198909,,,,,,
1883,1.61458,2.40542,90.4263,4.198909,,,,,,
1884,1.60528,2.40589,90.4441,4.199219,,,,,,
1885,1.60714,2.40632,90.4603,4.198909,,,,,,
1886,1.60342,2.40679,90.4777,4.198909,,,,,,
1887,1.60714,2.40726,90.4954,4.198909,,,,,,
1888,1.59598,2.40773,90.5131,4.198909,,,,,,
1889,1.59412,2.4082,90.5308,4.199219,,,,,,
1890,1.5904,2.40867,90.5484,4.198909,,,,,,
1892,1.58854,2.40913,90.566,4.198909,,,,,,
1893,1.58296,2.4096,90.5836,4.198909,,,,,,
1894,1.57924,2.41007,90.6011,4.199219,,,,,,
1895,1.5811,2.41053,90.6186,4.198909,,,,,,
1896,1.57924,2.411,90.6361,4.198909,,,,,,
1897,1.57366,2.41145,90.6532,4.198909,,,,,,
1898,1.5718,2.41191,90.6703,4.198909,,,,,,
1899,1.56994,2.41238,90.688,4.198909,,,,,,
1900,1.5718,2.41284,90.7054,4.199219,,,,,,
1901,1.56808,2.41331,90.7228,4.199219,,,,,,
1902,1.5625,2.41377,90.7401,4.199219,,,,,,
1903,1.56436,2.41423,90.7575,4.198909,,,,,,
1904,1.5625,2.41468,90.7746,4.198909,,,,,,
1905,1.5625,2.41513,90.7914,4.199219,,,,,,
1906,1.56064,2.41558,90.8084,4.198909,,,,,,
1907,1.55692,2.41604,90.8254,4.198909,,,,,,
1908,1.5532,2.41649,90.8426,4.198909,,,,,,
1909,1.54762,2.41695,90.8598,4.198909,,,,,,
1910,1.54576,2.4174,90.8769,4.198909,,,,,,
1911,1.54762,2.41786,90.8939,4.198909,,,,,,
1912,1.53832,2.41825,90.9089,4.198909,,,,,,
1914,1.5439,2.41871,90.9259,4.198909,,,,,,
1915,1.54018,2.41916,90.9429,4.198909,,,,,,
1916,1.53274,2.41961,90.9598,4.199219,,,,,,
1917,1.53274,2.42006,90.9768,4.198909,,,,,,
1918,1.53274,2.42052,90.9939,4.198909,,,,,,
1919,1.53274,2.42097,91.0108,4.198909,,,,,,
1920,1.52716,2.42141,91.0276,4.198909,,,,,,
1921,1.52344,2.42185,91.0441,4.198909,,,,,,
1922,1.52158,2.42225,91.0591,4.198909,,,,,,
1923,1.52158,2.42269,91.0758,4.198909,,,,,,
1924,1.516,2.42316,91.0934,4.198909,,,,,,
1925,1.516,2.4236,91.11,4.198909,,,,,,
1926,1.51042,2.42405,91.1268,4.199219,,,,,,
1927,1.51042,2.42449,91.1433,4.198909,,,,,,
1928,1.50484,2.4249,91.1588,4.198909,,,,,,
1929,1.50484,2.42534,91.1753,4.198909,,,,,,
1930,1.5067,2.42578,91.1918,4.198909,,,,,,
1931,1.50484,2.42622,91.2085,4.199219,,,,,,
1932,1.49926,2.42667,91.2251,4.198909,,,,,,
1933,1.4974,2.42711,91.2417,4.198909,,,,,,
1935,1.49926,2.42755,91.2583,4.199219,,,,,,
1936,1.49554,2.42799,91.2748,4.198909,,,,,,
1937,1.49182,2.42845,91.2921,4.198909,,,,,,
1938,1.48996,2.42886,91.3074,4.199219,,,,,,
1939,1.4881,2.42929,91.3238,4.199219,,,,,,
1940,1.48438,2.42973,91.3402,4.198909,,,,,,
1941,1.48251,2.43017,91.3567,4.199219,,,,,,
1942,1.48251,2.4306,91.3731,4.199219,,,,,,
1943,1.47321,2.43104,91.3895,4.198909,,,,,,
1944,1.47879,2.43148,91.4059,4.198909,,,,,,
1945,1.47693,2.43191,91.4222,4.199219,,,,,,
1946,1.47507,2.43235,91.4386,4.198909,,,,,,
1947,1.46763,2.43278,91.4549,4.198909,,,,,,
1948,1.46949,2.43321,91.4712,4.198909,,,,,,
1949,1.47135,2.43365,91.4874,4.198909,,,,,,
1950,1.46391,2.43408,91.5037,4.198909,,,,,,
1951,1.46205,2.43448,91.519,4.199219,,,,,,
1952,1.46205,2.43492,91.5355,4.198909,,,,,,
1953,1.46577,2.4353,91.5497,4.199219,,,,,,
1954,1.45647,2.43573,91.5659,4.198909,,,,,,
1956,1.46205,2.43616,91.582,4.198909,,,,,,
1957,1.45461,2.43658,91.5977,4.198909,,,,,,
1958,1.45833,2.43702,91.6141,4.199219,,,,,,
1959,1.46019,2.43739,91.6282,4.198909,,,,,,
1960,1.44903,2.43782,91.6443,4.198909,,,,,,
1961,1.45647,2.43824,91.6603,4.199219,,,,,,
1962,1.44531,2.43867,91.6763,4.198909,,,,,,
1963,1.44717,2.43912,91.6933,4.199219,,,,,,
1964,1.44345,2.43951,91.708,4.199219,,,,,,
1965,1.44159,2.43995,91.7243,4.199219,,,,,,
1966,1.43787,2.44037,91.7401,4.198909,,,,,,
1967,1.43601,2.44074,91.754,4.199219,,,,,,
1968,1.43043,2.44116,91.7699,4.199219,,,,,,
1969,1.43415,2.4416,91.7867,4.198909,,,,,,
1970,1.43229,2.44199,91.801,4.198909,,,,,,
1971,1.43043,2.44244,91.818,4.199219,,,,,,
1972,1.42485,2.44281,91.832,4.199219,,,,,,
1973,1.42671,2.44323,91.8478,4.199219,,,,,,
1974,1.43787,2.44365,91.8636,4.199219,,,,,,
1975,1.42299,2.44407,91.8794,4.198909,,,,,,
1976,1.40997,2.44447,91.8945,4.199219,,,,,,
1977,1.41741,2.44491,91.9108,4.198909,,,,,,
1978,1.41555,2.44532,91.9264,4.199219,,,,,,
1979,1.42671,2.44574,91.9421,4.198909,,,,,,
1981,1.40997,2.44616,91.9578,4.199219,,,,,,
1982,1.41555,2.44657,91.9734,4.199219,,,,,,
1983,1.41741,2.44699,91.989,4.199219,,,,,,
1984,1.40067,2.44735,92.0027,4.199219,,,,,,
1985,1.39695,2.44777,92.0183,4.199219,,,,,,
1986,1.42113,2.44818,92.0338,4.199219,,,,,,
1987,1.41369,2.44864,92.0512,4.199219,,,,,,
1988,1.38579,2.44902,92.0656,4.199219,,,,,,
1989,1.39323,2.44945,92.0818,4.198909,,,,,,
1990,1.38765,2.44982,92.0954,4.198909,,,,,,
1991,1.39881,2.45023,92.1109,4.198909,,,,,,
1992,1.39509,2.45064,92.1263,4.198909,,,,,,
1993,1.38765,2.45105,92.1417,4.199219,,,,,,
1994,1.39509,2.45146,92.1571,4.199219,,,,,,
1995,1.39137,2.45187,92.1724,4.199529,,,,,,
1996,1.38765,2.45227,92.1878,4.199219,,,,,,
1997,1.38765,2.45269,92.2033,4.198909,,,,,,
1998,1.39323,2.4531,92.2186,4.199219,,,,,,
1999,1.38021,2.4535,92.2339,4.199219,,,,,,
2001,1.38393,2.45391,92.2492,4.198909,,,,,,
2002,1.38207,2.45431,92.2644,4.199219,,,,,,
2003,1.37835,2.45472,92.2797,4.198599,,,,,,
2004,1.37277,2.45513,92.2949,4.198599,,,,,,
2005,1.37091,2.45553,92.3101,4.198909,,,,,,
2006,1.35789,2.45593,92.3253,4.199219,,,,,,
2007,1.36719,2.45634,92.3404,4.198909,,,,,,
2008,1.36533,2.45674,92.3555,4.198909,,,,,,
2009,1.36347,2.45714,92.3706,4.198909,,,,,,
2010,1.35789,2.45754,92.3857,4.199219,,,,,,
2011,1.35789,2.45794,92.4008,4.198909,,,,,,
2012,1.35231,2.45833,92.4154,4.199219,,,,,,
2013,1.36533,2.45873,92.4304,4.198909,,,,,,
2014,1.36161,2.45913,92.4453,4.198909,,,,,,
2015,1.35789,2.45952,92.4603,4.198909,,,,,,
2016,1.35231,2.45987,92.4735,4.199219,,,,,,
2017,1.34487,2.46027,92.4885,4.198909,,,,,,
2018,1.34115,2.46067,92.5035,4.199219,,,,,,
2019,1.34859,2.46107,92.5184,4.199219,,,,,,
2021,1.34673,2.46147,92.5333,4.199529,,,,,,
2022,1.34673,2.46186,92.5483,4.199219,,,,,,
2023,1.33371,2.46226,92.5632,4.198599,,,,,,
2024,1.33185,2.46266,92.578,4.198909,,,,,,
2025,1.34301,2.46305,92.5929,4.199219,,,,,,
2026,1.33743,2.46344,92.6077,4.199219,,,,,,
2027,1.33557,2.46382,92.6217,4.199219,,,,,,
2028,1.32999,2.46418,92.6354,4.199219,,,,,,
2029,1.33743,2.4646,92.6511,4.199219,,,,,,
2030,1.33185,2.46496,92.6646,4.198909,,,,,,
2031,1.34301,2.46535,92.6794,4.198909,,,,,,
2032,1.33743,2.46577,92.6951,4.198909,,,,,,
2033,1.32254,2.46613,92.7085,4.198909,,,,,,
2034,1.32626,2.46652,92.7232,4.198909,,,,,,
2035,1.31324,2.46691,92.7378,4.198909,,,,,,
2036,1.32813,2.46735,92.7544,4.198909,,,,,,
2037,1.31882,2.46772,92.7683,4.198909,,,,,,
2038,1.3244,2.46811,92.7829,4.199219,,,,,,
2039,1.31882,2.46849,92.7974,4.198909,,,,,,
2040,1.30766,2.46883,92.8102,4.198909,,,,,,
2042,1.31882,2.46922,92.8247,4.199219,,,,,,
2043,1.31138,2.46961,92.8393,4.198909,,,,,,
2044,1.3151,2.46999,92.8538,4.199219,,,,,,
2045,1.31882,2.47038,92.8684,4.199219,,,,,,
2046,1.30952,2.47076,92.8829,4.199219,,,,,,
2047,1.31696,2.47115,92.8974,4.199219,,,,,,
2048,1.31138,2.47154,92.9118,4.199219,,,,,,
2049,1.30766,2.47192,92.9263,4.199219,,,,,,
2050,1.31324,2.4723,92.9408,4.199219,,,,,,
2051,1.3058,2.47269,92.9552,4.199219,,,,,,
2052,1.29278,2.47306,92.9691,4.198909,,,,,,
2053,1.28906,2.47344,92.9834,4.198909,,,,,,
2054,1.29464,2.47382,92.9978,4.198909,,,,,,
2055,1.29464,2.4742,93.0121,4.198909,,,,,,
2056,1.2872,2.47458,93.0265,4.198909,,,,,,
2057,1.28906,2.47496,93.0407,4.198909,,,,,,
2058,1.29278,2.47534,93.055,4.199219,,,,,,
2059,1.28906,2.47574,93.0697,4.199219,,,,,,
2061,1.29092,2.47611,93.0839,4.198909,,,,,,
2062,1.29092,2.47649,93.0982,4.198909,,,,,,
2063,1.28162,2.47682,93.1106,4.199219,,,,,,
2064,1.28534,2.4772,93.1249,4.198909,,,,,,
2065,1.28534,2.47758,93.1391,4.198909,,,,,,
2066,1.27976,2.47796,93.1533,4.198909,,,,,,
2067,1.28534,2.47834,93.1675,4.198909,,,,,,
2068,1.27604,2.47871,93.1816,4.198909,,,,,,
2069,1.27604,2.47908,93.1956,4.198909,,,,,,
2070,1.27604,2.47941,93.208,4.198909,,,,,,
2071,1.27232,2.47979,93.2221,4.199219,,,,,,
2072,1.27046,2.48015,93.2355,4.198909,,,,,,
2073,1.26674,2.48053,93.2499,4.199529,,,,,,
2074,1.2686,2.48087,93.2629,4.198909,,,,,,
2075,1.27232,2.48125,93.2772,4.198909,,,,,,
2076,1.26302,2.48158,93.2895,4.199219,,,,,,
2077,1.26674,2.48195,93.3035,4.199219,,,,,,
2078,1.2593,2.48233,93.3175,4.198909,,,,,,
2079,1.26116,2.48269,93.3313,4.199219,,,,,,
2080,1.25372,2.48308,93.3456,4.199219,,,,,,
2081,1.25558,2.48344,93.3593,4.199219,,,,,,
2082,1.26116,2.48376,93.3716,4.198909,,,,,,
2083,1.25,2.48414,93.3855,4.198599,,,,,,
2084,1.25744,2.48451,93.3995,4.199219,,,,,,
2085,1.2593,2.48488,93.4133,4.198909,,,,,,
2086,1.24814,2.48528,93.4284,4.199219,,,,,,
2087,1.24628,2.48563,93.4417,4.199219,,,,,,
2089,1.24628,2.486,93.4556,4.198909,,,,,,
2090,1.24814,2.48637,93.4694,4.198909,,,,,,
2091,1.24256,2.48673,93.4832,4.199219,,,,,,
2092,1.24628,2.4871,93.4969,4.199219,,,,,,
2093,1.24256,2.48747,93.5107,4.199219,,,,,,
2094,1.24442,2.48783,93.5245,4.198909,,,,,,
2095,1.24442,2.48817,93.5371,4.198909,,,,,,
2096,1.24256,2.48854,93.5512,4.198909,,,,,,
2097,1.23326,2.48888,93.5639,4.199219,,,,,,
2098,1.23512,2.48924,93.5776,4.198909,,,,,,
2099,1.23512,2.48961,93.5911,4.198909,,,,,,
2100,1.23326,2.48992,93.6031,4.199219,,,,,,
2101,1.2314,2.49029,93.6168,4.199219,,,,,,
2102,1.2314,2.49066,93.6308,4.199219,,,,,,
2103,1.22396,2.49098,93.6428,4.199219,,,,,,
2104,1.23512,2.49134,93.6564,4.198909,,,,,,
2105,1.22396,2.4917,93.67,4.199219,,,,,,
2106,1.22396,2.49206,93.6836,4.199219,,,,,,
2107,1.22396,2.49242,93.6971,4.198909,,,,,,
2108,1.22024,2.49278,93.7106,4.199219,,,,,,
2109,1.2314,2.49314,93.7242,4.198909,,,,,,
2110,1.22396,2.49352,93.7382,4.198909,,,,,,
2111,1.21094,2.49384,93.7503,4.198909,,,,,,
2112,1.2221,2.4942,93.7638,4.199219,,,,,,
2114,1.22768,2.49456,93.7773,4.198909,,,,,,
2115,1.22024,2.49492,93.7908,4.199219,,,,,,
2116,1.21466,2.49527,93.8043,4.198909,,,,,,
2117,1.2128,2.49563,93.8177,4.199529,,,,,,
2118,1.20722,2.49599,93.8311,4.198909,,,,,,
2119,1.20722,2.49635,93.8445,4.199219,,,,,,
2120,1.20908,2.49666,93.8564,4.198909,,,,,,
2121,1.20536,2.49702,93.87,4.198909,,,,,,
2122,1.20536,2.49738,93.8833,4.198909,,,,,,
2123,1.20908,2.49773,93.8967,4.199219,,,,,,
2124,1.19978,2.49809,93.9101,4.198909,,,,,,
2125,1.20536,2.49844,93.9233,4.198909,,,,,,
2126,1.20164,2.4988,93.9366,4.198909,,,,,,
2127,1.20164,2.49915,93.9499,4.198909,,,,,,
2128,1.19234,2.4995,93.9632,4.199219,,,,,,
2129,1.18862,2.49985,93.9763,4.199219,,,,,,
2130,1.19606,2.50016,93.9879,4.199219,,,,,,
2131,1.1942,2.50053,94.0018,4.198909,,,,,,
2132,1.19234,2.50087,94.0146,4.198909,,,,,,
2133,1.18676,2.50122,94.0278,4.199219,,,,,,
2135,1.1942,2.50157,94.0408,4.199219,,,,,,
2136,1.19048,2.50187,94.0524,4.198909,,,,,,
2137,1.18676,2.50222,94.0655,4.198909,,,,,,
2138,1.19234,2.50257,94.0787,4.199219,,,,,,
2139,1.1942,2.50292,94.0918,4.199219,,,,,,
2140,1.18676,2.50328,94.105,4.198909,,,,,,
2141,1.17932,2.50359,94.1168,4.198909,,,,,,
2142,1.17932,2.50393,94.1298,4.198909,,,,,,
2143,1.17746,2.50428,94.1429,4.199219,,,,,,
2144,1.18304,2.50463,94.1559,4.199219,,,,,,
2145,1.17374,2.50498,94.1689,4.198909,,,,,,
2146,1.17746,2.50532,94.1821,4.198909,,,,,,
2147,1.17374,2.50564,94.194,4.199219,,,,,,
2148,1.16815,2.50599,94.2069,4.198909,,,,,,
2149,1.1756,2.50633,94.2199,4.198909,,,,,,
2150,1.16629,2.50668,94.2328,4.199219,,,,,,
2151,1.17374,2.50702,94.2458,4.199219,,,,,,
2152,1.17001,2.50738,94.2592,4.198909,,,,,,
2153,1.17374,2.5077,94.2712,4.198909,,,,,,
2154,1.17188,2.50805,94.2844,4.198909,,,,,,
2155,1.16443,2.50841,94.298,4.199219,,,,,,
2156,1.16257,2.50874,94.3104,4.198909,,,,,,
2158,1.16071,2.50908,94.3232,4.199219,,,,,,
2159,1.16071,2.50942,94.3361,4.199219,,,,,,
2160,1.17001,2.50976,94.3489,4.198909,,,,,,
2161,1.15699,2.51006,94.3602,4.199219,,,,,,
2162,1.16071,2.5104,94.373,4.198909,,,,,,
2163,1.15141,2.51074,94.3858,4.198909,,,,,,
2164,1.15327,2.51108,94.3986,4.198909,,,,,,
2165,1.15513,2.51142,94.4114,4.198909,,,,,,
2166,1.15513,2.51176,94.4241,4.199219,,,,,,
2167,1.14769,2.5121,94.4369,4.198909,,,,,,
2168,1.15141,2.51244,94.4496,4.198909,,,,,,
2169,1.14955,2.51278,94.4623,4.198909,,,,,,
2170,1.14769,2.51312,94.475,4.199219,,,,,,
2171,1.14397,2.51346,94.4877,4.198909,,,,,,
2172,1.14769,2.51379,94.5004,4.198909,,,,,,
2173,1.14211,2.51413,94.513,4.199219,,,,,,
2174,1.14211,2.51446,94.5257,4.198909,,,,,,
2175,1.13653,2.5148,94.5383,4.198909,,,,,,
2176,1.13653,2.51514,94.5509,4.198909,,,,,,
2177,1.13653,2.51546,94.563,4.198909,,,,,,
2179,1.13653,2.51576,94.5744,4.198909,,,,,,
2180,1.14025,2.5161,94.587,4.199219,,,,,,
2181,1.13839,2.51643,94.5996,4.198909,,,,,,
2182,1.12351,2.51676,94.6121,4.198909,,,,,,
2183,1.13281,2.51706,94.6234,4.198909,,,,,,
2184,1.13095,2.51739,94.6358,4.198909,,,,,,
2185,1.12537,2.51773,94.6483,4.198909,,,,,,
2186,1.13095,2.51805,94.6604,4.198909,,,,,,
2187,1.12723,2.51835,94.6718,4.198909,,,,,,
2188,1.12909,2.51868,94.6842,4.198909,,,,,,
2189,1.12351,2.51901,94.6967,4.198909,,,,,,
2190,1.12165,2.51935,94.7092,4.199219,,,,,,
2191,1.12351,2.51968,94.7216,4.198909,,,,,,
2192,1.11979,2.52001,94.734,4.198909,,,,,,
2193,1.11421,2.52034,94.7464,4.198909,,,,,,
2194,1.11421,2.52071,94.7605,4.199219,,,,,,
2195,1.11607,2.52103,94.7726,4.199219,,,,,,
2196,1.11421,2.52136,94.7849,4.199219,,,,,,
2197,1.11421,2.52169,94.7973,4.199219,,,,,,
2198,1.11421,2.52202,94.8096,4.198909,,,,,,
2200,1.10863,2.52235,94.8219,4.198909,,,,,,
2201,1.10863,2.52267,94.8342,4.198909,,,,,,
2202,1.11235,2.52299,94.8462,4.199219,,,,,,
2203,1.10863,2.52331,94.8584,4.198909,,,,,,
2204,1.11049,2.52363,94.8701,4.198909,,,,,,
2205,1.10677,2.52395,94.8823,4.199219,,,,,,
2206,1.10863,2.52428,94.8945,4.199219,,,,,,
2207,1.10491,2.5246,94.9068,4.198909,,,,,,
2208,1.10491,2.52493,94.919,4.198909,,,,,,
2209,1.10119,2.52525,94.9312,4.198909,,,,,,
2210,1.10119,2.52558,94.9434,4.198909,,,,,,
2211,1.09933,2.5259,94.9556,4.199219,,,,,,
2212,1.09747,2.52622,94.9677,4.199219,,,,,,
2213,1.09561,2.52654,94.9798,4.199219,,,,,,
2214,1.09561,2.52683,94.9904,4.198909,,,,,,
2215,1.09375,2.52715,95.0025,4.199219,,,,,,
2216,1.09747,2.52747,95.0146,4.198909,,,,,,
2217,1.08817,2.52779,95.0266,4.199219,,,,,,
2218,1.08817,2.5281,95.0382,4.198909,,,,,,
2219,1.09189,2.52841,95.0498,4.199219,,,,,,
2220,1.09003,2.52873,95.0619,4.198909,,,,,,
2221,1.08817,2.52905,95.0739,4.199219,,,,,,
2223,1.08817,2.52937,95.0858,4.198909,,,,,,
2224,1.09003,2.52965,95.0964,4.199219,,,,,,
2225,1.08817,2.52997,95.1084,4.198909,,,,,,
2226,1.08259,2.53027,95.1198,4.198909,,,,,,
2227,1.08259,2.53059,95.1317,4.199219,,,,,,
2228,1.08073,2.53091,95.1438,4.198909,,,,,,
2229,1.07887,2.53123,95.1558,4.199219,,,,,,
2230,1.08073,2.53154,95.1677,4.198909,,,,,,
2231,1.07701,2.53186,95.1796,4.198909,,,,,,
2232,1.07701,2.53218,95.1915,4.199219,,,,,,
2233,1.07887,2.53245,95.202,4.199219,,,,,,
2234,1.07515,2.53277,95.2139,4.198909,,,,,,
2235,1.07515,2.53309,95.2258,4.198909,,,,,,
2236,1.07143,2.53341,95.2377,4.198909,,,,,,
2237,1.06957,2.53372,95.2496,4.198909,,,,,,
2238,1.06585,2.53404,95.2615,4.198909,,,,,,
2239,1.06957,2.53435,95.2733,4.199219,,,,,,
2240,1.06399,2.53467,95.2853,4.198909,,,,,,
2241,1.06957,2.53501,95.298,4.198909,,,,,,
2242,1.06585,2.53534,95.3104,4.199219,,,,,,
2243,1.07143,2.53564,95.3216,4.199219,,,,,,
2244,1.06585,2.53591,95.3319,4.198909,,,,,,
2246,1.06027,2.53622,95.3437,4.198909,,,,,,
2247,1.05469,2.53654,95.3554,4.198909,,,,,,
2248,1.06213,2.53685,95.3671,4.199219,,,,,,
2249,1.05655,2.53716,95.3789,4.198909,,,,,,
2250,1.05655,2.53747,95.3905,4.199219,,,,,,
2251,1.06027,2.53778,95.4023,4.198909,,,,,,
2252,1.05469,2.53809,95.414,4.198909,,,,,,
2253,1.05469,2.5384,95.4257,4.198909,,,,,,
2254,1.05283,2.5387,95.4369,4.198909,,,,,,
2255,1.05469,2.539,95.4482,4.198909,,,,,,
2256,1.04725,2.5393,95.4594,4.199219,,,,,,
2257,1.05097,2.53961,95.471,4.198909,,,,,,
2258,1.05469,2.53992,95.4827,4.199219,,,,,,
2259,1.04167,2.54023,95.4941,4.198909,,,,,,
2260,1.04539,2.5405,95.5043,4.199219,,,,,,
2261,1.04725,2.5408,95.5159,4.198909,,,,,,
2262,1.04353,2.54112,95.5275,4.198909,,,,,,
2263,1.04167,2.54142,95.5389,4.198909,,,,,,
2264,1.04539,2.5417,95.5495,4.199219,,,,,,
2265,1.04539,2.54202,95.5616,4.199219,,,,,,
2266,1.04725,2.54233,95.5731,4.199219,,,,,,
2267,1.03795,2.54263,95.5845,4.199219,,,,,,
2268,1.03795,2.5429,95.5946,4.198909,,,,,,
2269,1.04167,2.5432,95.6061,4.199219,,,,,,
2270,1.03609,2.54351,95.6176,4.198909,,,,,,
2272,1.03609,2.54381,95.629,4.198909,,,,,,
2273,1.03423,2.54412,95.6405,4.198909,,,,,,
2274,1.03609,2.54442,95.6519,4.199219,,,,,,
2275,1.02679,2.54473,95.6633,4.198909,,,,,,
2276,1.03051,2.54503,95.6747,4.198909,,,,,,
2277,1.03051,2.54533,95.6861,4.198909,,,,,,
2278,1.02679,2.54564,95.6975,4.199219,,,,,,
2279,1.03237,2.54592,95.7083,4.198909,,,,,,
2280,1.02865,2.5462,95.7188,4.198909,,,,,,
2281,1.02493,2.54651,95.7302,4.199219,,,,,,
2282,1.02121,2.54679,95.7408,4.199219,,,,,,
2283,1.02679,2.54708,95.7517,4.199219,,,,,,
2284,1.01749,2.54738,95.763,4.199219,,,,,,
2285,1.02679,2.54768,95.7743,4.199219,,,,,,
2286,1.01749,2.54798,95.7856,4.198909,,,,,,
2287,1.01563,2.54827,95.7965,4.198909,,,,,,
2288,1.0119,2.54857,95.8077,4.198909,,,,,,
2289,1.01563,2.54887,95.819,4.199219,,,,,,
2290,1.01376,2.54917,95.8302,4.198909,,,,,,
2291,1.00818,2.54946,95.8414,4.198909,,,,,,
2292,1.01935,2.54976,95.8526,4.199219,,,,,,
2294,1.00632,2.55004,95.863,4.198909,,,,,,
2295,1.0119,2.55034,95.8745,4.198909,,,,,,
2296,1.00632,2.55064,95.8857,4.198909,,,,,,
2297,1.0026,2.55094,95.8968,4.198909,,,,,,
2298,1.01004,2.55124,95.908,4.199219,,,,,,
2299,1.00632,2.55153,95.9192,4.198909,,,,,,
2300,1.00446,2.55183,95.9303,4.198909,,,,,,
2301,1.00074,2.55212,95.9414,4.198909,,,,,,
2302,1.0026,2.55242,95.9525,4.198909,,,,,,
2303,0.99888,2.55271,95.9635,4.198909,,,,,,
2304,1.00446,2.55297,95.9732,4.199219,,,,,,
2305,1.00446,2.55326,95.9843,4.199219,,,,,,
2306,1.0026,2.55356,95.9953,4.199219,,,,,,
2307,0.9933,2.55385,96.0064,4.199219,,,,,,
2308,0.99702,2.55415,96.0174,4.198909,,,,,,
2309,0.9933,2.55446,96.0291,4.198909,,,,,,
2310,0.99144,2.55474,96.0399,4.199219,,,,,,
2311,0.9933,2.555,96.0496,4.199219,,,,,,
2312,0.99144,2.55529,96.0606,4.198909,,,,,,
2313,0.99144,2.55558,96.0715,4.198909,,,,,,
2315,0.98958,2.55589,96.0829,4.198909,,,,,,
2316,0.99144,2.55615,96.0928,4.198909,,,,,,
2317,0.98214,2.55645,96.1039,4.198909,,,,,,
2318,0.98214,2.55674,96.1148,4.198909,,,,,,
2319,0.98958,2.55703,96.1258,4.199219,,,,,,
2320,0.98214,2.55732,96.1367,4.199219,,,,,,
2321,0.98958,2.55761,96.1476,4.199219,,,,,,
2322,0.98772,2.55789,96.158,4.198909,,,,,,
2323,0.98214,2.55814,96.1675,4.198909,,,,,,
2324,0.98028,2.55843,96.1784,4.199219,,,,,,
2325,0.97842,2.55872,96.1892,4.199219,,,,,,
2326,0.9747,2.55899,96.1995,4.198909,,,,,,
2327,0.97098,2.55928,96.2103,4.198909,,,,,,
2328,0.98028,2.55956,96.2211,4.199219,,,,,,
2329,0.97842,2.55985,96.2319,4.198909,,,,,,
2330,0.97656,2.56016,96.2434,4.198909,,,,,,
2331,0.96912,2.56042,96.2532,4.199219,,,,,,
2332,0.97284,2.5607,96.2639,4.198909,,,,,,
2333,0.97284,2.56099,96.2747,4.198909,,,,,,
2334,0.9747,2.56126,96.285,4.198909,,,,,,
2335,0.96726,2.56153,96.2951,4.198909,,,,,,
2336,0.96912,2.56182,96.3059,4.198909,,,,,,
2337,0.96726,2.5621,96.3166,4.199219,,,,,,
2338,0.97098,2.56239,96.3273,4.198909,,,,,,
2339,0.96912,2.56267,96.338,4.198909,,,,,,
2341,0.96168,2.56296,96.3486,4.199219,,,,,,
2342,0.96168,2.5632,96.3579,4.199219,,,,,,
2343,0.96354,2.56349,96.3686,4.199219,,,,,,
2344,0.96168,2.56377,96.3793,4.198909,,,,,,
2345,0.96168,2.56405,96.3897,4.199219,,,,,,
2346,0.95982,2.56433,96.4002,4.199219,,,,,,
2347,0.95796,2.56462,96.411,4.199219,,,,,,
2348,0.95982,2.5649,96.4216,4.199219,,,,,,
2349,0.9561,2.56518,96.4322,4.199219,,,,,,
2350,0.9561,2.56546,96.4427,4.199219,,,,,,
2351,0.95424,2.56571,96.452,4.198909,,,,,,
2352,0.95424,2.56599,96.4625,4.199219,,,,,,
2353,0.9561,2.56627,96.4731,4.199219,,,,,,
2354,0.95052,2.56653,96.483,4.198909,,,,,,
2355,0.9468,2.56681,96.4935,4.198909,,,,,,
2356,0.9468,2.56709,96.5041,4.199219,,,,,,
2357,0.9468,2.56737,96.5145,4.199219,,,,,,
2358,0.9468,2.56765,96.525,4.198909,,,,,,
2359,0.9468,2.5679,96.5345,4.199219,,,,,,
2360,0.93936,2.56818,96.545,4.198909,,,,,,
2361,0.93936,2.56846,96.5554,4.198909,,,,,,
2362,0.94308,2.56873,96.5657,4.198909,,,,,,
2363,0.94122,2.56898,96.5749,4.199219,,,,,,
2364,0.94494,2.56925,96.5853,4.199219,,,,,,
2365,0.94308,2.56953,96.5957,4.198909,,,,,,
2367,0.93564,2.56981,96.6061,4.199219,,,,,,
2368,0.9375,2.57008,96.6165,4.199219,,,,,,
2369,0.9375,2.57036,96.6269,4.198909,,,,,,
2370,0.93564,2.57063,96.6373,4.198909,,,,,,
2371,0.93564,2.57091,96.6476,4.199219,,,,,,
2372,0.93192,2.57118,96.6579,4.199219,,,,,,
2373,0.93006,2.57147,96.6685,4.198909,,,,,,
2374,0.93192,2.57172,96.6779,4.198909,,,,,,
2375,0.93192,2.57199,96.6882,4.199219,,,,,,
2376,0.93006,2.57227,96.6986,4.199219,,,,,,
2377,0.92634,2.57254,96.7089,4.199219,,,,,,
2378,0.92634,2.57281,96.7191,4.198909,,,,,,
2379,0.92448,2.57309,96.7294,4.199219,,,,,,
2380,0.92262,2.57336,96.7396,4.198909,,,,,,
2381,0.92448,2.5736,96.7486,4.198909,,,,,,
2382,0.92262,2.57387,96.7588,4.198909,,,,,,
2383,0.92076,2.57414,96.7691,4.198909,,,,,,
2384,0.92076,2.57441,96.7793,4.198909,,,,,,
2385,0.9189,2.57468,96.7894,4.198909,,,,,,
2386,0.91704,2.57497,96.8001,4.198909,,,,,,
2387,0.9189,2.5752,96.809,4.198909,,,,,,
2389,0.91704,2.57547,96.8192,4.199219,,,,,,
2390,0.91518,2.57577,96.8305,4.199219,,,,,,
2391,0.91332,2.57603,96.8402,4.199219,,,,,,
2392,0.91332,2.5763,96.8503,4.199219,,,,,,
2393,0.91332,2.57657,96.8605,4.198909,,,,,,
2394,0.91146,2.57684,96.8705,4.199219,,,,,,
2395,0.91146,2.5771,96.8801,4.198909,,,,,,
2396,0.91146,2.57736,96.8902,4.199219,,,,,,
2397,0.90774,2.57763,96.9003,4.199219,,,,,,
2398,0.90774,2.5779,96.9103,4.198909,,,,,,
2399,0.90774,2.57816,96.9203,4.198909,,,,,,
2400,0.90402,2.5784,96.9291,4.198909,,,,,,
2401,0.90402,2.57866,96.9391,4.199219,,,,,,
2402,0.90402,2.57893,96.9491,4.198909,,,,,,
2403,0.90216,2.5792,96.9591,4.198909,,,,,,
2404,0.90402,2.57946,96.9691,4.199219,,,,,,
2405,0.90216,2.57973,96.9791,4.198909,,,,,,
2406,0.89844,2.57999,96.9891,4.198909,,,,,,
2407,0.89844,2.58026,96.999,4.198909,,,,,,
2409,0.89844,2.58052,97.0089,4.198909,,,,,,
2410,0.89658,2.58079,97.0191,4.199219,,,,,,
2411,0.89472,2.58102,97.0278,4.198909,,,,,,
2412,0.89472,2.58129,97.0377,4.198909,,,,,,
2413,0.89472,2.58155,97.0476,4.199219,,,,,,
2414,0.89286,2.58181,97.0575,4.198909,,,,,,
2415,0.89286,2.58208,97.0674,4.199219,,,,,,
2416,0.891,2.58234,97.0773,4.199219,,,,,,
2417,0.891,2.5826,97.0871,4.198909,,,,,,
2418,0.891,2.58286,97.0968,4.199219,,,,,,
2419,0.88728,2.58314,97.1072,4.198909,,,,,,
2420,0.88728,2.5834,97.117,4.198909,,,,,,
2421,0.88728,2.58366,97.1269,4.198909,,,,,,
2422,0.88542,2.58392,97.1366,4.198909,,,,,,
2423,0.88542,2.58418,97.1464,4.198909,,,,,,
2424,0.88356,2.58441,97.1549,4.198909,,,,,,
2425,0.88356,2.58467,97.1647,4.198909,,,,,,
2426,0.87984,2.58493,97.1745,4.198909,,,,,,
2427,0.87984,2.58518,97.1842,4.199219,,,,,,
2428,0.87984,2.58544,97.194,4.199219,,,,,,
2429,0.87798,2.5857,97.2037,4.198909,,,,,,
2431,0.87798,2.58594,97.2126,4.199219,,,,,,
2432,0.87612,2.58618,97.2218,4.199219,,,,,,
2433,0.87612,2.58645,97.2318,4.199219,,,,,,
2434,0.87426,2.58668,97.2404,4.199219,,,,,,
2435,0.87426,2.58692,97.2496,4.199219,,,,,,
2436,0.87426,2.58718,97.2593,4.199219,,,,,,
2437,0.8724,2.58744,97.269,4.199219,,,,,,
2438,0.8724,2.58769,97.2785,4.198909,,,,,,
2439,0.87054,2.58794,97.2878,4.199219,,,,,,
2440,0.87054,2.5882,97.2974,4.199219,,,,,,
2441,0.86868,2.58845,97.3071,4.199219,,,,,,
2442,0.86682,2.58871,97.3167,4.198909,,,,,,
2443,0.86682,2.58896,97.3263,4.199219,,,,,,
2444,0.86496,2.58922,97.3358,4.198909,,,,,,
2445,0.86496,2.58948,97.3456,4.199219,,,,,,
2446,0.8631,2.58973,97.355,4.199219,,,,,,
2447,0.86124,2.58995,97.3633,4.199219,,,,,,
2448,0.86124,2.5902,97.3729,4.198909,,,,,,
2449,0.86124,2.59046,97.3824,4.199219,,,,,,
2451,0.85938,2.59078,97.3946,4.199219,,,,,,
2452,0.85938,2.59101,97.4031,4.199219,,,,,,
2453,0.85751,2.59126,97.4125,4.199219,,,,,,
2454,0.85751,2.59151,97.4219,4.199219,,,,,,
2455,0.85565,2.59175,97.4309,4.199219,,,,,,
2456,0.85379,2.59197,97.4393,4.199219,,,,,,
2457,0.85379,2.59222,97.4487,4.199219,,,,,,
2458,0.85193,2.59247,97.4583,4.199219,,,,,,
2459,0.85193,2.59273,97.4677,4.199219,,,,,,
2460,0.85007,2.59298,97.4771,4.199219,,,,,,
2461,0.85007,2.59322,97.4865,4.199219,,,,,,
2462,0.84821,2.59344,97.4947,4.199219,,,,,,
2463,0.84821,2.59369,97.5041,4.199219,,,,,,
2464,0.84635,2.59394,97.5135,4.199219,,,,,,
2465,0.84635,2.59419,97.5228,4.199219,,,,,,
2466,0.84449,2.59444,97.5322,4.199219,,,,,,
2467,0.84449,2.59469,97.5415,4.199219,,,,,,
2468,0.84263,2.59494,97.5509,4.199219,,,,,,
2469,0.84263,2.59518,97.56,4.199219,,,,,,
2470,0.84077,2.59542,97.5689,4.199219,,,,,,
2471,0.84077,2.59567,97.5782,4.199219,,,,,,
2472,0.83891,2.59591,97.5875,4.199219,,,,,,
2473,0.83891,2.59616,97.5968,4.199219,,,,,,
2474,0.83705,2.59641,97.6062,4.199219,,,,,,
2475,0.83705,2.59666,97.6154,4.199219,,,,,,
2477,0.83519,2.5969,97.6247,4.199219,,,,,,
2478,0.83519,2.59715,97.6339,4.199219,,,,,,
2479,0.83519,2.59738,97.6428,4.199219,,,,,,
2480,0.83333,2.59761,97.6512,4.199219,,,,,,
2481,0.83147,2.59785,97.6604,4.199219,,,,,,
2482,0.83147,2.5981,97.6696,4.199219,,,,,,
2483,0.82961,2.59834,97.6788,4.199219,,,,,,
2484,0.82775,2.59858,97.688,4.199219,,,,,,
2485,0.82775,2.59883,97.6972,4.199219,,,,,,
2486,0.82775,2.59907,97.7064,4.199219,,,,,,
2487,0.82589,2.59931,97.7152,4.199219,,,,,,
2488,0.82589,2.59952,97.7232,4.199219,,,,,,
2489,0.82403,2.59977,97.7323,4.199219,,,,,,
2490,0.82217,2.60001,97.7414,4.199219,,,,,,
2491,0.82217,2.60026,97.7509,4.199219,,,,,,
2492,0.82217,2.60047,97.7589,4.199219,,,,,,
2493,0.82031,2.60071,97.768,4.199219,,,,,,
2494,0.82031,2.60095,97.7771,4.199219,,,,,,
2495,0.81845,2.6012,97.7861,4.199219,,,,,,
2496,0.81845,2.60144,97.7952,4.199219,,,,,,
2497,0.81659,2.60168,97.8042,4.199219,,,,,,
2498,0.81659,2.6019,97.8127,4.199219,,,,,,
2499,0.81473,2.60215,97.8218,4.198909,,,,,,
2500,0.81473,2.60236,97.8298,4.199219,,,,,,
2501,0.81287,2.6026,97.8388,4.199219,,,,,,
2503,0.81287,2.60284,97.8478,4.198909,,,,,,
2504,0.81287,2.60309,97.8572,4.198909,,,,,,
2505,0.81101,2.60331,97.8655,4.198909,,,,,,
2506,0.80915,2.60355,97.8745,4.199219,,,,,,
2507,0.80915,2.60378,97.8834,4.198909,,,,,,
2508,0.80729,2.60402,97.8924,4.199219,,,,,,
2509,0.80729,2.60426,97.9013,4.199219,,,,,,
2510,0.80543,2.6045,97.9102,4.199219,,,,,,
2511,0.80357,2.60473,97.9192,4.199219,,,,,,
2512,0.80357,2.60496,97.9277,4.199219,,,,,,
2513,0.80357,2.60518,97.9359,4.199219,,,,,,
2514,0.80171,2.60545,97.9462,4.199219,,,,,,
2515,0.80171,2.60567,97.9545,4.199219,,,,,,
2516,0.80171,2.60591,97.9633,4.199219,,,,,,
2517,0.79985,2.60614,97.9722,4.198909,,,,,,
2518,0.79799,2.60638,97.981,4.199219,,,,,,
2519,0.79799,2.60662,97.9899,4.199219,,,,,,
2520,0.79613,2.60685,97.9987,4.199219,,,,,,
2521,0.79613,2.60708,98.0075,4.199219,,,,,,
2523,0.79427,2.60732,98.0163,4.199219,,,,,,
2524,0.79427,2.60755,98.0251,4.199219,,,,,,
2525,0.79241,2.60776,98.0328,4.199219,,,,,,
2526,0.79241,2.60799,98.0416,4.199219,,,,,,
2527,0.79055,2.60822,98.0504,4.199219,,,,,,
2528,0.79055,2.60846,98.0591,4.199219,,,,,,
2529,0.79055,2.60869,98.0679,4.199219,,,,,,
2530,0.78869,2.60892,98.0764,4.199219,,,,,,
2531,0.78683,2.60915,98.0852,4.199219,,,,,,
2532,0.78683,2.60938,98.0938,4.199219,,,,,,
2533,0.78683,2.60961,98.1026,4.199219,,,,,,
2534,0.78497,2.60984,98.1113,4.199219,,,,,,
2535,0.78497,2.61008,98.1199,4.199219,,,,,,
2536,0.78311,2.61031,98.1289,4.198909,,,,,,
2537,0.78311,2.61053,98.1371,4.199219,,,,,,
2538,0.78125,2.61073,98.1446,4.199219,,,,,,
2539,0.78125,2.61096,98.1533,4.199219,,,,,,
2540,0.77939,2.61119,98.1619,4.199219,,,,,,
2541,0.77939,2.61143,98.1709,4.199219,,,,,,
2542,0.77753,2.61165,98.1791,4.199219,,,,,,
2543,0.77753,2.61188,98.1877,4.199219,,,,,,
2544,0.77567,2.6121,98.196,4.199219,,,,,,
2545,0.77567,2.61233,98.2045,4.199219,,,,,,
2547,0.77381,2.61255,98.2131,4.199219,,,,,,
2548,0.77381,2.61278,98.2217,4.199219,,,,,,
2549,0.77195,2.61301,98.2302,4.199219,,,,,,
2550,0.77195,2.61324,98.2388,4.198909,,,,,,
2551,0.77009,2.61346,98.2473,4.199219,,,,,,
2552,0.77009,2.61369,98.2558,4.199219,,,,,,
2553,0.76823,2.6139,98.2638,4.198909,,,,,,
2554,0.76823,2.61414,98.2728,4.199219,,,,,,
2555,0.76637,2.61437,98.2813,4.199219,,,,,,
2556,0.76637,2.61459,98.2898,4.199219,,,,,,
2557,0.76451,2.61482,98.2983,4.198909,,,,,,
2558,0.76451,2.61504,98.3067,4.199219,,,,,,
2559,0.76265,2.61524,98.3141,4.199219,,,,,,
2560,0.76265,2.61546,98.3225,4.199219,,,,,,
2561,0.76079,2.61569,98.3312,4.199219,,,,,,
2562,0.76079,2.6159,98.3391,4.199219,,,,,,
2563,0.75893,2.61613,98.3475,4.199219,,,,,,
2564,0.75893,2.61635,98.3559,4.199219,,,,,,
2565,0.75707,2.61657,98.3643,4.199219,,,,,,
2567,0.75707,2.6168,98.3727,4.199219,,,,,,
2568,0.75521,2.61702,98.381,4.199219,,,,,,
2569,0.75521,2.61724,98.3894,4.199219,,,,,,
2570,0.75335,2.61747,98.3978,4.199219,,,,,,
2571,0.75335,2.61769,98.4061,4.199219,,,,,,
2572,0.75335,2.61791,98.4144,4.199219,,,,,,
2573,0.75149,2.61813,98.4228,4.198909,,,,,,
2574,0.75149,2.61835,98.4311,4.199219,,,,,,
2575,0.74963,2.61857,98.4394,4.199219,,,,,,
2576,0.74963,2.61878,98.4473,4.199219,,,,,,
2577,0.74777,2.619,98.4554,4.199219,,,,,,
2578,0.74777,2.61921,98.4633,4.199219,,,,,,
2579,0.74591,2.61943,98.4715,4.198909,,,,,,
2580,0.74591,2.61964,98.4794,4.198909,,,,,,
2581,0.74405,2.61986,98.4876,4.199219,,,,,,
2582,0.74405,2.62008,98.4959,4.198909,,,,,,
2583,0.74405,2.62029,98.5041,4.199219,,,,,,
2584,0.74219,2.62049,98.5115,4.199219,,,,,,
2585,0.74219,2.6207,98.5195,4.199219,,,,,,
2586,0.74033,2.62092,98.5277,4.199219,,,,,,
2587,0.74033,2.62114,98.5359,4.199219,,,,,,
2589,0.73847,2.62136,98.5441,4.199219,,,,,,
2590,0.73847,2.62158,98.5523,4.199219,,,,,,
2591,0.73661,2.62179,98.5604,4.199219,,,,,,
2592,0.73661,2.62201,98.5686,4.199219,,,,,,
2593,0.73475,2.62223,98.5768,4.199219,,,,,,
2594,0.73475,2.62244,98.5849,4.199219,,,,,,
2595,0.73289,2.62266,98.593,4.198909,,,,,,
2596,0.73289,2.62287,98.6011,4.198909,,,,,,
2597,0.73103,2.62309,98.6092,4.198909,,,,,,
2598,0.73103,2.62331,98.6173,4.199219,,,,,,
2599,0.73103,2.62352,98.6254,4.198909,,,,,,
2600,0.72917,2.62373,98.6334,4.199219,,,,,,
2601,0.72917,2.62394,98.641,4.198909,,,,,,
2602,0.72731,2.62415,98.649,4.199219,,,,,,
2603,0.72731,2.62436,98.6571,4.199219,,,,,,
2604,0.72731,2.62458,98.6651,4.199219,,,,,,
2605,0.72545,2.6248,98.6735,4.199219,,,,,,
2606,0.72545,2.625,98.6809,4.199219,,,,,,
2607,0.72359,2.62521,98.6889,4.199219,,,,,,
2608,0.72173,2.62542,98.697,4.199219,,,,,,
2610,0.72173,2.62564,98.7049,4.199219,,,,,,
2611,0.72173,2.62585,98.7129,4.199219,,,,,,
2612,0.72173,2.62606,98.7209,4.199219,,,,,,
2613,0.71987,2.62625,98.728,4.199219,,,,,,
2614,0.71801,2.62648,98.7366,4.199219,,,,,,
2615,0.71801,2.62667,98.7438,4.199219,,,,,,
2616,0.71615,2.62688,98.7517,4.199219,,,,,,
2617,0.71615,2.62709,98.7597,4.199219,,,,,,
2618,0.71429,2.6273,98.7676,4.199219,,,,,,
2619,0.71429,2.62751,98.7755,4.199219,,,,,,
2620,0.71429,2.62774,98.7839,4.199219,,,,,,
2621,0.71243,2.62794,98.7917,4.199219,,,,,,
2622,0.71243,2.62814,98.799,4.199219,,,,,,
2623,0.71057,2.62835,98.8069,4.199219,,,,,,
2624,0.71057,2.62856,98.8148,4.199219,,,,,,
2625,0.70871,2.62877,98.8225,4.199219,,,,,,
2626,0.70871,2.62895,98.8294,4.199219,,,,,,
2627,0.70685,2.62916,98.8373,4.199219,,,,,,
2628,0.70685,2.62937,98.8451,4.199219,,,,,,
2629,0.70685,2.62957,98.8528,4.199219,,,,,,
2630,0.70499,2.62978,98.8605,4.199219,,,,,,
2632,0.70313,2.62998,98.8683,4.199219,,,,,,
2633,0.70313,2.63019,98.8761,4.198909,,,,,,
2634,0.70313,2.6304,98.8839,4.199219,,,,,,
2635,0.70126,2.6306,98.8917,4.199219,,,,,,
2636,0.70126,2.63081,98.8994,4.198909,,,,,,
2637,0.6994,2.63102,98.9072,4.198909,,,,,,
2638,0.6994,2.63121,98.9143,4.198909,,,,,,
2639,0.69754,2.63141,98.9218,4.198909,,,,,,
2640,0.69754,2.63162,98.93,4.198909,,,,,,
2641,0.69754,2.6318,98.9368,4.198909,,,,,,
2642,0.69754,2.63201,98.9445,4.199219,,,,,,
2643,0.69382,2.63221,98.9522,4.199219,,,,,,
2644,0.69382,2.63241,98.9597,4.198909,,,,,,
2645,0.69382,2.63261,98.9672,4.199219,,,,,,
2646,0.69196,2.63282,98.9749,4.199219,,,,,,
2647,0.69196,2.63302,98.9825,4.199219,,,,,,
2648,0.69196,2.63322,98.9902,4.199219,,,,,,
2649,0.6901,2.63343,98.9978,4.199219,,,,,,
2650,0.6901,2.63363,99.0055,4.199219,,,,,,
2651,0.68824,2.63383,99.0131,4.199219,,,,,,
2652,0.68824,2.63402,99.0201,4.199219,,,,,,
2654,0.68638,2.63422,99.0277,4.199219,,,,,,
2655,0.68638,2.63443,99.0354,4.199219,,,,,,
2656,0.68452,2.63463,99.043,4.199219,,,,,,
2657,0.68452,2.63483,99.0506,4.199219,,,,,,
2658,0.68452,2.63503,99.0581,4.199219,,,,,,
2659,0.68266,2.63523,99.0656,4.199219,,,,,,
2660,0.68266,2.63541,99.0723,4.199219,,,,,,
2661,0.6808,2.63561,99.0798,4.199219,,,,,,
2662,0.6808,2.63581,99.0873,4.199219,,,,,,
2663,0.67894,2.63601,99.0949,4.199219,,,,,,
2664,0.67894,2.63621,99.1024,4.198909,,,,,,
2665,0.67894,2.63641,99.1099,4.198909,,,,,,
2666,0.67708,2.63661,99.1174,4.198909,,,,,,
2667,0.67708,2.6368,99.1248,4.198909,,,,,,
2668,0.67522,2.637,99.132,4.198909,,,,,,
2669,0.67522,2.6372,99.1395,4.198909,,,,,,
2670,0.67336,2.63739,99.1469,4.199219,,,,,,
2671,0.67336,2.63759,99.1544,4.199219,,,,,,
2672,0.6715,2.63781,99.1624,4.199219,,,,,,
2673,0.6715,2.63799,99.1692,4.199219,,,,,,
2674,0.6715,2.63818,99.1767,4.199219,,,,,,
2676,0.66964,2.63838,99.1841,4.199219,,,,,,
2677,0.66964,2.63858,99.1915,4.199219,,,,,,
2678,0.66778,2.63878,99.1989,4.199219,,,,,,
2679,0.66778,2.63897,99.2062,4.199219,,,,,,
2680,0.66778,2.63916,99.2132,4.199219,,,,,,
2681,0.66592,2.63934,99.2202,4.199219,,,,,,
2682,0.66592,2.63953,99.2271,4.199219,,,,,,
2683,0.66406,2.63972,99.2344,4.199219,,,,,,
2684,0.66406,2.63994,99.2427,4.199219,,,,,,
2685,0.6622,2.64013,99.2497,4.199219,,,,,,
2686,0.6622,2.6403,99.2561,4.199219,,,,,,
2687,0.6622,2.6405,99.2637,4.199219,,,,,,
2688,0.66034,2.6407,99.271,4.199219,,,,,,
2689,0.66034,2.64089,99.2783,4.199219,,,,,,
2690,0.66034,2.64108,99.2856,4.199219,,,,,,
2691,0.65848,2.64128,99.2929,4.199219,,,,,,
2692,0.65848,2.64146,99.2997,4.199219,,,,,,
2693,0.65848,2.64164,99.3067,4.199219,,,,,,
2694,0.65848,2.64184,99.314,4.199219,,,,,,
2695,0.65662,2.64203,99.3213,4.199219,,,,,,
2696,0.65662,2.64222,99.3285,4.199219,,,,,,
2698,0.65476,2.64242,99.3358,4.199219,,,,,,
2699,0.65476,2.64261,99.343,4.199219,,,,,,
2700,0.6529,2.6428,99.3503,4.199219,,,,,,
2701,0.6529,2.643,99.3575,4.199219,,,,,,
2702,0.65104,2.64319,99.3647,4.199219,,,,,,
2703,0.65104,2.64338,99.3719,4.199219,,,,,,
2704,0.64918,2.64356,99.3789,4.198909,,,,,,
2705,0.64918,2.64375,99.386,4.199219,,,,,,
2706,0.64918,2.64395,99.3933,4.199219,,,,,,
2707,0.64732,2.64414,99.4004,4.199219,,,,,,
2708,0.64732,2.64433,99.4076,4.199219,,,,,,
2709,0.64732,2.64452,99.4148,4.198909,,,,,,
2710,0.64546,2.64471,99.4219,4.199219,,,,,,
2711,0.6436,2.6449,99.429,4.199219,,,,,,
2712,0.6436,2.64509,99.4361,4.199219,,,,,,
2713,0.6436,2.64526,99.4426,4.199219,,,,,,
2714,0.64174,2.64545,99.4498,4.199219,,,,,,
2715,0.64174,2.64564,99.4569,4.199219,,,,,,
2716,0.63988,2.64583,99.464,4.198909,,,,,,
2718,0.63988,2.64602,99.471,4.199219,,,,,,
2719,0.63988,2.6462,99.4781,4.199219,,,,,,
2720,0.63802,2.64639,99.4852,4.198909,,,,,,
2721,0.63802,2.64658,99.4923,4.198909,,,,,,
2722,0.63616,2.64677,99.4993,4.199219,,,,,,
2723,0.63616,2.64696,99.5064,4.199219,,,,,,
2724,0.63616,2.64714,99.5134,4.198909,,,,,,
2725,0.63616,2.64733,99.5204,4.199219,,,,,,
2726,0.6343,2.64752,99.5275,4.198909,,,,,,
2727,0.6343,2.6477,99.5345,4.199219,,,,,,
2728,0.63244,2.64789,99.5417,4.198909,,,,,,
2729,0.63244,2.64808,99.5487,4.199219,,,,,,
2730,0.63058,2.64827,99.5556,4.199219,,,,,,
2731,0.63058,2.64845,99.5627,4.199219,,,,,,
2732,0.62872,2.64864,99.5696,4.199219,,,,,,
2733,0.62872,2.64882,99.5766,4.199219,,,,,,
2734,0.62686,2.64901,99.5835,4.199219,,,,,,
2735,0.62686,2.64919,99.5904,4.199219,,,,,,
2737,0.625,2.64937,99.5973,4.199219,,,,,,
2738,0.625,2.64956,99.6042,4.199219,,,,,,
2739,0.62314,2.64974,99.6111,4.199219,,,,,,
2740,0.62314,2.64993,99.6181,4.199219,,,,,,
2741,0.62314,2.65011,99.625,4.199219,,,,,,
2742,0.62128,2.65029,99.6319,4.199219,,,,,,
2743,0.62128,2.65045,99.6378,4.198909,,,,,,
2744,0.62128,2.65064,99.6448,4.199219,,,,,,
2745,0.61942,2.65081,99.6511,4.199219,,,,,,
2746,0.61942,2.65099,99.6578,4.199219,,,,,,
2747,0.61942,2.65117,99.6647,4.199219,,,,,,
2748,0.61756,2.65134,99.6712,4.199219,,,,,,
2749,0.61756,2.65152,99.6781,4.199219,,,,,,
2750,0.6157,2.6517,99.6849,4.199219,,,,,,
2751,0.6157,2.65188,99.6916,4.199219,,,,,,
2752,0.61384,2.65204,99.6976,4.199219,,,,,,
2753,0.61384,2.65221,99.7039,4.198909,,,,,,
2754,0.61384,2.65239,99.7106,4.198909,,,,,,
2755,0.61198,2.65257,99.7173,4.199219,,,,,,
2756,0.61198,2.65275,99.7241,4.199219,,,,,,
2757,0.61012,2.65293,99.7309,4.199219,,,,,,
2758,0.61012,2.65311,99.7376,4.198909,,,,,,
2759,0.61012,2.65326,99.7435,4.199219,,,,,,
2760,0.61012,2.65344,99.7503,4.199219,,,,,,
2761,0.60826,2.65362,99.757,4.199219,,,,,,
2762,0.60826,2.6538,99.7637,4.198909,,,,,,
2764,0.6064,2.65398,99.7705,4.198909,,,,,,
2765,0.6064,2.65416,99.7773,4.199219,,,,,,
2766,0.6064,2.65434,99.784,4.199219,,,,,,
2767,0.60454,2.65452,99.7907,4.198909,,,,,,
2768,0.60454,2.65468,99.7969,4.199219,,,,,,
2769,0.60268,2.65487,99.8038,4.198909,,,,,,
2770,0.60268,2.65505,99.8105,4.199219,,,,,,
2771,0.60082,2.65522,99.8172,4.199219,,,,,,
2772,0.60082,2.6554,99.8238,4.198909,,,,,,
2773,0.60082,2.65558,99.8305,4.199219,,,,,,
2774,0.59896,2.65575,99.8371,4.199219,,,,,,
2775,0.59896,2.65591,99.8428,4.198909,,,,,,
2776,0.59896,2.65609,99.8497,4.199219,,,,,,
2777,0.59896,2.65624,99.8555,4.199219,,,,,,
2778,0.5971,2.65642,99.8622,4.199219,,,,,,
2779,0.5971,2.6566,99.8688,4.199219,,,,,,
2780,0.59524,2.65677,99.8754,4.199219,,,,,,
2781,0.59524,2.65695,99.8819,4.199219,,,,,,
2782,0.59338,2.65712,99.8885,4.199219,,,,,,
2783,0.59338,2.6573,99.8951,4.199219,,,,,,
2784,0.59152,2.65747,99.9017,4.199219,,,,,,
2786,0.59152,2.65764,99.9082,4.199219,,,,,,
2787,0.59152,2.65782,99.9147,4.199219,,,,,,
2788,0.58966,2.65799,99.9212,4.199219,,,,,,
2789,0.5878,2.65816,99.9277,4.199219,,,,,,
2790,0.5878,2.65834,99.9342,4.199219,,,,,,
2791,0.5878,2.65851,99.9406,4.199219,,,,,,
2792,0.5878,2.65866,99.9465,4.199219,,,,,,
2793,0.5878,2.65884,99.953,4.199219,,,,,,
2794,0.58594,2.65901,99.9595,4.198909,,,,,,
2795,0.58594,2.65918,99.966,4.199219,,,,,,
2796,0.58408,2.65935,99.9721,4.199219,,,,,,
2797,0.58408,2.65951,99.9783,4.199219,,,,,,
2798,0.58408,2.65968,99.9847,4.198909,,,,,,
2799,0.58222,2.65985,99.9912,4.198909,,,,,,
2800,0.58222,2.66002,99.9976,4.199219,,,,,,
2800,0.58036,2.66009,100.0,4.198909,,,,,,
