测试时间/Sec,电流/A,容量/Ah,SOC|DOD/%,电压/V,Unnamed: 5,测试时间/Sec.1,电流/A.1,容量/Ah.1,SOC|DOD/%.1,电压/V.1
0.0,2.319383,0.0,0.0,3.247148,,4801,-1.449219,0.0,0.0,4.123303678391326
7.0,2.319383,0.00451,0.1651,3.247148,,4806,-1.449219,0.002013,0.074,4.120924146720306
8.0,2.319383,0.005154,0.1887,3.247148,,4807,-1.449219,0.002415,0.0889,4.118864420081603
9.0,2.319383,0.005798,0.2123,3.247148,,4808,-1.449219,0.002818,0.1037,4.116693279029478
10.0,2.319383,0.006443,0.2359,3.247148,,4809,-1.449219,0.00322,0.1185,4.1182529308393
11.0,2.319383,0.007087,0.2595,3.258619,,4810,-1.449219,0.003623,0.1333,4.131611094377624
12.0,2.319383,0.007731,0.2831,3.258619,,4811,-1.449219,0.004026,0.1481,4.109087125941361
13.0,2.319383,0.008376,0.3066,3.267919,,4812,-1.449219,0.004428,0.1629,4.106827623775963
14.0,2.319383,0.00902,0.3302,3.267919,,4813,-1.449033,0.004831,0.1777,4.098969620984686
15.0,2.319383,0.009664,0.3538,3.267919,,4814,-1.449033,0.005233,0.1925,4.109591807103586
16.0,2.319197,0.010308,0.3774,3.2766,,4815,-1.449033,0.005636,0.2073,4.1044269250874414
17.0,2.319197,0.010953,0.401,3.2766,,4816,-1.449033,0.006038,0.2221,4.088910895019913
18.0,2.319197,0.011597,0.4246,3.28528,,4817,-1.449219,0.006441,0.2369,4.133662435719503
19.0,2.319197,0.012241,0.4482,3.28528,,4818,-1.449219,0.006843,0.2517,4.101780045843581
20.0,2.319197,0.012885,0.4718,3.291791,,4819,-1.449405,0.007246,0.2666,4.113807948807408
21.0,2.319197,0.013529,0.4953,3.291791,,4820,-1.449405,0.007649,0.2814,4.124604430526003
22.0,2.319197,0.014174,0.5189,3.291791,,4821,-1.449405,0.008051,0.2962,4.107042953204439
23.0,2.319197,0.014818,0.5425,3.299851,,4822,-1.449405,0.008454,0.311,4.082496840456229
24.0,2.319197,0.015462,0.5661,3.299851,,4823,-1.449405,0.008856,0.3258,4.083956740164178
25.0,2.319197,0.016106,0.5897,3.306672,,4824,-1.449405,0.009259,0.3406,4.098519433422028
26.0,2.319197,0.016751,0.6133,3.306672,,4825,-1.449405,0.009662,0.3554,4.104944996034129
27.0,2.319383,0.017395,0.6369,3.312562,,4826,-1.449033,0.010064,0.3702,4.08578542022515
28.0,2.319383,0.018039,0.6604,3.312562,,4827,-1.449033,0.010467,0.385,4.082462767315814
29.0,2.31901,0.018683,0.684,3.319382,,4828,-1.449033,0.010869,0.3998,4.099275513478025
30.0,2.31901,0.019327,0.7076,3.319382,,4829,-1.449033,0.011272,0.4147,4.100901788923791
31.0,2.319197,0.019972,0.7312,3.326203,,4830,-1.449033,0.011674,0.4295,4.086709801554208
32.0,2.319197,0.020616,0.7548,3.326203,,4831,-1.449033,0.012077,0.4443,4.096726166250131
33.0,2.31901,0.02126,0.7784,3.331473,,4832,-1.449033,0.012479,0.4591,4.073714799128076
34.0,2.31901,0.021904,0.802,3.331473,,4833,-1.449033,0.012882,0.4739,4.106391043147841
35.0,2.31901,0.022548,0.8255,3.331473,,4834,-1.449405,0.013284,0.4887,4.0986980121080805
36.0,2.319197,0.023193,0.8491,3.337674,,4835,-1.449405,0.013687,0.5035,4.0894337342972955
37.0,2.319197,0.023837,0.8727,3.337674,,4836,-1.449405,0.01409,0.5183,4.088957763391497
38.0,2.319197,0.024481,0.8963,3.342324,,4837,-1.449033,0.014492,0.5331,4.0862579312248375
39.0,2.319197,0.025125,0.9199,3.342324,,4838,-1.449033,0.014895,0.5479,4.100320274639851
40.0,2.319383,0.02577,0.9435,3.347904,,4839,-1.449033,0.015297,0.5627,4.090327573200368
41.0,2.319383,0.026414,0.9671,3.347904,,4840,-1.449033,0.0157,0.5775,4.082129510414313
42.0,2.319197,0.027058,0.9906,3.347904,,4841,-1.449033,0.016102,0.5924,4.1002786434860266
43.0,2.319197,0.027702,1.0142,3.353175,,4842,-1.449033,0.016505,0.6072,4.092605615672477
44.0,2.319197,0.028346,1.0378,3.353175,,4843,-1.449033,0.016907,0.622,4.072879091961911
45.0,2.319197,0.028991,1.0614,3.358755,,4844,-1.449033,0.01731,0.6368,4.078752613388979
46.0,2.319197,0.029635,1.085,3.358755,,4845,-1.449033,0.017712,0.6516,4.082406275307072
47.0,2.319197,0.030279,1.1086,3.363405,,4846,-1.449033,0.018115,0.6664,4.084688478014274
48.0,2.319197,0.030923,1.1322,3.363405,,4847,-1.449405,0.018517,0.6812,4.088837130253244
49.0,2.319197,0.031568,1.1557,3.368676,,4848,-1.449405,0.01892,0.696,4.0916849878258725
50.0,2.319197,0.032212,1.1793,3.368676,,4849,-1.449405,0.019322,0.7108,4.082153972837913
51.0,2.319383,0.032856,1.2029,3.373636,,4850,-1.449405,0.019725,0.7256,4.073227336793391
52.0,2.319383,0.0335,1.2265,3.373636,,4851,-1.449405,0.020128,0.7404,4.090604508852724
53.0,2.319383,0.034145,1.2501,3.373636,,4852,-1.449405,0.02053,0.7553,4.079668963320557
54.0,2.319383,0.034789,1.2737,3.377046,,4853,-1.449405,0.020933,0.7701,4.081685381194068
55.0,2.319197,0.035433,1.2973,3.377046,,4854,-1.449405,0.021336,0.7849,4.077268272190534
56.0,2.319197,0.036077,1.3209,3.382627,,4855,-1.449405,0.021738,0.7997,4.066383380062681
57.0,2.319197,0.036722,1.3444,3.382627,,4856,-1.449219,0.022141,0.8145,4.0893279547425205
58.0,2.319197,0.037366,1.368,3.385727,,4857,-1.449219,0.022543,0.8293,4.069780501532813
59.0,2.319197,0.03801,1.3916,3.385727,,4858,-1.449219,0.022946,0.8441,4.073647014173855
60.0,2.319197,0.038654,1.4152,3.390377,,4859,-1.449219,0.023348,0.8589,4.073829397759184
61.0,2.319197,0.039298,1.4388,3.390377,,4860,-1.449219,0.023751,0.8737,4.07972598971762
62.0,2.319383,0.039943,1.4624,3.394097,,4861,-1.449219,0.024153,0.8885,4.079993418481067
63.0,2.319383,0.040587,1.486,3.394097,,4862,-1.449219,0.024556,0.9034,4.073500267798273
64.0,2.319383,0.041231,1.5096,3.394097,,4863,-1.449219,0.024959,0.9182,4.061409565891
65.0,2.319383,0.041876,1.5331,3.399368,,4864,-1.449219,0.025361,0.933,4.085158390772991
66.0,2.319383,0.04252,1.5567,3.399368,,4865,-1.449219,0.025764,0.9478,4.070583608691832
67.0,2.319197,0.043164,1.5803,3.402778,,4866,-1.449219,0.026166,0.9626,4.049292039349756
68.0,2.319197,0.043808,1.6039,3.402778,,4867,-1.449219,0.026569,0.9774,4.064292028987872
69.0,2.319197,0.044452,1.6275,3.405878,,4868,-1.449219,0.026971,0.9922,4.074884952235869
70.0,2.319197,0.045097,1.6511,3.405878,,4869,-1.449405,0.027374,1.007,4.069257705788227
71.0,2.31901,0.045741,1.6747,3.408978,,4870,-1.449405,0.027777,1.0218,4.08048205756645
72.0,2.31901,0.046385,1.6982,3.408978,,4871,-1.449591,0.028179,1.0366,4.085001711899876
73.0,2.31901,0.047029,1.7218,3.408978,,4872,-1.449591,0.028582,1.0515,4.059224624042871
74.0,2.31901,0.047673,1.7454,3.413629,,4873,-1.449591,0.028985,1.0663,4.063840121187822
75.0,2.31901,0.048318,1.769,3.413629,,4874,-1.449591,0.029387,1.0811,4.073564685965964
76.0,2.319383,0.048962,1.7926,3.417039,,4875,-1.449405,0.02979,1.0959,4.0591505312219125
77.0,2.319383,0.049606,1.8162,3.417039,,4876,-1.449405,0.030193,1.1107,4.056032207046358
78.0,2.319383,0.05025,1.8398,3.419829,,4877,-1.449405,0.030595,1.1255,4.067550139017056
79.0,2.319383,0.050895,1.8633,3.419829,,4878,-1.449405,0.030998,1.1403,4.073583515077981
80.0,2.319197,0.051539,1.8869,3.424169,,4879,-1.449405,0.0314,1.1551,4.077507005971057
81.0,2.319197,0.052183,1.9105,3.424169,,4880,-1.449405,0.031803,1.17,4.056908131290361
82.0,2.319197,0.052827,1.9341,3.424169,,4881,-1.449405,0.032206,1.1848,4.072731235726509
83.0,2.319197,0.053472,1.9577,3.427889,,4882,-1.449405,0.032608,1.1996,4.072212374014811
84.0,2.319197,0.054116,1.9813,3.427889,,4883,-1.449405,0.033011,1.2144,4.043475838353143
85.0,2.319197,0.05476,2.0049,3.430059,,4884,-1.449033,0.033413,1.2292,4.076518825876482
86.0,2.319197,0.055404,2.0285,3.430059,,4885,-1.449033,0.033816,1.244,4.068268429971193
87.0,2.319197,0.056048,2.052,3.43502,,4886,-1.449033,0.034218,1.2588,4.076648146959216
88.0,2.319197,0.056693,2.0756,3.43502,,4887,-1.449033,0.034621,1.2736,4.060104719015796
89.0,2.319197,0.057337,2.0992,3.43595,,4888,-1.449033,0.035023,1.2884,4.060451043976153
90.0,2.319197,0.057981,2.1228,3.43595,,4889,-1.449033,0.035426,1.3032,4.063156117196779
91.0,2.319197,0.058625,2.1464,3.43595,,4890,-1.449033,0.035828,1.318,4.060148569265885
92.0,2.319197,0.059269,2.17,3.43905,,4891,-1.449033,0.036231,1.3328,4.064053283274601
93.0,2.319197,0.059914,2.1936,3.43905,,4892,-1.449033,0.036633,1.3477,4.056642776160662
94.0,2.319197,0.060558,2.2171,3.44339,,4893,-1.449033,0.037036,1.3625,4.0746108528121345
95.0,2.319197,0.061202,2.2407,3.44339,,4894,-1.449033,0.037438,1.3773,4.0621999481834195
96.0,2.31901,0.061846,2.2643,3.444941,,4895,-1.449033,0.037841,1.3921,4.053522056653298
97.0,2.31901,0.06249,2.2879,3.444941,,4896,-1.449033,0.038243,1.4069,4.0648677760808365
98.0,2.31901,0.063135,2.3115,3.449591,,4897,-1.449405,0.038646,1.4217,4.063460645113901
99.0,2.31901,0.063779,2.3351,3.449591,,4898,-1.449405,0.039049,1.4365,4.063799531402633
100.0,2.31901,0.064423,2.3586,3.451761,,4899,-1.449405,0.039451,1.4513,4.073236724710565
101.0,2.31901,0.065067,2.3822,3.451761,,4900,-1.449405,0.039854,1.4661,4.07175593537875
102.0,2.31901,0.065711,2.4058,3.451761,,4901,-1.449405,0.040256,1.4809,4.057573289742567
103.0,2.31901,0.066356,2.4294,3.454861,,4902,-1.449219,0.040659,1.4957,4.06312764035533
104.0,2.31901,0.067,2.453,3.457341,,4903,-1.449219,0.041062,1.5106,4.044517101075062
105.0,2.31901,0.067644,2.4766,3.457341,,4904,-1.449219,0.041464,1.5254,4.055847954745509
106.0,2.31901,0.068288,2.5002,3.457341,,4905,-1.449219,0.041867,1.5402,4.06315215830399
107.0,2.31901,0.068932,2.5237,3.460131,,4906,-1.449405,0.042269,1.555,4.048489261580764
108.0,2.31901,0.069576,2.5473,3.460131,,4907,-1.449405,0.042672,1.5698,4.055139024650464
109.0,2.319383,0.070221,2.5709,3.462612,,4908,-1.449405,0.043075,1.5846,4.05433758365246
110.0,2.319383,0.070865,2.5945,3.462612,,4909,-1.449405,0.043477,1.5994,4.0679451698072455
111.0,2.319383,0.071509,2.6181,3.462612,,4910,-1.449405,0.04388,1.6142,4.056916864494804
112.0,2.319383,0.072153,2.6417,3.466022,,4911,-1.449219,0.044282,1.629,4.0585455214749775
113.0,2.319383,0.072798,2.6653,3.466022,,4912,-1.449219,0.044685,1.6439,4.059935523069066
114.0,2.319383,0.073442,2.6889,3.467882,,4913,-1.449405,0.045088,1.6587,4.051270630460573
115.0,2.319383,0.074086,2.7124,3.467882,,4914,-1.449405,0.04549,1.6735,4.064359980289812
116.0,2.319383,0.074731,2.736,3.470362,,4915,-1.449405,0.045893,1.6883,4.046042069401614
117.0,2.319383,0.075375,2.7596,3.470362,,4916,-1.449405,0.046295,1.7031,4.058038804263171
118.0,2.319383,0.076019,2.7832,3.470362,,4917,-1.449405,0.046698,1.7179,4.062467989517113
119.0,2.319383,0.076663,2.8068,3.472842,,4918,-1.449405,0.047101,1.7327,4.022877298372071
120.0,2.319383,0.077308,2.8304,3.472842,,4919,-1.449219,0.047503,1.7475,4.072152009726016
121.0,2.319383,0.077952,2.854,3.475632,,4920,-1.449219,0.047906,1.7623,4.055112093943211
122.0,2.319383,0.078596,2.8776,3.478423,,4921,-1.449219,0.048308,1.7771,4.05313334061357
123.0,2.319383,0.07924,2.9011,3.478423,,4922,-1.449219,0.048711,1.792,4.045711596881092
124.0,2.319383,0.079885,2.9247,3.478423,,4923,-1.449405,0.049113,1.8068,4.051604883298882
125.0,2.319197,0.080529,2.9483,3.480593,,4924,-1.449405,0.049516,1.8216,4.0423381540809356
126.0,2.319197,0.081173,2.9719,3.480593,,4925,-1.449405,0.049919,1.8364,4.045887043007333
127.0,2.319197,0.081817,2.9955,3.480593,,4926,-1.449219,0.050321,1.8512,4.055273668799514
128.0,2.319197,0.082462,3.0191,3.483383,,4927,-1.449219,0.050724,1.866,4.062419904818064
129.0,2.319197,0.083106,3.0427,3.483383,,4928,-1.449219,0.051126,1.8808,4.042829879620956
130.0,2.319197,0.08375,3.0662,3.485553,,4929,-1.449219,0.051529,1.8956,4.0450017387295665
131.0,2.319197,0.084394,3.0898,3.485553,,4930,-1.449033,0.051931,1.9104,4.047618086430399
132.0,2.319197,0.085038,3.1134,3.487103,,4931,-1.449033,0.052334,1.9252,4.018972665702528
133.0,2.319197,0.085683,3.137,3.487103,,4932,-1.449219,0.052736,1.94,4.032968377556483
134.0,2.319197,0.086327,3.1606,3.489273,,4933,-1.449219,0.053139,1.9549,4.038803742082989
135.0,2.319197,0.086971,3.1842,3.489273,,4934,-1.449405,0.053542,1.9697,4.049199231176385
136.0,2.319197,0.087615,3.2078,3.491443,,4935,-1.449405,0.053944,1.9845,4.0687823524246225
137.0,2.319197,0.08826,3.2314,3.491443,,4936,-1.449405,0.054347,1.9993,4.049390109678023
138.0,2.319197,0.088904,3.2549,3.491443,,4937,-1.449405,0.05475,2.0141,4.056121267750105
139.0,2.31901,0.089548,3.2785,3.494854,,4938,-1.449405,0.055152,2.0289,4.042715699379231
140.0,2.31901,0.090192,3.3021,3.494854,,4939,-1.449405,0.055555,2.0437,4.048495109831374
141.0,2.31901,0.090836,3.3257,3.495474,,4940,-1.449405,0.055957,2.0585,4.041992342192142
142.0,2.31901,0.091481,3.3493,3.495474,,4941,-1.449405,0.05636,2.0733,4.048062649766809
143.0,2.31901,0.092125,3.3729,3.497334,,4942,-1.449405,0.056763,2.0882,4.047397537691902
144.0,2.31901,0.092769,3.3964,3.497334,,4943,-1.449405,0.057165,2.103,4.033167137782862
145.0,2.31901,0.093413,3.42,3.500434,,4944,-1.449405,0.057568,2.1178,4.055371247486159
146.0,2.31901,0.094057,3.4436,3.500434,,4945,-1.449219,0.05797,2.1326,4.032703530976147
147.0,2.31901,0.094701,3.4672,3.500434,,4946,-1.449219,0.058373,2.1474,4.0758970888641
148.0,2.31901,0.095346,3.4908,3.501364,,4947,-1.449219,0.058775,2.1622,4.043003403164247
149.0,2.31901,0.09599,3.5144,3.501364,,4948,-1.449219,0.059178,2.177,4.049304826315477
150.0,2.31901,0.096634,3.5379,3.503224,,4949,-1.449405,0.059581,2.1918,4.03590566166064
151.0,2.31901,0.097278,3.5615,3.503224,,4950,-1.449405,0.059983,2.2066,4.044301956392697
152.0,2.319197,0.097922,3.5851,3.506014,,4951,-1.449405,0.060386,2.2215,4.03808768067138
153.0,2.319197,0.098566,3.6087,3.506014,,4952,-1.449591,0.060789,2.2363,4.055697764306676
154.0,2.319197,0.099211,3.6323,3.506014,,4953,-1.449591,0.061191,2.2511,4.048870315070075
155.0,2.319197,0.099855,3.6559,3.507254,,4954,-1.449591,0.061594,2.2659,4.029857315409885
156.0,2.319197,0.100499,3.6795,3.508184,,4955,-1.449591,0.061997,2.2807,4.049292706793475
157.0,2.319197,0.101143,3.703,3.508184,,4956,-1.449219,0.062399,2.2955,4.028045737527061
158.0,2.319197,0.101788,3.7266,3.508184,,4957,-1.449219,0.062802,2.3103,4.0516426896916995
159.0,2.31901,0.102432,3.7502,3.510665,,4958,-1.449219,0.063204,2.3251,4.038972608798059
160.0,2.31901,0.103076,3.7738,3.510665,,4959,-1.449219,0.063607,2.3399,4.045292698898765
161.0,2.319197,0.10372,3.7974,3.512215,,4960,-1.449219,0.064009,2.3548,4.036312793284151
162.0,2.319197,0.104364,3.821,3.512215,,4961,-1.449219,0.064412,2.3696,4.0357814131496506
163.0,2.31901,0.105009,3.8446,3.513455,,4962,-1.449219,0.064814,2.3844,4.021148116240441
164.0,2.31901,0.105653,3.8681,3.513455,,4963,-1.449405,0.065217,2.3992,4.056239846398975
165.0,2.319197,0.106297,3.8917,3.514075,,4964,-1.449405,0.06562,2.414,4.033945863997574
166.0,2.319197,0.106941,3.9153,3.514075,,4965,-1.449405,0.066022,2.4288,4.0526480267088365
167.0,2.319197,0.107585,3.9389,3.514075,,4966,-1.449405,0.066425,2.4436,4.033825126640429
168.0,2.319197,0.10823,3.9625,3.516245,,4967,-1.449405,0.066828,2.4584,4.0440213983590265
169.0,2.319197,0.108874,3.9861,3.516245,,4968,-1.449405,0.06723,2.4732,4.040640876686543
170.0,2.319197,0.109518,4.0097,3.517175,,4969,-1.449405,0.067633,2.488,4.056038853613056
171.0,2.319197,0.110162,4.0332,3.517175,,4970,-1.449405,0.068035,2.5029,4.029135782738952
172.0,2.31901,0.110806,4.0568,3.518105,,4971,-1.449405,0.068438,2.5177,4.0583682764885145
173.0,2.31901,0.111451,4.0804,3.518105,,4972,-1.449405,0.068841,2.5325,4.036962687640265
174.0,2.31901,0.112095,4.104,3.518105,,4973,-1.449405,0.069243,2.5473,4.047004805711965
175.0,2.31901,0.112739,4.1276,3.519965,,4974,-1.449405,0.069646,2.5621,4.034563883412564
176.0,2.31901,0.113383,4.1512,3.519965,,4975,-1.449405,0.070048,2.5769,4.05390662055647
177.0,2.31901,0.114027,4.1748,3.520585,,4976,-1.449405,0.070451,2.5917,4.042626425834583
178.0,2.31901,0.114671,4.1983,3.520585,,4977,-1.449405,0.070854,2.6065,4.027442407323871
179.0,2.318825,0.115316,4.2219,3.522135,,4978,-1.449405,0.071256,2.6213,4.025328202321027
180.0,2.318825,0.11596,4.2455,3.522135,,4979,-1.449405,0.071659,2.6362,4.022982233872191
181.0,2.318825,0.116604,4.2691,3.522135,,4980,-1.449219,0.072061,2.651,4.040969953962442
182.0,2.318825,0.117248,4.2927,3.522135,,4981,-1.449219,0.072464,2.6658,4.037154545024973
183.0,2.31901,0.117892,4.3163,3.522755,,4982,-1.449219,0.072867,2.6806,4.03094198043172
184.0,2.31901,0.118536,4.3398,3.522755,,4983,-1.449219,0.073269,2.6954,4.035508154253259
185.0,2.31901,0.11918,4.3634,3.524306,,4984,-1.449219,0.073672,2.7102,4.031471940166956
186.0,2.31901,0.119825,4.387,3.524306,,4985,-1.449219,0.074074,2.725,4.03452021121919
187.0,2.31901,0.120469,4.4106,3.524306,,4986,-1.449219,0.074477,2.7398,4.057065027860871
188.0,2.319197,0.121113,4.4342,3.524926,,4987,-1.449219,0.074879,2.7546,4.052127624372203
189.0,2.319197,0.121757,4.4578,3.524926,,4988,-1.449591,0.075282,2.7694,4.018359274383378
190.0,2.31901,0.122401,4.4813,3.526476,,4989,-1.449591,0.075685,2.7843,4.041137069309227
191.0,2.31901,0.123046,4.5049,3.526476,,4990,-1.449591,0.076087,2.7991,4.042532183663807
192.0,2.31901,0.12369,4.5285,3.526786,,4991,-1.449591,0.07649,2.8139,4.025547728084277
193.0,2.31901,0.124334,4.5521,3.526786,,4992,-1.449405,0.076893,2.8287,4.026498877087581
194.0,2.31901,0.124978,4.5757,3.527406,,4993,-1.449405,0.077295,2.8435,4.033774545122681
195.0,2.31901,0.125622,4.5993,3.527406,,4994,-1.449405,0.077698,2.8583,4.045530506650024
196.0,2.319197,0.126266,4.6229,3.527406,,4995,-1.449405,0.0781,2.8731,4.025948829604727
197.0,2.319197,0.126911,4.6464,3.528646,,4996,-1.449405,0.078503,2.8879,4.053758558630546
198.0,2.319197,0.127555,4.67,3.528646,,4997,-1.449405,0.078906,2.9028,4.024429191822134
199.0,2.319197,0.128199,4.6936,3.529576,,4998,-1.449405,0.079308,2.9176,4.028144380209511
200.0,2.319197,0.128843,4.7172,3.529576,,4999,-1.449405,0.079711,2.9324,4.035495792424483
201.0,2.31901,0.129487,4.7408,3.529886,,5000,-1.449405,0.080114,2.9472,4.022145072484361
202.0,2.31901,0.130132,4.7644,3.529886,,5001,-1.449219,0.080516,2.962,4.03654913777837
203.0,2.31901,0.130776,4.788,3.529886,,5002,-1.449219,0.080919,2.9768,4.032608055726573
204.0,2.31901,0.13142,4.8115,3.531126,,5003,-1.449405,0.081321,2.9916,4.044041269430104
205.0,2.319197,0.132064,4.8351,3.531126,,5004,-1.449219,0.081724,3.0064,4.035793820820761
206.0,2.319197,0.132708,4.8587,3.531746,,5005,-1.449219,0.082126,3.0212,4.036329601887124
207.0,2.319197,0.133353,4.8823,3.531746,,5006,-1.449405,0.082529,3.036,4.033177079665871
208.0,2.319197,0.133997,4.9059,3.532056,,5007,-1.449405,0.082932,3.0509,4.050345667466222
209.0,2.319197,0.134641,4.9295,3.532056,,5008,-1.449405,0.083334,3.0657,4.040120122854974
210.0,2.319197,0.135285,4.9531,3.532056,,5009,-1.449405,0.083737,3.0805,4.034174648554105
211.0,2.319197,0.13593,4.9766,3.532056,,5010,-1.449405,0.084139,3.0953,4.039800047841279
212.0,2.31901,0.136574,5.0002,3.532676,,5011,-1.449405,0.084542,3.1101,4.018096729646059
213.0,2.31901,0.137218,5.0238,3.532676,,5012,-1.449405,0.084945,3.1249,4.036963993799167
214.0,2.31901,0.137862,5.0474,3.532676,,5013,-1.449405,0.085347,3.1397,4.027506199623678
215.0,2.31901,0.138506,5.071,3.532986,,5014,-1.449405,0.08575,3.1545,4.030608857507781
216.0,2.31901,0.13915,5.0946,3.532986,,5015,-1.449405,0.086153,3.1693,4.020283411793989
217.0,2.319197,0.139795,5.1181,3.533606,,5016,-1.449591,0.086555,3.1842,4.036711128271163
218.0,2.319197,0.140439,5.1417,3.533606,,5017,-1.449591,0.086958,3.199,4.028565331550546
219.0,2.319197,0.141083,5.1653,3.535156,,5018,-1.449405,0.08736,3.2138,4.047184489851846
220.0,2.319197,0.141727,5.1889,3.535156,,5019,-1.449405,0.087763,3.2286,4.015632662831431
221.0,2.319197,0.142372,5.2125,3.535776,,5020,-1.449405,0.088166,3.2434,4.037982777438276
222.0,2.319197,0.143016,5.2361,3.535776,,5021,-1.449219,0.088568,3.2582,4.03720181493588
223.0,2.31901,0.14366,5.2597,3.535776,,5022,-1.449219,0.088971,3.273,4.02282039821946
224.0,2.31901,0.144304,5.2832,3.536086,,5023,-1.449219,0.089373,3.2878,4.04080909644054
225.0,2.318825,0.144948,5.3068,3.536086,,5024,-1.449219,0.089776,3.3026,4.04352574422488
226.0,2.318825,0.145592,5.3304,3.537326,,5025,-1.449033,0.090178,3.3174,4.0139810440335735
227.0,2.318825,0.146236,5.354,3.537326,,5026,-1.449033,0.090581,3.3323,4.046404889785995
228.0,2.318825,0.146881,5.3776,3.537637,,5027,-1.449033,0.090983,3.3471,4.03536196629847
229.0,2.318825,0.147525,5.4012,3.537637,,5028,-1.449033,0.091386,3.3619,4.027536324060278
230.0,2.318825,0.148169,5.4247,3.537946,,5029,-1.449033,0.091788,3.3767,4.023437957525541
231.0,2.318825,0.148813,5.4483,3.537946,,5030,-1.449033,0.092191,3.3915,4.03886308635608
232.0,2.31901,0.149457,5.4719,3.538256,,5031,-1.449405,0.092594,3.4063,4.029308277849014
233.0,2.31901,0.150101,5.4955,3.538256,,5032,-1.449405,0.092996,3.4211,4.031548820805713
234.0,2.319383,0.150746,5.5191,3.538256,,5033,-1.449591,0.093399,3.4359,4.044918163598564
235.0,2.319383,0.15139,5.5427,3.538566,,5034,-1.449405,0.093801,3.4507,4.02720512533145
236.0,2.319383,0.152034,5.5663,3.538566,,5035,-1.449405,0.094204,3.4655,4.0384688219870775
237.0,2.319383,0.152678,5.5898,3.538566,,5036,-1.449405,0.094607,3.4804,4.048349800113933
238.0,2.319383,0.153323,5.6134,3.538566,,5037,-1.449405,0.095009,3.4952,4.026493121878417
239.0,2.319197,0.153967,5.637,3.539186,,5038,-1.449405,0.095412,3.51,4.027480977331301
240.0,2.319197,0.154611,5.6606,3.539186,,5039,-1.449405,0.095815,3.5248,4.025729526493594
241.0,2.319197,0.155255,5.6842,3.539496,,5040,-1.449405,0.096217,3.5396,4.024702474057782
242.0,2.319197,0.155899,5.7078,3.539496,,5041,-1.449405,0.09662,3.5544,4.027973599359606
243.0,2.319197,0.156544,5.7314,3.539496,,5042,-1.449405,0.097022,3.5692,4.014075558402014
244.0,2.319197,0.157188,5.7549,3.539496,,5043,-1.449405,0.097425,3.584,4.018683251109681
245.0,2.319197,0.157832,5.7785,3.539496,,5044,-1.449405,0.097828,3.5988,4.0459751994249045
246.0,2.319197,0.158476,5.8021,3.539807,,5045,-1.449405,0.09823,3.6137,4.021851328234446
247.0,2.319197,0.159121,5.8257,3.539807,,5046,-1.449219,0.098633,3.6285,4.037446767633688
248.0,2.319197,0.159765,5.8493,3.540426,,5047,-1.449219,0.099035,3.6433,4.022657966047447
249.0,2.319197,0.160409,5.8729,3.540426,,5048,-1.449219,0.099438,3.6581,4.021372016494338
250.0,2.31901,0.161053,5.8965,3.541047,,5049,-1.449219,0.09984,3.6729,4.034174884687258
251.0,2.31901,0.161697,5.92,3.541047,,5050,-1.449219,0.100243,3.6877,4.025827717998049
252.0,2.318825,0.162341,5.9436,3.541047,,5051,-1.449219,0.100646,3.7025,4.033245443752163
253.0,2.318825,0.162986,5.9672,3.541667,,5052,-1.449219,0.101048,3.7173,4.014950125597939
254.0,2.318825,0.16363,5.9908,3.541667,,5053,-1.449405,0.101451,3.7321,4.020662638403296
255.0,2.318825,0.164274,6.0144,3.542287,,5054,-1.449405,0.101853,3.7469,4.036361493560266
256.0,2.318825,0.164918,6.038,3.542287,,5055,-1.449405,0.102256,3.7618,4.01878380180453
257.0,2.31901,0.165562,6.0615,3.542287,,5056,-1.449405,0.102659,3.7766,4.010925941605189
258.0,2.31901,0.166206,6.0851,3.542287,,5057,-1.449405,0.103061,3.7914,4.026099346733165
259.0,2.319197,0.166851,6.1087,3.542597,,5058,-1.449405,0.103464,3.8062,4.017559864318059
260.0,2.319197,0.167495,6.1323,3.542597,,5059,-1.449219,0.103866,3.821,4.037997089248707
261.0,2.319197,0.168139,6.1559,3.542597,,5060,-1.449219,0.104269,3.8358,4.0461077812479855
262.0,2.319197,0.168783,6.1795,3.542597,,5061,-1.449219,0.104671,3.8506,4.034351178505626
263.0,2.319197,0.169427,6.2031,3.543217,,5062,-1.449219,0.105074,3.8654,4.0197979988055135
264.0,2.319197,0.170072,6.2266,3.543217,,5063,-1.449219,0.105477,3.8802,4.0373721164044145
265.0,2.319197,0.170716,6.2502,3.543217,,5064,-1.449033,0.105879,3.895,4.029663465730203
266.0,2.319197,0.17136,6.2738,3.543837,,5065,-1.449033,0.106282,3.9098,4.037732920855026
267.0,2.319197,0.172004,6.2974,3.543837,,5066,-1.449405,0.106684,3.9247,4.025722317079583
268.0,2.31901,0.172648,6.321,3.544457,,5067,-1.449405,0.107087,3.9395,4.029648724327109
269.0,2.31901,0.173293,6.3446,3.544457,,5068,-1.449405,0.107489,3.9543,4.0215568570177735
270.0,2.31901,0.173937,6.3682,3.545387,,5069,-1.449405,0.107892,3.9691,4.034407911711028
271.0,2.31901,0.174581,6.3917,3.545387,,5070,-1.449405,0.108295,3.9839,4.024404292414955
272.0,2.31901,0.175225,6.4153,3.545387,,5071,-1.449405,0.108697,3.9987,4.010359702001366
273.0,2.31901,0.175869,6.4389,3.546007,,5072,-1.449405,0.1091,4.0135,4.019046974982819
274.0,2.319383,0.176514,6.4625,3.546007,,5073,-1.449219,0.109502,4.0283,4.021329143436659
275.0,2.319383,0.177158,6.4861,3.546937,,5074,-1.449219,0.109905,4.0431,4.0360287754504265
276.0,2.319383,0.177802,6.5097,3.546937,,5075,-1.449591,0.110308,4.058,4.030528232535225
277.0,2.319197,0.178446,6.5333,3.547247,,5076,-1.449591,0.11071,4.0728,4.020791866414894
278.0,2.319197,0.179091,6.5568,3.547247,,5077,-1.449405,0.111113,4.0876,4.026095012518422
279.0,2.319197,0.179735,6.5804,3.547867,,5078,-1.449405,0.111516,4.1024,4.029470978061561
280.0,2.319197,0.180379,6.604,3.547867,,5079,-1.449405,0.111918,4.1172,4.030340772790207
281.0,2.31901,0.181023,6.6276,3.547867,,5080,-1.449405,0.112321,4.132,4.03536277780156
282.0,2.31901,0.181667,6.6512,3.547867,,5081,-1.449219,0.112723,4.1468,4.036382222397893
283.0,2.31901,0.182312,6.6748,3.547867,,5082,-1.449219,0.113126,4.1616,4.0214388443728
284.0,2.31901,0.182956,6.6984,3.547867,,5083,-1.449219,0.113528,4.1764,4.043972472569284
285.0,2.31901,0.1836,6.7219,3.547867,,5084,-1.449219,0.113931,4.1913,4.015358649858046
286.0,2.31901,0.184244,6.7455,3.548487,,5085,-1.449219,0.114334,4.2061,4.025419823085099
287.0,2.31901,0.184888,6.7691,3.548487,,5086,-1.449405,0.114736,4.2209,4.019850324667962
288.0,2.31901,0.185532,6.7927,3.548797,,5087,-1.449405,0.115139,4.2357,4.039734654325416
289.0,2.31901,0.186177,6.8163,3.548797,,5088,-1.449405,0.115541,4.2505,4.031604844963424
290.0,2.319197,0.186821,6.8399,3.549417,,5089,-1.449405,0.115944,4.2653,4.025219371510659
291.0,2.319197,0.187465,6.8634,3.549417,,5090,-1.449405,0.116347,4.2801,4.015069387035205
292.0,2.319197,0.188109,6.887,3.549417,,5091,-1.449405,0.116749,4.2949,4.0157627761199794
293.0,2.319197,0.188753,6.9106,3.549417,,5092,-1.449219,0.117152,4.3097,4.043591412570979
294.0,2.319197,0.189398,6.9342,3.549417,,5093,-1.449219,0.117554,4.3245,4.021943655106419
295.0,2.319197,0.190042,6.9578,3.549727,,5094,-1.449033,0.117957,4.3394,4.045455990670439
296.0,2.319197,0.190686,6.9814,3.549727,,5095,-1.449033,0.118359,4.3542,4.036931650300892
297.0,2.319197,0.19133,7.005,3.550657,,5096,-1.449033,0.118762,4.369,4.016371405791589
298.0,2.319197,0.191975,7.0286,3.550657,,5097,-1.449033,0.119164,4.3838,4.039294684346566
299.0,2.319197,0.192619,7.0521,3.550657,,5098,-1.449033,0.119567,4.3986,4.020629177780785
300.0,2.319197,0.193263,7.0757,3.550657,,5099,-1.449033,0.119969,4.4134,4.018917709522249
301.0,2.319197,0.193907,7.0993,3.550657,,5100,-1.449033,0.120372,4.4282,4.005113053597345
302.0,2.319197,0.194551,7.1229,3.552207,,5101,-1.449219,0.120775,4.443,4.021638503202444
303.0,2.319197,0.195196,7.1465,3.552207,,5102,-1.449219,0.121177,4.4578,4.02227751226754
304.0,2.319197,0.19584,7.1701,3.552827,,5103,-1.449219,0.12158,4.4726,4.0155152405592265
305.0,2.319197,0.196484,7.1937,3.552827,,5104,-1.449219,0.121982,4.4874,4.016615465082412
306.0,2.319197,0.197128,7.2172,3.552827,,5105,-1.449219,0.122385,4.5022,4.020959455173712
307.0,2.319197,0.197773,7.2408,3.552827,,5106,-1.449219,0.122787,4.5171,4.0080350674581675
308.0,2.31901,0.198417,7.2644,3.553757,,5107,-1.449219,0.12319,4.5319,4.019999906341821
309.0,2.31901,0.199061,7.288,3.553757,,5108,-1.449219,0.123592,4.5467,4.020187277506395
310.0,2.31901,0.199705,7.3116,3.553757,,5109,-1.449219,0.123995,4.5615,4.043299934698825
311.0,2.31901,0.200349,7.3352,3.553757,,5110,-1.449219,0.124398,4.5763,4.030919003887531
312.0,2.31901,0.200993,7.3587,3.553757,,5111,-1.449591,0.1248,4.5911,4.022814065073421
313.0,2.31901,0.201638,7.3823,3.554067,,5112,-1.449591,0.125203,4.6059,4.010544517906081
314.0,2.31901,0.202282,7.4059,3.554067,,5113,-1.449591,0.125606,4.6207,4.001590352245198
315.0,2.31901,0.202926,7.4295,3.554378,,5114,-1.449405,0.126008,4.6355,3.998347738388985
316.0,2.31901,0.20357,7.4531,3.554378,,5115,-1.449405,0.126411,4.6504,4.021992935678154
317.0,2.319197,0.204214,7.4767,3.554378,,5116,-1.449405,0.126813,4.6652,4.0200561097438765
318.0,2.319197,0.204858,7.5003,3.554378,,5117,-1.449405,0.127216,4.68,4.013729838747652
319.0,2.319197,0.205503,7.5238,3.555928,,5118,-1.449405,0.127619,4.6948,4.035975972242649
320.0,2.319197,0.206147,7.5474,3.555928,,5119,-1.449405,0.128021,4.7096,4.028912256533847
321.0,2.31901,0.206791,7.571,3.555928,,5120,-1.449219,0.128424,4.7244,4.036676260220817
322.0,2.31901,0.207435,7.5946,3.555928,,5121,-1.449219,0.128826,4.7392,4.01918474741558
323.0,2.31901,0.208079,7.6182,3.555928,,5122,-1.449405,0.129229,4.754,4.007923579283232
324.0,2.31901,0.208724,7.6418,3.556548,,5123,-1.449405,0.129632,4.7688,4.036323490018776
325.0,2.31901,0.209368,7.6653,3.556548,,5124,-1.449405,0.130034,4.7836,4.014564857838007
326.0,2.31901,0.210012,7.6889,3.556858,,5125,-1.449405,0.130437,4.7985,4.012463212483512
327.0,2.31901,0.210656,7.7125,3.556858,,5126,-1.449405,0.130839,4.8133,4.0230816533788625
328.0,2.31901,0.2113,7.7361,3.557168,,5127,-1.449405,0.131242,4.8281,4.0199766843259335
329.0,2.31901,0.211944,7.7597,3.557168,,5128,-1.449405,0.131645,4.8429,3.999301212091527
330.0,2.31901,0.212589,7.7833,3.557168,,5129,-1.449219,0.132047,4.8577,4.012653875370204
331.0,2.31901,0.213233,7.8069,3.557788,,5130,-1.449219,0.13245,4.8725,4.033298484311077
332.0,2.31901,0.213877,7.8304,3.557788,,5131,-1.449219,0.132852,4.8873,4.030789442420694
333.0,2.31901,0.214521,7.854,3.558718,,5132,-1.449219,0.133255,4.9021,4.03797876430233
334.0,2.31901,0.215165,7.8776,3.558718,,5133,-1.449219,0.133657,4.9169,4.01211595550887
335.0,2.31901,0.215809,7.9012,3.558718,,5134,-1.449219,0.13406,4.9317,4.020103722748821
336.0,2.31901,0.216454,7.9248,3.558718,,5135,-1.449219,0.134463,4.9466,4.021950760315835
337.0,2.31901,0.217098,7.9484,3.559338,,5136,-1.449219,0.134865,4.9614,4.0187128085256
338.0,2.31901,0.217742,7.9719,3.559338,,5137,-1.449219,0.135268,4.9762,4.019764694792987
339.0,2.319197,0.218386,7.9955,3.559338,,5138,-1.449591,0.13567,4.991,4.027305552702049
340.0,2.319197,0.21903,8.0191,3.559338,,5139,-1.449591,0.136073,5.0058,4.033421261340651
341.0,2.319197,0.219675,8.0427,3.559338,,5140,-1.449219,0.136476,5.0206,4.0129735140640515
342.0,2.319197,0.220319,8.0663,3.559338,,5141,-1.449219,0.136878,5.0354,4.016570451032841
343.0,2.319197,0.220963,8.0899,3.559338,,5142,-1.449219,0.137281,5.0502,4.006395437101365
344.0,2.31901,0.221607,8.1135,3.559648,,5143,-1.449219,0.137683,5.065,4.029582670215788
345.0,2.31901,0.222251,8.137,3.559648,,5144,-1.449219,0.138086,5.0798,4.005324026923363
346.0,2.31901,0.222896,8.1606,3.560268,,5145,-1.449219,0.138488,5.0947,4.006462846025013
347.0,2.31901,0.22354,8.1842,3.560268,,5146,-1.449405,0.138891,5.1095,3.999873294765987
348.0,2.319197,0.224184,8.2078,3.560268,,5147,-1.449405,0.139294,5.1243,4.012226808731156
349.0,2.319197,0.224828,8.2314,3.560888,,5148,-1.449405,0.139696,5.1391,3.998045368046992
350.0,2.319197,0.225472,8.255,3.560888,,5149,-1.449405,0.140099,5.1539,4.018514345516127
351.0,2.319197,0.226117,8.2786,3.560888,,5150,-1.449405,0.140501,5.1687,4.010099374586733
352.0,2.319197,0.226761,8.3021,3.560888,,5151,-1.449405,0.140904,5.1835,4.01442764750418
353.0,2.31901,0.227405,8.3257,3.563058,,5152,-1.449405,0.141307,5.1983,4.000377732965272
354.0,2.31901,0.228049,8.3493,3.563058,,5153,-1.449405,0.141709,5.2131,4.026693496050362
355.0,2.31901,0.228693,8.3729,3.563368,,5154,-1.449405,0.142112,5.228,4.0372255136542945
356.0,2.31901,0.229338,8.3965,3.563368,,5155,-1.449405,0.142515,5.2428,4.0110270005718105
357.0,2.31901,0.229982,8.4201,3.563368,,5156,-1.449405,0.142917,5.2576,4.013791260626097
358.0,2.31901,0.230626,8.4436,3.563368,,5157,-1.449219,0.14332,5.2724,4.025090834288153
359.0,2.31901,0.23127,8.4672,3.563368,,5158,-1.449405,0.143722,5.2872,4.030710567215043
360.0,2.319197,0.231914,8.4908,3.563988,,5159,-1.449405,0.144125,5.302,4.018280256363501
361.0,2.319197,0.232559,8.5144,3.563988,,5160,-1.449405,0.144528,5.3168,4.001237646239182
362.0,2.319197,0.233203,8.538,3.564298,,5161,-1.449405,0.14493,5.3316,4.01973327179641
363.0,2.319197,0.233847,8.5616,3.564298,,5162,-1.449405,0.145333,5.3464,4.020935268999699
364.0,2.319197,0.234491,8.5852,3.564608,,5163,-1.449405,0.145735,5.3613,4.0212254997543
365.0,2.319197,0.235135,8.6088,3.564608,,5164,-1.449405,0.146138,5.3761,4.0105399514988544
366.0,2.31901,0.23578,8.6323,3.564608,,5165,-1.449405,0.146541,5.3909,3.9991613142442994
367.0,2.31901,0.236424,8.6559,3.565228,,5166,-1.449405,0.146943,5.4057,4.006450393662223
368.0,2.31901,0.237068,8.6795,3.565228,,5167,-1.449405,0.147346,5.4205,4.024699777511297
369.0,2.31901,0.237712,8.7031,3.565538,,5168,-1.449591,0.147748,5.4353,4.029785647879238
370.0,2.31901,0.238356,8.7267,3.565538,,5169,-1.449591,0.148151,5.4501,4.023364321215828
371.0,2.318825,0.239,8.7503,3.566158,,5170,-1.449591,0.148554,5.4649,4.005893375042737
372.0,2.318825,0.239644,8.7738,3.566158,,5171,-1.449591,0.148956,5.4798,4.010000162983807
373.0,2.318825,0.240289,8.7974,3.566158,,5172,-1.449591,0.149359,5.4946,4.015363408190524
374.0,2.318825,0.240933,8.821,3.566158,,5173,-1.449405,0.149762,5.5094,4.006739854150984
375.0,2.31901,0.241577,8.8446,3.566158,,5174,-1.449405,0.150164,5.5242,4.017058423615808
376.0,2.31901,0.242221,8.8682,3.567088,,5175,-1.449405,0.150567,5.539,4.016454006382166
377.0,2.31901,0.242865,8.8918,3.567088,,5176,-1.449405,0.15097,5.5538,4.016795751424974
378.0,2.31901,0.243509,8.9153,3.567088,,5177,-1.449405,0.151372,5.5686,4.006662444288758
379.0,2.31901,0.244154,8.9389,3.567088,,5178,-1.449405,0.151775,5.5834,4.01266874268973
380.0,2.31901,0.244798,8.9625,3.567088,,5179,-1.449405,0.152177,5.5982,4.006236660212392
381.0,2.31901,0.245442,8.9861,3.567088,,5180,-1.449405,0.15258,5.6131,4.02051471784268
382.0,2.31901,0.246086,9.0097,3.567708,,5181,-1.449405,0.152983,5.6279,4.014710034221342
383.0,2.31901,0.24673,9.0333,3.567708,,5182,-1.449405,0.153385,5.6427,4.0286444402628865
384.0,2.31901,0.247374,9.0568,3.568949,,5183,-1.449405,0.153788,5.6575,4.010984004534899
385.0,2.31901,0.248019,9.0804,3.568949,,5184,-1.449405,0.15419,5.6723,4.027789175651094
386.0,2.31901,0.248663,9.104,3.568949,,5185,-1.449405,0.154593,5.6871,4.010077206383789
387.0,2.31901,0.249307,9.1276,3.569258,,5186,-1.449405,0.154996,5.7019,4.018834939364422
388.0,2.31901,0.249951,9.1512,3.569258,,5187,-1.449405,0.155398,5.7167,4.012666395335861
389.0,2.31901,0.250595,9.1748,3.569879,,5188,-1.449219,0.155801,5.7315,4.021756111631113
390.0,2.31901,0.251239,9.1983,3.569879,,5189,-1.449219,0.156203,5.7464,4.017772991469089
391.0,2.319197,0.251884,9.2219,3.569879,,5190,-1.449219,0.156606,5.7612,4.010181513365638
392.0,2.319197,0.252528,9.2455,3.569879,,5191,-1.449219,0.157009,5.776,4.033397649097964
393.0,2.319383,0.253172,9.2691,3.569879,,5192,-1.449219,0.157411,5.7908,4.018951087545358
394.0,2.319383,0.253816,9.2927,3.570498,,5193,-1.449219,0.157814,5.8056,4.0156528052582745
395.0,2.319383,0.254461,9.3163,3.570498,,5194,-1.449219,0.158216,5.8204,3.9967657967234937
396.0,2.319197,0.255105,9.3399,3.571738,,5195,-1.449405,0.158619,5.8352,4.012783528699158
397.0,2.319197,0.255749,9.3635,3.571738,,5196,-1.449405,0.159021,5.85,3.9906960812650634
398.0,2.319383,0.256393,9.387,3.572049,,5197,-1.449405,0.159424,5.8648,4.01500867645915
399.0,2.319383,0.257038,9.4106,3.572049,,5198,-1.449405,0.159827,5.8796,4.01802617267284
400.0,2.31901,0.257682,9.4342,3.572049,,5199,-1.449405,0.160229,5.8945,4.0136711301679915
401.0,2.31901,0.258326,9.4578,3.572049,,5200,-1.449405,0.160632,5.9093,4.020689462784779
402.0,2.319383,0.25897,9.4814,3.572979,,5201,-1.449405,0.161035,5.9241,4.008090125025717
403.0,2.319383,0.259615,9.505,3.572979,,5202,-1.449405,0.161437,5.9389,4.010762897637735
404.0,2.319197,0.260259,9.5286,3.572979,,5203,-1.449219,0.16184,5.9537,4.020744751905647
405.0,2.319197,0.260903,9.5522,3.572979,,5204,-1.449219,0.162242,5.9685,4.01729650055327
406.0,2.319197,0.261547,9.5757,3.572979,,5205,-1.449219,0.162645,5.9833,3.997507428372954
407.0,2.319197,0.262191,9.5993,3.572979,,5206,-1.449219,0.163047,5.9981,4.013961453295055
408.0,2.319197,0.262836,9.6229,3.572979,,5207,-1.449219,0.16345,6.0129,4.004311831062634
409.0,2.319197,0.26348,9.6465,3.573289,,5208,-1.449591,0.163853,6.0277,3.991670446492227
410.0,2.319197,0.264124,9.6701,3.573289,,5209,-1.449591,0.164255,6.0426,4.00601397127513
411.0,2.319197,0.264768,9.6937,3.573909,,5210,-1.449591,0.164658,6.0574,4.006587258763878
412.0,2.319197,0.265413,9.7173,3.573909,,5211,-1.449591,0.165061,6.0722,4.000839728841819
413.0,2.319383,0.266057,9.7408,3.573909,,5212,-1.449405,0.165463,6.087,4.0055485811652405
414.0,2.319383,0.266701,9.7644,3.573909,,5213,-1.449405,0.165866,6.1018,3.999718520622983
415.0,2.319383,0.267345,9.788,3.574529,,5214,-1.449033,0.166268,6.1166,4.012262901097556
416.0,2.319383,0.26799,9.8116,3.574529,,5215,-1.449033,0.166671,6.1314,3.996428114894153
417.0,2.319383,0.268634,9.8352,3.574529,,5216,-1.449033,0.167073,6.1462,4.0009190969389685
418.0,2.31901,0.269278,9.8588,3.575149,,5217,-1.449033,0.167476,6.161,4.021705660838525
419.0,2.31901,0.269922,9.8824,3.575149,,5218,-1.449219,0.167878,6.1758,4.021646440927073
420.0,2.31901,0.270566,9.9059,3.575459,,5219,-1.449219,0.168281,6.1907,4.018387531697969
421.0,2.31901,0.271211,9.9295,3.575459,,5220,-1.449219,0.168684,6.2055,4.008280289602808
422.0,2.31901,0.271855,9.9531,3.576389,,5221,-1.449219,0.169086,6.2203,4.002924608513501
423.0,2.31901,0.272499,9.9767,3.576389,,5222,-1.449219,0.169489,6.2351,4.015516056050312
424.0,2.319197,0.273143,10.0003,3.577629,,5223,-1.449219,0.169891,6.2499,3.9956428705655074
425.0,2.319197,0.273787,10.0239,3.577629,,5224,-1.449219,0.170294,6.2647,4.014421191537973
426.0,2.319197,0.274432,10.0475,3.577939,,5225,-1.449405,0.170696,6.2795,4.0127887996713465
427.0,2.319197,0.275076,10.071,3.577939,,5226,-1.449405,0.171099,6.2943,4.005524602368846
428.0,2.319197,0.27572,10.0946,3.577939,,5227,-1.449405,0.171502,6.3091,4.014722747149841
429.0,2.319197,0.276364,10.1182,3.578249,,5228,-1.449405,0.171904,6.3239,4.017739242642233
430.0,2.319197,0.277008,10.1418,3.578249,,5229,-1.449405,0.172307,6.3388,4.023149170542207
431.0,2.31901,0.277653,10.1654,3.578869,,5230,-1.449405,0.172709,6.3536,4.002301466575954
432.0,2.31901,0.278297,10.189,3.578869,,5231,-1.449405,0.173112,6.3684,4.007406189628153
433.0,2.31901,0.278941,10.2126,3.579179,,5232,-1.449405,0.173515,6.3832,4.027288237620177
434.0,2.31901,0.279585,10.2361,3.579179,,5233,-1.449405,0.173917,6.398,3.999282015096418
435.0,2.31901,0.280229,10.2597,3.580419,,5234,-1.449405,0.17432,6.4128,4.012370997010749
436.0,2.31901,0.280874,10.2833,3.580419,,5235,-1.449405,0.174723,6.4276,3.98961707580884
437.0,2.31901,0.281518,10.3069,3.581039,,5236,-1.449591,0.175125,6.4424,4.005644387486623
438.0,2.31901,0.282162,10.3305,3.581039,,5237,-1.449591,0.175528,6.4572,4.010297218816686
439.0,2.31901,0.282806,10.3541,3.581039,,5238,-1.449405,0.17593,6.4721,3.9952463044856374
440.0,2.319383,0.28345,10.3776,3.581349,,5239,-1.449405,0.176333,6.4869,4.0028634412983
441.0,2.319383,0.284095,10.4012,3.581349,,5240,-1.449405,0.176736,6.5017,3.993248108352902
442.0,2.319383,0.284739,10.4248,3.581659,,5241,-1.449405,0.177138,6.5165,4.005758910098039
443.0,2.319383,0.285383,10.4484,3.581659,,5242,-1.449405,0.177541,6.5313,4.0008518935174076
444.0,2.318825,0.286027,10.472,3.581659,,5243,-1.449405,0.177944,6.5461,4.002055125334059
445.0,2.318825,0.286671,10.4956,3.581659,,5244,-1.449405,0.178346,6.5609,3.9953555914841
446.0,2.318825,0.287315,10.5192,3.581659,,5245,-1.449033,0.178749,6.5757,3.9970014467728876
447.0,2.318825,0.28796,10.5427,3.582589,,5246,-1.449033,0.179151,6.5905,3.992209893844448
448.0,2.318825,0.288604,10.5663,3.582589,,5247,-1.449033,0.179554,6.6054,4.006930144621198
449.0,2.31901,0.289248,10.5899,3.582589,,5248,-1.449033,0.179956,6.6202,4.021392786584018
450.0,2.31901,0.289892,10.6135,3.582589,,5249,-1.449405,0.180359,6.635,4.005623019284792
451.0,2.31901,0.290536,10.6371,3.582589,,5250,-1.449405,0.180761,6.6498,4.019932247331493
452.0,2.31901,0.29118,10.6607,3.582589,,5251,-1.449405,0.181164,6.6646,4.0043975448762845
453.0,2.31901,0.291825,10.6842,3.583829,,5252,-1.449405,0.181567,6.6794,3.989465148424069
454.0,2.31901,0.292469,10.7078,3.583829,,5253,-1.449591,0.181969,6.6942,4.004884105431807
455.0,2.31901,0.293113,10.7314,3.583829,,5254,-1.449591,0.182372,6.709,4.015974381606543
456.0,2.31901,0.293757,10.755,3.584139,,5255,-1.449405,0.182775,6.7238,4.013730631476054
457.0,2.31901,0.294401,10.7786,3.584139,,5256,-1.449405,0.183177,6.7387,3.9912353737576103
458.0,2.31901,0.295045,10.8022,3.584759,,5257,-1.449405,0.18358,6.7535,4.013421635203273
459.0,2.31901,0.29569,10.8258,3.584759,,5258,-1.449219,0.183982,6.7683,3.997228660588603
460.0,2.319197,0.296334,10.8493,3.585069,,5259,-1.449219,0.184385,6.7831,3.9994419579667944
461.0,2.319197,0.296978,10.8729,3.585069,,5260,-1.449405,0.184788,6.7979,4.005464507151355
462.0,2.319197,0.297622,10.8965,3.586309,,5261,-1.449405,0.18519,6.8127,4.012042237938203
463.0,2.319197,0.298266,10.9201,3.586309,,5262,-1.449591,0.185593,6.8275,4.021706137988291
464.0,2.319197,0.298911,10.9437,3.586309,,5263,-1.449591,0.185995,6.8423,4.003716186380017
465.0,2.319197,0.299555,10.9673,3.58662,,5264,-1.449591,0.186398,6.8571,3.992058699314476
466.0,2.31901,0.300199,10.9909,3.58662,,5265,-1.449591,0.186801,6.872,4.00122301258461
467.0,2.31901,0.300843,11.0144,3.58693,,5266,-1.449405,0.187203,6.8868,3.9934895420840406
468.0,2.31901,0.301487,11.038,3.58693,,5267,-1.449405,0.187606,6.9016,3.9952197488741614
469.0,2.31901,0.302132,11.0616,3.58724,,5268,-1.449405,0.188009,6.9164,4.0227521938172215
470.0,2.31901,0.302776,11.0852,3.58724,,5269,-1.449405,0.188411,6.9312,4.011703527717999
471.0,2.31901,0.30342,11.1088,3.58817,,5270,-1.449405,0.188814,6.946,3.99245155480085
472.0,2.31901,0.304064,11.1324,3.58817,,5271,-1.449405,0.189216,6.9608,4.000395126626571
473.0,2.31901,0.304708,11.1559,3.58848,,5272,-1.449405,0.189619,6.9756,4.014779464338545
474.0,2.31901,0.305352,11.1795,3.58848,,5273,-1.449405,0.190022,6.9904,3.9769995164694913
475.0,2.31901,0.305997,11.2031,3.58848,,5274,-1.449219,0.190424,7.0053,4.0048070856517715
476.0,2.31901,0.306641,11.2267,3.58848,,5275,-1.449405,0.190827,7.0201,4.016810590253357
477.0,2.31901,0.307285,11.2503,3.58848,,5276,-1.449405,0.19123,7.0349,4.003586216269948
478.0,2.31901,0.307929,11.2739,3.58972,,5277,-1.449219,0.191632,7.0497,3.9950388235944407
479.0,2.31901,0.308573,11.2975,3.58972,,5278,-1.449219,0.192035,7.0645,3.9889013396312407
480.0,2.31901,0.309217,11.321,3.58972,,5279,-1.449405,0.192437,7.0793,4.012465618484823
481.0,2.31901,0.309862,11.3446,3.58972,,5280,-1.449405,0.19284,7.0941,4.010545212486195
482.0,2.319197,0.310506,11.3682,3.59003,,5281,-1.449405,0.193242,7.1089,3.9941201364570573
483.0,2.319197,0.31115,11.3918,3.59003,,5282,-1.449405,0.193645,7.1237,3.9868624436029707
484.0,2.319197,0.311794,11.4154,3.59065,,5283,-1.449405,0.194048,7.1385,3.9980923639156347
485.0,2.319197,0.312438,11.439,3.59065,,5284,-1.449405,0.19445,7.1534,3.989672927140954
486.0,2.319197,0.313083,11.4625,3.59065,,5285,-1.449405,0.194853,7.1682,3.9994288446425537
487.0,2.319197,0.313727,11.4861,3.59189,,5286,-1.449405,0.195256,7.183,4.004567648439521
488.0,2.319197,0.314371,11.5097,3.59189,,5287,-1.449405,0.195658,7.1978,4.0146650244963045
489.0,2.31901,0.315015,11.5333,3.5922,,5288,-1.449405,0.196061,7.2126,4.014355648922981
490.0,2.31901,0.315659,11.5569,3.5922,,5289,-1.449405,0.196463,7.2274,4.000138015375964
491.0,2.31901,0.316304,11.5805,3.59251,,5290,-1.449219,0.196866,7.2422,4.013549679589661
492.0,2.31901,0.316948,11.6041,3.59251,,5291,-1.449219,0.197268,7.257,3.999818747865863
493.0,2.31901,0.317592,11.6276,3.59251,,5292,-1.449033,0.197671,7.2718,4.012635543231652
494.0,2.31901,0.318236,11.6512,3.59251,,5293,-1.449033,0.198074,7.2866,3.9923532238710924
495.0,2.31901,0.31888,11.6748,3.59251,,5294,-1.449033,0.198476,7.3015,4.008975640994316
496.0,2.31901,0.319524,11.6984,3.59344,,5295,-1.449033,0.198879,7.3163,4.013722135648005
497.0,2.31901,0.320169,11.722,3.59344,,5296,-1.449219,0.199281,7.3311,4.0130152567213475
498.0,2.31901,0.320813,11.7456,3.59344,,5297,-1.449219,0.199684,7.3459,4.005552315122618
499.0,2.31901,0.321457,11.7691,3.59344,,5298,-1.449219,0.200086,7.3607,4.0172159801177285
500.0,2.31901,0.322101,11.7927,3.59437,,5299,-1.449219,0.200489,7.3755,3.994900188121591
501.0,2.31901,0.322745,11.8163,3.59437,,5300,-1.449405,0.200891,7.3903,4.006129974814602
502.0,2.31901,0.32339,11.8399,3.59561,,5301,-1.449219,0.201294,7.4051,3.9815167286770508
503.0,2.31901,0.324034,11.8635,3.59561,,5302,-1.449219,0.201697,7.4199,4.00841761503353
504.0,2.31901,0.324678,11.8871,3.59654,,5303,-1.449219,0.202099,7.4347,3.9939967595834927
505.0,2.31901,0.325322,11.9107,3.59654,,5304,-1.449219,0.202502,7.4495,4.001451814425162
506.0,2.31901,0.325966,11.9342,3.59654,,5305,-1.449219,0.202904,7.4644,3.992250657597067
507.0,2.318825,0.32661,11.9578,3.59654,,5306,-1.449219,0.203307,7.4792,3.9945568623242287
508.0,2.318825,0.327254,11.9814,3.59654,,5307,-1.449219,0.203709,7.494,4.0064248665138305
509.0,2.31901,0.327899,12.005,3.59716,,5308,-1.449219,0.204112,7.5088,3.991208295710149
510.0,2.31901,0.328543,12.0286,3.59716,,5309,-1.449591,0.204515,7.5236,4.007136363264405
511.0,2.31901,0.329187,12.0522,3.59716,,5310,-1.449591,0.204917,7.5384,3.9965388163117246
512.0,2.31901,0.329831,12.0757,3.59716,,5311,-1.449219,0.20532,7.5532,3.991510321549088
513.0,2.31901,0.330475,12.0993,3.59716,,5312,-1.448847,0.205722,7.568,4.003942777491565
514.0,2.31901,0.331119,12.1229,3.59716,,5313,-1.448847,0.206125,7.5828,3.9897213298749814
515.0,2.31901,0.331764,12.1465,3.59716,,5314,-1.448847,0.206527,7.5976,4.011554484991954
516.0,2.319197,0.332408,12.1701,3.59809,,5315,-1.448847,0.20693,7.6124,4.007675081284566
517.0,2.319197,0.333052,12.1937,3.59809,,5316,-1.449405,0.207332,7.6273,3.977357532961177
518.0,2.31901,0.333696,12.2172,3.59809,,5317,-1.449405,0.207735,7.6421,4.005776607411949
519.0,2.31901,0.33434,12.2408,3.59809,,5318,-1.449591,0.208137,7.6569,4.014763379420654
520.0,2.31901,0.334985,12.2644,3.59902,,5319,-1.449591,0.20854,7.6717,3.9911437166605888
521.0,2.31901,0.335629,12.288,3.59902,,5320,-1.449591,0.208943,7.6865,3.9802038457508657
522.0,2.31901,0.336273,12.3116,3.59933,,5321,-1.449405,0.209345,7.7013,3.9975233790151856
523.0,2.31901,0.336917,12.3352,3.59933,,5322,-1.449405,0.209748,7.7161,3.971669988142794
524.0,2.31901,0.337561,12.3588,3.59964,,5323,-1.449405,0.210151,7.7309,3.99951545416251
525.0,2.31901,0.338205,12.3823,3.59964,,5324,-1.449405,0.210553,7.7457,4.001159706862552
526.0,2.31901,0.33885,12.4059,3.59964,,5325,-1.449591,0.210956,7.7606,3.979930825976205
527.0,2.31901,0.339494,12.4295,3.60026,,5326,-1.449591,0.211359,7.7754,4.000043278562404
528.0,2.31901,0.340138,12.4531,3.60026,,5327,-1.449591,0.211761,7.7902,3.987276362684044
529.0,2.31901,0.340782,12.4767,3.60088,,5328,-1.449591,0.212164,7.805,3.986333815108317
530.0,2.31901,0.341426,12.5003,3.60088,,5329,-1.449405,0.212567,7.8198,3.986463009485145
531.0,2.31901,0.34207,12.5238,3.601501,,5330,-1.449405,0.212969,7.8346,3.9866673661164165
532.0,2.31901,0.342715,12.5474,3.601501,,5331,-1.449219,0.213372,7.8494,4.003068664394537
533.0,2.319197,0.343359,12.571,3.601501,,5332,-1.449219,0.213774,7.8642,4.005862028142706
534.0,2.319197,0.344003,12.5946,3.601501,,5333,-1.449219,0.214177,7.8791,3.9943931623540716
535.0,2.319197,0.344647,12.6182,3.601501,,5334,-1.449219,0.214579,7.8939,4.0023850408535715
536.0,2.319197,0.345291,12.6418,3.60181,,5335,-1.449405,0.214982,7.9087,4.006719330529343
537.0,2.319197,0.345936,12.6654,3.60181,,5336,-1.449405,0.215385,7.9235,4.002643061737504
538.0,2.31901,0.34658,12.6889,3.602121,,5337,-1.449405,0.215787,7.9383,3.9829738778115598
539.0,2.31901,0.347224,12.7125,3.602121,,5338,-1.449405,0.21619,7.9531,3.992711874395298
540.0,2.31901,0.347868,12.7361,3.603051,,5339,-1.449405,0.216592,7.9679,3.994488069082852
541.0,2.31901,0.348512,12.7597,3.603051,,5340,-1.449405,0.216995,7.9827,3.993934181386343
542.0,2.31901,0.349157,12.7833,3.603051,,5341,-1.449405,0.217398,7.9975,3.991107152461068
543.0,2.31901,0.349801,12.8069,3.604291,,5342,-1.449405,0.2178,8.0124,3.992766196346994
544.0,2.31901,0.350445,12.8305,3.604291,,5343,-1.449405,0.218203,8.0272,3.9840741152301633
545.0,2.31901,0.351089,12.854,3.605221,,5344,-1.449405,0.218606,8.042,3.9664509372937506
546.0,2.31901,0.351733,12.8776,3.605221,,5345,-1.449405,0.219008,8.0568,4.002855956563745
547.0,2.31901,0.352377,12.9012,3.605221,,5346,-1.449405,0.219411,8.0716,3.9860742858690164
548.0,2.31901,0.353022,12.9248,3.605221,,5347,-1.449219,0.219813,8.0864,3.995326998259216
549.0,2.319197,0.353666,12.9484,3.605221,,5348,-1.449219,0.220216,8.1012,4.0170380795324885
550.0,2.319197,0.35431,12.972,3.605221,,5349,-1.449219,0.220618,8.116,4.006416857755302
551.0,2.319197,0.354954,12.9955,3.605221,,5350,-1.449219,0.221021,8.1308,4.000982158890207
552.0,2.319197,0.355598,13.0191,3.606151,,5351,-1.449219,0.221424,8.1456,4.003217269657417
553.0,2.319383,0.356243,13.0427,3.606461,,5352,-1.449219,0.221826,8.1604,3.9906963096898096
554.0,2.319383,0.356887,13.0663,3.606461,,5353,-1.449219,0.222229,8.1753,4.004394014989015
555.0,2.319383,0.357531,13.0899,3.606461,,5354,-1.449219,0.222631,8.1901,3.9958182590232987
556.0,2.319197,0.358176,13.1135,3.606461,,5355,-1.449405,0.223034,8.2049,3.9933928407212513
557.0,2.319197,0.35882,13.1371,3.606461,,5356,-1.449405,0.223436,8.2197,3.9975393079043626
558.0,2.31901,0.359464,13.1607,3.607391,,5357,-1.449405,0.223839,8.2345,3.9737737512123643
559.0,2.31901,0.360108,13.1842,3.607391,,5358,-1.449405,0.224242,8.2493,3.9858786255095153
560.0,2.31901,0.360752,13.2078,3.607701,,5359,-1.449405,0.224644,8.2641,3.9957252811764654
561.0,2.31901,0.361396,13.2314,3.607701,,5360,-1.449405,0.225047,8.2789,3.9812585564750194
562.0,2.31901,0.362041,13.255,3.607701,,5361,-1.449405,0.225449,8.2937,3.994961305516413
563.0,2.31901,0.362685,13.2786,3.608321,,5362,-1.449405,0.225852,8.3086,3.991344697976352
564.0,2.31901,0.363329,13.3022,3.608321,,5363,-1.449405,0.226255,8.3234,3.994486357715866
565.0,2.31901,0.363973,13.3257,3.608941,,5364,-1.449405,0.226657,8.3382,4.006395180116126
566.0,2.31901,0.364617,13.3493,3.608941,,5365,-1.449405,0.22706,8.353,3.986630473004121
567.0,2.31901,0.365261,13.3729,3.608941,,5366,-1.449405,0.227463,8.3678,3.988954621433664
568.0,2.31901,0.365906,13.3965,3.608941,,5367,-1.449405,0.227865,8.3826,3.9881582754168026
569.0,2.31901,0.36655,13.4201,3.609871,,5368,-1.449219,0.228268,8.3974,4.00571575955649
570.0,2.31901,0.367194,13.4437,3.609871,,5369,-1.449219,0.22867,8.4122,3.9987593978178544
571.0,2.31901,0.367838,13.4672,3.609871,,5370,-1.449219,0.229073,8.427,3.985351004242437
572.0,2.31901,0.368482,13.4908,3.610491,,5371,-1.449219,0.229475,8.4419,3.983560512819262
573.0,2.31901,0.369126,13.5144,3.610491,,5372,-1.449219,0.229878,8.4567,3.9953278654075555
574.0,2.31901,0.369771,13.538,3.611111,,5373,-1.449405,0.230281,8.4715,3.9872870442344124
575.0,2.31901,0.370415,13.5616,3.611111,,5374,-1.449405,0.230683,8.4863,3.991379421955292
576.0,2.31901,0.371059,13.5852,3.611731,,5375,-1.449405,0.231086,8.5011,3.982603260581965
577.0,2.31901,0.371703,13.6088,3.611731,,5376,-1.449405,0.231488,8.5159,3.977331959291452
578.0,2.319197,0.372347,13.6323,3.611731,,5377,-1.449405,0.231891,8.5307,3.993146641778179
579.0,2.319197,0.372992,13.6559,3.611731,,5378,-1.449405,0.232294,8.5455,3.995806469172209
580.0,2.319197,0.373636,13.6795,3.611731,,5379,-1.449219,0.232696,8.5603,3.9936647740410027
581.0,2.319197,0.37428,13.7031,3.612041,,5380,-1.449219,0.233099,8.5751,3.998439455508713
582.0,2.319197,0.374924,13.7267,3.612041,,5381,-1.449219,0.233501,8.59,3.9983670434347367
583.0,2.31901,0.375568,13.7503,3.612971,,5382,-1.449219,0.233904,8.6048,3.9817694333159066
584.0,2.31901,0.376213,13.7739,3.612971,,5383,-1.449405,0.234306,8.6196,3.9916567941292227
585.0,2.31901,0.376857,13.7974,3.614521,,5384,-1.449405,0.234709,8.6344,3.9910646610063996
586.0,2.31901,0.377501,13.821,3.614521,,5385,-1.449405,0.235112,8.6492,4.00183573771876
587.0,2.31901,0.378145,13.8446,3.615451,,5386,-1.449033,0.235514,8.664,3.9803365072642003
588.0,2.31901,0.378789,13.8682,3.615451,,5387,-1.449033,0.235917,8.6788,3.9987531034944555
589.0,2.31901,0.379433,13.8918,3.615451,,5388,-1.449033,0.236319,8.6936,3.9946473961738946
590.0,2.31901,0.380078,13.9154,3.615451,,5389,-1.449033,0.236722,8.7084,4.00298869574276
591.0,2.31901,0.380722,13.9389,3.615451,,5390,-1.449033,0.237124,8.7232,3.980216602830869
592.0,2.31901,0.381366,13.9625,3.615762,,5391,-1.449033,0.237527,8.738,4.00263707219217
593.0,2.31901,0.38201,13.9861,3.615762,,5392,-1.449219,0.237929,8.7529,3.9920421756334425
594.0,2.31901,0.382654,14.0097,3.616071,,5393,-1.449219,0.238332,8.7677,3.9960958402636853
595.0,2.31901,0.383298,14.0333,3.616071,,5394,-1.449591,0.238735,8.7825,3.98484088377919
596.0,2.31901,0.383943,14.0569,3.616071,,5395,-1.449591,0.239137,8.7973,3.9809360036699823
597.0,2.31901,0.384587,14.0804,3.616071,,5396,-1.449591,0.23954,8.8121,3.999843087148582
598.0,2.31901,0.385231,14.104,3.616381,,5397,-1.449591,0.239943,8.8269,3.993580316225433
599.0,2.31901,0.385875,14.1276,3.616381,,5398,-1.449591,0.240345,8.8417,3.989621970470895
600.0,2.31901,0.386519,14.1512,3.616381,,5399,-1.449591,0.240748,8.8565,3.971869138534802
601.0,2.31901,0.387163,14.1748,3.616691,,5400,-1.449591,0.241151,8.8714,3.9858350340593347
602.0,2.31901,0.387808,14.1984,3.616691,,5401,-1.449219,0.241553,8.8862,3.986115083841477
603.0,2.31901,0.388452,14.222,3.617002,,5402,-1.449219,0.241956,8.901,3.996459809331233
604.0,2.31901,0.389096,14.2455,3.617002,,5403,-1.449405,0.242358,8.9158,3.985766180249395
605.0,2.31901,0.38974,14.2691,3.617311,,5404,-1.449405,0.242761,8.9306,3.9958701018849334
606.0,2.31901,0.390384,14.2927,3.617311,,5405,-1.449405,0.243164,8.9454,3.9865514330676137
607.0,2.319197,0.391029,14.3163,3.617621,,5406,-1.449405,0.243566,8.9602,3.986570476148946
608.0,2.319197,0.391673,14.3399,3.617621,,5407,-1.449405,0.243969,8.975,4.0045381468488115
609.0,2.319197,0.392317,14.3635,3.617621,,5408,-1.449405,0.244371,8.9898,3.9781090161657375
610.0,2.31901,0.392961,14.387,3.618242,,5409,-1.449033,0.244774,9.0046,3.989645493476238
611.0,2.31901,0.393605,14.4106,3.618242,,5410,-1.449033,0.245176,9.0195,3.9813726616485248
612.0,2.31901,0.394249,14.4342,3.620102,,5411,-1.449033,0.245579,9.0343,3.9915622077166466
613.0,2.31901,0.394894,14.4578,3.620102,,5412,-1.449033,0.245981,9.0491,3.994686452156996
614.0,2.31901,0.395538,14.4814,3.620722,,5413,-1.449033,0.246384,9.0639,3.980358692076065
615.0,2.31901,0.396182,14.505,3.620722,,5414,-1.449219,0.246786,9.0787,3.97719521089658
616.0,2.319197,0.396826,14.5286,3.621032,,5415,-1.449219,0.247189,9.0935,3.988212275514859
617.0,2.319197,0.39747,14.5521,3.621032,,5416,-1.449405,0.247592,9.1083,3.9991490165958545
618.0,2.319197,0.398115,14.5757,3.621962,,5417,-1.449405,0.247994,9.1231,3.9855894768202287
619.0,2.319197,0.398759,14.5993,3.621962,,5418,-1.449219,0.248397,9.1379,3.988575218204761
620.0,2.31901,0.399403,14.6229,3.622272,,5419,-1.449219,0.248799,9.1527,3.9813963433569053
621.0,2.31901,0.400047,14.6465,3.622272,,5420,-1.449591,0.249202,9.1675,3.985669060047723
622.0,2.31901,0.400691,14.6701,3.622272,,5421,-1.449405,0.249605,9.1824,3.9963277490063343
623.0,2.31901,0.401336,14.6937,3.622272,,5422,-1.449405,0.250007,9.1972,3.9732195891630884
624.0,2.31901,0.40198,14.7172,3.622272,,5423,-1.449591,0.25041,9.212,3.9736832913057407
625.0,2.31901,0.402624,14.7408,3.622582,,5424,-1.449591,0.250813,9.2268,3.985881964913336
626.0,2.31901,0.403268,14.7644,3.622582,,5425,-1.449405,0.251215,9.2416,3.984380140327971
627.0,2.31901,0.403912,14.788,3.623202,,5426,-1.449405,0.251618,9.2564,4.000773725230748
628.0,2.31901,0.404556,14.8116,3.623202,,5427,-1.449405,0.25202,9.2712,3.9988911825708366
629.0,2.31901,0.405201,14.8352,3.623202,,5428,-1.449405,0.252423,9.286,3.983054626477143
630.0,2.31901,0.405845,14.8587,3.624132,,5429,-1.449405,0.252826,9.3008,3.9849896605285395
631.0,2.31901,0.406489,14.8823,3.624132,,5430,-1.449405,0.253228,9.3157,3.9981684314148977
632.0,2.31901,0.407133,14.9059,3.624132,,5431,-1.449405,0.253631,9.3305,3.984298497656733
633.0,2.31901,0.407777,14.9295,3.624132,,5432,-1.449405,0.254033,9.3453,3.978154327900394
634.0,2.31901,0.408421,14.9531,3.624752,,5433,-1.449405,0.254436,9.3601,3.975427973285029
635.0,2.31901,0.409066,14.9767,3.624752,,5434,-1.449405,0.254839,9.3749,3.9791331886169523
636.0,2.31901,0.40971,15.0002,3.625062,,5435,-1.449405,0.255241,9.3897,3.971132969086521
637.0,2.31901,0.410354,15.0238,3.625062,,5436,-1.449405,0.255644,9.4045,3.9956164990641874
638.0,2.31901,0.410998,15.0474,3.625992,,5437,-1.449405,0.256047,9.4193,3.977476215511024
639.0,2.31901,0.411642,15.071,3.625992,,5438,-1.449405,0.256449,9.4341,3.98892636597759
640.0,2.31901,0.412286,15.0946,3.625992,,5439,-1.449405,0.256852,9.449,3.974298690243147
641.0,2.31901,0.412931,15.1182,3.625992,,5440,-1.449405,0.257254,9.4638,3.9898032487707344
642.0,2.31901,0.413575,15.1418,3.626922,,5441,-1.449405,0.257657,9.4786,3.9771690633030055
643.0,2.31901,0.414219,15.1653,3.626922,,5442,-1.449405,0.25806,9.4934,3.9974846935621824
644.0,2.31901,0.414863,15.1889,3.626922,,5443,-1.449405,0.258462,9.5082,3.976673698054776
645.0,2.31901,0.415507,15.2125,3.627232,,5444,-1.449405,0.258865,9.523,3.9844787882822112
646.0,2.31901,0.416151,15.2361,3.627232,,5445,-1.449405,0.259267,9.5378,3.9848373077728594
647.0,2.31901,0.416796,15.2597,3.627542,,5446,-1.449405,0.25967,9.5526,3.978688339499304
648.0,2.31901,0.41744,15.2833,3.627542,,5447,-1.449405,0.260073,9.5675,3.9867127702830882
649.0,2.31901,0.418084,15.3068,3.628472,,5448,-1.449405,0.260475,9.5823,3.9703664015014724
650.0,2.31901,0.418728,15.3304,3.628472,,5449,-1.449219,0.260878,9.5971,3.974564731687308
651.0,2.319197,0.419372,15.354,3.628472,,5450,-1.449219,0.26128,9.6119,3.9796666240828777
652.0,2.319197,0.420017,15.3776,3.629092,,5451,-1.449033,0.261683,9.6267,3.9816297165916095
653.0,2.319197,0.420661,15.4012,3.629092,,5452,-1.449033,0.262085,9.6415,3.979742904842583
654.0,2.319197,0.421305,15.4248,3.630022,,5453,-1.449033,0.262488,9.6563,3.978306986484812
655.0,2.319197,0.421949,15.4484,3.630022,,5454,-1.449033,0.26289,9.6711,3.9779688550932746
656.0,2.319197,0.422593,15.4719,3.630022,,5455,-1.449219,0.263293,9.6859,3.983882847280505
657.0,2.319197,0.423238,15.4955,3.630022,,5456,-1.449219,0.263696,9.7007,3.963004087398219
658.0,2.319197,0.423882,15.5191,3.632192,,5457,-1.449405,0.264098,9.7155,3.9846562931987797
659.0,2.319197,0.424526,15.5427,3.632192,,5458,-1.449405,0.264501,9.7304,3.983734218478015
660.0,2.319197,0.42517,15.5663,3.632192,,5459,-1.449405,0.264903,9.7452,3.985275896800664
661.0,2.319197,0.425815,15.5899,3.632503,,5460,-1.449405,0.265306,9.76,3.974744600539824
662.0,2.319197,0.426459,15.6135,3.632503,,5461,-1.449219,0.265709,9.7748,3.9822300042979912
663.0,2.319197,0.427103,15.637,3.632813,,5462,-1.449033,0.266111,9.7896,3.9868161322802
664.0,2.319197,0.427747,15.6606,3.632813,,5463,-1.449033,0.266514,9.8044,3.9791961818771266
665.0,2.319197,0.428391,15.6842,3.632813,,5464,-1.449219,0.266916,9.8192,3.9805810045150456
666.0,2.319197,0.429036,15.7078,3.632813,,5465,-1.449219,0.267319,9.834,3.9735813825443542
667.0,2.319197,0.42968,15.7314,3.631882,,5466,-1.449219,0.267721,9.8488,3.9806653196452766
668.0,2.319197,0.430324,15.755,3.631882,,5467,-1.449219,0.268124,9.8636,3.9804696857477184
669.0,2.319197,0.430968,15.7786,3.631882,,5468,-1.449219,0.268526,9.8784,3.9849677084085546
670.0,2.319197,0.431613,15.8022,3.631882,,5469,-1.449219,0.268929,9.8933,3.951291828926606
671.0,2.319197,0.432257,15.8257,3.631882,,5470,-1.449405,0.269332,9.9081,3.9899318927404197
672.0,2.319197,0.432901,15.8493,3.631882,,5471,-1.449405,0.269734,9.9229,3.9775355591549397
673.0,2.319197,0.433545,15.8729,3.631882,,5472,-1.449219,0.270137,9.9377,3.969308473069042
674.0,2.319197,0.434189,15.8965,3.633122,,5473,-1.449219,0.270539,9.9525,3.960753884366583
675.0,2.319197,0.434834,15.9201,3.633122,,5474,-1.449405,0.270942,9.9673,3.975289904552574
676.0,2.31901,0.435478,15.9437,3.633433,,5475,-1.449405,0.271345,9.9821,3.9935983979393104
677.0,2.31901,0.436122,15.9672,3.633433,,5476,-1.449405,0.271747,9.9969,3.9691667501655115
678.0,2.31901,0.436766,15.9908,3.634053,,5477,-1.449405,0.27215,10.0117,3.971784635512972
679.0,2.31901,0.43741,16.0144,3.634053,,5478,-1.449405,0.272552,10.0265,3.9729795560465626
680.0,2.31901,0.438055,16.038,3.634673,,5479,-1.449405,0.272955,10.0414,3.9684480997853813
681.0,2.31901,0.438699,16.0616,3.634673,,5480,-1.449405,0.273358,10.0562,3.9960813723827497
682.0,2.318825,0.439343,16.0852,3.634673,,5481,-1.449405,0.27376,10.071,3.9630979145290364
683.0,2.318825,0.439987,16.1088,3.634673,,5482,-1.449405,0.274163,10.0858,3.9885945564264853
684.0,2.318825,0.440631,16.1323,3.634673,,5483,-1.449591,0.274565,10.1006,3.9735091432082283
685.0,2.31901,0.441275,16.1559,3.636223,,5484,-1.449591,0.274968,10.1154,3.9960617321634015
686.0,2.31901,0.441919,16.1795,3.636223,,5485,-1.449591,0.275371,10.1302,3.9651587916182938
687.0,2.318825,0.442563,16.2031,3.636533,,5486,-1.449591,0.275773,10.145,3.98083456340069
688.0,2.318825,0.443208,16.2267,3.636533,,5487,-1.449591,0.276176,10.1599,3.9656431035518716
689.0,2.31901,0.443852,16.2503,3.636533,,5488,-1.449405,0.276579,10.1747,3.9835293738520843
690.0,2.31901,0.444496,16.2738,3.637463,,5489,-1.449405,0.276981,10.1895,3.9614338425156763
691.0,2.31901,0.44514,16.2974,3.637463,,5490,-1.449405,0.277384,10.2043,3.9854435673503508
692.0,2.31901,0.445784,16.321,3.637773,,5491,-1.449405,0.277787,10.2191,3.980568881049691
693.0,2.31901,0.446428,16.3446,3.637773,,5492,-1.449219,0.278189,10.2339,3.981631716311521
694.0,2.31901,0.447073,16.3682,3.638083,,5493,-1.449219,0.278592,10.2487,3.989277432622193
695.0,2.31901,0.447717,16.3918,3.638083,,5494,-1.449219,0.278994,10.2635,3.9654501118311107
696.0,2.31901,0.448361,16.4153,3.638393,,5495,-1.449219,0.279397,10.2783,3.9750792452026444
697.0,2.31901,0.449005,16.4389,3.638393,,5496,-1.449219,0.279799,10.2931,3.9829600052853578
698.0,2.31901,0.449649,16.4625,3.638703,,5497,-1.449219,0.280202,10.308,3.9691616624784283
699.0,2.31901,0.450293,16.4861,3.638703,,5498,-1.449219,0.280605,10.3228,3.9725369896154357
700.0,2.31901,0.450938,16.5097,3.638703,,5499,-1.449777,0.281007,10.3376,3.9724591520388657
701.0,2.31901,0.451582,16.5333,3.639013,,5500,-1.449777,0.28141,10.3524,3.9820714056123427
702.0,2.31901,0.452226,16.5568,3.639013,,5501,-1.449777,0.281813,10.3672,3.973144624307999
703.0,2.31901,0.45287,16.5804,3.640253,,5502,-1.449777,0.282215,10.382,3.963358021165781
704.0,2.31901,0.453514,16.604,3.640253,,5503,-1.449777,0.282618,10.3968,3.9763941679716823
705.0,2.31901,0.454158,16.6276,3.640873,,5504,-1.449777,0.283021,10.4117,3.977266970026046
706.0,2.31901,0.454803,16.6512,3.640873,,5505,-1.449777,0.283424,10.4265,3.985849611286645
707.0,2.31901,0.455447,16.6748,3.640873,,5506,-1.449777,0.283826,10.4413,3.9800235253857705
708.0,2.31901,0.456091,16.6984,3.640873,,5507,-1.449405,0.284229,10.4561,3.9564374416854875
709.0,2.31901,0.456735,16.7219,3.640873,,5508,-1.449405,0.284631,10.4709,3.9534637126260965
710.0,2.31901,0.457379,16.7455,3.641183,,5509,-1.449405,0.285034,10.4857,3.981078883097962
711.0,2.31901,0.458024,16.7691,3.641183,,5510,-1.449405,0.285437,10.5005,3.9568908234408418
712.0,2.31901,0.458668,16.7927,3.641803,,5511,-1.449405,0.285839,10.5153,3.9668553838245577
713.0,2.31901,0.459312,16.8163,3.641803,,5512,-1.449405,0.286242,10.5302,3.98166814210024
714.0,2.319197,0.459956,16.8399,3.642113,,5513,-1.449591,0.286645,10.545,3.9528686398958275
715.0,2.319197,0.4606,16.8634,3.642113,,5514,-1.449591,0.287047,10.5598,4.000146274570655
716.0,2.319197,0.461244,16.887,3.642113,,5515,-1.449405,0.28745,10.5746,3.9988084559103183
717.0,2.319197,0.461889,16.9106,3.642113,,5516,-1.449591,0.287853,10.5894,3.9726419503900807
718.0,2.319197,0.462533,16.9342,3.643043,,5517,-1.449591,0.288255,10.6042,3.9591123065565856
719.0,2.319197,0.463177,16.9578,3.643043,,5518,-1.449219,0.288658,10.619,3.961885124303734
720.0,2.319197,0.463821,16.9814,3.643353,,5519,-1.449219,0.28906,10.6338,3.9600657486197277
721.0,2.319197,0.464466,17.005,3.643353,,5520,-1.449777,0.289463,10.6487,3.9751341484762253
722.0,2.319197,0.46511,17.0285,3.643353,,5521,-1.449777,0.289866,10.6635,3.9711294091535776
723.0,2.319197,0.465754,17.0521,3.643353,,5522,-1.449405,0.290268,10.6783,3.9745639779495106
724.0,2.319197,0.466398,17.0757,3.643353,,5523,-1.449405,0.290671,10.6931,3.962471322077244
725.0,2.31901,0.467042,17.0993,3.644283,,5524,-1.449405,0.291074,10.7079,3.978392329097391
726.0,2.31901,0.467687,17.1229,3.644283,,5525,-1.449405,0.291476,10.7227,3.9597952776804552
727.0,2.31901,0.468331,17.1465,3.645213,,5526,-1.449405,0.291879,10.7375,3.9697697682964965
728.0,2.31901,0.468975,17.1701,3.645213,,5527,-1.449219,0.292281,10.7523,3.9641798356674305
729.0,2.31901,0.469619,17.1936,3.645523,,5528,-1.449219,0.292684,10.7671,3.9681347776181948
730.0,2.31901,0.470263,17.2172,3.645523,,5529,-1.449219,0.293086,10.7819,3.9637026365791996
731.0,2.31901,0.470907,17.2408,3.645523,,5530,-1.449219,0.293489,10.7968,3.989412091171694
732.0,2.319197,0.471552,17.2644,3.646453,,5531,-1.449219,0.293892,10.8116,3.965645448696515
733.0,2.319197,0.472196,17.288,3.646453,,5532,-1.449219,0.294294,10.8264,3.9668319587098604
734.0,2.319197,0.47284,17.3116,3.646453,,5533,-1.449591,0.294697,10.8412,3.975427268092417
735.0,2.319197,0.473484,17.3352,3.646453,,5534,-1.449591,0.295099,10.856,3.969722250572115
736.0,2.31901,0.474129,17.3587,3.648004,,5535,-1.449591,0.295502,10.8708,3.9802581504073564
737.0,2.31901,0.474773,17.3823,3.648004,,5536,-1.449591,0.295905,10.8856,3.963639097040825
738.0,2.31901,0.475417,17.4059,3.648623,,5537,-1.449591,0.296307,10.9004,3.9598640200692015
739.0,2.31901,0.476061,17.4295,3.648623,,5538,-1.449591,0.29671,10.9153,3.963010565738988
740.0,2.31901,0.476705,17.4531,3.648623,,5539,-1.449591,0.297113,10.9301,3.9613346429351024
741.0,2.31901,0.477349,17.4767,3.649244,,5540,-1.449591,0.297515,10.9449,3.9643070611040274
742.0,2.31901,0.477994,17.5002,3.649244,,5541,-1.449591,0.297918,10.9597,3.9728089681779113
743.0,2.319197,0.478638,17.5238,3.649244,,5542,-1.449591,0.298321,10.9745,3.989430520084886
744.0,2.319197,0.479282,17.5474,3.649244,,5543,-1.449219,0.298723,10.9893,3.9573804248506725
745.0,2.319197,0.479926,17.571,3.649244,,5544,-1.449219,0.299126,11.0041,3.956817551816188
746.0,2.319197,0.48057,17.5946,3.649244,,5545,-1.449219,0.299528,11.0189,3.971082801282229
747.0,2.319197,0.481215,17.6182,3.649863,,5546,-1.449219,0.299931,11.0337,3.9763894682616123
748.0,2.319197,0.481859,17.6418,3.649863,,5547,-1.449219,0.300334,11.0486,3.954110936777761
749.0,2.31901,0.482503,17.6653,3.650484,,5548,-1.449405,0.300736,11.0634,3.9804162724704777
750.0,2.31901,0.483147,17.6889,3.650484,,5549,-1.449405,0.301139,11.0782,3.9659266038059884
751.0,2.31901,0.483791,17.7125,3.650484,,5550,-1.449405,0.301541,11.093,3.966630393066559
752.0,2.31901,0.484436,17.7361,3.651104,,5551,-1.449405,0.301944,11.1078,3.965195014624177
753.0,2.31901,0.48508,17.7597,3.651104,,5552,-1.449219,0.302347,11.1226,3.9786571594407576
754.0,2.31901,0.485724,17.7833,3.651414,,5553,-1.449219,0.302749,11.1374,3.955905017754123
755.0,2.31901,0.486368,17.8069,3.651414,,5554,-1.449219,0.303152,11.1522,3.9532504629781466
756.0,2.31901,0.487012,17.8304,3.652034,,5555,-1.449219,0.303554,11.167,3.970715334549911
757.0,2.31901,0.487656,17.854,3.652034,,5556,-1.449219,0.303957,11.1818,3.9647788673168027
758.0,2.31901,0.488301,17.8776,3.652034,,5557,-1.449219,0.304359,11.1967,3.96144743166162
759.0,2.31901,0.488945,17.9012,3.652654,,5558,-1.449219,0.304762,11.2115,3.9716845745228593
760.0,2.319197,0.489589,17.9248,3.652654,,5559,-1.449219,0.305165,11.2263,3.964529443385234
761.0,2.319197,0.490233,17.9484,3.653274,,5560,-1.449219,0.305567,11.2411,3.969221149230716
762.0,2.319197,0.490877,17.9719,3.653274,,5561,-1.449219,0.30597,11.2559,3.9649631154954634
763.0,2.319197,0.491522,17.9955,3.653274,,5562,-1.449219,0.306372,11.2707,3.9756446554039653
764.0,2.319197,0.492166,18.0191,3.653274,,5563,-1.449405,0.306775,11.2855,3.9729003142034367
765.0,2.319197,0.49281,18.0427,3.653584,,5564,-1.449405,0.307177,11.3003,3.967247639300045
766.0,2.319197,0.493454,18.0663,3.653584,,5565,-1.449591,0.30758,11.3151,3.9434633009607167
767.0,2.319197,0.494099,18.0899,3.653584,,5566,-1.449591,0.307983,11.3299,3.935979077733518
768.0,2.319197,0.494743,18.1135,3.653584,,5567,-1.449591,0.308385,11.3448,3.976903332250441
769.0,2.319197,0.495387,18.1371,3.653894,,5568,-1.449591,0.308788,11.3596,3.9721147296225072
770.0,2.319197,0.496031,18.1606,3.653894,,5569,-1.449591,0.309191,11.3744,3.960894013819491
771.0,2.319197,0.496675,18.1842,3.653894,,5570,-1.449591,0.309593,11.3892,3.9647667687743864
772.0,2.31901,0.49732,18.2078,3.654514,,5571,-1.449591,0.309996,11.404,3.9804203703224035
773.0,2.31901,0.497964,18.2314,3.654514,,5572,-1.449405,0.310399,11.4188,3.95044706748171
774.0,2.31901,0.498608,18.255,3.655754,,5573,-1.449405,0.310801,11.4336,3.9404914727141107
775.0,2.31901,0.499252,18.2786,3.655754,,5574,-1.449405,0.311204,11.4484,3.9767048855245957
776.0,2.31901,0.499896,18.3021,3.656684,,5575,-1.449405,0.311607,11.4633,3.9557103448322946
777.0,2.31901,0.50054,18.3257,3.656684,,5576,-1.449405,0.312009,11.4781,3.9617149035369126
778.0,2.31901,0.501185,18.3493,3.656684,,5577,-1.449405,0.312412,11.4929,3.957105314728845
779.0,2.31901,0.501829,18.3729,3.656684,,5578,-1.449405,0.312814,11.5077,3.979321069658358
780.0,2.31901,0.502473,18.3965,3.656684,,5579,-1.449405,0.313217,11.5225,3.959766113552002
781.0,2.31901,0.503117,18.4201,3.657304,,5580,-1.449405,0.31362,11.5373,3.9631554632387402
782.0,2.31901,0.503761,18.4436,3.657304,,5581,-1.449219,0.314022,11.5521,3.944322724201491
783.0,2.31901,0.504405,18.4672,3.657614,,5582,-1.449219,0.314425,11.5669,3.9730151550603447
784.0,2.31901,0.50505,18.4908,3.657614,,5583,-1.449219,0.314827,11.5817,3.9788198328420283
785.0,2.31901,0.505694,18.5144,3.657614,,5584,-1.449219,0.31523,11.5966,3.9589511209394326
786.0,2.31901,0.506338,18.538,3.657614,,5585,-1.449405,0.315632,11.6114,3.9690402970808596
787.0,2.31901,0.506982,18.5616,3.657924,,5586,-1.449405,0.316035,11.6262,3.9577107303872414
788.0,2.31901,0.507626,18.5852,3.657924,,5587,-1.449591,0.316438,11.641,3.9591614644834294
789.0,2.31901,0.50827,18.6087,3.657924,,5588,-1.449591,0.31684,11.6558,3.9864972443043523
790.0,2.31901,0.508915,18.6323,3.657924,,5589,-1.449591,0.317243,11.6706,3.9505420992355798
791.0,2.31901,0.509559,18.6559,3.657924,,5590,-1.449591,0.317646,11.6854,3.964030151178312
792.0,2.31901,0.510203,18.6795,3.658234,,5591,-1.449591,0.318048,11.7002,3.96253568702389
793.0,2.31901,0.510847,18.7031,3.658234,,5592,-1.449591,0.318451,11.7151,3.957718542039725
794.0,2.31901,0.511491,18.7267,3.658544,,5593,-1.449405,0.318854,11.7299,3.955046177835566
795.0,2.31901,0.512135,18.7502,3.658544,,5594,-1.449405,0.319256,11.7447,3.9587724984253208
796.0,2.31901,0.51278,18.7738,3.658854,,5595,-1.449405,0.319659,11.7595,3.9551686700265742
797.0,2.31901,0.513424,18.7974,3.658854,,5596,-1.449219,0.320061,11.7743,3.9584004869949587
798.0,2.31901,0.514068,18.821,3.659474,,5597,-1.449219,0.320464,11.7891,3.958534804025176
799.0,2.31901,0.514712,18.8446,3.659474,,5598,-1.449033,0.320867,11.8039,3.957075451465241
800.0,2.31901,0.515356,18.8682,3.660404,,5599,-1.449033,0.321269,11.8187,3.9460691212746695
801.0,2.31901,0.516,18.8918,3.660404,,5600,-1.449219,0.321672,11.8335,3.9441122562067634
802.0,2.31901,0.516645,18.9153,3.660404,,5601,-1.449219,0.322074,11.8483,3.963350096872622
803.0,2.31901,0.517289,18.9389,3.661024,,5602,-1.449405,0.322477,11.8631,3.9682057820019008
804.0,2.31901,0.517933,18.9625,3.661024,,5603,-1.449405,0.322879,11.878,3.9461304125156302
805.0,2.318825,0.518577,18.9861,3.661334,,5604,-1.449405,0.323282,11.8928,3.939850920823901
806.0,2.318825,0.519221,19.0097,3.661334,,5605,-1.449405,0.323685,11.9076,3.9740841466843264
807.0,2.31901,0.519865,19.0333,3.661954,,5606,-1.449591,0.324087,11.9224,3.9619697706385635
808.0,2.31901,0.52051,19.0568,3.661954,,5607,-1.449033,0.32449,11.9372,3.9539544771802615
809.0,2.31901,0.521154,19.0804,3.662264,,5608,-1.449033,0.324892,11.952,3.9626698844887627
810.0,2.31901,0.521798,19.104,3.662264,,5609,-1.449219,0.325295,11.9668,3.9587207382006295
811.0,2.31901,0.522442,19.1276,3.662574,,5610,-1.449219,0.325697,11.9816,3.955098852180159
812.0,2.31901,0.523086,19.1512,3.662574,,5611,-1.449219,0.3261,11.9964,3.9293665189568685
813.0,2.31901,0.52373,19.1748,3.662574,,5612,-1.449219,0.326503,12.0112,3.950880674009115
814.0,2.31901,0.524375,19.1983,3.662574,,5613,-1.449219,0.326905,12.0261,3.949333007990453
815.0,2.31901,0.525019,19.2219,3.662574,,5614,-1.449219,0.327308,12.0409,3.9460309620658403
816.0,2.31901,0.525663,19.2455,3.663194,,5615,-1.449219,0.32771,12.0557,3.941191336735869
817.0,2.31901,0.526307,19.2691,3.663194,,5616,-1.449219,0.328113,12.0705,3.9578672759377755
818.0,2.31901,0.526951,19.2927,3.663504,,5617,-1.449405,0.328515,12.0853,3.972771354541168
819.0,2.31901,0.527595,19.3163,3.663504,,5618,-1.449405,0.328918,12.1001,3.9725321076771447
820.0,2.319197,0.52824,19.3399,3.663504,,5619,-1.449405,0.329321,12.1149,3.9832708695533814
821.0,2.319197,0.528884,19.3634,3.663504,,5620,-1.449405,0.329723,12.1297,3.940898787890433
822.0,2.319197,0.529528,19.387,3.663504,,5621,-1.449405,0.330126,12.1445,3.9587290040075294
823.0,2.31901,0.530172,19.4106,3.663504,,5622,-1.449405,0.330528,12.1594,3.95895751595212
824.0,2.31901,0.530816,19.4342,3.663504,,5623,-1.449405,0.330931,12.1742,3.9534660064532186
825.0,2.319197,0.531461,19.4578,3.664745,,5624,-1.449405,0.331334,12.189,3.9492315221806207
826.0,2.319197,0.532105,19.4814,3.664745,,5625,-1.449405,0.331736,12.2038,3.955273986553361
827.0,2.31901,0.532749,19.5049,3.665365,,5626,-1.449219,0.332139,12.2186,3.9292289906156537
828.0,2.31901,0.533393,19.5285,3.665365,,5627,-1.449219,0.332541,12.2334,3.945645093452895
829.0,2.31901,0.534037,19.5521,3.665365,,5628,-1.449219,0.332944,12.2482,3.964759929401673
830.0,2.31901,0.534682,19.5757,3.665365,,5629,-1.449219,0.333347,12.263,3.953710944158878
831.0,2.31901,0.535326,19.5993,3.665365,,5630,-1.449219,0.333749,12.2778,3.965087314117581
832.0,2.31901,0.53597,19.6229,3.665675,,5631,-1.449219,0.334152,12.2926,3.9562683626094475
833.0,2.31901,0.536614,19.6465,3.665675,,5632,-1.449405,0.334554,12.3074,3.9686454493387098
834.0,2.31901,0.537258,19.67,3.665985,,5633,-1.449405,0.334957,12.3223,3.9531209337027944
835.0,2.31901,0.537902,19.6936,3.665985,,5634,-1.449405,0.335359,12.3371,3.9473392637791496
836.0,2.31901,0.538547,19.7172,3.666605,,5635,-1.449405,0.335762,12.3519,3.965533733003112
837.0,2.31901,0.539191,19.7408,3.666605,,5636,-1.449405,0.336165,12.3667,3.9496291129268313
838.0,2.31901,0.539835,19.7644,3.667225,,5637,-1.449591,0.336567,12.3815,3.9569677992762
839.0,2.31901,0.540479,19.788,3.667225,,5638,-1.449591,0.33697,12.3963,3.94791518801368
840.0,2.31901,0.541123,19.8115,3.667225,,5639,-1.449405,0.337373,12.4111,3.9539463345246393
841.0,2.31901,0.541767,19.8351,3.667225,,5640,-1.449405,0.337775,12.4259,3.9611780986209615
842.0,2.31901,0.542412,19.8587,3.667225,,5641,-1.449591,0.338178,12.4408,3.9365294872548793
843.0,2.31901,0.543056,19.8823,3.667845,,5642,-1.449591,0.338581,12.4556,3.948728400511567
844.0,2.31901,0.5437,19.9059,3.667845,,5643,-1.449405,0.338983,12.4704,3.9523389268260907
845.0,2.31901,0.544344,19.9295,3.668155,,5644,-1.449405,0.339386,12.4852,3.9549401361193577
846.0,2.31901,0.544988,19.953,3.668155,,5645,-1.449405,0.339788,12.5,3.968782340210874
847.0,2.319383,0.545633,19.9766,3.668155,,5646,-1.449405,0.340191,12.5148,3.95147753216073
848.0,2.319383,0.546277,20.0002,3.668155,,5647,-1.449405,0.340594,12.5296,3.9457699404956346
849.0,2.319383,0.546921,20.0238,3.668465,,5648,-1.449405,0.340996,12.5444,3.935779631351098
850.0,2.319383,0.547565,20.0474,3.668465,,5649,-1.449591,0.341399,12.5592,3.949479226234204
851.0,2.319383,0.54821,20.071,3.668465,,5650,-1.449591,0.341802,12.5741,3.940362895806516
852.0,2.319197,0.548854,20.0946,3.669085,,5651,-1.449591,0.342204,12.5889,3.950792084608662
853.0,2.319197,0.549498,20.1182,3.669085,,5652,-1.449591,0.342607,12.6037,3.955158441910307
854.0,2.31901,0.550142,20.1417,3.669085,,5653,-1.449591,0.34301,12.6185,3.9475783563687212
855.0,2.31901,0.550786,20.1653,3.669085,,5654,-1.449219,0.343412,12.6333,3.936882636203235
856.0,2.31901,0.551431,20.1889,3.669705,,5655,-1.449219,0.343815,12.6481,3.939996541778226
857.0,2.31901,0.552075,20.2125,3.669705,,5656,-1.449219,0.344217,12.6629,3.9599725302436903
858.0,2.31901,0.552719,20.2361,3.670635,,5657,-1.449219,0.34462,12.6777,3.937995907303805
859.0,2.31901,0.553363,20.2597,3.670635,,5658,-1.449219,0.345022,12.6925,3.9456982168288643
860.0,2.31901,0.554007,20.2833,3.670635,,5659,-1.449405,0.345425,12.7074,3.9521770526041338
861.0,2.31901,0.554651,20.3068,3.671255,,5660,-1.449405,0.345828,12.7222,3.9438675223317765
862.0,2.31901,0.555296,20.3304,3.671255,,5661,-1.449405,0.34623,12.737,3.929466292741148
863.0,2.31901,0.55594,20.354,3.671255,,5662,-1.449405,0.346633,12.7518,3.9386764018156675
864.0,2.31901,0.556584,20.3776,3.671255,,5663,-1.449405,0.347035,12.7666,3.960930325787008
865.0,2.319383,0.557228,20.4012,3.672185,,5664,-1.449405,0.347438,12.7814,3.9438420792551008
866.0,2.319383,0.557872,20.4248,3.672185,,5665,-1.449405,0.347841,12.7962,3.9532586547487956
867.0,2.319383,0.558517,20.4484,3.672185,,5666,-1.449405,0.348243,12.811,3.963001176901276
868.0,2.319383,0.559161,20.4719,3.672185,,5667,-1.449405,0.348646,12.8258,3.9508403000630663
869.0,2.319197,0.559805,20.4955,3.672495,,5668,-1.449405,0.349049,12.8407,3.955045006292002
870.0,2.319197,0.560449,20.5191,3.672495,,5669,-1.449405,0.349451,12.8555,3.9465376817560207
871.0,2.319197,0.561094,20.5427,3.672495,,5670,-1.449405,0.349854,12.8703,3.952417395193003
872.0,2.319197,0.561738,20.5663,3.672805,,5671,-1.449405,0.350256,12.8851,3.948562396490267
873.0,2.319197,0.562382,20.5899,3.672805,,5672,-1.449033,0.350659,12.8999,3.9566179116542384
874.0,2.319197,0.563026,20.6135,3.673115,,5673,-1.449033,0.351061,12.9147,3.940452231625742
875.0,2.319197,0.563671,20.637,3.673115,,5674,-1.449033,0.351464,12.9295,3.961233665480975
876.0,2.31901,0.564315,20.6606,3.673115,,5675,-1.449033,0.351866,12.9443,3.9388035385459945
877.0,2.31901,0.564959,20.6842,3.673115,,5676,-1.449405,0.352269,12.9591,3.943953454382069
878.0,2.31901,0.565603,20.7078,3.673115,,5677,-1.449405,0.352672,12.9739,3.9557629937333947
879.0,2.31901,0.566247,20.7314,3.673115,,5678,-1.449405,0.353074,12.9888,3.9488596939734077
880.0,2.31901,0.566891,20.755,3.673115,,5679,-1.449405,0.353477,13.0036,3.937175321066772
881.0,2.31901,0.567536,20.7785,3.673735,,5680,-1.449219,0.353879,13.0184,3.9541522353281158
882.0,2.31901,0.56818,20.8021,3.673735,,5681,-1.449219,0.354282,13.0332,3.9439139899958366
883.0,2.319197,0.568824,20.8257,3.673735,,5682,-1.449033,0.354684,13.048,3.936020950356917
884.0,2.319197,0.569468,20.8493,3.673735,,5683,-1.449033,0.355087,13.0628,3.9573938655313206
885.0,2.319197,0.570112,20.8729,3.674045,,5684,-1.449033,0.355489,13.0776,3.9426395056046855
886.0,2.319197,0.570757,20.8965,3.674045,,5685,-1.449033,0.355892,13.0924,3.940286299394341
887.0,2.319197,0.571401,20.9201,3.674045,,5686,-1.449033,0.356295,13.1072,3.953911819618186
888.0,2.319197,0.572045,20.9437,3.675905,,5687,-1.449405,0.356697,13.122,3.944876766499503
889.0,2.319197,0.572689,20.9672,3.675905,,5688,-1.449405,0.3571,13.1368,3.951693103202548
890.0,2.319197,0.573334,20.9908,3.675905,,5689,-1.449405,0.357502,13.1517,3.93472178654834
891.0,2.319197,0.573978,21.0144,3.675905,,5690,-1.449405,0.357905,13.1665,3.9469920113856256
892.0,2.319197,0.574622,21.038,3.676215,,5691,-1.449219,0.358308,13.1813,3.945121326519948
893.0,2.319197,0.575266,21.0616,3.676215,,5692,-1.449219,0.35871,13.1961,3.922640835886527
894.0,2.319197,0.57591,21.0852,3.676215,,5693,-1.449219,0.359113,13.2109,3.944437008104191
895.0,2.319197,0.576555,21.1088,3.676215,,5694,-1.449219,0.359515,13.2257,3.934472412729961
896.0,2.319197,0.577199,21.1323,3.676525,,5695,-1.449219,0.359918,13.2405,3.9461128962521537
897.0,2.319197,0.577843,21.1559,3.676525,,5696,-1.449219,0.36032,13.2553,3.9582161928421624
898.0,2.319197,0.578487,21.1795,3.676525,,5697,-1.449219,0.360723,13.2701,3.945514922387028
899.0,2.319197,0.579132,21.2031,3.676525,,5698,-1.449219,0.361125,13.2849,3.938565405301858
900.0,2.319197,0.579776,21.2267,3.676525,,5699,-1.449219,0.361528,13.2997,3.9368608936980474
901.0,2.319197,0.58042,21.2503,3.677455,,5700,-1.449219,0.361931,13.3146,3.9616378066150966
902.0,2.319197,0.581064,21.2739,3.677455,,5701,-1.449219,0.362333,13.3294,3.9330748332549184
903.0,2.319383,0.581708,21.2974,3.677765,,5702,-1.449405,0.362736,13.3442,3.93335165376741
904.0,2.319383,0.582353,21.321,3.677765,,5703,-1.449405,0.363138,13.359,3.9498401637064147
905.0,2.319383,0.582997,21.3446,3.677765,,5704,-1.449405,0.363541,13.3738,3.9414412030972086
906.0,2.319383,0.583641,21.3682,3.678075,,5705,-1.449405,0.363944,13.3886,3.9418174739611276
907.0,2.319383,0.584286,21.3918,3.678075,,5706,-1.449405,0.364346,13.4034,3.9351731015389695
908.0,2.319383,0.58493,21.4154,3.678075,,5707,-1.449405,0.364749,13.4182,3.9431803422600296
909.0,2.319383,0.585574,21.439,3.678075,,5708,-1.449405,0.365151,13.433,3.9372398928756986
910.0,2.319383,0.586218,21.4626,3.678075,,5709,-1.449219,0.365554,13.4479,3.9382463453244214
911.0,2.319383,0.586863,21.4861,3.678075,,5710,-1.449219,0.365957,13.4627,3.95628978005409
912.0,2.319197,0.587507,21.5097,3.678695,,5711,-1.449219,0.366359,13.4775,3.941053787413204
913.0,2.319197,0.588151,21.5333,3.678695,,5712,-1.449219,0.366762,13.4923,3.936353775283963
914.0,2.31901,0.588795,21.5569,3.678695,,5713,-1.449219,0.367164,13.5071,3.9275782390964977
915.0,2.31901,0.589439,21.5805,3.679316,,5714,-1.449219,0.367567,13.5219,3.934668358216057
916.0,2.31901,0.590084,21.6041,3.679316,,5715,-1.449033,0.367969,13.5367,3.9193999650444447
917.0,2.31901,0.590728,21.6277,3.679935,,5716,-1.449033,0.368372,13.5515,3.9378854229743894
918.0,2.31901,0.591372,21.6512,3.679935,,5717,-1.449405,0.368774,13.5663,3.9339705508416967
919.0,2.319383,0.592016,21.6748,3.680246,,5718,-1.449405,0.369177,13.5811,3.9531849067011082
920.0,2.319383,0.59266,21.6984,3.680246,,5719,-1.449033,0.36958,13.5959,3.940000860235361
921.0,2.319383,0.593305,21.722,3.680246,,5720,-1.449405,0.369982,13.6108,3.9242080492526537
922.0,2.319383,0.593949,21.7456,3.680246,,5721,-1.449405,0.370385,13.6256,3.9351605602154334
923.0,2.319197,0.594593,21.7692,3.680866,,5722,-1.448847,0.370787,13.6404,3.9536079436162055
924.0,2.319197,0.595237,21.7928,3.680866,,5723,-1.448847,0.37119,13.6552,3.944478984433056
925.0,2.319197,0.595882,21.8164,3.680866,,5724,-1.449219,0.371592,13.67,3.9465347663489747
926.0,2.319197,0.596526,21.8399,3.681486,,5725,-1.449219,0.371995,13.6848,3.9444016966344795
927.0,2.319197,0.59717,21.8635,3.681486,,5726,-1.449219,0.372397,13.6996,3.939660796063464
928.0,2.319197,0.597814,21.8871,3.681796,,5727,-1.449219,0.3728,13.7144,3.919010153293722
929.0,2.319197,0.598459,21.9107,3.681796,,5728,-1.449219,0.373202,13.7292,3.9289535724286058
930.0,2.319197,0.599103,21.9343,3.682106,,5729,-1.449219,0.373605,13.744,3.9464897062357425
931.0,2.319197,0.599747,21.9579,3.682106,,5730,-1.449405,0.374008,13.7588,3.921177039340137
932.0,2.319197,0.600391,21.9815,3.683036,,5731,-1.449405,0.37441,13.7737,3.935885693780912
933.0,2.319197,0.601035,22.005,3.683036,,5732,-1.449405,0.374813,13.7885,3.9378282046569777
934.0,2.319197,0.60168,22.0286,3.683036,,5733,-1.449405,0.375216,13.8033,3.9403160670883883
935.0,2.319197,0.602324,22.0522,3.683036,,5734,-1.449405,0.375618,13.8181,3.942010424765342
936.0,2.319197,0.602968,22.0758,3.683036,,5735,-1.449591,0.376021,13.8329,3.925666737192073
937.0,2.319197,0.603612,22.0994,3.682726,,5736,-1.449591,0.376423,13.8477,3.936598854176234
938.0,2.319197,0.604257,22.123,3.682726,,5737,-1.449405,0.376826,13.8625,3.919271593739814
939.0,2.319197,0.604901,22.1466,3.682726,,5738,-1.449405,0.377229,13.8773,3.9295750522086474
940.0,2.319197,0.605545,22.1701,3.682726,,5739,-1.449405,0.377631,13.8921,3.9324730203333873
941.0,2.319197,0.606189,22.1937,3.682726,,5740,-1.449405,0.378034,13.907,3.925908419490277
942.0,2.319197,0.606833,22.2173,3.682726,,5741,-1.449033,0.378436,13.9218,3.9312051751454336
943.0,2.31901,0.607478,22.2409,3.683036,,5742,-1.449033,0.378839,13.9366,3.937396867286285
944.0,2.31901,0.608122,22.2645,3.683036,,5743,-1.449033,0.379241,13.9514,3.9283330213262397
945.0,2.31901,0.608766,22.2881,3.683656,,5744,-1.449033,0.379644,13.9662,3.924976286986954
946.0,2.31901,0.60941,22.3117,3.683656,,5745,-1.449405,0.380047,13.981,3.9420788225142886
947.0,2.31901,0.610054,22.3352,3.683656,,5746,-1.449405,0.380449,13.9958,3.93475786758689
948.0,2.31901,0.610698,22.3588,3.683966,,5747,-1.449405,0.380852,14.0106,3.9393214592361123
949.0,2.31901,0.611343,22.3824,3.683966,,5748,-1.449405,0.381254,14.0254,3.9315665501267203
950.0,2.31901,0.611987,22.406,3.684276,,5749,-1.449405,0.381657,14.0402,3.933886327835876
951.0,2.31901,0.612631,22.4296,3.684276,,5750,-1.449405,0.38206,14.0551,3.9268913669361134
952.0,2.31901,0.613275,22.4532,3.684276,,5751,-1.449405,0.382462,14.0699,3.9309919950049803
953.0,2.31901,0.613919,22.4767,3.684276,,5752,-1.449405,0.382865,14.0847,3.9441105667076903
954.0,2.31901,0.614563,22.5003,3.684896,,5753,-1.449405,0.383267,14.0995,3.9303939358252626
955.0,2.31901,0.615208,22.5239,3.684896,,5754,-1.449405,0.38367,14.1143,3.9378737175781793
956.0,2.31901,0.615852,22.5475,3.684896,,5755,-1.449405,0.384073,14.1291,3.923854613779124
957.0,2.31901,0.616496,22.5711,3.685206,,5756,-1.449405,0.384475,14.1439,3.9209856822826152
958.0,2.31901,0.61714,22.5947,3.685206,,5757,-1.449405,0.384878,14.1587,3.9418589521789893
959.0,2.31901,0.617784,22.6182,3.685516,,5758,-1.449405,0.38528,14.1735,3.931381429676326
960.0,2.31901,0.618429,22.6418,3.685516,,5759,-1.449405,0.385683,14.1884,3.9290431146263627
961.0,2.31901,0.619073,22.6654,3.685516,,5760,-1.449033,0.386086,14.2032,3.9286007548103625
962.0,2.31901,0.619717,22.689,3.685516,,5761,-1.449033,0.386488,14.218,3.93306604673893
963.0,2.31901,0.620361,22.7126,3.685826,,5762,-1.449033,0.386891,14.2328,3.9288309486579904
964.0,2.31901,0.621005,22.7362,3.685826,,5763,-1.449033,0.387293,14.2476,3.9273812126853156
965.0,2.31901,0.621649,22.7598,3.685826,,5764,-1.449033,0.387696,14.2624,3.9570046368153995
966.0,2.31901,0.622294,22.7833,3.687376,,5765,-1.449033,0.388098,14.2772,3.9302638444893043
967.0,2.31901,0.622938,22.8069,3.687376,,5766,-1.449033,0.388501,14.292,3.920429475354876
968.0,2.31901,0.623582,22.8305,3.687376,,5767,-1.449405,0.388903,14.3068,3.9368223341413278
969.0,2.31901,0.624226,22.8541,3.687376,,5768,-1.449405,0.389306,14.3216,3.9170569165309037
970.0,2.31901,0.62487,22.8777,3.687996,,5769,-1.449405,0.389709,14.3364,3.946824444557082
971.0,2.31901,0.625514,22.9013,3.687996,,5770,-1.449405,0.390111,14.3513,3.933130744794702
972.0,2.31901,0.626159,22.9248,3.688306,,5771,-1.449405,0.390514,14.3661,3.930761096486993
973.0,2.31901,0.626803,22.9484,3.688306,,5772,-1.449033,0.390916,14.3809,3.9421970950915326
974.0,2.31901,0.627447,22.972,3.688306,,5773,-1.449033,0.391319,14.3957,3.9344951891743634
975.0,2.31901,0.628091,22.9956,3.688926,,5774,-1.449405,0.391721,14.4105,3.9319394781419335
976.0,2.31901,0.628735,23.0192,3.688926,,5775,-1.449405,0.392124,14.4253,3.922804380507609
977.0,2.318825,0.629379,23.0428,3.688926,,5776,-1.449033,0.392526,14.4401,3.9321573310602504
978.0,2.318825,0.630023,23.0663,3.688926,,5777,-1.449033,0.392929,14.4549,3.928367454853682
979.0,2.318825,0.630668,23.0899,3.688926,,5778,-1.449405,0.393332,14.4697,3.9305434727751947
980.0,2.318825,0.631312,23.1135,3.688926,,5779,-1.449405,0.393734,14.4845,3.9233695562525073
981.0,2.318825,0.631956,23.1371,3.688926,,5780,-1.449219,0.394137,14.4993,3.9187407269876084
982.0,2.318825,0.6326,23.1607,3.688926,,5781,-1.449219,0.394539,14.5142,3.9363648306353065
983.0,2.31901,0.633244,23.1843,3.688926,,5782,-1.449219,0.394942,14.529,3.921186610856582
984.0,2.31901,0.633888,23.2078,3.688926,,5783,-1.449219,0.395344,14.5438,3.9366450327568407
985.0,2.31901,0.634532,23.2314,3.688926,,5784,-1.449219,0.395747,14.5586,3.933010151231302
986.0,2.31901,0.635177,23.255,3.688926,,5785,-1.449219,0.39615,14.5734,3.904053560943005
987.0,2.31901,0.635821,23.2786,3.688926,,5786,-1.449219,0.396552,14.5882,3.9299556968926384
988.0,2.31901,0.636465,23.3022,3.689236,,5787,-1.449219,0.396955,14.603,3.9213243887180322
989.0,2.31901,0.637109,23.3258,3.689236,,5788,-1.449219,0.397357,14.6178,3.9260010575198607
990.0,2.31901,0.637753,23.3494,3.689546,,5789,-1.449219,0.39776,14.6326,3.9160231992820216
991.0,2.31901,0.638397,23.3729,3.689546,,5790,-1.449219,0.398162,14.6474,3.9314232272950886
992.0,2.31901,0.639042,23.3965,3.689546,,5791,-1.449405,0.398565,14.6623,3.916782743143507
993.0,2.31901,0.639686,23.4201,3.689546,,5792,-1.449405,0.398968,14.6771,3.91599121568412
994.0,2.31901,0.64033,23.4437,3.690476,,5793,-1.449405,0.39937,14.6919,3.9244147146358714
995.0,2.31901,0.640974,23.4673,3.690476,,5794,-1.449405,0.399773,14.7067,3.9380510368807133
996.0,2.31901,0.641618,23.4909,3.690786,,5795,-1.449405,0.400175,14.7215,3.9353761576671364
997.0,2.31901,0.642262,23.5144,3.690786,,5796,-1.449405,0.400578,14.7363,3.9332983810781377
998.0,2.31901,0.642907,23.538,3.690786,,5797,-1.449405,0.400981,14.7511,3.9320373045700827
999.0,2.319197,0.643551,23.5616,3.690786,,5798,-1.449405,0.401383,14.7659,3.918194960202441
1000.0,2.319197,0.644195,23.5852,3.690786,,5799,-1.449405,0.401786,14.7807,3.923699818010637
1001.0,2.319197,0.644839,23.6088,3.690786,,5800,-1.449405,0.402189,14.7956,3.9204576113543173
1002.0,2.319197,0.645484,23.6324,3.690786,,5801,-1.449405,0.402591,14.8104,3.930564574842942
1003.0,2.31901,0.646128,23.656,3.691406,,5802,-1.449219,0.402994,14.8252,3.919189786868375
1004.0,2.31901,0.646772,23.6795,3.691406,,5803,-1.449219,0.403396,14.84,3.9213778137627866
1005.0,2.31901,0.647416,23.7031,3.692026,,5804,-1.449219,0.403799,14.8548,3.9118794654666282
1006.0,2.31901,0.64806,23.7267,3.692026,,5805,-1.449219,0.404201,14.8696,3.925532463014223
1007.0,2.31901,0.648704,23.7503,3.692026,,5806,-1.449219,0.404604,14.8844,3.930228180415056
1008.0,2.319197,0.649349,23.7739,3.692336,,5807,-1.449219,0.405006,14.8992,3.933948646722518
1009.0,2.319197,0.649993,23.7975,3.692336,,5808,-1.449219,0.405409,14.914,3.9362741932363163
1010.0,2.319197,0.650637,23.8211,3.692646,,5809,-1.449219,0.405812,14.9288,3.923095234251611
1011.0,2.319197,0.651281,23.8446,3.692646,,5810,-1.449219,0.406214,14.9436,3.9203149731175504
1012.0,2.319197,0.651926,23.8682,3.693266,,5811,-1.449219,0.406617,14.9585,3.9311330170425665
1013.0,2.319197,0.65257,23.8918,3.693266,,5812,-1.449219,0.407019,14.9733,3.9377090734671096
1014.0,2.31901,0.653214,23.9154,3.693576,,5813,-1.449033,0.407422,14.9881,3.9126220948965176
1015.0,2.31901,0.653858,23.939,3.693576,,5814,-1.449033,0.407824,15.0029,3.9201860041008607
1016.0,2.31901,0.654502,23.9626,3.693576,,5815,-1.449033,0.408227,15.0177,3.9264497081423335
1017.0,2.31901,0.655146,23.9861,3.693576,,5816,-1.449033,0.408629,15.0325,3.936703322694091
1018.0,2.31901,0.655791,24.0097,3.693576,,5817,-1.449219,0.409032,15.0473,3.9263491556440115
1019.0,2.31901,0.656435,24.0333,3.693887,,5818,-1.449219,0.409434,15.0621,3.9205347349043596
1020.0,2.31901,0.657079,24.0569,3.693887,,5819,-1.449591,0.409837,15.0769,3.9185303172754797
1021.0,2.31901,0.657723,24.0805,3.693887,,5820,-1.449591,0.41024,15.0917,3.9134088900413
1022.0,2.31901,0.658367,24.1041,3.693887,,5821,-1.449219,0.410642,15.1065,3.9146264587669335
1023.0,2.31901,0.659011,24.1277,3.694196,,5822,-1.449219,0.411045,15.1214,3.93844029736699
1024.0,2.31901,0.659656,24.1512,3.694196,,5823,-1.449219,0.411447,15.1362,3.9299895936029112
1025.0,2.318825,0.6603,24.1748,3.694196,,5824,-1.449219,0.41185,15.151,3.9125607803432034
1026.0,2.318825,0.660944,24.1984,3.694196,,5825,-1.449219,0.412253,15.1658,3.925090731958847
1027.0,2.318825,0.661588,24.222,3.694196,,5826,-1.449591,0.412655,15.1806,3.9181680885455417
1028.0,2.318825,0.662232,24.2456,3.694506,,5827,-1.449591,0.413058,15.1954,3.9151892954325924
1029.0,2.318825,0.662876,24.2691,3.694506,,5828,-1.449591,0.413461,15.2102,3.9275523607651572
1030.0,2.31901,0.66352,24.2927,3.694816,,5829,-1.449591,0.413863,15.225,3.9260940846982755
1031.0,2.31901,0.664164,24.3163,3.694816,,5830,-1.449591,0.414266,15.2399,3.941268966355816
1032.0,2.319197,0.664809,24.3399,3.695127,,5831,-1.449591,0.414669,15.2547,3.920523346274546
1033.0,2.319197,0.665453,24.3635,3.695127,,5832,-1.449591,0.415071,15.2695,3.9235857794416424
1034.0,2.319197,0.666097,24.3871,3.695436,,5833,-1.449591,0.415474,15.2843,3.927839525001541
1035.0,2.319197,0.666741,24.4107,3.695436,,5834,-1.449591,0.415877,15.2991,3.931181809632607
1036.0,2.319197,0.667386,24.4342,3.695436,,5835,-1.449591,0.416279,15.3139,3.905511431525024
1037.0,2.319197,0.66803,24.4578,3.695436,,5836,-1.449405,0.416682,15.3287,3.920122920493524
1038.0,2.319197,0.668674,24.4814,3.695436,,5837,-1.449405,0.417084,15.3435,3.9228864180943246
1039.0,2.31901,0.669318,24.505,3.696057,,5838,-1.449405,0.417487,15.3583,3.926602780884056
1040.0,2.31901,0.669962,24.5286,3.696057,,5839,-1.449405,0.41789,15.3732,3.907192463757815
1041.0,2.31901,0.670607,24.5522,3.696676,,5840,-1.449591,0.418292,15.388,3.901638110492756
1042.0,2.31901,0.671251,24.5758,3.696676,,5841,-1.449591,0.418695,15.4028,3.9344255397715195
1043.0,2.31901,0.671895,24.5993,3.697297,,5842,-1.449591,0.419098,15.4176,3.929809132261985
1044.0,2.31901,0.672539,24.6229,3.697297,,5843,-1.449219,0.4195,15.4324,3.923289736489711
1045.0,2.31901,0.673183,24.6465,3.697607,,5844,-1.449219,0.419903,15.4472,3.9238273428981723
1046.0,2.31901,0.673827,24.6701,3.697607,,5845,-1.449219,0.420305,15.462,3.91934440867805
1047.0,2.31901,0.674472,24.6937,3.697917,,5846,-1.449219,0.420708,15.4768,3.9235150283988847
1048.0,2.31901,0.675116,24.7173,3.697917,,5847,-1.449591,0.421111,15.4916,3.9120060438249205
1049.0,2.31901,0.67576,24.7408,3.697917,,5848,-1.449591,0.421513,15.5065,3.911870064582695
1050.0,2.31901,0.676404,24.7644,3.698537,,5849,-1.449591,0.421916,15.5213,3.8955590903006745
1051.0,2.31901,0.677048,24.788,3.698537,,5850,-1.449591,0.422319,15.5361,3.929690831190522
1052.0,2.31901,0.677692,24.8116,3.698847,,5851,-1.449591,0.422721,15.5509,3.9164503417258563
1053.0,2.31901,0.678337,24.8352,3.698847,,5852,-1.449405,0.423124,15.5657,3.920246988289229
1054.0,2.31901,0.678981,24.8588,3.698847,,5853,-1.449405,0.423526,15.5805,3.9068302811732383
1055.0,2.31901,0.679625,24.8824,3.698847,,5854,-1.449405,0.423929,15.5953,3.930254936847972
1056.0,2.31901,0.680269,24.9059,3.698847,,5855,-1.449405,0.424332,15.6101,3.9070361065913337
1057.0,2.31901,0.680913,24.9295,3.698847,,5856,-1.449405,0.424734,15.625,3.9272118550861514
1058.0,2.31901,0.681557,24.9531,3.698847,,5857,-1.449405,0.425137,15.6398,3.9164226410668976
1059.0,2.31901,0.682202,24.9767,3.698847,,5858,-1.449591,0.42554,15.6546,3.9173818301088654
1060.0,2.31901,0.682846,25.0003,3.698847,,5859,-1.449591,0.425942,15.6694,3.9070248864579726
1061.0,2.319197,0.68349,25.0239,3.699157,,5860,-1.449591,0.426345,15.6842,3.927608462961143
1062.0,2.319197,0.684134,25.0474,3.699157,,5861,-1.449591,0.426748,15.699,3.921141745498923
1063.0,2.319197,0.684778,25.071,3.700397,,5862,-1.449777,0.42715,15.7138,3.9280199010995576
1064.0,2.319197,0.685423,25.0946,3.700397,,5863,-1.449777,0.427553,15.7287,3.9008108219615885
1065.0,2.319197,0.686067,25.1182,3.700397,,5864,-1.449405,0.427956,15.7435,3.902993028224289
1066.0,2.319197,0.686711,25.1418,3.700397,,5865,-1.449405,0.428358,15.7583,3.9017678635557287
1067.0,2.31901,0.687355,25.1654,3.700397,,5866,-1.449591,0.428761,15.7731,3.9061948919968077
1068.0,2.31901,0.687999,25.189,3.700397,,5867,-1.449405,0.429163,15.7879,3.92299184179077
1069.0,2.31901,0.688644,25.2125,3.700397,,5868,-1.449405,0.429566,15.8027,3.9032431599459056
1070.0,2.31901,0.689288,25.2361,3.700707,,5869,-1.449405,0.429969,15.8175,3.9063029116727437
1071.0,2.31901,0.689932,25.2597,3.700707,,5870,-1.449405,0.430371,15.8323,3.911081169106274
1072.0,2.31901,0.690576,25.2833,3.700707,,5871,-1.449219,0.430774,15.8471,3.9113531194633966
1073.0,2.31901,0.69122,25.3069,3.700707,,5872,-1.449219,0.431176,15.8619,3.912158474753805
1074.0,2.31901,0.691864,25.3305,3.701327,,5873,-1.449219,0.431579,15.8768,3.912575352948354
1075.0,2.31901,0.692509,25.354,3.701327,,5874,-1.449219,0.431982,15.8916,3.927747634823703
1076.0,2.31901,0.693153,25.3776,3.701327,,5875,-1.449219,0.432384,15.9064,3.9178822018689936
1077.0,2.31901,0.693797,25.4012,3.701327,,5876,-1.449219,0.432787,15.9212,3.927548290093876
1078.0,2.31901,0.694441,25.4248,3.701327,,5877,-1.449405,0.433189,15.936,3.9268301681130717
1079.0,2.31901,0.695085,25.4484,3.702257,,5878,-1.449405,0.433592,15.9508,3.9191307068690655
1080.0,2.31901,0.695729,25.472,3.702257,,5879,-1.449219,0.433994,15.9656,3.9186802262857467
1081.0,2.31901,0.696374,25.4956,3.702877,,5880,-1.449219,0.434397,15.9804,3.9372848377924083
1082.0,2.31901,0.697018,25.5191,3.702877,,5881,-1.449219,0.4348,15.9952,3.9096707449980315
1083.0,2.31901,0.697662,25.5427,3.703187,,5882,-1.449219,0.435202,16.01,3.917476784565106
1084.0,2.31901,0.698306,25.5663,3.703187,,5883,-1.449219,0.435605,16.0249,3.9177096614919753
1085.0,2.31901,0.69895,25.5899,3.704117,,5884,-1.449033,0.436007,16.0397,3.912677835335413
1086.0,2.31901,0.699594,25.6135,3.704117,,5885,-1.449033,0.43641,16.0545,3.9024412439984606
1087.0,2.31901,0.700239,25.6371,3.704117,,5886,-1.449405,0.436812,16.0693,3.911210667374084
1088.0,2.31901,0.700883,25.6606,3.704117,,5887,-1.449405,0.437215,16.0841,3.9141257651047767
1089.0,2.31901,0.701527,25.6842,3.704117,,5888,-1.449405,0.437618,16.0989,3.9043616130709395
1090.0,2.31901,0.702171,25.7078,3.704117,,5889,-1.449405,0.43802,16.1137,3.9209865835725752
1091.0,2.31901,0.702815,25.7314,3.704117,,5890,-1.449405,0.438423,16.1285,3.9308515953113523
1092.0,2.31901,0.70346,25.755,3.704427,,5891,-1.449219,0.438825,16.1433,3.893332766850778
1093.0,2.31901,0.704104,25.7786,3.704427,,5892,-1.449219,0.439228,16.1581,3.9261040729681587
1094.0,2.319197,0.704748,25.8022,3.704117,,5893,-1.449219,0.43963,16.173,3.9124197441103528
1095.0,2.319197,0.705392,25.8257,3.704117,,5894,-1.449219,0.440033,16.1878,3.9220234872614976
1096.0,2.319197,0.706036,25.8493,3.704117,,5895,-1.449219,0.440436,16.2026,3.9144381637264685
1097.0,2.319197,0.706681,25.8729,3.704117,,5896,-1.449219,0.440838,16.2174,3.8998883710662198
1098.0,2.319197,0.707325,25.8965,3.704117,,5897,-1.449405,0.441241,16.2322,3.9119663758181096
1099.0,2.31901,0.707969,25.9201,3.704117,,5898,-1.449405,0.441643,16.247,3.9229292546061365
1100.0,2.31901,0.708613,25.9437,3.704117,,5899,-1.449033,0.442046,16.2618,3.9042031800367094
1101.0,2.31901,0.709257,25.9672,3.704117,,5900,-1.449033,0.442448,16.2766,3.904530745181747
1102.0,2.31901,0.709901,25.9908,3.704117,,5901,-1.449405,0.442851,16.2914,3.9018148939359625
1103.0,2.31901,0.710546,26.0144,3.704117,,5902,-1.449405,0.443254,16.3062,3.906950041502927
1104.0,2.31901,0.71119,26.038,3.704117,,5903,-1.449405,0.443656,16.3211,3.913594829732155
1105.0,2.31901,0.711834,26.0616,3.704117,,5904,-1.449405,0.444059,16.3359,3.917262691128637
1106.0,2.31901,0.712478,26.0852,3.704427,,5905,-1.449405,0.444461,16.3507,3.919398175430738
1107.0,2.31901,0.713122,26.1088,3.704427,,5906,-1.449405,0.444864,16.3655,3.913462582173626
1108.0,2.31901,0.713767,26.1323,3.704427,,5907,-1.449405,0.445267,16.3803,3.9076439822797453
1109.0,2.31901,0.714411,26.1559,3.704427,,5908,-1.449405,0.445669,16.3951,3.9091228255152677
1110.0,2.31901,0.715055,26.1795,3.705047,,5909,-1.449405,0.446072,16.4099,3.9090756694236704
1111.0,2.31901,0.715699,26.2031,3.705047,,5910,-1.449405,0.446475,16.4247,3.8981384483624404
1112.0,2.31901,0.716343,26.2267,3.705047,,5911,-1.449405,0.446877,16.4395,3.911927972164111
1113.0,2.31901,0.716987,26.2503,3.705047,,5912,-1.449219,0.44728,16.4543,3.9153024768121156
1114.0,2.31901,0.717632,26.2738,3.705047,,5913,-1.449219,0.447682,16.4692,3.9003875289251075
1115.0,2.31901,0.718276,26.2974,3.705047,,5914,-1.449219,0.448085,16.484,3.90061009067291
1116.0,2.31901,0.71892,26.321,3.705047,,5915,-1.449405,0.448487,16.4988,3.9193158952175304
1117.0,2.319197,0.719564,26.3446,3.705047,,5916,-1.449405,0.44889,16.5136,3.8852531170955764
1118.0,2.319197,0.720208,26.3682,3.705047,,5917,-1.449405,0.449293,16.5284,3.918071098023712
1119.0,2.31901,0.720852,26.3918,3.705977,,5918,-1.449405,0.449695,16.5432,3.928234499232759
1120.0,2.31901,0.721497,26.4154,3.705977,,5919,-1.449219,0.450098,16.558,3.897666770855371
1121.0,2.319197,0.722141,26.4389,3.706597,,5920,-1.449219,0.4505,16.5728,3.9043574797769365
1122.0,2.319197,0.722785,26.4625,3.706597,,5921,-1.449219,0.450903,16.5876,3.899112154845394
1123.0,2.31901,0.723429,26.4861,3.707217,,5922,-1.449219,0.451306,16.6024,3.9227472542347868
1124.0,2.31901,0.724073,26.5097,3.707217,,5923,-1.449405,0.451708,16.6173,3.9106126505929737
1125.0,2.31901,0.724718,26.5333,3.707217,,5924,-1.449405,0.452111,16.6321,3.900946619523533
1126.0,2.31901,0.725362,26.5569,3.707217,,5925,-1.449405,0.452513,16.6469,3.9014913193613254
1127.0,2.31901,0.726006,26.5804,3.707217,,5926,-1.449405,0.452916,16.6617,3.9044922345876487
1128.0,2.31901,0.72665,26.604,3.707527,,5927,-1.449405,0.453319,16.6765,3.9074216646077646
1129.0,2.31901,0.727294,26.6276,3.707527,,5928,-1.449405,0.453721,16.6913,3.9192130955390136
1130.0,2.31901,0.727938,26.6512,3.708457,,5929,-1.449405,0.454124,16.7061,3.910259843570294
1131.0,2.31901,0.728583,26.6748,3.708457,,5930,-1.449405,0.454526,16.7209,3.9194938420291994
1132.0,2.318825,0.729227,26.6984,3.708457,,5931,-1.449405,0.454929,16.7358,3.902856377384582
1133.0,2.318825,0.729871,26.722,3.708457,,5932,-1.449219,0.455332,16.7506,3.9020661815443245
1134.0,2.318825,0.730515,26.7455,3.708457,,5933,-1.449219,0.455734,16.7654,3.8836196212088887
1135.0,2.318825,0.731159,26.7691,3.708457,,5934,-1.449033,0.456137,16.7802,3.895586444400608
1136.0,2.318825,0.731803,26.7927,3.708457,,5935,-1.449033,0.456539,16.795,3.912487730085574
1137.0,2.318825,0.732447,26.8163,3.708457,,5936,-1.449033,0.456942,16.8098,3.9143944567153257
1138.0,2.318825,0.733091,26.8399,3.708457,,5937,-1.449033,0.457344,16.8246,3.9070264172892903
1139.0,2.318825,0.733736,26.8634,3.708767,,5938,-1.449033,0.457747,16.8394,3.897973757176237
1140.0,2.318825,0.73438,26.887,3.708767,,5939,-1.449591,0.458149,16.8542,3.905520036120554
1141.0,2.31901,0.735024,26.9106,3.709077,,5940,-1.449591,0.458552,16.869,3.91481897910837
1142.0,2.31901,0.735668,26.9342,3.709077,,5941,-1.449591,0.458955,16.8838,3.898044400112633
1143.0,2.31901,0.736312,26.9578,3.709077,,5942,-1.449591,0.459357,16.8987,3.898867601314024
1144.0,2.31901,0.736956,26.9814,3.709077,,5943,-1.449591,0.45976,16.9135,3.8980741870408737
1145.0,2.31901,0.737601,27.0049,3.709077,,5944,-1.449591,0.460163,16.9283,3.915619411830979
1146.0,2.31901,0.738245,27.0285,3.709077,,5945,-1.449405,0.460565,16.9431,3.9061835503236484
1147.0,2.31901,0.738889,27.0521,3.709077,,5946,-1.449405,0.460968,16.9579,3.9010094177158186
1148.0,2.31901,0.739533,27.0757,3.709387,,5947,-1.449405,0.461371,16.9727,3.914052697345339
1149.0,2.31901,0.740177,27.0993,3.709387,,5948,-1.449405,0.461773,16.9875,3.912067026592167
1150.0,2.31901,0.740821,27.1229,3.709697,,5949,-1.449405,0.462176,17.0023,3.9178490832618693
1151.0,2.31901,0.741466,27.1465,3.709697,,5950,-1.449219,0.462578,17.0171,3.921143232024964
1152.0,2.319197,0.74211,27.17,3.709697,,5951,-1.449219,0.462981,17.032,3.903818941650679
1153.0,2.319197,0.742754,27.1936,3.709387,,5952,-1.449219,0.463383,17.0468,3.9046499943168818
1154.0,2.319197,0.743398,27.2172,3.709387,,5953,-1.449219,0.463786,17.0616,3.9129604611049285
1155.0,2.31901,0.744042,27.2408,3.710317,,5954,-1.449219,0.464189,17.0764,3.8887375286622214
1156.0,2.31901,0.744687,27.2644,3.710317,,5955,-1.449219,0.464591,17.0912,3.9052677616306806
1157.0,2.31901,0.745331,27.288,3.709697,,5956,-1.449219,0.464994,17.106,3.894389641297666
1158.0,2.31901,0.745975,27.3115,3.709697,,5957,-1.449219,0.465396,17.1208,3.897590073883558
1159.0,2.31901,0.746619,27.3351,3.710628,,5958,-1.449405,0.465799,17.1356,3.919677607295448
1160.0,2.31901,0.747263,27.3587,3.710628,,5959,-1.449405,0.466201,17.1504,3.892971430938873
1161.0,2.31901,0.747907,27.3823,3.710628,,5960,-1.449405,0.466604,17.1652,3.905630376892283
1162.0,2.31901,0.748552,27.4059,3.710938,,5961,-1.449405,0.467007,17.1801,3.8837988556345873
1163.0,2.31901,0.749196,27.4295,3.710938,,5962,-1.449405,0.467409,17.1949,3.8834436735842264
1164.0,2.31901,0.74984,27.4531,3.711247,,5963,-1.449405,0.467812,17.2097,3.8935791880241877
1165.0,2.31901,0.750484,27.4766,3.711247,,5964,-1.449405,0.468215,17.2245,3.8952687709495133
1166.0,2.31901,0.751128,27.5002,3.711247,,5965,-1.449219,0.468617,17.2393,3.8980509814617204
1167.0,2.31901,0.751772,27.5238,3.711247,,5966,-1.449219,0.46902,17.2541,3.903891563225349
1168.0,2.31901,0.752417,27.5474,3.711868,,5967,-1.449219,0.469422,17.2689,3.891726941930875
1169.0,2.31901,0.753061,27.571,3.711868,,5968,-1.449219,0.469825,17.2837,3.896657616917886
1170.0,2.319197,0.753705,27.5946,3.712178,,5969,-1.449219,0.470227,17.2985,3.92470847636903
1171.0,2.319197,0.754349,27.6181,3.712178,,5970,-1.449219,0.47063,17.3133,3.899702370286597
1172.0,2.319197,0.754993,27.6417,3.712178,,5971,-1.449219,0.471032,17.3282,3.8960879911956288
1173.0,2.31901,0.755638,27.6653,3.712798,,5972,-1.449219,0.471435,17.343,3.8997920480434107
1174.0,2.31901,0.756282,27.6889,3.712798,,5973,-1.449219,0.471838,17.3578,3.8857098342698557
1175.0,2.31901,0.756926,27.7125,3.712798,,5974,-1.449405,0.47224,17.3726,3.8885228212142358
1176.0,2.31901,0.75757,27.7361,3.712798,,5975,-1.449405,0.472643,17.3874,3.9082428661350703
1177.0,2.318825,0.758214,27.7597,3.713418,,5976,-1.449405,0.473045,17.4022,3.906038514748362
1178.0,2.318825,0.758858,27.7832,3.713418,,5977,-1.449405,0.473448,17.417,3.897715562545387
1179.0,2.318825,0.759502,27.8068,3.713728,,5978,-1.449405,0.473851,17.4318,3.90895483099492
1180.0,2.318825,0.760147,27.8304,3.713728,,5979,-1.449405,0.474253,17.4466,3.908358001966065
1181.0,2.319197,0.760791,27.854,3.713728,,5980,-1.449405,0.474656,17.4615,3.8995884302639383
1182.0,2.319197,0.761435,27.8776,3.713728,,5981,-1.449405,0.475058,17.4763,3.893084665349446
1183.0,2.319197,0.762079,27.9012,3.713728,,5982,-1.449033,0.475461,17.4911,3.8893899364742777
1184.0,2.319197,0.762723,27.9247,3.714038,,5983,-1.449033,0.475863,17.5059,3.886137269740249
1185.0,2.319197,0.763368,27.9483,3.714038,,5984,-1.449033,0.476266,17.5207,3.902522287880798
1186.0,2.31901,0.764012,27.9719,3.714348,,5985,-1.449033,0.476669,17.5355,3.889045726248495
1187.0,2.31901,0.764656,27.9955,3.714348,,5986,-1.449033,0.477071,17.5503,3.887222314746137
1188.0,2.31901,0.7653,28.0191,3.714348,,5987,-1.449033,0.477474,17.5651,3.8880332001053466
1189.0,2.31901,0.765944,28.0427,3.714658,,5988,-1.449405,0.477876,17.5799,3.906283684517371
1190.0,2.31901,0.766589,28.0663,3.714658,,5989,-1.449405,0.478279,17.5947,3.8909916037424463
1191.0,2.319197,0.767233,28.0898,3.714348,,5990,-1.449405,0.478681,17.6095,3.88768381402111
1192.0,2.319197,0.767877,28.1134,3.714348,,5991,-1.449033,0.479084,17.6243,3.921531361518504
1193.0,2.319383,0.768521,28.137,3.714658,,5992,-1.449033,0.479486,17.6392,3.88974181812632
1194.0,2.319383,0.769166,28.1606,3.714658,,5993,-1.449033,0.479889,17.654,3.876394087281501
1195.0,2.319197,0.76981,28.1842,3.714658,,5994,-1.449033,0.480291,17.6688,3.9028738668636698
1196.0,2.319197,0.770454,28.2078,3.714658,,5995,-1.449405,0.480694,17.6836,3.9020374017080557
1197.0,2.319197,0.771098,28.2314,3.714658,,5996,-1.449405,0.481097,17.6984,3.9018714008898523
1198.0,2.319197,0.771742,28.2549,3.714658,,5997,-1.449405,0.481499,17.7132,3.8977655114787093
1199.0,2.31901,0.772387,28.2785,3.715588,,5998,-1.449405,0.481902,17.728,3.910023809751977
1200.0,2.31901,0.773031,28.3021,3.715588,,5999,-1.449405,0.482304,17.7428,3.9029720147096176
1201.0,2.31901,0.773675,28.3257,3.715588,,6000,-1.449405,0.482707,17.7576,3.8964337266035893
1202.0,2.31901,0.774319,28.3493,3.715588,,6001,-1.449219,0.48311,17.7724,3.8974143245535613
1203.0,2.31901,0.774963,28.3729,3.715588,,6002,-1.449219,0.483512,17.7873,3.8912283502003717
1204.0,2.31901,0.775607,28.3965,3.715898,,6003,-1.449219,0.483915,17.8021,3.885482242321193
1205.0,2.31901,0.776252,28.42,3.715898,,6004,-1.449219,0.484317,17.8169,3.8756820607855507
1206.0,2.31901,0.776896,28.4436,3.716208,,6005,-1.449219,0.48472,17.8317,3.9052943236127597
1207.0,2.31901,0.77754,28.4672,3.716208,,6006,-1.449405,0.485123,17.8465,3.880920619210674
1208.0,2.31901,0.778184,28.4908,3.716208,,6007,-1.449405,0.485525,17.8613,3.9068237175007408
1209.0,2.31901,0.778828,28.5144,3.716518,,6008,-1.449033,0.485928,17.8761,3.8991713435909374
1210.0,2.319197,0.779472,28.538,3.716518,,6009,-1.449033,0.48633,17.8909,3.9046457597825897
1211.0,2.319197,0.780117,28.5615,3.716518,,6010,-1.449033,0.486733,17.9057,3.8801404644259154
1212.0,2.319197,0.780761,28.5851,3.716518,,6011,-1.449033,0.487135,17.9205,3.9078915426183563
1213.0,2.31901,0.781405,28.6087,3.716828,,6012,-1.449033,0.487538,17.9353,3.8924756535879985
1214.0,2.31901,0.782049,28.6323,3.716828,,6013,-1.449033,0.48794,17.9501,3.8740826499125136
1215.0,2.319197,0.782693,28.6559,3.717448,,6014,-1.448847,0.488343,17.965,3.885632931952809
1216.0,2.319197,0.783338,28.6795,3.717448,,6015,-1.448847,0.488745,17.9798,3.9184586600098252
1217.0,2.319197,0.783982,28.7031,3.717448,,6016,-1.448847,0.489148,17.9946,3.8976958289707486
1218.0,2.319197,0.784626,28.7266,3.718068,,6017,-1.448847,0.48955,18.0094,3.879330109018763
1219.0,2.319383,0.78527,28.7502,3.718068,,6018,-1.448847,0.489952,18.0242,3.888558014449921
1220.0,2.319383,0.785915,28.7738,3.718068,,6019,-1.449219,0.490355,18.039,3.891555614630235
1221.0,2.319383,0.786559,28.7974,3.718068,,6020,-1.449219,0.490758,18.0538,3.8865933532946197
1222.0,2.319383,0.787203,28.821,3.718378,,6021,-1.449405,0.49116,18.0686,3.8881129223983053
1223.0,2.319383,0.787848,28.8446,3.718378,,6022,-1.449405,0.491563,18.0834,3.910591278159707
1224.0,2.319197,0.788492,28.8682,3.718378,,6023,-1.449405,0.491965,18.0982,3.899326432601963
1225.0,2.319197,0.789136,28.8918,3.718378,,6024,-1.449405,0.492368,18.113,3.893331367571847
1226.0,2.319197,0.78978,28.9153,3.718998,,6025,-1.449405,0.492771,18.1279,3.8928415185654512
1227.0,2.319197,0.790424,28.9389,3.718998,,6026,-1.449405,0.493173,18.1427,3.904496334295267
1228.0,2.319197,0.791069,28.9625,3.718998,,6027,-1.449591,0.493576,18.1575,3.8875457634685877
1229.0,2.319197,0.791713,28.9861,3.718998,,6028,-1.449591,0.493979,18.1723,3.888388454543828
1230.0,2.319197,0.792357,29.0097,3.718998,,6029,-1.449405,0.494381,18.1871,3.877507247132075
1231.0,2.319197,0.793001,29.0333,3.718998,,6030,-1.449405,0.494784,18.2019,3.8816588800743554
1232.0,2.319197,0.793646,29.0569,3.718998,,6031,-1.449405,0.495186,18.2167,3.888983734565446
1233.0,2.31901,0.79429,29.0804,3.718998,,6032,-1.449405,0.495589,18.2315,3.8847444628813745
1234.0,2.31901,0.794934,29.104,3.718998,,6033,-1.449405,0.495992,18.2463,3.88464734251909
1235.0,2.31901,0.795578,29.1276,3.719308,,6034,-1.449405,0.496394,18.2612,3.8818901646558923
1236.0,2.31901,0.796222,29.1512,3.719308,,6035,-1.449405,0.496797,18.276,3.8909930573639953
1237.0,2.31901,0.796866,29.1748,3.719308,,6036,-1.449405,0.497199,18.2908,3.87147978229578
1238.0,2.31901,0.797511,29.1984,3.719308,,6037,-1.449405,0.497602,18.3056,3.9030231833583415
1239.0,2.31901,0.798155,29.2219,3.719308,,6038,-1.449405,0.498005,18.3204,3.877267485090344
1240.0,2.31901,0.798799,29.2455,3.719308,,6039,-1.449405,0.498407,18.3352,3.8875661744198386
1241.0,2.31901,0.799443,29.2691,3.719308,,6040,-1.449405,0.49881,18.35,3.8901694260946655
1242.0,2.319197,0.800087,29.2927,3.719928,,6041,-1.449405,0.499213,18.3648,3.8977512673321937
1243.0,2.319197,0.800731,29.3163,3.719928,,6042,-1.449405,0.499615,18.3796,3.888788495001166
1244.0,2.31901,0.801376,29.3399,3.719928,,6043,-1.449405,0.500018,18.3945,3.8740957552486233
1245.0,2.31901,0.80202,29.3635,3.719928,,6044,-1.449405,0.50042,18.4093,3.8869704944308237
1246.0,2.319197,0.802664,29.387,3.719928,,6045,-1.449405,0.500823,18.4241,3.9081042027723236
1247.0,2.319197,0.803308,29.4106,3.720858,,6046,-1.449405,0.501226,18.4389,3.864698294464619
1248.0,2.319197,0.803952,29.4342,3.720858,,6047,-1.449405,0.501628,18.4537,3.880036138262675
1249.0,2.319197,0.804597,29.4578,3.721168,,6048,-1.449405,0.502031,18.4685,3.9065785622419744
1250.0,2.319197,0.805241,29.4814,3.721168,,6049,-1.449405,0.502433,18.4833,3.8937528576338427
1251.0,2.319197,0.805885,29.505,3.721478,,6050,-1.449405,0.502836,18.4981,3.881053642362806
1252.0,2.319197,0.806529,29.5286,3.721478,,6051,-1.449405,0.503239,18.5129,3.9012416521833626
1253.0,2.31901,0.807173,29.5521,3.721478,,6052,-1.449405,0.503641,18.5278,3.9036020541992498
1254.0,2.31901,0.807818,29.5757,3.721478,,6053,-1.449405,0.504044,18.5426,3.8947484496078517
1255.0,2.31901,0.808462,29.5993,3.721478,,6054,-1.449405,0.504447,18.5574,3.8949423982248947
1256.0,2.31901,0.809106,29.6229,3.721478,,6055,-1.449405,0.504849,18.5722,3.8712619532280423
1257.0,2.31901,0.80975,29.6465,3.721478,,6056,-1.449405,0.505252,18.587,3.8979038559925527
1258.0,2.31901,0.810394,29.6701,3.722718,,6057,-1.449405,0.505654,18.6018,3.8936733081066723
1259.0,2.31901,0.811039,29.6937,3.722718,,6058,-1.449033,0.506057,18.6166,3.8905430889866053
1260.0,2.31901,0.811683,29.7172,3.723028,,6059,-1.449033,0.506459,18.6314,3.880607644859305
1261.0,2.31901,0.812327,29.7408,3.723028,,6060,-1.449219,0.506862,18.6462,3.8849228846273895
1262.0,2.31901,0.812971,29.7644,3.723028,,6061,-1.449219,0.507264,18.661,3.8940668434056076
1263.0,2.31901,0.813615,29.788,3.723028,,6062,-1.449219,0.507667,18.6759,3.8835272446552036
1264.0,2.319197,0.814259,29.8116,3.723028,,6063,-1.449219,0.50807,18.6907,3.8844660131026245
1265.0,2.319197,0.814904,29.8352,3.723028,,6064,-1.449405,0.508472,18.7055,3.878478995839319
1266.0,2.319197,0.815548,29.8587,3.723028,,6065,-1.449405,0.508875,18.7203,3.872445488547418
1267.0,2.319197,0.816192,29.8823,3.723338,,6066,-1.449405,0.509277,18.7351,3.8843552138059865
1268.0,2.319197,0.816836,29.9059,3.723338,,6067,-1.449405,0.50968,18.7499,3.87308455976887
1269.0,2.319197,0.817481,29.9295,3.723958,,6068,-1.449405,0.510083,18.7647,3.892373063348296
1270.0,2.319197,0.818125,29.9531,3.723958,,6069,-1.449405,0.510485,18.7795,3.89195206579024
1271.0,2.319197,0.818769,29.9767,3.723958,,6070,-1.449405,0.510888,18.7943,3.8821656399999407
1272.0,2.319197,0.819413,30.0003,3.723958,,6071,-1.449405,0.51129,18.8092,3.8859222660008683
1273.0,2.31901,0.820057,30.0238,3.723958,,6072,-1.449405,0.511693,18.824,3.893396381359906
1274.0,2.31901,0.820702,30.0474,3.723958,,6073,-1.449405,0.512096,18.8388,3.8838424902351822
1275.0,2.31901,0.821346,30.071,3.723958,,6074,-1.449405,0.512498,18.8536,3.9017877756758446
1276.0,2.31901,0.82199,30.0946,3.723958,,6075,-1.449033,0.512901,18.8684,3.8965602496616185
1277.0,2.31901,0.822634,30.1182,3.723958,,6076,-1.449033,0.513303,18.8832,3.878289093820939
1278.0,2.31901,0.823278,30.1418,3.723958,,6077,-1.449033,0.513706,18.898,3.8734006081115626
1279.0,2.31901,0.823922,30.1654,3.723958,,6078,-1.449033,0.514108,18.9128,3.8940957205958773
1280.0,2.31901,0.824567,30.1889,3.723958,,6079,-1.449033,0.514511,18.9276,3.8887442273204367
1281.0,2.31901,0.825211,30.2125,3.723958,,6080,-1.449033,0.514913,18.9424,3.8812861351896153
1282.0,2.31901,0.825855,30.2361,3.724578,,6081,-1.449405,0.515316,18.9572,3.8923285840828687
1283.0,2.31901,0.826499,30.2597,3.724578,,6082,-1.449405,0.515719,18.9721,3.8728061241204865
1284.0,2.31901,0.827143,30.2833,3.724578,,6083,-1.449405,0.516121,18.9869,3.8753792787153793
1285.0,2.31901,0.827787,30.3069,3.724578,,6084,-1.449405,0.516524,19.0017,3.879098092989939
1286.0,2.31901,0.828432,30.3304,3.724578,,6085,-1.449405,0.516926,19.0165,3.8725350868770207
1287.0,2.31901,0.829076,30.354,3.724578,,6086,-1.449405,0.517329,19.0313,3.860247132537854
1288.0,2.31901,0.82972,30.3776,3.724578,,6087,-1.449405,0.517732,19.0461,3.8795809635821614
1289.0,2.31901,0.830364,30.4012,3.724888,,6088,-1.449219,0.518134,19.0609,3.877189212973109
1290.0,2.31901,0.831008,30.4248,3.724888,,6089,-1.449219,0.518537,19.0757,3.8687251412062182
1291.0,2.31901,0.831652,30.4484,3.725199,,6090,-1.449405,0.518939,19.0905,3.8875022476401258
1292.0,2.31901,0.832297,30.472,3.725199,,6091,-1.449405,0.519342,19.1053,3.889181324100586
1293.0,2.318825,0.832941,30.4955,3.725818,,6092,-1.449033,0.519745,19.1202,3.865442509727317
1294.0,2.318825,0.833585,30.5191,3.725818,,6093,-1.449405,0.520147,19.135,3.878066185276312
1295.0,2.318825,0.834229,30.5427,3.725818,,6094,-1.449405,0.52055,19.1498,3.8668885694098254
1296.0,2.318825,0.834873,30.5663,3.726748,,6095,-1.449405,0.520952,19.1646,3.8763862367024875
1297.0,2.318825,0.835517,30.5899,3.726748,,6096,-1.449405,0.521355,19.1794,3.877712171464088
1298.0,2.31901,0.836161,30.6134,3.726748,,6097,-1.449405,0.521758,19.1942,3.8766885724967852
1299.0,2.31901,0.836806,30.637,3.726748,,6098,-1.449405,0.52216,19.209,3.873042640758248
1300.0,2.31901,0.83745,30.6606,3.726748,,6099,-1.449405,0.522563,19.2238,3.8870689702770713
1301.0,2.31901,0.838094,30.6842,3.726748,,6100,-1.449405,0.522965,19.2386,3.8679767237505778
1302.0,2.318825,0.838738,30.7078,3.726748,,6101,-1.449405,0.523368,19.2535,3.88813341296824
1303.0,2.318825,0.839382,30.7314,3.726748,,6102,-1.449405,0.523771,19.2683,3.8816502040537912
1304.0,2.318825,0.840026,30.7549,3.726748,,6103,-1.449219,0.524173,19.2831,3.8762289532447833
1305.0,2.318825,0.84067,30.7785,3.727679,,6104,-1.449219,0.524576,19.2979,3.8868436363881798
1306.0,2.318825,0.841314,30.8021,3.727679,,6105,-1.449219,0.524978,19.3127,3.874177233463127
1307.0,2.318825,0.841959,30.8257,3.727679,,6106,-1.449405,0.525381,19.3275,3.8619787120204045
1308.0,2.318825,0.842603,30.8493,3.727679,,6107,-1.449405,0.525784,19.3423,3.8652685849575343
1309.0,2.31901,0.843247,30.8729,3.728299,,6108,-1.449405,0.526186,19.3571,3.859298688016205
1310.0,2.31901,0.843891,30.8964,3.728299,,6109,-1.449405,0.526589,19.3719,3.888752968867686
1311.0,2.319197,0.844535,30.92,3.728609,,6110,-1.449033,0.526991,19.3867,3.870909264580724
1312.0,2.319197,0.845179,30.9436,3.728609,,6111,-1.449033,0.527394,19.4016,3.8663542395894437
1313.0,2.319197,0.845824,30.9672,3.728609,,6112,-1.449033,0.527796,19.4164,3.8733290576770556
1314.0,2.319197,0.846468,30.9908,3.729539,,6113,-1.449033,0.528199,19.4312,3.884981223970624
1315.0,2.318825,0.847112,31.0144,3.729539,,6114,-1.449219,0.528601,19.446,3.900123690549943
1316.0,2.318825,0.847756,31.038,3.729539,,6115,-1.449219,0.529004,19.4608,3.882467396796437
1317.0,2.318825,0.8484,31.0615,3.729539,,6116,-1.449591,0.529407,19.4756,3.86614965148828
1318.0,2.318825,0.849044,31.0851,3.729539,,6117,-1.449219,0.529809,19.4904,3.8686041542639673
1319.0,2.318825,0.849688,31.1087,3.729539,,6118,-1.449219,0.530212,19.5052,3.866636524057084
1320.0,2.31901,0.850333,31.1323,3.729539,,6119,-1.449033,0.530614,19.52,3.877372297890501
1321.0,2.31901,0.850977,31.1559,3.729539,,6120,-1.449033,0.531017,19.5348,3.8827013442370735
1322.0,2.31901,0.851621,31.1795,3.729539,,6121,-1.449033,0.531419,19.5496,3.868168493770898
1323.0,2.31901,0.852265,31.203,3.729539,,6122,-1.449033,0.531822,19.5644,3.8866032275243776
1324.0,2.31901,0.852909,31.2266,3.729539,,6123,-1.449405,0.532224,19.5793,3.881044085682326
1325.0,2.31901,0.853554,31.2502,3.729539,,6124,-1.449405,0.532627,19.5941,3.8846654867894936
1326.0,2.31901,0.854198,31.2738,3.729539,,6125,-1.449405,0.53303,19.6089,3.887471534988571
1327.0,2.31901,0.854842,31.2974,3.730159,,6126,-1.449405,0.533432,19.6237,3.873429491175876
1328.0,2.31901,0.855486,31.321,3.730159,,6127,-1.449219,0.533835,19.6385,3.8825840278837425
1329.0,2.319197,0.85613,31.3445,3.730159,,6128,-1.449219,0.534237,19.6533,3.8791494090816445
1330.0,2.319197,0.856774,31.3681,3.730159,,6129,-1.449033,0.53464,19.6681,3.881881882851112
1331.0,2.319197,0.857419,31.3917,3.730159,,6130,-1.449033,0.535042,19.6829,3.8665125361089006
1332.0,2.319197,0.858063,31.4153,3.730159,,6131,-1.449033,0.535445,19.6977,3.8826149895719815
1333.0,2.319197,0.858707,31.4389,3.730469,,6132,-1.449033,0.535847,19.7125,3.8744581186985196
1334.0,2.319197,0.859351,31.4625,3.730469,,6133,-1.449405,0.53625,19.7274,3.8616616668512185
1335.0,2.318825,0.859995,31.4861,3.730469,,6134,-1.449405,0.536653,19.7422,3.8783950868162793
1336.0,2.318825,0.86064,31.5096,3.730469,,6135,-1.449405,0.537055,19.757,3.862911228220946
1337.0,2.318825,0.861284,31.5332,3.730469,,6136,-1.449405,0.537458,19.7718,3.8721508026798923
1338.0,2.318825,0.861928,31.5568,3.730779,,6137,-1.449405,0.53786,19.7866,3.856553210912772
1339.0,2.318825,0.862572,31.5804,3.730779,,6138,-1.449777,0.538263,19.8014,3.8603710633671726
1340.0,2.318825,0.863216,31.604,3.731399,,6139,-1.449777,0.538666,19.8162,3.8546369812366432
1341.0,2.318825,0.86386,31.6276,3.731399,,6140,-1.449591,0.539069,19.831,3.8889229246077743
1342.0,2.318825,0.864504,31.6511,3.731399,,6141,-1.449591,0.539471,19.8459,3.8862526568089604
1343.0,2.318825,0.865148,31.6747,3.731709,,6142,-1.449591,0.539874,19.8607,3.877997929642984
1344.0,2.318825,0.865793,31.6983,3.732329,,6143,-1.449591,0.540277,19.8755,3.871383570575169
1345.0,2.318825,0.866437,31.7219,3.732329,,6144,-1.449033,0.540679,19.8903,3.8736671078729126
1346.0,2.318825,0.867081,31.7455,3.732329,,6145,-1.449033,0.541082,19.9051,3.887489231522457
1347.0,2.318825,0.867725,31.769,3.732639,,6146,-1.449033,0.541484,19.9199,3.8855217745520156
1348.0,2.318825,0.868369,31.7926,3.732639,,6147,-1.449033,0.541887,19.9347,3.8871319683647108
1349.0,2.319197,0.869013,31.8162,3.733259,,6148,-1.449033,0.542289,19.9495,3.869678936170303
1350.0,2.319197,0.869657,31.8398,3.733259,,6149,-1.449033,0.542692,19.9643,3.8804865876599854
1351.0,2.319197,0.870302,31.8634,3.733259,,6150,-1.449033,0.543094,19.9791,3.881510993177881
1352.0,2.319197,0.870946,31.887,3.733259,,6151,-1.449219,0.543497,19.9939,3.8432326343030003
1353.0,2.319197,0.87159,31.9106,3.733569,,6152,-1.449219,0.543899,20.0087,3.877559213520315
1354.0,2.319197,0.872234,31.9341,3.733569,,6153,-1.449405,0.544302,20.0236,3.8864134530361656
1355.0,2.319197,0.872879,31.9577,3.733569,,6154,-1.449405,0.544704,20.0384,3.857641068115056
1356.0,2.319197,0.873523,31.9813,3.734189,,6155,-1.449405,0.545107,20.0532,3.864304240005362
1357.0,2.319197,0.874167,32.0049,3.734189,,6156,-1.449405,0.54551,20.068,3.862828345590115
1358.0,2.319197,0.874811,32.0285,3.734499,,6157,-1.449405,0.545912,20.0828,3.883943397325997
1359.0,2.319197,0.875455,32.0521,3.734499,,6158,-1.449405,0.546315,20.0976,3.8833640759519903
1360.0,2.31901,0.8761,32.0757,3.734809,,6159,-1.449405,0.546718,20.1124,3.8771143822155083
1361.0,2.31901,0.876744,32.0992,3.734809,,6160,-1.449405,0.54712,20.1272,3.8703527823576453
1362.0,2.31901,0.877388,32.1228,3.734809,,6161,-1.449405,0.547523,20.142,3.8620484170759686
1363.0,2.31901,0.878032,32.1464,3.734809,,6162,-1.449405,0.547925,20.1569,3.8711517145411056
1364.0,2.31901,0.878676,32.17,3.734809,,6163,-1.449405,0.548328,20.1717,3.878187629492514
1365.0,2.31901,0.87932,32.1936,3.734809,,6164,-1.449405,0.548731,20.1865,3.8634725750694456
1366.0,2.31901,0.879965,32.2172,3.734809,,6165,-1.449405,0.549133,20.2013,3.8922328178363172
1367.0,2.31901,0.880609,32.2407,3.734809,,6166,-1.449033,0.549536,20.2161,3.8637665061068187
1368.0,2.31901,0.881253,32.2643,3.734809,,6167,-1.449033,0.549938,20.2309,3.866590791590248
1369.0,2.318825,0.881897,32.2879,3.734809,,6168,-1.449033,0.550341,20.2457,3.8675645138282704
1370.0,2.318825,0.882541,32.3115,3.734809,,6169,-1.449033,0.550743,20.2605,3.8801880146368175
1371.0,2.318825,0.883185,32.3351,3.734809,,6170,-1.449033,0.551146,20.2753,3.8652362537952056
1372.0,2.318825,0.883829,32.3587,3.734809,,6171,-1.449591,0.551548,20.2901,3.852295703254741
1373.0,2.31901,0.884474,32.3822,3.734809,,6172,-1.449591,0.551951,20.305,3.8843199342154446
1374.0,2.31901,0.885118,32.4058,3.735119,,6173,-1.449591,0.552354,20.3198,3.8763448439448727
1375.0,2.31901,0.885762,32.4294,3.735119,,6174,-1.449591,0.552756,20.3346,3.875460805834932
1376.0,2.31901,0.886406,32.453,3.735119,,6175,-1.449591,0.553159,20.3494,3.877798009823224
1377.0,2.31901,0.88705,32.4766,3.735119,,6176,-1.449591,0.553562,20.3642,3.8731212825716477
1378.0,2.31901,0.887694,32.5002,3.735119,,6177,-1.449405,0.553964,20.379,3.861962451271074
1379.0,2.31901,0.888339,32.5238,3.735119,,6178,-1.449405,0.554367,20.3938,3.8717518843868013
1380.0,2.31901,0.888983,32.5473,3.735119,,6179,-1.449405,0.55477,20.4086,3.8770966889091616
1381.0,2.31901,0.889627,32.5709,3.735119,,6180,-1.449405,0.555172,20.4235,3.8668377043963105
1382.0,2.31901,0.890271,32.5945,3.735119,,6181,-1.449405,0.555575,20.4383,3.866669167100458
1383.0,2.31901,0.890915,32.6181,3.736359,,6182,-1.449033,0.555977,20.4531,3.875170886255782
1384.0,2.31901,0.891559,32.6417,3.736359,,6183,-1.449033,0.55638,20.4679,3.8585557270375572
1385.0,2.318825,0.892204,32.6653,3.736359,,6184,-1.449033,0.556782,20.4827,3.8612329853115703
1386.0,2.318825,0.892848,32.6888,3.736359,,6185,-1.449033,0.557185,20.4975,3.865258072451289
1387.0,2.318825,0.893492,32.7124,3.736979,,6186,-1.449405,0.557587,20.5123,3.8972001599298003
1388.0,2.318825,0.894136,32.736,3.736979,,6187,-1.449405,0.55799,20.5271,3.86202515135489
1389.0,2.31901,0.89478,32.7596,3.736979,,6188,-1.449405,0.558393,20.5419,3.8661779170119805
1390.0,2.31901,0.895424,32.7832,3.736979,,6189,-1.449405,0.558795,20.5567,3.8789734295110305
1391.0,2.31901,0.896068,32.8068,3.737289,,6190,-1.449405,0.559198,20.5715,3.8574200925808086
1392.0,2.31901,0.896713,32.8303,3.737289,,6191,-1.449405,0.5596,20.5864,3.8593148765597185
1393.0,2.31901,0.897357,32.8539,3.737289,,6192,-1.449405,0.560003,20.6012,3.8755082153369047
1394.0,2.31901,0.898001,32.8775,3.737909,,6193,-1.449405,0.560406,20.616,3.859176922731975
1395.0,2.31901,0.898645,32.9011,3.737909,,6194,-1.449033,0.560808,20.6308,3.8506256344581393
1396.0,2.31901,0.899289,32.9247,3.738839,,6195,-1.449033,0.561211,20.6456,3.871411823981841
1397.0,2.31901,0.899933,32.9483,3.738839,,6196,-1.449033,0.561613,20.6604,3.8699239124996585
1398.0,2.31901,0.900578,32.9718,3.738839,,6197,-1.449219,0.562016,20.6752,3.872153464124393
1399.0,2.31901,0.901222,32.9954,3.738839,,6198,-1.449219,0.562418,20.69,3.851898730955281
1400.0,2.31901,0.901866,33.019,3.739149,,6199,-1.449591,0.562821,20.7048,3.853467822819474
1401.0,2.31901,0.90251,33.0426,3.739149,,6200,-1.449591,0.563224,20.7196,3.846846752146819
1402.0,2.31901,0.903154,33.0662,3.739459,,6201,-1.449591,0.563626,20.7345,3.860780708481693
1403.0,2.31901,0.903798,33.0898,3.739459,,6202,-1.449591,0.564029,20.7493,3.881407537890746
1404.0,2.31901,0.904443,33.1134,3.739459,,6203,-1.449405,0.564432,20.7641,3.845149052840674
1405.0,2.31901,0.905087,33.1369,3.739769,,6204,-1.449405,0.564834,20.7789,3.853656727850871
1406.0,2.31901,0.905731,33.1605,3.739769,,6205,-1.449219,0.565237,20.7937,3.868549218977386
1407.0,2.31901,0.906375,33.1841,3.739769,,6206,-1.449219,0.565639,20.8085,3.8966507552541163
1408.0,2.31901,0.907019,33.2077,3.739769,,6207,-1.449219,0.566042,20.8233,3.85906336812873
1409.0,2.319197,0.907664,33.2313,3.739769,,6208,-1.449219,0.566444,20.8381,3.8651689994911615
1410.0,2.319197,0.908308,33.2549,3.739769,,6209,-1.449219,0.566847,20.8529,3.8641200439724526
1411.0,2.319197,0.908952,33.2785,3.740079,,6210,-1.449405,0.56725,20.8678,3.8711665553881613
1412.0,2.319197,0.909596,33.302,3.740079,,6211,-1.449405,0.567652,20.8826,3.829633375023523
1413.0,2.319197,0.91024,33.3256,3.740079,,6212,-1.449405,0.568055,20.8974,3.853659495981915
1414.0,2.319197,0.910885,33.3492,3.740079,,6213,-1.449405,0.568457,20.9122,3.8689679777820136
1415.0,2.319197,0.911529,33.3728,3.740079,,6214,-1.449405,0.56886,20.927,3.848587669003654
1416.0,2.319197,0.912173,33.3964,3.740079,,6215,-1.449405,0.569263,20.9418,3.862018767023794
1417.0,2.319197,0.912817,33.42,3.740079,,6216,-1.449405,0.569665,20.9566,3.854248662466385
1418.0,2.319197,0.913462,33.4436,3.740079,,6217,-1.449405,0.570068,20.9714,3.860015159430103
1419.0,2.319197,0.914106,33.4671,3.740079,,6218,-1.449219,0.570471,20.9862,3.8712405308500135
1420.0,2.319197,0.91475,33.4907,3.740079,,6219,-1.449219,0.570873,21.0011,3.8619542531119624
1421.0,2.319197,0.915394,33.5143,3.740079,,6220,-1.449219,0.571276,21.0159,3.8657947856572146
1422.0,2.31901,0.916038,33.5379,3.740079,,6221,-1.449219,0.571678,21.0307,3.8654431928389186
1423.0,2.31901,0.916683,33.5615,3.740079,,6222,-1.449219,0.572081,21.0455,3.8624979371547314
1424.0,2.31901,0.917327,33.5851,3.740079,,6223,-1.449405,0.572483,21.0603,3.8751975865037274
1425.0,2.319197,0.917971,33.6087,3.740079,,6224,-1.449405,0.572886,21.0751,3.874383430464769
1426.0,2.319197,0.918615,33.6322,3.740079,,6225,-1.449405,0.573289,21.0899,3.8596992198973954
1427.0,2.31901,0.919259,33.6558,3.740079,,6226,-1.449405,0.573691,21.1047,3.8600016692400314
1428.0,2.31901,0.919904,33.6794,3.740079,,6227,-1.449405,0.574094,21.1195,3.8477191608956667
1429.0,2.319197,0.920548,33.703,3.740699,,6228,-1.449405,0.574496,21.1343,3.856556296201818
1430.0,2.319197,0.921192,33.7266,3.740699,,6229,-1.449405,0.574899,21.1492,3.8635173072273683
1431.0,2.31901,0.921836,33.7502,3.740699,,6230,-1.449405,0.575302,21.164,3.8618502497244744
1432.0,2.31901,0.92248,33.7737,3.740699,,6231,-1.449591,0.575704,21.1788,3.870725923595779
1433.0,2.31901,0.923124,33.7973,3.74194,,6232,-1.449591,0.576107,21.1936,3.8621146817341563
1434.0,2.31901,0.923769,33.8209,3.74194,,6233,-1.449405,0.57651,21.2084,3.8630777817459463
1435.0,2.31901,0.924413,33.8445,3.74194,,6234,-1.449591,0.576912,21.2232,3.849061330682207
1436.0,2.31901,0.925057,33.8681,3.742559,,6235,-1.449591,0.577315,21.238,3.859217437522893
1437.0,2.31901,0.925701,33.8917,3.742559,,6236,-1.449405,0.577718,21.2528,3.8664256888245343
1438.0,2.31901,0.926345,33.9152,3.74287,,6237,-1.449405,0.57812,21.2677,3.8354337066484208
1439.0,2.31901,0.926989,33.9388,3.74287,,6238,-1.449405,0.578523,21.2825,3.8649649931993575
1440.0,2.31901,0.927634,33.9624,3.74287,,6239,-1.449405,0.578925,21.2973,3.875255007722031
1441.0,2.31901,0.928278,33.986,3.74287,,6240,-1.449405,0.579328,21.3121,3.864653000854844
1442.0,2.31901,0.928922,34.0096,3.74287,,6241,-1.449405,0.579731,21.3269,3.8659914846136068
1443.0,2.31901,0.929566,34.0332,3.74318,,6242,-1.449405,0.580133,21.3417,3.8639809274260632
1444.0,2.31901,0.93021,34.0568,3.74318,,6243,-1.449405,0.580536,21.3565,3.8574788450806254
1445.0,2.31901,0.930854,34.0803,3.7438,,6244,-1.449219,0.580938,21.3713,3.845945263885859
1446.0,2.31901,0.931499,34.1039,3.7438,,6245,-1.449219,0.581341,21.3861,3.842370221262537
1447.0,2.318825,0.932143,34.1275,3.74411,,6246,-1.449405,0.581744,21.401,3.8643534860990023
1448.0,2.318825,0.932787,34.1511,3.74411,,6247,-1.449405,0.582146,21.4158,3.859330560461321
1449.0,2.318825,0.933431,34.1747,3.74411,,6248,-1.449219,0.582549,21.4306,3.8467011633288752
1450.0,2.318825,0.934075,34.1983,3.74411,,6249,-1.449219,0.582951,21.4454,3.861993865354379
1451.0,2.318825,0.934719,34.2218,3.74473,,6250,-1.449219,0.583354,21.4602,3.851925208916929
1452.0,2.318825,0.935363,34.2454,3.74473,,6251,-1.449219,0.583756,21.475,3.879138031441406
1453.0,2.318825,0.936007,34.269,3.74473,,6252,-1.449219,0.584159,21.4898,3.842585444850001
1454.0,2.318825,0.936652,34.2926,3.74473,,6253,-1.449219,0.584562,21.5046,3.870710447406599
1455.0,2.318825,0.937296,34.3162,3.74473,,6254,-1.449219,0.584964,21.5194,3.8593189438095954
1456.0,2.31901,0.93794,34.3397,3.74473,,6255,-1.449219,0.585367,21.5342,3.8585841701693107
1457.0,2.31901,0.938584,34.3633,3.74473,,6256,-1.449219,0.585769,21.549,3.8647660698337574
1458.0,2.319197,0.939228,34.3869,3.74473,,6257,-1.449405,0.586172,21.5639,3.8676561271060037
1459.0,2.319197,0.939873,34.4105,3.74473,,6258,-1.449405,0.586574,21.5787,3.8532394982116394
1460.0,2.319197,0.940517,34.4341,3.74473,,6259,-1.449219,0.586977,21.5935,3.8551136826664343
1461.0,2.319197,0.941161,34.4577,3.74473,,6260,-1.449219,0.58738,21.6083,3.869498974199493
1462.0,2.319197,0.941805,34.4813,3.74473,,6261,-1.449219,0.587782,21.6231,3.871942141987754
1463.0,2.319197,0.942449,34.5049,3.74473,,6262,-1.449219,0.588185,21.6379,3.853960474288089
1464.0,2.319197,0.943094,34.5284,3.74473,,6263,-1.449219,0.588587,21.6527,3.872654743884359
1465.0,2.319197,0.943738,34.552,3.74535,,6264,-1.449405,0.58899,21.6675,3.850329723899263
1466.0,2.319197,0.944382,34.5756,3.74535,,6265,-1.449405,0.589392,21.6823,3.856458360870513
1467.0,2.319197,0.945026,34.5992,3.74535,,6266,-1.449405,0.589795,21.6971,3.8431422335489933
1468.0,2.319197,0.94567,34.6228,3.74535,,6267,-1.449405,0.590198,21.712,3.864927277585273
1469.0,2.31901,0.946315,34.6464,3.74566,,6268,-1.449405,0.5906,21.7268,3.8458253232418156
1470.0,2.31901,0.946959,34.67,3.74566,,6269,-1.449405,0.591003,21.7416,3.8357473318156554
1471.0,2.31901,0.947603,34.6935,3.74566,,6270,-1.449405,0.591406,21.7564,3.861909266949202
1472.0,2.31901,0.948247,34.7171,3.74566,,6271,-1.449405,0.591808,21.7712,3.8474963557119164
1473.0,2.31901,0.948891,34.7407,3.74566,,6272,-1.449033,0.592211,21.786,3.858525711081179
1474.0,2.31901,0.949535,34.7643,3.74659,,6273,-1.449033,0.592613,21.8008,3.8580968613243494
1475.0,2.319197,0.95018,34.7879,3.74659,,6274,-1.449033,0.593016,21.8156,3.860500103537619
1476.0,2.319197,0.950824,34.8115,3.7469,,6275,-1.449033,0.593418,21.8304,3.8691355505791756
1477.0,2.319197,0.951468,34.835,3.7469,,6276,-1.449033,0.593821,21.8452,3.8592042474868267
1478.0,2.319197,0.952112,34.8586,3.74752,,6277,-1.449219,0.594223,21.8601,3.850036395380537
1479.0,2.319197,0.952757,34.8822,3.74752,,6278,-1.449219,0.594626,21.8749,3.8684585434141066
1480.0,2.319197,0.953401,34.9058,3.74783,,6279,-1.449219,0.595028,21.8897,3.856156812769495
1481.0,2.319197,0.954045,34.9294,3.74783,,6280,-1.449219,0.595431,21.9045,3.8679235965516634
1482.0,2.319197,0.954689,34.953,3.74783,,6281,-1.449219,0.595833,21.9193,3.841204464147696
1483.0,2.31901,0.955333,34.9766,3.74845,,6282,-1.449219,0.596236,21.9341,3.8355889707094555
1484.0,2.31901,0.955978,35.0001,3.74845,,6283,-1.449219,0.596639,21.9489,3.874951357813592
1485.0,2.31901,0.956622,35.0237,3.74907,,6284,-1.449219,0.597041,21.9637,3.8537131854066233
1486.0,2.31901,0.957266,35.0473,3.74907,,6285,-1.449219,0.597444,21.9785,3.8488222528313747
1487.0,2.31901,0.95791,35.0709,3.74938,,6286,-1.449219,0.597846,21.9933,3.846687814080782
1488.0,2.31901,0.958554,35.0945,3.74938,,6287,-1.449405,0.598249,22.0081,3.850551367811056
1489.0,2.31901,0.959198,35.1181,3.74969,,6288,-1.449405,0.598652,22.023,3.842144606591788
1490.0,2.31901,0.959843,35.1417,3.74969,,6289,-1.449405,0.599054,22.0378,3.851065280113405
1491.0,2.31901,0.960487,35.1652,3.74969,,6290,-1.449405,0.599457,22.0526,3.8445310707980687
1492.0,2.31901,0.961131,35.1888,3.75,,6291,-1.449405,0.599859,22.0674,3.861671963827217
1493.0,2.31901,0.961775,35.2124,3.75,,6292,-1.449033,0.600262,22.0822,3.8650105775189494
1494.0,2.31901,0.962419,35.236,3.75,,6293,-1.449033,0.600664,22.097,3.855066935283937
1495.0,2.31901,0.963063,35.2596,3.75,,6294,-1.449033,0.601067,22.1118,3.8593198372853976
1496.0,2.319197,0.963708,35.2832,3.75,,6295,-1.449033,0.601469,22.1266,3.8256365868338826
1497.0,2.319197,0.964352,35.3067,3.75,,6296,-1.449033,0.601872,22.1414,3.858549062359112
1498.0,2.319197,0.964996,35.3303,3.75,,6297,-1.449405,0.602275,22.1562,3.8426284596478886
1499.0,2.319197,0.96564,35.3539,3.75,,6298,-1.449405,0.602677,22.171,3.856249375756473
1500.0,2.319197,0.966285,35.3775,3.75,,6299,-1.449219,0.60308,22.1859,3.859441786352522
1501.0,2.319197,0.966929,35.4011,3.75,,6300,-1.449219,0.603482,22.2007,3.844059091858983
1502.0,2.319197,0.967573,35.4247,3.75,,6301,-1.449405,0.603885,22.2155,3.827947206252917
1503.0,2.319197,0.968217,35.4483,3.75031,,6302,-1.449405,0.604287,22.2303,3.855004079018678
1504.0,2.319197,0.968861,35.4718,3.75031,,6303,-1.449405,0.60469,22.2451,3.830325395038396
1505.0,2.318825,0.969506,35.4954,3.75031,,6304,-1.449405,0.605093,22.2599,3.8591405564283345
1506.0,2.318825,0.97015,35.519,3.75031,,6305,-1.449405,0.605495,22.2747,3.845854323930966
1507.0,2.31901,0.970794,35.5426,3.75031,,6306,-1.449405,0.605898,22.2895,3.843567633310527
1508.0,2.31901,0.971438,35.5662,3.75031,,6307,-1.449405,0.606301,22.3043,3.8690490179994663
1509.0,2.31901,0.972082,35.5898,3.75031,,6308,-1.449405,0.606703,22.3192,3.853744934588806
1510.0,2.31901,0.972726,35.6133,3.75031,,6309,-1.449405,0.607106,22.334,3.844931620473036
1511.0,2.31901,0.973371,35.6369,3.75031,,6310,-1.449405,0.607508,22.3488,3.827759927963511
1512.0,2.31901,0.974015,35.6605,3.75031,,6311,-1.449405,0.607911,22.3636,3.8545361254632478
1513.0,2.31901,0.974659,35.6841,3.75031,,6312,-1.449033,0.608314,22.3784,3.848956014273418
1514.0,2.31901,0.975303,35.7077,3.75031,,6313,-1.449033,0.608716,22.3932,3.854612583398663
1515.0,2.31901,0.975947,35.7313,3.75031,,6314,-1.449405,0.609119,22.408,3.8524306455903914
1516.0,2.319197,0.976591,35.7549,3.75093,,6315,-1.449405,0.609521,22.4228,3.8485943792681625
1517.0,2.319197,0.977236,35.7784,3.75093,,6316,-1.449405,0.609924,22.4376,3.8429803126988977
1518.0,2.319197,0.97788,35.802,3.75186,,6317,-1.449405,0.610326,22.4524,3.8525564564075636
1519.0,2.319197,0.978524,35.8256,3.75186,,6318,-1.449405,0.610729,22.4673,3.846926062691597
1520.0,2.319197,0.979168,35.8492,3.75186,,6319,-1.449405,0.611132,22.4821,3.8447001950956694
1521.0,2.319197,0.979813,35.8728,3.75186,,6320,-1.449405,0.611534,22.4969,3.8552674909719142
1522.0,2.319197,0.980457,35.8964,3.75186,,6321,-1.449405,0.611937,22.5117,3.8503555816913915
1523.0,2.319197,0.981101,35.92,3.75217,,6322,-1.449405,0.612339,22.5265,3.8511751837925132
1524.0,2.319197,0.981745,35.9435,3.75217,,6323,-1.449405,0.612742,22.5413,3.831238556931626
1525.0,2.31901,0.982389,35.9671,3.75341,,6324,-1.449219,0.613145,22.5561,3.8449545364411954
1526.0,2.31901,0.983034,35.9907,3.75341,,6325,-1.449219,0.613547,22.5709,3.846017589627492
1527.0,2.31901,0.983678,36.0143,3.75372,,6326,-1.449219,0.61395,22.5857,3.8581087623805814
1528.0,2.31901,0.984322,36.0379,3.75372,,6327,-1.449033,0.614352,22.6005,3.8361818875952536
1529.0,2.319197,0.984966,36.0615,3.75372,,6328,-1.449033,0.614755,22.6154,3.8523395792617645
1530.0,2.319197,0.98561,36.0851,3.75372,,6329,-1.449405,0.615157,22.6302,3.8557900947015926
1531.0,2.319197,0.986255,36.1086,3.75372,,6330,-1.449405,0.61556,22.645,3.8358804216387203
1532.0,2.319197,0.986899,36.1322,3.75403,,6331,-1.449405,0.615963,22.6598,3.8469995457844077
1533.0,2.319197,0.987543,36.1558,3.75403,,6332,-1.449405,0.616365,22.6746,3.842049392352323
1534.0,2.319197,0.988187,36.1794,3.75465,,6333,-1.449405,0.616768,22.6894,3.8532334994035002
1535.0,2.319197,0.988831,36.203,3.75465,,6334,-1.449405,0.617171,22.7042,3.8450628487982366
1536.0,2.319197,0.989476,36.2266,3.75465,,6335,-1.449591,0.617573,22.719,3.855188248492381
1537.0,2.319197,0.99012,36.2502,3.75465,,6336,-1.449591,0.617976,22.7339,3.8320927205805244
1538.0,2.31901,0.990764,36.2737,3.75496,,6337,-1.449591,0.618379,22.7487,3.8430739028045284
1539.0,2.31901,0.991408,36.2973,3.75496,,6338,-1.449591,0.618781,22.7635,3.8340083789040316
1540.0,2.31901,0.992052,36.3209,3.75496,,6339,-1.449591,0.619184,22.7783,3.8520608904644993
1541.0,2.31901,0.992697,36.3445,3.75496,,6340,-1.449033,0.619586,22.7931,3.859237863595939
1542.0,2.31901,0.993341,36.3681,3.75496,,6341,-1.449033,0.619989,22.8079,3.847308527897428
1543.0,2.31901,0.993985,36.3917,3.75527,,6342,-1.449033,0.620391,22.8227,3.8433453893502874
1544.0,2.31901,0.994629,36.4152,3.75527,,6343,-1.449033,0.620794,22.8375,3.821110720744895
1545.0,2.319197,0.995273,36.4388,3.75558,,6344,-1.449033,0.621196,22.8523,3.831430078353923
1546.0,2.319197,0.995918,36.4624,3.75558,,6345,-1.449033,0.621599,22.8671,3.850545399810139
1547.0,2.31901,0.996562,36.486,3.75558,,6346,-1.449033,0.622001,22.8819,3.8501951024923637
1548.0,2.31901,0.997206,36.5096,3.75558,,6347,-1.449033,0.622404,22.8967,3.8608672741662677
1549.0,2.318825,0.99785,36.5332,3.75589,,6348,-1.449405,0.622806,22.9116,3.8386313874259606
1550.0,2.318825,0.998494,36.5568,3.75589,,6349,-1.449405,0.623209,22.9264,3.8410786191497666
1551.0,2.318825,0.999138,36.5803,3.75589,,6350,-1.449405,0.623612,22.9412,3.8440272524206125
1552.0,2.318825,0.999782,36.6039,3.75589,,6351,-1.449591,0.624014,22.956,3.8394526677657645
1553.0,2.318825,1.000426,36.6275,3.75589,,6352,-1.449591,0.624417,22.9708,3.839342629425844
1554.0,2.319197,1.001071,36.6511,3.7562,,6353,-1.449591,0.62482,22.9856,3.838269215701876
1555.0,2.319197,1.001715,36.6747,3.7562,,6354,-1.449591,0.625222,23.0004,3.840683000089574
1556.0,2.319197,1.002359,36.6983,3.7562,,6355,-1.449591,0.625625,23.0152,3.837718789413034
1557.0,2.319197,1.003003,36.7218,3.7562,,6356,-1.449591,0.626028,23.0301,3.8508461392569764
1558.0,2.319197,1.003648,36.7454,3.75651,,6357,-1.449033,0.62643,23.0449,3.8378804360014147
1559.0,2.319197,1.004292,36.769,3.75651,,6358,-1.449033,0.626833,23.0597,3.8530846768260396
1560.0,2.31901,1.004936,36.7926,3.75651,,6359,-1.448847,0.627235,23.0745,3.847041381829082
1561.0,2.31901,1.00558,36.8162,3.75682,,6360,-1.448847,0.627638,23.0893,3.8477166627294164
1562.0,2.31901,1.006224,36.8398,3.75682,,6361,-1.449033,0.62804,23.1041,3.83432626799389
1563.0,2.31901,1.006868,36.8634,3.757751,,6362,-1.449033,0.628443,23.1189,3.840951922591285
1564.0,2.31901,1.007513,36.8869,3.757751,,6363,-1.449033,0.628845,23.1337,3.8377795294489334
1565.0,2.31901,1.008157,36.9105,3.75806,,6364,-1.449033,0.629248,23.1485,3.8391842189782754
1566.0,2.31901,1.008801,36.9341,3.75806,,6365,-1.449033,0.62965,23.1633,3.834783314924168
1567.0,2.31901,1.009445,36.9577,3.758371,,6366,-1.449033,0.630053,23.1781,3.8348497531871137
1568.0,2.31901,1.010089,36.9813,3.758371,,6367,-1.449033,0.630455,23.1929,3.84248164916941
1569.0,2.31901,1.010733,37.0049,3.758371,,6368,-1.449033,0.630858,23.2077,3.856092479327522
1570.0,2.31901,1.011378,37.0284,3.758371,,6369,-1.449033,0.63126,23.2225,3.826627693870968
1571.0,2.31901,1.012022,37.052,3.758371,,6370,-1.449033,0.631663,23.2374,3.8386117647130584
1572.0,2.31901,1.012666,37.0756,3.758371,,6371,-1.449033,0.632065,23.2522,3.8542944247449458
1573.0,2.31901,1.01331,37.0992,3.758371,,6372,-1.449033,0.632468,23.267,3.8385050959935825
1574.0,2.319197,1.013954,37.1228,3.758991,,6373,-1.449033,0.63287,23.2818,3.846098058047908
1575.0,2.319197,1.014599,37.1464,3.758991,,6374,-1.449033,0.633273,23.2966,3.830560669133529
1576.0,2.319197,1.015243,37.17,3.759921,,6375,-1.449405,0.633675,23.3114,3.856872227200069
1577.0,2.319197,1.015887,37.1935,3.759921,,6376,-1.449405,0.634078,23.3262,3.8287262178880233
1578.0,2.31901,1.016531,37.2171,3.760541,,6377,-1.449033,0.634481,23.341,3.82706870083281
1579.0,2.31901,1.017175,37.2407,3.760541,,6378,-1.449033,0.634883,23.3558,3.839126083092441
1580.0,2.31901,1.01782,37.2643,3.760851,,6379,-1.449033,0.635286,23.3706,3.840695325677615
1581.0,2.31901,1.018464,37.2879,3.760851,,6380,-1.449033,0.635688,23.3854,3.844599833317477
1582.0,2.31901,1.019108,37.3115,3.760851,,6381,-1.449033,0.636091,23.4002,3.8502228345018925
1583.0,2.319197,1.019752,37.3351,3.761161,,6382,-1.449033,0.636493,23.4151,3.82999273038655
1584.0,2.319197,1.020396,37.3586,3.761161,,6383,-1.449033,0.636896,23.4299,3.846975106930574
1585.0,2.319197,1.021041,37.3822,3.760851,,6384,-1.449033,0.637298,23.4447,3.83462393388622
1586.0,2.319197,1.021685,37.4058,3.760851,,6385,-1.449219,0.637701,23.4595,3.8354938572441593
1587.0,2.31901,1.022329,37.4294,3.761161,,6386,-1.449219,0.638103,23.4743,3.8358313162289317
1588.0,2.31901,1.022973,37.453,3.761161,,6387,-1.449405,0.638506,23.4891,3.8378333597230867
1589.0,2.31901,1.023617,37.4766,3.761161,,6388,-1.449405,0.638908,23.5039,3.846881633513391
1590.0,2.31901,1.024261,37.5001,3.761471,,6389,-1.449405,0.639311,23.5187,3.8437903919540566
1591.0,2.31901,1.024906,37.5237,3.761471,,6390,-1.449405,0.639714,23.5335,3.834205443308533
1592.0,2.31901,1.02555,37.5473,3.761471,,6391,-1.449405,0.640116,23.5483,3.8323239951656576
1593.0,2.31901,1.026194,37.5709,3.761471,,6392,-1.449219,0.640519,23.5632,3.833230032572246
1594.0,2.31901,1.026838,37.5945,3.761471,,6393,-1.449219,0.640921,23.578,3.8615172984210715
1595.0,2.31901,1.027482,37.6181,3.761471,,6394,-1.449219,0.641324,23.5928,3.829511177666454
1596.0,2.31901,1.028126,37.6417,3.761781,,6395,-1.449033,0.641726,23.6076,3.8231112372138814
1597.0,2.31901,1.028771,37.6652,3.761781,,6396,-1.449033,0.642129,23.6224,3.8331714987041923
1598.0,2.31901,1.029415,37.6888,3.761781,,6397,-1.449033,0.642531,23.6372,3.8542485175994066
1599.0,2.31901,1.030059,37.7124,3.761781,,6398,-1.449033,0.642934,23.652,3.850832885179443
1600.0,2.319197,1.030703,37.736,3.761781,,6399,-1.449405,0.643337,23.6668,3.8336476641736676
1601.0,2.319197,1.031347,37.7596,3.761781,,6400,-1.449405,0.643739,23.6816,3.8414402760596484
1602.0,2.319197,1.031992,37.7832,3.761781,,6401,-1.449405,0.644142,23.6964,3.84529527192952
1603.0,2.319197,1.032636,37.8068,3.762091,,6402,-1.449405,0.644544,23.7112,3.8502159975812966
1604.0,2.319197,1.03328,37.8303,3.762091,,6403,-1.449405,0.644947,23.7261,3.8246784642541685
1605.0,2.319197,1.033924,37.8539,3.762711,,6404,-1.449405,0.64535,23.7409,3.85513857709544
1606.0,2.319197,1.034569,37.8775,3.762711,,6405,-1.449219,0.645752,23.7557,3.855070074295538
1607.0,2.319197,1.035213,37.9011,3.763021,,6406,-1.449219,0.646155,23.7705,3.83408617746227
1608.0,2.319197,1.035857,37.9247,3.763021,,6407,-1.449219,0.646557,23.7853,3.8275585815286166
1609.0,2.31901,1.036501,37.9483,3.763331,,6408,-1.449219,0.64696,23.8001,3.83445582224104
1610.0,2.31901,1.037145,37.9718,3.763331,,6409,-1.449405,0.647363,23.8149,3.83286589623976
1611.0,2.31901,1.037789,37.9954,3.763331,,6410,-1.449405,0.647765,23.8297,3.841476068104644
1612.0,2.31901,1.038434,38.019,3.763641,,6411,-1.449405,0.648168,23.8445,3.8024358149087076
1613.0,2.31901,1.039078,38.0426,3.763641,,6412,-1.449405,0.64857,23.8593,3.8202673498274082
1614.0,2.319197,1.039722,38.0662,3.763641,,6413,-1.449405,0.648973,23.8742,3.8423976824533703
1615.0,2.319197,1.040366,38.0898,3.763641,,6414,-1.449033,0.649375,23.889,3.8375720612381126
1616.0,2.319197,1.04101,38.1134,3.764261,,6415,-1.449033,0.649778,23.9038,3.850226401313345
1617.0,2.319197,1.041655,38.1369,3.764261,,6416,-1.449033,0.65018,23.9186,3.8261456038946497
1618.0,2.319197,1.042299,38.1605,3.764261,,6417,-1.449033,0.650583,23.9334,3.816895258058437
1619.0,2.319197,1.042943,38.1841,3.765191,,6418,-1.449405,0.650986,23.9482,3.8337673574363045
1620.0,2.31901,1.043587,38.2077,3.765191,,6419,-1.449405,0.651388,23.963,3.829210405001883
1621.0,2.31901,1.044232,38.2313,3.765191,,6420,-1.449405,0.651791,23.9778,3.8286467759006877
1622.0,2.31901,1.044876,38.2549,3.765191,,6421,-1.449405,0.652193,23.9926,3.8480624482972514
1623.0,2.31901,1.04552,38.2785,3.765811,,6422,-1.449405,0.652596,24.0074,3.8323107588394887
1624.0,2.31901,1.046164,38.302,3.765811,,6423,-1.449405,0.652999,24.0223,3.8364214808679344
1625.0,2.318825,1.046808,38.3256,3.765811,,6424,-1.449405,0.653401,24.0371,3.834996433639936
1626.0,2.318825,1.047452,38.3492,3.765811,,6425,-1.449405,0.653804,24.0519,3.8297995224140977
1627.0,2.31901,1.048096,38.3728,3.765811,,6426,-1.449405,0.654207,24.0667,3.8206125371292097
1628.0,2.31901,1.048741,38.3964,3.765811,,6427,-1.449405,0.654609,24.0815,3.8414211653749972
1629.0,2.31901,1.049385,38.42,3.765811,,6428,-1.449405,0.655012,24.0963,3.8357428675879173
1630.0,2.31901,1.050029,38.4435,3.765811,,6429,-1.449405,0.655414,24.1111,3.863060808201341
1631.0,2.31901,1.050673,38.4671,3.765811,,6430,-1.449405,0.655817,24.1259,3.831929077485704
1632.0,2.31901,1.051317,38.4907,3.766121,,6431,-1.449405,0.65622,24.1407,3.845287032578679
1633.0,2.31901,1.051961,38.5143,3.766121,,6432,-1.449405,0.656622,24.1556,3.806632968013372
1634.0,2.31901,1.052606,38.5379,3.766121,,6433,-1.449405,0.657025,24.1704,3.8299239729150076
1635.0,2.31901,1.05325,38.5615,3.766121,,6434,-1.449405,0.657427,24.1852,3.844509670384247
1636.0,2.31901,1.053894,38.585,3.766431,,6435,-1.449405,0.65783,24.2,3.8223574998552317
1637.0,2.31901,1.054538,38.6086,3.766431,,6436,-1.449405,0.658233,24.2148,3.848182994449063
1638.0,2.31901,1.055182,38.6322,3.766431,,6437,-1.449405,0.658635,24.2296,3.8230331242124067
1639.0,2.31901,1.055826,38.6558,3.766431,,6438,-1.449405,0.659038,24.2444,3.844178825616693
1640.0,2.31901,1.056471,38.6794,3.766431,,6439,-1.449033,0.65944,24.2592,3.8264617036578716
1641.0,2.31901,1.057115,38.703,3.766431,,6440,-1.449033,0.659843,24.274,3.829725471088407
1642.0,2.31901,1.057759,38.7266,3.766431,,6441,-1.449033,0.660245,24.2888,3.83356784937917
1643.0,2.319197,1.058403,38.7501,3.766431,,6442,-1.449405,0.660648,24.3037,3.8275364656067707
1644.0,2.319197,1.059047,38.7737,3.766431,,6443,-1.449405,0.661051,24.3185,3.8412040591510075
1645.0,2.31901,1.059692,38.7973,3.767981,,6444,-1.449405,0.661453,24.3333,3.8404546639552657
1646.0,2.31901,1.060336,38.8209,3.767981,,6445,-1.449405,0.661856,24.3481,3.838193640699472
1647.0,2.31901,1.06098,38.8445,3.767981,,6446,-1.449219,0.662258,24.3629,3.8341966093424094
1648.0,2.31901,1.061624,38.8681,3.767981,,6447,-1.449219,0.662661,24.3777,3.8276182573047888
1649.0,2.31901,1.062268,38.8916,3.767981,,6448,-1.449219,0.663064,24.3925,3.8193311336838445
1650.0,2.31901,1.062912,38.9152,3.768291,,6449,-1.449219,0.663466,24.4073,3.8344519724014803
1651.0,2.31901,1.063557,38.9388,3.768291,,6450,-1.449405,0.663869,24.4221,3.8439674942479245
1652.0,2.31901,1.064201,38.9624,3.768291,,6451,-1.449405,0.664271,24.4369,3.8275664740907356
1653.0,2.31901,1.064845,38.986,3.768291,,6452,-1.449405,0.664674,24.4518,3.83407049274738
1654.0,2.319197,1.065489,39.0096,3.769221,,6453,-1.449033,0.665076,24.4666,3.8247222938385703
1655.0,2.319197,1.066133,39.0332,3.769221,,6454,-1.449033,0.665479,24.4814,3.837137825553682
1656.0,2.319197,1.066778,39.0567,3.769221,,6455,-1.449033,0.665881,24.4962,3.8324568892343525
1657.0,2.319197,1.067422,39.0803,3.769221,,6456,-1.449033,0.666284,24.511,3.8186600054398787
1658.0,2.319197,1.068066,39.1039,3.769221,,6457,-1.449219,0.666687,24.5258,3.8312674642979214
1659.0,2.319197,1.06871,39.1275,3.769221,,6458,-1.449219,0.667089,24.5406,3.8359287801321087
1660.0,2.319197,1.069354,39.1511,3.769221,,6459,-1.449219,0.667492,24.5554,3.8315516287342266
1661.0,2.31901,1.069999,39.1747,3.769531,,6460,-1.449219,0.667894,24.5702,3.835463734947391
1662.0,2.31901,1.070643,39.1983,3.769531,,6461,-1.449219,0.668297,24.585,3.83158748689647
1663.0,2.319197,1.071287,39.2218,3.769531,,6462,-1.449219,0.668699,24.5998,3.832948593498046
1664.0,2.319197,1.071931,39.2454,3.769531,,6463,-1.449219,0.669102,24.6147,3.831647904656051
1665.0,2.31901,1.072575,39.269,3.769531,,6464,-1.449219,0.669504,24.6295,3.833516472102339
1666.0,2.31901,1.07322,39.2926,3.769531,,6465,-1.449405,0.669907,24.6443,3.8304486653997984
1667.0,2.31901,1.073864,39.3162,3.769531,,6466,-1.449405,0.67031,24.6591,3.838376300328155
1668.0,2.31901,1.074508,39.3398,3.769841,,6467,-1.449405,0.670712,24.6739,3.8116445264473926
1669.0,2.31901,1.075152,39.3633,3.769841,,6468,-1.449405,0.671115,24.6887,3.8414316843544305
1670.0,2.31901,1.075796,39.3869,3.769841,,6469,-1.449405,0.671517,24.7035,3.839937219051536
1671.0,2.31901,1.07644,39.4105,3.769841,,6470,-1.449405,0.67192,24.7183,3.8177349516392676
1672.0,2.31901,1.077085,39.4341,3.769841,,6471,-1.449405,0.672323,24.7331,3.8384699109606006
1673.0,2.31901,1.077729,39.4577,3.769841,,6472,-1.449405,0.672725,24.748,3.840491060628731
1674.0,2.319197,1.078373,39.4813,3.770461,,6473,-1.449405,0.673128,24.7628,3.8276994313209975
1675.0,2.319197,1.079017,39.5049,3.770461,,6474,-1.449033,0.67353,24.7776,3.832116901217107
1676.0,2.319197,1.079661,39.5284,3.770461,,6475,-1.449033,0.673933,24.7924,3.826500980020827
1677.0,2.319197,1.080306,39.552,3.770461,,6476,-1.449405,0.674336,24.8072,3.8217367073830024
1678.0,2.31901,1.08095,39.5756,3.770461,,6477,-1.449405,0.674738,24.822,3.8399271994763993
1679.0,2.31901,1.081594,39.5992,3.770461,,6478,-1.449405,0.675141,24.8368,3.8214370241105646
1680.0,2.31901,1.082238,39.6228,3.770461,,6479,-1.449405,0.675543,24.8516,3.817063979347376
1681.0,2.31901,1.082882,39.6464,3.770771,,6480,-1.449405,0.675946,24.8664,3.8153119994468843
1682.0,2.31901,1.083526,39.6699,3.770771,,6481,-1.449405,0.676349,24.8812,3.824101228943937
1683.0,2.31901,1.084171,39.6935,3.771081,,6482,-1.449405,0.676751,24.8961,3.833726916438839
1684.0,2.31901,1.084815,39.7171,3.771081,,6483,-1.449219,0.677154,24.9109,3.8373779854148684
1685.0,2.319383,1.085459,39.7407,3.771391,,6484,-1.449219,0.677556,24.9257,3.844647220562544
1686.0,2.319383,1.086103,39.7643,3.771391,,6485,-1.449219,0.677959,24.9405,3.8257548249499163
1687.0,2.319383,1.086748,39.7879,3.771391,,6486,-1.449219,0.678361,24.9553,3.837067462568831
1688.0,2.31901,1.087392,39.8115,3.771701,,6487,-1.449033,0.678764,24.9701,3.8129371008483868
1689.0,2.31901,1.088036,39.8351,3.771701,,6488,-1.449033,0.679166,24.9849,3.826408034115672
1690.0,2.319197,1.08868,39.8586,3.771701,,6489,-1.449405,0.679569,24.9997,3.828312878158666
1691.0,2.319197,1.089324,39.8822,3.771701,,6490,-1.449405,0.679972,25.0145,3.817307571682614
1692.0,2.319197,1.089969,39.9058,3.772321,,6491,-1.449405,0.680374,25.0293,3.831773288175281
1693.0,2.319197,1.090613,39.9294,3.772321,,6492,-1.449405,0.680777,25.0442,3.8248169049884626
1694.0,2.319197,1.091257,39.953,3.772321,,6493,-1.449405,0.68118,25.059,3.828611064577783
1695.0,2.319197,1.091901,39.9766,3.773252,,6494,-1.449405,0.681582,25.0738,3.8130550632691436
1696.0,2.31901,1.092546,40.0002,3.773252,,6495,-1.449405,0.681985,25.0886,3.8204236996032868
1697.0,2.31901,1.09319,40.0237,3.773561,,6496,-1.449405,0.682387,25.1034,3.827373540924843
1698.0,2.31901,1.093834,40.0473,3.773561,,6497,-1.449405,0.68279,25.1182,3.8356762914407185
1699.0,2.31901,1.094478,40.0709,3.774182,,6498,-1.449405,0.683193,25.133,3.817084460779635
1700.0,2.31901,1.095122,40.0945,3.774182,,6499,-1.449405,0.683595,25.1478,3.818296822767497
1701.0,2.31901,1.095766,40.1181,3.774492,,6500,-1.449405,0.683998,25.1626,3.845315543013694
1702.0,2.31901,1.096411,40.1417,3.774492,,6501,-1.449405,0.6844,25.1775,3.8316325846759134
1703.0,2.319197,1.097055,40.1652,3.775422,,6502,-1.449405,0.684803,25.1923,3.8249111623889323
1704.0,2.319197,1.097699,40.1888,3.775422,,6503,-1.449405,0.685206,25.2071,3.8248047790270023
1705.0,2.319197,1.098343,40.2124,3.775422,,6504,-1.449591,0.685608,25.2219,3.8206995178466037
1706.0,2.31901,1.098987,40.236,3.775422,,6505,-1.449033,0.686011,25.2367,3.8331439272884107
1707.0,2.31901,1.099632,40.2596,3.775422,,6506,-1.449033,0.686413,25.2515,3.830384865826776
1708.0,2.31901,1.100276,40.2832,3.775732,,6507,-1.449591,0.686816,25.2663,3.825334162815675
1709.0,2.31901,1.10092,40.3068,3.775732,,6508,-1.449591,0.687219,25.2811,3.8166302246683146
1710.0,2.31901,1.101564,40.3303,3.775732,,6509,-1.449405,0.687621,25.2959,3.8260079801422417
1711.0,2.31901,1.102208,40.3539,3.775732,,6510,-1.449405,0.688024,25.3108,3.8387766511106904
1712.0,2.31901,1.102852,40.3775,3.775422,,6511,-1.449405,0.688427,25.3256,3.8257399594081463
1713.0,2.31901,1.103497,40.4011,3.775422,,6512,-1.449405,0.688829,25.3404,3.808504662118625
1714.0,2.319197,1.104141,40.4247,3.775422,,6513,-1.449405,0.689232,25.3552,3.827924952338737
1715.0,2.319197,1.104785,40.4483,3.775422,,6514,-1.449405,0.689634,25.37,3.812121248844948
1716.0,2.31901,1.105429,40.4718,3.775422,,6515,-1.449033,0.690037,25.3848,3.810482377092896
1717.0,2.31901,1.106073,40.4954,3.775422,,6516,-1.449033,0.690439,25.3996,3.836809534900942
1718.0,2.31901,1.106717,40.519,3.775422,,6517,-1.449033,0.690842,25.4144,3.8081901493173906
1719.0,2.31901,1.107362,40.5426,3.775732,,6518,-1.449033,0.691244,25.4292,3.8253027571248994
1720.0,2.31901,1.108006,40.5662,3.775732,,6519,-1.449033,0.691647,25.444,3.827460516738629
1721.0,2.31901,1.10865,40.5898,3.776042,,6520,-1.449405,0.69205,25.4588,3.8260302605493814
1722.0,2.31901,1.109294,40.6134,3.776042,,6521,-1.449405,0.692452,25.4737,3.826879419588134
1723.0,2.319383,1.109939,40.6369,3.776972,,6522,-1.449405,0.692855,25.4885,3.8197885934040503
1724.0,2.319383,1.110583,40.6605,3.776972,,6523,-1.449405,0.693257,25.5033,3.822216126386163
1725.0,2.319383,1.111227,40.6841,3.776972,,6524,-1.449405,0.69366,25.5181,3.8189285960110073
1726.0,2.319383,1.111871,40.7077,3.776972,,6525,-1.449405,0.694063,25.5329,3.8327618897997873
1727.0,2.319383,1.112516,40.7313,3.776972,,6526,-1.449405,0.694465,25.5477,3.82495798561188
1728.0,2.319197,1.11316,40.7549,3.776972,,6527,-1.449405,0.694868,25.5625,3.833642093393834
1729.0,2.319197,1.113804,40.7785,3.776972,,6528,-1.449219,0.69527,25.5773,3.8300513134578664
1730.0,2.319197,1.114448,40.8021,3.778212,,6529,-1.449219,0.695673,25.5921,3.808530652920121
1731.0,2.319197,1.115092,40.8256,3.778212,,6530,-1.449033,0.696075,25.6069,3.829886033728599
1732.0,2.319197,1.115737,40.8492,3.778212,,6531,-1.449033,0.696478,25.6218,3.8153949414195365
1733.0,2.319197,1.116381,40.8728,3.778212,,6532,-1.449033,0.69688,25.6366,3.82434330133862
1734.0,2.319197,1.117025,40.8964,3.778212,,6533,-1.449405,0.697283,25.6514,3.838531744997342
1735.0,2.319197,1.117669,40.92,3.778522,,6534,-1.449405,0.697686,25.6662,3.802162616701686
1736.0,2.319197,1.118314,40.9436,3.778522,,6535,-1.449405,0.698088,25.681,3.821599275492101
1737.0,2.319197,1.118958,40.9672,3.778832,,6536,-1.449405,0.698491,25.6958,3.8120427185663117
1738.0,2.319197,1.119602,40.9907,3.778832,,6537,-1.449405,0.698894,25.7106,3.8194379963102953
1739.0,2.319197,1.120246,41.0143,3.780072,,6538,-1.449405,0.699296,25.7254,3.825937056497466
1740.0,2.319197,1.12089,41.0379,3.780072,,6539,-1.449405,0.699699,25.7402,3.8227686830988623
1741.0,2.319197,1.121535,41.0615,3.780382,,6540,-1.449405,0.700101,25.7551,3.824725715854821
1742.0,2.319197,1.122179,41.0851,3.780382,,6541,-1.449405,0.700504,25.7699,3.8101339855453102
1743.0,2.319197,1.122823,41.1087,3.780382,,6542,-1.449405,0.700907,25.7847,3.8369389612188263
1744.0,2.319197,1.123467,41.1323,3.780382,,6543,-1.449405,0.701309,25.7995,3.8112986770173696
1745.0,2.319197,1.124112,41.1558,3.780382,,6544,-1.449405,0.701712,25.8143,3.810505509569697
1746.0,2.319197,1.124756,41.1794,3.780072,,6545,-1.449405,0.702114,25.8291,3.819071345957414
1747.0,2.319197,1.1254,41.203,3.780072,,6546,-1.449405,0.702517,25.8439,3.8230233626546997
1748.0,2.319197,1.126044,41.2266,3.780072,,6547,-1.449405,0.70292,25.8587,3.814884079941912
1749.0,2.319197,1.126688,41.2502,3.780072,,6548,-1.449219,0.703322,25.8735,3.819343346974284
1750.0,2.319197,1.127333,41.2738,3.780382,,6549,-1.449219,0.703725,25.8883,3.8116127864792664
1751.0,2.319197,1.127977,41.2974,3.780382,,6550,-1.449219,0.704127,25.9032,3.829864545870415
1752.0,2.31901,1.128621,41.3209,3.780692,,6551,-1.449219,0.70453,25.918,3.838065553680917
1753.0,2.31901,1.129265,41.3445,3.780692,,6552,-1.449405,0.704933,25.9328,3.824213435315976
1754.0,2.31901,1.129909,41.3681,3.780692,,6553,-1.449405,0.705335,25.9476,3.8130506460374938
1755.0,2.318825,1.130553,41.3917,3.781312,,6554,-1.449405,0.705738,25.9624,3.81700998059639
1756.0,2.318825,1.131198,41.4153,3.781312,,6555,-1.449405,0.70614,25.9772,3.823475618387044
1757.0,2.318825,1.131842,41.4389,3.781312,,6556,-1.449219,0.706543,25.992,3.780134404779635
1758.0,2.318825,1.132486,41.4624,3.781312,,6557,-1.449219,0.706945,26.0068,3.805297015795754
1759.0,2.31901,1.13313,41.486,3.781622,,6558,-1.449219,0.707348,26.0216,3.7966341095032963
1760.0,2.31901,1.133774,41.5096,3.781622,,6559,-1.449219,0.707751,26.0364,3.8254360079456373
1761.0,2.31901,1.134418,41.5332,3.781932,,6560,-1.449219,0.708153,26.0513,3.830562026278543
1762.0,2.31901,1.135062,41.5568,3.781932,,6561,-1.449405,0.708556,26.0661,3.8334202647667768
1763.0,2.319383,1.135707,41.5804,3.781932,,6562,-1.449405,0.708958,26.0809,3.828077934597661
1764.0,2.319383,1.136351,41.604,3.781932,,6563,-1.449405,0.709361,26.0957,3.826263702846147
1765.0,2.31901,1.136995,41.6275,3.781932,,6564,-1.449405,0.709764,26.1105,3.809693892887993
1766.0,2.31901,1.137639,41.6511,3.781932,,6565,-1.449405,0.710166,26.1253,3.8128251766044317
1767.0,2.31901,1.138284,41.6747,3.781932,,6566,-1.449405,0.710569,26.1401,3.8077036316685753
1768.0,2.31901,1.138928,41.6983,3.782552,,6567,-1.449405,0.710971,26.1549,3.8229975856180647
1769.0,2.31901,1.139572,41.7219,3.782552,,6568,-1.449405,0.711374,26.1697,3.8347720887796255
1770.0,2.31901,1.140216,41.7455,3.783172,,6569,-1.449405,0.711777,26.1846,3.8288995014363096
1771.0,2.31901,1.14086,41.769,3.783172,,6570,-1.449405,0.712179,26.1994,3.8188839049266727
1772.0,2.31901,1.141504,41.7926,3.783482,,6571,-1.449405,0.712582,26.2142,3.8253872655947343
1773.0,2.31901,1.142149,41.8162,3.783482,,6572,-1.449405,0.712985,26.229,3.8330415890920913
1774.0,2.319197,1.142793,41.8398,3.783482,,6573,-1.449405,0.713387,26.2438,3.8229736369144525
1775.0,2.319197,1.143437,41.8634,3.784412,,6574,-1.449219,0.71379,26.2586,3.8071678511788454
1776.0,2.319197,1.144081,41.887,3.784412,,6575,-1.449219,0.714192,26.2734,3.806692291098543
1777.0,2.319197,1.144725,41.9106,3.784722,,6576,-1.449033,0.714595,26.2882,3.8184426534585967
1778.0,2.319197,1.14537,41.9341,3.784722,,6577,-1.449033,0.714997,26.303,3.8048524962458203
1779.0,2.31901,1.146014,41.9577,3.785342,,6578,-1.449033,0.7154,26.3178,3.8157839621373553
1780.0,2.31901,1.146658,41.9813,3.785342,,6579,-1.449033,0.715802,26.3327,3.8056148744356983
1781.0,2.31901,1.147302,42.0049,3.785652,,6580,-1.449405,0.716205,26.3475,3.8145659779599175
1782.0,2.31901,1.147946,42.0285,3.785652,,6581,-1.449405,0.716608,26.3623,3.809939979302821
1783.0,2.31901,1.148591,42.0521,3.785962,,6582,-1.449405,0.71701,26.3771,3.817735403610904
1784.0,2.31901,1.149235,42.0756,3.785962,,6583,-1.449405,0.717413,26.3919,3.8189045494410707
1785.0,2.31901,1.149879,42.0992,3.785962,,6584,-1.449405,0.717815,26.4067,3.809473347107089
1786.0,2.319197,1.150523,42.1228,3.786272,,6585,-1.449405,0.718218,26.4215,3.7972301771026404
1787.0,2.319197,1.151167,42.1464,3.786272,,6586,-1.449405,0.718621,26.4363,3.825691804751434
1788.0,2.319197,1.151811,42.17,3.786272,,6587,-1.449405,0.719023,26.4511,3.8316277483937027
1789.0,2.319197,1.152456,42.1936,3.786272,,6588,-1.449405,0.719426,26.466,3.817593590778393
1790.0,2.319197,1.1531,42.2172,3.786272,,6589,-1.449405,0.719828,26.4808,3.811267510193733
1791.0,2.319197,1.153744,42.2408,3.786272,,6590,-1.449405,0.720231,26.4956,3.8147525849498582
1792.0,2.31901,1.154388,42.2643,3.786272,,6591,-1.449405,0.720634,26.5104,3.807928648308267
1793.0,2.31901,1.155033,42.2879,3.786272,,6592,-1.449405,0.721036,26.5252,3.820765425178069
1794.0,2.31901,1.155677,42.3115,3.786272,,6593,-1.449405,0.721439,26.54,3.807116268645864
1795.0,2.31901,1.156321,42.3351,3.786272,,6594,-1.449405,0.721841,26.5548,3.8039222537483552
1796.0,2.31901,1.156965,42.3587,3.786272,,6595,-1.449405,0.722244,26.5696,3.810303162672682
1797.0,2.31901,1.157609,42.3823,3.786582,,6596,-1.449219,0.722647,26.5844,3.798349576564176
1798.0,2.31901,1.158253,42.4058,3.786582,,6597,-1.449219,0.723049,26.5992,3.816978973838839
1799.0,2.319197,1.158898,42.4294,3.786892,,6598,-1.449219,0.723452,26.6141,3.830845634385956
1800.0,2.319197,1.159542,42.453,3.786892,,6599,-1.449219,0.723854,26.6289,3.8203694073464254
1801.0,2.31901,1.160186,42.4766,3.786892,,6600,-1.449405,0.724257,26.6437,3.8069957003262074
1802.0,2.31901,1.16083,42.5002,3.786892,,6601,-1.449405,0.72466,26.6585,3.806661880429437
1803.0,2.31901,1.161474,42.5238,3.786892,,6602,-1.449405,0.725062,26.6733,3.8281614892462947
1804.0,2.31901,1.162119,42.5474,3.787512,,6603,-1.449405,0.725465,26.6881,3.8100557662227943
1805.0,2.31901,1.162763,42.5709,3.787512,,6604,-1.449405,0.725867,26.7029,3.8150233106698797
1806.0,2.31901,1.163407,42.5945,3.787822,,6605,-1.449405,0.72627,26.7177,3.805626981347224
1807.0,2.31901,1.164051,42.6181,3.787822,,6606,-1.449405,0.726673,26.7325,3.807894314344521
1808.0,2.31901,1.164695,42.6417,3.788132,,6607,-1.449405,0.727075,26.7474,3.8004572034377184
1809.0,2.31901,1.165339,42.6653,3.788132,,6608,-1.449591,0.727478,26.7622,3.813117585704723
1810.0,2.31901,1.165984,42.6889,3.789372,,6609,-1.449591,0.727881,26.777,3.8247162587892625
1811.0,2.31901,1.166628,42.7124,3.789372,,6610,-1.449405,0.728283,26.7918,3.8116854928000747
1812.0,2.319197,1.167272,42.736,3.789993,,6611,-1.449591,0.728686,26.8066,3.7980769182732095
1813.0,2.319197,1.167916,42.7596,3.789993,,6612,-1.449591,0.729088,26.8214,3.8181014793229147
1814.0,2.319197,1.16856,42.7832,3.789993,,6613,-1.449219,0.729491,26.8362,3.8169524073210823
1815.0,2.319197,1.169205,42.8068,3.789993,,6614,-1.449219,0.729894,26.851,3.8020369585189813
1816.0,2.319197,1.169849,42.8304,3.789993,,6615,-1.449219,0.730296,26.8658,3.816892254366884
1817.0,2.319197,1.170493,42.854,3.790303,,6616,-1.449219,0.730699,26.8807,3.832182928553339
1818.0,2.319197,1.171137,42.8775,3.790303,,6617,-1.449219,0.731101,26.8955,3.8302972857903663
1819.0,2.319197,1.171781,42.9011,3.790303,,6618,-1.449219,0.731504,26.9103,3.7902161076155627
1820.0,2.319197,1.172426,42.9247,3.790303,,6619,-1.449219,0.731906,26.9251,3.800417659659901
1821.0,2.31901,1.17307,42.9483,3.790303,,6620,-1.449219,0.732309,26.9399,3.811644170227496
1822.0,2.31901,1.173714,42.9719,3.790923,,6621,-1.449405,0.732712,26.9547,3.8282147767756256
1823.0,2.319197,1.174358,42.9955,3.790923,,6622,-1.449219,0.733114,26.9695,3.8097010598070082
1824.0,2.319197,1.175002,43.0191,3.790923,,6623,-1.449219,0.733517,26.9843,3.792399522938479
1825.0,2.319197,1.175647,43.0426,3.790923,,6624,-1.449405,0.733919,26.9991,3.803950089069331
1826.0,2.31901,1.176291,43.0662,3.790923,,6625,-1.449405,0.734322,27.0139,3.809601875463565
1827.0,2.31901,1.176935,43.0898,3.790923,,6626,-1.449219,0.734725,27.0288,3.798728600027629
1828.0,2.31901,1.177579,43.1134,3.791233,,6627,-1.449219,0.735127,27.0436,3.7973256369616974
1829.0,2.31901,1.178223,43.137,3.791233,,6628,-1.449219,0.73553,27.0584,3.8146030332576277
1830.0,2.31901,1.178868,43.1606,3.791233,,6629,-1.449219,0.735932,27.0732,3.819962314745033
1831.0,2.31901,1.179512,43.1842,3.791233,,6630,-1.449219,0.736335,27.088,3.8033177413598005
1832.0,2.318825,1.180156,43.2077,3.791233,,6631,-1.449219,0.736737,27.1028,3.80356196297468
1833.0,2.318825,1.1808,43.2313,3.792163,,6632,-1.449591,0.73714,27.1176,3.808116027901184
1834.0,2.31901,1.181444,43.2549,3.792163,,6633,-1.449591,0.737543,27.1324,3.81070215821678
1835.0,2.31901,1.182088,43.2785,3.792473,,6634,-1.449591,0.737945,27.1472,3.81900725866712
1836.0,2.31901,1.182732,43.3021,3.792473,,6635,-1.449591,0.738348,27.1621,3.816160920670248
1837.0,2.318825,1.183377,43.3256,3.793093,,6636,-1.449591,0.738751,27.1769,3.7974133742571787
1838.0,2.318825,1.184021,43.3492,3.793093,,6637,-1.449219,0.739153,27.1917,3.8064789348587595
1839.0,2.31901,1.184665,43.3728,3.793713,,6638,-1.449219,0.739556,27.2065,3.8021626556527806
1840.0,2.31901,1.185309,43.3964,3.793713,,6639,-1.449219,0.739958,27.2213,3.814583351326512
1841.0,2.31901,1.185953,43.42,3.793713,,6640,-1.449219,0.740361,27.2361,3.8029614704941395
1842.0,2.31901,1.186597,43.4436,3.794333,,6641,-1.449219,0.740763,27.2509,3.811801827117832
1843.0,2.31901,1.187242,43.4672,3.794333,,6642,-1.449219,0.741166,27.2657,3.821784790083095
1844.0,2.319197,1.187886,43.4907,3.794643,,6643,-1.449405,0.741569,27.2805,3.8086120576577525
1845.0,2.319197,1.18853,43.5143,3.794643,,6644,-1.449405,0.741971,27.2953,3.817295202963352
1846.0,2.31901,1.189174,43.5379,3.794953,,6645,-1.449219,0.742374,27.3102,3.806012779703374
1847.0,2.31901,1.189818,43.5615,3.794953,,6646,-1.449219,0.742776,27.325,3.80569309727016
1848.0,2.31901,1.190462,43.5851,3.795263,,6647,-1.449405,0.743179,27.3398,3.8172633781074645
1849.0,2.31901,1.191107,43.6087,3.795263,,6648,-1.449405,0.743582,27.3546,3.8066444475208767
1850.0,2.31901,1.191751,43.6322,3.795573,,6649,-1.449405,0.743984,27.3694,3.8130745458075888
1851.0,2.31901,1.192395,43.6558,3.795573,,6650,-1.449405,0.744387,27.3842,3.8028320010401098
1852.0,2.31901,1.193039,43.6794,3.795573,,6651,-1.449405,0.744789,27.399,3.8027825343222212
1853.0,2.31901,1.193683,43.703,3.795573,,6652,-1.449591,0.745192,27.4138,3.820857164508697
1854.0,2.31901,1.194327,43.7266,3.795573,,6653,-1.449591,0.745595,27.4286,3.7947085173669883
1855.0,2.31901,1.194972,43.7502,3.795883,,6654,-1.449591,0.745997,27.4435,3.803795211857569
1856.0,2.31901,1.195616,43.7738,3.795883,,6655,-1.449591,0.7464,27.4583,3.790118121906042
1857.0,2.31901,1.19626,43.7973,3.795883,,6656,-1.449405,0.746803,27.4731,3.808662016877628
1858.0,2.31901,1.196904,43.8209,3.795883,,6657,-1.449405,0.747205,27.4879,3.8006860131186255
1859.0,2.319197,1.197548,43.8445,3.796503,,6658,-1.449405,0.747608,27.5027,3.8135493219497327
1860.0,2.319197,1.198193,43.8681,3.796503,,6659,-1.449405,0.748011,27.5175,3.821258102890044
1861.0,2.319197,1.198837,43.8917,3.796503,,6660,-1.449405,0.748413,27.5323,3.8111774972110894
1862.0,2.319197,1.199481,43.9153,3.796503,,6661,-1.449405,0.748816,27.5471,3.8073769175466214
1863.0,2.319197,1.200125,43.9389,3.796503,,6662,-1.449405,0.749218,27.5619,3.8201918790929996
1864.0,2.319197,1.20077,43.9624,3.796503,,6663,-1.449405,0.749621,27.5768,3.8181012696023466
1865.0,2.319197,1.201414,43.986,3.796503,,6664,-1.449405,0.750024,27.5916,3.79837300003638
1866.0,2.319197,1.202058,44.0096,3.796813,,6665,-1.449405,0.750426,27.6064,3.8060301222422837
1867.0,2.319197,1.202702,44.0332,3.796813,,6666,-1.449405,0.750829,27.6212,3.816282788901056
1868.0,2.319197,1.203346,44.0568,3.797433,,6667,-1.449405,0.751231,27.636,3.8003335205643656
1869.0,2.319197,1.203991,44.0804,3.797433,,6668,-1.449405,0.751634,27.6508,3.8045679676838695
1870.0,2.319197,1.204635,44.104,3.797433,,6669,-1.449405,0.752037,27.6656,3.7992509386633735
1871.0,2.319197,1.205279,44.1275,3.797433,,6670,-1.449405,0.752439,27.6804,3.803819582834513
1872.0,2.31901,1.205923,44.1511,3.797433,,6671,-1.449405,0.752842,27.6952,3.790908849558992
1873.0,2.31901,1.206567,44.1747,3.797743,,6672,-1.449405,0.753244,27.7101,3.800854751086058
1874.0,2.31901,1.207212,44.1983,3.797743,,6673,-1.449405,0.753647,27.7249,3.798130687546753
1875.0,2.31901,1.207856,44.2219,3.797743,,6674,-1.449033,0.75405,27.7397,3.796919478186875
1876.0,2.31901,1.2085,44.2455,3.797743,,6675,-1.449033,0.754452,27.7545,3.7994440241138103
1877.0,2.31901,1.209144,44.2691,3.797743,,6676,-1.449033,0.754855,27.7693,3.8137053084657295
1878.0,2.31901,1.209788,44.2926,3.797743,,6677,-1.449033,0.755257,27.7841,3.792189617551079
1879.0,2.31901,1.210432,44.3162,3.798363,,6678,-1.449219,0.75566,27.7989,3.8068159053584187
1880.0,2.31901,1.211077,44.3398,3.798363,,6679,-1.449219,0.756062,27.8137,3.81271398106979
1881.0,2.31901,1.211721,44.3634,3.798673,,6680,-1.449219,0.756465,27.8285,3.807321881087858
1882.0,2.31901,1.212365,44.387,3.798673,,6681,-1.449219,0.756867,27.8433,3.7981939626227703
1883.0,2.31901,1.213009,44.4106,3.798673,,6682,-1.449405,0.75727,27.8581,3.7810530821280617
1884.0,2.31901,1.213653,44.4341,3.798673,,6683,-1.449405,0.757673,27.873,3.803414471740645
1885.0,2.31901,1.214297,44.4577,3.798673,,6684,-1.449219,0.758075,27.8878,3.8006600865472833
1886.0,2.31901,1.214942,44.4813,3.799603,,6685,-1.449219,0.758478,27.9026,3.788461566686708
1887.0,2.31901,1.215586,44.5049,3.799603,,6686,-1.449405,0.75888,27.9174,3.800380778081082
1888.0,2.31901,1.21623,44.5285,3.799913,,6687,-1.449405,0.759283,27.9322,3.8016195927714973
1889.0,2.31901,1.216874,44.5521,3.799913,,6688,-1.449405,0.759686,27.947,3.7934152130187755
1890.0,2.31901,1.217518,44.5756,3.800223,,6689,-1.449591,0.760088,27.9618,3.801477805522243
1891.0,2.31901,1.218162,44.5992,3.800223,,6690,-1.449591,0.760491,27.9766,3.793596313361433
1892.0,2.31901,1.218807,44.6228,3.800223,,6691,-1.449591,0.760894,27.9914,3.790907421703941
1893.0,2.31901,1.219451,44.6464,3.800533,,6692,-1.449591,0.761296,28.0063,3.7942674584221137
1894.0,2.31901,1.220095,44.67,3.800533,,6693,-1.449777,0.761699,28.0211,3.8109394208753677
1895.0,2.31901,1.220739,44.6936,3.801153,,6694,-1.449777,0.762102,28.0359,3.79288957058341
1896.0,2.31901,1.221383,44.7171,3.801153,,6695,-1.449591,0.762504,28.0507,3.7943214474317286
1897.0,2.31901,1.222027,44.7407,3.801773,,6696,-1.449591,0.762907,28.0655,3.799870506130049
1898.0,2.31901,1.222672,44.7643,3.801773,,6697,-1.449591,0.76331,28.0803,3.800182466310354
1899.0,2.31901,1.223316,44.7879,3.801773,,6698,-1.449591,0.763712,28.0951,3.8083393201375872
1900.0,2.31901,1.22396,44.8115,3.801773,,6699,-1.449591,0.764115,28.11,3.807758359481811
1901.0,2.318825,1.224604,44.8351,3.801773,,6700,-1.449591,0.764518,28.1248,3.8040955108370476
1902.0,2.318825,1.225248,44.8587,3.801773,,6701,-1.449405,0.76492,28.1396,3.798058605379598
1903.0,2.318825,1.225892,44.8822,3.802083,,6702,-1.449405,0.765323,28.1544,3.791586259762295
1904.0,2.319197,1.226537,44.9058,3.802083,,6703,-1.449405,0.765725,28.1692,3.810504037557048
1905.0,2.319197,1.227181,44.9294,3.802083,,6704,-1.449405,0.766128,28.184,3.791761017899366
1906.0,2.319197,1.227825,44.953,3.802083,,6705,-1.449405,0.766531,28.1988,3.796260506695213
1907.0,2.319197,1.228469,44.9766,3.802083,,6706,-1.449591,0.766933,28.2136,3.8090639809590487
1908.0,2.319197,1.229113,45.0002,3.802083,,6707,-1.449591,0.767336,28.2285,3.805537099072031
1909.0,2.319197,1.229758,45.0238,3.802083,,6708,-1.449405,0.767739,28.2433,3.805698212962371
1910.0,2.31901,1.230402,45.0473,3.802083,,6709,-1.449405,0.768141,28.2581,3.8019035046714236
1911.0,2.31901,1.231046,45.0709,3.802083,,6710,-1.449219,0.768544,28.2729,3.798717836536517
1912.0,2.31901,1.23169,45.0945,3.802083,,6711,-1.449219,0.768946,28.2877,3.788248614328529
1913.0,2.31901,1.232334,45.1181,3.802083,,6712,-1.449219,0.769349,28.3025,3.8003519705875197
1914.0,2.31901,1.232978,45.1417,3.802083,,6713,-1.449219,0.769751,28.3173,3.802945938271138
1915.0,2.31901,1.233623,45.1653,3.802083,,6714,-1.449219,0.770154,28.3321,3.8017407959456135
1916.0,2.31901,1.234267,45.1888,3.802703,,6715,-1.448847,0.770557,28.3469,3.815023812767667
1917.0,2.31901,1.234911,45.2124,3.802703,,6716,-1.448847,0.770959,28.3617,3.79615499204114
1918.0,2.31901,1.235555,45.236,3.803324,,6717,-1.449405,0.771362,28.3765,3.8070583700619776
1919.0,2.318825,1.236199,45.2596,3.803633,,6718,-1.449405,0.771764,28.3914,3.811805063261762
1920.0,2.318825,1.236843,45.2832,3.803633,,6719,-1.449405,0.772167,28.4062,3.7879913083462378
1921.0,2.318825,1.237488,45.3068,3.804564,,6720,-1.449405,0.772569,28.421,3.8114351033836744
1922.0,2.318825,1.238132,45.3303,3.804564,,6721,-1.449405,0.772972,28.4358,3.810060106504309
1923.0,2.318825,1.238776,45.3539,3.804873,,6722,-1.449405,0.773375,28.4506,3.791334196037403
1924.0,2.318825,1.23942,45.3775,3.804873,,6723,-1.449405,0.773777,28.4654,3.7975197688873186
1925.0,2.31901,1.240064,45.4011,3.805184,,6724,-1.449405,0.77418,28.4802,3.7960142698703527
1926.0,2.31901,1.240708,45.4247,3.805184,,6725,-1.449219,0.774582,28.495,3.795077286682993
1927.0,2.319197,1.241352,45.4483,3.805494,,6726,-1.449219,0.774985,28.5098,3.8187612443458465
1928.0,2.319197,1.241997,45.4718,3.805494,,6727,-1.449219,0.775388,28.5246,3.8029861167685266
1929.0,2.319197,1.242641,45.4954,3.805494,,6728,-1.449219,0.77579,28.5395,3.7954475681712765
1930.0,2.319383,1.243285,45.519,3.805804,,6729,-1.449219,0.776193,28.5543,3.7848249396567963
1931.0,2.319383,1.243929,45.5426,3.805804,,6730,-1.449405,0.776595,28.5691,3.7877790463889016
1932.0,2.319197,1.244574,45.5662,3.805804,,6731,-1.449405,0.776998,28.5839,3.807034817433298
1933.0,2.31901,1.245218,45.5898,3.805804,,6732,-1.449405,0.7774,28.5987,3.8157106662544997
1934.0,2.31901,1.245862,45.6134,3.806734,,6733,-1.449405,0.777803,28.6135,3.804753724122291
1935.0,2.31901,1.246506,45.6369,3.806734,,6734,-1.449405,0.778206,28.6283,3.802935411206717
1936.0,2.31901,1.24715,45.6605,3.806734,,6735,-1.449405,0.778608,28.6431,3.800661460606445
1937.0,2.31901,1.247795,45.6841,3.806734,,6736,-1.449033,0.779011,28.6579,3.7948230978011472
1938.0,2.319197,1.248439,45.7077,3.806734,,6737,-1.449033,0.779413,28.6727,3.7855665285386757
1939.0,2.319197,1.249083,45.7313,3.807044,,6738,-1.449033,0.779816,28.6876,3.7993422611019114
1940.0,2.319197,1.249727,45.7549,3.807044,,6739,-1.449033,0.780218,28.7024,3.787776717113248
1941.0,2.319197,1.250371,45.7785,3.807044,,6740,-1.449033,0.780621,28.7172,3.799899148110804
1942.0,2.319197,1.251016,45.802,3.807044,,6741,-1.449033,0.781023,28.732,3.784732826285733
1943.0,2.319197,1.25166,45.8256,3.807354,,6742,-1.449405,0.781426,28.7468,3.8138389048638124
1944.0,2.319197,1.252304,45.8492,3.807354,,6743,-1.449405,0.781829,28.7616,3.79845292427929
1945.0,2.31901,1.252948,45.8728,3.807974,,6744,-1.449405,0.782231,28.7764,3.778460960455584
1946.0,2.31901,1.253592,45.8964,3.807974,,6745,-1.449405,0.782634,28.7912,3.7794686018072876
1947.0,2.319197,1.254237,45.92,3.808594,,6746,-1.449405,0.783036,28.806,3.7940834652335487
1948.0,2.319197,1.254881,45.9436,3.808594,,6747,-1.449591,0.783439,28.8208,3.8220121605897193
1949.0,2.319197,1.255525,45.9671,3.808904,,6748,-1.449591,0.783842,28.8357,3.7973156929425933
1950.0,2.319197,1.256169,45.9907,3.808904,,6749,-1.449591,0.784244,28.8505,3.7860649413916416
1951.0,2.319197,1.256814,46.0143,3.808904,,6750,-1.449591,0.784647,28.8653,3.804945884383457
1952.0,2.318825,1.257458,46.0379,3.808904,,6751,-1.449219,0.78505,28.8801,3.7748330881095935
1953.0,2.318825,1.258102,46.0615,3.808904,,6752,-1.449219,0.785452,28.8949,3.799869972244647
1954.0,2.318825,1.258746,46.0851,3.810144,,6753,-1.449033,0.785855,28.9097,3.784759375175341
1955.0,2.318825,1.25939,46.1086,3.810144,,6754,-1.449219,0.786257,28.9245,3.7892581759064092
1956.0,2.31901,1.260034,46.1322,3.810454,,6755,-1.449219,0.78666,28.9393,3.7948371752430163
1957.0,2.31901,1.260678,46.1558,3.810454,,6756,-1.449219,0.787062,28.9541,3.7905959659786883
1958.0,2.31901,1.261322,46.1794,3.810454,,6757,-1.449219,0.787465,28.9689,3.791218458514225
1959.0,2.31901,1.261967,46.203,3.810454,,6758,-1.449591,0.787868,28.9838,3.800662172605875
1960.0,2.319197,1.262611,46.2266,3.810454,,6759,-1.449591,0.78827,28.9986,3.7811283882569593
1961.0,2.319197,1.263255,46.2502,3.810454,,6760,-1.449591,0.788673,29.0134,3.784547131451268
1962.0,2.319197,1.263899,46.2737,3.810764,,6761,-1.449591,0.789076,29.0282,3.786249849264182
1963.0,2.319197,1.264544,46.2973,3.810764,,6762,-1.449591,0.789478,29.043,3.795210634604672
1964.0,2.319197,1.265188,46.3209,3.811384,,6763,-1.449591,0.789881,29.0578,3.7994432449372275
1965.0,2.319197,1.265832,46.3445,3.811694,,6764,-1.449591,0.790284,29.0726,3.7814855213898264
1966.0,2.319197,1.266476,46.3681,3.811694,,6765,-1.449591,0.790686,29.0875,3.797663005643258
1967.0,2.319197,1.26712,46.3917,3.812004,,6766,-1.449591,0.791089,29.1023,3.7904833743595594
1968.0,2.319197,1.267765,46.4153,3.812004,,6767,-1.449405,0.791492,29.1171,3.7874467080051417
1969.0,2.319197,1.268409,46.4388,3.812004,,6768,-1.449405,0.791894,29.1319,3.802967998290224
1970.0,2.319197,1.269053,46.4624,3.812004,,6769,-1.449405,0.792297,29.1467,3.7783618307537252
1971.0,2.319197,1.269697,46.486,3.812004,,6770,-1.449405,0.792699,29.1615,3.796059521231603
1972.0,2.319197,1.270342,46.5096,3.812004,,6771,-1.449405,0.793102,29.1763,3.7959399679014014
1973.0,2.319197,1.270986,46.5332,3.812314,,6772,-1.449405,0.793505,29.1911,3.7872969664789022
1974.0,2.31901,1.27163,46.5568,3.812314,,6773,-1.449033,0.793907,29.2059,3.7997326901987996
1975.0,2.31901,1.272274,46.5804,3.812314,,6774,-1.449033,0.79431,29.2207,3.800338989507127
1976.0,2.31901,1.272918,46.6039,3.812314,,6775,-1.449033,0.794712,29.2356,3.7804970130442626
1977.0,2.31901,1.273562,46.6275,3.812314,,6776,-1.449033,0.795115,29.2504,3.784158847881644
1978.0,2.31901,1.274207,46.6511,3.812314,,6777,-1.449219,0.795517,29.2652,3.7927473135015597
1979.0,2.31901,1.274851,46.6747,3.812314,,6778,-1.449219,0.79592,29.28,3.7802914311055265
1980.0,2.31901,1.275495,46.6983,3.813244,,6779,-1.449591,0.796322,29.2948,3.7775030351705023
1981.0,2.31901,1.276139,46.7219,3.813244,,6780,-1.449219,0.796725,29.3096,3.781022164095928
1982.0,2.31901,1.276783,46.7454,3.813244,,6781,-1.449219,0.797128,29.3244,3.778187042205052
1983.0,2.319197,1.277428,46.769,3.813244,,6782,-1.449405,0.79753,29.3392,3.7835435479566297
1984.0,2.319197,1.278072,46.7926,3.813244,,6783,-1.449405,0.797933,29.354,3.800265681145015
1985.0,2.319197,1.278716,46.8162,3.813244,,6784,-1.449405,0.798335,29.3688,3.796708597206425
1986.0,2.319197,1.27936,46.8398,3.813864,,6785,-1.449405,0.798738,29.3837,3.7954628708028113
1987.0,2.31901,1.280004,46.8634,3.813864,,6786,-1.449405,0.799141,29.3985,3.8042618237388712
1988.0,2.31901,1.280648,46.887,3.814794,,6787,-1.449405,0.799543,29.4133,3.792260101994494
1989.0,2.31901,1.281293,46.9105,3.814794,,6788,-1.449405,0.799946,29.4281,3.767226108003697
1990.0,2.31901,1.281937,46.9341,3.815414,,6789,-1.449405,0.800348,29.4429,3.7721576002036414
1991.0,2.319197,1.282581,46.9577,3.815414,,6790,-1.449405,0.800751,29.4577,3.8011343358960845
1992.0,2.319197,1.283225,46.9813,3.815724,,6791,-1.449405,0.801154,29.4725,3.809797185465204
1993.0,2.319197,1.28387,47.0049,3.816034,,6792,-1.449405,0.801556,29.4873,3.763007340955474
1994.0,2.319197,1.284514,47.0285,3.816034,,6793,-1.449219,0.801959,29.5021,3.798439395751772
1995.0,2.31901,1.285158,47.0521,3.816344,,6794,-1.449219,0.802361,29.517,3.7897771976925196
1996.0,2.31901,1.285802,47.0756,3.816344,,6795,-1.449405,0.802764,29.5318,3.7812314372114826
1997.0,2.31901,1.286446,47.0992,3.816344,,6796,-1.449405,0.803167,29.5466,3.790067578084665
1998.0,2.31901,1.28709,47.1228,3.816344,,6797,-1.449219,0.803569,29.5614,3.775260406863397
1999.0,2.31901,1.287735,47.1464,3.816654,,6798,-1.449219,0.803972,29.5762,3.782734489358012
2000.0,2.31901,1.288379,47.17,3.816654,,6799,-1.449219,0.804374,29.591,3.806524997580564
2001.0,2.31901,1.289023,47.1936,3.817274,,6800,-1.449219,0.804777,29.6058,3.7914543709348605
2002.0,2.319197,1.289667,47.2171,3.817274,,6801,-1.449219,0.805179,29.6206,3.7824688058847786
2003.0,2.319197,1.290311,47.2407,3.817894,,6802,-1.449219,0.805582,29.6354,3.794705875083236
2004.0,2.319197,1.290956,47.2643,3.817894,,6803,-1.449219,0.805985,29.6502,3.792323823870034
2005.0,2.319197,1.2916,47.2879,3.817894,,6804,-1.449033,0.806387,29.665,3.7698993442169284
2006.0,2.31901,1.292244,47.3115,3.818204,,6805,-1.449033,0.80679,29.6799,3.793912680574733
2007.0,2.31901,1.292888,47.3351,3.818204,,6806,-1.449033,0.807192,29.6947,3.7864529322306892
2008.0,2.31901,1.293532,47.3587,3.818824,,6807,-1.449033,0.807595,29.7095,3.818380098587868
2009.0,2.31901,1.294176,47.3822,3.818824,,6808,-1.449405,0.807997,29.7243,3.7818311587245432
2010.0,2.31901,1.294821,47.4058,3.819134,,6809,-1.449405,0.8084,29.7391,3.784990000165101
2011.0,2.31901,1.295465,47.4294,3.819134,,6810,-1.449405,0.808802,29.7539,3.775208588034959
2012.0,2.319197,1.296109,47.453,3.818824,,6811,-1.449405,0.809205,29.7687,3.787761510513465
2013.0,2.319197,1.296753,47.4766,3.818824,,6812,-1.449405,0.809608,29.7835,3.7877293569140447
2014.0,2.319197,1.297397,47.5002,3.819444,,6813,-1.449405,0.81001,29.7983,3.767446027193214
2015.0,2.31901,1.298042,47.5238,3.819444,,6814,-1.449591,0.810413,29.8132,3.784794628543441
2016.0,2.31901,1.298686,47.5473,3.819444,,6815,-1.449591,0.810816,29.828,3.78717912209102
2017.0,2.31901,1.29933,47.5709,3.819754,,6816,-1.449591,0.811218,29.8428,3.7826635495817404
2018.0,2.31901,1.299974,47.5945,3.819754,,6817,-1.449033,0.811621,29.8576,3.771377220425473
2019.0,2.31901,1.300618,47.6181,3.820065,,6818,-1.449033,0.812023,29.8724,3.7719970480340526
2020.0,2.31901,1.301262,47.6417,3.820065,,6819,-1.449033,0.812426,29.8872,3.8000076585643194
2021.0,2.31901,1.301907,47.6653,3.820065,,6820,-1.449033,0.812828,29.902,3.797879152142082
2022.0,2.31901,1.302551,47.6888,3.820065,,6821,-1.449219,0.813231,29.9168,3.7853558330816104
2023.0,2.31901,1.303195,47.7124,3.821305,,6822,-1.449219,0.813633,29.9316,3.788747153156903
2024.0,2.319197,1.303839,47.736,3.821305,,6823,-1.449219,0.814036,29.9464,3.7870701655662318
2025.0,2.319197,1.304483,47.7596,3.821615,,6824,-1.449219,0.814439,29.9612,3.7792359593672353
2026.0,2.319197,1.305128,47.7832,3.821615,,6825,-1.449219,0.814841,29.9761,3.78659751610276
2027.0,2.319197,1.305772,47.8068,3.821615,,6826,-1.449219,0.815244,29.9909,3.7879006504833845
2028.0,2.318825,1.306416,47.8304,3.821925,,6827,-1.449405,0.815646,30.0057,3.771023665741525
2029.0,2.318825,1.30706,47.8539,3.821925,,6828,-1.449405,0.816049,30.0205,3.7816246247989005
2030.0,2.318825,1.307704,47.8775,3.821925,,6829,-1.449405,0.816452,30.0353,3.788974406226493
2031.0,2.318825,1.308348,47.9011,3.821925,,6830,-1.449405,0.816854,30.0501,3.775082518286629
2032.0,2.318825,1.308993,47.9247,3.822235,,6831,-1.449405,0.817257,30.0649,3.7802685146697024
2033.0,2.318825,1.309637,47.9483,3.822235,,6832,-1.449405,0.817659,30.0797,3.7734169593166254
2034.0,2.318825,1.310281,47.9718,3.822545,,6833,-1.449405,0.818062,30.0945,3.801888649928446
2035.0,2.318825,1.310925,47.9954,3.822545,,6834,-1.449405,0.818465,30.1094,3.772877473027341
2036.0,2.318825,1.311569,48.019,3.822855,,6835,-1.449405,0.818867,30.1242,3.787094148624369
2037.0,2.318825,1.312213,48.0426,3.822855,,6836,-1.449405,0.81927,30.139,3.772046677748977
2038.0,2.31901,1.312857,48.0662,3.823165,,6837,-1.449405,0.819672,30.1538,3.805726400151206
2039.0,2.31901,1.313501,48.0898,3.823165,,6838,-1.449405,0.820075,30.1686,3.77676243016856
2040.0,2.31901,1.314146,48.1133,3.823475,,6839,-1.449405,0.820478,30.1834,3.7591766912324114
2041.0,2.318825,1.31479,48.1369,3.823475,,6840,-1.449405,0.82088,30.1982,3.7691502969035318
2042.0,2.318825,1.315434,48.1605,3.823475,,6841,-1.449405,0.821283,30.213,3.777019832285102
2043.0,2.318825,1.316078,48.1841,3.823785,,6842,-1.449405,0.821685,30.2278,3.7935419418814544
2044.0,2.318825,1.316722,48.2077,3.823785,,6843,-1.449405,0.822088,30.2427,3.775261354017512
2045.0,2.318825,1.317366,48.2313,3.824405,,6844,-1.449405,0.822491,30.2575,3.7731098645340424
2046.0,2.318825,1.31801,48.2548,3.824405,,6845,-1.449033,0.822893,30.2723,3.803412193254018
2047.0,2.319197,1.318655,48.2784,3.824405,,6846,-1.449033,0.823296,30.2871,3.775013942108161
2048.0,2.319197,1.319299,48.302,3.824405,,6847,-1.449405,0.823698,30.3019,3.78948731739457
2049.0,2.31901,1.319943,48.3256,3.824715,,6848,-1.449405,0.824101,30.3167,3.7973047635887696
2050.0,2.31901,1.320587,48.3492,3.824715,,6849,-1.449219,0.824504,30.3315,3.7824670027830565
2051.0,2.31901,1.321231,48.3728,3.825025,,6850,-1.449219,0.824906,30.3463,3.783697710326187
2052.0,2.31901,1.321875,48.3964,3.825025,,6851,-1.449405,0.825309,30.3611,3.771228105948551
2053.0,2.31901,1.32252,48.4199,3.825025,,6852,-1.449405,0.825711,30.3759,3.778519721951414
2054.0,2.31901,1.323164,48.4435,3.825025,,6853,-1.449405,0.826114,30.3908,3.785630085610602
2055.0,2.31901,1.323808,48.4671,3.825025,,6854,-1.449405,0.826517,30.4056,3.792138141921104
2056.0,2.31901,1.324452,48.4907,3.825645,,6855,-1.449405,0.826919,30.4204,3.78167084422504
2057.0,2.31901,1.325096,48.5143,3.825645,,6856,-1.449405,0.827322,30.4352,3.777276699504339
2058.0,2.31901,1.32574,48.5379,3.826575,,6857,-1.449405,0.827724,30.45,3.778131381684306
2059.0,2.31901,1.326385,48.5614,3.826575,,6858,-1.449405,0.828127,30.4648,3.7942198455357974
2060.0,2.31901,1.327029,48.585,3.827505,,6859,-1.449405,0.82853,30.4796,3.766874305062782
2061.0,2.31901,1.327673,48.6086,3.827505,,6860,-1.449405,0.828932,30.4944,3.784283367442191
2062.0,2.319197,1.328317,48.6322,3.827815,,6861,-1.449405,0.829335,30.5092,3.7913659955289525
2063.0,2.319197,1.328961,48.6558,3.827815,,6862,-1.449405,0.829737,30.5241,3.774095689063091
2064.0,2.319197,1.329606,48.6794,3.828125,,6863,-1.449405,0.83014,30.5389,3.776265521627004
2065.0,2.318825,1.33025,48.703,3.828435,,6864,-1.449405,0.830543,30.5537,3.7783134158805716
2066.0,2.318825,1.330894,48.7265,3.828435,,6865,-1.449405,0.830945,30.5685,3.7798925931904472
2067.0,2.318825,1.331538,48.7501,3.828435,,6866,-1.449405,0.831348,30.5833,3.7880503138368864
2068.0,2.318825,1.332182,48.7737,3.828435,,6867,-1.449219,0.83175,30.5981,3.78004471050616
2069.0,2.318825,1.332826,48.7973,3.828435,,6868,-1.449219,0.832153,30.6129,3.7765377455141045
2070.0,2.318825,1.33347,48.8209,3.828435,,6869,-1.449219,0.832556,30.6277,3.770389612536823
2071.0,2.319197,1.334115,48.8445,3.828745,,6870,-1.449219,0.832958,30.6425,3.762755178924154
2072.0,2.319197,1.334759,48.868,3.828745,,6871,-1.449219,0.833361,30.6573,3.7821537400390044
2073.0,2.31901,1.335403,48.8916,3.829055,,6872,-1.449219,0.833763,30.6722,3.786434706803693
2074.0,2.31901,1.336047,48.9152,3.829055,,6873,-1.449219,0.834166,30.687,3.7710312524901335
2075.0,2.31901,1.336691,48.9388,3.829055,,6874,-1.449219,0.834568,30.7018,3.7750178601606597
2076.0,2.31901,1.337335,48.9624,3.829055,,6875,-1.449405,0.834971,30.7166,3.7777103888864265
2077.0,2.31901,1.33798,48.986,3.829365,,6876,-1.449405,0.835374,30.7314,3.7663225876496953
2078.0,2.319197,1.338624,49.0095,3.829365,,6877,-1.449591,0.835776,30.7462,3.7774045380904107
2079.0,2.319197,1.339268,49.0331,3.830295,,6878,-1.449591,0.836179,30.761,3.8116463145917923
2080.0,2.319197,1.339912,49.0567,3.830295,,6879,-1.449405,0.836582,30.7758,3.774270337128288
2081.0,2.319197,1.340557,49.0803,3.830605,,6880,-1.449591,0.836984,30.7906,3.7680987886828152
2082.0,2.319197,1.341201,49.1039,3.830915,,6881,-1.449591,0.837387,30.8055,3.783746448924351
2083.0,2.319197,1.341845,49.1275,3.830915,,6882,-1.449405,0.837789,30.8203,3.774970587187651
2084.0,2.319197,1.342489,49.1511,3.831535,,6883,-1.449405,0.838192,30.8351,3.7474959770031138
2085.0,2.319197,1.343133,49.1746,3.831535,,6884,-1.449405,0.838595,30.8499,3.771465537662486
2086.0,2.31901,1.343778,49.1982,3.831845,,6885,-1.449405,0.838997,30.8647,3.765983744565656
2087.0,2.31901,1.344422,49.2218,3.831845,,6886,-1.449405,0.8394,30.8795,3.778386837765238
2088.0,2.31901,1.345066,49.2454,3.831845,,6887,-1.449405,0.839803,30.8943,3.78274673174809
2089.0,2.31901,1.34571,49.269,3.831845,,6888,-1.449405,0.840205,30.9091,3.7792929129913193
2090.0,2.31901,1.346354,49.2926,3.831845,,6889,-1.449591,0.840608,30.9239,3.787866127300414
2091.0,2.31901,1.346998,49.3162,3.831845,,6890,-1.449591,0.84101,30.9388,3.7656217673610923
2092.0,2.31901,1.347643,49.3397,3.831845,,6891,-1.449591,0.841413,30.9536,3.768997641959878
2093.0,2.319197,1.348287,49.3633,3.831845,,6892,-1.449591,0.841816,30.9684,3.7761178303759944
2094.0,2.319197,1.348931,49.3869,3.832465,,6893,-1.449405,0.842218,30.9832,3.7723808218961232
2095.0,2.319197,1.349575,49.4105,3.832465,,6894,-1.449405,0.842621,30.998,3.7570606237095148
2096.0,2.319197,1.350219,49.4341,3.832465,,6895,-1.449405,0.843024,31.0128,3.7854417123844764
2097.0,2.319197,1.350864,49.4577,3.832465,,6896,-1.449405,0.843426,31.0276,3.766055810543502
2098.0,2.319197,1.351508,49.4813,3.832465,,6897,-1.449405,0.843829,31.0424,3.7665603829601575
2099.0,2.31901,1.352152,49.5048,3.832775,,6898,-1.449405,0.844231,31.0573,3.7941403617586538
2100.0,2.31901,1.352796,49.5284,3.832775,,6899,-1.449405,0.844634,31.0721,3.772700656772194
2101.0,2.318825,1.35344,49.552,3.833085,,6900,-1.449405,0.845037,31.0869,3.788203940297704
2102.0,2.318825,1.354084,49.5756,3.833085,,6901,-1.449405,0.845439,31.1017,3.7869818247648985
2103.0,2.31901,1.354729,49.5992,3.833705,,6902,-1.449405,0.845842,31.1165,3.7801162689030035
2104.0,2.31901,1.355373,49.6228,3.833705,,6903,-1.449033,0.846244,31.1313,3.7695600673859233
2105.0,2.31901,1.356017,49.6463,3.834945,,6904,-1.449405,0.846647,31.1461,3.7760925755375068
2106.0,2.31901,1.356661,49.6699,3.834945,,6905,-1.449405,0.84705,31.1609,3.771359190572037
2107.0,2.31901,1.357305,49.6935,3.835255,,6906,-1.449033,0.847452,31.1757,3.7718934434232207
2108.0,2.31901,1.357949,49.7171,3.835566,,6907,-1.449033,0.847855,31.1905,3.773971676209531
2109.0,2.31901,1.358594,49.7407,3.835566,,6908,-1.449219,0.848257,31.2054,3.7659816822013132
2110.0,2.31901,1.359238,49.7643,3.835566,,6909,-1.449219,0.84866,31.2202,3.7754600122626494
2111.0,2.31901,1.359882,49.7878,3.835566,,6910,-1.449219,0.849062,31.235,3.7758140906620064
2112.0,2.319197,1.360526,49.8114,3.836185,,6911,-1.449219,0.849465,31.2498,3.774556851535068
2113.0,2.319197,1.36117,49.835,3.836185,,6912,-1.449219,0.849867,31.2646,3.772397053065577
2114.0,2.319197,1.361815,49.8586,3.837116,,6913,-1.449219,0.85027,31.2794,3.770735377883786
2115.0,2.319197,1.362459,49.8822,3.837116,,6914,-1.449219,0.850673,31.2942,3.7689398615589877
2116.0,2.319197,1.363103,49.9058,3.837426,,6915,-1.449219,0.851075,31.309,3.7569666019933377
2117.0,2.318825,1.363747,49.9294,3.837426,,6916,-1.449219,0.851478,31.3238,3.766385914488741
2118.0,2.318825,1.364391,49.9529,3.837426,,6917,-1.449033,0.85188,31.3386,3.7866201205102166
2119.0,2.319197,1.365036,49.9765,3.837426,,6918,-1.449033,0.852283,31.3534,3.764135963942202
2120.0,2.319197,1.36568,50.0001,3.837426,,6919,-1.449405,0.852685,31.3682,3.7812752141711115
2121.0,2.319197,1.366324,50.0237,3.837426,,6920,-1.449405,0.853088,31.3831,3.7791191482888777
2122.0,2.319197,1.366968,50.0473,3.837426,,6921,-1.449405,0.853491,31.3979,3.779978188069585
2123.0,2.319197,1.367612,50.0709,3.837426,,6922,-1.449405,0.853893,31.4127,3.773327835258259
2124.0,2.319197,1.368257,50.0945,3.837426,,6923,-1.449405,0.854296,31.4275,3.7680183111316996
2125.0,2.31901,1.368901,50.118,3.837736,,6924,-1.449405,0.854698,31.4423,3.759677786140882
2126.0,2.31901,1.369545,50.1416,3.837736,,6925,-1.449591,0.855101,31.4571,3.791837514807377
2127.0,2.31901,1.370189,50.1652,3.837736,,6926,-1.449591,0.855504,31.4719,3.7712739029701265
2128.0,2.319197,1.370833,50.1888,3.837736,,6927,-1.449591,0.855906,31.4867,3.768096726331144
2129.0,2.319197,1.371478,50.2124,3.838356,,6928,-1.449591,0.856309,31.5016,3.7551880573918615
2130.0,2.319197,1.372122,50.236,3.838356,,6929,-1.449591,0.856712,31.5164,3.761510970133627
2131.0,2.319197,1.372766,50.2596,3.838976,,6930,-1.449591,0.857114,31.5312,3.7634375778899525
2132.0,2.319197,1.37341,50.2831,3.838976,,6931,-1.449405,0.857517,31.546,3.7829801929088274
2133.0,2.319197,1.374055,50.3067,3.838976,,6932,-1.449405,0.85792,31.5608,3.780157691109376
2134.0,2.319197,1.374699,50.3303,3.838976,,6933,-1.449405,0.858322,31.5756,3.765750333287693
2135.0,2.319197,1.375343,50.3539,3.838976,,6934,-1.449591,0.858725,31.5904,3.7764360521681497
2136.0,2.319197,1.375987,50.3775,3.839596,,6935,-1.449591,0.859128,31.6052,3.7835645311132104
2137.0,2.319197,1.376631,50.4011,3.839596,,6936,-1.449591,0.85953,31.6201,3.765128571178367
2138.0,2.31901,1.377276,50.4247,3.840216,,6937,-1.449591,0.859933,31.6349,3.757351686807333
2139.0,2.31901,1.37792,50.4482,3.840216,,6938,-1.449591,0.860336,31.6497,3.766637867571176
2140.0,2.31901,1.378564,50.4718,3.840216,,6939,-1.449591,0.860738,31.6645,3.7667325004052974
2141.0,2.319197,1.379208,50.4954,3.840216,,6940,-1.449405,0.861141,31.6793,3.7500636520264576
2142.0,2.319197,1.379852,50.519,3.840216,,6941,-1.449405,0.861543,31.6941,3.7567819890954115
2143.0,2.319197,1.380497,50.5426,3.840526,,6942,-1.449219,0.861946,31.7089,3.7679405467566527
2144.0,2.319197,1.381141,50.5662,3.840526,,6943,-1.449219,0.862349,31.7237,3.7633925003668858
2145.0,2.319197,1.381785,50.5898,3.841456,,6944,-1.449219,0.862751,31.7385,3.758541651857493
2146.0,2.319197,1.382429,50.6133,3.841456,,6945,-1.449219,0.863154,31.7534,3.7716920857715137
2147.0,2.319197,1.383073,50.6369,3.842386,,6946,-1.449219,0.863556,31.7682,3.747616171883182
2148.0,2.319197,1.383718,50.6605,3.842386,,6947,-1.449219,0.863959,31.783,3.762176413204774
2149.0,2.319197,1.384362,50.6841,3.842386,,6948,-1.449219,0.864361,31.7978,3.7572576670629427
2150.0,2.31901,1.385006,50.7077,3.842386,,6949,-1.449219,0.864764,31.8126,3.7880229616025516
2151.0,2.31901,1.38565,50.7313,3.842386,,6950,-1.449219,0.865166,31.8274,3.778602425032523
2152.0,2.31901,1.386294,50.7549,3.842386,,6951,-1.449219,0.865569,31.8422,3.7784411810022474
2153.0,2.31901,1.386939,50.7784,3.842696,,6952,-1.449219,0.865972,31.857,3.7551701811855787
2154.0,2.31901,1.387583,50.802,3.843626,,6953,-1.449405,0.866374,31.8718,3.7786223727633184
2155.0,2.31901,1.388227,50.8256,3.843626,,6954,-1.449033,0.866777,31.8866,3.776269969615014
2156.0,2.319197,1.388871,50.8492,3.843936,,6955,-1.449033,0.867179,31.9014,3.755392337126449
2157.0,2.319197,1.389515,50.8728,3.843936,,6956,-1.449219,0.867582,31.9163,3.752027794477628
2158.0,2.319197,1.39016,50.8964,3.844246,,6957,-1.449219,0.867984,31.9311,3.7710380285669163
2159.0,2.319197,1.390804,50.92,3.844246,,6958,-1.449219,0.868387,31.9459,3.7921588031644564
2160.0,2.319197,1.391448,50.9435,3.844246,,6959,-1.449219,0.868789,31.9607,3.767708013023296
2161.0,2.319197,1.392092,50.9671,3.844246,,6960,-1.449591,0.869192,31.9755,3.768172725756173
2162.0,2.319197,1.392736,50.9907,3.844556,,6961,-1.449591,0.869595,31.9903,3.780037922567692
2163.0,2.319197,1.393381,51.0143,3.844556,,6962,-1.449591,0.869998,32.0051,3.7837047340714376
2164.0,2.319197,1.394025,51.0379,3.844866,,6963,-1.449591,0.8704,32.0199,3.7668162316612466
2165.0,2.319197,1.394669,51.0615,3.844866,,6964,-1.449405,0.870803,32.0347,3.7578439599132167
2166.0,2.319197,1.395313,51.0851,3.844866,,6965,-1.449033,0.871205,32.0496,3.7766922502996243
2167.0,2.319197,1.395958,51.1086,3.844866,,6966,-1.449033,0.871608,32.0644,3.7564065464166196
2168.0,2.319197,1.396602,51.1322,3.845796,,6967,-1.449033,0.87201,32.0792,3.7732464222793016
2169.0,2.319383,1.397246,51.1558,3.845796,,6968,-1.449033,0.872413,32.094,3.7787283248079175
2170.0,2.319383,1.39789,51.1794,3.845796,,6969,-1.449219,0.872815,32.1088,3.7573418626468844
2171.0,2.319197,1.398535,51.203,3.846416,,6970,-1.449219,0.873218,32.1236,3.7547648326125116
2172.0,2.319197,1.399179,51.2266,3.846416,,6971,-1.449405,0.873621,32.1384,3.772534170120674
2173.0,2.319383,1.399823,51.2502,3.847346,,6972,-1.449405,0.874023,32.1532,3.7576139617923627
2174.0,2.319383,1.400467,51.2738,3.847346,,6973,-1.449405,0.874426,32.168,3.757573467811563
2175.0,2.319197,1.401111,51.2973,3.847656,,6974,-1.449405,0.874828,32.1828,3.7730775089352764
2176.0,2.319197,1.401756,51.3209,3.847656,,6975,-1.449405,0.875231,32.1977,3.7550572056589293
2177.0,2.319197,1.4024,51.3445,3.847966,,6976,-1.449219,0.875634,32.2125,3.7613870355023806
2178.0,2.319197,1.403044,51.3681,3.848276,,6977,-1.449219,0.876036,32.2273,3.7569583982631753
2179.0,2.319197,1.403688,51.3917,3.848276,,6978,-1.449219,0.876439,32.2421,3.763315128269011
2180.0,2.319383,1.404333,51.4153,3.848276,,6979,-1.449219,0.876841,32.2569,3.758437234127085
2181.0,2.319383,1.404977,51.4389,3.848276,,6980,-1.449405,0.877244,32.2717,3.7536082455673867
2182.0,2.319383,1.405621,51.4624,3.848586,,6981,-1.449405,0.877646,32.2865,3.7528277046606817
2183.0,2.319383,1.406265,51.486,3.848586,,6982,-1.449405,0.878049,32.3013,3.755327104252089
2184.0,2.319197,1.40691,51.5096,3.849206,,6983,-1.449405,0.878452,32.3161,3.7639967649807184
2185.0,2.319197,1.407554,51.5332,3.849206,,6984,-1.449405,0.878854,32.3309,3.770960504242678
2186.0,2.319197,1.408198,51.5568,3.849206,,6985,-1.449405,0.879257,32.3458,3.7667291089425223
2187.0,2.319197,1.408842,51.5804,3.849206,,6986,-1.449033,0.879659,32.3606,3.750854340647927
2188.0,2.319197,1.409487,51.604,3.849516,,6987,-1.449033,0.880062,32.3754,3.7429937050389803
2189.0,2.319197,1.410131,51.6276,3.849516,,6988,-1.449033,0.880464,32.3902,3.7673279990152344
2190.0,2.319197,1.410775,51.6511,3.850137,,6989,-1.449033,0.880867,32.405,3.7624647186352336
2191.0,2.319197,1.411419,51.6747,3.851066,,6990,-1.449033,0.881269,32.4198,3.757705790401272
2192.0,2.319197,1.412063,51.6983,3.851066,,6991,-1.449033,0.881672,32.4346,3.7720460976376002
2193.0,2.319197,1.412708,51.7219,3.851066,,6992,-1.449033,0.882074,32.4494,3.7767378592563388
2194.0,2.319197,1.413352,51.7455,3.851066,,6993,-1.449033,0.882477,32.4642,3.759573628389479
2195.0,2.319197,1.413996,51.7691,3.851377,,6994,-1.449033,0.882879,32.479,3.754815851356079
2196.0,2.319197,1.41464,51.7927,3.851377,,6995,-1.449033,0.883282,32.4938,3.750246837759694
2197.0,2.319197,1.415285,51.8162,3.851996,,6996,-1.449033,0.883685,32.5086,3.765779615712513
2198.0,2.319197,1.415929,51.8398,3.851996,,6997,-1.449033,0.884087,32.5234,3.755122467168908
2199.0,2.319383,1.416573,51.8634,3.851996,,6998,-1.449033,0.88449,32.5382,3.7606624430174014
2200.0,2.319383,1.417217,51.887,3.851996,,6999,-1.449033,0.884892,32.5531,3.7546558210480074
2201.0,2.319383,1.417862,51.9106,3.853547,,7000,-1.449033,0.885295,32.5679,3.744292075836697
2202.0,2.319383,1.418506,51.9342,3.853547,,7001,-1.449405,0.885697,32.5827,3.7581701908291922
2203.0,2.319197,1.41915,51.9578,3.853547,,7002,-1.449405,0.8861,32.5975,3.758164983467383
2204.0,2.31901,1.419794,51.9813,3.853857,,7003,-1.449405,0.886502,32.6123,3.747751895663147
2205.0,2.31901,1.420439,52.0049,3.853857,,7004,-1.449405,0.886905,32.6271,3.766019672865949
2206.0,2.319197,1.421083,52.0285,3.853857,,7005,-1.449405,0.887308,32.6419,3.752277260222962
2207.0,2.319197,1.421727,52.0521,3.853857,,7006,-1.449219,0.88771,32.6567,3.751899390700257
2208.0,2.31901,1.422371,52.0757,3.853857,,7007,-1.449219,0.888113,32.6715,3.766066929838737
2209.0,2.31901,1.423015,52.0993,3.853857,,7008,-1.449219,0.888515,32.6863,3.761315300926556
2210.0,2.31901,1.423659,52.1229,3.854477,,7009,-1.449219,0.888918,32.7012,3.7592464759068966
2211.0,2.31901,1.424304,52.1464,3.854477,,7010,-1.449033,0.88932,32.716,3.7504900633482823
2212.0,2.31901,1.424948,52.17,3.854477,,7011,-1.449033,0.889723,32.7308,3.7570942416664725
2213.0,2.31901,1.425592,52.1936,3.854477,,7012,-1.449219,0.890125,32.7456,3.7672019166238
2214.0,2.31901,1.426236,52.2172,3.854787,,7013,-1.449219,0.890528,32.7604,3.7582410651577347
2215.0,2.319197,1.42688,52.2408,3.854787,,7014,-1.449219,0.890931,32.7752,3.748356358857395
2216.0,2.319197,1.427525,52.2644,3.855407,,7015,-1.449219,0.891333,32.79,3.759371300954544
2217.0,2.319197,1.428169,52.288,3.855407,,7016,-1.449219,0.891736,32.8048,3.7656674853932746
2218.0,2.319197,1.428813,52.3115,3.855717,,7017,-1.449219,0.892138,32.8196,3.7626951633036096
2219.0,2.319197,1.429457,52.3351,3.855717,,7018,-1.449219,0.892541,32.8344,3.766527619955662
2220.0,2.319197,1.430101,52.3587,3.855717,,7019,-1.449219,0.892943,32.8492,3.760969467434331
2221.0,2.319197,1.430746,52.3823,3.856647,,7020,-1.449219,0.893346,32.8641,3.7530090659438278
2222.0,2.319197,1.43139,52.4059,3.856647,,7021,-1.449405,0.893749,32.8789,3.755977355250973
2223.0,2.319197,1.432034,52.4295,3.856647,,7022,-1.449405,0.894151,32.8937,3.7455015880757463
2224.0,2.319197,1.432678,52.4531,3.856647,,7023,-1.449405,0.894554,32.9085,3.7504167649930906
2225.0,2.319197,1.433323,52.4766,3.857267,,7024,-1.449405,0.894956,32.9233,3.7674925133675186
2226.0,2.319197,1.433967,52.5002,3.857267,,7025,-1.449405,0.895359,32.9381,3.7640031673596264
2227.0,2.319197,1.434611,52.5238,3.858197,,7026,-1.449405,0.895762,32.9529,3.7644677485158446
2228.0,2.319197,1.435255,52.5474,3.858197,,7027,-1.449405,0.896164,32.9677,3.751514865187323
2229.0,2.319197,1.435899,52.571,3.858197,,7028,-1.449405,0.896567,32.9825,3.7543356932530663
2230.0,2.31901,1.436544,52.5946,3.858197,,7029,-1.449405,0.896969,32.9974,3.747849195236678
2231.0,2.31901,1.437188,52.6182,3.858197,,7030,-1.449591,0.897372,33.0122,3.7569479784807562
2232.0,2.31901,1.437832,52.6417,3.858507,,7031,-1.449591,0.897775,33.027,3.7706027646573674
2233.0,2.31901,1.438476,52.6653,3.858507,,7032,-1.449405,0.898177,33.0418,3.7602027728388787
2234.0,2.31901,1.43912,52.6889,3.858507,,7033,-1.449405,0.89858,33.0566,3.7527365465567355
2235.0,2.31901,1.439764,52.7125,3.858507,,7034,-1.449405,0.898983,33.0714,3.7676310729808513
2236.0,2.31901,1.440409,52.7361,3.858817,,7035,-1.449405,0.899385,33.0862,3.7323341868137883
2237.0,2.31901,1.441053,52.7597,3.858817,,7036,-1.449033,0.899788,33.101,3.754434322308718
2238.0,2.31901,1.441697,52.7832,3.858817,,7037,-1.449033,0.90019,33.1158,3.757811600360472
2239.0,2.31901,1.442341,52.8068,3.858817,,7038,-1.449033,0.900593,33.1306,3.756310351982554
2240.0,2.31901,1.442985,52.8304,3.859437,,7039,-1.449405,0.900995,33.1455,3.7562690289032075
2241.0,2.31901,1.44363,52.854,3.859437,,7040,-1.449405,0.901398,33.1603,3.7589911290658247
2242.0,2.31901,1.444274,52.8776,3.859747,,7041,-1.449405,0.901801,33.1751,3.770511957544598
2243.0,2.319197,1.444918,52.9012,3.859747,,7042,-1.449405,0.902203,33.1899,3.7616221329450084
2244.0,2.319197,1.445562,52.9248,3.859747,,7043,-1.449405,0.902606,33.2047,3.741791523189558
2245.0,2.319197,1.446206,52.9483,3.860367,,7044,-1.449405,0.903008,33.2195,3.765696961334167
2246.0,2.319197,1.446851,52.9719,3.860367,,7045,-1.449219,0.903411,33.2343,3.763662014796637
2247.0,2.318825,1.447495,52.9955,3.860987,,7046,-1.449219,0.903814,33.2491,3.758576530368313
2248.0,2.318825,1.448139,53.0191,3.860987,,7047,-1.449219,0.904216,33.2639,3.7420815253526203
2249.0,2.318825,1.448783,53.0427,3.861297,,7048,-1.449405,0.904619,33.2788,3.754295924651446
2250.0,2.318825,1.449427,53.0663,3.861297,,7049,-1.449405,0.905021,33.2936,3.7590071009270187
2251.0,2.319197,1.450071,53.0898,3.862537,,7050,-1.449405,0.905424,33.3084,3.741195306796319
2252.0,2.319197,1.450715,53.1134,3.862537,,7051,-1.449405,0.905827,33.3232,3.7486264961910343
2253.0,2.319197,1.45136,53.137,3.862537,,7052,-1.449405,0.906229,33.338,3.7472916928690947
2254.0,2.319383,1.452004,53.1606,3.863157,,7053,-1.449405,0.906632,33.3528,3.748620940100188
2255.0,2.319383,1.452648,53.1842,3.863157,,7054,-1.449591,0.907034,33.3676,3.7521240004899195
2256.0,2.319197,1.453292,53.2078,3.862847,,7055,-1.449591,0.907437,33.3824,3.7577048059539244
2257.0,2.319197,1.453937,53.2314,3.862847,,7056,-1.449591,0.90784,33.3973,3.7457695775280455
2258.0,2.319197,1.454581,53.255,3.863157,,7057,-1.449591,0.908242,33.4121,3.7242633498499447
2259.0,2.319197,1.455225,53.2785,3.863157,,7058,-1.449591,0.908645,33.4269,3.7561631910395814
2260.0,2.31901,1.455869,53.3021,3.863157,,7059,-1.449591,0.909048,33.4417,3.769725610391999
2261.0,2.31901,1.456513,53.3257,3.863157,,7060,-1.449591,0.90945,33.4565,3.7397991509805144
2262.0,2.31901,1.457158,53.3493,3.863157,,7061,-1.449591,0.909853,33.4713,3.7632392792962506
2263.0,2.31901,1.457802,53.3729,3.863157,,7062,-1.449405,0.910256,33.4861,3.7453235842984784
2264.0,2.31901,1.458446,53.3965,3.863467,,7063,-1.449405,0.910658,33.5009,3.7617801004991804
2265.0,2.31901,1.45909,53.42,3.863467,,7064,-1.449405,0.911061,33.5157,3.7585566897348346
2266.0,2.31901,1.459734,53.4436,3.864087,,7065,-1.448847,0.911463,33.5306,3.7620065613988896
2267.0,2.31901,1.460378,53.4672,3.864087,,7066,-1.448847,0.911866,33.5454,3.764365013809366
2268.0,2.31901,1.461023,53.4908,3.864397,,7067,-1.448847,0.912268,33.5602,3.760206687403052
2269.0,2.31901,1.461667,53.5144,3.864397,,7068,-1.448847,0.912671,33.575,3.746064603375885
2270.0,2.31901,1.462311,53.538,3.864707,,7069,-1.449033,0.913073,33.5898,3.7509328382448768
2271.0,2.319197,1.462955,53.5616,3.865947,,7070,-1.449033,0.913476,33.6046,3.7492127594530134
2272.0,2.319197,1.463599,53.5851,3.865947,,7071,-1.449033,0.913878,33.6194,3.7523500248361707
2273.0,2.319197,1.464244,53.6087,3.866878,,7072,-1.449033,0.914281,33.6342,3.7385286267268683
2274.0,2.319197,1.464888,53.6323,3.866878,,7073,-1.449033,0.914683,33.649,3.743990945926661
2275.0,2.319197,1.465532,53.6559,3.867188,,7074,-1.449033,0.915086,33.6638,3.7630771620351053
2276.0,2.319197,1.466176,53.6795,3.867188,,7075,-1.449219,0.915488,33.6786,3.742012078996105
2277.0,2.319197,1.46682,53.7031,3.867497,,7076,-1.449219,0.915891,33.6934,3.7563516999692306
2278.0,2.31901,1.467465,53.7267,3.867497,,7077,-1.449219,0.916294,33.7082,3.7566775957711025
2279.0,2.31901,1.468109,53.7502,3.867808,,7078,-1.449405,0.916696,33.7231,3.736902662607852
2280.0,2.31901,1.468753,53.7738,3.868118,,7079,-1.449405,0.917099,33.7379,3.7506008793158965
2281.0,2.31901,1.469397,53.7974,3.868118,,7080,-1.449219,0.917501,33.7527,3.74498346882091
2282.0,2.319197,1.470041,53.821,3.868428,,7081,-1.449219,0.917904,33.7675,3.7578732616639896
2283.0,2.319197,1.470686,53.8446,3.868428,,7082,-1.449405,0.918306,33.7823,3.769192345104603
2284.0,2.319197,1.47133,53.8682,3.868428,,7083,-1.449405,0.918709,33.7971,3.7404048739663556
2285.0,2.319197,1.471974,53.8917,3.868428,,7084,-1.449405,0.919112,33.8119,3.7414084489172468
2286.0,2.319197,1.472618,53.9153,3.868428,,7085,-1.449405,0.919514,33.8267,3.7516568766657996
2287.0,2.319197,1.473263,53.9389,3.868428,,7086,-1.449405,0.919917,33.8415,3.7424823713052695
2288.0,2.319197,1.473907,53.9625,3.868738,,7087,-1.449405,0.920319,33.8563,3.7687645003328596
2289.0,2.319197,1.474551,53.9861,3.868738,,7088,-1.449405,0.920722,33.8712,3.7332450624615587
2290.0,2.31901,1.475195,54.0097,3.868738,,7089,-1.449405,0.921125,33.886,3.737118003327993
2291.0,2.31901,1.475839,54.0333,3.868738,,7090,-1.449033,0.921527,33.9008,3.758256517153505
2292.0,2.319197,1.476483,54.0568,3.870288,,7091,-1.449033,0.92193,33.9156,3.760667562509151
2293.0,2.319197,1.477128,54.0804,3.870288,,7092,-1.449033,0.922332,33.9304,3.743412381885548
2294.0,2.319197,1.477772,54.104,3.871218,,7093,-1.449033,0.922735,33.9452,3.7611777545893688
2295.0,2.319197,1.478416,54.1276,3.871218,,7094,-1.449033,0.923137,33.96,3.746146514077219
2296.0,2.319197,1.47906,54.1512,3.871218,,7095,-1.449219,0.92354,33.9748,3.745670504285905
2297.0,2.31901,1.479705,54.1748,3.872148,,7096,-1.449219,0.923942,33.9896,3.7556977532179023
2298.0,2.31901,1.480349,54.1984,3.872148,,7097,-1.449405,0.924345,34.0044,3.7411556447634675
2299.0,2.31901,1.480993,54.2219,3.872148,,7098,-1.449405,0.924748,34.0192,3.747091076533165
2300.0,2.31901,1.481637,54.2455,3.872148,,7099,-1.449219,0.92515,34.0341,3.7675361837627115
2301.0,2.319197,1.482281,54.2691,3.873078,,7100,-1.449219,0.925553,34.0489,3.7625693220532357
2302.0,2.319197,1.482926,54.2927,3.873078,,7101,-1.449405,0.925955,34.0637,3.755269020121546
2303.0,2.319197,1.48357,54.3163,3.873698,,7102,-1.449405,0.926358,34.0785,3.7580849362027777
2304.0,2.319197,1.484214,54.3399,3.873698,,7103,-1.449405,0.926761,34.0933,3.760858539589165
2305.0,2.319197,1.484858,54.3635,3.873698,,7104,-1.449405,0.927163,34.1081,3.7430632325222852
2306.0,2.319197,1.485502,54.387,3.873698,,7105,-1.449405,0.927566,34.1229,3.7430131164048355
2307.0,2.319197,1.486147,54.4106,3.873698,,7106,-1.449405,0.927968,34.1377,3.75360171863669
2308.0,2.319197,1.486791,54.4342,3.873698,,7107,-1.449405,0.928371,34.1525,3.758372489360683
2309.0,2.319197,1.487435,54.4578,3.874008,,7108,-1.449405,0.928774,34.1674,3.749005737318124
2310.0,2.319197,1.488079,54.4814,3.874008,,7109,-1.449405,0.929176,34.1822,3.7365213497055234
2311.0,2.319197,1.488724,54.505,3.874008,,7110,-1.449405,0.929579,34.197,3.753551150326712
2312.0,2.319197,1.489368,54.5286,3.874008,,7111,-1.449405,0.929981,34.2118,3.7395841436504327
2313.0,2.319197,1.490012,54.5522,3.874008,,7112,-1.449405,0.930384,34.2266,3.7641457936367164
2314.0,2.319197,1.490656,54.5757,3.874628,,7113,-1.449405,0.930787,34.2414,3.739689158840341
2315.0,2.319197,1.4913,54.5993,3.874628,,7114,-1.449405,0.931189,34.2562,3.7440070830292207
2316.0,2.319197,1.491945,54.6229,3.875248,,7115,-1.449405,0.931592,34.271,3.745805721415665
2317.0,2.319197,1.492589,54.6465,3.875248,,7116,-1.449405,0.931995,34.2858,3.744061030677762
2318.0,2.319383,1.493233,54.6701,3.876488,,7117,-1.449405,0.932397,34.3007,3.738524755726623
2319.0,2.319383,1.493877,54.6937,3.876488,,7118,-1.449405,0.9328,34.3155,3.738358828959845
2320.0,2.319383,1.494522,54.7173,3.876488,,7119,-1.449405,0.933202,34.3303,3.7347773907903594
2321.0,2.31901,1.495166,54.7408,3.876488,,7120,-1.449405,0.933605,34.3451,3.7487187744145745
2322.0,2.31901,1.49581,54.7644,3.876798,,7121,-1.449405,0.934008,34.3599,3.726317398737537
2323.0,2.31901,1.496454,54.788,3.877418,,7122,-1.449405,0.93441,34.3747,3.7340094860387443
2324.0,2.31901,1.497098,54.8116,3.877418,,7123,-1.449405,0.934813,34.3895,3.7630588394661
2325.0,2.31901,1.497743,54.8352,3.877728,,7124,-1.449405,0.935215,34.4043,3.737476307470162
2326.0,2.31901,1.498387,54.8588,3.877728,,7125,-1.449405,0.935618,34.4191,3.759082329403393
2327.0,2.319197,1.499031,54.8824,3.877728,,7126,-1.449405,0.936021,34.434,3.724384992165566
2328.0,2.319197,1.499675,54.9059,3.877728,,7127,-1.449405,0.936423,34.4488,3.7610704532154045
2329.0,2.319197,1.500319,54.9295,3.878348,,7128,-1.449405,0.936826,34.4636,3.748744714191119
2330.0,2.319197,1.500964,54.9531,3.878348,,7129,-1.449405,0.937229,34.4784,3.7469159003962904
2331.0,2.319197,1.501608,54.9767,3.878658,,7130,-1.449033,0.937631,34.4932,3.723675526819289
2332.0,2.319197,1.502252,55.0003,3.878658,,7131,-1.449033,0.938034,34.508,3.7368466758066314
2333.0,2.31901,1.502896,55.0239,3.879278,,7132,-1.449405,0.938436,34.5228,3.732416493543829
2334.0,2.31901,1.50354,55.0475,3.879278,,7133,-1.449405,0.938839,34.5376,3.7525317396606233
2335.0,2.31901,1.504184,55.071,3.879278,,7134,-1.449033,0.939241,34.5524,3.752691730453737
2336.0,2.319197,1.504829,55.0946,3.880208,,7135,-1.449033,0.939644,34.5672,3.7238825716956256
2337.0,2.319197,1.505473,55.1182,3.880208,,7136,-1.449405,0.940046,34.5821,3.7498627108788765
2338.0,2.319197,1.506117,55.1418,3.880208,,7137,-1.449405,0.940449,34.5969,3.7453611257845445
2339.0,2.319197,1.506761,55.1654,3.880208,,7138,-1.449033,0.940852,34.6117,3.745630184034667
2340.0,2.31901,1.507406,55.189,3.880828,,7139,-1.449033,0.941254,34.6265,3.745751038970763
2341.0,2.31901,1.50805,55.2125,3.880828,,7140,-1.449033,0.941657,34.6413,3.734236895344431
2342.0,2.31901,1.508694,55.2361,3.880828,,7141,-1.449033,0.942059,34.6561,3.7394430121230595
2343.0,2.31901,1.509338,55.2597,3.880828,,7142,-1.449033,0.942462,34.6709,3.7349204878118227
2344.0,2.31901,1.509982,55.2833,3.881449,,7143,-1.449591,0.942864,34.6857,3.7518554195791833
2345.0,2.31901,1.510626,55.3069,3.881449,,7144,-1.449591,0.943267,34.7005,3.7427772694969503
2346.0,2.319197,1.511271,55.3305,3.881758,,7145,-1.449591,0.943669,34.7153,3.7230035608047096
2347.0,2.319197,1.511915,55.3541,3.881758,,7146,-1.449591,0.944072,34.7302,3.751278231834246
2348.0,2.318825,1.512559,55.3776,3.882689,,7147,-1.449591,0.944475,34.745,3.744584527491474
2349.0,2.318825,1.513203,55.4012,3.882689,,7148,-1.449591,0.944878,34.7598,3.7541340093503504
2350.0,2.318825,1.513847,55.4248,3.882689,,7149,-1.449591,0.94528,34.7746,3.7577520125585693
2351.0,2.318825,1.514491,55.4484,3.883309,,7150,-1.449591,0.945683,34.7894,3.755562554088108
2352.0,2.318825,1.515135,55.472,3.883309,,7151,-1.449591,0.946086,34.8042,3.744121743143748
2353.0,2.31901,1.51578,55.4956,3.883619,,7152,-1.449591,0.946488,34.819,3.757442118329918
2354.0,2.31901,1.516424,55.5191,3.883619,,7153,-1.449591,0.946891,34.8338,3.7466690486701686
2355.0,2.319197,1.517068,55.5427,3.883929,,7154,-1.449591,0.947294,34.8487,3.751225770227582
2356.0,2.319197,1.517712,55.5663,3.883929,,7155,-1.449591,0.947696,34.8635,3.752159662681311
2357.0,2.319197,1.518356,55.5899,3.883929,,7156,-1.449405,0.948099,34.8783,3.763265920938359
2358.0,2.319197,1.519001,55.6135,3.883929,,7157,-1.449405,0.948501,34.8931,3.7254043592047483
2359.0,2.319197,1.519645,55.6371,3.884549,,7158,-1.449219,0.948904,34.9079,3.730999225073801
2360.0,2.319197,1.520289,55.6607,3.885789,,7159,-1.449219,0.949306,34.9227,3.7525651488344955
2361.0,2.319197,1.520933,55.6842,3.885789,,7160,-1.449219,0.949709,34.9375,3.734170516296917
2362.0,2.319197,1.521578,55.7078,3.885789,,7161,-1.449219,0.950112,34.9523,3.742378447845013
2363.0,2.319197,1.522222,55.7314,3.885789,,7162,-1.449033,0.950514,34.9671,3.729512320585493
2364.0,2.319197,1.522866,55.755,3.886409,,7163,-1.449033,0.950917,34.9819,3.7276335414680952
2365.0,2.319197,1.52351,55.7786,3.886409,,7164,-1.449219,0.951319,34.9968,3.735120213509489
2366.0,2.319197,1.524154,55.8022,3.886719,,7165,-1.449219,0.951722,35.0116,3.7227628247745295
2367.0,2.319197,1.524799,55.8258,3.886719,,7166,-1.449219,0.952124,35.0264,3.723955574771956
2368.0,2.31901,1.525443,55.8493,3.887029,,7167,-1.449219,0.952527,35.0412,3.7346861590394957
2369.0,2.31901,1.526087,55.8729,3.887029,,7168,-1.449219,0.952929,35.056,3.728373227041199
2370.0,2.31901,1.526731,55.8965,3.887959,,7169,-1.449219,0.953332,35.0708,3.7306854385293997
2371.0,2.31901,1.527375,55.9201,3.887959,,7170,-1.449219,0.953735,35.0856,3.73338919790384
2372.0,2.31901,1.52802,55.9437,3.887959,,7171,-1.449219,0.954137,35.1004,3.7473637904634347
2373.0,2.31901,1.528664,55.9673,3.887959,,7172,-1.449219,0.95454,35.1152,3.753020050344252
2374.0,2.31901,1.529308,55.9908,3.887959,,7173,-1.449219,0.954942,35.13,3.7274969732435514
2375.0,2.31901,1.529952,56.0144,3.888269,,7174,-1.449219,0.955345,35.1448,3.7478643975495816
2376.0,2.31901,1.530596,56.038,3.888269,,7175,-1.449219,0.955747,35.1597,3.716174632402046
2377.0,2.31901,1.53124,56.0616,3.888579,,7176,-1.449219,0.95615,35.1745,3.7246568400737643
2378.0,2.31901,1.531885,56.0852,3.888579,,7177,-1.449219,0.956553,35.1893,3.74105053812404
2379.0,2.319197,1.532529,56.1088,3.889199,,7178,-1.449219,0.956955,35.2041,3.738356991724894
2380.0,2.319197,1.533173,56.1324,3.889199,,7179,-1.449033,0.957358,35.2189,3.7286638925276216
2381.0,2.319197,1.533817,56.1559,3.889509,,7180,-1.449033,0.95776,35.2337,3.735857280437238
2382.0,2.319197,1.534461,56.1795,3.889509,,7181,-1.449405,0.958163,35.2485,3.7458444996759526
2383.0,2.319197,1.535106,56.2031,3.889819,,7182,-1.449405,0.958565,35.2633,3.7386808363599418
2384.0,2.319197,1.53575,56.2267,3.889819,,7183,-1.449405,0.958968,35.2781,3.7232020687306684
2385.0,2.319383,1.536394,56.2503,3.890439,,7184,-1.449405,0.959371,35.2929,3.7419601829955678
2386.0,2.319383,1.537038,56.2739,3.890439,,7185,-1.449405,0.959773,35.3078,3.7324865464178107
2387.0,2.319383,1.537683,56.2975,3.890439,,7186,-1.449405,0.960176,35.3226,3.7423219681893984
2388.0,2.31901,1.538327,56.321,3.890749,,7187,-1.449405,0.960578,35.3374,3.7260436027660107
2389.0,2.31901,1.538971,56.3446,3.890749,,7188,-1.449405,0.960981,35.3522,3.7304998431354663
2390.0,2.318825,1.539615,56.3682,3.891059,,7189,-1.449405,0.961384,35.367,3.735634913651189
2391.0,2.318825,1.540259,56.3918,3.891059,,7190,-1.449405,0.961786,35.3818,3.731713109606955
2392.0,2.31901,1.540903,56.4154,3.891369,,7191,-1.449405,0.962189,35.3966,3.7339375390826053
2393.0,2.31901,1.541548,56.439,3.891369,,7192,-1.449219,0.962591,35.4114,3.7390095620831563
2394.0,2.319197,1.542192,56.4626,3.892609,,7193,-1.449219,0.962994,35.4262,3.7340385396889855
2395.0,2.319197,1.542836,56.4861,3.892609,,7194,-1.449219,0.963396,35.441,3.720536396388113
2396.0,2.319197,1.54348,56.5097,3.893849,,7195,-1.449591,0.963799,35.4559,3.7389772318635996
2397.0,2.319197,1.544124,56.5333,3.893849,,7196,-1.449591,0.964202,35.4707,3.727369574961519
2398.0,2.319197,1.544769,56.5569,3.893849,,7197,-1.449591,0.964604,35.4855,3.7449508652178802
2399.0,2.319197,1.545413,56.5805,3.894159,,7198,-1.449591,0.965007,35.5003,3.719857527559091
2400.0,2.319197,1.546057,56.6041,3.894159,,7199,-1.449591,0.96541,35.5151,3.7311019827640526
2401.0,2.319197,1.546701,56.6277,3.894469,,7200,-1.449591,0.965813,35.5299,3.713955065964229
2402.0,2.319197,1.547346,56.6512,3.894469,,7201,-1.449591,0.966215,35.5447,3.7364447334308384
2403.0,2.31901,1.54799,56.6748,3.894469,,7202,-1.449591,0.966618,35.5596,3.747430335573938
2404.0,2.31901,1.548634,56.6984,3.894469,,7203,-1.449591,0.96702,35.5744,3.7351002264216118
2405.0,2.318825,1.549278,56.722,3.894469,,7204,-1.449591,0.967423,35.5892,3.7398027325157983
2406.0,2.318825,1.549922,56.7456,3.894469,,7205,-1.449405,0.967826,35.604,3.7467630265078533
2407.0,2.318825,1.550566,56.7692,3.894779,,7206,-1.449405,0.968228,35.6188,3.748597182847914
2408.0,2.319197,1.551211,56.7927,3.894779,,7207,-1.449405,0.968631,35.6336,3.7379893029383724
2409.0,2.319197,1.551855,56.8163,3.895089,,7208,-1.449405,0.969034,35.6484,3.7350192633452823
2410.0,2.319197,1.552499,56.8399,3.895709,,7209,-1.449405,0.969436,35.6632,3.7134381869005706
2411.0,2.319197,1.553143,56.8635,3.895709,,7210,-1.449033,0.969839,35.678,3.724916307036783
2412.0,2.319197,1.553787,56.8871,3.896329,,7211,-1.449033,0.970241,35.6928,3.7546794731182658
2413.0,2.319197,1.554432,56.9107,3.896329,,7212,-1.449033,0.970644,35.7077,3.728524369206848
2414.0,2.31901,1.555076,56.9343,3.896639,,7213,-1.449033,0.971046,35.7225,3.7229898496684775
2415.0,2.31901,1.55572,56.9578,3.896639,,7214,-1.449405,0.971449,35.7373,3.725267585117215
2416.0,2.31901,1.556364,56.9814,3.897259,,7215,-1.449405,0.971851,35.7521,3.7402667586152725
2417.0,2.31901,1.557008,57.005,3.897259,,7216,-1.449405,0.972254,35.7669,3.7308920721273195
2418.0,2.31901,1.557652,57.0286,3.89819,,7217,-1.449033,0.972657,35.7817,3.7143813879809318
2419.0,2.319197,1.558297,57.0522,3.89819,,7218,-1.449033,0.973059,35.7965,3.736095342954391
2420.0,2.319197,1.558941,57.0758,3.898499,,7219,-1.449033,0.973462,35.8113,3.7420699952418714
2421.0,2.31901,1.559585,57.0994,3.898499,,7220,-1.449033,0.973864,35.8261,3.723590722363422
2422.0,2.31901,1.560229,57.1229,3.898809,,7221,-1.449033,0.974267,35.8409,3.7284783247150606
2423.0,2.319197,1.560874,57.1465,3.898809,,7222,-1.449033,0.974669,35.8557,3.7210340024681634
2424.0,2.319197,1.561518,57.1701,3.898809,,7223,-1.449219,0.975072,35.8705,3.7394630029894174
2425.0,2.319197,1.562162,57.1937,3.89943,,7224,-1.449219,0.975474,35.8854,3.73208854288717
2426.0,2.319197,1.562806,57.2173,3.89943,,7225,-1.449405,0.975877,35.9002,3.7293420677003115
2427.0,2.319197,1.56345,57.2409,3.89943,,7226,-1.449405,0.976279,35.915,3.7222367788311495
2428.0,2.319197,1.564095,57.2645,3.89943,,7227,-1.449591,0.976682,35.9298,3.7052535026127553
2429.0,2.319383,1.564739,57.288,3.89974,,7228,-1.449591,0.977085,35.9446,3.744202219974655
2430.0,2.319383,1.565383,57.3116,3.89974,,7229,-1.449405,0.977487,35.9594,3.73679251607667
2431.0,2.31901,1.566027,57.3352,3.90036,,7230,-1.449405,0.97789,35.9742,3.7253410592349074
2432.0,2.31901,1.566671,57.3588,3.90036,,7231,-1.449591,0.978293,35.989,3.723021920875022
2433.0,2.319383,1.567316,57.3824,3.90067,,7232,-1.449405,0.978695,36.0039,3.7304457348926694
2434.0,2.319383,1.56796,57.406,3.90067,,7233,-1.449405,0.979098,36.0187,3.7346019242646675
2435.0,2.319197,1.568604,57.4296,3.90129,,7234,-1.449405,0.979501,36.0335,3.7310950109500824
2436.0,2.319197,1.569248,57.4531,3.90129,,7235,-1.449405,0.979903,36.0483,3.7423674593222884
2437.0,2.319197,1.569893,57.4767,3.90222,,7236,-1.449405,0.980306,36.0631,3.7219166462858517
2438.0,2.319197,1.570537,57.5003,3.90284,,7237,-1.449405,0.980708,36.0779,3.7255373504853884
2439.0,2.319197,1.571181,57.5239,3.90284,,7238,-1.449405,0.981111,36.0927,3.7302905432626905
2440.0,2.319383,1.571825,57.5475,3.90315,,7239,-1.449405,0.981514,36.1075,3.7261294883432385
2441.0,2.319383,1.57247,57.5711,3.90315,,7240,-1.449405,0.981916,36.1223,3.7313095504737603
2442.0,2.319383,1.573114,57.5947,3.90377,,7241,-1.449405,0.982319,36.1372,3.7317269608014514
2443.0,2.319383,1.573758,57.6183,3.90377,,7242,-1.449405,0.982721,36.152,3.7103657654725053
2444.0,2.319197,1.574402,57.6418,3.90408,,7243,-1.449405,0.983124,36.1668,3.735033086778082
2445.0,2.318825,1.575047,57.6654,3.90408,,7244,-1.449591,0.983527,36.1816,3.7295413867666163
2446.0,2.318825,1.575691,57.689,3.90408,,7245,-1.449591,0.983929,36.1964,3.71639110215005
2447.0,2.318825,1.576335,57.7126,3.90439,,7246,-1.449591,0.984332,36.2112,3.7338213747303572
2448.0,2.318825,1.576979,57.7362,3.90439,,7247,-1.449033,0.984735,36.226,3.7254129914651966
2449.0,2.31901,1.577623,57.7598,3.90501,,7248,-1.449033,0.985137,36.2408,3.7427017660529547
2450.0,2.31901,1.578267,57.7833,3.90501,,7249,-1.449033,0.98554,36.2556,3.7322798762607463
2451.0,2.319197,1.578911,57.8069,3.90532,,7250,-1.449033,0.985942,36.2704,3.7406275553517854
2452.0,2.319197,1.579556,57.8305,3.90532,,7251,-1.449405,0.986345,36.2853,3.729479565375127
2453.0,2.31901,1.5802,57.8541,3.90594,,7252,-1.449405,0.986747,36.3001,3.7326823283989725
2454.0,2.31901,1.580844,57.8777,3.90594,,7253,-1.449405,0.98715,36.3149,3.713444792920124
2455.0,2.31901,1.581488,57.9013,3.90656,,7254,-1.449405,0.987553,36.3297,3.7327057858549875
2456.0,2.31901,1.582132,57.9249,3.90656,,7255,-1.449405,0.987955,36.3445,3.725122366069062
2457.0,2.31901,1.582777,57.9484,3.90687,,7256,-1.449405,0.988358,36.3593,3.7204176117738315
2458.0,2.31901,1.583421,57.972,3.90687,,7257,-1.449033,0.98876,36.3741,3.7250346282209295
2459.0,2.31901,1.584065,57.9956,3.90718,,7258,-1.449405,0.989163,36.3889,3.717691715844218
2460.0,2.31901,1.584709,58.0192,3.9078,,7259,-1.449405,0.989565,36.4037,3.717995926433541
2461.0,2.31901,1.585353,58.0428,3.9078,,7260,-1.449405,0.989968,36.4186,3.7117192561662486
2462.0,2.319197,1.585997,58.0664,3.90811,,7261,-1.449405,0.990371,36.4334,3.719108224103173
2463.0,2.319197,1.586642,58.0899,3.90811,,7262,-1.449405,0.990773,36.4482,3.723671011100058
2464.0,2.319197,1.587286,58.1135,3.90842,,7263,-1.449405,0.991176,36.463,3.716815073413689
2465.0,2.319197,1.58793,58.1371,3.90842,,7264,-1.449219,0.991579,36.4778,3.7555727759618414
2466.0,2.31901,1.588574,58.1607,3.90966,,7265,-1.449219,0.991981,36.4926,3.7303794282321787
2467.0,2.31901,1.589218,58.1843,3.90966,,7266,-1.449219,0.992384,36.5074,3.718617994883579
2468.0,2.318825,1.589863,58.2079,3.90966,,7267,-1.449219,0.992786,36.5222,3.7139893116491356
2469.0,2.318825,1.590507,58.2315,3.90966,,7268,-1.449405,0.993189,36.537,3.718233109045552
2470.0,2.31901,1.591151,58.255,3.90997,,7269,-1.449405,0.993591,36.5518,3.718704260836988
2471.0,2.31901,1.591795,58.2786,3.90997,,7270,-1.449591,0.993994,36.5667,3.7293124958030432
2472.0,2.31901,1.592439,58.3022,3.91028,,7271,-1.449591,0.994397,36.5815,3.7161051384638726
2473.0,2.319383,1.593083,58.3258,3.91028,,7272,-1.449591,0.994799,36.5963,3.7347712776479365
2474.0,2.319383,1.593728,58.3494,3.91059,,7273,-1.449591,0.995202,36.6111,3.7227670299226503
2475.0,2.319383,1.594372,58.373,3.91059,,7274,-1.449591,0.995605,36.6259,3.7261588702717345
2476.0,2.319383,1.595016,58.3966,3.91059,,7275,-1.449405,0.996007,36.6407,3.717195909442855
2477.0,2.319383,1.595661,58.4201,3.91121,,7276,-1.449405,0.99641,36.6555,3.713429912694663
2478.0,2.319383,1.596305,58.4437,3.91121,,7277,-1.449405,0.996813,36.6703,3.7364049183967434
2479.0,2.319197,1.596949,58.4673,3.91183,,7278,-1.449405,0.997215,36.6852,3.733937424122885
2480.0,2.319197,1.597593,58.4909,3.91183,,7279,-1.449405,0.997618,36.7,3.7286217398335575
2481.0,2.319197,1.598238,58.5145,3.91214,,7280,-1.449405,0.99802,36.7148,3.7061035054879303
2482.0,2.319197,1.598882,58.5381,3.91214,,7281,-1.449405,0.998423,36.7296,3.7241590164304963
2483.0,2.31901,1.599526,58.5617,3.91276,,7282,-1.449405,0.998826,36.7444,3.7168872446268133
2484.0,2.31901,1.60017,58.5852,3.91276,,7283,-1.449405,0.999228,36.7592,3.7270479613868917
2485.0,2.319197,1.600814,58.6088,3.91307,,7284,-1.449405,0.999631,36.774,3.7290631398784893
2486.0,2.319197,1.601458,58.6324,3.91307,,7285,-1.449405,1.000033,36.7888,3.7114659986660774
2487.0,2.319197,1.602103,58.656,3.91338,,7286,-1.449405,1.000436,36.8036,3.727729213174494
2488.0,2.319197,1.602747,58.6796,3.913691,,7287,-1.449405,1.000839,36.8185,3.731113444720713
2489.0,2.319197,1.603391,58.7032,3.913691,,7288,-1.449033,1.001241,36.8333,3.724374531281728
2490.0,2.319383,1.604035,58.7268,3.914621,,7289,-1.449033,1.001644,36.8481,3.7208434598037394
2491.0,2.319383,1.60468,58.7504,3.914621,,7290,-1.449405,1.002046,36.8629,3.722697181295919
2492.0,2.319383,1.605324,58.7739,3.915241,,7291,-1.449405,1.002449,36.8777,3.70825665326745
2493.0,2.319383,1.605968,58.7975,3.915241,,7292,-1.449405,1.002851,36.8925,3.707321780644674
2494.0,2.319197,1.606612,58.8211,3.915241,,7293,-1.449405,1.003254,36.9073,3.706797541115441
2495.0,2.319197,1.607257,58.8447,3.915241,,7294,-1.449405,1.003657,36.9221,3.690721226164394
2496.0,2.319197,1.607901,58.8683,3.915241,,7295,-1.449405,1.004059,36.9369,3.724097194593516
2497.0,2.319197,1.608545,58.8919,3.915241,,7296,-1.449405,1.004462,36.9517,3.7163032291324
2498.0,2.319197,1.609189,58.9155,3.915551,,7297,-1.449405,1.004865,36.9666,3.719300516444684
2499.0,2.319197,1.609834,58.939,3.915861,,7298,-1.449405,1.005267,36.9814,3.7308746266884087
2500.0,2.319197,1.610478,58.9626,3.915861,,7299,-1.449591,1.00567,36.9962,3.7284548048870603
2501.0,2.319197,1.611122,58.9862,3.915861,,7300,-1.449591,1.006073,37.011,3.7086062967522766
2502.0,2.319197,1.611766,59.0098,3.915861,,7301,-1.449591,1.006475,37.0258,3.7045063177566186
2503.0,2.319197,1.61241,59.0334,3.916791,,7302,-1.449591,1.006878,37.0406,3.7253399208521727
2504.0,2.319197,1.613055,59.057,3.916791,,7303,-1.449591,1.007281,37.0554,3.6945940004927746
2505.0,2.319197,1.613699,59.0806,3.917101,,7304,-1.449591,1.007683,37.0702,3.7294056372218782
2506.0,2.319197,1.614343,59.1041,3.917101,,7305,-1.449405,1.008086,37.0851,3.7203695597994315
2507.0,2.319197,1.614987,59.1277,3.918031,,7306,-1.449405,1.008488,37.0999,3.7314408040299987
2508.0,2.319197,1.615632,59.1513,3.918031,,7307,-1.449405,1.008891,37.1147,3.730842682343567
2509.0,2.319197,1.616276,59.1749,3.918341,,7308,-1.449405,1.009294,37.1295,3.729868061950338
2510.0,2.319383,1.61692,59.1985,3.918651,,7309,-1.449405,1.009696,37.1443,3.719574266788783
2511.0,2.319383,1.617564,59.2221,3.918651,,7310,-1.449591,1.010099,37.1591,3.731251438599639
2512.0,2.319383,1.618209,59.2457,3.919581,,7311,-1.449591,1.010502,37.1739,3.70424759848168
2513.0,2.319383,1.618853,59.2693,3.919581,,7312,-1.449591,1.010904,37.1887,3.7214370011175757
2514.0,2.319197,1.619497,59.2928,3.920201,,7313,-1.449591,1.011307,37.2036,3.728800658508958
2515.0,2.319197,1.620141,59.3164,3.920201,,7314,-1.449591,1.01171,37.2184,3.711844970785338
2516.0,2.319197,1.620785,59.34,3.920821,,7315,-1.449591,1.012112,37.2332,3.7221771318629595
2517.0,2.319197,1.62143,59.3636,3.920821,,7316,-1.449405,1.012515,37.248,3.7150577316521063
2518.0,2.31901,1.622074,59.3872,3.920821,,7317,-1.449405,1.012918,37.2628,3.7232289991363734
2519.0,2.31901,1.622718,59.4108,3.920821,,7318,-1.449405,1.01332,37.2776,3.722903360635341
2520.0,2.31901,1.623362,59.4344,3.920821,,7319,-1.449405,1.013723,37.2924,3.7347561854805584
2521.0,2.31901,1.624006,59.4579,3.920821,,7320,-1.449219,1.014125,37.3072,3.7078630747044143
2522.0,2.31901,1.624651,59.4815,3.921441,,7321,-1.449219,1.014528,37.322,3.721344661636646
2523.0,2.319197,1.625295,59.5051,3.921441,,7322,-1.449033,1.01493,37.3369,3.7283332277465906
2524.0,2.319197,1.625939,59.5287,3.921751,,7323,-1.449033,1.015333,37.3517,3.718737248719276
2525.0,2.319197,1.626583,59.5523,3.921751,,7324,-1.449033,1.015735,37.3665,3.7160326117545845
2526.0,2.319197,1.627227,59.5759,3.922061,,7325,-1.449033,1.016138,37.3813,3.7034769990377354
2527.0,2.318825,1.627872,59.5995,3.922061,,7326,-1.449033,1.01654,37.3961,3.7026090595706744
2528.0,2.318825,1.628516,59.623,3.922061,,7327,-1.449219,1.016943,37.4109,3.69972119999069
2529.0,2.318825,1.62916,59.6466,3.923611,,7328,-1.449219,1.017345,37.4257,3.7063434324196267
2530.0,2.318825,1.629804,59.6702,3.923611,,7329,-1.449219,1.017748,37.4405,3.728868626054685
2531.0,2.31901,1.630448,59.6938,3.923921,,7330,-1.449219,1.018151,37.4553,3.7096796778898407
2532.0,2.31901,1.631092,59.7174,3.923921,,7331,-1.449219,1.018553,37.4701,3.716362817875094
2533.0,2.319197,1.631737,59.741,3.924231,,7332,-1.449219,1.018956,37.4849,3.7136683670641513
2534.0,2.319197,1.632381,59.7645,3.924231,,7333,-1.449033,1.019358,37.4997,3.7225431796397546
2535.0,2.319197,1.633025,59.7881,3.924231,,7334,-1.449033,1.019761,37.5146,3.7327040371506204
2536.0,2.319197,1.633669,59.8117,3.924231,,7335,-1.449033,1.020163,37.5294,3.7054999744118047
2537.0,2.319197,1.634313,59.8353,3.924541,,7336,-1.449033,1.020566,37.5442,3.7144481820420876
2538.0,2.319197,1.634958,59.8589,3.925161,,7337,-1.449405,1.020968,37.559,3.7156756942353617
2539.0,2.319197,1.635602,59.8825,3.925161,,7338,-1.449405,1.021371,37.5738,3.724349163488753
2540.0,2.31901,1.636246,59.9061,3.925471,,7339,-1.449405,1.021774,37.5886,3.726477906878088
2541.0,2.31901,1.63689,59.9296,3.925471,,7340,-1.449405,1.022176,37.6034,3.716024899777552
2542.0,2.31901,1.637534,59.9532,3.926091,,7341,-1.449405,1.022579,37.6182,3.6927755137813856
2543.0,2.31901,1.638178,59.9768,3.926091,,7342,-1.449405,1.022981,37.633,3.713266196250029
2544.0,2.31901,1.638823,60.0004,3.926401,,7343,-1.449405,1.023384,37.6478,3.7138792118646133
2545.0,2.31901,1.639467,60.024,3.926401,,7344,-1.449219,1.023787,37.6627,3.7166700893156417
2546.0,2.31901,1.640111,60.0476,3.927641,,7345,-1.449219,1.024189,37.6775,3.7107446954679166
2547.0,2.31901,1.640755,60.0711,3.927641,,7346,-1.449033,1.024592,37.6923,3.705899502243503
2548.0,2.31901,1.641399,60.0947,3.928262,,7347,-1.449033,1.024994,37.7071,3.7240719655568393
2549.0,2.31901,1.642043,60.1183,3.928262,,7348,-1.449219,1.025397,37.7219,3.7110981730441295
2550.0,2.31901,1.642688,60.1419,3.928262,,7349,-1.449219,1.025799,37.7367,3.7228511826448853
2551.0,2.31901,1.643332,60.1655,3.928262,,7350,-1.449033,1.026202,37.7515,3.7187794893242248
2552.0,2.31901,1.643976,60.1891,3.928571,,7351,-1.449405,1.026604,37.7663,3.725430379713121
2553.0,2.319197,1.64462,60.2127,3.928881,,7352,-1.449405,1.027007,37.7811,3.6917768356887217
2554.0,2.319197,1.645265,60.2362,3.928881,,7353,-1.449405,1.02741,37.7959,3.704235687868081
2555.0,2.319197,1.645909,60.2598,3.929502,,7354,-1.449405,1.027812,37.8107,3.7225346376328194
2556.0,2.319197,1.646553,60.2834,3.929502,,7355,-1.449405,1.028215,37.8256,3.727023139674363
2557.0,2.31901,1.647197,60.307,3.929502,,7356,-1.449405,1.028618,37.8404,3.7070549502358787
2558.0,2.31901,1.647841,60.3306,3.929502,,7357,-1.449405,1.02902,37.8552,3.7031358628380007
2559.0,2.31901,1.648485,60.3542,3.929502,,7358,-1.449405,1.029423,37.87,3.713004986848783
2560.0,2.31901,1.64913,60.3778,3.929502,,7359,-1.449405,1.029825,37.8848,3.704390889593588
2561.0,2.31901,1.649774,60.4013,3.929502,,7360,-1.449405,1.030228,37.8996,3.7104764405099364
2562.0,2.31901,1.650418,60.4249,3.929502,,7361,-1.449405,1.030631,37.9144,3.7041590493566656
2563.0,2.319197,1.651062,60.4485,3.929811,,7362,-1.449405,1.031033,37.9292,3.712690591888391
2564.0,2.319197,1.651706,60.4721,3.931362,,7363,-1.449405,1.031436,37.944,3.7250497441477006
2565.0,2.319197,1.652351,60.4957,3.931362,,7364,-1.449405,1.031838,37.9589,3.713977594134154
2566.0,2.31901,1.652995,60.5193,3.932292,,7365,-1.449405,1.032241,37.9737,3.712629035733442
2567.0,2.31901,1.653639,60.5428,3.932292,,7366,-1.449219,1.032644,37.9885,3.6892012968245336
2568.0,2.31901,1.654283,60.5664,3.932602,,7367,-1.449219,1.033046,38.0033,3.7056137961772326
2569.0,2.31901,1.654927,60.59,3.932602,,7368,-1.449219,1.033449,38.0181,3.709112492444556
2570.0,2.319197,1.655571,60.6136,3.933222,,7369,-1.449219,1.033851,38.0329,3.706331172229933
2571.0,2.319197,1.656216,60.6372,3.933222,,7370,-1.449405,1.034254,38.0477,3.7261957097320395
2572.0,2.319197,1.65686,60.6608,3.933222,,7371,-1.449405,1.034657,38.0625,3.708469556539281
2573.0,2.319197,1.657504,60.6844,3.933222,,7372,-1.449405,1.035059,38.0773,3.6955815103584753
2574.0,2.319197,1.658148,60.7079,3.934152,,7373,-1.449405,1.035462,38.0922,3.7263417650965804
2575.0,2.31901,1.658792,60.7315,3.934152,,7374,-1.449405,1.035864,38.107,3.6967841597120357
2576.0,2.31901,1.659437,60.7551,3.934462,,7375,-1.449405,1.036267,38.1218,3.7098387239240056
2577.0,2.31901,1.660081,60.7787,3.934462,,7376,-1.449405,1.036669,38.1366,3.7069916796376643
2578.0,2.31901,1.660725,60.8023,3.934462,,7377,-1.449405,1.037072,38.1514,3.7183366439347387
2579.0,2.31901,1.661369,60.8259,3.935082,,7378,-1.449033,1.037475,38.1662,3.703457816927314
2580.0,2.31901,1.662013,60.8494,3.935082,,7379,-1.449219,1.037877,38.181,3.6837652677927455
2581.0,2.319197,1.662658,60.873,3.935082,,7380,-1.449219,1.03828,38.1958,3.728214346253236
2582.0,2.319197,1.663302,60.8966,3.935082,,7381,-1.449219,1.038682,38.2106,3.7064464393360557
2583.0,2.31901,1.663946,60.9202,3.935702,,7382,-1.449219,1.039085,38.2254,3.71686566350672
2584.0,2.31901,1.66459,60.9438,3.935702,,7383,-1.449219,1.039487,38.2403,3.716632349064777
2585.0,2.318825,1.665234,60.9674,3.936012,,7384,-1.449219,1.03989,38.2551,3.7143259714537162
2586.0,2.318825,1.665878,60.991,3.936012,,7385,-1.449219,1.040293,38.2699,3.7189396095630465
2587.0,2.318825,1.666523,61.0145,3.936942,,7386,-1.449219,1.040695,38.2847,3.69931907412363
2588.0,2.318825,1.667167,61.0381,3.936942,,7387,-1.449219,1.041098,38.2995,3.724845626273831
2589.0,2.319197,1.667811,61.0617,3.937252,,7388,-1.449219,1.0415,38.3143,3.6976711277696315
2590.0,2.319197,1.668455,61.0853,3.937872,,7389,-1.449219,1.041903,38.3291,3.71633170442274
2591.0,2.319197,1.669099,61.1089,3.937872,,7390,-1.449219,1.042305,38.3439,3.701875343081185
2592.0,2.319197,1.669744,61.1325,3.938182,,7391,-1.449219,1.042708,38.3587,3.6969288791893122
2593.0,2.319197,1.670388,61.156,3.938182,,7392,-1.449033,1.04311,38.3735,3.709230307197112
2594.0,2.319197,1.671032,61.1796,3.938802,,7393,-1.449033,1.043513,38.3883,3.712409111637187
2595.0,2.319197,1.671676,61.2032,3.938802,,7394,-1.448847,1.043915,38.4031,3.70675914182303
2596.0,2.319197,1.67232,61.2268,3.938802,,7395,-1.448847,1.044318,38.4179,3.710334072153119
2597.0,2.319197,1.672965,61.2504,3.938802,,7396,-1.449033,1.04472,38.4328,3.7144577261576397
2598.0,2.319197,1.673609,61.274,3.939422,,7397,-1.449033,1.045123,38.4476,3.698266520968753
2599.0,2.319197,1.674253,61.2976,3.939422,,7398,-1.449591,1.045526,38.4624,3.7071559341198124
2600.0,2.319197,1.674897,61.3212,3.939732,,7399,-1.449591,1.045928,38.4772,3.7038864821431887
2601.0,2.319197,1.675542,61.3447,3.939732,,7400,-1.449591,1.046331,38.492,3.7273678959152226
2602.0,2.319197,1.676186,61.3683,3.939732,,7401,-1.449591,1.046734,38.5068,3.709134372178675
2603.0,2.319197,1.67683,61.3919,3.940662,,7402,-1.449219,1.047136,38.5216,3.6870130842738162
2604.0,2.319197,1.677474,61.4155,3.940662,,7403,-1.449219,1.047539,38.5364,3.7162692054897675
2605.0,2.319197,1.678118,61.4391,3.940972,,7404,-1.449219,1.047941,38.5512,3.7044994531783426
2606.0,2.319197,1.678763,61.4627,3.940972,,7405,-1.449033,1.048344,38.5661,3.7073108482529404
2607.0,2.319197,1.679407,61.4863,3.941282,,7406,-1.449033,1.048746,38.5809,3.707202802904579
2608.0,2.319197,1.680051,61.5098,3.941282,,7407,-1.449033,1.049149,38.5957,3.690544953942425
2609.0,2.319383,1.680695,61.5334,3.941592,,7408,-1.449033,1.049551,38.6105,3.714097696573545
2610.0,2.319197,1.68134,61.557,3.942212,,7409,-1.449219,1.049954,38.6253,3.718258798981966
2611.0,2.319197,1.681984,61.5806,3.942212,,7410,-1.449219,1.050356,38.6401,3.7134574013026955
2612.0,2.319383,1.682628,61.6042,3.943452,,7411,-1.449405,1.050759,38.6549,3.695870978215612
2613.0,2.319383,1.683272,61.6278,3.943452,,7412,-1.449405,1.051162,38.6697,3.685201942655714
2614.0,2.319197,1.683917,61.6514,3.943452,,7413,-1.449405,1.051564,38.6845,3.727882940949381
2615.0,2.319197,1.684561,61.6749,3.943452,,7414,-1.449405,1.051967,38.6993,3.7038801742723146
2616.0,2.319197,1.685205,61.6985,3.943452,,7415,-1.449405,1.052369,38.7141,3.7080692189641287
2617.0,2.319197,1.685849,61.7221,3.943452,,7416,-1.449033,1.052772,38.729,3.687351405414288
2618.0,2.319197,1.686493,61.7457,3.944072,,7417,-1.449033,1.053174,38.7438,3.694272963770031
2619.0,2.319197,1.687138,61.7693,3.944072,,7418,-1.449033,1.053577,38.7586,3.706263237556352
2620.0,2.31901,1.687782,61.7929,3.945003,,7419,-1.449033,1.05398,38.7734,3.704465468925948
2621.0,2.31901,1.688426,61.8165,3.945003,,7420,-1.449405,1.054382,38.7882,3.693197629648445
2622.0,2.318825,1.68907,61.84,3.945933,,7421,-1.449405,1.054785,38.803,3.719560617657322
2623.0,2.318825,1.689714,61.8636,3.945933,,7422,-1.449405,1.055187,38.8178,3.7078645690729766
2624.0,2.318825,1.690358,61.8872,3.945933,,7423,-1.449405,1.05559,38.8326,3.6859928633747536
2625.0,2.319383,1.691003,61.9108,3.946243,,7424,-1.449405,1.055993,38.8474,3.719342286866876
2626.0,2.319383,1.691647,61.9344,3.946243,,7425,-1.449405,1.056395,38.8622,3.699365505686281
2627.0,2.319383,1.692291,61.958,3.947173,,7426,-1.449591,1.056798,38.8771,3.7066686019474124
2628.0,2.319383,1.692935,61.9816,3.947173,,7427,-1.449405,1.0572,38.8919,3.7071428819071373
2629.0,2.319383,1.69358,62.0051,3.947173,,7428,-1.449405,1.057603,38.9067,3.693201323712718
2630.0,2.319383,1.694224,62.0287,3.947173,,7429,-1.449405,1.058006,38.9215,3.7094184196047344
2631.0,2.319197,1.694868,62.0523,3.947173,,7430,-1.449405,1.058408,38.9363,3.7001822245998257
2632.0,2.319197,1.695512,62.0759,3.947173,,7431,-1.449405,1.058811,38.9511,3.70011424594586
2633.0,2.319197,1.696157,62.0995,3.947793,,7432,-1.449405,1.059214,38.9659,3.6964867145078926
2634.0,2.319197,1.696801,62.1231,3.947793,,7433,-1.449219,1.059616,38.9807,3.6907120727039193
2635.0,2.319197,1.697445,62.1467,3.947793,,7434,-1.449219,1.060019,38.9955,3.6840518495971475
2636.0,2.319197,1.698089,62.1703,3.947793,,7435,-1.449033,1.060421,39.0103,3.7128684277834
2637.0,2.319197,1.698734,62.1938,3.947793,,7436,-1.449033,1.060824,39.0252,3.6940742850709594
2638.0,2.319197,1.699378,62.2174,3.948723,,7437,-1.449033,1.061226,39.04,3.686315101437773
2639.0,2.319197,1.700022,62.241,3.948723,,7438,-1.449033,1.061629,39.0548,3.6922965986852314
2640.0,2.319383,1.700666,62.2646,3.948723,,7439,-1.449219,1.062031,39.0696,3.705342137050742
2641.0,2.319383,1.701311,62.2882,3.948723,,7440,-1.449219,1.062434,39.0844,3.692709575868383
2642.0,2.319383,1.701955,62.3118,3.949963,,7441,-1.449219,1.062836,39.0992,3.6948693777128776
2643.0,2.319383,1.702599,62.3354,3.949963,,7442,-1.449219,1.063239,39.114,3.707867272528635
2644.0,2.319383,1.703243,62.359,3.950273,,7443,-1.449219,1.063641,39.1288,3.716814808739913
2645.0,2.319383,1.703888,62.3825,3.950273,,7444,-1.449219,1.064044,39.1436,3.694657954458034
2646.0,2.319197,1.704532,62.4061,3.950273,,7445,-1.449219,1.064447,39.1584,3.7032163854041893
2647.0,2.319197,1.705176,62.4297,3.950273,,7446,-1.449219,1.064849,39.1732,3.6938472071720163
2648.0,2.319197,1.70582,62.4533,3.950893,,7447,-1.449219,1.065252,39.1881,3.6947686182288795
2649.0,2.319197,1.706465,62.4769,3.952133,,7448,-1.449405,1.065654,39.2029,3.7114115310640505
2650.0,2.319197,1.707109,62.5005,3.952133,,7449,-1.449405,1.066057,39.2177,3.713427333035925
2651.0,2.319197,1.707753,62.5241,3.952133,,7450,-1.449405,1.06646,39.2325,3.700315647578536
2652.0,2.319197,1.708397,62.5476,3.952133,,7451,-1.449405,1.066862,39.2473,3.6966025699769016
2653.0,2.319197,1.709041,62.5712,3.952443,,7452,-1.449405,1.067265,39.2621,3.6824397961842106
2654.0,2.319197,1.709686,62.5948,3.952443,,7453,-1.449405,1.067667,39.2769,3.689115709021545
2655.0,2.319197,1.71033,62.6184,3.953373,,7454,-1.449405,1.06807,39.2917,3.705488401822815
2656.0,2.319197,1.710974,62.642,3.953373,,7455,-1.449405,1.068473,39.3065,3.7041786110539032
2657.0,2.319197,1.711618,62.6656,3.953683,,7456,-1.449405,1.068875,39.3214,3.7133423444281504
2658.0,2.319197,1.712263,62.6892,3.953683,,7457,-1.449405,1.069278,39.3362,3.7062908186952317
2659.0,2.319197,1.712907,62.7127,3.953993,,7458,-1.449405,1.06968,39.351,3.702126815154714
2660.0,2.319197,1.713551,62.7363,3.953993,,7459,-1.449405,1.070083,39.3658,3.7109145814255786
2661.0,2.319197,1.714195,62.7599,3.954613,,7460,-1.449405,1.070486,39.3806,3.6998284947755296
2662.0,2.31901,1.714839,62.7835,3.954613,,7461,-1.449405,1.070888,39.3954,3.690475494079041
2663.0,2.31901,1.715484,62.8071,3.954613,,7462,-1.449405,1.071291,39.4102,3.6829245475412433
2664.0,2.318825,1.716128,62.8307,3.954613,,7463,-1.449405,1.071694,39.425,3.6831307612000024
2665.0,2.318825,1.716772,62.8543,3.954613,,7464,-1.449405,1.072096,39.4398,3.688523007139586
2666.0,2.318825,1.717416,62.8778,3.956783,,7465,-1.449405,1.072499,39.4547,3.703872487584245
2667.0,2.318825,1.71806,62.9014,3.956783,,7466,-1.449405,1.072901,39.4695,3.6990756008333086
2668.0,2.31901,1.718704,62.925,3.956783,,7467,-1.449405,1.073304,39.4843,3.694073866637453
2669.0,2.31901,1.719348,62.9486,3.956783,,7468,-1.449405,1.073707,39.4991,3.70703151017919
2670.0,2.31901,1.719993,62.9722,3.957093,,7469,-1.449405,1.074109,39.5139,3.679886668114859
2671.0,2.31901,1.720637,62.9958,3.957093,,7470,-1.449405,1.074512,39.5287,3.6843135958228848
2672.0,2.31901,1.721281,63.0193,3.957093,,7471,-1.449405,1.074914,39.5435,3.6962546642416445
2673.0,2.31901,1.721925,63.0429,3.957403,,7472,-1.449405,1.075317,39.5583,3.6852978846506956
2674.0,2.31901,1.722569,63.0665,3.957403,,7473,-1.449405,1.07572,39.5731,3.683510140658438
2675.0,2.31901,1.723213,63.0901,3.957403,,7474,-1.449405,1.076122,39.588,3.697768875625619
2676.0,2.31901,1.723858,63.1137,3.957403,,7475,-1.449405,1.076525,39.6028,3.680218432829278
2677.0,2.319197,1.724502,63.1373,3.957403,,7476,-1.449405,1.076927,39.6176,3.6831756481483944
2678.0,2.319197,1.725146,63.1609,3.957403,,7477,-1.449405,1.07733,39.6324,3.708148840525203
2679.0,2.319197,1.72579,63.1844,3.958023,,7478,-1.449405,1.077733,39.6472,3.684816945636298
2680.0,2.319197,1.726434,63.208,3.958023,,7479,-1.449405,1.078135,39.662,3.6775150537733263
2681.0,2.318825,1.727079,63.2316,3.958643,,7480,-1.449405,1.078538,39.6768,3.700542108379245
2682.0,2.318825,1.727723,63.2552,3.958643,,7481,-1.449405,1.078941,39.6916,3.6950521662456413
2683.0,2.318825,1.728367,63.2788,3.958953,,7482,-1.449405,1.079343,39.7064,3.6815835468956304
2684.0,2.318825,1.729011,63.3023,3.958953,,7483,-1.449405,1.079746,39.7213,3.691845896103721
2685.0,2.31901,1.729655,63.3259,3.959883,,7484,-1.449405,1.080148,39.7361,3.6911185892840277
2686.0,2.31901,1.730299,63.3495,3.959883,,7485,-1.449405,1.080551,39.7509,3.6982999462719333
2687.0,2.319197,1.730943,63.3731,3.960504,,7486,-1.449405,1.080954,39.7657,3.701482846229772
2688.0,2.319197,1.731588,63.3967,3.960504,,7487,-1.449219,1.081356,39.7805,3.6975667307238282
2689.0,2.319197,1.732232,63.4203,3.960504,,7488,-1.449219,1.081759,39.7953,3.7129004932782657
2690.0,2.319197,1.732876,63.4439,3.960504,,7489,-1.449033,1.082161,39.8101,3.6765163648571466
2691.0,2.319197,1.73352,63.4674,3.961123,,7490,-1.449033,1.082564,39.8249,3.69509147280523
2692.0,2.319197,1.734164,63.491,3.961434,,7491,-1.449033,1.082966,39.8397,3.681551116572156
2693.0,2.319197,1.734809,63.5146,3.961434,,7492,-1.449033,1.083369,39.8545,3.690344910129571
2694.0,2.31901,1.735453,63.5382,3.962363,,7493,-1.449219,1.083771,39.8694,3.686887865972588
2695.0,2.31901,1.736097,63.5618,3.962363,,7494,-1.449219,1.084174,39.8842,3.710593955050277
2696.0,2.31901,1.736741,63.5854,3.962984,,7495,-1.449219,1.084576,39.899,3.7014889277278833
2697.0,2.31901,1.737385,63.609,3.962984,,7496,-1.449219,1.084979,39.9138,3.697872785887265
2698.0,2.31901,1.73803,63.6325,3.962984,,7497,-1.449219,1.085382,39.9286,3.683960675395323
2699.0,2.31901,1.738674,63.6561,3.962984,,7498,-1.449219,1.085784,39.9434,3.6913376139456218
2700.0,2.319197,1.739318,63.6797,3.963604,,7499,-1.449405,1.086187,39.9582,3.6945552851428465
2701.0,2.319197,1.739962,63.7033,3.963604,,7500,-1.449405,1.086589,39.973,3.702681549934807
2702.0,2.319197,1.740606,63.7269,3.963604,,7501,-1.449405,1.086992,39.9878,3.686318978224867
2703.0,2.319197,1.741251,63.7505,3.963604,,7502,-1.449405,1.087395,40.0026,3.7078844614963167
2704.0,2.319197,1.741895,63.7741,3.963604,,7503,-1.449405,1.087797,40.0175,3.685264891803361
2705.0,2.319197,1.742539,63.7976,3.963914,,7504,-1.449405,1.0882,40.0323,3.7034726858635105
2706.0,2.319197,1.743183,63.8212,3.963914,,7505,-1.449405,1.088602,40.0471,3.689090482403482
2707.0,2.319197,1.743828,63.8448,3.964844,,7506,-1.449405,1.089005,40.0619,3.697027467526129
2708.0,2.319197,1.744472,63.8684,3.964844,,7507,-1.449405,1.089408,40.0767,3.6698604755567397
2709.0,2.319197,1.745116,63.892,3.964844,,7508,-1.449405,1.08981,40.0915,3.693376614964725
2710.0,2.319197,1.74576,63.9156,3.964844,,7509,-1.449405,1.090213,40.1063,3.7041362758528944
2711.0,2.319197,1.746404,63.9392,3.965774,,7510,-1.449033,1.090615,40.1211,3.6762526403495124
2712.0,2.319197,1.747049,63.9627,3.965774,,7511,-1.449033,1.091018,40.1359,3.672153803272728
2713.0,2.319197,1.747693,63.9863,3.966084,,7512,-1.449033,1.09142,40.1507,3.6973287361146876
2714.0,2.31901,1.748337,64.0099,3.966394,,7513,-1.449033,1.091823,40.1655,3.6824663564975983
2715.0,2.31901,1.748981,64.0335,3.966394,,7514,-1.449033,1.092225,40.1804,3.694932710476331
2716.0,2.31901,1.749625,64.0571,3.967944,,7515,-1.449033,1.092628,40.1952,3.6887005354017677
2717.0,2.31901,1.75027,64.0807,3.967944,,7516,-1.449033,1.09303,40.21,3.6990218547959546
2718.0,2.31901,1.750914,64.1043,3.968254,,7517,-1.449219,1.093433,40.2248,3.6935104125688336
2719.0,2.31901,1.751558,64.1278,3.968254,,7518,-1.449219,1.093836,40.2396,3.6908049983514184
2720.0,2.31901,1.752202,64.1514,3.968254,,7519,-1.449219,1.094238,40.2544,3.698058660477239
2721.0,2.31901,1.752846,64.175,3.968254,,7520,-1.449219,1.094641,40.2692,3.680456403992123
2722.0,2.31901,1.75349,64.1986,3.967944,,7521,-1.449033,1.095043,40.284,3.691799163559273
2723.0,2.319197,1.754135,64.2222,3.967944,,7522,-1.449033,1.095446,40.2988,3.6833923339380066
2724.0,2.319197,1.754779,64.2458,3.967944,,7523,-1.449033,1.095848,40.3136,3.6672884229902234
2725.0,2.319197,1.755423,64.2694,3.967944,,7524,-1.449405,1.096251,40.3284,3.6780419654369734
2726.0,2.319197,1.756067,64.2929,3.968564,,7525,-1.449405,1.096653,40.3433,3.692586156142223
2727.0,2.319197,1.756711,64.3165,3.968564,,7526,-1.449405,1.097056,40.3581,3.6990561056828
2728.0,2.319197,1.757356,64.3401,3.969494,,7527,-1.449405,1.097459,40.3729,3.7094177659355148
2729.0,2.319197,1.758,64.3637,3.970114,,7528,-1.449405,1.097861,40.3877,3.6917849150372186
2730.0,2.319197,1.758644,64.3873,3.970114,,7529,-1.449405,1.098264,40.4025,3.691887797846806
2731.0,2.319197,1.759288,64.4109,3.971044,,7530,-1.449405,1.098666,40.4173,3.6669044293183637
2732.0,2.319197,1.759933,64.4345,3.971044,,7531,-1.449405,1.099069,40.4321,3.6837937235844396
2733.0,2.319197,1.760577,64.458,3.971044,,7532,-1.449219,1.099472,40.4469,3.691322045143215
2734.0,2.319197,1.761221,64.4816,3.971044,,7533,-1.449219,1.099874,40.4617,3.6948901720917315
2735.0,2.319197,1.761865,64.5052,3.971664,,7534,-1.449219,1.100277,40.4765,3.6879266248409897
2736.0,2.319197,1.762509,64.5288,3.971664,,7535,-1.449219,1.100679,40.4914,3.6892245997549225
2737.0,2.319197,1.763154,64.5524,3.972594,,7536,-1.449219,1.101082,40.5062,3.6932617070377884
2738.0,2.319197,1.763798,64.576,3.972594,,7537,-1.449219,1.101484,40.521,3.690829120099634
2739.0,2.319197,1.764442,64.5996,3.972594,,7538,-1.449219,1.101887,40.5358,3.6806314771997526
2740.0,2.319197,1.765086,64.6231,3.972594,,7539,-1.449219,1.10229,40.5506,3.6927601429348345
2741.0,2.319197,1.765731,64.6467,3.972594,,7540,-1.449219,1.102692,40.5654,3.675615079683625
2742.0,2.319197,1.766375,64.6703,3.972904,,7541,-1.449033,1.103095,40.5802,3.6788077552095175
2743.0,2.319197,1.767019,64.6939,3.972904,,7542,-1.449033,1.103497,40.595,3.6849511331745672
2744.0,2.319197,1.767663,64.7175,3.972904,,7543,-1.449033,1.1039,40.6098,3.666483757275281
2745.0,2.319197,1.768307,64.7411,3.972904,,7544,-1.449033,1.104302,40.6246,3.706007511297187
2746.0,2.319197,1.768952,64.7647,3.972904,,7545,-1.449219,1.104705,40.6394,3.6821779592531896
2747.0,2.319197,1.769596,64.7882,3.972904,,7546,-1.449219,1.105107,40.6542,3.671628300898414
2748.0,2.319197,1.77024,64.8118,3.973214,,7547,-1.449405,1.10551,40.6691,3.6775856489634777
2749.0,2.319197,1.770884,64.8354,3.973524,,7548,-1.449405,1.105913,40.6839,3.6964544892011815
2750.0,2.319197,1.771529,64.859,3.973524,,7549,-1.449591,1.106315,40.6987,3.7071852505106677
2751.0,2.319197,1.772173,64.8826,3.973524,,7550,-1.449591,1.106718,40.7135,3.6790628141168886
2752.0,2.319197,1.772817,64.9062,3.973524,,7551,-1.449591,1.107121,40.7283,3.680921542044789
2753.0,2.31901,1.773461,64.9298,3.974144,,7552,-1.449405,1.107523,40.7431,3.6826404344448735
2754.0,2.31901,1.774105,64.9533,3.974144,,7553,-1.449405,1.107926,40.7579,3.67785217126324
2755.0,2.31901,1.77475,64.9769,3.974454,,7554,-1.449405,1.108328,40.7727,3.67777919952959
2756.0,2.31901,1.775394,65.0005,3.974454,,7555,-1.449405,1.108731,40.7876,3.6911476555787393
2757.0,2.318825,1.776038,65.0241,3.975074,,7556,-1.449405,1.109134,40.8024,3.683192583533003
2758.0,2.318825,1.776682,65.0477,3.975074,,7557,-1.449405,1.109536,40.8172,3.6870176799757757
2759.0,2.31901,1.777326,65.0713,3.975694,,7558,-1.449405,1.109939,40.832,3.6732299618532878
2760.0,2.31901,1.77797,65.0948,3.976315,,7559,-1.449405,1.110341,40.8468,3.6816305470552604
2761.0,2.31901,1.778614,65.1184,3.976315,,7560,-1.449219,1.110744,40.8616,3.7017076466653456
2762.0,2.31901,1.779259,65.142,3.976315,,7561,-1.449219,1.111147,40.8764,3.674840265409717
2763.0,2.31901,1.779903,65.1656,3.976315,,7562,-1.449405,1.111549,40.8912,3.687058961428006
2764.0,2.31901,1.780547,65.1892,3.976934,,7563,-1.449405,1.111952,40.906,3.668252057511544
2765.0,2.31901,1.781191,65.2128,3.976934,,7564,-1.449405,1.112354,40.9209,3.68153690309558
2766.0,2.31901,1.781835,65.2364,3.976934,,7565,-1.449591,1.112757,40.9357,3.6955965723580126
2767.0,2.31901,1.78248,65.2599,3.976934,,7566,-1.449591,1.11316,40.9505,3.663429537158969
2768.0,2.31901,1.783124,65.2835,3.977245,,7567,-1.449591,1.113562,40.9653,3.682529442885773
2769.0,2.31901,1.783768,65.3071,3.977245,,7568,-1.449591,1.113965,40.9801,3.6896602809331016
2770.0,2.31901,1.784412,65.3307,3.978175,,7569,-1.449405,1.114368,40.9949,3.6868908566399856
2771.0,2.31901,1.785056,65.3543,3.978175,,7570,-1.449405,1.11477,41.0097,3.680360229887594
2772.0,2.31901,1.7857,65.3779,3.978485,,7571,-1.449405,1.115173,41.0245,3.6790840296810186
2773.0,2.31901,1.786345,65.4014,3.978485,,7572,-1.449405,1.115575,41.0393,3.6881752448775567
2774.0,2.31901,1.786989,65.425,3.979725,,7573,-1.449405,1.115978,41.0542,3.6886536362213374
2775.0,2.31901,1.787633,65.4486,3.979725,,7574,-1.449405,1.116381,41.069,3.6804144205513167
2776.0,2.31901,1.788277,65.4722,3.979725,,7575,-1.449405,1.116783,41.0838,3.67069813144476
2777.0,2.319197,1.788921,65.4958,3.979725,,7576,-1.449405,1.117186,41.0986,3.6792073717840834
2778.0,2.319197,1.789565,65.5194,3.980655,,7577,-1.449405,1.117589,41.1134,3.680997235694522
2779.0,2.319197,1.79021,65.543,3.980655,,7578,-1.449219,1.117991,41.1282,3.656237947384531
2780.0,2.319197,1.790854,65.5665,3.980655,,7579,-1.449219,1.118394,41.143,3.6856565206231355
2781.0,2.319197,1.791498,65.5901,3.980655,,7580,-1.449219,1.118796,41.1578,3.6855537384445634
2782.0,2.319197,1.792142,65.6137,3.980655,,7581,-1.449219,1.119199,41.1726,3.6821045165409942
2783.0,2.319197,1.792787,65.6373,3.981275,,7582,-1.449219,1.119601,41.1875,3.6843447850418105
2784.0,2.319197,1.793431,65.6609,3.981275,,7583,-1.449219,1.120004,41.2023,3.6885278914024666
2785.0,2.319197,1.794075,65.6845,3.981585,,7584,-1.449219,1.120407,41.2171,3.6767155817957224
2786.0,2.319197,1.794719,65.7081,3.981585,,7585,-1.449219,1.120809,41.2319,3.677652105836183
2787.0,2.31901,1.795363,65.7316,3.981895,,7586,-1.449219,1.121212,41.2467,3.67466002860746
2788.0,2.31901,1.796008,65.7552,3.981895,,7587,-1.449033,1.121614,41.2615,3.6842231804459438
2789.0,2.319197,1.796652,65.7788,3.982515,,7588,-1.449033,1.122017,41.2763,3.6541609720453856
2790.0,2.319197,1.797296,65.8024,3.982825,,7589,-1.449033,1.122419,41.2911,3.6907203069016883
2791.0,2.319197,1.79794,65.826,3.982825,,7590,-1.449033,1.122822,41.3059,3.677621941702961
2792.0,2.319197,1.798584,65.8496,3.983445,,7591,-1.449033,1.123224,41.3207,3.7016860599845316
2793.0,2.319197,1.799229,65.8732,3.983445,,7592,-1.449033,1.123627,41.3355,3.6658261137928982
2794.0,2.319197,1.799873,65.8967,3.983755,,7593,-1.449405,1.124029,41.3503,3.667172949985605
2795.0,2.319197,1.800517,65.9203,3.983755,,7594,-1.449405,1.124432,41.3652,3.697903818796768
2796.0,2.319197,1.801161,65.9439,3.984375,,7595,-1.449405,1.124835,41.38,3.6840505823167575
2797.0,2.319197,1.801805,65.9675,3.984375,,7596,-1.449405,1.125237,41.3948,3.670480065364551
2798.0,2.319197,1.80245,65.9911,3.984995,,7597,-1.449405,1.12564,41.4096,3.676263914135124
2799.0,2.319197,1.803094,66.0147,3.984995,,7598,-1.449405,1.126042,41.4244,3.7014419137910015
2800.0,2.319197,1.803738,66.0383,3.985615,,7599,-1.449405,1.126445,41.4392,3.6729065698241237
2801.0,2.31901,1.804382,66.0618,3.985615,,7600,-1.449219,1.126848,41.454,3.681007000303357
2802.0,2.31901,1.805027,66.0854,3.985925,,7601,-1.449219,1.12725,41.4688,3.6724396095122294
2803.0,2.31901,1.805671,66.109,3.985925,,7602,-1.449033,1.127653,41.4836,3.6684136896271737
2804.0,2.31901,1.806315,66.1326,3.987165,,7603,-1.449033,1.128055,41.4984,3.6906534186490916
2805.0,2.31901,1.806959,66.1562,3.987785,,7604,-1.449219,1.128458,41.5133,3.6805312615853922
2806.0,2.31901,1.807603,66.1798,3.987785,,7605,-1.449219,1.12886,41.5281,3.684575177187714
2807.0,2.31901,1.808247,66.2034,3.988405,,7606,-1.449033,1.129263,41.5429,3.6702779771839915
2808.0,2.31901,1.808892,66.2269,3.988405,,7607,-1.449033,1.129665,41.5577,3.6874736600970737
2809.0,2.31901,1.809536,66.2505,3.989335,,7608,-1.449405,1.130068,41.5725,3.6738780378719533
2810.0,2.31901,1.81018,66.2741,3.989335,,7609,-1.449405,1.13047,41.5873,3.6601365310839222
2811.0,2.319197,1.810824,66.2977,3.989645,,7610,-1.449405,1.130873,41.6021,3.675928420462758
2812.0,2.319197,1.811468,66.3213,3.989645,,7611,-1.449405,1.131276,41.6169,3.6526495373439887
2813.0,2.319197,1.812113,66.3449,3.989645,,7612,-1.449405,1.131678,41.6317,3.690440118644352
2814.0,2.319197,1.812757,66.3684,3.989955,,7613,-1.449405,1.132081,41.6465,3.6656856208238997
2815.0,2.319197,1.813401,66.392,3.989955,,7614,-1.449405,1.132483,41.6614,3.6642313111865614
2816.0,2.319383,1.814045,66.4156,3.989955,,7615,-1.449405,1.132886,41.6762,3.664174455493664
2817.0,2.319383,1.81469,66.4392,3.989955,,7616,-1.449405,1.133289,41.691,3.6619822531094757
2818.0,2.319383,1.815334,66.4628,3.989955,,7617,-1.448847,1.133691,41.7058,3.6466737211473546
2819.0,2.319383,1.815978,66.4864,3.989955,,7618,-1.448847,1.134094,41.7206,3.682564224012941
2820.0,2.319197,1.816622,66.51,3.989955,,7619,-1.448847,1.134496,41.7354,3.682644888186268
2821.0,2.319197,1.817267,66.5336,3.989955,,7620,-1.448847,1.134899,41.7502,3.6565305789500426
2822.0,2.319197,1.817911,66.5571,3.990575,,7621,-1.449405,1.135301,41.765,3.66877976300184
2823.0,2.319197,1.818555,66.5807,3.990575,,7622,-1.449405,1.135704,41.7798,3.67156428166275
2824.0,2.319197,1.819199,66.6043,3.991816,,7623,-1.449405,1.136106,41.7946,3.6808489644693156
2825.0,2.319197,1.819843,66.6279,3.991816,,7624,-1.449405,1.136509,41.8094,3.678502403204676
2826.0,2.319197,1.820488,66.6515,3.991816,,7625,-1.449405,1.136912,41.8243,3.6669769537223567
2827.0,2.319197,1.821132,66.6751,3.991816,,7626,-1.449219,1.137314,41.8391,3.673943132972485
2828.0,2.31901,1.821776,66.6987,3.992435,,7627,-1.449219,1.137717,41.8539,3.667523949675477
2829.0,2.31901,1.82242,66.7222,3.992435,,7628,-1.449405,1.138119,41.8687,3.6777233587810274
2830.0,2.31901,1.823064,66.7458,3.992746,,7629,-1.449405,1.138522,41.8835,3.697124241345918
2831.0,2.319197,1.823709,66.7694,3.992746,,7630,-1.449033,1.138924,41.8983,3.6534086375402497
2832.0,2.319197,1.824353,66.793,3.992746,,7631,-1.449033,1.139327,41.9131,3.671715626663001
2833.0,2.319197,1.824997,66.8166,3.993366,,7632,-1.449405,1.13973,41.9279,3.666434321191753
2834.0,2.319197,1.825641,66.8402,3.993366,,7633,-1.449405,1.140132,41.9427,3.6872405898551586
2835.0,2.318825,1.826285,66.8638,3.993676,,7634,-1.449405,1.140535,41.9575,3.6746724764042735
2836.0,2.318825,1.826929,66.8873,3.993676,,7635,-1.449405,1.140937,41.9724,3.6754645896426994
2837.0,2.318825,1.827574,66.9109,3.993986,,7636,-1.449405,1.14134,41.9872,3.6750806369461224
2838.0,2.318825,1.828218,66.9345,3.993986,,7637,-1.449405,1.141743,42.002,3.680470914611834
2839.0,2.318825,1.828862,66.9581,3.993986,,7638,-1.449405,1.142145,42.0168,3.6752582280623773
2840.0,2.31901,1.829506,66.9817,3.993986,,7639,-1.449405,1.142548,42.0316,3.6565607101530664
2841.0,2.31901,1.83015,67.0053,3.994296,,7640,-1.449405,1.142951,42.0464,3.6547887016877603
2842.0,2.31901,1.830794,67.0288,3.994296,,7641,-1.449405,1.143353,42.0612,3.6714613131826845
2843.0,2.31901,1.831439,67.0524,3.995846,,7642,-1.449405,1.143756,42.076,3.6627763898688666
2844.0,2.31901,1.832083,67.076,3.996466,,7643,-1.449405,1.144158,42.0908,3.679722954588077
2845.0,2.31901,1.832727,67.0996,3.996466,,7644,-1.449405,1.144561,42.1057,3.6563807059965514
2846.0,2.31901,1.833371,67.1232,3.997396,,7645,-1.449219,1.144964,42.1205,3.6735491741306316
2847.0,2.31901,1.834015,67.1468,3.997396,,7646,-1.449219,1.145366,42.1353,3.6639696364796186
2848.0,2.31901,1.834659,67.1703,3.997706,,7647,-1.449219,1.145769,42.1501,3.6663614231590533
2849.0,2.31901,1.835304,67.1939,3.997706,,7648,-1.449405,1.146171,42.1649,3.676534878491977
2850.0,2.31901,1.835948,67.2175,3.998016,,7649,-1.449405,1.146574,42.1797,3.65830313209658
2851.0,2.31901,1.836592,67.2411,3.998016,,7650,-1.449405,1.146976,42.1945,3.6694334520766603
2852.0,2.318825,1.837236,67.2647,3.998016,,7651,-1.449405,1.147379,42.2093,3.6794016101443328
2853.0,2.318825,1.83788,67.2883,3.998016,,7652,-1.449405,1.147782,42.2241,3.6645343649694406
2854.0,2.319197,1.838524,67.3118,3.998016,,7653,-1.449405,1.148184,42.2389,3.6845417780273637
2855.0,2.318825,1.839168,67.3354,3.998016,,7654,-1.449219,1.148587,42.2538,3.6685418920088213
2856.0,2.318825,1.839813,67.359,3.998016,,7655,-1.449219,1.148989,42.2686,3.6629969583554414
2857.0,2.319197,1.840457,67.3826,3.998016,,7656,-1.449405,1.149392,42.2834,3.664119276571021
2858.0,2.319197,1.841101,67.4062,3.998016,,7657,-1.449405,1.149795,42.2982,3.672329885597707
2859.0,2.31901,1.841745,67.4298,3.998946,,7658,-1.449219,1.150197,42.313,3.662884858592611
2860.0,2.31901,1.842389,67.4534,3.998946,,7659,-1.449033,1.1506,42.3278,3.6689161941456465
2861.0,2.319197,1.843034,67.4769,3.999256,,7660,-1.449033,1.151002,42.3426,3.6721507249673992
2862.0,2.319197,1.843678,67.5005,3.999256,,7661,-1.449033,1.151405,42.3574,3.6652712208531724
2863.0,2.319197,1.844322,67.5241,4.000496,,7662,-1.449033,1.151807,42.3722,3.680543050503108
2864.0,2.319197,1.844966,67.5477,4.000496,,7663,-1.449405,1.15221,42.387,3.6713516776474195
2865.0,2.319197,1.84561,67.5713,4.000496,,7664,-1.449405,1.152612,42.4018,3.6858151782989403
2866.0,2.319197,1.846255,67.5949,4.000496,,7665,-1.449591,1.153015,42.4167,3.6796324756347634
2867.0,2.319197,1.846899,67.6185,4.001116,,7666,-1.449591,1.153418,42.4315,3.6601904209663085
2868.0,2.31901,1.847543,67.642,4.001116,,7667,-1.449591,1.153821,42.4463,3.6700081674336578
2869.0,2.31901,1.848187,67.6656,4.001116,,7668,-1.449591,1.154223,42.4611,3.670532959781354
2870.0,2.31901,1.848831,67.6892,4.001116,,7669,-1.449033,1.154626,42.4759,3.6779763790850137
2871.0,2.31901,1.849476,67.7128,4.001736,,7670,-1.449033,1.155028,42.4907,3.6640453185432573
2872.0,2.31901,1.85012,67.7364,4.001736,,7671,-1.449033,1.155431,42.5055,3.6798191905727236
2873.0,2.31901,1.850764,67.76,4.001736,,7672,-1.449405,1.155833,42.5203,3.6571430934514004
2874.0,2.31901,1.851408,67.7835,4.002046,,7673,-1.449405,1.156236,42.5351,3.6615036743896567
2875.0,2.31901,1.852052,67.8071,4.002046,,7674,-1.449405,1.156639,42.55,3.6803397224928607
2876.0,2.319197,1.852697,67.8307,4.003286,,7675,-1.449405,1.157041,42.5648,3.6624972762346735
2877.0,2.319197,1.853341,67.8543,4.003286,,7676,-1.449405,1.157444,42.5796,3.659276081273369
2878.0,2.318825,1.853985,67.8779,4.003286,,7677,-1.449405,1.157846,42.5944,3.675349784227633
2879.0,2.318825,1.854629,67.9015,4.003286,,7678,-1.449219,1.158249,42.6092,3.6675827840442845
2880.0,2.319197,1.855273,67.925,4.004216,,7679,-1.449219,1.158651,42.624,3.67336104293405
2881.0,2.31901,1.855917,67.9486,4.005147,,7680,-1.449219,1.159054,42.6388,3.676529470042679
2882.0,2.31901,1.856562,67.9722,4.005147,,7681,-1.449219,1.159457,42.6536,3.6578160411082496
2883.0,2.319197,1.857206,67.9958,4.005147,,7682,-1.449033,1.159859,42.6684,3.670807827127316
2884.0,2.319197,1.85785,68.0194,4.005147,,7683,-1.449033,1.160262,42.6832,3.6591563278361927
2885.0,2.31901,1.858494,68.043,4.005456,,7684,-1.449033,1.160664,42.6981,3.662008448719413
2886.0,2.31901,1.859138,68.0666,4.005456,,7685,-1.449033,1.161067,42.7129,3.6681644682974905
2887.0,2.31901,1.859782,68.0901,4.005456,,7686,-1.449219,1.161469,42.7277,3.6736022846238363
2888.0,2.31901,1.860427,68.1137,4.005456,,7687,-1.449405,1.161872,42.7425,3.6666008780687362
2889.0,2.31901,1.861071,68.1373,4.005766,,7688,-1.449405,1.162274,42.7573,3.6713523644326638
2890.0,2.31901,1.861715,68.1609,4.005766,,7689,-1.449219,1.162677,42.7721,3.661087443612916
2891.0,2.31901,1.862359,68.1845,4.005147,,7690,-1.449219,1.16308,42.7869,3.6508376378264114
2892.0,2.31901,1.863003,68.2081,4.005147,,7691,-1.449219,1.163482,42.8017,3.6717145256287127
2893.0,2.318825,1.863647,68.2317,4.005766,,7692,-1.449219,1.163885,42.8165,3.669790529654877
2894.0,2.31901,1.864292,68.2552,4.005766,,7693,-1.449219,1.164287,42.8313,3.67336733515553
2895.0,2.31901,1.864936,68.2788,4.005766,,7694,-1.449219,1.16469,42.8461,3.6464245662872505
2896.0,2.31901,1.86558,68.3024,4.006386,,7695,-1.449219,1.165092,42.861,3.6802643270473046
2897.0,2.31901,1.866224,68.326,4.006386,,7696,-1.449405,1.165495,42.8758,3.666234381937769
2898.0,2.31901,1.866868,68.3496,4.006696,,7697,-1.449405,1.165898,42.8906,3.6566199865719073
2899.0,2.31901,1.867512,68.3732,4.006696,,7698,-1.449219,1.1663,42.9054,3.6598898079307585
2900.0,2.319197,1.868157,68.3967,4.007317,,7699,-1.449219,1.166703,42.9202,3.6801529181614425
2901.0,2.319197,1.868801,68.4203,4.007317,,7700,-1.449405,1.167105,42.935,3.661144574144503
2902.0,2.31901,1.869445,68.4439,4.007936,,7701,-1.449405,1.167508,42.9498,3.650234836494878
2903.0,2.31901,1.870089,68.4675,4.007936,,7702,-1.449219,1.16791,42.9646,3.6688993862257018
2904.0,2.319197,1.870733,68.4911,4.008556,,7703,-1.449219,1.168313,42.9794,3.6598879871347036
2905.0,2.319197,1.871378,68.5147,4.008556,,7704,-1.449405,1.168716,42.9942,3.6502335657820217
2906.0,2.319197,1.872022,68.5383,4.009797,,7705,-1.449405,1.169118,43.0091,3.665489697141609
2907.0,2.319197,1.872666,68.5618,4.009797,,7706,-1.449033,1.169521,43.0239,3.6504042652401854
2908.0,2.319197,1.87331,68.5854,4.009797,,7707,-1.449033,1.169923,43.0387,3.654210108849708
2909.0,2.31901,1.873955,68.609,4.009797,,7708,-1.449405,1.170326,43.0535,3.6495195553014104
2910.0,2.31901,1.874599,68.6326,4.009797,,7709,-1.449033,1.170728,43.0683,3.6523264243874167
2911.0,2.318825,1.875243,68.6562,4.009797,,7710,-1.449033,1.171131,43.0831,3.675102474997999
2912.0,2.318825,1.875887,68.6798,4.009797,,7711,-1.449033,1.171533,43.0979,3.668937898377033
2913.0,2.318825,1.876531,68.7033,4.009797,,7712,-1.449033,1.171936,43.1127,3.6590025153897545
2914.0,2.318825,1.877175,68.7269,4.009797,,7713,-1.449033,1.172338,43.1275,3.668202838793933
2915.0,2.31901,1.877819,68.7505,4.011347,,7714,-1.449033,1.172741,43.1423,3.6614209564199856
2916.0,2.31901,1.878464,68.7741,4.011347,,7715,-1.449033,1.173143,43.1571,3.6748762620743256
2917.0,2.31901,1.879108,68.7977,4.011347,,7716,-1.449033,1.173546,43.1719,3.6696805190515986
2918.0,2.31901,1.879752,68.8213,4.011347,,7717,-1.449219,1.173949,43.1868,3.645283419506087
2919.0,2.31901,1.880396,68.8448,4.011657,,7718,-1.449219,1.174351,43.2016,3.663938672187931
2920.0,2.31901,1.88104,68.8684,4.011657,,7719,-1.449219,1.174754,43.2164,3.6615306794945814
2921.0,2.31901,1.881684,68.892,4.012277,,7720,-1.449219,1.175156,43.2312,3.674604565747479
2922.0,2.31901,1.882329,68.9156,4.012277,,7721,-1.449219,1.175559,43.246,3.6678860027081743
2923.0,2.31901,1.882973,68.9392,4.013517,,7722,-1.449219,1.175961,43.2608,3.663290660058058
2924.0,2.319197,1.883617,68.9628,4.013827,,7723,-1.449033,1.176364,43.2756,3.6572941263021637
2925.0,2.319197,1.884261,68.9864,4.013827,,7724,-1.449033,1.176766,43.2904,3.6538242474907503
2926.0,2.31901,1.884905,69.0099,4.014137,,7725,-1.449033,1.177169,43.3052,3.642831486570606
2927.0,2.31901,1.885549,69.0335,4.014137,,7726,-1.449591,1.177572,43.32,3.671177903590768
2928.0,2.319197,1.886194,69.0571,4.014137,,7727,-1.449591,1.177974,43.3348,3.654711557372476
2929.0,2.319197,1.886838,69.0807,4.014137,,7728,-1.449591,1.178377,43.3497,3.6580015177000558
2930.0,2.319383,1.887482,69.1043,4.014447,,7729,-1.449591,1.178779,43.3645,3.6691311674236142
2931.0,2.319383,1.888126,69.1279,4.014447,,7730,-1.449405,1.179182,43.3793,3.657083439008504
2932.0,2.319383,1.888771,69.1515,4.015067,,7731,-1.449405,1.179585,43.3941,3.6469357245467267
2933.0,2.31901,1.889415,69.175,4.015067,,7732,-1.449033,1.179987,43.4089,3.6737854380069206
2934.0,2.31901,1.890059,69.1986,4.015067,,7733,-1.449033,1.18039,43.4237,3.6648133032467642
2935.0,2.31901,1.890703,69.2222,4.015377,,7734,-1.449405,1.180792,43.4385,3.6519137350805857
2936.0,2.319197,1.891347,69.2458,4.015377,,7735,-1.449405,1.181195,43.4533,3.6677647479732354
2937.0,2.319197,1.891992,69.2694,4.015377,,7736,-1.449405,1.181598,43.4681,3.6558799138921985
2938.0,2.319197,1.892636,69.293,4.015377,,7737,-1.449405,1.182,43.483,3.653444981803402
2939.0,2.319197,1.89328,69.3166,4.015997,,7738,-1.449405,1.182403,43.4978,3.651346412731828
2940.0,2.319197,1.893924,69.3401,4.015997,,7739,-1.449405,1.182805,43.5126,3.648462916556337
2941.0,2.319197,1.894569,69.3637,4.017237,,7740,-1.449405,1.183208,43.5274,3.6472933403224803
2942.0,2.319197,1.895213,69.3873,4.017237,,7741,-1.449405,1.183611,43.5422,3.6655623226518763
2943.0,2.319197,1.895857,69.4109,4.017547,,7742,-1.449405,1.184013,43.557,3.64159643170412
2944.0,2.319197,1.896501,69.4345,4.018167,,7743,-1.449405,1.184416,43.5718,3.6572552552544284
2945.0,2.319197,1.897145,69.4581,4.018167,,7744,-1.449405,1.184819,43.5866,3.6460774030941945
2946.0,2.319197,1.89779,69.4817,4.018787,,7745,-1.449405,1.185221,43.6014,3.655277531122688
2947.0,2.319197,1.898434,69.5052,4.018787,,7746,-1.449405,1.185624,43.6163,3.6587235958492568
2948.0,2.31901,1.899078,69.5288,4.018787,,7747,-1.449591,1.186026,43.6311,3.6627238517080154
2949.0,2.31901,1.899722,69.5524,4.018787,,7748,-1.449405,1.186429,43.6459,3.6654476900049633
2950.0,2.31901,1.900366,69.576,4.019407,,7749,-1.449405,1.186832,43.6607,3.657053079847254
2951.0,2.31901,1.901011,69.5996,4.019407,,7750,-1.449405,1.187234,43.6755,3.6533411984191155
2952.0,2.319197,1.901655,69.6232,4.019717,,7751,-1.449405,1.187637,43.6903,3.647016952908163
2953.0,2.319197,1.902299,69.6468,4.019717,,7752,-1.449405,1.188039,43.7051,3.655956774507002
2954.0,2.319197,1.902943,69.6703,4.020027,,7753,-1.449405,1.188442,43.7199,3.6476735493807113
2955.0,2.319197,1.903587,69.6939,4.020027,,7754,-1.449405,1.188845,43.7347,3.6479897634987686
2956.0,2.31901,1.904232,69.7175,4.020027,,7755,-1.449405,1.189247,43.7496,3.6525120969061793
2957.0,2.31901,1.904876,69.7411,4.020337,,7756,-1.449591,1.18965,43.7644,3.6548484040869273
2958.0,2.31901,1.90552,69.7647,4.020337,,7757,-1.449591,1.190053,43.7792,3.629807447068468
2959.0,2.31901,1.906164,69.7883,4.020648,,7758,-1.449591,1.190455,43.794,3.6675732439629454
2960.0,2.31901,1.906808,69.8119,4.020648,,7759,-1.449591,1.190858,43.8088,3.652652020235965
2961.0,2.319197,1.907452,69.8354,4.020957,,7760,-1.449219,1.19126,43.8236,3.6708363499873995
2962.0,2.319197,1.908097,69.859,4.020957,,7761,-1.449219,1.191663,43.8384,3.6401331335677294
2963.0,2.31901,1.908741,69.8826,4.021267,,7762,-1.449219,1.192066,43.8532,3.6587983036102
2964.0,2.31901,1.909385,69.9062,4.021267,,7763,-1.449219,1.192468,43.868,3.656067207618033
2965.0,2.31901,1.910029,69.9298,4.021887,,7764,-1.449405,1.192871,43.8829,3.6599620437682594
2966.0,2.31901,1.910673,69.9534,4.021887,,7765,-1.449405,1.193273,43.8977,3.6351004950857044
2967.0,2.31901,1.911318,69.9769,4.022508,,7766,-1.449591,1.193676,43.9125,3.6516645401629395
2968.0,2.31901,1.911962,70.0005,4.022508,,7767,-1.449591,1.194079,43.9273,3.649656148601059
2969.0,2.31901,1.912606,70.0241,4.022818,,7768,-1.449591,1.194481,43.9421,3.63893452006348
2970.0,2.31901,1.91325,70.0477,4.022818,,7769,-1.449405,1.194884,43.9569,3.66353596997616
2971.0,2.31901,1.913894,70.0713,4.023747,,7770,-1.449405,1.195287,43.9717,3.6562862977315596
2972.0,2.319197,1.914539,70.0949,4.024678,,7771,-1.449405,1.195689,43.9865,3.6517540133536444
2973.0,2.319197,1.915183,70.1185,4.024678,,7772,-1.449405,1.196092,44.0014,3.663738377509033
2974.0,2.319197,1.915827,70.142,4.024678,,7773,-1.449405,1.196494,44.0162,3.6393759628378666
2975.0,2.319197,1.916471,70.1656,4.024678,,7774,-1.449405,1.196897,44.031,3.663091036665156
2976.0,2.319197,1.917115,70.1892,4.024678,,7775,-1.449219,1.1973,44.0458,3.655847239293324
2977.0,2.319197,1.91776,70.2128,4.024678,,7776,-1.449219,1.197702,44.0606,3.654362420419823
2978.0,2.319197,1.918404,70.2364,4.025298,,7777,-1.449405,1.198105,44.0754,3.676734713861141
2979.0,2.31901,1.919048,70.26,4.025298,,7778,-1.449405,1.198507,44.0902,3.650547676227817
2980.0,2.31901,1.919692,70.2836,4.025298,,7779,-1.449405,1.19891,44.105,3.6607073204862903
2981.0,2.31901,1.920336,70.3071,4.025298,,7780,-1.449405,1.199313,44.1198,3.636190484151095
2982.0,2.31901,1.92098,70.3307,4.025608,,7781,-1.449405,1.199715,44.1346,3.6538489238015104
2983.0,2.31901,1.921625,70.3543,4.025918,,7782,-1.449405,1.200118,44.1495,3.6584929264079964
2984.0,2.31901,1.922269,70.3779,4.025918,,7783,-1.449405,1.200521,44.1643,3.6538110686538166
2985.0,2.319197,1.922913,70.4015,4.025918,,7784,-1.449219,1.200923,44.1791,3.664358644605726
2986.0,2.319197,1.923557,70.4251,4.025918,,7785,-1.449219,1.201326,44.1939,3.662402105796469
2987.0,2.319197,1.924201,70.4486,4.027468,,7786,-1.449219,1.201728,44.2087,3.644214578945677
2988.0,2.319197,1.924846,70.4722,4.027468,,7787,-1.449219,1.202131,44.2235,3.6310970484684155
2989.0,2.31901,1.92549,70.4958,4.027778,,7788,-1.449219,1.202533,44.2383,3.6693223767555097
2990.0,2.31901,1.926134,70.5194,4.027778,,7789,-1.449219,1.202936,44.2531,3.655621256811702
2991.0,2.31901,1.926778,70.543,4.028088,,7790,-1.449219,1.203338,44.2679,3.6680479206559196
2992.0,2.31901,1.927422,70.5666,4.028088,,7791,-1.449405,1.203741,44.2827,3.6549034805560705
2993.0,2.31901,1.928067,70.5902,4.028708,,7792,-1.449405,1.204144,44.2976,3.655115653505077
2994.0,2.31901,1.928711,70.6137,4.028708,,7793,-1.449405,1.204546,44.3124,3.6547284916107134
2995.0,2.31901,1.929355,70.6373,4.029328,,7794,-1.449405,1.204949,44.3272,3.6598033524077676
2996.0,2.31901,1.929999,70.6609,4.029328,,7795,-1.449777,1.205352,44.342,3.6378226059778815
2997.0,2.31901,1.930643,70.6845,4.029948,,7796,-1.449777,1.205754,44.3568,3.6337889420033904
2998.0,2.31901,1.931287,70.7081,4.029948,,7797,-1.449405,1.206157,44.3716,3.6559917743243417
2999.0,2.31901,1.931932,70.7317,4.029948,,7798,-1.449405,1.20656,44.3864,3.6261280851136664
3000.0,2.31901,1.932576,70.7552,4.030568,,7799,-1.449219,1.206962,44.4012,3.631911651580134
3001.0,2.31901,1.93322,70.7788,4.030568,,7800,-1.449219,1.207365,44.416,3.6446725415288053
3002.0,2.31901,1.933864,70.8024,4.030568,,7801,-1.449219,1.207767,44.4309,3.663782743145774
3003.0,2.31901,1.934508,70.826,4.030568,,7802,-1.449219,1.20817,44.4457,3.6398792422446236
3004.0,2.31901,1.935152,70.8496,4.030568,,7803,-1.449405,1.208572,44.4605,3.6479195780446516
3005.0,2.31901,1.935797,70.8732,4.030568,,7804,-1.449591,1.208975,44.4753,3.6499491094003083
3006.0,2.31901,1.936441,70.8968,4.030568,,7805,-1.449591,1.209378,44.4901,3.6525018601016805
3007.0,2.31901,1.937085,70.9203,4.030568,,7806,-1.449591,1.20978,44.5049,3.654384406124766
3008.0,2.31901,1.937729,70.9439,4.030568,,7807,-1.449591,1.210183,44.5197,3.642131818870543
3009.0,2.31901,1.938373,70.9675,4.030568,,7808,-1.449405,1.210586,44.5345,3.653756246530883
3010.0,2.31901,1.939017,70.9911,4.030568,,7809,-1.449405,1.210988,44.5494,3.6459495908929958
3011.0,2.31901,1.939662,71.0147,4.031498,,7810,-1.449405,1.211391,44.5642,3.6401739429793527
3012.0,2.31901,1.940306,71.0383,4.031498,,7811,-1.449405,1.211793,44.579,3.635823459264671
3013.0,2.31901,1.94095,71.0618,4.032738,,7812,-1.449405,1.212196,44.5938,3.63750857831104
3014.0,2.31901,1.941594,71.0854,4.032738,,7813,-1.449405,1.212599,44.6086,3.645625612178036
3015.0,2.31901,1.942238,71.109,4.032738,,7814,-1.449591,1.213001,44.6234,3.6451178710790884
3016.0,2.31901,1.942882,71.1326,4.032738,,7815,-1.449591,1.213404,44.6382,3.645075579301898
3017.0,2.318825,1.943527,71.1562,4.033358,,7816,-1.449591,1.213807,44.653,3.650849909847099
3018.0,2.318825,1.944171,71.1798,4.033358,,7817,-1.449591,1.214209,44.6679,3.647255193753915
3019.0,2.318825,1.944815,71.2033,4.033668,,7818,-1.449405,1.214612,44.6827,3.644137579493047
3020.0,2.318825,1.945459,71.2269,4.033668,,7819,-1.449405,1.215015,44.6975,3.6335348099062026
3021.0,2.318825,1.946103,71.2505,4.033668,,7820,-1.449405,1.215417,44.7123,3.623053402869087
3022.0,2.318825,1.946747,71.2741,4.033668,,7821,-1.449405,1.21582,44.7271,3.666098693261951
3023.0,2.318825,1.947391,71.2977,4.033978,,7822,-1.449405,1.216222,44.7419,3.6346507308501366
3024.0,2.318825,1.948035,71.3213,4.035218,,7823,-1.449405,1.216625,44.7567,3.624193640843723
3025.0,2.318825,1.94868,71.3448,4.035218,,7824,-1.449405,1.217028,44.7715,3.660717335944131
3026.0,2.318825,1.949324,71.3684,4.035218,,7825,-1.449405,1.21743,44.7863,3.6572947234660638
3027.0,2.318825,1.949968,71.392,4.035218,,7826,-1.449405,1.217833,44.8012,3.639565797185892
3028.0,2.31901,1.950612,71.4156,4.035528,,7827,-1.449405,1.218235,44.816,3.6311438611435225
3029.0,2.31901,1.951256,71.4392,4.035528,,7828,-1.449405,1.218638,44.8308,3.6427512063749052
3030.0,2.31901,1.9519,71.4628,4.035838,,7829,-1.449219,1.219041,44.8456,3.6528550883829336
3031.0,2.31901,1.952544,71.4863,4.035838,,7830,-1.449219,1.219443,44.8604,3.621919052558893
3032.0,2.31901,1.953189,71.5099,4.035838,,7831,-1.449219,1.219846,44.8752,3.634938258990458
3033.0,2.31901,1.953833,71.5335,4.035838,,7832,-1.449219,1.220248,44.89,3.638468910185248
3034.0,2.318825,1.954477,71.5571,4.036458,,7833,-1.449219,1.220651,44.9048,3.6394473988835707
3035.0,2.318825,1.955121,71.5807,4.037078,,7834,-1.449219,1.221053,44.9196,3.643281025515648
3036.0,2.318825,1.955765,71.6043,4.037078,,7835,-1.449219,1.221456,44.9344,3.643206198403229
3037.0,2.318825,1.956409,71.6278,4.037698,,7836,-1.449405,1.221859,44.9492,3.6490439338363916
3038.0,2.318825,1.957053,71.6514,4.037698,,7837,-1.449405,1.222261,44.9641,3.661857293007933
3039.0,2.318825,1.957698,71.675,4.037698,,7838,-1.449405,1.222664,44.9789,3.634997004391464
3040.0,2.318825,1.958342,71.6986,4.037698,,7839,-1.449405,1.223066,44.9937,3.639860977224287
3041.0,2.319197,1.958986,71.7222,4.038629,,7840,-1.449405,1.223469,45.0085,3.647277773565787
3042.0,2.319197,1.95963,71.7458,4.038629,,7841,-1.449405,1.223872,45.0233,3.623798366731746
3043.0,2.319197,1.960274,71.7693,4.039558,,7842,-1.449405,1.224274,45.0381,3.642407349514622
3044.0,2.319197,1.960919,71.7929,4.039558,,7843,-1.449405,1.224677,45.0529,3.6163946423356252
3045.0,2.31901,1.961563,71.8165,4.040179,,7844,-1.449405,1.22508,45.0677,3.6401586681207863
3046.0,2.318825,1.962207,71.8401,4.040179,,7845,-1.449219,1.225482,45.0826,3.6190160019069597
3047.0,2.318825,1.962851,71.8637,4.040799,,7846,-1.449219,1.225885,45.0974,3.647171521432735
3048.0,2.318825,1.963495,71.8873,4.040799,,7847,-1.449405,1.226287,45.1122,3.63423699267529
3049.0,2.318825,1.964139,71.9108,4.040799,,7848,-1.449405,1.22669,45.127,3.639772708080478
3050.0,2.318825,1.964783,71.9344,4.040799,,7849,-1.449405,1.227093,45.1418,3.643561933802475
3051.0,2.318825,1.965427,71.958,4.040799,,7850,-1.449405,1.227495,45.1566,3.65717820711064
3052.0,2.318825,1.966071,71.9816,4.040799,,7851,-1.449405,1.227898,45.1714,3.644150335792858
3053.0,2.318825,1.966716,72.0052,4.040799,,7852,-1.449405,1.2283,45.1862,3.6475570295515083
3054.0,2.318825,1.96736,72.0287,4.041109,,7853,-1.449405,1.228703,45.201,3.6366484110528012
3055.0,2.318825,1.968004,72.0523,4.041109,,7854,-1.449405,1.229106,45.2158,3.627879540502259
3056.0,2.318825,1.968648,72.0759,4.041109,,7855,-1.449405,1.229508,45.2307,3.6295394203643165
3057.0,2.318825,1.969292,72.0995,4.041109,,7856,-1.449405,1.229911,45.2455,3.63833273883665
3058.0,2.31901,1.969936,72.1231,4.041109,,7857,-1.449405,1.230313,45.2603,3.6444939340846125
3059.0,2.31901,1.97058,72.1467,4.041109,,7858,-1.449405,1.230716,45.2751,3.640664056492572
3060.0,2.318825,1.971225,72.1702,4.041109,,7859,-1.449405,1.231119,45.2899,3.6397495608777284
3061.0,2.31901,1.971869,72.1938,4.041109,,7860,-1.449405,1.231521,45.3047,3.6450247372504414
3062.0,2.31901,1.972513,72.2174,4.042039,,7861,-1.449405,1.231924,45.3195,3.6330575249253525
3063.0,2.31901,1.973157,72.241,4.042039,,7862,-1.449405,1.232326,45.3343,3.6464402687973183
3064.0,2.31901,1.973801,72.2646,4.043589,,7863,-1.449405,1.232729,45.3491,3.6608125418461883
3065.0,2.31901,1.974445,72.2882,4.043589,,7864,-1.449219,1.233132,45.364,3.641637120922561
3066.0,2.31901,1.97509,72.3118,4.043589,,7865,-1.449219,1.233534,45.3788,3.625216437710147
3067.0,2.31901,1.975734,72.3353,4.044209,,7866,-1.449405,1.233937,45.3936,3.6166908925493515
3068.0,2.31901,1.976378,72.3589,4.044209,,7867,-1.449405,1.234339,45.4084,3.637932465710111
3069.0,2.318825,1.977022,72.3825,4.045139,,7868,-1.449405,1.234742,45.4232,3.650565056025169
3070.0,2.318825,1.977666,72.4061,4.045139,,7869,-1.449405,1.235145,45.438,3.640255596645452
3071.0,2.318825,1.97831,72.4297,4.045449,,7870,-1.449405,1.235547,45.4528,3.6305911951178413
3072.0,2.318825,1.978954,72.4533,4.045449,,7871,-1.449405,1.23595,45.4676,3.635439727570077
3073.0,2.318825,1.979599,72.4768,4.045139,,7872,-1.449405,1.236352,45.4824,3.6361645547342776
3074.0,2.318825,1.980243,72.5004,4.045449,,7873,-1.449591,1.236755,45.4973,3.6328834041433193
3075.0,2.318825,1.980887,72.524,4.045449,,7874,-1.449591,1.237158,45.5121,3.6279952575826075
3076.0,2.318825,1.981531,72.5476,4.045759,,7875,-1.449591,1.23756,45.5269,3.6315331585680295
3077.0,2.318825,1.982175,72.5712,4.045759,,7876,-1.449591,1.237963,45.5417,3.637856396468398
3078.0,2.31901,1.982819,72.5947,4.046379,,7877,-1.449591,1.238366,45.5565,3.6275118650798155
3079.0,2.31901,1.983463,72.6183,4.046379,,7878,-1.449591,1.238768,45.5713,3.6192550147968587
3080.0,2.318825,1.984107,72.6419,4.046379,,7879,-1.449591,1.239171,45.5861,3.6508763978719845
3081.0,2.318825,1.984751,72.6655,4.046379,,7880,-1.449591,1.239574,45.6009,3.6253151867100843
3082.0,2.31901,1.985396,72.6891,4.047619,,7881,-1.449591,1.239976,45.6158,3.6542243879754626
3083.0,2.31901,1.98604,72.7127,4.047619,,7882,-1.449591,1.240379,45.6306,3.6413605266262525
3084.0,2.31901,1.986684,72.7363,4.048239,,7883,-1.449405,1.240782,45.6454,3.635218861734467
3085.0,2.31901,1.987328,72.7598,4.048239,,7884,-1.449405,1.241184,45.6602,3.6347721346077435
3086.0,2.31901,1.987972,72.7834,4.048549,,7885,-1.449405,1.241587,45.675,3.63214667491525
3087.0,2.318825,1.988616,72.807,4.048549,,7886,-1.449405,1.241989,45.6898,3.638744523024517
3088.0,2.318825,1.989261,72.8306,4.048859,,7887,-1.449405,1.242392,45.7046,3.6300218757942346
3089.0,2.318825,1.989905,72.8542,4.049479,,7888,-1.449405,1.242795,45.7194,3.623685316771473
3090.0,2.318825,1.990549,72.8778,4.049479,,7889,-1.449405,1.243197,45.7343,3.640840722588627
3091.0,2.318825,1.991193,72.9013,4.050099,,7890,-1.449405,1.2436,45.7491,3.6520882925872895
3092.0,2.318825,1.991837,72.9249,4.050099,,7891,-1.449405,1.244003,45.7639,3.613623596450756
3093.0,2.318825,1.992481,72.9485,4.050099,,7892,-1.449405,1.244405,45.7787,3.646902098653966
3094.0,2.318825,1.993125,72.9721,4.050099,,7893,-1.449405,1.244808,45.7935,3.634179765519685
3095.0,2.319197,1.99377,72.9957,4.050719,,7894,-1.449591,1.245211,45.8083,3.642028153602472
3096.0,2.319197,1.994414,73.0192,4.050719,,7895,-1.449591,1.245613,45.8231,3.6392886910658477
3097.0,2.319197,1.995058,73.0428,4.050719,,7896,-1.449591,1.246016,45.8379,3.6187566585125954
3098.0,2.319197,1.995702,73.0664,4.050719,,7897,-1.449591,1.246418,45.8527,3.619997555276537
3099.0,2.319197,1.996346,73.09,4.050719,,7898,-1.449591,1.246821,45.8676,3.6441735010706076
3100.0,2.318825,1.996991,73.1136,4.050719,,7899,-1.449591,1.247224,45.8824,3.639815045604612
3101.0,2.318825,1.997635,73.1372,4.050719,,7900,-1.449591,1.247627,45.8972,3.6305007788588184
3102.0,2.318825,1.998279,73.1608,4.051029,,7901,-1.449219,1.248029,45.912,3.6318607242689835
3103.0,2.318825,1.998923,73.1843,4.051029,,7902,-1.449219,1.248432,45.9268,3.6453983792846283
3104.0,2.31901,1.999567,73.2079,4.051649,,7903,-1.449219,1.248834,45.9416,3.640283145555685
3105.0,2.31901,2.000211,73.2315,4.051649,,7904,-1.449219,1.249237,45.9564,3.632361592123367
3106.0,2.31901,2.000855,73.2551,4.052579,,7905,-1.449219,1.249639,45.9712,3.6411314339664327
3107.0,2.31901,2.0015,73.2787,4.052579,,7906,-1.449219,1.250042,45.986,3.6302776190844432
3108.0,2.31901,2.002144,73.3023,4.052579,,7907,-1.449219,1.250444,46.0009,3.6328648983868783
3109.0,2.318825,2.002788,73.3258,4.052889,,7908,-1.449219,1.250847,46.0157,3.629950969696974
3110.0,2.318825,2.003432,73.3494,4.052889,,7909,-1.449219,1.25125,46.0305,3.636626167579053
3111.0,2.31901,2.004076,73.373,4.05413,,7910,-1.449219,1.251652,46.0453,3.6463726863885806
3112.0,2.31901,2.00472,73.3966,4.05413,,7911,-1.449219,1.252055,46.0601,3.636666569978489
3113.0,2.318825,2.005364,73.4202,4.055059,,7912,-1.449219,1.252457,46.0749,3.643331317349549
3114.0,2.318825,2.006009,73.4438,4.055059,,7913,-1.449219,1.25286,46.0897,3.6285171300493952
3115.0,2.318825,2.006653,73.4673,4.055059,,7914,-1.449033,1.253262,46.1045,3.640517087245855
3116.0,2.318825,2.007297,73.4909,4.055059,,7915,-1.449033,1.253665,46.1193,3.634162438747032
3117.0,2.318825,2.007941,73.5145,4.055369,,7916,-1.449033,1.254067,46.1341,3.63113755866236
3118.0,2.318825,2.008585,73.5381,4.055369,,7917,-1.449033,1.25447,46.1489,3.6407361571384653
3119.0,2.318825,2.009229,73.5617,4.05568,,7918,-1.449033,1.254872,46.1637,3.624955002502404
3120.0,2.318825,2.009873,73.5853,4.05568,,7919,-1.449033,1.255275,46.1786,3.6311227615677852
3121.0,2.318825,2.010517,73.6088,4.05599,,7920,-1.449219,1.255677,46.1934,3.6264087738181328
3122.0,2.318825,2.011162,73.6324,4.05599,,7921,-1.449219,1.25608,46.2082,3.6293684210348123
3123.0,2.318825,2.011806,73.656,4.0563,,7922,-1.449219,1.256482,46.223,3.6401162269520326
3124.0,2.318825,2.01245,73.6796,4.0563,,7923,-1.449591,1.256885,46.2378,3.6360132328151
3125.0,2.318825,2.013094,73.7032,4.0563,,7924,-1.449591,1.257288,46.2526,3.6339719858949273
3126.0,2.318825,2.013738,73.7267,4.05692,,7925,-1.449591,1.257691,46.2674,3.649725033614144
3127.0,2.318825,2.014382,73.7503,4.05692,,7926,-1.449591,1.258093,46.2822,3.6539487781054083
3128.0,2.319197,2.015026,73.7739,4.05723,,7927,-1.449591,1.258496,46.297,3.6251259588389604
3129.0,2.319197,2.015671,73.7975,4.05723,,7928,-1.449591,1.258898,46.3119,3.649864215105642
3130.0,2.319197,2.016315,73.8211,4.05723,,7929,-1.449591,1.259301,46.3267,3.6385404223346915
3131.0,2.31901,2.016959,73.8447,4.05723,,7930,-1.449591,1.259704,46.3415,3.635049216872094
3132.0,2.31901,2.017603,73.8683,4.05785,,7931,-1.449219,1.260106,46.3563,3.634245826879827
3133.0,2.31901,2.018247,73.8918,4.05785,,7932,-1.449219,1.260509,46.3711,3.6321822060349676
3134.0,2.31901,2.018891,73.9154,4.05878,,7933,-1.449219,1.260911,46.3859,3.615715211053114
3135.0,2.31901,2.019536,73.939,4.05909,,7934,-1.449219,1.261314,46.4007,3.6262455505465896
3136.0,2.31901,2.02018,73.9626,4.05909,,7935,-1.449219,1.261717,46.4155,3.627993004327745
3137.0,2.31901,2.020824,73.9862,4.0594,,7936,-1.449219,1.262119,46.4303,3.6373453841400782
3138.0,2.31901,2.021468,74.0098,4.0594,,7937,-1.449219,1.262522,46.4451,3.6324004417971
3139.0,2.318825,2.022112,74.0333,4.06002,,7938,-1.449219,1.262924,46.46,3.6456696850875625
3140.0,2.318825,2.022756,74.0569,4.06002,,7939,-1.449219,1.263327,46.4748,3.626560961066571
3141.0,2.31901,2.023401,74.0805,4.06064,,7940,-1.449219,1.263729,46.4896,3.6269027066478596
3142.0,2.31901,2.024045,74.1041,4.06064,,7941,-1.449219,1.264132,46.5044,3.6237487257221046
3143.0,2.318825,2.024689,74.1277,4.06064,,7942,-1.449219,1.264535,46.5192,3.64133559279891
3144.0,2.318825,2.025333,74.1513,4.06064,,7943,-1.449219,1.264937,46.534,3.623561599758509
3145.0,2.318825,2.025977,74.1749,4.06095,,7944,-1.449405,1.26534,46.5488,3.6420980388163016
3146.0,2.318825,2.026621,74.1984,4.06064,,7945,-1.449405,1.265742,46.5636,3.629761784066951
3147.0,2.318825,2.027265,74.222,4.06064,,7946,-1.449405,1.266145,46.5784,3.64328855488695
3148.0,2.319197,2.02791,74.2456,4.06095,,7947,-1.449405,1.266548,46.5933,3.6243090436286662
3149.0,2.319197,2.028554,74.2692,4.06095,,7948,-1.449405,1.26695,46.6081,3.621407923740701
3150.0,2.319197,2.029198,74.2928,4.06157,,7949,-1.449405,1.267353,46.6229,3.622079831007561
3151.0,2.319197,2.029842,74.3164,4.06157,,7950,-1.449405,1.267755,46.6377,3.62215437495244
3152.0,2.31901,2.030486,74.3399,4.06188,,7951,-1.449405,1.268158,46.6525,3.6315490293600927
3153.0,2.31901,2.031131,74.3635,4.06188,,7952,-1.449405,1.268561,46.6673,3.6124290232242715
3154.0,2.31901,2.031775,74.3871,4.06343,,7953,-1.449033,1.268963,46.6821,3.6280857656689824
3155.0,2.31901,2.032419,74.4107,4.06343,,7954,-1.449033,1.269366,46.6969,3.6261854084958536
3156.0,2.31901,2.033063,74.4343,4.06467,,7955,-1.449033,1.269768,46.7117,3.634530230838104
3157.0,2.318825,2.033707,74.4579,4.06467,,7956,-1.449033,1.270171,46.7265,3.615288022208984
3158.0,2.318825,2.034351,74.4814,4.06529,,7957,-1.449033,1.270573,46.7413,3.6170863565391502
3159.0,2.318825,2.034995,74.505,4.06529,,7958,-1.449033,1.270976,46.7561,3.6389552634064075
3160.0,2.318825,2.03564,74.5286,4.06529,,7959,-1.449405,1.271378,46.771,3.63127453047332
3161.0,2.318825,2.036283,74.5522,4.06529,,7960,-1.449405,1.271781,46.7858,3.6540941408772696
3162.0,2.318825,2.036928,74.5758,4.06529,,7961,-1.449405,1.272184,46.8006,3.6118704491266596
3163.0,2.31901,2.037572,74.5994,4.06529,,7962,-1.449405,1.272586,46.8154,3.629200562129242
3164.0,2.31901,2.038216,74.6229,4.06529,,7963,-1.449405,1.272989,46.8302,3.6312888672163077
3165.0,2.31901,2.03886,74.6465,4.0656,,7964,-1.449405,1.273391,46.845,3.6335506615284068
3166.0,2.31901,2.039504,74.6701,4.0656,,7965,-1.449219,1.273794,46.8598,3.618716459357733
3167.0,2.31901,2.040148,74.6937,4.0656,,7966,-1.449219,1.274197,46.8746,3.6218004405487516
3168.0,2.31901,2.040793,74.7173,4.0656,,7967,-1.449219,1.274599,46.8894,3.627504677048737
3169.0,2.318825,2.041437,74.7409,4.0656,,7968,-1.449033,1.275002,46.9043,3.612107018295704
3170.0,2.318825,2.042081,74.7644,4.0656,,7969,-1.449033,1.275404,46.9191,3.6357953913245065
3171.0,2.318825,2.042725,74.788,4.06591,,7970,-1.449219,1.275807,46.9339,3.624917797859253
3172.0,2.318825,2.043369,74.8116,4.06591,,7971,-1.449405,1.276209,46.9487,3.620837004073475
3173.0,2.318825,2.044013,74.8352,4.06591,,7972,-1.449405,1.276612,46.9635,3.635504491734825
3174.0,2.31901,2.044657,74.8588,4.06653,,7973,-1.449405,1.277014,46.9783,3.6407992534686664
3175.0,2.31901,2.045302,74.8824,4.06653,,7974,-1.449405,1.277417,46.9931,3.621447835970305
3176.0,2.31901,2.045946,74.9059,4.06653,,7975,-1.449405,1.27782,47.0079,3.626157123873971
3177.0,2.31901,2.04659,74.9295,4.06653,,7976,-1.449405,1.278222,47.0227,3.6098996234903655
3178.0,2.31901,2.047234,74.9531,4.06684,,7977,-1.449405,1.278625,47.0375,3.6129221192808614
3179.0,2.31901,2.047878,74.9767,4.06684,,7978,-1.449405,1.279027,47.0524,3.6338922861585767
3180.0,2.318825,2.048522,75.0003,4.0687,,7979,-1.449219,1.27943,47.0672,3.6273310671698344
3181.0,2.318825,2.049167,75.0239,4.0687,,7980,-1.449219,1.279833,47.082,3.604506090169253
3182.0,2.318825,2.049811,75.0474,4.06901,,7981,-1.449219,1.280235,47.0968,3.6208087885193403
3183.0,2.318825,2.050455,75.071,4.06901,,7982,-1.449219,1.280638,47.1116,3.6245297507166034
3184.0,2.319197,2.051099,75.0946,4.069631,,7983,-1.449219,1.28104,47.1264,3.626189894030924
3185.0,2.319197,2.051743,75.1182,4.069631,,7984,-1.449219,1.281443,47.1412,3.6357809279747415
3186.0,2.319197,2.052387,75.1418,4.069631,,7985,-1.449033,1.281845,47.156,3.6299617178442745
3187.0,2.31901,2.053032,75.1654,4.069631,,7986,-1.449033,1.282248,47.1708,3.6384689495697216
3188.0,2.31901,2.053676,75.1889,4.069631,,7987,-1.449219,1.28265,47.1856,3.6254509579733094
3189.0,2.318825,2.05432,75.2125,4.069631,,7988,-1.449219,1.283053,47.2004,3.618008829505257
3190.0,2.318825,2.054964,75.2361,4.069941,,7989,-1.449033,1.283455,47.2153,3.620713951574993
3191.0,2.318825,2.055608,75.2597,4.07087,,7990,-1.449033,1.283858,47.2301,3.616141708354066
3192.0,2.318825,2.056252,75.2833,4.07087,,7991,-1.449033,1.284261,47.2449,3.636185707952072
3193.0,2.318825,2.056896,75.3069,4.071491,,7992,-1.449033,1.284663,47.2597,3.625262217648383
3194.0,2.318825,2.05754,75.3304,4.071491,,7993,-1.449033,1.285066,47.2745,3.63291811839961
3195.0,2.318825,2.058185,75.354,4.071491,,7994,-1.449033,1.285468,47.2893,3.6267799765515893
3196.0,2.318825,2.058829,75.3776,4.071491,,7995,-1.449033,1.285871,47.3041,3.6306577859759916
3197.0,2.318825,2.059473,75.4012,4.072421,,7996,-1.449219,1.286273,47.3189,3.616671459376803
3198.0,2.318825,2.060117,75.4248,4.072421,,7997,-1.449219,1.286676,47.3337,3.630256669523235
3199.0,2.318825,2.060761,75.4484,4.072731,,7998,-1.449219,1.287078,47.3485,3.6340043146917242
3200.0,2.318825,2.061405,75.4719,4.072731,,7999,-1.449219,1.287481,47.3633,3.601312497802061
3201.0,2.31901,2.062049,75.4955,4.073661,,8000,-1.449405,1.287883,47.3781,3.6283361480815537
3202.0,2.318825,2.062694,75.5191,4.074281,,8001,-1.449405,1.288286,47.393,3.641965693951001
3203.0,2.318825,2.063338,75.5427,4.074281,,8002,-1.449405,1.288689,47.4078,3.6328346178271462
3204.0,2.31901,2.063982,75.5663,4.074901,,8003,-1.449591,1.289091,47.4226,3.622118779705235
3205.0,2.31901,2.064626,75.5899,4.074901,,8004,-1.449591,1.289494,47.4374,3.623016402437115
3206.0,2.31901,2.06527,75.6134,4.075831,,8005,-1.449405,1.289897,47.4522,3.615441866525869
3207.0,2.31901,2.065914,75.637,4.075831,,8006,-1.449405,1.290299,47.467,3.621951578454372
3208.0,2.31901,2.066558,75.6606,4.075831,,8007,-1.449591,1.290702,47.4818,3.632004808979737
3209.0,2.31901,2.067203,75.6842,4.075831,,8008,-1.449591,1.291105,47.4966,3.618223786059638
3210.0,2.31901,2.067847,75.7078,4.076141,,8009,-1.449591,1.291507,47.5115,3.6119520571191206
3211.0,2.318825,2.068491,75.7314,4.076141,,8010,-1.449591,1.29191,47.5263,3.632812658171543
3212.0,2.318825,2.069135,75.7549,4.076141,,8011,-1.449591,1.292313,47.5411,3.6147038317709983
3213.0,2.318825,2.069779,75.7785,4.076141,,8012,-1.449591,1.292715,47.5559,3.602555667861241
3214.0,2.318825,2.070423,75.8021,4.076451,,8013,-1.449405,1.293118,47.5707,3.600277552639801
3215.0,2.318825,2.071067,75.8257,4.076761,,8014,-1.449405,1.29352,47.5855,3.631454348373372
3216.0,2.318825,2.071712,75.8493,4.076761,,8015,-1.449405,1.293923,47.6003,3.6231134749090614
3217.0,2.318825,2.072356,75.8729,4.076761,,8016,-1.449405,1.294326,47.6151,3.615713195770347
3218.0,2.318825,2.073,75.8964,4.076761,,8017,-1.449405,1.294728,47.63,3.6193114321165916
3219.0,2.31901,2.073644,75.92,4.076761,,8018,-1.449405,1.295131,47.6448,3.6227478449858226
3220.0,2.31901,2.074288,75.9436,4.076761,,8019,-1.449405,1.295534,47.6596,3.615507419657629
3221.0,2.319197,2.074932,75.9672,4.077071,,8020,-1.449405,1.295936,47.6744,3.6314997307069077
3222.0,2.319197,2.075577,75.9908,4.077071,,8021,-1.449405,1.296339,47.6892,3.628456050297359
3223.0,2.319197,2.076221,76.0144,4.078001,,8022,-1.449405,1.296741,47.704,3.619852273897887
3224.0,2.319197,2.076865,76.0379,4.078001,,8023,-1.449405,1.297144,47.7188,3.6245618361471523
3225.0,2.319197,2.077509,76.0615,4.078001,,8024,-1.449405,1.297547,47.7336,3.6123621503109264
3226.0,2.319197,2.078153,76.0851,4.079241,,8025,-1.449405,1.297949,47.7484,3.627525925563579
3227.0,2.319197,2.078798,76.1087,4.079241,,8026,-1.449405,1.298352,47.7632,3.625230563416942
3228.0,2.31901,2.079442,76.1323,4.079861,,8027,-1.449405,1.298754,47.7781,3.618282923986915
3229.0,2.31901,2.080086,76.1559,4.079861,,8028,-1.449405,1.299157,47.7929,3.6278319580210883
3230.0,2.31901,2.08073,76.1795,4.081101,,8029,-1.449405,1.29956,47.8077,3.618409813709137
3231.0,2.31901,2.081374,76.203,4.081101,,8030,-1.449405,1.299962,47.8225,3.6249887519065247
3232.0,2.318825,2.082018,76.2266,4.081101,,8031,-1.449405,1.300365,47.8373,3.6210673883213786
3233.0,2.318825,2.082663,76.2502,4.081101,,8032,-1.449405,1.300767,47.8521,3.6089209234228403
3234.0,2.31901,2.083307,76.2738,4.081101,,8033,-1.449405,1.30117,47.8669,3.6102654563215375
3235.0,2.31901,2.083951,76.2974,4.081101,,8034,-1.449405,1.301573,47.8817,3.6079192404546663
3236.0,2.31901,2.084595,76.321,4.081411,,8035,-1.449591,1.301975,47.8966,3.6185062771354555
3237.0,2.31901,2.085239,76.3445,4.081411,,8036,-1.449591,1.302378,47.9114,3.606862697370292
3238.0,2.31901,2.085883,76.3681,4.081411,,8037,-1.449591,1.302781,47.9262,3.628057691353208
3239.0,2.31901,2.086528,76.3917,4.081411,,8038,-1.449591,1.303183,47.941,3.614477289076298
3240.0,2.31901,2.087172,76.4153,4.081721,,8039,-1.449591,1.303586,47.9558,3.6185063540811218
3241.0,2.31901,2.087816,76.4389,4.081721,,8040,-1.449591,1.303989,47.9706,3.6151644025448966
3242.0,2.31901,2.08846,76.4625,4.081721,,8041,-1.449405,1.304391,47.9854,3.600865644411934
3243.0,2.31901,2.089104,76.486,4.082651,,8042,-1.449219,1.304794,48.0002,3.6163941197426697
3244.0,2.31901,2.089748,76.5096,4.082651,,8043,-1.449219,1.305196,48.015,3.6107883475274054
3245.0,2.31901,2.090393,76.5332,4.083272,,8044,-1.449405,1.305599,48.0299,3.627428775438763
3246.0,2.31901,2.091037,76.5568,4.083272,,8045,-1.449405,1.306002,48.0447,3.605431754395257
3247.0,2.31901,2.091681,76.5804,4.083272,,8046,-1.449219,1.306404,48.0595,3.6218084848170387
3248.0,2.31901,2.092325,76.604,4.083272,,8047,-1.449219,1.306807,48.0743,3.616201686219988
3249.0,2.318825,2.092969,76.6276,4.083891,,8048,-1.449405,1.307209,48.0891,3.619264131631438
3250.0,2.318825,2.093613,76.6511,4.083891,,8049,-1.449405,1.307612,48.1039,3.6221823586144413
3251.0,2.318825,2.094257,76.6747,4.085442,,8050,-1.449219,1.308015,48.1187,3.5840802468793727
3252.0,2.318825,2.094902,76.6983,4.085442,,8051,-1.449219,1.308417,48.1335,3.6264417027368427
3253.0,2.318825,2.095546,76.7219,4.085752,,8052,-1.449405,1.30882,48.1483,3.6230386089823736
3254.0,2.31901,2.09619,76.7455,4.086681,,8053,-1.449405,1.309222,48.1632,3.6301643957306404
3255.0,2.31901,2.096834,76.7691,4.086681,,8054,-1.449405,1.309625,48.178,3.6193988853093204
3256.0,2.31901,2.097478,76.7926,4.086992,,8055,-1.449591,1.310028,48.1928,3.613963517725481
3257.0,2.31901,2.098122,76.8162,4.086992,,8056,-1.449591,1.31043,48.2076,3.6206517223927843
3258.0,2.31901,2.098767,76.8398,4.086992,,8057,-1.449405,1.310833,48.2224,3.636290639695056
3259.0,2.31901,2.099411,76.8634,4.086992,,8058,-1.449405,1.311235,48.2372,3.6317926242240857
3260.0,2.31901,2.100055,76.887,4.086992,,8059,-1.449219,1.311638,48.252,3.6165424282614342
3261.0,2.31901,2.100699,76.9106,4.086992,,8060,-1.449219,1.312041,48.2668,3.6233223163755386
3262.0,2.31901,2.101343,76.9341,4.086992,,8061,-1.449219,1.312443,48.2816,3.6049897373969246
3263.0,2.31901,2.101987,76.9577,4.086992,,8062,-1.449219,1.312846,48.2964,3.6231286292974896
3264.0,2.319197,2.102632,76.9813,4.086992,,8063,-1.449219,1.313248,48.3113,3.611903699377066
3265.0,2.319197,2.103276,77.0049,4.086992,,8064,-1.449219,1.313651,48.3261,3.612098188167334
3266.0,2.318825,2.10392,77.0285,4.087922,,8065,-1.449405,1.314053,48.3409,3.6145485447970165
3267.0,2.318825,2.104564,77.0521,4.087922,,8066,-1.449033,1.314456,48.3557,3.613091053377128
3268.0,2.318825,2.105208,77.0756,4.087922,,8067,-1.449033,1.314858,48.3705,3.604418008451742
3269.0,2.318825,2.105852,77.0992,4.089162,,8068,-1.449033,1.315261,48.3853,3.625097354081117
3270.0,2.318825,2.106496,77.1228,4.089162,,8069,-1.449033,1.315663,48.4001,3.62496867894934
3271.0,2.31901,2.107141,77.1464,4.090402,,8070,-1.449033,1.316066,48.4149,3.6102132168042114
3272.0,2.31901,2.107785,77.17,4.090402,,8071,-1.449033,1.316468,48.4297,3.622305005901834
3273.0,2.31901,2.108429,77.1936,4.091332,,8072,-1.449033,1.316871,48.4445,3.6160419462690605
3274.0,2.31901,2.109073,77.2171,4.091332,,8073,-1.449033,1.317273,48.4593,3.6017206364625416
3275.0,2.31901,2.109717,77.2407,4.091332,,8074,-1.449219,1.317676,48.4741,3.620903570709404
3276.0,2.31901,2.110361,77.2643,4.091332,,8075,-1.449219,1.318079,48.489,3.623334993003844
3277.0,2.318825,2.111006,77.2879,4.091332,,8076,-1.449033,1.318481,48.5038,3.6177812696158633
3278.0,2.318825,2.11165,77.3115,4.091332,,8077,-1.449033,1.318884,48.5186,3.603479152754203
3279.0,2.31901,2.112294,77.3351,4.091642,,8078,-1.449219,1.319286,48.5334,3.6151708285287976
3280.0,2.318825,2.112938,77.3586,4.091642,,8079,-1.449219,1.319689,48.5482,3.611377102491035
3281.0,2.318825,2.113582,77.3822,4.091642,,8080,-1.449405,1.320091,48.563,3.620894344368889
3282.0,2.31901,2.114226,77.4058,4.091952,,8081,-1.449591,1.320494,48.5778,3.5956601386697904
3283.0,2.31901,2.11487,77.4294,4.091952,,8082,-1.449591,1.320897,48.5926,3.60290337173467
3284.0,2.318825,2.115515,77.453,4.092262,,8083,-1.449591,1.321299,48.6074,3.616218714209516
3285.0,2.318825,2.116159,77.4766,4.092262,,8084,-1.449591,1.321702,48.6222,3.600431142310253
3286.0,2.31901,2.116803,77.5002,4.093192,,8085,-1.449033,1.322105,48.6371,3.603125608815249
3287.0,2.31901,2.117447,77.5237,4.093192,,8086,-1.449033,1.322507,48.6519,3.6197744418826914
3288.0,2.318825,2.118091,77.5473,4.093502,,8087,-1.449033,1.32291,48.6667,3.5917675268561458
3289.0,2.318825,2.118735,77.5709,4.093502,,8088,-1.449033,1.323312,48.6815,3.6021959423919196
3290.0,2.318825,2.119379,77.5945,4.094122,,8089,-1.449219,1.323715,48.6963,3.62054001452463
3291.0,2.318825,2.120023,77.6181,4.094122,,8090,-1.449219,1.324117,48.7111,3.596575715955758
3292.0,2.318825,2.120668,77.6416,4.095672,,8091,-1.449219,1.32452,48.7259,3.6130541698661465
3293.0,2.31901,2.121312,77.6652,4.095672,,8092,-1.449219,1.324922,48.7407,3.625778507463121
3294.0,2.31901,2.121956,77.6888,4.095672,,8093,-1.449219,1.325325,48.7555,3.604660696334836
3295.0,2.31901,2.1226,77.7124,4.096602,,8094,-1.449591,1.325728,48.7703,3.6233533838072445
3296.0,2.31901,2.123244,77.736,4.096602,,8095,-1.449591,1.32613,48.7852,3.6168090501095502
3297.0,2.318825,2.123888,77.7596,4.096912,,8096,-1.449591,1.326533,48.8,3.6164118766108477
3298.0,2.318825,2.124532,77.7831,4.096912,,8097,-1.449591,1.326936,48.8148,3.6199809584479943
3299.0,2.318825,2.125177,77.8067,4.096912,,8098,-1.449405,1.327338,48.8296,3.6029919903098686
3300.0,2.318825,2.125821,77.8303,4.096912,,8099,-1.449405,1.327741,48.8444,3.623386054749075
3301.0,2.318825,2.126465,77.8539,4.096602,,8100,-1.449219,1.328143,48.8592,3.6160137235974896
3302.0,2.31901,2.127109,77.8775,4.096602,,8101,-1.449219,1.328546,48.874,3.6274591239664016
3303.0,2.31901,2.127753,77.9011,4.096602,,8102,-1.449219,1.328948,48.8888,3.6188128835630655
3304.0,2.31901,2.128397,77.9247,4.097222,,8103,-1.449219,1.329351,48.9036,3.622576790765909
3305.0,2.31901,2.129041,77.9482,4.097222,,8104,-1.449219,1.329754,48.9184,3.6253908034956437
3306.0,2.31901,2.129686,77.9718,4.097222,,8105,-1.449219,1.330156,48.9333,3.5991483647925406
3307.0,2.31901,2.13033,77.9954,4.097222,,8106,-1.449219,1.330559,48.9481,3.6219191524868632
3308.0,2.31901,2.130974,78.019,4.097532,,8107,-1.449405,1.330961,48.9629,3.5939422600257274
3309.0,2.31901,2.131618,78.0426,4.097532,,8108,-1.449405,1.331364,48.9777,3.5922360808349434
3310.0,2.318825,2.132262,78.0661,4.097842,,8109,-1.449405,1.331767,48.9925,3.6113281430685236
3311.0,2.318825,2.132906,78.0897,4.097842,,8110,-1.449405,1.332169,49.0073,3.609597387196364
3312.0,2.318825,2.133551,78.1133,4.098152,,8111,-1.449405,1.332572,49.0221,3.617901099502255
3313.0,2.318825,2.134195,78.1369,4.098152,,8112,-1.449405,1.332974,49.0369,3.616628586877098
3314.0,2.318825,2.134839,78.1605,4.100012,,8113,-1.449219,1.333377,49.0517,3.6199833311026626
3315.0,2.318825,2.135483,78.1841,4.100012,,8114,-1.449219,1.333779,49.0666,3.612965248145987
3316.0,2.318825,2.136127,78.2076,4.100322,,8115,-1.449219,1.334182,49.0814,3.6099119662041783
3317.0,2.31901,2.136771,78.2312,4.100322,,8116,-1.449219,1.334585,49.0962,3.6125522338831915
3318.0,2.31901,2.137415,78.2548,4.101253,,8117,-1.449405,1.334987,49.111,3.6072762042188797
3319.0,2.31901,2.13806,78.2784,4.101563,,8118,-1.449405,1.33539,49.1258,3.6097108712857615
3320.0,2.31901,2.138704,78.302,4.101563,,8119,-1.449405,1.335792,49.1406,3.5960266059361503
3321.0,2.31901,2.139348,78.3256,4.101563,,8120,-1.449591,1.336195,49.1554,3.622414467240059
3322.0,2.31901,2.139992,78.3491,4.101563,,8121,-1.449591,1.336598,49.1702,3.59777462904309
3323.0,2.31901,2.140636,78.3727,4.101563,,8122,-1.449591,1.337,49.185,3.614945274778354
3324.0,2.31901,2.14128,78.3963,4.101563,,8123,-1.449591,1.337403,49.1999,3.600364371046485
3325.0,2.319197,2.141925,78.4199,4.101563,,8124,-1.449219,1.337806,49.2147,3.597020440006959
3326.0,2.319197,2.142569,78.4435,4.101563,,8125,-1.449219,1.338208,49.2295,3.5955997744756933
3327.0,2.319197,2.143213,78.4671,4.102803,,8126,-1.449219,1.338611,49.2443,3.5999173949324224
3328.0,2.31901,2.143857,78.4907,4.102803,,8127,-1.449219,1.339013,49.2591,3.617331885788485
3329.0,2.31901,2.144501,78.5142,4.102803,,8128,-1.449219,1.339416,49.2739,3.618737741255208
3330.0,2.31901,2.145146,78.5378,4.104352,,8129,-1.449219,1.339818,49.2887,3.6051813598099915
3331.0,2.31901,2.14579,78.5614,4.104352,,8130,-1.449219,1.340221,49.3035,3.5926685774374083
3332.0,2.31901,2.146434,78.585,4.104352,,8131,-1.449219,1.340624,49.3183,3.593447112696682
3333.0,2.31901,2.147078,78.6086,4.104352,,8132,-1.449219,1.341026,49.3331,3.6188995234834134
3334.0,2.31901,2.147722,78.6322,4.105283,,8133,-1.449219,1.341429,49.3479,3.6148373766658333
3335.0,2.31901,2.148366,78.6558,4.105283,,8134,-1.449219,1.341831,49.3628,3.607409708175932
3336.0,2.31901,2.149011,78.6793,4.105903,,8135,-1.449033,1.342234,49.3776,3.6119176589041984
3337.0,2.31901,2.149655,78.7029,4.105903,,8136,-1.449033,1.342636,49.3924,3.5934534385515793
3338.0,2.31901,2.150299,78.7265,4.106523,,8137,-1.449219,1.343039,49.4072,3.6008140668456354
3339.0,2.31901,2.150943,78.7501,4.106523,,8138,-1.449219,1.343441,49.422,3.588023328084173
3340.0,2.31901,2.151587,78.7737,4.106833,,8139,-1.449591,1.343844,49.4368,3.6105984466583116
3341.0,2.31901,2.152231,78.7973,4.107143,,8140,-1.449591,1.344247,49.4516,3.590284819171725
3342.0,2.31901,2.152876,78.8208,4.107143,,8141,-1.449591,1.344649,49.4664,3.598467409522656
3343.0,2.31901,2.15352,78.8444,4.107453,,8142,-1.449591,1.345052,49.4812,3.618638586533288
3344.0,2.31901,2.154164,78.868,4.107453,,8143,-1.449591,1.345455,49.4961,3.594216336353733
3345.0,2.31901,2.154808,78.8916,4.107453,,8144,-1.449591,1.345857,49.5109,3.6153982931236808
3346.0,2.31901,2.155452,78.9152,4.107453,,8145,-1.449591,1.34626,49.5257,3.60166131511469
3347.0,2.31901,2.156096,78.9388,4.107453,,8146,-1.449591,1.346663,49.5405,3.6082140805215825
3348.0,2.31901,2.156741,78.9623,4.107453,,8147,-1.449591,1.347065,49.5553,3.604270088892293
3349.0,2.31901,2.157385,78.9859,4.108073,,8148,-1.449591,1.347468,49.5701,3.6175225171115244
3350.0,2.31901,2.158029,79.0095,4.108073,,8149,-1.449591,1.347871,49.5849,3.599058434399548
3351.0,2.31901,2.158673,79.0331,4.108383,,8150,-1.449591,1.348273,49.5997,3.598931669495075
3352.0,2.318825,2.159317,79.0567,4.108383,,8151,-1.449591,1.348676,49.6146,3.601326142293723
3353.0,2.318825,2.159961,79.0803,4.109623,,8152,-1.449405,1.349079,49.6294,3.613630013546974
3354.0,2.31901,2.160605,79.1038,4.109933,,8153,-1.449405,1.349481,49.6442,3.613806531549203
3355.0,2.31901,2.16125,79.1274,4.109933,,8154,-1.449405,1.349884,49.659,3.6149701035957493
3356.0,2.31901,2.161894,79.151,4.110243,,8155,-1.449405,1.350286,49.6738,3.6361193173220605
3357.0,2.31901,2.162538,79.1746,4.110243,,8156,-1.449591,1.350689,49.6886,3.5849163960285004
3358.0,2.319197,2.163182,79.1982,4.111173,,8157,-1.449591,1.351092,49.7034,3.6030766714985756
3359.0,2.319197,2.163826,79.2218,4.111173,,8158,-1.449777,1.351495,49.7182,3.605390433250825
3360.0,2.319197,2.164471,79.2454,4.111483,,8159,-1.449777,1.351897,49.7331,3.595367400912174
3361.0,2.319197,2.165115,79.2689,4.111483,,8160,-1.449777,1.3523,49.7479,3.5800513680123016
3362.0,2.31901,2.165759,79.2925,4.111483,,8161,-1.449777,1.352703,49.7627,3.6024693018140965
3363.0,2.31901,2.166403,79.3161,4.111483,,8162,-1.449591,1.353105,49.7775,3.6199130479395243
3364.0,2.318825,2.167048,79.3397,4.112103,,8163,-1.449405,1.353508,49.7923,3.6041686313980064
3365.0,2.318825,2.167691,79.3633,4.112103,,8164,-1.449405,1.353911,49.8071,3.6077234625145262
3366.0,2.318825,2.168336,79.3869,4.112103,,8165,-1.449405,1.354313,49.8219,3.6079212610571263
3367.0,2.31901,2.16898,79.4104,4.112413,,8166,-1.449405,1.354716,49.8368,3.600742973482578
3368.0,2.31901,2.169624,79.434,4.112413,,8167,-1.449219,1.355118,49.8516,3.603199676576463
3369.0,2.31901,2.170268,79.4576,4.112413,,8168,-1.449219,1.355521,49.8664,3.613487827054627
3370.0,2.31901,2.170912,79.4812,4.112413,,8169,-1.449405,1.355924,49.8812,3.6102877564291
3371.0,2.318825,2.171556,79.5048,4.113033,,8170,-1.449405,1.356326,49.896,3.5966710689502266
3372.0,2.318825,2.1722,79.5284,4.113033,,8171,-1.449219,1.356729,49.9108,3.5915439647155822
3373.0,2.318825,2.172845,79.5519,4.113343,,8172,-1.449219,1.357131,49.9256,3.5964212339531025
3374.0,2.318825,2.173489,79.5755,4.113343,,8173,-1.449219,1.357534,49.9404,3.5979961399061726
3375.0,2.31901,2.174133,79.5991,4.114583,,8174,-1.449219,1.357936,49.9552,3.5966087356064964
3376.0,2.31901,2.174777,79.6227,4.114583,,8175,-1.449219,1.358339,49.97,3.610838493665186
3377.0,2.31901,2.175421,79.6463,4.115823,,8176,-1.449219,1.358742,49.9848,3.606042259356641
3378.0,2.31901,2.176065,79.6699,4.115823,,8177,-1.449219,1.359144,49.9997,3.6120369209332357
3379.0,2.31901,2.17671,79.6935,4.115823,,8178,-1.449219,1.359547,50.0145,3.6085410183151727
3380.0,2.31901,2.177354,79.717,4.115823,,8179,-1.449219,1.359949,50.0293,3.608991675780859
3381.0,2.31901,2.177998,79.7406,4.116444,,8180,-1.449405,1.360352,50.0441,3.5954886510033015
3382.0,2.31901,2.178642,79.7642,4.117064,,8181,-1.449405,1.360754,50.0589,3.59352154975952
3383.0,2.31901,2.179286,79.7878,4.117064,,8182,-1.449219,1.361157,50.0737,3.611222170238332
3384.0,2.31901,2.17993,79.8114,4.117064,,8183,-1.449219,1.36156,50.0885,3.605445537932242
3385.0,2.31901,2.180575,79.835,4.117373,,8184,-1.449219,1.361962,50.1033,3.6078435345802817
3386.0,2.319197,2.181219,79.8585,4.117683,,8185,-1.449219,1.362365,50.1181,3.5997099488139814
3387.0,2.319197,2.181863,79.8821,4.117683,,8186,-1.449219,1.362767,50.1329,3.6102590901997798
3388.0,2.319197,2.182507,79.9057,4.117683,,8187,-1.449219,1.36317,50.1478,3.6013643776855115
3389.0,2.319197,2.183151,79.9293,4.117683,,8188,-1.449219,1.363572,50.1626,3.6150084156418494
3390.0,2.319197,2.183796,79.9529,4.118304,,8189,-1.449219,1.363975,50.1774,3.5852820647618864
3391.0,2.319197,2.18444,79.9765,4.118304,,8190,-1.449219,1.364377,50.1922,3.597971858374532
3392.0,2.319197,2.185084,80.0001,4.118304,,8191,-1.449219,1.36478,50.207,3.5998167774671765
3393.0,2.319197,2.185728,80.0236,4.118304,,8192,-1.449219,1.365183,50.2218,3.589745764730055
3394.0,2.319197,2.186373,80.0472,4.118924,,8193,-1.449219,1.365585,50.2366,3.5843478759789904
3395.0,2.319197,2.187017,80.0708,4.119853,,8194,-1.449219,1.365988,50.2514,3.604767275396143
3396.0,2.319197,2.187661,80.0944,4.119853,,8195,-1.449219,1.36639,50.2662,3.6194982543148355
3397.0,2.319197,2.188305,80.118,4.120474,,8196,-1.449219,1.366793,50.281,3.6049435813081216
3398.0,2.319197,2.18895,80.1416,4.120474,,8197,-1.449219,1.367195,50.2958,3.6078986892474103
3399.0,2.31901,2.189594,80.1652,4.122024,,8198,-1.449219,1.367598,50.3106,3.6127748341175754
3400.0,2.31901,2.190238,80.1887,4.122024,,8199,-1.449219,1.368001,50.3255,3.6052650863998754
3401.0,2.31901,2.190882,80.2123,4.122024,,8200,-1.449219,1.368403,50.3403,3.6034693021808644
3402.0,2.31901,2.191526,80.2359,4.122024,,8201,-1.449219,1.368806,50.3551,3.5879266834113164
3403.0,2.319197,2.19217,80.2595,4.122334,,8202,-1.449405,1.369208,50.3699,3.5848362122700994
3404.0,2.319197,2.192815,80.2831,4.122334,,8203,-1.449405,1.369611,50.3847,3.6034322259051312
3405.0,2.319383,2.193459,80.3067,4.122334,,8204,-1.449591,1.370014,50.3995,3.5940760773721423
3406.0,2.319197,2.194103,80.3303,4.122334,,8205,-1.449591,1.370416,50.4143,3.5997997280951117
3407.0,2.319197,2.194747,80.3538,4.122644,,8206,-1.449591,1.370819,50.4291,3.599863451136849
3408.0,2.31901,2.195391,80.3774,4.122644,,8207,-1.449591,1.371222,50.444,3.5944548232632427
3409.0,2.31901,2.196036,80.401,4.122644,,8208,-1.449405,1.371624,50.4588,3.603784681045926
3410.0,2.31901,2.19668,80.4246,4.122644,,8209,-1.449405,1.372027,50.4736,3.609453263417083
3411.0,2.31901,2.197324,80.4482,4.122644,,8210,-1.449405,1.372429,50.4884,3.5987771408135774
3412.0,2.318825,2.197968,80.4718,4.122954,,8211,-1.449405,1.372832,50.5032,3.5999771439187733
3413.0,2.318825,2.198612,80.4953,4.122954,,8212,-1.449405,1.373235,50.518,3.6099932594931157
3414.0,2.318825,2.199256,80.5189,4.125124,,8213,-1.449405,1.373637,50.5328,3.5865307565627376
3415.0,2.318825,2.1999,80.5425,4.125124,,8214,-1.449405,1.37404,50.5476,3.58878521870185
3416.0,2.31901,2.200545,80.5661,4.125434,,8215,-1.449405,1.374442,50.5624,3.580489817978629
3417.0,2.31901,2.201189,80.5897,4.125434,,8216,-1.449405,1.374845,50.5773,3.588070342978654
3418.0,2.31901,2.201833,80.6133,4.126364,,8217,-1.449405,1.375248,50.5921,3.5973858383367094
3419.0,2.31901,2.202477,80.6368,4.126674,,8218,-1.449405,1.37565,50.6069,3.6097239151850413
3420.0,2.31901,2.203121,80.6604,4.126674,,8219,-1.449405,1.376053,50.6217,3.605697592447108
3421.0,2.31901,2.203766,80.684,4.126674,,8220,-1.449405,1.376456,50.6365,3.5990715983948207
3422.0,2.31901,2.20441,80.7076,4.126674,,8221,-1.449405,1.376858,50.6513,3.592783557816181
3423.0,2.31901,2.205054,80.7312,4.126984,,8222,-1.449405,1.377261,50.6661,3.6046455087510876
3424.0,2.31901,2.205698,80.7548,4.126984,,8223,-1.449405,1.377663,50.6809,3.6106600121951007
3425.0,2.319197,2.206342,80.7784,4.127294,,8224,-1.449405,1.378066,50.6957,3.5972659476780042
3426.0,2.319197,2.206986,80.8019,4.127294,,8225,-1.449033,1.378469,50.7106,3.5892500224950186
3427.0,2.319197,2.207631,80.8255,4.127604,,8226,-1.449033,1.378871,50.7254,3.616813553117011
3428.0,2.319197,2.208275,80.8491,4.127604,,8227,-1.449219,1.379274,50.7402,3.598258173717805
3429.0,2.31901,2.208919,80.8727,4.127294,,8228,-1.449219,1.379676,50.755,3.5977694043555006
3430.0,2.31901,2.209563,80.8963,4.127294,,8229,-1.449219,1.380079,50.7698,3.6017186290052834
3431.0,2.31901,2.210207,80.9199,4.127914,,8230,-1.449219,1.380481,50.7846,3.59640226238019
3432.0,2.31901,2.210852,80.9435,4.127914,,8231,-1.449219,1.380884,50.7994,3.6026537268234735
3433.0,2.31901,2.211496,80.967,4.127914,,8232,-1.449219,1.381286,50.8142,3.5776589163350976
3434.0,2.31901,2.21214,80.9906,4.129774,,8233,-1.449219,1.381689,50.829,3.6110899113994037
3435.0,2.31901,2.212784,81.0142,4.129774,,8234,-1.449219,1.382091,50.8438,3.588782171171127
3436.0,2.31901,2.213428,81.0378,4.130394,,8235,-1.449219,1.382494,50.8586,3.590437174658084
3437.0,2.31901,2.214072,81.0614,4.130394,,8236,-1.449219,1.382897,50.8734,3.592704200316686
3438.0,2.31901,2.214717,81.085,4.130704,,8237,-1.449219,1.383299,50.8883,3.6012970432336626
3439.0,2.31901,2.215361,81.1085,4.130704,,8238,-1.449405,1.383702,50.9031,3.5944856748711107
3440.0,2.319197,2.216005,81.1321,4.131634,,8239,-1.449405,1.384104,50.9179,3.596328974912284
3441.0,2.319197,2.216649,81.1557,4.131634,,8240,-1.449405,1.384507,50.9327,3.6022796951755547
3442.0,2.319197,2.217294,81.1793,4.132255,,8241,-1.449405,1.38491,50.9475,3.571801947873781
3443.0,2.31901,2.217938,81.2029,4.132255,,8242,-1.449405,1.385312,50.9623,3.5865854912771487
3444.0,2.31901,2.218582,81.2265,4.132874,,8243,-1.449219,1.385715,50.9771,3.6025243191052727
3445.0,2.31901,2.219226,81.25,4.132874,,8244,-1.449219,1.386117,50.9919,3.591536386565153
3446.0,2.31901,2.21987,81.2736,4.132874,,8245,-1.449405,1.38652,51.0067,3.5849777047939373
3447.0,2.318825,2.220514,81.2972,4.132874,,8246,-1.449405,1.386923,51.0216,3.60480403135936
3448.0,2.318825,2.221158,81.3208,4.132874,,8247,-1.449405,1.387325,51.0364,3.59984935739596
3449.0,2.31901,2.221802,81.3444,4.133184,,8248,-1.449405,1.387728,51.0512,3.5900563956952594
3450.0,2.31901,2.222447,81.368,4.133184,,8249,-1.449405,1.38813,51.066,3.591611808946269
3451.0,2.31901,2.223091,81.3916,4.133494,,8250,-1.449405,1.388533,51.0808,3.5711977724980777
3452.0,2.31901,2.223735,81.4151,4.133494,,8251,-1.449219,1.388936,51.0956,3.5975907193061056
3453.0,2.31901,2.224379,81.4387,4.133805,,8252,-1.449219,1.389338,51.1104,3.599591150819422
3454.0,2.31901,2.225023,81.4623,4.133805,,8253,-1.449219,1.389741,51.1252,3.5949343786403443
3455.0,2.31901,2.225667,81.4859,4.134115,,8254,-1.449219,1.390143,51.14,3.588146582304226
3456.0,2.319197,2.226312,81.5095,4.134115,,8255,-1.449219,1.390546,51.1549,3.582652471564952
3457.0,2.319197,2.226956,81.5331,4.135664,,8256,-1.449219,1.390948,51.1697,3.5958808869899728
3458.0,2.31901,2.2276,81.5566,4.136285,,8257,-1.449219,1.391351,51.1845,3.594261743736842
3459.0,2.31901,2.228244,81.5802,4.136285,,8258,-1.449219,1.391753,51.1993,3.5871056403417474
3460.0,2.319197,2.228889,81.6038,4.137215,,8259,-1.449219,1.392156,51.2141,3.5879472112192476
3461.0,2.319197,2.229533,81.6274,4.137215,,8260,-1.449405,1.392559,51.2289,3.5939823438604255
3462.0,2.318825,2.230177,81.651,4.137525,,8261,-1.449405,1.392961,51.2437,3.6039606172255034
3463.0,2.318825,2.230821,81.6746,4.137525,,8262,-1.449405,1.393364,51.2585,3.6067768037667403
3464.0,2.31901,2.231465,81.6982,4.137525,,8263,-1.449405,1.393767,51.2733,3.58837571168366
3465.0,2.31901,2.232109,81.7217,4.137525,,8264,-1.449219,1.394169,51.2881,3.5660620254958593
3466.0,2.31901,2.232754,81.7453,4.137525,,8265,-1.449219,1.394572,51.3029,3.587181278691487
3467.0,2.319197,2.233398,81.7689,4.137525,,8266,-1.449219,1.394974,51.3178,3.59601554132642
3468.0,2.319197,2.234042,81.7925,4.138145,,8267,-1.449405,1.395377,51.3326,3.5960485989561777
3469.0,2.319197,2.234686,81.8161,4.138145,,8268,-1.449405,1.395779,51.3474,3.5752019268607933
3470.0,2.319197,2.23533,81.8397,4.138145,,8269,-1.449591,1.396182,51.3622,3.6017248052610564
3471.0,2.319197,2.235975,81.8633,4.139385,,8270,-1.449591,1.396585,51.377,3.5961905872639224
3472.0,2.319197,2.236619,81.8868,4.139385,,8271,-1.449405,1.396987,51.3918,3.596545921380938
3473.0,2.318825,2.237263,81.9104,4.139695,,8272,-1.449405,1.39739,51.4066,3.586782886078555
3474.0,2.318825,2.237907,81.934,4.139695,,8273,-1.449219,1.397792,51.4214,3.5725187143142225
3475.0,2.319197,2.238551,81.9576,4.141555,,8274,-1.449219,1.398195,51.4362,3.5895986916913727
3476.0,2.319197,2.239196,81.9812,4.141555,,8275,-1.449219,1.398598,51.4511,3.5865725490080345
3477.0,2.318825,2.23984,82.0048,4.142175,,8276,-1.449219,1.399,51.4659,3.5940478808805456
3478.0,2.318825,2.240484,82.0283,4.142175,,8277,-1.449219,1.399403,51.4807,3.593630479876594
3479.0,2.31901,2.241128,82.0519,4.142485,,8278,-1.449219,1.399805,51.4955,3.583800510301252
3480.0,2.31901,2.241772,82.0755,4.142795,,8279,-1.449219,1.400208,51.5103,3.6008644179152145
3481.0,2.31901,2.242416,82.0991,4.142795,,8280,-1.449219,1.40061,51.5251,3.5935507416917116
3482.0,2.319197,2.243061,82.1227,4.142795,,8281,-1.449219,1.401013,51.5399,3.5796799887511064
3483.0,2.319197,2.243705,82.1463,4.142795,,8282,-1.449591,1.401416,51.5547,3.5902779579229476
3484.0,2.319197,2.244349,82.1699,4.142795,,8283,-1.449591,1.401818,51.5695,3.5903945354397067
3485.0,2.319197,2.244993,82.1934,4.142795,,8284,-1.449591,1.402221,51.5843,3.5889795248578644
3486.0,2.319197,2.245637,82.217,4.143105,,8285,-1.449591,1.402624,51.5992,3.6138541411555867
3487.0,2.319197,2.246282,82.2406,4.143105,,8286,-1.449405,1.403026,51.614,3.591385397074141
3488.0,2.31901,2.246926,82.2642,4.143105,,8287,-1.449405,1.403429,51.6288,3.5823532527984656
3489.0,2.31901,2.24757,82.2878,4.143105,,8288,-1.449405,1.403831,51.6436,3.592823613516582
3490.0,2.31901,2.248214,82.3114,4.143105,,8289,-1.449405,1.404234,51.6584,3.600883487947149
3491.0,2.31901,2.248858,82.3349,4.143105,,8290,-1.449405,1.404637,51.6732,3.591319621386802
3492.0,2.31901,2.249502,82.3585,4.143725,,8291,-1.449405,1.405039,51.688,3.5845552932403506
3493.0,2.31901,2.250147,82.3821,4.143725,,8292,-1.449405,1.405442,51.7028,3.592884158388184
3494.0,2.31901,2.250791,82.4057,4.143725,,8293,-1.449219,1.405844,51.7176,3.588120347629194
3495.0,2.319197,2.251435,82.4293,4.144345,,8294,-1.449219,1.406247,51.7325,3.5885912199411565
3496.0,2.319197,2.252079,82.4529,4.144345,,8295,-1.449219,1.40665,51.7473,3.599917186690305
3497.0,2.31901,2.252723,82.4765,4.144965,,8296,-1.449219,1.407052,51.7621,3.5994762649697183
3498.0,2.31901,2.253368,82.5,4.144965,,8297,-1.449219,1.407455,51.7769,3.5874724166266185
3499.0,2.31901,2.254012,82.5236,4.145586,,8298,-1.449219,1.407857,51.7917,3.5877769935442223
3500.0,2.31901,2.254656,82.5472,4.145586,,8299,-1.449405,1.40826,51.8065,3.6024040855156585
3501.0,2.31901,2.2553,82.5708,4.145895,,8300,-1.449405,1.408663,51.8213,3.5826195039453315
3502.0,2.31901,2.255944,82.5944,4.145895,,8301,-1.449219,1.409065,51.8361,3.581008679168033
3503.0,2.31901,2.256588,82.618,4.146205,,8302,-1.449219,1.409468,51.8509,3.5875808164889746
3504.0,2.319197,2.257233,82.6415,4.146205,,8303,-1.449405,1.40987,51.8657,3.577521738180738
3505.0,2.319197,2.257877,82.6651,4.146205,,8304,-1.449405,1.410273,51.8806,3.5876077931003785
3506.0,2.319197,2.258521,82.6887,4.146825,,8305,-1.449405,1.410676,51.8954,3.5785738976636177
3507.0,2.319197,2.259165,82.7123,4.146825,,8306,-1.449405,1.411078,51.9102,3.588937366253975
3508.0,2.319197,2.259809,82.7359,4.146825,,8307,-1.449405,1.411481,51.925,3.58647239569419
3509.0,2.319197,2.260454,82.7595,4.146825,,8308,-1.449405,1.411883,51.9398,3.592118369347385
3510.0,2.319197,2.261098,82.7831,4.148066,,8309,-1.449405,1.412286,51.9546,3.5774054579651353
3511.0,2.319197,2.261742,82.8066,4.148066,,8310,-1.449405,1.412688,51.9694,3.597115861654828
3512.0,2.31901,2.262386,82.8302,4.148995,,8311,-1.449405,1.413091,51.9842,3.589159089814294
3513.0,2.31901,2.263031,82.8538,4.148995,,8312,-1.449405,1.413494,51.999,3.5874750736287724
3514.0,2.319197,2.263675,82.8774,4.149616,,8313,-1.449405,1.413896,52.0139,3.5849661041058125
3515.0,2.319197,2.264319,82.901,4.149616,,8314,-1.449405,1.414299,52.0287,3.6136777207859208
3516.0,2.31901,2.264963,82.9246,4.150236,,8315,-1.449405,1.414702,52.0435,3.586520800432228
3517.0,2.31901,2.265607,82.9482,4.150236,,8316,-1.449405,1.415104,52.0583,3.591085405869405
3518.0,2.31901,2.266252,82.9717,4.150546,,8317,-1.449405,1.415507,52.0731,3.59840526490379
3519.0,2.31901,2.266896,82.9953,4.150546,,8318,-1.449405,1.415909,52.0879,3.589270680152363
3520.0,2.31901,2.26754,83.0189,4.151476,,8319,-1.449405,1.416312,52.1027,3.584285217843135
3521.0,2.31901,2.268184,83.0425,4.151476,,8320,-1.449405,1.416715,52.1175,3.5681045912493685
3522.0,2.31901,2.268828,83.0661,4.151476,,8321,-1.449219,1.417117,52.1323,3.584613703798984
3523.0,2.319197,2.269472,83.0897,4.152096,,8322,-1.449219,1.41752,52.1472,3.5911663896758683
3524.0,2.319197,2.270117,83.1133,4.152096,,8323,-1.449219,1.417922,52.162,3.5951709085137895
3525.0,2.319197,2.270761,83.1368,4.153026,,8324,-1.449219,1.418325,52.1768,3.5831163560749997
3526.0,2.319197,2.271405,83.1604,4.153026,,8325,-1.449405,1.418728,52.1916,3.595792982916855
3527.0,2.31901,2.272049,83.184,4.153336,,8326,-1.449405,1.41913,52.2064,3.5828357762200347
3528.0,2.31901,2.272693,83.2076,4.153336,,8327,-1.449405,1.419533,52.2212,3.6143333966361055
3529.0,2.31901,2.273338,83.2312,4.153956,,8328,-1.449405,1.419935,52.236,3.565765932118229
3530.0,2.31901,2.273982,83.2548,4.153956,,8329,-1.449405,1.420338,52.2508,3.593912914154636
3531.0,2.31901,2.274626,83.2783,4.153956,,8330,-1.449405,1.420741,52.2656,3.587217782974688
3532.0,2.319197,2.27527,83.3019,4.153956,,8331,-1.449405,1.421143,52.2805,3.586540294769143
3533.0,2.319197,2.275914,83.3255,4.153956,,8332,-1.449591,1.421546,52.2953,3.596291411476876
3534.0,2.319383,2.276559,83.3491,4.154266,,8333,-1.449591,1.421949,52.3101,3.582627145781933
3535.0,2.319383,2.277203,83.3727,4.154266,,8334,-1.449591,1.422351,52.3249,3.590254685443198
3536.0,2.319383,2.277847,83.3963,4.154886,,8335,-1.449591,1.422754,52.3397,3.5738511426748225
3537.0,2.319383,2.278491,83.4199,4.154886,,8336,-1.449591,1.423156,52.3545,3.5825504620460387
3538.0,2.31901,2.279136,83.4435,4.155196,,8337,-1.449591,1.423559,52.3693,3.5803917423225844
3539.0,2.31901,2.27978,83.467,4.155196,,8338,-1.449405,1.423962,52.3841,3.5963651021430114
3540.0,2.31901,2.280424,83.4906,4.156746,,8339,-1.449405,1.424364,52.399,3.594137855978781
3541.0,2.31901,2.281068,83.5142,4.156746,,8340,-1.449405,1.424767,52.4138,3.590220453974532
3542.0,2.319197,2.281712,83.5378,4.157366,,8341,-1.449405,1.42517,52.4286,3.5808322424881864
3543.0,2.319197,2.282357,83.5614,4.157366,,8342,-1.449219,1.425572,52.4434,3.5792261801162613
3544.0,2.319197,2.283001,83.585,4.157676,,8343,-1.449405,1.425975,52.4582,3.574538985372833
3545.0,2.319197,2.283645,83.6086,4.157676,,8344,-1.449405,1.426377,52.473,3.578764379966751
3546.0,2.319197,2.284289,83.6321,4.158296,,8345,-1.449219,1.42678,52.4878,3.5887440685710383
3547.0,2.319197,2.284933,83.6557,4.158606,,8346,-1.449219,1.427183,52.5026,3.600174962878087
3548.0,2.319197,2.285578,83.6793,4.158606,,8347,-1.449405,1.427585,52.5174,3.5905358196905146
3549.0,2.319197,2.286222,83.7029,4.158916,,8348,-1.449405,1.427988,52.5322,3.5862544282907236
3550.0,2.319197,2.286866,83.7265,4.158916,,8349,-1.449591,1.42839,52.5471,3.559349415642717
3551.0,2.319383,2.28751,83.7501,4.159226,,8350,-1.449591,1.428793,52.5619,3.5915697004631615
3552.0,2.319383,2.288155,83.7737,4.159226,,8351,-1.449591,1.429196,52.5767,3.5871412409499657
3553.0,2.319197,2.288799,83.7972,4.159226,,8352,-1.449591,1.429598,52.5915,3.588349122688378
3554.0,2.319197,2.289443,83.8208,4.159226,,8353,-1.449219,1.430001,52.6063,3.581966464722764
3555.0,2.319197,2.290087,83.8444,4.160466,,8354,-1.449219,1.430404,52.6211,3.579306243467683
3556.0,2.319197,2.290731,83.868,4.160466,,8355,-1.449219,1.430806,52.6359,3.570980154752637
3557.0,2.319197,2.291376,83.8916,4.160776,,8356,-1.449219,1.431209,52.6507,3.572430059629748
3558.0,2.319197,2.29202,83.9152,4.160776,,8357,-1.449219,1.431611,52.6655,3.57760436864034
3559.0,2.319197,2.292664,83.9388,4.161397,,8358,-1.449219,1.432014,52.6804,3.5851487769340857
3560.0,2.319197,2.293308,83.9624,4.161397,,8359,-1.449219,1.432416,52.6952,3.5752540914551765
3561.0,2.319197,2.293953,83.9859,4.161397,,8360,-1.449219,1.432819,52.71,3.57040690813753
3562.0,2.319197,2.294597,84.0095,4.162326,,8361,-1.449219,1.433221,52.7248,3.580949742678574
3563.0,2.319197,2.295241,84.0331,4.162326,,8362,-1.449219,1.433624,52.7396,3.5853885044800022
3564.0,2.319197,2.295885,84.0567,4.163257,,8363,-1.449219,1.434027,52.7544,3.590179922692228
3565.0,2.319197,2.29653,84.0803,4.163257,,8364,-1.449591,1.434429,52.7692,3.581444355125602
3566.0,2.318825,2.297174,84.1039,4.163257,,8365,-1.449591,1.434832,52.784,3.5826344834149033
3567.0,2.318825,2.297818,84.1274,4.163257,,8366,-1.449033,1.435234,52.7988,3.5660288909377367
3568.0,2.318825,2.298462,84.151,4.163567,,8367,-1.449033,1.435637,52.8136,3.583043094515425
3569.0,2.318825,2.299106,84.1746,4.163567,,8368,-1.449033,1.436039,52.8284,3.584077388877992
3570.0,2.31901,2.29975,84.1982,4.164496,,8369,-1.449033,1.436442,52.8433,3.581438703443224
3571.0,2.31901,2.300394,84.2218,4.164496,,8370,-1.449033,1.436844,52.8581,3.5702570517597834
3572.0,2.31901,2.301039,84.2454,4.165117,,8371,-1.449033,1.437247,52.8729,3.5738440414554162
3573.0,2.31901,2.301683,84.269,4.165117,,8372,-1.449405,1.43765,52.8877,3.5780746446409064
3574.0,2.31901,2.302327,84.2925,4.165427,,8373,-1.449405,1.438052,52.9025,3.579224158324464
3575.0,2.31901,2.302971,84.3161,4.166667,,8374,-1.449405,1.438455,52.9173,3.589422922417086
3576.0,2.31901,2.303615,84.3397,4.166667,,8375,-1.449405,1.438857,52.9321,3.566363209135333
3577.0,2.31901,2.304259,84.3633,4.166976,,8376,-1.449405,1.43926,52.9469,3.6002454337364678
3578.0,2.31901,2.304904,84.3869,4.166976,,8377,-1.449591,1.439663,52.9617,3.5682681578523554
3579.0,2.31901,2.305548,84.4105,4.167597,,8378,-1.449591,1.440065,52.9766,3.5846094627892264
3580.0,2.31901,2.306192,84.434,4.167597,,8379,-1.449405,1.440468,52.9914,3.587080172897423
3581.0,2.31901,2.306836,84.4576,4.167597,,8380,-1.449405,1.440871,53.0062,3.5837608528549456
3582.0,2.31901,2.30748,84.4812,4.167597,,8381,-1.449591,1.441273,53.021,3.573518402409987
3583.0,2.31901,2.308124,84.5048,4.167907,,8382,-1.449591,1.441676,53.0358,3.5959571112549007
3584.0,2.31901,2.308769,84.5284,4.167907,,8383,-1.449591,1.442079,53.0506,3.5800425353189063
3585.0,2.31901,2.309413,84.552,4.167907,,8384,-1.449591,1.442481,53.0654,3.560777203824516
3586.0,2.31901,2.310057,84.5755,4.167907,,8385,-1.449591,1.442884,53.0802,3.570282845976713
3587.0,2.31901,2.310701,84.5991,4.167907,,8386,-1.449591,1.443287,53.0951,3.574579878596926
3588.0,2.31901,2.311345,84.6227,4.168217,,8387,-1.449591,1.443689,53.1099,3.6030746104941738
3589.0,2.31901,2.311989,84.6463,4.168217,,8388,-1.449591,1.444092,53.1247,3.5805532953391856
3590.0,2.31901,2.312634,84.6699,4.169147,,8389,-1.449591,1.444495,53.1395,3.5949443863524864
3591.0,2.31901,2.313278,84.6935,4.169147,,8390,-1.449405,1.444897,53.1543,3.566835552705441
3592.0,2.318825,2.313922,84.717,4.169147,,8391,-1.449405,1.4453,53.1691,3.5809723295358697
3593.0,2.318825,2.314566,84.7406,4.169147,,8392,-1.449405,1.445702,53.1839,3.588234540733888
3594.0,2.318825,2.31521,84.7642,4.169457,,8393,-1.449405,1.446105,53.1987,3.5685922329933097
3595.0,2.318825,2.315854,84.7878,4.169457,,8394,-1.449405,1.446508,53.2136,3.591639668136649
3596.0,2.319197,2.316499,84.8114,4.169457,,8395,-1.449405,1.44691,53.2284,3.562072638502023
3597.0,2.319197,2.317143,84.835,4.169767,,8396,-1.449219,1.447313,53.2432,3.5760755287385417
3598.0,2.319197,2.317787,84.8586,4.169767,,8397,-1.449219,1.447715,53.258,3.5925008978734008
3599.0,2.319197,2.318431,84.8821,4.169767,,8398,-1.449405,1.448118,53.2728,3.5855645716845457
3600.0,2.319197,2.319075,84.9057,4.169767,,8399,-1.449405,1.448521,53.2876,3.555523730031142
3601.0,2.31901,2.31972,84.9293,4.171007,,8400,-1.449219,1.448923,53.3024,3.571522861837036
3602.0,2.31901,2.320364,84.9529,4.171007,,8401,-1.449219,1.449326,53.3172,3.582276357703603
3603.0,2.31901,2.321008,84.9765,4.171317,,8402,-1.449033,1.449728,53.332,3.569958855751042
3604.0,2.31901,2.321652,85.0001,4.171317,,8403,-1.449033,1.450131,53.3468,3.56698970140788
3605.0,2.31901,2.322296,85.0236,4.173487,,8404,-1.449033,1.450533,53.3616,3.5757748724328926
3606.0,2.31901,2.32294,85.0472,4.173487,,8405,-1.449591,1.450936,53.3765,3.580305670231852
3607.0,2.31901,2.323585,85.0708,4.173487,,8406,-1.449591,1.451339,53.3913,3.5596952915161957
3608.0,2.31901,2.324229,85.0944,4.173487,,8407,-1.449591,1.451741,53.4061,3.5639571421455947
3609.0,2.31901,2.324873,85.118,4.173797,,8408,-1.449591,1.452144,53.4209,3.571435750198632
3610.0,2.31901,2.325517,85.1416,4.173797,,8409,-1.449405,1.452546,53.4357,3.5670724084925642
3611.0,2.31901,2.326161,85.1652,4.174417,,8410,-1.449405,1.452949,53.4505,3.5860668705630117
3612.0,2.31901,2.326805,85.1887,4.174417,,8411,-1.449405,1.453352,53.4653,3.569351455954505
3613.0,2.31901,2.32745,85.2123,4.174417,,8412,-1.449405,1.453754,53.4801,3.582875561355139
3614.0,2.31901,2.328094,85.2359,4.174417,,8413,-1.449405,1.454157,53.4949,3.5648172446493938
3615.0,2.31901,2.328738,85.2595,4.174417,,8414,-1.449405,1.45456,53.5098,3.5877747964402626
3616.0,2.31901,2.329382,85.2831,4.174727,,8415,-1.449405,1.454962,53.5246,3.5714910574081045
3617.0,2.31901,2.330026,85.3067,4.174727,,8416,-1.449405,1.455365,53.5394,3.5788051438553588
3618.0,2.31901,2.33067,85.3302,4.174727,,8417,-1.449405,1.455767,53.5542,3.5686331476804702
3619.0,2.31901,2.331315,85.3538,4.174727,,8418,-1.449405,1.45617,53.569,3.575992297618207
3620.0,2.31901,2.331959,85.3774,4.176277,,8419,-1.449405,1.456573,53.5838,3.5755637100256967
3621.0,2.31901,2.332603,85.401,4.177517,,8420,-1.449405,1.456975,53.5986,3.5775209621031183
3622.0,2.31901,2.333247,85.4246,4.177517,,8421,-1.449405,1.457378,53.6134,3.5707717948770257
3623.0,2.319197,2.333891,85.4482,4.177827,,8422,-1.449219,1.45778,53.6283,3.556289534758051
3624.0,2.319197,2.334535,85.4717,4.177827,,8423,-1.449219,1.458183,53.6431,3.571871689270069
3625.0,2.319197,2.33518,85.4953,4.178758,,8424,-1.449405,1.458586,53.6579,3.5779859929725433
3626.0,2.319197,2.335824,85.5189,4.178758,,8425,-1.449405,1.458988,53.6727,3.589682291281544
3627.0,2.31901,2.336468,85.5425,4.179068,,8426,-1.449405,1.459391,53.6875,3.586426154967479
3628.0,2.31901,2.337112,85.5661,4.179068,,8427,-1.449405,1.459793,53.7023,3.5526830781981573
3629.0,2.31901,2.337756,85.5897,4.179068,,8428,-1.449405,1.460196,53.7171,3.5729309598979664
3630.0,2.31901,2.338401,85.6133,4.179068,,8429,-1.449405,1.460599,53.7319,3.5698522075933123
3631.0,2.31901,2.339045,85.6368,4.179068,,8430,-1.449405,1.461001,53.7467,3.5601910707354207
3632.0,2.31901,2.339689,85.6604,4.179068,,8431,-1.449405,1.461404,53.7615,3.573899114694933
3633.0,2.31901,2.340333,85.684,4.179068,,8432,-1.449591,1.461807,53.7764,3.566014444090015
3634.0,2.31901,2.340977,85.7076,4.179068,,8433,-1.449591,1.462209,53.7912,3.580818284602437
3635.0,2.31901,2.341621,85.7312,4.179068,,8434,-1.449591,1.462612,53.806,3.567972825213417
3636.0,2.31901,2.342266,85.7548,4.179378,,8435,-1.449405,1.463014,53.8208,3.560417925392436
3637.0,2.31901,2.34291,85.7784,4.179378,,8436,-1.449405,1.463417,53.8356,3.572646078678204
3638.0,2.31901,2.343554,85.8019,4.180617,,8437,-1.449219,1.46382,53.8504,3.569252763312709
3639.0,2.31901,2.344198,85.8255,4.180617,,8438,-1.449219,1.464222,53.8652,3.5639155785712227
3640.0,2.31901,2.344842,85.8491,4.181548,,8439,-1.449219,1.464625,53.88,3.565329159429486
3641.0,2.31901,2.345486,85.8727,4.181548,,8440,-1.449219,1.465027,53.8948,3.538084963497767
3642.0,2.31901,2.346131,85.8963,4.182788,,8441,-1.449219,1.46543,53.9097,3.5742339645937964
3643.0,2.31901,2.346775,85.9199,4.182788,,8442,-1.449219,1.465832,53.9245,3.5714925393538772
3644.0,2.31901,2.347419,85.9434,4.183408,,8443,-1.449219,1.466235,53.9393,3.577960712003421
3645.0,2.319197,2.348063,85.967,4.183408,,8444,-1.449219,1.466638,53.9541,3.5689460702677023
3646.0,2.319197,2.348707,85.9906,4.183718,,8445,-1.449219,1.46704,53.9689,3.5699839891313423
3647.0,2.318825,2.349351,86.0142,4.183718,,8446,-1.449219,1.467443,53.9837,3.5866885772858526
3648.0,2.318825,2.349996,86.0378,4.183718,,8447,-1.449219,1.467845,53.9985,3.582814878964022
3649.0,2.31901,2.35064,86.0614,4.184028,,8448,-1.449405,1.468248,54.0133,3.572474642886074
3650.0,2.31901,2.351284,86.0849,4.184028,,8449,-1.449405,1.46865,54.0281,3.568049738015171
3651.0,2.318825,2.351928,86.1085,4.184028,,8450,-1.449405,1.469053,54.0429,3.562483068970241
3652.0,2.318825,2.352572,86.1321,4.184028,,8451,-1.449405,1.469456,54.0578,3.5757342224281894
3653.0,2.31901,2.353216,86.1557,4.184028,,8452,-1.449405,1.469858,54.0726,3.5660901356920145
3654.0,2.31901,2.353861,86.1793,4.184028,,8453,-1.449405,1.470261,54.0874,3.573095370396377
3655.0,2.318825,2.354505,86.2029,4.184338,,8454,-1.449405,1.470664,54.1022,3.583292180639637
3656.0,2.318825,2.355149,86.2264,4.184338,,8455,-1.449405,1.471066,54.117,3.5802132128809867
3657.0,2.319197,2.355793,86.25,4.185268,,8456,-1.449405,1.471469,54.1318,3.570913651944605
3658.0,2.319197,2.356437,86.2736,4.185268,,8457,-1.449405,1.471871,54.1466,3.5659476423278424
3659.0,2.319197,2.357081,86.2972,4.185578,,8458,-1.449405,1.472274,54.1614,3.585697230780725
3660.0,2.319197,2.357726,86.3208,4.186818,,8459,-1.449405,1.472677,54.1762,3.558486680552076
3661.0,2.319197,2.35837,86.3444,4.186818,,8460,-1.449405,1.473079,54.1911,3.572756222569168
3662.0,2.31901,2.359014,86.368,4.187128,,8461,-1.449219,1.473482,54.2059,3.5837698091530044
3663.0,2.31901,2.359658,86.3915,4.187128,,8462,-1.449219,1.473884,54.2207,3.5630857788069656
3664.0,2.31901,2.360302,86.4151,4.187748,,8463,-1.449219,1.474287,54.2355,3.588937561107814
3665.0,2.31901,2.360947,86.4387,4.187748,,8464,-1.449219,1.474689,54.2503,3.575631462333151
3666.0,2.31901,2.361591,86.4623,4.188058,,8465,-1.449405,1.475092,54.2651,3.578074338504977
3667.0,2.31901,2.362235,86.4859,4.188058,,8466,-1.449405,1.475495,54.2799,3.5763616216127416
3668.0,2.318825,2.362879,86.5095,4.188678,,8467,-1.449405,1.475897,54.2947,3.576083774046721
3669.0,2.318825,2.363523,86.5331,4.188678,,8468,-1.449405,1.4763,54.3095,3.5541237367045624
3670.0,2.318825,2.364167,86.5566,4.188988,,8469,-1.449405,1.476703,54.3243,3.579394399632176
3671.0,2.318825,2.364811,86.5802,4.188988,,8470,-1.449405,1.477105,54.3392,3.5821320978488043
3672.0,2.318825,2.365455,86.6038,4.188988,,8471,-1.449405,1.477508,54.354,3.5642037332576186
3673.0,2.318825,2.3661,86.6274,4.189608,,8472,-1.449405,1.47791,54.3688,3.5715226197117556
3674.0,2.318825,2.366744,86.651,4.189608,,8473,-1.449405,1.478313,54.3836,3.5797511703780773
3675.0,2.318825,2.367388,86.6745,4.189608,,8474,-1.449405,1.478716,54.3984,3.5554624049933343
3676.0,2.318825,2.368032,86.6981,4.189608,,8475,-1.449405,1.479118,54.4132,3.574649583324641
3677.0,2.318825,2.368676,86.7217,4.190228,,8476,-1.449405,1.479521,54.428,3.5735556668706243
3678.0,2.318825,2.36932,86.7453,4.190228,,8477,-1.449405,1.479923,54.4428,3.5831998245887595
3679.0,2.318825,2.369964,86.7689,4.191158,,8478,-1.449405,1.480326,54.4576,3.567692015204578
3680.0,2.318825,2.370608,86.7924,4.191158,,8479,-1.449405,1.480729,54.4725,3.571340820560352
3681.0,2.31901,2.371253,86.816,4.192088,,8480,-1.449405,1.481131,54.4873,3.582349906835662
3682.0,2.318825,2.371897,86.8396,4.192708,,8481,-1.449405,1.481534,54.5021,3.5492534988732283
3683.0,2.318825,2.372541,86.8632,4.192708,,8482,-1.449405,1.481936,54.5169,3.5677973274008967
3684.0,2.319197,2.373185,86.8868,4.193328,,8483,-1.449405,1.482339,54.5317,3.574169426504414
3685.0,2.319197,2.373829,86.9104,4.193328,,8484,-1.449405,1.482742,54.5465,3.554546546872063
3686.0,2.319383,2.374474,86.934,4.193948,,8485,-1.449405,1.483144,54.5613,3.5775566393040035
3687.0,2.319383,2.375118,86.9575,4.193948,,8486,-1.449405,1.483547,54.5761,3.6133556980860035
3688.0,2.319383,2.375762,86.9811,4.194258,,8487,-1.449405,1.48395,54.5909,3.559497560008232
3689.0,2.319383,2.376406,87.0047,4.194258,,8488,-1.449405,1.484352,54.6058,3.564907473461893
3690.0,2.319383,2.377051,87.0283,4.194258,,8489,-1.449405,1.484755,54.6206,3.5609330577729534
3691.0,2.319383,2.377695,87.0519,4.194258,,8490,-1.449405,1.485157,54.6354,3.570254413267074
3692.0,2.319197,2.378339,87.0755,4.194258,,8491,-1.449405,1.48556,54.6502,3.5605687383285662
3693.0,2.319197,2.378983,87.0991,4.194258,,8492,-1.449405,1.485963,54.665,3.5636093018336052
3694.0,2.31901,2.379627,87.1227,4.194569,,8493,-1.449405,1.486365,54.6798,3.576938789788452
3695.0,2.31901,2.380272,87.1462,4.194569,,8494,-1.449405,1.486768,54.6946,3.5504460806159113
3696.0,2.31901,2.380916,87.1698,4.194879,,8495,-1.449405,1.48717,54.7094,3.5773824825176446
3697.0,2.31901,2.38156,87.1934,4.194879,,8496,-1.449033,1.487573,54.7242,3.5640396924227606
3698.0,2.31901,2.382204,87.217,4.195498,,8497,-1.449033,1.487975,54.7391,3.569029119017085
3699.0,2.318825,2.382848,87.2406,4.195498,,8498,-1.449219,1.488378,54.7539,3.570841556130034
3700.0,2.318825,2.383492,87.2642,4.196118,,8499,-1.449219,1.488781,54.7687,3.572574411213518
3701.0,2.318825,2.384137,87.2877,4.196739,,8500,-1.449219,1.489183,54.7835,3.5715459100492803
3702.0,2.318825,2.384781,87.3113,4.196739,,8501,-1.449219,1.489586,54.7983,3.586223848246119
3703.0,2.319197,2.385425,87.3349,4.197359,,8502,-1.449219,1.489988,54.8131,3.5632745754070836
3704.0,2.319197,2.386069,87.3585,4.197359,,8503,-1.449405,1.490391,54.8279,3.5756714065920088
3705.0,2.319197,2.386713,87.3821,4.198599,,8504,-1.449405,1.490793,54.8427,3.574651607355795
3706.0,2.319197,2.387357,87.4057,4.198599,,8505,-1.449405,1.491196,54.8575,3.5686958949116017
3707.0,2.318825,2.388002,87.4293,4.198599,,8506,-1.449405,1.491599,54.8723,3.5570605206388306
3708.0,2.318825,2.388646,87.4528,4.198599,,8507,-1.449033,1.492001,54.8871,3.558030391630722
3709.0,2.318825,2.38929,87.4764,4.199219,,8508,-1.449033,1.492404,54.902,3.5534152663812337
3710.0,2.318825,2.389934,87.5,4.199219,,8509,-1.449033,1.492806,54.9168,3.572432695321003
3710.0,2.318825,2.389934,87.5,4.200149,,8510,-1.449033,1.493209,54.9316,3.5713625121361123
3710.0,2.287575,2.389934,87.5,4.200769,,8511,-1.449219,1.493611,54.9464,3.5632614719378806
3716.0,2.287575,2.393747,87.6396,4.200769,,8512,-1.449219,1.494014,54.9612,3.566485968387521
3717.0,2.287575,2.394382,87.6628,4.200769,,8513,-1.449405,1.494416,54.976,3.544225668482929
3718.0,2.287575,2.395018,87.6861,4.200769,,8514,-1.449405,1.494819,54.9908,3.5505442002024337
3719.0,2.287575,2.395653,87.7094,4.200769,,8515,-1.449405,1.495222,55.0056,3.552354123650928
3720.0,2.279018,2.396286,87.7326,4.201079,,8516,-1.449405,1.495624,55.0204,3.575774537808471
3721.0,2.279018,2.396919,87.7557,4.201079,,8517,-1.449405,1.496027,55.0352,3.5648780242094493
3722.0,2.265997,2.397548,87.7788,4.201079,,8518,-1.449405,1.49643,55.0501,3.562327901606251
3723.0,2.253721,2.398175,87.8017,4.201079,,8519,-1.449219,1.496832,55.0649,3.559500448444177
3724.0,2.253721,2.398801,87.8246,4.201079,,8520,-1.449219,1.497235,55.0797,3.568346215431747
3725.0,2.241444,2.399423,87.8474,4.200769,,8521,-1.449405,1.497637,55.0945,3.5634770652235668
3726.0,2.241444,2.400046,87.8702,4.200769,,8522,-1.449405,1.49804,55.1093,3.571526565968703
3727.0,2.231399,2.400666,87.8929,4.200769,,8523,-1.449405,1.498443,55.1241,3.5685185529830905
3728.0,2.231399,2.401286,87.9156,4.200769,,8524,-1.449591,1.498845,55.1389,3.560695388082778
3729.0,2.221168,2.401902,87.9382,4.201079,,8525,-1.449591,1.499248,55.1537,3.5601069707157538
3730.0,2.221168,2.402519,87.9608,4.201079,,8526,-1.449591,1.49965,55.1685,3.5643200333725455
3731.0,2.21131,2.403134,87.9833,4.201079,,8527,-1.449591,1.500053,55.1834,3.582123494441703
3732.0,2.21131,2.403748,88.0058,4.201079,,8528,-1.449591,1.500456,55.1982,3.550195676280041
3733.0,2.200893,2.404359,88.0281,4.200769,,8529,-1.449591,1.500859,55.213,3.571546126802396
3734.0,2.200893,2.404971,88.0505,4.200769,,8530,-1.449405,1.501261,55.2278,3.569620954132468
3735.0,2.188616,2.405579,88.0728,4.200769,,8531,-1.449405,1.501664,55.2426,3.57000938779412
3736.0,2.188616,2.406187,88.095,4.200769,,8532,-1.449405,1.502066,55.2574,3.570388813210196
3737.0,2.183594,2.406793,88.1172,4.200769,,8533,-1.449405,1.502469,55.2722,3.5469869272481973
3738.0,2.170201,2.407396,88.1393,4.200769,,8534,-1.449405,1.502872,55.287,3.5664666716253257
3739.0,2.170201,2.407999,88.1614,4.200769,,8535,-1.449405,1.503274,55.3019,3.560001478278479
3740.0,2.164063,2.4086,88.1834,4.200769,,8536,-1.449405,1.503677,55.3167,3.5658537720376247
3741.0,2.164063,2.409201,88.2054,4.200769,,8537,-1.449405,1.504079,55.3315,3.569462504827618
3742.0,2.154204,2.4098,88.2273,4.200769,,8538,-1.449405,1.504482,55.3463,3.587200914407003
3743.0,2.154204,2.410398,88.2492,4.200769,,8539,-1.449405,1.504885,55.3611,3.5653686846958443
3744.0,2.146205,2.410994,88.271,4.200769,,8540,-1.449405,1.505287,55.3759,3.5775430085749376
3745.0,2.146205,2.41159,88.2929,4.200769,,8541,-1.449405,1.50569,55.3907,3.552375114679227
3746.0,2.134487,2.412183,88.3146,4.200769,,8542,-1.449405,1.506092,55.4055,3.578309439936336
3747.0,2.134487,2.412776,88.3363,4.200769,,8543,-1.449405,1.506495,55.4203,3.570091332220436
3748.0,2.127046,2.413367,88.3579,4.200769,,8544,-1.449405,1.506898,55.4352,3.577503069607204
3749.0,2.127046,2.413958,88.3796,4.200769,,8545,-1.449219,1.5073,55.45,3.5534363397801516
3750.0,2.11663,2.414546,88.4011,4.200769,,8546,-1.449219,1.507703,55.4648,3.573411827361993
3751.0,2.108259,2.415131,88.4225,4.200769,,8547,-1.449219,1.508105,55.4796,3.5521571650958963
3752.0,2.108259,2.415717,88.444,4.201079,,8548,-1.449219,1.508508,55.4944,3.561713692636458
3753.0,2.10026,2.4163,88.4653,4.200769,,8549,-1.449219,1.508911,55.5092,3.574243869034393
3754.0,2.10026,2.416884,88.4867,4.200769,,8550,-1.449219,1.509313,55.524,3.556547948085466
3755.0,2.093564,2.417465,88.508,4.200769,,8551,-1.449219,1.509716,55.5388,3.5538629999784237
3756.0,2.093564,2.418047,88.5293,4.200769,,8552,-1.449219,1.510118,55.5536,3.5437572085446503
3757.0,2.084822,2.418626,88.5505,4.200769,,8553,-1.449219,1.510521,55.5684,3.562847748900854
3758.0,2.084822,2.419205,88.5717,4.200769,,8554,-1.449219,1.510923,55.5832,3.5652041625096302
3759.0,2.074591,2.419781,88.5928,4.200769,,8555,-1.449219,1.511326,55.5981,3.561015347415277
3760.0,2.074591,2.420358,88.6139,4.200769,,8556,-1.449405,1.511729,55.6129,3.5621053290014033
3761.0,2.070127,2.420933,88.6349,4.200769,,8557,-1.449405,1.512131,55.6277,3.5673751595301817
3762.0,2.06157,2.421505,88.6559,4.200769,,8558,-1.449405,1.512534,55.6425,3.555161583286519
3763.0,2.06157,2.422078,88.6768,4.200769,,8559,-1.449405,1.512936,55.6573,3.5685114039823844
3764.0,2.054688,2.422649,88.6977,4.200769,,8560,-1.449405,1.513339,55.6721,3.567095599674519
3765.0,2.054688,2.423219,88.7186,4.200769,,8561,-1.449405,1.513741,55.6869,3.5591128367708125
3766.0,2.046875,2.423788,88.7395,4.200769,,8562,-1.449405,1.514144,55.7017,3.5551244946381804
3767.0,2.046875,2.424357,88.7603,4.200769,,8563,-1.449405,1.514547,55.7165,3.573647575395657
3768.0,2.040551,2.424923,88.781,4.200769,,8564,-1.449405,1.514949,55.7314,3.5637465610066377
3769.0,2.040551,2.42549,88.8018,4.200769,,8565,-1.449591,1.515352,55.7462,3.5640419876272134
3770.0,2.028274,2.426054,88.8224,4.200769,,8566,-1.449591,1.515755,55.761,3.5639273670157343
3771.0,2.028274,2.426617,88.843,4.200769,,8567,-1.449591,1.516157,55.7758,3.565364883710156
3772.0,2.024554,2.42718,88.8636,4.200769,,8568,-1.449591,1.51656,55.7906,3.558531594692307
3773.0,2.024554,2.427742,88.8842,4.200769,,8569,-1.449591,1.516963,55.8054,3.573640979073875
3774.0,2.016741,2.428302,88.9047,4.200769,,8570,-1.449591,1.517365,55.8202,3.5680408027191794
3775.0,2.008929,2.42886,88.9252,4.200769,,8571,-1.449405,1.517768,55.835,3.5632950265804912
3776.0,2.008929,2.429418,88.9456,4.201079,,8572,-1.449405,1.518171,55.8499,3.543693052411028
3777.0,2.00186,2.429974,88.966,4.201079,,8573,-1.449219,1.518573,55.8647,3.5543431353812496
3778.0,2.00186,2.43053,88.9863,4.201079,,8574,-1.449405,1.518976,55.8795,3.5569762281193866
3779.0,1.99535,2.431085,89.0066,4.201079,,8575,-1.449405,1.519378,55.8943,3.564074121593952
3780.0,1.99535,2.431639,89.0269,4.201079,,8576,-1.449219,1.519781,55.9091,3.5567115373622262
3781.0,1.989025,2.432191,89.0471,4.201079,,8577,-1.449219,1.520183,55.9239,3.5618142363925527
3782.0,1.989025,2.432744,89.0673,4.201079,,8578,-1.449219,1.520586,55.9387,3.5564803548036314
3783.0,1.981399,2.433294,89.0875,4.200769,,8579,-1.449219,1.520989,55.9535,3.563572008735174
3784.0,1.981399,2.433845,89.1076,4.200769,,8580,-1.449219,1.521391,55.9683,3.5690278018056527
3785.0,1.97154,2.434392,89.1277,4.200769,,8581,-1.449219,1.521794,55.9831,3.545265691605153
3786.0,1.97154,2.43494,89.1477,4.200769,,8582,-1.449219,1.522196,55.998,3.549255921970073
3787.0,1.96689,2.435486,89.1678,4.200769,,8583,-1.449219,1.522599,56.0128,3.550746076423014
3788.0,1.959636,2.436031,89.1877,4.201079,,8584,-1.449219,1.523001,56.0276,3.5489083866129274
3789.0,1.959636,2.436575,89.2076,4.201079,,8585,-1.449405,1.523404,56.0424,3.5606290088281765
3790.0,1.953311,2.437118,89.2275,4.201079,,8586,-1.449405,1.523807,56.0572,3.5743029563217306
3791.0,1.953311,2.43766,89.2473,4.201079,,8587,-1.449591,1.524209,56.072,3.5719952110534483
3792.0,1.943825,2.4382,89.2671,4.200769,,8588,-1.449591,1.524612,56.0868,3.5484853555325873
3793.0,1.943825,2.43874,89.2869,4.200769,,8589,-1.449405,1.525015,56.1016,3.5551569752719527
3794.0,1.939732,2.439279,89.3066,4.200769,,8590,-1.449405,1.525417,56.1164,3.546338647528632
3795.0,1.939732,2.439818,89.3263,4.200769,,8591,-1.449591,1.52582,56.1313,3.568425041241815
3796.0,1.933594,2.440355,89.346,4.200769,,8592,-1.449591,1.526223,56.1461,3.560001471516584
3797.0,1.933594,2.440892,89.3657,4.200769,,8593,-1.449405,1.526625,56.1609,3.5609721363045823
3798.0,1.924665,2.441427,89.3852,4.200769,,8594,-1.449405,1.527028,56.1757,3.5704562058710407
3799.0,1.917969,2.441959,89.4047,4.200769,,8595,-1.449405,1.52743,56.1905,3.574915966549918
3800.0,1.917969,2.442492,89.4242,4.200769,,8596,-1.449405,1.527833,56.2053,3.554283881156765
3801.0,1.911831,2.443023,89.4437,4.201079,,8597,-1.449405,1.528236,56.2201,3.5433931880316156
3802.0,1.911831,2.443554,89.4631,4.201079,,8598,-1.449405,1.528638,56.2349,3.5560000865512222
3803.0,1.905878,2.444083,89.4825,4.201079,,8599,-1.449405,1.529041,56.2497,3.555294482655001
3804.0,1.905878,2.444613,89.5019,4.201079,,8600,-1.449405,1.529443,56.2646,3.5649390384154076
3805.0,1.897694,2.44514,89.5212,4.200769,,8601,-1.449405,1.529846,56.2794,3.567383552131456
3806.0,1.897694,2.445667,89.5405,4.200769,,8602,-1.449405,1.530249,56.2942,3.5582114271276852
3807.0,1.892857,2.446193,89.5597,4.200769,,8603,-1.449405,1.530651,56.309,3.565280549807523
3808.0,1.892857,2.446719,89.579,4.200769,,8604,-1.449405,1.531054,56.3238,3.564387367856275
3809.0,1.887835,2.447243,89.5982,4.200769,,8605,-1.449405,1.531456,56.3386,3.5565501554616845
3810.0,1.887835,2.447768,89.6174,4.200769,,8606,-1.449405,1.531859,56.3534,3.5543707999136473
3811.0,1.877976,2.448289,89.6365,4.200769,,8607,-1.449405,1.532262,56.3682,3.568309221281021
3812.0,1.87221,2.448809,89.6555,4.200769,,8608,-1.449777,1.532664,56.383,3.552121609473733
3813.0,1.87221,2.449329,89.6746,4.200769,,8609,-1.449777,1.533067,56.3979,3.5748310023355425
3814.0,1.863281,2.449847,89.6935,4.200769,,8610,-1.449777,1.53347,56.4127,3.5617435181778134
3815.0,1.863281,2.450365,89.7125,4.200769,,8611,-1.449591,1.533872,56.4275,3.554234714572073
3816.0,1.857887,2.450881,89.7314,4.200769,,8612,-1.449591,1.534275,56.4423,3.5744602678284916
3817.0,1.857887,2.451397,89.7503,4.200769,,8613,-1.449591,1.534678,56.4571,3.537377668874647
3818.0,1.852307,2.451911,89.7691,4.200769,,8614,-1.449591,1.535081,56.4719,3.5494404676617433
3819.0,1.852307,2.452426,89.7879,4.200769,,8615,-1.449405,1.535483,56.4867,3.5739116519473355
3820.0,1.843006,2.452938,89.8067,4.200769,,8616,-1.449405,1.535886,56.5016,3.5694488576740504
3821.0,1.84096,2.453449,89.8254,4.200769,,8617,-1.449405,1.536288,56.5164,3.563013627594162
3822.0,1.84096,2.45396,89.8441,4.200769,,8618,-1.449405,1.536691,56.5312,3.5424346729672784
3823.0,1.834264,2.45447,89.8628,4.200769,,8619,-1.449405,1.537094,56.546,3.5555455872443438
3824.0,1.834264,2.454979,89.8814,4.200459,,8620,-1.449405,1.537496,56.5608,3.57043211714997
3825.0,1.826451,2.455487,89.9,4.200459,,8621,-1.449405,1.537899,56.5756,3.5547880762807615
3826.0,1.826451,2.455994,89.9186,4.200769,,8622,-1.449405,1.538301,56.5904,3.5589269427457366
3827.0,1.820127,2.4565,89.9371,4.200769,,8623,-1.449405,1.538704,56.6052,3.559911260147242
3828.0,1.820127,2.457006,89.9556,4.200769,,8624,-1.449405,1.539107,56.62,3.547207331571396
3829.0,1.81622,2.45751,89.9741,4.200769,,8625,-1.449405,1.539509,56.6349,3.553594568627089
3830.0,1.81622,2.458014,89.9926,4.200769,,8626,-1.449591,1.539912,56.6497,3.5703863403485427
3831.0,1.810268,2.458517,90.011,4.201079,,8627,-1.449591,1.540315,56.6645,3.5416820156974143
3832.0,1.810268,2.45902,90.0294,4.201079,,8628,-1.449591,1.540717,56.6793,3.5510981819409038
3833.0,1.803386,2.459521,90.0477,4.200769,,8629,-1.449591,1.54112,56.6941,3.556966184156977
3834.0,1.803386,2.460022,90.066,4.200769,,8630,-1.449591,1.541523,56.7089,3.5495226353996814
3835.0,1.799107,2.460522,90.0843,4.200769,,8631,-1.449591,1.541925,56.7237,3.5496871729576984
3836.0,1.787202,2.461018,90.1025,4.200769,,8632,-1.449591,1.542328,56.7385,3.5674543528760343
3837.0,1.787202,2.461515,90.1207,4.200769,,8633,-1.449591,1.542731,56.7534,3.559247237542856
3838.0,1.783482,2.46201,90.1388,4.200769,,8634,-1.449591,1.543133,56.7682,3.574001764895848
3839.0,1.783482,2.462506,90.157,4.200769,,8635,-1.449591,1.543536,56.783,3.577075317984767
3840.0,1.77939,2.463,90.1751,4.200769,,8636,-1.449405,1.543939,56.7978,3.5489987173570317
3841.0,1.77939,2.463494,90.1932,4.200769,,8637,-1.449033,1.544341,56.8126,3.560399949169426
3842.0,1.771392,2.463986,90.2112,4.200769,,8638,-1.449033,1.544744,56.8274,3.5586520986526002
3843.0,1.771392,2.464478,90.2292,4.200769,,8639,-1.449033,1.545146,56.8422,3.5508427029230267
3844.0,1.768415,2.464969,90.2472,4.200769,,8640,-1.449033,1.545549,56.857,3.5516548844827
3845.0,1.768415,2.465461,90.2652,4.200769,,8641,-1.449219,1.545951,56.8718,3.544662498029633
3846.0,1.759487,2.465949,90.2831,4.200769,,8642,-1.449219,1.546354,56.8866,3.563332138206798
3847.0,1.754278,2.466437,90.3009,4.200769,,8643,-1.449219,1.546756,56.9015,3.5399691051768643
3848.0,1.754278,2.466924,90.3187,4.201079,,8644,-1.449219,1.547159,56.9163,3.550465105252067
3849.0,1.749814,2.46741,90.3365,4.201079,,8645,-1.449405,1.547561,56.9311,3.5449427458972584
3850.0,1.749814,2.467896,90.3543,4.201079,,8646,-1.449405,1.547964,56.9459,3.564898365942162
3851.0,1.744978,2.468381,90.3721,4.201079,,8647,-1.449405,1.548367,56.9607,3.548284321724345
3852.0,1.744978,2.468865,90.3898,4.201079,,8648,-1.449405,1.548769,56.9755,3.5560852513205425
3853.0,1.737537,2.469348,90.4075,4.201079,,8649,-1.449405,1.549172,56.9903,3.5438669162655425
3854.0,1.737537,2.469831,90.4252,4.201079,,8650,-1.449405,1.549574,57.0051,3.5550238949756894
3855.0,1.730841,2.470312,90.4428,4.201079,,8651,-1.449405,1.549977,57.0199,3.571828190364662
3856.0,1.730841,2.470792,90.4604,4.201079,,8652,-1.449219,1.55038,57.0348,3.5833333147806568
3857.0,1.726191,2.471272,90.4779,4.201079,,8653,-1.449219,1.550782,57.0496,3.5457551402633536
3858.0,1.726191,2.471751,90.4955,4.201079,,8654,-1.449405,1.551185,57.0644,3.5461642042010366
3859.0,1.722842,2.47223,90.513,4.200769,,8655,-1.449405,1.551587,57.0792,3.5441123998672364
3860.0,1.716518,2.472707,90.5305,4.200769,,8656,-1.449219,1.55199,57.094,3.5797444274304318
3861.0,1.716518,2.473184,90.5479,4.200769,,8657,-1.449219,1.552393,57.1088,3.5459619641659406
3862.0,1.709264,2.473658,90.5653,4.200769,,8658,-1.449591,1.552795,57.1236,3.5390892746559057
3863.0,1.709264,2.474133,90.5827,4.200769,,8659,-1.449591,1.553198,57.1384,3.5399873820375554
3864.0,1.705729,2.474607,90.6,4.200769,,8660,-1.449405,1.5536,57.1532,3.5673284809458488
3865.0,1.699405,2.475079,90.6173,4.200769,,8661,-1.449405,1.554003,57.168,3.5758680255390867
3866.0,1.699405,2.475551,90.6346,4.200769,,8662,-1.449405,1.554406,57.1829,3.555777308078319
3867.0,1.699405,2.476023,90.6519,4.200769,,8663,-1.449405,1.554808,57.1977,3.539871035101669
3868.0,1.692894,2.476493,90.6691,4.200769,,8664,-1.449405,1.555211,57.2125,3.5546159895832528
3869.0,1.689546,2.476963,90.6863,4.200769,,8665,-1.449405,1.555614,57.2273,3.5465208655650566
3870.0,1.689546,2.477432,90.7035,4.200769,,8666,-1.449405,1.556016,57.2421,3.5520316199179636
3871.0,1.685268,2.4779,90.7206,4.200769,,8667,-1.449405,1.556419,57.2569,3.538389388272091
3872.0,1.685268,2.478368,90.7377,4.200769,,8668,-1.449405,1.556821,57.2717,3.5579952740481566
3873.0,1.676711,2.478834,90.7548,4.200769,,8669,-1.449219,1.557224,57.2865,3.55299549466561
3874.0,1.676711,2.4793,90.7718,4.200769,,8670,-1.449219,1.557626,57.3013,3.551693095816977
3875.0,1.673177,2.479764,90.7889,4.200769,,8671,-1.449219,1.558029,57.3162,3.5594793477661257
3876.0,1.673177,2.480229,90.8059,4.200769,,8672,-1.449219,1.558432,57.331,3.546612522667805
3877.0,1.667783,2.480693,90.8228,4.200769,,8673,-1.449219,1.558834,57.3458,3.5730549570600028
3878.0,1.667783,2.481156,90.8398,4.200769,,8674,-1.449405,1.559237,57.3606,3.568221141773171
3879.0,1.662202,2.481618,90.8567,4.200769,,8675,-1.449405,1.559639,57.3754,3.5613446944908462
3880.0,1.662202,2.482079,90.8736,4.200769,,8676,-1.449405,1.560042,57.3902,3.5436042279325983
3881.0,1.655506,2.482539,90.8904,4.200769,,8677,-1.449405,1.560445,57.405,3.553959242448586
3882.0,1.651228,2.482998,90.9072,4.200769,,8678,-1.449405,1.560847,57.4198,3.5511058905632984
3883.0,1.651228,2.483457,90.924,4.200769,,8679,-1.449405,1.56125,57.4346,3.5596052250723917
3884.0,1.647135,2.483914,90.9408,4.200769,,8680,-1.449405,1.561652,57.4495,3.5436186331073194
3885.0,1.647135,2.484372,90.9575,4.200769,,8681,-1.449405,1.562055,57.4643,3.5559960841451748
3886.0,1.639323,2.484827,90.9742,4.200769,,8682,-1.449405,1.562458,57.4791,3.5583052273700453
3887.0,1.639323,2.485282,90.9909,4.200769,,8683,-1.449405,1.56286,57.4939,3.5506570892371307
3888.0,1.635045,2.485737,91.0075,4.200769,,8684,-1.449219,1.563263,57.5087,3.5332660815088874
3889.0,1.635045,2.486191,91.0241,4.200769,,8685,-1.449219,1.563665,57.5235,3.5383480167065757
3890.0,1.63151,2.486644,91.0407,4.201079,,8686,-1.449219,1.564068,57.5383,3.558607722960076
3891.0,1.63151,2.487097,91.0573,4.201079,,8687,-1.449219,1.564471,57.5531,3.549638956809345
3892.0,1.625744,2.487549,91.0739,4.201079,,8688,-1.449219,1.564873,57.5679,3.5841922339248047
3893.0,1.625744,2.488,91.0904,4.201079,,8689,-1.449405,1.565276,57.5827,3.532387410500624
3894.0,1.618862,2.48845,91.1069,4.201079,,8690,-1.449405,1.565678,57.5976,3.535132170232091
3895.0,1.614397,2.488898,91.1233,4.201079,,8691,-1.449219,1.566081,57.6124,3.5660086525521466
3896.0,1.614397,2.489347,91.1397,4.200769,,8692,-1.449219,1.566483,57.6272,3.544774987840788
3897.0,1.612537,2.489795,91.1561,4.200769,,8693,-1.449219,1.566886,57.642,3.5488717361697626
3898.0,1.612537,2.490243,91.1725,4.200769,,8694,-1.449219,1.567289,57.6568,3.5664829525665973
3899.0,1.605097,2.490689,91.1888,4.200769,,8695,-1.449219,1.567691,57.6716,3.553615324781834
3900.0,1.605097,2.491134,91.2051,4.200769,,8696,-1.449405,1.568094,57.6864,3.5347873677813997
3901.0,1.603237,2.49158,91.2214,4.200769,,8697,-1.449405,1.568496,57.7012,3.5544705146330426
3902.0,1.603237,2.492025,91.2377,4.200769,,8698,-1.449591,1.568899,57.716,3.5556112082924947
3903.0,1.596354,2.492469,91.254,4.201079,,8699,-1.449591,1.569302,57.7309,3.552469310666477
3904.0,1.596354,2.492912,91.2702,4.201079,,8700,-1.449405,1.569704,57.7457,3.557877145424326
3905.0,1.589472,2.493353,91.2864,4.200769,,8701,-1.449405,1.570107,57.7605,3.556810519138017
3906.0,1.589472,2.493795,91.3025,4.200769,,8702,-1.449219,1.570509,57.7753,3.544471745482584
3907.0,1.585566,2.494236,91.3187,4.200769,,8703,-1.449219,1.570912,57.7901,3.5390545319533993
3908.0,1.585566,2.494676,91.3348,4.200769,,8704,-1.449219,1.571315,57.8049,3.5494679029451546
3909.0,1.579427,2.495115,91.3509,4.200769,,8705,-1.449219,1.571717,57.8197,3.545540632266473
3910.0,1.579427,2.495553,91.3669,4.200769,,8706,-1.449033,1.57212,57.8345,3.540818888420765
3911.0,1.577381,2.495991,91.383,4.200769,,8707,-1.449033,1.572522,57.8493,3.530738625894737
3912.0,1.571057,2.496428,91.3989,4.200769,,8708,-1.449033,1.572925,57.8641,3.5675241428635402
3913.0,1.571057,2.496864,91.4149,4.200769,,8709,-1.449033,1.573327,57.8789,3.5489799025965425
3914.0,1.566964,2.4973,91.4309,4.200769,,8710,-1.449219,1.57373,57.8937,3.563850812115133
3915.0,1.566964,2.497735,91.4468,4.200769,,8711,-1.449219,1.574132,57.9086,3.5425951100967765
3916.0,1.5625,2.498169,91.4627,4.200769,,8712,-1.449219,1.574535,57.9234,3.537224493075988
3917.0,1.5625,2.498603,91.4786,4.200769,,8713,-1.449219,1.574937,57.9382,3.546532686485883
3918.0,1.55692,2.499035,91.4944,4.200769,,8714,-1.449219,1.57534,57.953,3.5363210279696706
3919.0,1.55692,2.499468,91.5102,4.200769,,8715,-1.449405,1.575743,57.9678,3.554584370441518
3920.0,1.551711,2.499899,91.526,4.201079,,8716,-1.449405,1.576145,57.9826,3.5580915878036854
3921.0,1.546131,2.500328,91.5417,4.201079,,8717,-1.449219,1.576548,57.9974,3.5656311156149245
3922.0,1.546131,2.500758,91.5575,4.200769,,8718,-1.449219,1.57695,58.0122,3.531875626139694
3923.0,1.543899,2.501187,91.5732,4.200769,,8719,-1.449219,1.577353,58.027,3.5488496197519304
3924.0,1.543899,2.501616,91.5889,4.200769,,8720,-1.449219,1.577755,58.0418,3.543631892070264
3925.0,1.537389,2.502043,91.6045,4.200769,,8721,-1.449219,1.578158,58.0567,3.5350262520324542
3926.0,1.537389,2.50247,91.6201,4.200769,,8722,-1.449219,1.578561,58.0715,3.544549439142859
3927.0,1.536086,2.502896,91.6358,4.200769,,8723,-1.449219,1.578963,58.0863,3.5630878488079487
3928.0,1.536086,2.503323,91.6514,4.200769,,8724,-1.449405,1.579366,58.1011,3.5515785050480315
3929.0,1.530506,2.503748,91.6669,4.200769,,8725,-1.449405,1.579768,58.1159,3.54866023745302
3930.0,1.525856,2.504172,91.6825,4.200769,,8726,-1.449405,1.580171,58.1307,3.5401315268880316
3931.0,1.525856,2.504596,91.698,4.200769,,8727,-1.449405,1.580574,58.1455,3.5536717212783553
3932.0,1.525856,2.50502,91.7135,4.200769,,8728,-1.449405,1.580976,58.1603,3.5469628727184146
3933.0,1.522694,2.505443,91.729,4.200769,,8729,-1.449405,1.581379,58.1751,3.54797859074005
3934.0,1.522694,2.505866,91.7445,4.200769,,8730,-1.449405,1.581782,58.1899,3.561002612083631
3935.0,1.517671,2.506287,91.7599,4.200769,,8731,-1.449405,1.582184,58.2048,3.552653367973415
3936.0,1.511347,2.506707,91.7753,4.200769,,8732,-1.449405,1.582587,58.2196,3.5304680918285145
3937.0,1.511347,2.507127,91.7906,4.200769,,8733,-1.449219,1.582989,58.2344,3.548330740989685
3938.0,1.507441,2.507546,91.806,4.200769,,8734,-1.449219,1.583392,58.2492,3.5256523771201485
3939.0,1.507441,2.507964,91.8213,4.200769,,8735,-1.449405,1.583794,58.264,3.5645498216822924
3940.0,1.50465,2.508382,91.8366,4.200769,,8736,-1.449405,1.584197,58.2788,3.5497022747098907
3941.0,1.50465,2.5088,91.8519,4.200769,,8737,-1.449219,1.5846,58.2936,3.549675019602516
3942.0,1.501488,2.509217,91.8672,4.200769,,8738,-1.449219,1.585002,58.3084,3.558906024417648
3943.0,1.501488,2.509634,91.8825,4.200769,,8739,-1.449405,1.585405,58.3232,3.5493747723456965
3944.0,1.49628,2.51005,91.8977,4.200769,,8740,-1.449405,1.585807,58.3381,3.5610580791537334
3945.0,1.49628,2.510466,91.9129,4.200769,,8741,-1.449219,1.58621,58.3529,3.5523863014442223
3946.0,1.489769,2.51088,91.928,4.200769,,8742,-1.449219,1.586612,58.3677,3.5402912896644194
3947.0,1.485305,2.511292,91.9431,4.200769,,8743,-1.449405,1.587015,58.3825,3.546993671389693
3948.0,1.485305,2.511705,91.9583,4.200769,,8744,-1.449405,1.587418,58.3973,3.549921374231816
3949.0,1.483445,2.512117,91.9733,4.200769,,8745,-1.449219,1.58782,58.4121,3.5503536369086675
3950.0,1.483445,2.512529,91.9884,4.200769,,8746,-1.449219,1.588223,58.4269,3.5460061403873855
3951.0,1.478609,2.512939,92.0035,4.200769,,8747,-1.449219,1.588625,58.4417,3.5372244049666035
3952.0,1.478609,2.51335,92.0185,4.200769,,8748,-1.449033,1.589028,58.4565,3.5576274594978137
3953.0,1.473772,2.51376,92.0335,4.200769,,8749,-1.449033,1.58943,58.4713,3.525357066714474
3954.0,1.473772,2.514169,92.0485,4.200769,,8750,-1.449219,1.589833,58.4861,3.5457100709876275
3955.0,1.468192,2.514577,92.0634,4.200769,,8751,-1.449219,1.590236,58.501,3.56180466241006
3956.0,1.468192,2.514985,92.0783,4.200769,,8752,-1.449219,1.590638,58.5158,3.5590148185643504
3957.0,1.464844,2.515392,92.0932,4.200769,,8753,-1.449219,1.591041,58.5306,3.5479860085269084
3958.0,1.463356,2.515798,92.1081,4.200769,,8754,-1.449405,1.591443,58.5454,3.5497789229956247
3959.0,1.463356,2.516205,92.123,4.200769,,8755,-1.449405,1.591846,58.5602,3.546043082534964
3960.0,1.458147,2.51661,92.1378,4.200769,,8756,-1.449405,1.592248,58.575,3.561333692286839
3961.0,1.458147,2.517015,92.1527,4.200769,,8757,-1.449405,1.592651,58.5898,3.552817109748408
3962.0,1.453683,2.517418,92.1674,4.200769,,8758,-1.449405,1.593054,58.6046,3.534786129048739
3963.0,1.453683,2.517822,92.1822,4.200769,,8759,-1.449405,1.593456,58.6194,3.548043899043213
3964.0,1.450893,2.518225,92.197,4.200769,,8760,-1.449405,1.593859,58.6343,3.539328438305774
3965.0,1.450893,2.518628,92.2117,4.200769,,8761,-1.449405,1.594262,58.6491,3.5444320820151107
3966.0,1.446057,2.51903,92.2264,4.200769,,8762,-1.449219,1.594664,58.6639,3.5511323526253533
3967.0,1.446057,2.519432,92.2411,4.200769,,8763,-1.449405,1.595067,58.6787,3.5450474514415298
3968.0,1.442522,2.519832,92.2558,4.200769,,8764,-1.449405,1.595469,58.6935,3.556382572697509
3969.0,1.442522,2.520233,92.2705,4.200769,,8765,-1.449219,1.595872,58.7083,3.5345082687270297
3970.0,1.438988,2.520633,92.2851,4.200769,,8766,-1.449219,1.596274,58.7231,3.5374739646786826
3971.0,1.438988,2.521033,92.2998,4.200769,,8767,-1.449219,1.596677,58.7379,3.557550750703644
3972.0,1.434896,2.521431,92.3144,4.200769,,8768,-1.449219,1.59708,58.7527,3.52502136946867
3973.0,1.434896,2.52183,92.3289,4.200769,,8769,-1.449219,1.597482,58.7675,3.549029586965374
3974.0,1.429502,2.522227,92.3435,4.200769,,8770,-1.449219,1.597885,58.7823,3.560440516013393
3975.0,1.425967,2.522623,92.358,4.200769,,8771,-1.449219,1.598287,58.7972,3.5328667549403145
3976.0,1.425967,2.523019,92.3725,4.200769,,8772,-1.449219,1.59869,58.812,3.529682459178438
3977.0,1.421131,2.523414,92.3869,4.200769,,8773,-1.449219,1.599092,58.8268,3.5443283050803904
3978.0,1.421131,2.523808,92.4014,4.200769,,8774,-1.449405,1.599495,58.8416,3.5434916137965193
3979.0,1.418527,2.524203,92.4158,4.200769,,8775,-1.449405,1.599898,58.8564,3.5353058433271745
3980.0,1.418527,2.524596,92.4302,4.200769,,8776,-1.449405,1.6003,58.8712,3.5389140697911587
3981.0,1.414249,2.524989,92.4446,4.200769,,8777,-1.449405,1.600703,58.886,3.5337351194268845
3982.0,1.414249,2.525382,92.459,4.200769,,8778,-1.449405,1.601105,58.9008,3.5577283042407966
3983.0,1.411086,2.525774,92.4734,4.200769,,8779,-1.449405,1.601508,58.9156,3.542387438003292
3984.0,1.411086,2.526166,92.4877,4.200769,,8780,-1.449405,1.601911,58.9305,3.5610068971963207
3985.0,1.407924,2.526557,92.502,4.200769,,8781,-1.449405,1.602313,58.9453,3.534434727547526
3986.0,1.407924,2.526948,92.5163,4.200769,,8782,-1.449405,1.602716,58.9601,3.5496159206846674
3987.0,1.403088,2.527338,92.5306,4.200769,,8783,-1.449591,1.603119,58.9749,3.548005340650733
3988.0,1.403088,2.527728,92.5449,4.200769,,8784,-1.449591,1.603521,58.9897,3.544255744894085
3989.0,1.400484,2.528117,92.5591,4.200769,,8785,-1.449591,1.603924,59.0045,3.54314088555412
3990.0,1.396019,2.528505,92.5733,4.200769,,8786,-1.449591,1.604327,59.0193,3.549727592164047
3991.0,1.396019,2.528893,92.5875,4.200769,,8787,-1.449591,1.604729,59.0341,3.5288907158450176
3992.0,1.391555,2.529279,92.6017,4.200769,,8788,-1.449591,1.605132,59.049,3.5540331337802025
3993.0,1.391555,2.529665,92.6158,4.200769,,8789,-1.449219,1.605534,59.0638,3.53217913873346
3994.0,1.390067,2.530052,92.63,4.200769,,8790,-1.449219,1.605937,59.0786,3.5481640896586013
3995.0,1.390067,2.530438,92.6441,4.200769,,8791,-1.449219,1.60634,59.0934,3.552339751196895
3996.0,1.384301,2.530822,92.6582,4.200769,,8792,-1.449219,1.606742,59.1082,3.540389536259386
3997.0,1.384301,2.531207,92.6723,4.200769,,8793,-1.449033,1.607145,59.123,3.529145579130052
3998.0,1.381697,2.531591,92.6863,4.200769,,8794,-1.449033,1.607547,59.1378,3.5306855931279157
3999.0,1.381697,2.531975,92.7004,4.200769,,8795,-1.449033,1.60795,59.1526,3.55594367707859
4000.0,1.378534,2.532357,92.7144,4.200769,,8796,-1.449033,1.608352,59.1674,3.5497012289739653
4001.0,1.373884,2.532739,92.7284,4.200769,,8797,-1.449405,1.608755,59.1822,3.5435465789500906
4002.0,1.373884,2.533121,92.7423,4.200769,,8798,-1.449405,1.609157,59.197,3.5373884673836486
4003.0,1.369978,2.533501,92.7563,4.200769,,8799,-1.449405,1.60956,59.2119,3.5388010893772037
4004.0,1.369978,2.533882,92.7702,4.200769,,8800,-1.449219,1.609963,59.2267,3.5307348346556706
4005.0,1.368676,2.534262,92.7841,4.200769,,8801,-1.449219,1.610365,59.2415,3.545776254070731
4006.0,1.368676,2.534642,92.798,4.200769,,8802,-1.449219,1.610768,59.2563,3.530420772446734
4007.0,1.362723,2.535021,92.8119,4.200769,,8803,-1.449219,1.61117,59.2711,3.5381875862425236
4008.0,1.362723,2.535399,92.8258,4.200769,,8804,-1.449219,1.611573,59.2859,3.5431922180744233
4009.0,1.360305,2.535777,92.8396,4.200769,,8805,-1.449219,1.611975,59.3007,3.5578840561047733
4010.0,1.360305,2.536155,92.8534,4.200769,,8806,-1.449405,1.612378,59.3155,3.5257786666476085
4011.0,1.356027,2.536532,92.8672,4.200769,,8807,-1.449405,1.612781,59.3303,3.543474417906005
4012.0,1.356027,2.536908,92.881,4.200769,,8808,-1.449405,1.613183,59.3451,3.538163823800343
4013.0,1.352307,2.537284,92.8948,4.200769,,8809,-1.449591,1.613586,59.36,3.548417343978683
4014.0,1.3484,2.537658,92.9085,4.200769,,8810,-1.449591,1.613989,59.3748,3.5313127181639823
4015.0,1.3484,2.538033,92.9222,4.200769,,8811,-1.449591,1.614391,59.3896,3.5632102463532758
4016.0,1.34468,2.538407,92.9359,4.200769,,8812,-1.449591,1.614794,59.4044,3.539038693876449
4017.0,1.34468,2.53878,92.9495,4.200769,,8813,-1.449405,1.615196,59.4192,3.5498115496400127
4018.0,1.34189,2.539153,92.9632,4.200769,,8814,-1.449405,1.615599,59.434,3.528403460462633
4019.0,1.34189,2.539526,92.9768,4.200769,,8815,-1.449405,1.616002,59.4488,3.542226259058328
4020.0,1.338356,2.539897,92.9904,4.200769,,8816,-1.449405,1.616404,59.4636,3.554094444363704
4021.0,1.338356,2.540269,93.0041,4.200769,,8817,-1.449405,1.616807,59.4785,3.5326046543168697
4022.0,1.335008,2.54064,93.0176,4.201079,,8818,-1.449405,1.61721,59.4933,3.52148935305281
4023.0,1.335008,2.541011,93.0312,4.201079,,8819,-1.449405,1.617612,59.5081,3.524520974861783
4024.0,1.332031,2.541381,93.0448,4.201079,,8820,-1.449405,1.618015,59.5229,3.5347118094950574
4025.0,1.332031,2.541751,93.0583,4.201079,,8821,-1.449405,1.618417,59.5377,3.537353328174608
4026.0,1.329985,2.54212,93.0718,4.201079,,8822,-1.449219,1.61882,59.5525,3.543986700985993
4027.0,1.329985,2.54249,93.0854,4.201079,,8823,-1.449219,1.619223,59.5673,3.5399586129323284
4028.0,1.325707,2.542858,93.0988,4.200769,,8824,-1.449219,1.619625,59.5821,3.5589893776309975
4029.0,1.325707,2.543226,93.1123,4.200769,,8825,-1.449219,1.620028,59.5969,3.5364367545724527
4030.0,1.320313,2.543593,93.1257,4.200769,,8826,-1.449405,1.62043,59.6117,3.5306431838153194
4031.0,1.319755,2.54396,93.1392,4.200769,,8827,-1.449405,1.620833,59.6266,3.5423538250445845
4032.0,1.319755,2.544326,93.1526,4.200769,,8828,-1.449405,1.621235,59.6414,3.5267023067636503
4033.0,1.315848,2.544692,93.166,4.200769,,8829,-1.449405,1.621638,59.6562,3.5398381860915027
4034.0,1.315848,2.545057,93.1793,4.200769,,8830,-1.449219,1.622041,59.671,3.525298438640627
4035.0,1.312314,2.545422,93.1927,4.200769,,8831,-1.449219,1.622443,59.6858,3.541993027749915
4036.0,1.312314,2.545786,93.206,4.200769,,8832,-1.449033,1.622846,59.7006,3.530641082666193
4037.0,1.310454,2.54615,93.2194,4.200769,,8833,-1.449033,1.623248,59.7154,3.5391167844696074
4038.0,1.308036,2.546514,93.2327,4.200769,,8834,-1.449033,1.623651,59.7302,3.53707203941918
4039.0,1.308036,2.546877,93.246,4.200769,,8835,-1.449405,1.624053,59.745,3.5492050709576493
4040.0,1.3032,2.547239,93.2592,4.200769,,8836,-1.449405,1.624456,59.7598,3.549706977457994
4041.0,1.3032,2.547601,93.2725,4.200769,,8837,-1.449405,1.624858,59.7747,3.5267260833270595
4042.0,1.297991,2.547961,93.2857,4.200769,,8838,-1.449405,1.625261,59.7895,3.5427325546251462
4043.0,1.297991,2.548322,93.2989,4.200769,,8839,-1.449405,1.625664,59.8043,3.5322217887666727
4044.0,1.295015,2.548682,93.312,4.200769,,8840,-1.449405,1.626066,59.8191,3.521550705882646
4045.0,1.295015,2.549042,93.3252,4.200769,,8841,-1.449219,1.626469,59.8339,3.546084948768506
4046.0,1.293899,2.549401,93.3384,4.200769,,8842,-1.449219,1.626871,59.8487,3.5505347879728455
4047.0,1.293899,2.54976,93.3515,4.200769,,8843,-1.449219,1.627274,59.8635,3.543171335397176
4048.0,1.292039,2.550119,93.3647,4.200769,,8844,-1.449219,1.627677,59.8783,3.549073081061527
4049.0,1.292039,2.550478,93.3778,4.200769,,8845,-1.449405,1.628079,59.8931,3.5249275543500445
4050.0,1.285528,2.550835,93.3909,4.200769,,8846,-1.449405,1.628482,59.9079,3.5527629526548914
4051.0,1.285528,2.551192,93.404,4.200769,,8847,-1.449405,1.628884,59.9228,3.5257858964052122
4052.0,1.284226,2.551549,93.417,4.200769,,8848,-1.449219,1.629287,59.9376,3.5536592928610697
4053.0,1.284226,2.551906,93.4301,4.200769,,8849,-1.449219,1.62969,59.9524,3.534779247355017
4054.0,1.28032,2.552261,93.4431,4.200769,,8850,-1.449219,1.630092,59.9672,3.525027022418318
4055.0,1.276972,2.552616,93.4561,4.200769,,8851,-1.449219,1.630495,59.982,3.5380500198327565
4056.0,1.276972,2.552971,93.4691,4.200769,,8852,-1.449219,1.630897,59.9968,3.524139959560417
4057.0,1.27381,2.553325,93.482,4.200769,,8853,-1.449219,1.6313,60.0116,3.5419397529235983
4058.0,1.27381,2.553679,93.495,4.200769,,8854,-1.449405,1.631702,60.0264,3.5392572412209726
4059.0,1.269531,2.554031,93.5079,4.200769,,8855,-1.449405,1.632105,60.0412,3.530453557329811
4060.0,1.269531,2.554384,93.5208,4.200769,,8856,-1.449405,1.632508,60.056,3.5298654169913717
4061.0,1.267299,2.554736,93.5337,4.200769,,8857,-1.449405,1.63291,60.0709,3.5363096988994482
4062.0,1.267299,2.555088,93.5466,4.200769,,8858,-1.449405,1.633313,60.0857,3.538567700866432
4063.0,1.266555,2.55544,93.5595,4.200769,,8859,-1.449405,1.633716,60.1005,3.51740541387342
4064.0,1.260975,2.55579,93.5723,4.200769,,8860,-1.449405,1.634118,60.1153,3.5331702123773163
4065.0,1.260975,2.55614,93.5851,4.200769,,8861,-1.449405,1.634521,60.1301,3.527590430679551
4066.0,1.260045,2.55649,93.5979,4.200769,,8862,-1.449405,1.634923,60.1449,3.526092154181929
4067.0,1.260045,2.55684,93.6107,4.200769,,8863,-1.449591,1.635326,60.1597,3.5228969960379843
4068.0,1.255394,2.557189,93.6235,4.200769,,8864,-1.449591,1.635729,60.1745,3.5320052956838417
4069.0,1.255394,2.557538,93.6363,4.200769,,8865,-1.449591,1.636131,60.1894,3.516729776699453
4070.0,1.252046,2.557885,93.649,4.200769,,8866,-1.449591,1.636534,60.2042,3.5387105274335062
4071.0,1.252046,2.558233,93.6618,4.200769,,8867,-1.449405,1.636937,60.219,3.5451325426970235
4072.0,1.250744,2.558581,93.6745,4.201079,,8868,-1.449405,1.637339,60.2338,3.5276519378880002
4073.0,1.250744,2.558928,93.6872,4.201079,,8869,-1.449405,1.637742,60.2486,3.5384101766576266
4074.0,1.24721,2.559274,93.6999,4.200769,,8870,-1.449405,1.638144,60.2634,3.5494274107890282
4075.0,1.245536,2.559621,93.7125,4.200769,,8871,-1.449405,1.638547,60.2782,3.523196633073719
4076.0,1.245536,2.559967,93.7252,4.200769,,8872,-1.449405,1.63895,60.293,3.5287474968244044
4077.0,1.239211,2.560311,93.7378,4.200769,,8873,-1.449405,1.639352,60.3078,3.5287728488502355
4078.0,1.239211,2.560655,93.7504,4.200769,,8874,-1.449405,1.639755,60.3227,3.546291987549563
4079.0,1.238839,2.560999,93.763,4.200769,,8875,-1.449405,1.640157,60.3375,3.5345493474863345
4080.0,1.238839,2.561343,93.7756,4.200769,,8876,-1.449219,1.64056,60.3523,3.544409129586782
4081.0,1.235491,2.561687,93.7882,4.200769,,8877,-1.449219,1.640963,60.3671,3.5284899313503066
4082.0,1.235491,2.56203,93.8007,4.200769,,8878,-1.449219,1.641365,60.3819,3.546923905444931
4083.0,1.231771,2.562372,93.8133,4.200769,,8879,-1.449219,1.641768,60.3967,3.540966370466282
4084.0,1.231771,2.562714,93.8258,4.200769,,8880,-1.449219,1.64217,60.4115,3.5357909210513783
4085.0,1.230655,2.563056,93.8383,4.200769,,8881,-1.449219,1.642573,60.4263,3.5377157707727873
4086.0,1.230655,2.563398,93.8508,4.200769,,8882,-1.449219,1.642975,60.4411,3.5450348368652898
4087.0,1.224702,2.563738,93.8633,4.201079,,8883,-1.449219,1.643378,60.4559,3.538457976608962
4088.0,1.222842,2.564077,93.8757,4.201079,,8884,-1.449219,1.643781,60.4707,3.544957636545765
4089.0,1.222842,2.564417,93.8882,4.200769,,8885,-1.449033,1.644183,60.4856,3.5314795338077727
4090.0,1.21875,2.564756,93.9006,4.200769,,8886,-1.449033,1.644586,60.5004,3.5225410421186574
4091.0,1.21875,2.565094,93.9129,4.201079,,8887,-1.449219,1.644988,60.5152,3.532267930752562
4092.0,1.216704,2.565432,93.9253,4.201079,,8888,-1.449219,1.645391,60.53,3.5377093047771
4093.0,1.216704,2.56577,93.9377,4.200769,,8889,-1.449219,1.645793,60.5448,3.5321102110253517
4094.0,1.214658,2.566108,93.95,4.200769,,8890,-1.449219,1.646196,60.5596,3.5404889303569336
4095.0,1.214658,2.566445,93.9624,4.200769,,8891,-1.449405,1.646598,60.5744,3.5290368220187514
4096.0,1.210938,2.566781,93.9747,4.200769,,8892,-1.449405,1.647001,60.5892,3.537966142029396
4097.0,1.210938,2.567118,93.987,4.200769,,8893,-1.449405,1.647404,60.604,3.528035092358503
4098.0,1.207775,2.567453,93.9993,4.201079,,8894,-1.449219,1.647806,60.6188,3.5311334307363627
4099.0,1.207775,2.567789,94.0116,4.201079,,8895,-1.449219,1.648209,60.6336,3.519776262801455
4100.0,1.205357,2.568124,94.0238,4.201079,,8896,-1.449219,1.648611,60.6485,3.552699549945272
4101.0,1.205357,2.568458,94.0361,4.201079,,8897,-1.449219,1.649014,60.6633,3.550634792919628
4102.0,1.203125,2.568793,94.0483,4.201079,,8898,-1.449591,1.649417,60.6781,3.5235414189508227
4103.0,1.203125,2.569127,94.0606,4.201079,,8899,-1.449591,1.649819,60.6929,3.5197960481317825
4104.0,1.200707,2.56946,94.0728,4.200769,,8900,-1.449591,1.650222,60.7077,3.5515767241803564
4105.0,1.195127,2.569792,94.0849,4.200769,,8901,-1.449591,1.650625,60.7225,3.5202037996263753
4106.0,1.195127,2.570124,94.0971,4.200769,,8902,-1.449405,1.651027,60.7373,3.5377799014798086
4107.0,1.192522,2.570456,94.1092,4.200769,,8903,-1.449405,1.65143,60.7521,3.53665512047742
4108.0,1.192522,2.570787,94.1214,4.200769,,8904,-1.449405,1.651832,60.767,3.536624557192028
4109.0,1.190848,2.571118,94.1335,4.200769,,8905,-1.449405,1.652235,60.7818,3.5320756819054067
4110.0,1.190848,2.571448,94.1456,4.200769,,8906,-1.449405,1.652638,60.7966,3.5219498054515936
4111.0,1.188244,2.571779,94.1577,4.200769,,8907,-1.449405,1.65304,60.8114,3.5503724134218997
4112.0,1.188244,2.572109,94.1697,4.200769,,8908,-1.449405,1.653443,60.8262,3.5272845766538197
4113.0,1.185082,2.572438,94.1818,4.200769,,8909,-1.449405,1.653845,60.841,3.518168743694137
4114.0,1.185082,2.572767,94.1938,4.200769,,8910,-1.449405,1.654248,60.8558,3.541237851612405
4115.0,1.182664,2.573095,94.2059,4.200769,,8911,-1.449219,1.654651,60.8706,3.5441184462731563
4116.0,1.182664,2.573424,94.2179,4.200769,,8912,-1.449219,1.655053,60.8854,3.5253215452437336
4117.0,1.178758,2.573751,94.2299,4.200769,,8913,-1.449219,1.655456,60.9002,3.531981256967492
4118.0,1.177269,2.574078,94.2419,4.200769,,8914,-1.449219,1.655858,60.9151,3.5206108463118433
4119.0,1.177269,2.574405,94.2538,4.200769,,8915,-1.449219,1.656261,60.9299,3.5188850347153005
4120.0,1.174665,2.574732,94.2658,4.200769,,8916,-1.449219,1.656663,60.9447,3.538453112492264
4121.0,1.174665,2.575058,94.2777,4.200769,,8917,-1.449405,1.657066,60.9595,3.5086366763010517
4122.0,1.171131,2.575383,94.2896,4.200769,,8918,-1.449219,1.657469,60.9743,3.51563250300457
4123.0,1.171131,2.575709,94.3016,4.200769,,8919,-1.449219,1.657871,60.9891,3.5377889057140046
4124.0,1.167969,2.576033,94.3134,4.201079,,8920,-1.449219,1.658274,61.0039,3.537546451750473
4125.0,1.167969,2.576357,94.3253,4.201079,,8921,-1.449219,1.658676,61.0187,3.5318316682876
4126.0,1.166853,2.576682,94.3372,4.201079,,8922,-1.449219,1.659079,61.0335,3.5295281066931596
4127.0,1.166853,2.577006,94.349,4.201079,,8923,-1.449219,1.659481,61.0483,3.531319080538506
4128.0,1.161458,2.577328,94.3609,4.200769,,8924,-1.449219,1.659884,61.0632,3.5276322740110815
4129.0,1.161458,2.577651,94.3727,4.200769,,8925,-1.449219,1.660287,61.078,3.534744698740498
4130.0,1.158668,2.577973,94.3845,4.200769,,8926,-1.449219,1.660689,61.0928,3.5104378255393787
4131.0,1.157924,2.578295,94.3962,4.200769,,8927,-1.449219,1.661092,61.1076,3.5351018216360344
4132.0,1.157924,2.578616,94.408,4.200769,,8928,-1.449405,1.661494,61.1224,3.5327003984245566
4133.0,1.153832,2.578937,94.4197,4.200769,,8929,-1.449405,1.661897,61.1372,3.536604479407811
4134.0,1.153832,2.579257,94.4315,4.200769,,8930,-1.449405,1.6623,61.152,3.5311985257410616
4135.0,1.15346,2.579577,94.4432,4.200769,,8931,-1.449405,1.662702,61.1668,3.534956968821653
4136.0,1.15346,2.579898,94.4549,4.200769,,8932,-1.449405,1.663105,61.1816,3.5247095327187945
4137.0,1.14788,2.580217,94.4666,4.200769,,8933,-1.449219,1.663507,61.1964,3.5355855253654718
4138.0,1.14788,2.580536,94.4783,4.200769,,8934,-1.449219,1.66391,61.2113,3.518453274914895
4139.0,1.14788,2.580854,94.49,4.200769,,8935,-1.449219,1.664312,61.2261,3.531712702505679
4140.0,1.143601,2.581172,94.5016,4.200769,,8936,-1.449219,1.664715,61.2409,3.5168608750335717
4141.0,1.143601,2.58149,94.5132,4.200769,,8937,-1.449219,1.665118,61.2557,3.5444389049305443
4142.0,1.142299,2.581807,94.5248,4.200769,,8938,-1.449219,1.66552,61.2705,3.527742632755364
4143.0,1.142299,2.582124,94.5365,4.200769,,8939,-1.449219,1.665923,61.2853,3.5332445107855084
4144.0,1.139323,2.582441,94.548,4.200769,,8940,-1.449219,1.666325,61.3001,3.51711332342668
4145.0,1.139323,2.582757,94.5596,4.200769,,8941,-1.449591,1.666728,61.3149,3.527365803136858
4146.0,1.135045,2.583073,94.5712,4.200769,,8942,-1.449591,1.667131,61.3297,3.5284373773545985
4147.0,1.135045,2.583388,94.5827,4.200769,,8943,-1.449591,1.667533,61.3445,3.5310321359874863
4148.0,1.134487,2.583703,94.5942,4.200769,,8944,-1.449591,1.667936,61.3594,3.527879356705041
4149.0,1.134487,2.584018,94.6058,4.200769,,8945,-1.449405,1.668339,61.3742,3.5200566438259875
4150.0,1.13151,2.584332,94.6173,4.200769,,8946,-1.449219,1.668741,61.389,3.5100311689619943
4151.0,1.13151,2.584647,94.6288,4.200769,,8947,-1.449219,1.669144,61.4038,3.4928601471164393
4152.0,1.129092,2.58496,94.6403,4.200769,,8948,-1.449219,1.669546,61.4186,3.5385946141368665
4153.0,1.129092,2.585274,94.6518,4.200769,,8949,-1.449219,1.669949,61.4334,3.530018117963084
4154.0,1.125744,2.585587,94.6632,4.200769,,8950,-1.449405,1.670351,61.4482,3.5293458683119296
4155.0,1.123698,2.585899,94.6747,4.200769,,8951,-1.449405,1.670754,61.463,3.539380451378435
4156.0,1.123698,2.586211,94.6861,4.200769,,8952,-1.449405,1.671157,61.4778,3.532576182569404
4157.0,1.12221,2.586523,94.6975,4.200769,,8953,-1.449405,1.671559,61.4927,3.5293127958866135
4158.0,1.12221,2.586835,94.7089,4.200769,,8954,-1.449591,1.671962,61.5075,3.536906674990943
4159.0,1.119234,2.587146,94.7203,4.201079,,8955,-1.449591,1.672364,61.5223,3.528974938432767
4160.0,1.119234,2.587456,94.7317,4.201079,,8956,-1.449591,1.672767,61.5371,3.525750153133203
4161.0,1.118862,2.587767,94.743,4.201079,,8957,-1.449591,1.67317,61.5519,3.517685038427904
4162.0,1.118862,2.588078,94.7544,4.201079,,8958,-1.449591,1.673573,61.5667,3.530033478156172
4163.0,1.112723,2.588387,94.7657,4.201079,,8959,-1.449591,1.673975,61.5815,3.5252640734940734
4164.0,1.111979,2.588696,94.777,4.201079,,8960,-1.449591,1.674378,61.5963,3.5329404386204994
4165.0,1.111979,2.589005,94.7884,4.201079,,8961,-1.449591,1.67478,61.6112,3.5260164507111162
4166.0,1.108073,2.589313,94.7996,4.201079,,8962,-1.449591,1.675183,61.626,3.51262052764177
4167.0,1.108073,2.58962,94.8109,4.200769,,8963,-1.449405,1.675586,61.6408,3.5279456457486016
4168.0,1.104725,2.589927,94.8221,4.200769,,8964,-1.449405,1.675988,61.6556,3.5127703048292793
4169.0,1.104725,2.590234,94.8334,4.200769,,8965,-1.449405,1.676391,61.6704,3.535989469403002
4170.0,1.104353,2.590541,94.8446,4.200769,,8966,-1.449405,1.676794,61.6852,3.5229575676014617
4171.0,1.104353,2.590848,94.8558,4.200769,,8967,-1.449405,1.677196,61.7,3.5201199175465714
4172.0,1.103423,2.591154,94.867,4.200769,,8968,-1.449219,1.677599,61.7148,3.5313599789883283
4173.0,1.101005,2.59146,94.8782,4.200769,,8969,-1.449219,1.678001,61.7296,3.5447928248287432
4174.0,1.101005,2.591766,94.8894,4.200769,,8970,-1.449219,1.678404,61.7445,3.516604343985112
4175.0,1.09747,2.592071,94.9006,4.200769,,8971,-1.449219,1.678806,61.7593,3.5177141606885236
4176.0,1.09747,2.592376,94.9118,4.200769,,8972,-1.449219,1.679209,61.7741,3.536222828989717
4177.0,1.097284,2.59268,94.9229,4.200769,,8973,-1.449219,1.679612,61.7889,3.5220958537345526
4178.0,1.097284,2.592985,94.9341,4.200769,,8974,-1.449219,1.680014,61.8037,3.5285359742987694
4179.0,1.09189,2.593288,94.9452,4.200769,,8975,-1.449219,1.680417,61.8185,3.530760032795897
4180.0,1.09189,2.593592,94.9563,4.200769,,8976,-1.449405,1.680819,61.8333,3.514403518191632
4181.0,1.090774,2.593895,94.9674,4.201079,,8977,-1.449405,1.681222,61.8481,3.524775233554754
4182.0,1.090774,2.594198,94.9785,4.201079,,8978,-1.449405,1.681625,61.8629,3.527536747176711
4183.0,1.088356,2.5945,94.9895,4.200769,,8979,-1.449405,1.682027,61.8777,3.5156599325777442
4184.0,1.088356,2.594802,95.0006,4.200769,,8980,-1.449033,1.68243,61.8926,3.5212118243418824
4185.0,1.08538,2.595104,95.0117,4.200769,,8981,-1.449033,1.682832,61.9074,3.5135064910749554
4186.0,1.082031,2.595404,95.0227,4.200769,,8982,-1.449033,1.683235,61.9222,3.5298856642692895
4187.0,1.082031,2.595705,95.0337,4.200769,,8983,-1.449405,1.683637,61.937,3.5290304265223202
4188.0,1.081659,2.596005,95.0447,4.200769,,8984,-1.449405,1.68404,61.9518,3.5440715791844397
4189.0,1.081659,2.596306,95.0557,4.200769,,8985,-1.449405,1.684443,61.9666,3.5253397228832606
4190.0,1.077009,2.596605,95.0666,4.200769,,8986,-1.449405,1.684845,61.9814,3.522423894718367
4191.0,1.077009,2.596904,95.0776,4.200769,,8987,-1.449405,1.685248,61.9962,3.52132148149292
4192.0,1.075707,2.597203,95.0885,4.200769,,8988,-1.449405,1.68565,62.011,3.5146674056181966
4193.0,1.075707,2.597502,95.0994,4.200769,,8989,-1.449405,1.686053,62.0258,3.542988164255933
4194.0,1.073661,2.5978,95.1104,4.200769,,8990,-1.449405,1.686456,62.0407,3.5255976851218342
4195.0,1.073661,2.598098,95.1213,4.200769,,8991,-1.449405,1.686858,62.0555,3.5181541775055956
4196.0,1.06901,2.598395,95.1322,4.200769,,8992,-1.449405,1.687261,62.0703,3.541165801679105
4197.0,1.06901,2.598692,95.143,4.200769,,8993,-1.449405,1.687663,62.0851,3.529390614901185
4198.0,1.068267,2.598989,95.1539,4.200769,,8994,-1.449405,1.688066,62.0999,3.5401023110495076
4199.0,1.068267,2.599286,95.1648,4.200769,,8995,-1.449405,1.688469,62.1147,3.51537273837735
4200.0,1.06436,2.599581,95.1756,4.200769,,8996,-1.449405,1.688871,62.1295,3.524766788166107
4201.0,1.06436,2.599877,95.1864,4.200769,,8997,-1.449219,1.689274,62.1443,3.527620733422198
4202.0,1.06436,2.600173,95.1972,4.200769,,8998,-1.449219,1.689676,62.1591,3.5294403036610866
4203.0,1.061384,2.600467,95.208,4.200769,,8999,-1.449219,1.690079,62.174,3.5369994172613017
4204.0,1.061384,2.600762,95.2188,4.200769,,9000,-1.449405,1.690482,62.1888,3.54548047196593
4205.0,1.058222,2.601056,95.2296,4.200769,,9001,-1.449405,1.690884,62.2036,3.5351864324481346
4206.0,1.058222,2.60135,95.2403,4.200769,,9002,-1.449405,1.691287,62.2184,3.532145886135928
4207.0,1.05692,2.601644,95.2511,4.200769,,9003,-1.449405,1.691689,62.2332,3.520438264482436
4208.0,1.05692,2.601938,95.2618,4.200769,,9004,-1.449219,1.692092,62.248,3.537493828233268
4209.0,1.051897,2.60223,95.2725,4.200769,,9005,-1.449219,1.692495,62.2628,3.5267307769203375
4210.0,1.051897,2.602522,95.2832,4.200769,,9006,-1.449219,1.692897,62.2776,3.521601799297261
4211.0,1.051153,2.602814,95.2939,4.200769,,9007,-1.449219,1.6933,62.2924,3.515497466136146
4212.0,1.051153,2.603106,95.3046,4.200769,,9008,-1.449405,1.693702,62.3072,3.5320967833926606
4213.0,1.050967,2.603398,95.3153,4.200769,,9009,-1.449405,1.694105,62.3221,3.5136628724931174
4214.0,1.050967,2.60369,95.326,4.200769,,9010,-1.449405,1.694507,62.3369,3.5194511830402444
4215.0,1.048177,2.603981,95.3367,4.200769,,9011,-1.449405,1.69491,62.3517,3.5133126504803474
4216.0,1.044643,2.604271,95.3473,4.200769,,9012,-1.449405,1.695313,62.3665,3.5465952730517794
4217.0,1.044643,2.604561,95.3579,4.200769,,9013,-1.449219,1.695715,62.3813,3.5441090322672686
4218.0,1.044457,2.604851,95.3685,4.200769,,9014,-1.449219,1.696118,62.3961,3.525872825114014
4219.0,1.044457,2.605141,95.3791,4.200769,,9015,-1.449405,1.69652,62.4109,3.514695081355589
4220.0,1.042225,2.605431,95.3897,4.200769,,9016,-1.449405,1.696923,62.4257,3.519220348747771
4221.0,1.042225,2.605721,95.4003,4.200769,,9017,-1.449219,1.697326,62.4405,3.521126730971254
4222.0,1.038877,2.606009,95.4109,4.200769,,9018,-1.449219,1.697728,62.4553,3.5143421692522763
4223.0,1.038877,2.606298,95.4215,4.200769,,9019,-1.449219,1.698131,62.4702,3.541862796138805
4224.0,1.038877,2.606586,95.432,4.200769,,9020,-1.449219,1.698533,62.485,3.5329284643749284
4225.0,1.038877,2.606875,95.4426,4.200769,,9021,-1.449219,1.698936,62.4998,3.526379408493505
4226.0,1.034784,2.607162,95.4531,4.200769,,9022,-1.449219,1.699338,62.5146,3.5059700035183243
4227.0,1.034784,2.60745,95.4637,4.200769,,9023,-1.449405,1.699741,62.5294,3.5354790714834676
4228.0,1.031808,2.607736,95.4742,4.200769,,9024,-1.449405,1.700144,62.5442,3.4985856212546604
4229.0,1.031808,2.608023,95.4846,4.200769,,9025,-1.449405,1.700546,62.559,3.5324129601300513
4230.0,1.031064,2.608309,95.4951,4.201079,,9026,-1.449405,1.700949,62.5738,3.5090153988193933
4231.0,1.027158,2.608595,95.5056,4.201079,,9027,-1.449405,1.701351,62.5886,3.5169152611267984
4232.0,1.027158,2.60888,95.516,4.201079,,9028,-1.449405,1.701754,62.6035,3.5263177681509843
4233.0,1.024926,2.609165,95.5264,4.200769,,9029,-1.449405,1.702157,62.6183,3.519673879055348
4234.0,1.024926,2.609449,95.5369,4.200769,,9030,-1.449219,1.702559,62.6331,3.50776377429557
4235.0,1.023996,2.609734,95.5473,4.200769,,9031,-1.449219,1.702962,62.6479,3.538181804504167
4236.0,1.023996,2.610018,95.5577,4.200769,,9032,-1.449033,1.703364,62.6627,3.5359750554769542
4237.0,1.021205,2.610302,95.5681,4.201079,,9033,-1.449033,1.703767,62.6775,3.5242094409373785
4238.0,1.021205,2.610586,95.5785,4.201079,,9034,-1.449033,1.704169,62.6923,3.520681445260774
4239.0,1.018973,2.610869,95.5888,4.201079,,9035,-1.449591,1.704572,62.7071,3.5184077190478313
4240.0,1.017299,2.611151,95.5992,4.200769,,9036,-1.449591,1.704975,62.7219,3.5194553259369106
4241.0,1.017299,2.611434,95.6095,4.200769,,9037,-1.449591,1.705377,62.7367,3.517294288557463
4242.0,1.015253,2.611716,95.6198,4.200769,,9038,-1.449591,1.70578,62.7516,3.5132549155776966
4243.0,1.015253,2.611998,95.6302,4.200769,,9039,-1.449591,1.706183,62.7664,3.5047941180747237
4244.0,1.011905,2.612279,95.6405,4.200769,,9040,-1.449591,1.706585,62.7812,3.5367023282628782
4245.0,1.011905,2.61256,95.6508,4.200769,,9041,-1.449219,1.706988,62.796,3.518755272266375
4246.0,1.009115,2.61284,95.661,4.201079,,9042,-1.449219,1.70739,62.8108,3.5108488010053596
4247.0,1.009115,2.613121,95.6713,4.201079,,9043,-1.449219,1.707793,62.8256,3.5272827903078454
4248.0,1.008371,2.613401,95.6815,4.201079,,9044,-1.449219,1.708196,62.8404,3.510738851390614
4249.0,1.008371,2.613681,95.6918,4.201079,,9045,-1.449219,1.708598,62.8552,3.5030171575899707
4250.0,1.005952,2.61396,95.702,4.201079,,9046,-1.449219,1.709001,62.87,3.5145152740491454
4251.0,1.001674,2.614239,95.7122,4.201079,,9047,-1.449219,1.709403,62.8848,3.5262095503719006
4252.0,1.001674,2.614517,95.7224,4.201079,,9048,-1.449219,1.709806,62.8997,3.5254070215806266
4253.0,1.000558,2.614795,95.7326,4.201079,,9049,-1.449219,1.710208,62.9145,3.5350987863336583
4254.0,1.000558,2.615072,95.7427,4.201079,,9050,-1.449591,1.710611,62.9293,3.5114617551735363
4255.0,0.999628,2.61535,95.7529,4.201079,,9051,-1.449591,1.711014,62.9441,3.5047050992523148
4256.0,0.999628,2.615628,95.7631,4.201079,,9052,-1.449591,1.711416,62.9589,3.498330777487021
4257.0,0.997396,2.615905,95.7732,4.200769,,9054,-1.449405,1.712222,62.9885,3.505042924495539
4258.0,0.997396,2.616182,95.7834,4.200769,,9055,-1.449405,1.712624,63.0033,3.5182350615260027
4259.0,0.99535,2.616459,95.7935,4.200769,,9056,-1.449219,1.713027,63.0182,3.52946995713839
4260.0,0.99535,2.616735,95.8036,4.200769,,9057,-1.449219,1.713429,63.033,3.5114791797324334
4261.0,0.993676,2.617011,95.8137,4.200769,,9058,-1.449219,1.713832,63.0478,3.516766986198073
4262.0,0.993676,2.617287,95.8238,4.200769,,9059,-1.449219,1.714234,63.0626,3.5232879560753765
4263.0,0.993304,2.617563,95.8339,4.200769,,9060,-1.449219,1.714637,63.0774,3.501813070116471
4264.0,0.993304,2.617839,95.844,4.200769,,9061,-1.449219,1.71504,63.0922,3.5172502445914735
4265.0,0.989397,2.618114,95.8541,4.200769,,9062,-1.449219,1.715442,63.107,3.5135898999708215
4266.0,0.987909,2.618388,95.8641,4.201079,,9063,-1.449219,1.715845,63.1218,3.5122037749207182
4267.0,0.987909,2.618663,95.8742,4.201079,,9064,-1.449219,1.716247,63.1366,3.5066450167533
4268.0,0.983817,2.618936,95.8842,4.200769,,9065,-1.449219,1.71665,63.1514,3.5254607248545673
4269.0,0.983817,2.619209,95.8942,4.200769,,9066,-1.449219,1.717052,63.1662,3.506816202179346
4270.0,0.981957,2.619482,95.9042,4.200769,,9067,-1.449405,1.717455,63.1811,3.5033577826996045
4271.0,0.981957,2.619755,95.9142,4.200769,,9068,-1.449405,1.717858,63.1959,3.516751894694574
4272.0,0.980097,2.620027,95.9241,4.200769,,9069,-1.449219,1.71826,63.2107,3.513028317082005
4273.0,0.980097,2.620299,95.9341,4.200769,,9070,-1.449219,1.718663,63.2255,3.5368066493517643
4274.0,0.978609,2.620571,95.944,4.201079,,9071,-1.449219,1.719065,63.2403,3.520007455311887
4275.0,0.978609,2.620843,95.954,4.201079,,9072,-1.449219,1.719468,63.2551,3.507286103095206
4276.0,0.978423,2.621115,95.964,4.201079,,9073,-1.449219,1.71987,63.2699,3.519356130094175
4277.0,0.978423,2.621387,95.9739,4.201079,,9074,-1.449405,1.720273,63.2847,3.534552683014376
4278.0,0.976935,2.621658,95.9838,4.201079,,9075,-1.449405,1.720676,63.2995,3.5112059518827867
4279.0,0.97247,2.621928,95.9937,4.200769,,9076,-1.449405,1.721078,63.3143,3.499407651209297
4280.0,0.97247,2.622198,96.0036,4.200769,,9077,-1.449405,1.721481,63.3292,3.5227007295072688
4281.0,0.970982,2.622468,96.0135,4.200769,,9078,-1.449405,1.721883,63.344,3.515874476588937
4282.0,0.970982,2.622737,96.0234,4.200769,,9079,-1.449405,1.722286,63.3588,3.524270906033394
4283.0,0.97061,2.623007,96.0332,4.200769,,9080,-1.449591,1.722689,63.3736,3.526628615587293
4284.0,0.97061,2.623277,96.0431,4.200769,,9081,-1.449591,1.723091,63.3884,3.5033839637697795
4285.0,0.96782,2.623546,96.053,4.200769,,9082,-1.449777,1.723494,63.4032,3.508082297332416
4286.0,0.96782,2.623814,96.0628,4.200769,,9083,-1.449777,1.723897,63.418,3.5169810969744426
4287.0,0.964844,2.624082,96.0726,4.200769,,9084,-1.449777,1.7243,63.4328,3.514152077512211
4288.0,0.964844,2.62435,96.0824,4.200769,,9085,-1.449777,1.724702,63.4477,3.5061146963097074
4289.0,0.963542,2.624618,96.0922,4.200769,,9086,-1.449591,1.725105,63.4625,3.5238719452806597
4290.0,0.963542,2.624886,96.102,4.200769,,9087,-1.449591,1.725508,63.4773,3.515279146697861
4291.0,0.960938,2.625153,96.1118,4.200769,,9088,-1.449405,1.72591,63.4921,3.515877206207436
4292.0,0.959635,2.625419,96.1216,4.200769,,9089,-1.449405,1.726313,63.5069,3.5250984533361986
4293.0,0.959635,2.625686,96.1313,4.201079,,9090,-1.449405,1.726715,63.5217,3.5160479848480657
4294.0,0.957403,2.625952,96.1411,4.201079,,9091,-1.449405,1.727118,63.5365,3.5163299023858463
4295.0,0.957403,2.626218,96.1508,4.200769,,9092,-1.449405,1.727521,63.5513,3.495460420678854
4296.0,0.953311,2.626482,96.1605,4.200769,,9093,-1.449405,1.727923,63.5662,3.518114170468959
4297.0,0.953311,2.626747,96.1702,4.200769,,9094,-1.449405,1.728326,63.581,3.516630139533067
4298.0,0.953125,2.627012,96.1799,4.200769,,9095,-1.449405,1.728729,63.5958,3.513373847832089
4299.0,0.953125,2.627277,96.1896,4.200769,,9096,-1.449405,1.729131,63.6106,3.5136086670873765
4300.0,0.951265,2.627541,96.1992,4.200769,,9097,-1.449405,1.729534,63.6254,3.4981203834507806
4301.0,0.951265,2.627805,96.2089,4.200769,,9098,-1.449405,1.729936,63.6402,3.5092306335474066
4302.0,0.948847,2.628069,96.2186,4.200769,,9099,-1.449405,1.730339,63.655,3.521567113980568
4303.0,0.948847,2.628332,96.2282,4.200769,,9100,-1.449405,1.730742,63.6698,3.516394560313822
4304.0,0.946801,2.628595,96.2378,4.200769,,9101,-1.449405,1.731144,63.6846,3.5302615787538363
4305.0,0.946243,2.628858,96.2475,4.200769,,9102,-1.449405,1.731547,63.6995,3.5061453100815014
4306.0,0.946243,2.629121,96.2571,4.200769,,9103,-1.449405,1.731949,63.7143,3.5212395193137485
4307.0,0.94401,2.629383,96.2667,4.200769,,9104,-1.449405,1.732352,63.7291,3.5055076545632113
4308.0,0.94401,2.629646,96.2763,4.200769,,9105,-1.449405,1.732755,63.7439,3.5146937222671273
4309.0,0.941964,2.629907,96.2859,4.200769,,9106,-1.449405,1.733157,63.7587,3.517254612150294
4310.0,0.941964,2.630169,96.2954,4.200769,,9107,-1.449405,1.73356,63.7735,3.514055711580304
4311.0,0.939918,2.63043,96.305,4.200769,,9108,-1.449405,1.733962,63.7883,3.5129417261601903
4312.0,0.939918,2.630691,96.3146,4.200769,,9109,-1.449405,1.734365,63.8031,3.5042156579197297
4313.0,0.938058,2.630952,96.3241,4.200769,,9110,-1.449405,1.734768,63.8179,3.5176379269297557
4314.0,0.938058,2.631212,96.3336,4.200769,,9111,-1.449405,1.73517,63.8328,3.5057937357155353
4315.0,0.936384,2.631472,96.3432,4.200769,,9112,-1.449405,1.735573,63.8476,3.5222665819277608
4316.0,0.935826,2.631732,96.3527,4.200769,,9113,-1.449405,1.735976,63.8624,3.5185837695205744
4317.0,0.935826,2.631992,96.3622,4.200769,,9114,-1.449405,1.736378,63.8772,3.503337614329061
4318.0,0.933222,2.632252,96.3717,4.200769,,9115,-1.449405,1.736781,63.892,3.5098756182851307
4319.0,0.933222,2.632511,96.3812,4.200769,,9116,-1.449405,1.737183,63.9068,3.5125142516800585
4320.0,0.930618,2.632769,96.3906,4.200769,,9117,-1.449591,1.737586,63.9216,3.5424451172262916
4321.0,0.930618,2.633028,96.4001,4.200769,,9118,-1.449591,1.737989,63.9364,3.5033697962409747
4322.0,0.927641,2.633285,96.4095,4.200769,,9119,-1.449405,1.738391,63.9512,3.5216885979398067
4323.0,0.927641,2.633543,96.419,4.200769,,9120,-1.449405,1.738794,63.9661,3.496407434629056
4324.0,0.926897,2.633801,96.4284,4.200769,,9121,-1.449405,1.739197,63.9809,3.5069513715186487
4325.0,0.926897,2.634058,96.4378,4.200769,,9122,-1.449405,1.739599,63.9957,3.521998271242109
4326.0,0.923921,2.634315,96.4472,4.200769,,9123,-1.449405,1.740002,64.0105,3.509457774166632
4327.0,0.923921,2.634571,96.4566,4.200769,,9124,-1.449405,1.740404,64.0253,3.5113032836453493
4328.0,0.922619,2.634828,96.466,4.200769,,9125,-1.449405,1.740807,64.0401,3.510135051579539
4329.0,0.921689,2.635083,96.4754,4.200769,,9126,-1.449591,1.74121,64.0549,3.507996045399604
4330.0,0.921689,2.635339,96.4848,4.200769,,9127,-1.449591,1.741612,64.0697,3.5378574104518417
4331.0,0.920201,2.635595,96.4941,4.200769,,9128,-1.449591,1.742015,64.0846,3.5113763101283415
4332.0,0.920201,2.635851,96.5035,4.200769,,9129,-1.449591,1.742418,64.0994,3.5271035271774713
4333.0,0.916667,2.636106,96.5128,4.200769,,9130,-1.449591,1.74282,64.1142,3.5260343143000386
4334.0,0.916667,2.63636,96.5221,4.200769,,9131,-1.449591,1.743223,64.129,3.4993544873533162
4335.0,0.915737,2.636614,96.5314,4.200769,,9132,-1.449219,1.743626,64.1438,3.504087290541413
4336.0,0.915737,2.636869,96.5407,4.200769,,9133,-1.449219,1.744028,64.1586,3.5123794461255966
4337.0,0.913505,2.637123,96.55,4.200769,,9134,-1.449219,1.744431,64.1734,3.5282750414839867
4338.0,0.913505,2.637376,96.5593,4.200769,,9135,-1.449219,1.744833,64.1882,3.5194121617171583
4339.0,0.912202,2.63763,96.5686,4.200769,,9136,-1.449405,1.745236,64.203,3.524276680386505
4340.0,0.912202,2.637883,96.5779,4.200769,,9137,-1.449405,1.745638,64.2178,3.5017418655046444
4341.0,0.9109,2.638136,96.5871,4.200769,,9138,-1.449405,1.746041,64.2327,3.512163735647947
4342.0,0.9109,2.638389,96.5964,4.200769,,9139,-1.449219,1.746444,64.2475,3.524440994290803
4343.0,0.907552,2.638641,96.6056,4.200769,,9140,-1.449219,1.746846,64.2623,3.507190412531335
4344.0,0.907552,2.638893,96.6149,4.200769,,9141,-1.449219,1.747249,64.2771,3.5161037381290776
4345.0,0.907552,2.639145,96.6241,4.200769,,9142,-1.449219,1.747651,64.2919,3.507094412662063
4346.0,0.907552,2.639398,96.6333,4.200769,,9143,-1.449219,1.748054,64.3067,3.5067873756843815
4347.0,0.907552,2.63965,96.6426,4.200769,,9144,-1.449219,1.748456,64.3215,3.500445882048958
4348.0,0.904204,2.639901,96.6517,4.200769,,9145,-1.449219,1.748859,64.3363,3.519331831364927
4349.0,0.904204,2.640152,96.6609,4.201079,,9146,-1.449219,1.749261,64.3511,3.5223971043752274
4350.0,0.900112,2.640402,96.6701,4.201079,,9147,-1.449219,1.749664,64.3659,3.5117302802166988
4351.0,0.900112,2.640652,96.6793,4.201079,,9148,-1.449219,1.750067,64.3808,3.5251905650233475
4352.0,0.899368,2.640902,96.6884,4.200769,,9149,-1.449219,1.750469,64.3956,3.519184076377683
4353.0,0.899368,2.641152,96.6975,4.200769,,9150,-1.449405,1.750872,64.4104,3.510194281086401
4354.0,0.898066,2.641401,96.7067,4.200769,,9151,-1.449405,1.751274,64.4252,3.5115625188248605
4355.0,0.898066,2.641651,96.7158,4.200769,,9152,-1.449405,1.751677,64.44,3.520804029214723
4356.0,0.896763,2.6419,96.7249,4.200769,,9153,-1.449405,1.75208,64.4548,3.504759068723035
4357.0,0.896763,2.642149,96.7341,4.200769,,9154,-1.449405,1.752482,64.4696,3.5189797799490328
4358.0,0.893415,2.642397,96.7431,4.200769,,9155,-1.449405,1.752885,64.4844,3.49633046098341
4359.0,0.893415,2.642645,96.7522,4.200769,,9156,-1.449591,1.753288,64.4992,3.517805242049185
4360.0,0.892485,2.642893,96.7613,4.200769,,9157,-1.449591,1.75369,64.5141,3.5026839748914784
4361.0,0.892485,2.643141,96.7704,4.200769,,9158,-1.449591,1.754093,64.5289,3.517884913761505
4362.0,0.889881,2.643388,96.7794,4.200769,,9159,-1.449591,1.754496,64.5437,3.52241111654525
4363.0,0.889137,2.643635,96.7885,4.200769,,9160,-1.449591,1.754898,64.5585,3.4946440623636357
4364.0,0.889137,2.643882,96.7975,4.200769,,9161,-1.449591,1.755301,64.5733,3.499927639730469
4365.0,0.886905,2.644129,96.8065,4.200769,,9162,-1.449219,1.755703,64.5881,3.518132615764875
4366.0,0.886905,2.644375,96.8156,4.200769,,9163,-1.449219,1.756106,64.6029,3.500923876515648
4367.0,0.884301,2.64462,96.8245,4.200769,,9164,-1.449219,1.756509,64.6177,3.5160971420046057
4368.0,0.884301,2.644866,96.8335,4.200769,,9165,-1.449033,1.756911,64.6325,3.503012523685273
4369.0,0.883743,2.645112,96.8425,4.200769,,9166,-1.449033,1.757314,64.6474,3.5063952315929114
4370.0,0.883743,2.645357,96.8515,4.200769,,9167,-1.449219,1.757716,64.6622,3.516719019295945
4371.0,0.881697,2.645602,96.8605,4.200769,,9168,-1.449219,1.758119,64.677,3.4872976097660446
4372.0,0.880208,2.645847,96.8694,4.200769,,9169,-1.449219,1.758521,64.6918,3.5215084013841302
4373.0,0.880208,2.646091,96.8784,4.200769,,9170,-1.449219,1.758924,64.7066,3.5082468962254008
4374.0,0.879092,2.646335,96.8873,4.200769,,9171,-1.449405,1.759326,64.7214,3.510925620707071
4375.0,0.879092,2.64658,96.8963,4.200769,,9172,-1.449405,1.759729,64.7362,3.5114405200541188
4376.0,0.879092,2.646824,96.9052,4.200769,,9173,-1.449219,1.760132,64.751,3.519919221088154
4377.0,0.879092,2.647068,96.9141,4.200769,,9174,-1.449591,1.760534,64.7658,3.495413564486342
4378.0,0.875372,2.647311,96.923,4.200769,,9175,-1.449591,1.760937,64.7806,3.5193824475058424
4379.0,0.875372,2.647554,96.932,4.200769,,9176,-1.449405,1.76134,64.7955,3.5117624632088473
4380.0,0.873512,2.647797,96.9408,4.200769,,9177,-1.449405,1.761742,64.8103,3.520965511680358
4381.0,0.873512,2.648039,96.9497,4.200769,,9178,-1.449405,1.762145,64.8251,3.5011530720474937
4382.0,0.872582,2.648282,96.9586,4.200769,,9179,-1.449405,1.762547,64.8399,3.4919847137696625
4383.0,0.872582,2.648524,96.9675,4.200769,,9180,-1.449405,1.76295,64.8547,3.509152270363934
4384.0,0.871466,2.648766,96.9763,4.201079,,9181,-1.449405,1.763353,64.8695,3.5152207445654113
4385.0,0.871466,2.649008,96.9852,4.201079,,9182,-1.449219,1.763755,64.8843,3.504640626240194
4386.0,0.869606,2.64925,96.994,4.201079,,9183,-1.449219,1.764158,64.8991,3.512914453812088
4387.0,0.86756,2.649491,97.0029,4.201079,,9184,-1.449219,1.76456,64.9139,3.504161841641419
4388.0,0.86756,2.649732,97.0117,4.201079,,9185,-1.449219,1.764963,64.9287,3.5249320834352074
4389.0,0.867002,2.649973,97.0205,4.200769,,9186,-1.449405,1.765365,64.9436,3.5057229967465617
4390.0,0.867002,2.650213,97.0293,4.200769,,9187,-1.449405,1.765768,64.9584,3.496606460683482
4391.0,0.862723,2.650453,97.0381,4.200769,,9188,-1.449405,1.766171,64.9732,3.519217120322981
4392.0,0.862723,2.650693,97.0469,4.200769,,9189,-1.449219,1.766573,64.988,3.4921274719658135
4393.0,0.860863,2.650932,97.0556,4.200769,,9190,-1.449219,1.766976,65.0028,3.5123197186089876
4394.0,0.860863,2.651171,97.0644,4.200769,,9191,-1.449219,1.767378,65.0176,3.510734359251241
4395.0,0.859561,2.65141,97.0731,4.200769,,9192,-1.449219,1.767781,65.0324,3.5020416009783153
4396.0,0.859561,2.651649,97.0819,4.200769,,9193,-1.449405,1.768183,65.0472,3.5100482410302574
4397.0,0.859003,2.651887,97.0906,4.200769,,9194,-1.449405,1.768586,65.062,3.5185527077168337
4398.0,0.859003,2.652126,97.0993,4.200769,,9195,-1.449405,1.768989,65.0769,3.5254727187399415
4399.0,0.858259,2.652364,97.1081,4.200769,,9196,-1.449405,1.769391,65.0917,3.508997924853415
4400.0,0.858259,2.652603,97.1168,4.200769,,9197,-1.449405,1.769794,65.1065,3.5003635457743503
4401.0,0.855655,2.65284,97.1255,4.200769,,9198,-1.449219,1.770197,65.1213,3.501305562176952
4402.0,0.853609,2.653077,97.1342,4.200769,,9199,-1.449219,1.770599,65.1361,3.5091638584939995
4403.0,0.853609,2.653315,97.1429,4.200769,,9200,-1.449219,1.771002,65.1509,3.5150709012975248
4404.0,0.852307,2.653551,97.1515,4.200769,,9201,-1.449219,1.771404,65.1657,3.5044701772961457
4405.0,0.852307,2.653788,97.1602,4.200769,,9202,-1.449405,1.771807,65.1805,3.5014228417644815
4406.0,0.851935,2.654025,97.1689,4.201079,,9203,-1.449405,1.772209,65.1953,3.511191939342368
4407.0,0.851935,2.654261,97.1775,4.201079,,9204,-1.449405,1.772612,65.2102,3.4888721638086024
4408.0,0.85026,2.654498,97.1862,4.201079,,9205,-1.449405,1.773015,65.225,3.5099671718519705
4409.0,0.85026,2.654734,97.1948,4.201079,,9206,-1.449591,1.773417,65.2398,3.521556648098341
4410.0,0.845796,2.654969,97.2034,4.201079,,9207,-1.449591,1.77382,65.2546,3.499065135024535
4411.0,0.845796,2.655204,97.212,4.201079,,9208,-1.449591,1.774223,65.2694,3.504167675349993
4412.0,0.845238,2.655438,97.2206,4.200769,,9209,-1.449591,1.774625,65.2842,3.5114427494010765
4413.0,0.845238,2.655673,97.2292,4.200769,,9210,-1.449405,1.775028,65.299,3.508643693835737
4414.0,0.843192,2.655907,97.2378,4.200769,,9211,-1.449405,1.775431,65.3138,3.5056707771617934
4415.0,0.84282,2.656142,97.2464,4.200769,,9212,-1.449405,1.775833,65.3286,3.513520535425223
4416.0,0.84282,2.656376,97.2549,4.200769,,9213,-1.449405,1.776236,65.3435,3.5073168193809767
4417.0,0.837612,2.656608,97.2634,4.200769,,9214,-1.449405,1.776638,65.3583,3.498127866585552
4418.0,0.837612,2.656841,97.272,4.200769,,9215,-1.449405,1.777041,65.3731,3.4999350350359033
4419.0,0.837612,2.657074,97.2805,4.201079,,9216,-1.449405,1.777444,65.3879,3.5229368369048792
4420.0,0.837612,2.657306,97.289,4.201079,,9217,-1.449405,1.777846,65.4027,3.5037846517117743
4421.0,0.83724,2.657539,97.2975,4.201079,,9218,-1.449405,1.778249,65.4175,3.51030269565237
4422.0,0.83724,2.657771,97.306,4.201079,,9219,-1.449405,1.778651,65.4323,3.498243334121351
4423.0,0.835752,2.658004,97.3145,4.200769,,9220,-1.449405,1.779054,65.4471,3.520682988869638
4424.0,0.835752,2.658236,97.323,4.200769,,9221,-1.449405,1.779457,65.4619,3.511767587086479
4425.0,0.835566,2.658468,97.3315,4.200769,,9222,-1.449405,1.779859,65.4768,3.509342608867112
4426.0,0.835566,2.6587,97.34,4.200769,,9223,-1.449405,1.780262,65.4916,3.518356422600089
4427.0,0.831473,2.658931,97.3485,4.200769,,9224,-1.449405,1.780665,65.5064,3.494274872366406
4428.0,0.829985,2.659162,97.3569,4.200769,,9225,-1.449405,1.781067,65.5212,3.5020655559387115
4429.0,0.829985,2.659392,97.3654,4.200769,,9226,-1.449405,1.78147,65.536,3.496509191520682
4430.0,0.829613,2.659622,97.3738,4.200769,,9227,-1.449405,1.781872,65.5508,3.509328444601862
4431.0,0.829613,2.659853,97.3822,4.200769,,9228,-1.449405,1.782275,65.5656,3.503187383026491
4432.0,0.828125,2.660083,97.3907,4.200769,,9229,-1.449405,1.782678,65.5804,3.4827395527883587
4433.0,0.828125,2.660313,97.3991,4.200769,,9230,-1.449405,1.78308,65.5952,3.5203811870990993
4434.0,0.826823,2.660543,97.4075,4.200769,,9231,-1.449405,1.783483,65.6101,3.5165267671500087
4435.0,0.826823,2.660772,97.4159,4.200769,,9232,-1.449405,1.783885,65.6249,3.495562214616822
4436.0,0.826265,2.661002,97.4243,4.200769,,9233,-1.449405,1.784288,65.6397,3.4852981898272026
4437.0,0.826265,2.661231,97.4327,4.200769,,9234,-1.449219,1.784691,65.6545,3.510177142368652
4438.0,0.824219,2.66146,97.4411,4.200769,,9235,-1.449219,1.785093,65.6693,3.505825846782225
4439.0,0.824219,2.661689,97.4495,4.200769,,9236,-1.449405,1.785496,65.6841,3.513754080813093
4440.0,0.821429,2.661917,97.4578,4.200769,,9237,-1.449405,1.785898,65.6989,3.5044730945787212
4441.0,0.819755,2.662145,97.4662,4.200769,,9238,-1.449405,1.786301,65.7137,3.4950751374834246
4442.0,0.819755,2.662373,97.4745,4.200769,,9239,-1.449405,1.786704,65.7285,3.5092386366708057
4443.0,0.818266,2.6626,97.4828,4.200769,,9240,-1.449405,1.787106,65.7434,3.49327370153684
4444.0,0.818266,2.662827,97.4911,4.200769,,9241,-1.449033,1.787509,65.7582,3.5071822646659574
4445.0,0.81808,2.663055,97.4995,4.200769,,9242,-1.449033,1.787911,65.773,3.5068958722786863
4446.0,0.81808,2.663282,97.5078,4.200769,,9243,-1.449033,1.788314,65.7878,3.522025313037119
4447.0,0.815662,2.663508,97.5161,4.200769,,9244,-1.449033,1.788716,65.8026,3.506777726525246
4448.0,0.815662,2.663735,97.5244,4.200769,,9245,-1.449405,1.789119,65.8174,3.490375790272887
4449.0,0.814732,2.663961,97.5327,4.200769,,9246,-1.449405,1.789521,65.8322,3.5186932017419283
4450.0,0.814732,2.664188,97.5409,4.200769,,9247,-1.449405,1.789924,65.847,3.503374320410596
4451.0,0.814546,2.664414,97.5492,4.200769,,9248,-1.449405,1.790327,65.8618,3.5173071236463724
4452.0,0.81343,2.66464,97.5575,4.200769,,9249,-1.449405,1.790729,65.8766,3.5042518370646487
4453.0,0.81343,2.664866,97.5658,4.200769,,9250,-1.449405,1.791132,65.8914,3.5019451783314923
4454.0,0.808222,2.66509,97.574,4.200769,,9251,-1.449591,1.791535,65.9063,3.490137313337037
4455.0,0.808222,2.665315,97.5822,4.200769,,9252,-1.449591,1.791937,65.9211,3.501767905035951
4456.0,0.807292,2.665539,97.5904,4.200769,,9253,-1.449591,1.79234,65.9359,3.5139006033220803
4457.0,0.807292,2.665763,97.5986,4.200769,,9254,-1.449219,1.792742,65.9507,3.504375273559999
4458.0,0.80599,2.665987,97.6068,4.200769,,9255,-1.449219,1.793145,65.9655,3.490315651204994
4459.0,0.805618,2.666211,97.615,4.200769,,9256,-1.449219,1.793548,65.9803,3.508013337848316
4460.0,0.805618,2.666435,97.6232,4.200769,,9257,-1.449219,1.79395,65.9951,3.5060486310726504
4461.0,0.805618,2.666659,97.6314,4.200769,,9258,-1.449405,1.794353,66.0099,3.508443411132412
4462.0,0.804502,2.666882,97.6396,4.200769,,9259,-1.449405,1.794755,66.0247,3.50844618650645
4463.0,0.804502,2.667106,97.6478,4.200769,,9260,-1.449405,1.795158,66.0396,3.5105897025279043
4464.0,0.802641,2.667329,97.6559,4.200769,,9261,-1.449405,1.795561,66.0544,3.4948808865607255
4465.0,0.800967,2.667551,97.6641,4.200769,,9262,-1.449219,1.795963,66.0692,3.490959809499904
4466.0,0.800967,2.667773,97.6722,4.200769,,9263,-1.449219,1.796366,66.084,3.483752625571728
4467.0,0.799851,2.667996,97.6804,4.200769,,9264,-1.449219,1.796768,66.0988,3.4913436367558264
4468.0,0.799851,2.668218,97.6885,4.200769,,9265,-1.449219,1.797171,66.1136,3.5064399372509256
4469.0,0.797991,2.66844,97.6966,4.200769,,9266,-1.449219,1.797573,66.1284,3.493282425740338
4470.0,0.797991,2.668661,97.7047,4.200769,,9267,-1.449219,1.797976,66.1432,3.4959310621402846
4471.0,0.796131,2.668882,97.7128,4.200769,,9268,-1.449219,1.798379,66.158,3.518094049554163
4472.0,0.795945,2.669103,97.7209,4.200769,,9269,-1.449591,1.798781,66.1728,3.4856794339613595
4473.0,0.795945,2.669325,97.729,4.200769,,9270,-1.449591,1.799184,66.1877,3.5135704621509762
4474.0,0.795945,2.669546,97.7371,4.200769,,9271,-1.449405,1.799586,66.2025,3.5133266971597226
4475.0,0.792225,2.669766,97.7452,4.200769,,9272,-1.449405,1.799989,66.2173,3.4941543368705017
4476.0,0.792225,2.669986,97.7532,4.200769,,9273,-1.449405,1.800392,66.2321,3.4980735924595336
4477.0,0.792225,2.670206,97.7613,4.200769,,9274,-1.449405,1.800794,66.2469,3.5054250840745156
4478.0,0.790179,2.670425,97.7693,4.200769,,9275,-1.449405,1.801197,66.2617,3.497778756182702
4479.0,0.790179,2.670645,97.7773,4.200769,,9276,-1.449405,1.8016,66.2765,3.4990250131985365
4480.0,0.789063,2.670864,97.7854,4.200769,,9277,-1.449405,1.802002,66.2913,3.504258262126396
4481.0,0.789063,2.671083,97.7934,4.200769,,9278,-1.449405,1.802405,66.3062,3.520846997123125
4482.0,0.788877,2.671302,97.8014,4.200769,,9279,-1.449405,1.802807,66.321,3.494275729921407
4483.0,0.788877,2.671521,97.8094,4.200769,,9280,-1.449405,1.80321,66.3358,3.511591181112322
4484.0,0.78683,2.67174,97.8174,4.200769,,9281,-1.449405,1.803613,66.3506,3.480348670755634
4485.0,0.78683,2.671958,97.8254,4.200769,,9282,-1.449405,1.804015,66.3654,3.5126726443004492
4486.0,0.784598,2.672177,97.8334,4.200769,,9283,-1.449405,1.804418,66.3802,3.481133565025801
4487.0,0.784598,2.672395,97.8414,4.200769,,9284,-1.449405,1.80482,66.395,3.496428547338293
4488.0,0.78218,2.672612,97.8494,4.200769,,9285,-1.449405,1.805223,66.4098,3.500161618797843
4489.0,0.781622,2.672829,97.8573,4.200769,,9286,-1.449219,1.805626,66.4246,3.511128377453964
4490.0,0.781622,2.673046,97.8653,4.200769,,9287,-1.449219,1.806028,66.4394,3.501590139974254
4491.0,0.781622,2.673263,97.8732,4.200769,,9288,-1.449219,1.806431,66.4543,3.4906371397013816
4492.0,0.781436,2.67348,97.8811,4.200769,,9289,-1.449219,1.806833,66.4691,3.493223803889062
4493.0,0.779576,2.673697,97.8891,4.201079,,9290,-1.449219,1.807236,66.4839,3.4892536480889436
4494.0,0.779576,2.673913,97.897,4.201079,,9291,-1.449219,1.807638,66.4987,3.4908876580969217
4495.0,0.777716,2.674129,97.9049,4.201079,,9292,-1.449405,1.808041,66.5135,3.5108421899685633
4496.0,0.777716,2.674345,97.9128,4.201079,,9293,-1.449405,1.808444,66.5283,3.4986791812304885
4497.0,0.776414,2.674561,97.9207,4.201079,,9294,-1.449405,1.808846,66.5431,3.4937490656559778
4498.0,0.776414,2.674777,97.9286,4.201079,,9295,-1.449405,1.809249,66.5579,3.5103939784348097
4499.0,0.775484,2.674992,97.9365,4.200769,,9296,-1.449405,1.809651,66.5727,3.506619494233082
4500.0,0.775484,2.675207,97.9444,4.200769,,9297,-1.449405,1.810054,66.5875,3.5087689398604187
4501.0,0.772694,2.675422,97.9523,4.200769,,9298,-1.449405,1.810457,66.6024,3.498451129308102
4502.0,0.769903,2.675636,97.9601,4.200769,,9299,-1.449219,1.810859,66.6172,3.505167571510026
4503.0,0.769903,2.67585,97.9679,4.200769,,9300,-1.449219,1.811262,66.632,3.4880548507317113
4504.0,0.769903,2.676064,97.9757,4.200769,,9301,-1.449219,1.811664,66.6468,3.525384763788124
4505.0,0.769903,2.676278,97.9836,4.200769,,9302,-1.449219,1.812067,66.6616,3.5126789916057874
4506.0,0.768973,2.676491,97.9914,4.200769,,9303,-1.449405,1.81247,66.6764,3.4965943913668993
4507.0,0.768973,2.676705,97.9992,4.200769,,9304,-1.449405,1.812872,66.6912,3.5047911260910967
4508.0,0.768787,2.676918,98.007,4.200769,,9305,-1.449405,1.813275,66.706,3.505524154426031
4509.0,0.768787,2.677132,98.0149,4.200769,,9306,-1.449405,1.813677,66.7208,3.4841727561843676
4510.0,0.765625,2.677345,98.0226,4.200769,,9307,-1.449405,1.81408,66.7357,3.4798584963995665
4511.0,0.765625,2.677557,98.0304,4.200769,,9308,-1.449405,1.814483,66.7505,3.497873101632757
4512.0,0.763393,2.677769,98.0382,4.200769,,9309,-1.449405,1.814885,66.7653,3.499940684515279
4513.0,0.763393,2.677981,98.046,4.200769,,9310,-1.449405,1.815288,66.7801,3.4936602545922297
4514.0,0.762277,2.678193,98.0537,4.200769,,9311,-1.449405,1.81569,66.7949,3.497907593949594
4515.0,0.762277,2.678405,98.0615,4.200769,,9312,-1.449405,1.816093,66.8097,3.4906609571095513
4516.0,0.760603,2.678616,98.0692,4.200769,,9313,-1.449405,1.816496,66.8245,3.4874050825255423
4517.0,0.759673,2.678827,98.0769,4.200769,,9314,-1.449405,1.816898,66.8393,3.4906062386494066
4518.0,0.759673,2.679038,98.0846,4.200769,,9315,-1.449405,1.817301,66.8541,3.504312472238706
4519.0,0.757627,2.679249,98.0923,4.200769,,9316,-1.449219,1.817703,66.869,3.510378009278677
4520.0,0.757627,2.679459,98.1001,4.200769,,9317,-1.449219,1.818106,66.8838,3.489182388272301
4521.0,0.757255,2.679669,98.1078,4.200769,,9318,-1.449219,1.818509,66.8986,3.506767922043731
4522.0,0.757255,2.67988,98.1155,4.200769,,9319,-1.449219,1.818911,66.9134,3.5009051203188726
4523.0,0.756882,2.68009,98.1232,4.200769,,9320,-1.449219,1.819314,66.9282,3.497530929287664
4524.0,0.756882,2.6803,98.1309,4.200769,,9321,-1.449219,1.819716,66.943,3.481275947725934
4525.0,0.755022,2.68051,98.1385,4.200769,,9322,-1.449219,1.820119,66.9578,3.499298963866386
4526.0,0.755022,2.68072,98.1462,4.200769,,9323,-1.449405,1.820521,66.9726,3.4899099828524722
4527.0,0.753906,2.680929,98.1539,4.200769,,9324,-1.449405,1.820924,66.9874,3.5025569522512536
4528.0,0.75186,2.681138,98.1615,4.200769,,9325,-1.449405,1.821327,67.0022,3.5124488458814045
4529.0,0.75186,2.681347,98.1692,4.200769,,9326,-1.449405,1.821729,67.0171,3.4870954830878875
4530.0,0.749628,2.681555,98.1768,4.200769,,9327,-1.449219,1.822132,67.0319,3.506121045339796
4531.0,0.749628,2.681763,98.1844,4.200769,,9328,-1.449219,1.822534,67.0467,3.4975388743185927
4532.0,0.748884,2.681971,98.192,4.200769,,9329,-1.449219,1.822937,67.0615,3.4953014960874262
4533.0,0.748884,2.682179,98.1996,4.200769,,9330,-1.449219,1.82334,67.0763,3.504896202466867
4534.0,0.748698,2.682387,98.2073,4.200769,,9331,-1.449219,1.823742,67.0911,3.50106087458898
4535.0,0.748698,2.682595,98.2149,4.200769,,9332,-1.449405,1.824145,67.1059,3.4816285976520316
4536.0,0.74721,2.682803,98.2225,4.200769,,9333,-1.449405,1.824547,67.1207,3.5273257278763483
4537.0,0.747024,2.68301,98.2301,4.200769,,9334,-1.449405,1.82495,67.1355,3.49152311694498
4538.0,0.747024,2.683218,98.2377,4.200769,,9335,-1.449405,1.825353,67.1503,3.4971591246097593
4539.0,0.744978,2.683425,98.2452,4.200769,,9336,-1.449219,1.825755,67.1652,3.4932946181257467
4540.0,0.744978,2.683632,98.2528,4.200769,,9337,-1.449219,1.826158,67.18,3.5192162448503117
4541.0,0.742932,2.683838,98.2604,4.200769,,9338,-1.449219,1.82656,67.1948,3.496572745863873
4542.0,0.742932,2.684044,98.2679,4.200769,,9339,-1.449219,1.826963,67.2096,3.49349020838886
4543.0,0.740141,2.68425,98.2755,4.200769,,9340,-1.449219,1.827365,67.2244,3.487541151547178
4544.0,0.740141,2.684456,98.283,4.200769,,9341,-1.449219,1.827768,67.2392,3.492650801519569
4545.0,0.739955,2.684661,98.2905,4.200769,,9342,-1.449405,1.828171,67.254,3.492186512196532
4546.0,0.739955,2.684867,98.298,4.200769,,9343,-1.449405,1.828573,67.2688,3.4628900347705467
4547.0,0.737909,2.685072,98.3055,4.200769,,9344,-1.449405,1.828976,67.2836,3.490471861563783
4548.0,0.737165,2.685277,98.313,4.200769,,9345,-1.449405,1.829378,67.2984,3.4960788448449347
4549.0,0.737165,2.685481,98.3205,4.200769,,9346,-1.449405,1.829781,67.3133,3.5000064781982263
4550.0,0.735677,2.685686,98.328,4.200769,,9347,-1.449219,1.830184,67.3281,3.496708139359895
4551.0,0.735677,2.68589,98.3355,4.200769,,9348,-1.449219,1.830586,67.3429,3.4921792301910286
4552.0,0.733817,2.686094,98.343,4.200769,,9349,-1.449219,1.830989,67.3577,3.486487812155035
4553.0,0.733817,2.686298,98.3504,4.200769,,9350,-1.449219,1.831391,67.3725,3.4896438758775368
4554.0,0.733631,2.686501,98.3579,4.200769,,9351,-1.449405,1.831794,67.3873,3.5059164557931415
4555.0,0.733631,2.686705,98.3653,4.200769,,9352,-1.449405,1.832196,67.4021,3.477103249611552
4556.0,0.732329,2.686908,98.3728,4.200769,,9353,-1.449405,1.832599,67.4169,3.4928872475338295
4557.0,0.732329,2.687112,98.3802,4.200769,,9354,-1.449405,1.833002,67.4317,3.478256396382497
4558.0,0.731399,2.687315,98.3877,4.200769,,9355,-1.449591,1.833404,67.4465,3.4904806952826894
4559.0,0.731399,2.687518,98.3951,4.200769,,9356,-1.449591,1.833807,67.4614,3.5108172394409887
4560.0,0.728795,2.687721,98.4025,4.200769,,9357,-1.449405,1.83421,67.4762,3.5047909740732393
4561.0,0.728795,2.687923,98.4099,4.200769,,9358,-1.449405,1.834612,67.491,3.4685344810648053
4562.0,0.726191,2.688125,98.4173,4.200769,,9359,-1.449405,1.835015,67.5058,3.484472938294904
4563.0,0.725819,2.688327,98.4247,4.200769,,9360,-1.449405,1.835417,67.5206,3.489721335750008
4564.0,0.725819,2.688528,98.4321,4.200769,,9361,-1.449405,1.83582,67.5354,3.481788763105622
4565.0,0.725632,2.68873,98.4395,4.200769,,9362,-1.449405,1.836223,67.5502,3.495015347095954
4566.0,0.725632,2.688931,98.4468,4.200769,,9363,-1.449405,1.836625,67.565,3.4979021978109164
4567.0,0.723772,2.689132,98.4542,4.200769,,9364,-1.449405,1.837028,67.5799,3.49098883586186
4568.0,0.723772,2.689333,98.4616,4.200769,,9365,-1.449405,1.83743,67.5947,3.479621698096406
4569.0,0.7234,2.689534,98.4689,4.200769,,9366,-1.449405,1.837833,67.6095,3.477003416595755
4570.0,0.7234,2.689735,98.4763,4.200769,,9367,-1.449405,1.838236,67.6243,3.4958949395833536
4571.0,0.719866,2.689935,98.4836,4.200769,,9368,-1.449405,1.838638,67.6391,3.493793060681687
4572.0,0.719866,2.690135,98.4909,4.200769,,9369,-1.449405,1.839041,67.6539,3.5000548929951125
4573.0,0.718936,2.690335,98.4982,4.200769,,9370,-1.449591,1.839444,67.6687,3.4953002547687246
4574.0,0.718936,2.690535,98.5056,4.200769,,9371,-1.449591,1.839846,67.6835,3.4898806428359883
4575.0,0.718936,2.690734,98.5129,4.200769,,9372,-1.449591,1.840249,67.6983,3.4874168413185185
4576.0,0.718564,2.690934,98.5202,4.200769,,9373,-1.449219,1.840652,67.7132,3.483384209800488
4577.0,0.718564,2.691133,98.5275,4.200769,,9374,-1.449219,1.841054,67.728,3.499974062169972
4578.0,0.715774,2.691332,98.5348,4.200769,,9375,-1.449219,1.841457,67.7428,3.4921559419988544
4579.0,0.715774,2.691531,98.542,4.200769,,9376,-1.449219,1.841859,67.7576,3.4750618484830746
4580.0,0.715216,2.69173,98.5493,4.200769,,9377,-1.449219,1.842262,67.7724,3.513382321080978
4581.0,0.715216,2.691929,98.5566,4.200769,,9378,-1.449219,1.842664,67.7872,3.502457166533001
4582.0,0.713914,2.692127,98.5638,4.200769,,9379,-1.449405,1.843067,67.802,3.476197590468953
4583.0,0.713914,2.692325,98.5711,4.200769,,9380,-1.449405,1.84347,67.8168,3.5037300632919464
4584.0,0.713542,2.692523,98.5784,4.200769,,9381,-1.449405,1.843872,67.8316,3.494131478899752
4585.0,0.713542,2.692722,98.5856,4.200769,,9382,-1.449405,1.844275,67.8465,3.487013870836978
4586.0,0.71317,2.69292,98.5929,4.200769,,9383,-1.449405,1.844677,67.8613,3.4869451787152808
4587.0,0.71317,2.693118,98.6001,4.200769,,9384,-1.449405,1.84508,67.8761,3.4890541847673453
4588.0,0.71131,2.693315,98.6074,4.200769,,9385,-1.449405,1.845483,67.8909,3.490659902040427
4589.0,0.708891,2.693512,98.6146,4.200769,,9386,-1.449405,1.845885,67.9057,3.489132040079555
4590.0,0.708891,2.693709,98.6218,4.200769,,9387,-1.449405,1.846288,67.9205,3.502868842972447
4591.0,0.708891,2.693906,98.629,4.200769,,9388,-1.449405,1.84669,67.9353,3.5097229673242145
4592.0,0.708891,2.694103,98.6362,4.200769,,9389,-1.449405,1.847093,67.9501,3.4776975098144205
4593.0,0.707589,2.694299,98.6434,4.200769,,9390,-1.449405,1.847496,67.9649,3.49605577848858
4594.0,0.707589,2.694496,98.6506,4.200769,,9391,-1.449405,1.847898,67.9797,3.4886376866051925
4595.0,0.705915,2.694692,98.6578,4.200769,,9392,-1.449405,1.848301,67.9946,3.4947369029810327
4596.0,0.705915,2.694888,98.6649,4.200769,,9393,-1.449405,1.848704,68.0094,3.480363554203149
4597.0,0.704985,2.695084,98.6721,4.200769,,9394,-1.449405,1.849106,68.0242,3.4828609984088525
4598.0,0.704427,2.69528,98.6793,4.200769,,9395,-1.449405,1.849509,68.039,3.495051010107439
4599.0,0.704427,2.695476,98.6864,4.200769,,9396,-1.449405,1.849911,68.0538,3.5080617131727494
4600.0,0.704427,2.695671,98.6936,4.200769,,9397,-1.449405,1.850314,68.0686,3.4854711384573185
4601.0,0.700149,2.695866,98.7007,4.200769,,9398,-1.449405,1.850717,68.0834,3.4932633416931047
4602.0,0.699591,2.69606,98.7078,4.200769,,9399,-1.449405,1.851119,68.0982,3.497027725021386
4603.0,0.699591,2.696254,98.715,4.200769,,9400,-1.449405,1.851522,68.113,3.4921210667156957
4604.0,0.699591,2.696449,98.7221,4.200769,,9401,-1.449405,1.851924,68.1279,3.482870861652404
4605.0,0.699591,2.696643,98.7292,4.200769,,9402,-1.449405,1.852327,68.1427,3.483991999291141
4606.0,0.699219,2.696837,98.7363,4.200769,,9403,-1.449033,1.85273,68.1575,3.4958176764518845
4607.0,0.699219,2.697031,98.7434,4.200769,,9404,-1.449033,1.853132,68.1723,3.4830677913770893
4608.0,0.694569,2.697224,98.7505,4.200769,,9405,-1.449405,1.853535,68.1871,3.5009403231473994
4609.0,0.694569,2.697417,98.7575,4.200769,,9406,-1.449405,1.853937,68.2019,3.4920372106114406
4610.0,0.694196,2.69761,98.7646,4.200769,,9407,-1.449405,1.85434,68.2167,3.486444643951807
4611.0,0.69401,2.697803,98.7717,4.200769,,9408,-1.449405,1.854743,68.2315,3.47984481311765
4612.0,0.69401,2.697996,98.7787,4.200769,,9409,-1.449405,1.855145,68.2463,3.491331773178153
4613.0,0.692708,2.698188,98.7858,4.200769,,9410,-1.449405,1.855548,68.2612,3.4962168982704838
4614.0,0.692708,2.69838,98.7928,4.200769,,9411,-1.449405,1.85595,68.276,3.484227626683671
4615.0,0.690476,2.698572,98.7998,4.200769,,9412,-1.449219,1.856353,68.2908,3.5038607979903764
4616.0,0.690476,2.698764,98.8068,4.200769,,9413,-1.449219,1.856755,68.3056,3.4932624321442787
4617.0,0.689918,2.698956,98.8139,4.200769,,9414,-1.449219,1.857158,68.3204,3.4937917713981435
4618.0,0.689918,2.699147,98.8209,4.200769,,9415,-1.449219,1.857561,68.3352,3.4796494354276017
4619.0,0.689732,2.699339,98.8279,4.200769,,9416,-1.449219,1.857963,68.35,3.4825380328035354
4620.0,0.689732,2.699531,98.8349,4.200769,,9417,-1.449405,1.858366,68.3648,3.500355027693968
4621.0,0.68936,2.699722,98.8419,4.200769,,9418,-1.449405,1.858768,68.3796,3.499049103123958
4622.0,0.68936,2.699914,98.8489,4.200769,,9419,-1.449405,1.859171,68.3944,3.4911733721754588
4623.0,0.686384,2.700104,98.8559,4.200769,,9420,-1.449405,1.859574,68.4093,3.479834752866682
4624.0,0.686384,2.700295,98.8629,4.200769,,9421,-1.449405,1.859976,68.4241,3.49350181808648
4625.0,0.68471,2.700485,98.8699,4.200769,,9422,-1.449405,1.860379,68.4389,3.489552193477714
4626.0,0.68471,2.700675,98.8768,4.200769,,9423,-1.449405,1.860781,68.4537,3.4825078750794423
4627.0,0.684338,2.700865,98.8838,4.200769,,9424,-1.449405,1.861184,68.4685,3.503176403832186
4628.0,0.684152,2.701056,98.8907,4.200769,,9425,-1.449405,1.861587,68.4833,3.471614624096836
4629.0,0.684152,2.701246,98.8977,4.200769,,9426,-1.449405,1.861989,68.4981,3.477342438625429
4630.0,0.68099,2.701435,98.9046,4.200769,,9427,-1.449405,1.862392,68.5129,3.4919169555476515
4631.0,0.68099,2.701624,98.9115,4.200769,,9428,-1.449405,1.862795,68.5277,3.471529601540703
4632.0,0.680432,2.701813,98.9185,4.200769,,9429,-1.449405,1.863197,68.5426,3.46756576678932
4633.0,0.680432,2.702002,98.9254,4.200769,,9430,-1.449405,1.8636,68.5574,3.4747722225716178
4634.0,0.680432,2.702191,98.9323,4.200769,,9431,-1.449591,1.864002,68.5722,3.4732412328570894
4635.0,0.678571,2.702379,98.9392,4.200769,,9432,-1.449591,1.864405,68.587,3.476522005764969
4636.0,0.678571,2.702568,98.9461,4.200769,,9433,-1.449591,1.864808,68.6018,3.4810986451686468
4637.0,0.678571,2.702756,98.953,4.200769,,9434,-1.449591,1.86521,68.6166,3.4856455241003785
4638.0,0.676525,2.702944,98.9599,4.200769,,9435,-1.449591,1.865613,68.6314,3.4828335044606704
4639.0,0.675781,2.703132,98.9668,4.200769,,9436,-1.449591,1.866016,68.6462,3.4908647997721283
4640.0,0.675781,2.70332,98.9736,4.200769,,9437,-1.449591,1.866418,68.6611,3.4927132011700155
4641.0,0.674293,2.703507,98.9805,4.200769,,9438,-1.449591,1.866821,68.6759,3.5048101669163176
4642.0,0.674293,2.703694,98.9874,4.200769,,9439,-1.449591,1.867224,68.6907,3.506024256522045
4643.0,0.674293,2.703882,98.9942,4.200769,,9440,-1.449591,1.867626,68.7055,3.465414278691787
4644.0,0.674293,2.704069,99.0011,4.200769,,9441,-1.449591,1.868029,68.7203,3.504178020321658
4645.0,0.672991,2.704256,99.0079,4.200769,,9442,-1.449591,1.868432,68.7351,3.46501600611632
4646.0,0.672991,2.704443,99.0148,4.200769,,9443,-1.449591,1.868834,68.7499,3.4932713724390307
4647.0,0.672061,2.704629,99.0216,4.200769,,9444,-1.449591,1.869237,68.7647,3.470407985001421
4648.0,0.672061,2.704816,99.0284,4.200769,,9445,-1.449591,1.86964,68.7796,3.482748292863282
4649.0,0.669271,2.705002,99.0352,4.200769,,9446,-1.449405,1.870042,68.7944,3.473117146752184
4650.0,0.668713,2.705188,99.042,4.200769,,9447,-1.449405,1.870445,68.8092,3.4810247576355327
4651.0,0.668713,2.705374,99.0488,4.200769,,9448,-1.449405,1.870847,68.824,3.4887127220314618
4652.0,0.668341,2.705559,99.0556,4.200769,,9449,-1.449405,1.87125,68.8388,3.4639044553908085
4653.0,0.668341,2.705745,99.0624,4.200769,,9450,-1.449405,1.871653,68.8536,3.4942953492639774
4654.0,0.667969,2.70593,99.0692,4.200769,,9451,-1.449405,1.872055,68.8684,3.4889547835225034
4655.0,0.667969,2.706116,99.076,4.200769,,9452,-1.449405,1.872458,68.8832,3.496167155951672
4656.0,0.667597,2.706301,99.0828,4.200769,,9453,-1.449219,1.872861,68.898,3.4910401756814218
4657.0,0.667597,2.706487,99.0896,4.200769,,9454,-1.449219,1.873263,68.9129,3.4931985676921835
4658.0,0.664807,2.706671,99.0964,4.200769,,9455,-1.449405,1.873666,68.9277,3.4757104862321544
4659.0,0.664807,2.706856,99.1031,4.200769,,9456,-1.449405,1.874068,68.9425,3.500888000262547
4660.0,0.663877,2.707041,99.1099,4.201079,,9457,-1.449219,1.874471,68.9573,3.4923158910462178
4661.0,0.66183,2.707224,99.1166,4.201079,,9458,-1.449219,1.874873,68.9721,3.4921620125373836
4662.0,0.66183,2.707408,99.1233,4.200769,,9459,-1.449405,1.875276,68.9869,3.5080369787229704
4663.0,0.6609,2.707592,99.13,4.200769,,9460,-1.449405,1.875679,69.0017,3.492547195205194
4664.0,0.6609,2.707775,99.1368,4.200769,,9461,-1.449405,1.876081,69.0165,3.4993090624128533
4665.0,0.65997,2.707959,99.1435,4.200769,,9462,-1.449405,1.876484,69.0313,3.4705128112349954
4666.0,0.658854,2.708142,99.1502,4.200769,,9463,-1.449405,1.876886,69.0462,3.512337529420342
4667.0,0.658854,2.708325,99.1569,4.200769,,9464,-1.449405,1.877289,69.061,3.482308568808893
4668.0,0.658854,2.708508,99.1636,4.200769,,9465,-1.449405,1.877692,69.0758,3.502795657199151
4669.0,0.657738,2.70869,99.1703,4.200769,,9466,-1.449405,1.878094,69.0906,3.4859388355902547
4670.0,0.657738,2.708873,99.177,4.200769,,9467,-1.449405,1.878497,69.1054,3.4924234861171275
4671.0,0.656064,2.709055,99.1836,4.200769,,9468,-1.449219,1.878899,69.1202,3.485289325994877
4672.0,0.655506,2.709238,99.1903,4.200769,,9469,-1.449219,1.879302,69.135,3.49231846727381
4673.0,0.655506,2.709419,99.197,4.200769,,9470,-1.449405,1.879705,69.1498,3.4920493389681746
4674.0,0.654576,2.709601,99.2036,4.200769,,9471,-1.449405,1.880107,69.1646,3.482458048924431
4675.0,0.654576,2.709783,99.2103,4.200769,,9472,-1.449033,1.88051,69.1794,3.4757128385282843
4676.0,0.651972,2.709964,99.2169,4.200769,,9473,-1.449033,1.880912,69.1943,3.491084151910781
4677.0,0.651972,2.710145,99.2235,4.200769,,9474,-1.449591,1.881315,69.2091,3.4736426050812312
4678.0,0.651972,2.710327,99.2302,4.200769,,9475,-1.449405,1.881718,69.2239,3.4910380568281227
4679.0,0.65067,2.710507,99.2368,4.200769,,9476,-1.449405,1.88212,69.2387,3.4585376252264957
4680.0,0.65067,2.710688,99.2434,4.200769,,9477,-1.449405,1.882523,69.2535,3.4713591922621108
4681.0,0.65067,2.710869,99.25,4.200769,,9478,-1.449405,1.882925,69.2683,3.48589006260955
4682.0,0.648438,2.711049,99.2566,4.200769,,9479,-1.449405,1.883328,69.2831,3.5023371912697154
4683.0,0.647694,2.711229,99.2632,4.200769,,9480,-1.449405,1.883731,69.2979,3.4780625323904086
4684.0,0.647694,2.711409,99.2698,4.200769,,9481,-1.449219,1.884133,69.3127,3.4856095203986617
4685.0,0.646577,2.711588,99.2764,4.200769,,9482,-1.449219,1.884536,69.3276,3.4937440104132347
4686.0,0.646577,2.711768,99.2829,4.200769,,9483,-1.449405,1.884938,69.3424,3.4781933606664714
4687.0,0.645461,2.711947,99.2895,4.200769,,9484,-1.449405,1.885341,69.3572,3.48151121900635
4688.0,0.645461,2.712126,99.2961,4.200769,,9485,-1.449219,1.885743,69.372,3.491992862986485
4689.0,0.644159,2.712306,99.3026,4.200769,,9486,-1.449219,1.886146,69.3868,3.473531816617936
4690.0,0.644159,2.712484,99.3092,4.200769,,9487,-1.449405,1.886549,69.4016,3.4653161589167785
4691.0,0.642485,2.712663,99.3157,4.200769,,9488,-1.449219,1.886951,69.4164,3.4921079746145884
4692.0,0.642485,2.712841,99.3222,4.200769,,9489,-1.449219,1.887354,69.4312,3.475071342738059
4693.0,0.641741,2.71302,99.3288,4.200769,,9490,-1.449405,1.887756,69.446,3.5012404200644154
4694.0,0.641741,2.713198,99.3353,4.200769,,9491,-1.449405,1.888159,69.4608,3.476394381706286
4695.0,0.641741,2.713376,99.3418,4.200769,,9492,-1.449405,1.888562,69.4757,3.492776491861188
4696.0,0.641741,2.713554,99.3484,4.200769,,9493,-1.449405,1.888964,69.4905,3.464859006309935
4697.0,0.641369,2.713732,99.3549,4.200769,,9494,-1.449405,1.889367,69.5053,3.4888417696709526
4698.0,0.639695,2.71391,99.3614,4.200769,,9495,-1.449405,1.88977,69.5201,3.4860306153968916
4699.0,0.639695,2.714088,99.3679,4.200769,,9496,-1.449405,1.890172,69.5349,3.4921686437698733
4700.0,0.639137,2.714266,99.3744,4.200769,,9497,-1.449405,1.890575,69.5497,3.4869798735905837
4701.0,0.639137,2.714443,99.3809,4.200769,,9498,-1.449405,1.890977,69.5645,3.475466228040715
4702.0,0.637091,2.71462,99.3874,4.200769,,9499,-1.449405,1.89138,69.5793,3.4775806415517194
4703.0,0.637091,2.714797,99.3938,4.200769,,9500,-1.449405,1.891783,69.5941,3.481961751909827
4704.0,0.636347,2.714974,99.4003,4.200769,,9501,-1.449405,1.892185,69.609,3.48079532197843
4705.0,0.636347,2.71515,99.4068,4.200769,,9502,-1.449405,1.892588,69.6238,3.4802192210878413
4706.0,0.635231,2.715327,99.4132,4.200769,,9503,-1.449405,1.89299,69.6386,3.4845043415339374
4707.0,0.635231,2.715503,99.4197,4.200769,,9504,-1.449405,1.893393,69.6534,3.471733477490567
4708.0,0.634301,2.71568,99.4262,4.200769,,9505,-1.449591,1.893796,69.6682,3.494450051763366
4709.0,0.632441,2.715855,99.4326,4.200769,,9506,-1.449591,1.894198,69.683,3.473821404138742
4710.0,0.632441,2.716031,99.439,4.200769,,9507,-1.449591,1.894601,69.6978,3.477331373985042
4711.0,0.632069,2.716207,99.4454,4.200769,,9508,-1.449591,1.895004,69.7126,3.4824100160488523
4712.0,0.632069,2.716382,99.4519,4.200769,,9509,-1.449219,1.895406,69.7275,3.4772471585385225
4713.0,0.631138,2.716558,99.4583,4.200769,,9510,-1.449219,1.895809,69.7423,3.469650589938518
4714.0,0.631138,2.716733,99.4647,4.200769,,9511,-1.449219,1.896211,69.7571,3.4891553584346546
4715.0,0.63058,2.716908,99.4711,4.200769,,9512,-1.449405,1.896614,69.7719,3.487181490125096
4716.0,0.63058,2.717083,99.4775,4.200769,,9513,-1.449405,1.897017,69.7867,3.4859049269448663
4717.0,0.628348,2.717257,99.4839,4.200769,,9514,-1.449405,1.897419,69.8015,3.46852386148448
4718.0,0.628348,2.717432,99.4903,4.200769,,9515,-1.449405,1.897822,69.8163,3.474197124803091
4719.0,0.627418,2.717606,99.4967,4.200769,,9516,-1.449591,1.898224,69.8311,3.4799228810337093
4720.0,0.626674,2.717781,99.5031,4.200769,,9517,-1.449591,1.898627,69.8459,3.4911837072491654
4721.0,0.626674,2.717955,99.5095,4.200769,,9518,-1.449591,1.89903,69.8608,3.4778995344054664
4722.0,0.624814,2.718128,99.5158,4.200769,,9519,-1.449591,1.899432,69.8756,3.488019558674073
4723.0,0.624814,2.718302,99.5222,4.200769,,9520,-1.449591,1.899835,69.8904,3.489989281700943
4724.0,0.624442,2.718475,99.5285,4.200769,,9521,-1.449591,1.900238,69.9052,3.4795257554536603
4725.0,0.624442,2.718649,99.5349,4.200769,,9522,-1.449405,1.90064,69.92,3.469262085497823
4726.0,0.624442,2.718822,99.5412,4.200769,,9523,-1.449405,1.901043,69.9348,3.472739298737109
4727.0,0.624442,2.718996,99.5476,4.200769,,9524,-1.449405,1.901446,69.9496,3.4811721091805894
4728.0,0.619606,2.719168,99.5539,4.200769,,9525,-1.449405,1.901848,69.9644,3.4811127800504615
4729.0,0.619606,2.71934,99.5602,4.200769,,9526,-1.449405,1.902251,69.9792,3.4852044120309826
4730.0,0.619606,2.719512,99.5665,4.200769,,9527,-1.449219,1.902653,69.9941,3.465629795779958
4731.0,0.619606,2.719684,99.5728,4.200769,,9528,-1.449219,1.903056,70.0089,3.479588709052963
4732.0,0.619606,2.719856,99.5791,4.200769,,9529,-1.449219,1.903458,70.0237,3.4623348868790287
4733.0,0.619234,2.720028,99.5854,4.200769,,9530,-1.449219,1.903861,70.0385,3.4848349948612394
4734.0,0.619234,2.7202,99.5917,4.200769,,9531,-1.449219,1.904264,70.0533,3.4858997074432114
4735.0,0.616816,2.720371,99.5979,4.200769,,9532,-1.449219,1.904666,70.0681,3.478925412272997
4736.0,0.616816,2.720543,99.6042,4.200769,,9533,-1.449405,1.905069,70.0829,3.4728121158032645
4737.0,0.616444,2.720714,99.6105,4.200769,,9534,-1.449405,1.905471,70.0977,3.4630120991203075
4738.0,0.616444,2.720885,99.6167,4.200769,,9535,-1.449405,1.905874,70.1125,3.477788965024948
4739.0,0.616071,2.721056,99.623,4.200769,,9536,-1.449405,1.906277,70.1273,3.473098633628754
4740.0,0.614955,2.721227,99.6293,4.200769,,9537,-1.449405,1.906679,70.1422,3.475118859641298
4741.0,0.614955,2.721398,99.6355,4.200769,,9538,-1.449405,1.907082,70.157,3.465920709166157
4742.0,0.614955,2.721569,99.6418,4.200769,,9539,-1.449405,1.907485,70.1718,3.4766852686852263
4743.0,0.614397,2.72174,99.648,4.200769,,9540,-1.449405,1.907887,70.1866,3.48192527163536
4744.0,0.613095,2.72191,99.6543,4.200769,,9541,-1.449405,1.90829,70.2014,3.470904030629397
4745.0,0.613095,2.72208,99.6605,4.200769,,9542,-1.449405,1.908692,70.2162,3.486462599409007
4746.0,0.612351,2.72225,99.6667,4.200769,,9543,-1.449405,1.909095,70.231,3.475936393503881
4747.0,0.612351,2.72242,99.6729,4.200769,,9544,-1.449219,1.909497,70.2458,3.485204898723069
4748.0,0.611049,2.72259,99.6792,4.200769,,9545,-1.449219,1.9099,70.2606,3.4823944100601714
4749.0,0.611049,2.72276,99.6854,4.200769,,9546,-1.449219,1.910303,70.2755,3.481498483775899
4750.0,0.609561,2.722929,99.6916,4.200769,,9547,-1.449219,1.910705,70.2903,3.4961046881191318
4751.0,0.609561,2.723099,99.6978,4.200769,,9548,-1.449219,1.911108,70.3051,3.474590320998355
4752.0,0.605841,2.723267,99.7039,4.200769,,9549,-1.449219,1.91151,70.3199,3.480304898599074
4753.0,0.605841,2.723435,99.7101,4.200769,,9550,-1.449405,1.911913,70.3347,3.4681299852860272
4754.0,0.605841,2.723603,99.7163,4.200769,,9551,-1.449405,1.912315,70.3495,3.4744617268705795
4755.0,0.605841,2.723772,99.7224,4.200769,,9552,-1.449405,1.912718,70.3643,3.4867656272918106
4756.0,0.605469,2.72394,99.7286,4.200769,,9553,-1.449405,1.913121,70.3791,3.4745776511647395
4757.0,0.605469,2.724108,99.7347,4.200769,,9554,-1.449405,1.913523,70.3939,3.4737514441318855
4758.0,0.603609,2.724276,99.7409,4.200769,,9555,-1.449405,1.913926,70.4088,3.481004680859724
4759.0,0.603609,2.724443,99.747,4.200769,,9556,-1.449405,1.914329,70.4236,3.485888295299461
4760.0,0.603609,2.724611,99.7532,4.200769,,9557,-1.449591,1.914731,70.4384,3.4755756227287513
4761.0,0.601563,2.724778,99.7593,4.200769,,9558,-1.449591,1.915134,70.4532,3.4891304336986106
4762.0,0.601563,2.724945,99.7654,4.200769,,9559,-1.449591,1.915537,70.468,3.4835488129298904
4763.0,0.600632,2.725112,99.7715,4.200769,,9560,-1.449591,1.915939,70.4828,3.4688869096645463
4764.0,0.600632,2.725279,99.7776,4.200769,,9561,-1.449591,1.916342,70.4976,3.479880391729246
4765.0,0.600074,2.725446,99.7837,4.200769,,9562,-1.449591,1.916745,70.5124,3.4647447666070383
4766.0,0.600074,2.725612,99.7898,4.200769,,9563,-1.449591,1.917147,70.5273,3.487763423062593
4767.0,0.600074,2.725779,99.7959,4.200769,,9564,-1.449405,1.91755,70.5421,3.458718984047973
4768.0,0.600074,2.725945,99.802,4.200769,,9565,-1.449405,1.917952,70.5569,3.4728803829937136
4769.0,0.598214,2.726112,99.8081,4.200769,,9566,-1.449405,1.918355,70.5717,3.4703107529325776
4770.0,0.598214,2.726278,99.8142,4.200769,,9567,-1.449405,1.918758,70.5865,3.4726506292498707
4771.0,0.59747,2.726444,99.8203,4.200769,,9568,-1.449405,1.91916,70.6013,3.4804747917105026
4772.0,0.59747,2.72661,99.8263,4.200769,,9569,-1.449405,1.919563,70.6161,3.4853561337179433
4773.0,0.59747,2.726776,99.8324,4.200769,,9570,-1.449405,1.919966,70.6309,3.4805480841180296
4774.0,0.594308,2.726941,99.8385,4.200769,,9571,-1.449405,1.920368,70.6457,3.471731027943168
4775.0,0.594308,2.727106,99.8445,4.200769,,9572,-1.449219,1.920771,70.6606,3.4851684494963417
4776.0,0.59375,2.727271,99.8505,4.200769,,9573,-1.449219,1.921173,70.6754,3.48961030487568
4777.0,0.59375,2.727436,99.8566,4.200769,,9574,-1.449219,1.921576,70.6902,3.4812792210500545
4778.0,0.593006,2.727601,99.8626,4.200769,,9575,-1.449219,1.921978,70.705,3.485656465427366
4779.0,0.593006,2.727765,99.8686,4.200769,,9576,-1.449405,1.922381,70.7198,3.478431134063123
4780.0,0.592076,2.72793,99.8747,4.200769,,9577,-1.449405,1.922784,70.7346,3.4761640237235985
4781.0,0.592076,2.728094,99.8807,4.200769,,9578,-1.449591,1.923186,70.7494,3.4706011744094942
4782.0,0.591518,2.728259,99.8867,4.200769,,9579,-1.449405,1.923589,70.7642,3.4791188150858625
4783.0,0.591146,2.728423,99.8927,4.200769,,9580,-1.449405,1.923992,70.779,3.479668700150022
4784.0,0.591146,2.728587,99.8987,4.200769,,9581,-1.449405,1.924394,70.7938,3.4839498039015835
4785.0,0.59003,2.728751,99.9047,4.200769,,9582,-1.449405,1.924797,70.8087,3.4743897123846583
4786.0,0.59003,2.728915,99.9107,4.200769,,9583,-1.449219,1.925199,70.8235,3.463737226326262
4787.0,0.589844,2.729079,99.9167,4.200769,,9584,-1.449219,1.925602,70.8383,3.4666571250865883
4788.0,0.589844,2.729242,99.9227,4.200769,,9585,-1.449219,1.926004,70.8531,3.4727803729779345
4789.0,0.58724,2.729406,99.9287,4.200769,,9586,-1.449219,1.926407,70.8679,3.4737250278008003
4790.0,0.58724,2.729569,99.9347,4.200769,,9587,-1.449405,1.92681,70.8827,3.4798331567516994
4791.0,0.587054,2.729732,99.9406,4.200769,,9588,-1.449405,1.927212,70.8975,3.479237159026213
4792.0,0.587054,2.729895,99.9466,4.200769,,9589,-1.449405,1.927615,70.9123,3.46772794903564
4793.0,0.585938,2.730057,99.9526,4.200769,,9590,-1.449405,1.928017,70.9271,3.466770864693082
4794.0,0.585938,2.73022,99.9585,4.200769,,9591,-1.449405,1.92842,70.942,3.4765349795752707
4795.0,0.585752,2.730383,99.9645,4.200769,,9592,-1.449405,1.928823,70.9568,3.471516746628568
4796.0,0.583333,2.730545,99.9704,4.200769,,9593,-1.449405,1.929225,70.9716,3.467686593385065
4797.0,0.583333,2.730707,99.9763,4.200769,,9594,-1.449405,1.929628,70.9864,3.476090391061988
4798.0,0.582589,2.730869,99.9823,4.200769,,9595,-1.449405,1.93003,71.0012,3.4638215165505226
4799.0,0.582589,2.731031,99.9882,4.200769,,9596,-1.449219,1.930433,71.016,3.482220361892455
4800.0,0.580729,2.731192,99.9941,4.200769,,9597,-1.449219,1.930836,71.0308,3.4825509681508544
4801.0,0.580729,2.731353,100.0,4.200769,,9598,-1.449219,1.931238,71.0456,3.476029371218474
4801.0,0.579985,2.731353,100.0,4.200769,,9599,-1.449219,1.931641,71.0604,3.484585572121416
,,,,,,9600,-1.449219,1.932043,71.0752,3.4833715482892496
,,,,,,9601,-1.449219,1.932446,71.09,3.482323505285691
,,,,,,9602,-1.449405,1.932848,71.1049,3.4896168929289475
,,,,,,9603,-1.449405,1.933251,71.1197,3.4822781732897248
,,,,,,9604,-1.449405,1.933654,71.1345,3.476388170082196
,,,,,,9605,-1.449405,1.934056,71.1493,3.471206164172772
,,,,,,9606,-1.449405,1.934459,71.1641,3.460150975872484
,,,,,,9607,-1.449405,1.934862,71.1789,3.476203933355036
,,,,,,9608,-1.449405,1.935264,71.1937,3.4592039302304225
,,,,,,9609,-1.449405,1.935667,71.2085,3.4621766922097392
,,,,,,9610,-1.449405,1.936069,71.2234,3.4706960788470327
,,,,,,9611,-1.449405,1.936472,71.2382,3.468498773491687
,,,,,,9612,-1.449405,1.936875,71.253,3.469333532491136
,,,,,,9613,-1.449405,1.937277,71.2678,3.4766152433407
,,,,,,9614,-1.449405,1.93768,71.2826,3.4727563834408004
,,,,,,9615,-1.449219,1.938082,71.2974,3.461694842559236
,,,,,,9616,-1.449219,1.938485,71.3122,3.4739951447594732
,,,,,,9617,-1.449405,1.938888,71.327,3.469664595338128
,,,,,,9618,-1.449405,1.93929,71.3418,3.476643308096762
,,,,,,9619,-1.449405,1.939693,71.3566,3.4843750938267393
,,,,,,9620,-1.449405,1.940095,71.3715,3.4684914255541788
,,,,,,9621,-1.449405,1.940498,71.3863,3.4697771459392825
,,,,,,9622,-1.449405,1.940901,71.4011,3.4687393061067837
,,,,,,9623,-1.449405,1.941303,71.4159,3.4679668437230866
,,,,,,9624,-1.449405,1.941706,71.4307,3.4887466688427278
,,,,,,9625,-1.449405,1.942108,71.4455,3.4835706474411188
,,,,,,9626,-1.449219,1.942511,71.4603,3.4805416615400926
,,,,,,9627,-1.449219,1.942914,71.4751,3.4585625427511353
,,,,,,9628,-1.449219,1.943316,71.4899,3.4600714774707497
,,,,,,9629,-1.449219,1.943719,71.5048,3.4607835979540362
,,,,,,9630,-1.449405,1.944121,71.5196,3.4737358462272754
,,,,,,9631,-1.449405,1.944524,71.5344,3.474289456874013
,,,,,,9632,-1.449405,1.944927,71.5492,3.4560122755167173
,,,,,,9633,-1.449405,1.945329,71.564,3.4828166312699436
,,,,,,9634,-1.449405,1.945732,71.5788,3.46501250974677
,,,,,,9635,-1.449405,1.946134,71.5936,3.491230484687024
,,,,,,9636,-1.449405,1.946537,71.6084,3.4695965312426815
,,,,,,9637,-1.449405,1.94694,71.6232,3.461711978177479
,,,,,,9638,-1.449405,1.947342,71.6381,3.4632957589311566
,,,,,,9639,-1.449405,1.947745,71.6529,3.4793540728198997
,,,,,,9640,-1.449405,1.948147,71.6677,3.4479575590759226
,,,,,,9641,-1.449405,1.94855,71.6825,3.4523253676463805
,,,,,,9642,-1.449405,1.948953,71.6973,3.4830396137970903
,,,,,,9643,-1.449405,1.949355,71.7121,3.4812738584223926
,,,,,,9644,-1.449405,1.949758,71.7269,3.4761344125896283
,,,,,,9645,-1.449405,1.950161,71.7417,3.4711757255016265
,,,,,,9646,-1.449405,1.950563,71.7565,3.47864619127688
,,,,,,9647,-1.449405,1.950966,71.7714,3.4511182311830484
,,,,,,9648,-1.449405,1.951368,71.7862,3.4574383568466347
,,,,,,9649,-1.449405,1.951771,71.801,3.4758802808134592
,,,,,,9650,-1.449405,1.952174,71.8158,3.489188163918486
,,,,,,9651,-1.449405,1.952576,71.8306,3.4657053559306776
,,,,,,9652,-1.449219,1.952979,71.8454,3.468734504692545
,,,,,,9653,-1.449219,1.953381,71.8602,3.4882752902984917
,,,,,,9654,-1.449219,1.953784,71.875,3.471635557390433
,,,,,,9655,-1.449219,1.954186,71.8898,3.476759503595633
,,,,,,9656,-1.449219,1.954589,71.9046,3.463616439424642
,,,,,,9657,-1.449219,1.954992,71.9195,3.4587092671547537
,,,,,,9658,-1.449405,1.955394,71.9343,3.48108008984889
,,,,,,9659,-1.449405,1.955797,71.9491,3.4534763999637432
,,,,,,9660,-1.449405,1.956199,71.9639,3.4480687638362952
,,,,,,9661,-1.449405,1.956602,71.9787,3.470773268221885
,,,,,,9662,-1.449405,1.957005,71.9935,3.4408777989688404
,,,,,,9663,-1.449405,1.957407,72.0083,3.4721750216579506
,,,,,,9664,-1.449405,1.95781,72.0231,3.457550845823756
,,,,,,9665,-1.449405,1.958212,72.0379,3.444141971180747
,,,,,,9666,-1.449405,1.958615,72.0528,3.493668808562837
,,,,,,9667,-1.449405,1.959018,72.0676,3.4625803171306644
,,,,,,9668,-1.449405,1.95942,72.0824,3.4706585659775575
,,,,,,9669,-1.449405,1.959823,72.0972,3.446513987103848
,,,,,,9670,-1.449405,1.960225,72.112,3.4754633817253477
,,,,,,9671,-1.449405,1.960628,72.1268,3.469259153815607
,,,,,,9672,-1.449405,1.961031,72.1416,3.454612135464169
,,,,,,9673,-1.449405,1.961433,72.1564,3.4544246514495174
,,,,,,9674,-1.449405,1.961836,72.1712,3.4654381107718857
,,,,,,9675,-1.449405,1.962239,72.1861,3.4753621760167763
,,,,,,9676,-1.449405,1.962641,72.2009,3.4634173256542127
,,,,,,9677,-1.449405,1.963044,72.2157,3.4788539128143428
,,,,,,9678,-1.449405,1.963446,72.2305,3.463948997928167
,,,,,,9679,-1.449405,1.963849,72.2453,3.4581081106610796
,,,,,,9680,-1.449405,1.964252,72.2601,3.4462396864028997
,,,,,,9681,-1.449405,1.964654,72.2749,3.4771768559368477
,,,,,,9682,-1.449219,1.965057,72.2897,3.458651954897893
,,,,,,9683,-1.449219,1.965459,72.3045,3.4736632356679142
,,,,,,9684,-1.449219,1.965862,72.3194,3.4746822362804943
,,,,,,9685,-1.449405,1.966264,72.3342,3.45751392235318
,,,,,,9686,-1.449405,1.966667,72.349,3.4461012238526307
,,,,,,9687,-1.449405,1.96707,72.3638,3.4673557564623847
,,,,,,9688,-1.449405,1.967472,72.3786,3.458040423816891
,,,,,,9689,-1.449219,1.967875,72.3934,3.4530734500205176
,,,,,,9690,-1.449219,1.968277,72.4082,3.4836057617853617
,,,,,,9691,-1.449219,1.96868,72.423,3.4579646968654205
,,,,,,9692,-1.449219,1.969083,72.4378,3.4567787269150605
,,,,,,9693,-1.449219,1.969485,72.4526,3.462829494200544
,,,,,,9694,-1.449219,1.969888,72.4674,3.4643450403338982
,,,,,,9695,-1.449405,1.97029,72.4823,3.4664473388972628
,,,,,,9696,-1.449591,1.970693,72.4971,3.455202764297618
,,,,,,9697,-1.449591,1.971096,72.5119,3.4812737334169768
,,,,,,9698,-1.449591,1.971498,72.5267,3.444098806969415
,,,,,,9699,-1.449591,1.971901,72.5415,3.44181476760104
,,,,,,9700,-1.449591,1.972304,72.5563,3.4475409369538634
,,,,,,9701,-1.449591,1.972706,72.5711,3.462997338178532
,,,,,,9702,-1.449405,1.973109,72.5859,3.4619861735537167
,,,,,,9703,-1.449405,1.973512,72.6008,3.472243479464729
,,,,,,9704,-1.449405,1.973914,72.6156,3.4523678916562814
,,,,,,9705,-1.449405,1.974317,72.6304,3.4588344073880046
,,,,,,9706,-1.449405,1.974719,72.6452,3.4673609970855166
,,,,,,9707,-1.449405,1.975122,72.66,3.454105869087185
,,,,,,9708,-1.449591,1.975525,72.6748,3.460308349407769
,,,,,,9709,-1.449591,1.975927,72.6896,3.4590571810410404
,,,,,,9710,-1.449591,1.97633,72.7044,3.453851102987361
,,,,,,9711,-1.449591,1.976733,72.7193,3.452744040364576
,,,,,,9712,-1.449591,1.977135,72.7341,3.4602677315690364
,,,,,,9713,-1.449591,1.977538,72.7489,3.453581722019559
,,,,,,9714,-1.449591,1.977941,72.7637,3.469890203295855
,,,,,,9715,-1.449591,1.978343,72.7785,3.467576914025285
,,,,,,9716,-1.449591,1.978746,72.7933,3.470589399182615
,,,,,,9717,-1.449591,1.979149,72.8081,3.4691941675811195
,,,,,,9718,-1.449591,1.979551,72.8229,3.445782550304144
,,,,,,9719,-1.449405,1.979954,72.8378,3.4549155037592016
,,,,,,9720,-1.449405,1.980357,72.8526,3.4539507858428204
,,,,,,9721,-1.449591,1.980759,72.8674,3.481587183757477
,,,,,,9722,-1.449591,1.981162,72.8822,3.454818273178731
,,,,,,9723,-1.449405,1.981565,72.897,3.4548644395346213
,,,,,,9724,-1.449219,1.981967,72.9118,3.481607400384777
,,,,,,9725,-1.449219,1.98237,72.9266,3.4519714269717676
,,,,,,9726,-1.449219,1.982772,72.9414,3.4863373738086882
,,,,,,9727,-1.449219,1.983175,72.9562,3.4552544104313623
,,,,,,9728,-1.449219,1.983577,72.9711,3.4731353059489254
,,,,,,9729,-1.449219,1.98398,72.9859,3.4577022473396157
,,,,,,9730,-1.449219,1.984382,73.0007,3.4576824787390694
,,,,,,9731,-1.449219,1.984785,73.0155,3.4599099402263622
,,,,,,9732,-1.449405,1.985188,73.0303,3.459839153105343
,,,,,,9733,-1.449405,1.98559,73.0451,3.441370229628464
,,,,,,9734,-1.449219,1.985993,73.0599,3.464413327437142
,,,,,,9735,-1.449219,1.986395,73.0747,3.47097854569021
,,,,,,9736,-1.449405,1.986798,73.0895,3.4531748145552843
,,,,,,9737,-1.449219,1.9872,73.1043,3.4675337642922903
,,,,,,9738,-1.449219,1.987603,73.1192,3.4563728487168137
,,,,,,9739,-1.449219,1.988006,73.134,3.4683651533150175
,,,,,,9740,-1.449219,1.988408,73.1488,3.464312013003215
,,,,,,9741,-1.449219,1.988811,73.1636,3.4486914953123136
,,,,,,9742,-1.449219,1.989213,73.1784,3.4503685277491765
,,,,,,9743,-1.449219,1.989616,73.1932,3.4623146328115912
,,,,,,9744,-1.449219,1.990018,73.208,3.472015614762002
,,,,,,9745,-1.449033,1.990421,73.2228,3.460203702976746
,,,,,,9746,-1.449033,1.990823,73.2376,3.455628707892266
,,,,,,9747,-1.449405,1.991226,73.2524,3.477571755905509
,,,,,,9748,-1.449405,1.991629,73.2672,3.4476826043544837
,,,,,,9749,-1.449405,1.992031,73.2821,3.4556450433629378
,,,,,,9750,-1.449405,1.992434,73.2969,3.4665681061788978
,,,,,,9751,-1.449405,1.992836,73.3117,3.459356547372344
,,,,,,9752,-1.449405,1.993239,73.3265,3.4656517439500765
,,,,,,9753,-1.449405,1.993642,73.3413,3.4722314937348893
,,,,,,9754,-1.449405,1.994044,73.3561,3.446650381598932
,,,,,,9755,-1.449405,1.994447,73.3709,3.4537408663032276
,,,,,,9756,-1.449405,1.99485,73.3857,3.4614230146892653
,,,,,,9757,-1.449405,1.995252,73.4005,3.4647861791653134
,,,,,,9758,-1.449405,1.995655,73.4154,3.458387293698825
,,,,,,9759,-1.449405,1.996057,73.4302,3.468952080412615
,,,,,,9760,-1.449405,1.99646,73.445,3.462133677789012
,,,,,,9761,-1.449405,1.996863,73.4598,3.4542524170634414
,,,,,,9762,-1.449405,1.997265,73.4746,3.439120314492739
,,,,,,9763,-1.449405,1.997668,73.4894,3.444084557703031
,,,,,,9764,-1.449405,1.99807,73.5042,3.4385171296894037
,,,,,,9765,-1.449591,1.998473,73.519,3.4536679749714647
,,,,,,9766,-1.449591,1.998876,73.5338,3.459823667522039
,,,,,,9767,-1.449591,1.999278,73.5487,3.460502388416697
,,,,,,9768,-1.449591,1.999681,73.5635,3.4465687657465613
,,,,,,9769,-1.449591,2.000084,73.5783,3.4627763447374376
,,,,,,9770,-1.449591,2.000486,73.5931,3.467365871083244
,,,,,,9771,-1.449219,2.000889,73.6079,3.476009871199311
,,,,,,9772,-1.449219,2.001292,73.6227,3.4737654095563073
,,,,,,9773,-1.449219,2.001694,73.6375,3.470517097710937
,,,,,,9774,-1.449219,2.002097,73.6523,3.4443553599840646
,,,,,,9775,-1.449591,2.002499,73.6672,3.4482508044579196
,,,,,,9776,-1.449591,2.002902,73.682,3.454493630254092
,,,,,,9777,-1.449591,2.003305,73.6968,3.4619365852783313
,,,,,,9778,-1.449405,2.003707,73.7116,3.4649228107090146
,,,,,,9779,-1.449405,2.00411,73.7264,3.447857065510483
,,,,,,9780,-1.449405,2.004513,73.7412,3.449323899946077
,,,,,,9781,-1.449405,2.004915,73.756,3.441955758586609
,,,,,,9782,-1.449405,2.005318,73.7708,3.4620912602763174
,,,,,,9783,-1.449405,2.00572,73.7856,3.441371311126293
,,,,,,9784,-1.449219,2.006123,73.8005,3.462301607511742
,,,,,,9785,-1.449219,2.006526,73.8153,3.434324749148245
,,,,,,9786,-1.449219,2.006928,73.8301,3.4505624825124555
,,,,,,9787,-1.449219,2.007331,73.8449,3.4510531178451083
,,,,,,9788,-1.449405,2.007733,73.8597,3.443917430623977
,,,,,,9789,-1.449405,2.008136,73.8745,3.457819698531638
,,,,,,9790,-1.449405,2.008538,73.8893,3.4567633596740146
,,,,,,9791,-1.449405,2.008941,73.9041,3.4384232444106906
,,,,,,9792,-1.449405,2.009344,73.9189,3.449450083430996
,,,,,,9793,-1.449405,2.009746,73.9337,3.4535410045917505
,,,,,,9794,-1.449405,2.010149,73.9486,3.4484874152528904
,,,,,,9795,-1.449405,2.010551,73.9634,3.4588068685026303
,,,,,,9796,-1.449405,2.010954,73.9782,3.4506431831218247
,,,,,,9797,-1.449405,2.011357,73.993,3.459617856769914
,,,,,,9798,-1.449405,2.011759,74.0078,3.440926624617088
,,,,,,9799,-1.449405,2.012162,74.0226,3.4575944542598274
,,,,,,9800,-1.449405,2.012565,74.0374,3.466777440591539
,,,,,,9801,-1.449405,2.012967,74.0522,3.445205877138965
,,,,,,9802,-1.449405,2.01337,74.067,3.4517084885965126
,,,,,,9803,-1.449405,2.013772,74.0819,3.4597445976023704
,,,,,,9804,-1.449591,2.014175,74.0967,3.450326140117872
,,,,,,9805,-1.449591,2.014578,74.1115,3.444837931483198
,,,,,,9806,-1.449405,2.01498,74.1263,3.446568436045103
,,,,,,9807,-1.449405,2.015383,74.1411,3.446306516805179
,,,,,,9808,-1.449219,2.015785,74.1559,3.4682312084140836
,,,,,,9809,-1.449219,2.016188,74.1707,3.453397163690872
,,,,,,9810,-1.449219,2.016591,74.1855,3.4444283528740973
,,,,,,9811,-1.449219,2.016993,74.2003,3.4540157500971698
,,,,,,9812,-1.449405,2.017396,74.2152,3.467475765669101
,,,,,,9813,-1.449405,2.017798,74.23,3.446094380958443
,,,,,,9814,-1.449405,2.018201,74.2448,3.4708735171635032
,,,,,,9815,-1.449405,2.018604,74.2596,3.44369589127327
,,,,,,9816,-1.449405,2.019006,74.2744,3.474305418945037
,,,,,,9817,-1.449219,2.019409,74.2892,3.4595188796575296
,,,,,,9818,-1.449219,2.019811,74.304,3.45265151985554
,,,,,,9819,-1.449405,2.020214,74.3188,3.451892197729426
,,,,,,9820,-1.449405,2.020617,74.3336,3.457793741764515
,,,,,,9821,-1.449405,2.021019,74.3484,3.438889752620904
,,,,,,9822,-1.449405,2.021422,74.3633,3.462828831562393
,,,,,,9823,-1.449405,2.021824,74.3781,3.4401046793038335
,,,,,,9824,-1.449405,2.022227,74.3929,3.4511435116192644
,,,,,,9825,-1.449405,2.02263,74.4077,3.447396450906335
,,,,,,9826,-1.449405,2.023032,74.4225,3.4648201143185777
,,,,,,9827,-1.449405,2.023435,74.4373,3.47046843138712
,,,,,,9828,-1.449405,2.023838,74.4521,3.4454208322060675
,,,,,,9829,-1.449405,2.02424,74.4669,3.4377396968405063
,,,,,,9830,-1.449405,2.024643,74.4818,3.4366785679054814
,,,,,,9831,-1.449405,2.025045,74.4966,3.4397720610222002
,,,,,,9832,-1.449405,2.025448,74.5114,3.452761079875865
,,,,,,9833,-1.449405,2.025851,74.5262,3.44857830285483
,,,,,,9834,-1.449219,2.026253,74.541,3.4536336000985637
,,,,,,9835,-1.449219,2.026656,74.5558,3.461310471589163
,,,,,,9836,-1.449219,2.027058,74.5706,3.4673131833076365
,,,,,,9837,-1.449219,2.027461,74.5854,3.449616213902786
,,,,,,9838,-1.449219,2.027863,74.6002,3.4702091116200986
,,,,,,9839,-1.449219,2.028266,74.615,3.4319969432191266
,,,,,,9840,-1.449219,2.028668,74.6298,3.432240484414006
,,,,,,9841,-1.449405,2.029071,74.6447,3.4377956095978996
,,,,,,9842,-1.449405,2.029474,74.6595,3.433950511551578
,,,,,,9843,-1.449405,2.029876,74.6743,3.453518123917753
,,,,,,9844,-1.449405,2.030279,74.6891,3.442513372060396
,,,,,,9845,-1.449405,2.030682,74.7039,3.458390707050846
,,,,,,9846,-1.449405,2.031084,74.7187,3.4398927916248034
,,,,,,9847,-1.449405,2.031487,74.7335,3.4421600777808896
,,,,,,9848,-1.449405,2.031889,74.7483,3.442117510069752
,,,,,,9849,-1.449219,2.032292,74.7631,3.463863758906377
,,,,,,9850,-1.449219,2.032695,74.778,3.450371406357931
,,,,,,9851,-1.449033,2.033097,74.7928,3.4341768927088117
,,,,,,9852,-1.449033,2.033499,74.8076,3.438799833121318
,,,,,,9853,-1.449033,2.033902,74.8224,3.458883978214157
,,,,,,9854,-1.449405,2.034305,74.8372,3.448981330443532
,,,,,,9855,-1.449405,2.034707,74.852,3.455695063760943
,,,,,,9856,-1.449405,2.03511,74.8668,3.4637661310248435
,,,,,,9857,-1.449405,2.035512,74.8816,3.451544637368392
,,,,,,9858,-1.449405,2.035915,74.8964,3.4472000269415846
,,,,,,9859,-1.449405,2.036318,74.9112,3.436210888958224
,,,,,,9860,-1.449405,2.03672,74.9261,3.443263726486817
,,,,,,9861,-1.449405,2.037123,74.9409,3.431210237946096
,,,,,,9862,-1.449405,2.037525,74.9557,3.4361815762956143
,,,,,,9863,-1.449405,2.037928,74.9705,3.4357499126138547
,,,,,,9864,-1.449405,2.038331,74.9853,3.443870950872625
,,,,,,9865,-1.449405,2.038733,75.0001,3.4466026473438447
,,,,,,9866,-1.449405,2.039136,75.0149,3.4646678596823985
,,,,,,9867,-1.449405,2.039539,75.0297,3.4383133068825464
,,,,,,9868,-1.449405,2.039941,75.0445,3.455284520850101
,,,,,,9869,-1.449405,2.040344,75.0594,3.4353364509196544
,,,,,,9870,-1.449405,2.040746,75.0742,3.460974157630438
,,,,,,9871,-1.449405,2.041149,75.089,3.445038542085155
,,,,,,9872,-1.449405,2.041552,75.1038,3.4366602757334994
,,,,,,9873,-1.449405,2.041954,75.1186,3.4482214105209765
,,,,,,9874,-1.449405,2.042357,75.1334,3.4465589466447026
,,,,,,9875,-1.449219,2.042759,75.1482,3.4402050453359174
,,,,,,9876,-1.449219,2.043162,75.163,3.436245826631984
,,,,,,9877,-1.449033,2.043565,75.1778,3.4657342565719693
,,,,,,9878,-1.449033,2.043967,75.1926,3.4448376493479618
,,,,,,9879,-1.449033,2.044369,75.2075,3.4451609216754417
,,,,,,9880,-1.449219,2.044772,75.2223,3.441158205079369
,,,,,,9881,-1.449219,2.045175,75.2371,3.437250689027233
,,,,,,9882,-1.449219,2.045577,75.2519,3.456588853507471
,,,,,,9883,-1.449219,2.04598,75.2667,3.458157969489581
,,,,,,9884,-1.449219,2.046382,75.2815,3.4364708425824575
,,,,,,9885,-1.449219,2.046785,75.2963,3.4218209347918775
,,,,,,9886,-1.449405,2.047188,75.3111,3.4346135502597703
,,,,,,9887,-1.449405,2.04759,75.3259,3.448129400604393
,,,,,,9888,-1.449405,2.047993,75.3407,3.417283242186762
,,,,,,9889,-1.449405,2.048395,75.3556,3.4388928369309553
,,,,,,9890,-1.449405,2.048798,75.3704,3.45616048823295
,,,,,,9891,-1.449405,2.049201,75.3852,3.4480521302990135
,,,,,,9892,-1.449405,2.049603,75.4,3.41099173246282
,,,,,,9893,-1.449405,2.050006,75.4148,3.433909262416921
,,,,,,9894,-1.449405,2.050408,75.4296,3.4563582460221727
,,,,,,9895,-1.449405,2.050811,75.4444,3.4448296289267017
,,,,,,9896,-1.449405,2.051214,75.4592,3.449359949896031
,,,,,,9897,-1.449405,2.051616,75.474,3.4538701229273525
,,,,,,9898,-1.449405,2.052019,75.4889,3.4507660577067276
,,,,,,9899,-1.449405,2.052422,75.5037,3.435472854897102
,,,,,,9900,-1.449405,2.052824,75.5185,3.432960633995191
,,,,,,9901,-1.449405,2.053227,75.5333,3.432796119821744
,,,,,,9902,-1.449405,2.053629,75.5481,3.451869044475476
,,,,,,9903,-1.449405,2.054032,75.5629,3.4329889818924144
,,,,,,9904,-1.449405,2.054435,75.5777,3.4517924507598954
,,,,,,9905,-1.449405,2.054837,75.5925,3.4317653949656353
,,,,,,9906,-1.449405,2.05524,75.6073,3.4331257274335076
,,,,,,9907,-1.449219,2.055642,75.6222,3.4439854017339693
,,,,,,9908,-1.449219,2.056045,75.637,3.464313305219586
,,,,,,9909,-1.449219,2.056448,75.6518,3.4292228323819045
,,,,,,9910,-1.449219,2.05685,75.6666,3.4456507712204734
,,,,,,9911,-1.449219,2.057253,75.6814,3.438366034726858
,,,,,,9912,-1.449219,2.057655,75.6962,3.437710385131099
,,,,,,9913,-1.449219,2.058058,75.711,3.4414225246290715
,,,,,,9914,-1.449033,2.05846,75.7258,3.4262984206370386
,,,,,,9915,-1.449033,2.058863,75.7406,3.435312369028698
,,,,,,9916,-1.449033,2.059265,75.7554,3.4395875093901376
,,,,,,9917,-1.449033,2.059668,75.7702,3.430265227380354
,,,,,,9918,-1.449219,2.06007,75.785,3.4354073537991674
,,,,,,9919,-1.449591,2.060473,75.7999,3.432492390887044
,,,,,,9920,-1.449591,2.060876,75.8147,3.434174386564291
,,,,,,9921,-1.449405,2.061278,75.8295,3.446802205692228
,,,,,,9922,-1.449405,2.061681,75.8443,3.4316145154611624
,,,,,,9923,-1.449405,2.062083,75.8591,3.431129714574445
,,,,,,9924,-1.449405,2.062486,75.8739,3.4358874737524805
,,,,,,9925,-1.449219,2.062889,75.8887,3.4278287282353874
,,,,,,9926,-1.449219,2.063291,75.9035,3.4244453817722236
,,,,,,9927,-1.449219,2.063694,75.9184,3.4351050565031267
,,,,,,9928,-1.449219,2.064096,75.9332,3.4411948012476388
,,,,,,9929,-1.449405,2.064499,75.948,3.4442891924151686
,,,,,,9930,-1.449405,2.064902,75.9628,3.434964855652936
,,,,,,9931,-1.449405,2.065304,75.9776,3.4409487192907013
,,,,,,9932,-1.449405,2.065707,75.9924,3.433588441064936
,,,,,,9933,-1.449405,2.066109,76.0072,3.4324204111825023
,,,,,,9934,-1.449405,2.066512,76.022,3.4358848200617538
,,,,,,9935,-1.449405,2.066915,76.0368,3.4133277082397977
,,,,,,9936,-1.449405,2.067317,76.0516,3.454829058401483
,,,,,,9937,-1.449405,2.06772,76.0665,3.432467524784275
,,,,,,9938,-1.449405,2.068122,76.0813,3.4429985591887435
,,,,,,9939,-1.449405,2.068525,76.0961,3.4358822423765387
,,,,,,9940,-1.449405,2.068928,76.1109,3.4442779301657946
,,,,,,9941,-1.449405,2.06933,76.1257,3.4207289236650684
,,,,,,9942,-1.449219,2.069733,76.1405,3.443787578127381
,,,,,,9943,-1.449219,2.070135,76.1553,3.4171484384847792
,,,,,,9944,-1.449033,2.070538,76.1701,3.443111960605077
,,,,,,9945,-1.449219,2.07094,76.1849,3.432339845899164
,,,,,,9946,-1.449219,2.071343,76.1997,3.4434042834662644
,,,,,,9947,-1.449033,2.071746,76.2146,3.4370128469748216
,,,,,,9948,-1.449033,2.072148,76.2294,3.43426231668361
,,,,,,9949,-1.449405,2.072551,76.2442,3.42704151316553
,,,,,,9950,-1.449405,2.072953,76.259,3.429552580259708
,,,,,,9951,-1.449405,2.073356,76.2738,3.4558484758038164
,,,,,,9952,-1.449405,2.073759,76.2886,3.4431600049229596
,,,,,,9953,-1.449405,2.074161,76.3034,3.42355356294413
,,,,,,9954,-1.449405,2.074564,76.3182,3.4324720283851113
,,,,,,9955,-1.449033,2.074966,76.333,3.426570444759803
,,,,,,9956,-1.449033,2.075369,76.3478,3.4444730209554706
,,,,,,9957,-1.449033,2.075771,76.3627,3.430176280652518
,,,,,,9958,-1.449405,2.076174,76.3775,3.441187912131402
,,,,,,9959,-1.449405,2.076576,76.3923,3.4322727328783245
,,,,,,9960,-1.449405,2.076979,76.4071,3.4586848028068427
,,,,,,9961,-1.449405,2.077382,76.4219,3.437056060456711
,,,,,,9962,-1.449219,2.077784,76.4367,3.4282191174927403
,,,,,,9963,-1.449219,2.078187,76.4515,3.4498392675049145
,,,,,,9964,-1.449219,2.078589,76.4663,3.428904666416123
,,,,,,9965,-1.449219,2.078992,76.4811,3.4383499439195258
,,,,,,9966,-1.449219,2.079395,76.4959,3.4254141129805857
,,,,,,9967,-1.449219,2.079797,76.5107,3.4164582733251714
,,,,,,9968,-1.449219,2.0802,76.5256,3.4386534178255777
,,,,,,9969,-1.449219,2.080602,76.5404,3.433008941469089
,,,,,,9970,-1.449219,2.081005,76.5552,3.4356690004726933
,,,,,,9971,-1.449219,2.081407,76.57,3.428764746083027
,,,,,,9972,-1.449219,2.08181,76.5848,3.440816048007341
,,,,,,9973,-1.449219,2.082212,76.5996,3.4343153325930436
,,,,,,9974,-1.449219,2.082615,76.6144,3.4326671705619667
,,,,,,9975,-1.449219,2.083018,76.6292,3.4300234375489276
,,,,,,9976,-1.449219,2.08342,76.644,3.4433280631689835
,,,,,,9977,-1.449219,2.083823,76.6588,3.4268898598757938
,,,,,,9978,-1.449219,2.084225,76.6737,3.43731400879844
,,,,,,9979,-1.449219,2.084628,76.6885,3.4345806887165726
,,,,,,9980,-1.449219,2.08503,76.7033,3.421819542645484
,,,,,,9981,-1.449219,2.085433,76.7181,3.418043162576445
,,,,,,9982,-1.449219,2.085835,76.7329,3.4516892610476875
,,,,,,9983,-1.449219,2.086238,76.7477,3.436706740485758
,,,,,,9984,-1.449219,2.086641,76.7625,3.435212384636068
,,,,,,9985,-1.449405,2.087043,76.7773,3.412677253739173
,,,,,,9986,-1.449219,2.087446,76.7921,3.418304451006502
,,,,,,9987,-1.449219,2.087848,76.8069,3.4390198731466004
,,,,,,9988,-1.449219,2.088251,76.8217,3.4305020168778064
,,,,,,9989,-1.449219,2.088653,76.8365,3.4268115029259643
,,,,,,9990,-1.449219,2.089056,76.8514,3.446810525148813
,,,,,,9991,-1.449219,2.089458,76.8662,3.4471003418674635
,,,,,,9992,-1.449591,2.089861,76.881,3.4340059616767173
,,,,,,9993,-1.449591,2.090264,76.8958,3.430680642174386
,,,,,,9994,-1.449591,2.090667,76.9106,3.42335522962394
,,,,,,9995,-1.449591,2.091069,76.9254,3.429090273929946
,,,,,,9996,-1.449591,2.091472,76.9402,3.4396556405984944
,,,,,,9997,-1.449591,2.091875,76.9551,3.440766168341704
,,,,,,9998,-1.449591,2.092277,76.9699,3.435981715021335
,,,,,,9999,-1.449591,2.09268,76.9847,3.432421064673241
,,,,,,10000,-1.449591,2.093082,76.9995,3.4231609374352736
,,,,,,10001,-1.449219,2.093485,77.0143,3.4270439621772417
,,,,,,10002,-1.449219,2.093888,77.0291,3.425544842245016
,,,,,,10003,-1.449219,2.09429,77.0439,3.4350324543103574
,,,,,,10004,-1.449219,2.094693,77.0587,3.4316737558259267
,,,,,,10005,-1.449219,2.095095,77.0735,3.428442487110679
,,,,,,10006,-1.449219,2.095498,77.0883,3.433002508888457
,,,,,,10007,-1.449219,2.095901,77.1032,3.403668142881903
,,,,,,10008,-1.449405,2.096303,77.118,3.40805845522872
,,,,,,10009,-1.449405,2.096706,77.1328,3.4073924341266606
,,,,,,10010,-1.449405,2.097108,77.1476,3.417196437407926
,,,,,,10011,-1.449405,2.097511,77.1624,3.4031373781275844
,,,,,,10012,-1.449219,2.097914,77.1772,3.430114209090638
,,,,,,10013,-1.449219,2.098316,77.192,3.432620137183225
,,,,,,10014,-1.449219,2.098719,77.2068,3.439775753688301
,,,,,,10015,-1.449219,2.099121,77.2216,3.4211857088645585
,,,,,,10016,-1.449219,2.099524,77.2365,3.4051767852487678
,,,,,,10017,-1.449219,2.099926,77.2513,3.4326390157466338
,,,,,,10018,-1.449219,2.100329,77.2661,3.442645690916781
,,,,,,10019,-1.449219,2.100731,77.2809,3.4473655399399012
,,,,,,10020,-1.449219,2.101134,77.2957,3.431907491127285
,,,,,,10021,-1.449219,2.101537,77.3105,3.4198134979599057
,,,,,,10022,-1.449405,2.101939,77.3253,3.4342238863498005
,,,,,,10023,-1.449405,2.102342,77.3401,3.4316038338437016
,,,,,,10024,-1.449405,2.102744,77.3549,3.4353004037861594
,,,,,,10025,-1.449219,2.103147,77.3697,3.4311250723987996
,,,,,,10026,-1.449219,2.103549,77.3845,3.427750927534276
,,,,,,10027,-1.449219,2.103952,77.3993,3.4350306395922914
,,,,,,10028,-1.449219,2.104355,77.4142,3.438070182783112
,,,,,,10029,-1.449219,2.104757,77.429,3.426494086946027
,,,,,,10030,-1.449219,2.10516,77.4438,3.4300506682704404
,,,,,,10031,-1.449219,2.105562,77.4586,3.4179477697325296
,,,,,,10032,-1.449219,2.105965,77.4734,3.415840960893813
,,,,,,10033,-1.449219,2.106367,77.4882,3.431273442143738
,,,,,,10034,-1.449405,2.10677,77.503,3.4416861215776016
,,,,,,10035,-1.449405,2.107173,77.5178,3.4139939270835393
,,,,,,10036,-1.449405,2.107575,77.5326,3.431482973582376
,,,,,,10037,-1.449405,2.107978,77.5475,3.430038554094851
,,,,,,10038,-1.449405,2.108381,77.5623,3.418565720083546
,,,,,,10039,-1.449405,2.108783,77.5771,3.4361131092802677
,,,,,,10040,-1.449405,2.109186,77.5919,3.4246402932509095
,,,,,,10041,-1.449405,2.109588,77.6067,3.4061112302825878
,,,,,,10042,-1.449405,2.109991,77.6215,3.4117168178113815
,,,,,,10043,-1.449405,2.110394,77.6363,3.4380063013976216
,,,,,,10044,-1.449405,2.110796,77.6511,3.4323940388485075
,,,,,,10045,-1.449405,2.111199,77.6659,3.42983579591447
,,,,,,10046,-1.449405,2.111601,77.6808,3.426188692178434
,,,,,,10047,-1.449219,2.112004,77.6956,3.4090111963283456
,,,,,,10048,-1.449219,2.112406,77.7104,3.428397643564187
,,,,,,10049,-1.449405,2.112809,77.7252,3.4433275613649554
,,,,,,10050,-1.449405,2.113212,77.74,3.420888104206246
,,,,,,10051,-1.449405,2.113614,77.7548,3.426336232356226
,,,,,,10052,-1.449405,2.114017,77.7696,3.4175846301107486
,,,,,,10053,-1.449405,2.114419,77.7844,3.4161677660120464
,,,,,,10054,-1.449405,2.114822,77.7992,3.4191930247177056
,,,,,,10055,-1.449405,2.115225,77.814,3.399105658546626
,,,,,,10056,-1.449405,2.115627,77.8289,3.4154292027828665
,,,,,,10057,-1.449405,2.11603,77.8437,3.4221437374697694
,,,,,,10058,-1.449405,2.116433,77.8585,3.4189893970246548
,,,,,,10059,-1.449405,2.116835,77.8733,3.420921530804882
,,,,,,10060,-1.449219,2.117238,77.8881,3.4188282223589264
,,,,,,10061,-1.449219,2.11764,77.9029,3.420767411942369
,,,,,,10062,-1.449219,2.118043,77.9177,3.4150101690344825
,,,,,,10063,-1.449219,2.118445,77.9325,3.408388544250789
,,,,,,10064,-1.449033,2.118848,77.9473,3.427077361479537
,,,,,,10065,-1.449033,2.119251,77.9622,3.4359000966626083
,,,,,,10066,-1.449033,2.119653,77.977,3.425840148527999
,,,,,,10067,-1.448847,2.120055,77.9918,3.436842023068295
,,,,,,10068,-1.448847,2.120458,78.0066,3.420441743128293
,,,,,,10069,-1.448847,2.12086,78.0214,3.4348848333332564
,,,,,,10070,-1.448847,2.121263,78.0362,3.4294756116154037
,,,,,,10071,-1.449405,2.121665,78.051,3.4157256402918117
,,,,,,10072,-1.449405,2.122068,78.0658,3.4129760474818873
,,,,,,10073,-1.449405,2.122471,78.0806,3.4208067142486853
,,,,,,10074,-1.449405,2.122873,78.0954,3.417070668668101
,,,,,,10075,-1.449405,2.123276,78.1102,3.4247785182383916
,,,,,,10076,-1.449405,2.123678,78.125,3.424154913016415
,,,,,,10077,-1.449591,2.124081,78.1399,3.409132079349369
,,,,,,10078,-1.449591,2.124484,78.1547,3.4078057259097654
,,,,,,10079,-1.449405,2.124887,78.1695,3.432735054165466
,,,,,,10080,-1.449405,2.125289,78.1843,3.413502750448602
,,,,,,10081,-1.449033,2.125692,78.1991,3.4079088693626196
,,,,,,10082,-1.449033,2.126094,78.2139,3.4238968155535945
,,,,,,10083,-1.449033,2.126497,78.2287,3.4207123453717125
,,,,,,10084,-1.449405,2.126899,78.2435,3.426290439388274
,,,,,,10085,-1.449405,2.127302,78.2583,3.416656619102226
,,,,,,10086,-1.449405,2.127704,78.2731,3.4328379846929953
,,,,,,10087,-1.449405,2.128107,78.288,3.4269794659828188
,,,,,,10088,-1.449405,2.12851,78.3028,3.43719585386104
,,,,,,10089,-1.449405,2.128912,78.3176,3.4001653061194297
,,,,,,10090,-1.449405,2.129315,78.3324,3.4046386253016427
,,,,,,10091,-1.449405,2.129718,78.3472,3.4108937740565186
,,,,,,10092,-1.449405,2.13012,78.362,3.4336528594065587
,,,,,,10093,-1.449405,2.130523,78.3768,3.409970199187102
,,,,,,10094,-1.449405,2.130925,78.3916,3.4239979584331337
,,,,,,10095,-1.449405,2.131328,78.4064,3.4209199754623514
,,,,,,10096,-1.449405,2.131731,78.4213,3.420797678629098
,,,,,,10097,-1.449405,2.132133,78.4361,3.418642174317446
,,,,,,10098,-1.449405,2.132536,78.4509,3.4161745727151036
,,,,,,10099,-1.449405,2.132938,78.4657,3.4160137711174854
,,,,,,10100,-1.449405,2.133341,78.4805,3.4251172142558923
,,,,,,10101,-1.449405,2.133744,78.4953,3.414375061362695
,,,,,,10102,-1.449405,2.134146,78.5101,3.413339452803167
,,,,,,10103,-1.449405,2.134549,78.5249,3.409980244445773
,,,,,,10104,-1.449405,2.134951,78.5397,3.4055973651736595
,,,,,,10105,-1.449405,2.135354,78.5546,3.415551501486207
,,,,,,10106,-1.449405,2.135757,78.5694,3.4069917837043513
,,,,,,10107,-1.449405,2.136159,78.5842,3.408516082312749
,,,,,,10108,-1.449405,2.136562,78.599,3.417515683558407
,,,,,,10109,-1.449405,2.136965,78.6138,3.4266681399544887
,,,,,,10110,-1.449219,2.137367,78.6286,3.435226428728791
,,,,,,10111,-1.449219,2.13777,78.6434,3.4135028361379414
,,,,,,10112,-1.449219,2.138172,78.6582,3.40326266711101
,,,,,,10113,-1.449219,2.138575,78.673,3.4254327769616935
,,,,,,10114,-1.449405,2.138977,78.6879,3.4122972290730793
,,,,,,10115,-1.449405,2.13938,78.7027,3.4200480649241887
,,,,,,10116,-1.449405,2.139783,78.7175,3.410004003221084
,,,,,,10117,-1.449405,2.140185,78.7323,3.4231644610731693
,,,,,,10118,-1.449219,2.140588,78.7471,3.4040808182007902
,,,,,,10119,-1.449219,2.14099,78.7619,3.409432089234959
,,,,,,10120,-1.449219,2.141393,78.7767,3.4211655570151454
,,,,,,10121,-1.449219,2.141795,78.7915,3.4130349506476687
,,,,,,10122,-1.449219,2.142198,78.8063,3.4150460375484406
,,,,,,10123,-1.449219,2.142601,78.8211,3.417392934555639
,,,,,,10124,-1.449033,2.143003,78.8359,3.422285794616276
,,,,,,10125,-1.449033,2.143406,78.8508,3.408901525040808
,,,,,,10126,-1.449033,2.143808,78.8656,3.4207010969562512
,,,,,,10127,-1.449219,2.144211,78.8804,3.3961959284568994
,,,,,,10128,-1.449219,2.144613,78.8952,3.4124015916824506
,,,,,,10129,-1.449219,2.145016,78.91,3.415331010491694
,,,,,,10130,-1.449219,2.145418,78.9248,3.4126611520584484
,,,,,,10131,-1.449219,2.145821,78.9396,3.411984586629781
,,,,,,10132,-1.449219,2.146224,78.9544,3.4236444024213286
,,,,,,10133,-1.449405,2.146626,78.9692,3.4108640269454407
,,,,,,10134,-1.449405,2.147029,78.984,3.411427979895836
,,,,,,10135,-1.449405,2.147431,78.9989,3.418088016305048
,,,,,,10136,-1.449405,2.147834,79.0137,3.4156844121458096
,,,,,,10137,-1.449405,2.148237,79.0285,3.399484539284211
,,,,,,10138,-1.449405,2.148639,79.0433,3.430397694830467
,,,,,,10139,-1.449405,2.149042,79.0581,3.413715894883376
,,,,,,10140,-1.449405,2.149444,79.0729,3.3932376598065144
,,,,,,10141,-1.449405,2.149847,79.0877,3.4050995170769336
,,,,,,10142,-1.449219,2.150249,79.1025,3.408410183279825
,,,,,,10143,-1.449219,2.150652,79.1173,3.4181652550789208
,,,,,,10144,-1.449405,2.151055,79.1321,3.419945596819399
,,,,,,10145,-1.449405,2.151457,79.147,3.433211969507299
,,,,,,10146,-1.449405,2.15186,79.1618,3.4291351519954034
,,,,,,10147,-1.449405,2.152262,79.1766,3.405172880166751
,,,,,,10148,-1.449405,2.152665,79.1914,3.4163374769256123
,,,,,,10149,-1.449405,2.153068,79.2062,3.3970619722010205
,,,,,,10150,-1.449405,2.15347,79.221,3.4031686528110106
,,,,,,10151,-1.449405,2.153873,79.2358,3.39942052046591
,,,,,,10152,-1.449405,2.154276,79.2506,3.4104124460271033
,,,,,,10153,-1.449033,2.154678,79.2654,3.385145168544492
,,,,,,10154,-1.449033,2.155081,79.2803,3.4203050355414994
,,,,,,10155,-1.449405,2.155483,79.2951,3.4199690349272682
,,,,,,10156,-1.449405,2.155886,79.3099,3.4129225633612825
,,,,,,10157,-1.449405,2.156288,79.3247,3.422393995758738
,,,,,,10158,-1.449405,2.156691,79.3395,3.4064477518462
,,,,,,10159,-1.449591,2.157094,79.3543,3.4271767097451096
,,,,,,10160,-1.449591,2.157496,79.3691,3.40087386995806
,,,,,,10161,-1.449405,2.157899,79.3839,3.405939351644675
,,,,,,10162,-1.449405,2.158302,79.3987,3.4246943723134184
,,,,,,10163,-1.449405,2.158704,79.4136,3.4078154610618694
,,,,,,10164,-1.449405,2.159107,79.4284,3.4218768710008356
,,,,,,10165,-1.449405,2.159509,79.4432,3.4133272212174637
,,,,,,10166,-1.449405,2.159912,79.458,3.418488362743462
,,,,,,10167,-1.449405,2.160315,79.4728,3.4136145931398323
,,,,,,10168,-1.449033,2.160717,79.4876,3.3856675627478157
,,,,,,10169,-1.449033,2.16112,79.5024,3.426082201328765
,,,,,,10170,-1.449219,2.161522,79.5172,3.4169185915149303
,,,,,,10171,-1.449219,2.161925,79.532,3.406615493291602
,,,,,,10172,-1.449219,2.162327,79.5468,3.4012818490727876
,,,,,,10173,-1.449219,2.16273,79.5617,3.4158838171248758
,,,,,,10174,-1.449405,2.163133,79.5765,3.402964452254036
,,,,,,10175,-1.449405,2.163535,79.5913,3.3810896202170104
,,,,,,10176,-1.449405,2.163938,79.6061,3.3990878072385797
,,,,,,10177,-1.449405,2.16434,79.6209,3.4053306607071914
,,,,,,10178,-1.449405,2.164743,79.6357,3.4119436093873623
,,,,,,10179,-1.449405,2.165146,79.6505,3.4332550855882262
,,,,,,10180,-1.449405,2.165548,79.6653,3.41985707499017
,,,,,,10181,-1.449219,2.165951,79.6801,3.4050046137604317
,,,,,,10182,-1.449219,2.166353,79.695,3.420857135165131
,,,,,,10183,-1.449219,2.166756,79.7098,3.4159534472121633
,,,,,,10184,-1.449219,2.167158,79.7246,3.41423047031439
,,,,,,10185,-1.449219,2.167561,79.7394,3.407021158409957
,,,,,,10186,-1.449219,2.167964,79.7542,3.3928721161936446
,,,,,,10187,-1.449405,2.168366,79.769,3.423157293001396
,,,,,,10188,-1.449219,2.168769,79.7838,3.416799600564522
,,,,,,10189,-1.449219,2.169171,79.7986,3.4160535612032454
,,,,,,10190,-1.449219,2.169574,79.8134,3.3872809999611517
,,,,,,10191,-1.449219,2.169976,79.8282,3.4079152567441744
,,,,,,10192,-1.449219,2.170379,79.843,3.4099344298998684
,,,,,,10193,-1.449219,2.170782,79.8578,3.39648939935128
,,,,,,10194,-1.449219,2.171184,79.8727,3.394904858411049
,,,,,,10195,-1.449219,2.171587,79.8875,3.4134855031029074
,,,,,,10196,-1.449405,2.171989,79.9023,3.4227000981710285
,,,,,,10197,-1.449405,2.172392,79.9171,3.41250054809461
,,,,,,10198,-1.449405,2.172795,79.9319,3.4106949967295113
,,,,,,10199,-1.449405,2.173197,79.9467,3.4003370959565
,,,,,,10200,-1.449405,2.1736,79.9615,3.3802681931698366
,,,,,,10201,-1.449219,2.174002,79.9763,3.4097157970804837
,,,,,,10202,-1.449219,2.174405,79.9911,3.3892383076104364
,,,,,,10203,-1.449219,2.174808,80.006,3.396492737535883
,,,,,,10204,-1.449219,2.17521,80.0208,3.421728545746184
,,,,,,10205,-1.449219,2.175612,80.0356,3.4039597602470715
,,,,,,10206,-1.449219,2.176015,80.0504,3.4005801380874963
,,,,,,10207,-1.449405,2.176418,80.0652,3.393436330496444
,,,,,,10208,-1.449405,2.17682,80.08,3.4065855360491137
,,,,,,10209,-1.449405,2.177223,80.0948,3.388944729446369
,,,,,,10210,-1.449405,2.177626,80.1096,3.390453940994425
,,,,,,10211,-1.449405,2.178028,80.1244,3.397716036918449
,,,,,,10212,-1.449405,2.178431,80.1392,3.4195722135425872
,,,,,,10213,-1.449405,2.178833,80.1541,3.3923295324340748
,,,,,,10214,-1.449405,2.179236,80.1689,3.396084112117709
,,,,,,10215,-1.449033,2.179639,80.1837,3.4029109214392577
,,,,,,10216,-1.449405,2.180041,80.1985,3.407329842857395
,,,,,,10217,-1.449405,2.180444,80.2133,3.403463997748976
,,,,,,10218,-1.449591,2.180846,80.2281,3.3788750139623667
,,,,,,10219,-1.449591,2.181249,80.2429,3.392449593960513
,,,,,,10220,-1.449591,2.181652,80.2577,3.391633453687725
,,,,,,10221,-1.449591,2.182055,80.2726,3.4026261862670077
,,,,,,10222,-1.449591,2.182457,80.2874,3.3941358621853444
,,,,,,10223,-1.449591,2.18286,80.3022,3.390487731231822
,,,,,,10224,-1.449405,2.183262,80.317,3.399954320617044
,,,,,,10225,-1.449405,2.183665,80.3318,3.3952045956994463
,,,,,,10226,-1.449033,2.184067,80.3466,3.418962565851612
,,,,,,10227,-1.449033,2.18447,80.3614,3.387486566487298
,,,,,,10228,-1.449033,2.184872,80.3762,3.398377678260022
,,,,,,10229,-1.449219,2.185275,80.391,3.413261411828133
,,,,,,10230,-1.449219,2.185678,80.4058,3.383625790041236
,,,,,,10231,-1.449405,2.18608,80.4207,3.424787048902475
,,,,,,10232,-1.449405,2.186483,80.4355,3.4044458943267606
,,,,,,10233,-1.449219,2.186885,80.4503,3.407745478832794
,,,,,,10234,-1.449219,2.187288,80.4651,3.3950696290279945
,,,,,,10235,-1.449405,2.18769,80.4799,3.4065063588452795
,,,,,,10236,-1.449405,2.188093,80.4947,3.40695494661836
,,,,,,10237,-1.449405,2.188496,80.5095,3.3960487134876427
,,,,,,10238,-1.449405,2.188898,80.5243,3.4138869582350053
,,,,,,10239,-1.449591,2.189301,80.5391,3.405932491675773
,,,,,,10240,-1.449591,2.189704,80.5539,3.4072097915774915
,,,,,,10241,-1.449591,2.190106,80.5688,3.4082341440504607
,,,,,,10242,-1.449405,2.190509,80.5836,3.386467923660695
,,,,,,10243,-1.449405,2.190912,80.5984,3.4044579800536305
,,,,,,10244,-1.449405,2.191314,80.6132,3.401898692178977
,,,,,,10245,-1.449405,2.191717,80.628,3.400946686295065
,,,,,,10246,-1.449405,2.192119,80.6428,3.399551317260938
,,,,,,10247,-1.449405,2.192522,80.6576,3.3951125646187905
,,,,,,10248,-1.449405,2.192925,80.6724,3.401918666609923
,,,,,,10249,-1.449405,2.193327,80.6872,3.387878187061888
,,,,,,10250,-1.449591,2.19373,80.7021,3.40551296561443
,,,,,,10251,-1.449591,2.194133,80.7169,3.414350535813264
,,,,,,10252,-1.449591,2.194535,80.7317,3.3862130869088745
,,,,,,10253,-1.449591,2.194938,80.7465,3.3984446475984758
,,,,,,10254,-1.449405,2.195341,80.7613,3.40689189349953
,,,,,,10255,-1.449405,2.195743,80.7761,3.377551584975462
,,,,,,10256,-1.449219,2.196146,80.7909,3.3899992034824202
,,,,,,10257,-1.449219,2.196548,80.8057,3.3928352941823823
,,,,,,10258,-1.449219,2.196951,80.8206,3.401534357873857
,,,,,,10259,-1.449405,2.197354,80.8354,3.386204813253655
,,,,,,10260,-1.449405,2.197756,80.8502,3.395787381376409
,,,,,,10261,-1.449405,2.198159,80.865,3.395138483871122
,,,,,,10262,-1.449405,2.198561,80.8798,3.405459226064071
,,,,,,10263,-1.449405,2.198964,80.8946,3.393184602976307
,,,,,,10264,-1.449405,2.199367,80.9094,3.3894041590750534
,,,,,,10265,-1.449405,2.199769,80.9242,3.3887380731597756
,,,,,,10266,-1.449405,2.200172,80.939,3.3788982781118695
,,,,,,10267,-1.449591,2.200574,80.9539,3.394075446076349
,,,,,,10268,-1.449591,2.200977,80.9687,3.378450190008332
,,,,,,10269,-1.449033,2.20138,80.9835,3.385144077008482
,,,,,,10270,-1.449219,2.201782,80.9983,3.40668985867922
,,,,,,10271,-1.449219,2.202185,81.0131,3.4030121467542096
,,,,,,10272,-1.449219,2.202587,81.0279,3.3898527229145574
,,,,,,10273,-1.449219,2.20299,81.0427,3.3700910895154736
,,,,,,10274,-1.449219,2.203393,81.0575,3.399543147857894
,,,,,,10275,-1.449219,2.203795,81.0723,3.38648227247748
,,,,,,10276,-1.449405,2.204198,81.0872,3.4010468331777792
,,,,,,10277,-1.449405,2.2046,81.102,3.4176523288217613
,,,,,,10278,-1.449405,2.205003,81.1168,3.3858220601067606
,,,,,,10279,-1.449405,2.205405,81.1316,3.3896255224873846
,,,,,,10280,-1.449405,2.205808,81.1464,3.4042195533236694
,,,,,,10281,-1.449405,2.206211,81.1612,3.387500848049159
,,,,,,10282,-1.449405,2.206613,81.176,3.390747545203105
,,,,,,10283,-1.449405,2.207016,81.1908,3.3974941087970554
,,,,,,10284,-1.449219,2.207418,81.2056,3.3801286291106583
,,,,,,10285,-1.449219,2.207821,81.2204,3.4087044310378314
,,,,,,10286,-1.449219,2.208224,81.2353,3.392352573002555
,,,,,,10287,-1.449219,2.208626,81.2501,3.37975774408046
,,,,,,10288,-1.449219,2.209029,81.2649,3.3971402822419985
,,,,,,10289,-1.449219,2.209431,81.2797,3.4032916625659055
,,,,,,10290,-1.449219,2.209834,81.2945,3.4057412379134147
,,,,,,10291,-1.449405,2.210236,81.3093,3.4127655146529148
,,,,,,10292,-1.449405,2.210639,81.3241,3.376853098716655
,,,,,,10293,-1.449219,2.211042,81.3389,3.378317770835885
,,,,,,10294,-1.449219,2.211444,81.3537,3.405237856625326
,,,,,,10295,-1.449405,2.211847,81.3685,3.3999607719139284
,,,,,,10296,-1.449219,2.212249,81.3833,3.4115371130608834
,,,,,,10297,-1.449219,2.212652,81.3982,3.401372189854831
,,,,,,10298,-1.449405,2.213054,81.413,3.3875993367324124
,,,,,,10299,-1.449405,2.213457,81.4278,3.3733719153357
,,,,,,10300,-1.449405,2.21386,81.4426,3.3794178920024107
,,,,,,10301,-1.449405,2.214262,81.4574,3.405072216597985
,,,,,,10302,-1.449405,2.214665,81.4722,3.3879425962055643
,,,,,,10303,-1.449405,2.215068,81.487,3.3860739574670133
,,,,,,10304,-1.449405,2.21547,81.5018,3.380710243998787
,,,,,,10305,-1.449405,2.215873,81.5166,3.388009678773905
,,,,,,10306,-1.449405,2.216275,81.5315,3.4014621724549325
,,,,,,10307,-1.449219,2.216678,81.5463,3.3824551900426094
,,,,,,10308,-1.449219,2.217081,81.5611,3.3878602674495917
,,,,,,10309,-1.449219,2.217483,81.5759,3.3900412784096177
,,,,,,10310,-1.449219,2.217886,81.5907,3.395488916875022
,,,,,,10311,-1.449219,2.218288,81.6055,3.39374897706131
,,,,,,10312,-1.449219,2.218691,81.6203,3.384779698857483
,,,,,,10313,-1.449219,2.219093,81.6351,3.3760720584373556
,,,,,,10314,-1.449219,2.219496,81.6499,3.3977800636276387
,,,,,,10315,-1.449219,2.219898,81.6647,3.388255848003198
,,,,,,10316,-1.449219,2.220301,81.6796,3.391943519757838
,,,,,,10317,-1.449219,2.220704,81.6944,3.380758131094838
,,,,,,10318,-1.449219,2.221106,81.7092,3.388279704329887
,,,,,,10319,-1.449219,2.221509,81.724,3.378957592839213
,,,,,,10320,-1.449219,2.221911,81.7388,3.386168047873997
,,,,,,10321,-1.449219,2.222314,81.7536,3.3891527160280255
,,,,,,10322,-1.449405,2.222716,81.7684,3.3899193001325485
,,,,,,10323,-1.449405,2.223119,81.7832,3.380012500020228
,,,,,,10324,-1.449405,2.223522,81.798,3.3850057147167965
,,,,,,10325,-1.449405,2.223924,81.8128,3.38425845172436
,,,,,,10326,-1.449405,2.224327,81.8277,3.397820102878783
,,,,,,10327,-1.449405,2.22473,81.8425,3.38214190943718
,,,,,,10328,-1.449405,2.225132,81.8573,3.384985024804708
,,,,,,10329,-1.449405,2.225535,81.8721,3.3868665970832597
,,,,,,10330,-1.449405,2.225937,81.8869,3.3848235113446123
,,,,,,10331,-1.449405,2.22634,81.9017,3.3882003504906684
,,,,,,10332,-1.449405,2.226743,81.9165,3.3793895048362916
,,,,,,10333,-1.449405,2.227145,81.9313,3.395256986812259
,,,,,,10334,-1.449405,2.227548,81.9461,3.3818296808392048
,,,,,,10335,-1.449405,2.22795,81.961,3.3785622442374046
,,,,,,10336,-1.449405,2.228353,81.9758,3.3688778319533164
,,,,,,10337,-1.449405,2.228756,81.9906,3.383783207150368
,,,,,,10338,-1.449405,2.229158,82.0054,3.370479232512545
,,,,,,10339,-1.449405,2.229561,82.0202,3.3900738072324264
,,,,,,10340,-1.449405,2.229964,82.035,3.381818458280793
,,,,,,10341,-1.449405,2.230366,82.0498,3.387285143679273
,,,,,,10342,-1.449405,2.230769,82.0646,3.374736960786569
,,,,,,10343,-1.449405,2.231171,82.0794,3.384562491039822
,,,,,,10344,-1.449219,2.231574,82.0943,3.387872062833722
,,,,,,10345,-1.449219,2.231977,82.1091,3.3952069074043374
,,,,,,10346,-1.449219,2.232379,82.1239,3.3693112535617264
,,,,,,10347,-1.449219,2.232781,82.1387,3.3704119750180195
,,,,,,10348,-1.449219,2.233184,82.1535,3.368872717558417
,,,,,,10349,-1.449219,2.233587,82.1683,3.39455990402777
,,,,,,10350,-1.449219,2.233989,82.1831,3.362950236813321
,,,,,,10351,-1.449219,2.234392,82.1979,3.3699959635471064
,,,,,,10352,-1.449591,2.234794,82.2127,3.3897990105937588
,,,,,,10353,-1.449591,2.235197,82.2275,3.368444302001441
,,,,,,10354,-1.449591,2.2356,82.2424,3.3830025205921626
,,,,,,10355,-1.449591,2.236002,82.2572,3.368775120375335
,,,,,,10356,-1.449405,2.236405,82.272,3.372234887380385
,,,,,,10357,-1.449405,2.236808,82.2868,3.390754745058016
,,,,,,10358,-1.449405,2.23721,82.3016,3.3842397699609097
,,,,,,10359,-1.449405,2.237613,82.3164,3.382500766539111
,,,,,,10360,-1.449405,2.238015,82.3312,3.3889702636441292
,,,,,,10361,-1.449219,2.238418,82.346,3.3935971888510856
,,,,,,10362,-1.449219,2.238821,82.3608,3.380546171041547
,,,,,,10363,-1.449033,2.239223,82.3756,3.369208489883725
,,,,,,10364,-1.449033,2.239626,82.3905,3.405340109651336
,,,,,,10365,-1.449219,2.240028,82.4053,3.369977799659882
,,,,,,10366,-1.449219,2.240431,82.4201,3.3870793490228293
,,,,,,10367,-1.449033,2.240833,82.4349,3.378590735721353
,,,,,,10368,-1.449033,2.241236,82.4497,3.3866915478451842
,,,,,,10369,-1.449405,2.241638,82.4645,3.3764294688642527
,,,,,,10370,-1.449219,2.242041,82.4793,3.3892047504247422
,,,,,,10371,-1.449219,2.242444,82.4941,3.387050903027213
,,,,,,10372,-1.449405,2.242846,82.5089,3.3907111729342483
,,,,,,10373,-1.449405,2.243249,82.5237,3.373006635182067
,,,,,,10374,-1.449405,2.243651,82.5386,3.3786341192432667
,,,,,,10375,-1.449405,2.244054,82.5534,3.3861173577608645
,,,,,,10376,-1.449591,2.244457,82.5682,3.3805796923648126
,,,,,,10377,-1.449591,2.244859,82.583,3.376520309943797
,,,,,,10378,-1.449591,2.245262,82.5978,3.3877167144578713
,,,,,,10379,-1.449591,2.245665,82.6126,3.3700759661620863
,,,,,,10380,-1.449219,2.246067,82.6274,3.375963199356086
,,,,,,10381,-1.449219,2.24647,82.6422,3.3807002826545522
,,,,,,10382,-1.449219,2.246872,82.657,3.37008052717654
,,,,,,10383,-1.449219,2.247275,82.6719,3.3772851181628267
,,,,,,10384,-1.449405,2.247678,82.6867,3.398188184849967
,,,,,,10385,-1.449405,2.24808,82.7015,3.3827088262174545
,,,,,,10386,-1.449405,2.248483,82.7163,3.3775457941366493
,,,,,,10387,-1.449405,2.248885,82.7311,3.382710291349799
,,,,,,10388,-1.449405,2.249288,82.7459,3.382484093030032
,,,,,,10389,-1.449405,2.249691,82.7607,3.398306609965965
,,,,,,10390,-1.449405,2.250093,82.7755,3.383453797295076
,,,,,,10391,-1.449405,2.250496,82.7903,3.3817310445951945
,,,,,,10392,-1.449405,2.250898,82.8052,3.382157541485558
,,,,,,10393,-1.449405,2.251301,82.82,3.368036768066762
,,,,,,10394,-1.449405,2.251704,82.8348,3.381513929994167
,,,,,,10395,-1.449219,2.252106,82.8496,3.372200806265429
,,,,,,10396,-1.449219,2.252509,82.8644,3.3807968350569735
,,,,,,10397,-1.449219,2.252911,82.8792,3.3892750931194913
,,,,,,10398,-1.449219,2.253314,82.894,3.3741677338401046
,,,,,,10399,-1.449219,2.253716,82.9088,3.38060077316771
,,,,,,10400,-1.449219,2.254119,82.9236,3.3650685827979276
,,,,,,10401,-1.449219,2.254522,82.9384,3.3701328543286864
,,,,,,10402,-1.449219,2.254924,82.9533,3.380927251821537
,,,,,,10403,-1.449219,2.255327,82.9681,3.3764578405316303
,,,,,,10404,-1.449219,2.255729,82.9829,3.37697501802241
,,,,,,10405,-1.449219,2.256132,82.9977,3.384826438132496
,,,,,,10406,-1.449405,2.256534,83.0125,3.3853052647554143
,,,,,,10407,-1.449405,2.256937,83.0273,3.3651107766641997
,,,,,,10408,-1.449591,2.25734,83.0421,3.3914336877461637
,,,,,,10409,-1.449591,2.257742,83.0569,3.370269091384461
,,,,,,10410,-1.449591,2.258145,83.0717,3.370231990454166
,,,,,,10411,-1.449405,2.258548,83.0865,3.3802616220640758
,,,,,,10412,-1.449405,2.25895,83.1014,3.384331866335907
,,,,,,10413,-1.449219,2.259353,83.1162,3.3722038928450706
,,,,,,10414,-1.449219,2.259755,83.131,3.380588951743683
,,,,,,10415,-1.449219,2.260158,83.1458,3.3799891988260833
,,,,,,10416,-1.449219,2.260561,83.1606,3.373561937467166
,,,,,,10417,-1.449591,2.260963,83.1754,3.3728946796312704
,,,,,,10418,-1.449591,2.261366,83.1902,3.3880246536878906
,,,,,,10419,-1.449591,2.261768,83.205,3.383068521880764
,,,,,,10420,-1.449591,2.262171,83.2198,3.375002494597822
,,,,,,10421,-1.449405,2.262574,83.2347,3.3678258429580312
,,,,,,10422,-1.449219,2.262976,83.2495,3.3740783545016724
,,,,,,10423,-1.449219,2.263379,83.2643,3.370987965984204
,,,,,,10424,-1.449219,2.263781,83.2791,3.3975372089462925
,,,,,,10425,-1.449219,2.264184,83.2939,3.3692694414410744
,,,,,,10426,-1.449405,2.264586,83.3087,3.368794010937703
,,,,,,10427,-1.449405,2.264989,83.3235,3.37157092082309
,,,,,,10428,-1.449405,2.265392,83.3383,3.3781642342497076
,,,,,,10429,-1.449405,2.265795,83.3531,3.3789772071082393
,,,,,,10430,-1.449405,2.266197,83.368,3.364650846341507
,,,,,,10431,-1.449219,2.2666,83.3828,3.3777648959296718
,,,,,,10432,-1.449219,2.267002,83.3976,3.3632573348339823
,,,,,,10433,-1.449219,2.267405,83.4124,3.3618881428924943
,,,,,,10434,-1.449219,2.267807,83.4272,3.3681791936454935
,,,,,,10435,-1.449405,2.26821,83.442,3.3553116051640637
,,,,,,10436,-1.449405,2.268612,83.4568,3.3795192042665625
,,,,,,10437,-1.449405,2.269015,83.4716,3.374717589946843
,,,,,,10438,-1.449405,2.269418,83.4864,3.3670056451565498
,,,,,,10439,-1.449591,2.26982,83.5013,3.3560671606945323
,,,,,,10440,-1.449591,2.270223,83.5161,3.3644377639808116
,,,,,,10441,-1.449405,2.270626,83.5309,3.383827682455372
,,,,,,10442,-1.449405,2.271028,83.5457,3.371960774034984
,,,,,,10443,-1.449219,2.271431,83.5605,3.3760520120124076
,,,,,,10444,-1.449219,2.271833,83.5753,3.372152363294986
,,,,,,10445,-1.449219,2.272236,83.5901,3.366457994564412
,,,,,,10446,-1.449219,2.272639,83.6049,3.4022886284729705
,,,,,,10447,-1.449405,2.273041,83.6197,3.364775909060343
,,,,,,10448,-1.449405,2.273444,83.6345,3.3783146276991785
,,,,,,10449,-1.449405,2.273846,83.6494,3.3729197470374994
,,,,,,10450,-1.449405,2.274249,83.6642,3.3975830314963504
,,,,,,10451,-1.449405,2.274652,83.679,3.383569419622912
,,,,,,10452,-1.449405,2.275054,83.6938,3.375853440165513
,,,,,,10453,-1.449405,2.275457,83.7086,3.363084170653864
,,,,,,10454,-1.449405,2.275859,83.7234,3.369458973153765
,,,,,,10455,-1.449405,2.276262,83.7382,3.391969635628999
,,,,,,10456,-1.449405,2.276665,83.753,3.3598430603642706
,,,,,,10457,-1.449405,2.277067,83.7678,3.357159225352601
,,,,,,10458,-1.449219,2.27747,83.7827,3.365280724423369
,,,,,,10459,-1.449219,2.277872,83.7975,3.343621569934971
,,,,,,10460,-1.449219,2.278275,83.8123,3.367275855170909
,,,,,,10461,-1.449219,2.278677,83.8271,3.3704723967743146
,,,,,,10462,-1.449219,2.27908,83.8419,3.3732823628947193
,,,,,,10463,-1.449219,2.279483,83.8567,3.355367489098799
,,,,,,10464,-1.449219,2.279885,83.8715,3.37249271866614
,,,,,,10465,-1.449405,2.280288,83.8863,3.378851131436539
,,,,,,10466,-1.449405,2.28069,83.9011,3.362406340280949
,,,,,,10467,-1.449405,2.281093,83.9159,3.34806801830136
,,,,,,10468,-1.449405,2.281496,83.9308,3.385323412038594
,,,,,,10469,-1.449405,2.281898,83.9456,3.362781640169474
,,,,,,10470,-1.449219,2.282301,83.9604,3.375860999526496
,,,,,,10471,-1.449219,2.282703,83.9752,3.3601006003991665
,,,,,,10472,-1.449219,2.283106,83.99,3.3794865995195402
,,,,,,10473,-1.449219,2.283509,84.0048,3.3709554694003274
,,,,,,10474,-1.449591,2.283911,84.0196,3.3633951264295723
,,,,,,10475,-1.449591,2.284314,84.0344,3.3729747983989484
,,,,,,10476,-1.449591,2.284716,84.0492,3.3709940415460795
,,,,,,10477,-1.449591,2.285119,84.0641,3.3656782495490996
,,,,,,10478,-1.449591,2.285522,84.0789,3.3816283788895856
,,,,,,10479,-1.449591,2.285924,84.0937,3.378945339981314
,,,,,,10480,-1.449777,2.286327,84.1085,3.357801998738258
,,,,,,10481,-1.449777,2.28673,84.1233,3.366811689038668
,,,,,,10482,-1.449777,2.287133,84.1381,3.360641898955289
,,,,,,10483,-1.449405,2.287535,84.1529,3.367181434029164
,,,,,,10484,-1.449405,2.287938,84.1677,3.373453037395222
,,,,,,10485,-1.449219,2.28834,84.1826,3.363181676481875
,,,,,,10486,-1.449219,2.288743,84.1974,3.3712196168324304
,,,,,,10487,-1.449219,2.289145,84.2122,3.367655725361883
,,,,,,10488,-1.449219,2.289548,84.227,3.3615954248664006
,,,,,,10489,-1.449219,2.289951,84.2418,3.3671124898096974
,,,,,,10490,-1.449219,2.290353,84.2566,3.358139797117152
,,,,,,10491,-1.449219,2.290756,84.2714,3.358058686858309
,,,,,,10492,-1.449219,2.291158,84.2862,3.3735595573534956
,,,,,,10493,-1.449219,2.291561,84.301,3.3740289565850077
,,,,,,10494,-1.449219,2.291963,84.3158,3.360748936307304
,,,,,,10495,-1.449219,2.292366,84.3307,3.3772967355600683
,,,,,,10496,-1.449405,2.292769,84.3455,3.366258799088825
,,,,,,10497,-1.449405,2.293171,84.3603,3.359953264468603
,,,,,,10498,-1.449405,2.293574,84.3751,3.363402179030291
,,,,,,10499,-1.449405,2.293977,84.3899,3.358200100451146
,,,,,,10500,-1.449405,2.294379,84.4047,3.3504118669068674
,,,,,,10501,-1.449405,2.294782,84.4195,3.3763121570572516
,,,,,,10502,-1.449405,2.295184,84.4343,3.3672861281447966
,,,,,,10503,-1.449405,2.295587,84.4491,3.3494053134802613
,,,,,,10504,-1.449219,2.29599,84.464,3.3678159229091413
,,,,,,10505,-1.449219,2.296392,84.4788,3.369620408970133
,,,,,,10506,-1.449219,2.296795,84.4936,3.3677479234179284
,,,,,,10507,-1.449219,2.297197,84.5084,3.349422673918698
,,,,,,10508,-1.449033,2.2976,84.5232,3.3772884872727817
,,,,,,10509,-1.449033,2.298002,84.538,3.364476622207415
,,,,,,10510,-1.449219,2.298405,84.5528,3.3542021587778876
,,,,,,10511,-1.449219,2.298807,84.5676,3.354034351250619
,,,,,,10512,-1.449405,2.29921,84.5824,3.3655535902644917
,,,,,,10513,-1.449405,2.299613,84.5972,3.3803806104309153
,,,,,,10514,-1.449405,2.300015,84.612,3.3589791432352447
,,,,,,10515,-1.449405,2.300418,84.6269,3.35306541555168
,,,,,,10516,-1.449405,2.30082,84.6417,3.3618666084017743
,,,,,,10517,-1.449405,2.301223,84.6565,3.359606155518903
,,,,,,10518,-1.449405,2.301625,84.6713,3.351762581256281
,,,,,,10519,-1.449405,2.302028,84.6861,3.3727177974556524
,,,,,,10520,-1.449405,2.302431,84.7009,3.354736892295923
,,,,,,10521,-1.449405,2.302833,84.7157,3.3679364620945065
,,,,,,10522,-1.449591,2.303236,84.7305,3.3640249262607615
,,,,,,10523,-1.449591,2.303639,84.7453,3.3647238238995234
,,,,,,10524,-1.449591,2.304041,84.7602,3.35433926830288
,,,,,,10525,-1.449591,2.304444,84.775,3.3546638219578835
,,,,,,10526,-1.449591,2.304847,84.7898,3.3603649632240704
,,,,,,10527,-1.449591,2.305249,84.8046,3.3630378523586555
,,,,,,10528,-1.449591,2.305652,84.8194,3.352966249283654
,,,,,,10529,-1.449591,2.306055,84.8342,3.356770303488791
,,,,,,10530,-1.449591,2.306457,84.849,3.3360571103847563
,,,,,,10531,-1.449591,2.30686,84.8638,3.36150919521143
,,,,,,10532,-1.449591,2.307263,84.8787,3.3737069487677687
,,,,,,10533,-1.449591,2.307665,84.8935,3.3698043099980164
,,,,,,10534,-1.449591,2.308068,84.9083,3.3524822958246263
,,,,,,10535,-1.449591,2.308471,84.9231,3.353252902993613
,,,,,,10536,-1.449591,2.308873,84.9379,3.355485626890438
,,,,,,10537,-1.449405,2.309276,84.9527,3.3532648118839
,,,,,,10538,-1.449405,2.309679,84.9675,3.3735133086923947
,,,,,,10539,-1.449405,2.310081,84.9824,3.343828718382828
,,,,,,10540,-1.449405,2.310484,84.9972,3.3659776369878474
,,,,,,10541,-1.449405,2.310886,85.012,3.365605086289301
,,,,,,10542,-1.449405,2.311289,85.0268,3.3765244424011964
,,,,,,10543,-1.449219,2.311692,85.0416,3.3686411695329865
,,,,,,10544,-1.449219,2.312094,85.0564,3.3575025748062544
,,,,,,10545,-1.449219,2.312497,85.0712,3.3724100376020516
,,,,,,10546,-1.449219,2.312899,85.086,3.368622015298007
,,,,,,10547,-1.449219,2.313302,85.1008,3.3759607580049313
,,,,,,10548,-1.449219,2.313704,85.1156,3.3541761247874695
,,,,,,10549,-1.449219,2.314107,85.1304,3.3484795463897257
,,,,,,10550,-1.449033,2.314509,85.1453,3.361411064118735
,,,,,,10551,-1.449033,2.314912,85.1601,3.356077384348485
,,,,,,10552,-1.449033,2.315315,85.1749,3.363590155306562
,,,,,,10553,-1.449033,2.315717,85.1897,3.3521409430075217
,,,,,,10554,-1.449405,2.31612,85.2045,3.3580454202712064
,,,,,,10555,-1.449405,2.316522,85.2193,3.344650263833321
,,,,,,10556,-1.449591,2.316925,85.2341,3.3356718582753526
,,,,,,10557,-1.449591,2.317327,85.2489,3.3414060010694806
,,,,,,10558,-1.449591,2.31773,85.2637,3.3667307752922677
,,,,,,10559,-1.449591,2.318133,85.2785,3.3621230310431147
,,,,,,10560,-1.449405,2.318536,85.2934,3.364912296353695
,,,,,,10561,-1.449405,2.318938,85.3082,3.340357762466253
,,,,,,10562,-1.449405,2.319341,85.323,3.3425032752470423
,,,,,,10563,-1.449219,2.319743,85.3378,3.3682265310053228
,,,,,,10564,-1.449219,2.320146,85.3526,3.337735184714299
,,,,,,10565,-1.449405,2.320549,85.3674,3.3568420738689424
,,,,,,10566,-1.449405,2.320951,85.3822,3.3471570956668937
,,,,,,10567,-1.449405,2.321354,85.397,3.369251774125129
,,,,,,10568,-1.449405,2.321756,85.4118,3.3546455951326264
,,,,,,10569,-1.449405,2.322159,85.4267,3.3588581778340116
,,,,,,10570,-1.449405,2.322562,85.4415,3.357904617476759
,,,,,,10571,-1.449033,2.322964,85.4563,3.3673701412996246
,,,,,,10572,-1.449033,2.323367,85.4711,3.3539344965752735
,,,,,,10573,-1.449033,2.323769,85.4859,3.3476550387941866
,,,,,,10574,-1.449219,2.324172,85.5007,3.340871786015603
,,,,,,10575,-1.449219,2.324574,85.5155,3.3666585384726395
,,,,,,10576,-1.449405,2.324977,85.5303,3.341431491848097
,,,,,,10577,-1.449405,2.325379,85.5451,3.347635951599528
,,,,,,10578,-1.449405,2.325782,85.5599,3.3310330500637746
,,,,,,10579,-1.449405,2.326185,85.5748,3.3360737649634746
,,,,,,10580,-1.449219,2.326587,85.5896,3.3392723382744927
,,,,,,10581,-1.449219,2.32699,85.6044,3.345399281171627
,,,,,,10582,-1.449219,2.327392,85.6192,3.3644209934786433
,,,,,,10583,-1.449219,2.327795,85.634,3.36400969551495
,,,,,,10584,-1.449405,2.328197,85.6488,3.341701692109295
,,,,,,10585,-1.449405,2.3286,85.6636,3.340960699940623
,,,,,,10586,-1.449405,2.329003,85.6784,3.3630906481848406
,,,,,,10587,-1.449405,2.329405,85.6932,3.356952645632381
,,,,,,10588,-1.449405,2.329808,85.7081,3.3599072758509605
,,,,,,10589,-1.449405,2.33021,85.7229,3.3330471513834907
,,,,,,10590,-1.449405,2.330613,85.7377,3.3469141517369723
,,,,,,10591,-1.449219,2.331016,85.7525,3.352207513022669
,,,,,,10592,-1.449219,2.331418,85.7673,3.3496335557046004
,,,,,,10593,-1.449405,2.331821,85.7821,3.3531556852333235
,,,,,,10594,-1.449405,2.332223,85.7969,3.345709035104052
,,,,,,10595,-1.449219,2.332626,85.8117,3.354562940804072
,,,,,,10596,-1.449219,2.333029,85.8265,3.3475958213134263
,,,,,,10597,-1.449405,2.333431,85.8413,3.352167843096529
,,,,,,10598,-1.449405,2.333834,85.8562,3.3549719907597555
,,,,,,10599,-1.449405,2.334236,85.871,3.3436548338391696
,,,,,,10600,-1.449405,2.334639,85.8858,3.340341470759316
,,,,,,10601,-1.449405,2.335042,85.9006,3.3334605412459424
,,,,,,10602,-1.449405,2.335444,85.9154,3.3472061010411958
,,,,,,10603,-1.449405,2.335847,85.9302,3.3505093628561338
,,,,,,10604,-1.449219,2.336249,85.945,3.3498652080161655
,,,,,,10605,-1.449219,2.336652,85.9598,3.371938787368565
,,,,,,10606,-1.449219,2.337054,85.9746,3.35017166886951
,,,,,,10607,-1.449219,2.337457,85.9894,3.3466164641819183
,,,,,,10608,-1.449219,2.33786,86.0042,3.3515106166284188
,,,,,,10609,-1.449219,2.338262,86.0191,3.332935882174767
,,,,,,10610,-1.449219,2.338665,86.0339,3.346587107881555
,,,,,,10611,-1.449219,2.339067,86.0487,3.3544656994099156
,,,,,,10612,-1.449219,2.33947,86.0635,3.3516204646902428
,,,,,,10613,-1.449219,2.339873,86.0783,3.3700989109959836
,,,,,,10614,-1.449405,2.340275,86.0931,3.3388650335558805
,,,,,,10615,-1.449405,2.340678,86.1079,3.3510221218178953
,,,,,,10616,-1.449405,2.34108,86.1227,3.339493335261633
,,,,,,10617,-1.449405,2.341483,86.1375,3.3603250332822787
,,,,,,10618,-1.449405,2.341886,86.1524,3.3466411612881473
,,,,,,10619,-1.449405,2.342288,86.1672,3.3462291228694108
,,,,,,10620,-1.449405,2.342691,86.182,3.353683522134381
,,,,,,10621,-1.449405,2.343093,86.1968,3.3412234632103996
,,,,,,10622,-1.449405,2.343496,86.2116,3.3416480278654705
,,,,,,10623,-1.449405,2.343899,86.2264,3.330473083411087
,,,,,,10624,-1.449405,2.344301,86.2412,3.3558527245263874
,,,,,,10625,-1.449405,2.344704,86.256,3.348351016749613
,,,,,,10626,-1.449405,2.345106,86.2708,3.3672433983784194
,,,,,,10627,-1.449219,2.345509,86.2857,3.3443835116113347
,,,,,,10628,-1.449219,2.345912,86.3005,3.344829717209352
,,,,,,10629,-1.449219,2.346314,86.3153,3.335477305913981
,,,,,,10630,-1.449219,2.346717,86.3301,3.3521603798150554
,,,,,,10631,-1.449219,2.347119,86.3449,3.3462163862123284
,,,,,,10632,-1.449219,2.347522,86.3597,3.3410939256586105
,,,,,,10633,-1.449219,2.347924,86.3745,3.3507713032088544
,,,,,,10634,-1.449219,2.348327,86.3893,3.3454642464092883
,,,,,,10635,-1.449219,2.34873,86.4041,3.3408705053888137
,,,,,,10636,-1.449591,2.349132,86.4189,3.35391838369672
,,,,,,10637,-1.449591,2.349535,86.4338,3.34037269327696
,,,,,,10638,-1.449591,2.349937,86.4486,3.3227469760978057
,,,,,,10639,-1.449591,2.35034,86.4634,3.338640675425667
,,,,,,10640,-1.449591,2.350743,86.4782,3.3305658968805014
,,,,,,10641,-1.449591,2.351146,86.493,3.3452946629443403
,,,,,,10642,-1.449591,2.351548,86.5078,3.3576054412521543
,,,,,,10643,-1.449405,2.351951,86.5226,3.3425053590051443
,,,,,,10644,-1.449405,2.352353,86.5374,3.3407266122694463
,,,,,,10645,-1.449219,2.352756,86.5523,3.3495661871331226
,,,,,,10646,-1.449219,2.353158,86.5671,3.34749564399878
,,,,,,10647,-1.449219,2.353561,86.5819,3.333271661548232
,,,,,,10648,-1.449219,2.353964,86.5967,3.338537577387849
,,,,,,10649,-1.449219,2.354366,86.6115,3.355184659113097
,,,,,,10650,-1.449219,2.354769,86.6263,3.3390885167930358
,,,,,,10651,-1.449219,2.355171,86.6411,3.333385806977453
,,,,,,10652,-1.449219,2.355574,86.6559,3.3462007114458934
,,,,,,10653,-1.449405,2.355977,86.6707,3.347658482862556
,,,,,,10654,-1.449405,2.356379,86.6855,3.34030640052617
,,,,,,10655,-1.449405,2.356782,86.7003,3.3206075597043494
,,,,,,10656,-1.449405,2.357184,86.7152,3.3488950629775314
,,,,,,10657,-1.449405,2.357587,86.73,3.334454233913344
,,,,,,10658,-1.449405,2.35799,86.7448,3.3561473783079308
,,,,,,10659,-1.449405,2.358392,86.7596,3.349910942439832
,,,,,,10660,-1.449405,2.358795,86.7744,3.3664164551244706
,,,,,,10661,-1.449405,2.359197,86.7892,3.3456692578964207
,,,,,,10662,-1.448847,2.3596,86.804,3.3497679986290807
,,,,,,10663,-1.448847,2.360002,86.8188,3.3326505082845492
,,,,,,10664,-1.449405,2.360405,86.8336,3.3291374448686364
,,,,,,10665,-1.449405,2.360807,86.8484,3.3384699552891584
,,,,,,10666,-1.449405,2.36121,86.8633,3.3498097098361983
,,,,,,10667,-1.449405,2.361613,86.8781,3.341355412522311
,,,,,,10668,-1.449405,2.362015,86.8929,3.333988733507016
,,,,,,10669,-1.449405,2.362418,86.9077,3.3204012928876474
,,,,,,10670,-1.449405,2.362821,86.9225,3.3273108016845714
,,,,,,10671,-1.449405,2.363223,86.9373,3.3240833198618023
,,,,,,10672,-1.449405,2.363626,86.9521,3.325602226321364
,,,,,,10673,-1.449591,2.364028,86.9669,3.3425675943574986
,,,,,,10674,-1.449591,2.364431,86.9818,3.3648493988446373
,,,,,,10675,-1.449405,2.364834,86.9966,3.3407268980812295
,,,,,,10676,-1.449591,2.365237,87.0114,3.3253208162596235
,,,,,,10677,-1.449591,2.365639,87.0262,3.32939071571351
,,,,,,10678,-1.449405,2.366042,87.041,3.341030249536766
,,,,,,10679,-1.449405,2.366444,87.0558,3.3349229021920843
,,,,,,10680,-1.449405,2.366847,87.0706,3.325361594072049
,,,,,,10681,-1.449405,2.367249,87.0854,3.331783299027734
,,,,,,10682,-1.449405,2.367652,87.1003,3.332848197626818
,,,,,,10683,-1.449405,2.368055,87.1151,3.338635040545101
,,,,,,10684,-1.449405,2.368457,87.1299,3.329450672742926
,,,,,,10685,-1.449405,2.36886,87.1447,3.3193426586645343
,,,,,,10686,-1.449219,2.369262,87.1595,3.3235038872969818
,,,,,,10687,-1.449405,2.369665,87.1743,3.325649977624992
,,,,,,10688,-1.449405,2.370068,87.1891,3.339098411685789
,,,,,,10689,-1.449219,2.37047,87.2039,3.330603115995701
,,,,,,10690,-1.449219,2.370873,87.2187,3.3251464844844407
,,,,,,10691,-1.449405,2.371275,87.2335,3.3440728717137733
,,,,,,10692,-1.449405,2.371678,87.2484,3.3237242159466516
,,,,,,10693,-1.449219,2.372081,87.2632,3.3240175403279983
,,,,,,10694,-1.449219,2.372483,87.278,3.335867711137813
,,,,,,10695,-1.449219,2.372886,87.2928,3.3359115668204704
,,,,,,10696,-1.449219,2.373288,87.3076,3.324983882584157
,,,,,,10697,-1.449219,2.373691,87.3224,3.346913819377389
,,,,,,10698,-1.449219,2.374094,87.3372,3.3373377884184383
,,,,,,10699,-1.449033,2.374496,87.352,3.331798128359215
,,,,,,10700,-1.449033,2.374898,87.3668,3.3326131946672883
,,,,,,10701,-1.449405,2.375301,87.3816,3.3445196821265757
,,,,,,10702,-1.449033,2.375704,87.3964,3.3330491028145564
,,,,,,10703,-1.449033,2.376106,87.4112,3.335135880731899
,,,,,,10704,-1.449219,2.376509,87.4261,3.355031636852104
,,,,,,10705,-1.449219,2.376911,87.4409,3.3350563021800674
,,,,,,10706,-1.449219,2.377314,87.4557,3.3216067981412474
,,,,,,10707,-1.449219,2.377716,87.4705,3.3349920516808442
,,,,,,10708,-1.449591,2.378119,87.4853,3.3273426204282304
,,,,,,10709,-1.449591,2.378522,87.5001,3.3454563280775247
,,,,,,10710,-1.449591,2.378924,87.5149,3.341532336913186
,,,,,,10711,-1.449591,2.379327,87.5297,3.3429421241642445
,,,,,,10712,-1.449405,2.37973,87.5446,3.330778790893973
,,,,,,10713,-1.449405,2.380132,87.5594,3.340838964049016
,,,,,,10714,-1.449033,2.380535,87.5742,3.3344776090750305
,,,,,,10715,-1.449405,2.380937,87.589,3.358840317350329
,,,,,,10716,-1.449405,2.38134,87.6038,3.3388080341357447
,,,,,,10717,-1.449405,2.381743,87.6186,3.312389186168083
,,,,,,10718,-1.449405,2.382145,87.6334,3.316424312490362
,,,,,,10719,-1.449405,2.382548,87.6482,3.3128902073713498
,,,,,,10720,-1.449405,2.382951,87.663,3.342134794773686
,,,,,,10721,-1.449405,2.383353,87.6778,3.314129417387559
,,,,,,10722,-1.449405,2.383756,87.6927,3.33278457674939
,,,,,,10723,-1.449405,2.384158,87.7075,3.3463975579072964
,,,,,,10724,-1.449405,2.384561,87.7223,3.325460577909294
,,,,,,10725,-1.449405,2.384964,87.7371,3.3190935857262778
,,,,,,10726,-1.449405,2.385366,87.7519,3.330285274147339
,,,,,,10727,-1.449405,2.385769,87.7667,3.32285328493935
,,,,,,10728,-1.449219,2.386171,87.7815,3.3209651087006553
,,,,,,10729,-1.449219,2.386574,87.7963,3.3041920547249664
,,,,,,10730,-1.449219,2.386976,87.8111,3.323619037937116
,,,,,,10731,-1.449219,2.387379,87.826,3.344436269381606
,,,,,,10732,-1.449219,2.387782,87.8408,3.332296752217785
,,,,,,10733,-1.449219,2.388184,87.8556,3.3067639049513073
,,,,,,10734,-1.449219,2.388587,87.8704,3.32105303536456
,,,,,,10735,-1.449219,2.388989,87.8852,3.329218077895086
,,,,,,10736,-1.449405,2.389392,87.9,3.3144591109582016
,,,,,,10737,-1.449405,2.389794,87.9148,3.3231925509371147
,,,,,,10738,-1.449405,2.390197,87.9296,3.309038612735993
,,,,,,10739,-1.449405,2.3906,87.9444,3.3146306515191295
,,,,,,10740,-1.449219,2.391002,87.9592,3.312866785760019
,,,,,,10741,-1.449219,2.391405,87.9741,3.3199582024093792
,,,,,,10742,-1.449219,2.391807,87.9889,3.315201936261279
,,,,,,10743,-1.449219,2.39221,88.0037,3.3200748831778677
,,,,,,10744,-1.449405,2.392612,88.0185,3.3196382235630844
,,,,,,10745,-1.449405,2.393015,88.0333,3.3076131856822824
,,,,,,10746,-1.449405,2.393418,88.0481,3.3160834303391655
,,,,,,10747,-1.449219,2.39382,88.0629,3.3179148829851837
,,,,,,10748,-1.449219,2.394223,88.0777,3.318645514945195
,,,,,,10749,-1.449033,2.394625,88.0925,3.3126200156943
,,,,,,10750,-1.449033,2.395028,88.1073,3.3081976954100014
,,,,,,10751,-1.449033,2.39543,88.1221,3.3223540373078757
,,,,,,10752,-1.449033,2.395833,88.137,3.328234133815311
,,,,,,10753,-1.449033,2.396235,88.1518,3.3293013646725664
,,,,,,10754,-1.449033,2.396638,88.1666,3.29487937284547
,,,,,,10755,-1.449033,2.39704,88.1814,3.319366748467298
,,,,,,10756,-1.449033,2.397443,88.1962,3.31807762965981
,,,,,,10757,-1.449033,2.397846,88.211,3.3114709779501736
,,,,,,10758,-1.449033,2.398248,88.2258,3.3232330926871536
,,,,,,10759,-1.449033,2.39865,88.2406,3.327238305842608
,,,,,,10760,-1.449219,2.399053,88.2554,3.3010980752784724
,,,,,,10761,-1.449219,2.399456,88.2702,3.308953512930002
,,,,,,10762,-1.449405,2.399858,88.285,3.308490094625665
,,,,,,10763,-1.449405,2.400261,88.2998,3.330170838157783
,,,,,,10764,-1.449219,2.400663,88.3147,3.3266160248140557
,,,,,,10765,-1.449219,2.401066,88.3295,3.319782603369732
,,,,,,10766,-1.449405,2.401469,88.3443,3.3253130541875056
,,,,,,10767,-1.449405,2.401871,88.3591,3.3120265709129426
,,,,,,10768,-1.449219,2.402274,88.3739,3.31369984803392
,,,,,,10769,-1.449405,2.402676,88.3887,3.3180194067554445
,,,,,,10770,-1.449405,2.403079,88.4035,3.3120104128941232
,,,,,,10771,-1.449219,2.403481,88.4183,3.311837880456117
,,,,,,10772,-1.449219,2.403884,88.4331,3.315603803668398
,,,,,,10773,-1.449219,2.404287,88.4479,3.3319469032638946
,,,,,,10774,-1.449219,2.404689,88.4627,3.3360765019490635
,,,,,,10775,-1.449219,2.405092,88.4776,3.326851572928548
,,,,,,10776,-1.449219,2.405494,88.4924,3.303357552577231
,,,,,,10777,-1.449405,2.405897,88.5072,3.3074323633646467
,,,,,,10778,-1.449405,2.4063,88.522,3.312299479367011
,,,,,,10779,-1.449405,2.406702,88.5368,3.3062851217666123
,,,,,,10780,-1.449405,2.407105,88.5516,3.3190517549077225
,,,,,,10781,-1.449405,2.407507,88.5664,3.3054435069357275
,,,,,,10782,-1.449591,2.40791,88.5812,3.3266890972526606
,,,,,,10783,-1.449591,2.408313,88.5961,3.315765108143335
,,,,,,10784,-1.449405,2.408715,88.6109,3.2922554424827273
,,,,,,10785,-1.449405,2.409118,88.6257,3.3050618146930755
,,,,,,10786,-1.449405,2.409521,88.6405,3.3205608329557528
,,,,,,10787,-1.449405,2.409923,88.6553,3.3161531825292045
,,,,,,10788,-1.449405,2.410326,88.6701,3.3369597812474323
,,,,,,10789,-1.449405,2.410728,88.6849,3.301015033344316
,,,,,,10790,-1.449405,2.411131,88.6997,3.312874271615536
,,,,,,10791,-1.449405,2.411534,88.7145,3.307174607990011
,,,,,,10792,-1.449405,2.411936,88.7294,3.316828772776677
,,,,,,10793,-1.449405,2.412339,88.7442,3.3064539977745935
,,,,,,10794,-1.449405,2.412741,88.759,3.2970919141436554
,,,,,,10795,-1.449405,2.413144,88.7738,3.3143423461589596
,,,,,,10796,-1.449405,2.413547,88.7886,3.303916744316594
,,,,,,10797,-1.449405,2.413949,88.8034,3.311784220954552
,,,,,,10798,-1.449405,2.414352,88.8182,3.305379752562516
,,,,,,10799,-1.449405,2.414754,88.833,3.2937799672181836
,,,,,,10800,-1.449405,2.415157,88.8478,3.3007692073735773
,,,,,,10801,-1.449405,2.41556,88.8627,3.309517258939823
,,,,,,10802,-1.449405,2.415962,88.8775,3.3286769270596634
,,,,,,10803,-1.449405,2.416365,88.8923,3.2989907160585115
,,,,,,10804,-1.449219,2.416768,88.9071,3.2955444837143233
,,,,,,10805,-1.449219,2.41717,88.9219,3.3192606184973865
,,,,,,10806,-1.449219,2.417573,88.9367,3.322998415360074
,,,,,,10807,-1.449219,2.417975,88.9515,3.290922966924834
,,,,,,10808,-1.449405,2.418378,88.9663,3.3173414452070276
,,,,,,10809,-1.449405,2.41878,88.9811,3.3164514032346513
,,,,,,10810,-1.449591,2.419183,88.9959,3.319928000602687
,,,,,,10811,-1.449591,2.419586,89.0108,3.305861979190397
,,,,,,10812,-1.449405,2.419988,89.0256,3.3138238415746697
,,,,,,10813,-1.449405,2.420391,89.0404,3.312274413303099
,,,,,,10814,-1.449591,2.420794,89.0552,3.306709584043502
,,,,,,10815,-1.449591,2.421196,89.07,3.320049410939405
,,,,,,10816,-1.449405,2.421599,89.0848,3.31554645947523
,,,,,,10817,-1.449405,2.422002,89.0996,3.318313969796294
,,,,,,10818,-1.449405,2.422404,89.1144,3.316608861829512
,,,,,,10819,-1.449405,2.422807,89.1292,3.3033649859748175
,,,,,,10820,-1.449405,2.423209,89.1441,3.3012570741437726
,,,,,,10821,-1.449405,2.423612,89.1589,3.3087385042974624
,,,,,,10822,-1.449405,2.424015,89.1737,3.306421405720065
,,,,,,10823,-1.449405,2.424417,89.1885,3.283305798253736
,,,,,,10824,-1.449405,2.42482,89.2033,3.3141235448951956
,,,,,,10825,-1.449405,2.425222,89.2181,3.311337833850426
,,,,,,10826,-1.449405,2.425625,89.2329,3.3089240866238177
,,,,,,10827,-1.449405,2.426028,89.2477,3.3100805580183876
,,,,,,10828,-1.449405,2.42643,89.2626,3.304702015481094
,,,,,,10829,-1.449405,2.426833,89.2774,3.303618791317806
,,,,,,10830,-1.449405,2.427236,89.2922,3.302269608899124
,,,,,,10831,-1.449405,2.427638,89.307,3.2907319453930337
,,,,,,10832,-1.449405,2.428041,89.3218,3.294777682442394
,,,,,,10833,-1.449405,2.428443,89.3366,3.3199134766862857
,,,,,,10834,-1.449405,2.428846,89.3514,3.295399118409442
,,,,,,10835,-1.449405,2.429249,89.3662,3.3051191922803
,,,,,,10836,-1.449405,2.429651,89.3811,3.3040114816075237
,,,,,,10837,-1.449405,2.430054,89.3959,3.308468448014279
,,,,,,10838,-1.449405,2.430456,89.4107,3.298595250248102
,,,,,,10839,-1.449405,2.430859,89.4255,3.3165125556450237
,,,,,,10840,-1.449405,2.431262,89.4403,3.3059037695671822
,,,,,,10841,-1.449405,2.431664,89.4551,3.2959156979546624
,,,,,,10842,-1.449219,2.432067,89.4699,3.3123430983152495
,,,,,,10843,-1.449219,2.432469,89.4847,3.3071803743249037
,,,,,,10844,-1.449219,2.432872,89.4995,3.306320560003918
,,,,,,10845,-1.449219,2.433275,89.5143,3.293679540283318
,,,,,,10846,-1.449219,2.433677,89.5291,3.2907079225463254
,,,,,,10847,-1.449219,2.43408,89.544,3.2898301145716426
,,,,,,10848,-1.449219,2.434482,89.5588,3.2922295587283075
,,,,,,10849,-1.449219,2.434885,89.5736,3.2996847122545536
,,,,,,10850,-1.449219,2.435287,89.5884,3.309950105625243
,,,,,,10851,-1.449219,2.43569,89.6032,3.2990247477164885
,,,,,,10852,-1.449219,2.436092,89.618,3.2951625520395806
,,,,,,10853,-1.449405,2.436495,89.6328,3.291947004592919
,,,,,,10854,-1.449405,2.436898,89.6476,3.3015161673349698
,,,,,,10855,-1.449405,2.4373,89.6624,3.2969705828282154
,,,,,,10856,-1.449405,2.437703,89.6772,3.2998990231039995
,,,,,,10857,-1.449405,2.438105,89.6921,3.2930511298495486
,,,,,,10858,-1.449405,2.438508,89.7069,3.2820598237545457
,,,,,,10859,-1.449405,2.438911,89.7217,3.310788475191769
,,,,,,10860,-1.449405,2.439313,89.7365,3.3044983826993914
,,,,,,10861,-1.449405,2.439716,89.7513,3.284063113552114
,,,,,,10862,-1.449405,2.440119,89.7661,3.2998191236781356
,,,,,,10863,-1.449405,2.440521,89.7809,3.3252626535976266
,,,,,,10864,-1.449405,2.440924,89.7957,3.302401821230907
,,,,,,10865,-1.449405,2.441326,89.8105,3.2934448073702476
,,,,,,10866,-1.449405,2.441729,89.8254,3.2914920902343874
,,,,,,10867,-1.449405,2.442132,89.8402,3.2867972453457037
,,,,,,10868,-1.449405,2.442534,89.855,3.3065271693739353
,,,,,,10869,-1.449405,2.442937,89.8698,3.2962664486806794
,,,,,,10870,-1.449219,2.443339,89.8846,3.3000320485452272
,,,,,,10871,-1.449219,2.443742,89.8994,3.2815807179839327
,,,,,,10872,-1.449405,2.444144,89.9142,3.29395265164897
,,,,,,10873,-1.449405,2.444547,89.929,3.2899554138737748
,,,,,,10874,-1.449405,2.44495,89.9438,3.28744513986478
,,,,,,10875,-1.449591,2.445352,89.9586,3.2936096585998307
,,,,,,10876,-1.449591,2.445755,89.9735,3.288086609088592
,,,,,,10877,-1.449591,2.446158,89.9883,3.279206306806569
,,,,,,10878,-1.449591,2.44656,90.0031,3.2926184464636705
,,,,,,10879,-1.449591,2.446963,90.0179,3.299536700764204
,,,,,,10880,-1.449591,2.447366,90.0327,3.2914010869141572
,,,,,,10881,-1.449591,2.447768,90.0475,3.284786573036372
,,,,,,10882,-1.449591,2.448171,90.0623,3.284665767457046
,,,,,,10883,-1.449405,2.448574,90.0772,3.285513379555945
,,,,,,10884,-1.449405,2.448976,90.092,3.29872367655902
,,,,,,10885,-1.449405,2.449379,90.1068,3.2950182907697405
,,,,,,10886,-1.449033,2.449781,90.1216,3.2822457694609564
,,,,,,10887,-1.449033,2.450184,90.1364,3.296466384959758
,,,,,,10888,-1.449033,2.450587,90.1512,3.288681682753532
,,,,,,10889,-1.449033,2.450989,90.166,3.272403958803595
,,,,,,10890,-1.449033,2.451391,90.1808,3.2898648654776834
,,,,,,10891,-1.449033,2.451794,90.1956,3.306339020963724
,,,,,,10892,-1.449405,2.452197,90.2104,3.301353390324874
,,,,,,10893,-1.449405,2.452599,90.2253,3.2942380553424
,,,,,,10894,-1.449405,2.453002,90.2401,3.28730810327725
,,,,,,10895,-1.449405,2.453404,90.2549,3.2816612578511757
,,,,,,10896,-1.449405,2.453807,90.2697,3.2934552156269725
,,,,,,10897,-1.449405,2.45421,90.2845,3.2671320227180085
,,,,,,10898,-1.449219,2.454612,90.2993,3.294153332127947
,,,,,,10899,-1.449219,2.455015,90.3141,3.289049189464017
,,,,,,10900,-1.449033,2.455417,90.3289,3.2832043426514788
,,,,,,10901,-1.449219,2.45582,90.3437,3.2999928933551925
,,,,,,10902,-1.449219,2.456222,90.3585,3.288914253957248
,,,,,,10903,-1.449591,2.456625,90.3733,3.2927438924838746
,,,,,,10904,-1.449591,2.457028,90.3882,3.275328800742002
,,,,,,10905,-1.449591,2.45743,90.403,3.2659446345397867
,,,,,,10906,-1.449591,2.457833,90.4178,3.2866992125749563
,,,,,,10907,-1.449591,2.458236,90.4326,3.2720789742678362
,,,,,,10908,-1.449591,2.458638,90.4474,3.2858462501296386
,,,,,,10909,-1.449405,2.459041,90.4622,3.2889391757070188
,,,,,,10910,-1.449405,2.459444,90.477,3.2891812129548645
,,,,,,10911,-1.449405,2.459846,90.4919,3.266309145623461
,,,,,,10912,-1.449405,2.460249,90.5067,3.277358999070407
,,,,,,10913,-1.449405,2.460651,90.5215,3.272850968745827
,,,,,,10914,-1.449405,2.461054,90.5363,3.289431553886269
,,,,,,10915,-1.449405,2.461457,90.5511,3.2627766564566927
,,,,,,10916,-1.449405,2.461859,90.5659,3.2752490322707613
,,,,,,10917,-1.449405,2.462262,90.5807,3.275579019659139
,,,,,,10918,-1.449405,2.462665,90.5955,3.286954847572105
,,,,,,10919,-1.449405,2.463067,90.6103,3.274576878282525
,,,,,,10920,-1.449405,2.46347,90.6251,3.29198787479406
,,,,,,10921,-1.449405,2.463872,90.64,3.270159791013219
,,,,,,10922,-1.449405,2.464275,90.6548,3.287778946553451
,,,,,,10923,-1.449405,2.464678,90.6696,3.2897705668506894
,,,,,,10924,-1.449219,2.46508,90.6844,3.277211544266089
,,,,,,10925,-1.449219,2.465483,90.6992,3.2706198027125835
,,,,,,10926,-1.449219,2.465885,90.714,3.2738420819846246
,,,,,,10927,-1.449219,2.466288,90.7288,3.2628419321839486
,,,,,,10928,-1.449405,2.466691,90.7436,3.283801877454909
,,,,,,10929,-1.449405,2.467093,90.7584,3.2812775933765823
,,,,,,10930,-1.449405,2.467496,90.7733,3.2641091290740936
,,,,,,10931,-1.449219,2.467898,90.7881,3.2711894395253465
,,,,,,10932,-1.449219,2.468301,90.8029,3.2929686092647867
,,,,,,10933,-1.449219,2.468703,90.8177,3.2751616992567465
,,,,,,10934,-1.449219,2.469106,90.8325,3.270670586884108
,,,,,,10935,-1.449405,2.469508,90.8473,3.270976744213721
,,,,,,10936,-1.449405,2.469911,90.8621,3.273022187056549
,,,,,,10937,-1.449405,2.470314,90.8769,3.273809132999205
,,,,,,10938,-1.449405,2.470716,90.8917,3.29483064572309
,,,,,,10939,-1.449405,2.471119,90.9065,3.2766817342349523
,,,,,,10940,-1.449405,2.471522,90.9214,3.2881676170791536
,,,,,,10941,-1.449405,2.471924,90.9362,3.2711484050922723
,,,,,,10942,-1.449405,2.472327,90.951,3.274292113369861
,,,,,,10943,-1.449405,2.472729,90.9658,3.2848474777514998
,,,,,,10944,-1.449219,2.473132,90.9806,3.265289332005934
,,,,,,10945,-1.449219,2.473535,90.9954,3.264799393375683
,,,,,,10946,-1.449219,2.473937,91.0102,3.2607532254896925
,,,,,,10947,-1.449219,2.47434,91.025,3.286055411846339
,,,,,,10948,-1.449219,2.474742,91.0398,3.2806066446679822
,,,,,,10949,-1.449219,2.475145,91.0546,3.2675124464303775
,,,,,,10950,-1.449033,2.475547,91.0695,3.2627041311276277
,,,,,,10951,-1.449033,2.47595,91.0843,3.2731898582814876
,,,,,,10952,-1.449405,2.476352,91.0991,3.261455800908517
,,,,,,10953,-1.449405,2.476755,91.1139,3.278825007038486
,,,,,,10954,-1.449219,2.477158,91.1287,3.2659506273291123
,,,,,,10955,-1.449405,2.47756,91.1435,3.2682820492152387
,,,,,,10956,-1.449405,2.477963,91.1583,3.268399732234193
,,,,,,10957,-1.449219,2.478365,91.1731,3.271982917095815
,,,,,,10958,-1.449219,2.478768,91.1879,3.269453315262902
,,,,,,10959,-1.449219,2.479171,91.2027,3.2535018465036503
,,,,,,10960,-1.449219,2.479573,91.2175,3.260129335821185
,,,,,,10961,-1.449219,2.479976,91.2324,3.2651918675581886
,,,,,,10962,-1.449219,2.480378,91.2472,3.2615239168949643
,,,,,,10963,-1.449219,2.480781,91.262,3.2642236325368117
,,,,,,10964,-1.449219,2.481183,91.2768,3.264146283152205
,,,,,,10965,-1.449033,2.481586,91.2916,3.2578244416375206
,,,,,,10966,-1.449033,2.481988,91.3064,3.26923841640219
,,,,,,10967,-1.449033,2.482391,91.3212,3.2693348446229824
,,,,,,10968,-1.449219,2.482793,91.336,3.2782898685906594
,,,,,,10969,-1.449219,2.483196,91.3508,3.2598291845753207
,,,,,,10970,-1.449219,2.483598,91.3656,3.2704697637522657
,,,,,,10971,-1.449219,2.484001,91.3804,3.2755292545491455
,,,,,,10972,-1.449219,2.484404,91.3953,3.2683375479382275
,,,,,,10973,-1.449219,2.484806,91.4101,3.2688413013899638
,,,,,,10974,-1.449033,2.485209,91.4249,3.2712001529919803
,,,,,,10975,-1.449033,2.485611,91.4397,3.257331805827061
,,,,,,10976,-1.449219,2.486014,91.4545,3.2578715184568408
,,,,,,10977,-1.449219,2.486416,91.4693,3.2560352156665364
,,,,,,10978,-1.449033,2.486819,91.4841,3.2755437634391784
,,,,,,10979,-1.449033,2.487221,91.4989,3.2701098313899344
,,,,,,10980,-1.449033,2.487624,91.5137,3.2517278654545123
,,,,,,10981,-1.449033,2.488026,91.5285,3.243583910864146
,,,,,,10982,-1.449033,2.488429,91.5433,3.251640576940263
,,,,,,10983,-1.449405,2.488832,91.5581,3.2679931308705257
,,,,,,10984,-1.449405,2.489234,91.573,3.25873582452158
,,,,,,10985,-1.449405,2.489637,91.5878,3.245482763842251
,,,,,,10986,-1.449405,2.490039,91.6026,3.253264107137456
,,,,,,10987,-1.449405,2.490442,91.6174,3.259690608851755
,,,,,,10988,-1.449405,2.490844,91.6322,3.25292913181753
,,,,,,10989,-1.449405,2.491247,91.647,3.2689869243125136
,,,,,,10990,-1.449405,2.49165,91.6618,3.2756598055017934
,,,,,,10991,-1.449405,2.492052,91.6766,3.2639085106024606
,,,,,,10992,-1.449219,2.492455,91.6914,3.2455701630460507
,,,,,,10993,-1.449219,2.492857,91.7063,3.2558415234819753
,,,,,,10994,-1.449219,2.49326,91.7211,3.2468290016086265
,,,,,,10995,-1.449219,2.493663,91.7359,3.246061760019604
,,,,,,10996,-1.449219,2.494065,91.7507,3.2503805424607854
,,,,,,10997,-1.449219,2.494468,91.7655,3.2407870660990112
,,,,,,10998,-1.449033,2.49487,91.7803,3.240053735357716
,,,,,,10999,-1.449033,2.495273,91.7951,3.2409516756095305
,,,,,,11000,-1.449033,2.495675,91.8099,3.2448620670426513
,,,,,,11001,-1.449033,2.496078,91.8247,3.2586611114247854
,,,,,,11002,-1.449219,2.49648,91.8395,3.2416218420634695
,,,,,,11003,-1.449219,2.496883,91.8543,3.2470921069454795
,,,,,,11004,-1.449405,2.497286,91.8691,3.236253614295678
,,,,,,11005,-1.449405,2.497688,91.884,3.2663684286187746
,,,,,,11006,-1.449219,2.498091,91.8988,3.2487779496935394
,,,,,,11007,-1.449219,2.498493,91.9136,3.239219658406076
,,,,,,11008,-1.449405,2.498896,91.9284,3.24894763904965
,,,,,,11009,-1.449405,2.499299,91.9432,3.245373468266156
,,,,,,11010,-1.449405,2.499701,91.958,3.256425689405136
,,,,,,11011,-1.449405,2.500104,91.9728,3.2534115683865155
,,,,,,11012,-1.449405,2.500506,91.9876,3.2253306355822864
,,,,,,11013,-1.449405,2.500909,92.0024,3.234497987104799
,,,,,,11014,-1.449405,2.501312,92.0173,3.253105446765095
,,,,,,11015,-1.449405,2.501714,92.0321,3.21763947566387
,,,,,,11016,-1.449405,2.502117,92.0469,3.243575398803435
,,,,,,11017,-1.449405,2.502519,92.0617,3.2326082662955162
,,,,,,11018,-1.449405,2.502922,92.0765,3.274843433082741
,,,,,,11019,-1.449219,2.503325,92.0913,3.2560130125333937
,,,,,,11020,-1.449219,2.503727,92.1061,3.2474562846728854
,,,,,,11021,-1.449219,2.50413,92.1209,3.254013552178886
,,,,,,11022,-1.449219,2.504532,92.1357,3.2464723266307263
,,,,,,11023,-1.449405,2.504935,92.1506,3.252767274362034
,,,,,,11024,-1.449405,2.505337,92.1654,3.234255323586537
,,,,,,11025,-1.449405,2.50574,92.1802,3.263631551948186
,,,,,,11026,-1.449219,2.506143,92.195,3.238322020232787
,,,,,,11027,-1.449219,2.506545,92.2098,3.235078401346856
,,,,,,11028,-1.449219,2.506948,92.2246,3.2481464865154575
,,,,,,11029,-1.449219,2.50735,92.2394,3.238059959839939
,,,,,,11030,-1.449033,2.507753,92.2542,3.2515346010791286
,,,,,,11031,-1.449033,2.508155,92.269,3.2550152636931697
,,,,,,11032,-1.449033,2.508558,92.2838,3.2505660186635508
,,,,,,11033,-1.449033,2.50896,92.2986,3.226683066914228
,,,,,,11034,-1.449033,2.509363,92.3134,3.221302611990745
,,,,,,11035,-1.449219,2.509765,92.3283,3.228349607699887
,,,,,,11036,-1.449219,2.510168,92.3431,3.2477509720958944
,,,,,,11037,-1.449405,2.510571,92.3579,3.232639714694267
,,,,,,11038,-1.449405,2.510973,92.3727,3.247856379114167
,,,,,,11039,-1.449219,2.511376,92.3875,3.2434043525507867
,,,,,,11040,-1.449219,2.511778,92.4023,3.2434071252776135
,,,,,,11041,-1.449405,2.512181,92.4171,3.241019579476337
,,,,,,11042,-1.449405,2.512583,92.4319,3.2320754985634497
,,,,,,11043,-1.449405,2.512986,92.4467,3.2431043802942545
,,,,,,11044,-1.449405,2.513389,92.4616,3.2267696840258004
,,,,,,11045,-1.449405,2.513791,92.4764,3.224489395557273
,,,,,,11046,-1.449405,2.514194,92.4912,3.2518101025655026
,,,,,,11047,-1.449405,2.514597,92.506,3.213888765492507
,,,,,,11048,-1.449219,2.514999,92.5208,3.2302782813457545
,,,,,,11049,-1.449219,2.515402,92.5356,3.218366177971879
,,,,,,11050,-1.449033,2.515804,92.5504,3.231407827850246
,,,,,,11051,-1.449033,2.516207,92.5652,3.237393227252982
,,,,,,11052,-1.449033,2.516609,92.58,3.2356019998647825
,,,,,,11053,-1.449033,2.517012,92.5948,3.2165616363100082
,,,,,,11054,-1.449405,2.517414,92.6096,3.2235570432820455
,,,,,,11055,-1.449405,2.517817,92.6245,3.243388059960375
,,,,,,11056,-1.449405,2.51822,92.6393,3.236628012312728
,,,,,,11057,-1.449405,2.518622,92.6541,3.2295991095383503
,,,,,,11058,-1.449219,2.519025,92.6689,3.243486315954828
,,,,,,11059,-1.449219,2.519427,92.6837,3.2176362065307718
,,,,,,11060,-1.449033,2.51983,92.6985,3.2443064987668815
,,,,,,11061,-1.449033,2.520232,92.7133,3.2270052478125915
,,,,,,11062,-1.449033,2.520635,92.7281,3.2133468971008594
,,,,,,11063,-1.449033,2.521037,92.7429,3.240094784156951
,,,,,,11064,-1.449219,2.52144,92.7577,3.221607560230663
,,,,,,11065,-1.449405,2.521842,92.7725,3.23074892291
,,,,,,11066,-1.449405,2.522245,92.7874,3.2332051463404965
,,,,,,11067,-1.449219,2.522648,92.8022,3.217841391820815
,,,,,,11068,-1.449219,2.52305,92.817,3.2107212034367336
,,,,,,11069,-1.449219,2.523453,92.8318,3.218325642731723
,,,,,,11070,-1.449219,2.523855,92.8466,3.2086551341625085
,,,,,,11071,-1.449033,2.524258,92.8614,3.207124361387444
,,,,,,11072,-1.449033,2.52466,92.8762,3.220551368318506
,,,,,,11073,-1.449033,2.525063,92.891,3.2478160575615824
,,,,,,11074,-1.449033,2.525465,92.9058,3.220054992178278
,,,,,,11075,-1.449219,2.525868,92.9206,3.2232975263443344
,,,,,,11076,-1.449219,2.526271,92.9354,3.193871964725038
,,,,,,11077,-1.449219,2.526673,92.9502,3.2208376428380228
,,,,,,11078,-1.449219,2.527076,92.9651,3.2009557870575756
,,,,,,11079,-1.449219,2.527478,92.9799,3.229560134232852
,,,,,,11080,-1.449033,2.527881,92.9947,3.2083204615545413
,,,,,,11081,-1.449033,2.528283,93.0095,3.2244858822041556
,,,,,,11082,-1.449219,2.528686,93.0243,3.2367903589460973
,,,,,,11083,-1.449219,2.529088,93.0391,3.1949868537391857
,,,,,,11084,-1.448847,2.529491,93.0539,3.2029449173193867
,,,,,,11085,-1.448847,2.529893,93.0687,3.2082868005433816
,,,,,,11086,-1.449219,2.530296,93.0835,3.2129248636238543
,,,,,,11087,-1.449219,2.530698,93.0983,3.192719005608757
,,,,,,11088,-1.449219,2.531101,93.1131,3.212964728924218
,,,,,,11089,-1.449219,2.531503,93.1279,3.1985501336279767
,,,,,,11090,-1.449219,2.531906,93.1428,3.2226884968911005
,,,,,,11091,-1.449591,2.532309,93.1576,3.203688501797227
,,,,,,11092,-1.449591,2.532712,93.1724,3.224029673268772
,,,,,,11093,-1.449405,2.533114,93.1872,3.2160603860706436
,,,,,,11094,-1.449405,2.533517,93.202,3.202444112236303
,,,,,,11095,-1.449405,2.533919,93.2168,3.202788520142991
,,,,,,11096,-1.449405,2.534322,93.2316,3.214805996658712
,,,,,,11097,-1.449405,2.534724,93.2464,3.2133901723497114
,,,,,,11098,-1.449405,2.535127,93.2613,3.1933601092558783
,,,,,,11099,-1.449219,2.53553,93.2761,3.197028016256842
,,,,,,11100,-1.449219,2.535932,93.2909,3.1969326566622174
,,,,,,11101,-1.449219,2.536335,93.3057,3.2006015051962486
,,,,,,11102,-1.449219,2.536737,93.3205,3.2055308808301266
,,,,,,11103,-1.449219,2.53714,93.3353,3.204968067693187
,,,,,,11104,-1.449219,2.537543,93.3501,3.182112622708652
,,,,,,11105,-1.449219,2.537945,93.3649,3.2000314432133443
,,,,,,11106,-1.449405,2.538348,93.3797,3.1980448779284707
,,,,,,11107,-1.449405,2.53875,93.3945,3.2021229636070387
,,,,,,11108,-1.449219,2.539153,93.4093,3.1921635546938356
,,,,,,11109,-1.449219,2.539555,93.4242,3.2010637372249744
,,,,,,11110,-1.449219,2.539958,93.439,3.2241827000804117
,,,,,,11111,-1.449219,2.54036,93.4538,3.2188179943113067
,,,,,,11112,-1.448847,2.540763,93.4686,3.2061008400820916
,,,,,,11113,-1.448847,2.541165,93.4834,3.208948348635575
,,,,,,11114,-1.448847,2.541568,93.4982,3.2057634632508667
,,,,,,11115,-1.448847,2.54197,93.513,3.1817283952689572
,,,,,,11116,-1.448847,2.542373,93.5278,3.1982377907291615
,,,,,,11117,-1.449219,2.542775,93.5426,3.191659086796797
,,,,,,11118,-1.449219,2.543178,93.5574,3.1775935858651
,,,,,,11119,-1.449405,2.543581,93.5722,3.1975594631949678
,,,,,,11120,-1.449405,2.543983,93.587,3.20791663202831
,,,,,,11121,-1.449405,2.544386,93.6019,3.1795618176816722
,,,,,,11122,-1.449405,2.544788,93.6167,3.19958282484695
,,,,,,11123,-1.449405,2.545191,93.6315,3.1952532086095067
,,,,,,11124,-1.449405,2.545594,93.6463,3.2067947111819075
,,,,,,11125,-1.449405,2.545996,93.6611,3.2074330006545737
,,,,,,11126,-1.449405,2.546399,93.6759,3.191845382806905
,,,,,,11127,-1.449405,2.546801,93.6907,3.1952767277852883
,,,,,,11128,-1.449405,2.547204,93.7055,3.1754753085465457
,,,,,,11129,-1.449405,2.547607,93.7203,3.18480415079059
,,,,,,11130,-1.449405,2.548009,93.7352,3.1935375744294783
,,,,,,11131,-1.449405,2.548412,93.75,3.180677494763061
,,,,,,11132,-1.449405,2.548815,93.7648,3.204518474906262
,,,,,,11133,-1.449219,2.549217,93.7796,3.1922554577348743
,,,,,,11134,-1.449219,2.54962,93.7944,3.1745182755096146
,,,,,,11135,-1.449219,2.550022,93.8092,3.182626029973082
,,,,,,11136,-1.449033,2.550425,93.824,3.1737116222652912
,,,,,,11137,-1.449033,2.550827,93.8388,3.1923355907390145
,,,,,,11138,-1.449033,2.55123,93.8536,3.1827641531109245
,,,,,,11139,-1.449033,2.551632,93.8684,3.187666743316549
,,,,,,11140,-1.449405,2.552035,93.8832,3.1840960493550714
,,,,,,11141,-1.449405,2.552437,93.898,3.1902120810471213
,,,,,,11142,-1.449405,2.55284,93.9129,3.1844215587235847
,,,,,,11143,-1.449405,2.553243,93.9277,3.1759470481259164
,,,,,,11144,-1.449405,2.553645,93.9425,3.172180125143022
,,,,,,11145,-1.449405,2.554048,93.9573,3.1737762362602524
,,,,,,11146,-1.449405,2.554451,93.9721,3.1737021526577895
,,,,,,11147,-1.449405,2.554853,93.9869,3.1821208496347864
,,,,,,11148,-1.449405,2.555256,94.0017,3.1871271264052763
,,,,,,11149,-1.449219,2.555658,94.0165,3.172449455094827
,,,,,,11150,-1.449219,2.556061,94.0313,3.1713911115491675
,,,,,,11151,-1.449219,2.556463,94.0462,3.1999898454038
,,,,,,11152,-1.449219,2.556866,94.061,3.1761136634455114
,,,,,,11153,-1.449033,2.557268,94.0758,3.168072028266228
,,,,,,11154,-1.449033,2.557671,94.0906,3.182849978736113
,,,,,,11155,-1.449219,2.558074,94.1054,3.1801851695025536
,,,,,,11156,-1.449219,2.558476,94.1202,3.1806109303507584
,,,,,,11157,-1.449405,2.558879,94.135,3.172133499355067
,,,,,,11158,-1.449405,2.559281,94.1498,3.174483790410643
,,,,,,11159,-1.449405,2.559684,94.1646,3.179614727591338
,,,,,,11160,-1.449777,2.560087,94.1795,3.177818327323144
,,,,,,11161,-1.449777,2.560489,94.1943,3.177439365680422
,,,,,,11162,-1.449591,2.560892,94.2091,3.165911082476594
,,,,,,11163,-1.449591,2.561295,94.2239,3.170616162033812
,,,,,,11164,-1.449591,2.561697,94.2387,3.173026426340765
,,,,,,11165,-1.449591,2.5621,94.2535,3.1542607598816765
,,,,,,11166,-1.449591,2.562503,94.2683,3.165696256946071
,,,,,,11167,-1.449591,2.562905,94.2831,3.160148428889368
,,,,,,11168,-1.449405,2.563308,94.298,3.1646319088140995
,,,,,,11169,-1.449405,2.563711,94.3128,3.169975229019664
,,,,,,11170,-1.449405,2.564113,94.3276,3.1560948937041946
,,,,,,11171,-1.449405,2.564516,94.3424,3.15759776024281
,,,,,,11172,-1.449405,2.564919,94.3572,3.1720577062010933
,,,,,,11173,-1.449405,2.565321,94.372,3.170128189347935
,,,,,,11174,-1.449405,2.565724,94.3868,3.1493786888025137
,,,,,,11175,-1.449405,2.566126,94.4016,3.1640722389328206
,,,,,,11176,-1.449405,2.566529,94.4164,3.146747463641472
,,,,,,11177,-1.449405,2.566931,94.4313,3.154142877631545
,,,,,,11178,-1.449405,2.567334,94.4461,3.158435354716232
,,,,,,11179,-1.449405,2.567737,94.4609,3.1622694032697054
,,,,,,11180,-1.449405,2.568139,94.4757,3.1791747449077055
,,,,,,11181,-1.449405,2.568542,94.4905,3.1673213052265656
,,,,,,11182,-1.449219,2.568944,94.5053,3.143772971980945
,,,,,,11183,-1.449219,2.569347,94.5201,3.1541557572219845
,,,,,,11184,-1.449219,2.56975,94.5349,3.1523550669525604
,,,,,,11185,-1.449219,2.570152,94.5497,3.1490966556840494
,,,,,,11186,-1.449405,2.570555,94.5645,3.1653254069321726
,,,,,,11187,-1.449405,2.570957,94.5794,3.1574224187816564
,,,,,,11188,-1.449591,2.57136,94.5942,3.1587553876780654
,,,,,,11189,-1.449591,2.571763,94.609,3.164723032359569
,,,,,,11190,-1.449591,2.572165,94.6238,3.148968249352574
,,,,,,11191,-1.449591,2.572568,94.6386,3.158716332007864
,,,,,,11192,-1.449219,2.572971,94.6534,3.1704453817176788
,,,,,,11193,-1.449219,2.573373,94.6682,3.1454395432833593
,,,,,,11194,-1.449219,2.573776,94.683,3.144348051521734
,,,,,,11195,-1.449219,2.574178,94.6978,3.140419809824473
,,,,,,11196,-1.449219,2.574581,94.7127,3.1351573807273616
,,,,,,11197,-1.449219,2.574983,94.7275,3.150238550583452
,,,,,,11198,-1.449405,2.575386,94.7423,3.150889361288086
,,,,,,11199,-1.449405,2.575789,94.7571,3.138455388617815
,,,,,,11200,-1.449405,2.576191,94.7719,3.1484315050324114
,,,,,,11201,-1.449405,2.576594,94.7867,3.1501536908348147
,,,,,,11202,-1.449405,2.576997,94.8015,3.122738664797427
,,,,,,11203,-1.449405,2.577399,94.8163,3.1449001590481274
,,,,,,11204,-1.449405,2.577802,94.8311,3.152249059880664
,,,,,,11205,-1.449219,2.578204,94.846,3.1522101862577023
,,,,,,11206,-1.449219,2.578607,94.8608,3.155030675196456
,,,,,,11207,-1.449219,2.579009,94.8756,3.1391507273013284
,,,,,,11208,-1.449219,2.579412,94.8904,3.1286660199679357
,,,,,,11209,-1.449219,2.579814,94.9052,3.1300879167204454
,,,,,,11210,-1.449219,2.580217,94.92,3.144808143598451
,,,,,,11211,-1.449219,2.58062,94.9348,3.127318908522738
,,,,,,11212,-1.449219,2.581022,94.9496,3.1554899806129035
,,,,,,11213,-1.449219,2.581425,94.9644,3.146498601142145
,,,,,,11214,-1.449219,2.581827,94.9792,3.1315550431588424
,,,,,,11215,-1.449219,2.58223,94.994,3.139809624710603
,,,,,,11216,-1.449219,2.582633,95.0089,3.1181260295290976
,,,,,,11217,-1.449219,2.583035,95.0237,3.153248196075672
,,,,,,11218,-1.449219,2.583437,95.0385,3.1273737804130217
,,,,,,11219,-1.449219,2.58384,95.0533,3.119646357205274
,,,,,,11220,-1.449219,2.584243,95.0681,3.1265910835376607
,,,,,,11221,-1.449219,2.584645,95.0829,3.133755632888476
,,,,,,11222,-1.449219,2.585048,95.0977,3.13046303221751
,,,,,,11223,-1.449219,2.58545,95.1125,3.142954747768399
,,,,,,11224,-1.449219,2.585853,95.1273,3.1305242417819015
,,,,,,11225,-1.449219,2.586256,95.1421,3.1346090867622918
,,,,,,11226,-1.449219,2.586658,95.157,3.126753264494214
,,,,,,11227,-1.449405,2.587061,95.1718,3.133485048606035
,,,,,,11228,-1.449405,2.587463,95.1866,3.115986737905252
,,,,,,11229,-1.449219,2.587866,95.2014,3.12260112848682
,,,,,,11230,-1.449219,2.588268,95.2162,3.1306566387937065
,,,,,,11231,-1.449219,2.588671,95.231,3.11173545819034
,,,,,,11232,-1.449219,2.589073,95.2458,3.1281707093389626
,,,,,,11233,-1.449033,2.589476,95.2606,3.122583640418704
,,,,,,11234,-1.449033,2.589879,95.2754,3.122552361040168
,,,,,,11235,-1.449033,2.590281,95.2902,3.131699340176594
,,,,,,11236,-1.449219,2.590684,95.305,3.1152415972996192
,,,,,,11237,-1.449219,2.591086,95.3198,3.1327681519665167
,,,,,,11238,-1.449405,2.591489,95.3347,3.1214337819632747
,,,,,,11239,-1.449405,2.591891,95.3495,3.1161576648070657
,,,,,,11240,-1.449219,2.592294,95.3643,3.1264926984838435
,,,,,,11241,-1.449219,2.592696,95.3791,3.1113281196921077
,,,,,,11242,-1.449405,2.593099,95.3939,3.12454911842979
,,,,,,11243,-1.449405,2.593502,95.4087,3.1172134372369857
,,,,,,11244,-1.449405,2.593904,95.4235,3.113379572025838
,,,,,,11245,-1.449405,2.594307,95.4383,3.1136074254934707
,,,,,,11246,-1.449591,2.59471,95.4531,3.104181228596409
,,,,,,11247,-1.449591,2.595112,95.468,3.1166664338680867
,,,,,,11248,-1.449591,2.595515,95.4828,3.1198879298357483
,,,,,,11249,-1.449591,2.595918,95.4976,3.0950123791028363
,,,,,,11250,-1.449405,2.59632,95.5124,3.1095290171819108
,,,,,,11251,-1.449405,2.596723,95.5272,3.111884218483423
,,,,,,11252,-1.449405,2.597126,95.542,3.1084401661018264
,,,,,,11253,-1.449405,2.597528,95.5568,3.0991753559791357
,,,,,,11254,-1.449405,2.597931,95.5716,3.0876582673593846
,,,,,,11255,-1.449405,2.598333,95.5865,3.1070832495754965
,,,,,,11256,-1.449405,2.598736,95.6013,3.1013803532327247
,,,,,,11257,-1.449405,2.599138,95.6161,3.0997987761630412
,,,,,,11258,-1.449405,2.599541,95.6309,3.110639917003423
,,,,,,11259,-1.449405,2.599944,95.6457,3.0858367412275656
,,,,,,11260,-1.449405,2.600346,95.6605,3.0838547996689427
,,,,,,11261,-1.449405,2.600749,95.6753,3.1175200950525106
,,,,,,11262,-1.449405,2.601151,95.6901,3.107211783506
,,,,,,11263,-1.449405,2.601554,95.7049,3.108547711025924
,,,,,,11264,-1.449405,2.601957,95.7198,3.0943162932786628
,,,,,,11265,-1.449405,2.602359,95.7346,3.1250279468388062
,,,,,,11266,-1.449405,2.602762,95.7494,3.1105253737165284
,,,,,,11267,-1.449405,2.603165,95.7642,3.1044573010378667
,,,,,,11268,-1.449033,2.603567,95.779,3.0991066844443336
,,,,,,11269,-1.449405,2.60397,95.7938,3.099684388157419
,,,,,,11270,-1.449405,2.604372,95.8086,3.0991181304811226
,,,,,,11271,-1.449405,2.604775,95.8234,3.0920521693584395
,,,,,,11272,-1.449405,2.605178,95.8382,3.0973596378471586
,,,,,,11273,-1.449405,2.60558,95.8531,3.0818419996991
,,,,,,11274,-1.449405,2.605983,95.8679,3.0912321695676566
,,,,,,11275,-1.449033,2.606385,95.8827,3.086266324228365
,,,,,,11276,-1.449033,2.606788,95.8975,3.080006303630113
,,,,,,11277,-1.449033,2.60719,95.9123,3.1029594767388504
,,,,,,11278,-1.449033,2.607593,95.9271,3.082923053640613
,,,,,,11279,-1.449219,2.607996,95.9419,3.0895308427809063
,,,,,,11280,-1.449405,2.608398,95.9567,3.1057374237717266
,,,,,,11281,-1.449405,2.608801,95.9715,3.0905090449722588
,,,,,,11282,-1.449591,2.609203,95.9863,3.082043259244013
,,,,,,11283,-1.449591,2.609606,96.0012,3.0825362018446265
,,,,,,11284,-1.449591,2.610009,96.016,3.0998466305260455
,,,,,,11285,-1.449591,2.610411,96.0308,3.0852980219260235
,,,,,,11286,-1.449405,2.610814,96.0456,3.086502315059029
,,,,,,11287,-1.449405,2.611217,96.0604,3.1005831575974754
,,,,,,11288,-1.449405,2.611619,96.0752,3.0800093199722394
,,,,,,11289,-1.449405,2.612022,96.09,3.066557962847345
,,,,,,11290,-1.449405,2.612424,96.1048,3.0763818784483714
,,,,,,11291,-1.449405,2.612827,96.1196,3.073499521892829
,,,,,,11292,-1.449777,2.61323,96.1345,3.0790199479119185
,,,,,,11293,-1.449777,2.613632,96.1493,3.0891090368937544
,,,,,,11294,-1.449405,2.614035,96.1641,3.0550603211585226
,,,,,,11295,-1.449405,2.614438,96.1789,3.0755393814323697
,,,,,,11296,-1.449405,2.61484,96.1937,3.0759381699981994
,,,,,,11297,-1.449219,2.615243,96.2085,3.049314217771065
,,,,,,11298,-1.449219,2.615645,96.2233,3.086770270811845
,,,,,,11299,-1.449219,2.616048,96.2381,3.0665874636164085
,,,,,,11300,-1.449219,2.616451,96.2529,3.071026666301175
,,,,,,11301,-1.449219,2.616853,96.2677,3.0683458125027414
,,,,,,11302,-1.449219,2.617256,96.2826,3.069570421020789
,,,,,,11303,-1.449405,2.617658,96.2974,3.0716213718997634
,,,,,,11304,-1.449405,2.618061,96.3122,3.073433899237804
,,,,,,11305,-1.449405,2.618464,96.327,3.067927772650261
,,,,,,11306,-1.449405,2.618866,96.3418,3.059487764147271
,,,,,,11307,-1.449405,2.619269,96.3566,3.065578268623791
,,,,,,11308,-1.449405,2.619671,96.3714,3.0720430092109203
,,,,,,11309,-1.449405,2.620074,96.3862,3.06005198070178
,,,,,,11310,-1.449405,2.620476,96.401,3.0602926352480053
,,,,,,11311,-1.449405,2.620879,96.4159,3.0444198843343346
,,,,,,11312,-1.449591,2.621282,96.4307,3.060165665340728
,,,,,,11313,-1.449591,2.621685,96.4455,3.0481552105040257
,,,,,,11314,-1.449405,2.622087,96.4603,3.0786278134598133
,,,,,,11315,-1.449405,2.62249,96.4751,3.0516714151501176
,,,,,,11316,-1.449405,2.622892,96.4899,3.0689559784925224
,,,,,,11317,-1.449405,2.623295,96.5047,3.060760537955599
,,,,,,11318,-1.449405,2.623698,96.5195,3.049347693652754
,,,,,,11319,-1.449405,2.6241,96.5344,3.0565659868343835
,,,,,,11320,-1.449405,2.624503,96.5492,3.0442193136796543
,,,,,,11321,-1.449405,2.624905,96.564,3.0644850248683273
,,,,,,11322,-1.449405,2.625308,96.5788,3.061661177682746
,,,,,,11323,-1.449405,2.62571,96.5936,3.0680775570700556
,,,,,,11324,-1.449405,2.626113,96.6084,3.0552716364095103
,,,,,,11325,-1.449405,2.626516,96.6232,3.0621756977687578
,,,,,,11326,-1.449405,2.626918,96.638,3.0626455323764064
,,,,,,11327,-1.449405,2.627321,96.6528,3.055223496989171
,,,,,,11328,-1.449405,2.627724,96.6677,3.0574753870434668
,,,,,,11329,-1.449219,2.628126,96.6825,3.0313576384098804
,,,,,,11330,-1.449219,2.628529,96.6973,3.0608878914802737
,,,,,,11331,-1.449219,2.628931,96.7121,3.0359314049615076
,,,,,,11332,-1.449219,2.629334,96.7269,3.0530089587239346
,,,,,,11333,-1.449405,2.629736,96.7417,3.056951127435244
,,,,,,11334,-1.449405,2.630139,96.7565,3.0362993470547077
,,,,,,11335,-1.449405,2.630542,96.7713,3.050063933509158
,,,,,,11336,-1.449405,2.630944,96.7861,3.0438486790846655
,,,,,,11337,-1.449405,2.631347,96.8009,3.0515797431934697
,,,,,,11338,-1.449219,2.631749,96.8158,3.0518599900033774
,,,,,,11339,-1.449219,2.632152,96.8306,3.0562294459283006
,,,,,,11340,-1.449405,2.632555,96.8454,3.0475250364767055
,,,,,,11341,-1.449405,2.632957,96.8602,3.0414474131903253
,,,,,,11342,-1.449219,2.63336,96.875,3.0324921913959786
,,,,,,11343,-1.449219,2.633762,96.8898,3.050408678432431
,,,,,,11344,-1.449219,2.634165,96.9046,3.019980992886806
,,,,,,11345,-1.449219,2.634567,96.9194,3.0237021419745713
,,,,,,11346,-1.449219,2.63497,96.9342,3.030311838437975
,,,,,,11347,-1.449219,2.635373,96.949,3.03197590525791
,,,,,,11348,-1.449219,2.635775,96.9639,3.027963571575272
,,,,,,11349,-1.449591,2.636178,96.9787,3.0282310728092585
,,,,,,11350,-1.449591,2.63658,96.9935,3.0355279289142585
,,,,,,11351,-1.449591,2.636983,97.0083,3.027949689056357
,,,,,,11352,-1.449591,2.637386,97.0231,3.0202973071953108
,,,,,,11353,-1.449591,2.637789,97.0379,3.035025304022947
,,,,,,11354,-1.449591,2.638191,97.0527,3.0428894030491267
,,,,,,11355,-1.449591,2.638594,97.0675,3.01999187392347
,,,,,,11356,-1.449591,2.638997,97.0824,3.041278646178701
,,,,,,11357,-1.449405,2.639399,97.0972,3.022778070577501
,,,,,,11358,-1.449405,2.639802,97.112,3.0148617002699454
,,,,,,11359,-1.449405,2.640204,97.1268,3.035107652376957
,,,,,,11360,-1.449405,2.640607,97.1416,3.048240275055463
,,,,,,11361,-1.449405,2.64101,97.1564,3.0318547090869488
,,,,,,11362,-1.449405,2.641412,97.1712,3.0269358343441835
,,,,,,11363,-1.449405,2.641815,97.186,3.019066367962096
,,,,,,11364,-1.449405,2.642217,97.2008,3.0269334790122193
,,,,,,11365,-1.449405,2.64262,97.2157,3.022622125460084
,,,,,,11366,-1.449405,2.643023,97.2305,3.029615088615938
,,,,,,11367,-1.449405,2.643425,97.2453,3.0107551225938907
,,,,,,11368,-1.449405,2.643828,97.2601,3.01599077494134
,,,,,,11369,-1.449405,2.64423,97.2749,3.009503289197516
,,,,,,11370,-1.449405,2.644633,97.2897,3.014941736688287
,,,,,,11371,-1.449219,2.645036,97.3045,3.0080426996334855
,,,,,,11372,-1.449219,2.645438,97.3193,3.0091852802404357
,,,,,,11373,-1.449405,2.645841,97.3341,3.0159282988821445
,,,,,,11374,-1.449405,2.646243,97.349,3.001224320625511
,,,,,,11375,-1.449405,2.646646,97.3638,3.0226768648158866
,,,,,,11376,-1.449405,2.647049,97.3786,3.0122079823933507
,,,,,,11377,-1.449777,2.647451,97.3934,3.004014713205627
,,,,,,11378,-1.449777,2.647854,97.4082,3.02472748563833
,,,,,,11379,-1.449405,2.648257,97.423,3.010572837118737
,,,,,,11380,-1.449405,2.648659,97.4378,3.0224825299338507
,,,,,,11381,-1.449405,2.649062,97.4526,3.0004056084794786
,,,,,,11382,-1.449405,2.649465,97.4675,3.0057886566970224
,,,,,,11383,-1.449405,2.649867,97.4823,3.0047302851737974
,,,,,,11384,-1.449405,2.65027,97.4971,3.02348368085817
,,,,,,11385,-1.449405,2.650672,97.5119,3.002579128443141
,,,,,,11386,-1.449405,2.651075,97.5267,2.989780957240005
,,,,,,11387,-1.449405,2.651478,97.5415,2.995279785300599
,,,,,,11388,-1.449405,2.65188,97.5563,2.9862168725002043
,,,,,,11389,-1.449405,2.652283,97.5711,2.9915142335282967
,,,,,,11390,-1.449405,2.652685,97.5859,3.0042384262429374
,,,,,,11391,-1.449405,2.653088,97.6008,2.9838460486039318
,,,,,,11392,-1.449405,2.653491,97.6156,2.9917375794407612
,,,,,,11393,-1.449405,2.653893,97.6304,3.0042782616156143
,,,,,,11394,-1.449405,2.654296,97.6452,2.997989735415645
,,,,,,11395,-1.449405,2.654699,97.66,2.9985140615275965
,,,,,,11396,-1.449219,2.655101,97.6748,2.979051409277326
,,,,,,11397,-1.449219,2.655504,97.6896,2.9983829277747343
,,,,,,11398,-1.449219,2.655906,97.7044,2.9835615999578926
,,,,,,11399,-1.449219,2.656309,97.7192,2.9849620809194666
,,,,,,11400,-1.449219,2.656711,97.734,2.9827822804216484
,,,,,,11401,-1.449219,2.657114,97.7488,2.982603451676733
,,,,,,11402,-1.449219,2.657516,97.7637,2.9762491031761984
,,,,,,11403,-1.449219,2.657919,97.7785,2.9801509100237533
,,,,,,11404,-1.449219,2.658322,97.7933,2.973237236259858
,,,,,,11405,-1.449219,2.658724,97.8081,2.9754525953177935
,,,,,,11406,-1.449219,2.659127,97.8229,2.9683163189827515
,,,,,,11407,-1.449591,2.659529,97.8377,2.9643151280903175
,,,,,,11408,-1.449591,2.659932,97.8525,2.958743842679393
,,,,,,11409,-1.449591,2.660335,97.8673,2.9829737178486284
,,,,,,11410,-1.449591,2.660737,97.8821,2.9916260842674443
,,,,,,11411,-1.449591,2.66114,97.897,2.975911223477773
,,,,,,11412,-1.449405,2.661543,97.9118,2.9672243614911826
,,,,,,11413,-1.449405,2.661945,97.9266,2.9788426402607895
,,,,,,11414,-1.449405,2.662348,97.9414,2.9663818160574102
,,,,,,11415,-1.449405,2.66275,97.9562,2.9665006971996255
,,,,,,11416,-1.449219,2.663153,97.971,2.9572543375717615
,,,,,,11417,-1.449219,2.663556,97.9858,2.9573573447767423
,,,,,,11418,-1.449219,2.663958,98.0006,2.983242514918352
,,,,,,11419,-1.449219,2.664361,98.0154,2.9681463314927803
,,,,,,11420,-1.449591,2.664763,98.0303,2.9553148776013254
,,,,,,11421,-1.449591,2.665166,98.0451,2.9653739710109726
,,,,,,11422,-1.449591,2.665569,98.0599,2.974210778328904
,,,,,,11423,-1.449591,2.665971,98.0747,2.9459658839885967
,,,,,,11424,-1.449405,2.666374,98.0895,2.955321207290208
,,,,,,11425,-1.449405,2.666777,98.1043,2.9639397504622536
,,,,,,11426,-1.449405,2.667179,98.1191,2.952579208494527
,,,,,,11427,-1.449219,2.667582,98.1339,2.952207033100408
,,,,,,11428,-1.449219,2.667984,98.1487,2.9478677189305293
,,,,,,11429,-1.449405,2.668387,98.1636,2.9580795151443486
,,,,,,11430,-1.449405,2.66879,98.1784,2.959830877377977
,,,,,,11431,-1.449219,2.669192,98.1932,2.951405944453032
,,,,,,11432,-1.449219,2.669595,98.208,2.958195448562411
,,,,,,11433,-1.449405,2.669997,98.2228,2.944570270106763
,,,,,,11434,-1.449405,2.6704,98.2376,2.9455135453080232
,,,,,,11435,-1.449405,2.670803,98.2524,2.9322530908316526
,,,,,,11436,-1.449405,2.671205,98.2672,2.9560468854660393
,,,,,,11437,-1.449405,2.671608,98.282,2.943408930909807
,,,,,,11438,-1.449219,2.67201,98.2969,2.959131008786579
,,,,,,11439,-1.449219,2.672413,98.3117,2.9338670165549146
,,,,,,11440,-1.449219,2.672815,98.3265,2.9376689787603603
,,,,,,11441,-1.449219,2.673218,98.3413,2.9379771364196055
,,,,,,11442,-1.449219,2.67362,98.3561,2.9273082828730304
,,,,,,11443,-1.449219,2.674023,98.3709,2.950562571390576
,,,,,,11444,-1.449591,2.674426,98.3857,2.9370465779389345
,,,,,,11445,-1.449591,2.674828,98.4005,2.934381590272255
,,,,,,11446,-1.449405,2.675231,98.4153,2.9497950419447507
,,,,,,11447,-1.449405,2.675634,98.4302,2.9456172436234214
,,,,,,11448,-1.449405,2.676036,98.445,2.9116372293934
,,,,,,11449,-1.449219,2.676439,98.4598,2.947882357587148
,,,,,,11450,-1.449219,2.676841,98.4746,2.955567414805776
,,,,,,11451,-1.449219,2.677244,98.4894,2.9041213992588766
,,,,,,11452,-1.449219,2.677646,98.5042,2.9127821042925923
,,,,,,11453,-1.449219,2.678049,98.519,2.926917180055127
,,,,,,11454,-1.449219,2.678452,98.5338,2.9247126845962543
,,,,,,11455,-1.449033,2.678854,98.5486,2.911138801166054
,,,,,,11456,-1.449033,2.679257,98.5634,2.9274814058522973
,,,,,,11457,-1.449033,2.679659,98.5782,2.9309326425441156
,,,,,,11458,-1.449033,2.680062,98.593,2.910801438458067
,,,,,,11459,-1.449033,2.680464,98.6079,2.9052299938990918
,,,,,,11460,-1.449033,2.680867,98.6227,2.9259476360925296
,,,,,,11461,-1.449033,2.681269,98.6375,2.9130429703901566
,,,,,,11462,-1.449591,2.681672,98.6523,2.9282048338558755
,,,,,,11463,-1.449591,2.682075,98.6671,2.9173456429638045
,,,,,,11464,-1.449591,2.682477,98.6819,2.911746858908114
,,,,,,11465,-1.449591,2.68288,98.6967,2.8952353117354703
,,,,,,11466,-1.449591,2.683283,98.7115,2.9086835465754057
,,,,,,11467,-1.449591,2.683685,98.7263,2.9145381994303925
,,,,,,11468,-1.449405,2.684088,98.7412,2.895310106685479
,,,,,,11469,-1.449405,2.68449,98.756,2.8815570557198584
,,,,,,11470,-1.449219,2.684893,98.7708,2.9006644106697967
,,,,,,11471,-1.449219,2.685296,98.7856,2.9024971499045353
,,,,,,11472,-1.449219,2.685698,98.8004,2.8829032155062357
,,,,,,11473,-1.449219,2.686101,98.8152,2.925314325421594
,,,,,,11474,-1.449219,2.686503,98.83,2.912256332274723
,,,,,,11475,-1.449219,2.686906,98.8448,2.89709654335105
,,,,,,11476,-1.449219,2.687308,98.8596,2.895019684306196
,,,,,,11477,-1.449219,2.687711,98.8744,2.8866528699018463
,,,,,,11478,-1.449219,2.688113,98.8893,2.9067490359678336
,,,,,,11479,-1.449219,2.688516,98.9041,2.8864691938317275
,,,,,,11480,-1.449219,2.688919,98.9189,2.881973793622055
,,,,,,11481,-1.449219,2.689321,98.9337,2.8793737187971997
,,,,,,11482,-1.449219,2.689724,98.9485,2.8752460733368337
,,,,,,11483,-1.449219,2.690126,98.9633,2.8601309865194002
,,,,,,11484,-1.449033,2.690529,98.9781,2.8923225084041855
,,,,,,11485,-1.449033,2.690931,98.9929,2.867950148094689
,,,,,,11486,-1.449033,2.691334,99.0077,2.8625454813566904
,,,,,,11487,-1.449033,2.691736,99.0225,2.859954662085224
,,,,,,11488,-1.449033,2.692139,99.0373,2.8632635692744355
,,,,,,11489,-1.449033,2.692541,99.0521,2.8903833170671027
,,,,,,11490,-1.449033,2.692944,99.0669,2.860454873710073
,,,,,,11491,-1.449033,2.693346,99.0818,2.868348453969089
,,,,,,11492,-1.449405,2.693749,99.0966,2.856560102470478
,,,,,,11493,-1.449405,2.694152,99.1114,2.8665116747388506
,,,,,,11494,-1.449405,2.694554,99.1262,2.860435045365352
,,,,,,11495,-1.449405,2.694957,99.141,2.858591172908362
,,,,,,11496,-1.449405,2.695359,99.1558,2.8625781929290017
,,,,,,11497,-1.449405,2.695762,99.1706,2.8528278985106916
,,,,,,11498,-1.449405,2.696165,99.1854,2.8531473062112416
,,,,,,11499,-1.449405,2.696567,99.2002,2.863833289888129
,,,,,,11500,-1.449405,2.69697,99.215,2.8521964955332133
,,,,,,11501,-1.449405,2.697372,99.2299,2.8477211913915745
,,,,,,11502,-1.449405,2.697775,99.2447,2.8360221162690555
,,,,,,11503,-1.449591,2.698178,99.2595,2.8439888706890377
,,,,,,11504,-1.449591,2.69858,99.2743,2.8445999955171057
,,,,,,11505,-1.449591,2.698983,99.2891,2.8440501987780014
,,,,,,11506,-1.449591,2.699386,99.3039,2.856668749511801
,,,,,,11507,-1.449405,2.699788,99.3187,2.846287675090912
,,,,,,11508,-1.449405,2.700191,99.3336,2.828108595246749
,,,,,,11509,-1.449219,2.700593,99.3484,2.840049899723577
,,,,,,11510,-1.449219,2.700996,99.3632,2.838616652873258
,,,,,,11511,-1.449219,2.701399,99.378,2.851063747243844
,,,,,,11512,-1.449219,2.701801,99.3928,2.8323599109908666
,,,,,,11513,-1.449219,2.702204,99.4076,2.837905618377625
,,,,,,11514,-1.449219,2.702606,99.4224,2.8374469841770606
,,,,,,11515,-1.449219,2.703009,99.4372,2.8430412003642362
,,,,,,11516,-1.449219,2.703411,99.452,2.8141867427132596
,,,,,,11517,-1.449219,2.703814,99.4668,2.817047542744975
,,,,,,11518,-1.449219,2.704216,99.4816,2.8175785736088437
,,,,,,11519,-1.449219,2.704619,99.4965,2.8151049557995846
,,,,,,11520,-1.449219,2.705022,99.5113,2.8259227617438603
,,,,,,11521,-1.449033,2.705424,99.5261,2.8104080300664878
,,,,,,11522,-1.449033,2.705827,99.5409,2.810348715064195
,,,,,,11523,-1.449033,2.706229,99.5557,2.8085853255849544
,,,,,,11524,-1.449033,2.706632,99.5705,2.813364491235061
,,,,,,11525,-1.449219,2.707034,99.5853,2.8126722008476808
,,,,,,11526,-1.449219,2.707437,99.6001,2.802932252056436
,,,,,,11527,-1.449219,2.707839,99.6149,2.8140063512347226
,,,,,,11528,-1.449219,2.708242,99.6297,2.8089341491916584
,,,,,,11529,-1.449219,2.708644,99.6445,2.7800428383837525
,,,,,,11530,-1.449219,2.709047,99.6593,2.8104692830297564
,,,,,,11531,-1.449219,2.70945,99.6742,2.79223193258216
,,,,,,11532,-1.449405,2.709852,99.689,2.801675147760549
,,,,,,11533,-1.449405,2.710255,99.7038,2.810331194098655
,,,,,,11534,-1.449405,2.710657,99.7186,2.778480603289407
,,,,,,11535,-1.449405,2.71106,99.7334,2.8060879809016397
,,,,,,11536,-1.449405,2.711463,99.7482,2.785808218117503
,,,,,,11537,-1.449405,2.711865,99.763,2.7970841720539443
,,,,,,11538,-1.449405,2.712268,99.7778,2.782895473752981
,,,,,,11539,-1.449405,2.712671,99.7926,2.7698286890299055
,,,,,,11540,-1.449405,2.713073,99.8075,2.7632223799595437
,,,,,,11541,-1.449405,2.713476,99.8223,2.781161826434147
,,,,,,11542,-1.449405,2.713878,99.8371,2.77515988059932
,,,,,,11543,-1.449405,2.714281,99.8519,2.7802885645255544
,,,,,,11544,-1.449405,2.714684,99.8667,2.7811413949096897
,,,,,,11545,-1.449405,2.715086,99.8815,2.7552470317884126
,,,,,,11546,-1.449405,2.715489,99.8963,2.75997109723862
,,,,,,11547,-1.449405,2.715891,99.9111,2.77557807549215
,,,,,,11548,-1.449405,2.716294,99.9259,2.7748101388703037
,,,,,,11549,-1.449405,2.716697,99.9408,2.7483859007754217
,,,,,,11550,-1.449405,2.717099,99.9556,2.7636003540119365
,,,,,,11551,-1.449219,2.717502,99.9704,2.760613056709174
,,,,,,11552,-1.449219,2.717904,99.9852,2.7467501459187766
,,,,,,11553,-1.449219,2.718307,100.0,2.75227322158706
