测试时间/Sec,电流/A,容量/Ah,SOC|DOD/%,电压/V,Unnamed: 5,测试时间/Sec.1,电流/A.1,容量/Ah.1,SOC|DOD/%.1,电压/V.1
0,2.028832,0.0,0.0,3.321243,,5258.0,-2.028832,0.0,0.0,4.138935345209287
4,2.028832,0.002254,0.0847,3.321243,,5263.0,-2.028832,0.002818,0.1063,4.037939015134295
5,2.028832,0.002818,0.1059,3.321243,,5264.0,-2.028832,0.003381,0.1276,4.0920550345745035
6,2.028832,0.003381,0.1271,3.325273,,5265.0,-2.028832,0.003945,0.1488,4.035507892692851
7,2.028832,0.003945,0.1482,3.329923,,5266.0,-2.028832,0.004509,0.1701,3.961697962060708
8,2.028832,0.004509,0.1694,3.329923,,5267.0,-2.028832,0.005072,0.1913,4.05642979642651
9,2.028832,0.005072,0.1906,3.335193,,5268.0,-2.028832,0.005636,0.2126,3.9676501262892008
10,2.028832,0.005636,0.2118,3.338294,,5269.0,-2.028832,0.006199,0.2339,3.9862472652182257
11,2.028832,0.006199,0.2329,3.342014,,5270.0,-2.028832,0.006763,0.2551,4.075045329517015
12,2.029204,0.006763,0.2541,3.345734,,5271.0,-2.028832,0.007326,0.2764,4.109277638273171
13,2.029204,0.007327,0.2753,3.348834,,5272.0,-2.029018,0.00789,0.2977,4.0604772806566976
14,2.028832,0.00789,0.2965,3.351315,,5273.0,-2.029018,0.008454,0.3189,4.101894756930864
15,2.028832,0.008454,0.3176,3.355345,,5274.0,-2.029018,0.009017,0.3402,4.064289167961593
16,2.028832,0.009017,0.3388,3.358755,,5275.0,-2.02939,0.009581,0.3614,4.026426387240433
17,2.029204,0.009581,0.36,3.361545,,5276.0,-2.02939,0.010145,0.3827,4.0392290405665605
18,2.029204,0.010145,0.3812,3.365885,,5277.0,-2.02939,0.010708,0.404,4.085746578945617
19,2.029204,0.010708,0.4024,3.365885,,5278.0,-2.02939,0.011272,0.4252,4.0313289982701255
20,2.029204,0.011272,0.4235,3.368056,,5279.0,-2.02939,0.011836,0.4465,4.080229634144758
21,2.029204,0.011836,0.4447,3.370846,,5280.0,-2.02939,0.0124,0.4678,4.121066787271841
22,2.029204,0.012399,0.4659,3.372086,,5281.0,-2.02939,0.012963,0.489,3.9871586237718306
23,2.029204,0.012963,0.4871,3.376426,,5282.0,-2.029204,0.013527,0.5103,4.100566851845075
24,2.02939,0.013527,0.5083,3.377976,,5283.0,-2.028832,0.01409,0.5316,4.005343277923122
25,2.02939,0.01409,0.5294,3.381076,,5284.0,-2.028832,0.014654,0.5528,4.055171965141777
26,2.02939,0.014654,0.5506,3.381076,,5285.0,-2.028832,0.015218,0.5741,4.036021471029291
27,2.029204,0.015218,0.5718,3.383867,,5286.0,-2.028832,0.015781,0.5954,4.109711562122621
28,2.028832,0.015781,0.593,3.383867,,5287.0,-2.028832,0.016345,0.6166,4.147308642433575
29,2.028832,0.016345,0.6142,3.386967,,5288.0,-2.029018,0.016908,0.6379,4.071555423461283
30,2.028832,0.016908,0.6353,3.391307,,5289.0,-2.028832,0.017472,0.6591,4.093727759604687
31,2.028832,0.017472,0.6565,3.391307,,5290.0,-2.028832,0.018035,0.6804,4.0774412152963215
32,2.028832,0.018036,0.6777,3.393787,,5291.0,-2.029018,0.018599,0.7017,4.063354961655582
33,2.029018,0.018599,0.6989,3.397197,,5292.0,-2.029018,0.019163,0.7229,4.049328062653905
34,2.02939,0.019163,0.72,3.397197,,5293.0,-2.029018,0.019726,0.7442,4.032206115484465
35,2.02939,0.019727,0.7412,3.399988,,5294.0,-2.02939,0.02029,0.7655,4.07532154019585
36,2.02939,0.02029,0.7624,3.402468,,5295.0,-2.02939,0.020854,0.7867,4.151323661677276
37,2.02939,0.020854,0.7836,3.402468,,5296.0,-2.02939,0.021417,0.808,4.07469539250535
38,2.02939,0.021418,0.8048,3.404948,,5297.0,-2.02939,0.021981,0.8293,4.053018969813057
39,2.029204,0.021981,0.8259,3.408048,,5298.0,-2.029204,0.022545,0.8505,3.9690890908956833
40,2.029018,0.022545,0.8471,3.408048,,5299.0,-2.029204,0.023109,0.8718,4.050632306560987
41,2.029018,0.023109,0.8683,3.411768,,5300.0,-2.029204,0.023672,0.8931,3.9927822500689287
42,2.029204,0.023672,0.8895,3.413008,,5301.0,-2.028832,0.024236,0.9143,4.032893003669857
43,2.029204,0.024236,0.9107,3.413008,,5302.0,-2.028832,0.024799,0.9356,4.0159776327460905
44,2.029204,0.0248,0.9318,3.416729,,5303.0,-2.028832,0.025363,0.9568,4.03651910368444
45,2.02939,0.025363,0.953,3.418589,,5304.0,-2.029018,0.025926,0.9781,4.011871117185146
46,2.029204,0.025927,0.9742,3.418589,,5305.0,-2.029018,0.02649,0.9994,3.9672163215665637
47,2.029204,0.026491,0.9954,3.421999,,5306.0,-2.029018,0.027054,1.0206,4.174211963015341
48,2.02939,0.027054,1.0166,3.423549,,5307.0,-2.029018,0.027617,1.0419,3.982970075635176
49,2.02939,0.027618,1.0377,3.423549,,5308.0,-2.028832,0.028181,1.0631,4.021189920417767
50,2.02939,0.028182,1.0589,3.427269,,5309.0,-2.028832,0.028744,1.0844,4.06704358695537
51,2.02939,0.028746,1.0801,3.427889,,5310.0,-2.028832,0.029308,1.1057,3.9889588731487264
52,2.02939,0.029309,1.1013,3.43068,,5311.0,-2.02939,0.029872,1.1269,4.124712469035172
53,2.02939,0.029873,1.1225,3.43068,,5312.0,-2.02939,0.030435,1.1482,4.037454995952598
54,2.029204,0.030437,1.1437,3.43347,,5313.0,-2.02939,0.030999,1.1695,4.028860137934143
55,2.02939,0.031,1.1648,3.43657,,5314.0,-2.029204,0.031563,1.1907,3.9149620552662556
56,2.02939,0.031564,1.186,3.43657,,5315.0,-2.029204,0.032127,1.212,3.977823835455771
57,2.02939,0.032128,1.2072,3.43843,,5316.0,-2.029204,0.03269,1.2333,3.9919966207550757
58,2.02939,0.032692,1.2284,3.43936,,5317.0,-2.028832,0.033254,1.2545,4.049581468452795
59,2.02939,0.033255,1.2496,3.43936,,5318.0,-2.028832,0.033817,1.2758,4.148742955969109
60,2.02939,0.033819,1.2707,3.44308,,5319.0,-2.028832,0.034381,1.297,4.0033904721768
61,2.029018,0.034383,1.2919,3.4437,,5320.0,-2.028832,0.034944,1.3183,4.048052233336228
62,2.029018,0.034946,1.3131,3.4437,,5321.0,-2.028832,0.035508,1.3396,4.0292542523434065
63,2.029018,0.03551,1.3343,3.44463,,5322.0,-2.028832,0.036072,1.3608,4.01072694548866
64,2.029204,0.036074,1.3555,3.446801,,5323.0,-2.028832,0.036635,1.3821,3.940454726702543
65,2.029204,0.036637,1.3766,3.446801,,5324.0,-2.028832,0.037199,1.4034,3.967250459358932
66,2.029204,0.037201,1.3978,3.449591,,5325.0,-2.028832,0.037762,1.4246,4.127882727022781
67,2.029018,0.037765,1.419,3.449591,,5326.0,-2.02939,0.038326,1.4459,3.9809975407691294
68,2.029018,0.038328,1.4402,3.452691,,5327.0,-2.02939,0.03889,1.4671,3.986417321783109
69,2.029018,0.038892,1.4613,3.453931,,5328.0,-2.028832,0.039453,1.4884,4.09564116003391
70,2.028832,0.039455,1.4825,3.453931,,5329.0,-2.029018,0.040017,1.5097,4.010932810963428
71,2.028832,0.040019,1.5037,3.454861,,5330.0,-2.029018,0.040581,1.5309,3.9847215588605
72,2.029018,0.040582,1.5249,3.457961,,5331.0,-2.029018,0.041144,1.5522,4.049551818022221
73,2.02939,0.041146,1.5461,3.459201,,5332.0,-2.02939,0.041708,1.5735,3.9126579575412954
74,2.02939,0.04171,1.5672,3.459201,,5333.0,-2.02939,0.042272,1.5947,4.0726871277018635
75,2.02939,0.042274,1.5884,3.461371,,5334.0,-2.02939,0.042835,1.616,4.002417510686629
76,2.029204,0.042837,1.6096,3.463232,,5335.0,-2.02939,0.043399,1.6373,4.095211299378906
77,2.029204,0.043401,1.6308,3.463232,,5336.0,-2.02939,0.043963,1.6585,4.024612971189168
78,2.029204,0.043965,1.652,3.464782,,5337.0,-2.02939,0.044526,1.6798,3.978738488905229
79,2.029204,0.044528,1.6731,3.465402,,5338.0,-2.02939,0.04509,1.7011,3.995833018003143
80,2.029204,0.045092,1.6943,3.465402,,5339.0,-2.02939,0.045654,1.7223,3.9925625181994437
81,2.028832,0.045656,1.7155,3.468812,,5340.0,-2.02939,0.046218,1.7436,4.053580489852398
82,2.028832,0.046219,1.7367,3.470052,,5341.0,-2.029204,0.046781,1.7649,4.128904344574367
83,2.028832,0.046783,1.7578,3.470052,,5342.0,-2.029204,0.047345,1.7861,4.052240565052062
84,2.029018,0.047346,1.779,3.470982,,5343.0,-2.029204,0.047909,1.8074,3.98686668056288
85,2.029204,0.04791,1.8002,3.473772,,5344.0,-2.029204,0.048472,1.8287,4.057364279179585
86,2.029204,0.048474,1.8214,3.473772,,5345.0,-2.029204,0.049036,1.8499,4.068798012125692
87,2.029018,0.049037,1.8426,3.475322,,5346.0,-2.029204,0.0496,1.8712,4.0589008089477865
88,2.029204,0.049601,1.8637,3.477183,,5347.0,-2.028832,0.050163,1.8924,4.005047065695093
89,2.029204,0.050165,1.8849,3.477183,,5348.0,-2.028832,0.050727,1.9137,4.080384074905315
90,2.029204,0.050728,1.9061,3.479043,,5349.0,-2.028832,0.05129,1.935,3.9917396359652884
91,2.02939,0.051292,1.9273,3.479353,,5350.0,-2.028832,0.051854,1.9562,3.960098141213076
92,2.02939,0.051856,1.9485,3.479353,,5351.0,-2.029018,0.052417,1.9775,4.035212330185805
93,2.029204,0.052419,1.9696,3.480903,,5352.0,-2.029018,0.052981,1.9988,4.05542874913488
94,2.028832,0.052983,1.9908,3.482453,,5353.0,-2.029018,0.053545,2.02,4.060549587254514
95,2.028832,0.053546,2.012,3.482453,,5354.0,-2.029204,0.054108,2.0413,3.940836677177038
96,2.028832,0.05411,2.0332,3.484933,,5355.0,-2.029204,0.054672,2.0625,4.11128073579478
97,2.02939,0.054674,2.0544,3.485243,,5356.0,-2.028832,0.055236,2.0838,4.037646051652331
98,2.02939,0.055237,2.0755,3.485243,,5357.0,-2.029204,0.055799,2.1051,3.979245790400186
99,2.02939,0.055801,2.0967,3.487413,,5358.0,-2.029204,0.056363,2.1263,4.108438670610908
100,2.029018,0.056365,2.1179,3.489273,,5359.0,-2.028832,0.056927,2.1476,4.043294506257936
101,2.029018,0.056928,2.1391,3.489273,,5360.0,-2.029018,0.05749,2.1689,3.97299310088001
102,2.029018,0.057492,2.1603,3.489273,,5361.0,-2.029018,0.058054,2.1901,4.052324727506194
103,2.028832,0.058056,2.1814,3.491133,,5362.0,-2.029018,0.058617,2.2114,3.9659999204441005
104,2.028832,0.058619,2.2026,3.491133,,5363.0,-2.029018,0.059181,2.2327,3.963062120323872
105,2.029204,0.059183,2.2238,3.492373,,5364.0,-2.028832,0.059745,2.2539,3.9568012025899546
106,2.028832,0.059746,2.245,3.494544,,5365.0,-2.028832,0.060308,2.2752,3.947376658826207
107,2.028832,0.06031,2.2661,3.494544,,5366.0,-2.028832,0.060872,2.2964,4.0455410941999945
108,2.028832,0.060874,2.2873,3.495784,,5367.0,-2.029204,0.061435,2.3177,4.0790614142028385
109,2.028832,0.061437,2.3085,3.496404,,5368.0,-2.029204,0.061999,2.339,3.9398688955249805
110,2.028832,0.062001,2.3297,3.496404,,5369.0,-2.029204,0.062563,2.3602,4.016240054090816
111,2.028832,0.062564,2.3508,3.496714,,5370.0,-2.028832,0.063126,2.3815,4.042011572083873
112,2.029204,0.063128,2.372,3.498574,,5371.0,-2.028832,0.06369,2.4028,3.9992924470583295
113,2.029204,0.063692,2.3932,3.498574,,5372.0,-2.028832,0.064253,2.424,4.030943228898021
114,2.029204,0.064255,2.4144,3.500124,,5373.0,-2.028832,0.064817,2.4453,3.966504730396357
115,2.029204,0.064819,2.4356,3.501364,,5374.0,-2.028832,0.065381,2.4665,4.041539137321286
116,2.029204,0.065383,2.4567,3.501364,,5375.0,-2.028832,0.065944,2.4878,3.997189770613689
117,2.029018,0.065946,2.4779,3.503224,,5376.0,-2.028832,0.066508,2.5091,4.021572618263402
118,2.029018,0.06651,2.4991,3.504774,,5377.0,-2.02939,0.067071,2.5303,4.04477589320799
119,2.029018,0.067073,2.5203,3.504774,,5378.0,-2.029204,0.067635,2.5516,4.028043428211079
120,2.029018,0.067637,2.5414,3.505084,,5379.0,-2.029204,0.068199,2.5729,3.9698167198297436
121,2.029018,0.068201,2.5626,3.506014,,5380.0,-2.029204,0.068762,2.5941,4.066766111797475
122,2.029018,0.068764,2.5838,3.506014,,5381.0,-2.028832,0.069326,2.6154,4.023533612592406
123,2.029018,0.069328,2.605,3.507254,,5382.0,-2.028832,0.069889,2.6366,4.01113179520638
124,2.029018,0.069891,2.6262,3.509115,,5383.0,-2.028832,0.070453,2.6579,3.9753337237118505
125,2.029204,0.070455,2.6473,3.509115,,5384.0,-2.028832,0.071017,2.6792,4.033409490309276
126,2.029204,0.071019,2.6685,3.510045,,5385.0,-2.029204,0.07158,2.7004,4.018646195048655
127,2.029204,0.071583,2.6897,3.510665,,5386.0,-2.029204,0.072144,2.7217,4.0267461296642635
128,2.029204,0.072146,2.7109,3.510665,,5387.0,-2.029204,0.072708,2.743,3.9949661554150793
129,2.029204,0.07271,2.7321,3.511595,,5388.0,-2.029018,0.073271,2.7642,4.068832766388875
130,2.02939,0.073274,2.7532,3.512215,,5389.0,-2.029018,0.073835,2.7855,4.0252163277034745
131,2.02939,0.073837,2.7744,3.512215,,5390.0,-2.029018,0.074398,2.8067,3.980472246783
132,2.02939,0.074401,2.7956,3.513765,,5391.0,-2.028832,0.074962,2.828,3.9176833964722997
133,2.02939,0.074965,2.8168,3.514385,,5392.0,-2.028832,0.075526,2.8493,4.042985551024856
134,2.02939,0.075528,2.838,3.514385,,5393.0,-2.028832,0.076089,2.8705,3.988174261765954
135,2.02939,0.076092,2.8591,3.515625,,5394.0,-2.028832,0.076653,2.8918,3.940405041233481
136,2.028832,0.076656,2.8803,3.515935,,5395.0,-2.028832,0.077216,2.913,3.994830871392804
137,2.028832,0.077219,2.9015,3.515935,,5396.0,-2.028832,0.07778,2.9343,4.0577357369122
138,2.028832,0.077783,2.9227,3.517175,,5397.0,-2.028832,0.078343,2.9556,3.9782607364635765
139,2.028832,0.078346,2.9439,3.518415,,5398.0,-2.028832,0.078907,2.9768,3.9931436912531058
140,2.028832,0.07891,2.965,3.518415,,5399.0,-2.028832,0.079471,2.9981,3.9949571694190644
141,2.028832,0.079474,2.9862,3.519345,,5400.0,-2.029204,0.080034,3.0194,3.974759894537207
142,2.02939,0.080037,3.0074,3.520585,,5401.0,-2.029204,0.080598,3.0406,4.039590877645247
143,2.02939,0.080601,3.0286,3.520585,,5402.0,-2.029204,0.081162,3.0619,4.058917238211106
144,2.02939,0.081165,3.0497,3.520895,,5403.0,-2.02939,0.081725,3.0832,3.978746079520773
145,2.02939,0.081728,3.0709,3.521515,,5404.0,-2.02939,0.082289,3.1044,4.077650564588964
146,2.02939,0.082292,3.0921,3.522445,,5405.0,-2.029204,0.082853,3.1257,3.9835849220970188
147,2.02939,0.082856,3.1133,3.522445,,5406.0,-2.02939,0.083416,3.147,4.046368735776772
148,2.02939,0.08342,3.1345,3.522445,,5407.0,-2.029204,0.08398,3.1682,4.063563542336757
149,2.02939,0.083983,3.1557,3.522445,,5408.0,-2.029204,0.084544,3.1895,3.9556607503980343
150,2.02939,0.084547,3.1768,3.523066,,5409.0,-2.029204,0.085107,3.2107,4.031127655471448
151,2.02939,0.085111,3.198,3.524616,,5410.0,-2.029204,0.085671,3.232,4.028900318291009
152,2.02939,0.085674,3.2192,3.525856,,5411.0,-2.029204,0.086235,3.2533,4.040574350875818
153,2.02939,0.086238,3.2404,3.525856,,5412.0,-2.029018,0.086798,3.2745,4.087862888958267
154,2.02939,0.086802,3.2616,3.525856,,5413.0,-2.029018,0.087362,3.2958,4.028142228059156
155,2.029204,0.087366,3.2827,3.525856,,5414.0,-2.029018,0.087926,3.3171,3.8989117394414
156,2.029204,0.087929,3.3039,3.526166,,5415.0,-2.028832,0.088489,3.3383,4.001141404908189
157,2.028832,0.088493,3.3251,3.526166,,5416.0,-2.028832,0.089053,3.3596,4.07496740501922
158,2.029204,0.089056,3.3463,3.526166,,5417.0,-2.028832,0.089616,3.3808,4.018850187431984
159,2.029204,0.08962,3.3675,3.526166,,5418.0,-2.028832,0.09018,3.4021,4.042281737129002
160,2.028832,0.090184,3.3886,3.527096,,5419.0,-2.028832,0.090743,3.4234,4.034386437692529
161,2.028832,0.090747,3.4098,3.527096,,5420.0,-2.028832,0.091307,3.4446,4.022434119857706
162,2.028832,0.091311,3.431,3.528646,,5421.0,-2.028832,0.091871,3.4659,4.0139447740373715
163,2.028832,0.091874,3.4522,3.529266,,5422.0,-2.028832,0.092434,3.4872,3.927807800913002
164,2.029204,0.092438,3.4733,3.529576,,5423.0,-2.028832,0.092998,3.5084,3.96227219544091
165,2.029204,0.093002,3.4945,3.529576,,5424.0,-2.028832,0.093561,3.5297,4.015953986000488
166,2.029204,0.093565,3.5157,3.530506,,5425.0,-2.029204,0.094125,3.5509,4.0048359270449065
167,2.029204,0.094129,3.5369,3.531436,,5426.0,-2.029204,0.094689,3.5722,4.080388574266625
168,2.029204,0.094693,3.5581,3.531436,,5427.0,-2.029018,0.095252,3.5935,4.0172042053055135
169,2.028832,0.095256,3.5792,3.531436,,5428.0,-2.029204,0.095816,3.6147,3.977306406357751
170,2.028832,0.09582,3.6004,3.531436,,5429.0,-2.029204,0.096379,3.636,4.063307496613349
171,2.028832,0.096383,3.6216,3.531436,,5430.0,-2.029204,0.096943,3.6573,4.019804376395562
172,2.028832,0.096947,3.6428,3.531436,,5431.0,-2.029204,0.097507,3.6785,4.04870810287881
173,2.028832,0.097511,3.6639,3.531746,,5432.0,-2.029204,0.09807,3.6998,4.0190554190556265
174,2.028832,0.098074,3.6851,3.531746,,5433.0,-2.02939,0.098634,3.7211,4.004068840453574
175,2.028832,0.098638,3.7063,3.532056,,5434.0,-2.02939,0.099198,3.7423,3.9638505744987405
176,2.029018,0.099201,3.7275,3.533296,,5435.0,-2.02939,0.099762,3.7636,3.9480208147126423
177,2.029018,0.099765,3.7486,3.533296,,5436.0,-2.02939,0.100325,3.7849,3.981532836596714
178,2.029204,0.100329,3.7698,3.533606,,5437.0,-2.02939,0.100889,3.8061,3.9644613559764146
179,2.029204,0.100892,3.791,3.533606,,5438.0,-2.02939,0.101453,3.8274,3.9462802932183796
180,2.029204,0.101456,3.8122,3.533606,,5439.0,-2.02939,0.102017,3.8487,3.9498595800096066
181,2.028832,0.102019,3.8334,3.534226,,5440.0,-2.028832,0.10258,3.8699,4.030468784381179
182,2.028832,0.102583,3.8545,3.534536,,5441.0,-2.028832,0.103144,3.8912,4.061481140741477
183,2.029204,0.103147,3.8757,3.534536,,5442.0,-2.028832,0.103707,3.9124,3.9918914983403795
184,2.029204,0.10371,3.8969,3.534846,,5443.0,-2.028832,0.104271,3.9337,4.0616091056614385
185,2.029204,0.104274,3.9181,3.534846,,5444.0,-2.028832,0.104834,3.955,3.970261164348279
186,2.029204,0.104838,3.9393,3.534846,,5445.0,-2.028832,0.105398,3.9762,3.9638113508076405
187,2.029018,0.105401,3.9604,3.535466,,5446.0,-2.028832,0.105961,3.9975,4.07709745442277
188,2.029018,0.105965,3.9816,3.535466,,5447.0,-2.028832,0.106525,4.0187,3.9887476396745987
189,2.029018,0.106529,4.0028,3.535466,,5448.0,-2.028832,0.107089,4.04,4.053588479993603
190,2.029018,0.107092,4.024,3.535776,,5449.0,-2.029204,0.107652,4.0613,3.9444451139082157
191,2.029204,0.107656,4.0451,3.536396,,5450.0,-2.029204,0.108216,4.0825,3.9608774536888194
192,2.029204,0.10822,4.0663,3.536396,,5451.0,-2.02939,0.10878,4.1038,3.957514898363029
193,2.02939,0.108783,4.0875,3.537637,,5452.0,-2.029204,0.109343,4.1251,3.9908234190227563
194,2.02939,0.109347,4.1087,3.537637,,5453.0,-2.029018,0.109907,4.1463,3.977217003337346
195,2.02939,0.109911,4.1299,3.537637,,5454.0,-2.029018,0.110471,4.1676,4.063467319227126
196,2.02939,0.110474,4.1511,3.538256,,5455.0,-2.028832,0.111034,4.1889,3.923382297152321
197,2.028832,0.111038,4.1722,3.538256,,5456.0,-2.028832,0.111598,4.2101,4.047595644045717
198,2.028832,0.111602,4.1934,3.538256,,5457.0,-2.028832,0.112161,4.2314,3.954737877666008
199,2.028832,0.112165,4.2146,3.538877,,5458.0,-2.028832,0.112725,4.2526,3.932158994047373
200,2.028832,0.112729,4.2358,3.538877,,5459.0,-2.029018,0.113288,4.2739,3.8588017340580167
201,2.028832,0.113292,4.2569,3.538877,,5460.0,-2.029018,0.113852,4.2952,3.977850540098503
202,2.028832,0.113856,4.2781,3.539186,,5461.0,-2.029018,0.114416,4.3164,4.010234367505631
203,2.028832,0.114419,4.2993,3.539496,,5462.0,-2.029018,0.114979,4.3377,4.045362718262953
204,2.028832,0.114983,4.3205,3.539496,,5463.0,-2.029018,0.115543,4.359,4.103038138061956
205,2.028832,0.115546,4.3416,3.539807,,5464.0,-2.029018,0.116107,4.3802,4.040291303401253
206,2.029204,0.11611,4.3628,3.539807,,5465.0,-2.028832,0.11667,4.4015,4.030726617830954
207,2.028832,0.116674,4.384,3.540737,,5466.0,-2.028832,0.117234,4.4227,3.9992027177533704
208,2.028832,0.117237,4.4052,3.540737,,5467.0,-2.028832,0.117797,4.444,3.9693813026611005
209,2.028832,0.117801,4.4263,3.540737,,5468.0,-2.029018,0.118361,4.4653,3.990400095010564
210,2.028832,0.118364,4.4475,3.540737,,5469.0,-2.029018,0.118924,4.4865,4.0066363478027425
211,2.028832,0.118928,4.4687,3.541047,,5470.0,-2.029204,0.119488,4.5078,3.9871818013545233
212,2.028832,0.119492,4.4899,3.541047,,5471.0,-2.029204,0.120052,4.5291,4.026131021377054
213,2.02939,0.120055,4.5111,3.541357,,5472.0,-2.029204,0.120615,4.5503,4.0368344295732825
214,2.02939,0.120619,4.5322,3.541357,,5473.0,-2.029018,0.121179,4.5716,3.953533843888738
215,2.02939,0.121183,4.5534,3.541357,,5474.0,-2.029018,0.121743,4.5928,4.030813559835126
216,2.02939,0.121746,4.5746,3.541357,,5475.0,-2.029204,0.122306,4.6141,4.030242184214019
217,2.02939,0.12231,4.5958,3.541357,,5476.0,-2.029204,0.12287,4.6354,3.939862713177665
218,2.029204,0.122874,4.617,3.541667,,5477.0,-2.029204,0.123434,4.6566,4.049808710897569
219,2.028832,0.123437,4.6381,3.541977,,5478.0,-2.029204,0.123997,4.6779,3.956900222360955
220,2.028832,0.124001,4.6593,3.541977,,5479.0,-2.02939,0.124561,4.6992,4.017840246750858
221,2.028832,0.124564,4.6805,3.542287,,5480.0,-2.02939,0.125125,4.7204,3.9662911116812265
222,2.028832,0.125128,4.7017,3.543217,,5481.0,-2.02939,0.125689,4.7417,4.029793143991282
223,2.028832,0.125692,4.7228,3.543217,,5482.0,-2.028832,0.126252,4.763,3.9823465050509066
224,2.028832,0.126255,4.744,3.543217,,5483.0,-2.028832,0.126816,4.7842,3.9418560251934536
225,2.028832,0.126819,4.7652,3.543217,,5484.0,-2.029018,0.127379,4.8055,3.9228468048049816
226,2.028832,0.127382,4.7864,3.543217,,5485.0,-2.029018,0.127943,4.8268,3.9752090618892164
227,2.029018,0.127946,4.8075,3.543527,,5486.0,-2.029204,0.128507,4.848,3.9768413760154004
228,2.029018,0.12851,4.8287,3.543527,,5487.0,-2.029204,0.12907,4.8693,3.9866197246116664
229,2.029018,0.129073,4.8499,3.543527,,5488.0,-2.029018,0.129634,4.8905,3.9553181161557216
230,2.029018,0.129637,4.8711,3.543527,,5489.0,-2.029018,0.130197,4.9118,4.032325557636135
231,2.028832,0.1302,4.8923,3.544457,,5490.0,-2.029018,0.130761,4.9331,4.053379617809966
232,2.029018,0.130764,4.9134,3.544457,,5491.0,-2.029018,0.131325,4.9543,3.930353067890767
233,2.029018,0.131328,4.9346,3.544457,,5492.0,-2.029018,0.131888,4.9756,4.021557940872973
234,2.028832,0.131891,4.9558,3.544767,,5493.0,-2.029018,0.132452,4.9969,3.9943815216033522
235,2.029018,0.132455,4.977,3.544767,,5494.0,-2.029018,0.133016,5.0181,3.9087872659990435
236,2.029018,0.133018,4.9981,3.545387,,5495.0,-2.028832,0.133579,5.0394,3.952202045206747
237,2.029018,0.133582,5.0193,3.545387,,5496.0,-2.029018,0.134143,5.0606,3.9552183785476394
238,2.029018,0.134146,5.0405,3.545387,,5497.0,-2.029018,0.134706,5.0819,3.9792520898365584
239,2.029018,0.134709,5.0617,3.546317,,5498.0,-2.028832,0.13527,5.1032,4.064720712725547
240,2.029204,0.135273,5.0829,3.546317,,5499.0,-2.028832,0.135833,5.1244,4.020611716536474
241,2.028832,0.135836,5.104,3.546317,,5500.0,-2.028832,0.136397,5.1457,3.96839869414824
242,2.028832,0.1364,5.1252,3.546317,,5501.0,-2.028832,0.136961,5.167,3.9650163393513305
243,2.029018,0.136964,5.1464,3.546627,,5502.0,-2.028832,0.137524,5.1882,3.9520599262706724
244,2.028832,0.137527,5.1676,3.546627,,5503.0,-2.028832,0.138088,5.2095,3.9375769586512295
245,2.029018,0.138091,5.1887,3.546627,,5504.0,-2.028832,0.138651,5.2307,3.930899296394686
246,2.029018,0.138654,5.2099,3.547247,,5505.0,-2.028832,0.139215,5.252,3.9546173564737406
247,2.02939,0.139218,5.2311,3.547247,,5506.0,-2.028832,0.139778,5.2733,4.032744177281132
248,2.02939,0.139782,5.2523,3.547247,,5507.0,-2.028832,0.140342,5.2945,3.993286153070975
249,2.02939,0.140346,5.2735,3.547247,,5508.0,-2.029204,0.140906,5.3158,3.9611460655693884
250,2.028832,0.140909,5.2946,3.547247,,5509.0,-2.029204,0.141469,5.337,4.050786831855176
251,2.028832,0.141473,5.3158,3.547557,,5510.0,-2.028832,0.142033,5.3583,3.921157069844866
252,2.028832,0.142036,5.337,3.547557,,5511.0,-2.028832,0.142596,5.3796,4.017742877465306
253,2.028832,0.1426,5.3582,3.547557,,5512.0,-2.028832,0.14316,5.4008,4.049432067521778
254,2.028832,0.143163,5.3793,3.547557,,5513.0,-2.028832,0.143724,5.4221,3.9985695290701027
255,2.02939,0.143727,5.4005,3.547557,,5514.0,-2.029018,0.144287,5.4434,3.910411142103636
256,2.02939,0.144291,5.4217,3.547867,,5515.0,-2.029018,0.144851,5.4646,3.855292012690923
257,2.02939,0.144855,5.4429,3.547867,,5516.0,-2.029018,0.145414,5.4859,4.003355282993685
258,2.02939,0.145418,5.4641,3.547867,,5517.0,-2.029018,0.145978,5.5071,4.023605344304217
259,2.02939,0.145982,5.4852,3.548177,,5518.0,-2.029018,0.146542,5.5284,3.9519288119120715
260,2.02939,0.146546,5.5064,3.548177,,5519.0,-2.028832,0.147105,5.5497,3.9815562157835505
261,2.02939,0.147109,5.5276,3.548487,,5520.0,-2.028832,0.147669,5.5709,3.9481016701344624
262,2.02939,0.147673,5.5488,3.548487,,5521.0,-2.028832,0.148232,5.5922,4.000794172639025
263,2.02939,0.148237,5.57,3.548487,,5522.0,-2.028832,0.148796,5.6134,4.0185785010859565
264,2.029018,0.1488,5.5911,3.548797,,5523.0,-2.028832,0.149359,5.6347,3.9652805290585196
265,2.029018,0.149364,5.6123,3.548797,,5524.0,-2.028832,0.149923,5.656,3.9883387142309275
266,2.028832,0.149928,5.6335,3.549107,,5525.0,-2.029018,0.150487,5.6772,3.9865140804608212
267,2.028832,0.150491,5.6547,3.549107,,5526.0,-2.029018,0.15105,5.6985,4.014655936824741
268,2.028832,0.151055,5.6759,3.549107,,5527.0,-2.029018,0.151614,5.7198,3.974711035445421
269,2.028832,0.151618,5.697,3.549107,,5528.0,-2.029018,0.152177,5.741,3.934909008008427
270,2.028832,0.152182,5.7182,3.549417,,5529.0,-2.028832,0.152741,5.7623,4.037095232202644
271,2.028832,0.152746,5.7394,3.549417,,5530.0,-2.028832,0.153305,5.7835,3.972128137676112
272,2.028832,0.153309,5.7606,3.550037,,5531.0,-2.029204,0.153868,5.8048,3.9874991812519887
273,2.028832,0.153873,5.7817,3.550037,,5532.0,-2.028832,0.154432,5.8261,3.9145721691102926
274,2.028832,0.154436,5.8029,3.550037,,5533.0,-2.029204,0.154996,5.8473,4.003217193919201
275,2.028832,0.155,5.8241,3.550037,,5534.0,-2.029204,0.155559,5.8686,3.9439358873460235
276,2.028832,0.155563,5.8453,3.550037,,5535.0,-2.02939,0.156123,5.8899,3.9465965679927213
277,2.029018,0.156127,5.8664,3.550967,,5536.0,-2.02939,0.156687,5.9111,3.9156697580221094
278,2.029204,0.156691,5.8876,3.550967,,5537.0,-2.02939,0.15725,5.9324,3.9129603622449904
279,2.029204,0.157254,5.9088,3.550967,,5538.0,-2.02939,0.157814,5.9537,4.044330776644381
280,2.029204,0.157818,5.93,3.551277,,5539.0,-2.02939,0.158378,5.9749,3.8773132726759494
281,2.028832,0.158382,5.9512,3.551587,,5540.0,-2.02939,0.158942,5.9962,4.078970258335231
282,2.028832,0.158945,5.9723,3.551587,,5541.0,-2.028832,0.159505,6.0175,3.8837936754910403
283,2.028832,0.159509,5.9935,3.551587,,5542.0,-2.028832,0.160069,6.0387,3.881486072715891
284,2.029018,0.160072,6.0147,3.551897,,5543.0,-2.028832,0.160632,6.06,3.9528899854766806
285,2.029018,0.160636,6.0359,3.551897,,5544.0,-2.02939,0.161196,6.0812,3.995040929512185
286,2.029018,0.161199,6.057,3.551897,,5545.0,-2.02939,0.16176,6.1025,4.034286049267322
287,2.029018,0.161763,6.0782,3.552207,,5546.0,-2.02939,0.162323,6.1238,4.002346458847177
288,2.029018,0.162327,6.0994,3.552207,,5547.0,-2.02939,0.162887,6.145,4.056486388928011
289,2.029018,0.16289,6.1206,3.552207,,5548.0,-2.029204,0.163451,6.1663,3.977852217448976
290,2.029018,0.163454,6.1418,3.552207,,5549.0,-2.029204,0.164014,6.1876,3.923283044629444
291,2.029018,0.164018,6.1629,3.552207,,5550.0,-2.028832,0.164578,6.2088,3.9414203630081763
292,2.029018,0.164581,6.1841,3.552517,,5551.0,-2.028832,0.165142,6.2301,4.030735158120995
293,2.029018,0.165145,6.2053,3.553137,,5552.0,-2.028832,0.165705,6.2514,4.07278283594183
294,2.029018,0.165708,6.2265,3.553137,,5553.0,-2.029018,0.166269,6.2726,3.8927247306569437
295,2.029018,0.166272,6.2476,3.553757,,5554.0,-2.029018,0.166832,6.2939,3.972900975508863
296,2.02939,0.166836,6.2688,3.554067,,5555.0,-2.029018,0.167396,6.3151,3.8955300231170917
297,2.02939,0.167399,6.29,3.554067,,5556.0,-2.029018,0.16796,6.3364,4.058422639444258
298,2.02939,0.167963,6.3112,3.554378,,5557.0,-2.028832,0.168523,6.3577,4.002100202694199
299,2.029204,0.168527,6.3324,3.554688,,5558.0,-2.028832,0.169087,6.3789,4.035744369662352
300,2.029204,0.169091,6.3535,3.554688,,5559.0,-2.028832,0.16965,6.4002,3.97162181991431
301,2.028832,0.169654,6.3747,3.554688,,5560.0,-2.028832,0.170214,6.4215,3.97152825834545
302,2.028832,0.170218,6.3959,3.554997,,5561.0,-2.028832,0.170777,6.4427,3.9523418558131076
303,2.028832,0.170781,6.4171,3.554997,,5562.0,-2.029204,0.171341,6.464,3.9793317282990874
304,2.028832,0.171345,6.4382,3.556238,,5563.0,-2.029204,0.171905,6.4852,3.964683652569598
305,2.028832,0.171908,6.4594,3.556238,,5564.0,-2.029204,0.172468,6.5065,4.024277409053823
306,2.028832,0.172472,6.4806,3.556238,,5565.0,-2.029204,0.173032,6.5278,3.9714268187001838
307,2.028832,0.173035,6.5018,3.556548,,5566.0,-2.029204,0.173596,6.549,3.9705704670120223
308,2.028832,0.173599,6.523,3.556238,,5567.0,-2.028832,0.174159,6.5703,3.9427822360357796
309,2.028832,0.174163,6.5441,3.556238,,5568.0,-2.028832,0.174723,6.5916,3.9814031974606032
310,2.028832,0.174726,6.5653,3.556548,,5569.0,-2.028832,0.175286,6.6128,4.056871062117222
311,2.02939,0.17529,6.5865,3.556548,,5570.0,-2.028832,0.17585,6.6341,4.016524770165523
312,2.02939,0.175854,6.6077,3.556548,,5571.0,-2.028832,0.176414,6.6553,4.0238488519347815
313,2.02939,0.176417,6.6288,3.556858,,5572.0,-2.028832,0.176977,6.6766,4.041038520441098
314,2.02939,0.176981,6.65,3.557168,,5573.0,-2.028832,0.177541,6.6979,3.878568100795639
315,2.02939,0.177545,6.6712,3.557168,,5574.0,-2.028832,0.178104,6.7191,3.9996862444795647
316,2.029204,0.178108,6.6924,3.557478,,5575.0,-2.028832,0.178668,6.7404,3.9371065316496434
317,2.029204,0.178672,6.7136,3.558408,,5576.0,-2.028832,0.179231,6.7617,3.9619924421077535
318,2.029204,0.179236,6.7347,3.558408,,5577.0,-2.028832,0.179795,6.7829,3.997382078185452
319,2.029204,0.179799,6.7559,3.558408,,5578.0,-2.028832,0.180358,6.8042,3.998159830380718
320,2.029018,0.180363,6.7771,3.558408,,5579.0,-2.028832,0.180922,6.8254,3.9792122335232527
321,2.029018,0.180927,6.7983,3.558408,,5580.0,-2.028832,0.181486,6.8467,3.976906056790734
322,2.029018,0.18149,6.8195,3.558408,,5581.0,-2.028832,0.182049,6.868,3.960043929862981
323,2.029018,0.182054,6.8406,3.559028,,5582.0,-2.028832,0.182613,6.8892,4.0243315244518465
324,2.029018,0.182618,6.8618,3.559028,,5583.0,-2.028832,0.183176,6.9105,4.077005709026496
325,2.029018,0.183181,6.883,3.559028,,5584.0,-2.028832,0.18374,6.9317,4.013896812489885
326,2.028832,0.183745,6.9042,3.558718,,5585.0,-2.029204,0.184304,6.953,3.818852366573691
327,2.028832,0.184308,6.9253,3.558718,,5586.0,-2.029204,0.184867,6.9743,4.030077344768101
328,2.029018,0.184872,6.9465,3.558718,,5587.0,-2.029204,0.185431,6.9955,3.9183293194369746
329,2.028832,0.185435,6.9677,3.559338,,5588.0,-2.029204,0.185995,7.0168,3.9698369590787412
330,2.028832,0.185999,6.9889,3.559338,,5589.0,-2.029204,0.186558,7.0381,3.9289400713553966
331,2.028832,0.186563,7.0101,3.560268,,5590.0,-2.028832,0.187122,7.0593,3.940244155145375
332,2.028832,0.187126,7.0312,3.560578,,5591.0,-2.028832,0.187685,7.0806,3.9919009294731747
333,2.028832,0.18769,7.0524,3.560578,,5592.0,-2.028832,0.188249,7.1018,4.003068709166384
334,2.02939,0.188253,7.0736,3.561818,,5593.0,-2.028832,0.188812,7.1231,3.9545441903156093
335,2.02939,0.188817,7.0948,3.561818,,5594.0,-2.029018,0.189376,7.1444,3.8862747290178277
336,2.02939,0.189381,7.1159,3.561818,,5595.0,-2.029018,0.18994,7.1656,4.02333573608962
337,2.029204,0.189945,7.1371,3.562128,,5596.0,-2.029018,0.190503,7.1869,3.967671488993609
338,2.028832,0.190508,7.1583,3.562128,,5597.0,-2.029018,0.191067,7.2082,4.009650409990895
339,2.028832,0.191072,7.1795,3.562748,,5598.0,-2.029018,0.191631,7.2294,4.0464887875214375
340,2.029204,0.191635,7.2007,3.563058,,5599.0,-2.029018,0.192194,7.2507,3.9352112611875794
341,2.028832,0.192199,7.2218,3.563058,,5600.0,-2.02939,0.192758,7.272,3.9503855486775086
342,2.028832,0.192762,7.243,3.563058,,5601.0,-2.02939,0.193322,7.2932,3.9264915720513844
343,2.02939,0.193326,7.2642,3.563368,,5602.0,-2.02939,0.193885,7.3145,4.002195746388247
344,2.029204,0.19389,7.2854,3.563678,,5603.0,-2.029018,0.194449,7.3357,3.955895924958581
345,2.029204,0.194454,7.3066,3.563678,,5604.0,-2.029018,0.195013,7.357,3.9424978780676736
346,2.029204,0.195017,7.3277,3.563678,,5605.0,-2.028832,0.195576,7.3783,4.0335474665926885
347,2.029204,0.195581,7.3489,3.563678,,5606.0,-2.028832,0.19614,7.3995,3.9264662918871664
348,2.029204,0.196145,7.3701,3.563678,,5607.0,-2.028832,0.196703,7.4208,3.950747116770515
349,2.029018,0.196708,7.3913,3.563368,,5608.0,-2.028832,0.197267,7.4421,4.041530778336847
350,2.029204,0.197272,7.4124,3.563678,,5609.0,-2.02939,0.197831,7.4633,3.866417293698191
351,2.02939,0.197836,7.4336,3.563678,,5610.0,-2.02939,0.198394,7.4846,3.926977678206374
352,2.02939,0.198399,7.4548,3.563678,,5611.0,-2.02939,0.198958,7.5059,3.9546153563061024
353,2.02939,0.198963,7.476,3.564918,,5612.0,-2.028832,0.199522,7.5271,4.016147668782997
354,2.02939,0.199527,7.4972,3.565228,,5613.0,-2.028832,0.200085,7.5484,4.003964820905668
355,2.02939,0.20009,7.5184,3.565228,,5614.0,-2.028832,0.200649,7.5696,3.994298874705532
356,2.02939,0.200654,7.5395,3.565848,,5615.0,-2.028832,0.201212,7.5909,3.9264426470412648
357,2.02939,0.201218,7.5607,3.565848,,5616.0,-2.028832,0.201776,7.6122,3.9933701806601465
358,2.02939,0.201782,7.5819,3.565848,,5617.0,-2.028832,0.202339,7.6334,3.97929025536402
359,2.029204,0.202345,7.6031,3.565848,,5618.0,-2.028832,0.202903,7.6547,3.9951522377236786
360,2.029204,0.202909,7.6243,3.565848,,5619.0,-2.028832,0.203467,7.6759,4.03175949214353
361,2.029204,0.203473,7.6454,3.565848,,5620.0,-2.028832,0.20403,7.6972,3.9487559046399765
362,2.02939,0.204036,7.6666,3.566158,,5621.0,-2.029018,0.204594,7.7185,3.958167687726259
363,2.02939,0.2046,7.6878,3.567088,,5622.0,-2.029018,0.205157,7.7397,3.9636641155646064
364,2.02939,0.205164,7.709,3.567088,,5623.0,-2.029018,0.205721,7.761,3.998974794953577
365,2.02939,0.205727,7.7302,3.567088,,5624.0,-2.029204,0.206285,7.7823,3.9425100575839807
366,2.028832,0.206291,7.7513,3.567088,,5625.0,-2.029018,0.206848,7.8035,3.9476713976564906
367,2.028832,0.206855,7.7725,3.567088,,5626.0,-2.029018,0.207412,7.8248,3.971241535168847
368,2.02939,0.207418,7.7937,3.567398,,5627.0,-2.029204,0.207975,7.846,3.9489235885933742
369,2.028832,0.207982,7.8149,3.567398,,5628.0,-2.029204,0.208539,7.8673,3.9918898363466244
370,2.028832,0.208545,7.8361,3.567398,,5629.0,-2.029204,0.209103,7.8886,3.9492253314690755
371,2.028832,0.209109,7.8572,3.567708,,5630.0,-2.029204,0.209666,7.9098,4.004188647349143
372,2.028832,0.209673,7.8784,3.568328,,5631.0,-2.028832,0.21023,7.9311,3.9569722285385946
373,2.028832,0.210236,7.8996,3.568328,,5632.0,-2.028832,0.210794,7.9524,3.9859402281311116
374,2.028832,0.2108,7.9208,3.568328,,5633.0,-2.028832,0.211357,7.9736,3.9322090702036427
375,2.028832,0.211363,7.9419,3.568328,,5634.0,-2.029204,0.211921,7.9949,3.984347180197187
376,2.028832,0.211927,7.9631,3.568328,,5635.0,-2.029204,0.212485,8.0162,3.9268037829497717
377,2.02939,0.212491,7.9843,3.568638,,5636.0,-2.029204,0.213048,8.0374,3.9818530451952348
378,2.02939,0.213054,8.0055,3.568638,,5637.0,-2.02939,0.213612,8.0587,4.030526902876581
379,2.02939,0.213618,8.0267,3.568638,,5638.0,-2.02939,0.214176,8.08,3.9588555437764144
380,2.02939,0.214182,8.0478,3.568638,,5639.0,-2.029018,0.214739,8.1012,3.8952332254204705
381,2.029018,0.214745,8.069,3.568638,,5640.0,-2.028832,0.215303,8.1225,3.935698951308018
382,2.029018,0.215309,8.0902,3.568638,,5641.0,-2.028832,0.215866,8.1437,3.9679596312755137
383,2.028832,0.215872,8.1114,3.569258,,5642.0,-2.028832,0.21643,8.165,4.011757762492824
384,2.028832,0.216436,8.1325,3.569568,,5643.0,-2.028832,0.216993,8.1863,3.9486530735259047
385,2.028832,0.217,8.1537,3.569568,,5644.0,-2.028832,0.217557,8.2075,3.901103230504152
386,2.028832,0.217563,8.1749,3.570189,,5645.0,-2.029018,0.218121,8.2288,3.977338698340591
387,2.028832,0.218127,8.1961,3.570189,,5646.0,-2.029018,0.218684,8.25,3.9554623531899873
388,2.028832,0.21869,8.2172,3.570189,,5647.0,-2.029018,0.219248,8.2713,3.990194018076385
389,2.029204,0.219254,8.2384,3.570189,,5648.0,-2.029018,0.219812,8.2926,3.9387744090337566
390,2.029204,0.219818,8.2596,3.571119,,5649.0,-2.028832,0.220375,8.3138,3.9181876346981332
391,2.029204,0.220381,8.2808,3.571119,,5650.0,-2.028832,0.220939,8.3351,4.02450397341784
392,2.029204,0.220945,8.302,3.572049,,5651.0,-2.028832,0.221502,8.3564,3.9299119823319613
393,2.028832,0.221509,8.3231,3.572049,,5652.0,-2.029204,0.222066,8.3776,3.9339758999913848
394,2.028832,0.222072,8.3443,3.572049,,5653.0,-2.029204,0.22263,8.3989,3.996518432411525
395,2.028832,0.222636,8.3655,3.572049,,5654.0,-2.029204,0.223193,8.4201,3.943203320163966
396,2.028832,0.223199,8.3867,3.572669,,5655.0,-2.02939,0.223757,8.4414,3.9515493487200013
397,2.028832,0.223763,8.4078,3.572669,,5656.0,-2.02939,0.224321,8.4627,3.9370075847301083
398,2.029204,0.224326,8.429,3.572669,,5657.0,-2.02939,0.224884,8.4839,3.8803509628696804
399,2.02939,0.22489,8.4502,3.572669,,5658.0,-2.02939,0.225448,8.5052,3.9091340513279706
400,2.02939,0.225454,8.4714,3.572669,,5659.0,-2.029204,0.226012,8.5265,3.9870333047758857
401,2.02939,0.226018,8.4926,3.573289,,5660.0,-2.029204,0.226575,8.5477,3.962986862270678
402,2.029204,0.226581,8.5137,3.573289,,5661.0,-2.029204,0.227139,8.569,3.987715340081276
403,2.029204,0.227145,8.5349,3.573289,,5662.0,-2.029204,0.227703,8.5903,3.9676421897277154
404,2.029204,0.227709,8.5561,3.573289,,5663.0,-2.029204,0.228266,8.6115,3.9739172972386596
405,2.029204,0.228272,8.5773,3.573599,,5664.0,-2.029204,0.22883,8.6328,3.9255511081670105
406,2.029204,0.228836,8.5985,3.573599,,5665.0,-2.028832,0.229394,8.6541,3.993829990326185
407,2.029204,0.2294,8.6196,3.573909,,5666.0,-2.028832,0.229957,8.6753,3.9569901600078894
408,2.029204,0.229963,8.6408,3.573909,,5667.0,-2.028832,0.230521,8.6966,3.992107107159653
409,2.029204,0.230527,8.662,3.573909,,5668.0,-2.029018,0.231084,8.7178,3.935506580120728
410,2.028832,0.231091,8.6832,3.574529,,5669.0,-2.029018,0.231648,8.7391,3.997281591027059
411,2.02939,0.231654,8.7044,3.574839,,5670.0,-2.029204,0.232212,8.7604,3.9659422004643594
412,2.02939,0.232218,8.7255,3.574839,,5671.0,-2.029204,0.232775,8.7816,3.939231567809559
413,2.02939,0.232782,8.7467,3.574839,,5672.0,-2.029204,0.233339,8.8029,3.940884031083877
414,2.02939,0.233345,8.7679,3.575149,,5673.0,-2.029204,0.233903,8.8242,3.955454744795457
415,2.029204,0.233909,8.7891,3.575149,,5674.0,-2.028832,0.234466,8.8454,3.9669484931271275
416,2.029204,0.234473,8.8103,3.575149,,5675.0,-2.028832,0.23503,8.8667,4.005539056145734
417,2.029018,0.235036,8.8314,3.575459,,5676.0,-2.028832,0.235593,8.888,4.00568343577126
418,2.029018,0.2356,8.8526,3.575459,,5677.0,-2.029018,0.236157,8.9092,3.9328851649524177
419,2.029018,0.236164,8.8738,3.575459,,5678.0,-2.029018,0.236721,8.9305,3.9550466489175022
420,2.029204,0.236727,8.895,3.576389,,5679.0,-2.029204,0.237284,8.9517,3.8968544532634763
421,2.029204,0.237291,8.9162,3.576389,,5680.0,-2.029018,0.237848,8.973,3.9814482028358285
422,2.029204,0.237855,8.9373,3.576389,,5681.0,-2.029018,0.238412,8.9943,4.026191383086845
423,2.029204,0.238418,8.9585,3.576389,,5682.0,-2.028832,0.238975,9.0155,3.9706955626274345
424,2.028832,0.238982,8.9797,3.576389,,5683.0,-2.028832,0.239539,9.0368,4.011255869300452
425,2.028832,0.239545,9.0009,3.576699,,5684.0,-2.028832,0.240102,9.0581,3.8910522993374674
426,2.028832,0.240109,9.022,3.577009,,5685.0,-2.028832,0.240666,9.0793,4.005252990068604
427,2.028832,0.240672,9.0432,3.577009,,5686.0,-2.028832,0.241229,9.1006,3.8810227445870678
428,2.028832,0.241236,9.0644,3.577319,,5687.0,-2.028832,0.241793,9.1218,4.027249725995975
429,2.028832,0.2418,9.0856,3.577939,,5688.0,-2.029018,0.242357,9.1431,3.8647324170784296
430,2.029018,0.242363,9.1068,3.577939,,5689.0,-2.029018,0.24292,9.1644,3.978668458354195
431,2.029018,0.242927,9.1279,3.577939,,5690.0,-2.029018,0.243484,9.1856,3.9616061657220136
432,2.028832,0.24349,9.1491,3.578249,,5691.0,-2.029018,0.244047,9.2069,3.9171041395281767
433,2.028832,0.244054,9.1703,3.578249,,5692.0,-2.028832,0.244611,9.2281,3.860580375264556
434,2.028832,0.244618,9.1915,3.578559,,5693.0,-2.029018,0.245175,9.2494,3.951260432998689
435,2.028832,0.245181,9.2126,3.578869,,5694.0,-2.029018,0.245738,9.2707,3.980209037457043
436,2.028832,0.245745,9.2338,3.578869,,5695.0,-2.029018,0.246302,9.2919,3.9944616661915333
437,2.029204,0.246308,9.255,3.578869,,5696.0,-2.029018,0.246865,9.3132,4.010047760005853
438,2.029204,0.246872,9.2762,3.579179,,5697.0,-2.029018,0.247429,9.3345,3.9628554226663013
439,2.029204,0.247436,9.2973,3.579179,,5698.0,-2.029204,0.247993,9.3557,3.946686452304978
440,2.02939,0.247999,9.3185,3.579489,,5699.0,-2.029204,0.248556,9.377,3.9902125526794125
441,2.02939,0.248563,9.3397,3.579799,,5700.0,-2.029204,0.24912,9.3983,3.882970699564504
442,2.02939,0.249127,9.3609,3.579799,,5701.0,-2.029204,0.249684,9.4195,3.9244596301024637
443,2.029204,0.249691,9.3821,3.580109,,5702.0,-2.029204,0.250247,9.4408,3.9662283778076626
444,2.029204,0.250254,9.4033,3.580109,,5703.0,-2.029204,0.250811,9.4621,3.9430480908489782
445,2.029204,0.250818,9.4244,3.580109,,5704.0,-2.028832,0.251375,9.4833,3.8402681471857307
446,2.029204,0.251382,9.4456,3.581349,,5705.0,-2.028832,0.251938,9.5046,3.9336747356853174
447,2.028832,0.251945,9.4668,3.581349,,5706.0,-2.028832,0.252502,9.5258,3.9876748817492786
448,2.028832,0.252509,9.488,3.581349,,5707.0,-2.028832,0.253065,9.5471,3.8859336804441753
449,2.028832,0.253072,9.5091,3.581349,,5708.0,-2.028832,0.253629,9.5684,3.9096449783397587
450,2.029204,0.253636,9.5303,3.581349,,5709.0,-2.028832,0.254192,9.5896,3.9056727754879486
451,2.029204,0.2542,9.5515,3.581349,,5710.0,-2.029018,0.254756,9.6109,3.9065292156904174
452,2.029204,0.254763,9.5727,3.581969,,5711.0,-2.029018,0.25532,9.6321,3.934854759301517
453,2.029018,0.255327,9.5939,3.582279,,5712.0,-2.029018,0.255883,9.6534,3.959718620296825
454,2.028832,0.25589,9.615,3.582279,,5713.0,-2.02939,0.256447,9.6747,3.9400099858215762
455,2.028832,0.256454,9.6362,3.582279,,5714.0,-2.02939,0.257011,9.6959,3.9636589157111404
456,2.028832,0.257018,9.6574,3.582589,,5715.0,-2.02939,0.257574,9.7172,3.971697542128892
457,2.028832,0.257581,9.6786,3.582589,,5716.0,-2.02939,0.258138,9.7385,3.9765489821415723
458,2.028832,0.258145,9.6997,3.582589,,5717.0,-2.028832,0.258702,9.7597,4.01482234749902
459,2.028832,0.258708,9.7209,3.582899,,5718.0,-2.028832,0.259265,9.781,3.9389510684260984
460,2.028832,0.259272,9.7421,3.583209,,5719.0,-2.028832,0.259829,9.8023,3.9694142695227947
461,2.028832,0.259835,9.7633,3.583209,,5720.0,-2.028832,0.260392,9.8235,3.9692386287602885
462,2.028832,0.260399,9.7844,3.583829,,5721.0,-2.028832,0.260956,9.8448,3.909372756829019
463,2.029018,0.260963,9.8056,3.583829,,5722.0,-2.028832,0.26152,9.866,4.04086232974797
464,2.029018,0.261526,9.8268,3.583829,,5723.0,-2.028832,0.262083,9.8873,3.9017643768364767
465,2.029018,0.26209,9.848,3.584139,,5724.0,-2.028832,0.262647,9.9086,3.91174535037876
466,2.028832,0.262653,9.8691,3.584449,,5725.0,-2.029204,0.26321,9.9298,3.9077208605994995
467,2.028832,0.263217,9.8903,3.584449,,5726.0,-2.02939,0.263774,9.9511,3.967752869818052
468,2.028832,0.26378,9.9115,3.584449,,5727.0,-2.02939,0.264338,9.9724,4.00039043521341
469,2.028832,0.264344,9.9327,3.584759,,5728.0,-2.02939,0.264901,9.9936,3.9395213221858585
470,2.028832,0.264908,9.9539,3.584759,,5729.0,-2.028832,0.265465,10.0149,3.907858640910773
471,2.028832,0.265471,9.975,3.585379,,5730.0,-2.028832,0.266029,10.0361,3.978113974782583
472,2.028832,0.266035,9.9962,3.585379,,5731.0,-2.028832,0.266592,10.0574,3.9029735194868924
473,2.028832,0.266598,10.0174,3.585379,,5732.0,-2.029018,0.267156,10.0787,3.975060293512769
474,2.028832,0.267162,10.0386,3.58662,,5733.0,-2.029018,0.267719,10.0999,3.9391136685162826
475,2.028832,0.267725,10.0597,3.58662,,5734.0,-2.029018,0.268283,10.1212,3.9844679614244494
476,2.029204,0.268289,10.0809,3.58662,,5735.0,-2.029018,0.268847,10.1425,3.9361211961548723
477,2.029204,0.268853,10.1021,3.58693,,5736.0,-2.029018,0.26941,10.1637,3.955771746319775
478,2.029204,0.269416,10.1233,3.58693,,5737.0,-2.02939,0.269974,10.185,3.989502450085062
479,2.029204,0.26998,10.1444,3.58724,,5738.0,-2.02939,0.270538,10.2063,3.8615144018766867
480,2.028832,0.270544,10.1656,3.58724,,5739.0,-2.02939,0.271101,10.2275,3.9620659611500892
481,2.028832,0.271107,10.1868,3.58724,,5740.0,-2.028832,0.271665,10.2488,4.0050003987013625
482,2.028832,0.271671,10.208,3.58786,,5741.0,-2.028832,0.272229,10.27,3.944151672179595
483,2.028832,0.272234,10.2292,3.58786,,5742.0,-2.028832,0.272792,10.2913,3.833249736921693
484,2.02939,0.272798,10.2503,3.58817,,5743.0,-2.029204,0.273356,10.3126,3.908395047031138
485,2.02939,0.273362,10.2715,3.58817,,5744.0,-2.02939,0.273919,10.3338,4.103031006174415
486,2.02939,0.273925,10.2927,3.5891,,5745.0,-2.029204,0.274483,10.3551,3.990277058125141
487,2.02939,0.274489,10.3139,3.5891,,5746.0,-2.029204,0.275047,10.3764,3.954285826977707
488,2.02939,0.275053,10.3351,3.5891,,5747.0,-2.029204,0.275611,10.3976,3.956863244513775
489,2.02939,0.275617,10.3562,3.59003,,5748.0,-2.029018,0.276174,10.4189,3.9814653590740012
490,2.02939,0.27618,10.3774,3.59034,,5749.0,-2.029018,0.276738,10.4402,3.885246637062631
491,2.02939,0.276744,10.3986,3.59034,,5750.0,-2.029018,0.277301,10.4614,3.9514115502778187
492,2.028832,0.277308,10.4198,3.59034,,5751.0,-2.029018,0.277865,10.4827,3.918764476834492
493,2.028832,0.277871,10.441,3.59065,,5752.0,-2.028832,0.278429,10.5039,3.9468790321460974
494,2.028832,0.278435,10.4621,3.59065,,5753.0,-2.029204,0.278992,10.5252,3.951973912639963
495,2.028832,0.278998,10.4833,3.59096,,5754.0,-2.028832,0.279556,10.5465,3.887243179371047
496,2.028832,0.279562,10.5045,3.59096,,5755.0,-2.028832,0.280119,10.5677,4.005685475395067
497,2.028832,0.280125,10.5257,3.59096,,5756.0,-2.028832,0.280683,10.589,3.9562314912691097
498,2.028832,0.280689,10.5468,3.59096,,5757.0,-2.028832,0.281246,10.6103,3.965457683171852
499,2.029018,0.281253,10.568,3.59127,,5758.0,-2.028832,0.28181,10.6315,3.898271145247971
500,2.029018,0.281816,10.5892,3.59127,,5759.0,-2.028832,0.282374,10.6528,3.957384213553604
501,2.029018,0.28238,10.6104,3.59127,,5760.0,-2.028832,0.282937,10.674,3.9113130817827337
502,2.028832,0.282943,10.6315,3.59189,,5761.0,-2.028832,0.283501,10.6953,3.961462284713467
503,2.028832,0.283507,10.6527,3.59189,,5762.0,-2.028832,0.284064,10.7166,3.859302390836979
504,2.028832,0.284071,10.6739,3.5922,,5763.0,-2.028832,0.284628,10.7378,4.01001702236262
505,2.028832,0.284634,10.6951,3.5922,,5764.0,-2.028832,0.285191,10.7591,3.875684846352639
506,2.028832,0.285198,10.7162,3.5922,,5765.0,-2.028832,0.285755,10.7803,3.9650676110914893
507,2.029204,0.285761,10.7374,3.59251,,5766.0,-2.029204,0.286319,10.8016,3.9582822254360526
508,2.029204,0.286325,10.7586,3.59251,,5767.0,-2.029204,0.286882,10.8229,4.022337688610582
509,2.029204,0.286889,10.7798,3.59282,,5768.0,-2.02939,0.287446,10.8441,3.8679001017587433
510,2.029204,0.287452,10.801,3.59282,,5769.0,-2.02939,0.28801,10.8654,3.9671074676962217
511,2.029018,0.288016,10.8221,3.59313,,5770.0,-2.02939,0.288573,10.8867,3.9086465886205612
512,2.029018,0.28858,10.8433,3.59313,,5771.0,-2.02939,0.289137,10.9079,4.007627889076161
513,2.028832,0.289143,10.8645,3.59344,,5772.0,-2.02939,0.289701,10.9292,4.031976849078383
514,2.028832,0.289707,10.8857,3.59406,,5773.0,-2.02939,0.290265,10.9505,3.9688463339488065
515,2.028832,0.29027,10.9069,3.59406,,5774.0,-2.02939,0.290828,10.9717,3.925952354171783
516,2.02939,0.290834,10.928,3.59437,,5775.0,-2.02939,0.291392,10.993,3.9421897625723212
517,2.02939,0.291398,10.9492,3.59468,,5776.0,-2.02939,0.291956,11.0143,3.9743487534564412
518,2.02939,0.291961,10.9704,3.59468,,5777.0,-2.029018,0.292519,11.0355,3.979455525051177
519,2.02939,0.292525,10.9916,3.59561,,5778.0,-2.029018,0.293083,11.0568,3.9471770202156273
520,2.029204,0.293089,11.0128,3.59592,,5779.0,-2.029018,0.293647,11.0781,3.903368418260124
521,2.029204,0.293653,11.0339,3.59592,,5780.0,-2.029018,0.29421,11.0993,3.9998383567692266
522,2.028832,0.294216,11.0551,3.59592,,5781.0,-2.029018,0.294774,11.1206,3.972921813149303
523,2.028832,0.29478,11.0763,3.59592,,5782.0,-2.029204,0.295338,11.1419,3.9019999365753857
524,2.028832,0.295343,11.0975,3.59592,,5783.0,-2.029204,0.295901,11.1631,3.9401229507569924
525,2.028832,0.295907,11.1186,3.59592,,5784.0,-2.029204,0.296465,11.1844,3.9436857835774464
526,2.029204,0.29647,11.1398,3.59623,,5785.0,-2.02939,0.297029,11.2056,3.9090294064386866
527,2.029204,0.297034,11.161,3.59623,,5786.0,-2.02939,0.297592,11.2269,3.919495501823772
528,2.029204,0.297598,11.1822,3.59685,,5787.0,-2.029204,0.298156,11.2482,3.94983557659327
529,2.029204,0.298161,11.2034,3.59685,,5788.0,-2.029204,0.29872,11.2694,3.951662427745547
530,2.029204,0.298725,11.2245,3.59685,,5789.0,-2.029204,0.299283,11.2907,3.9977249217623694
531,2.029204,0.299289,11.2457,3.59685,,5790.0,-2.028832,0.299847,11.312,3.9594175732271992
532,2.029204,0.299852,11.2669,3.5984,,5791.0,-2.028832,0.30041,11.3332,3.9195157844146156
533,2.02939,0.300416,11.2881,3.5984,,5792.0,-2.028832,0.300974,11.3545,3.91383769487081
534,2.02939,0.30098,11.3093,3.5984,,5793.0,-2.028832,0.301538,11.3758,3.916439518260695
535,2.029204,0.301544,11.3304,3.59871,,5794.0,-2.028832,0.302101,11.397,3.9422898663141894
536,2.029204,0.302107,11.3516,3.59871,,5795.0,-2.028832,0.302665,11.4183,3.8947857051374326
537,2.029204,0.302671,11.3728,3.59871,,5796.0,-2.028832,0.303228,11.4395,3.881885959549088
538,2.029018,0.303235,11.394,3.59902,,5797.0,-2.028832,0.303792,11.4608,3.9188432991127993
539,2.029018,0.303798,11.4152,3.59902,,5798.0,-2.028832,0.304355,11.4821,3.9568318889297323
540,2.029204,0.304362,11.4363,3.59902,,5799.0,-2.029018,0.304919,11.5033,4.0187961821499085
541,2.028832,0.304925,11.4575,3.59902,,5800.0,-2.029204,0.305483,11.5246,3.902655153425199
542,2.028832,0.305489,11.4787,3.59902,,5801.0,-2.029204,0.306046,11.5458,3.950366641809628
543,2.028832,0.306052,11.4999,3.59933,,5802.0,-2.029204,0.30661,11.5671,3.94256822760435
544,2.028832,0.306616,11.521,3.59964,,5803.0,-2.029204,0.307174,11.5884,3.9766572777535174
545,2.028832,0.30718,11.5422,3.59964,,5804.0,-2.029204,0.307737,11.6096,3.850780953125325
546,2.028832,0.307743,11.5634,3.59995,,5805.0,-2.029204,0.308301,11.6309,3.888583972062671
547,2.028832,0.308307,11.5846,3.60026,,5806.0,-2.028832,0.308865,11.6522,3.976999801313786
548,2.029018,0.30887,11.6057,3.60026,,5807.0,-2.029204,0.309428,11.6734,3.8810298164988954
549,2.029018,0.309434,11.6269,3.60057,,5808.0,-2.029204,0.309992,11.6947,3.934860477282843
550,2.029018,0.309998,11.6481,3.60057,,5809.0,-2.028832,0.310555,11.716,3.9812005160492125
551,2.029204,0.310561,11.6693,3.60057,,5810.0,-2.029204,0.311119,11.7372,3.894341968308507
552,2.029204,0.311125,11.6905,3.601191,,5811.0,-2.029204,0.311683,11.7585,3.8516922774721083
553,2.02939,0.311689,11.7116,3.601191,,5812.0,-2.029204,0.312246,11.7798,4.00990430544208
554,2.029204,0.312252,11.7328,3.601501,,5813.0,-2.029204,0.31281,11.801,3.8799783764956595
555,2.029204,0.312816,11.754,3.601501,,5814.0,-2.029204,0.313374,11.8223,3.950448629075
556,2.029204,0.31338,11.7752,3.601501,,5815.0,-2.029204,0.313937,11.8435,3.977626970639427
557,2.029204,0.313943,11.7964,3.601501,,5816.0,-2.028832,0.314501,11.8648,3.9368598078272394
558,2.029204,0.314507,11.8175,3.601501,,5817.0,-2.028832,0.315065,11.8861,3.921052290507193
559,2.029204,0.315071,11.8387,3.601501,,5818.0,-2.028832,0.315628,11.9073,3.8875567776807736
560,2.02939,0.315634,11.8599,3.602121,,5819.0,-2.028832,0.316192,11.9286,3.926970470086603
561,2.02939,0.316198,11.8811,3.602121,,5820.0,-2.028832,0.316755,11.9499,3.9363574221499005
562,2.02939,0.316762,11.9023,3.602741,,5821.0,-2.028832,0.317319,11.9711,4.049026225683308
563,2.02939,0.317326,11.9234,3.603361,,5822.0,-2.029204,0.317883,11.9924,3.9605035570205067
564,2.02939,0.317889,11.9446,3.603361,,5823.0,-2.029204,0.318446,12.0136,3.960028131393747
565,2.029204,0.318453,11.9658,3.603671,,5824.0,-2.029204,0.31901,12.0349,3.9927547668588206
566,2.028832,0.319016,11.987,3.604291,,5825.0,-2.028832,0.319573,12.0562,4.009485857631149
567,2.028832,0.31958,12.0082,3.604291,,5826.0,-2.028832,0.320137,12.0774,3.9899836470020653
568,2.028832,0.320144,12.0293,3.604601,,5827.0,-2.028832,0.320701,12.0987,3.860794469917346
569,2.028832,0.320707,12.0505,3.604911,,5828.0,-2.028832,0.321264,12.12,3.8830616272987823
570,2.028832,0.321271,12.0717,3.604911,,5829.0,-2.028832,0.321828,12.1412,3.8365864873966133
571,2.028832,0.321834,12.0929,3.605221,,5830.0,-2.028832,0.322391,12.1625,3.857714066919701
572,2.028832,0.322398,12.114,3.605531,,5831.0,-2.029018,0.322955,12.1837,3.8542341185576774
573,2.028832,0.322961,12.1352,3.605531,,5832.0,-2.028832,0.323518,12.205,3.972688483727417
574,2.028832,0.323525,12.1564,3.605531,,5833.0,-2.028832,0.324082,12.2263,3.975243083630565
575,2.028832,0.324089,12.1776,3.605531,,5834.0,-2.029018,0.324646,12.2475,3.9305584103690823
576,2.028832,0.324652,12.1987,3.605531,,5835.0,-2.028832,0.325209,12.2688,4.012381585659006
577,2.028832,0.325216,12.2199,3.605841,,5836.0,-2.028832,0.325773,12.29,3.943077048716497
578,2.029018,0.325779,12.2411,3.606461,,5837.0,-2.02939,0.326336,12.3113,3.8363691663872848
579,2.029018,0.326343,12.2623,3.606461,,5838.0,-2.02939,0.3269,12.3326,3.9472570607599318
580,2.029204,0.326907,12.2835,3.606461,,5839.0,-2.028832,0.327464,12.3538,3.9361933754147316
581,2.029204,0.32747,12.3046,3.607081,,5840.0,-2.028646,0.328027,12.3751,3.8706759638994046
582,2.029204,0.328034,12.3258,3.607081,,5841.0,-2.028646,0.328591,12.3964,3.8972047479361045
583,2.029018,0.328598,12.347,3.607391,,5842.0,-2.028646,0.329154,12.4176,3.876346210173878
584,2.029018,0.329161,12.3682,3.607391,,5843.0,-2.028832,0.329718,12.4389,3.8971532206126667
585,2.029204,0.329725,12.3893,3.607391,,5844.0,-2.028832,0.330281,12.4601,3.9098666952936725
586,2.029204,0.330288,12.4105,3.607391,,5845.0,-2.028832,0.330845,12.4814,3.9033864472104396
587,2.029204,0.330852,12.4317,3.608631,,5846.0,-2.029204,0.331409,12.5027,3.9688120577672765
588,2.029204,0.331416,12.4529,3.608631,,5847.0,-2.029204,0.331972,12.5239,3.9112278874194435
589,2.029204,0.33198,12.4741,3.608631,,5848.0,-2.029204,0.332536,12.5452,3.971503225443834
590,2.029204,0.332543,12.4952,3.608631,,5849.0,-2.029204,0.3331,12.5665,3.804132978914578
591,2.029204,0.333107,12.5164,3.608631,,5850.0,-2.02939,0.333663,12.5877,3.925184433137848
592,2.029204,0.33367,12.5376,3.608631,,5851.0,-2.02939,0.334227,12.609,3.9680571966217415
593,2.028832,0.334234,12.5588,3.608941,,5852.0,-2.02939,0.334791,12.6303,3.840108136864639
594,2.028832,0.334798,12.58,3.608941,,5853.0,-2.02939,0.335355,12.6515,3.946216442591153
595,2.028832,0.335361,12.6011,3.608941,,5854.0,-2.02939,0.335918,12.6728,4.014173499732757
596,2.029204,0.335925,12.6223,3.609251,,5855.0,-2.02939,0.336482,12.6941,3.9279042597480154
597,2.029204,0.336489,12.6435,3.609561,,5856.0,-2.02939,0.337046,12.7153,3.9196127620846255
598,2.029204,0.337052,12.6647,3.609561,,5857.0,-2.02939,0.337609,12.7366,4.028063266108082
599,2.029204,0.337616,12.6859,3.609871,,5858.0,-2.02939,0.338173,12.7579,3.876930572623391
600,2.028832,0.338179,12.707,3.610491,,5859.0,-2.02939,0.338737,12.7791,3.8407300690568955
601,2.028832,0.338743,12.7282,3.610491,,5860.0,-2.02939,0.339301,12.8004,3.941667176559202
602,2.028832,0.339307,12.7494,3.610491,,5861.0,-2.029204,0.339864,12.8217,3.9375312293243643
603,2.028832,0.33987,12.7706,3.610801,,5862.0,-2.029204,0.340428,12.8429,3.847097560213555
604,2.028832,0.340434,12.7917,3.610801,,5863.0,-2.029204,0.340992,12.8642,3.935015564080302
605,2.029204,0.340997,12.8129,3.610801,,5864.0,-2.029204,0.341555,12.8855,3.9228397333766516
606,2.029018,0.341561,12.8341,3.610801,,5865.0,-2.029204,0.342119,12.9067,4.027326909995104
607,2.029204,0.342125,12.8553,3.610801,,5866.0,-2.029204,0.342683,12.928,4.0035104070619525
608,2.029204,0.342688,12.8764,3.611111,,5867.0,-2.029204,0.343246,12.9492,4.016657771868821
609,2.029204,0.343252,12.8976,3.611421,,5868.0,-2.029204,0.34381,12.9705,3.9517465997017074
610,2.029204,0.343816,12.9188,3.611421,,5869.0,-2.029204,0.344374,12.9918,3.9299090413766287
611,2.029204,0.344379,12.94,3.612041,,5870.0,-2.029204,0.344937,13.013,3.940681621389799
612,2.029204,0.344943,12.9612,3.612351,,5871.0,-2.028832,0.345501,13.0343,3.831700013838236
613,2.029204,0.345507,12.9823,3.612351,,5872.0,-2.028832,0.346064,13.0556,3.9543940555814205
614,2.028832,0.34607,13.0035,3.612351,,5873.0,-2.028832,0.346628,13.0768,3.937588098084541
615,2.028832,0.346634,13.0247,3.613281,,5874.0,-2.029018,0.347192,13.0981,3.9607961213988068
616,2.028832,0.347197,13.0459,3.613281,,5875.0,-2.029204,0.347755,13.1194,3.9693154029791318
617,2.028832,0.347761,13.067,3.613591,,5876.0,-2.029204,0.348319,13.1406,3.95061994351072
618,2.028832,0.348324,13.0882,3.613901,,5877.0,-2.029018,0.348882,13.1619,3.9492996524905832
619,2.029204,0.348888,13.1094,3.613901,,5878.0,-2.029018,0.349446,13.1831,3.9096038584197776
620,2.029204,0.349452,13.1306,3.614521,,5879.0,-2.029018,0.35001,13.2044,3.859341975011764
621,2.029204,0.350015,13.1518,3.614521,,5880.0,-2.028832,0.350573,13.2257,3.804359381945364
622,2.029204,0.350579,13.1729,3.614211,,5881.0,-2.028832,0.351137,13.2469,3.9489519018829853
623,2.029204,0.351143,13.1941,3.614211,,5882.0,-2.028832,0.3517,13.2682,3.855178378822165
624,2.029204,0.351706,13.2153,3.614211,,5883.0,-2.029018,0.352264,13.2895,3.9601759051114978
625,2.029204,0.35227,13.2365,3.615451,,5884.0,-2.029018,0.352828,13.3107,3.8870358599641377
626,2.029204,0.352834,13.2577,3.615451,,5885.0,-2.029204,0.353391,13.332,3.9183077778639586
627,2.028832,0.353397,13.2788,3.615451,,5886.0,-2.029204,0.353955,13.3532,3.8998580548215043
628,2.028832,0.353961,13.3,3.615762,,5887.0,-2.029204,0.354519,13.3745,3.923090290829269
629,2.028832,0.354525,13.3212,3.615762,,5888.0,-2.029204,0.355082,13.3958,3.920163797899566
630,2.029204,0.355088,13.3424,3.615762,,5889.0,-2.029018,0.355646,13.417,3.8437398602024673
631,2.029204,0.355652,13.3636,3.616381,,5890.0,-2.029018,0.35621,13.4383,3.88891397003931
632,2.029204,0.356216,13.3847,3.616381,,5891.0,-2.029018,0.356773,13.4596,3.892706286011196
633,2.029204,0.356779,13.4059,3.616381,,5892.0,-2.028832,0.357337,13.4808,3.9448711393908757
634,2.028832,0.357343,13.4271,3.616381,,5893.0,-2.028832,0.3579,13.5021,3.863564297230827
635,2.028832,0.357906,13.4483,3.616381,,5894.0,-2.029018,0.358464,13.5233,3.8842358851929375
636,2.028832,0.35847,13.4694,3.616381,,5895.0,-2.029018,0.359028,13.5446,3.9037161991296667
637,2.028832,0.359033,13.4906,3.616691,,5896.0,-2.029204,0.359591,13.5659,3.874461832589437
638,2.028832,0.359597,13.5118,3.616691,,5897.0,-2.029204,0.360155,13.5871,3.8685016590954127
639,2.02939,0.360161,13.533,3.617002,,5898.0,-2.02939,0.360719,13.6084,3.910786738264661
640,2.02939,0.360724,13.5542,3.617621,,5899.0,-2.02939,0.361282,13.6297,3.7840260302878606
641,2.02939,0.361288,13.5753,3.617621,,5900.0,-2.02939,0.361846,13.6509,3.9517438881155584
642,2.028832,0.361852,13.5965,3.618242,,5901.0,-2.02939,0.36241,13.6722,3.9167632115484055
643,2.028832,0.362415,13.6177,3.618242,,5902.0,-2.029204,0.362973,13.6935,3.875788175916621
644,2.028832,0.362979,13.6389,3.618242,,5903.0,-2.029204,0.363537,13.7147,3.8932647750928737
645,2.028832,0.363542,13.66,3.618551,,5904.0,-2.028832,0.364101,13.736,3.9647334924625066
646,2.02939,0.364106,13.6812,3.618551,,5905.0,-2.028832,0.364664,13.7573,3.8611007408989373
647,2.02939,0.36467,13.7024,3.618551,,5906.0,-2.028832,0.365228,13.7785,4.0622719966861975
648,2.02939,0.365234,13.7236,3.618551,,5907.0,-2.028832,0.365791,13.7998,3.963164165049429
649,2.02939,0.365797,13.7448,3.618862,,5908.0,-2.028832,0.366355,13.821,3.9512272231665304
650,2.028832,0.366361,13.7659,3.618862,,5909.0,-2.028832,0.366918,13.8423,3.950055182918504
651,2.028832,0.366924,13.7871,3.619482,,5910.0,-2.028832,0.367482,13.8636,3.9183568726520557
652,2.028832,0.367488,13.8083,3.620102,,5911.0,-2.028832,0.368046,13.8848,3.9462884782941163
653,2.029018,0.368052,13.8295,3.620412,,5912.0,-2.028832,0.368609,13.9061,3.8259512721678925
654,2.029018,0.368615,13.8506,3.620412,,5913.0,-2.028832,0.369173,13.9273,3.9208048317257598
655,2.029018,0.369179,13.8718,3.620722,,5914.0,-2.029204,0.369736,13.9486,3.9059087860428536
656,2.029018,0.369742,13.893,3.620722,,5915.0,-2.029204,0.3703,13.9699,3.9497729785986517
657,2.029018,0.370306,13.9142,3.620722,,5916.0,-2.029018,0.370864,13.9911,3.9638336675943497
658,2.02939,0.37087,13.9354,3.620722,,5917.0,-2.029204,0.371427,14.0124,3.9920210097119755
659,2.02939,0.371433,13.9565,3.621032,,5918.0,-2.029204,0.371991,14.0337,3.865462555312837
660,2.02939,0.371997,13.9777,3.621032,,5919.0,-2.029018,0.372555,14.0549,3.8584159703430427
661,2.029204,0.372561,13.9989,3.621032,,5920.0,-2.028832,0.373118,14.0762,3.865584352207345
662,2.029204,0.373125,14.0201,3.621342,,5921.0,-2.028832,0.373682,14.0975,3.989480943108925
663,2.029204,0.373688,14.0413,3.621342,,5922.0,-2.028832,0.374245,14.1187,4.091548758308243
664,2.029204,0.374252,14.0624,3.623202,,5923.0,-2.029018,0.374809,14.14,3.863595111841361
665,2.028832,0.374815,14.0836,3.623202,,5924.0,-2.029018,0.375373,14.1612,4.028925772091301
666,2.028832,0.375379,14.1048,3.623202,,5925.0,-2.029018,0.375936,14.1825,3.8515504020497757
667,2.029204,0.375943,14.126,3.623202,,5926.0,-2.029018,0.3765,14.2038,3.9032072249086083
668,2.028832,0.376506,14.1472,3.623202,,5927.0,-2.029018,0.377063,14.225,3.881452902517103
669,2.028832,0.37707,14.1683,3.623512,,5928.0,-2.029018,0.377627,14.2463,3.8898792958220887
670,2.029204,0.377633,14.1895,3.623822,,5929.0,-2.028832,0.378191,14.2676,3.9401655082591027
671,2.029204,0.378197,14.2107,3.623822,,5930.0,-2.028832,0.378754,14.2888,3.852194201891791
672,2.029204,0.378761,14.2319,3.624132,,5931.0,-2.029204,0.379318,14.3101,3.9522761046227814
673,2.029204,0.379324,14.253,3.624442,,5932.0,-2.029204,0.379882,14.3313,3.8928918277470355
674,2.028832,0.379888,14.2742,3.624752,,5933.0,-2.029204,0.380445,14.3526,3.9316504927202978
675,2.028832,0.380452,14.2954,3.624752,,5934.0,-2.029204,0.381009,14.3739,3.8613609321518023
676,2.028832,0.381015,14.3166,3.625062,,5935.0,-2.02939,0.381573,14.3951,3.9689065881174033
677,2.028832,0.381579,14.3377,3.625372,,5936.0,-2.02939,0.382136,14.4164,3.9143287955257327
678,2.028832,0.382142,14.3589,3.625372,,5937.0,-2.02939,0.3827,14.4377,3.809716111527837
679,2.028832,0.382706,14.3801,3.625372,,5938.0,-2.02939,0.383264,14.4589,3.9540675500609797
680,2.028832,0.383269,14.4013,3.625372,,5939.0,-2.02939,0.383827,14.4802,3.856097883215027
681,2.028832,0.383833,14.4225,3.625372,,5940.0,-2.02939,0.384391,14.5015,3.934493860141724
682,2.029204,0.384397,14.4436,3.625372,,5941.0,-2.029204,0.384955,14.5227,3.9136827252558906
683,2.029204,0.38496,14.4648,3.625682,,5942.0,-2.028832,0.385518,14.544,3.897274659256351
684,2.029204,0.385524,14.486,3.625682,,5943.0,-2.028832,0.386082,14.5653,3.9270855857415685
685,2.029204,0.386088,14.5072,3.625682,,5944.0,-2.028832,0.386646,14.5865,3.9488228235003886
686,2.029204,0.386651,14.5283,3.625682,,5945.0,-2.029018,0.387209,14.6078,3.9022576415947254
687,2.029204,0.387215,14.5495,3.625682,,5946.0,-2.029018,0.387773,14.629,3.934869677866925
688,2.02939,0.387779,14.5707,3.625992,,5947.0,-2.029018,0.388336,14.6503,3.886794059083654
689,2.02939,0.388342,14.5919,3.625992,,5948.0,-2.029204,0.3889,14.6716,3.845835437777605
690,2.02939,0.388906,14.6131,3.625992,,5949.0,-2.029204,0.389464,14.6928,3.93136406742013
691,2.02939,0.38947,14.6343,3.626612,,5950.0,-2.029204,0.390027,14.7141,3.921896774938276
692,2.02939,0.390034,14.6554,3.627542,,5951.0,-2.029204,0.390591,14.7354,3.874997095007636
693,2.02939,0.390597,14.6766,3.627542,,5952.0,-2.029204,0.391155,14.7566,3.82803237645828
694,2.029204,0.391161,14.6978,3.627542,,5953.0,-2.029204,0.391718,14.7779,3.9118752334827445
695,2.029204,0.391725,14.719,3.627542,,5954.0,-2.029204,0.392282,14.7992,3.8160444898805395
696,2.029204,0.392288,14.7402,3.627542,,5955.0,-2.029204,0.392846,14.8204,3.816403323712125
697,2.029204,0.392852,14.7613,3.629092,,5956.0,-2.029204,0.393409,14.8417,3.8240077897528333
698,2.029018,0.393416,14.7825,3.629092,,5957.0,-2.028832,0.393973,14.863,3.7946194877611994
699,2.029018,0.393979,14.8037,3.629092,,5958.0,-2.028832,0.394536,14.8842,3.806783477549951
700,2.028832,0.394543,14.8249,3.629402,,5959.0,-2.028832,0.3951,14.9055,3.994666564909776
701,2.028832,0.395106,14.846,3.629712,,5960.0,-2.028832,0.395664,14.9267,3.915101249298315
702,2.028832,0.39567,14.8672,3.629712,,5961.0,-2.028832,0.396227,14.948,3.9365238042227046
703,2.028832,0.396233,14.8884,3.629712,,5962.0,-2.028832,0.396791,14.9693,3.9253281850465673
704,2.028832,0.396797,14.9096,3.630022,,5963.0,-2.029018,0.397354,14.9905,3.812303882669924
705,2.028832,0.397361,14.9307,3.630022,,5964.0,-2.029018,0.397918,15.0118,3.889602290333745
706,2.028832,0.397924,14.9519,3.630332,,5965.0,-2.029018,0.398482,15.033,3.904420106252828
707,2.028832,0.398488,14.9731,3.630642,,5966.0,-2.028832,0.399045,15.0543,3.908612594923393
708,2.028832,0.399051,14.9943,3.630642,,5967.0,-2.028832,0.399609,15.0756,3.863102451973969
709,2.028832,0.399615,15.0155,3.630952,,5968.0,-2.028832,0.400172,15.0968,3.871879729630151
710,2.028832,0.400178,15.0366,3.630952,,5969.0,-2.029018,0.400736,15.1181,3.9899209896207504
711,2.028832,0.400742,15.0578,3.630952,,5970.0,-2.029018,0.4013,15.1394,3.949103273609895
712,2.029018,0.401306,15.079,3.631262,,5971.0,-2.029018,0.401863,15.1606,4.052272922181447
713,2.029018,0.401869,15.1002,3.631262,,5972.0,-2.029018,0.402427,15.1819,3.885731962403044
714,2.029018,0.402433,15.1213,3.631262,,5973.0,-2.029018,0.40299,15.2031,3.9078305722528888
715,2.029204,0.402997,15.1425,3.631572,,5974.0,-2.028832,0.403554,15.2244,3.9447628392474923
716,2.029204,0.40356,15.1637,3.631572,,5975.0,-2.029018,0.404118,15.2457,3.8930851018254953
717,2.029204,0.404124,15.1849,3.631572,,5976.0,-2.029018,0.404681,15.2669,3.9226593964135628
718,2.029204,0.404688,15.2061,3.631572,,5977.0,-2.028832,0.405245,15.2882,3.918798776664036
719,2.028832,0.405251,15.2272,3.632813,,5978.0,-2.029018,0.405808,15.3095,3.9236951019075823
720,2.028832,0.405815,15.2484,3.632813,,5979.0,-2.029018,0.406372,15.3307,3.848239828374932
721,2.028832,0.406378,15.2696,3.633433,,5980.0,-2.028832,0.406936,15.352,3.835696886169153
722,2.028832,0.406942,15.2908,3.633433,,5981.0,-2.029018,0.407499,15.3732,3.8752806033129596
723,2.028832,0.407505,15.3119,3.633433,,5982.0,-2.029018,0.408063,15.3945,3.8393058096051926
724,2.028832,0.408069,15.3331,3.633433,,5983.0,-2.029018,0.408626,15.4158,3.9292314133730244
725,2.028832,0.408632,15.3543,3.633743,,5984.0,-2.029018,0.40919,15.437,3.9168730741746316
726,2.028832,0.409196,15.3755,3.633743,,5985.0,-2.02939,0.409754,15.4583,3.9173462478739483
727,2.028832,0.40976,15.3966,3.633743,,5986.0,-2.02939,0.410317,15.4796,3.8797583349208695
728,2.028832,0.410323,15.4178,3.634363,,5987.0,-2.02939,0.410881,15.5008,3.9450052191303504
729,2.028832,0.410887,15.439,3.634363,,5988.0,-2.02939,0.411445,15.5221,3.8750551416716856
730,2.028832,0.41145,15.4602,3.634363,,5989.0,-2.02939,0.412009,15.5434,3.869948348323985
731,2.029204,0.412014,15.4813,3.634673,,5990.0,-2.029018,0.412572,15.5646,3.945039871394443
732,2.02939,0.412578,15.5025,3.634983,,5991.0,-2.029018,0.413136,15.5859,3.8995959945334735
733,2.02939,0.413141,15.5237,3.634983,,5992.0,-2.029018,0.413699,15.6072,3.8831651999620473
734,2.02939,0.413705,15.5449,3.635293,,5993.0,-2.029018,0.414263,15.6284,3.8657246034729824
735,2.028832,0.414269,15.5661,3.635293,,5994.0,-2.029018,0.414827,15.6497,3.8931123052774264
736,2.028832,0.414832,15.5872,3.635913,,5995.0,-2.029018,0.41539,15.6709,3.991220366722533
737,2.028832,0.415396,15.6084,3.635913,,5996.0,-2.028832,0.415954,15.6922,3.8948204259885415
738,2.029204,0.41596,15.6296,3.635913,,5997.0,-2.028832,0.416517,15.7135,3.9364562487511736
739,2.029204,0.416523,15.6508,3.636223,,5998.0,-2.028832,0.417081,15.7347,3.9506679626003445
740,2.029204,0.417087,15.672,3.636843,,5999.0,-2.028832,0.417645,15.756,3.852273830607279
741,2.029204,0.41765,15.6931,3.636843,,6000.0,-2.028832,0.418208,15.7772,3.9094312013957797
742,2.029204,0.418214,15.7143,3.636843,,6001.0,-2.028832,0.418772,15.7985,3.8096349991536975
743,2.028832,0.418778,15.7355,3.636843,,6002.0,-2.028832,0.419335,15.8198,3.9432013648902564
744,2.028832,0.419341,15.7567,3.636843,,6003.0,-2.028832,0.419899,15.841,3.9174849480443537
745,2.028832,0.419905,15.7778,3.636843,,6004.0,-2.028832,0.420462,15.8623,3.8654967792388777
746,2.028832,0.420468,15.799,3.637153,,6005.0,-2.02939,0.421026,15.8836,3.8941856169082176
747,2.028832,0.421032,15.8202,3.637463,,6006.0,-2.02939,0.42159,15.9048,3.8480805798927777
748,2.029204,0.421596,15.8414,3.637463,,6007.0,-2.02939,0.422154,15.9261,3.9050691848368424
749,2.029204,0.422159,15.8626,3.637773,,6008.0,-2.028832,0.422717,15.9473,3.9105914388320353
750,2.028832,0.422723,15.8837,3.637773,,6009.0,-2.028832,0.423281,15.9686,3.847764202064674
751,2.028832,0.423286,15.9049,3.637773,,6010.0,-2.028832,0.423844,15.9899,3.822740848824188
752,2.028832,0.42385,15.9261,3.639013,,6011.0,-2.029204,0.424408,16.0111,3.9197419849659307
753,2.028832,0.424414,15.9473,3.639323,,6012.0,-2.029204,0.424972,16.0324,3.9425252924957306
754,2.028832,0.424977,15.9684,3.639323,,6013.0,-2.029204,0.425535,16.0537,3.9020925544278144
755,2.028832,0.425541,15.9896,3.640563,,6014.0,-2.029018,0.426099,16.0749,3.8514093415781137
756,2.029018,0.426104,16.0108,3.641493,,6015.0,-2.029018,0.426662,16.0962,3.9252204223492835
757,2.029018,0.426668,16.032,3.641493,,6016.0,-2.028832,0.427226,16.1175,3.897289436807798
758,2.028832,0.427231,16.0531,3.641493,,6017.0,-2.028832,0.42779,16.1387,3.8582451598527756
759,2.028832,0.427795,16.0743,3.641493,,6018.0,-2.028832,0.428353,16.16,3.840928940958885
760,2.028832,0.428359,16.0955,3.641493,,6019.0,-2.028832,0.428917,16.1812,3.8385067543889115
761,2.028832,0.428922,16.1167,3.640873,,6020.0,-2.028832,0.42948,16.2025,3.824694814502112
762,2.029204,0.429486,16.1378,3.640873,,6021.0,-2.028832,0.430044,16.2238,3.8351523624941337
763,2.029204,0.43005,16.159,3.640873,,6022.0,-2.028832,0.430607,16.245,3.8712724967974874
764,2.029204,0.430613,16.1802,3.642113,,6023.0,-2.028832,0.431171,16.2663,3.786103454130059
765,2.029018,0.431177,16.2014,3.642113,,6024.0,-2.028832,0.431735,16.2875,3.801184394961323
766,2.028832,0.43174,16.2226,3.642113,,6025.0,-2.028832,0.432298,16.3088,3.8424147515098763
767,2.028832,0.432304,16.2437,3.642423,,6026.0,-2.029204,0.432862,16.3301,4.029128650936686
768,2.028832,0.432867,16.2649,3.642113,,6027.0,-2.029204,0.433425,16.3513,3.9154869523761517
769,2.028832,0.433431,16.2861,3.642113,,6028.0,-2.029204,0.433989,16.3726,3.8452070929929367
770,2.028832,0.433995,16.3073,3.642113,,6029.0,-2.029204,0.434553,16.3939,3.78788375639249
771,2.028832,0.434558,16.3284,3.641183,,6030.0,-2.029204,0.435116,16.4151,3.8401333286198214
772,2.028832,0.435122,16.3496,3.641183,,6031.0,-2.029204,0.43568,16.4364,3.8829216686120755
773,2.028832,0.435685,16.3708,3.641183,,6032.0,-2.028832,0.436244,16.4577,3.9120788964077584
774,2.028832,0.436249,16.392,3.642113,,6033.0,-2.028832,0.436807,16.4789,3.883078213438654
775,2.029204,0.436813,16.4131,3.642423,,6034.0,-2.028832,0.437371,16.5002,3.855218619815273
776,2.029204,0.437376,16.4343,3.642423,,6035.0,-2.028832,0.437934,16.5214,3.9085201461112677
777,2.028832,0.43794,16.4555,3.643043,,6036.0,-2.028832,0.438498,16.5427,3.809735503366931
778,2.029204,0.438503,16.4767,3.643353,,6037.0,-2.028832,0.439061,16.564,3.793627063217295
779,2.029204,0.439067,16.4979,3.643353,,6038.0,-2.028832,0.439625,16.5852,3.8892913281230683
780,2.029204,0.439631,16.519,3.643353,,6039.0,-2.029018,0.440189,16.6065,3.8622575178719405
781,2.029204,0.440194,16.5402,3.643663,,6040.0,-2.029018,0.440752,16.6277,3.880600489114098
782,2.029204,0.440758,16.5614,3.643663,,6041.0,-2.029018,0.441316,16.649,3.8771645341484375
783,2.029204,0.441322,16.5826,3.643973,,6042.0,-2.028832,0.441879,16.6703,3.9123930666486606
784,2.028832,0.441885,16.6038,3.643973,,6043.0,-2.028832,0.442443,16.6915,3.785241352581422
785,2.028832,0.442449,16.6249,3.643973,,6044.0,-2.028832,0.443007,16.7128,3.8921090829978313
786,2.028832,0.443013,16.6461,3.643973,,6045.0,-2.029018,0.44357,16.7341,3.9048266883333587
787,2.028832,0.443576,16.6673,3.644593,,6046.0,-2.029204,0.444134,16.7553,3.886892925471255
788,2.028832,0.44414,16.6885,3.644593,,6047.0,-2.029204,0.444698,16.7766,3.851980902619112
789,2.028832,0.444703,16.7096,3.644903,,6048.0,-2.029204,0.445261,16.7978,3.824314929095517
790,2.028832,0.445267,16.7308,3.645833,,6049.0,-2.029204,0.445825,16.8191,3.8636498185052743
791,2.028832,0.44583,16.752,3.645833,,6050.0,-2.02939,0.446389,16.8404,3.9021968155563043
792,2.028832,0.446394,16.7732,3.645833,,6051.0,-2.029204,0.446952,16.8616,3.8315220410590776
793,2.029204,0.446958,16.7943,3.645833,,6052.0,-2.02939,0.447516,16.8829,3.8457431395477175
794,2.029204,0.447521,16.8155,3.645833,,6053.0,-2.02939,0.44808,16.9042,3.8397331840497584
795,2.029204,0.448085,16.8367,3.646143,,6054.0,-2.02939,0.448643,16.9254,3.949656513048053
796,2.029204,0.448649,16.8579,3.646143,,6055.0,-2.02939,0.449207,16.9467,3.9129743430111827
797,2.029204,0.449212,16.8791,3.646143,,6056.0,-2.02939,0.449771,16.968,3.9385711685316154
798,2.029204,0.449776,16.9002,3.646453,,6057.0,-2.02939,0.450335,16.9892,3.9575336610845744
799,2.029204,0.45034,16.9214,3.646763,,6058.0,-2.02939,0.450898,17.0105,3.890992271405421
800,2.028832,0.450903,16.9426,3.646763,,6059.0,-2.02939,0.451462,17.0318,3.8327592691088133
801,2.028832,0.451467,16.9638,3.646763,,6060.0,-2.02939,0.452026,17.053,3.8852427593145094
802,2.028832,0.45203,16.9849,3.646763,,6061.0,-2.028832,0.452589,17.0743,3.8591210518271417
803,2.028832,0.452594,17.0061,3.646763,,6062.0,-2.028832,0.453153,17.0956,3.7997089326413875
804,2.028832,0.453157,17.0273,3.647383,,6063.0,-2.028832,0.453716,17.1168,3.844823368341778
805,2.028832,0.453721,17.0485,3.647383,,6064.0,-2.028832,0.45428,17.1381,3.841030088605606
806,2.028832,0.454285,17.0697,3.647383,,6065.0,-2.028832,0.454844,17.1593,3.8793652643783334
807,2.028832,0.454848,17.0908,3.647693,,6066.0,-2.028832,0.455407,17.1806,3.9199566018869416
808,2.029204,0.455412,17.112,3.648314,,6067.0,-2.028832,0.455971,17.2019,3.8479586178175147
809,2.029204,0.455975,17.1332,3.648314,,6068.0,-2.028832,0.456534,17.2231,3.8695659374840092
810,2.029204,0.456539,17.1544,3.648314,,6069.0,-2.028832,0.457098,17.2444,3.8452462865685355
811,2.029204,0.457103,17.1755,3.648314,,6070.0,-2.028832,0.457661,17.2657,3.8443892579527956
812,2.028832,0.457666,17.1967,3.648623,,6071.0,-2.028832,0.458225,17.2869,3.896493274012022
813,2.028832,0.45823,17.2179,3.648623,,6072.0,-2.029204,0.458789,17.3082,3.8295155649053303
814,2.029018,0.458793,17.2391,3.648934,,6073.0,-2.029204,0.459352,17.3294,3.9247648855667685
815,2.029018,0.459357,17.2603,3.649554,,6074.0,-2.029018,0.459916,17.3507,3.8755653058547446
816,2.029018,0.459921,17.2814,3.649554,,6075.0,-2.029018,0.46048,17.372,3.7771659009873204
817,2.029204,0.460484,17.3026,3.649554,,6076.0,-2.029018,0.461043,17.3932,3.910746788111566
818,2.029204,0.461048,17.3238,3.650174,,6077.0,-2.029018,0.461607,17.4145,3.9151538657647547
819,2.029204,0.461612,17.345,3.650174,,6078.0,-2.029018,0.46217,17.4358,3.7912585405492214
820,2.029018,0.462175,17.3661,3.650174,,6079.0,-2.02939,0.462734,17.457,3.8658320074582604
821,2.029018,0.462739,17.3873,3.650174,,6080.0,-2.029018,0.463298,17.4783,3.856137683729536
822,2.029018,0.463303,17.4085,3.650174,,6081.0,-2.029018,0.463861,17.4995,3.8394208452938363
823,2.029204,0.463866,17.4297,3.651104,,6082.0,-2.028832,0.464425,17.5208,3.8736995590467456
824,2.029204,0.46443,17.4509,3.651104,,6083.0,-2.028832,0.464988,17.5421,3.8878954348956913
825,2.029204,0.464994,17.472,3.651104,,6084.0,-2.028832,0.465552,17.5633,3.7699780410235073
826,2.029204,0.465557,17.4932,3.651414,,6085.0,-2.028832,0.466116,17.5846,3.8440249748246322
827,2.029204,0.466121,17.5144,3.651104,,6086.0,-2.028832,0.466679,17.6059,3.856733737726136
828,2.029204,0.466685,17.5356,3.651104,,6087.0,-2.028832,0.467243,17.6271,3.8794551756176188
829,2.029204,0.467248,17.5568,3.651414,,6088.0,-2.02939,0.467806,17.6484,3.804886700851474
830,2.029204,0.467812,17.5779,3.651724,,6089.0,-2.02939,0.46837,17.6696,3.8653380102011368
831,2.029204,0.468376,17.5991,3.652034,,6090.0,-2.028832,0.468934,17.6909,3.846469446671622
832,2.029204,0.468939,17.6203,3.652034,,6091.0,-2.02939,0.469497,17.7122,3.9180744094439124
833,2.029204,0.469503,17.6415,3.652034,,6092.0,-2.02939,0.470061,17.7334,3.7833565799605484
834,2.029204,0.470067,17.6627,3.652034,,6093.0,-2.029204,0.470625,17.7547,3.8912538042864484
835,2.029204,0.47063,17.6838,3.652654,,6094.0,-2.029204,0.471188,17.776,3.9358219171808053
836,2.028832,0.471194,17.705,3.652654,,6095.0,-2.029204,0.471752,17.7972,3.8921031512434006
837,2.02939,0.471758,17.7262,3.652654,,6096.0,-2.029204,0.472316,17.8185,3.8942450859985973
838,2.02939,0.472321,17.7474,3.652654,,6097.0,-2.02939,0.47288,17.8398,3.915160893388551
839,2.02939,0.472885,17.7686,3.652654,,6098.0,-2.02939,0.473443,17.861,3.860441021568863
840,2.02939,0.473449,17.7897,3.653274,,6099.0,-2.02939,0.474007,17.8823,3.8515035808572566
841,2.02939,0.474012,17.8109,3.653274,,6100.0,-2.029204,0.474571,17.9036,3.8800754944460594
842,2.028832,0.474576,17.8321,3.653584,,6101.0,-2.028832,0.475134,17.9248,3.8896848803390305
843,2.028832,0.47514,17.8533,3.654204,,6102.0,-2.028832,0.475698,17.9461,3.8912582962784383
844,2.028832,0.475703,17.8745,3.654204,,6103.0,-2.029018,0.476261,17.9674,3.883744050589133
845,2.029018,0.476267,17.8956,3.654204,,6104.0,-2.029018,0.476825,17.9886,3.8805143186844497
846,2.029018,0.47683,17.9168,3.654204,,6105.0,-2.029018,0.477389,18.0099,3.8968443759036338
847,2.029018,0.477394,17.938,3.654824,,6106.0,-2.029018,0.477952,18.0311,3.9309651532789
848,2.029018,0.477958,17.9592,3.654824,,6107.0,-2.029204,0.478516,18.0524,3.8851995823273957
849,2.029204,0.478521,17.9803,3.655134,,6108.0,-2.029204,0.47908,18.0737,3.7934071910590546
850,2.029204,0.479085,18.0015,3.655134,,6109.0,-2.029204,0.479643,18.0949,3.8490393446277107
851,2.029018,0.479649,18.0227,3.655754,,6110.0,-2.028832,0.480207,18.1162,3.7664099889416103
852,2.029018,0.480212,18.0439,3.656064,,6111.0,-2.028832,0.48077,18.1375,3.861036024398825
853,2.029018,0.480776,18.0651,3.656064,,6112.0,-2.028832,0.481334,18.1587,3.898766830789093
854,2.029018,0.481339,18.0862,3.656064,,6113.0,-2.028832,0.481898,18.18,3.9258145553281376
855,2.028832,0.481903,18.1074,3.656064,,6114.0,-2.028832,0.482461,18.2012,3.8524204204872796
856,2.028832,0.482467,18.1286,3.656064,,6115.0,-2.029018,0.483025,18.2225,3.8838724504712676
857,2.028832,0.48303,18.1498,3.656374,,6116.0,-2.029018,0.483588,18.2438,3.8355766815909527
858,2.028832,0.483594,18.1709,3.656374,,6117.0,-2.029018,0.484152,18.265,3.9998230984784238
859,2.029204,0.484157,18.1921,3.656374,,6118.0,-2.029018,0.484716,18.2863,3.8360306147434975
860,2.029204,0.484721,18.2133,3.656994,,6119.0,-2.029204,0.485279,18.3076,3.8716620189885047
861,2.029204,0.485285,18.2345,3.657304,,6120.0,-2.028832,0.485843,18.3288,3.910805269101477
862,2.02939,0.485848,18.2557,3.657304,,6121.0,-2.028832,0.486406,18.3501,3.8197224420746214
863,2.02939,0.486412,18.2768,3.657614,,6122.0,-2.028832,0.48697,18.3713,3.85592739253483
864,2.028832,0.486976,18.298,3.657924,,6123.0,-2.028832,0.487533,18.3926,3.840127160302778
865,2.029204,0.487539,18.3192,3.658234,,6124.0,-2.028832,0.488097,18.4139,3.8177652802299953
866,2.029204,0.488103,18.3404,3.658234,,6125.0,-2.028832,0.488661,18.4351,3.884803175546415
867,2.029204,0.488667,18.3616,3.658544,,6126.0,-2.028832,0.489224,18.4564,3.8370257608381895
868,2.029204,0.48923,18.3827,3.658544,,6127.0,-2.028832,0.489788,18.4776,3.9206973767246214
869,2.029204,0.489794,18.4039,3.658854,,6128.0,-2.029204,0.490351,18.4989,3.927741215428533
870,2.029018,0.490358,18.4251,3.658854,,6129.0,-2.029204,0.490915,18.5202,3.8785970340652844
871,2.029018,0.490921,18.4463,3.658854,,6130.0,-2.029204,0.491479,18.5414,3.825439285725469
872,2.029018,0.491485,18.4674,3.658854,,6131.0,-2.02939,0.492042,18.5627,3.845769381046256
873,2.028832,0.492048,18.4886,3.659474,,6132.0,-2.02939,0.492606,18.584,3.883583315701707
874,2.028832,0.492612,18.5098,3.659474,,6133.0,-2.02939,0.49317,18.6052,3.845947140229555
875,2.028832,0.493176,18.531,3.659474,,6134.0,-2.029204,0.493734,18.6265,3.8806043914150194
876,2.029204,0.493739,18.5522,3.659474,,6135.0,-2.028832,0.494297,18.6478,3.8416823818517147
877,2.029204,0.494303,18.5733,3.659474,,6136.0,-2.028832,0.494861,18.669,3.88209053061724
878,2.029204,0.494867,18.5945,3.659474,,6137.0,-2.028832,0.495424,18.6903,3.8889701879920886
879,2.02939,0.49543,18.6157,3.660404,,6138.0,-2.028832,0.495988,18.7115,3.886994936442748
880,2.029204,0.495994,18.6369,3.660404,,6139.0,-2.028832,0.496551,18.7328,3.8028582884260014
881,2.029204,0.496558,18.6581,3.660404,,6140.0,-2.029204,0.497115,18.7541,3.946257460515859
882,2.029204,0.497121,18.6792,3.660404,,6141.0,-2.029204,0.497679,18.7753,3.8146999537602144
883,2.028832,0.497685,18.7004,3.660404,,6142.0,-2.029204,0.498242,18.7966,3.93354135766585
884,2.028832,0.498248,18.7216,3.660404,,6143.0,-2.029204,0.498806,18.8179,3.807516039490773
885,2.028832,0.498812,18.7428,3.661024,,6144.0,-2.02939,0.49937,18.8391,3.8741012022565684
886,2.028832,0.499375,18.7639,3.661334,,6145.0,-2.02939,0.499933,18.8604,3.905777369728851
887,2.028832,0.499939,18.7851,3.661334,,6146.0,-2.028832,0.500497,18.8817,3.8790161665435714
888,2.029018,0.500503,18.8063,3.661644,,6147.0,-2.029018,0.501061,18.9029,3.8407138779890713
889,2.029018,0.501066,18.8275,3.661954,,6148.0,-2.029018,0.501624,18.9242,3.886577387423164
890,2.029018,0.50163,18.8486,3.661954,,6149.0,-2.028832,0.502188,18.9454,3.8015079241495604
891,2.029018,0.502194,18.8698,3.662264,,6150.0,-2.028832,0.502751,18.9667,3.834478217004385
892,2.029204,0.502757,18.891,3.662574,,6151.0,-2.028832,0.503315,18.988,3.941740424096362
893,2.029204,0.503321,18.9122,3.662574,,6152.0,-2.028832,0.503879,19.0092,3.9345763885923084
894,2.029204,0.503885,18.9334,3.662574,,6153.0,-2.028832,0.504442,19.0305,3.781218271403205
895,2.029204,0.504448,18.9545,3.662574,,6154.0,-2.028832,0.505006,19.0518,3.7857543782139573
896,2.029204,0.505012,18.9757,3.662574,,6155.0,-2.028832,0.505569,19.073,3.9374268404501502
897,2.028832,0.505575,18.9969,3.662574,,6156.0,-2.028832,0.506133,19.0943,3.8104259859062273
898,2.028832,0.506139,19.0181,3.662264,,6157.0,-2.028832,0.506696,19.1155,3.863123637142232
899,2.028832,0.506703,19.0392,3.662264,,6158.0,-2.028832,0.50726,19.1368,3.818120603466736
900,2.028832,0.507266,19.0604,3.662264,,6159.0,-2.028832,0.507823,19.1581,3.833798094408034
901,2.028832,0.50783,19.0816,3.662574,,6160.0,-2.028832,0.508387,19.1793,3.9047214489734516
902,2.028832,0.508393,19.1028,3.662884,,6161.0,-2.028832,0.508951,19.2006,3.830473341573241
903,2.028832,0.508957,19.124,3.662884,,6162.0,-2.028832,0.509514,19.2218,3.739619075477914
904,2.028832,0.50952,19.1451,3.663194,,6163.0,-2.029018,0.510078,19.2431,3.929377366218243
905,2.028832,0.510084,19.1663,3.663194,,6164.0,-2.029018,0.510641,19.2644,3.9592228196655213
906,2.028832,0.510648,19.1875,3.663194,,6165.0,-2.029204,0.511205,19.2856,3.8592312683151175
907,2.028832,0.511211,19.2087,3.663194,,6166.0,-2.029204,0.511769,19.3069,3.923536440923417
908,2.028832,0.511775,19.2298,3.663194,,6167.0,-2.02939,0.512332,19.3282,3.7696361200204387
909,2.028832,0.512338,19.251,3.663194,,6168.0,-2.02939,0.512896,19.3494,3.8426308548776293
910,2.028832,0.512902,19.2722,3.664434,,6169.0,-2.02939,0.51346,19.3707,3.82729895961829
911,2.028832,0.513465,19.2934,3.664434,,6170.0,-2.028832,0.514023,19.392,3.8260329481319975
912,2.028832,0.514029,19.3145,3.664745,,6171.0,-2.028832,0.514587,19.4132,3.8077559374587975
913,2.028832,0.514592,19.3357,3.665365,,6172.0,-2.028832,0.515151,19.4345,3.868246739332508
914,2.029204,0.515156,19.3569,3.665365,,6173.0,-2.029204,0.515714,19.4557,3.8582011795536246
915,2.029204,0.51572,19.3781,3.665365,,6174.0,-2.029204,0.516278,19.477,3.917121537538944
916,2.029204,0.516283,19.3993,3.665985,,6175.0,-2.029204,0.516842,19.4983,3.8883294720976638
917,2.028832,0.516847,19.4204,3.666295,,6176.0,-2.029204,0.517405,19.5195,3.879048044330441
918,2.028832,0.517411,19.4416,3.666295,,6177.0,-2.028832,0.517969,19.5408,3.861350189569203
919,2.028832,0.517974,19.4628,3.666295,,6178.0,-2.02939,0.518533,19.5621,3.9274187082662078
920,2.028832,0.518538,19.484,3.666295,,6179.0,-2.028832,0.519096,19.5833,3.799265583624621
921,2.028832,0.519101,19.5051,3.666295,,6180.0,-2.028832,0.51966,19.6046,3.922798328408078
922,2.028832,0.519665,19.5263,3.666605,,6181.0,-2.028832,0.520223,19.6259,3.8336463680482473
923,2.028832,0.520228,19.5475,3.666605,,6182.0,-2.028832,0.520787,19.6471,3.8575025474977322
924,2.028832,0.520792,19.5687,3.666605,,6183.0,-2.028832,0.52135,19.6684,3.825681094955135
925,2.028832,0.521356,19.5898,3.666915,,6184.0,-2.029204,0.521914,19.6896,3.9509580359195913
926,2.028832,0.521919,19.611,3.666915,,6185.0,-2.029204,0.522478,19.7109,3.8508911054787167
927,2.028832,0.522483,19.6322,3.666915,,6186.0,-2.029204,0.523041,19.7322,3.8855446074181934
928,2.028832,0.523046,19.6534,3.666915,,6187.0,-2.029204,0.523605,19.7534,3.9185073999154176
929,2.028832,0.52361,19.6745,3.666915,,6188.0,-2.029204,0.524169,19.7747,3.7310701535417143
930,2.02939,0.524174,19.6957,3.667225,,6189.0,-2.029204,0.524732,19.796,3.8322498565593235
931,2.02939,0.524737,19.7169,3.667225,,6190.0,-2.029204,0.525296,19.8172,3.911005178107826
932,2.02939,0.525301,19.7381,3.667535,,6191.0,-2.029204,0.52586,19.8385,3.9052327109907825
933,2.02939,0.525865,19.7593,3.667535,,6192.0,-2.028832,0.526423,19.8598,3.8720706902986146
934,2.02939,0.526428,19.7804,3.667535,,6193.0,-2.028832,0.526987,19.881,3.7850896013940574
935,2.028832,0.526992,19.8016,3.667535,,6194.0,-2.028832,0.52755,19.9023,3.9069065203265017
936,2.028832,0.527556,19.8228,3.667535,,6195.0,-2.028832,0.528114,19.9235,3.8505171026523075
937,2.028832,0.528119,19.844,3.667535,,6196.0,-2.028832,0.528678,19.9448,3.8786327440059116
938,2.029018,0.528683,19.8652,3.667845,,6197.0,-2.028832,0.529241,19.9661,3.852832078807066
939,2.029018,0.529246,19.8863,3.667845,,6198.0,-2.028832,0.529805,19.9873,3.8165394853314036
940,2.029018,0.52981,19.9075,3.667845,,6199.0,-2.028832,0.530368,20.0086,3.8243826954330045
941,2.029018,0.530374,19.9287,3.667845,,6200.0,-2.028832,0.530932,20.0298,3.748779930736668
942,2.028832,0.530937,19.9499,3.667845,,6201.0,-2.02939,0.531496,20.0511,3.8449000444475137
943,2.028832,0.531501,19.971,3.667845,,6202.0,-2.02939,0.532059,20.0724,3.8315792141359446
944,2.029018,0.532064,19.9922,3.668155,,6203.0,-2.028832,0.532623,20.0936,3.8290493394662937
945,2.029018,0.532628,20.0134,3.668155,,6204.0,-2.028832,0.533186,20.1149,3.8127831441110804
946,2.029018,0.533192,20.0346,3.668155,,6205.0,-2.028832,0.53375,20.1362,3.831263122821262
947,2.029204,0.533755,20.0557,3.668465,,6206.0,-2.028832,0.534313,20.1574,3.8009466283360993
948,2.02939,0.534319,20.0769,3.668465,,6207.0,-2.028832,0.534877,20.1787,3.930715781883952
949,2.02939,0.534883,20.0981,3.668465,,6208.0,-2.028832,0.535441,20.1999,3.8675018658087237
950,2.029204,0.535446,20.1193,3.669395,,6209.0,-2.029018,0.536004,20.2212,3.791542664579126
951,2.029018,0.53601,20.1405,3.669395,,6210.0,-2.029018,0.536568,20.2425,3.8847741364427257
952,2.029018,0.536574,20.1616,3.669395,,6211.0,-2.029204,0.537132,20.2637,3.8020036499889183
953,2.028832,0.537137,20.1828,3.669705,,6212.0,-2.029204,0.537695,20.285,3.868417404086322
954,2.028832,0.537701,20.204,3.669705,,6213.0,-2.029204,0.538259,20.3063,3.867909985895985
955,2.028832,0.538264,20.2252,3.669705,,6214.0,-2.029204,0.538823,20.3275,3.839475686446808
956,2.028832,0.538828,20.2463,3.670015,,6215.0,-2.029204,0.539386,20.3488,3.878793012250459
957,2.028832,0.539391,20.2675,3.670015,,6216.0,-2.029018,0.53995,20.3701,3.855416825598226
958,2.028832,0.539955,20.2887,3.670635,,6217.0,-2.029018,0.540513,20.3913,3.8854314282921134
959,2.028832,0.540519,20.3099,3.671255,,6218.0,-2.029018,0.541077,20.4126,3.801644159596014
960,2.028832,0.541082,20.3311,3.671255,,6219.0,-2.028832,0.541641,20.4338,3.8700052138066914
961,2.028832,0.541646,20.3522,3.671255,,6220.0,-2.028832,0.542204,20.4551,3.854972041835168
962,2.028832,0.542209,20.3734,3.671255,,6221.0,-2.028832,0.542768,20.4764,3.904332026657152
963,2.028832,0.542773,20.3946,3.671565,,6222.0,-2.028832,0.543331,20.4976,3.80175285907591
964,2.028832,0.543336,20.4158,3.671565,,6223.0,-2.029018,0.543895,20.5189,3.911128678104765
965,2.029018,0.5439,20.4369,3.671565,,6224.0,-2.029018,0.544459,20.5401,3.7316497965274467
966,2.029018,0.544464,20.4581,3.671875,,6225.0,-2.029018,0.545022,20.5614,3.827160809956581
967,2.029018,0.545027,20.4793,3.671875,,6226.0,-2.029018,0.545586,20.5827,3.8353799666627473
968,2.029018,0.545591,20.5005,3.672185,,6227.0,-2.029018,0.546149,20.6039,3.8072113982873206
969,2.02939,0.546154,20.5217,3.672495,,6228.0,-2.029204,0.546713,20.6252,3.8653764267760886
970,2.02939,0.546718,20.5428,3.672495,,6229.0,-2.029204,0.547277,20.6465,3.8204571228433903
971,2.02939,0.547282,20.564,3.672495,,6230.0,-2.028832,0.54784,20.6677,3.9249560814429247
972,2.029204,0.547846,20.5852,3.672495,,6231.0,-2.028832,0.548404,20.689,3.9573923657697083
973,2.029204,0.548409,20.6064,3.672495,,6232.0,-2.028832,0.548967,20.7102,3.831009829022578
974,2.029204,0.548973,20.6276,3.672495,,6233.0,-2.028832,0.549531,20.7315,3.899676796981125
975,2.029204,0.549537,20.6487,3.672805,,6234.0,-2.028832,0.550095,20.7528,3.783235163862429
976,2.029204,0.5501,20.6699,3.673115,,6235.0,-2.028832,0.550658,20.774,3.7823515415855278
977,2.029204,0.550664,20.6911,3.673115,,6236.0,-2.028832,0.551222,20.7953,3.7959108045660397
978,2.029204,0.551228,20.7123,3.673115,,6237.0,-2.028832,0.551785,20.8166,3.840755065626308
979,2.029204,0.551791,20.7335,3.673115,,6238.0,-2.028832,0.552349,20.8378,3.7851113095034514
980,2.029204,0.552355,20.7546,3.673115,,6239.0,-2.029018,0.552912,20.8591,3.7809351160527647
981,2.02939,0.552919,20.7758,3.673115,,6240.0,-2.029018,0.553476,20.8803,3.9254473753544326
982,2.02939,0.553482,20.797,3.673115,,6241.0,-2.029204,0.55404,20.9016,3.845342818229493
983,2.02939,0.554046,20.8182,3.673115,,6242.0,-2.029204,0.554603,20.9229,3.837830533698087
984,2.02939,0.55461,20.8394,3.673735,,6243.0,-2.029204,0.555167,20.9441,3.886653853495402
985,2.02939,0.555174,20.8605,3.673735,,6244.0,-2.029204,0.555731,20.9654,3.8214709983437762
986,2.029204,0.555737,20.8817,3.674045,,6245.0,-2.029204,0.556294,20.9867,3.839815036518501
987,2.029018,0.556301,20.9029,3.674355,,6246.0,-2.029204,0.556858,21.0079,3.819390613974841
988,2.029204,0.556865,20.9241,3.674355,,6247.0,-2.02939,0.557422,21.0292,3.8473415385681804
989,2.029204,0.557428,20.9453,3.674665,,6248.0,-2.02939,0.557985,21.0505,3.930947156827971
990,2.028832,0.557992,20.9664,3.674665,,6249.0,-2.02939,0.558549,21.0717,3.9175393103458127
991,2.028832,0.558555,20.9876,3.674665,,6250.0,-2.029204,0.559113,21.093,3.8619759924112067
992,2.029204,0.559119,21.0088,3.674975,,6251.0,-2.029204,0.559677,21.1143,3.8059558666048767
993,2.028832,0.559683,21.03,3.674975,,6252.0,-2.029204,0.56024,21.1355,3.787959952905323
994,2.028832,0.560246,21.0511,3.674975,,6253.0,-2.029018,0.560804,21.1568,3.8276760660687352
995,2.02939,0.56081,21.0723,3.675285,,6254.0,-2.028832,0.561367,21.178,3.8388695288529697
996,2.028832,0.561373,21.0935,3.675595,,6255.0,-2.028832,0.561931,21.1993,3.8234642768160074
997,2.028832,0.561937,21.1147,3.675595,,6256.0,-2.028832,0.562495,21.2206,3.8292518815803644
998,2.028832,0.562501,21.1358,3.675595,,6257.0,-2.029018,0.563058,21.2418,3.9131565876100636
999,2.028832,0.563064,21.157,3.675905,,6258.0,-2.029018,0.563622,21.2631,3.8985276128035427
1000,2.028832,0.563628,21.1782,3.676215,,6259.0,-2.029018,0.564185,21.2844,3.8423866707548546
1001,2.028832,0.564191,21.1994,3.676215,,6260.0,-2.028832,0.564749,21.3056,3.972682535456176
1002,2.028832,0.564755,21.2206,3.676215,,6261.0,-2.028832,0.565313,21.3269,3.8923542220745597
1003,2.028832,0.565318,21.2417,3.676525,,6262.0,-2.028832,0.565876,21.3481,3.899470843031241
1004,2.028832,0.565882,21.2629,3.676525,,6263.0,-2.028832,0.56644,21.3694,3.912517458653846
1005,2.028832,0.566445,21.2841,3.676835,,6264.0,-2.028832,0.567003,21.3907,3.8679250734204564
1006,2.028832,0.567009,21.3053,3.676835,,6265.0,-2.028832,0.567567,21.4119,3.899041598679439
1007,2.028832,0.567573,21.3264,3.676835,,6266.0,-2.028832,0.56813,21.4332,3.828159534567967
1008,2.028832,0.568136,21.3476,3.676835,,6267.0,-2.028832,0.568694,21.4544,3.819508562785103
1009,2.029204,0.5687,21.3688,3.677145,,6268.0,-2.028832,0.569257,21.4757,3.796321538915
1010,2.029018,0.569263,21.39,3.677145,,6269.0,-2.028832,0.569821,21.497,3.7935992588376184
1011,2.029018,0.569827,21.4111,3.677145,,6270.0,-2.028832,0.570385,21.5182,3.9119443311658273
1012,2.029018,0.570391,21.4323,3.677145,,6271.0,-2.028832,0.570948,21.5395,3.791734550259572
1013,2.029018,0.570954,21.4535,3.677145,,6272.0,-2.028832,0.571512,21.5607,3.8178776219971735
1014,2.028832,0.571518,21.4747,3.677145,,6273.0,-2.029204,0.572075,21.582,3.8123783123548645
1015,2.028832,0.572081,21.4958,3.677145,,6274.0,-2.029204,0.572639,21.6033,3.835816796793666
1016,2.028832,0.572645,21.517,3.677145,,6275.0,-2.02939,0.573203,21.6245,3.800623505271205
1017,2.028832,0.573209,21.5382,3.677765,,6276.0,-2.029204,0.573766,21.6458,3.7568615134069288
1018,2.028832,0.573772,21.5594,3.677765,,6277.0,-2.029204,0.57433,21.6671,3.7812810706687294
1019,2.028832,0.574336,21.5806,3.677765,,6278.0,-2.029204,0.574894,21.6883,3.764318849554152
1020,2.02939,0.574899,21.6017,3.677765,,6279.0,-2.029018,0.575457,21.7096,3.8310402792179468
1021,2.02939,0.575463,21.6229,3.678075,,6280.0,-2.029018,0.576021,21.7309,3.8205146429976007
1022,2.028832,0.576027,21.6441,3.678075,,6281.0,-2.028832,0.576585,21.7521,3.756404618360764
1023,2.028832,0.57659,21.6653,3.678075,,6282.0,-2.028832,0.577148,21.7734,3.838505532089259
1024,2.028832,0.577154,21.6864,3.678075,,6283.0,-2.028832,0.577712,21.7946,3.8293190834938913
1025,2.029204,0.577717,21.7076,3.678075,,6284.0,-2.028832,0.578275,21.8159,3.8053121213486962
1026,2.029204,0.578281,21.7288,3.678695,,6285.0,-2.028832,0.578839,21.8372,3.8300889666479536
1027,2.02939,0.578845,21.75,3.678695,,6286.0,-2.028832,0.579402,21.8584,3.8607813880967212
1028,2.02939,0.579409,21.7712,3.678695,,6287.0,-2.028832,0.579966,21.8797,3.794124130909542
1029,2.029204,0.579972,21.7923,3.679005,,6288.0,-2.028832,0.58053,21.901,3.7703527178360035
1030,2.029204,0.580536,21.8135,3.679005,,6289.0,-2.028832,0.581093,21.9222,3.76370775410967
1031,2.029204,0.5811,21.8347,3.679005,,6290.0,-2.028832,0.581657,21.9435,3.770944843537182
1032,2.029204,0.581663,21.8559,3.679005,,6291.0,-2.028832,0.58222,21.9647,3.7853709421612334
1033,2.02939,0.582227,21.8771,3.679316,,6292.0,-2.028832,0.582784,21.986,3.8793673280970333
1034,2.02939,0.582791,21.8982,3.679316,,6293.0,-2.029018,0.583347,22.0073,3.8184741113018457
1035,2.02939,0.583354,21.9194,3.679316,,6294.0,-2.028832,0.583911,22.0285,3.8346135175668246
1036,2.028832,0.583918,21.9406,3.679316,,6295.0,-2.028832,0.584475,22.0498,3.8801795333540863
1037,2.028832,0.584482,21.9618,3.679626,,6296.0,-2.028832,0.585038,22.071,3.8206890445756754
1038,2.028832,0.585045,21.983,3.679626,,6297.0,-2.028832,0.585602,22.0923,3.830455050298749
1039,2.028832,0.585609,22.0041,3.680246,,6298.0,-2.028832,0.586165,22.1136,3.7762746541310848
1040,2.029204,0.586172,22.0253,3.680246,,6299.0,-2.028832,0.586729,22.1348,3.8756796982964774
1041,2.029204,0.586736,22.0465,3.680556,,6300.0,-2.029204,0.587292,22.1561,3.8462916001054457
1042,2.029204,0.5873,22.0677,3.681486,,6301.0,-2.029204,0.587856,22.1774,3.860779361582156
1043,2.029204,0.587863,22.0889,3.681486,,6302.0,-2.029204,0.58842,22.1986,3.7600448986648214
1044,2.029204,0.588427,22.11,3.681486,,6303.0,-2.029204,0.588983,22.2199,3.844851564106106
1045,2.029204,0.588991,22.1312,3.681486,,6304.0,-2.029204,0.589547,22.2411,3.787867533109781
1046,2.029204,0.589554,22.1524,3.682106,,6305.0,-2.029204,0.590111,22.2624,3.814262900241606
1047,2.029204,0.590118,22.1736,3.682106,,6306.0,-2.028832,0.590674,22.2837,3.8161683830926703
1048,2.029204,0.590682,22.1947,3.681796,,6307.0,-2.028832,0.591238,22.3049,3.801262268353578
1049,2.029204,0.591245,22.2159,3.681796,,6308.0,-2.028832,0.591801,22.3262,3.7684529493877412
1050,2.02939,0.591809,22.2371,3.681796,,6309.0,-2.028832,0.592365,22.3475,3.8009775925509652
1051,2.02939,0.592373,22.2583,3.681796,,6310.0,-2.029018,0.592929,22.3687,3.949946525311652
1052,2.02939,0.592937,22.2795,3.681796,,6311.0,-2.029018,0.593492,22.39,3.816880710490617
1053,2.02939,0.5935,22.3007,3.681796,,6312.0,-2.029204,0.594056,22.4112,3.8362940797022986
1054,2.02939,0.594064,22.3218,3.681796,,6313.0,-2.02939,0.59462,22.4325,3.818431076951346
1055,2.02939,0.594628,22.343,3.681796,,6314.0,-2.02939,0.595183,22.4538,3.8489631832789066
1056,2.02939,0.595191,22.3642,3.681796,,6315.0,-2.02939,0.595747,22.475,3.833932182151692
1057,2.02939,0.595755,22.3854,3.681796,,6316.0,-2.02939,0.596311,22.4963,3.895108549588717
1058,2.029018,0.596319,22.4066,3.682106,,6317.0,-2.02939,0.596875,22.5176,3.699935036393048
1059,2.029018,0.596882,22.4277,3.682106,,6318.0,-2.02939,0.597438,22.5388,3.8104023872858925
1060,2.029018,0.597446,22.4489,3.682416,,6319.0,-2.02939,0.598002,22.5601,3.831609272111406
1061,2.029018,0.59801,22.4701,3.682416,,6320.0,-2.02939,0.598566,22.5814,3.8341535206412694
1062,2.029018,0.598573,22.4913,3.682416,,6321.0,-2.029204,0.599129,22.6026,3.87644236943092
1063,2.029018,0.599137,22.5124,3.682416,,6322.0,-2.029018,0.599693,22.6239,3.848240394899936
1064,2.029204,0.5997,22.5336,3.682726,,6323.0,-2.029018,0.600257,22.6452,3.7565845508411204
1065,2.029204,0.600264,22.5548,3.682726,,6324.0,-2.029018,0.60082,22.6664,3.8102884904217627
1066,2.029204,0.600828,22.576,3.682726,,6325.0,-2.028832,0.601384,22.6877,3.8477340444714745
1067,2.029204,0.601391,22.5972,3.682726,,6326.0,-2.028832,0.601947,22.709,3.7905086695280894
1068,2.028832,0.601955,22.6183,3.682726,,6327.0,-2.028832,0.602511,22.7302,3.8192105391418427
1069,2.028832,0.602519,22.6395,3.683036,,6328.0,-2.028832,0.603074,22.7515,3.8107345582367236
1070,2.028832,0.603082,22.6607,3.683656,,6329.0,-2.028832,0.603638,22.7727,3.8167691696433805
1071,2.028832,0.603646,22.6819,3.683656,,6330.0,-2.029204,0.604202,22.794,3.8977485984947715
1072,2.028832,0.604209,22.703,3.683966,,6331.0,-2.029204,0.604765,22.8153,3.8717757129094186
1073,2.02939,0.604773,22.7242,3.683966,,6332.0,-2.029204,0.605329,22.8365,3.7880822063955333
1074,2.028832,0.605337,22.7454,3.683966,,6333.0,-2.029204,0.605893,22.8578,3.804607642566082
1075,2.028832,0.6059,22.7666,3.683656,,6334.0,-2.028832,0.606456,22.8791,3.9185440183935056
1076,2.028832,0.606464,22.7878,3.683656,,6335.0,-2.028832,0.60702,22.9003,3.8572962892249096
1077,2.028832,0.607027,22.8089,3.683656,,6336.0,-2.028832,0.607583,22.9216,3.803250000274808
1078,2.028832,0.607591,22.8301,3.683656,,6337.0,-2.028832,0.608147,22.9428,3.8045936921279218
1079,2.028832,0.608154,22.8513,3.683966,,6338.0,-2.028832,0.608711,22.9641,3.8423520308915196
1080,2.028832,0.608718,22.8725,3.683966,,6339.0,-2.028832,0.609274,22.9854,3.82024519000547
1081,2.028832,0.609282,22.8936,3.684896,,6340.0,-2.028832,0.609838,23.0066,3.6911029044241217
1082,2.028832,0.609845,22.9148,3.685516,,6341.0,-2.028832,0.610401,23.0279,3.731945955368434
1083,2.028832,0.610409,22.936,3.685516,,6342.0,-2.028832,0.610965,23.0491,3.8256550350637726
1084,2.028832,0.610972,22.9572,3.685516,,6343.0,-2.029018,0.611528,23.0704,3.8386543089543204
1085,2.028832,0.611536,22.9783,3.685516,,6344.0,-2.029018,0.612092,23.0917,3.8302468638945943
1086,2.028832,0.612099,22.9995,3.686446,,6345.0,-2.029204,0.612656,23.1129,3.8645731601910884
1087,2.029018,0.612663,23.0207,3.686446,,6346.0,-2.02939,0.613219,23.1342,3.8035738218709425
1088,2.029018,0.613227,23.0419,3.686446,,6347.0,-2.02939,0.613783,23.1555,3.8850366474883504
1089,2.029204,0.61379,23.0631,3.686446,,6348.0,-2.029204,0.614347,23.1767,3.806020278524823
1090,2.029204,0.614354,23.0842,3.686446,,6349.0,-2.029018,0.61491,23.198,3.863161361545043
1091,2.029204,0.614918,23.1054,3.685516,,6350.0,-2.029018,0.615474,23.2193,3.815285181060058
1092,2.029204,0.615481,23.1266,3.686446,,6351.0,-2.028832,0.616038,23.2405,3.7972988729886907
1093,2.029204,0.616045,23.1478,3.686446,,6352.0,-2.028832,0.616601,23.2618,3.820372016517722
1094,2.028832,0.616609,23.1689,3.686446,,6353.0,-2.028832,0.617165,23.283,3.8981724811156124
1095,2.028832,0.617172,23.1901,3.686446,,6354.0,-2.028832,0.617728,23.3043,3.8138738781282466
1096,2.028832,0.617736,23.2113,3.686446,,6355.0,-2.028832,0.618292,23.3256,3.815414564103827
1097,2.028832,0.618299,23.2325,3.686136,,6356.0,-2.029204,0.618856,23.3468,3.8097128163620275
1098,2.029204,0.618863,23.2537,3.686136,,6357.0,-2.029204,0.619419,23.3681,3.7616964688909316
1099,2.029204,0.619426,23.2748,3.686756,,6358.0,-2.028832,0.619983,23.3894,3.7640710826881736
1100,2.029204,0.61999,23.296,3.686756,,6359.0,-2.029204,0.620546,23.4106,3.8179835988878623
1101,2.029204,0.620554,23.3172,3.687066,,6360.0,-2.029204,0.62111,23.4319,3.76812224454941
1102,2.029204,0.621118,23.3384,3.687066,,6361.0,-2.028832,0.621674,23.4531,3.8018965716439976
1103,2.029204,0.621681,23.3596,3.687066,,6362.0,-2.02939,0.622237,23.4744,3.8973973888732267
1104,2.029204,0.622245,23.3807,3.687066,,6363.0,-2.02939,0.622801,23.4957,3.750543514670081
1105,2.02939,0.622809,23.4019,3.687066,,6364.0,-2.029204,0.623365,23.5169,3.8380109847795003
1106,2.02939,0.623372,23.4231,3.687066,,6365.0,-2.029204,0.623928,23.5382,3.775181868885781
1107,2.02939,0.623936,23.4443,3.687066,,6366.0,-2.029204,0.624492,23.5595,3.7725838117491697
1108,2.029204,0.6245,23.4655,3.687066,,6367.0,-2.029204,0.625056,23.5807,3.7545550597632276
1109,2.029204,0.625063,23.4866,3.687066,,6368.0,-2.02939,0.625619,23.602,3.7745090375060038
1110,2.028832,0.625627,23.5078,3.687066,,6369.0,-2.02939,0.626183,23.6233,3.7923096514738845
1111,2.028832,0.62619,23.529,3.687376,,6370.0,-2.02939,0.626747,23.6445,3.8216125009024737
1112,2.028832,0.626754,23.5502,3.687376,,6371.0,-2.02939,0.627311,23.6658,3.6827267582734553
1113,2.028832,0.627318,23.5713,3.687376,,6372.0,-2.02939,0.627874,23.6871,3.7932790900684825
1114,2.02939,0.627881,23.5925,3.687376,,6373.0,-2.028832,0.628438,23.7083,3.758357725412054
1115,2.02939,0.628445,23.6137,3.687376,,6374.0,-2.02939,0.629002,23.7296,3.8068118459179554
1116,2.028832,0.629009,23.6349,3.687686,,6375.0,-2.028832,0.629565,23.7509,3.835911029889048
1117,2.029018,0.629572,23.6561,3.688306,,6376.0,-2.028832,0.630129,23.7721,3.7385287491899923
1118,2.029018,0.630136,23.6772,3.688306,,6377.0,-2.029204,0.630692,23.7934,3.8117200942344946
1119,2.028832,0.630699,23.6984,3.688616,,6378.0,-2.029204,0.631256,23.8147,3.8459279332689755
1120,2.029018,0.631263,23.7196,3.688926,,6379.0,-2.029204,0.63182,23.8359,3.75218589267383
1121,2.029018,0.631827,23.7408,3.688926,,6380.0,-2.02939,0.632383,23.8572,3.753845182649875
1122,2.029018,0.63239,23.7619,3.688926,,6381.0,-2.02939,0.632947,23.8785,3.853782697480176
1123,2.029018,0.632954,23.7831,3.689236,,6382.0,-2.02939,0.633511,23.8997,3.8323082019945622
1124,2.029018,0.633518,23.8043,3.689236,,6383.0,-2.029204,0.634075,23.921,3.8870961421243537
1125,2.029018,0.634081,23.8255,3.689546,,6384.0,-2.029204,0.634638,23.9422,3.827979474624177
1126,2.029204,0.634645,23.8467,3.689546,,6385.0,-2.029204,0.635202,23.9635,3.8008240819833494
1127,2.029204,0.635208,23.8678,3.689546,,6386.0,-2.029204,0.635766,23.9848,3.871099496429003
1128,2.029204,0.635772,23.889,3.689856,,6387.0,-2.029204,0.636329,24.006,3.77625493184266
1129,2.029204,0.636336,23.9102,3.690166,,6388.0,-2.029204,0.636893,24.0273,3.8636927615565995
1130,2.029204,0.636899,23.9314,3.690166,,6389.0,-2.028832,0.637456,24.0486,3.8672662563202147
1131,2.029204,0.637463,23.9526,3.690166,,6390.0,-2.028832,0.63802,24.0698,3.7179540472703128
1132,2.029204,0.638027,23.9737,3.690166,,6391.0,-2.028832,0.638584,24.0911,3.864810236272202
1133,2.02939,0.638591,23.9949,3.690166,,6392.0,-2.028832,0.639147,24.1124,3.789435672164169
1134,2.02939,0.639154,24.0161,3.690166,,6393.0,-2.028832,0.639711,24.1336,3.901046602948874
1135,2.02939,0.639718,24.0373,3.690476,,6394.0,-2.028832,0.640274,24.1549,3.831511442267827
1136,2.02939,0.640282,24.0585,3.690476,,6395.0,-2.028832,0.640838,24.1761,3.8530144872222034
1137,2.02939,0.640845,24.0796,3.690476,,6396.0,-2.028832,0.641401,24.1974,3.7770961423830345
1138,2.029204,0.641409,24.1008,3.691096,,6397.0,-2.029204,0.641965,24.2187,3.723014182563678
1139,2.029204,0.641973,24.122,3.691406,,6398.0,-2.029204,0.642529,24.2399,3.7299596137716446
1140,2.029204,0.642536,24.1432,3.691406,,6399.0,-2.02939,0.643093,24.2612,3.8450603878059146
1141,2.028832,0.6431,24.1644,3.691716,,6400.0,-2.02939,0.643656,24.2825,3.8057032693422563
1142,2.028832,0.643664,24.1855,3.691716,,6401.0,-2.029204,0.64422,24.3037,3.866564744616285
1143,2.028832,0.644227,24.2067,3.691716,,6402.0,-2.02939,0.644784,24.325,3.703513227848988
1144,2.028832,0.644791,24.2279,3.691716,,6403.0,-2.02939,0.645347,24.3463,3.7338025326179305
1145,2.028832,0.645354,24.2491,3.692336,,6404.0,-2.02939,0.645911,24.3675,3.786307258822085
1146,2.028832,0.645918,24.2702,3.692336,,6405.0,-2.02939,0.646475,24.3888,3.7992188338984794
1147,2.029204,0.646481,24.2914,3.692336,,6406.0,-2.02939,0.647038,24.4101,3.776429337255793
1148,2.029204,0.647045,24.3126,3.692336,,6407.0,-2.02939,0.647602,24.4313,3.7402520808470623
1149,2.029204,0.647609,24.3338,3.692336,,6408.0,-2.02939,0.648166,24.4526,3.7488669263789904
1150,2.029204,0.648172,24.355,3.692026,,6409.0,-2.02939,0.64873,24.4739,3.778066694849688
1151,2.028832,0.648736,24.3761,3.692026,,6410.0,-2.028832,0.649293,24.4951,3.7989806000298043
1152,2.028832,0.6493,24.3973,3.692026,,6411.0,-2.028832,0.649857,24.5164,3.695743442235907
1153,2.028832,0.649863,24.4185,3.692026,,6412.0,-2.028832,0.65042,24.5376,3.781056263598138
1154,2.029204,0.650427,24.4397,3.691716,,6413.0,-2.028832,0.650984,24.5589,3.8872923671418596
1155,2.029204,0.65099,24.4608,3.691716,,6414.0,-2.028832,0.651547,24.5802,3.842514202067863
1156,2.029204,0.651554,24.482,3.691716,,6415.0,-2.028832,0.652111,24.6014,3.8085069404345013
1157,2.028832,0.652118,24.5032,3.691716,,6416.0,-2.028832,0.652675,24.6227,3.7993153046407255
1158,2.028832,0.652681,24.5244,3.691716,,6417.0,-2.028832,0.653238,24.6439,3.7646599393363447
1159,2.028832,0.653245,24.5455,3.692026,,6418.0,-2.028832,0.653802,24.6652,3.747631742533877
1160,2.028832,0.653808,24.5667,3.692026,,6419.0,-2.028832,0.654365,24.6865,3.851817555546541
1161,2.028832,0.654372,24.5879,3.692026,,6420.0,-2.028832,0.654929,24.7077,3.789544012292548
1162,2.028832,0.654936,24.6091,3.692336,,6421.0,-2.028832,0.655492,24.729,3.7980546862390385
1163,2.028832,0.655499,24.6303,3.692336,,6422.0,-2.028832,0.656056,24.7503,3.8449502701872444
1164,2.028832,0.656063,24.6514,3.692336,,6423.0,-2.029018,0.65662,24.7715,3.7784542043352407
1165,2.028832,0.656626,24.6726,3.692336,,6424.0,-2.029018,0.657183,24.7928,3.8196709467899885
1166,2.028832,0.65719,24.6938,3.693266,,6425.0,-2.029018,0.657747,24.814,3.751044572652267
1167,2.028832,0.657753,24.715,3.693266,,6426.0,-2.028832,0.65831,24.8353,3.829665348175714
1168,2.028832,0.658317,24.7361,3.693266,,6427.0,-2.028832,0.658874,24.8566,3.7932210446213075
1169,2.028832,0.65888,24.7573,3.693576,,6428.0,-2.028832,0.659438,24.8778,3.79279678251241
1170,2.028832,0.659444,24.7785,3.693576,,6429.0,-2.029204,0.660001,24.8991,3.751716953474446
1171,2.028832,0.660008,24.7997,3.693576,,6430.0,-2.029204,0.660565,24.9204,3.816490133851667
1172,2.028832,0.660571,24.8208,3.693576,,6431.0,-2.029204,0.661129,24.9416,3.762638057232601
1173,2.028832,0.661135,24.842,3.693576,,6432.0,-2.029204,0.661692,24.9629,3.7521613412309
1174,2.028832,0.661698,24.8632,3.693576,,6433.0,-2.029018,0.662256,24.9841,3.75072900984322
1175,2.02939,0.662262,24.8844,3.693576,,6434.0,-2.029018,0.662819,25.0054,3.743581595796326
1176,2.02939,0.662826,24.9055,3.693576,,6435.0,-2.029018,0.663383,25.0267,3.8077510386452227
1177,2.02939,0.663389,24.9267,3.693887,,6436.0,-2.029018,0.663947,25.0479,3.7909068691236265
1178,2.02939,0.663953,24.9479,3.694506,,6437.0,-2.029018,0.66451,25.0692,3.863124740092978
1179,2.02939,0.664517,24.9691,3.694506,,6438.0,-2.029018,0.665074,25.0905,3.7214420645379778
1180,2.02939,0.665081,24.9903,3.694506,,6439.0,-2.029018,0.665637,25.1117,3.872404090748661
1181,2.029204,0.665644,25.0115,3.694506,,6440.0,-2.029018,0.666201,25.133,3.7675893777397387
1182,2.02939,0.666208,25.0326,3.694816,,6441.0,-2.029018,0.666765,25.1542,3.8819796539792653
1183,2.02939,0.666772,25.0538,3.694816,,6442.0,-2.028832,0.667328,25.1755,3.9135595501851506
1184,2.02939,0.667335,25.075,3.694816,,6443.0,-2.028832,0.667892,25.1968,3.7587139401668153
1185,2.02939,0.667899,25.0962,3.694816,,6444.0,-2.028832,0.668455,25.218,3.7252048996406835
1186,2.02939,0.668463,25.1174,3.694816,,6445.0,-2.029204,0.669019,25.2393,3.7986591876132874
1187,2.029204,0.669027,25.1385,3.694816,,6446.0,-2.029204,0.669583,25.2606,3.8188880653737995
1188,2.029204,0.66959,25.1597,3.696057,,6447.0,-2.029204,0.670146,25.2818,3.6948984130681994
1189,2.029204,0.670154,25.1809,3.696057,,6448.0,-2.029204,0.67071,25.3031,3.7962705480269503
1190,2.029204,0.670718,25.2021,3.696057,,6449.0,-2.029204,0.671274,25.3244,3.8531498289096984
1191,2.029204,0.671281,25.2233,3.696057,,6450.0,-2.028832,0.671837,25.3456,3.7999435347729777
1192,2.028832,0.671845,25.2444,3.696057,,6451.0,-2.028832,0.672401,25.3669,3.742879257217886
1193,2.028832,0.672408,25.2656,3.696676,,6452.0,-2.028832,0.672964,25.3881,3.8770556053402085
1194,2.028832,0.672972,25.2868,3.696987,,6453.0,-2.028832,0.673528,25.4094,3.8268916727002487
1195,2.028832,0.673535,25.308,3.696987,,6454.0,-2.028832,0.674092,25.4307,3.7023443413978323
1196,2.028832,0.674099,25.3291,3.696987,,6455.0,-2.028832,0.674655,25.4519,3.796004387876716
1197,2.029018,0.674663,25.3503,3.697297,,6456.0,-2.028832,0.675219,25.4732,3.7475513053020117
1198,2.029204,0.675226,25.3715,3.697297,,6457.0,-2.02939,0.675782,25.4944,3.7807649202505793
1199,2.029204,0.67579,25.3927,3.697917,,6458.0,-2.02939,0.676346,25.5157,3.890952929453454
1200,2.029204,0.676354,25.4139,3.697917,,6459.0,-2.02939,0.67691,25.537,3.814991977029574
1201,2.029204,0.676917,25.435,3.697607,,6460.0,-2.02939,0.677474,25.5582,3.773524027640575
1202,2.029204,0.677481,25.4562,3.697607,,6461.0,-2.02939,0.678037,25.5795,3.8068503825458975
1203,2.028832,0.678045,25.4774,3.697607,,6462.0,-2.02939,0.678601,25.6008,3.7611505005113295
1204,2.028832,0.678608,25.4986,3.697607,,6463.0,-2.029204,0.679165,25.622,3.7926315077505985
1205,2.028832,0.679172,25.5197,3.697917,,6464.0,-2.029204,0.679728,25.6433,3.7765306788245847
1206,2.028832,0.679735,25.5409,3.698227,,6465.0,-2.029204,0.680292,25.6646,3.803194482612375
1207,2.028832,0.680299,25.5621,3.698227,,6466.0,-2.029018,0.680856,25.6858,3.7801277440072156
1208,2.028832,0.680862,25.5833,3.698227,,6467.0,-2.029018,0.681419,25.7071,3.7749862283364948
1209,2.028832,0.681426,25.6044,3.698227,,6468.0,-2.029018,0.681983,25.7284,3.8056631773773484
1210,2.029204,0.68199,25.6256,3.698227,,6469.0,-2.029018,0.682546,25.7496,3.7881026357006093
1211,2.029204,0.682553,25.6468,3.698227,,6470.0,-2.029018,0.68311,25.7709,3.7814338255220368
1212,2.029204,0.683117,25.668,3.698227,,6471.0,-2.029204,0.683674,25.7922,3.91677492984339
1213,2.029204,0.683681,25.6892,3.698227,,6472.0,-2.029204,0.684237,25.8134,3.778694118477526
1214,2.029204,0.684244,25.7103,3.698227,,6473.0,-2.029204,0.684801,25.8347,3.7261967343014564
1215,2.028832,0.684808,25.7315,3.698227,,6474.0,-2.029204,0.685365,25.8559,3.7964731845390176
1216,2.029204,0.685372,25.7527,3.698537,,6475.0,-2.02939,0.685929,25.8772,3.823161067225706
1217,2.029204,0.685935,25.7739,3.698537,,6476.0,-2.02939,0.686492,25.8985,3.726025599596457
1218,2.029204,0.686499,25.7951,3.698537,,6477.0,-2.02939,0.687056,25.9198,3.7552484978376817
1219,2.02939,0.687063,25.8162,3.698537,,6478.0,-2.02939,0.68762,25.941,3.799584347106686
1220,2.02939,0.687626,25.8374,3.698537,,6479.0,-2.02939,0.688183,25.9623,3.836235583684482
1221,2.02939,0.68819,25.8586,3.698537,,6480.0,-2.029204,0.688747,25.9835,3.7998860738615328
1222,2.028832,0.688754,25.8798,3.698537,,6481.0,-2.028832,0.689311,26.0048,3.800384478213522
1223,2.028832,0.689317,25.901,3.698537,,6482.0,-2.028832,0.689874,26.0261,3.927428493907762
1224,2.028832,0.689881,25.9221,3.698847,,6483.0,-2.028832,0.690438,26.0473,3.827126212614833
1225,2.028832,0.690444,25.9433,3.698847,,6484.0,-2.028832,0.691001,26.0686,3.7190480621785733
1226,2.028832,0.691008,25.9645,3.698847,,6485.0,-2.028832,0.691565,26.0899,3.854892664475408
1227,2.028832,0.691571,25.9857,3.698847,,6486.0,-2.028832,0.692128,26.1111,3.7749348128826274
1228,2.028832,0.692135,26.0068,3.698847,,6487.0,-2.028832,0.692692,26.1324,3.746987866535021
1229,2.028832,0.692699,26.028,3.698847,,6488.0,-2.028832,0.693256,26.1536,3.763772589997444
1230,2.028832,0.693262,26.0492,3.698847,,6489.0,-2.028832,0.693819,26.1749,3.7363854554403146
1231,2.028832,0.693826,26.0704,3.699467,,6490.0,-2.02939,0.694383,26.1962,3.7820625751065076
1232,2.028832,0.694389,26.0915,3.699467,,6491.0,-2.02939,0.694947,26.2174,3.7613072642988596
1233,2.028832,0.694953,26.1127,3.699777,,6492.0,-2.02939,0.69551,26.2387,3.7951749266732593
1234,2.029204,0.695516,26.1339,3.700087,,6493.0,-2.029204,0.696074,26.26,3.7288696405219253
1235,2.029204,0.69608,26.1551,3.700087,,6494.0,-2.029204,0.696638,26.2812,3.827738927720833
1236,2.029204,0.696644,26.1763,3.700087,,6495.0,-2.029204,0.697201,26.3025,3.7726594447999755
1237,2.029204,0.697207,26.1974,3.700087,,6496.0,-2.02939,0.697765,26.3238,3.8332316100070716
1238,2.029204,0.697771,26.2186,3.700087,,6497.0,-2.02939,0.698329,26.345,3.8543451289567705
1239,2.029204,0.698335,26.2398,3.700707,,6498.0,-2.02939,0.698892,26.3663,3.7090871884994003
1240,2.029018,0.698898,26.261,3.700707,,6499.0,-2.028832,0.699456,26.3876,3.7310594663720313
1241,2.028832,0.699462,26.2821,3.700707,,6500.0,-2.028832,0.70002,26.4088,3.8352131464047927
1242,2.028832,0.700026,26.3033,3.700707,,6501.0,-2.028832,0.700583,26.4301,3.7184826629320304
1243,2.028832,0.700589,26.3245,3.700707,,6502.0,-2.028832,0.701147,26.4513,3.80116824492721
1244,2.028832,0.701153,26.3457,3.701017,,6503.0,-2.028832,0.70171,26.4726,3.778851607292975
1245,2.028832,0.701716,26.3669,3.701017,,6504.0,-2.028832,0.702274,26.4939,3.7852005878699373
1246,2.029018,0.70228,26.388,3.701327,,6505.0,-2.028832,0.702837,26.5151,3.798690536020858
1247,2.029204,0.702843,26.4092,3.701637,,6506.0,-2.028832,0.703401,26.5364,3.8540515696925706
1248,2.029204,0.703407,26.4304,3.701637,,6507.0,-2.028832,0.703965,26.5576,3.7694549389585648
1249,2.029018,0.703971,26.4516,3.701947,,6508.0,-2.029204,0.704528,26.5789,3.8201920728010634
1250,2.028832,0.704534,26.4727,3.701637,,6509.0,-2.029204,0.705092,26.6002,3.8257205169855375
1251,2.028832,0.705098,26.4939,3.701637,,6510.0,-2.029204,0.705656,26.6214,3.7987962671457427
1252,2.028832,0.705661,26.5151,3.701947,,6511.0,-2.029204,0.706219,26.6427,3.7430700136119293
1253,2.028832,0.706225,26.5363,3.701947,,6512.0,-2.029018,0.706783,26.664,3.767606213852464
1254,2.028832,0.706789,26.5574,3.701947,,6513.0,-2.029018,0.707346,26.6852,3.8896632362147585
1255,2.028832,0.707352,26.5786,3.701947,,6514.0,-2.028832,0.70791,26.7065,3.8169247680430334
1256,2.028832,0.707916,26.5998,3.702257,,6515.0,-2.028832,0.708474,26.7277,3.8611278020313455
1257,2.028832,0.708479,26.621,3.702257,,6516.0,-2.028832,0.709037,26.749,3.646270704415357
1258,2.028832,0.709043,26.6421,3.702877,,6517.0,-2.028832,0.709601,26.7703,3.8297597948453754
1259,2.028832,0.709606,26.6633,3.702877,,6518.0,-2.028832,0.710164,26.7915,3.7872511184655533
1260,2.028832,0.71017,26.6845,3.702877,,6519.0,-2.028832,0.710728,26.8128,3.754496995774586
1261,2.028832,0.710734,26.7057,3.703187,,6520.0,-2.028832,0.711291,26.8341,3.705436622689121
1262,2.028832,0.711297,26.7269,3.703187,,6521.0,-2.028832,0.711855,26.8553,3.7774699457135323
1263,2.028832,0.711861,26.748,3.703187,,6522.0,-2.029018,0.712419,26.8766,3.8092232861124073
1264,2.028832,0.712424,26.7692,3.703187,,6523.0,-2.029018,0.712982,26.8978,3.798305891319679
1265,2.02939,0.712988,26.7904,3.703187,,6524.0,-2.029018,0.713546,26.9191,3.828087269748378
1266,2.02939,0.713552,26.8116,3.703187,,6525.0,-2.029018,0.714109,26.9404,3.759746340126901
1267,2.02939,0.714115,26.8328,3.703187,,6526.0,-2.028832,0.714673,26.9616,3.88645859931254
1268,2.029204,0.714679,26.8539,3.703187,,6527.0,-2.028832,0.715237,26.9829,3.735683310193417
1269,2.029204,0.715243,26.8751,3.703187,,6528.0,-2.028832,0.7158,27.0041,3.7768854766419664
1270,2.029204,0.715806,26.8963,3.703187,,6529.0,-2.028832,0.716364,27.0254,3.8104669276801277
1271,2.028832,0.71637,26.9175,3.703187,,6530.0,-2.029204,0.716927,27.0467,3.81829323143743
1272,2.029204,0.716934,26.9386,3.703187,,6531.0,-2.029204,0.717491,27.0679,3.8343732441820406
1273,2.029204,0.717497,26.9598,3.703187,,6532.0,-2.029204,0.718055,27.0892,3.830555557925717
1274,2.029204,0.718061,26.981,3.703187,,6533.0,-2.029204,0.718618,27.1105,3.8334562795723106
1275,2.029204,0.718625,27.0022,3.703187,,6534.0,-2.029204,0.719182,27.1317,3.8331649431893204
1276,2.029204,0.719188,27.0234,3.703497,,6535.0,-2.029204,0.719746,27.153,3.7287494017345555
1277,2.02939,0.719752,27.0445,3.703497,,6536.0,-2.028832,0.720309,27.1743,3.815518650565606
1278,2.029204,0.720316,27.0657,3.703497,,6537.0,-2.029204,0.720873,27.1955,3.8945419469629625
1279,2.029204,0.720879,27.0869,3.704427,,6538.0,-2.029204,0.721437,27.2168,3.7421444233038406
1280,2.029204,0.721443,27.1081,3.704427,,6539.0,-2.029204,0.722,27.2381,3.827259166339859
1281,2.028832,0.722007,27.1293,3.704117,,6540.0,-2.029204,0.722564,27.2593,3.7820848977748684
1282,2.028832,0.72257,27.1504,3.704117,,6541.0,-2.029204,0.723128,27.2806,3.689093160354958
1283,2.029204,0.723134,27.1716,3.704117,,6542.0,-2.029204,0.723691,27.3018,3.775597905031052
1284,2.028832,0.723697,27.1928,3.704117,,6543.0,-2.029204,0.724255,27.3231,3.8837950241796824
1285,2.028832,0.724261,27.214,3.704737,,6544.0,-2.029204,0.724819,27.3444,3.733333471100039
1286,2.029204,0.724825,27.2351,3.704737,,6545.0,-2.02939,0.725382,27.3656,3.8171197929758436
1287,2.028832,0.725388,27.2563,3.705047,,6546.0,-2.02939,0.725946,27.3869,3.7951672622783454
1288,2.028832,0.725952,27.2775,3.705047,,6547.0,-2.02939,0.72651,27.4082,3.7358353148416565
1289,2.028832,0.726515,27.2987,3.705047,,6548.0,-2.02939,0.727073,27.4294,3.823447136654739
1290,2.028832,0.727079,27.3198,3.705357,,6549.0,-2.02939,0.727637,27.4507,3.7619294285422336
1291,2.028832,0.727642,27.341,3.705357,,6550.0,-2.02939,0.728201,27.472,3.784521391374134
1292,2.028832,0.728206,27.3622,3.705357,,6551.0,-2.029204,0.728765,27.4932,3.8092742715905423
1293,2.029204,0.72877,27.3834,3.705667,,6552.0,-2.028832,0.729328,27.5145,3.7763924839631637
1294,2.029204,0.729333,27.4046,3.705667,,6553.0,-2.028832,0.729892,27.5358,3.7375487006583725
1295,2.029204,0.729897,27.4257,3.705977,,6554.0,-2.028832,0.730455,27.557,3.716150288112483
1296,2.029204,0.730461,27.4469,3.706907,,6555.0,-2.028832,0.731019,27.5783,3.7521118156961872
1297,2.029204,0.731024,27.4681,3.706907,,6556.0,-2.028832,0.731582,27.5995,3.878098177429025
1298,2.029204,0.731588,27.4893,3.706907,,6557.0,-2.028832,0.732146,27.6208,3.7174094442644945
1299,2.029204,0.732152,27.5105,3.706907,,6558.0,-2.028832,0.73271,27.6421,3.7848365017527867
1300,2.029204,0.732715,27.5316,3.706907,,6559.0,-2.028832,0.733273,27.6633,3.7506555614787245
1301,2.028832,0.733279,27.5528,3.706907,,6560.0,-2.028832,0.733837,27.6846,3.7478459668810444
1302,2.028832,0.733842,27.574,3.707217,,6561.0,-2.028832,0.7344,27.7059,3.7741809601777208
1303,2.028832,0.734406,27.5952,3.707217,,6562.0,-2.028832,0.734964,27.7271,3.744907786799584
1304,2.028832,0.73497,27.6163,3.707527,,6563.0,-2.028832,0.735527,27.7484,3.7736674852402254
1305,2.028832,0.735533,27.6375,3.707527,,6564.0,-2.028832,0.736091,27.7696,3.759475074888595
1306,2.028832,0.736097,27.6587,3.707527,,6565.0,-2.028832,0.736654,27.7909,3.8801288682835993
1307,2.028832,0.73666,27.6799,3.707837,,6566.0,-2.028832,0.737218,27.8122,3.701796930415217
1308,2.028832,0.737224,27.701,3.707837,,6567.0,-2.029204,0.737782,27.8334,3.791810569904445
1309,2.028832,0.737787,27.7222,3.707837,,6568.0,-2.02939,0.738345,27.8547,3.782403065330512
1310,2.028832,0.738351,27.7434,3.707837,,6569.0,-2.02939,0.738909,27.876,3.80992573116089
1311,2.028832,0.738915,27.7646,3.707837,,6570.0,-2.02939,0.739473,27.8972,3.7744075140958
1312,2.028832,0.739478,27.7857,3.707837,,6571.0,-2.02939,0.740037,27.9185,3.7759201877802875
1313,2.029204,0.740042,27.8069,3.708457,,6572.0,-2.02939,0.7406,27.9398,3.7716776448689315
1314,2.029204,0.740605,27.8281,3.708457,,6573.0,-2.028832,0.741164,27.961,3.7865187882854787
1315,2.028832,0.741169,27.8493,3.708457,,6574.0,-2.028832,0.741727,27.9823,3.8353917244886437
1316,2.028832,0.741733,27.8705,3.708147,,6575.0,-2.028832,0.742291,28.0035,3.777019405800465
1317,2.028832,0.742296,27.8916,3.708147,,6576.0,-2.028832,0.742855,28.0248,3.8063264742364997
1318,2.029204,0.74286,27.9128,3.708457,,6577.0,-2.028832,0.743418,28.0461,3.752856350055993
1319,2.029204,0.743424,27.934,3.708457,,6578.0,-2.028832,0.743982,28.0673,3.7381972378297808
1320,2.02939,0.743987,27.9552,3.708767,,6579.0,-2.028832,0.744545,28.0886,3.792777282360783
1321,2.029204,0.744551,27.9764,3.708767,,6580.0,-2.028832,0.745109,28.1098,3.766860161132723
1322,2.029204,0.745115,27.9975,3.709077,,6581.0,-2.028832,0.745672,28.1311,3.9001416579904458
1323,2.028832,0.745678,28.0187,3.709077,,6582.0,-2.029204,0.746236,28.1524,3.7760412695590735
1324,2.028832,0.746242,28.0399,3.709077,,6583.0,-2.029204,0.7468,28.1736,3.814323591127703
1325,2.028832,0.746805,28.0611,3.709697,,6584.0,-2.029204,0.747363,28.1949,3.810491222019042
1326,2.028832,0.747369,28.0822,3.709697,,6585.0,-2.029204,0.747927,28.2162,3.7837978552627756
1327,2.029018,0.747932,28.1034,3.710007,,6586.0,-2.029204,0.748491,28.2374,3.7730367303949763
1328,2.029018,0.748496,28.1246,3.710007,,6587.0,-2.029204,0.749054,28.2587,3.744340644454641
1329,2.028832,0.74906,28.1458,3.710007,,6588.0,-2.029204,0.749618,28.28,3.730325937825891
1330,2.029204,0.749623,28.167,3.710007,,6589.0,-2.029204,0.750182,28.3012,3.752046615214882
1331,2.028832,0.750187,28.1881,3.710317,,6590.0,-2.029204,0.750745,28.3225,3.7904506868627563
1332,2.028832,0.75075,28.2093,3.710317,,6591.0,-2.029204,0.751309,28.3438,3.785641816434422
1333,2.02939,0.751314,28.2305,3.710317,,6592.0,-2.02939,0.751873,28.365,3.797943229125854
1334,2.02939,0.751878,28.2517,3.710317,,6593.0,-2.02939,0.752437,28.3863,3.7596915514914344
1335,2.02939,0.752442,28.2728,3.710317,,6594.0,-2.02939,0.753,28.4076,3.730150688616056
1336,2.02939,0.753005,28.294,3.710317,,6595.0,-2.02939,0.753564,28.4288,3.7592970027054533
1337,2.02939,0.753569,28.3152,3.710317,,6596.0,-2.02939,0.754128,28.4501,3.7635441268393186
1338,2.029204,0.754133,28.3364,3.710938,,6597.0,-2.028832,0.754691,28.4713,3.857063928893331
1339,2.029204,0.754696,28.3576,3.711247,,6598.0,-2.028832,0.755255,28.4926,3.791114058680864
1340,2.029204,0.75526,28.3787,3.711247,,6599.0,-2.029018,0.755818,28.5139,3.7948546987126988
1341,2.029204,0.755824,28.3999,3.711247,,6600.0,-2.029018,0.756382,28.5351,3.7252988620598497
1342,2.029018,0.756387,28.4211,3.711247,,6601.0,-2.029018,0.756946,28.5564,3.8180208409180354
1343,2.029204,0.756951,28.4423,3.711247,,6602.0,-2.028832,0.757509,28.5777,3.838054238770519
1344,2.029204,0.757515,28.4635,3.711247,,6603.0,-2.028832,0.758073,28.5989,3.8614414150052605
1345,2.029018,0.758078,28.4846,3.711558,,6604.0,-2.028832,0.758636,28.6202,3.756925327285225
1346,2.02939,0.758642,28.5058,3.711558,,6605.0,-2.028832,0.7592,28.6414,3.730832068621146
1347,2.02939,0.759206,28.527,3.711558,,6606.0,-2.028832,0.759763,28.6627,3.752823584589061
1348,2.028832,0.759769,28.5482,3.711868,,6607.0,-2.029204,0.760327,28.684,3.8840014465654598
1349,2.029204,0.760333,28.5694,3.711868,,6608.0,-2.028832,0.760891,28.7052,3.7860734794777136
1350,2.029204,0.760897,28.5905,3.712798,,6609.0,-2.028832,0.761454,28.7265,3.6806419730357667
1351,2.029018,0.76146,28.6117,3.712798,,6610.0,-2.029204,0.762018,28.7478,3.8335982225128897
1352,2.029018,0.762024,28.6329,3.713108,,6611.0,-2.028832,0.762581,28.769,3.809405759857735
1353,2.029018,0.762587,28.6541,3.713108,,6612.0,-2.028832,0.763145,28.7903,3.673850871461031
1354,2.028832,0.763151,28.6753,3.713108,,6613.0,-2.028832,0.763709,28.8115,3.8314521771213066
1355,2.028832,0.763715,28.6964,3.713108,,6614.0,-2.028832,0.764272,28.8328,3.7482983051437113
1356,2.028832,0.764278,28.7176,3.713108,,6615.0,-2.028832,0.764836,28.8541,3.822519657308167
1357,2.028832,0.764842,28.7388,3.713108,,6616.0,-2.028832,0.765399,28.8753,3.7441052942705326
1358,2.029018,0.765405,28.76,3.713108,,6617.0,-2.028832,0.765963,28.8966,3.7437630811207745
1359,2.029018,0.765969,28.7811,3.713108,,6618.0,-2.028832,0.766526,28.9178,3.785946852462519
1360,2.029018,0.766533,28.8023,3.713418,,6619.0,-2.028832,0.76709,28.9391,3.738224436391621
1361,2.029018,0.767096,28.8235,3.713418,,6620.0,-2.028832,0.767654,28.9604,3.735932948274667
1362,2.029018,0.76766,28.8447,3.713418,,6621.0,-2.029204,0.768217,28.9816,3.726416776836955
1363,2.029018,0.768223,28.8658,3.713418,,6622.0,-2.029204,0.768781,29.0029,3.7480914635011553
1364,2.028832,0.768787,28.887,3.713418,,6623.0,-2.02939,0.769345,29.0242,3.703746713353176
1365,2.028832,0.769351,28.9082,3.713418,,6624.0,-2.02939,0.769908,29.0454,3.726633411067056
1366,2.028832,0.769914,28.9294,3.713728,,6625.0,-2.02939,0.770472,29.0667,3.6912177563647943
1367,2.029204,0.770478,28.9506,3.713728,,6626.0,-2.029204,0.771036,29.088,3.759787934890975
1368,2.029204,0.771041,28.9717,3.713728,,6627.0,-2.029204,0.771599,29.1092,3.7425930785033765
1369,2.029204,0.771605,28.9929,3.713728,,6628.0,-2.029204,0.772163,29.1305,3.7772985477515713
1370,2.029204,0.772169,29.0141,3.713418,,6629.0,-2.029204,0.772727,29.1518,3.7276494928765853
1371,2.029204,0.772732,29.0353,3.713418,,6630.0,-2.029204,0.77329,29.173,3.8213192514279304
1372,2.029204,0.773296,29.0565,3.713418,,6631.0,-2.028832,0.773854,29.1943,3.7816010520561045
1373,2.029204,0.77386,29.0776,3.713418,,6632.0,-2.028832,0.774418,29.2155,3.6612894128519313
1374,2.029204,0.774423,29.0988,3.713418,,6633.0,-2.028832,0.774981,29.2368,3.6989357636006037
1375,2.029018,0.774987,29.12,3.713418,,6634.0,-2.028832,0.775545,29.2581,3.773996018240396
1376,2.029018,0.775551,29.1412,3.713418,,6635.0,-2.028832,0.776108,29.2793,3.7747375416076197
1377,2.029018,0.776114,29.1623,3.713418,,6636.0,-2.028832,0.776672,29.3006,3.7098242397903975
1378,2.029204,0.776678,29.1835,3.713728,,6637.0,-2.028832,0.777235,29.3218,3.7640227600898877
1379,2.029204,0.777242,29.2047,3.713418,,6638.0,-2.028832,0.777799,29.3431,3.7524538100495803
1380,2.029204,0.777805,29.2259,3.713418,,6639.0,-2.029204,0.778363,29.3644,3.863433785814436
1381,2.029204,0.778369,29.2471,3.713728,,6640.0,-2.029204,0.778926,29.3856,3.83427022515056
1382,2.029204,0.778933,29.2682,3.713728,,6641.0,-2.02939,0.77949,29.4069,3.647041002813633
1383,2.029204,0.779496,29.2894,3.713728,,6642.0,-2.02939,0.780054,29.4282,3.8007423256486534
1384,2.029204,0.78006,29.3106,3.714038,,6643.0,-2.029204,0.780617,29.4494,3.730980591227742
1385,2.029204,0.780624,29.3318,3.714038,,6644.0,-2.029204,0.781181,29.4707,3.705001386181256
1386,2.029204,0.781187,29.353,3.714038,,6645.0,-2.029204,0.781745,29.492,3.816717138173717
1387,2.029018,0.781751,29.3741,3.714038,,6646.0,-2.029204,0.782308,29.5132,3.7657521343151683
1388,2.029018,0.782315,29.3953,3.714968,,6647.0,-2.029204,0.782872,29.5345,3.7195534842120885
1389,2.029018,0.782878,29.4165,3.714968,,6648.0,-2.029204,0.783436,29.5558,3.7509235572308706
1390,2.02939,0.783442,29.4377,3.714968,,6649.0,-2.029204,0.783999,29.577,3.760736601378261
1391,2.02939,0.784006,29.4589,3.714968,,6650.0,-2.028832,0.784563,29.5983,3.726081773478017
1392,2.02939,0.784569,29.48,3.714968,,6651.0,-2.029018,0.785127,29.6195,3.78990313830679
1393,2.028832,0.785133,29.5012,3.715588,,6652.0,-2.029018,0.78569,29.6408,3.7061880015624853
1394,2.028832,0.785696,29.5224,3.714968,,6653.0,-2.028832,0.786254,29.6621,3.7504060067715272
1395,2.028832,0.78626,29.5436,3.714968,,6654.0,-2.028832,0.786817,29.6833,3.7672737515241286
1396,2.028832,0.786824,29.5647,3.714968,,6655.0,-2.028832,0.787381,29.7046,3.794405709583433
1397,2.029018,0.787387,29.5859,3.714968,,6656.0,-2.028832,0.787944,29.7259,3.8045003687828207
1398,2.029018,0.787951,29.6071,3.714968,,6657.0,-2.028832,0.788508,29.7471,3.7465369677050298
1399,2.029018,0.788514,29.6283,3.716208,,6658.0,-2.028832,0.789072,29.7684,3.83848899311927
1400,2.028832,0.789078,29.6495,3.716208,,6659.0,-2.028832,0.789635,29.7896,3.751162873963127
1401,2.028832,0.789641,29.6706,3.716208,,6660.0,-2.028832,0.790199,29.8109,3.7534627113940604
1402,2.028832,0.790205,29.6918,3.716208,,6661.0,-2.028832,0.790762,29.8322,3.7575608923685038
1403,2.028832,0.790769,29.713,3.716518,,6662.0,-2.028832,0.791326,29.8534,3.7190356422347643
1404,2.028832,0.791332,29.7342,3.716518,,6663.0,-2.029018,0.791889,29.8747,3.8394369741874654
1405,2.028832,0.791896,29.7553,3.717138,,6664.0,-2.029018,0.792453,29.8959,3.7288671122326162
1406,2.028832,0.792459,29.7765,3.717138,,6665.0,-2.029018,0.793017,29.9172,3.809850256838865
1407,2.029204,0.793023,29.7977,3.717138,,6666.0,-2.029204,0.79358,29.9385,3.7147150308031285
1408,2.029204,0.793587,29.8189,3.717138,,6667.0,-2.029204,0.794144,29.9597,3.7002449901095176
1409,2.029204,0.79415,29.84,3.717448,,6668.0,-2.028832,0.794708,29.981,3.776614451550069
1410,2.028832,0.794714,29.8612,3.717448,,6669.0,-2.028832,0.795271,30.0023,3.800289151417772
1411,2.028832,0.795277,29.8824,3.717758,,6670.0,-2.028832,0.795835,30.0235,3.718980328809572
1412,2.028832,0.795841,29.9036,3.718378,,6671.0,-2.028832,0.796398,30.0448,3.7385057430469564
1413,2.02939,0.796405,29.9248,3.717758,,6672.0,-2.028832,0.796962,30.066,3.730823153048953
1414,2.02939,0.796968,29.9459,3.717758,,6673.0,-2.028832,0.797525,30.0873,3.789611136512436
1415,2.02939,0.797532,29.9671,3.718378,,6674.0,-2.029018,0.798089,30.1086,3.71354620832564
1416,2.02939,0.798096,29.9883,3.718378,,6675.0,-2.029204,0.798653,30.1298,3.7706438387313423
1417,2.02939,0.79866,30.0095,3.718378,,6676.0,-2.029204,0.799216,30.1511,3.75475125758669
1418,2.02939,0.799223,30.0307,3.718378,,6677.0,-2.029204,0.79978,30.1724,3.7947427483078324
1419,2.028832,0.799787,30.0518,3.718378,,6678.0,-2.028832,0.800344,30.1936,3.7120908631316705
1420,2.028832,0.80035,30.073,3.718378,,6679.0,-2.028832,0.800907,30.2149,3.747825428075455
1421,2.028832,0.800914,30.0942,3.718688,,6680.0,-2.028832,0.801471,30.2361,3.735340811344495
1422,2.028832,0.801478,30.1154,3.718688,,6681.0,-2.028832,0.802034,30.2574,3.752162362974571
1423,2.028832,0.802041,30.1365,3.718688,,6682.0,-2.028832,0.802598,30.2787,3.713824705598657
1424,2.028832,0.802605,30.1577,3.718688,,6683.0,-2.028832,0.803161,30.2999,3.686410201440032
1425,2.028832,0.803168,30.1789,3.718998,,6684.0,-2.028832,0.803725,30.3212,3.7369985924553
1426,2.028832,0.803732,30.2001,3.718998,,6685.0,-2.029204,0.804289,30.3424,3.795412523879202
1427,2.028832,0.804295,30.2212,3.718998,,6686.0,-2.029204,0.804852,30.3637,3.7271017321833106
1428,2.028832,0.804859,30.2424,3.718998,,6687.0,-2.029018,0.805416,30.385,3.763382439104913
1429,2.028832,0.805423,30.2636,3.718998,,6688.0,-2.029018,0.805979,30.4062,3.6920762658670343
1430,2.028832,0.805986,30.2848,3.718998,,6689.0,-2.029018,0.806543,30.4275,3.7289877644776266
1431,2.028832,0.80655,30.306,3.718998,,6690.0,-2.028832,0.807107,30.4488,3.8023212270137448
1432,2.028832,0.807113,30.3271,3.718998,,6691.0,-2.028832,0.80767,30.47,3.7851285455630483
1433,2.028832,0.807677,30.3483,3.718998,,6692.0,-2.028832,0.808234,30.4913,3.795966631279696
1434,2.028832,0.80824,30.3695,3.718998,,6693.0,-2.028832,0.808797,30.5125,3.72573097919332
1435,2.028832,0.808804,30.3907,3.718998,,6694.0,-2.028832,0.809361,30.5338,3.742173833475592
1436,2.029204,0.809368,30.4118,3.718998,,6695.0,-2.028832,0.809925,30.5551,3.797471736106104
1437,2.029204,0.809931,30.433,3.719928,,6696.0,-2.029018,0.810488,30.5763,3.7798460853713713
1438,2.029204,0.810495,30.4542,3.719928,,6697.0,-2.029018,0.811052,30.5976,3.7417867411977235
1439,2.029204,0.811059,30.4754,3.718998,,6698.0,-2.029018,0.811615,30.6189,3.713578164776961
1440,2.028832,0.811622,30.4965,3.719928,,6699.0,-2.029018,0.812179,30.6401,3.685253469628512
1441,2.028832,0.812186,30.5177,3.719928,,6700.0,-2.029018,0.812743,30.6614,3.772161367556281
1442,2.028832,0.812749,30.5389,3.719308,,6701.0,-2.029018,0.813306,30.6826,3.7465414711248584
1443,2.028832,0.813313,30.5601,3.720238,,6702.0,-2.028832,0.81387,30.7039,3.846440493441822
1444,2.028832,0.813876,30.5813,3.720238,,6703.0,-2.028832,0.814433,30.7252,3.7492902165051016
1445,2.028832,0.81444,30.6024,3.720238,,6704.0,-2.028832,0.814997,30.7464,3.7277627692774535
1446,2.028832,0.815004,30.6236,3.720238,,6705.0,-2.028832,0.81556,30.7677,3.7910675885979623
1447,2.028832,0.815567,30.6448,3.720238,,6706.0,-2.029204,0.816124,30.789,3.588712736508224
1448,2.028832,0.816131,30.666,3.720548,,6707.0,-2.029204,0.816688,30.8102,3.644185226701179
1449,2.029018,0.816694,30.6871,3.720858,,6708.0,-2.029204,0.817252,30.8315,3.746717381277452
1450,2.029018,0.817258,30.7083,3.721478,,6709.0,-2.029204,0.817815,30.8527,3.771159814208521
1451,2.029018,0.817822,30.7295,3.721478,,6710.0,-2.029018,0.818379,30.874,3.750106728724277
1452,2.02939,0.818385,30.7507,3.721788,,6711.0,-2.029018,0.818942,30.8953,3.6945408158043156
1453,2.02939,0.818949,30.7719,3.721478,,6712.0,-2.02939,0.819506,30.9165,3.7673418667327194
1454,2.02939,0.819513,30.793,3.721478,,6713.0,-2.029018,0.82007,30.9378,3.7085950011929905
1455,2.028832,0.820076,30.8142,3.721788,,6714.0,-2.029018,0.820633,30.9591,3.7605485409952872
1456,2.028832,0.82064,30.8354,3.722098,,6715.0,-2.02939,0.821197,30.9803,3.7412011753294565
1457,2.028832,0.821203,30.8566,3.722098,,6716.0,-2.029204,0.821761,31.0016,3.8392976204699143
1458,2.028832,0.821767,30.8777,3.722408,,6717.0,-2.029204,0.822324,31.0229,3.763513649576768
1459,2.028832,0.822331,30.8989,3.722718,,6718.0,-2.02939,0.822888,31.0441,3.696566041367182
1460,2.028832,0.822894,30.9201,3.722718,,6719.0,-2.02939,0.823452,31.0654,3.8072181212324274
1461,2.028832,0.823458,30.9413,3.722718,,6720.0,-2.02939,0.824016,31.0867,3.675662079171516
1462,2.028832,0.824021,30.9624,3.722718,,6721.0,-2.02939,0.824579,31.1079,3.7859613706805586
1463,2.028832,0.824585,30.9836,3.722718,,6722.0,-2.02939,0.825143,31.1292,3.800695793411985
1464,2.02939,0.825149,31.0048,3.722718,,6723.0,-2.02939,0.825707,31.1505,3.8126766366671863
1465,2.02939,0.825712,31.026,3.722718,,6724.0,-2.02939,0.82627,31.1717,3.792925494138032
1466,2.02939,0.826276,31.0472,3.722718,,6725.0,-2.02939,0.826834,31.193,3.79747924047883
1467,2.028832,0.82684,31.0683,3.723028,,6726.0,-2.02939,0.827398,31.2143,3.681205696362496
1468,2.028832,0.827403,31.0895,3.723028,,6727.0,-2.029204,0.827962,31.2355,3.7476222983429985
1469,2.028832,0.827967,31.1107,3.723028,,6728.0,-2.029204,0.828525,31.2568,3.723253015594804
1470,2.029018,0.82853,31.1319,3.723338,,6729.0,-2.029204,0.829089,31.2781,3.6998004341872273
1471,2.02939,0.829094,31.153,3.723338,,6730.0,-2.029204,0.829653,31.2993,3.7892497010330515
1472,2.02939,0.829658,31.1742,3.723958,,6731.0,-2.029204,0.830216,31.3206,3.7318036641717014
1473,2.029204,0.830221,31.1954,3.723958,,6732.0,-2.029204,0.83078,31.3419,3.7136061145275368
1474,2.029204,0.830785,31.2166,3.723958,,6733.0,-2.029204,0.831344,31.3631,3.724651701359699
1475,2.029204,0.831349,31.2378,3.723958,,6734.0,-2.028832,0.831907,31.3844,3.7595648298571045
1476,2.028832,0.831912,31.2589,3.723958,,6735.0,-2.028832,0.832471,31.4056,3.809200601964967
1477,2.028832,0.832476,31.2801,3.723958,,6736.0,-2.028832,0.833034,31.4269,3.7653331178901923
1478,2.028832,0.833039,31.3013,3.723958,,6737.0,-2.029204,0.833598,31.4482,3.7576480589833374
1479,2.028832,0.833603,31.3225,3.724268,,6738.0,-2.029204,0.834162,31.4694,3.8306402720125705
1480,2.02939,0.834167,31.3437,3.724268,,6739.0,-2.029204,0.834725,31.4907,3.6543772840622295
1481,2.02939,0.83473,31.3648,3.724268,,6740.0,-2.029204,0.835289,31.512,3.7320791642418976
1482,2.02939,0.835294,31.386,3.724268,,6741.0,-2.028832,0.835852,31.5332,3.7312859569828714
1483,2.02939,0.835858,31.4072,3.724268,,6742.0,-2.028832,0.836416,31.5545,3.7634562358069603
1484,2.02939,0.836422,31.4284,3.724268,,6743.0,-2.028832,0.83698,31.5757,3.7170518160638215
1485,2.02939,0.836985,31.4496,3.724268,,6744.0,-2.028832,0.837543,31.597,3.6872122362307316
1486,2.029204,0.837549,31.4707,3.724268,,6745.0,-2.028832,0.838107,31.6183,3.7801894735638872
1487,2.029204,0.838113,31.4919,3.724268,,6746.0,-2.029018,0.83867,31.6395,3.7756225385525575
1488,2.029018,0.838676,31.5131,3.725199,,6747.0,-2.029018,0.839234,31.6608,3.7591311008960036
1489,2.029018,0.83924,31.5343,3.725508,,6748.0,-2.029018,0.839798,31.6821,3.746518297323714
1490,2.02939,0.839804,31.5555,3.725508,,6749.0,-2.028832,0.840361,31.7033,3.7515932740619786
1491,2.02939,0.840367,31.5766,3.725508,,6750.0,-2.028832,0.840925,31.7246,3.7471087130282577
1492,2.02939,0.840931,31.5978,3.725818,,6751.0,-2.028832,0.841488,31.7458,3.8129946420343477
1493,2.02939,0.841495,31.619,3.725818,,6752.0,-2.028832,0.842052,31.7671,3.7729147083079715
1494,2.02939,0.842058,31.6402,3.725818,,6753.0,-2.028832,0.842615,31.7884,3.8131278267310083
1495,2.02939,0.842622,31.6614,3.725818,,6754.0,-2.028832,0.843179,31.8096,3.7373162826117126
1496,2.02939,0.843186,31.6825,3.725818,,6755.0,-2.02939,0.843743,31.8309,3.8108879810464145
1497,2.02939,0.84375,31.7037,3.726129,,6756.0,-2.029204,0.844306,31.8521,3.7152449970741945
1498,2.02939,0.844313,31.7249,3.726129,,6757.0,-2.029204,0.84487,31.8734,3.7983224436734884
1499,2.02939,0.844877,31.7461,3.726129,,6758.0,-2.02939,0.845434,31.8947,3.724805809652745
1500,2.02939,0.845441,31.7673,3.726129,,6759.0,-2.029204,0.845997,31.9159,3.755871985099905
1501,2.02939,0.846004,31.7885,3.726129,,6760.0,-2.029204,0.846561,31.9372,3.74612554262572
1502,2.029204,0.846568,31.8096,3.726129,,6761.0,-2.028832,0.847125,31.9585,3.8278152703584323
1503,2.029204,0.847132,31.8308,3.726439,,6762.0,-2.028832,0.847688,31.9797,3.7628798684947062
1504,2.029204,0.847695,31.852,3.726748,,6763.0,-2.028832,0.848252,32.001,3.7046872027395357
1505,2.029204,0.848259,31.8732,3.727059,,6764.0,-2.028832,0.848815,32.0223,3.6561922733567633
1506,2.029204,0.848823,31.8944,3.727059,,6765.0,-2.028832,0.849379,32.0435,3.6450677376342715
1507,2.029204,0.849387,31.9155,3.727369,,6766.0,-2.028832,0.849942,32.0648,3.78888325833094
1508,2.029018,0.84995,31.9367,3.727369,,6767.0,-2.028832,0.850506,32.086,3.7691024094889367
1509,2.029018,0.850514,31.9579,3.727369,,6768.0,-2.028832,0.85107,32.1073,3.7706644168866776
1510,2.029018,0.851077,31.9791,3.727679,,6769.0,-2.028832,0.851633,32.1286,3.7749871089103038
1511,2.029018,0.851641,32.0002,3.727679,,6770.0,-2.028832,0.852197,32.1498,3.753054274176527
1512,2.029018,0.852205,32.0214,3.727679,,6771.0,-2.028832,0.85276,32.1711,3.759642187661732
1513,2.029018,0.852768,32.0426,3.727988,,6772.0,-2.028832,0.853324,32.1923,3.74442040154353
1514,2.029204,0.853332,32.0638,3.727988,,6773.0,-2.028832,0.853887,32.2136,3.8533942603727858
1515,2.028832,0.853895,32.085,3.727988,,6774.0,-2.029204,0.854451,32.2349,3.6926941437030267
1516,2.028832,0.854459,32.1061,3.728609,,6775.0,-2.029204,0.855015,32.2561,3.7271811675842494
1517,2.028832,0.855023,32.1273,3.728609,,6776.0,-2.029204,0.855578,32.2774,3.771939665947124
1518,2.028832,0.855586,32.1485,3.728609,,6777.0,-2.029204,0.856142,32.2987,3.649014821425724
1519,2.028832,0.85615,32.1697,3.728919,,6778.0,-2.028832,0.856706,32.3199,3.686173634956591
1520,2.029018,0.856713,32.1908,3.727988,,6779.0,-2.028832,0.857269,32.3412,3.727493247384611
1521,2.029018,0.857277,32.212,3.727988,,6780.0,-2.028832,0.857833,32.3624,3.818775887946261
1522,2.029018,0.857841,32.2332,3.728919,,6781.0,-2.028832,0.858396,32.3837,3.693118211451356
1523,2.029018,0.858404,32.2544,3.727988,,6782.0,-2.028832,0.85896,32.405,3.722966300708763
1524,2.029018,0.858968,32.2755,3.727988,,6783.0,-2.028832,0.859523,32.4262,3.7650979826084234
1525,2.029018,0.859531,32.2967,3.727988,,6784.0,-2.028832,0.860087,32.4475,3.7209089000635363
1526,2.029018,0.860095,32.3179,3.727988,,6785.0,-2.028832,0.860651,32.4688,3.7827172603129
1527,2.02939,0.860659,32.3391,3.727988,,6786.0,-2.028832,0.861214,32.49,3.8071771031361625
1528,2.02939,0.861222,32.3603,3.728609,,6787.0,-2.028832,0.861778,32.5113,3.7104407137981634
1529,2.02939,0.861786,32.3814,3.728919,,6788.0,-2.028832,0.862341,32.5325,3.82148308589897
1530,2.029204,0.86235,32.4026,3.728919,,6789.0,-2.028832,0.862905,32.5538,3.807146561502335
1531,2.029204,0.862913,32.4238,3.729229,,6790.0,-2.028832,0.863468,32.5751,3.7108579667024792
1532,2.028832,0.863477,32.445,3.729229,,6791.0,-2.028832,0.864032,32.5963,3.736094694896346
1533,2.028832,0.864041,32.4662,3.729229,,6792.0,-2.028832,0.864596,32.6176,3.7357897545200434
1534,2.028832,0.864604,32.4873,3.729229,,6793.0,-2.028832,0.865159,32.6388,3.7225256731898653
1535,2.028832,0.865168,32.5085,3.729539,,6794.0,-2.028832,0.865723,32.6601,3.7910991889185333
1536,2.028832,0.865731,32.5297,3.729539,,6795.0,-2.028832,0.866286,32.6814,3.6715734990081152
1537,2.028832,0.866295,32.5509,3.729539,,6796.0,-2.028832,0.86685,32.7026,3.7155399117418506
1538,2.029204,0.866859,32.572,3.729849,,6797.0,-2.028832,0.867413,32.7239,3.7481787059112444
1539,2.02939,0.867422,32.5932,3.729849,,6798.0,-2.028832,0.867977,32.7451,3.6572693157757454
1540,2.02939,0.867986,32.6144,3.729849,,6799.0,-2.028832,0.86854,32.7664,3.7084595206969357
1541,2.02939,0.86855,32.6356,3.730159,,6800.0,-2.029204,0.869104,32.7877,3.6538068561611503
1542,2.028832,0.869113,32.6568,3.730159,,6801.0,-2.029204,0.869668,32.8089,3.680969331102592
1543,2.028832,0.869677,32.6779,3.730469,,6802.0,-2.029018,0.870231,32.8302,3.6699982598702925
1544,2.028832,0.87024,32.6991,3.730779,,6803.0,-2.029018,0.870795,32.8515,3.797072146948496
1545,2.028832,0.870804,32.7203,3.731089,,6804.0,-2.029018,0.871359,32.8727,3.80091460538346
1546,2.028832,0.871368,32.7415,3.731089,,6805.0,-2.028832,0.871922,32.894,3.735076302944979
1547,2.028832,0.871931,32.7626,3.731089,,6806.0,-2.028832,0.872486,32.9152,3.789051235555528
1548,2.028832,0.872495,32.7838,3.731089,,6807.0,-2.028832,0.873049,32.9365,3.7605119157260543
1549,2.028832,0.873058,32.805,3.731089,,6808.0,-2.028832,0.873613,32.9578,3.7012952036972453
1550,2.028832,0.873622,32.8262,3.731399,,6809.0,-2.029018,0.874177,32.979,3.8417538798232314
1551,2.028832,0.874185,32.8473,3.732329,,6810.0,-2.029018,0.87474,33.0003,3.6883615384145423
1552,2.028832,0.874749,32.8685,3.732329,,6811.0,-2.028832,0.875304,33.0216,3.726022512646503
1553,2.028832,0.875312,32.8897,3.732329,,6812.0,-2.029204,0.875867,33.0428,3.747910649255391
1554,2.029204,0.875876,32.9109,3.732329,,6813.0,-2.029204,0.876431,33.0641,3.776455917734862
1555,2.02939,0.87644,32.9321,3.732329,,6814.0,-2.028832,0.876995,33.0853,3.7563114930860255
1556,2.02939,0.877004,32.9532,3.732329,,6815.0,-2.029204,0.877558,33.1066,3.827625490038895
1557,2.02939,0.877567,32.9744,3.732639,,6816.0,-2.029204,0.878122,33.1279,3.7932870125952034
1558,2.028832,0.878131,32.9956,3.732639,,6817.0,-2.029018,0.878686,33.1491,3.706933229518518
1559,2.028832,0.878694,33.0168,3.732639,,6818.0,-2.029204,0.879249,33.1704,3.7238714192366986
1560,2.028832,0.879258,33.0379,3.732639,,6819.0,-2.029204,0.879813,33.1917,3.7708420133664284
1561,2.028832,0.879822,33.0591,3.732639,,6820.0,-2.029204,0.880377,33.2129,3.7235038790887223
1562,2.028832,0.880385,33.0803,3.732639,,6821.0,-2.029204,0.88094,33.2342,3.7533999227980943
1563,2.028832,0.880949,33.1015,3.732639,,6822.0,-2.029204,0.881504,33.2555,3.7109840066735784
1564,2.028832,0.881512,33.1227,3.732639,,6823.0,-2.029204,0.882068,33.2767,3.6593904122145724
1565,2.028832,0.882076,33.1438,3.733259,,6824.0,-2.029204,0.882631,33.298,3.7858878058937404
1566,2.028832,0.882639,33.165,3.733259,,6825.0,-2.029204,0.883195,33.3193,3.650092233038492
1567,2.028832,0.883203,33.1862,3.733259,,6826.0,-2.029204,0.883759,33.3405,3.6887458349338376
1568,2.028832,0.883766,33.2074,3.733259,,6827.0,-2.028832,0.884322,33.3618,3.734072141800769
1569,2.028832,0.88433,33.2285,3.733259,,6828.0,-2.028832,0.884886,33.383,3.835967717195653
1570,2.028832,0.884894,33.2497,3.733259,,6829.0,-2.028832,0.885449,33.4043,3.740510624686738
1571,2.028832,0.885457,33.2709,3.733569,,6830.0,-2.028832,0.886013,33.4256,3.7879979243028745
1572,2.029018,0.886021,33.2921,3.733569,,6831.0,-2.028832,0.886576,33.4468,3.732741290550508
1573,2.029018,0.886584,33.3132,3.733569,,6832.0,-2.028832,0.88714,33.4681,3.670586056365557
1574,2.029018,0.887148,33.3344,3.733569,,6833.0,-2.028832,0.887704,33.4893,3.7066630338283835
1575,2.029018,0.887712,33.3556,3.733569,,6834.0,-2.028832,0.888267,33.5106,3.7047330117052493
1576,2.029018,0.888275,33.3768,3.733569,,6835.0,-2.028832,0.888831,33.5319,3.6479934824412403
1577,2.029018,0.888839,33.3979,3.733569,,6836.0,-2.028832,0.889394,33.5531,3.7728564864378997
1578,2.028832,0.889402,33.4191,3.733879,,6837.0,-2.028832,0.889958,33.5744,3.73203027558089
1579,2.028832,0.889966,33.4403,3.733879,,6838.0,-2.028832,0.890521,33.5956,3.7787427943766456
1580,2.028832,0.89053,33.4615,3.733879,,6839.0,-2.028832,0.891085,33.6169,3.723776238037707
1581,2.028832,0.891093,33.4827,3.733879,,6840.0,-2.02939,0.891649,33.6382,3.719184520749097
1582,2.028832,0.891657,33.5038,3.733879,,6841.0,-2.02939,0.892212,33.6594,3.757975048464162
1583,2.028832,0.89222,33.525,3.733879,,6842.0,-2.02939,0.892776,33.6807,3.748003043224728
1584,2.028832,0.892784,33.5462,3.733879,,6843.0,-2.02939,0.89334,33.702,3.7656090361392334
1585,2.029018,0.893347,33.5674,3.733879,,6844.0,-2.02939,0.893904,33.7232,3.6828297546631545
1586,2.029018,0.893911,33.5885,3.733879,,6845.0,-2.029018,0.894467,33.7445,3.753978570320785
1587,2.029018,0.894475,33.6097,3.734189,,6846.0,-2.028832,0.895031,33.7658,3.6156419387647145
1588,2.029204,0.895038,33.6309,3.734189,,6847.0,-2.028832,0.895594,33.787,3.7851778217107706
1589,2.028832,0.895602,33.6521,3.734189,,6848.0,-2.028832,0.896158,33.8083,3.719938319802881
1590,2.028832,0.896165,33.6732,3.735119,,6849.0,-2.028832,0.896721,33.8296,3.6812623763113796
1591,2.029204,0.896729,33.6944,3.735739,,6850.0,-2.028832,0.897285,33.8508,3.664608135607248
1592,2.028832,0.897293,33.7156,3.735739,,6851.0,-2.028832,0.897849,33.8721,3.794497724850474
1593,2.028832,0.897856,33.7368,3.736049,,6852.0,-2.028832,0.898412,33.8933,3.776548819965282
1594,2.028832,0.89842,33.758,3.736049,,6853.0,-2.028832,0.898976,33.9146,3.712212690486852
1595,2.028832,0.898983,33.7791,3.736049,,6854.0,-2.028832,0.899539,33.9359,3.7010973912678136
1596,2.028832,0.899547,33.8003,3.736049,,6855.0,-2.028832,0.900103,33.9571,3.684493244153338
1597,2.028832,0.900111,33.8215,3.736049,,6856.0,-2.028832,0.900666,33.9784,3.7088568645777893
1598,2.028832,0.900674,33.8427,3.736049,,6857.0,-2.028832,0.90123,33.9996,3.7648720639579487
1599,2.028832,0.901238,33.8638,3.736049,,6858.0,-2.028832,0.901793,34.0209,3.723833998946287
1600,2.028832,0.901801,33.885,3.736049,,6859.0,-2.028832,0.902357,34.0422,3.753600034375422
1601,2.028832,0.902365,33.9062,3.736049,,6860.0,-2.029018,0.902921,34.0634,3.693060775141678
1602,2.028832,0.902928,33.9274,3.736049,,6861.0,-2.029018,0.903484,34.0847,3.7158270551570562
1603,2.029204,0.903492,33.9485,3.736359,,6862.0,-2.029018,0.904048,34.1059,3.799505035695037
1604,2.028832,0.904056,33.9697,3.736359,,6863.0,-2.029018,0.904612,34.1272,3.7295909449487787
1605,2.028832,0.904619,33.9909,3.736669,,6864.0,-2.028832,0.905175,34.1485,3.6877328759903105
1606,2.028832,0.905183,34.0121,3.737289,,6865.0,-2.028832,0.905739,34.1697,3.7131870459038097
1607,2.028832,0.905746,34.0332,3.737289,,6866.0,-2.028832,0.906302,34.191,3.7292363175255008
1608,2.028832,0.90631,34.0544,3.737289,,6867.0,-2.028832,0.906866,34.2123,3.675178807687396
1609,2.028832,0.906873,34.0756,3.737599,,6868.0,-2.028832,0.907429,34.2335,3.7308997739916454
1610,2.029018,0.907437,34.0968,3.737909,,6869.0,-2.028832,0.907993,34.2548,3.789305563360148
1611,2.029018,0.908001,34.118,3.737909,,6870.0,-2.028832,0.908556,34.276,3.6928783661463385
1612,2.029204,0.908564,34.1391,3.738529,,6871.0,-2.028832,0.90912,34.2973,3.7075397366306957
1613,2.029018,0.909128,34.1603,3.738529,,6872.0,-2.028832,0.909684,34.3186,3.689996699645932
1614,2.028832,0.909692,34.1815,3.738529,,6873.0,-2.028832,0.910247,34.3398,3.6395888547850412
1615,2.028832,0.910255,34.2027,3.738529,,6874.0,-2.028832,0.910811,34.3611,3.664753718562713
1616,2.028832,0.910819,34.2238,3.738839,,6875.0,-2.029204,0.911374,34.3823,3.7286945024421145
1617,2.028832,0.911382,34.245,3.738839,,6876.0,-2.029204,0.911938,34.4036,3.6990819778433255
1618,2.029204,0.911946,34.2662,3.738839,,6877.0,-2.029204,0.912502,34.4249,3.7552370773620916
1619,2.029204,0.91251,34.2874,3.739149,,6878.0,-2.029204,0.913065,34.4461,3.6980788450328412
1620,2.029204,0.913073,34.3085,3.739149,,6879.0,-2.029018,0.913629,34.4674,3.7644128651826287
1621,2.029204,0.913637,34.3297,3.739149,,6880.0,-2.029018,0.914193,34.4887,3.7595278551418585
1622,2.028832,0.9142,34.3509,3.739149,,6881.0,-2.029204,0.914756,34.5099,3.703923399450923
1623,2.028832,0.914764,34.3721,3.739149,,6882.0,-2.028832,0.91532,34.5312,3.747492336890541
1624,2.028832,0.915328,34.3933,3.739149,,6883.0,-2.028832,0.915883,34.5525,3.704876565427665
1625,2.028832,0.915891,34.4144,3.739149,,6884.0,-2.029204,0.916447,34.5737,3.6498950965322745
1626,2.029204,0.916455,34.4356,3.739149,,6885.0,-2.028832,0.917011,34.595,3.6873837670656004
1627,2.029204,0.917018,34.4568,3.739149,,6886.0,-2.029204,0.917574,34.6162,3.636841532492971
1628,2.028832,0.917582,34.478,3.739459,,6887.0,-2.029204,0.918138,34.6375,3.689835075357844
1629,2.028832,0.918146,34.4991,3.739459,,6888.0,-2.028832,0.918702,34.6588,3.7510919372871037
1630,2.028832,0.918709,34.5203,3.739769,,6889.0,-2.028832,0.919265,34.68,3.6773892483996766
1631,2.028832,0.919273,34.5415,3.739769,,6890.0,-2.028832,0.919829,34.7013,3.7397236558556073
1632,2.028832,0.919836,34.5627,3.740079,,6891.0,-2.028832,0.920392,34.7226,3.8070304824374666
1633,2.028832,0.9204,34.5838,3.740079,,6892.0,-2.028832,0.920956,34.7438,3.5978487930846397
1634,2.028832,0.920963,34.605,3.740079,,6893.0,-2.029018,0.921519,34.7651,3.66472944998165
1635,2.028832,0.921527,34.6262,3.740079,,6894.0,-2.029018,0.922083,34.7863,3.6785431736071246
1636,2.028832,0.922091,34.6474,3.740079,,6895.0,-2.029018,0.922647,34.8076,3.737741210762983
1637,2.029018,0.922654,34.6686,3.740079,,6896.0,-2.029018,0.92321,34.8289,3.6956628545684977
1638,2.029018,0.923218,34.6897,3.740079,,6897.0,-2.029204,0.923774,34.8501,3.609865591141534
1639,2.029018,0.923781,34.7109,3.740699,,6898.0,-2.029204,0.924338,34.8714,3.7336914126803076
1640,2.029204,0.924345,34.7321,3.740699,,6899.0,-2.029204,0.924901,34.8927,3.7111056995365117
1641,2.029204,0.924909,34.7533,3.741009,,6900.0,-2.029204,0.925465,34.9139,3.7470000716701706
1642,2.029204,0.925472,34.7744,3.741319,,6901.0,-2.029204,0.926029,34.9352,3.7567798251099176
1643,2.029204,0.926036,34.7956,3.741319,,6902.0,-2.029204,0.926592,34.9565,3.741049720554342
1644,2.028832,0.9266,34.8168,3.741319,,6903.0,-2.028832,0.927156,34.9777,3.709468568083671
1645,2.028832,0.927163,34.838,3.741319,,6904.0,-2.028832,0.927719,34.999,3.715713397665974
1646,2.028832,0.927727,34.8592,3.741629,,6905.0,-2.028832,0.928283,35.0202,3.7093627281633905
1647,2.028832,0.92829,34.8803,3.741629,,6906.0,-2.028832,0.928847,35.0415,3.736266034925333
1648,2.028832,0.928854,34.9015,3.741629,,6907.0,-2.029204,0.92941,35.0628,3.6902250748979473
1649,2.02939,0.929418,34.9227,3.741629,,6908.0,-2.029204,0.929974,35.084,3.711172843176695
1650,2.028832,0.929981,34.9439,3.742249,,6909.0,-2.029204,0.930538,35.1053,3.7174481941559803
1651,2.028832,0.930545,34.965,3.742249,,6910.0,-2.028832,0.931101,35.1266,3.6891802197785424
1652,2.028832,0.931108,34.9862,3.742249,,6911.0,-2.028832,0.931665,35.1478,3.7954172034615863
1653,2.028832,0.931672,35.0074,3.742249,,6912.0,-2.028832,0.932228,35.1691,3.7682445994296954
1654,2.028832,0.932235,35.0286,3.742249,,6913.0,-2.028832,0.932792,35.1903,3.639338081783202
1655,2.028832,0.932799,35.0497,3.742559,,6914.0,-2.028832,0.933355,35.2116,3.775385479361982
1656,2.028832,0.933363,35.0709,3.74287,,6915.0,-2.028832,0.933919,35.2329,3.7389319544176782
1657,2.028832,0.933926,35.0921,3.74287,,6916.0,-2.028832,0.934483,35.2541,3.717876109136902
1658,2.028832,0.93449,35.1133,3.74287,,6917.0,-2.028832,0.935046,35.2754,3.6351005684113273
1659,2.029018,0.935053,35.1344,3.74318,,6918.0,-2.028832,0.93561,35.2966,3.702503929615449
1660,2.029018,0.935617,35.1556,3.74318,,6919.0,-2.028832,0.936173,35.3179,3.7429917023070582
1661,2.029204,0.936181,35.1768,3.74349,,6920.0,-2.028832,0.936737,35.3392,3.7253168490100035
1662,2.029204,0.936744,35.198,3.74349,,6921.0,-2.028832,0.9373,35.3604,3.7186343313170007
1663,2.029204,0.937308,35.2192,3.74349,,6922.0,-2.028832,0.937864,35.3817,3.679310161842673
1664,2.029204,0.937872,35.2403,3.7438,,6923.0,-2.028832,0.938427,35.4029,3.74633222069302
1665,2.029204,0.938435,35.2615,3.74411,,6924.0,-2.028832,0.938991,35.4242,3.6651141845632584
1666,2.029204,0.938999,35.2827,3.74411,,6925.0,-2.028832,0.939555,35.4455,3.7518019168717314
1667,2.029204,0.939563,35.3039,3.74411,,6926.0,-2.028832,0.940118,35.4667,3.7290895312502506
1668,2.028832,0.940126,35.3251,3.74411,,6927.0,-2.028832,0.940682,35.488,3.636753995127121
1669,2.028832,0.94069,35.3462,3.74411,,6928.0,-2.028832,0.941245,35.5093,3.6368654871131354
1670,2.028832,0.941253,35.3674,3.7438,,6929.0,-2.028832,0.941809,35.5305,3.8005265147490785
1671,2.028832,0.941817,35.3886,3.7438,,6930.0,-2.028832,0.942372,35.5518,3.751727957204434
1672,2.028832,0.94238,35.4098,3.7438,,6931.0,-2.028832,0.942936,35.573,3.793630673869534
1673,2.028832,0.942944,35.4309,3.74411,,6932.0,-2.028832,0.9435,35.5943,3.69146489728961
1674,2.028832,0.943508,35.4521,3.74411,,6933.0,-2.02939,0.944063,35.6156,3.734910827671752
1675,2.029204,0.944071,35.4733,3.74411,,6934.0,-2.02939,0.944627,35.6368,3.7183993470066867
1676,2.029204,0.944635,35.4945,3.74411,,6935.0,-2.02939,0.945191,35.6581,3.721738694059311
1677,2.029204,0.945199,35.5157,3.74411,,6936.0,-2.02939,0.945754,35.6794,3.7756549260725407
1678,2.029204,0.945762,35.5368,3.74411,,6937.0,-2.029204,0.946318,35.7006,3.6172200420611693
1679,2.029204,0.946326,35.558,3.74411,,6938.0,-2.028832,0.946882,35.7219,3.6652091370577984
1680,2.028832,0.946889,35.5792,3.74442,,6939.0,-2.028832,0.947445,35.7431,3.7733536475531038
1681,2.028832,0.947453,35.6004,3.74442,,6940.0,-2.028832,0.948009,35.7644,3.7564121675646343
1682,2.028832,0.948017,35.6215,3.74442,,6941.0,-2.029018,0.948572,35.7857,3.749178895461679
1683,2.029018,0.94858,35.6427,3.74473,,6942.0,-2.029018,0.949136,35.8069,3.6664787274368726
1684,2.029204,0.949144,35.6639,3.74473,,6943.0,-2.029018,0.9497,35.8282,3.7143974955326757
1685,2.029204,0.949708,35.6851,3.74473,,6944.0,-2.028832,0.950263,35.8495,3.593994678048399
1686,2.029204,0.950271,35.7063,3.74473,,6945.0,-2.028832,0.950827,35.8707,3.7286858835381387
1687,2.029018,0.950835,35.7274,3.74473,,6946.0,-2.028832,0.95139,35.892,3.737623777519083
1688,2.029018,0.951398,35.7486,3.74473,,6947.0,-2.028832,0.951954,35.9132,3.7190640309601113
1689,2.029018,0.951962,35.7698,3.74535,,6948.0,-2.028832,0.952517,35.9345,3.7046540866953133
1690,2.029204,0.952526,35.791,3.74566,,6949.0,-2.028832,0.953081,35.9558,3.7432223487033576
1691,2.029204,0.953089,35.8121,3.74566,,6950.0,-2.028832,0.953645,35.977,3.628287174756895
1692,2.029204,0.953653,35.8333,3.74566,,6951.0,-2.028832,0.954208,35.9983,3.6670813733474192
1693,2.029204,0.954217,35.8545,3.74566,,6952.0,-2.028832,0.954772,36.0195,3.780672955210826
1694,2.028832,0.95478,35.8757,3.74597,,6953.0,-2.028832,0.955335,36.0408,3.7565094321472006
1695,2.028832,0.955344,35.8969,3.74597,,6954.0,-2.029018,0.955899,36.0621,3.6859730530112347
1696,2.028832,0.955907,35.918,3.74597,,6955.0,-2.029018,0.956463,36.0833,3.7118472480520213
1697,2.028832,0.956471,35.9392,3.74597,,6956.0,-2.029018,0.957026,36.1046,3.723323153395079
1698,2.028832,0.957035,35.9604,3.74659,,6957.0,-2.029018,0.95759,36.1259,3.6330631227922487
1699,2.028832,0.957598,35.9816,3.7469,,6958.0,-2.029018,0.958153,36.1471,3.696679678068256
1700,2.028832,0.958162,36.0027,3.7469,,6959.0,-2.029204,0.958717,36.1684,3.728546912373765
1701,2.029204,0.958725,36.0239,3.7469,,6960.0,-2.029204,0.959281,36.1897,3.6706300468460884
1702,2.02939,0.959289,36.0451,3.74752,,6961.0,-2.029204,0.959844,36.2109,3.681422081706834
1703,2.02939,0.959853,36.0663,3.74752,,6962.0,-2.029018,0.960408,36.2322,3.740072095192679
1704,2.02939,0.960416,36.0875,3.74752,,6963.0,-2.028832,0.960972,36.2534,3.750035064983773
1705,2.02939,0.96098,36.1086,3.74783,,6964.0,-2.028832,0.961535,36.2747,3.6898184785340304
1706,2.02939,0.961544,36.1298,3.74783,,6965.0,-2.028832,0.962099,36.296,3.6965460514387534
1707,2.02939,0.962108,36.151,3.74814,,6966.0,-2.028832,0.962662,36.3172,3.6377561603343818
1708,2.029204,0.962671,36.1722,3.74876,,6967.0,-2.028832,0.963226,36.3385,3.6709969345847098
1709,2.029204,0.963235,36.1934,3.74876,,6968.0,-2.028832,0.963789,36.3597,3.674034996284414
1710,2.029204,0.963799,36.2145,3.74876,,6969.0,-2.028832,0.964353,36.381,3.633496969031277
1711,2.02939,0.964362,36.2357,3.74876,,6970.0,-2.028832,0.964916,36.4023,3.646421953200898
1712,2.02939,0.964926,36.2569,3.74876,,6971.0,-2.028832,0.96548,36.4235,3.7845637997569197
1713,2.02939,0.96549,36.2781,3.74907,,6972.0,-2.028832,0.966044,36.4448,3.7371072767617193
1714,2.02939,0.966054,36.2993,3.74907,,6973.0,-2.028832,0.966607,36.466,3.7014074929259486
1715,2.02939,0.966617,36.3205,3.74907,,6974.0,-2.028832,0.967171,36.4873,3.776376677102327
1716,2.029204,0.967181,36.3416,3.74938,,6975.0,-2.028832,0.967734,36.5086,3.6852203329223245
1717,2.028832,0.967744,36.3628,3.74938,,6976.0,-2.028832,0.968298,36.5298,3.7703445940332623
1718,2.028832,0.968308,36.384,3.74938,,6977.0,-2.028832,0.968861,36.5511,3.8098603007069403
1719,2.028832,0.968872,36.4052,3.74938,,6978.0,-2.028832,0.969425,36.5724,3.6537263919711376
1720,2.028832,0.969435,36.4263,3.74938,,6979.0,-2.028832,0.969989,36.5936,3.7588290761616197
1721,2.028832,0.969999,36.4475,3.74938,,6980.0,-2.028832,0.970552,36.6149,3.665950583221337
1722,2.028832,0.970562,36.4687,3.74938,,6981.0,-2.028832,0.971116,36.6361,3.720857068400383
1723,2.029018,0.971126,36.4899,3.74938,,6982.0,-2.028832,0.971679,36.6574,3.699832812511035
1724,2.029204,0.97169,36.511,3.74969,,6983.0,-2.028832,0.972243,36.6787,3.7176751828504213
1725,2.029204,0.972253,36.5322,3.74969,,6984.0,-2.028832,0.972806,36.6999,3.776949871321789
1726,2.029204,0.972817,36.5534,3.74969,,6985.0,-2.028832,0.97337,36.7212,3.7364427767193304
1727,2.029204,0.973381,36.5746,3.74969,,6986.0,-2.028832,0.973934,36.7424,3.813380212437082
1728,2.029204,0.973944,36.5958,3.74969,,6987.0,-2.028832,0.974497,36.7637,3.633109638123698
1729,2.029204,0.974508,36.6169,3.74969,,6988.0,-2.028832,0.975061,36.785,3.7222049255679783
1730,2.029204,0.975072,36.6381,3.74969,,6989.0,-2.029018,0.975624,36.8062,3.6966950982674662
1731,2.029204,0.975635,36.6593,3.74969,,6990.0,-2.028832,0.976188,36.8275,3.6907269896185753
1732,2.028832,0.976199,36.6805,3.74969,,6991.0,-2.028832,0.976751,36.8487,3.6891556057152295
1733,2.028832,0.976762,36.7017,3.74969,,6992.0,-2.028832,0.977315,36.87,3.774778771223607
1734,2.028832,0.977326,36.7228,3.74969,,6993.0,-2.028832,0.977879,36.8913,3.724152569939378
1735,2.028832,0.97789,36.744,3.74969,,6994.0,-2.028832,0.978442,36.9125,3.6692846853769874
1736,2.028832,0.978453,36.7652,3.75,,6995.0,-2.028832,0.979006,36.9338,3.711387694120294
1737,2.029204,0.979017,36.7864,3.75,,6996.0,-2.028832,0.979569,36.9551,3.746747633856568
1738,2.029204,0.97958,36.8075,3.75,,6997.0,-2.028832,0.980133,36.9763,3.6841261125693334
1739,2.029204,0.980144,36.8287,3.75,,6998.0,-2.028832,0.980696,36.9976,3.7028492151147807
1740,2.029018,0.980708,36.8499,3.75,,6999.0,-2.028832,0.98126,37.0188,3.638584682296239
1741,2.029018,0.981271,36.8711,3.75031,,7000.0,-2.028832,0.981823,37.0401,3.7143750528257438
1742,2.028832,0.981835,36.8923,3.75062,,7001.0,-2.028832,0.982387,37.0614,3.671226019937875
1743,2.029018,0.982399,36.9134,3.75062,,7002.0,-2.028832,0.982951,37.0826,3.779906236114303
1744,2.029018,0.982962,36.9346,3.75062,,7003.0,-2.029018,0.983514,37.1039,3.6258304652649516
1745,2.028832,0.983526,36.9558,3.75062,,7004.0,-2.029018,0.984078,37.1251,3.660847538422918
1746,2.028832,0.984089,36.977,3.75124,,7005.0,-2.029018,0.984641,37.1464,3.775982986888761
1747,2.028832,0.984653,36.9981,3.75124,,7006.0,-2.028832,0.985205,37.1677,3.6569327764095587
1748,2.028832,0.985216,37.0193,3.75155,,7007.0,-2.028832,0.985769,37.1889,3.7002642468612916
1749,2.029204,0.98578,37.0405,3.75155,,7008.0,-2.028832,0.986332,37.2102,3.750449754554597
1750,2.029204,0.986344,37.0617,3.75248,,7009.0,-2.028832,0.986896,37.2314,3.6968697948281672
1751,2.029204,0.986907,37.0829,3.75248,,7010.0,-2.028832,0.987459,37.2527,3.706594129508089
1752,2.029204,0.987471,37.104,3.75248,,7011.0,-2.028832,0.988023,37.274,3.718879307870109
1753,2.029204,0.988035,37.1252,3.7531,,7012.0,-2.028832,0.988586,37.2952,3.6722074388326087
1754,2.029018,0.988598,37.1464,3.75341,,7013.0,-2.028832,0.98915,37.3165,3.648846914483653
1755,2.028832,0.989162,37.1676,3.75341,,7014.0,-2.029204,0.989714,37.3378,3.705479075811952
1756,2.028832,0.989725,37.1887,3.75341,,7015.0,-2.029204,0.990277,37.359,3.724282308976798
1757,2.028832,0.990289,37.2099,3.75341,,7016.0,-2.029204,0.990841,37.3803,3.5923313110131403
1758,2.028832,0.990853,37.2311,3.75341,,7017.0,-2.029204,0.991405,37.4016,3.685832838973278
1759,2.028832,0.991416,37.2523,3.75341,,7018.0,-2.029204,0.991968,37.4228,3.657878708111006
1760,2.029204,0.99198,37.2735,3.75372,,7019.0,-2.029204,0.992532,37.4441,3.676066923721258
1761,2.029204,0.992543,37.2946,3.75372,,7020.0,-2.028832,0.993096,37.4653,3.649463605648598
1762,2.029204,0.993107,37.3158,3.75403,,7021.0,-2.028832,0.993659,37.4866,3.642435481560743
1763,2.029018,0.993671,37.337,3.75403,,7022.0,-2.028832,0.994223,37.5079,3.6292525174395585
1764,2.028832,0.994234,37.3582,3.75403,,7023.0,-2.028832,0.994786,37.5291,3.820422300256392
1765,2.028832,0.994798,37.3793,3.75403,,7024.0,-2.029204,0.99535,37.5504,3.645797226062762
1766,2.029018,0.995362,37.4005,3.75403,,7025.0,-2.029204,0.995914,37.5717,3.652035109828287
1767,2.028832,0.995925,37.4217,3.75434,,7026.0,-2.029018,0.996477,37.5929,3.695306879520577
1768,2.028832,0.996489,37.4429,3.75434,,7027.0,-2.029018,0.997041,37.6142,3.7107069912865476
1769,2.02939,0.997052,37.4641,3.75434,,7028.0,-2.029018,0.997604,37.6354,3.6481799437609825
1770,2.028832,0.997616,37.4852,3.75434,,7029.0,-2.028832,0.998168,37.6567,3.6593337848811
1771,2.028832,0.998179,37.5064,3.75434,,7030.0,-2.028832,0.998732,37.678,3.6982370428461193
1772,2.028832,0.998743,37.5276,3.75434,,7031.0,-2.028832,0.999295,37.6992,3.5661139199415928
1773,2.028832,0.999307,37.5488,3.75434,,7032.0,-2.02939,0.999859,37.7205,3.6103463462531336
1774,2.028832,0.99987,37.5699,3.75434,,7033.0,-2.02939,1.000422,37.7418,3.7101518426498603
1775,2.028832,1.000434,37.5911,3.75434,,7034.0,-2.02939,1.000986,37.763,3.6881998682093755
1776,2.028832,1.000997,37.6123,3.75434,,7035.0,-2.029018,1.00155,37.7843,3.6574373428183784
1777,2.028832,1.001561,37.6335,3.75434,,7036.0,-2.029018,1.002113,37.8056,3.7322089678904726
1778,2.028832,1.002124,37.6546,3.75434,,7037.0,-2.029018,1.002677,37.8268,3.5656170133362832
1779,2.028832,1.002688,37.6758,3.75434,,7038.0,-2.029018,1.003241,37.8481,3.676064014491835
1780,2.028832,1.003252,37.697,3.75434,,7039.0,-2.029018,1.003804,37.8693,3.6501967709787704
1781,2.029204,1.003815,37.7182,3.75434,,7040.0,-2.029018,1.004368,37.8906,3.6649670448748104
1782,2.029204,1.004379,37.7393,3.75527,,7041.0,-2.029018,1.004932,37.9119,3.653585109241157
1783,2.029204,1.004943,37.7605,3.75527,,7042.0,-2.028832,1.005495,37.9331,3.612314490408083
1784,2.02939,1.005506,37.7817,3.75527,,7043.0,-2.028832,1.006059,37.9544,3.7696336787159086
1785,2.02939,1.00607,37.8029,3.75558,,7044.0,-2.028832,1.006622,37.9757,3.7530373309883944
1786,2.029204,1.006634,37.8241,3.75558,,7045.0,-2.028832,1.007186,37.9969,3.648079734780536
1787,2.029204,1.007197,37.8452,3.75558,,7046.0,-2.028832,1.007749,38.0182,3.669922857397711
1788,2.029204,1.007761,37.8664,3.75589,,7047.0,-2.028832,1.008313,38.0394,3.743573813532638
1789,2.029204,1.008325,37.8876,3.75589,,7048.0,-2.029018,1.008877,38.0607,3.6842784716001753
1790,2.029204,1.008888,37.9088,3.75589,,7049.0,-2.029018,1.00944,38.082,3.687284591476433
1791,2.028832,1.009452,37.93,3.75589,,7050.0,-2.029018,1.010004,38.1032,3.714207421906561
1792,2.028832,1.010015,37.9511,3.75589,,7051.0,-2.028832,1.010567,38.1245,3.6866248200895715
1793,2.028832,1.010579,37.9723,3.75589,,7052.0,-2.028832,1.011131,38.1457,3.7081524240065646
1794,2.029018,1.011143,37.9935,3.75589,,7053.0,-2.028832,1.011695,38.167,3.734355727585733
1795,2.029018,1.011706,38.0147,3.75651,,7054.0,-2.028832,1.012258,38.1883,3.5956111209098034
1796,2.029018,1.01227,38.0358,3.75651,,7055.0,-2.028832,1.012822,38.2095,3.7524172888554475
1797,2.029204,1.012834,38.057,3.75713,,7056.0,-2.028832,1.013385,38.2308,3.662621131733572
1798,2.029204,1.013397,38.0782,3.75713,,7057.0,-2.028832,1.013949,38.2521,3.673274706989432
1799,2.029204,1.013961,38.0994,3.75713,,7058.0,-2.028832,1.014512,38.2733,3.631537061615325
1800,2.029204,1.014525,38.1206,3.758681,,7059.0,-2.028832,1.015076,38.2946,3.7182286952848447
1801,2.029018,1.015088,38.1417,3.758681,,7060.0,-2.028832,1.015639,38.3158,3.638705505409558
1802,2.029018,1.015652,38.1629,3.758681,,7061.0,-2.028832,1.016203,38.3371,3.6340837971094535
1803,2.029018,1.016215,38.1841,3.758681,,7062.0,-2.028832,1.016767,38.3584,3.680688534269514
1804,2.029018,1.016779,38.2053,3.759301,,7063.0,-2.028832,1.01733,38.3796,3.729638885150938
1805,2.029018,1.017343,38.2265,3.759301,,7064.0,-2.028832,1.017894,38.4009,3.722057952355626
1806,2.028832,1.017906,38.2476,3.759301,,7065.0,-2.028832,1.018457,38.4221,3.655151809234821
1807,2.028832,1.01847,38.2688,3.759301,,7066.0,-2.028832,1.019021,38.4434,3.6947884617420588
1808,2.028832,1.019033,38.29,3.759301,,7067.0,-2.028832,1.019584,38.4647,3.740273373496209
1809,2.028832,1.019597,38.3112,3.759301,,7068.0,-2.028832,1.020148,38.4859,3.738537361244702
1810,2.028832,1.02016,38.3323,3.759301,,7069.0,-2.029018,1.020712,38.5072,3.6207305357762265
1811,2.028832,1.020724,38.3535,3.759301,,7070.0,-2.029018,1.021275,38.5284,3.6381998227335473
1812,2.028832,1.021288,38.3747,3.759611,,7071.0,-2.029018,1.021839,38.5497,3.7347576437696213
1813,2.028832,1.021851,38.3959,3.759611,,7072.0,-2.029018,1.022402,38.571,3.7010858245688225
1814,2.028832,1.022415,38.417,3.759611,,7073.0,-2.029204,1.022966,38.5922,3.626487277910765
1815,2.028832,1.022978,38.4382,3.759611,,7074.0,-2.029204,1.02353,38.6135,3.651669219235497
1816,2.028832,1.023542,38.4594,3.759921,,7075.0,-2.029204,1.024093,38.6348,3.688574424558286
1817,2.028832,1.024105,38.4806,3.759921,,7076.0,-2.029204,1.024657,38.656,3.6739096599418746
1818,2.028832,1.024669,38.5017,3.759921,,7077.0,-2.029204,1.025221,38.6773,3.634044053774826
1819,2.028832,1.025233,38.5229,3.760231,,7078.0,-2.029204,1.025784,38.6986,3.6946194884079366
1820,2.029018,1.025796,38.5441,3.760231,,7079.0,-2.029204,1.026348,38.7198,3.6333374830490026
1821,2.029018,1.02636,38.5653,3.760231,,7080.0,-2.029204,1.026912,38.7411,3.7144356983492317
1822,2.029204,1.026923,38.5864,3.759921,,7081.0,-2.029204,1.027475,38.7624,3.6546317457508892
1823,2.029204,1.027487,38.6076,3.759921,,7082.0,-2.029204,1.028039,38.7836,3.753376569562751
1824,2.029204,1.028051,38.6288,3.759921,,7083.0,-2.029204,1.028603,38.8049,3.63322541699352
1825,2.029204,1.028614,38.65,3.759921,,7084.0,-2.029204,1.029166,38.8261,3.6504329369001396
1826,2.029204,1.029178,38.6712,3.759611,,7085.0,-2.029204,1.02973,38.8474,3.7194311215024136
1827,2.029204,1.029742,38.6923,3.759611,,7086.0,-2.029204,1.030294,38.8687,3.651174119472128
1828,2.029204,1.030306,38.7135,3.759611,,7087.0,-2.029204,1.030857,38.8899,3.608599018968067
1829,2.029204,1.030869,38.7347,3.759921,,7088.0,-2.029204,1.031421,38.9112,3.710899239802383
1830,2.028832,1.031433,38.7559,3.759921,,7089.0,-2.029204,1.031985,38.9325,3.734633596384939
1831,2.028832,1.031996,38.7771,3.759921,,7090.0,-2.029018,1.032548,38.9537,3.623032548095013
1832,2.029018,1.03256,38.7982,3.760231,,7091.0,-2.028832,1.033112,38.975,3.704924433856262
1833,2.029018,1.033123,38.8194,3.760231,,7092.0,-2.028832,1.033676,38.9963,3.7332410125982896
1834,2.029018,1.033687,38.8406,3.760231,,7093.0,-2.029018,1.034239,39.0175,3.6508754233247585
1835,2.029018,1.034251,38.8618,3.761161,,7094.0,-2.029018,1.034803,39.0388,3.6661291370011986
1836,2.029204,1.034814,38.8829,3.761161,,7095.0,-2.029018,1.035366,39.06,3.6946300211365393
1837,2.029204,1.035378,38.9041,3.761161,,7096.0,-2.029018,1.03593,39.0813,3.763457557421548
1838,2.029018,1.035942,38.9253,3.761471,,7097.0,-2.029204,1.036494,39.1026,3.6319482864414208
1839,2.029018,1.036505,38.9465,3.761161,,7098.0,-2.029204,1.037057,39.1238,3.6448115798706775
1840,2.029018,1.037069,38.9677,3.761161,,7099.0,-2.028832,1.037621,39.1451,3.679507825954384
1841,2.029018,1.037632,38.9888,3.761781,,7100.0,-2.028832,1.038184,39.1664,3.640987165745036
1842,2.029018,1.038196,39.01,3.761781,,7101.0,-2.028832,1.038748,39.1876,3.725871082563035
1843,2.029018,1.03876,39.0312,3.761781,,7102.0,-2.028832,1.039312,39.2089,3.6244105225539474
1844,2.028832,1.039323,39.0524,3.761781,,7103.0,-2.028832,1.039875,39.2301,3.6176807464881184
1845,2.028832,1.039887,39.0735,3.761781,,7104.0,-2.028832,1.040439,39.2514,3.6154579411875436
1846,2.028832,1.04045,39.0947,3.762401,,7105.0,-2.028832,1.041002,39.2727,3.6760512136005365
1847,2.028832,1.041014,39.1159,3.762711,,7106.0,-2.028832,1.041566,39.2939,3.637696513594292
1848,2.028832,1.041578,39.1371,3.763641,,7107.0,-2.028832,1.042129,39.3152,3.726428804388791
1849,2.028832,1.042141,39.1582,3.763641,,7108.0,-2.029018,1.042693,39.3364,3.661600432538343
1850,2.02939,1.042705,39.1794,3.763641,,7109.0,-2.029204,1.043257,39.3577,3.73637402207939
1851,2.02939,1.043269,39.2006,3.764261,,7110.0,-2.029204,1.04382,39.379,3.5633094504265705
1852,2.02939,1.043832,39.2218,3.764261,,7111.0,-2.029018,1.044384,39.4002,3.650067328367782
1853,2.029018,1.044396,39.243,3.764571,,7112.0,-2.029204,1.044948,39.4215,3.669412148379417
1854,2.029018,1.04496,39.2642,3.764571,,7113.0,-2.029018,1.045511,39.4428,3.56172732170229
1855,2.029018,1.045523,39.2853,3.764571,,7114.0,-2.029018,1.046075,39.464,3.612557348307304
1856,2.029018,1.046087,39.3065,3.764571,,7115.0,-2.029204,1.046638,39.4853,3.636404764600667
1857,2.028832,1.04665,39.3277,3.764881,,7116.0,-2.029204,1.047202,39.5066,3.6809744599522305
1858,2.028832,1.047214,39.3489,3.764881,,7117.0,-2.029018,1.047766,39.5278,3.721857072586066
1859,2.028832,1.047777,39.37,3.765501,,7118.0,-2.029018,1.048329,39.5491,3.640602347028721
1860,2.028832,1.048341,39.3912,3.765501,,7119.0,-2.029018,1.048893,39.5704,3.66709321896719
1861,2.02939,1.048905,39.4124,3.765501,,7120.0,-2.029018,1.049457,39.5916,3.5802241205415504
1862,2.02939,1.049468,39.4336,3.765501,,7121.0,-2.029204,1.05002,39.6129,3.6916849026445315
1863,2.029018,1.050032,39.4548,3.765811,,7122.0,-2.029204,1.050584,39.6341,3.647368589964247
1864,2.029018,1.050596,39.4759,3.765811,,7123.0,-2.029204,1.051148,39.6554,3.6210153988769913
1865,2.029018,1.051159,39.4971,3.765501,,7124.0,-2.028832,1.051711,39.6767,3.7144322921692354
1866,2.028832,1.051723,39.5183,3.765811,,7125.0,-2.028832,1.052275,39.6979,3.587983807107615
1867,2.028832,1.052286,39.5395,3.765811,,7126.0,-2.028832,1.052838,39.7192,3.678347749266059
1868,2.028832,1.05285,39.5606,3.765811,,7127.0,-2.029018,1.053402,39.7405,3.6563248702827686
1869,2.028832,1.053414,39.5818,3.765811,,7128.0,-2.029018,1.053966,39.7617,3.6115226596900167
1870,2.029204,1.053977,39.603,3.765811,,7129.0,-2.029018,1.054529,39.783,3.6717312104501985
1871,2.029204,1.054541,39.6242,3.765811,,7130.0,-2.028832,1.055093,39.8042,3.6765024880873245
1872,2.028832,1.055104,39.6453,3.766121,,7131.0,-2.028832,1.055656,39.8255,3.6940572938228424
1873,2.028832,1.055668,39.6665,3.766121,,7132.0,-2.028832,1.05622,39.8468,3.647687009577196
1874,2.028832,1.056232,39.6877,3.766121,,7133.0,-2.029018,1.056784,39.868,3.691649930445922
1875,2.028832,1.056795,39.7089,3.766121,,7134.0,-2.029018,1.057347,39.8893,3.698813284975114
1876,2.028832,1.057359,39.73,3.766121,,7135.0,-2.029018,1.057911,39.9106,3.6252759265543983
1877,2.028832,1.057922,39.7512,3.766121,,7136.0,-2.028832,1.058474,39.9318,3.6934724920693207
1878,2.028832,1.058486,39.7724,3.767051,,7137.0,-2.028832,1.059038,39.9531,3.67659306937636
1879,2.028832,1.059049,39.7936,3.767051,,7138.0,-2.028832,1.059601,39.9743,3.6181870718011138
1880,2.028832,1.059613,39.8148,3.767051,,7139.0,-2.029204,1.060165,39.9956,3.681483491499697
1881,2.028832,1.060176,39.8359,3.767051,,7140.0,-2.029204,1.060729,40.0169,3.6866180652431697
1882,2.028832,1.06074,39.8571,3.766741,,7141.0,-2.029204,1.061292,40.0381,3.636520853008292
1883,2.028832,1.061304,39.8783,3.766741,,7142.0,-2.029018,1.061856,40.0594,3.65338089860873
1884,2.028832,1.061867,39.8995,3.767051,,7143.0,-2.028832,1.06242,40.0807,3.5638347847204126
1885,2.029018,1.062431,39.9206,3.767051,,7144.0,-2.028832,1.062983,40.1019,3.6984839805553706
1886,2.029018,1.062994,39.9418,3.767051,,7145.0,-2.029018,1.063547,40.1232,3.718089943815747
1887,2.029018,1.063558,39.963,3.767051,,7146.0,-2.028832,1.06411,40.1444,3.5924121296204277
1888,2.028832,1.064122,39.9842,3.767671,,7147.0,-2.029204,1.064674,40.1657,3.637438089045945
1889,2.028832,1.064685,40.0053,3.767671,,7148.0,-2.029204,1.065238,40.187,3.5863247513191046
1890,2.028832,1.065249,40.0265,3.767671,,7149.0,-2.028832,1.065801,40.2082,3.6424784771616077
1891,2.028832,1.065812,40.0477,3.768601,,7150.0,-2.029018,1.066365,40.2295,3.594621112134483
1892,2.028832,1.066376,40.0689,3.768601,,7151.0,-2.029018,1.066929,40.2508,3.650616660775087
1893,2.028832,1.066939,40.09,3.768601,,7152.0,-2.028832,1.067492,40.272,3.583141115825901
1894,2.028832,1.067503,40.1112,3.768911,,7153.0,-2.029018,1.068056,40.2933,3.6481040179408692
1895,2.029204,1.068067,40.1324,3.768911,,7154.0,-2.029018,1.068619,40.3145,3.5767657683961676
1896,2.029204,1.06863,40.1536,3.768911,,7155.0,-2.028832,1.069183,40.3358,3.653582818212497
1897,2.028832,1.069194,40.1748,3.769531,,7156.0,-2.029204,1.069746,40.3571,3.6724165371621806
1898,2.029018,1.069758,40.1959,3.770151,,7157.0,-2.029204,1.07031,40.3783,3.6751001328353636
1899,2.029018,1.070321,40.2171,3.770151,,7158.0,-2.028832,1.070874,40.3996,3.659320619874765
1900,2.029018,1.070885,40.2383,3.770151,,7159.0,-2.028832,1.071437,40.4209,3.700501265373056
1901,2.029204,1.071448,40.2595,3.770151,,7160.0,-2.028832,1.072001,40.4421,3.680040582144868
1902,2.029204,1.072012,40.2806,3.770151,,7161.0,-2.028832,1.072564,40.4634,3.6757490607215604
1903,2.029204,1.072576,40.3018,3.770461,,7162.0,-2.029204,1.073128,40.4846,3.631975523734923
1904,2.028832,1.073139,40.323,3.770461,,7163.0,-2.029204,1.073692,40.5059,3.659223388778064
1905,2.028832,1.073703,40.3442,3.770461,,7164.0,-2.029204,1.074255,40.5272,3.718057164609225
1906,2.028832,1.074266,40.3654,3.770461,,7165.0,-2.029204,1.074819,40.5484,3.568845904832981
1907,2.029018,1.07483,40.3865,3.771081,,7166.0,-2.029204,1.075383,40.5697,3.662007562780084
1908,2.029018,1.075394,40.4077,3.771081,,7167.0,-2.029204,1.075946,40.591,3.7674064383561054
1909,2.029018,1.075957,40.4289,3.771081,,7168.0,-2.029204,1.07651,40.6122,3.6667921364699603
1910,2.028832,1.076521,40.4501,3.771081,,7169.0,-2.029204,1.077074,40.6335,3.6643863778345023
1911,2.028832,1.077084,40.4712,3.771081,,7170.0,-2.029018,1.077637,40.6548,3.646703575798226
1912,2.028832,1.077648,40.4924,3.771081,,7171.0,-2.029018,1.078201,40.676,3.6743748892504753
1913,2.028832,1.078212,40.5136,3.771081,,7172.0,-2.029018,1.078765,40.6973,3.6030849707985566
1914,2.029204,1.078775,40.5348,3.771081,,7173.0,-2.029018,1.079328,40.7185,3.71334005438391
1915,2.029204,1.079339,40.556,3.771081,,7174.0,-2.028832,1.079892,40.7398,3.7412232694238647
1916,2.028832,1.079903,40.5771,3.771081,,7175.0,-2.028832,1.080455,40.7611,3.6600116631774657
1917,2.029204,1.080466,40.5983,3.771081,,7176.0,-2.028832,1.081019,40.7823,3.651577558422254
1918,2.029204,1.08103,40.6195,3.771081,,7177.0,-2.029018,1.081583,40.8036,3.566988910990436
1919,2.02939,1.081594,40.6407,3.771391,,7178.0,-2.029018,1.082146,40.8249,3.7187915013200668
1920,2.02939,1.082157,40.6618,3.771391,,7179.0,-2.029204,1.08271,40.8461,3.6569103376565804
1921,2.02939,1.082721,40.683,3.771391,,7180.0,-2.029204,1.083274,40.8674,3.667914947318066
1922,2.029204,1.083285,40.7042,3.771391,,7181.0,-2.029204,1.083837,40.8886,3.6851793329466602
1923,2.028832,1.083848,40.7254,3.771391,,7182.0,-2.029204,1.084401,40.9099,3.6792528252456873
1924,2.028832,1.084412,40.7466,3.771391,,7183.0,-2.029204,1.084965,40.9312,3.6648787674936125
1925,2.028832,1.084975,40.7677,3.771391,,7184.0,-2.029204,1.085528,40.9524,3.6714501952257432
1926,2.028832,1.085539,40.7889,3.771391,,7185.0,-2.029204,1.086092,40.9737,3.6454021399718117
1927,2.028832,1.086102,40.8101,3.772012,,7186.0,-2.029204,1.086655,40.995,3.695028462908661
1928,2.029018,1.086666,40.8313,3.772012,,7187.0,-2.029204,1.087219,41.0162,3.7303555167209517
1929,2.029204,1.08723,40.8524,3.772321,,7188.0,-2.029204,1.087783,41.0375,3.692837640625119
1930,2.029204,1.087793,40.8736,3.772321,,7189.0,-2.029204,1.088347,41.0588,3.7497290571668414
1931,2.02939,1.088357,40.8948,3.772631,,7190.0,-2.028832,1.08891,41.08,3.636232655763229
1932,2.02939,1.088921,40.916,3.772631,,7191.0,-2.028832,1.089474,41.1013,3.554331765432653
1933,2.02939,1.089485,40.9372,3.772631,,7192.0,-2.028832,1.090037,41.1226,3.6574431723012917
1934,2.029204,1.090048,40.9584,3.772941,,7193.0,-2.028832,1.090601,41.1438,3.682912729332544
1935,2.029204,1.090612,40.9795,3.773252,,7194.0,-2.028832,1.091164,41.1651,3.600376727541316
1936,2.029204,1.091176,41.0007,3.773252,,7195.0,-2.028832,1.091728,41.1863,3.709786709356116
1937,2.029018,1.091739,41.0219,3.773871,,7196.0,-2.028832,1.092291,41.2076,3.634667897388779
1938,2.029204,1.092303,41.0431,3.774182,,7197.0,-2.02939,1.092855,41.2289,3.638469369157805
1939,2.029204,1.092867,41.0643,3.774182,,7198.0,-2.02939,1.093419,41.2501,3.6584480090993763
1940,2.029018,1.09343,41.0854,3.774182,,7199.0,-2.02939,1.093983,41.2714,3.663357651447294
1941,2.028832,1.093994,41.1066,3.774492,,7200.0,-2.02939,1.094546,41.2927,3.6771967406046375
1942,2.028832,1.094557,41.1278,3.774492,,7201.0,-2.028832,1.09511,41.3139,3.784523067589709
1943,2.028832,1.095121,41.149,3.775112,,7202.0,-2.028832,1.095674,41.3352,3.6509889908474227
1944,2.028832,1.095684,41.1701,3.775112,,7203.0,-2.028832,1.096237,41.3564,3.669433147182555
1945,2.028832,1.096248,41.1913,3.775112,,7204.0,-2.028832,1.096801,41.3777,3.714841002073803
1946,2.028832,1.096812,41.2125,3.775112,,7205.0,-2.028832,1.097364,41.399,3.601109412703532
1947,2.029018,1.097375,41.2337,3.775732,,7206.0,-2.028832,1.097928,41.4202,3.5913910034161964
1948,2.029018,1.097939,41.2548,3.775732,,7207.0,-2.028832,1.098491,41.4415,3.672454041122822
1949,2.028832,1.098502,41.276,3.775732,,7208.0,-2.029018,1.099055,41.4627,3.6083407802207894
1950,2.02939,1.099066,41.2972,3.775732,,7209.0,-2.029018,1.099619,41.484,3.696109248277401
1951,2.02939,1.09963,41.3184,3.775732,,7210.0,-2.029204,1.100182,41.5053,3.6567194347883367
1952,2.02939,1.100194,41.3396,3.775732,,7211.0,-2.029204,1.100746,41.5265,3.6587327222887036
1953,2.02939,1.100757,41.3607,3.775732,,7212.0,-2.029204,1.10131,41.5478,3.6519449084206412
1954,2.02939,1.101321,41.3819,3.775732,,7213.0,-2.029204,1.101873,41.5691,3.581432189837704
1955,2.028832,1.101884,41.4031,3.775732,,7214.0,-2.028832,1.102437,41.5903,3.641905066319568
1956,2.028832,1.102448,41.4243,3.775732,,7215.0,-2.028832,1.103,41.6116,3.7049149619266775
1957,2.028832,1.103012,41.4454,3.775732,,7216.0,-2.028832,1.103564,41.6329,3.667076846683364
1958,2.029018,1.103575,41.4666,3.775732,,7217.0,-2.028832,1.104128,41.6541,3.6279629641810622
1959,2.029018,1.104139,41.4878,3.775732,,7218.0,-2.028832,1.104691,41.6754,3.61371948183106
1960,2.029018,1.104702,41.509,3.775732,,7219.0,-2.028832,1.105255,41.6966,3.6631422999084733
1961,2.02939,1.105266,41.5302,3.775732,,7220.0,-2.028832,1.105818,41.7179,3.7094611307468526
1962,2.02939,1.10583,41.5513,3.775732,,7221.0,-2.028832,1.106382,41.7392,3.604004963902667
1963,2.02939,1.106394,41.5725,3.775732,,7222.0,-2.029204,1.106945,41.7604,3.62765554993599
1964,2.02939,1.106957,41.5937,3.776042,,7223.0,-2.029204,1.107509,41.7817,3.646450689271069
1965,2.029204,1.107521,41.6149,3.776042,,7224.0,-2.029204,1.108073,41.803,3.7323215998386945
1966,2.028832,1.108085,41.6361,3.776042,,7225.0,-2.02939,1.108636,41.8242,3.7344365565961373
1967,2.028832,1.108648,41.6572,3.776042,,7226.0,-2.029204,1.1092,41.8455,3.6240125535875976
1968,2.029204,1.109212,41.6784,3.776042,,7227.0,-2.029204,1.109764,41.8668,3.6102079580981474
1969,2.028832,1.109775,41.6996,3.776042,,7228.0,-2.02939,1.110327,41.888,3.717466638150543
1970,2.028832,1.110339,41.7208,3.777902,,7229.0,-2.02939,1.110891,41.9093,3.625763013979851
1971,2.029204,1.110903,41.742,3.777902,,7230.0,-2.02939,1.111455,41.9305,3.6220703593718464
1972,2.028832,1.111466,41.7631,3.777902,,7231.0,-2.02939,1.112019,41.9518,3.5523662926169726
1973,2.028832,1.11203,41.7843,3.778212,,7232.0,-2.029204,1.112582,41.9731,3.6831930513152753
1974,2.028832,1.112593,41.8055,3.778522,,7233.0,-2.029204,1.113146,41.9944,3.6218124802764264
1975,2.028832,1.113157,41.8267,3.778522,,7234.0,-2.028832,1.11371,42.0156,3.7392517594586714
1976,2.028832,1.11372,41.8478,3.778522,,7235.0,-2.028832,1.114273,42.0369,3.6143703253598165
1977,2.028832,1.114284,41.869,3.778522,,7236.0,-2.028832,1.114837,42.0581,3.6561544389859617
1978,2.029018,1.114848,41.8902,3.778832,,7237.0,-2.028832,1.1154,42.0794,3.6873588434541884
1979,2.029018,1.115411,41.9114,3.778832,,7238.0,-2.029018,1.115964,42.1007,3.7056570900554147
1980,2.029018,1.115975,41.9325,3.778832,,7239.0,-2.029018,1.116528,42.1219,3.607702114565066
1981,2.029018,1.116538,41.9537,3.778832,,7240.0,-2.029204,1.117091,42.1432,3.6972408872207554
1982,2.029018,1.117102,41.9749,3.778832,,7241.0,-2.029204,1.117655,42.1644,3.6068297761072143
1983,2.028832,1.117666,41.9961,3.779142,,7242.0,-2.029204,1.118219,42.1857,3.557112150138469
1984,2.028832,1.118229,42.0172,3.778832,,7243.0,-2.029204,1.118782,42.207,3.6387128038320915
1985,2.028832,1.118793,42.0384,3.778832,,7244.0,-2.028832,1.119346,42.2282,3.6451413871927283
1986,2.028832,1.119356,42.0596,3.779142,,7245.0,-2.028832,1.119909,42.2495,3.6593487510044143
1987,2.028832,1.11992,42.0808,3.779452,,7246.0,-2.028832,1.120473,42.2708,3.6336845180888
1988,2.028832,1.120484,42.102,3.779452,,7247.0,-2.028832,1.121036,42.292,3.704069707859713
1989,2.028832,1.121047,42.1231,3.779452,,7248.0,-2.028832,1.1216,42.3133,3.646950018517635
1990,2.028832,1.121611,42.1443,3.779452,,7249.0,-2.028832,1.122164,42.3345,3.7180470912929073
1991,2.028832,1.122174,42.1655,3.779452,,7250.0,-2.028832,1.122727,42.3558,3.6191881665450985
1992,2.028832,1.122738,42.1867,3.779762,,7251.0,-2.028832,1.123291,42.3771,3.684716428518353
1993,2.028832,1.123301,42.2078,3.779762,,7252.0,-2.028832,1.123854,42.3983,3.6104954461842502
1994,2.028832,1.123865,42.229,3.779762,,7253.0,-2.028832,1.124418,42.4196,3.72279393774325
1995,2.029204,1.124429,42.2502,3.779762,,7254.0,-2.028832,1.124981,42.4408,3.5640406228857513
1996,2.028832,1.124992,42.2714,3.779762,,7255.0,-2.028832,1.125545,42.4621,3.6575351884407405
1997,2.029204,1.125556,42.2925,3.779762,,7256.0,-2.028832,1.126109,42.4834,3.628219843528001
1998,2.029204,1.126119,42.3137,3.779762,,7257.0,-2.029018,1.126672,42.5046,3.601416112685528
1999,2.029204,1.126683,42.3349,3.780072,,7258.0,-2.029018,1.127236,42.5259,3.5867396681151376
2000,2.029204,1.127247,42.3561,3.780072,,7259.0,-2.029018,1.127799,42.5472,3.533871644952342
2001,2.029204,1.12781,42.3773,3.780072,,7260.0,-2.029204,1.128363,42.5684,3.679412191142608
2002,2.029204,1.128374,42.3984,3.780072,,7261.0,-2.029204,1.128927,42.5897,3.7231630681233936
2003,2.028832,1.128938,42.4196,3.780382,,7262.0,-2.029204,1.12949,42.611,3.5881703798480933
2004,2.028832,1.129501,42.4408,3.780382,,7263.0,-2.029204,1.130054,42.6322,3.7226724092655137
2005,2.029204,1.130065,42.462,3.780382,,7264.0,-2.029204,1.130618,42.6535,3.6734783595660465
2006,2.028832,1.130628,42.4831,3.780382,,7265.0,-2.029018,1.131181,42.6747,3.6407752961733277
2007,2.028832,1.131192,42.5043,3.780692,,7266.0,-2.029018,1.131745,42.696,3.607603074821264
2008,2.028832,1.131756,42.5255,3.780692,,7267.0,-2.029018,1.132309,42.7173,3.629332006943789
2009,2.028832,1.132319,42.5467,3.781002,,7268.0,-2.029018,1.132872,42.7385,3.6393962261401946
2010,2.028832,1.132883,42.5678,3.781002,,7269.0,-2.029204,1.133436,42.7598,3.618436892510582
2011,2.028832,1.133446,42.589,3.781002,,7270.0,-2.029204,1.133999,42.7811,3.6013904998113677
2012,2.028832,1.13401,42.6102,3.781312,,7271.0,-2.029204,1.134563,42.8023,3.644030070178502
2013,2.028832,1.134573,42.6314,3.781312,,7272.0,-2.029018,1.135127,42.8236,3.5713977442151137
2014,2.028832,1.135137,42.6526,3.781312,,7273.0,-2.028832,1.13569,42.8448,3.6973819635815803
2015,2.028832,1.135701,42.6737,3.781312,,7274.0,-2.028832,1.136254,42.8661,3.6822707321964367
2016,2.028832,1.136264,42.6949,3.781312,,7275.0,-2.028832,1.136817,42.8874,3.6703767981236863
2017,2.028832,1.136828,42.7161,3.781622,,7276.0,-2.028832,1.137381,42.9086,3.643292315744651
2018,2.029018,1.137391,42.7373,3.782242,,7277.0,-2.028832,1.137945,42.9299,3.7114498187966953
2019,2.029018,1.137955,42.7584,3.782242,,7278.0,-2.029204,1.138508,42.9512,3.545956763070596
2020,2.029018,1.138518,42.7796,3.782242,,7279.0,-2.02939,1.139072,42.9724,3.664822004165192
2021,2.029018,1.139082,42.8008,3.782862,,7280.0,-2.02939,1.139636,42.9937,3.6049231981627843
2022,2.029018,1.139646,42.822,3.782862,,7281.0,-2.02939,1.140199,43.015,3.6200661948946817
2023,2.029204,1.140209,42.8432,3.783482,,7282.0,-2.02939,1.140763,43.0362,3.746842124078696
2024,2.029204,1.140773,42.8643,3.783482,,7283.0,-2.02939,1.141327,43.0575,3.620279444656976
2025,2.029204,1.141337,42.8855,3.783482,,7284.0,-2.02939,1.141891,43.0788,3.668041043194323
2026,2.029204,1.1419,42.9067,3.783482,,7285.0,-2.02939,1.142454,43.1,3.6124851520494183
2027,2.029204,1.142464,42.9279,3.783792,,7286.0,-2.02939,1.143018,43.1213,3.6399896447380513
2028,2.029204,1.143028,42.949,3.783792,,7287.0,-2.029204,1.143582,43.1426,3.6169270113130683
2029,2.029204,1.143591,42.9702,3.784102,,7288.0,-2.029204,1.144145,43.1638,3.622156364739496
2030,2.029204,1.144155,42.9914,3.784102,,7289.0,-2.029204,1.144709,43.1851,3.606657716921159
2031,2.029204,1.144719,43.0126,3.784102,,7290.0,-2.029204,1.145273,43.2064,3.671277013717822
2032,2.029204,1.145282,43.0338,3.785032,,7291.0,-2.02939,1.145836,43.2276,3.637838579205001
2033,2.029204,1.145846,43.0549,3.785652,,7292.0,-2.02939,1.1464,43.2489,3.527376884791749
2034,2.029204,1.14641,43.0761,3.785652,,7293.0,-2.028832,1.146964,43.2701,3.6177863309893366
2035,2.029204,1.146973,43.0973,3.785032,,7294.0,-2.029018,1.147527,43.2914,3.6379761979055245
2036,2.029204,1.147537,43.1185,3.785032,,7295.0,-2.029018,1.148091,43.3127,3.608246843667688
2037,2.02939,1.148101,43.1397,3.785032,,7296.0,-2.028832,1.148654,43.3339,3.613796960722388
2038,2.02939,1.148664,43.1608,3.785032,,7297.0,-2.028832,1.149218,43.3552,3.7521283869051323
2039,2.02939,1.149228,43.182,3.785652,,7298.0,-2.028832,1.149782,43.3765,3.7056766998441666
2040,2.02939,1.149792,43.2032,3.785962,,7299.0,-2.028832,1.150345,43.3977,3.686309264887467
2041,2.02939,1.150356,43.2244,3.785962,,7300.0,-2.028832,1.150909,43.419,3.732548131290625
2042,2.029204,1.150919,43.2456,3.785962,,7301.0,-2.028832,1.151472,43.4402,3.6311223934498082
2043,2.029204,1.151483,43.2668,3.785962,,7302.0,-2.028832,1.152036,43.4615,3.659176368900396
2044,2.029204,1.152047,43.2879,3.785962,,7303.0,-2.028832,1.152599,43.4828,3.715025229873504
2045,2.029204,1.15261,43.3091,3.786272,,7304.0,-2.028832,1.153163,43.504,3.737079654792956
2046,2.029204,1.153174,43.3303,3.786272,,7305.0,-2.02939,1.153727,43.5253,3.6651998114840474
2047,2.029204,1.153738,43.3515,3.786272,,7306.0,-2.029204,1.15429,43.5466,3.5959332178117207
2048,2.028832,1.154301,43.3726,3.786892,,7307.0,-2.029204,1.154854,43.5678,3.6581935600678066
2049,2.028832,1.154865,43.3938,3.786892,,7308.0,-2.029204,1.155418,43.5891,3.6467199927996075
2050,2.028832,1.155428,43.415,3.786892,,7309.0,-2.029018,1.155981,43.6103,3.6299388998243662
2051,2.028832,1.155992,43.4362,3.787512,,7310.0,-2.029018,1.156545,43.6316,3.673793113207724
2052,2.028832,1.156556,43.4574,3.787512,,7311.0,-2.028832,1.157109,43.6529,3.6464067597789263
2053,2.028832,1.157119,43.4785,3.787512,,7312.0,-2.028832,1.157672,43.6741,3.6077474469827875
2054,2.028832,1.157683,43.4997,3.787512,,7313.0,-2.028832,1.158236,43.6954,3.6036463084199943
2055,2.028832,1.158246,43.5209,3.787512,,7314.0,-2.028832,1.158799,43.7167,3.627143025954628
2056,2.028832,1.15881,43.5421,3.787512,,7315.0,-2.029204,1.159363,43.7379,3.626355372322937
2057,2.028832,1.159373,43.5632,3.788132,,7316.0,-2.029204,1.159927,43.7592,3.628958667445305
2058,2.028832,1.159937,43.5844,3.787822,,7317.0,-2.029204,1.16049,43.7804,3.5816913826759977
2059,2.028832,1.1605,43.6056,3.787822,,7318.0,-2.029204,1.161054,43.8017,3.57032852220349
2060,2.028832,1.161064,43.6268,3.788132,,7319.0,-2.028832,1.161618,43.823,3.689976826553572
2061,2.029018,1.161628,43.6479,3.788442,,7320.0,-2.028832,1.162181,43.8442,3.721582789864825
2062,2.02939,1.162191,43.6691,3.788442,,7321.0,-2.028832,1.162745,43.8655,3.619236036619607
2063,2.02939,1.162755,43.6903,3.789683,,7322.0,-2.028832,1.163308,43.8868,3.638977653798354
2064,2.02939,1.163319,43.7115,3.789683,,7323.0,-2.029018,1.163872,43.908,3.6255734852651726
2065,2.029204,1.163882,43.7327,3.789993,,7324.0,-2.029204,1.164435,43.9293,3.584427552151313
2066,2.029204,1.164446,43.7538,3.789993,,7325.0,-2.029204,1.164999,43.9506,3.623657603094555
2067,2.029204,1.16501,43.775,3.790303,,7326.0,-2.029204,1.165563,43.9718,3.5732678990150286
2068,2.029204,1.165573,43.7962,3.790303,,7327.0,-2.02939,1.166126,43.9931,3.591280949492608
2069,2.029204,1.166137,43.8174,3.790923,,7328.0,-2.028832,1.16669,44.0143,3.6629283237618653
2070,2.029204,1.166701,43.8386,3.790923,,7329.0,-2.028832,1.167254,44.0356,3.639195296598137
2071,2.028832,1.167264,43.8597,3.790923,,7330.0,-2.029018,1.167817,44.0569,3.591136637775093
2072,2.028832,1.167828,43.8809,3.790613,,7331.0,-2.029018,1.168381,44.0781,3.639878612361595
2073,2.028832,1.168391,43.9021,3.790613,,7332.0,-2.029018,1.168944,44.0994,3.650046171967293
2074,2.028832,1.168955,43.9233,3.790303,,7333.0,-2.029018,1.169508,44.1207,3.6140264642448185
2075,2.028832,1.169519,43.9444,3.790303,,7334.0,-2.029204,1.170072,44.1419,3.621256869114667
2076,2.028832,1.170082,43.9656,3.790303,,7335.0,-2.029204,1.170635,44.1632,3.6412964762015094
2077,2.028832,1.170646,43.9868,3.790303,,7336.0,-2.02939,1.171199,44.1845,3.6036114807432664
2078,2.028832,1.171209,44.008,3.790303,,7337.0,-2.02939,1.171763,44.2057,3.6046671420696543
2079,2.029018,1.171773,44.0291,3.790923,,7338.0,-2.02939,1.172327,44.227,3.681916224654427
2080,2.029018,1.172337,44.0503,3.790923,,7339.0,-2.028832,1.17289,44.2482,3.5996953044123425
2081,2.029018,1.1729,44.0715,3.790923,,7340.0,-2.028832,1.173454,44.2695,3.5968896797277705
2082,2.029018,1.173464,44.0927,3.791233,,7341.0,-2.028832,1.174017,44.2908,3.6622444380470816
2083,2.029018,1.174027,44.1139,3.791233,,7342.0,-2.028832,1.174581,44.312,3.6120128886779432
2084,2.029018,1.174591,44.135,3.791233,,7343.0,-2.028832,1.175144,44.3333,3.5951382017615794
2085,2.029204,1.175155,44.1562,3.791543,,7344.0,-2.028832,1.175708,44.3545,3.691809121921326
2086,2.029018,1.175718,44.1774,3.791543,,7345.0,-2.028832,1.176272,44.3758,3.590231677139735
2087,2.029018,1.176282,44.1986,3.791543,,7346.0,-2.028832,1.176835,44.3971,3.5931582102295945
2088,2.028832,1.176845,44.2197,3.791853,,7347.0,-2.02939,1.177399,44.4183,3.6179027585067183
2089,2.028832,1.177409,44.2409,3.791853,,7348.0,-2.02939,1.177963,44.4396,3.644480412022225
2090,2.028832,1.177973,44.2621,3.791853,,7349.0,-2.02939,1.178526,44.4609,3.6575788415504045
2091,2.028832,1.178536,44.2833,3.791853,,7350.0,-2.02939,1.17909,44.4821,3.660806800189538
2092,2.028832,1.1791,44.3044,3.791853,,7351.0,-2.02939,1.179654,44.5034,3.5997516280262225
2093,2.028832,1.179663,44.3256,3.791853,,7352.0,-2.029204,1.180217,44.5247,3.656308716945588
2094,2.028832,1.180227,44.3468,3.792163,,7353.0,-2.029204,1.180781,44.5459,3.628480156564245
2095,2.028832,1.18079,44.368,3.792473,,7354.0,-2.029204,1.181345,44.5672,3.7388170883708156
2096,2.028832,1.181354,44.3891,3.792473,,7355.0,-2.029204,1.181908,44.5885,3.595161890759724
2097,2.028832,1.181918,44.4103,3.792783,,7356.0,-2.029204,1.182472,44.6097,3.5608731371785654
2098,2.028832,1.182481,44.4315,3.792783,,7357.0,-2.029204,1.183036,44.631,3.5836077314464894
2099,2.028832,1.183045,44.4527,3.792783,,7358.0,-2.028832,1.183599,44.6523,3.6449548451388374
2100,2.029018,1.183608,44.4739,3.793093,,7359.0,-2.028832,1.184163,44.6735,3.6668705402050277
2101,2.029018,1.184172,44.495,3.793093,,7360.0,-2.028832,1.184726,44.6948,3.699210970446532
2102,2.029018,1.184736,44.5162,3.793093,,7361.0,-2.028832,1.18529,44.716,3.5960718525292372
2103,2.029204,1.185299,44.5374,3.794333,,7362.0,-2.02939,1.185854,44.7373,3.5332971507228788
2104,2.028832,1.185863,44.5586,3.794643,,7363.0,-2.02939,1.186417,44.7586,3.5574837873090637
2105,2.02939,1.186427,44.5797,3.794643,,7364.0,-2.02939,1.186981,44.7798,3.5550543380417134
2106,2.02939,1.18699,44.6009,3.794643,,7365.0,-2.02939,1.187545,44.8011,3.5951424384743786
2107,2.029018,1.187554,44.6221,3.794953,,7366.0,-2.028832,1.188108,44.8224,3.632421304790611
2108,2.029018,1.188118,44.6433,3.794953,,7367.0,-2.028832,1.188672,44.8436,3.580511775538931
2109,2.029018,1.188681,44.6645,3.795573,,7368.0,-2.028832,1.189236,44.8649,3.5302539969544817
2110,2.028832,1.189245,44.6856,3.795573,,7369.0,-2.029204,1.189799,44.8862,3.5678993440493922
2111,2.028832,1.189808,44.7068,3.795573,,7370.0,-2.029204,1.190363,44.9074,3.649024979454604
2112,2.028832,1.190372,44.728,3.796193,,7371.0,-2.029204,1.190927,44.9287,3.6187865763373455
2113,2.029204,1.190935,44.7492,3.795573,,7372.0,-2.029204,1.19149,44.9499,3.599065574465069
2114,2.029204,1.191499,44.7703,3.795573,,7373.0,-2.029204,1.192054,44.9712,3.622165057699288
2115,2.029204,1.192063,44.7915,3.795883,,7374.0,-2.02939,1.192618,44.9925,3.5906288244190323
2116,2.029018,1.192626,44.8127,3.795883,,7375.0,-2.02939,1.193181,45.0137,3.6444428251349033
2117,2.029018,1.19319,44.8339,3.796193,,7376.0,-2.02939,1.193745,45.035,3.604934163912225
2118,2.029018,1.193754,44.8551,3.796193,,7377.0,-2.028832,1.194309,45.0563,3.4969913680194966
2119,2.029204,1.194317,44.8762,3.796193,,7378.0,-2.028832,1.194872,45.0775,3.61735191058769
2120,2.029204,1.194881,44.8974,3.796193,,7379.0,-2.028832,1.195436,45.0988,3.5856222081853706
2121,2.029204,1.195445,44.9186,3.796193,,7380.0,-2.028832,1.195999,45.1201,3.658901170809065
2122,2.029204,1.196008,44.9398,3.796193,,7381.0,-2.028832,1.196563,45.1413,3.6073422492489966
2123,2.029018,1.196572,44.961,3.796193,,7382.0,-2.028832,1.197126,45.1626,3.6095152798369985
2124,2.029018,1.197136,44.9821,3.796503,,7383.0,-2.028832,1.19769,45.1838,3.637640423931978
2125,2.029018,1.197699,45.0033,3.796503,,7384.0,-2.028832,1.198254,45.2051,3.641633585014853
2126,2.029018,1.198263,45.0245,3.796503,,7385.0,-2.028832,1.198817,45.2264,3.6093720415302277
2127,2.029018,1.198826,45.0457,3.796503,,7386.0,-2.028832,1.199381,45.2476,3.5677841496346616
2128,2.029204,1.19939,45.0668,3.796503,,7387.0,-2.029018,1.199944,45.2689,3.6726807145249585
2129,2.029204,1.199954,45.088,3.796503,,7388.0,-2.029018,1.200508,45.2901,3.5828526436796917
2130,2.029204,1.200517,45.1092,3.796503,,7389.0,-2.029018,1.201072,45.3114,3.5586291109073906
2131,2.029204,1.201081,45.1304,3.797123,,7390.0,-2.029018,1.201635,45.3327,3.7228040042529615
2132,2.029018,1.201645,45.1516,3.797123,,7391.0,-2.029018,1.202199,45.3539,3.6003343276993744
2133,2.029018,1.202208,45.1727,3.797123,,7392.0,-2.029204,1.202762,45.3752,3.6610052953558494
2134,2.029018,1.202772,45.1939,3.798053,,7393.0,-2.029204,1.203326,45.3965,3.6848347820754097
2135,2.028832,1.203335,45.2151,3.798363,,7394.0,-2.029204,1.20389,45.4177,3.6334792456311646
2136,2.028832,1.203899,45.2363,3.798363,,7395.0,-2.029018,1.204453,45.439,3.6014158395735167
2137,2.029018,1.204463,45.2575,3.798673,,7396.0,-2.028832,1.205017,45.4603,3.6034311946672997
2138,2.029204,1.205026,45.2786,3.798983,,7397.0,-2.029018,1.205581,45.4815,3.510809640911569
2139,2.029204,1.20559,45.2998,3.798983,,7398.0,-2.029018,1.206144,45.5028,3.662551001436264
2140,2.029204,1.206154,45.321,3.799293,,7399.0,-2.029204,1.206708,45.524,3.576033701465728
2141,2.028832,1.206717,45.3422,3.799603,,7400.0,-2.029204,1.207271,45.5453,3.716294337641313
2142,2.028832,1.207281,45.3633,3.799603,,7401.0,-2.029204,1.207835,45.5666,3.5794999777198138
2143,2.028832,1.207844,45.3845,3.799603,,7402.0,-2.028832,1.208399,45.5878,3.568904113881353
2144,2.028832,1.208408,45.4057,3.799603,,7403.0,-2.028832,1.208962,45.6091,3.6027437822550445
2145,2.028832,1.208972,45.4269,3.799603,,7404.0,-2.028832,1.209526,45.6304,3.5628604250094855
2146,2.028832,1.209535,45.448,3.799603,,7405.0,-2.029204,1.21009,45.6516,3.6486976000160323
2147,2.028832,1.210099,45.4692,3.799913,,7406.0,-2.029204,1.210653,45.6729,3.6001933778450774
2148,2.029018,1.210662,45.4904,3.799913,,7407.0,-2.029204,1.211217,45.6942,3.546125849154248
2149,2.029018,1.211226,45.5116,3.799603,,7408.0,-2.029204,1.211781,45.7154,3.5862321695934596
2150,2.029018,1.211789,45.5328,3.799913,,7409.0,-2.029204,1.212344,45.7367,3.673969107210315
2151,2.029204,1.212353,45.5539,3.799913,,7410.0,-2.028832,1.212908,45.7579,3.5945956720779324
2152,2.029204,1.212917,45.5751,3.800223,,7411.0,-2.028832,1.213471,45.7792,3.6409189956893564
2153,2.028832,1.21348,45.5963,3.800533,,7412.0,-2.028832,1.214035,45.8005,3.6055499002178784
2154,2.029204,1.214044,45.6175,3.800533,,7413.0,-2.028832,1.214598,45.8217,3.6114148226141003
2155,2.029204,1.214608,45.6386,3.800843,,7414.0,-2.028832,1.215162,45.843,3.595394097588414
2156,2.02939,1.215171,45.6598,3.801153,,7415.0,-2.028832,1.215726,45.8642,3.678092042206191
2157,2.02939,1.215735,45.681,3.801153,,7416.0,-2.028832,1.216289,45.8855,3.5539363584134365
2158,2.02939,1.216299,45.7022,3.801153,,7417.0,-2.02939,1.216853,45.9068,3.518389137426185
2159,2.029204,1.216862,45.7234,3.801153,,7418.0,-2.02939,1.217417,45.928,3.5596753138650445
2160,2.028832,1.217426,45.7445,3.801463,,7419.0,-2.02939,1.21798,45.9493,3.5374965940250904
2161,2.028832,1.21799,45.7657,3.801463,,7420.0,-2.02939,1.218544,45.9706,3.613293944638032
2162,2.028832,1.218553,45.7869,3.801773,,7421.0,-2.02939,1.219108,45.9918,3.5988995775328068
2163,2.029204,1.219117,45.8081,3.802393,,7422.0,-2.029204,1.219671,46.0131,3.572852354177476
2164,2.029204,1.219681,45.8293,3.802393,,7423.0,-2.029204,1.220235,46.0344,3.608594157016774
2165,2.02939,1.220244,45.8504,3.802393,,7424.0,-2.02939,1.220799,46.0556,3.575884026695033
2166,2.029204,1.220808,45.8716,3.802393,,7425.0,-2.02939,1.221362,46.0769,3.6739104096064525
2167,2.029204,1.221372,45.8928,3.802703,,7426.0,-2.02939,1.221926,46.0982,3.641686125874247
2168,2.028832,1.221935,45.914,3.803013,,7427.0,-2.029204,1.22249,46.1194,3.647669600642678
2169,2.028832,1.222499,45.9352,3.803013,,7428.0,-2.029204,1.223054,46.1407,3.5811695917262
2170,2.028832,1.223062,45.9563,3.803324,,7429.0,-2.029204,1.223617,46.162,3.6083743136479662
2171,2.028832,1.223626,45.9775,3.803633,,7430.0,-2.028832,1.224181,46.1832,3.5868727194646657
2172,2.028832,1.224189,45.9987,3.803943,,7431.0,-2.028832,1.224744,46.2045,3.623906166129267
2173,2.028832,1.224753,46.0199,3.803943,,7432.0,-2.029204,1.225308,46.2258,3.5561867159303695
2174,2.028832,1.225317,46.041,3.804254,,7433.0,-2.028832,1.225872,46.247,3.565485960033557
2175,2.028832,1.22588,46.0622,3.804564,,7434.0,-2.028832,1.226435,46.2683,3.5933554380186203
2176,2.028832,1.226444,46.0834,3.804564,,7435.0,-2.029204,1.226999,46.2895,3.5850467542394058
2177,2.02939,1.227007,46.1046,3.804564,,7436.0,-2.029204,1.227563,46.3108,3.594034200409777
2178,2.02939,1.227571,46.1257,3.804564,,7437.0,-2.029204,1.228126,46.3321,3.6358453663801025
2179,2.02939,1.228135,46.1469,3.804564,,7438.0,-2.029204,1.22869,46.3533,3.554736488272885
2180,2.028832,1.228698,46.1681,3.804873,,7439.0,-2.028832,1.229253,46.3746,3.695078985240521
2181,2.028832,1.229262,46.1893,3.805494,,7440.0,-2.028832,1.229817,46.3959,3.5652194828686916
2182,2.028832,1.229825,46.2105,3.805494,,7441.0,-2.028832,1.230381,46.4171,3.5969562731488876
2183,2.028832,1.230389,46.2316,3.805494,,7442.0,-2.028832,1.230944,46.4384,3.5980870483129945
2184,2.028832,1.230953,46.2528,3.805804,,7443.0,-2.028832,1.231508,46.4596,3.5744992246659333
2185,2.028832,1.231516,46.274,3.805804,,7444.0,-2.029018,1.232071,46.4809,3.58910990247141
2186,2.028832,1.23208,46.2952,3.806113,,7445.0,-2.029204,1.232635,46.5022,3.5753391241752497
2187,2.028832,1.232643,46.3163,3.806113,,7446.0,-2.029204,1.233199,46.5234,3.6100196269097924
2188,2.028832,1.233207,46.3375,3.806113,,7447.0,-2.02939,1.233762,46.5447,3.5584327958874207
2189,2.028832,1.23377,46.3587,3.806113,,7448.0,-2.02939,1.234326,46.566,3.519682112759279
2190,2.028832,1.234334,46.3799,3.806113,,7449.0,-2.02939,1.23489,46.5872,3.5371376073091056
2191,2.028832,1.234898,46.401,3.806113,,7450.0,-2.029204,1.235453,46.6085,3.628186266601491
2192,2.028832,1.235461,46.4222,3.806113,,7451.0,-2.029204,1.236017,46.6298,3.5843224209924314
2193,2.028832,1.236025,46.4434,3.806113,,7452.0,-2.029204,1.236581,46.651,3.568649697129647
2194,2.028832,1.236588,46.4646,3.806113,,7453.0,-2.029204,1.237144,46.6723,3.580642393802675
2195,2.028832,1.237152,46.4857,3.806734,,7454.0,-2.029204,1.237708,46.6936,3.658797700342051
2196,2.028832,1.237715,46.5069,3.807044,,7455.0,-2.029204,1.238272,46.7148,3.5995466102244467
2197,2.028832,1.238279,46.5281,3.807044,,7456.0,-2.028832,1.238835,46.7361,3.6555345270781268
2198,2.028832,1.238842,46.5493,3.807044,,7457.0,-2.028832,1.239399,46.7573,3.6378900038389914
2199,2.028832,1.239406,46.5704,3.807044,,7458.0,-2.028832,1.239962,46.7786,3.585686467192488
2200,2.028832,1.23997,46.5916,3.807044,,7459.0,-2.028832,1.240526,46.7999,3.665740152855194
2201,2.028832,1.240533,46.6128,3.807044,,7460.0,-2.029204,1.24109,46.8211,3.5639314063157603
2202,2.028832,1.241097,46.634,3.807044,,7461.0,-2.02939,1.241653,46.8424,3.6633336786144723
2203,2.028832,1.24166,46.6551,3.807044,,7462.0,-2.02939,1.242217,46.8637,3.5365346377352047
2204,2.028832,1.242224,46.6763,3.807044,,7463.0,-2.02939,1.242781,46.8849,3.631421445490351
2205,2.028832,1.242787,46.6975,3.807044,,7464.0,-2.02939,1.243345,46.9062,3.6792158901144587
2206,2.028832,1.243351,46.7187,3.807044,,7465.0,-2.02939,1.243908,46.9275,3.6649858511427413
2207,2.028832,1.243915,46.7399,3.807044,,7466.0,-2.028832,1.244472,46.9487,3.5343688121870573
2208,2.028832,1.244478,46.761,3.807974,,7467.0,-2.028832,1.245035,46.97,3.556676582454046
2209,2.029204,1.245042,46.7822,3.808284,,7468.0,-2.028832,1.245599,46.9912,3.6223532195450385
2210,2.029204,1.245605,46.8034,3.808284,,7469.0,-2.028832,1.246163,47.0125,3.6399777223884944
2211,2.028832,1.246169,46.8246,3.808904,,7470.0,-2.028832,1.246726,47.0338,3.5109947922644977
2212,2.029204,1.246733,46.8457,3.809214,,7471.0,-2.028832,1.24729,47.055,3.610777621460725
2213,2.029204,1.247296,46.8669,3.809214,,7472.0,-2.028832,1.247853,47.0763,3.653139075589302
2214,2.02939,1.24786,46.8881,3.809214,,7473.0,-2.029204,1.248417,47.0976,3.629698807142318
2215,2.02939,1.248424,46.9093,3.809214,,7474.0,-2.029204,1.248981,47.1188,3.562192585158923
2216,2.02939,1.248988,46.9305,3.809214,,7475.0,-2.029204,1.249544,47.1401,3.611173647750753
2217,2.029204,1.249551,46.9516,3.809834,,7476.0,-2.029204,1.250108,47.1613,3.619501091697406
2218,2.029204,1.250115,46.9728,3.810764,,7477.0,-2.029204,1.250672,47.1826,3.550725447236894
2219,2.029204,1.250679,46.994,3.810764,,7478.0,-2.029018,1.251235,47.2039,3.6045590306256616
2220,2.029204,1.251242,47.0152,3.810454,,7479.0,-2.028832,1.251799,47.2251,3.586565912346445
2221,2.029018,1.251806,47.0364,3.810764,,7480.0,-2.028832,1.252362,47.2464,3.5408348121146402
2222,2.029018,1.25237,47.0575,3.810764,,7481.0,-2.028832,1.252926,47.2677,3.601268642245382
2223,2.029018,1.252933,47.0787,3.810454,,7482.0,-2.028832,1.253489,47.2889,3.60901732559595
2224,2.029018,1.253497,47.0999,3.811384,,7483.0,-2.028832,1.254053,47.3102,3.53409946933511
2225,2.029204,1.25406,47.1211,3.810764,,7484.0,-2.028832,1.254617,47.3314,3.6235726259332854
2226,2.029204,1.254624,47.1423,3.810764,,7485.0,-2.029204,1.25518,47.3527,3.516477412837186
2227,2.029204,1.255188,47.1634,3.811694,,7486.0,-2.029204,1.255744,47.374,3.6404212593366414
2228,2.029018,1.255751,47.1846,3.811694,,7487.0,-2.029204,1.256308,47.3952,3.5362812905124654
2229,2.029018,1.256315,47.2058,3.811694,,7488.0,-2.02939,1.256871,47.4165,3.661674707862461
2230,2.028832,1.256878,47.227,3.811694,,7489.0,-2.02939,1.257435,47.4378,3.6101472422066685
2231,2.028832,1.257442,47.2481,3.811694,,7490.0,-2.029204,1.257999,47.459,3.5399187224490203
2232,2.028832,1.258006,47.2693,3.811694,,7491.0,-2.02939,1.258562,47.4803,3.5736722863139696
2233,2.028832,1.258569,47.2905,3.812004,,7492.0,-2.02939,1.259126,47.5016,3.627905316624373
2234,2.028832,1.259133,47.3117,3.812004,,7493.0,-2.029204,1.25969,47.5228,3.5670738706061367
2235,2.028832,1.259696,47.3328,3.812004,,7494.0,-2.029204,1.260254,47.5441,3.583481548410755
2236,2.028832,1.26026,47.354,3.812004,,7495.0,-2.029204,1.260817,47.5654,3.585499794960328
2237,2.028832,1.260823,47.3752,3.812004,,7496.0,-2.029204,1.261381,47.5866,3.5585249443707614
2238,2.028832,1.261387,47.3964,3.812004,,7497.0,-2.028832,1.261944,47.6079,3.7109462356457277
2239,2.028832,1.261951,47.4175,3.812004,,7498.0,-2.028832,1.262508,47.6291,3.642805881470753
2240,2.028832,1.262514,47.4387,3.812004,,7499.0,-2.029204,1.263072,47.6504,3.6415038161324604
2241,2.028832,1.263078,47.4599,3.812004,,7500.0,-2.029204,1.263635,47.6717,3.574698542655224
2242,2.028832,1.263641,47.4811,3.812004,,7501.0,-2.029204,1.264199,47.6929,3.5771554358463336
2243,2.02939,1.264205,47.5023,3.812004,,7502.0,-2.029204,1.264763,47.7142,3.5804420900923333
2244,2.02939,1.264769,47.5234,3.812004,,7503.0,-2.029204,1.265326,47.7355,3.546587352732978
2245,2.02939,1.265332,47.5446,3.812624,,7504.0,-2.029204,1.26589,47.7567,3.6271783398388617
2246,2.02939,1.265896,47.5658,3.813554,,7505.0,-2.029204,1.266454,47.778,3.623601738250448
2247,2.028832,1.26646,47.587,3.813554,,7506.0,-2.029204,1.267017,47.7993,3.529748344048045
2248,2.028832,1.267023,47.6082,3.813554,,7507.0,-2.029204,1.267581,47.8205,3.645222144586805
2249,2.028832,1.267587,47.6293,3.813864,,7508.0,-2.029204,1.268145,47.8418,3.6130827500818987
2250,2.028832,1.26815,47.6505,3.813864,,7509.0,-2.029018,1.268708,47.8631,3.5493778010923145
2251,2.028832,1.268714,47.6717,3.814174,,7510.0,-2.029018,1.269272,47.8843,3.5380508747305215
2252,2.028832,1.269278,47.6929,3.814794,,7511.0,-2.029018,1.269835,47.9056,3.4898792878627636
2253,2.028832,1.269841,47.714,3.814794,,7512.0,-2.02939,1.270399,47.9269,3.6064766929347774
2254,2.028832,1.270405,47.7352,3.814794,,7513.0,-2.02939,1.270963,47.9481,3.556640679667902
2255,2.028832,1.270968,47.7564,3.815104,,7514.0,-2.02939,1.271527,47.9694,3.6036744430107803
2256,2.028832,1.271532,47.7776,3.815104,,7515.0,-2.029018,1.27209,47.9906,3.6661420494342116
2257,2.028832,1.272095,47.7987,3.815104,,7516.0,-2.029018,1.272654,48.0119,3.597505251028715
2258,2.028832,1.272659,47.8199,3.815104,,7517.0,-2.028832,1.273217,48.0332,3.538847335580557
2259,2.029018,1.273223,47.8411,3.815104,,7518.0,-2.028832,1.273781,48.0544,3.6098018429051826
2260,2.029018,1.273786,47.8623,3.815104,,7519.0,-2.028832,1.274345,48.0757,3.5625322295941997
2261,2.02939,1.27435,47.8835,3.815724,,7520.0,-2.028832,1.274908,48.097,3.674635702064113
2262,2.02939,1.274914,47.9046,3.816034,,7521.0,-2.028832,1.275472,48.1182,3.58407391866414
2263,2.02939,1.275477,47.9258,3.816034,,7522.0,-2.028832,1.276035,48.1395,3.5667128245985396
2264,2.02939,1.276041,47.947,3.816344,,7523.0,-2.028832,1.276599,48.1607,3.628793476757919
2265,2.02939,1.276605,47.9682,3.816344,,7524.0,-2.028832,1.277162,48.182,3.6394833548533647
2266,2.02939,1.277169,47.9894,3.816344,,7525.0,-2.028832,1.277726,48.2033,3.6049293302623853
2267,2.029018,1.277732,48.0105,3.816654,,7526.0,-2.028832,1.27829,48.2245,3.5585024773970093
2268,2.028832,1.278296,48.0317,3.816654,,7527.0,-2.028832,1.278853,48.2458,3.587113269394288
2269,2.028832,1.278859,48.0529,3.816964,,7528.0,-2.029018,1.279417,48.267,3.5983741205190403
2270,2.028832,1.279423,48.0741,3.816964,,7529.0,-2.029018,1.27998,48.2883,3.566988738288208
2271,2.028832,1.279986,48.0952,3.816964,,7530.0,-2.029204,1.280544,48.3096,3.657671332665122
2272,2.028832,1.28055,48.1164,3.816964,,7531.0,-2.029204,1.281108,48.3308,3.527547112212429
2273,2.028832,1.281114,48.1376,3.817584,,7532.0,-2.029204,1.281671,48.3521,3.5615673550317664
2274,2.028832,1.281677,48.1588,3.817584,,7533.0,-2.028832,1.282235,48.3734,3.573163617210964
2275,2.028832,1.282241,48.1799,3.817584,,7534.0,-2.028832,1.282798,48.3946,3.5866867905690376
2276,2.028832,1.282804,48.2011,3.818204,,7535.0,-2.028832,1.283362,48.4159,3.5696360006796346
2277,2.028832,1.283368,48.2223,3.818204,,7536.0,-2.028832,1.283926,48.4371,3.6639949510651055
2278,2.028832,1.283931,48.2435,3.818204,,7537.0,-2.028832,1.284489,48.4584,3.5403965690336467
2279,2.028832,1.284495,48.2646,3.818824,,7538.0,-2.028832,1.285053,48.4797,3.637543450278954
2280,2.02939,1.285059,48.2858,3.818824,,7539.0,-2.029204,1.285616,48.5009,3.5449870536084873
2281,2.02939,1.285622,48.307,3.818824,,7540.0,-2.028832,1.28618,48.5222,3.623354104505597
2282,2.02939,1.286186,48.3282,3.818824,,7541.0,-2.028832,1.286744,48.5435,3.4834767381349536
2283,2.029204,1.28675,48.3494,3.819134,,7542.0,-2.029204,1.287307,48.5647,3.6369258654581884
2284,2.029018,1.287313,48.3706,3.819754,,7543.0,-2.029018,1.287871,48.586,3.5778316037451523
2285,2.029018,1.287877,48.3917,3.819754,,7544.0,-2.029018,1.288434,48.6072,3.5461648424264576
2286,2.029018,1.288441,48.4129,3.820065,,7545.0,-2.029204,1.288998,48.6285,3.5325591227802096
2287,2.028832,1.289004,48.4341,3.820374,,7546.0,-2.02939,1.289562,48.6498,3.6270773014650675
2288,2.028832,1.289568,48.4553,3.820374,,7547.0,-2.02939,1.290125,48.671,3.602464792173786
2289,2.028832,1.290131,48.4764,3.820374,,7548.0,-2.02939,1.290689,48.6923,3.485097793044778
2290,2.028832,1.290695,48.4976,3.820374,,7549.0,-2.029204,1.291253,48.7136,3.512704679911265
2291,2.028832,1.291258,48.5188,3.820995,,7550.0,-2.029204,1.291817,48.7348,3.5144772366322194
2292,2.028832,1.291822,48.54,3.820995,,7551.0,-2.029204,1.29238,48.7561,3.575835241531716
2293,2.028832,1.292385,48.5611,3.820995,,7552.0,-2.028832,1.292944,48.7774,3.5606059483767116
2294,2.028832,1.292949,48.5823,3.821305,,7553.0,-2.029204,1.293507,48.7986,3.5243617753127747
2295,2.029018,1.293513,48.6035,3.821615,,7554.0,-2.029204,1.294071,48.8199,3.6510505903926544
2296,2.029204,1.294076,48.6247,3.821615,,7555.0,-2.029204,1.294635,48.8412,3.5020986801075056
2297,2.029204,1.29464,48.6459,3.821925,,7556.0,-2.02939,1.295199,48.8624,3.5608363419285136
2298,2.029204,1.295204,48.667,3.821925,,7557.0,-2.02939,1.295762,48.8837,3.638749623591134
2299,2.028832,1.295767,48.6882,3.821925,,7558.0,-2.02939,1.296326,48.905,3.5923876320661434
2300,2.028832,1.296331,48.7094,3.821925,,7559.0,-2.029204,1.29689,48.9262,3.6425759226454257
2301,2.028832,1.296894,48.7306,3.821925,,7560.0,-2.029204,1.297453,48.9475,3.5641479737531934
2302,2.028832,1.297458,48.7517,3.821925,,7561.0,-2.028832,1.298017,48.9688,3.534938634146262
2303,2.028832,1.298022,48.7729,3.821925,,7562.0,-2.029204,1.298581,48.99,3.567553140650291
2304,2.02939,1.298585,48.7941,3.822235,,7563.0,-2.029204,1.299144,49.0113,3.523579979949185
2305,2.02939,1.299149,48.8153,3.822235,,7564.0,-2.028832,1.299708,49.0325,3.5432440970029595
2306,2.02939,1.299713,48.8365,3.822235,,7565.0,-2.028832,1.300271,49.0538,3.6160167170496655
2307,2.029018,1.300276,48.8576,3.822235,,7566.0,-2.028832,1.300835,49.0751,3.574307924490681
2308,2.028832,1.30084,48.8788,3.822235,,7567.0,-2.028832,1.301398,49.0963,3.4973356133089197
2309,2.028832,1.301403,48.9,3.822235,,7568.0,-2.028832,1.301962,49.1176,3.6130472517625596
2310,2.029018,1.301967,48.9212,3.822545,,7569.0,-2.028832,1.302526,49.1388,3.520641663169393
2311,2.028832,1.302531,48.9423,3.822545,,7570.0,-2.029018,1.303089,49.1601,3.608086631458693
2312,2.028832,1.303094,48.9635,3.822545,,7571.0,-2.029204,1.303653,49.1814,3.633021921141442
2313,2.028832,1.303658,48.9847,3.823165,,7572.0,-2.029204,1.304217,49.2026,3.564450197638615
2314,2.028832,1.304221,49.0059,3.823475,,7573.0,-2.029204,1.30478,49.2239,3.5192461670459143
2315,2.028832,1.304785,49.027,3.823475,,7574.0,-2.029204,1.305344,49.2452,3.624162406897754
2316,2.028832,1.305348,49.0482,3.823785,,7575.0,-2.029204,1.305907,49.2664,3.554841808691119
2317,2.028832,1.305912,49.0694,3.824095,,7576.0,-2.029204,1.306471,49.2877,3.4862102808570508
2318,2.028832,1.306476,49.0906,3.824095,,7577.0,-2.029204,1.307035,49.309,3.5591500137018963
2319,2.028832,1.307039,49.1117,3.824405,,7578.0,-2.029204,1.307599,49.3302,3.5319942558358424
2320,2.028832,1.307603,49.1329,3.825335,,7579.0,-2.029204,1.308162,49.3515,3.525618978562857
2321,2.028832,1.308166,49.1541,3.825335,,7580.0,-2.029204,1.308726,49.3728,3.639507360510416
2322,2.028832,1.30873,49.1753,3.825335,,7581.0,-2.028832,1.309289,49.394,3.602340701910383
2323,2.028832,1.309293,49.1964,3.825645,,7582.0,-2.028832,1.309853,49.4153,3.596461930915015
2324,2.028832,1.309857,49.2176,3.825645,,7583.0,-2.028832,1.310417,49.4365,3.533608399922882
2325,2.028832,1.310421,49.2388,3.826265,,7584.0,-2.028832,1.31098,49.4578,3.647741113179625
2326,2.028832,1.310984,49.26,3.826265,,7585.0,-2.028832,1.311544,49.4791,3.5897481610434614
2327,2.02939,1.311548,49.2812,3.826265,,7586.0,-2.029018,1.312107,49.5003,3.6467431735343925
2328,2.02939,1.312111,49.3023,3.826265,,7587.0,-2.029018,1.312671,49.5216,3.59219064574541
2329,2.029204,1.312675,49.3235,3.826575,,7588.0,-2.029018,1.313235,49.5429,3.6664121465489092
2330,2.029204,1.313239,49.3447,3.826885,,7589.0,-2.028832,1.313798,49.5641,3.4867735754528204
2331,2.029204,1.313802,49.3659,3.826885,,7590.0,-2.028832,1.314362,49.5854,3.602498551670373
2332,2.029018,1.314366,49.3871,3.826885,,7591.0,-2.028832,1.314925,49.6066,3.6050676437809615
2333,2.029018,1.31493,49.4082,3.827195,,7592.0,-2.029204,1.315489,49.6279,3.6300057764040865
2334,2.029018,1.315493,49.4294,3.827195,,7593.0,-2.029204,1.316053,49.6492,3.6202255324359562
2335,2.02939,1.316057,49.4506,3.827195,,7594.0,-2.029204,1.316616,49.6704,3.558373468217388
2336,2.02939,1.316621,49.4718,3.827815,,7595.0,-2.028832,1.31718,49.6917,3.619426241136381
2337,2.02939,1.317184,49.493,3.827815,,7596.0,-2.028832,1.317743,49.713,3.4910741750068386
2338,2.02939,1.317748,49.5141,3.828125,,7597.0,-2.028832,1.318307,49.7342,3.581318332572622
2339,2.029204,1.318312,49.5353,3.828125,,7598.0,-2.028832,1.318871,49.7555,3.566769393763176
2340,2.029204,1.318876,49.5565,3.828125,,7599.0,-2.028832,1.319434,49.7767,3.582878544142871
2341,2.029204,1.319439,49.5777,3.828435,,7600.0,-2.028832,1.319998,49.798,3.5713182602695874
2342,2.029018,1.320003,49.5989,3.828435,,7601.0,-2.028832,1.320561,49.8193,3.5354352728934417
2343,2.029018,1.320566,49.62,3.828435,,7602.0,-2.028832,1.321125,49.8405,3.5765361887337765
2344,2.029204,1.32113,49.6412,3.828435,,7603.0,-2.028832,1.321688,49.8618,3.556840467924767
2345,2.028832,1.321694,49.6624,3.829055,,7604.0,-2.028832,1.322252,49.883,3.630599644465703
2346,2.028832,1.322257,49.6836,3.829055,,7605.0,-2.028832,1.322815,49.9043,3.5789185691976058
2347,2.028832,1.322821,49.7047,3.829055,,7606.0,-2.02939,1.323379,49.9256,3.64312225078598
2348,2.028832,1.323384,49.7259,3.829365,,7607.0,-2.029204,1.323943,49.9468,3.4979358890267815
2349,2.028832,1.323948,49.7471,3.829365,,7608.0,-2.029204,1.324507,49.9681,3.5635923355084795
2350,2.028832,1.324512,49.7683,3.829675,,7609.0,-2.029204,1.32507,49.9894,3.507882615930451
2351,2.028832,1.325075,49.7894,3.829675,,7610.0,-2.028832,1.325634,50.0106,3.597367342505597
2352,2.028832,1.325639,49.8106,3.829675,,7611.0,-2.028832,1.326197,50.0319,3.568656977643989
2353,2.029204,1.326202,49.8318,3.830915,,7612.0,-2.028832,1.326761,50.0531,3.556034223988014
2354,2.029204,1.326766,49.853,3.831225,,7613.0,-2.028832,1.327324,50.0744,3.6025632301765094
2355,2.029204,1.32733,49.8742,3.831535,,7614.0,-2.028832,1.327888,50.0957,3.6403551041646796
2356,2.029204,1.327893,49.8953,3.831535,,7615.0,-2.028832,1.328452,50.1169,3.526069610420282
2357,2.029204,1.328457,49.9165,3.831535,,7616.0,-2.028832,1.329015,50.1382,3.544320823735774
2358,2.029204,1.329021,49.9377,3.831535,,7617.0,-2.02939,1.329579,50.1595,3.667844199303844
2359,2.029204,1.329584,49.9589,3.831535,,7618.0,-2.02939,1.330143,50.1807,3.5171193033185553
2360,2.029204,1.330148,49.9801,3.832155,,7619.0,-2.02939,1.330706,50.202,3.6270505513145164
2361,2.029018,1.330712,50.0012,3.832155,,7620.0,-2.02939,1.33127,50.2233,3.606137807657061
2362,2.029018,1.331275,50.0224,3.832155,,7621.0,-2.028832,1.331834,50.2445,3.554065035962402
2363,2.029018,1.331839,50.0436,3.832465,,7622.0,-2.028832,1.332397,50.2658,3.508567646918697
2364,2.029018,1.332402,50.0648,3.832465,,7623.0,-2.02939,1.332961,50.287,3.5989002054117845
2365,2.029018,1.332966,50.0859,3.833085,,7624.0,-2.029204,1.333524,50.3083,3.56916609895454
2366,2.029204,1.33353,50.1071,3.833085,,7625.0,-2.029204,1.334088,50.3296,3.610707903888074
2367,2.02939,1.334093,50.1283,3.833085,,7626.0,-2.029204,1.334652,50.3508,3.449963569099493
2368,2.02939,1.334657,50.1495,3.833085,,7627.0,-2.029204,1.335216,50.3721,3.5628566309728074
2369,2.02939,1.335221,50.1707,3.833395,,7628.0,-2.029204,1.335779,50.3934,3.6038293084688546
2370,2.02939,1.335785,50.1918,3.833395,,7629.0,-2.028832,1.336343,50.4146,3.605067503179524
2371,2.02939,1.336348,50.213,3.833395,,7630.0,-2.029018,1.336906,50.4359,3.6035572482115676
2372,2.029204,1.336912,50.2342,3.833395,,7631.0,-2.029018,1.33747,50.4572,3.579058785136006
2373,2.029204,1.337476,50.2554,3.833395,,7632.0,-2.028832,1.338034,50.4784,3.528488416487156
2374,2.029204,1.338039,50.2766,3.833395,,7633.0,-2.029018,1.338597,50.4997,3.6054630014715894
2375,2.028832,1.338603,50.2977,3.833705,,7634.0,-2.029018,1.339161,50.5209,3.498421520555086
2376,2.028832,1.339167,50.3189,3.833705,,7635.0,-2.028832,1.339724,50.5422,3.6412983000529846
2377,2.028832,1.33973,50.3401,3.833705,,7636.0,-2.028832,1.340288,50.5635,3.5550009506888904
2378,2.028832,1.340294,50.3613,3.834325,,7637.0,-2.028832,1.340851,50.5847,3.577269472630124
2379,2.028832,1.340857,50.3825,3.834635,,7638.0,-2.028832,1.341415,50.606,3.576475885882726
2380,2.028832,1.341421,50.4036,3.834635,,7639.0,-2.028646,1.341979,50.6272,3.620172731475139
2381,2.028832,1.341984,50.4248,3.834945,,7640.0,-2.028646,1.342542,50.6485,3.5411475902998735
2382,2.028832,1.342548,50.446,3.834945,,7641.0,-2.028832,1.343106,50.6698,3.6042894255147777
2383,2.028832,1.343111,50.4672,3.834945,,7642.0,-2.028646,1.343669,50.691,3.5174236667106973
2384,2.028832,1.343675,50.4883,3.835255,,7643.0,-2.028646,1.344233,50.7123,3.555905974903454
2385,2.029204,1.344239,50.5095,3.835255,,7644.0,-2.028832,1.344796,50.7335,3.6231749669418716
2386,2.029204,1.344802,50.5307,3.835255,,7645.0,-2.028832,1.34536,50.7548,3.542227995019479
2387,2.029204,1.345366,50.5519,3.835255,,7646.0,-2.028832,1.345923,50.7761,3.606108956599442
2388,2.029204,1.34593,50.573,3.835566,,7647.0,-2.028832,1.346487,50.7973,3.5458100519099216
2389,2.029018,1.346493,50.5942,3.835876,,7648.0,-2.028832,1.34705,50.8186,3.570227340835369
2390,2.029018,1.347057,50.6154,3.835876,,7649.0,-2.028832,1.347614,50.8398,3.588756577289835
2391,2.029018,1.34762,50.6366,3.836806,,7650.0,-2.028832,1.348178,50.8611,3.5138579788855426
2392,2.029018,1.348184,50.6578,3.836806,,7651.0,-2.029018,1.348741,50.8824,3.4873922704909495
2393,2.029204,1.348748,50.6789,3.837426,,7652.0,-2.029018,1.349305,50.9036,3.6421995335811377
2394,2.029204,1.349311,50.7001,3.838046,,7653.0,-2.029018,1.349868,50.9249,3.5392561862167207
2395,2.028832,1.349875,50.7213,3.838046,,7654.0,-2.029204,1.350432,50.9462,3.6720494511435113
2396,2.028832,1.350439,50.7425,3.838046,,7655.0,-2.029204,1.350996,50.9674,3.601465524594365
2397,2.028832,1.351002,50.7636,3.838356,,7656.0,-2.029018,1.351559,50.9887,3.5031051517935814
2398,2.029204,1.351566,50.7848,3.838356,,7657.0,-2.029204,1.352123,51.01,3.5923551607112367
2399,2.029204,1.352129,50.806,3.838356,,7658.0,-2.029204,1.352687,51.0312,3.585553779954604
2400,2.029204,1.352693,50.8272,3.838356,,7659.0,-2.028832,1.35325,51.0525,3.4933316367310754
2401,2.029204,1.353257,50.8484,3.838356,,7660.0,-2.028832,1.353814,51.0737,3.491105525393471
2402,2.029204,1.35382,50.8695,3.838356,,7661.0,-2.028832,1.354377,51.095,3.68202373630616
2403,2.029018,1.354384,50.8907,3.838976,,7662.0,-2.028832,1.354941,51.1163,3.4355022397737893
2404,2.029204,1.354948,50.9119,3.838976,,7663.0,-2.028832,1.355505,51.1375,3.533103546790308
2405,2.029204,1.355511,50.9331,3.838976,,7664.0,-2.028832,1.356068,51.1588,3.613208665944574
2406,2.028832,1.356075,50.9543,3.838976,,7665.0,-2.02939,1.356632,51.18,3.6107175638412965
2407,2.028832,1.356639,50.9754,3.839596,,7666.0,-2.02939,1.357196,51.2013,3.540679602733934
2408,2.028832,1.357202,50.9966,3.839596,,7667.0,-2.029018,1.357759,51.2226,3.630735604331507
2409,2.028832,1.357766,51.0178,3.839596,,7668.0,-2.029018,1.358323,51.2438,3.603032307779352
2410,2.028832,1.358329,51.039,3.840216,,7669.0,-2.028832,1.358886,51.2651,3.594224113827858
2411,2.028832,1.358893,51.0601,3.840216,,7670.0,-2.028832,1.35945,51.2864,3.581037829351278
2412,2.028832,1.359456,51.0813,3.840836,,7671.0,-2.028832,1.360013,51.3076,3.5464582796472595
2413,2.028832,1.36002,51.1025,3.840836,,7672.0,-2.028832,1.360577,51.3289,3.55576297442724
2414,2.028832,1.360584,51.1237,3.840836,,7673.0,-2.029204,1.361141,51.3502,3.4965767906769543
2415,2.028832,1.361147,51.1448,3.840836,,7674.0,-2.029204,1.361704,51.3714,3.6864790365377997
2416,2.028832,1.361711,51.166,3.841766,,7675.0,-2.029204,1.362268,51.3927,3.5142922170183133
2417,2.028832,1.362274,51.1872,3.841766,,7676.0,-2.028832,1.362832,51.4139,3.561945176201424
2418,2.028832,1.362838,51.2084,3.841766,,7677.0,-2.028832,1.363395,51.4352,3.538257648331831
2419,2.028832,1.363401,51.2295,3.841766,,7678.0,-2.028832,1.363959,51.4565,3.633525564475758
2420,2.028832,1.363965,51.2507,3.841766,,7679.0,-2.028832,1.364522,51.4777,3.6028727125584528
2421,2.028832,1.364528,51.2719,3.841766,,7680.0,-2.028832,1.365086,51.499,3.4830709484791287
2422,2.02939,1.365092,51.2931,3.842076,,7681.0,-2.028832,1.365649,51.5202,3.53591371731993
2423,2.02939,1.365656,51.3143,3.842076,,7682.0,-2.028832,1.366213,51.5415,3.5731049139961075
2424,2.02939,1.36622,51.3354,3.842076,,7683.0,-2.028832,1.366777,51.5628,3.4173322493987146
2425,2.02939,1.366783,51.3566,3.842696,,7684.0,-2.028832,1.36734,51.584,3.654340783446914
2426,2.02939,1.367347,51.3778,3.842696,,7685.0,-2.028832,1.367904,51.6053,3.531776300442305
2427,2.02939,1.367911,51.399,3.842696,,7686.0,-2.028832,1.368467,51.6265,3.6255672089568654
2428,2.02939,1.368474,51.4202,3.842696,,7687.0,-2.028832,1.369031,51.6478,3.551405968622825
2429,2.02939,1.369038,51.4413,3.842696,,7688.0,-2.028832,1.369594,51.6691,3.584423638844346
2430,2.02939,1.369602,51.4625,3.842696,,7689.0,-2.028832,1.370158,51.6903,3.60653982417737
2431,2.029204,1.370166,51.4837,3.843006,,7690.0,-2.028832,1.370722,51.7116,3.531812461136684
2432,2.029204,1.370729,51.5049,3.843006,,7691.0,-2.028832,1.371285,51.7329,3.5817495427986286
2433,2.029204,1.371293,51.5261,3.843006,,7692.0,-2.028832,1.371849,51.7541,3.561649187999262
2434,2.028832,1.371856,51.5472,3.843936,,7693.0,-2.029018,1.372412,51.7754,3.5271237607890247
2435,2.028832,1.37242,51.5684,3.844246,,7694.0,-2.029018,1.372976,51.7966,3.5346617847810498
2436,2.028832,1.372984,51.5896,3.844246,,7695.0,-2.029018,1.373539,51.8179,3.5993811120736283
2437,2.028832,1.373547,51.6108,3.844866,,7696.0,-2.029018,1.374103,51.8392,3.5332240833883333
2438,2.028832,1.374111,51.632,3.844866,,7697.0,-2.029018,1.374667,51.8604,3.5489826126125883
2439,2.02939,1.374674,51.6531,3.844866,,7698.0,-2.029018,1.37523,51.8817,3.5404188266780308
2440,2.02939,1.375238,51.6743,3.845176,,7699.0,-2.029204,1.375794,51.903,3.5218184857474384
2441,2.02939,1.375802,51.6955,3.845796,,7700.0,-2.029018,1.376358,51.9242,3.620363183096689
2442,2.029204,1.376366,51.7167,3.845796,,7701.0,-2.029018,1.376921,51.9455,3.4708465710566987
2443,2.029204,1.376929,51.7379,3.845796,,7702.0,-2.028832,1.377485,51.9667,3.5589031481927673
2444,2.029204,1.377493,51.759,3.846106,,7703.0,-2.028832,1.378048,51.988,3.596504219078165
2445,2.028832,1.378057,51.7802,3.846416,,7704.0,-2.028832,1.378612,52.0093,3.515224876662056
2446,2.028832,1.37862,51.8014,3.846416,,7705.0,-2.028832,1.379176,52.0305,3.6525877847567356
2447,2.029204,1.379184,51.8226,3.847036,,7706.0,-2.028832,1.379739,52.0518,3.6511607686527796
2448,2.029204,1.379747,51.8437,3.847036,,7707.0,-2.028832,1.380303,52.0731,3.514979925243411
2449,2.029204,1.380311,51.8649,3.847036,,7708.0,-2.028832,1.380866,52.0943,3.5575863280949434
2450,2.029204,1.380875,51.8861,3.847036,,7709.0,-2.028832,1.38143,52.1156,3.514780535263038
2451,2.02939,1.381438,51.9073,3.847036,,7710.0,-2.029018,1.381993,52.1368,3.557143405920141
2452,2.02939,1.382002,51.9285,3.847036,,7711.0,-2.029018,1.382557,52.1581,3.605538407424799
2453,2.02939,1.382566,51.9496,3.847346,,7712.0,-2.029018,1.383121,52.1794,3.6419165749284788
2454,2.028832,1.383129,51.9708,3.847656,,7713.0,-2.029204,1.383684,52.2006,3.5639717626499077
2455,2.028832,1.383693,51.992,3.847656,,7714.0,-2.029204,1.384248,52.2219,3.4002646545959494
2456,2.028832,1.384257,52.0132,3.847656,,7715.0,-2.029204,1.384812,52.2432,3.5637773022742723
2457,2.029204,1.38482,52.0344,3.847656,,7716.0,-2.029204,1.385375,52.2644,3.55958603253406
2458,2.029204,1.385384,52.0555,3.847656,,7717.0,-2.029204,1.385939,52.2857,3.4916624570202424
2459,2.029204,1.385948,52.0767,3.847656,,7718.0,-2.029204,1.386503,52.3069,3.515508195778063
2460,2.029204,1.386511,52.0979,3.848276,,7719.0,-2.02939,1.387066,52.3282,3.5266379687739153
2461,2.029204,1.387075,52.1191,3.848276,,7720.0,-2.02939,1.38763,52.3495,3.451276737702006
2462,2.02939,1.387639,52.1403,3.848586,,7721.0,-2.02939,1.388194,52.3707,3.512151082422813
2463,2.02939,1.388202,52.1614,3.848586,,7722.0,-2.028832,1.388757,52.392,3.5901199985195684
2464,2.028832,1.388766,52.1826,3.848586,,7723.0,-2.028832,1.389321,52.4133,3.554895039152646
2465,2.028832,1.389329,52.2038,3.848586,,7724.0,-2.028832,1.389884,52.4345,3.591572852316975
2466,2.028832,1.389893,52.225,3.848586,,7725.0,-2.02939,1.390448,52.4558,3.598280290608434
2467,2.028832,1.390457,52.2461,3.848586,,7726.0,-2.02939,1.391012,52.4771,3.5262252825152705
2468,2.028832,1.39102,52.2673,3.848896,,7727.0,-2.02939,1.391576,52.4983,3.5817081756025915
2469,2.028832,1.391584,52.2885,3.849826,,7728.0,-2.02939,1.392139,52.5196,3.55508269442738
2470,2.028832,1.392147,52.3097,3.850137,,7729.0,-2.02939,1.392703,52.5409,3.5161092373488563
2471,2.028832,1.392711,52.3308,3.850137,,7730.0,-2.02939,1.393267,52.5621,3.5898459636668294
2472,2.028832,1.393274,52.352,3.850446,,7731.0,-2.028832,1.39383,52.5834,3.436576181454318
2473,2.028832,1.393838,52.3732,3.850446,,7732.0,-2.028832,1.394394,52.6047,3.5946874069559973
2474,2.028832,1.394402,52.3944,3.850446,,7733.0,-2.029204,1.394958,52.6259,3.541532826069147
2475,2.028832,1.394965,52.4155,3.850446,,7734.0,-2.029204,1.395521,52.6472,3.6048696172772043
2476,2.029204,1.395529,52.4367,3.851377,,7735.0,-2.029204,1.396085,52.6684,3.611248096929671
2477,2.029204,1.396092,52.4579,3.851377,,7736.0,-2.029204,1.396649,52.6897,3.601227931093124
2478,2.029204,1.396656,52.4791,3.851377,,7737.0,-2.029018,1.397212,52.711,3.5577921902882332
2479,2.02939,1.39722,52.5003,3.851686,,7738.0,-2.029018,1.397776,52.7322,3.6346006552518406
2480,2.02939,1.397784,52.5214,3.851686,,7739.0,-2.029018,1.398339,52.7535,3.626873201305799
2481,2.029204,1.398347,52.5426,3.851686,,7740.0,-2.029018,1.398903,52.7748,3.5413525329493667
2482,2.02939,1.398911,52.5638,3.852307,,7741.0,-2.029018,1.399467,52.796,3.549210711982505
2483,2.02939,1.399475,52.585,3.852307,,7742.0,-2.029018,1.40003,52.8173,3.6100906646414264
2484,2.028832,1.400038,52.6062,3.852926,,7743.0,-2.02939,1.400594,52.8386,3.621506417917393
2485,2.028832,1.400602,52.6273,3.853237,,7744.0,-2.028832,1.401158,52.8598,3.5445126321874127
2486,2.028832,1.401165,52.6485,3.853237,,7745.0,-2.028832,1.401721,52.8811,3.513112538231315
2487,2.028832,1.401729,52.6697,3.853237,,7746.0,-2.028832,1.402285,52.9023,3.5919644823981893
2488,2.028832,1.402292,52.6909,3.853237,,7747.0,-2.028832,1.402848,52.9236,3.521329651257765
2489,2.028832,1.402856,52.712,3.853237,,7748.0,-2.028832,1.403412,52.9449,3.566955528755658
2490,2.029018,1.40342,52.7332,3.853547,,7749.0,-2.028832,1.403975,52.9661,3.5403386630084066
2491,2.02939,1.403983,52.7544,3.853857,,7750.0,-2.028832,1.404539,52.9874,3.406073451391025
2492,2.02939,1.404547,52.7756,3.854167,,7751.0,-2.028832,1.405102,53.0086,3.4573561488687234
2493,2.02939,1.405111,52.7968,3.854167,,7752.0,-2.028832,1.405666,53.0299,3.577072331084596
2494,2.02939,1.405675,52.818,3.854477,,7753.0,-2.028832,1.40623,53.0512,3.5164134834867533
2495,2.02939,1.406238,52.8391,3.854477,,7754.0,-2.028832,1.406793,53.0724,3.5459665201437143
2496,2.029204,1.406802,52.8603,3.854787,,7755.0,-2.02939,1.407357,53.0937,3.5332288691687554
2497,2.029204,1.407366,52.8815,3.854787,,7756.0,-2.02939,1.407921,53.115,3.4829357909698317
2498,2.029204,1.407929,52.9027,3.854787,,7757.0,-2.02939,1.408484,53.1362,3.557591972680607
2499,2.029204,1.408493,52.9239,3.855097,,7758.0,-2.029204,1.409048,53.1575,3.5200331370227667
2500,2.028832,1.409057,52.945,3.855407,,7759.0,-2.029018,1.409612,53.1788,3.5129132921195225
2501,2.028832,1.40962,52.9662,3.855407,,7760.0,-2.029018,1.410175,53.2,3.5604471103693367
2502,2.028832,1.410184,52.9874,3.855717,,7761.0,-2.028832,1.410739,53.2213,3.50309217205517
2503,2.029204,1.410747,53.0086,3.856027,,7762.0,-2.028832,1.411302,53.2425,3.553826544437045
2504,2.029204,1.411311,53.0297,3.856027,,7763.0,-2.028832,1.411866,53.2638,3.530220851259957
2505,2.029204,1.411875,53.0509,3.856337,,7764.0,-2.028832,1.41243,53.2851,3.5393278851831536
2506,2.028832,1.412438,53.0721,3.856647,,7765.0,-2.028832,1.412993,53.3063,3.4757967398436174
2507,2.028832,1.413002,53.0933,3.856647,,7766.0,-2.028832,1.413557,53.3276,3.529364520622512
2508,2.028832,1.413565,53.1144,3.857267,,7767.0,-2.028832,1.41412,53.3488,3.5657221196882656
2509,2.028832,1.414129,53.1356,3.857267,,7768.0,-2.028832,1.414684,53.3701,3.4508994235440267
2510,2.028832,1.414693,53.1568,3.857267,,7769.0,-2.028832,1.415247,53.3914,3.5105477294709493
2511,2.028832,1.415256,53.178,3.857887,,7770.0,-2.028832,1.415811,53.4126,3.601175858888942
2512,2.028832,1.41582,53.1992,3.858197,,7771.0,-2.029018,1.416375,53.4339,3.485616871760613
2513,2.028832,1.416383,53.2203,3.858197,,7772.0,-2.029018,1.416938,53.4552,3.5252497495974233
2514,2.028832,1.416947,53.2415,3.858197,,7773.0,-2.029018,1.417502,53.4764,3.487393849709898
2515,2.028832,1.41751,53.2627,3.858507,,7774.0,-2.029018,1.418065,53.4977,3.515538617237079
2516,2.028832,1.418074,53.2839,3.858507,,7775.0,-2.029018,1.418629,53.5189,3.585738952471181
2517,2.028832,1.418637,53.305,3.858817,,7776.0,-2.029018,1.419193,53.5402,3.601206613462004
2518,2.028832,1.419201,53.3262,3.858817,,7777.0,-2.029204,1.419756,53.5615,3.5821815095491054
2519,2.028832,1.419765,53.3474,3.858817,,7778.0,-2.029204,1.42032,53.5827,3.5135676206932223
2520,2.028832,1.420328,53.3686,3.859127,,7779.0,-2.029204,1.420884,53.604,3.5363860859699665
2521,2.028832,1.420892,53.3897,3.859747,,7780.0,-2.029204,1.421447,53.6253,3.502803688827536
2522,2.028832,1.421455,53.4109,3.859747,,7781.0,-2.028832,1.422011,53.6465,3.4535178834733853
2523,2.029204,1.422019,53.4321,3.860367,,7782.0,-2.028832,1.422574,53.6678,3.552771705149597
2524,2.029204,1.422583,53.4533,3.860987,,7783.0,-2.028832,1.423138,53.6891,3.5857582512325856
2525,2.029204,1.423146,53.4744,3.860987,,7784.0,-2.028832,1.423702,53.7103,3.5053825171095143
2526,2.029204,1.42371,53.4956,3.860987,,7785.0,-2.028832,1.424265,53.7316,3.481254160074475
2527,2.02939,1.424274,53.5168,3.860987,,7786.0,-2.028832,1.424829,53.7528,3.5561601190741103
2528,2.028832,1.424837,53.538,3.860987,,7787.0,-2.029204,1.425392,53.7741,3.5466024037627997
2529,2.028832,1.425401,53.5592,3.860987,,7788.0,-2.029204,1.425956,53.7954,3.5437969258327144
2530,2.028832,1.425964,53.5803,3.862227,,7789.0,-2.029204,1.42652,53.8166,3.6007019439884145
2531,2.028832,1.426528,53.6015,3.862537,,7790.0,-2.029204,1.427083,53.8379,3.512164599819283
2532,2.028832,1.427091,53.6227,3.862537,,7791.0,-2.029018,1.427647,53.8592,3.599054297527533
2533,2.028832,1.427655,53.6439,3.862847,,7792.0,-2.029018,1.428211,53.8804,3.5840241922566323
2534,2.028832,1.428219,53.665,3.863157,,7793.0,-2.029018,1.428774,53.9017,3.5977906241327866
2535,2.028832,1.428782,53.6862,3.863157,,7794.0,-2.029018,1.429338,53.9229,3.5575947230612472
2536,2.028832,1.429346,53.7074,3.863157,,7795.0,-2.02939,1.429901,53.9442,3.4757740632789895
2537,2.028832,1.429909,53.7286,3.863467,,7796.0,-2.02939,1.430465,53.9655,3.5893049504336076
2538,2.028832,1.430473,53.7497,3.863467,,7797.0,-2.028832,1.431029,53.9867,3.552134242295908
2539,2.029018,1.431036,53.7709,3.863467,,7798.0,-2.028832,1.431592,54.008,3.562208644205426
2540,2.028832,1.4316,53.7921,3.863467,,7799.0,-2.028832,1.432156,54.0293,3.552382575211528
2541,2.028832,1.432164,53.8133,3.863467,,7800.0,-2.028832,1.432719,54.0505,3.557243401676382
2542,2.029018,1.432727,53.8344,3.863467,,7801.0,-2.028832,1.433283,54.0718,3.515723538070784
2543,2.029204,1.433291,53.8556,3.863467,,7802.0,-2.028832,1.433847,54.093,3.506079646311204
2544,2.029204,1.433855,53.8768,3.863467,,7803.0,-2.028832,1.43441,54.1143,3.535986305873866
2545,2.02939,1.434418,53.898,3.864397,,7804.0,-2.028832,1.434974,54.1356,3.5874398602658832
2546,2.029204,1.434982,53.9192,3.864397,,7805.0,-2.028832,1.435537,54.1568,3.535378714417461
2547,2.029204,1.435546,53.9403,3.864707,,7806.0,-2.028832,1.436101,54.1781,3.6402025791262
2548,2.029204,1.436109,53.9615,3.864707,,7807.0,-2.028832,1.436664,54.1993,3.4703238836487547
2549,2.029204,1.436673,53.9827,3.864707,,7808.0,-2.02939,1.437228,54.2206,3.533680257083507
2550,2.029204,1.437237,54.0039,3.864707,,7809.0,-2.02939,1.437792,54.2419,3.5583796741378193
2551,2.029204,1.4378,54.0251,3.865327,,7810.0,-2.02939,1.438356,54.2631,3.5187520387479805
2552,2.029204,1.438364,54.0462,3.865327,,7811.0,-2.029204,1.438919,54.2844,3.5360103967042917
2553,2.029204,1.438928,54.0674,3.865327,,7812.0,-2.029204,1.439483,54.3057,3.509009147671028
2554,2.028832,1.439491,54.0886,3.865637,,7813.0,-2.029018,1.440047,54.3269,3.539383258861912
2555,2.02939,1.440055,54.1098,3.865637,,7814.0,-2.028832,1.44061,54.3482,3.483648186393316
2556,2.028832,1.440618,54.131,3.865637,,7815.0,-2.028832,1.441174,54.3695,3.612146546175828
2557,2.028832,1.441182,54.1521,3.866257,,7816.0,-2.028832,1.441737,54.3907,3.5957188234549733
2558,2.028832,1.441746,54.1733,3.866567,,7817.0,-2.028832,1.442301,54.412,3.552311094390911
2559,2.028832,1.442309,54.1945,3.866567,,7818.0,-2.029018,1.442864,54.4332,3.5425182593944267
2560,2.028832,1.442873,54.2157,3.866567,,7819.0,-2.029018,1.443428,54.4545,3.4920805905880377
2561,2.02939,1.443436,54.2368,3.866878,,7820.0,-2.029018,1.443992,54.4758,3.5674802396176166
2562,2.02939,1.444,54.258,3.866878,,7821.0,-2.029018,1.444555,54.497,3.5646749398864124
2563,2.02939,1.444564,54.2792,3.867188,,7822.0,-2.029018,1.445119,54.5183,3.484067996201381
2564,2.02939,1.445128,54.3004,3.868118,,7823.0,-2.028832,1.445683,54.5396,3.575844414789519
2565,2.02939,1.445691,54.3216,3.868118,,7824.0,-2.029018,1.446246,54.5608,3.5236337249042236
2566,2.02939,1.446255,54.3428,3.868118,,7825.0,-2.029018,1.44681,54.5821,3.474963771140436
2567,2.02939,1.446819,54.3639,3.868428,,7826.0,-2.028832,1.447373,54.6033,3.401462048511697
2568,2.029204,1.447382,54.3851,3.868428,,7827.0,-2.029018,1.447937,54.6246,3.5120486976208323
2569,2.029204,1.447946,54.4063,3.868428,,7828.0,-2.029018,1.448501,54.6459,3.4613309655262996
2570,2.02939,1.44851,54.4275,3.868738,,7829.0,-2.028832,1.449064,54.6671,3.5152247207749587
2571,2.029204,1.449073,54.4487,3.868738,,7830.0,-2.028832,1.449628,54.6884,3.556307400215832
2572,2.029204,1.449637,54.4698,3.868738,,7831.0,-2.028832,1.450191,54.7097,3.5171331794665774
2573,2.029204,1.450201,54.491,3.868738,,7832.0,-2.028832,1.450755,54.7309,3.624077114561466
2574,2.029204,1.450764,54.5122,3.868738,,7833.0,-2.029018,1.451318,54.7522,3.4836101076012485
2575,2.029204,1.451328,54.5334,3.869048,,7834.0,-2.029018,1.451882,54.7734,3.5204150999437087
2576,2.029204,1.451892,54.5546,3.869048,,7835.0,-2.029018,1.452446,54.7947,3.5257073197804356
2577,2.028832,1.452455,54.5757,3.869048,,7836.0,-2.028832,1.453009,54.816,3.5583908277970795
2578,2.028832,1.453019,54.5969,3.869048,,7837.0,-2.028832,1.453573,54.8372,3.4606951645273716
2579,2.028832,1.453583,54.6181,3.869358,,7838.0,-2.028832,1.454136,54.8585,3.5495203028824913
2580,2.028832,1.454146,54.6393,3.869358,,7839.0,-2.028832,1.4547,54.8797,3.515381230513748
2581,2.028832,1.45471,54.6604,3.869358,,7840.0,-2.028832,1.455263,54.901,3.525958481032042
2582,2.02939,1.455273,54.6816,3.870288,,7841.0,-2.028832,1.455827,54.9223,3.588641991733437
2583,2.029204,1.455837,54.7028,3.870288,,7842.0,-2.028832,1.456391,54.9435,3.527769748651802
2584,2.029204,1.456401,54.724,3.870908,,7843.0,-2.028832,1.456954,54.9648,3.5831427415684134
2585,2.029204,1.456964,54.7452,3.870908,,7844.0,-2.029204,1.457518,54.9861,3.4939676359855896
2586,2.028832,1.457528,54.7663,3.870908,,7845.0,-2.029204,1.458081,55.0073,3.525721223867677
2587,2.028832,1.458091,54.7875,3.870908,,7846.0,-2.028832,1.458645,55.0286,3.5971587319076193
2588,2.028832,1.458655,54.8087,3.870908,,7847.0,-2.028832,1.459209,55.0498,3.521046995728875
2589,2.028832,1.459219,54.8299,3.871528,,7848.0,-2.028832,1.459772,55.0711,3.4910656721095688
2590,2.028832,1.459782,54.851,3.871528,,7849.0,-2.028832,1.460336,55.0924,3.458780940027235
2591,2.028832,1.460346,54.8722,3.871838,,7850.0,-2.028832,1.460899,55.1136,3.5567267955523847
2592,2.028832,1.460909,54.8934,3.873388,,7851.0,-2.028832,1.461463,55.1349,3.609129873267978
2593,2.028832,1.461473,54.9146,3.873388,,7852.0,-2.028832,1.462026,55.1561,3.551245247287003
2594,2.028832,1.462036,54.9357,3.873388,,7853.0,-2.029018,1.46259,55.1774,3.5293057356520303
2595,2.028832,1.4626,54.9569,3.873078,,7854.0,-2.029204,1.463154,55.1987,3.5101790569880422
2596,2.028832,1.463164,54.9781,3.873078,,7855.0,-2.029204,1.463717,55.2199,3.5667516226438556
2597,2.028832,1.463727,54.9993,3.873078,,7856.0,-2.029204,1.464281,55.2412,3.529494017046903
2598,2.028832,1.464291,55.0204,3.873078,,7857.0,-2.029018,1.464845,55.2625,3.488439275264613
2599,2.028832,1.464854,55.0416,3.873078,,7858.0,-2.029018,1.465408,55.2837,3.6152518441571875
2600,2.028832,1.465418,55.0628,3.873078,,7859.0,-2.029018,1.465972,55.305,3.4665270279498026
2601,2.028832,1.465981,55.084,3.873388,,7860.0,-2.029018,1.466535,55.3263,3.522796351782005
2602,2.028832,1.466545,55.1051,3.873388,,7861.0,-2.029018,1.467099,55.3475,3.5591600662139395
2603,2.028832,1.467108,55.1263,3.874008,,7862.0,-2.029018,1.467663,55.3688,3.5487462739323083
2604,2.029204,1.467672,55.1475,3.874008,,7863.0,-2.029018,1.468226,55.39,3.55983555300742
2605,2.029204,1.468236,55.1687,3.874008,,7864.0,-2.028832,1.46879,55.4113,3.511585792766783
2606,2.029204,1.468799,55.1899,3.874008,,7865.0,-2.028832,1.469353,55.4326,3.6178391208978358
2607,2.028832,1.469363,55.211,3.874628,,7866.0,-2.028832,1.469917,55.4538,3.546068161808383
2608,2.028832,1.469927,55.2322,3.874628,,7867.0,-2.028832,1.470481,55.4751,3.5585935841132788
2609,2.028832,1.47049,55.2534,3.875558,,7868.0,-2.028832,1.471044,55.4963,3.514259742592738
2610,2.029018,1.471054,55.2746,3.876488,,7869.0,-2.028832,1.471608,55.5176,3.637045567937217
2611,2.029018,1.471617,55.2957,3.876488,,7870.0,-2.028832,1.472171,55.5389,3.498997613092595
2612,2.029018,1.472181,55.3169,3.877108,,7871.0,-2.028832,1.472735,55.5601,3.5009512824703877
2613,2.028832,1.472745,55.3381,3.877418,,7872.0,-2.028832,1.473298,55.5814,3.561625272899059
2614,2.028832,1.473308,55.3593,3.877418,,7873.0,-2.028832,1.473862,55.6027,3.474746485243244
2615,2.028832,1.473872,55.3804,3.877728,,7874.0,-2.028832,1.474426,55.6239,3.5419525929719637
2616,2.029204,1.474435,55.4016,3.877728,,7875.0,-2.028832,1.474989,55.6452,3.517591728494731
2617,2.029204,1.474999,55.4228,3.877728,,7876.0,-2.028832,1.475553,55.6664,3.563670695107011
2618,2.029204,1.475563,55.444,3.878038,,7877.0,-2.028832,1.476116,55.6877,3.515715045859048
2619,2.029204,1.476126,55.4652,3.878038,,7878.0,-2.028832,1.47668,55.709,3.524516396298218
2620,2.028832,1.47669,55.4863,3.878038,,7879.0,-2.029018,1.477243,55.7302,3.452409376908238
2621,2.028832,1.477254,55.5075,3.878348,,7880.0,-2.029018,1.477807,55.7515,3.6048455650811526
2622,2.029204,1.477817,55.5287,3.878348,,7881.0,-2.029018,1.478371,55.7727,3.5362913563590053
2623,2.028832,1.478381,55.5499,3.878348,,7882.0,-2.028832,1.478934,55.794,3.576351948027573
2624,2.028832,1.478944,55.571,3.878348,,7883.0,-2.028832,1.479498,55.8153,3.501791430484065
2625,2.028832,1.479508,55.5922,3.878658,,7884.0,-2.028832,1.480061,55.8365,3.5241262748040287
2626,2.028832,1.480071,55.6134,3.878968,,7885.0,-2.029018,1.480625,55.8578,3.453020394296866
2627,2.028832,1.480635,55.6346,3.878968,,7886.0,-2.029018,1.481189,55.8791,3.5317243947995944
2628,2.029204,1.481199,55.6558,3.879278,,7887.0,-2.029018,1.481752,55.9003,3.4972871886095906
2629,2.029204,1.481762,55.6769,3.879278,,7888.0,-2.029018,1.482316,55.9216,3.5169059197169696
2630,2.029204,1.482326,55.6981,3.879278,,7889.0,-2.029018,1.482879,55.9428,3.585984578062061
2631,2.029204,1.48289,55.7193,3.879898,,7890.0,-2.028832,1.483443,55.9641,3.55905397702445
2632,2.029018,1.483453,55.7405,3.880208,,7891.0,-2.029204,1.484007,55.9854,3.576572144994029
2633,2.029018,1.484017,55.7617,3.880208,,7892.0,-2.029204,1.48457,56.0066,3.5800249271638247
2634,2.029018,1.484581,55.7828,3.881449,,7893.0,-2.029018,1.485134,56.0279,3.52157971160183
2635,2.028832,1.485144,55.804,3.881449,,7894.0,-2.029018,1.485698,56.0492,3.5455106340006552
2636,2.028832,1.485708,55.8252,3.881449,,7895.0,-2.028832,1.486261,56.0704,3.589917987781157
2637,2.028832,1.486271,55.8464,3.881449,,7896.0,-2.028832,1.486825,56.0917,3.5185380161533386
2638,2.028832,1.486835,55.8675,3.881449,,7897.0,-2.028832,1.487388,56.1129,3.526612331388968
2639,2.028832,1.487398,55.8887,3.881449,,7898.0,-2.029018,1.487952,56.1342,3.6519877274965165
2640,2.029204,1.487962,55.9099,3.882689,,7899.0,-2.029018,1.488515,56.1555,3.4815514340501457
2641,2.029204,1.488526,55.9311,3.882998,,7900.0,-2.029204,1.489079,56.1767,3.543954223028632
2642,2.029204,1.489089,55.9522,3.882998,,7901.0,-2.029204,1.489643,56.198,3.516088869172255
2643,2.029204,1.489653,55.9734,3.882998,,7902.0,-2.029204,1.490206,56.2193,3.5379554806969185
2644,2.029204,1.490217,55.9946,3.883619,,7903.0,-2.028646,1.49077,56.2405,3.5305125990594477
2645,2.029204,1.49078,56.0158,3.883619,,7904.0,-2.028646,1.491333,56.2618,3.580250062002078
2646,2.029204,1.491344,56.037,3.883619,,7905.0,-2.028646,1.491897,56.283,3.5918228440356756
2647,2.029204,1.491908,56.0581,3.883619,,7906.0,-2.028646,1.49246,56.3043,3.5071631935742924
2648,2.029204,1.492471,56.0793,3.883619,,7907.0,-2.028832,1.493024,56.3256,3.4673291820599696
2649,2.029204,1.493035,56.1005,3.883929,,7908.0,-2.028832,1.493588,56.3468,3.5758202272850204
2650,2.028832,1.493599,56.1217,3.883929,,7909.0,-2.028832,1.494151,56.3681,3.456849894130968
2651,2.028832,1.494162,56.1429,3.883929,,7910.0,-2.028832,1.494715,56.3893,3.491915887640193
2652,2.028832,1.494726,56.164,3.883929,,7911.0,-2.028832,1.495278,56.4106,3.506338480469682
2653,2.029018,1.495289,56.1852,3.884549,,7912.0,-2.028832,1.495842,56.4319,3.6158561486000464
2654,2.029204,1.495853,56.2064,3.884549,,7913.0,-2.028832,1.496405,56.4531,3.5799796067187657
2655,2.029204,1.496417,56.2276,3.884549,,7914.0,-2.028832,1.496969,56.4744,3.520709805713744
2656,2.029018,1.49698,56.2487,3.884859,,7915.0,-2.028832,1.497533,56.4956,3.494667106434336
2657,2.029018,1.497544,56.2699,3.884859,,7916.0,-2.028832,1.498096,56.5169,3.491632405602055
2658,2.029018,1.498108,56.2911,3.885479,,7917.0,-2.029018,1.49866,56.5382,3.4219693143492176
2659,2.028832,1.498671,56.3123,3.886099,,7918.0,-2.029018,1.499223,56.5594,3.641418278772121
2660,2.028832,1.499235,56.3335,3.886719,,7919.0,-2.029018,1.499787,56.5807,3.5328857781341934
2661,2.028832,1.499798,56.3546,3.886719,,7920.0,-2.028832,1.500351,56.602,3.556062194223456
2662,2.028832,1.500362,56.3758,3.886719,,7921.0,-2.028832,1.500914,56.6232,3.464351403448466
2663,2.028832,1.500925,56.397,3.886719,,7922.0,-2.028832,1.501478,56.6445,3.536047060664458
2664,2.028832,1.501489,56.4182,3.886719,,7923.0,-2.028832,1.502041,56.6657,3.49395771695272
2665,2.029204,1.502053,56.4393,3.887029,,7924.0,-2.028832,1.502605,56.687,3.600644191827623
2666,2.028832,1.502616,56.4605,3.887339,,7925.0,-2.029018,1.503168,56.7083,3.466655434625956
2667,2.028832,1.50318,56.4817,3.887339,,7926.0,-2.028832,1.503732,56.7295,3.528143904643166
2668,2.029018,1.503743,56.5029,3.887339,,7927.0,-2.028832,1.504296,56.7508,3.448504604296177
2669,2.029018,1.504307,56.524,3.887649,,7928.0,-2.028832,1.504859,56.772,3.518300189273323
2670,2.029018,1.504871,56.5452,3.887649,,7929.0,-2.028832,1.505423,56.7933,3.4130099138617633
2671,2.029018,1.505434,56.5664,3.887649,,7930.0,-2.028832,1.505986,56.8146,3.570339111383376
2672,2.029018,1.505998,56.5876,3.887959,,7931.0,-2.028832,1.50655,56.8358,3.5566261225436087
2673,2.029018,1.506561,56.6088,3.887959,,7932.0,-2.028832,1.507113,56.8571,3.522804647792926
2674,2.029204,1.507125,56.6299,3.888579,,7933.0,-2.028832,1.507677,56.8784,3.5204578248629415
2675,2.028832,1.507689,56.6511,3.888889,,7934.0,-2.029204,1.508241,56.8996,3.4344209879389647
2676,2.028832,1.508252,56.6723,3.888889,,7935.0,-2.029204,1.508804,56.9209,3.464772253461195
2677,2.029018,1.508816,56.6935,3.888889,,7936.0,-2.029204,1.509368,56.9421,3.538252267187371
2678,2.029018,1.50938,56.7146,3.889199,,7937.0,-2.029204,1.509932,56.9634,3.55561599217396
2679,2.029018,1.509943,56.7358,3.889199,,7938.0,-2.029018,1.510495,56.9847,3.507696878712807
2680,2.029018,1.510507,56.757,3.890129,,7939.0,-2.029018,1.511059,57.0059,3.538441329706964
2681,2.028832,1.51107,56.7782,3.890129,,7940.0,-2.029018,1.511623,57.0272,3.4874197729887872
2682,2.028832,1.511634,56.7994,3.890439,,7941.0,-2.028832,1.512186,57.0485,3.6071816641511685
2683,2.028832,1.512197,56.8205,3.890439,,7942.0,-2.028832,1.51275,57.0697,3.527958795798592
2684,2.028832,1.512761,56.8417,3.890439,,7943.0,-2.028832,1.513313,57.091,3.5509582140715024
2685,2.029018,1.513325,56.8629,3.890439,,7944.0,-2.028832,1.513877,57.1122,3.5812706861916817
2686,2.029018,1.513888,56.8841,3.891059,,7945.0,-2.028832,1.51444,57.1335,3.586668115889809
2687,2.029204,1.514452,56.9052,3.891369,,7946.0,-2.028832,1.515004,57.1548,3.5208466788743955
2688,2.029204,1.515015,56.9264,3.891369,,7947.0,-2.029018,1.515568,57.176,3.531565935150937
2689,2.029018,1.515579,56.9476,3.891679,,7948.0,-2.029204,1.516131,57.1973,3.453557641520704
2690,2.029204,1.516143,56.9688,3.891679,,7949.0,-2.029204,1.516695,57.2186,3.5020710105691775
2691,2.029204,1.516706,56.99,3.891679,,7950.0,-2.029204,1.517259,57.2398,3.5799915593160714
2692,2.028832,1.51727,57.0111,3.892299,,7951.0,-2.029204,1.517822,57.2611,3.519472804279412
2693,2.028832,1.517834,57.0323,3.892299,,7952.0,-2.029018,1.518386,57.2823,3.5206266316864436
2694,2.028832,1.518397,57.0535,3.892299,,7953.0,-2.029018,1.518949,57.3036,3.4869784739701704
2695,2.028832,1.518961,57.0747,3.892919,,7954.0,-2.029018,1.519513,57.3249,3.4860551003595672
2696,2.028832,1.519524,57.0958,3.892919,,7955.0,-2.029018,1.520077,57.3461,3.5118660768960215
2697,2.02939,1.520088,57.117,3.893539,,7956.0,-2.029204,1.52064,57.3674,3.6112271106902205
2698,2.02939,1.520652,57.1382,3.893539,,7957.0,-2.029204,1.521204,57.3887,3.491581971294872
2699,2.02939,1.521215,57.1594,3.893849,,7958.0,-2.029204,1.521768,57.4099,3.573270928390104
2700,2.02939,1.521779,57.1806,3.893849,,7959.0,-2.029018,1.522331,57.4312,3.4647709285576904
2701,2.028832,1.522343,57.2017,3.893849,,7960.0,-2.029018,1.522895,57.4525,3.5069980148144486
2702,2.028832,1.522906,57.2229,3.894779,,7961.0,-2.029018,1.523458,57.4737,3.595904324653255
2703,2.028832,1.52347,57.2441,3.894779,,7962.0,-2.029018,1.524022,57.495,3.558293604387536
2704,2.028832,1.524033,57.2653,3.895399,,7963.0,-2.029018,1.524586,57.5162,3.4722660126922995
2705,2.028832,1.524597,57.2864,3.895709,,7964.0,-2.029204,1.525149,57.5375,3.4584087450374836
2706,2.028832,1.525161,57.3076,3.895709,,7965.0,-2.02939,1.525713,57.5588,3.5630726939263306
2707,2.028832,1.525724,57.3288,3.896019,,7966.0,-2.02939,1.526277,57.58,3.502029961406886
2708,2.028832,1.526288,57.35,3.896019,,7967.0,-2.02939,1.526841,57.6013,3.5042990497880924
2709,2.029204,1.526851,57.3711,3.896019,,7968.0,-2.02939,1.527404,57.6226,3.577335879589926
2710,2.029204,1.527415,57.3923,3.896019,,7969.0,-2.029018,1.527968,57.6438,3.4699665199903484
2711,2.02939,1.527979,57.4135,3.896019,,7970.0,-2.029018,1.528532,57.6651,3.537737619765668
2712,2.02939,1.528543,57.4347,3.896019,,7971.0,-2.029018,1.529095,57.6864,3.5528336957246647
2713,2.02939,1.529106,57.4559,3.896949,,7972.0,-2.028832,1.529659,57.7076,3.424810870212848
2714,2.029204,1.52967,57.4771,3.897259,,7973.0,-2.028832,1.530222,57.7289,3.401480756157333
2715,2.028832,1.530233,57.4982,3.897259,,7974.0,-2.028832,1.530786,57.7502,3.534931924351104
2716,2.028832,1.530797,57.5194,3.897259,,7975.0,-2.028832,1.531349,57.7714,3.5470913069029457
2717,2.028832,1.531361,57.5406,3.897259,,7976.0,-2.028832,1.531913,57.7927,3.462625120346519
2718,2.028832,1.531924,57.5618,3.897259,,7977.0,-2.028832,1.532477,57.8139,3.5462691254583936
2719,2.028832,1.532488,57.5829,3.897259,,7978.0,-2.029018,1.53304,57.8352,3.603288962543993
2720,2.029018,1.533051,57.6041,3.897259,,7979.0,-2.029018,1.533604,57.8565,3.448491892314376
2721,2.029204,1.533615,57.6253,3.898499,,7980.0,-2.029204,1.534167,57.8777,3.4841773127268714
2722,2.029204,1.534179,57.6465,3.898499,,7981.0,-2.029204,1.534731,57.899,3.510817139675034
2723,2.029204,1.534742,57.6676,3.898499,,7982.0,-2.029204,1.535295,57.9203,3.5610611891962187
2724,2.028832,1.535306,57.6888,3.898809,,7983.0,-2.029204,1.535858,57.9415,3.554555685623065
2725,2.028832,1.535869,57.71,3.898809,,7984.0,-2.028832,1.536422,57.9628,3.4997103847817583
2726,2.028832,1.536433,57.7312,3.89912,,7985.0,-2.028832,1.536986,57.984,3.6474133057177553
2727,2.028832,1.536997,57.7523,3.89974,,7986.0,-2.028832,1.537549,58.0053,3.4969159156441973
2728,2.028832,1.53756,57.7735,3.89974,,7987.0,-2.028832,1.538113,58.0266,3.5330671230778137
2729,2.028832,1.538124,57.7947,3.89974,,7988.0,-2.028832,1.538676,58.0478,3.463979925062696
2730,2.028832,1.538687,57.8159,3.89974,,7989.0,-2.028832,1.53924,58.0691,3.451041319102294
2731,2.028832,1.539251,57.8371,3.89974,,7990.0,-2.028832,1.539803,58.0903,3.3960134485574085
2732,2.028832,1.539814,57.8582,3.90005,,7991.0,-2.028832,1.540367,58.1116,3.5845815241460195
2733,2.028832,1.540378,57.8794,3.90036,,7992.0,-2.028832,1.540931,58.1329,3.5174172848022476
2734,2.028832,1.540941,57.9006,3.90036,,7993.0,-2.028832,1.541494,58.1541,3.4432401669845714
2735,2.02939,1.541505,57.9218,3.90067,,7994.0,-2.028832,1.542058,58.1754,3.5834796916062457
2736,2.029018,1.542069,57.9429,3.90067,,7995.0,-2.028832,1.542621,58.1966,3.485480345930259
2737,2.029018,1.542632,57.9641,3.90067,,7996.0,-2.029018,1.543185,58.2179,3.4485304044042757
2738,2.029018,1.543196,57.9853,3.9016,,7997.0,-2.029018,1.543748,58.2392,3.442167601857132
2739,2.029018,1.54376,58.0065,3.9016,,7998.0,-2.029018,1.544312,58.2604,3.563729906480661
2740,2.029018,1.544323,58.0277,3.9016,,7999.0,-2.028832,1.544876,58.2817,3.43486811972507
2741,2.028832,1.544887,58.0488,3.90253,,8000.0,-2.028832,1.545439,58.303,3.5824161061128947
2742,2.028832,1.54545,58.07,3.90284,,8001.0,-2.028832,1.546003,58.3242,3.5041874909659616
2743,2.028832,1.546014,58.0912,3.90284,,8002.0,-2.028832,1.546566,58.3455,3.5455711019691214
2744,2.029018,1.546578,58.1124,3.90439,,8003.0,-2.028832,1.54713,58.3667,3.5038480312315605
2745,2.029204,1.547141,58.1335,3.90439,,8004.0,-2.029018,1.547693,58.388,3.438250670787577
2746,2.029204,1.547705,58.1547,3.90439,,8005.0,-2.029204,1.548257,58.4093,3.4366115261036314
2747,2.029204,1.548269,58.1759,3.90439,,8006.0,-2.029204,1.548821,58.4305,3.5234388561191134
2748,2.029204,1.548832,58.1971,3.90439,,8007.0,-2.029204,1.549384,58.4518,3.504114077319074
2749,2.028832,1.549396,58.2182,3.90439,,8008.0,-2.029204,1.549948,58.4731,3.520223997692577
2750,2.028832,1.549959,58.2394,3.90439,,8009.0,-2.028832,1.550512,58.4943,3.4673086161063917
2751,2.028832,1.550523,58.2606,3.90439,,8010.0,-2.028832,1.551075,58.5156,3.466078668052732
2752,2.028832,1.551087,58.2818,3.90439,,8011.0,-2.029018,1.551639,58.5368,3.5625332398290173
2753,2.028832,1.55165,58.303,3.90439,,8012.0,-2.029018,1.552202,58.5581,3.4974761186352326
2754,2.029018,1.552214,58.3241,3.90439,,8013.0,-2.029018,1.552766,58.5794,3.5167163753263546
2755,2.029018,1.552777,58.3453,3.90501,,8014.0,-2.029018,1.55333,58.6006,3.47793404334329
2756,2.029018,1.553341,58.3665,3.90501,,8015.0,-2.028832,1.553893,58.6219,3.4934842217438606
2757,2.029018,1.553905,58.3877,3.90532,,8016.0,-2.028832,1.554457,58.6432,3.5404069687465687
2758,2.028832,1.554468,58.4088,3.90532,,8017.0,-2.028832,1.55502,58.6644,3.428967925127592
2759,2.028832,1.555032,58.43,3.90532,,8018.0,-2.029018,1.555584,58.6857,3.5804324297712142
2760,2.028832,1.555595,58.4512,3.90594,,8019.0,-2.029018,1.556148,58.707,3.5228630871217326
2761,2.028832,1.556159,58.4724,3.90625,,8020.0,-2.029018,1.556711,58.7282,3.563071319392124
2762,2.028832,1.556722,58.4935,3.90625,,8021.0,-2.028832,1.557275,58.7495,3.6228907030353277
2763,2.028832,1.557286,58.5147,3.90625,,8022.0,-2.028832,1.557838,58.7707,3.539441093044728
2764,2.028832,1.55785,58.5359,3.90687,,8023.0,-2.028832,1.558402,58.792,3.525188622570573
2765,2.028832,1.558413,58.5571,3.90687,,8024.0,-2.028832,1.558966,58.8133,3.4838072785587375
2766,2.028832,1.558977,58.5782,3.90749,,8025.0,-2.028832,1.559529,58.8345,3.3942526243764344
2767,2.028832,1.55954,58.5994,3.90749,,8026.0,-2.029018,1.560093,58.8558,3.473203010039319
2768,2.028832,1.560104,58.6206,3.90749,,8027.0,-2.028832,1.560656,58.877,3.5400486595351395
2769,2.028832,1.560667,58.6418,3.90811,,8028.0,-2.028832,1.56122,58.8983,3.566349598147
2770,2.029018,1.561231,58.6629,3.90873,,8029.0,-2.029018,1.561783,58.9196,3.480828658365159
2771,2.029018,1.561795,58.6841,3.90873,,8030.0,-2.028832,1.562347,58.9408,3.58670864720813
2772,2.02939,1.562358,58.7053,3.90873,,8031.0,-2.028832,1.562911,58.9621,3.541814784677615
2773,2.02939,1.562922,58.7265,3.90873,,8032.0,-2.028832,1.563474,58.9833,3.4723731380678764
2774,2.02939,1.563486,58.7477,3.90873,,8033.0,-2.028832,1.564038,59.0046,3.486967737299271
2775,2.02939,1.564049,58.7689,3.90904,,8034.0,-2.028832,1.564601,59.0259,3.530082064028207
2776,2.028832,1.564613,58.79,3.90935,,8035.0,-2.028832,1.565165,59.0471,3.486594890336306
2777,2.028832,1.565177,58.8112,3.90935,,8036.0,-2.029204,1.565729,59.0684,3.576543202232871
2778,2.029204,1.56574,58.8324,3.90935,,8037.0,-2.029204,1.566292,59.0897,3.4910356241240996
2779,2.028832,1.566304,58.8536,3.90966,,8038.0,-2.02939,1.566856,59.1109,3.5239935330225944
2780,2.028832,1.566867,58.8747,3.90966,,8039.0,-2.029204,1.56742,59.1322,3.498568331853254
2781,2.028832,1.567431,58.8959,3.91028,,8040.0,-2.029204,1.567983,59.1535,3.5208865738150577
2782,2.028832,1.567994,58.9171,3.91028,,8041.0,-2.029204,1.568547,59.1747,3.4955496304556046
2783,2.028832,1.568558,58.9383,3.91059,,8042.0,-2.029018,1.569111,59.196,3.5293542599622776
2784,2.028832,1.569122,58.9594,3.91059,,8043.0,-2.028832,1.569674,59.2172,3.521432886499458
2785,2.029018,1.569685,58.9806,3.91059,,8044.0,-2.028832,1.570238,59.2385,3.4354521247385654
2786,2.029018,1.570249,59.0018,3.91152,,8045.0,-2.028832,1.570801,59.2598,3.392754077800628
2787,2.029018,1.570812,59.023,3.91152,,8046.0,-2.028832,1.571365,59.281,3.5321629520526368
2788,2.029018,1.571376,59.0442,3.91183,,8047.0,-2.028832,1.571928,59.3023,3.454429922275373
2789,2.029204,1.57194,59.0653,3.91183,,8048.0,-2.028832,1.572492,59.3235,3.4863775987847907
2790,2.029204,1.572503,59.0865,3.91183,,8049.0,-2.028832,1.573056,59.3448,3.4347270729983053
2791,2.029204,1.573067,59.1077,3.91214,,8050.0,-2.028832,1.573619,59.3661,3.490836411994567
2792,2.029204,1.573631,59.1289,3.91307,,8051.0,-2.028832,1.574183,59.3873,3.474423333163791
2793,2.029204,1.574194,59.1501,3.91307,,8052.0,-2.028832,1.574746,59.4086,3.524926475401939
2794,2.029204,1.574758,59.1712,3.913691,,8053.0,-2.028832,1.57531,59.4299,3.5089368122870814
2795,2.029204,1.575322,59.1924,3.914001,,8054.0,-2.028832,1.575873,59.4511,3.5924000548921526
2796,2.029204,1.575885,59.2136,3.914001,,8055.0,-2.028832,1.576437,59.4724,3.5245546991955696
2797,2.029204,1.576449,59.2348,3.91431,,8056.0,-2.028832,1.577,59.4936,3.486052138131163
2798,2.029204,1.577013,59.256,3.91431,,8057.0,-2.028832,1.577564,59.5149,3.5049219807392933
2799,2.029204,1.577576,59.2771,3.91431,,8058.0,-2.028832,1.578128,59.5362,3.5359758493741453
2800,2.028832,1.57814,59.2983,3.91431,,8059.0,-2.029204,1.578691,59.5574,3.533820160166362
2801,2.028832,1.578704,59.3195,3.914621,,8060.0,-2.029204,1.579255,59.5787,3.467380919991217
2802,2.028832,1.579267,59.3407,3.914621,,8061.0,-2.028832,1.579818,59.5999,3.5241663857488463
2803,2.028832,1.579831,59.3618,3.914931,,8062.0,-2.029018,1.580382,59.6212,3.4234154434148074
2804,2.028832,1.580394,59.383,3.915241,,8063.0,-2.029018,1.580946,59.6425,3.587696832795288
2805,2.028832,1.580958,59.4042,3.915241,,8064.0,-2.029018,1.581509,59.6637,3.517434656370679
2806,2.029204,1.581522,59.4254,3.915241,,8065.0,-2.029018,1.582073,59.685,3.444067133743355
2807,2.029204,1.582085,59.4465,3.915241,,8066.0,-2.029018,1.582636,59.7063,3.5384751393336042
2808,2.029204,1.582649,59.4677,3.915241,,8067.0,-2.028832,1.5832,59.7275,3.504082446231495
2809,2.029204,1.583212,59.4889,3.915861,,8068.0,-2.028832,1.583764,59.7488,3.4751664538845137
2810,2.029204,1.583776,59.5101,3.915861,,8069.0,-2.028832,1.584327,59.77,3.4950024083777294
2811,2.028832,1.58434,59.5313,3.915861,,8070.0,-2.029204,1.584891,59.7913,3.584729243730388
2812,2.028832,1.584903,59.5524,3.916481,,8071.0,-2.029204,1.585455,59.8126,3.6281218408978817
2813,2.028832,1.585467,59.5736,3.917101,,8072.0,-2.029204,1.586018,59.8338,3.5216456714911435
2814,2.028832,1.58603,59.5948,3.917101,,8073.0,-2.028832,1.586582,59.8551,3.58613090265056
2815,2.028832,1.586594,59.616,3.917721,,8074.0,-2.028832,1.587145,59.8764,3.589577375283563
2816,2.028832,1.587158,59.6371,3.918031,,8075.0,-2.028832,1.587709,59.8976,3.470692384352305
2817,2.028832,1.587721,59.6583,3.918031,,8076.0,-2.029018,1.588273,59.9189,3.6224659805003845
2818,2.028832,1.588285,59.6795,3.918031,,8077.0,-2.029204,1.588836,59.9402,3.467605384821503
2819,2.028832,1.588848,59.7007,3.918341,,8078.0,-2.029204,1.5894,59.9614,3.4741592232784577
2820,2.028832,1.589412,59.7218,3.918341,,8079.0,-2.029204,1.589964,59.9827,3.5079595103211
2821,2.028832,1.589975,59.743,3.918341,,8080.0,-2.029204,1.590527,60.0039,3.4763187498295594
2822,2.028832,1.590539,59.7642,3.919271,,8081.0,-2.029204,1.591091,60.0252,3.5458375604374828
2823,2.028832,1.591102,59.7854,3.919271,,8082.0,-2.029018,1.591655,60.0465,3.5329354928673413
2824,2.028832,1.591666,59.8065,3.919581,,8083.0,-2.029204,1.592218,60.0677,3.4210599729367006
2825,2.028832,1.59223,59.8277,3.920201,,8084.0,-2.029204,1.592782,60.089,3.428631820141193
2826,2.028832,1.592793,59.8489,3.920201,,8085.0,-2.028832,1.593345,60.1103,3.472529723308749
2827,2.028832,1.593357,59.8701,3.919581,,8086.0,-2.02939,1.593909,60.1315,3.4706648026466405
2828,2.029204,1.59392,59.8913,3.920201,,8087.0,-2.02939,1.594473,60.1528,3.4624362878842527
2829,2.029204,1.594484,59.9124,3.920201,,8088.0,-2.029018,1.595037,60.1741,3.4405830296521365
2830,2.029204,1.595048,59.9336,3.920201,,8089.0,-2.029018,1.5956,60.1953,3.451134554013581
2831,2.029018,1.595611,59.9548,3.920511,,8090.0,-2.029018,1.596164,60.2166,3.4199196494441986
2832,2.028832,1.596175,59.976,3.920511,,8091.0,-2.029018,1.596727,60.2378,3.459482627931083
2833,2.028832,1.596738,59.9971,3.921131,,8092.0,-2.029018,1.597291,60.2591,3.5895316406433495
2834,2.028832,1.597302,60.0183,3.921441,,8093.0,-2.028832,1.597854,60.2804,3.453015524787403
2835,2.028832,1.597866,60.0395,3.921441,,8094.0,-2.028832,1.598418,60.3016,3.510622920742755
2836,2.028832,1.598429,60.0607,3.921751,,8095.0,-2.028832,1.598982,60.3229,3.5217370659443623
2837,2.029204,1.598993,60.0818,3.922061,,8096.0,-2.028832,1.599545,60.3442,3.488067237403572
2838,2.02939,1.599557,60.103,3.922061,,8097.0,-2.028832,1.600109,60.3654,3.492820950033667
2839,2.02939,1.60012,60.1242,3.922061,,8098.0,-2.028832,1.600672,60.3867,3.5508810763097656
2840,2.02939,1.600684,60.1454,3.922991,,8099.0,-2.028832,1.601236,60.4079,3.492767234665881
2841,2.02939,1.601248,60.1666,3.922991,,8100.0,-2.028832,1.601799,60.4292,3.4157888750029333
2842,2.02939,1.601812,60.1878,3.923301,,8101.0,-2.029204,1.602363,60.4505,3.475877753908542
2843,2.029204,1.602375,60.2089,3.923301,,8102.0,-2.02939,1.602927,60.4717,3.4529298950208296
2844,2.028832,1.602939,60.2301,3.923301,,8103.0,-2.02939,1.603491,60.493,3.4326039584380763
2845,2.028832,1.603502,60.2513,3.923301,,8104.0,-2.02939,1.604054,60.5143,3.5353185382995367
2846,2.028832,1.604066,60.2725,3.923301,,8105.0,-2.029204,1.604618,60.5355,3.4963928078833284
2847,2.029204,1.60463,60.2936,3.924231,,8106.0,-2.029204,1.605182,60.5568,3.5729825390936707
2848,2.029204,1.605193,60.3148,3.924231,,8107.0,-2.029204,1.605745,60.5781,3.5357718927288175
2849,2.02939,1.605757,60.336,3.924541,,8108.0,-2.028832,1.606309,60.5993,3.5392158729977097
2850,2.02939,1.606321,60.3572,3.925161,,8109.0,-2.028832,1.606872,60.6206,3.4518882416938808
2851,2.02939,1.606884,60.3784,3.925161,,8110.0,-2.029204,1.607436,60.6418,3.5253389042588608
2852,2.02939,1.607448,60.3996,3.925471,,8111.0,-2.028832,1.608,60.6631,3.474079154437371
2853,2.028832,1.608012,60.4207,3.925471,,8112.0,-2.028832,1.608563,60.6844,3.488507367438171
2854,2.028832,1.608575,60.4419,3.925471,,8113.0,-2.028832,1.609127,60.7056,3.5091183920607647
2855,2.028832,1.609139,60.4631,3.925471,,8114.0,-2.028832,1.60969,60.7269,3.513591336210465
2856,2.028832,1.609702,60.4843,3.925471,,8115.0,-2.028832,1.610254,60.7482,3.4846343293784696
2857,2.028832,1.610266,60.5054,3.925471,,8116.0,-2.028832,1.610817,60.7694,3.4242562969817048
2858,2.028832,1.610829,60.5266,3.925471,,8117.0,-2.028832,1.611381,60.7907,3.489560918714817
2859,2.028832,1.611393,60.5478,3.925781,,8118.0,-2.028832,1.611945,60.8119,3.499198139328949
2860,2.028832,1.611957,60.569,3.925781,,8119.0,-2.028832,1.612508,60.8332,3.549036662320273
2861,2.028832,1.61252,60.5901,3.925781,,8120.0,-2.028832,1.613072,60.8545,3.514736648714553
2862,2.028832,1.613084,60.6113,3.926401,,8121.0,-2.028832,1.613635,60.8757,3.470521334746734
2863,2.029204,1.613647,60.6325,3.926401,,8122.0,-2.028832,1.614199,60.897,3.505325360627253
2864,2.029204,1.614211,60.6537,3.926401,,8123.0,-2.028832,1.614762,60.9182,3.438968207586611
2865,2.029204,1.614775,60.6748,3.927021,,8124.0,-2.028832,1.615326,60.9395,3.4387473223282474
2866,2.02939,1.615338,60.696,3.927021,,8125.0,-2.029018,1.61589,60.9608,3.5054863556433546
2867,2.02939,1.615902,60.7172,3.927641,,8126.0,-2.029204,1.616453,60.982,3.5492414600476576
2868,2.02939,1.616466,60.7384,3.928262,,8127.0,-2.029204,1.617017,61.0033,3.466275427933516
2869,2.029204,1.61703,60.7596,3.928881,,8128.0,-2.029204,1.617581,61.0246,3.5861718050871927
2870,2.029204,1.617593,60.7808,3.928881,,8129.0,-2.029018,1.618144,61.0458,3.436309419478686
2871,2.028832,1.618157,60.8019,3.928881,,8130.0,-2.029018,1.618708,61.0671,3.5438407011852884
2872,2.028832,1.61872,60.8231,3.928881,,8131.0,-2.029018,1.619271,61.0883,3.4754421600102394
2873,2.028832,1.619284,60.8443,3.929502,,8132.0,-2.029204,1.619835,61.1096,3.4918529436981056
2874,2.029018,1.619848,60.8655,3.929502,,8133.0,-2.029204,1.620399,61.1309,3.498676539923793
2875,2.029018,1.620411,60.8866,3.930121,,8134.0,-2.029204,1.620962,61.1521,3.4822281124068226
2876,2.029018,1.620975,60.9078,3.930121,,8135.0,-2.029204,1.621526,61.1734,3.448460718450641
2877,2.02939,1.621538,60.929,3.930121,,8136.0,-2.029018,1.62209,61.1947,3.463136016326352
2878,2.029018,1.622102,60.9502,3.930742,,8137.0,-2.029018,1.622653,61.2159,3.482399752887165
2879,2.029018,1.622666,60.9713,3.930742,,8138.0,-2.028832,1.623217,61.2372,3.5233038190386408
2880,2.029018,1.623229,60.9925,3.931051,,8139.0,-2.028832,1.62378,61.2585,3.4261781956843196
2881,2.029018,1.623793,61.0137,3.931051,,8140.0,-2.028832,1.624344,61.2797,3.44192091816941
2882,2.029018,1.624357,61.0349,3.931051,,8141.0,-2.028832,1.624908,61.301,3.5384424432912667
2883,2.028832,1.62492,61.0561,3.931051,,8142.0,-2.028832,1.625471,61.3222,3.4247564542728792
2884,2.028832,1.625484,61.0772,3.931051,,8143.0,-2.028832,1.626035,61.3435,3.492557888022276
2885,2.028832,1.626047,61.0984,3.931051,,8144.0,-2.029204,1.626598,61.3648,3.44691803459303
2886,2.028832,1.626611,61.1196,3.931672,,8145.0,-2.029204,1.627162,61.386,3.46469163070172
2887,2.028832,1.627174,61.1408,3.931982,,8146.0,-2.029204,1.627726,61.4073,3.478939434581271
2888,2.028832,1.627738,61.1619,3.931982,,8147.0,-2.029204,1.628289,61.4286,3.568569517408611
2889,2.028832,1.628302,61.1831,3.932292,,8148.0,-2.029204,1.628853,61.4498,3.5232385608450274
2890,2.029204,1.628865,61.2043,3.932602,,8149.0,-2.029204,1.629417,61.4711,3.5151888147368147
2891,2.029204,1.629429,61.2255,3.932602,,8150.0,-2.028832,1.62998,61.4923,3.5522014368973585
2892,2.029204,1.629992,61.2467,3.932912,,8151.0,-2.029204,1.630544,61.5136,3.441463227136984
2893,2.02939,1.630556,61.2678,3.932912,,8152.0,-2.029204,1.631108,61.5349,3.509766590875806
2894,2.029204,1.63112,61.289,3.933842,,8153.0,-2.029204,1.631671,61.5561,3.46144467794816
2895,2.029204,1.631684,61.3102,3.933842,,8154.0,-2.029204,1.632235,61.5774,3.5232581040673123
2896,2.029204,1.632247,61.3314,3.934152,,8155.0,-2.029204,1.632799,61.5987,3.564279968681033
2897,2.029204,1.632811,61.3526,3.934152,,8156.0,-2.029204,1.633362,61.6199,3.4910769912600084
2898,2.029204,1.633375,61.3737,3.934152,,8157.0,-2.029204,1.633926,61.6412,3.640627861272602
2899,2.029204,1.633938,61.3949,3.934462,,8158.0,-2.029204,1.63449,61.6625,3.385069697913581
2900,2.028832,1.634502,61.4161,3.934462,,8159.0,-2.029204,1.635053,61.6837,3.5836379443730304
2901,2.028832,1.635065,61.4373,3.934772,,8160.0,-2.029204,1.635617,61.705,3.4753625594375688
2902,2.02939,1.635629,61.4584,3.935082,,8161.0,-2.029204,1.636181,61.7263,3.5623359946004056
2903,2.02939,1.636193,61.4796,3.935082,,8162.0,-2.029018,1.636744,61.7475,3.5635097948716044
2904,2.02939,1.636757,61.5008,3.935082,,8163.0,-2.028832,1.637308,61.7688,3.520128081142005
2905,2.02939,1.63732,61.522,3.935702,,8164.0,-2.028832,1.637871,61.79,3.5435393876774772
2906,2.02939,1.637884,61.5432,3.936012,,8165.0,-2.028832,1.638435,61.8113,3.4216973061442184
2907,2.02939,1.638448,61.5644,3.936012,,8166.0,-2.028832,1.638999,61.8326,3.392964871965759
2908,2.029018,1.639011,61.5855,3.936012,,8167.0,-2.028832,1.639562,61.8538,3.443431506237952
2909,2.02939,1.639575,61.6067,3.936322,,8168.0,-2.028832,1.640126,61.8751,3.434229314425202
2910,2.02939,1.640139,61.6279,3.936322,,8169.0,-2.02939,1.640689,61.8964,3.4117985758697205
2911,2.02939,1.640702,61.6491,3.936942,,8170.0,-2.02939,1.641253,61.9176,3.5394513486787758
2912,2.02939,1.641266,61.6703,3.937252,,8171.0,-2.02939,1.641817,61.9389,3.528754023543847
2913,2.02939,1.64183,61.6914,3.937252,,8172.0,-2.029204,1.64238,61.9602,3.4884031085129483
2914,2.02939,1.642394,61.7126,3.937872,,8173.0,-2.029204,1.642944,61.9814,3.550090892089791
2915,2.02939,1.642957,61.7338,3.937872,,8174.0,-2.029204,1.643508,62.0027,3.5307708280445094
2916,2.02939,1.643521,61.755,3.937872,,8175.0,-2.029204,1.644071,62.0239,3.4806989224145846
2917,2.029204,1.644085,61.7762,3.938802,,8176.0,-2.029204,1.644635,62.0452,3.4981460874759596
2918,2.02939,1.644648,61.7973,3.939112,,8177.0,-2.029204,1.645199,62.0665,3.483112935478372
2919,2.029204,1.645212,61.8185,3.939112,,8178.0,-2.029204,1.645762,62.0877,3.522139891204979
2920,2.029204,1.645776,61.8397,3.939112,,8179.0,-2.029204,1.646326,62.109,3.494691584603415
2921,2.029204,1.646339,61.8609,3.939422,,8180.0,-2.029204,1.64689,62.1303,3.451096621018904
2922,2.028832,1.646903,61.8821,3.939422,,8181.0,-2.029204,1.647453,62.1515,3.4721989553666046
2923,2.028832,1.647467,61.9032,3.939732,,8182.0,-2.029204,1.648017,62.1728,3.459328423417493
2924,2.028832,1.64803,61.9244,3.939732,,8183.0,-2.029204,1.648581,62.1941,3.4951261613568723
2925,2.028832,1.648594,61.9456,3.939732,,8184.0,-2.028832,1.649144,62.2153,3.505743610824923
2926,2.028832,1.649157,61.9668,3.939732,,8185.0,-2.028832,1.649708,62.2366,3.5526380516921052
2927,2.029204,1.649721,61.9879,3.940042,,8186.0,-2.028832,1.650272,62.2579,3.4816877473418417
2928,2.029204,1.650285,62.0091,3.940042,,8187.0,-2.028832,1.650835,62.2791,3.6127893366300583
2929,2.029204,1.650848,62.0303,3.939732,,8188.0,-2.029018,1.651399,62.3004,3.484946066783367
2930,2.029204,1.651412,62.0515,3.940042,,8189.0,-2.028832,1.651962,62.3216,3.4944134585788253
2931,2.028832,1.651976,62.0727,3.940352,,8190.0,-2.028832,1.652526,62.3429,3.5875485114409384
2932,2.028832,1.652539,62.0938,3.940352,,8191.0,-2.029018,1.653089,62.3642,3.496325039231619
2933,2.028832,1.653103,62.115,3.940352,,8192.0,-2.029018,1.653653,62.3854,3.4561371715502305
2934,2.028832,1.653666,62.1362,3.940352,,8193.0,-2.029204,1.654217,62.4067,3.5438166692602855
2935,2.028832,1.65423,62.1574,3.940352,,8194.0,-2.029204,1.65478,62.4279,3.446138096286041
2936,2.02939,1.654794,62.1785,3.941592,,8195.0,-2.029204,1.655344,62.4492,3.5339979818915186
2937,2.028832,1.655357,62.1997,3.941592,,8196.0,-2.02939,1.655908,62.4705,3.404673718375801
2938,2.028832,1.655921,62.2209,3.942832,,8197.0,-2.02939,1.656471,62.4917,3.554599727664976
2939,2.029018,1.656484,62.2421,3.942832,,8198.0,-2.02939,1.657035,62.513,3.589401476651289
2940,2.029018,1.657048,62.2633,3.942832,,8199.0,-2.02939,1.657599,62.5343,3.4571582284219917
2941,2.029018,1.657611,62.2844,3.943452,,8200.0,-2.02939,1.658163,62.5555,3.5131306946131833
2942,2.029018,1.658175,62.3056,3.943762,,8201.0,-2.02939,1.658726,62.5768,3.3864233417574208
2943,2.029204,1.658739,62.3268,3.943762,,8202.0,-2.02939,1.65929,62.5981,3.4838056441977847
2944,2.029204,1.659302,62.348,3.943762,,8203.0,-2.02939,1.659854,62.6193,3.4928542850266284
2945,2.028832,1.659866,62.3691,3.943762,,8204.0,-2.02939,1.660418,62.6406,3.5250865042745776
2946,2.029204,1.66043,62.3903,3.944692,,8205.0,-2.028832,1.660981,62.6619,3.510700949557734
2947,2.029204,1.660993,62.4115,3.944692,,8206.0,-2.02939,1.661545,62.6831,3.4766493343996574
2948,2.029204,1.661557,62.4327,3.944692,,8207.0,-2.02939,1.662109,62.7044,3.467232652538003
2949,2.029204,1.662121,62.4539,3.945622,,8208.0,-2.02939,1.662672,62.7257,3.5488835565932213
2950,2.029204,1.662684,62.475,3.945622,,8209.0,-2.02939,1.663236,62.7469,3.5214935564820653
2951,2.029204,1.663248,62.4962,3.945622,,8210.0,-2.02939,1.6638,62.7682,3.445979250834066
2952,2.029204,1.663812,62.5174,3.945622,,8211.0,-2.028832,1.664363,62.7895,3.5362396631835575
2953,2.029204,1.664375,62.5386,3.945622,,8212.0,-2.028832,1.664927,62.8107,3.51776267979374
2954,2.029204,1.664939,62.5598,3.945622,,8213.0,-2.028832,1.66549,62.832,3.440091718181331
2955,2.02939,1.665503,62.5809,3.945622,,8214.0,-2.028832,1.666054,62.8533,3.483266871063091
2956,2.02939,1.666066,62.6021,3.945622,,8215.0,-2.028832,1.666618,62.8745,3.4436577435707947
2957,2.02939,1.66663,62.6233,3.945933,,8216.0,-2.028832,1.667181,62.8958,3.4986546098349303
2958,2.028832,1.667194,62.6445,3.946553,,8217.0,-2.028832,1.667745,62.917,3.4584180002476397
2959,2.028832,1.667757,62.6657,3.946863,,8218.0,-2.028832,1.668308,62.9383,3.4828123828794193
2960,2.028832,1.668321,62.6868,3.946863,,8219.0,-2.029204,1.668872,62.9596,3.479332803585645
2961,2.028832,1.668884,62.708,3.947483,,8220.0,-2.029204,1.669436,62.9808,3.492191406876805
2962,2.02939,1.669448,62.7292,3.947793,,8221.0,-2.029204,1.669999,63.0021,3.47304458691487
2963,2.02939,1.670012,62.7504,3.947793,,8222.0,-2.029018,1.670563,63.0234,3.4528489008313303
2964,2.02939,1.670575,62.7716,3.948103,,8223.0,-2.029018,1.671126,63.0446,3.4857175280803356
2965,2.02939,1.671139,62.7927,3.948413,,8224.0,-2.029018,1.67169,63.0659,3.498595011731876
2966,2.02939,1.671703,62.8139,3.948413,,8225.0,-2.029018,1.672254,63.0871,3.435803921854955
2967,2.02939,1.672267,62.8351,3.948413,,8226.0,-2.029018,1.672817,63.1084,3.567954713096861
2968,2.02939,1.67283,62.8563,3.948723,,8227.0,-2.028832,1.673381,63.1297,3.481878446477157
2969,2.02939,1.673394,62.8775,3.948723,,8228.0,-2.028832,1.673944,63.1509,3.5492588579035647
2970,2.02939,1.673958,62.8986,3.948723,,8229.0,-2.028832,1.674508,63.1722,3.551249698180171
2971,2.02939,1.674522,62.9198,3.949033,,8230.0,-2.028832,1.675072,63.1935,3.4640017604117324
2972,2.02939,1.675085,62.941,3.949033,,8231.0,-2.029204,1.675635,63.2147,3.4548028097287324
2973,2.02939,1.675649,62.9622,3.949653,,8232.0,-2.029204,1.676199,63.236,3.474634674454476
2974,2.02939,1.676213,62.9834,3.949963,,8233.0,-2.029204,1.676763,63.2572,3.5138245749521406
2975,2.02939,1.676776,63.0046,3.949963,,8234.0,-2.029204,1.677326,63.2785,3.525142695529331
2976,2.02939,1.67734,63.0257,3.950273,,8235.0,-2.029204,1.67789,63.2998,3.542826045263305
2977,2.028832,1.677904,63.0469,3.950583,,8236.0,-2.029018,1.678453,63.321,3.485457766196792
2978,2.028832,1.678467,63.0681,3.950893,,8237.0,-2.029018,1.679017,63.3423,3.536743317666893
2979,2.028832,1.679031,63.0893,3.950893,,8238.0,-2.029018,1.679581,63.3636,3.513701573463511
2980,2.02939,1.679595,63.1104,3.950893,,8239.0,-2.029204,1.680144,63.3848,3.49432558975852
2981,2.02939,1.680158,63.1316,3.951513,,8240.0,-2.029204,1.680708,63.4061,3.4692371360728185
2982,2.02939,1.680722,63.1528,3.951513,,8241.0,-2.029204,1.681272,63.4274,3.4856272750475856
2983,2.02939,1.681286,63.174,3.952133,,8242.0,-2.029204,1.681835,63.4486,3.4245673671936445
2984,2.029204,1.681849,63.1952,3.952133,,8243.0,-2.029204,1.682399,63.4699,3.4120615843398796
2985,2.029204,1.682413,63.2163,3.952133,,8244.0,-2.029204,1.682963,63.4912,3.5495812921066814
2986,2.029204,1.682977,63.2375,3.952443,,8245.0,-2.029018,1.683526,63.5124,3.459052654904696
2987,2.029204,1.68354,63.2587,3.952443,,8246.0,-2.029018,1.68409,63.5337,3.4564590803689685
2988,2.029204,1.684104,63.2799,3.952443,,8247.0,-2.029018,1.684654,63.5549,3.531465067846605
2989,2.028832,1.684668,63.3011,3.953063,,8248.0,-2.029204,1.685217,63.5762,3.4534935673637293
2990,2.028832,1.685231,63.3222,3.953683,,8249.0,-2.029204,1.685781,63.5975,3.480395616207916
2991,2.028832,1.685795,63.3434,3.953683,,8250.0,-2.029018,1.686345,63.6187,3.525548160768603
2992,2.02939,1.686358,63.3646,3.953683,,8251.0,-2.029018,1.686908,63.64,3.5276368842724835
2993,2.02939,1.686922,63.3858,3.953683,,8252.0,-2.028832,1.687472,63.6613,3.486847713285486
2994,2.02939,1.687486,63.407,3.953683,,8253.0,-2.028832,1.688035,63.6825,3.533134782649006
2995,2.028832,1.688049,63.4281,3.953993,,8254.0,-2.029018,1.688599,63.7038,3.5004960358680277
2996,2.028832,1.688613,63.4493,3.954613,,8255.0,-2.028832,1.689162,63.725,3.5000460088790684
2997,2.028832,1.689177,63.4705,3.955543,,8256.0,-2.028832,1.689726,63.7463,3.4502484334106294
2998,2.028832,1.68974,63.4917,3.955543,,8257.0,-2.029204,1.69029,63.7676,3.530484926528102
2999,2.029204,1.690304,63.5128,3.955853,,8258.0,-2.028832,1.690853,63.7888,3.446807807083577
3000,2.029204,1.690868,63.534,3.955853,,8259.0,-2.02939,1.691417,63.8101,3.4846477352505105
3001,2.029204,1.691431,63.5552,3.955853,,8260.0,-2.02939,1.691981,63.8314,3.4535632465299146
3002,2.02939,1.691995,63.5764,3.955853,,8261.0,-2.029204,1.692544,63.8526,3.424602076663114
3003,2.028832,1.692559,63.5976,3.955853,,8262.0,-2.029204,1.693108,63.8739,3.472955812151933
3004,2.028832,1.693122,63.6187,3.956163,,8263.0,-2.029204,1.693672,63.8952,3.531590744243911
3005,2.029204,1.693686,63.6399,3.956783,,8264.0,-2.029204,1.694235,63.9164,3.438142336616663
3006,2.029204,1.694249,63.6611,3.956783,,8265.0,-2.029204,1.694799,63.9377,3.4496690300859476
3007,2.029204,1.694813,63.6823,3.957093,,8266.0,-2.029204,1.695363,63.959,3.5098463617566873
3008,2.029204,1.695377,63.7035,3.957093,,8267.0,-2.02939,1.695926,63.9802,3.4911211182136332
3009,2.029204,1.69594,63.7246,3.957093,,8268.0,-2.02939,1.69649,64.0015,3.51491727242619
3010,2.029204,1.696504,63.7458,3.957093,,8269.0,-2.02939,1.697054,64.0228,3.5854365751183868
3011,2.02939,1.697068,63.767,3.957403,,8270.0,-2.02939,1.697618,64.044,3.470847151492262
3012,2.028832,1.697631,63.7882,3.957403,,8271.0,-2.029018,1.698181,64.0653,3.49287209892305
3013,2.028832,1.698195,63.8093,3.957403,,8272.0,-2.029018,1.698745,64.0865,3.4904576403976337
3014,2.029204,1.698759,63.8305,3.957403,,8273.0,-2.028832,1.699308,64.1078,3.468349285225668
3015,2.028832,1.699322,63.8517,3.957403,,8274.0,-2.029018,1.699872,64.1291,3.393837446822295
3016,2.028832,1.699886,63.8729,3.957403,,8275.0,-2.029018,1.700436,64.1503,3.6005684834106306
3017,2.029204,1.700449,63.8941,3.957403,,8276.0,-2.029018,1.700999,64.1716,3.514478444818559
3018,2.02939,1.701013,63.9152,3.958643,,8277.0,-2.029018,1.701563,64.1929,3.5039366602044937
3019,2.02939,1.701577,63.9364,3.958643,,8278.0,-2.029018,1.702127,64.2141,3.456080773401894
3020,2.02939,1.702141,63.9576,3.958953,,8279.0,-2.028832,1.70269,64.2354,3.461791495482374
3021,2.028832,1.702704,63.9788,3.958953,,8280.0,-2.028832,1.703254,64.2566,3.5437817494547112
3022,2.028832,1.703268,64.0,3.958953,,8281.0,-2.028832,1.703817,64.2779,3.4701307891579276
3023,2.028832,1.703831,64.0211,3.959263,,8282.0,-2.029018,1.704381,64.2992,3.500290520538984
3024,2.028832,1.704395,64.0423,3.960193,,8283.0,-2.029018,1.704944,64.3204,3.5084450506230582
3025,2.028832,1.704958,64.0635,3.960193,,8284.0,-2.029018,1.705508,64.3417,3.4582673807946347
3026,2.028832,1.705522,64.0847,3.960193,,8285.0,-2.029204,1.706072,64.363,3.4373808388472544
3027,2.028832,1.706085,64.1058,3.960193,,8286.0,-2.029204,1.706635,64.3842,3.532083876442722
3028,2.029204,1.706649,64.127,3.960814,,8287.0,-2.028832,1.707199,64.4055,3.535183288514261
3029,2.029204,1.707213,64.1482,3.960814,,8288.0,-2.028832,1.707762,64.4267,3.496527164382007
3030,2.029204,1.707776,64.1694,3.961434,,8289.0,-2.028832,1.708326,64.448,3.3946394570699483
3031,2.029204,1.70834,64.1906,3.961434,,8290.0,-2.028832,1.70889,64.4693,3.5422853842623865
3032,2.029204,1.708904,64.2117,3.961434,,8291.0,-2.028832,1.709453,64.4905,3.440976138401357
3033,2.028832,1.709467,64.2329,3.962054,,8292.0,-2.028832,1.710017,64.5118,3.5219885908610236
3034,2.028832,1.710031,64.2541,3.962674,,8293.0,-2.028832,1.71058,64.533,3.4806075517796735
3035,2.028832,1.710595,64.2753,3.962674,,8294.0,-2.028832,1.711144,64.5543,3.4392412518734834
3036,2.028832,1.711158,64.2964,3.962674,,8295.0,-2.028832,1.711707,64.5756,3.492431986435092
3037,2.028832,1.711722,64.3176,3.962984,,8296.0,-2.028832,1.712271,64.5968,3.482118431986203
3038,2.028832,1.712285,64.3388,3.962984,,8297.0,-2.028832,1.712835,64.6181,3.4895412559578816
3039,2.028832,1.712849,64.36,3.963294,,8298.0,-2.028832,1.713398,64.6394,3.4489225556511327
3040,2.02939,1.713413,64.3811,3.963604,,8299.0,-2.028832,1.713962,64.6606,3.439614443270189
3041,2.02939,1.713976,64.4023,3.963604,,8300.0,-2.028832,1.714525,64.6819,3.461807709893072
3042,2.028832,1.71454,64.4235,3.963914,,8301.0,-2.028832,1.715089,64.7031,3.4822733462773905
3043,2.028832,1.715103,64.4447,3.963914,,8302.0,-2.028832,1.715652,64.7244,3.4955552397733975
3044,2.028832,1.715667,64.4659,3.963914,,8303.0,-2.028832,1.716216,64.7457,3.4777288400148345
3045,2.028832,1.71623,64.487,3.964224,,8304.0,-2.029018,1.71678,64.7669,3.414489168713421
3046,2.028832,1.716794,64.5082,3.964224,,8305.0,-2.029018,1.717343,64.7882,3.413143222782535
3047,2.028832,1.717358,64.5294,3.964224,,8306.0,-2.029018,1.717907,64.8094,3.4132318161047315
3048,2.028832,1.717921,64.5506,3.964844,,8307.0,-2.029018,1.71847,64.8307,3.44753856940082
3049,2.028832,1.718485,64.5717,3.965464,,8308.0,-2.028832,1.719034,64.852,3.5216298678727203
3050,2.028832,1.719048,64.5929,3.965464,,8309.0,-2.028832,1.719598,64.8732,3.4686580705617103
3051,2.029018,1.719612,64.6141,3.966394,,8310.0,-2.028832,1.720161,64.8945,3.5665259801550575
3052,2.029018,1.720176,64.6353,3.967014,,8311.0,-2.028832,1.720725,64.9158,3.5035626524534838
3053,2.02939,1.720739,64.6564,3.967014,,8312.0,-2.028832,1.721288,64.937,3.498652714910641
3054,2.02939,1.721303,64.6776,3.967014,,8313.0,-2.028832,1.721852,64.9583,3.525539886720586
3055,2.028832,1.721866,64.6988,3.967324,,8314.0,-2.028832,1.722415,64.9795,3.408730304505903
3056,2.029204,1.72243,64.72,3.967324,,8315.0,-2.028832,1.722979,65.0008,3.4713602949807134
3057,2.029204,1.722994,64.7412,3.967324,,8316.0,-2.029018,1.723543,65.0221,3.550980626941135
3058,2.029204,1.723557,64.7623,3.967324,,8317.0,-2.028832,1.724106,65.0433,3.419082806488763
3059,2.029204,1.724121,64.7835,3.967324,,8318.0,-2.028832,1.72467,65.0646,3.4436915217424304
3060,2.029204,1.724685,64.8047,3.967634,,8319.0,-2.02939,1.725233,65.0858,3.44332730366007
3061,2.02939,1.725249,64.8259,3.967634,,8320.0,-2.029204,1.725797,65.1071,3.427285295095234
3062,2.028832,1.725812,64.8471,3.967634,,8321.0,-2.029204,1.726361,65.1284,3.480212554367933
3063,2.028832,1.726376,64.8682,3.967944,,8322.0,-2.029204,1.726924,65.1496,3.58139586876087
3064,2.02939,1.726939,64.8894,3.967944,,8323.0,-2.029204,1.727488,65.1709,3.429546497326457
3065,2.02939,1.727503,64.9106,3.968564,,8324.0,-2.029204,1.728052,65.1922,3.5283376171622987
3066,2.02939,1.728067,64.9318,3.968564,,8325.0,-2.029018,1.728615,65.2134,3.4845437085050786
3067,2.02939,1.728631,64.953,3.968564,,8326.0,-2.028832,1.729179,65.2347,3.5467275673073075
3068,2.028832,1.729194,64.9741,3.969184,,8327.0,-2.028832,1.729742,65.256,3.444130014331038
3069,2.028832,1.729758,64.9953,3.969184,,8328.0,-2.028832,1.730306,65.2772,3.4985783575319416
3070,2.028832,1.730321,65.0165,3.969494,,8329.0,-2.028832,1.73087,65.2985,3.4419461586606004
3071,2.028832,1.730885,65.0377,3.969494,,8330.0,-2.028832,1.731433,65.3197,3.448256113881754
3072,2.028832,1.731448,65.0588,3.969804,,8331.0,-2.029204,1.731997,65.341,3.39790739570935
3073,2.028832,1.732012,65.08,3.970114,,8332.0,-2.029204,1.732561,65.3623,3.5018051727910553
3074,2.028832,1.732576,65.1012,3.970114,,8333.0,-2.029204,1.733124,65.3835,3.4737509154828166
3075,2.028832,1.733139,65.1224,3.970424,,8334.0,-2.029204,1.733688,65.4048,3.4830731715611107
3076,2.028832,1.733703,65.1435,3.970424,,8335.0,-2.028832,1.734251,65.4261,3.38941035146062
3077,2.028832,1.734266,65.1647,3.970734,,8336.0,-2.028832,1.734815,65.4473,3.4967182123189824
3078,2.028832,1.73483,65.1859,3.970734,,8337.0,-2.028832,1.735379,65.4686,3.527952247752594
3079,2.02939,1.735394,65.2071,3.971354,,8338.0,-2.02939,1.735942,65.4898,3.4320800522456807
3080,2.02939,1.735957,65.2283,3.971354,,8339.0,-2.02939,1.736506,65.5111,3.448557745918411
3081,2.02939,1.736521,65.2494,3.971354,,8340.0,-2.02939,1.73707,65.5324,3.390461305345254
3082,2.02939,1.737085,65.2706,3.971664,,8341.0,-2.02939,1.737633,65.5536,3.527752478034741
3083,2.02939,1.737648,65.2918,3.972284,,8342.0,-2.029018,1.738197,65.5749,3.390909603916371
3084,2.02939,1.738212,65.313,3.972284,,8343.0,-2.028832,1.738761,65.5962,3.5251337623065995
3085,2.02939,1.738776,65.3342,3.972904,,8344.0,-2.028832,1.739324,65.6174,3.472113789253594
3086,2.029018,1.739339,65.3553,3.973214,,8345.0,-2.028832,1.739888,65.6387,3.4302516759644406
3087,2.029018,1.739903,65.3765,3.973214,,8346.0,-2.028832,1.740451,65.66,3.4048048834152724
3088,2.028832,1.740467,65.3977,3.973524,,8347.0,-2.028832,1.741015,65.6812,3.5260394361337664
3089,2.028832,1.74103,65.4189,3.973524,,8348.0,-2.028832,1.741578,65.7025,3.4819449239780633
3090,2.028832,1.741594,65.44,3.973524,,8349.0,-2.028832,1.742142,65.7237,3.496820084739182
3091,2.028832,1.742157,65.4612,3.973524,,8350.0,-2.028832,1.742706,65.745,3.4455290706315003
3092,2.028832,1.742721,65.4824,3.973524,,8351.0,-2.028832,1.743269,65.7663,3.4413471139507577
3093,2.028832,1.743284,65.5036,3.973524,,8352.0,-2.028832,1.743833,65.7875,3.4658525624075502
3094,2.028832,1.743848,65.5247,3.973524,,8353.0,-2.028832,1.744396,65.8088,3.3700926101840376
3095,2.028832,1.744412,65.5459,3.973834,,8354.0,-2.028832,1.74496,65.83,3.454245178143156
3096,2.028832,1.744975,65.5671,3.973834,,8355.0,-2.028832,1.745523,65.8513,3.432566866781769
3097,2.029204,1.745539,65.5883,3.973834,,8356.0,-2.029204,1.746087,65.8726,3.4519505587430226
3098,2.02939,1.746103,65.6095,3.974144,,8357.0,-2.029204,1.746651,65.8938,3.4832057740632933
3099,2.02939,1.746666,65.6306,3.974144,,8358.0,-2.029204,1.747214,65.9151,3.5166750994847575
3100,2.029204,1.74723,65.6518,3.974764,,8359.0,-2.02939,1.747778,65.9364,3.460066088374193
3101,2.028832,1.747793,65.673,3.975694,,8360.0,-2.029204,1.748342,65.9576,3.5503237670098264
3102,2.028832,1.748357,65.6942,3.975694,,8361.0,-2.029204,1.748905,65.9789,3.467533562839985
3103,2.028832,1.748921,65.7154,3.975694,,8362.0,-2.029204,1.749469,66.0002,3.530979140762434
3104,2.029018,1.749484,65.7365,3.976004,,8363.0,-2.029204,1.750033,66.0214,3.560026769049534
3105,2.029018,1.750048,65.7577,3.976004,,8364.0,-2.029204,1.750596,66.0427,3.5106466637030596
3106,2.029018,1.750611,65.7789,3.976315,,8365.0,-2.029204,1.75116,66.0639,3.501513845477536
3107,2.028832,1.751175,65.8001,3.976624,,8366.0,-2.029204,1.751724,66.0852,3.5759234671111213
3108,2.028832,1.751739,65.8212,3.976934,,8367.0,-2.029204,1.752287,66.1065,3.5049448110470753
3109,2.028832,1.752302,65.8424,3.976934,,8368.0,-2.029204,1.752851,66.1277,3.4886478847777633
3110,2.028832,1.752866,65.8636,3.976934,,8369.0,-2.029204,1.753415,66.149,3.512583327911193
3111,2.028832,1.753429,65.8848,3.978175,,8370.0,-2.029204,1.753978,66.1703,3.5346331538066047
3112,2.028832,1.753993,65.9059,3.978175,,8371.0,-2.029204,1.754542,66.1915,3.452888385379476
3113,2.028832,1.754556,65.9271,3.978175,,8372.0,-2.028832,1.755106,66.2128,3.5562839816008354
3114,2.028832,1.75512,65.9483,3.978485,,8373.0,-2.029204,1.755669,66.2341,3.510759900242651
3115,2.028832,1.755684,65.9695,3.978485,,8374.0,-2.029204,1.756233,66.2553,3.4582955020629056
3116,2.028832,1.756247,65.9906,3.978795,,8375.0,-2.02939,1.756797,66.2766,3.392014903547464
3117,2.028832,1.756811,66.0118,3.978795,,8376.0,-2.02939,1.75736,66.2979,3.4501644283699724
3118,2.028832,1.757374,66.033,3.978795,,8377.0,-2.02939,1.757924,66.3191,3.36028039292852
3119,2.029204,1.757938,66.0542,3.978795,,8378.0,-2.02939,1.758488,66.3404,3.4045644754495346
3120,2.029204,1.758502,66.0754,3.978795,,8379.0,-2.029204,1.759052,66.3617,3.4593950055650247
3121,2.029204,1.759065,66.0965,3.978795,,8380.0,-2.029204,1.759615,66.3829,3.417376768908216
3122,2.029204,1.759629,66.1177,3.979105,,8381.0,-2.02939,1.760179,66.4042,3.4686130349389424
3123,2.029018,1.760193,66.1389,3.979105,,8382.0,-2.02939,1.760743,66.4255,3.4391167031096384
3124,2.029018,1.760756,66.1601,3.979415,,8383.0,-2.02939,1.761306,66.4467,3.3958270156551387
3125,2.028832,1.76132,66.1812,3.979725,,8384.0,-2.02939,1.76187,66.468,3.538044243707743
3126,2.028832,1.761883,66.2024,3.980345,,8385.0,-2.029018,1.762434,66.4893,3.4422993848768044
3127,2.028832,1.762447,66.2236,3.980345,,8386.0,-2.029018,1.762997,66.5105,3.504279755051539
3128,2.028832,1.76301,66.2448,3.980655,,8387.0,-2.029018,1.763561,66.5318,3.4322102885516754
3129,2.028832,1.763574,66.266,3.981585,,8388.0,-2.02939,1.764125,66.553,3.410877957079076
3130,2.028832,1.764138,66.2871,3.981585,,8389.0,-2.02939,1.764688,66.5743,3.4680933297202325
3131,2.028832,1.764701,66.3083,3.981585,,8390.0,-2.02939,1.765252,66.5956,3.5120070014813938
3132,2.028832,1.765265,66.3295,3.981895,,8391.0,-2.02939,1.765816,66.6169,3.485169272077717
3133,2.028832,1.765828,66.3507,3.981895,,8392.0,-2.028832,1.766379,66.6381,3.489391290074432
3134,2.029018,1.766392,66.3718,3.982515,,8393.0,-2.028832,1.766943,66.6594,3.460540336542374
3135,2.029018,1.766955,66.393,3.982825,,8394.0,-2.029018,1.767507,66.6806,3.4666275462885885
3136,2.029018,1.767519,66.4142,3.982825,,8395.0,-2.029018,1.76807,66.7019,3.4328730566047834
3137,2.029018,1.768083,66.4354,3.982825,,8396.0,-2.029018,1.768634,66.7232,3.49684760609532
3138,2.029018,1.768646,66.4565,3.983135,,8397.0,-2.029204,1.769197,66.7444,3.4153177574819367
3139,2.029018,1.76921,66.4777,3.983135,,8398.0,-2.029204,1.769761,66.7657,3.391260697047618
3140,2.028832,1.769773,66.4989,3.983135,,8399.0,-2.029204,1.770325,66.787,3.456184477853797
3141,2.028832,1.770337,66.5201,3.983135,,8400.0,-2.029204,1.770888,66.8082,3.4949730570020257
3142,2.028832,1.770901,66.5413,3.983135,,8401.0,-2.029204,1.771452,66.8295,3.505582761082483
3143,2.028832,1.771464,66.5624,3.983135,,8402.0,-2.029018,1.772016,66.8507,3.4896434707756963
3144,2.028832,1.772028,66.5836,3.983135,,8403.0,-2.029018,1.772579,66.872,3.4634995414509646
3145,2.028832,1.772591,66.6048,3.983135,,8404.0,-2.029018,1.773143,66.8933,3.445739845167837
3146,2.028832,1.773155,66.626,3.983135,,8405.0,-2.028832,1.773707,66.9145,3.4125118129393917
3147,2.02939,1.773719,66.6471,3.983135,,8406.0,-2.028832,1.77427,66.9358,3.5031351755764075
3148,2.029204,1.774282,66.6683,3.983135,,8407.0,-2.028832,1.774834,66.9571,3.4004586850044705
3149,2.029204,1.774846,66.6895,3.983755,,8408.0,-2.028832,1.775397,66.9783,3.463953521899866
3150,2.029204,1.77541,66.7107,3.984065,,8409.0,-2.028832,1.775961,66.9996,3.5416685522280646
3151,2.029204,1.775973,66.7318,3.984065,,8410.0,-2.028832,1.776524,67.0208,3.4458789464697435
3152,2.029204,1.776537,66.753,3.984685,,8411.0,-2.028832,1.777088,67.0421,3.445122608672277
3153,2.028832,1.7771,66.7742,3.984685,,8412.0,-2.028832,1.777651,67.0634,3.4547333121628774
3154,2.028832,1.777664,66.7954,3.984685,,8413.0,-2.028832,1.778215,67.0846,3.495311180992268
3155,2.028832,1.778228,66.8166,3.984685,,8414.0,-2.028832,1.778779,67.1059,3.4557201983256944
3156,2.028832,1.778791,66.8377,3.984685,,8415.0,-2.02939,1.779342,67.1272,3.4057247719498434
3157,2.028832,1.779355,66.8589,3.984995,,8416.0,-2.02939,1.779906,67.1484,3.4750903782973013
3158,2.028832,1.779918,66.8801,3.984995,,8417.0,-2.02939,1.78047,67.1697,3.434945165495593
3159,2.029018,1.780482,66.9013,3.985925,,8418.0,-2.028832,1.781033,67.1909,3.474403438326913
3160,2.029018,1.781046,66.9224,3.985925,,8419.0,-2.028832,1.781597,67.2122,3.542200364371741
3161,2.029018,1.781609,66.9436,3.986235,,8420.0,-2.028832,1.782161,67.2335,3.471626398933826
3162,2.029204,1.782173,66.9648,3.986545,,8421.0,-2.028832,1.782724,67.2547,3.5250006458765526
3163,2.02939,1.782737,66.986,3.987165,,8422.0,-2.029018,1.783288,67.276,3.5001775945721567
3164,2.02939,1.7833,67.0072,3.987165,,8423.0,-2.029018,1.783851,67.2973,3.4632566565818634
3165,2.02939,1.783864,67.0283,3.987475,,8424.0,-2.029018,1.784415,67.3185,3.4602490234059453
3166,2.028832,1.784428,67.0495,3.987475,,8425.0,-2.029018,1.784979,67.3398,3.472603795922873
3167,2.028832,1.784991,67.0707,3.987475,,8426.0,-2.029018,1.785542,67.361,3.530058608306308
3168,2.028832,1.785555,67.0919,3.987785,,8427.0,-2.028832,1.786106,67.3823,3.5042396314250057
3169,2.028832,1.786118,67.1131,3.987785,,8428.0,-2.028832,1.786669,67.4036,3.4867458482323817
3170,2.028832,1.786682,67.1342,3.987785,,8429.0,-2.028832,1.787233,67.4248,3.447670637909629
3171,2.028832,1.787245,67.1554,3.988095,,8430.0,-2.028832,1.787796,67.4461,3.4820982378106335
3172,2.028832,1.787809,67.1766,3.988095,,8431.0,-2.029018,1.78836,67.4673,3.462409386955924
3173,2.028832,1.788373,67.1978,3.988095,,8432.0,-2.029018,1.788924,67.4886,3.353374613814631
3174,2.028832,1.788936,67.2189,3.989335,,8433.0,-2.029018,1.789487,67.5099,3.4650704321333667
3175,2.02939,1.7895,67.2401,3.989645,,8434.0,-2.028832,1.790051,67.5311,3.392892319630304
3176,2.02939,1.790064,67.2613,3.989645,,8435.0,-2.028832,1.790614,67.5524,3.4595399975602326
3177,2.02939,1.790627,67.2825,3.989645,,8436.0,-2.028832,1.791178,67.5737,3.465168101285282
3178,2.028832,1.791191,67.3036,3.989955,,8437.0,-2.028832,1.791741,67.5949,3.498879412517329
3179,2.028832,1.791754,67.3248,3.989955,,8438.0,-2.028832,1.792305,67.6162,3.455986524409286
3180,2.028832,1.792318,67.346,3.989955,,8439.0,-2.029204,1.792869,67.6374,3.4948617472593115
3181,2.028832,1.792881,67.3672,3.991195,,8440.0,-2.029204,1.793432,67.6587,3.378272671244201
3182,2.028832,1.793445,67.3884,3.991195,,8441.0,-2.029204,1.793996,67.68,3.418746420584338
3183,2.029204,1.794009,67.4095,3.991195,,8442.0,-2.029204,1.79456,67.7012,3.49817276161543
3184,2.028832,1.794572,67.4307,3.991505,,8443.0,-2.028832,1.795123,67.7225,3.4017447585016543
3185,2.029204,1.795136,67.4519,3.991505,,8444.0,-2.028832,1.795687,67.7438,3.376737757667703
3186,2.029204,1.7957,67.4731,3.991505,,8445.0,-2.028832,1.79625,67.765,3.4611796801316026
3187,2.028832,1.796263,67.4942,3.992126,,8446.0,-2.028832,1.796814,67.7863,3.400578197587594
3188,2.028832,1.796827,67.5154,3.992126,,8447.0,-2.028832,1.797378,67.8075,3.4957953857077078
3189,2.028832,1.79739,67.5366,3.992126,,8448.0,-2.029204,1.797941,67.8288,3.383392886478164
3190,2.028832,1.797954,67.5578,3.992126,,8449.0,-2.029204,1.798505,67.8501,3.4466055644649516
3191,2.028832,1.798517,67.5789,3.992126,,8450.0,-2.028832,1.799068,67.8713,3.430980747507533
3192,2.028832,1.799081,67.6001,3.992746,,8451.0,-2.028832,1.799632,67.8926,3.541622455349322
3193,2.028832,1.799645,67.6213,3.992746,,8452.0,-2.028832,1.800196,67.9139,3.4648733901704825
3194,2.028832,1.800208,67.6425,3.992746,,8453.0,-2.028832,1.800759,67.9351,3.4464971108406006
3195,2.028832,1.800772,67.6637,3.993056,,8454.0,-2.028832,1.801323,67.9564,3.494227316827805
3196,2.028832,1.801335,67.6848,3.993056,,8455.0,-2.029018,1.801886,67.9776,3.3930847161961104
3197,2.028832,1.801899,67.706,3.993056,,8456.0,-2.029018,1.80245,67.9989,3.4575908983875383
3198,2.028832,1.802462,67.7272,3.993676,,8457.0,-2.029018,1.803014,68.0202,3.442579434684104
3199,2.029204,1.803026,67.7484,3.993676,,8458.0,-2.029018,1.803577,68.0414,3.432119528709455
3200,2.029204,1.80359,67.7695,3.994296,,8459.0,-2.029204,1.804141,68.0627,3.501135917917999
3201,2.029204,1.804153,67.7907,3.994296,,8460.0,-2.029204,1.804705,68.084,3.4782598597261916
3202,2.029204,1.804717,67.8119,3.994296,,8461.0,-2.028832,1.805268,68.1052,3.4503875603273277
3203,2.028832,1.805281,67.8331,3.994916,,8462.0,-2.029204,1.805832,68.1265,3.3814100882905485
3204,2.028832,1.805844,67.8542,3.994916,,8463.0,-2.029204,1.806395,68.1478,3.457603789980594
3205,2.029204,1.806408,67.8754,3.994916,,8464.0,-2.028832,1.806959,68.169,3.4479659586491462
3206,2.029204,1.806972,67.8966,3.995226,,8465.0,-2.02939,1.807523,68.1903,3.4070345332030496
3207,2.029204,1.807535,67.9178,3.995226,,8466.0,-2.02939,1.808086,68.2115,3.4436306132434304
3208,2.02939,1.808099,67.939,3.995846,,8467.0,-2.02939,1.80865,68.2328,3.5144024249472836
3209,2.02939,1.808663,67.9602,3.996156,,8468.0,-2.02939,1.809214,68.2541,3.4782766754169034
3210,2.02939,1.809226,67.9813,3.996156,,8469.0,-2.02939,1.809777,68.2753,3.5701584645523794
3211,2.029204,1.80979,68.0025,3.996156,,8470.0,-2.02939,1.810341,68.2966,3.530936669507052
3212,2.028832,1.810354,68.0237,3.997396,,8471.0,-2.028832,1.810905,68.3179,3.524201459832335
3213,2.028832,1.810917,68.0449,3.997396,,8472.0,-2.028832,1.811468,68.3391,3.519283022121844
3214,2.028832,1.811481,68.066,3.997396,,8473.0,-2.028832,1.812032,68.3604,3.4025348074204045
3215,2.029204,1.812044,68.0872,3.998326,,8474.0,-2.02939,1.812596,68.3817,3.4593615458108
3216,2.029204,1.812608,68.1084,3.998326,,8475.0,-2.02939,1.813159,68.4029,3.415744711762602
3217,2.029204,1.813172,68.1296,3.998636,,8476.0,-2.02939,1.813723,68.4242,3.366962745318761
3218,2.029204,1.813735,68.1508,3.999876,,8477.0,-2.02939,1.814287,68.4455,3.4741843412960463
3219,2.029204,1.814299,68.1719,3.999876,,8478.0,-2.02939,1.814851,68.4667,3.4969856596157394
3220,2.029204,1.814863,68.1931,4.000186,,8479.0,-2.02939,1.815414,68.488,3.4430567603204634
3221,2.02939,1.815426,68.2143,4.000186,,8480.0,-2.029204,1.815978,68.5093,3.4452772651328325
3222,2.029018,1.81599,68.2355,4.000186,,8481.0,-2.029204,1.816542,68.5305,3.473483211934318
3223,2.029018,1.816554,68.2567,4.000186,,8482.0,-2.029018,1.817105,68.5518,3.45572641595368
3224,2.028832,1.817117,68.2778,3.999876,,8483.0,-2.028832,1.817669,68.5731,3.326647950130029
3225,2.028832,1.817681,68.299,3.999876,,8484.0,-2.028832,1.818232,68.5943,3.4961462175837057
3226,2.028832,1.818244,68.3202,3.999876,,8485.0,-2.028832,1.818796,68.6156,3.3644748317190154
3227,2.028832,1.818808,68.3414,4.000496,,8486.0,-2.028832,1.81936,68.6368,3.423229742972857
3228,2.029018,1.819372,68.3625,4.000496,,8487.0,-2.028832,1.819923,68.6581,3.5019256874769398
3229,2.029018,1.819935,68.3837,4.000496,,8488.0,-2.028832,1.820487,68.6794,3.4647178714868523
3230,2.028832,1.820499,68.4049,4.000496,,8489.0,-2.028832,1.82105,68.7006,3.3224231552848473
3231,2.02939,1.821062,68.4261,4.000496,,8490.0,-2.028832,1.821614,68.7219,3.465792320819896
3232,2.02939,1.821626,68.4473,4.000496,,8491.0,-2.028832,1.822177,68.7431,3.435677281025911
3233,2.02939,1.82219,68.4684,4.001116,,8492.0,-2.028832,1.822741,68.7644,3.4704205180185475
3234,2.02939,1.822754,68.4896,4.001116,,8493.0,-2.028832,1.823304,68.7857,3.458366856277546
3235,2.02939,1.823317,68.5108,4.000806,,8494.0,-2.028832,1.823868,68.8069,3.4539079945037314
3236,2.029204,1.823881,68.532,4.001736,,8495.0,-2.028832,1.824432,68.8282,3.444171744256977
3237,2.029204,1.824445,68.5532,4.001736,,8496.0,-2.028832,1.824995,68.8494,3.4491839727156557
3238,2.029204,1.825008,68.5743,4.001736,,8497.0,-2.028832,1.825559,68.8707,3.464161483168974
3239,2.029204,1.825572,68.5955,4.002666,,8498.0,-2.028832,1.826122,68.892,3.4183350990493264
3240,2.029204,1.826136,68.6167,4.002356,,8499.0,-2.028832,1.826686,68.9132,3.578698080520154
3241,2.029204,1.826699,68.6379,4.002356,,8500.0,-2.02939,1.82725,68.9345,3.487141621009338
3242,2.029204,1.827263,68.6591,4.002976,,8501.0,-2.02939,1.827813,68.9558,3.5098688500646373
3243,2.028832,1.827826,68.6802,4.002976,,8502.0,-2.028832,1.828377,68.977,3.469022173145487
3244,2.028832,1.82839,68.7014,4.003286,,8503.0,-2.028832,1.82894,68.9983,3.3846298238666166
3245,2.028832,1.828954,68.7226,4.003286,,8504.0,-2.028832,1.829504,69.0195,3.5262087502861315
3246,2.029204,1.829517,68.7438,4.003596,,8505.0,-2.028832,1.830068,69.0408,3.505899428966627
3247,2.029204,1.830081,68.7649,4.003596,,8506.0,-2.028832,1.830631,69.0621,3.43028704600568
3248,2.029204,1.830645,68.7861,4.002976,,8507.0,-2.028832,1.831195,69.0833,3.4651717139154363
3249,2.028832,1.831208,68.8073,4.003596,,8508.0,-2.028832,1.831758,69.1046,3.41435604971399
3250,2.028832,1.831772,68.8285,4.003596,,8509.0,-2.028832,1.832322,69.1258,3.4219450287859563
3251,2.028832,1.832335,68.8496,4.003906,,8510.0,-2.028832,1.832885,69.1471,3.380434673505322
3252,2.029204,1.832899,68.8708,4.003906,,8511.0,-2.028832,1.833449,69.1684,3.453474496829326
3253,2.029204,1.833463,68.892,4.003906,,8512.0,-2.028832,1.834013,69.1896,3.432600902098873
3254,2.029204,1.834026,68.9132,4.004216,,8513.0,-2.028832,1.834576,69.2109,3.3436966024485186
3255,2.028832,1.83459,68.9344,4.004526,,8514.0,-2.028832,1.83514,69.2321,3.4493979366966734
3256,2.028832,1.835153,68.9555,4.004526,,8515.0,-2.028832,1.835703,69.2534,3.4106357499335
3257,2.028832,1.835717,68.9767,4.004836,,8516.0,-2.029204,1.836267,69.2747,3.3380466666776285
3258,2.028832,1.836281,68.9979,4.006076,,8517.0,-2.02939,1.83683,69.2959,3.3849697306942983
3259,2.029018,1.836844,69.0191,4.006076,,8518.0,-2.02939,1.837394,69.3172,3.501456864731761
3260,2.029018,1.837408,69.0402,4.006076,,8519.0,-2.02939,1.837958,69.3385,3.453378885251084
3261,2.029018,1.837971,69.0614,4.007627,,8520.0,-2.02939,1.838522,69.3597,3.401772492496982
3262,2.029018,1.838535,69.0826,4.007627,,8521.0,-2.029018,1.839085,69.381,3.41162851381299
3263,2.029018,1.839099,69.1038,4.007627,,8522.0,-2.029018,1.839649,69.4023,3.4360941215409695
3264,2.028832,1.839662,69.125,4.007627,,8523.0,-2.029204,1.840213,69.4235,3.466966197343293
3265,2.028832,1.840226,69.1461,4.007936,,8524.0,-2.029018,1.840776,69.4448,3.492758372074652
3266,2.028832,1.840789,69.1673,4.007936,,8525.0,-2.029018,1.84134,69.4661,3.587439691008036
3267,2.028832,1.841353,69.1885,4.008246,,8526.0,-2.028832,1.841903,69.4873,3.4330478443669437
3268,2.028832,1.841917,69.2097,4.008246,,8527.0,-2.028832,1.842467,69.5086,3.370345071881403
3269,2.028832,1.84248,69.2308,4.008246,,8528.0,-2.028832,1.843031,69.5298,3.4612783002133183
3270,2.029204,1.843044,69.252,4.008246,,8529.0,-2.028832,1.843594,69.5511,3.4131243508559828
3271,2.029204,1.843607,69.2732,4.008246,,8530.0,-2.028832,1.844158,69.5724,3.455834645515159
3272,2.02939,1.844171,69.2944,4.008246,,8531.0,-2.028832,1.844721,69.5936,3.3400433948099852
3273,2.02939,1.844735,69.3156,4.007936,,8532.0,-2.028832,1.845285,69.6149,3.3327114936862636
3274,2.02939,1.845299,69.3367,4.007936,,8533.0,-2.029204,1.845848,69.6361,3.5341530967486414
3275,2.02939,1.845862,69.3579,4.007936,,8534.0,-2.02939,1.846412,69.6574,3.4824886162000297
3276,2.02939,1.846426,69.3791,4.008556,,8535.0,-2.02939,1.846976,69.6787,3.5519446467423226
3277,2.029204,1.84699,69.4003,4.008867,,8536.0,-2.029204,1.84754,69.6999,3.4760519549724154
3278,2.029204,1.847553,69.4215,4.008867,,8537.0,-2.02939,1.848103,69.7212,3.442153365027738
3279,2.029204,1.848117,69.4426,4.008867,,8538.0,-2.02939,1.848667,69.7425,3.441655867368068
3280,2.02939,1.848681,69.4638,4.009177,,8539.0,-2.028832,1.849231,69.7637,3.506888942876627
3281,2.02939,1.849244,69.485,4.009177,,8540.0,-2.02939,1.849794,69.785,3.4566699931327243
3282,2.02939,1.849808,69.5062,4.009177,,8541.0,-2.02939,1.850358,69.8063,3.4347489452636633
3283,2.02939,1.850372,69.5274,4.010417,,8542.0,-2.029204,1.850922,69.8275,3.5266379240103
3284,2.02939,1.850936,69.5485,4.010417,,8543.0,-2.029204,1.851485,69.8488,3.412849680341704
3285,2.02939,1.851499,69.5697,4.010726,,8544.0,-2.029204,1.852049,69.8701,3.5148021541407335
3286,2.028832,1.852063,69.5909,4.011037,,8545.0,-2.029204,1.852613,69.8913,3.4609531616813496
3287,2.028832,1.852626,69.6121,4.011037,,8546.0,-2.029204,1.853176,69.9126,3.450049504456221
3288,2.028832,1.85319,69.6333,4.011037,,8547.0,-2.029204,1.85374,69.9339,3.5100480184690124
3289,2.02939,1.853754,69.6544,4.011657,,8548.0,-2.02939,1.854304,69.9551,3.4150628844173965
3290,2.02939,1.854317,69.6756,4.011657,,8549.0,-2.02939,1.854867,69.9764,3.500272325774261
3291,2.02939,1.854881,69.6968,4.011967,,8550.0,-2.02939,1.855431,69.9977,3.4089152570357104
3292,2.02939,1.855445,69.718,4.012277,,8551.0,-2.02939,1.855995,70.0189,3.5025914223894112
3293,2.028832,1.856009,69.7392,4.012897,,8552.0,-2.029204,1.856559,70.0402,3.358865409987505
3294,2.028832,1.856572,69.7603,4.012897,,8553.0,-2.029204,1.857122,70.0615,3.5004998625764068
3295,2.028832,1.857136,69.7815,4.013517,,8554.0,-2.029204,1.857686,70.0827,3.3774132914815533
3296,2.02939,1.857699,69.8027,4.014137,,8555.0,-2.02939,1.85825,70.104,3.458333921874593
3297,2.02939,1.858263,69.8239,4.014137,,8556.0,-2.02939,1.858813,70.1253,3.483051346755378
3298,2.02939,1.858827,69.8451,4.014137,,8557.0,-2.02939,1.859377,70.1465,3.5046722823712133
3299,2.02939,1.85939,69.8662,4.014137,,8558.0,-2.028832,1.859941,70.1678,3.4032879373737064
3300,2.02939,1.859954,69.8874,4.013827,,8559.0,-2.028832,1.860504,70.189,3.3393999209516902
3301,2.02939,1.860518,69.9086,4.013827,,8560.0,-2.028832,1.861068,70.2103,3.405811270004815
3302,2.029204,1.861082,69.9298,4.013827,,8561.0,-2.028832,1.861631,70.2316,3.371664033431182
3303,2.029204,1.861645,69.951,4.014137,,8562.0,-2.028832,1.862195,70.2528,3.396032360775023
3304,2.028832,1.862209,69.9721,4.014757,,8563.0,-2.028832,1.862758,70.2741,3.357978455673784
3305,2.028832,1.862772,69.9933,4.015377,,8564.0,-2.02939,1.863322,70.2954,3.57452899591731
3306,2.028832,1.863336,70.0145,4.015377,,8565.0,-2.02939,1.863886,70.3166,3.4953032884616975
3307,2.028832,1.863899,70.0357,4.015377,,8566.0,-2.029018,1.86445,70.3379,3.4504319795322753
3308,2.02939,1.864463,70.0568,4.015687,,8567.0,-2.02939,1.865013,70.3592,3.4069216916835203
3309,2.02939,1.865027,70.078,4.015687,,8568.0,-2.02939,1.865577,70.3804,3.497154363064711
3310,2.02939,1.865591,70.0992,4.016307,,8569.0,-2.029018,1.866141,70.4017,3.4093558204595267
3311,2.02939,1.866154,70.1204,4.016307,,8570.0,-2.028832,1.866704,70.4229,3.4851189973868792
3312,2.02939,1.866718,70.1416,4.016307,,8571.0,-2.028832,1.867268,70.4442,3.4685270213196517
3313,2.028832,1.867282,70.1628,4.015997,,8572.0,-2.028832,1.867831,70.4655,3.426577396364428
3314,2.028832,1.867845,70.1839,4.015687,,8573.0,-2.029018,1.868395,70.4867,3.4743288737186386
3315,2.028832,1.868409,70.2051,4.015687,,8574.0,-2.029204,1.868959,70.508,3.3970382294365895
3316,2.028832,1.868972,70.2263,4.015687,,8575.0,-2.029204,1.869522,70.5293,3.431089421547132
3317,2.028832,1.869536,70.2475,4.015997,,8576.0,-2.029204,1.870086,70.5505,3.388802249090088
3318,2.028832,1.8701,70.2686,4.015997,,8577.0,-2.029204,1.87065,70.5718,3.419372109141328
3319,2.029018,1.870663,70.2898,4.016617,,8578.0,-2.029204,1.871213,70.5931,3.352885494496839
3320,2.029018,1.871227,70.311,4.016617,,8579.0,-2.028832,1.871777,70.6143,3.403821390526518
3321,2.029018,1.87179,70.3322,4.016617,,8580.0,-2.028832,1.87234,70.6356,3.466885685940292
3322,2.029018,1.872354,70.3533,4.016617,,8581.0,-2.028832,1.872904,70.6568,3.445661764261102
3323,2.029018,1.872918,70.3745,4.017547,,8582.0,-2.028832,1.873467,70.6781,3.4303607330656427
3324,2.02939,1.873481,70.3957,4.017547,,8583.0,-2.028832,1.874031,70.6994,3.5199214662446865
3325,2.02939,1.874045,70.4169,4.017547,,8584.0,-2.028832,1.874595,70.7206,3.483381683627567
3326,2.02939,1.874609,70.4381,4.017857,,8585.0,-2.02939,1.875158,70.7419,3.522345248955436
3327,2.02939,1.875172,70.4592,4.017857,,8586.0,-2.028832,1.875722,70.7632,3.426133267070642
3328,2.02939,1.875736,70.4804,4.018477,,8587.0,-2.028832,1.876285,70.7844,3.461862791889672
3329,2.029204,1.8763,70.5016,4.019097,,8588.0,-2.02939,1.876849,70.8057,3.439366306406091
3330,2.029204,1.876863,70.5228,4.019407,,8589.0,-2.028832,1.877413,70.8269,3.4237151184004926
3331,2.029204,1.877427,70.544,4.019407,,8590.0,-2.028832,1.877976,70.8482,3.424021973079047
3332,2.029204,1.877991,70.5651,4.020027,,8591.0,-2.028832,1.87854,70.8695,3.5073343149060165
3333,2.029204,1.878555,70.5863,4.020027,,8592.0,-2.028832,1.879103,70.8907,3.4734966757365435
3334,2.029204,1.879118,70.6075,4.020027,,8593.0,-2.028832,1.879667,70.912,3.4398234334194924
3335,2.029204,1.879682,70.6287,4.020027,,8594.0,-2.028832,1.880231,70.9332,3.439241537205159
3336,2.02939,1.880246,70.6499,4.020648,,8595.0,-2.028832,1.880794,70.9545,3.4126128975363743
3337,2.02939,1.880809,70.671,4.020648,,8596.0,-2.028832,1.881358,70.9758,3.399904750994731
3338,2.02939,1.881373,70.6922,4.020648,,8597.0,-2.029018,1.881921,70.997,3.4225075486211995
3339,2.02939,1.881937,70.7134,4.020648,,8598.0,-2.029018,1.882485,71.0183,3.429066564194211
3340,2.02939,1.8825,70.7346,4.020648,,8599.0,-2.029018,1.883049,71.0396,3.4223538299137206
3341,2.02939,1.883064,70.7558,4.021267,,8600.0,-2.029018,1.883612,71.0608,3.4232962406477694
3342,2.028832,1.883628,70.7769,4.021577,,8601.0,-2.02939,1.884176,71.0821,3.518205970769814
3343,2.028832,1.884191,70.7981,4.021577,,8602.0,-2.02939,1.88474,71.1033,3.450832689266713
3344,2.028832,1.884755,70.8193,4.021577,,8603.0,-2.029204,1.885303,71.1246,3.4853207934908865
3345,2.028832,1.885318,70.8405,4.021887,,8604.0,-2.029204,1.885867,71.1459,3.3952963349770884
3346,2.028832,1.885882,70.8617,4.021887,,8605.0,-2.029204,1.886431,71.1671,3.5652848089096003
3347,2.02939,1.886446,70.8828,4.022508,,8606.0,-2.029204,1.886994,71.1884,3.507586793928542
3348,2.028832,1.887009,70.904,4.023128,,8607.0,-2.028832,1.887558,71.2097,3.4169927210068254
3349,2.028832,1.887573,70.9252,4.023128,,8608.0,-2.02939,1.888121,71.2309,3.464019858284771
3350,2.028832,1.888136,70.9464,4.023747,,8609.0,-2.02939,1.888685,71.2522,3.4096860028847478
3351,2.028832,1.8887,70.9675,4.023747,,8610.0,-2.029204,1.889249,71.2735,3.4668785630685757
3352,2.028832,1.889264,70.9887,4.023747,,8611.0,-2.02939,1.889813,71.2947,3.437371211561938
3353,2.028832,1.889827,71.0099,4.024367,,8612.0,-2.02939,1.890376,71.316,3.5605164163663554
3354,2.028832,1.890391,71.0311,4.024367,,8613.0,-2.029204,1.89094,71.3373,3.4037564098250415
3355,2.028832,1.890954,71.0522,4.024367,,8614.0,-2.028832,1.891504,71.3585,3.423691997694571
3356,2.028832,1.891518,71.0734,4.024367,,8615.0,-2.028832,1.892067,71.3798,3.4897262927828585
3357,2.028832,1.892081,71.0946,4.024678,,8616.0,-2.028832,1.892631,71.401,3.42632525662723
3358,2.028832,1.892645,71.1158,4.024678,,8617.0,-2.028832,1.893194,71.4223,3.3995665106271273
3359,2.02939,1.893209,71.1369,4.024678,,8618.0,-2.028832,1.893758,71.4436,3.4940601691533573
3360,2.02939,1.893772,71.1581,4.024678,,8619.0,-2.028832,1.894321,71.4648,3.48312950896767
3361,2.028832,1.894336,71.1793,4.024678,,8620.0,-2.028832,1.894885,71.4861,3.3164828927355434
3362,2.028832,1.894899,71.2005,4.024678,,8621.0,-2.028832,1.895449,71.5074,3.45142632260391
3363,2.028832,1.895463,71.2217,4.024678,,8622.0,-2.028832,1.896012,71.5286,3.424815722442333
3364,2.028832,1.896027,71.2428,4.024678,,8623.0,-2.028832,1.896576,71.5499,3.4746087099825655
3365,2.028832,1.89659,71.264,4.024678,,8624.0,-2.028832,1.897139,71.5711,3.5079363658194316
3366,2.028832,1.897154,71.2852,4.025608,,8625.0,-2.029018,1.897703,71.5924,3.50893470703304
3367,2.028832,1.897717,71.3064,4.025608,,8626.0,-2.029204,1.898267,71.6137,3.4452363238616313
3368,2.028832,1.898281,71.3275,4.025608,,8627.0,-2.029204,1.89883,71.6349,3.4542815010530963
3369,2.028832,1.898844,71.3487,4.026538,,8628.0,-2.02939,1.899394,71.6562,3.4928075230691102
3370,2.028832,1.899408,71.3699,4.026848,,8629.0,-2.02939,1.899958,71.6775,3.449701815953226
3371,2.028832,1.899972,71.3911,4.026848,,8630.0,-2.02939,1.900521,71.6987,3.484079006162848
3372,2.028832,1.900535,71.4122,4.026848,,8631.0,-2.02939,1.901085,71.72,3.4154382184249754
3373,2.028832,1.901099,71.4334,4.026848,,8632.0,-2.02939,1.901649,71.7413,3.447706247516929
3374,2.028832,1.901662,71.4546,4.027468,,8633.0,-2.02939,1.902213,71.7625,3.3839851164959844
3375,2.028832,1.902226,71.4758,4.027778,,8634.0,-2.02939,1.902776,71.7838,3.3813881935406847
3376,2.028832,1.902789,71.4969,4.028088,,8635.0,-2.02939,1.90334,71.8051,3.5495904799170104
3377,2.028832,1.903353,71.5181,4.028088,,8636.0,-2.02939,1.903904,71.8263,3.4531948835409443
3378,2.028832,1.903916,71.5393,4.028398,,8637.0,-2.028832,1.904467,71.8476,3.371873765499679
3379,2.028832,1.90448,71.5605,4.028398,,8638.0,-2.028832,1.905031,71.8689,3.4531055205641956
3380,2.028832,1.905044,71.5816,4.028708,,8639.0,-2.029018,1.905594,71.8901,3.4338621758069103
3381,2.028832,1.905607,71.6028,4.029328,,8640.0,-2.029018,1.906158,71.9114,3.437726716161666
3382,2.028832,1.906171,71.624,4.029638,,8641.0,-2.029018,1.906722,71.9326,3.431995987817879
3383,2.028832,1.906734,71.6452,4.029638,,8642.0,-2.029018,1.907285,71.9539,3.442950557357808
3384,2.029204,1.907298,71.6664,4.029638,,8643.0,-2.029018,1.907849,71.9752,3.419088701680044
3385,2.029204,1.907862,71.6875,4.030258,,8644.0,-2.028832,1.908412,71.9964,3.429170889461858
3386,2.029204,1.908425,71.7087,4.030258,,8645.0,-2.028832,1.908976,72.0177,3.382717473198922
3387,2.028832,1.908989,71.7299,4.030258,,8646.0,-2.028832,1.90954,72.0389,3.3753387921936047
3388,2.028832,1.909552,71.7511,4.030258,,8647.0,-2.028832,1.910103,72.0602,3.4572606220728783
3389,2.028832,1.910116,71.7722,4.030258,,8648.0,-2.028832,1.910667,72.0815,3.419604678046797
3390,2.028832,1.91068,71.7934,4.030258,,8649.0,-2.028832,1.91123,72.1027,3.475307185193767
3391,2.029204,1.911243,71.8146,4.030258,,8650.0,-2.028832,1.911794,72.124,3.3632395765302676
3392,2.029204,1.911807,71.8358,4.030258,,8651.0,-2.02939,1.912358,72.1453,3.387057731342503
3393,2.029204,1.912371,71.857,4.030568,,8652.0,-2.02939,1.912921,72.1665,3.5388013936095697
3394,2.029204,1.912934,71.8781,4.031498,,8653.0,-2.028832,1.913485,72.1878,3.415365340374445
3395,2.028832,1.913498,71.8993,4.031498,,8654.0,-2.029204,1.914049,72.2091,3.4064879976013978
3396,2.028832,1.914061,71.9205,4.032118,,8655.0,-2.028832,1.914612,72.2303,3.3489656686014158
3397,2.028832,1.914625,71.9417,4.032428,,8656.0,-2.028832,1.915176,72.2516,3.4561119711759356
3398,2.028832,1.915189,71.9628,4.032428,,8657.0,-2.029204,1.915739,72.2728,3.380796109502254
3399,2.028832,1.915752,71.984,4.032428,,8658.0,-2.02939,1.916303,72.2941,3.434741499431439
3400,2.028832,1.916316,72.0052,4.032428,,8659.0,-2.02939,1.916867,72.3154,3.523667594944609
3401,2.028832,1.916879,72.0264,4.032428,,8660.0,-2.02939,1.91743,72.3366,3.436051161486423
3402,2.028832,1.917443,72.0475,4.032428,,8661.0,-2.029204,1.917994,72.3579,3.482402658003999
3403,2.028832,1.918006,72.0687,4.032738,,8662.0,-2.029204,1.918558,72.3792,3.4144029979689567
3404,2.029204,1.91857,72.0899,4.032738,,8663.0,-2.028832,1.919121,72.4004,3.3495981628853673
3405,2.029204,1.919134,72.1111,4.032738,,8664.0,-2.028832,1.919685,72.4217,3.3751731713726634
3406,2.029204,1.919697,72.1323,4.033978,,8665.0,-2.028832,1.920249,72.443,3.379392424027948
3407,2.029204,1.920261,72.1534,4.033978,,8666.0,-2.029018,1.920812,72.4642,3.431941092237239
3408,2.029204,1.920825,72.1746,4.034908,,8667.0,-2.029018,1.921376,72.4855,3.4116566938966253
3409,2.029204,1.921388,72.1958,4.035528,,8668.0,-2.02939,1.921939,72.5067,3.4074925944027292
3410,2.029204,1.921952,72.217,4.035528,,8669.0,-2.029018,1.922503,72.528,3.395481055026398
3411,2.029204,1.922516,72.2382,4.035528,,8670.0,-2.029018,1.923067,72.5493,3.3698849365609664
3412,2.029018,1.923079,72.2593,4.035528,,8671.0,-2.029204,1.92363,72.5705,3.434702127821792
3413,2.028832,1.923643,72.2805,4.035528,,8672.0,-2.028832,1.924194,72.5918,3.3757616532231394
3414,2.028832,1.924206,72.3017,4.035528,,8673.0,-2.028832,1.924757,72.6131,3.360536248215642
3415,2.028832,1.92477,72.3229,4.035838,,8674.0,-2.028832,1.925321,72.6343,3.4574636886029086
3416,2.028832,1.925334,72.344,4.035838,,8675.0,-2.028832,1.925885,72.6556,3.4135958317065334
3417,2.028832,1.925897,72.3652,4.035838,,8676.0,-2.028832,1.926448,72.6768,3.446414122024347
3418,2.02939,1.926461,72.3864,4.035838,,8677.0,-2.028832,1.927012,72.6981,3.363193919108156
3419,2.02939,1.927025,72.4076,4.035838,,8678.0,-2.028832,1.927575,72.7194,3.48912610772153
3420,2.02939,1.927588,72.4288,4.035838,,8679.0,-2.028832,1.928139,72.7406,3.3794828322838546
3421,2.029204,1.928152,72.4499,4.035838,,8680.0,-2.028832,1.928702,72.7619,3.3768811001524743
3422,2.028832,1.928716,72.4711,4.035838,,8681.0,-2.029018,1.929266,72.7831,3.4307256322669804
3423,2.028832,1.929279,72.4923,4.035838,,8682.0,-2.028832,1.92983,72.8044,3.4448348642637363
3424,2.028832,1.929843,72.5135,4.037388,,8683.0,-2.028832,1.930393,72.8257,3.5021570990812996
3425,2.028832,1.930406,72.5346,4.037698,,8684.0,-2.028832,1.930957,72.8469,3.4489973691999567
3426,2.028832,1.93097,72.5558,4.037698,,8685.0,-2.028832,1.93152,72.8682,3.511155590324874
3427,2.028832,1.931533,72.577,4.038319,,8686.0,-2.028832,1.932084,72.8895,3.44024292226206
3428,2.028832,1.932097,72.5982,4.038319,,8687.0,-2.02939,1.932648,72.9107,3.467925339067483
3429,2.028832,1.93266,72.6193,4.038319,,8688.0,-2.02939,1.933211,72.932,3.4223011009507855
3430,2.028832,1.933224,72.6405,4.038939,,8689.0,-2.02939,1.933775,72.9532,3.371214391422801
3431,2.028832,1.933788,72.6617,4.039248,,8690.0,-2.02939,1.934339,72.9745,3.4038138491771974
3432,2.02939,1.934351,72.6829,4.039248,,8691.0,-2.029018,1.934902,72.9958,3.389755250918553
3433,2.02939,1.934915,72.7041,4.039868,,8692.0,-2.029018,1.935466,73.017,3.3184808624536233
3434,2.028832,1.935479,72.7252,4.039868,,8693.0,-2.029018,1.93603,73.0383,3.4202622741443047
3435,2.028832,1.936042,72.7464,4.039868,,8694.0,-2.029018,1.936593,73.0596,3.487666706316853
3436,2.028832,1.936606,72.7676,4.039868,,8695.0,-2.029018,1.937157,73.0808,3.393916770467111
3437,2.028832,1.937169,72.7888,4.039868,,8696.0,-2.029204,1.93772,73.1021,3.3734482416272944
3438,2.028832,1.937733,72.8099,4.039868,,8697.0,-2.029018,1.938284,73.1234,3.488731550088896
3439,2.028832,1.938296,72.8311,4.040799,,8698.0,-2.029018,1.938848,73.1446,3.432802324180526
3440,2.028832,1.93886,72.8523,4.040799,,8699.0,-2.02939,1.939411,73.1659,3.4327517737630915
3441,2.028832,1.939424,72.8735,4.040799,,8700.0,-2.02939,1.939975,73.1872,3.449064706262473
3442,2.028832,1.939987,72.8946,4.040799,,8701.0,-2.02939,1.940539,73.2084,3.4112311925180974
3443,2.028832,1.940551,72.9158,4.040799,,8702.0,-2.02939,1.941103,73.2297,3.4578279755127688
3444,2.028832,1.941114,72.937,4.040799,,8703.0,-2.02939,1.941666,73.251,3.4879774570115694
3445,2.028832,1.941678,72.9582,4.040799,,8704.0,-2.029204,1.94223,73.2722,3.401279995703894
3446,2.028832,1.942241,72.9793,4.040799,,8705.0,-2.029204,1.942794,73.2935,3.36323472315901
3447,2.029204,1.942805,73.0005,4.040799,,8706.0,-2.029204,1.943357,73.3148,3.3921605354168984
3448,2.029204,1.943369,73.0217,4.040799,,8707.0,-2.029018,1.943921,73.336,3.4386471253743283
3449,2.028832,1.943932,73.0429,4.041728,,8708.0,-2.029018,1.944485,73.3573,3.3646365672206247
3450,2.02939,1.944496,73.0641,4.042349,,8709.0,-2.029018,1.945048,73.3785,3.4771846375392355
3451,2.02939,1.94506,73.0852,4.042349,,8710.0,-2.029018,1.945612,73.3998,3.4261705925454584
3452,2.029204,1.945623,73.1064,4.042659,,8711.0,-2.029018,1.946175,73.4211,3.435762278755712
3453,2.02939,1.946187,73.1276,4.042659,,8712.0,-2.029018,1.946739,73.4423,3.3603429449001476
3454,2.02939,1.946751,73.1488,4.042659,,8713.0,-2.028832,1.947303,73.4636,3.369744921591702
3455,2.029204,1.947315,73.17,4.042659,,8714.0,-2.028832,1.947866,73.4848,3.301907796077521
3456,2.029204,1.947878,73.1911,4.042659,,8715.0,-2.028832,1.94843,73.5061,3.4466333647210674
3457,2.029204,1.948442,73.2123,4.042659,,8716.0,-2.028832,1.948993,73.5274,3.395417452731295
3458,2.028832,1.949005,73.2335,4.042969,,8717.0,-2.028832,1.949557,73.5486,3.332633238981972
3459,2.028832,1.949569,73.2547,4.043899,,8718.0,-2.028832,1.95012,73.5699,3.423361038268254
3460,2.028832,1.950132,73.2758,4.043899,,8719.0,-2.028832,1.950684,73.5912,3.3300210297275097
3461,2.028832,1.950696,73.297,4.043899,,8720.0,-2.028832,1.951248,73.6124,3.384195845179717
3462,2.028832,1.95126,73.3182,4.043899,,8721.0,-2.028832,1.951811,73.6337,3.4466646662651903
3463,2.028832,1.951823,73.3394,4.043899,,8722.0,-2.029018,1.952375,73.6549,3.5213078268165665
3464,2.028832,1.952387,73.3606,4.043899,,8723.0,-2.029018,1.952938,73.6762,3.483152976176435
3465,2.029204,1.95295,73.3817,4.044829,,8724.0,-2.029018,1.953502,73.6975,3.3840965369438902
3466,2.029204,1.953514,73.4029,4.044829,,8725.0,-2.029018,1.954066,73.7187,3.4210390627287675
3467,2.029204,1.954078,73.4241,4.045139,,8726.0,-2.029018,1.954629,73.74,3.5097820871804504
3468,2.02939,1.954641,73.4453,4.045139,,8727.0,-2.028832,1.955193,73.7613,3.412931211389989
3469,2.02939,1.955205,73.4665,4.045139,,8728.0,-2.028832,1.955756,73.7825,3.387039094209547
3470,2.02939,1.955769,73.4876,4.045759,,8729.0,-2.028832,1.95632,73.8038,3.413536430311342
3471,2.02939,1.956333,73.5088,4.045759,,8730.0,-2.028832,1.956883,73.825,3.414819492872692
3472,2.028832,1.956896,73.53,4.045759,,8731.0,-2.028832,1.957447,73.8463,3.344237711241715
3473,2.028832,1.95746,73.5512,4.045759,,8732.0,-2.028832,1.958011,73.8676,3.465865619537868
3474,2.028832,1.958023,73.5723,4.046069,,8733.0,-2.028832,1.958574,73.8888,3.4351911168685327
3475,2.028832,1.958587,73.5935,4.046379,,8734.0,-2.028832,1.959138,73.9101,3.376615710242476
3476,2.028832,1.959151,73.6147,4.046379,,8735.0,-2.028832,1.959701,73.9313,3.397624726648558
3477,2.028832,1.959714,73.6359,4.046689,,8736.0,-2.028832,1.960265,73.9526,3.4692308414350883
3478,2.028832,1.960278,73.6571,4.046689,,8737.0,-2.028832,1.960828,73.9739,3.3688980782081535
3479,2.028832,1.960841,73.6782,4.046689,,8738.0,-2.028832,1.961392,73.9951,3.5346831773853316
3480,2.029204,1.961405,73.6994,4.046999,,8739.0,-2.028832,1.961956,74.0164,3.5039553351337656
3481,2.029204,1.961969,73.7206,4.047619,,8740.0,-2.029204,1.962519,74.0377,3.381977964011744
3482,2.029204,1.962532,73.7418,4.047619,,8741.0,-2.029204,1.963083,74.0589,3.316491221632331
3483,2.029204,1.963096,73.7629,4.048859,,8742.0,-2.029204,1.963647,74.0802,3.4118645418823053
3484,2.02939,1.96366,73.7841,4.048859,,8743.0,-2.028832,1.96421,74.1014,3.401997779470936
3485,2.02939,1.964223,73.8053,4.048859,,8744.0,-2.028832,1.964774,74.1227,3.4633786726881906
3486,2.029204,1.964787,73.8265,4.049479,,8745.0,-2.028832,1.965337,74.144,3.3552407246966536
3487,2.029204,1.965351,73.8477,4.049479,,8746.0,-2.029204,1.965901,74.1652,3.3429508950256466
3488,2.029204,1.965914,73.8689,4.049479,,8747.0,-2.029204,1.966465,74.1865,3.3973741169854383
3489,2.029204,1.966478,73.89,4.049789,,8748.0,-2.029204,1.967028,74.2078,3.4187834908491577
3490,2.028832,1.967041,73.9112,4.051029,,8749.0,-2.029204,1.967592,74.229,3.3713081418318187
3491,2.028832,1.967605,73.9324,4.051029,,8750.0,-2.029204,1.968156,74.2503,3.4280844248413
3492,2.029204,1.968169,73.9536,4.051029,,8751.0,-2.029204,1.968719,74.2716,3.3508689810960575
3493,2.029018,1.968732,73.9747,4.051029,,8752.0,-2.029204,1.969283,74.2928,3.385298182320005
3494,2.029018,1.969296,73.9959,4.051029,,8753.0,-2.029204,1.969846,74.3141,3.3413878499005913
3495,2.029018,1.96986,74.0171,4.051029,,8754.0,-2.02939,1.97041,74.3353,3.433622088861743
3496,2.028832,1.970423,74.0383,4.051339,,8755.0,-2.02939,1.970974,74.3566,3.320862819182682
3497,2.028832,1.970987,74.0594,4.051339,,8756.0,-2.028832,1.971538,74.3779,3.4149072877481563
3498,2.028832,1.97155,74.0806,4.051339,,8757.0,-2.028832,1.972101,74.3991,3.4336531615625474
3499,2.029018,1.972114,74.1018,4.051339,,8758.0,-2.028832,1.972665,74.4204,3.398975123591567
3500,2.029018,1.972678,74.123,4.051339,,8759.0,-2.029018,1.973228,74.4417,3.4199444743771594
3501,2.02939,1.973241,74.1442,4.051339,,8760.0,-2.029018,1.973792,74.4629,3.3787366925775824
3502,2.029018,1.973805,74.1653,4.051649,,8761.0,-2.029018,1.974356,74.4842,3.3668264227506763
3503,2.028832,1.974368,74.1865,4.051649,,8762.0,-2.029018,1.974919,74.5054,3.4554688675384195
3504,2.028832,1.974932,74.2077,4.051649,,8763.0,-2.028832,1.975483,74.5267,3.450373296995938
3505,2.028832,1.975496,74.2289,4.052269,,8764.0,-2.028832,1.976046,74.548,3.458501197211074
3506,2.028832,1.976059,74.25,4.052269,,8765.0,-2.028832,1.97661,74.5692,3.4015118278636534
3507,2.028832,1.976623,74.2712,4.051649,,8766.0,-2.028832,1.977173,74.5905,3.4830665604564293
3508,2.028832,1.977186,74.2924,4.052579,,8767.0,-2.028832,1.977737,74.6117,3.44141127476885
3509,2.028832,1.97775,74.3136,4.052579,,8768.0,-2.028832,1.978301,74.633,3.4211807843099025
3510,2.028832,1.978313,74.3347,4.052889,,8769.0,-2.028832,1.978864,74.6543,3.348084664617666
3511,2.029018,1.978877,74.3559,4.05413,,8770.0,-2.029018,1.979428,74.6755,3.390520858732765
3512,2.029018,1.979441,74.3771,4.05413,,8771.0,-2.029018,1.979991,74.6968,3.4499713317497265
3513,2.029018,1.980004,74.3983,4.05413,,8772.0,-2.029018,1.980555,74.7181,3.4665256443455417
3514,2.029018,1.980568,74.4195,4.054749,,8773.0,-2.029018,1.981119,74.7393,3.3903822650211195
3515,2.029204,1.981132,74.4406,4.054749,,8774.0,-2.029018,1.981682,74.7606,3.434772746671909
3516,2.029204,1.981695,74.4618,4.054749,,8775.0,-2.029018,1.982246,74.7819,3.42840911498092
3517,2.029204,1.982259,74.483,4.05599,,8776.0,-2.029018,1.982809,74.8031,3.4063501644752496
3518,2.029204,1.982823,74.5042,4.05599,,8777.0,-2.029018,1.983373,74.8244,3.372463486490056
3519,2.029204,1.983386,74.5254,4.05599,,8778.0,-2.029018,1.983937,74.8456,3.4616301936440252
3520,2.02939,1.98395,74.5465,4.05599,,8779.0,-2.029018,1.9845,74.8669,3.365475183033284
3521,2.02939,1.984514,74.5677,4.05599,,8780.0,-2.028832,1.985064,74.8882,3.35038851416659
3522,2.02939,1.985077,74.5889,4.05599,,8781.0,-2.028832,1.985627,74.9094,3.4184378614009536
3523,2.029204,1.985641,74.6101,4.05599,,8782.0,-2.028832,1.986191,74.9307,3.3732153819163924
3524,2.028832,1.986205,74.6313,4.05661,,8783.0,-2.028832,1.986755,74.952,3.524454117276825
3525,2.028832,1.986768,74.6524,4.05661,,8784.0,-2.028832,1.987318,74.9732,3.370834961946747
3526,2.029204,1.987332,74.6736,4.05661,,8785.0,-2.029018,1.987882,74.9945,3.340590380282341
3527,2.028832,1.987895,74.6948,4.05692,,8786.0,-2.029018,1.988445,75.0157,3.3843248084726487
3528,2.028832,1.988459,74.716,4.05692,,8787.0,-2.029018,1.989009,75.037,3.416135895316748
3529,2.028832,1.989022,74.7371,4.057539,,8788.0,-2.029018,1.989573,75.0583,3.4262968344907323
3530,2.028832,1.989586,74.7583,4.057539,,8789.0,-2.029204,1.990136,75.0795,3.4410452846686823
3531,2.028832,1.99015,74.7795,4.057539,,8790.0,-2.029204,1.9907,75.1008,3.4996617886469847
3532,2.028832,1.990713,74.8007,4.057539,,8791.0,-2.029204,1.991264,75.1221,3.4384897452685217
3533,2.028832,1.991277,74.8218,4.05847,,8792.0,-2.029204,1.991827,75.1433,3.319890336256847
3534,2.028832,1.99184,74.843,4.05847,,8793.0,-2.029204,1.992391,75.1646,3.3427173813390905
3535,2.028832,1.992404,74.8642,4.05878,,8794.0,-2.028832,1.992954,75.1858,3.54313984653786
3536,2.029204,1.992968,74.8854,4.06002,,8795.0,-2.02939,1.993518,75.2071,3.400670608562976
3537,2.029204,1.993531,74.9065,4.06002,,8796.0,-2.02939,1.994082,75.2284,3.3625995167447265
3538,2.028832,1.994095,74.9277,4.06033,,8797.0,-2.02939,1.994646,75.2496,3.3723492743745616
3539,2.029018,1.994658,74.9489,4.06033,,8798.0,-2.02939,1.995209,75.2709,3.4208944262766914
3540,2.029018,1.995222,74.9701,4.06033,,8799.0,-2.02939,1.995773,75.2922,3.3945499181584275
3541,2.029018,1.995786,74.9913,4.06033,,8800.0,-2.028832,1.996337,75.3134,3.4497563052466216
3542,2.029204,1.996349,75.0124,4.06033,,8801.0,-2.028832,1.9969,75.3347,3.5097571826865654
3543,2.02939,1.996913,75.0336,4.06033,,8802.0,-2.028832,1.997464,75.356,3.3531194905394948
3544,2.02939,1.997477,75.0548,4.06064,,8803.0,-2.028832,1.998027,75.3772,3.416095343281676
3545,2.029204,1.99804,75.076,4.06064,,8804.0,-2.028832,1.998591,75.3985,3.27388144987579
3546,2.02939,1.998604,75.0972,4.06064,,8805.0,-2.028832,1.999154,75.4197,3.422728382189926
3547,2.02939,1.999168,75.1183,4.06126,,8806.0,-2.028832,1.999718,75.441,3.394941529734441
3548,2.029204,1.999732,75.1395,4.06126,,8807.0,-2.028832,2.000282,75.4623,3.341838970125784
3549,2.02939,2.000295,75.1607,4.06157,,8808.0,-2.029204,2.000845,75.4835,3.3662389116706435
3550,2.02939,2.000859,75.1819,4.06157,,8809.0,-2.029204,2.001409,75.5048,3.300422134611344
3551,2.02939,2.001423,75.2031,4.06126,,8810.0,-2.029204,2.001973,75.5261,3.363890691655304
3552,2.02939,2.001987,75.2243,4.06157,,8811.0,-2.028832,2.002536,75.5473,3.4467401352012543
3553,2.02939,2.00255,75.2454,4.06157,,8812.0,-2.028832,2.0031,75.5686,3.351375565013926
3554,2.02939,2.003114,75.2666,4.06188,,8813.0,-2.028832,2.003663,75.5898,3.3556405938524336
3555,2.029204,2.003678,75.2878,4.0625,,8814.0,-2.028832,2.004227,75.6111,3.431950711913519
3556,2.029204,2.004241,75.309,4.0625,,8815.0,-2.028832,2.00479,75.6324,3.319183881529611
3557,2.029204,2.004805,75.3302,4.06281,,8816.0,-2.028832,2.005354,75.6536,3.408555591450276
3558,2.028832,2.005368,75.3513,4.06312,,8817.0,-2.028832,2.005918,75.6749,3.357266910470501
3559,2.028832,2.005932,75.3725,4.06312,,8818.0,-2.029204,2.006481,75.6962,3.4152393184726915
3560,2.028832,2.006495,75.3937,4.06312,,8819.0,-2.029204,2.007045,75.7174,3.4796917843014614
3561,2.028832,2.007059,75.4149,4.06374,,8820.0,-2.029204,2.007608,75.7387,3.5149069484157582
3562,2.029204,2.007623,75.436,4.06374,,8821.0,-2.029204,2.008172,75.7599,3.4225042288090926
3563,2.029204,2.008186,75.4572,4.06436,,8822.0,-2.029204,2.008736,75.7812,3.375867639139915
3564,2.029204,2.00875,75.4784,4.06498,,8823.0,-2.029204,2.0093,75.8025,3.456992564281827
3565,2.029204,2.009314,75.4996,4.06591,,8824.0,-2.028832,2.009863,75.8237,3.3356881550873125
3566,2.029204,2.009877,75.5208,4.06591,,8825.0,-2.028832,2.010427,75.845,3.4207699739901916
3567,2.028832,2.010441,75.5419,4.06591,,8826.0,-2.028832,2.01099,75.8663,3.3757093524541433
3568,2.028832,2.011005,75.5631,4.06591,,8827.0,-2.028832,2.011554,75.8875,3.3551718137968107
3569,2.028832,2.011568,75.5843,4.06591,,8828.0,-2.028832,2.012117,75.9088,3.461000240013223
3570,2.028832,2.012132,75.6055,4.06622,,8829.0,-2.029204,2.012681,75.93,3.391784384583515
3571,2.028832,2.012695,75.6266,4.06622,,8830.0,-2.029204,2.013245,75.9513,3.348406451047977
3572,2.028832,2.013259,75.6478,4.06622,,8831.0,-2.028832,2.013808,75.9726,3.395911478505309
3573,2.028832,2.013822,75.669,4.06653,,8832.0,-2.028832,2.014372,75.9938,3.3704971328016713
3574,2.028832,2.014386,75.6902,4.06653,,8833.0,-2.02939,2.014935,76.0151,3.4364945757519902
3575,2.028832,2.01495,75.7113,4.06653,,8834.0,-2.029204,2.015499,76.0364,3.3725577868612167
3576,2.028832,2.015513,75.7325,4.06684,,8835.0,-2.029204,2.016063,76.0576,3.4334101180422394
3577,2.028832,2.016077,75.7537,4.06684,,8836.0,-2.029204,2.016627,76.0789,3.3640510349530635
3578,2.028832,2.01664,75.7749,4.06684,,8837.0,-2.029204,2.01719,76.1002,3.403424470366586
3579,2.028832,2.017204,75.796,4.06684,,8838.0,-2.029204,2.017754,76.1214,3.398641186121215
3580,2.028832,2.017767,75.8172,4.06777,,8839.0,-2.029204,2.018317,76.1427,3.406918920441164
3581,2.028832,2.018331,75.8384,4.06777,,8840.0,-2.029204,2.018881,76.1639,3.3967742165360213
3582,2.028832,2.018894,75.8596,4.06777,,8841.0,-2.029204,2.019445,76.1852,3.3612795501919672
3583,2.028832,2.019458,75.8807,4.06808,,8842.0,-2.029204,2.020009,76.2065,3.4348766902833407
3584,2.028832,2.020022,75.9019,4.06808,,8843.0,-2.02939,2.020572,76.2277,3.382817096485422
3585,2.028832,2.020585,75.9231,4.06808,,8844.0,-2.029204,2.021136,76.249,3.388095820372706
3586,2.028832,2.021149,75.9443,4.06839,,8845.0,-2.029204,2.0217,76.2703,3.4466704421132324
3587,2.028832,2.021712,75.9654,4.0687,,8846.0,-2.029204,2.022263,76.2915,3.4249614429890847
3588,2.028832,2.022276,75.9866,4.0687,,8847.0,-2.028832,2.022827,76.3128,3.370090067547534
3589,2.028832,2.022839,76.0078,4.069631,,8848.0,-2.028832,2.02339,76.3341,3.391282741334877
3590,2.028832,2.023403,76.029,4.069631,,8849.0,-2.028832,2.023954,76.3553,3.3623713675604825
3591,2.028832,2.023967,76.0502,4.069941,,8850.0,-2.028832,2.024518,76.3766,3.4042023775991934
3592,2.028832,2.02453,76.0713,4.070251,,8851.0,-2.028832,2.025081,76.3979,3.3476512156617697
3593,2.028832,2.025094,76.0925,4.070251,,8852.0,-2.028832,2.025645,76.4191,3.38404252317484
3594,2.028832,2.025657,76.1137,4.07118,,8853.0,-2.029204,2.026208,76.4404,3.365433242580507
3595,2.028832,2.026221,76.1349,4.07118,,8854.0,-2.029204,2.026772,76.4616,3.4402463493581554
3596,2.029204,2.026784,76.156,4.07118,,8855.0,-2.029204,2.027336,76.4829,3.4288992778271483
3597,2.029204,2.027348,76.1772,4.07118,,8856.0,-2.02939,2.027899,76.5042,3.4325290387175866
3598,2.029204,2.027912,76.1984,4.071801,,8857.0,-2.02939,2.028463,76.5254,3.4517596686662393
3599,2.029018,2.028476,76.2196,4.071801,,8858.0,-2.02939,2.029027,76.5467,3.409929427162916
3600,2.029018,2.029039,76.2408,4.071801,,8859.0,-2.029204,2.02959,76.568,3.436835959402608
3601,2.029018,2.029603,76.2619,4.071491,,8860.0,-2.029204,2.030154,76.5892,3.346920953293251
3602,2.029018,2.030166,76.2831,4.071491,,8861.0,-2.029204,2.030718,76.6105,3.464715585163959
3603,2.029018,2.03073,76.3043,4.071491,,8862.0,-2.029204,2.031281,76.6318,3.3497066956208688
3604,2.02939,2.031294,76.3255,4.071801,,8863.0,-2.028832,2.031845,76.653,3.4971641803706417
3605,2.028832,2.031857,76.3466,4.072421,,8864.0,-2.028832,2.032409,76.6743,3.432146523618596
3606,2.028832,2.032421,76.3678,4.072421,,8865.0,-2.028832,2.032972,76.6955,3.418232254646505
3607,2.029204,2.032984,76.389,4.072731,,8866.0,-2.028832,2.033536,76.7168,3.455227844774397
3608,2.029204,2.033548,76.4102,4.073351,,8867.0,-2.029018,2.034099,76.7381,3.3476623735320934
3609,2.029204,2.034112,76.4314,4.073351,,8868.0,-2.02939,2.034663,76.7593,3.379536931418723
3610,2.02939,2.034675,76.4525,4.074281,,8869.0,-2.02939,2.035227,76.7806,3.3983136467321353
3611,2.02939,2.035239,76.4737,4.074901,,8870.0,-2.02939,2.03579,76.8019,3.438540466994174
3612,2.02939,2.035803,76.4949,4.074901,,8871.0,-2.02939,2.036354,76.8231,3.4035880907427742
3613,2.029204,2.036366,76.5161,4.075831,,8872.0,-2.02939,2.036918,76.8444,3.3204554101821104
3614,2.029204,2.03693,76.5373,4.075831,,8873.0,-2.02939,2.037482,76.8657,3.337051676171254
3615,2.029204,2.037494,76.5584,4.075831,,8874.0,-2.02939,2.038045,76.8869,3.4458149042263337
3616,2.029018,2.038058,76.5796,4.075831,,8875.0,-2.02939,2.038609,76.9082,3.437938238703785
3617,2.029018,2.038621,76.6008,4.075831,,8876.0,-2.029204,2.039173,76.9295,3.3911885256895116
3618,2.029018,2.039185,76.622,4.075831,,8877.0,-2.029204,2.039737,76.9507,3.3896874396170236
3619,2.029018,2.039748,76.6432,4.076141,,8878.0,-2.028832,2.0403,76.972,3.414269421302618
3620,2.02939,2.040312,76.6643,4.076451,,8879.0,-2.028832,2.040864,76.9933,3.420832978011894
3621,2.02939,2.040876,76.6855,4.076451,,8880.0,-2.028832,2.041427,77.0145,3.3545507637425507
3622,2.02939,2.04144,76.7067,4.076451,,8881.0,-2.028832,2.041991,77.0358,3.400793609485503
3623,2.02939,2.042003,76.7279,4.076141,,8882.0,-2.028832,2.042554,77.057,3.4228945931629613
3624,2.02939,2.042567,76.7491,4.076141,,8883.0,-2.028832,2.043118,77.0783,3.3807317768264156
3625,2.02939,2.043131,76.7702,4.076141,,8884.0,-2.028832,2.043681,77.0996,3.3934059837702764
3626,2.02939,2.043694,76.7914,4.076141,,8885.0,-2.028832,2.044245,77.1208,3.2826208547415727
3627,2.02939,2.044258,76.8126,4.076141,,8886.0,-2.028832,2.044809,77.1421,3.499147693468781
3628,2.02939,2.044822,76.8338,4.076451,,8887.0,-2.029018,2.045372,77.1633,3.4676521909411777
3629,2.02939,2.045386,76.855,4.077071,,8888.0,-2.029018,2.045936,77.1846,3.3966221571245274
3630,2.02939,2.045949,76.8761,4.077071,,8889.0,-2.029018,2.046499,77.2059,3.401049360713789
3631,2.02939,2.046513,76.8973,4.077071,,8890.0,-2.029018,2.047063,77.2271,3.389977292508119
3632,2.028832,2.047076,76.9185,4.077071,,8891.0,-2.029018,2.047626,77.2484,3.379094237006633
3633,2.028832,2.04764,76.9397,4.077071,,8892.0,-2.029018,2.04819,77.2697,3.384222419868399
3634,2.028832,2.048204,76.9609,4.077071,,8893.0,-2.029204,2.048754,77.2909,3.405516806741277
3635,2.02939,2.048767,76.982,4.077691,,8894.0,-2.029204,2.049318,77.3122,3.4203065038993277
3636,2.02939,2.049331,77.0032,4.077691,,8895.0,-2.029204,2.049881,77.3335,3.4047891243716184
3637,2.02939,2.049895,77.0244,4.078621,,8896.0,-2.029204,2.050445,77.3547,3.415623512402256
3638,2.02939,2.050459,77.0456,4.078931,,8897.0,-2.029204,2.051008,77.376,3.42490571903719
3639,2.028832,2.051022,77.0668,4.078931,,8898.0,-2.029018,2.051572,77.3972,3.3395707286519523
3640,2.028832,2.051586,77.0879,4.079551,,8899.0,-2.029204,2.052136,77.4185,3.4215969587737467
3641,2.029204,2.052149,77.1091,4.080481,,8900.0,-2.029204,2.0527,77.4398,3.4121038581231473
3642,2.028832,2.052713,77.1303,4.080481,,8901.0,-2.029204,2.053263,77.461,3.378316077819645
3643,2.028832,2.053277,77.1515,4.080481,,8902.0,-2.029204,2.053827,77.4823,3.2617873791997023
3644,2.029204,2.05384,77.1726,4.080791,,8903.0,-2.029204,2.05439,77.5036,3.362823519029798
3645,2.029204,2.054404,77.1938,4.080791,,8904.0,-2.029204,2.054954,77.5248,3.322547178938726
3646,2.029204,2.054967,77.215,4.081411,,8905.0,-2.029204,2.055518,77.5461,3.373605563052154
3647,2.029204,2.055531,77.2362,4.081411,,8906.0,-2.029204,2.056082,77.5674,3.4490232289524716
3648,2.029204,2.056095,77.2574,4.081411,,8907.0,-2.029204,2.056645,77.5886,3.4551708918706976
3649,2.029204,2.056659,77.2785,4.081411,,8908.0,-2.028832,2.057209,77.6099,3.379794812844576
3650,2.029018,2.057222,77.2997,4.081721,,8909.0,-2.028832,2.057772,77.6312,3.347617331860122
3651,2.029204,2.057786,77.3209,4.082031,,8910.0,-2.029204,2.058336,77.6524,3.424896458454264
3652,2.029204,2.058349,77.3421,4.082031,,8911.0,-2.029204,2.0589,77.6737,3.3726874715116426
3653,2.028832,2.058913,77.3633,4.082031,,8912.0,-2.029204,2.059463,77.6949,3.421383267685557
3654,2.028832,2.059477,77.3844,4.082651,,8913.0,-2.029204,2.060027,77.7162,3.2821981936703177
3655,2.028832,2.06004,77.4056,4.082651,,8914.0,-2.029204,2.060591,77.7375,3.3575212438157807
3656,2.028832,2.060604,77.4268,4.082961,,8915.0,-2.028832,2.061154,77.7587,3.312263631852783
3657,2.029204,2.061167,77.448,4.083581,,8916.0,-2.028832,2.061718,77.78,3.4705223911389878
3658,2.029204,2.061731,77.4691,4.083581,,8917.0,-2.028832,2.062281,77.8013,3.3876701567951506
3659,2.029204,2.062295,77.4903,4.083581,,8918.0,-2.028832,2.062845,77.8225,3.4039816141695383
3660,2.028832,2.062858,77.5115,4.084201,,8919.0,-2.028832,2.063408,77.8438,3.343907166104511
3661,2.028832,2.063422,77.5327,4.084201,,8920.0,-2.029018,2.063972,77.865,3.4240390253902557
3662,2.028832,2.063985,77.5538,4.084821,,8921.0,-2.029018,2.064536,77.8863,3.3488932916178125
3663,2.028832,2.064549,77.575,4.085442,,8922.0,-2.029018,2.065099,77.9076,3.4276083567339084
3664,2.028832,2.065113,77.5962,4.085442,,8923.0,-2.029018,2.065663,77.9288,3.451113437330859
3665,2.028832,2.065676,77.6174,4.085752,,8924.0,-2.029018,2.066226,77.9501,3.3511101211548633
3666,2.028832,2.06624,77.6386,4.085752,,8925.0,-2.028832,2.06679,77.9714,3.3607773728378616
3667,2.028832,2.066803,77.6597,4.085752,,8926.0,-2.028832,2.067354,77.9926,3.3483190081430396
3668,2.029204,2.067367,77.6809,4.086371,,8927.0,-2.029204,2.067917,78.0139,3.317759619707069
3669,2.02939,2.067931,77.7021,4.086371,,8928.0,-2.029204,2.068481,78.0351,3.434869931797045
3670,2.02939,2.068494,77.7233,4.086371,,8929.0,-2.028832,2.069045,78.0564,3.3457280316452502
3671,2.02939,2.069058,77.7445,4.086371,,8930.0,-2.029204,2.069608,78.0777,3.435733402222092
3672,2.029204,2.069622,77.7656,4.086371,,8931.0,-2.029018,2.070172,78.0989,3.4235104818666
3673,2.029204,2.070185,77.7868,4.086371,,8932.0,-2.029018,2.070735,78.1202,3.349327467940363
3674,2.029018,2.070749,77.808,4.086681,,8933.0,-2.029204,2.071299,78.1415,3.39799765350462
3675,2.028832,2.071313,77.8292,4.087302,,8934.0,-2.02939,2.071863,78.1627,3.3962640679536937
3676,2.028832,2.071876,77.8503,4.087302,,8935.0,-2.02939,2.072427,78.184,3.4597908290868173
3677,2.028832,2.07244,77.8715,4.086681,,8936.0,-2.02939,2.07299,78.2053,3.3353562213065873
3678,2.028832,2.073003,77.8927,4.087302,,8937.0,-2.02939,2.073554,78.2265,3.4686308392822225
3679,2.028832,2.073567,77.9139,4.087302,,8938.0,-2.02939,2.074118,78.2478,3.380625584730365
3680,2.028832,2.07413,77.935,4.087612,,8939.0,-2.02939,2.074682,78.2691,3.409917945630141
3681,2.028832,2.074694,77.9562,4.087612,,8940.0,-2.029204,2.075245,78.2903,3.3706687106010156
3682,2.028832,2.075258,77.9774,4.087612,,8941.0,-2.029204,2.075809,78.3116,3.46483666903692
3683,2.028832,2.075821,77.9986,4.087922,,8942.0,-2.029204,2.076372,78.3329,3.3720998509612703
3684,2.02939,2.076385,78.0198,4.088542,,8943.0,-2.028832,2.076936,78.3541,3.395241583590371
3685,2.02939,2.076949,78.0409,4.088542,,8944.0,-2.028832,2.0775,78.3754,3.314288708018582
3686,2.02939,2.077512,78.0621,4.089472,,8945.0,-2.028832,2.078063,78.3966,3.382233329083524
3687,2.02939,2.078076,78.0833,4.089472,,8946.0,-2.028832,2.078627,78.4179,3.3585005458932558
3688,2.02939,2.07864,78.1045,4.089472,,8947.0,-2.028832,2.07919,78.4392,3.374499996148893
3689,2.029204,2.079203,78.1257,4.090712,,8948.0,-2.028832,2.079754,78.4604,3.329074770796782
3690,2.029204,2.079767,78.1468,4.091332,,8949.0,-2.028832,2.080317,78.4817,3.42469790145918
3691,2.029204,2.080331,78.168,4.091332,,8950.0,-2.028832,2.080881,78.5029,3.4378504611782055
3692,2.029018,2.080894,78.1892,4.091332,,8951.0,-2.028832,2.081445,78.5242,3.4977719055662244
3693,2.028832,2.081458,78.2104,4.091332,,8952.0,-2.029204,2.082008,78.5455,3.444913131601332
3694,2.028832,2.082021,78.2316,4.091332,,8953.0,-2.029204,2.082572,78.5667,3.327739251327284
3695,2.028832,2.082585,78.2527,4.091332,,8954.0,-2.029204,2.083136,78.588,3.431497924178625
3696,2.028832,2.083148,78.2739,4.091332,,8955.0,-2.028832,2.083699,78.6093,3.4439888263941727
3697,2.028832,2.083712,78.2951,4.091332,,8956.0,-2.028832,2.084263,78.6305,3.4048943110227112
3698,2.028832,2.084276,78.3163,4.091642,,8957.0,-2.028832,2.084826,78.6518,3.3508379109367383
3699,2.028832,2.084839,78.3374,4.091642,,8958.0,-2.029204,2.08539,78.673,3.357087713110458
3700,2.028832,2.085403,78.3586,4.091642,,8959.0,-2.029204,2.085953,78.6943,3.343977297674223
3701,2.028832,2.085966,78.3798,4.091952,,8960.0,-2.029204,2.086517,78.7156,3.3832859022448045
3702,2.028832,2.08653,78.401,4.092262,,8961.0,-2.029204,2.087081,78.7368,3.397902502157766
3703,2.029204,2.087094,78.4221,4.092262,,8962.0,-2.029204,2.087645,78.7581,3.413580849045047
3704,2.029204,2.087657,78.4433,4.092572,,8963.0,-2.028832,2.088208,78.7794,3.2865120636097473
3705,2.029204,2.088221,78.4645,4.092882,,8964.0,-2.028832,2.088772,78.8006,3.3285423311907105
3706,2.028832,2.088784,78.4857,4.092882,,8965.0,-2.028832,2.089335,78.8219,3.393802445243637
3707,2.028832,2.089348,78.5069,4.093502,,8966.0,-2.028832,2.089899,78.8431,3.4638274076933775
3708,2.028832,2.089912,78.528,4.094122,,8967.0,-2.028832,2.090462,78.8644,3.329634508612002
3709,2.02939,2.090475,78.5492,4.094122,,8968.0,-2.028832,2.091026,78.8857,3.4095575492568897
3710,2.02939,2.091039,78.5704,4.094122,,8969.0,-2.029018,2.09159,78.9069,3.450109882754439
3711,2.02939,2.091603,78.5916,4.094742,,8970.0,-2.028832,2.092153,78.9282,3.358808068759988
3712,2.02939,2.092166,78.6127,4.094742,,8971.0,-2.028832,2.092717,78.9495,3.3993685590647917
3713,2.02939,2.09273,78.6339,4.095052,,8972.0,-2.029018,2.09328,78.9707,3.4166508558150435
3714,2.02939,2.093294,78.6551,4.095982,,8973.0,-2.029204,2.093844,78.992,3.32704462485328
3715,2.028832,2.093858,78.6763,4.097532,,8974.0,-2.029204,2.094408,79.0132,3.347988804801354
3716,2.028832,2.094421,78.6975,4.097532,,8975.0,-2.029204,2.094971,79.0345,3.3831391131877124
3717,2.028832,2.094985,78.7187,4.097532,,8976.0,-2.028832,2.095535,79.0558,3.4872182090949146
3718,2.028832,2.095548,78.7398,4.097532,,8977.0,-2.028832,2.096098,79.077,3.3640458420827857
3719,2.028832,2.096112,78.761,4.097532,,8978.0,-2.028832,2.096662,79.0983,3.39678846822243
3720,2.028832,2.096675,78.7822,4.097532,,8979.0,-2.02939,2.097226,79.1196,3.5512819780627334
3721,2.028832,2.097239,78.8034,4.097532,,8980.0,-2.02939,2.09779,79.1408,3.3944369411150404
3722,2.028832,2.097802,78.8245,4.097532,,8981.0,-2.02939,2.098353,79.1621,3.3175644143020455
3723,2.028832,2.098366,78.8457,4.097532,,8982.0,-2.029204,2.098917,79.1834,3.349238393309345
3724,2.029018,2.09893,78.8669,4.097532,,8983.0,-2.029204,2.099481,79.2046,3.4350753486769188
3725,2.029018,2.099493,78.8881,4.097532,,8984.0,-2.029204,2.100044,79.2259,3.362375750852197
3726,2.029204,2.100057,78.9092,4.097532,,8985.0,-2.029204,2.100608,79.2472,3.3718048929852995
3727,2.029204,2.100621,78.9304,4.097842,,8986.0,-2.02939,2.101171,79.2684,3.40796792630556
3728,2.029204,2.101184,78.9516,4.097842,,8987.0,-2.02939,2.101735,79.2897,3.39381072475867
3729,2.029204,2.101748,78.9728,4.097842,,8988.0,-2.029018,2.102299,79.311,3.3403641388917302
3730,2.02939,2.102312,78.9939,4.098462,,8989.0,-2.029018,2.102863,79.3322,3.344438124033495
3731,2.02939,2.102875,79.0151,4.098462,,8990.0,-2.029018,2.103426,79.3535,3.370220722252546
3732,2.02939,2.103439,79.0363,4.099702,,8991.0,-2.028832,2.10399,79.3747,3.327046069129931
3733,2.029204,2.104003,79.0575,4.100012,,8992.0,-2.028832,2.104553,79.396,3.404790022363675
3734,2.029204,2.104566,79.0787,4.100012,,8993.0,-2.028832,2.105117,79.4173,3.465433170638211
3735,2.029204,2.10513,79.0999,4.101563,,8994.0,-2.028832,2.10568,79.4385,3.4113697138042807
3736,2.029204,2.105694,79.121,4.101563,,8995.0,-2.02939,2.106244,79.4598,3.4448011581010074
3737,2.029204,2.106257,79.1422,4.101563,,8996.0,-2.02939,2.106808,79.4811,3.302193561659247
3738,2.02939,2.106821,79.1634,4.101563,,8997.0,-2.02939,2.107372,79.5023,3.328173994373172
3739,2.029204,2.107385,79.1846,4.101872,,8998.0,-2.028832,2.107935,79.5236,3.333367070821512
3740,2.028832,2.107948,79.2057,4.101872,,8999.0,-2.028832,2.108499,79.5448,3.4070112312029317
3741,2.028832,2.108512,79.2269,4.101872,,9000.0,-2.028832,2.109062,79.5661,3.3881977639803615
3742,2.028832,2.109076,79.2481,4.102492,,9001.0,-2.029204,2.109626,79.5874,3.349279808997187
3743,2.029204,2.109639,79.2693,4.102492,,9002.0,-2.029204,2.11019,79.6086,3.389487161857244
3744,2.029204,2.110203,79.2905,4.102492,,9003.0,-2.029204,2.110753,79.6299,3.412770815157835
3745,2.029204,2.110767,79.3117,4.102492,,9004.0,-2.02939,2.111317,79.6512,3.432641302264795
3746,2.02939,2.11133,79.3328,4.102492,,9005.0,-2.02939,2.111881,79.6724,3.3986838002607107
3747,2.02939,2.111894,79.354,4.102492,,9006.0,-2.02939,2.112444,79.6937,3.3782460275299866
3748,2.02939,2.112458,79.3752,4.103113,,9007.0,-2.02939,2.113008,79.715,3.4769045905588634
3749,2.029204,2.113021,79.3964,4.103423,,9008.0,-2.02939,2.113572,79.7362,3.3400395780459
3750,2.029204,2.113585,79.4175,4.103423,,9009.0,-2.029204,2.114136,79.7575,3.423742283768691
3751,2.028832,2.114149,79.4387,4.104043,,9010.0,-2.029204,2.114699,79.7788,3.4191770089805704
3752,2.028832,2.114712,79.4599,4.104043,,9011.0,-2.029204,2.115263,79.8,3.3359825964742664
3753,2.028832,2.115276,79.4811,4.104043,,9012.0,-2.029204,2.115827,79.8213,3.3638941719855766
3754,2.028832,2.115839,79.5023,4.104043,,9013.0,-2.029018,2.11639,79.8426,3.4236578487289364
3755,2.028832,2.116403,79.5234,4.104663,,9014.0,-2.029018,2.116954,79.8638,3.4167723016126703
3756,2.028832,2.116966,79.5446,4.104663,,9015.0,-2.028832,2.117517,79.8851,3.3576153491439578
3757,2.029204,2.11753,79.5658,4.106213,,9016.0,-2.029018,2.118081,79.9063,3.297220352829655
3758,2.028832,2.118094,79.587,4.106833,,9017.0,-2.029018,2.118644,79.9276,3.3960129202830887
3759,2.028832,2.118657,79.6081,4.106833,,9018.0,-2.028832,2.119208,79.9489,3.403569805849946
3760,2.029204,2.119221,79.6293,4.107143,,9019.0,-2.028832,2.119772,79.9701,3.4051993697130696
3761,2.029018,2.119785,79.6505,4.107453,,9020.0,-2.028832,2.120335,79.9914,3.387532554795093
3762,2.029018,2.120348,79.6717,4.107453,,9021.0,-2.028832,2.120899,80.0126,3.3697023821889887
3763,2.029018,2.120912,79.6929,4.107763,,9022.0,-2.028832,2.121462,80.0339,3.3973618573410636
3764,2.028832,2.121475,79.714,4.107763,,9023.0,-2.028832,2.122026,80.0552,3.365720113178489
3765,2.028832,2.122039,79.7352,4.107763,,9024.0,-2.028832,2.12259,80.0764,3.407591030447753
3766,2.028832,2.122602,79.7564,4.107763,,9025.0,-2.02939,2.123153,80.0977,3.455441607356709
3767,2.028832,2.123166,79.7776,4.107763,,9026.0,-2.02939,2.123717,80.119,3.453991821109748
3768,2.028832,2.123729,79.7987,4.107763,,9027.0,-2.029204,2.124281,80.1402,3.4915752751844487
3769,2.028832,2.124293,79.8199,4.107453,,9028.0,-2.029204,2.124844,80.1615,3.372514075135544
3770,2.028832,2.124857,79.8411,4.107453,,9029.0,-2.028832,2.125408,80.1828,3.393327550600747
3771,2.028832,2.12542,79.8623,4.107453,,9030.0,-2.028832,2.125971,80.204,3.2965229176640998
3772,2.029204,2.125984,79.8834,4.107763,,9031.0,-2.028832,2.126535,80.2253,3.424112822984023
3773,2.029204,2.126548,79.9046,4.108073,,9032.0,-2.028832,2.127099,80.2465,3.3412533421252495
3774,2.029204,2.127111,79.9258,4.108073,,9033.0,-2.028832,2.127662,80.2678,3.349016592126971
3775,2.029204,2.127675,79.947,4.108383,,9034.0,-2.028832,2.128226,80.2891,3.374303396821151
3776,2.028832,2.128238,79.9681,4.109003,,9035.0,-2.029018,2.128789,80.3103,3.3500641245173046
3777,2.028832,2.128802,79.9893,4.109623,,9036.0,-2.029018,2.129353,80.3316,3.378021219659445
3778,2.028832,2.129366,80.0105,4.109623,,9037.0,-2.029018,2.129916,80.3528,3.369584925491063
3779,2.028832,2.129929,80.0317,4.110243,,9038.0,-2.029018,2.13048,80.3741,3.360993429600872
3780,2.029204,2.130493,80.0529,4.110553,,9039.0,-2.02939,2.131044,80.3954,3.3669799428455787
3781,2.029204,2.131057,80.074,4.110553,,9040.0,-2.028832,2.131608,80.4166,3.265650407741874
3782,2.029204,2.13162,80.0952,4.110863,,9041.0,-2.028832,2.132171,80.4379,3.4076082378397814
3783,2.029204,2.132184,80.1164,4.112103,,9042.0,-2.029204,2.132735,80.4592,3.2909385981085895
3784,2.029204,2.132747,80.1376,4.112103,,9043.0,-2.028832,2.133298,80.4804,3.3570256741534585
3785,2.029204,2.133311,80.1588,4.112103,,9044.0,-2.029204,2.133862,80.5017,3.390069969533381
3786,2.028832,2.133875,80.1799,4.112103,,9045.0,-2.029204,2.134426,80.523,3.3509759450601377
3787,2.028832,2.134438,80.2011,4.112103,,9046.0,-2.029204,2.134989,80.5442,3.26670929039529
3788,2.028832,2.135002,80.2223,4.112103,,9047.0,-2.029204,2.135553,80.5655,3.416562738882375
3789,2.029204,2.135566,80.2435,4.112103,,9048.0,-2.029204,2.136117,80.5867,3.380157860327098
3790,2.029204,2.136129,80.2646,4.112103,,9049.0,-2.029204,2.13668,80.608,3.3595855035137774
3791,2.029204,2.136693,80.2858,4.112413,,9050.0,-2.028832,2.137244,80.6293,3.3975114583451966
3792,2.029204,2.137257,80.307,4.113033,,9051.0,-2.028832,2.137807,80.6505,3.40140536386104
3793,2.029204,2.13782,80.3282,4.113033,,9052.0,-2.028832,2.138371,80.6718,3.3972668169584175
3794,2.029204,2.138384,80.3494,4.113653,,9053.0,-2.028832,2.138934,80.6931,3.3285320186350034
3795,2.029018,2.138947,80.3705,4.113653,,9054.0,-2.028832,2.139498,80.7143,3.3562171438822435
3796,2.028832,2.139511,80.3917,4.113653,,9055.0,-2.028832,2.140062,80.7356,3.315834323651192
3797,2.028832,2.140075,80.4129,4.114274,,9056.0,-2.028832,2.140625,80.7568,3.390807677233978
3798,2.028832,2.140638,80.4341,4.114583,,9057.0,-2.028832,2.141189,80.7781,3.3374986164517497
3799,2.028832,2.141202,80.4552,4.114893,,9058.0,-2.029018,2.141752,80.7994,3.369458621344421
3800,2.028832,2.141765,80.4764,4.114893,,9059.0,-2.028832,2.142316,80.8206,3.357155809244253
3801,2.028832,2.142329,80.4976,4.115513,,9060.0,-2.028832,2.142879,80.8419,3.405837914023216
3802,2.028832,2.142892,80.5188,4.115513,,9061.0,-2.028832,2.143443,80.8632,3.43967982370492
3803,2.028832,2.143456,80.5399,4.116133,,9062.0,-2.028832,2.144006,80.8844,3.3003278670532317
3804,2.028832,2.14402,80.5611,4.116133,,9063.0,-2.028832,2.14457,80.9057,3.34231595785797
3805,2.029204,2.144583,80.5823,4.117064,,9064.0,-2.028832,2.145134,80.9269,3.3302933330198683
3806,2.029204,2.145147,80.6035,4.117064,,9065.0,-2.028832,2.145697,80.9482,3.3933013953505715
3807,2.029204,2.14571,80.6247,4.117373,,9066.0,-2.028832,2.146261,80.9695,3.2977942247478276
3808,2.028832,2.146274,80.6458,4.117683,,9067.0,-2.028832,2.146824,80.9907,3.3050885704381447
3809,2.028832,2.146838,80.667,4.117683,,9068.0,-2.02939,2.147388,81.012,3.4137817901622927
3810,2.028832,2.147401,80.6882,4.117683,,9069.0,-2.02939,2.147952,81.0332,3.433826199872015
3811,2.028832,2.147965,80.7094,4.117993,,9070.0,-2.02939,2.148516,81.0545,3.3717755747012705
3812,2.028832,2.148528,80.7305,4.117993,,9071.0,-2.02939,2.149079,81.0758,3.3882834905500143
3813,2.028832,2.149092,80.7517,4.118304,,9072.0,-2.02939,2.149643,81.097,3.3446102587112034
3814,2.028832,2.149656,80.7729,4.118304,,9073.0,-2.028832,2.150207,81.1183,3.2931899943901577
3815,2.028832,2.150219,80.7941,4.118304,,9074.0,-2.028832,2.15077,81.1396,3.3374478544465087
3816,2.028832,2.150783,80.8152,4.118304,,9075.0,-2.028832,2.151334,81.1608,3.3328182884478887
3817,2.028832,2.151346,80.8364,4.118614,,9076.0,-2.028832,2.151897,81.1821,3.2989256961659543
3818,2.028832,2.15191,80.8576,4.118614,,9077.0,-2.029204,2.152461,81.2034,3.3930705279034825
3819,2.029018,2.152473,80.8788,4.119234,,9078.0,-2.029204,2.153025,81.2246,3.333688018764005
3820,2.029018,2.153037,80.9,4.119544,,9079.0,-2.029204,2.153588,81.2459,3.2357543308579233
3821,2.029018,2.153601,80.9211,4.119544,,9080.0,-2.028832,2.154152,81.2672,3.4225871313017895
3822,2.028832,2.154164,80.9423,4.119544,,9081.0,-2.028832,2.154715,81.2884,3.4295571701526404
3823,2.028832,2.154728,80.9635,4.120474,,9082.0,-2.028832,2.155279,81.3097,3.4229000507806666
3824,2.028832,2.155291,80.9847,4.120474,,9083.0,-2.029204,2.155843,81.3309,3.3572171615564095
3825,2.028832,2.155855,81.0058,4.120784,,9084.0,-2.029204,2.156406,81.3522,3.324048066975558
3826,2.029018,2.156419,81.027,4.121094,,9085.0,-2.029204,2.15697,81.3735,3.3306255908014326
3827,2.029018,2.156982,81.0482,4.121094,,9086.0,-2.028832,2.157534,81.3947,3.232460088735237
3828,2.028832,2.157546,81.0694,4.122644,,9087.0,-2.028832,2.158097,81.416,3.373829283930514
3829,2.029204,2.158109,81.0905,4.122644,,9088.0,-2.028832,2.158661,81.4372,3.333206293924734
3830,2.029204,2.158673,81.1117,4.122644,,9089.0,-2.028832,2.159224,81.4585,3.4096420376491765
3831,2.029204,2.159237,81.1329,4.122644,,9090.0,-2.028832,2.159788,81.4798,3.4418099785553142
3832,2.029204,2.1598,81.1541,4.122954,,9091.0,-2.028832,2.160351,81.501,3.2498840645541978
3833,2.029204,2.160364,81.1753,4.122954,,9092.0,-2.029204,2.160915,81.5223,3.3309125559107025
3834,2.029204,2.160928,81.1964,4.123264,,9093.0,-2.028832,2.161479,81.5436,3.3146041901288856
3835,2.029204,2.161491,81.2176,4.123264,,9094.0,-2.028832,2.162042,81.5648,3.3522427141348516
3836,2.028832,2.162055,81.2388,4.123264,,9095.0,-2.02939,2.162606,81.5861,3.3429073822646695
3837,2.028832,2.162618,81.26,4.123884,,9096.0,-2.02939,2.16317,81.6074,3.300281976105042
3838,2.028832,2.163182,81.2812,4.123884,,9097.0,-2.02939,2.163733,81.6286,3.3002434830761715
3839,2.028832,2.163746,81.3023,4.123884,,9098.0,-2.02939,2.164297,81.6499,3.313438997223981
3840,2.028832,2.164309,81.3235,4.124194,,9099.0,-2.029018,2.164861,81.6712,3.3422170544743595
3841,2.028832,2.164873,81.3447,4.124194,,9100.0,-2.029018,2.165424,81.6924,3.410661566986193
3842,2.028832,2.165436,81.3659,4.124194,,9101.0,-2.028832,2.165988,81.7137,3.3603647352691586
3843,2.028832,2.166,81.387,4.124504,,9102.0,-2.028832,2.166551,81.7349,3.349591531334116
3844,2.028832,2.166564,81.4082,4.125744,,9103.0,-2.028832,2.167115,81.7562,3.3562022422158537
3845,2.029204,2.167127,81.4294,4.125744,,9104.0,-2.028832,2.167679,81.7775,3.3405871167008097
3846,2.029204,2.167691,81.4506,4.125744,,9105.0,-2.028832,2.168242,81.7987,3.3239671091257064
3847,2.029204,2.168254,81.4717,4.126674,,9106.0,-2.029204,2.168806,81.82,3.2852329207762048
3848,2.02939,2.168818,81.4929,4.127914,,9107.0,-2.029204,2.169369,81.8412,3.3751417913134136
3849,2.02939,2.169382,81.5141,4.127914,,9108.0,-2.028832,2.169933,81.8625,3.434235800312063
3850,2.028832,2.169945,81.5353,4.127914,,9109.0,-2.028832,2.170496,81.8838,3.3755419040284136
3851,2.029204,2.170509,81.5565,4.127914,,9110.0,-2.028832,2.17106,81.905,3.34092965602597
3852,2.029204,2.171073,81.5776,4.127914,,9111.0,-2.028832,2.171624,81.9263,3.354761364526632
3853,2.029204,2.171636,81.5988,4.127604,,9112.0,-2.028832,2.172187,81.9475,3.1904620658805185
3854,2.029204,2.1722,81.62,4.127914,,9113.0,-2.028832,2.172751,81.9688,3.3540917375431416
3855,2.029204,2.172764,81.6412,4.127914,,9114.0,-2.028832,2.173314,81.9901,3.3400593045174847
3856,2.02939,2.173327,81.6624,4.128224,,9115.0,-2.028832,2.173878,82.0113,3.333337112869148
3857,2.029204,2.173891,81.6835,4.128534,,9116.0,-2.028832,2.174442,82.0326,3.354772413769835
3858,2.029204,2.174455,81.7047,4.128534,,9117.0,-2.028832,2.175005,82.0539,3.3332056706890443
3859,2.029204,2.175019,81.7259,4.128844,,9118.0,-2.028832,2.175569,82.0751,3.312847515953478
3860,2.029204,2.175582,81.7471,4.128844,,9119.0,-2.028832,2.176132,82.0964,3.353586706124882
3861,2.029204,2.176146,81.7683,4.129464,,9120.0,-2.028832,2.176696,82.1176,3.3209501292840105
3862,2.029204,2.176709,81.7894,4.129464,,9121.0,-2.028832,2.177259,82.1389,3.336716286443872
3863,2.02939,2.177273,81.8106,4.129464,,9122.0,-2.028832,2.177823,82.1602,3.38727370940579
3864,2.02939,2.177837,81.8318,4.129464,,9123.0,-2.028832,2.178386,82.1814,3.3325237710653894
3865,2.02939,2.178401,81.853,4.130394,,9124.0,-2.028832,2.17895,82.2027,3.3546729175761034
3866,2.02939,2.178964,81.8742,4.131634,,9125.0,-2.028832,2.179514,82.2239,3.475318545916624
3867,2.02939,2.179528,81.8953,4.131634,,9126.0,-2.028832,2.180077,82.2452,3.346119376838902
3868,2.029204,2.180092,81.9165,4.131945,,9127.0,-2.02939,2.180641,82.2665,3.3871062096206828
3869,2.029204,2.180655,81.9377,4.132565,,9128.0,-2.02939,2.181205,82.2877,3.4047631930089506
3870,2.029204,2.181219,81.9589,4.132565,,9129.0,-2.02939,2.181768,82.309,3.4097850752025742
3871,2.029204,2.181783,81.9801,4.132874,,9130.0,-2.02939,2.182332,82.3303,3.3200056299802094
3872,2.028832,2.182346,82.0012,4.133184,,9131.0,-2.02939,2.182896,82.3515,3.3794891749662717
3873,2.028832,2.18291,82.0224,4.133184,,9132.0,-2.02939,2.18346,82.3728,3.385381816151195
3874,2.028832,2.183474,82.0436,4.133184,,9133.0,-2.028832,2.184023,82.3941,3.3577187448171264
3875,2.028832,2.184037,82.0648,4.133184,,9134.0,-2.028832,2.184587,82.4153,3.3158061930529175
3876,2.029204,2.184601,82.086,4.133184,,9135.0,-2.028832,2.18515,82.4366,3.3544951534584935
3877,2.029204,2.185164,82.1071,4.133184,,9136.0,-2.029204,2.185714,82.4578,3.3330596267082337
3878,2.02939,2.185728,82.1283,4.133494,,9137.0,-2.029204,2.186277,82.4791,3.4262894693664574
3879,2.02939,2.186292,82.1495,4.133805,,9138.0,-2.029204,2.186841,82.5004,3.31846125396613
3880,2.02939,2.186856,82.1707,4.133805,,9139.0,-2.029204,2.187405,82.5216,3.3781314811674727
3881,2.029204,2.187419,82.1919,4.133805,,9140.0,-2.029204,2.187968,82.5429,3.3366049049425284
3882,2.029204,2.187983,82.213,4.134115,,9141.0,-2.029204,2.188532,82.5642,3.383215649018966
3883,2.029204,2.188547,82.2342,4.134115,,9142.0,-2.028832,2.189096,82.5854,3.257046973687229
3884,2.029204,2.18911,82.2554,4.135355,,9143.0,-2.029204,2.189659,82.6067,3.286908923133086
3885,2.029204,2.189674,82.2766,4.135664,,9144.0,-2.029204,2.190223,82.628,3.252758371906151
3886,2.029204,2.190238,82.2978,4.135664,,9145.0,-2.028832,2.190787,82.6492,3.367980535292811
3887,2.029204,2.190801,82.3189,4.135975,,9146.0,-2.029018,2.19135,82.6705,3.3257076678472255
3888,2.028832,2.191365,82.3401,4.137215,,9147.0,-2.029018,2.191914,82.6917,3.4234226923083044
3889,2.028832,2.191928,82.3613,4.137215,,9148.0,-2.029018,2.192477,82.713,3.338381557493223
3890,2.028832,2.192492,82.3825,4.137215,,9149.0,-2.029018,2.193041,82.7343,3.3650990967280587
3891,2.028832,2.193055,82.4036,4.137215,,9150.0,-2.029018,2.193605,82.7555,3.3498500573388403
3892,2.028832,2.193619,82.4248,4.137215,,9151.0,-2.02939,2.194168,82.7768,3.3650432312064815
3893,2.028832,2.194183,82.446,4.137525,,9152.0,-2.02939,2.194732,82.7981,3.484986679790131
3894,2.028832,2.194746,82.4672,4.137835,,9153.0,-2.02939,2.195296,82.8193,3.3944250196897108
3895,2.028832,2.19531,82.4883,4.137835,,9154.0,-2.02939,2.19586,82.8406,3.382157700807083
3896,2.029204,2.195873,82.5095,4.137835,,9155.0,-2.02939,2.196423,82.8619,3.2597772398312683
3897,2.029204,2.196437,82.5307,4.138145,,9156.0,-2.02939,2.196987,82.8831,3.3142140969602543
3898,2.029204,2.197001,82.5519,4.138145,,9157.0,-2.028832,2.197551,82.9044,3.3286879294239564
3899,2.029204,2.197564,82.5731,4.138145,,9158.0,-2.028832,2.198114,82.9257,3.319511301524759
3900,2.029018,2.198128,82.5942,4.138145,,9159.0,-2.028832,2.198678,82.9469,3.317578876077624
3901,2.029018,2.198692,82.6154,4.138145,,9160.0,-2.029018,2.199241,82.9682,3.311307983610313
3902,2.029018,2.199255,82.6366,4.138455,,9161.0,-2.029018,2.199805,82.9894,3.304895173629624
3903,2.029018,2.199819,82.6578,4.138765,,9162.0,-2.029018,2.200369,83.0107,3.3908467051205027
3904,2.029018,2.200382,82.6789,4.138765,,9163.0,-2.029204,2.200932,83.032,3.330569305353262
3905,2.029204,2.200946,82.7001,4.139385,,9164.0,-2.029204,2.201496,83.0532,3.4505281618209263
3906,2.02939,2.20151,82.7213,4.140315,,9165.0,-2.029204,2.20206,83.0745,3.345292922519888
3907,2.02939,2.202074,82.7425,4.140315,,9166.0,-2.029204,2.202623,83.0958,3.3777138513170124
3908,2.029204,2.202637,82.7637,4.141245,,9167.0,-2.02939,2.203187,83.117,3.3443215310375853
3909,2.02939,2.203201,82.7849,4.141555,,9168.0,-2.02939,2.203751,83.1383,3.3784726434811674
3910,2.02939,2.203765,82.806,4.141555,,9169.0,-2.028832,2.204314,83.1596,3.3828544762328274
3911,2.02939,2.204328,82.8272,4.142175,,9170.0,-2.028832,2.204878,83.1808,3.3018094581973756
3912,2.02939,2.204892,82.8484,4.142175,,9171.0,-2.028832,2.205441,83.2021,3.3127356830288317
3913,2.02939,2.205456,82.8696,4.142175,,9172.0,-2.028832,2.206005,83.2233,3.324755453071247
3914,2.028832,2.206019,82.8908,4.142795,,9173.0,-2.029204,2.206569,83.2446,3.357140438816363
3915,2.028832,2.206583,82.9119,4.143105,,9174.0,-2.029204,2.207132,83.2659,3.418210978821538
3916,2.028832,2.207147,82.9331,4.143105,,9175.0,-2.02939,2.207696,83.2871,3.3532639459489277
3917,2.028832,2.20771,82.9543,4.143725,,9176.0,-2.02939,2.20826,83.3084,3.305616090075591
3918,2.028832,2.208274,82.9755,4.143415,,9177.0,-2.028832,2.208823,83.3297,3.4026458139665525
3919,2.028832,2.208837,82.9966,4.143415,,9178.0,-2.028832,2.209387,83.3509,3.3232462278748445
3920,2.028832,2.209401,83.0178,4.143415,,9179.0,-2.028832,2.20995,83.3722,3.3192901402739743
3921,2.028832,2.209964,83.039,4.143415,,9180.0,-2.02939,2.210514,83.3935,3.334964053846917
3922,2.028832,2.210528,83.0602,4.144965,,9181.0,-2.02939,2.211078,83.4147,3.297185122057173
3923,2.028832,2.211092,83.0813,4.144965,,9182.0,-2.02939,2.211642,83.436,3.3927138250148654
3924,2.028832,2.211655,83.1025,4.144965,,9183.0,-2.02939,2.212205,83.4573,3.366575609683785
3925,2.028832,2.212219,83.1237,4.144965,,9184.0,-2.02939,2.212769,83.4785,3.3706891970503383
3926,2.028832,2.212782,83.1449,4.144965,,9185.0,-2.02939,2.213333,83.4998,3.3246730607460573
3927,2.028832,2.213346,83.166,4.144965,,9186.0,-2.029204,2.213897,83.5211,3.3530178616627198
3928,2.028832,2.213909,83.1872,4.145275,,9187.0,-2.029204,2.21446,83.5423,3.3573551134811366
3929,2.028832,2.214473,83.2084,4.145275,,9188.0,-2.029204,2.215024,83.5636,3.4214134268663483
3930,2.029018,2.215036,83.2296,4.147135,,9189.0,-2.029204,2.215587,83.5849,3.330675401806724
3931,2.029018,2.2156,83.2507,4.147135,,9190.0,-2.029204,2.216151,83.6061,3.4029840238685165
3932,2.029018,2.216164,83.2719,4.147135,,9191.0,-2.029204,2.216715,83.6274,3.38111071187195
3933,2.028832,2.216727,83.2931,4.147135,,9192.0,-2.029204,2.217278,83.6487,3.2948023971122593
3934,2.028832,2.217291,83.3143,4.147756,,9193.0,-2.029204,2.217842,83.6699,3.3585903927381393
3935,2.028832,2.217854,83.3355,4.147756,,9194.0,-2.029204,2.218406,83.6912,3.3742416997020355
3936,2.028832,2.218418,83.3566,4.148376,,9195.0,-2.02939,2.218969,83.7124,3.3348456147517958
3937,2.029204,2.218982,83.3778,4.148995,,9196.0,-2.02939,2.219533,83.7337,3.25731015482052
3938,2.029204,2.219545,83.399,4.148995,,9197.0,-2.028832,2.220097,83.755,3.3377348938649654
3939,2.028832,2.220109,83.4202,4.148995,,9198.0,-2.028832,2.22066,83.7762,3.3391025359152917
3940,2.028832,2.220672,83.4413,4.148995,,9199.0,-2.028832,2.221224,83.7975,3.313480624771149
3941,2.028832,2.221236,83.4625,4.148995,,9200.0,-2.028832,2.221787,83.8188,3.2536423565147303
3942,2.028832,2.2218,83.4837,4.148995,,9201.0,-2.028832,2.222351,83.84,3.3403114158544116
3943,2.028832,2.222363,83.5049,4.149305,,9202.0,-2.028832,2.222914,83.8613,3.3092493876725944
3944,2.028832,2.222927,83.526,4.149305,,9203.0,-2.028832,2.223478,83.8825,3.3916877074192353
3945,2.029018,2.22349,83.5472,4.149616,,9204.0,-2.028832,2.224042,83.9038,3.3208533683421373
3946,2.028832,2.224054,83.5684,4.150546,,9205.0,-2.028832,2.224605,83.9251,3.331340212075731
3947,2.028832,2.224617,83.5896,4.150546,,9206.0,-2.028832,2.225169,83.9463,3.2802753019595423
3948,2.028832,2.225181,83.6107,4.151786,,9207.0,-2.029204,2.225733,83.9676,3.395764655514548
3949,2.028832,2.225744,83.6319,4.152716,,9208.0,-2.029204,2.226296,83.9889,3.3097243148024464
3950,2.028832,2.226308,83.6531,4.152716,,9209.0,-2.028832,2.22686,84.0101,3.4194544509710525
3951,2.028832,2.226872,83.6743,4.152716,,9210.0,-2.028832,2.227423,84.0314,3.3112966404414492
3952,2.028832,2.227435,83.6954,4.153336,,9211.0,-2.028832,2.227987,84.0526,3.368332919558403
3953,2.029018,2.227999,83.7166,4.153336,,9212.0,-2.028832,2.22855,84.0739,3.2977706963422264
3954,2.029018,2.228563,83.7378,4.153646,,9213.0,-2.02939,2.229114,84.0952,3.3943232703671513
3955,2.029018,2.229126,83.759,4.153646,,9214.0,-2.02939,2.229678,84.1164,3.329755676450812
3956,2.029018,2.22969,83.7802,4.153646,,9215.0,-2.02939,2.230242,84.1377,3.276102666102841
3957,2.029018,2.230253,83.8013,4.153646,,9216.0,-2.029204,2.230805,84.159,3.3471238792339895
3958,2.028832,2.230817,83.8225,4.153956,,9217.0,-2.029204,2.231369,84.1802,3.36541851459055
3959,2.028832,2.23138,83.8437,4.153956,,9218.0,-2.029204,2.231933,84.2015,3.2646053371826076
3960,2.028832,2.231944,83.8649,4.153956,,9219.0,-2.029204,2.232496,84.2228,3.29056152339672
3961,2.028832,2.232508,83.886,4.154266,,9220.0,-2.029204,2.23306,84.244,3.3543046565160974
3962,2.028832,2.233071,83.9072,4.154266,,9221.0,-2.029204,2.233624,84.2653,3.334972597566943
3963,2.028832,2.233635,83.9284,4.154576,,9222.0,-2.02939,2.234187,84.2866,3.3093722994786297
3964,2.029204,2.234198,83.9496,4.154576,,9223.0,-2.02939,2.234751,84.3078,3.3107751101470355
3965,2.029204,2.234762,83.9708,4.154576,,9224.0,-2.02939,2.235315,84.3291,3.2801065919121486
3966,2.029204,2.235326,83.9919,4.154576,,9225.0,-2.029204,2.235878,84.3503,3.3743559193864607
3967,2.029204,2.235889,84.0131,4.154886,,9226.0,-2.029204,2.236442,84.3716,3.378599349876839
3968,2.029204,2.236453,84.0343,4.154886,,9227.0,-2.029204,2.237006,84.3929,3.3401534392566874
3969,2.029204,2.237017,84.0555,4.154886,,9228.0,-2.028832,2.237569,84.4141,3.270928122163883
3970,2.029204,2.237581,84.0767,4.155196,,9229.0,-2.028832,2.238133,84.4354,3.3293350837695113
3971,2.029204,2.238144,84.0978,4.155816,,9230.0,-2.028832,2.238696,84.4567,3.2999172071116294
3972,2.029204,2.238708,84.119,4.155816,,9231.0,-2.028832,2.23926,84.4779,3.304824042296381
3973,2.028832,2.239271,84.1402,4.156126,,9232.0,-2.028832,2.239824,84.4992,3.3124617895539457
3974,2.028832,2.239835,84.1614,4.157056,,9233.0,-2.028832,2.240387,84.5204,3.3224313651655915
3975,2.028832,2.240398,84.1825,4.157056,,9234.0,-2.028832,2.240951,84.5417,3.3354974503265495
3976,2.029204,2.240962,84.2037,4.157056,,9235.0,-2.028832,2.241514,84.563,3.225176841213248
3977,2.029204,2.241526,84.2249,4.157056,,9236.0,-2.028832,2.242078,84.5842,3.3485742081050485
3978,2.029204,2.24209,84.2461,4.157056,,9237.0,-2.028832,2.242641,84.6055,3.3502961185396476
3979,2.028832,2.242653,84.2673,4.157056,,9238.0,-2.029204,2.243205,84.6268,3.304349426571688
3980,2.028832,2.243217,84.2884,4.157676,,9239.0,-2.029204,2.243769,84.648,3.377575472195091
3981,2.028832,2.24378,84.3096,4.157676,,9240.0,-2.029204,2.244332,84.6693,3.311715897123214
3982,2.028832,2.244344,84.3308,4.157986,,9241.0,-2.02939,2.244896,84.6906,3.287089919761656
3983,2.028832,2.244907,84.352,4.157986,,9242.0,-2.02939,2.24546,84.7118,3.250150770958119
3984,2.028832,2.245471,84.3731,4.157986,,9243.0,-2.029204,2.246023,84.7331,3.2934950540766526
3985,2.029204,2.246035,84.3943,4.158296,,9244.0,-2.029204,2.246587,84.7543,3.2369190358622095
3986,2.028832,2.246598,84.4155,4.159226,,9245.0,-2.029204,2.247151,84.7756,3.4396923860670663
3987,2.028832,2.247162,84.4367,4.159226,,9246.0,-2.029204,2.247715,84.7969,3.267435004672518
3988,2.029204,2.247725,84.4578,4.159846,,9247.0,-2.029204,2.248278,84.8181,3.2552477988689725
3989,2.029018,2.248289,84.479,4.160466,,9248.0,-2.029204,2.248842,84.8394,3.3728739505061687
3990,2.029204,2.248852,84.5002,4.160466,,9249.0,-2.029204,2.249406,84.8607,3.2188124434158705
3991,2.029204,2.249416,84.5214,4.161086,,9250.0,-2.029204,2.249969,84.8819,3.2790792265290682
3992,2.02939,2.24998,84.5426,4.161397,,9251.0,-2.029018,2.250533,84.9032,3.356689166302993
3993,2.02939,2.250544,84.5637,4.161397,,9252.0,-2.029018,2.251096,84.9245,3.2879529935369676
3994,2.02939,2.251107,84.5849,4.161397,,9253.0,-2.02939,2.25166,84.9457,3.347276431419596
3995,2.02939,2.251671,84.6061,4.162326,,9254.0,-2.028832,2.252224,84.967,3.4143872592403013
3996,2.02939,2.252235,84.6273,4.162326,,9255.0,-2.028832,2.252787,84.9883,3.295433532005782
3997,2.029204,2.252799,84.6485,4.162636,,9256.0,-2.028832,2.253351,85.0095,3.281363957061119
3998,2.029204,2.253362,84.6696,4.163257,,9257.0,-2.028832,2.253914,85.0308,3.2522392517986196
3999,2.028832,2.253926,84.6908,4.163257,,9258.0,-2.028832,2.254478,85.052,3.2999140577360446
4000,2.028832,2.254489,84.712,4.163567,,9259.0,-2.028832,2.255042,85.0733,3.3521431600757503
4001,2.028832,2.255053,84.7332,4.163877,,9260.0,-2.028832,2.255605,85.0946,3.3327170347398614
4002,2.028832,2.255616,84.7543,4.163877,,9261.0,-2.028832,2.256169,85.1158,3.3195967511587936
4003,2.028832,2.25618,84.7755,4.163877,,9262.0,-2.028832,2.256732,85.1371,3.274962655609938
4004,2.029204,2.256744,84.7967,4.164186,,9263.0,-2.028832,2.257296,85.1583,3.4239030247289324
4005,2.029204,2.257307,84.8179,4.164186,,9264.0,-2.028832,2.257859,85.1796,3.3289475508226327
4006,2.029204,2.257871,84.8391,4.164496,,9265.0,-2.028832,2.258423,85.2009,3.3963815527900074
4007,2.029018,2.258435,84.8602,4.164496,,9266.0,-2.028832,2.258986,85.2221,3.3517779768314044
4008,2.029018,2.258998,84.8814,4.164496,,9267.0,-2.028832,2.25955,85.2434,3.3076048854785185
4009,2.029018,2.259562,84.9026,4.164496,,9268.0,-2.028832,2.260113,85.2646,3.3289474080851003
4010,2.029204,2.260126,84.9238,4.164806,,9269.0,-2.028832,2.260677,85.2859,3.4276899653900856
4011,2.029204,2.260689,84.945,4.165427,,9270.0,-2.028832,2.261241,85.3072,3.3188650648591547
4012,2.029204,2.261253,84.9661,4.165427,,9271.0,-2.028832,2.261804,85.3284,3.355528459329925
4013,2.029204,2.261817,84.9873,4.166047,,9272.0,-2.028832,2.262368,85.3497,3.3294650622299975
4014,2.029204,2.26238,85.0085,4.166667,,9273.0,-2.029204,2.262932,85.371,3.3189313173572637
4015,2.029204,2.262944,85.0297,4.166667,,9274.0,-2.029204,2.263495,85.3922,3.3320490443400566
4016,2.029204,2.263508,85.0509,4.166976,,9275.0,-2.029204,2.264059,85.4135,3.2604636786888217
4017,2.029204,2.264071,85.072,4.167907,,9276.0,-2.029204,2.264622,85.4347,3.245100877133985
4018,2.029204,2.264635,85.0932,4.167907,,9277.0,-2.029204,2.265186,85.456,3.348092355162079
4019,2.029018,2.265198,85.1144,4.168217,,9278.0,-2.028832,2.26575,85.4773,3.3297245488297085
4020,2.029018,2.265762,85.1356,4.168527,,9279.0,-2.029204,2.266313,85.4985,3.306285709526605
4021,2.029018,2.266326,85.1568,4.168527,,9280.0,-2.029204,2.266877,85.5198,3.2543228367662964
4022,2.029018,2.266889,85.1779,4.168837,,9281.0,-2.029204,2.267441,85.5411,3.2912558299187533
4023,2.029204,2.267453,85.1991,4.169147,,9282.0,-2.029204,2.268004,85.5623,3.38268092078804
4024,2.029204,2.268017,85.2203,4.169147,,9283.0,-2.029204,2.268568,85.5836,3.371735165419257
4025,2.029204,2.26858,85.2415,4.169457,,9284.0,-2.02939,2.269132,85.6049,3.2200805593480637
4026,2.029204,2.269144,85.2626,4.170077,,9285.0,-2.02939,2.269696,85.6261,3.400161967726165
4027,2.029204,2.269708,85.2838,4.170077,,9286.0,-2.02939,2.270259,85.6474,3.3287130073319355
4028,2.029204,2.270271,85.305,4.170387,,9287.0,-2.029204,2.270823,85.6687,3.3165852643615086
4029,2.029204,2.270835,85.3262,4.170387,,9288.0,-2.029204,2.271387,85.6899,3.3106031985027884
4030,2.029204,2.271399,85.3474,4.170697,,9289.0,-2.029204,2.27195,85.7112,3.268580990120151
4031,2.029204,2.271962,85.3685,4.170697,,9290.0,-2.029204,2.272514,85.7325,3.286779578616285
4032,2.028832,2.272526,85.3897,4.171007,,9291.0,-2.029204,2.273077,85.7537,3.2321676821944147
4033,2.028832,2.273089,85.4109,4.171007,,9292.0,-2.029204,2.273641,85.775,3.321341349620439
4034,2.028832,2.273653,85.4321,4.171317,,9293.0,-2.029204,2.274205,85.7962,3.2760933086520607
4035,2.028832,2.274217,85.4533,4.171627,,9294.0,-2.029204,2.274769,85.8175,3.2667996613808024
4036,2.028832,2.27478,85.4744,4.171627,,9295.0,-2.029204,2.275332,85.8388,3.2774139118160024
4037,2.028832,2.275344,85.4956,4.172557,,9296.0,-2.029204,2.275896,85.86,3.399424675635854
4038,2.028832,2.275907,85.5168,4.172557,,9297.0,-2.029204,2.27646,85.8813,3.347483114246083
4039,2.028832,2.276471,85.538,4.172867,,9298.0,-2.029204,2.277023,85.9026,3.239567370540299
4040,2.028832,2.277035,85.5591,4.172867,,9299.0,-2.028832,2.277587,85.9238,3.3195872817260925
4041,2.028832,2.277598,85.5803,4.173177,,9300.0,-2.029204,2.278151,85.9451,3.4229864404020556
4042,2.028832,2.278162,85.6015,4.173797,,9301.0,-2.029204,2.278714,85.9664,3.313393945673272
4043,2.028832,2.278725,85.6227,4.173797,,9302.0,-2.029204,2.279278,85.9876,3.3112312329828906
4044,2.028832,2.279289,85.6438,4.174417,,9303.0,-2.029204,2.279841,86.0089,3.3423448447309543
4045,2.028832,2.279852,85.665,4.174417,,9304.0,-2.029204,2.280405,86.0302,3.3424976330764773
4046,2.028832,2.280416,85.6862,4.174417,,9305.0,-2.029204,2.280969,86.0514,3.21332955052075
4047,2.028832,2.280979,85.7074,4.174727,,9306.0,-2.029204,2.281533,86.0727,3.3151816578009248
4048,2.029018,2.281543,85.7285,4.175347,,9307.0,-2.029204,2.282096,86.0939,3.3862168641467756
4049,2.029018,2.282107,85.7497,4.175347,,9308.0,-2.029204,2.28266,86.1152,3.2700830720898613
4050,2.029018,2.28267,85.7709,4.175967,,9309.0,-2.029018,2.283223,86.1365,3.3222419551003077
4051,2.028832,2.283234,85.7921,4.176587,,9310.0,-2.029018,2.283787,86.1577,3.296157271566189
4052,2.028832,2.283797,85.8132,4.176587,,9311.0,-2.029018,2.284351,86.179,3.317509069440424
4053,2.028832,2.284361,85.8344,4.177517,,9312.0,-2.029204,2.284914,86.2003,3.3485476978111977
4054,2.028832,2.284925,85.8556,4.178137,,9313.0,-2.029204,2.285478,86.2215,3.3720728059286347
4055,2.028832,2.285488,85.8768,4.178137,,9314.0,-2.029204,2.286042,86.2428,3.2179549423446314
4056,2.028832,2.286052,85.8979,4.178137,,9315.0,-2.029204,2.286605,86.2641,3.313751136599081
4057,2.029204,2.286615,85.9191,4.178447,,9316.0,-2.029204,2.287169,86.2853,3.28175902066078
4058,2.029204,2.287179,85.9403,4.178447,,9317.0,-2.029204,2.287733,86.3066,3.3561179988031182
4059,2.029204,2.287743,85.9615,4.178447,,9318.0,-2.028832,2.288296,86.3279,3.2715050065728186
4060,2.029204,2.288306,85.9827,4.178758,,9319.0,-2.029204,2.28886,86.3491,3.365082285009741
4061,2.029204,2.28887,86.0038,4.178758,,9320.0,-2.029204,2.289424,86.3704,3.291030991345773
4062,2.029018,2.289433,86.025,4.178758,,9321.0,-2.028832,2.289987,86.3916,3.2587657244848667
4063,2.028832,2.289997,86.0462,4.178758,,9322.0,-2.029204,2.290551,86.4129,3.2899109312544357
4064,2.028832,2.290561,86.0674,4.178758,,9323.0,-2.029204,2.291115,86.4342,3.3007210175176738
4065,2.029018,2.291124,86.0886,4.179068,,9324.0,-2.028832,2.291678,86.4554,3.3431378383125367
4066,2.02939,2.291688,86.1097,4.179378,,9325.0,-2.029204,2.292242,86.4767,3.2004667727827223
4067,2.02939,2.292252,86.1309,4.179378,,9326.0,-2.029204,2.292805,86.498,3.378857706642457
4068,2.02939,2.292815,86.1521,4.179378,,9327.0,-2.028832,2.293369,86.5192,3.2224347532371347
4069,2.02939,2.293379,86.1733,4.179997,,9328.0,-2.028832,2.293932,86.5405,3.312400028636121
4070,2.029018,2.293943,86.1945,4.179997,,9329.0,-2.028832,2.294496,86.5617,3.352841447874222
4071,2.029018,2.294506,86.2156,4.179997,,9330.0,-2.028832,2.29506,86.583,3.2977411352983714
4072,2.029018,2.29507,86.2368,4.180307,,9331.0,-2.028832,2.295623,86.6043,3.2886790263826233
4073,2.029018,2.295634,86.258,4.180307,,9332.0,-2.028832,2.296187,86.6255,3.3536522362476147
4074,2.028832,2.296197,86.2792,4.180307,,9333.0,-2.02939,2.296751,86.6468,3.2794476204879786
4075,2.028832,2.296761,86.3003,4.180307,,9334.0,-2.028832,2.297314,86.6681,3.2303101384800295
4076,2.028832,2.297324,86.3215,4.181238,,9335.0,-2.028832,2.297878,86.6893,3.2713876459895292
4077,2.028832,2.297888,86.3427,4.181238,,9336.0,-2.02939,2.298441,86.7106,3.2546491733558116
4078,2.028832,2.298451,86.3639,4.181238,,9337.0,-2.028832,2.299005,86.7318,3.311929416604967
4079,2.028832,2.299015,86.385,4.181238,,9338.0,-2.028832,2.299568,86.7531,3.3315289003559525
4080,2.029204,2.299579,86.4062,4.181858,,9339.0,-2.028832,2.300132,86.7744,3.2884602754665218
4081,2.029204,2.300142,86.4274,4.182168,,9340.0,-2.028832,2.300696,86.7956,3.362522712605055
4082,2.029204,2.300706,86.4486,4.182168,,9341.0,-2.028832,2.301259,86.8169,3.3898663018664763
4083,2.029204,2.30127,86.4698,4.182477,,9342.0,-2.028832,2.301823,86.8382,3.291490878596
4084,2.029204,2.301833,86.4909,4.184028,,9343.0,-2.028832,2.302386,86.8594,3.295476605806548
4085,2.028832,2.302397,86.5121,4.184028,,9344.0,-2.028832,2.30295,86.8807,3.308003761093681
4086,2.028832,2.30296,86.5333,4.184338,,9345.0,-2.029204,2.303514,86.9019,3.3489633372008467
4087,2.028832,2.303524,86.5545,4.184338,,9346.0,-2.029204,2.304077,86.9232,3.349550248543287
4088,2.029018,2.304088,86.5756,4.184338,,9347.0,-2.029204,2.304641,86.9445,3.2513522289158856
4089,2.029018,2.304651,86.5968,4.184648,,9348.0,-2.029204,2.305205,86.9657,3.2624586623178646
4090,2.029204,2.305215,86.618,4.184958,,9349.0,-2.029204,2.305768,86.987,3.2984998179873615
4091,2.029204,2.305779,86.6392,4.184958,,9350.0,-2.029204,2.306332,87.0083,3.2510337081054246
4092,2.029204,2.306342,86.6604,4.184958,,9351.0,-2.029204,2.306895,87.0295,3.2563558539086612
4093,2.029204,2.306906,86.6815,4.184958,,9352.0,-2.029204,2.307459,87.0508,3.3190673042517465
4094,2.02939,2.30747,86.7027,4.185268,,9353.0,-2.02939,2.308023,87.0721,3.3383968972395848
4095,2.02939,2.308033,86.7239,4.185268,,9354.0,-2.02939,2.308587,87.0933,3.2720436951268828
4096,2.02939,2.308597,86.7451,4.185578,,9355.0,-2.028832,2.30915,87.1146,3.2682027302637064
4097,2.02939,2.309161,86.7663,4.185888,,9356.0,-2.029204,2.309714,87.1358,3.2712248976478877
4098,2.02939,2.309725,86.7875,4.185888,,9357.0,-2.029204,2.310277,87.1571,3.441623482951476
4099,2.029204,2.310288,86.8086,4.186508,,9358.0,-2.028832,2.310841,87.1784,3.2418752786418312
4100,2.029204,2.310852,86.8298,4.186818,,9359.0,-2.028832,2.311405,87.1996,3.3496313033961678
4101,2.029204,2.311416,86.851,4.186818,,9360.0,-2.028832,2.311968,87.2209,3.27413823116581
4102,2.029204,2.311979,86.8722,4.187748,,9361.0,-2.028832,2.312532,87.2422,3.2636589491671213
4103,2.028832,2.312543,86.8934,4.188058,,9362.0,-2.028832,2.313095,87.2634,3.3309509682758818
4104,2.028832,2.313106,86.9145,4.188058,,9363.0,-2.028832,2.313659,87.2847,3.2864424205281315
4105,2.028832,2.31367,86.9357,4.189298,,9364.0,-2.029018,2.314223,87.3059,3.3169355413898436
4106,2.028832,2.314234,86.9569,4.189918,,9365.0,-2.029204,2.314786,87.3272,3.313411865948921
4107,2.029204,2.314797,86.9781,4.190228,,9366.0,-2.029204,2.31535,87.3485,3.285110254177851
4108,2.029204,2.315361,86.9992,4.190228,,9367.0,-2.029018,2.315913,87.3697,3.279282497635204
4109,2.028832,2.315924,87.0204,4.190228,,9368.0,-2.029204,2.316477,87.391,3.272923202710178
4110,2.028832,2.316488,87.0416,4.190228,,9369.0,-2.029204,2.317041,87.4123,3.293475588188478
4111,2.028832,2.317052,87.0628,4.190228,,9370.0,-2.029204,2.317605,87.4335,3.2151645037397145
4112,2.028832,2.317615,87.0839,4.190228,,9371.0,-2.029204,2.318168,87.4548,3.377328836834008
4113,2.028832,2.318179,87.1051,4.190228,,9372.0,-2.029204,2.318732,87.4761,3.3474885533265786
4114,2.028832,2.318742,87.1263,4.190228,,9373.0,-2.029204,2.319295,87.4973,3.3201339816102586
4115,2.029204,2.319306,87.1475,4.190228,,9374.0,-2.028832,2.319859,87.5186,3.371429549200741
4116,2.029204,2.31987,87.1686,4.190228,,9375.0,-2.028832,2.320423,87.5398,3.3060328953185176
4117,2.029204,2.320433,87.1898,4.190228,,9376.0,-2.029204,2.320986,87.5611,3.41833237983713
4118,2.029204,2.320997,87.211,4.191158,,9377.0,-2.028832,2.32155,87.5824,3.295443626968739
4119,2.028832,2.32156,87.2322,4.191778,,9378.0,-2.028832,2.322114,87.6036,3.3471289497196746
4120,2.028832,2.322124,87.2534,4.191778,,9379.0,-2.028832,2.322677,87.6249,3.162253700309375
4121,2.028832,2.322688,87.2745,4.192708,,9380.0,-2.028646,2.323241,87.6462,3.223395565987124
4122,2.028832,2.323251,87.2957,4.193018,,9381.0,-2.028646,2.323804,87.6674,3.3302269282625945
4123,2.028832,2.323815,87.3169,4.193018,,9382.0,-2.028832,2.324368,87.6887,3.282222326155646
4124,2.029018,2.324378,87.3381,4.193948,,9383.0,-2.028832,2.324931,87.7099,3.350825652955416
4125,2.029018,2.324942,87.3592,4.194569,,9384.0,-2.028832,2.325495,87.7312,3.2490254883272818
4126,2.029018,2.325505,87.3804,4.194569,,9385.0,-2.028832,2.326058,87.7525,3.3217603948335923
4127,2.029018,2.326069,87.4016,4.194569,,9386.0,-2.029018,2.326622,87.7737,3.2257479800561484
4128,2.029018,2.326633,87.4228,4.194569,,9387.0,-2.029018,2.327186,87.795,3.23894982995915
4129,2.029018,2.327196,87.444,4.194569,,9388.0,-2.028832,2.327749,87.8162,3.3056849189396775
4130,2.029018,2.32776,87.4651,4.194879,,9389.0,-2.02939,2.328313,87.8375,3.2992731641081177
4131,2.029018,2.328324,87.4863,4.194879,,9390.0,-2.02939,2.328876,87.8588,3.2899312316799403
4132,2.029018,2.328887,87.5075,4.195189,,9391.0,-2.028832,2.32944,87.88,3.3865550617877322
4133,2.029018,2.329451,87.5287,4.195189,,9392.0,-2.028832,2.330004,87.9013,3.2617130369816
4134,2.02939,2.330015,87.5499,4.195189,,9393.0,-2.028832,2.330567,87.9226,3.309399249057249
4135,2.02939,2.330578,87.571,4.195189,,9394.0,-2.028832,2.331131,87.9438,3.3703926729579052
4136,2.02939,2.331142,87.5922,4.195189,,9395.0,-2.02939,2.331695,87.9651,3.342949100918924
4137,2.02939,2.331706,87.6134,4.195498,,9396.0,-2.02939,2.332258,87.9864,3.3686207351916124
4138,2.02939,2.332269,87.6346,4.195808,,9397.0,-2.02939,2.332822,88.0076,3.3498525651106914
4139,2.02939,2.332833,87.6558,4.195808,,9398.0,-2.02939,2.333386,88.0289,3.3440185491316474
4140,2.029204,2.333397,87.6769,4.195808,,9399.0,-2.029204,2.333949,88.0502,3.287536568396129
4141,2.029204,2.333961,87.6981,4.196118,,9400.0,-2.029204,2.334513,88.0714,3.245300538642007
4142,2.029204,2.334524,87.7193,4.197049,,9401.0,-2.029018,2.335077,88.0927,3.3169514703554337
4143,2.029204,2.335088,87.7405,4.197049,,9402.0,-2.029018,2.33564,88.1139,3.158277227186114
4144,2.029204,2.335652,87.7617,4.197049,,9403.0,-2.029018,2.336204,88.1352,3.33262291285661
4145,2.029204,2.336215,87.7828,4.197049,,9404.0,-2.028832,2.336767,88.1565,3.3609077935043503
4146,2.028832,2.336779,87.804,4.197669,,9405.0,-2.029204,2.337331,88.1777,3.2645600607928347
4147,2.028832,2.337342,87.8252,4.198289,,9406.0,-2.029204,2.337895,88.199,3.2967398640791754
4148,2.029204,2.337906,87.8464,4.198289,,9407.0,-2.029204,2.338458,88.2203,3.269379139909666
4149,2.029204,2.33847,87.8675,4.198289,,9408.0,-2.02939,2.339022,88.2415,3.328349709676633
4150,2.029204,2.339033,87.8887,4.198909,,9409.0,-2.02939,2.339586,88.2628,3.2458481868869313
4151,2.029204,2.339597,87.9099,4.198909,,9410.0,-2.02939,2.34015,88.2841,3.3720841528367185
4152,2.029204,2.340161,87.9311,4.199219,,9411.0,-2.028832,2.340713,88.3053,3.3139695061999546
4153,2.02939,2.340724,87.9523,4.199839,,9412.0,-2.028832,2.341277,88.3266,3.2331559080342878
4154,2.02939,2.341288,87.9734,4.199839,,9413.0,-2.028832,2.34184,88.3478,3.3030998961989986
4155,2.02939,2.341852,87.9946,4.199839,,9414.0,-2.02939,2.342404,88.3691,3.304836233804303
4155,2.028832,2.341852,87.9946,4.200149,,9415.0,-2.02939,2.342968,88.3904,3.3259618108007336
4155,1.955357,2.341852,87.9946,4.198909,,9416.0,-2.02939,2.343531,88.4116,3.331479428563887
4160,1.955357,2.344568,88.0967,4.198599,,9417.0,-2.029204,2.344095,88.4329,3.261128518879492
4161,1.955357,2.345111,88.1171,4.198599,,9418.0,-2.029204,2.344659,88.4542,3.2876329874159915
4162,1.955357,2.345654,88.1375,4.199219,,9419.0,-2.029204,2.345222,88.4754,3.2838176740813867
4163,1.955357,2.346197,88.1579,4.199219,,9420.0,-2.028832,2.345786,88.4967,3.3269085463722448
4164,1.950335,2.346739,88.1783,4.199219,,9421.0,-2.028832,2.346349,88.518,3.3492785088492028
4165,1.944755,2.347279,88.1986,4.199219,,9422.0,-2.028832,2.346913,88.5392,3.251051092217709
4166,1.944755,2.347819,88.2189,4.199219,,9423.0,-2.028832,2.347477,88.5605,3.2946532460953035
4167,1.93843,2.348358,88.2391,4.199219,,9424.0,-2.028832,2.34804,88.5817,3.3572247695148474
4168,1.932292,2.348894,88.2593,4.199219,,9425.0,-2.028832,2.348604,88.603,3.3098254230545057
4169,1.932292,2.349431,88.2794,4.199219,,9426.0,-2.028832,2.349167,88.6243,3.2936875368465883
4170,1.924851,2.349966,88.2995,4.198909,,9427.0,-2.028832,2.349731,88.6455,3.298392150474893
4171,1.917411,2.350498,88.3195,4.198909,,9428.0,-2.028832,2.350295,88.6668,3.215311577452841
4172,1.917411,2.351031,88.3395,4.198909,,9429.0,-2.029204,2.350858,88.6881,3.290713263589406
4173,1.9109,2.351562,88.3595,4.198909,,9430.0,-2.029204,2.351422,88.7093,3.2776253450600885
4174,1.904948,2.352091,88.3794,4.198909,,9431.0,-2.029204,2.351985,88.7306,3.2884059283663696
4175,1.896764,2.352618,88.3992,4.198909,,9432.0,-2.028832,2.352549,88.7518,3.2918726322217697
4176,1.896764,2.353145,88.419,4.198909,,9433.0,-2.028832,2.353113,88.7731,3.2579116073526095
4177,1.893601,2.353671,88.4387,4.199219,,9434.0,-2.028832,2.353676,88.7944,3.286657271058351
4178,1.893601,2.354197,88.4585,4.199219,,9435.0,-2.028832,2.35424,88.8156,3.190893638076914
4179,1.888579,2.354722,88.4782,4.199219,,9436.0,-2.028832,2.354803,88.8369,3.2399069663954694
4180,1.882627,2.355244,88.4979,4.198909,,9437.0,-2.028832,2.355367,88.8582,3.2879081570250297
4181,1.87779,2.355766,88.5175,4.198909,,9438.0,-2.028832,2.355931,88.8794,3.376749835675479
4182,1.87779,2.356287,88.537,4.198909,,9439.0,-2.028832,2.356494,88.9007,3.2300429428840136
4183,1.872396,2.356808,88.5566,4.198909,,9440.0,-2.029018,2.357058,88.9219,3.2178448906367545
4184,1.872396,2.357328,88.5761,4.198909,,9441.0,-2.028832,2.357621,88.9432,3.285925685776724
4185,1.867188,2.357846,88.5956,4.198909,,9442.0,-2.028832,2.358185,88.9645,3.2874952861846345
4186,1.860491,2.358363,88.6151,4.198909,,9443.0,-2.029204,2.358748,88.9857,3.2542142419774303
4187,1.856399,2.358879,88.6344,4.199219,,9444.0,-2.029018,2.359312,89.007,3.311516055131904
4188,1.856399,2.359395,88.6538,4.199219,,9445.0,-2.029204,2.359876,89.0283,3.197035444425536
4189,1.848958,2.359908,88.6731,4.199219,,9446.0,-2.029204,2.360439,89.0495,3.237478076655194
4190,1.843936,2.36042,88.6923,4.199219,,9447.0,-2.029018,2.361003,89.0708,3.335372818656241
4191,1.843936,2.360933,88.7116,4.199219,,9448.0,-2.029018,2.361567,89.092,3.315318761223946
4192,1.838914,2.361444,88.7308,4.199219,,9449.0,-2.02939,2.36213,89.1133,3.2487752255524778
4193,1.834822,2.361953,88.7499,4.199219,,9450.0,-2.02939,2.362694,89.1346,3.19120337531555
4194,1.834822,2.362463,88.7691,4.198909,,9451.0,-2.02939,2.363258,89.1558,3.305078123710495
4195,1.829241,2.362971,88.7882,4.198909,,9452.0,-2.02939,2.363822,89.1771,3.292347275807384
4196,1.821615,2.363477,88.8072,4.198909,,9453.0,-2.028832,2.364385,89.1984,3.3351433825007653
4197,1.821615,2.363983,88.8262,4.198909,,9454.0,-2.028832,2.364949,89.2196,3.218765710014291
4198,1.818639,2.364488,88.8452,4.199219,,9455.0,-2.028832,2.365512,89.2409,3.195284182586152
4199,1.814546,2.364992,88.8641,4.199219,,9456.0,-2.028832,2.366076,89.2622,3.1749315119133255
4200,1.814546,2.365496,88.8831,4.199219,,9457.0,-2.028832,2.366639,89.2834,3.3471590596104783
4201,1.80971,2.365999,88.902,4.198909,,9458.0,-2.028832,2.367203,89.3047,3.24138935356696
4202,1.80413,2.3665,88.9208,4.198909,,9459.0,-2.028832,2.367766,89.3259,3.307931326019389
4203,1.80413,2.367001,88.9396,4.198909,,9460.0,-2.028832,2.36833,89.3472,3.267431006996176
4204,1.801711,2.367502,88.9584,4.198909,,9461.0,-2.02939,2.368894,89.3685,3.2420641346753913
4205,1.793527,2.368,88.9771,4.198909,,9462.0,-2.02939,2.369457,89.3897,3.130697694026959
4206,1.793527,2.368498,88.9959,4.198909,,9463.0,-2.02939,2.370021,89.411,3.2974522554588184
4207,1.790179,2.368995,89.0145,4.199219,,9464.0,-2.029204,2.370585,89.4323,3.21950983688955
4208,1.782552,2.36949,89.0331,4.199219,,9465.0,-2.029204,2.371149,89.4535,3.289591392018756
4209,1.782552,2.369986,89.0518,4.199219,,9466.0,-2.029204,2.371712,89.4748,3.3481870396088453
4210,1.780878,2.37048,89.0703,4.199219,,9467.0,-2.029204,2.372276,89.4961,3.2558989524357327
4211,1.77474,2.370973,89.0889,4.199219,,9468.0,-2.029204,2.372839,89.5173,3.2886548235603055
4212,1.77474,2.371466,89.1074,4.199219,,9469.0,-2.028832,2.373403,89.5386,3.2454100177355794
4213,1.769345,2.371958,89.1259,4.199219,,9470.0,-2.028832,2.373967,89.5598,3.2821707288527113
4214,1.765439,2.372448,89.1443,4.199219,,9471.0,-2.028832,2.37453,89.5811,3.296335011777819
4215,1.765439,2.372939,89.1627,4.199219,,9472.0,-2.028832,2.375094,89.6024,3.1806988804192566
4216,1.760789,2.373428,89.1811,4.199219,,9473.0,-2.028832,2.375657,89.6236,3.13976407940743
4217,1.757069,2.373916,89.1994,4.199219,,9474.0,-2.028832,2.376221,89.6449,3.308908254094156
4218,1.751488,2.374402,89.2177,4.199219,,9475.0,-2.028832,2.376785,89.6662,3.2382355945948302
4219,1.751488,2.374889,89.236,4.199219,,9476.0,-2.028832,2.377348,89.6874,3.222392167135978
4220,1.749814,2.375375,89.2542,4.199219,,9477.0,-2.028832,2.377912,89.7087,3.2260583790862976
4221,1.749814,2.375861,89.2725,4.199219,,9478.0,-2.028832,2.378475,89.7299,3.329906720194577
4222,1.740514,2.376344,89.2907,4.199219,,9479.0,-2.028832,2.379039,89.7512,3.275063846986512
4223,1.740142,2.376828,89.3088,4.199219,,9480.0,-2.028832,2.379602,89.7724,3.3099885603962282
4224,1.734561,2.37731,89.327,4.199219,,9481.0,-2.028832,2.380166,89.7937,3.2358786898768295
4225,1.734561,2.377791,89.3451,4.199219,,9482.0,-2.028832,2.380729,89.815,3.2780324472616678
4226,1.727679,2.378271,89.3631,4.199219,,9483.0,-2.028832,2.381293,89.8362,3.2400778437902935
4227,1.725447,2.378751,89.3811,4.199219,,9484.0,-2.02939,2.381857,89.8575,3.2873586898884053
4228,1.725447,2.37923,89.3991,4.199219,,9485.0,-2.02939,2.38242,89.8788,3.252509578321138
4229,1.721912,2.379708,89.4171,4.199219,,9486.0,-2.02939,2.382984,89.9,3.3771083673935656
4230,1.721912,2.380187,89.4351,4.199219,,9487.0,-2.02939,2.383548,89.9213,3.286715645054091
4231,1.71689,2.380663,89.453,4.199219,,9488.0,-2.02939,2.384112,89.9426,3.1816712797830538
4232,1.7141,2.38114,89.4709,4.199219,,9489.0,-2.02939,2.384675,89.9638,3.193015324533755
4233,1.707961,2.381614,89.4887,4.199219,,9490.0,-2.029018,2.385239,89.9851,3.2063483823749244
4234,1.707961,2.382088,89.5065,4.199219,,9491.0,-2.029018,2.385803,90.0064,3.34524282863431
4235,1.703869,2.382562,89.5243,4.199219,,9492.0,-2.028832,2.386366,90.0276,3.203530217665856
4236,1.700707,2.383034,89.5421,4.199219,,9493.0,-2.028832,2.38693,90.0489,3.2399105439643874
4237,1.700707,2.383507,89.5598,4.199219,,9494.0,-2.028832,2.387493,90.0701,3.190908325963186
4238,1.694569,2.383977,89.5775,4.199219,,9495.0,-2.02939,2.388057,90.0914,3.2777666541139205
4239,1.692708,2.384448,89.5952,4.198909,,9496.0,-2.02939,2.388621,90.1127,3.296764022639435
4240,1.692708,2.384918,89.6128,4.198909,,9497.0,-2.02939,2.389184,90.1339,3.208913862539256
4241,1.688244,2.385387,89.6304,4.198909,,9498.0,-2.029204,2.389748,90.1552,3.2308759928559576
4242,1.684524,2.385854,89.648,4.198909,,9499.0,-2.028832,2.390312,90.1765,3.2491346926277194
4243,1.684524,2.386322,89.6656,4.198909,,9500.0,-2.028832,2.390875,90.1977,3.4026026488527275
4244,1.680246,2.386789,89.6832,4.198909,,9501.0,-2.028832,2.391439,90.219,3.2744403007015186
4245,1.676711,2.387255,89.7006,4.199219,,9502.0,-2.028832,2.392002,90.2402,3.32712216761658
4246,1.676711,2.387721,89.7181,4.199219,,9503.0,-2.028832,2.392566,90.2615,3.2163874134685617
4247,1.674293,2.388186,89.7356,4.198909,,9504.0,-2.028832,2.393129,90.2828,3.295437196411478
4248,1.668155,2.388649,89.753,4.198909,,9505.0,-2.028832,2.393693,90.304,3.162784725225639
4249,1.668155,2.389112,89.7704,4.198909,,9506.0,-2.028832,2.394257,90.3253,3.2489739924573335
4250,1.666109,2.389575,89.7878,4.198909,,9507.0,-2.028832,2.39482,90.3466,3.2536854170610456
4251,1.65997,2.390036,89.8052,4.198909,,9508.0,-2.029204,2.395384,90.3678,3.3095676075358167
4252,1.65997,2.390497,89.8225,4.198909,,9509.0,-2.028832,2.395947,90.3891,3.2585833556165977
4253,1.656622,2.390958,89.8398,4.198909,,9510.0,-2.028832,2.396511,90.4103,3.2337230794499923
4254,1.653646,2.391417,89.857,4.198909,,9511.0,-2.029018,2.397074,90.4316,3.188229338030602
4255,1.653646,2.391876,89.8743,4.198909,,9512.0,-2.029018,2.397638,90.4529,3.294089572252371
4256,1.65067,2.392335,89.8915,4.199219,,9513.0,-2.029018,2.398202,90.4741,3.3017184193495064
4257,1.647694,2.392793,89.9087,4.199219,,9514.0,-2.029018,2.398765,90.4954,3.2718213056140555
4258,1.639323,2.393248,89.9258,4.199219,,9515.0,-2.028832,2.399329,90.5167,3.3002438443633926
4259,1.639323,2.393703,89.9429,4.199219,,9516.0,-2.028832,2.399893,90.5379,3.235494808034645
4260,1.636161,2.394158,89.96,4.199219,,9517.0,-2.028832,2.400456,90.5592,3.275029841891193
4261,1.636161,2.394612,89.9771,4.199219,,9518.0,-2.028832,2.40102,90.5804,3.291361746190181
4262,1.632069,2.395066,89.9941,4.199219,,9519.0,-2.028832,2.401583,90.6017,3.305600665318767
4263,1.62872,2.395518,90.0111,4.199219,,9520.0,-2.029204,2.402147,90.623,3.240904839379246
4264,1.625,2.39597,90.0281,4.199219,,9521.0,-2.029204,2.40271,90.6442,3.2356505754574103
4265,1.625,2.396421,90.0451,4.199219,,9522.0,-2.02939,2.403274,90.6655,3.2382341674063246
4266,1.621838,2.396871,90.062,4.199219,,9523.0,-2.029204,2.403838,90.6868,3.1479746437243104
4267,1.619048,2.397321,90.0789,4.199219,,9524.0,-2.02939,2.404402,90.708,3.2114356595185622
4268,1.619048,2.397771,90.0958,4.199219,,9525.0,-2.02939,2.404965,90.7293,3.192460949314049
4269,1.612537,2.398219,90.1126,4.199219,,9526.0,-2.02939,2.405529,90.7506,3.2789980361524846
4270,1.610305,2.398666,90.1294,4.199219,,9527.0,-2.02939,2.406093,90.7718,3.3194483190090507
4271,1.610305,2.399113,90.1462,4.199219,,9528.0,-2.02939,2.406657,90.7931,3.162837822310762
4272,1.605283,2.399559,90.163,4.198909,,9529.0,-2.029204,2.40722,90.8144,3.146075630766715
4273,1.601749,2.400004,90.1797,4.198909,,9530.0,-2.029204,2.407784,90.8356,3.180978501227051
4274,1.601749,2.400449,90.1964,4.198909,,9531.0,-2.029204,2.408348,90.8569,3.2502798127750654
4275,1.598958,2.400893,90.2131,4.198909,,9532.0,-2.029204,2.408911,90.8782,3.354876773808993
4276,1.593378,2.401336,90.2297,4.198909,,9533.0,-2.028832,2.409475,90.8994,3.2069344614636175
4277,1.593378,2.401778,90.2464,4.198909,,9534.0,-2.028832,2.410038,90.9207,3.2582101017566836
4278,1.591704,2.402221,90.263,4.198909,,9535.0,-2.028832,2.410602,90.9419,3.297441488345522
4279,1.587798,2.402662,90.2796,4.199219,,9536.0,-2.028832,2.411165,90.9632,3.267619160413753
4280,1.587798,2.403103,90.2961,4.199219,,9537.0,-2.028832,2.411729,90.9845,3.232399140649703
4281,1.584822,2.403543,90.3127,4.199219,,9538.0,-2.028832,2.412292,91.0057,3.261799839140357
4282,1.579241,2.403982,90.3291,4.198909,,9539.0,-2.028832,2.412856,91.027,3.2185665504402405
4283,1.579241,2.40442,90.3456,4.198909,,9540.0,-2.028832,2.41342,91.0482,3.2661488336739684
4284,1.576637,2.404858,90.3621,4.198909,,9541.0,-2.028832,2.413983,91.0695,3.2680531738195207
4285,1.572359,2.405295,90.3785,4.198909,,9542.0,-2.02939,2.414547,91.0908,3.330159773563006
4286,1.572359,2.405732,90.3949,4.198909,,9543.0,-2.02939,2.415111,91.112,3.2238623238823654
4287,1.569569,2.406168,90.4113,4.198909,,9544.0,-2.02939,2.415674,91.1333,3.2143206580191097
4288,1.566406,2.406603,90.4277,4.198909,,9545.0,-2.029204,2.416238,91.1546,3.2362377188345914
4289,1.566406,2.407038,90.444,4.198909,,9546.0,-2.029204,2.416802,91.1758,3.2174009927679776
4290,1.562128,2.407472,90.4603,4.198909,,9547.0,-2.029204,2.417366,91.1971,3.302221903115169
4291,1.55878,2.407905,90.4766,4.198909,,9548.0,-2.029204,2.417929,91.2184,3.218024129324081
4292,1.55599,2.408337,90.4928,4.198909,,9549.0,-2.029204,2.418493,91.2396,3.223562733894018
4293,1.55599,2.408769,90.509,4.199219,,9550.0,-2.029018,2.419056,91.2609,3.1730740784567395
4294,1.551525,2.4092,90.5252,4.198909,,9551.0,-2.029018,2.41962,91.2822,3.260895561870208
4295,1.547433,2.40963,90.5414,4.198909,,9552.0,-2.029018,2.420184,91.3034,3.210118758270692
4296,1.547433,2.41006,90.5575,4.198909,,9553.0,-2.028832,2.420747,91.3247,3.2747294300106784
4297,1.545573,2.41049,90.5737,4.198909,,9554.0,-2.029204,2.421311,91.3459,3.20145016234444
4298,1.545387,2.410919,90.5898,4.198909,,9555.0,-2.029204,2.421875,91.3672,3.2538887989970866
4299,1.545387,2.411348,90.6059,4.198909,,9556.0,-2.02939,2.422438,91.3885,3.157474198854898
4300,1.539249,2.411776,90.622,4.198909,,9557.0,-2.02939,2.423002,91.4097,3.26626459194262
4301,1.535156,2.412202,90.638,4.198909,,9558.0,-2.02939,2.423566,91.431,3.287187124284395
4302,1.535156,2.412628,90.654,4.198909,,9559.0,-2.028832,2.424129,91.4523,3.154431911152233
4303,1.532924,2.413054,90.67,4.198909,,9560.0,-2.028832,2.424693,91.4735,3.269667137460256
4304,1.530134,2.413479,90.686,4.198909,,9561.0,-2.028832,2.425256,91.4948,3.184066739742678
4305,1.530134,2.413904,90.702,4.198909,,9562.0,-2.028832,2.42582,91.516,3.302592398591849
4306,1.524926,2.414328,90.7179,4.198909,,9563.0,-2.029204,2.426383,91.5373,3.2196087307297616
4307,1.523252,2.414751,90.7338,4.198909,,9564.0,-2.029204,2.426947,91.5586,3.3005190200719174
4308,1.523252,2.415174,90.7497,4.198909,,9565.0,-2.029204,2.427511,91.5798,3.221004342002259
4309,1.518415,2.415596,90.7656,4.198909,,9566.0,-2.029204,2.428075,91.6011,3.28962215793407
4310,1.516369,2.416017,90.7814,4.199219,,9567.0,-2.029204,2.428638,91.6224,3.2337800344421925
4311,1.512277,2.416437,90.7972,4.199219,,9568.0,-2.029204,2.429202,91.6436,3.2522155888916164
4312,1.512277,2.416857,90.8129,4.199219,,9569.0,-2.02939,2.429766,91.6649,3.2446150159681264
4313,1.508185,2.417276,90.8287,4.199219,,9570.0,-2.02939,2.430329,91.6862,3.276431965591638
4314,1.503906,2.417694,90.8444,4.199219,,9571.0,-2.02939,2.430893,91.7074,3.2412775966367957
4315,1.503906,2.418112,90.8601,4.199219,,9572.0,-2.02939,2.431457,91.7287,3.173926597757328
4316,1.500744,2.418529,90.8757,4.199219,,9573.0,-2.02939,2.43202,91.75,3.2198364909753523
4317,1.499628,2.418945,90.8914,4.199219,,9574.0,-2.02939,2.432584,91.7712,3.2737031584602905
4318,1.499628,2.419362,90.9071,4.199219,,9575.0,-2.02939,2.433148,91.7925,3.269054544834634
4319,1.497396,2.419778,90.9227,4.198909,,9576.0,-2.02939,2.433712,91.8138,3.110440548736317
4320,1.491072,2.420192,90.9382,4.198909,,9577.0,-2.028832,2.434275,91.835,3.2060815561380704
4321,1.491072,2.420606,90.9538,4.198909,,9578.0,-2.028832,2.434839,91.8563,3.2232167711575452
4322,1.489955,2.42102,90.9694,4.198909,,9579.0,-2.028832,2.435402,91.8776,3.182733291154885
4323,1.485677,2.421433,90.9849,4.198909,,9580.0,-2.028832,2.435966,91.8988,3.243174052981349
4324,1.485677,2.421845,91.0004,4.199219,,9581.0,-2.028832,2.43653,91.9201,3.147220586347806
4325,1.483817,2.422257,91.0159,4.199219,,9582.0,-2.028832,2.437093,91.9413,3.266644522219358
4326,1.481399,2.422669,91.0313,4.199219,,9583.0,-2.028832,2.437657,91.9626,3.2162011699417263
4327,1.481399,2.42308,91.0468,4.199219,,9584.0,-2.029204,2.43822,91.9839,3.292080722424447
4328,1.475633,2.42349,91.0622,4.199219,,9585.0,-2.029204,2.438784,92.0051,3.21725195888247
4329,1.470796,2.423899,91.0775,4.199219,,9586.0,-2.029204,2.439348,92.0264,3.2945158152566387
4330,1.470796,2.424308,91.0929,4.199219,,9587.0,-2.028832,2.439911,92.0477,3.201390128342259
4331,1.470424,2.424716,91.1082,4.198909,,9588.0,-2.028832,2.440475,92.0689,3.249653181510199
4332,1.466518,2.425123,91.1235,4.198909,,9589.0,-2.028832,2.441038,92.0902,3.274983407582609
4333,1.466518,2.425531,91.1388,4.198909,,9590.0,-2.028832,2.441602,92.1114,3.2964699749594972
4334,1.46503,2.425938,91.1541,4.198909,,9591.0,-2.028832,2.442165,92.1327,3.287444755123586
4335,1.460194,2.426343,91.1694,4.199219,,9592.0,-2.028832,2.442729,92.154,3.223601313806679
4336,1.460194,2.426749,91.1846,4.199219,,9593.0,-2.028832,2.443293,92.1752,3.2005165063741283
4337,1.456659,2.427154,91.1998,4.198909,,9594.0,-2.028832,2.443856,92.1965,3.1184247075989795
4338,1.454241,2.427557,91.215,4.199219,,9595.0,-2.028832,2.44442,92.2177,3.2272735721463013
4339,1.454241,2.427961,91.2302,4.199219,,9596.0,-2.029204,2.444983,92.239,3.205236087836398
4340,1.452381,2.428365,91.2453,4.199219,,9597.0,-2.029204,2.445547,92.2603,3.2003499183972353
4341,1.446615,2.428767,91.2604,4.199219,,9598.0,-2.029204,2.446111,92.2815,3.2512615727186978
4342,1.446615,2.429168,91.2755,4.199219,,9599.0,-2.02939,2.446674,92.3028,3.228641607815904
4343,1.442522,2.429569,91.2906,4.199219,,9600.0,-2.02939,2.447238,92.3241,3.2400909289136175
4344,1.442336,2.42997,91.3056,4.199219,,9601.0,-2.02939,2.447802,92.3453,3.272202040181116
4345,1.441034,2.43037,91.3207,4.199219,,9602.0,-2.028832,2.448365,92.3666,3.231672676287114
4346,1.441034,2.43077,91.3357,4.199219,,9603.0,-2.028832,2.448929,92.3879,3.1328021005861637
4347,1.435454,2.431169,91.3507,4.199219,,9604.0,-2.028832,2.449493,92.4091,3.1795751759081483
4348,1.431548,2.431567,91.3657,4.199219,,9605.0,-2.029204,2.450056,92.4304,3.2723701145167845
4349,1.431548,2.431964,91.3806,4.199219,,9606.0,-2.029204,2.45062,92.4517,3.137827468617252
4350,1.43006,2.432362,91.3955,4.198909,,9607.0,-2.029204,2.451184,92.4729,3.2932086005383634
4351,1.428758,2.432759,91.4104,4.198909,,9608.0,-2.029204,2.451747,92.4942,3.1693386917166326
4352,1.428758,2.433156,91.4253,4.198909,,9609.0,-2.029018,2.452311,92.5154,3.208462941350065
4353,1.425967,2.433552,91.4402,4.198909,,9610.0,-2.029018,2.452874,92.5367,3.2176062539807964
4354,1.425967,2.433948,91.4551,4.198909,,9611.0,-2.028832,2.453438,92.558,3.1563062228903758
4355,1.425781,2.434344,91.47,4.199219,,9612.0,-2.028832,2.454002,92.5792,3.2865999807339628
4356,1.417597,2.434737,91.4848,4.199219,,9613.0,-2.028832,2.454565,92.6005,3.1934482023707362
4357,1.417597,2.435131,91.4996,4.199219,,9614.0,-2.029018,2.455129,92.6218,3.3432366987801276
4358,1.416667,2.435525,91.5144,4.199219,,9615.0,-2.029204,2.455693,92.643,3.271937944904146
4359,1.412017,2.435917,91.5291,4.199219,,9616.0,-2.029204,2.456256,92.6643,3.2561865453804666
4360,1.40904,2.436308,91.5438,4.199219,,9617.0,-2.029204,2.45682,92.6855,3.097457349484761
4361,1.40904,2.4367,91.5585,4.199219,,9618.0,-2.029204,2.457383,92.7068,3.202965317121145
4362,1.407552,2.437091,91.5732,4.199219,,9619.0,-2.029204,2.457947,92.7281,3.2527632337707892
4363,1.404204,2.437481,91.5879,4.199219,,9620.0,-2.02939,2.458511,92.7493,3.1829715214214493
4364,1.404204,2.437871,91.6025,4.199219,,9621.0,-2.02939,2.459074,92.7706,3.142334928267807
4365,1.402344,2.438261,91.6172,4.199219,,9622.0,-2.02939,2.459638,92.7919,3.293091769489579
4366,1.397694,2.438649,91.6318,4.199219,,9623.0,-2.02939,2.460202,92.8131,3.1329764302662495
4367,1.397694,2.439037,91.6463,4.198909,,9624.0,-2.029204,2.460766,92.8344,3.1426468213113
4368,1.393973,2.439424,91.6609,4.198909,,9625.0,-2.029204,2.461329,92.8557,3.1079119401852244
4369,1.390439,2.439811,91.6754,4.198909,,9626.0,-2.029204,2.461893,92.8769,3.2025259463496223
4370,1.390439,2.440197,91.6899,4.198909,,9627.0,-2.029204,2.462457,92.8982,3.2009825848822198
4371,1.388207,2.440582,91.7044,4.198909,,9628.0,-2.029204,2.46302,92.9195,3.2456939460304812
4372,1.388021,2.440968,91.7189,4.198909,,9629.0,-2.029018,2.463584,92.9407,3.1352042728839753
4373,1.388021,2.441353,91.7334,4.198909,,9630.0,-2.028832,2.464148,92.962,3.251870262073114
4374,1.386347,2.441738,91.7478,4.199219,,9631.0,-2.028832,2.464711,92.9833,3.1942543860949995
4375,1.382069,2.442122,91.7623,4.199219,,9632.0,-2.028832,2.465275,93.0045,3.0558497109890124
4376,1.382069,2.442506,91.7767,4.199219,,9633.0,-2.028832,2.465838,93.0258,3.156191257957415
4377,1.377418,2.442889,91.7911,4.199219,,9634.0,-2.028832,2.466402,93.047,3.207202069114771
4378,1.376116,2.443271,91.8054,4.198909,,9635.0,-2.028832,2.466965,93.0683,3.189030719747629
4379,1.376116,2.443653,91.8198,4.198909,,9636.0,-2.028832,2.467529,93.0896,3.183999176129639
4380,1.37314,2.444035,91.8341,4.199219,,9637.0,-2.028832,2.468092,93.1108,3.1935864924075847
4381,1.369792,2.444415,91.8484,4.199219,,9638.0,-2.029204,2.468656,93.1321,3.222619504728183
4382,1.369234,2.444796,91.8627,4.199219,,9639.0,-2.029204,2.46922,93.1534,3.1912687549038385
4383,1.369234,2.445176,91.877,4.199219,,9640.0,-2.029204,2.469784,93.1746,3.1702289117501925
4384,1.363839,2.445555,91.8913,4.199219,,9641.0,-2.02939,2.470347,93.1959,3.0603072622586076
4385,1.363839,2.445934,91.9055,4.199219,,9642.0,-2.02939,2.470911,93.2171,3.164337544586737
4386,1.363281,2.446312,91.9197,4.198909,,9643.0,-2.02939,2.471475,93.2384,3.1770048347216346
4387,1.358817,2.44669,91.9339,4.199219,,9644.0,-2.029018,2.472038,93.2597,3.2019875563868676
4388,1.358817,2.447067,91.9481,4.199219,,9645.0,-2.028832,2.472602,93.2809,3.218420580564181
4389,1.354353,2.447443,91.9622,4.199219,,9646.0,-2.028832,2.473166,93.3022,3.1715723739836963
4390,1.353237,2.447819,91.9763,4.199219,,9647.0,-2.029018,2.473729,93.3235,3.116270138372795
4391,1.353237,2.448195,91.9905,4.199219,,9648.0,-2.028832,2.474293,93.3447,3.209611826088245
4392,1.351935,2.448571,92.0046,4.199219,,9649.0,-2.028832,2.474856,93.366,3.150254674498093
4393,1.348772,2.448946,92.0187,4.199219,,9650.0,-2.028832,2.47542,93.3872,3.224139216464237
4394,1.348772,2.44932,92.0327,4.199219,,9651.0,-2.028832,2.475983,93.4085,3.1729869812356526
4395,1.346354,2.449694,92.0468,4.199219,,9652.0,-2.029204,2.476547,93.4298,3.206322125383862
4396,1.345796,2.450068,92.0608,4.199219,,9653.0,-2.029204,2.477111,93.451,3.225932284124206
4397,1.345796,2.450442,92.0749,4.199219,,9654.0,-2.029204,2.477674,93.4723,3.204363618575072
4398,1.343192,2.450815,92.0889,4.199219,,9655.0,-2.029204,2.478238,93.4936,3.199553679221505
4399,1.338542,2.451187,92.1029,4.199219,,9656.0,-2.029204,2.478802,93.5148,3.2030792235439374
4400,1.334635,2.451557,92.1168,4.199219,,9657.0,-2.029204,2.479365,93.5361,3.196244696505198
4401,1.334635,2.451928,92.1307,4.199219,,9658.0,-2.028832,2.479929,93.5574,3.156209689623022
4402,1.332961,2.452298,92.1446,4.199219,,9659.0,-2.028832,2.480492,93.5786,3.22350316472519
4403,1.329055,2.452668,92.1585,4.199219,,9660.0,-2.028832,2.481056,93.5999,3.1557944904805946
4404,1.329055,2.453037,92.1724,4.199219,,9661.0,-2.028832,2.48162,93.6211,3.1921977763079425
4405,1.328497,2.453406,92.1862,4.199219,,9662.0,-2.028832,2.482183,93.6424,3.165711689141839
4406,1.324219,2.453774,92.2001,4.199219,,9663.0,-2.028832,2.482747,93.6637,3.1240099222587987
4407,1.324219,2.454142,92.2139,4.199219,,9664.0,-2.028832,2.48331,93.6849,3.131205269776989
4408,1.322359,2.454509,92.2277,4.199219,,9665.0,-2.028832,2.483874,93.7062,3.1413443844591935
4409,1.321615,2.454876,92.2415,4.199219,,9666.0,-2.028832,2.484437,93.7274,3.151513436982588
4410,1.321615,2.455243,92.2553,4.199219,,9667.0,-2.028832,2.485001,93.7487,3.1648040727986624
4411,1.319197,2.45561,92.2691,4.199219,,9668.0,-2.028832,2.485564,93.77,3.136726764600453
4412,1.313616,2.455974,92.2828,4.199219,,9669.0,-2.02939,2.486128,93.7912,3.2096585527043766
4413,1.313616,2.456339,92.2965,4.199219,,9670.0,-2.02939,2.486692,93.8125,3.2649010924223183
4414,1.313058,2.456704,92.3102,4.199219,,9671.0,-2.02939,2.487256,93.8338,3.136557100695707
4415,1.310454,2.457068,92.3239,4.199219,,9672.0,-2.029204,2.487819,93.855,3.1433614490645754
4416,1.310454,2.457432,92.3375,4.199219,,9673.0,-2.029204,2.488383,93.8763,3.2297738126150275
4417,1.305618,2.457795,92.3512,4.199219,,9674.0,-2.029204,2.488947,93.8976,3.1378106906530974
4418,1.304316,2.458157,92.3648,4.199219,,9675.0,-2.028832,2.48951,93.9188,3.129001635189724
4419,1.304316,2.458519,92.3784,4.199219,,9676.0,-2.029204,2.490074,93.9401,3.177081430064941
4420,1.301339,2.458881,92.392,4.199219,,9677.0,-2.029204,2.490638,93.9613,3.1949967351729773
4421,1.300781,2.459242,92.4055,4.199219,,9678.0,-2.029018,2.491201,93.9826,3.14587855176381
4422,1.300781,2.459604,92.4191,4.199219,,9679.0,-2.029204,2.491765,94.0039,3.1822602722124667
4423,1.296317,2.459964,92.4327,4.199219,,9680.0,-2.029204,2.492328,94.0251,3.2078131071059612
4424,1.294085,2.460323,92.4462,4.199219,,9681.0,-2.029204,2.492892,94.0464,3.1501662546937137
4425,1.294085,2.460683,92.4597,4.198909,,9682.0,-2.02939,2.493456,94.0677,3.220344830389371
4426,1.292597,2.461042,92.4732,4.199219,,9683.0,-2.02939,2.49402,94.0889,3.143007800621065
4427,1.291667,2.461401,92.4866,4.198909,,9684.0,-2.02939,2.494583,94.1102,3.1706731634644796
4428,1.291667,2.461759,92.5001,4.198909,,9685.0,-2.029204,2.495147,94.1315,3.1865040009461385
4429,1.287017,2.462117,92.5136,4.199219,,9686.0,-2.029204,2.495711,94.1527,3.1786966381967985
4430,1.2859,2.462474,92.527,4.199219,,9687.0,-2.029204,2.496274,94.174,3.228549692951323
4431,1.2859,2.462831,92.5404,4.199219,,9688.0,-2.029204,2.496838,94.1953,3.1724093518477408
4432,1.282738,2.463187,92.5538,4.199219,,9689.0,-2.029204,2.497402,94.2165,3.053614928041416
4433,1.280692,2.463543,92.5672,4.199219,,9690.0,-2.029204,2.497965,94.2378,3.1632764520201584
4434,1.280692,2.463899,92.5805,4.199219,,9691.0,-2.029204,2.498529,94.2591,3.1815895310176754
4435,1.277716,2.464254,92.5939,4.199219,,9692.0,-2.028832,2.499093,94.2803,3.1451642786448475
4436,1.275112,2.464608,92.6072,4.199219,,9693.0,-2.028832,2.499656,94.3016,3.1463815469645287
4437,1.275112,2.464962,92.6205,4.199219,,9694.0,-2.028832,2.50022,94.3228,3.159634221162168
4438,1.274182,2.465316,92.6338,4.199219,,9695.0,-2.028832,2.500783,94.3441,3.1451913591600666
4439,1.270647,2.465669,92.647,4.198909,,9696.0,-2.028832,2.501347,94.3654,3.1604235630867787
4440,1.270647,2.466022,92.6603,4.198909,,9697.0,-2.028832,2.50191,94.3866,3.1326431969868973
4441,1.269717,2.466375,92.6736,4.198909,,9698.0,-2.029204,2.502474,94.4079,3.2088682535854836
4442,1.265997,2.466727,92.6868,4.198909,,9699.0,-2.029204,2.503038,94.4292,3.170789568374947
4443,1.265439,2.467078,92.7,4.198909,,9700.0,-2.029204,2.503601,94.4504,3.103016513048228
4444,1.265439,2.467429,92.7132,4.199219,,9701.0,-2.029204,2.504165,94.4717,3.1791819048794063
4445,1.263579,2.46778,92.7264,4.199219,,9702.0,-2.029204,2.504729,94.493,3.0399148658211965
4446,1.263579,2.468132,92.7396,4.199219,,9703.0,-2.029204,2.505292,94.5142,3.120617771956861
4447,1.260045,2.468482,92.7527,4.199219,,9704.0,-2.029204,2.505856,94.5355,3.2126880133157494
4448,1.256883,2.468831,92.7658,4.199219,,9705.0,-2.029204,2.50642,94.5567,3.212146847591689
4449,1.256883,2.46918,92.7789,4.199219,,9706.0,-2.029204,2.506983,94.578,3.135898906307626
4450,1.25651,2.469529,92.7921,4.199219,,9707.0,-2.029204,2.507547,94.5993,3.1170998572134465
4451,1.251302,2.469876,92.8051,4.199219,,9708.0,-2.029204,2.508111,94.6205,3.0595877416631203
4452,1.250744,2.470224,92.8182,4.199219,,9709.0,-2.029204,2.508674,94.6418,3.1297139361058925
4453,1.250744,2.470571,92.8312,4.199219,,9710.0,-2.028832,2.509238,94.6631,3.1201223965548723
4454,1.249442,2.470918,92.8443,4.199219,,9711.0,-2.028832,2.509802,94.6843,3.1750140994997524
4455,1.247024,2.471265,92.8573,4.199219,,9712.0,-2.028832,2.510365,94.7056,3.131898440548245
4456,1.247024,2.471611,92.8703,4.199219,,9713.0,-2.028832,2.510929,94.7268,3.1124831585304107
4457,1.243862,2.471956,92.8833,4.199219,,9714.0,-2.028832,2.511492,94.7481,3.1649192706299374
4458,1.241258,2.472301,92.8962,4.199219,,9715.0,-2.028832,2.512056,94.7694,3.190147738102947
4459,1.241258,2.472646,92.9092,4.199219,,9716.0,-2.028832,2.512619,94.7906,3.1597775457528225
4460,1.240142,2.472991,92.9221,4.198909,,9717.0,-2.028832,2.513183,94.8119,3.0891430462940335
4461,1.237723,2.473335,92.9351,4.198909,,9718.0,-2.029204,2.513747,94.8332,3.163493017064654
4462,1.237723,2.473678,92.948,4.198909,,9719.0,-2.029204,2.51431,94.8544,3.0473848183734384
4463,1.235305,2.474021,92.9609,4.198909,,9720.0,-2.029204,2.514874,94.8757,3.115616688259581
4464,1.231399,2.474364,92.9737,4.198909,,9721.0,-2.029204,2.515438,94.8969,3.1599867446306855
4465,1.231399,2.474705,92.9866,4.199219,,9722.0,-2.028832,2.516001,94.9182,3.1327846430941957
4466,1.230655,2.475047,92.9994,4.199219,,9723.0,-2.028832,2.516565,94.9395,3.1435459518647693
4467,1.228795,2.475389,93.0123,4.198909,,9724.0,-2.028832,2.517128,94.9607,3.123402869593806
4468,1.228795,2.47573,93.0251,4.198909,,9725.0,-2.028832,2.517692,94.982,3.13966254101747
4469,1.22526,2.47607,93.0379,4.198909,,9726.0,-2.028832,2.518255,95.0033,3.112767942296755
4470,1.223214,2.47641,93.0506,4.199219,,9727.0,-2.029204,2.518819,95.0245,3.1029618193438466
4471,1.223214,2.47675,93.0634,4.199219,,9728.0,-2.02939,2.519383,95.0458,3.049652010389685
4472,1.220982,2.477089,93.0761,4.199219,,9729.0,-2.02939,2.519947,95.0671,3.139258126682069
4473,1.219122,2.477428,93.0889,4.199219,,9730.0,-2.02939,2.52051,95.0883,3.17973800859672
4474,1.219122,2.477767,93.1016,4.199219,,9731.0,-2.029204,2.521074,95.1096,3.1965809032562933
4475,1.217076,2.478105,93.1143,4.199219,,9732.0,-2.029204,2.521638,95.1309,3.178224040685143
4476,1.214844,2.478442,93.127,4.198909,,9733.0,-2.029204,2.522201,95.1521,3.1161835025744202
4477,1.212054,2.478779,93.1396,4.198909,,9734.0,-2.029204,2.522765,95.1734,3.1361525407236774
4478,1.212054,2.479115,93.1523,4.198909,,9735.0,-2.028832,2.523329,95.1946,3.1025968787344844
4479,1.21038,2.479451,93.1649,4.198909,,9736.0,-2.028832,2.523892,95.2159,3.1560695701316654
4480,1.21038,2.479788,93.1776,4.198909,,9737.0,-2.028832,2.524456,95.2372,3.083941002797178
4481,1.209635,2.480124,93.1902,4.199219,,9738.0,-2.028832,2.525019,95.2584,3.1827554883549483
4482,1.206473,2.480459,93.2028,4.199219,,9739.0,-2.028832,2.525583,95.2797,3.0705654856671774
4483,1.206101,2.480794,93.2154,4.199219,,9740.0,-2.028832,2.526146,95.3009,3.0899828926213857
4484,1.206101,2.481129,93.2279,4.199219,,9741.0,-2.02939,2.52671,95.3222,3.0587521878464474
4485,1.201265,2.481463,93.2405,4.198909,,9742.0,-2.02939,2.527274,95.3435,3.113581110812528
4486,1.199777,2.481796,93.253,4.198909,,9743.0,-2.028832,2.527837,95.3647,3.1150918684616133
4487,1.199777,2.482129,93.2655,4.198909,,9744.0,-2.028832,2.528401,95.386,3.01279574852162
4488,1.198475,2.482462,93.278,4.198909,,9745.0,-2.028832,2.528965,95.4073,3.085051216904703
4489,1.197917,2.482795,93.2905,4.199219,,9746.0,-2.028832,2.529528,95.4285,3.1056656709737935
4490,1.197917,2.483128,93.303,4.199219,,9747.0,-2.028832,2.530092,95.4498,3.1712120476183774
4491,1.195685,2.48346,93.3155,4.199219,,9748.0,-2.028832,2.530655,95.471,2.996249174547998
4492,1.191592,2.483791,93.328,4.199219,,9749.0,-2.029204,2.531219,95.4923,3.0624237155580203
4493,1.191592,2.484122,93.3404,4.199219,,9750.0,-2.028832,2.531782,95.5136,3.0844913098110927
4494,1.189174,2.484452,93.3528,4.199219,,9751.0,-2.028832,2.532346,95.5348,3.174921126416036
4495,1.188802,2.484782,93.3652,4.199219,,9752.0,-2.029204,2.53291,95.5561,3.1896566274579787
4496,1.188802,2.485112,93.3776,4.199219,,9753.0,-2.029204,2.533473,95.5774,3.0805005962320733
4497,1.184338,2.485441,93.39,4.199219,,9754.0,-2.029204,2.534037,95.5986,3.0528298231695525
4498,1.183408,2.48577,93.4023,4.199219,,9755.0,-2.02939,2.534601,95.6199,3.0428295900884477
4499,1.183408,2.486099,93.4147,4.199219,,9756.0,-2.029204,2.535164,95.6412,3.057040095230681
4500,1.18099,2.486427,93.427,4.199219,,9757.0,-2.029204,2.535728,95.6624,3.055399023269839
4501,1.179874,2.486755,93.4393,4.199219,,9758.0,-2.028832,2.536292,95.6837,2.993002521493285
4502,1.179874,2.487082,93.4516,4.199219,,9759.0,-2.028832,2.536855,95.7049,3.0392672181056177
4503,1.177269,2.487409,93.4639,4.199219,,9760.0,-2.028832,2.537419,95.7262,3.0455328193887072
4504,1.174851,2.487736,93.4762,4.199219,,9761.0,-2.028832,2.537982,95.7475,3.1228030507476063
4505,1.174851,2.488062,93.4885,4.199219,,9762.0,-2.02939,2.538546,95.7687,3.147145235664206
4506,1.173177,2.488388,93.5007,4.198909,,9763.0,-2.02939,2.53911,95.79,3.1730178771951634
4507,1.170945,2.488713,93.5129,4.198909,,9764.0,-2.02939,2.539673,95.8113,3.192941567447617
4508,1.169457,2.489038,93.5251,4.198909,,9765.0,-2.028832,2.540237,95.8325,3.0857767311499678
4509,1.169457,2.489363,93.5373,4.198909,,9766.0,-2.028832,2.540801,95.8538,3.0603418271775285
4510,1.167039,2.489687,93.5495,4.199219,,9767.0,-2.028832,2.541364,95.8751,3.018645260958758
4511,1.167039,2.490011,93.5617,4.199219,,9768.0,-2.028832,2.541928,95.8963,3.124957747212074
4512,1.165365,2.490335,93.5739,4.199219,,9769.0,-2.028832,2.542491,95.9176,3.142363897638493
4513,1.164621,2.490659,93.586,4.199219,,9770.0,-2.028832,2.543055,95.9388,3.03176658161797
4514,1.161272,2.490981,93.5981,4.199219,,9771.0,-2.028832,2.543618,95.9601,3.1327403841406074
4515,1.161272,2.491304,93.6103,4.199219,,9772.0,-2.028832,2.544182,95.9813,3.1030450947070283
4516,1.161086,2.491626,93.6224,4.198909,,9773.0,-2.028832,2.544745,96.0026,3.0336387682769588
4517,1.157924,2.491948,93.6345,4.198909,,9774.0,-2.029018,2.545309,96.0239,3.095732330293007
4518,1.157924,2.49227,93.6465,4.198909,,9775.0,-2.029018,2.545873,96.0451,3.088352867891423
4519,1.155878,2.492591,93.6586,4.198909,,9776.0,-2.029204,2.546436,96.0664,3.0659635168449912
4520,1.15532,2.492912,93.6707,4.199219,,9777.0,-2.029204,2.547,96.0877,3.087237297899109
4521,1.15532,2.493232,93.6827,4.199219,,9778.0,-2.028832,2.547564,96.1089,3.074696460988104
4522,1.153274,2.493553,93.6948,4.199219,,9779.0,-2.028832,2.548127,96.1302,3.018021412373876
4523,1.152716,2.493873,93.7068,4.199219,,9780.0,-2.028832,2.548691,96.1515,2.9487697015486374
4524,1.152716,2.494193,93.7188,4.199219,,9781.0,-2.029018,2.549254,96.1727,3.102813474828983
4525,1.14974,2.494513,93.7308,4.199219,,9782.0,-2.029018,2.549818,96.194,3.0456358703309294
4526,1.146763,2.494831,93.7428,4.199219,,9783.0,-2.029204,2.550382,96.2152,3.0609340886454754
4527,1.146763,2.49515,93.7548,4.198909,,9784.0,-2.029018,2.550945,96.2365,3.053457087149341
4528,1.146019,2.495468,93.7667,4.198909,,9785.0,-2.029018,2.551509,96.2578,3.0376421656922714
4529,1.143601,2.495786,93.7787,4.198909,,9786.0,-2.028832,2.552073,96.279,3.005548524909659
4530,1.143601,2.496103,93.7906,4.199219,,9787.0,-2.028832,2.552636,96.3003,3.0486408150114253
4531,1.140253,2.49642,93.8025,4.199219,,9788.0,-2.028832,2.5532,96.3215,3.080875052344725
4532,1.140253,2.496737,93.8144,4.199219,,9789.0,-2.028832,2.553763,96.3428,3.0151185993262968
4533,1.137091,2.497053,93.8263,4.199219,,9790.0,-2.029204,2.554327,96.3641,3.1384057776284005
4534,1.135603,2.497368,93.8381,4.199219,,9791.0,-2.029204,2.55489,96.3853,3.084061148263742
4535,1.135603,2.497684,93.85,4.199219,,9792.0,-2.029204,2.555454,96.4066,3.060930209334425
4536,1.134115,2.497999,93.8618,4.199219,,9793.0,-2.029018,2.556018,96.4279,3.055022964758296
4537,1.133929,2.498314,93.8737,4.199219,,9794.0,-2.029018,2.556581,96.4491,3.104449461427209
4538,1.133371,2.498628,93.8855,4.199219,,9795.0,-2.029018,2.557145,96.4704,3.0703562815294165
4539,1.133371,2.498943,93.8973,4.199219,,9796.0,-2.029204,2.557709,96.4917,3.0886056826094777
4540,1.128906,2.499257,93.9091,4.199219,,9797.0,-2.029204,2.558272,96.5129,3.108445765665212
4541,1.127232,2.49957,93.9209,4.199219,,9798.0,-2.029204,2.558836,96.5342,3.0177204649822067
4542,1.127232,2.499883,93.9326,4.199219,,9799.0,-2.029204,2.5594,96.5555,3.150216595487053
4543,1.126488,2.500196,93.9444,4.199219,,9800.0,-2.029204,2.559963,96.5767,2.9847383613758653
4544,1.123698,2.500508,93.9561,4.199219,,9801.0,-2.029018,2.560527,96.598,3.0623165946920348
4545,1.123698,2.50082,93.9678,4.199219,,9802.0,-2.029018,2.56109,96.6192,3.0239223846010788
4546,1.122768,2.501132,93.9796,4.199219,,9803.0,-2.029018,2.561654,96.6405,3.121336270627024
4547,1.12035,2.501443,93.9912,4.199219,,9804.0,-2.029204,2.562218,96.6618,3.0640275477248315
4548,1.12035,2.501755,94.0029,4.199219,,9805.0,-2.029204,2.562782,96.683,3.0206967299667262
4549,1.11756,2.502065,94.0146,4.199219,,9806.0,-2.02939,2.563345,96.7043,3.1480901479974537
4550,1.115327,2.502375,94.0263,4.199219,,9807.0,-2.02939,2.563909,96.7256,3.043055178240075
4551,1.115327,2.502685,94.0379,4.199219,,9808.0,-2.02939,2.564473,96.7468,3.080592367277436
4552,1.115142,2.502994,94.0495,4.199219,,9809.0,-2.02939,2.565036,96.7681,3.0239939368047937
4553,1.113839,2.503304,94.0612,4.199219,,9810.0,-2.02939,2.5656,96.7894,3.067958496445844
4554,1.109189,2.503612,94.0727,4.199219,,9811.0,-2.029204,2.566164,96.8106,3.106203519883108
4555,1.109189,2.50392,94.0843,4.198909,,9812.0,-2.029204,2.566727,96.8319,2.960322295178872
4556,1.108631,2.504228,94.0959,4.198909,,9813.0,-2.029204,2.567291,96.8532,2.95952431821888
4557,1.107887,2.504536,94.1074,4.199219,,9814.0,-2.029204,2.567855,96.8744,2.936909261208652
4558,1.107887,2.504843,94.119,4.199219,,9815.0,-2.029204,2.568419,96.8957,3.053969391843928
4559,1.105841,2.505151,94.1305,4.199219,,9816.0,-2.029204,2.568982,96.917,3.0540604255692685
4560,1.105841,2.505458,94.1421,4.199219,,9817.0,-2.028832,2.569546,96.9382,2.928622278896154
4561,1.103609,2.505764,94.1536,4.198909,,9818.0,-2.028832,2.570109,96.9595,2.9724165978688073
4562,1.101563,2.50607,94.1651,4.198909,,9819.0,-2.028832,2.570673,96.9807,2.991684758184188
4563,1.101563,2.506376,94.1766,4.198909,,9820.0,-2.028832,2.571236,97.002,3.1663324867526117
4564,1.101005,2.506682,94.1881,4.198909,,9821.0,-2.028832,2.5718,97.0233,3.073820355914516
4565,1.098958,2.506987,94.1996,4.198909,,9822.0,-2.028832,2.572363,97.0445,3.0363899520786255
4566,1.098958,2.507293,94.211,4.198909,,9823.0,-2.028832,2.572927,97.0658,3.0495787002815216
4567,1.096726,2.507597,94.2225,4.198909,,9824.0,-2.028832,2.573491,97.087,3.01155160084876
4568,1.093192,2.507901,94.2339,4.198909,,9825.0,-2.028832,2.574054,97.1083,3.0000217029626537
4569,1.093192,2.508205,94.2453,4.198909,,9826.0,-2.028832,2.574618,97.1296,3.0270360589328704
4570,1.09189,2.508508,94.2567,4.198909,,9827.0,-2.028832,2.575181,97.1508,2.975459978575784
4571,1.088542,2.50881,94.2681,4.198909,,9828.0,-2.028832,2.575745,97.1721,2.9559687108448123
4572,1.088542,2.509113,94.2794,4.198909,,9829.0,-2.02939,2.576308,97.1934,3.049525931206672
4573,1.088542,2.509415,94.2908,4.198909,,9830.0,-2.02939,2.576872,97.2146,2.969324987062734
4574,1.087612,2.509717,94.3021,4.199219,,9831.0,-2.02939,2.577436,97.2359,2.998629828942601
4575,1.085938,2.510019,94.3135,4.199219,,9832.0,-2.02939,2.578,97.2572,2.9508462904008614
4576,1.085938,2.51032,94.3248,4.199219,,9833.0,-2.02939,2.578563,97.2784,2.952292581876891
4577,1.082961,2.510621,94.3361,4.199219,,9834.0,-2.028832,2.579127,97.2997,2.9920235314511094
4578,1.082589,2.510922,94.3474,4.198909,,9835.0,-2.02939,2.579691,97.321,3.003020747041766
4579,1.082589,2.511223,94.3587,4.198909,,9836.0,-2.028832,2.580254,97.3422,3.0412964416867188
4580,1.080915,2.511523,94.37,4.198909,,9837.0,-2.028832,2.580818,97.3635,2.982772481184978
4581,1.079799,2.511823,94.3813,4.199219,,9838.0,-2.028832,2.581382,97.3847,3.015649375370211
4582,1.079799,2.512123,94.3925,4.199219,,9839.0,-2.028832,2.581945,97.406,2.977907554015497
4583,1.079241,2.512423,94.4038,4.199219,,9840.0,-2.028832,2.582509,97.4273,3.011013548250741
4584,1.075149,2.512721,94.415,4.199219,,9841.0,-2.028832,2.583072,97.4485,2.9249490428073486
4585,1.075149,2.51302,94.4262,4.199219,,9842.0,-2.028832,2.583636,97.4698,2.933874034790344
4586,1.073103,2.513318,94.4374,4.199219,,9843.0,-2.028832,2.584199,97.491,3.0159350970886845
4587,1.071243,2.513616,94.4486,4.199219,,9844.0,-2.028832,2.584763,97.5123,2.9889320730981668
4588,1.071243,2.513913,94.4598,4.199219,,9845.0,-2.028832,2.585326,97.5336,3.037569142103979
4589,1.069383,2.51421,94.471,4.199219,,9846.0,-2.028832,2.58589,97.5548,2.9905345381232737
4590,1.067522,2.514507,94.4821,4.199219,,9847.0,-2.028832,2.586453,97.5761,2.922501225715933
4591,1.067522,2.514803,94.4933,4.199219,,9848.0,-2.02939,2.587017,97.5974,2.99847732593288
4592,1.06715,2.5151,94.5044,4.198909,,9849.0,-2.028832,2.587581,97.6186,3.047737029376909
4593,1.066592,2.515396,94.5155,4.199219,,9850.0,-2.028832,2.588144,97.6399,2.904664935050839
4594,1.066592,2.515692,94.5266,4.199219,,9851.0,-2.029204,2.588708,97.6611,2.9248773409712316
4595,1.065104,2.515988,94.5378,4.199219,,9852.0,-2.029204,2.589272,97.6824,2.9623687811332706
4596,1.063802,2.516284,94.5489,4.199219,,9853.0,-2.028832,2.589835,97.7037,2.9769314629342447
4597,1.063802,2.516579,94.56,4.199219,,9854.0,-2.028832,2.590399,97.7249,2.9114211845335367
4598,1.060082,2.516874,94.571,4.199219,,9855.0,-2.028832,2.590962,97.7462,3.0185925671783536
4599,1.059524,2.517168,94.5821,4.199219,,9856.0,-2.028832,2.591526,97.7674,2.9329460582863347
4600,1.059524,2.517462,94.5932,4.199219,,9857.0,-2.028832,2.592089,97.7887,3.0338861517679785
4601,1.057478,2.517756,94.6042,4.198909,,9858.0,-2.028832,2.592653,97.81,3.0582742581786277
4602,1.053571,2.518049,94.6152,4.199219,,9859.0,-2.028832,2.593217,97.8312,3.0300146393661493
4603,1.053571,2.518341,94.6262,4.199219,,9860.0,-2.028832,2.59378,97.8525,2.930371623668167
4604,1.053013,2.518634,94.6372,4.198909,,9861.0,-2.028832,2.594344,97.8738,2.9317441550739045
4605,1.052269,2.518926,94.6482,4.199219,,9862.0,-2.028832,2.594907,97.895,2.9445263471119527
4606,1.052269,2.519218,94.6591,4.199219,,9863.0,-2.028832,2.595471,97.9163,2.978511743869149
4607,1.052269,2.519511,94.6701,4.199219,,9864.0,-2.029018,2.596035,97.9375,3.107310436170918
4608,1.047433,2.519802,94.6811,4.199219,,9865.0,-2.029018,2.596598,97.9588,2.982704238082392
4609,1.046875,2.520092,94.692,4.199219,,9866.0,-2.028832,2.597162,97.9801,2.9450154645636064
4610,1.046875,2.520383,94.7029,4.199219,,9867.0,-2.028832,2.597725,98.0013,2.8436278468869576
4611,1.046503,2.520674,94.7138,4.199219,,9868.0,-2.028832,2.598289,98.0226,2.914998438482003
4612,1.046503,2.520965,94.7248,4.199219,,9869.0,-2.028832,2.598852,98.0438,2.9610078890331444
4613,1.043899,2.521255,94.7357,4.199219,,9870.0,-2.028832,2.599416,98.0651,3.043101636288782
4614,1.041853,2.521544,94.7465,4.199219,,9871.0,-2.028832,2.59998,98.0864,2.8995726834687825
4615,1.041853,2.521833,94.7574,4.199219,,9872.0,-2.028832,2.600543,98.1076,2.9049613132472984
4616,1.039621,2.522122,94.7682,4.199219,,9873.0,-2.028832,2.601107,98.1289,2.9579377370546247
4617,1.038877,2.522411,94.7791,4.199219,,9874.0,-2.029204,2.60167,98.1501,2.9408095641106575
4618,1.038877,2.522699,94.7899,4.199219,,9875.0,-2.029204,2.602234,98.1714,3.0439461424736223
4619,1.038877,2.522988,94.8008,4.199219,,9876.0,-2.029204,2.602798,98.1927,2.944401266483309
4620,1.035156,2.523276,94.8116,4.199219,,9877.0,-2.029204,2.603361,98.2139,2.9845337656571997
4621,1.035156,2.523563,94.8224,4.199219,,9878.0,-2.029204,2.603925,98.2352,3.029875074065547
4622,1.034226,2.52385,94.8332,4.199219,,9879.0,-2.028832,2.604489,98.2565,2.8592507403073437
4623,1.033296,2.524137,94.844,4.199219,,9880.0,-2.028832,2.605052,98.2777,2.937835940028275
4624,1.033296,2.524424,94.8548,4.199219,,9881.0,-2.028832,2.605616,98.299,2.9234284981557845
4625,1.031064,2.524711,94.8655,4.199219,,9882.0,-2.028832,2.606179,98.3203,3.026862736605149
4626,1.029762,2.524997,94.8763,4.199219,,9883.0,-2.028832,2.606743,98.3415,2.9280478637692955
4627,1.029762,2.525283,94.887,4.199219,,9884.0,-2.029204,2.607306,98.3628,2.949815591302238
4628,1.029762,2.525569,94.8978,4.199219,,9885.0,-2.028832,2.60787,98.384,2.9298841112550917
4629,1.026414,2.525854,94.9085,4.199219,,9886.0,-2.028832,2.608434,98.4053,2.9370283554817647
4630,1.024554,2.526139,94.9192,4.199219,,9887.0,-2.028832,2.608997,98.4266,2.8981182278780144
4631,1.024554,2.526423,94.9299,4.199219,,9888.0,-2.028832,2.609561,98.4478,2.964689523652512
4632,1.022135,2.526707,94.9405,4.199219,,9889.0,-2.028832,2.610124,98.4691,2.9666343412206184
4633,1.022135,2.526991,94.9512,4.199219,,9890.0,-2.028832,2.610688,98.4903,3.007636250107462
4634,1.022135,2.527275,94.9619,4.199219,,9891.0,-2.028832,2.611251,98.5116,2.886706938069688
4635,1.022135,2.527559,94.9725,4.199219,,9892.0,-2.028832,2.611815,98.5329,2.869205681636446
4636,1.018229,2.527842,94.9832,4.199219,,9893.0,-2.028832,2.612379,98.5541,2.9578018806889648
4637,1.018229,2.528125,94.9938,4.199219,,9894.0,-2.028832,2.612942,98.5754,2.968228954337056
4638,1.016741,2.528407,95.0044,4.199219,,9895.0,-2.029018,2.613506,98.5967,2.939543925657555
4639,1.015067,2.528689,95.015,4.199219,,9896.0,-2.029018,2.614069,98.6179,2.9155800287921614
4640,1.015067,2.528971,95.0256,4.199219,,9897.0,-2.028832,2.614633,98.6392,2.860851397383891
4641,1.013207,2.529253,95.0362,4.199219,,9898.0,-2.028832,2.615196,98.6604,2.912157334805772
4642,1.011347,2.529533,95.0467,4.198909,,9899.0,-2.028832,2.61576,98.6817,2.895388777989283
4643,1.011347,2.529814,95.0573,4.198909,,9900.0,-2.028832,2.616324,98.703,2.9359946651168065
4644,1.009487,2.530095,95.0678,4.198909,,9901.0,-2.029204,2.616887,98.7242,2.8927194908363556
4645,1.006883,2.530374,95.0783,4.199219,,9902.0,-2.029204,2.617451,98.7455,2.887801506510674
4646,1.006883,2.530654,95.0888,4.199219,,9903.0,-2.029204,2.618015,98.7667,2.942767575994117
4647,1.006325,2.530934,95.0993,4.199219,,9904.0,-2.028832,2.618578,98.788,2.867368629762814
4648,1.004464,2.531213,95.1098,4.199219,,9905.0,-2.028832,2.619142,98.8093,3.0021223917254227
4649,1.004464,2.531492,95.1203,4.199219,,9906.0,-2.028832,2.619705,98.8305,2.898806639480466
4650,1.003348,2.53177,95.1308,4.199219,,9907.0,-2.028832,2.620269,98.8518,2.9409103762422824
4651,1.002232,2.532049,95.1412,4.199219,,9908.0,-2.028832,2.620832,98.8731,2.901509692330467
4652,1.002232,2.532327,95.1517,4.199219,,9909.0,-2.029018,2.621396,98.8943,2.887850843374244
4653,1.000372,2.532605,95.1621,4.199219,,9910.0,-2.028832,2.62196,98.9156,2.917072013649827
4654,1.0,2.532883,95.1726,4.199219,,9911.0,-2.028832,2.622523,98.9368,2.8314456842187803
4655,1.0,2.533161,95.183,4.199219,,9912.0,-2.029204,2.623087,98.9581,2.952081966670518
4656,0.999442,2.533438,95.1935,4.199219,,9913.0,-2.02939,2.623651,98.9794,2.8881816082575216
4657,0.997768,2.533715,95.2039,4.199219,,9914.0,-2.02939,2.624214,99.0006,2.8083332405433703
4658,0.997768,2.533993,95.2143,4.199219,,9915.0,-2.02939,2.624778,99.0219,2.814731480825599
4659,0.994048,2.534269,95.2247,4.199219,,9916.0,-2.02939,2.625342,99.0432,2.986650948883927
4660,0.993862,2.534545,95.235,4.199219,,9917.0,-2.02939,2.625906,99.0644,2.865455485456183
4661,0.993862,2.534821,95.2454,4.199219,,9918.0,-2.02939,2.626469,99.0857,2.841063043912506
4662,0.991816,2.535096,95.2558,4.198909,,9919.0,-2.028832,2.627033,99.107,2.7853742352031974
4663,0.989211,2.535371,95.2661,4.199219,,9920.0,-2.028832,2.627596,99.1282,2.86216195503509
4664,0.989211,2.535646,95.2764,4.199219,,9921.0,-2.028832,2.62816,99.1495,2.801975663635044
4665,0.987537,2.53592,95.2867,4.199219,,9922.0,-2.029018,2.628723,99.1707,2.9165876188396034
4666,0.986235,2.536194,95.297,4.199219,,9923.0,-2.029204,2.629287,99.192,2.8155738527301746
4667,0.985677,2.536468,95.3073,4.199219,,9924.0,-2.029204,2.629851,99.2133,3.008474684926456
4668,0.985677,2.536742,95.3176,4.199219,,9925.0,-2.029018,2.630414,99.2346,2.793473045558362
4669,0.985119,2.537015,95.3279,4.199219,,9926.0,-2.029018,2.630978,99.2558,2.8787772749172054
4670,0.982887,2.537288,95.3381,4.199219,,9927.0,-2.029018,2.631542,99.2771,2.867333172145258
4671,0.982887,2.537561,95.3484,4.199219,,9928.0,-2.029018,2.632105,99.2983,2.876753367068437
4672,0.981957,2.537834,95.3586,4.199219,,9929.0,-2.028832,2.632669,99.3196,2.8970814646177394
4673,0.981957,2.538107,95.3689,4.199219,,9930.0,-2.028832,2.633232,99.3409,2.7768340947060817
4674,0.981213,2.538379,95.3791,4.199219,,9931.0,-2.028832,2.633796,99.3621,2.8254309029718896
4675,0.980469,2.538652,95.3894,4.199219,,9932.0,-2.028832,2.63436,99.3834,2.8889837987864437
4676,0.978237,2.538924,95.3996,4.199219,,9933.0,-2.028832,2.634923,99.4046,2.8903873930431603
4677,0.978237,2.539195,95.4098,4.199219,,9934.0,-2.02939,2.635487,99.4259,2.8583949459694726
4678,0.975447,2.539466,95.42,4.199219,,9935.0,-2.028832,2.63605,99.4472,2.766144526824439
4679,0.97526,2.539737,95.4301,4.199219,,9936.0,-2.028832,2.636614,99.4684,2.856159703954554
4680,0.97526,2.540008,95.4403,4.199219,,9937.0,-2.028832,2.637177,99.4897,2.887355813582598
4681,0.971726,2.540278,95.4505,4.199219,,9938.0,-2.028832,2.637741,99.5109,2.8355076738307026
4682,0.97154,2.540548,95.4606,4.199219,,9939.0,-2.028832,2.638305,99.5322,2.7826340100832256
4683,0.97154,2.540818,95.4707,4.198909,,9940.0,-2.028832,2.638868,99.5535,2.705622868014945
4684,0.968936,2.541087,95.4809,4.198909,,9941.0,-2.029204,2.639432,99.5747,2.7959430477707463
4685,0.968936,2.541356,95.491,4.198909,,9942.0,-2.029204,2.639996,99.596,2.755938400670113
4686,0.968378,2.541625,95.5011,4.198909,,9943.0,-2.029204,2.640559,99.6173,2.8545984135921083
4687,0.967634,2.541894,95.5112,4.199219,,9944.0,-2.028832,2.641123,99.6385,2.7759716170797417
4688,0.965402,2.542162,95.5212,4.199219,,9945.0,-2.028832,2.641686,99.6598,2.873714508455662
4689,0.965402,2.54243,95.5313,4.199219,,9946.0,-2.028832,2.64225,99.681,2.8433523873806767
4690,0.963728,2.542698,95.5414,4.198909,,9947.0,-2.028832,2.642813,99.7023,2.7178120556570273
4691,0.963728,2.542966,95.5514,4.198909,,9948.0,-2.02939,2.643377,99.7236,2.8034801600636565
4692,0.963728,2.543233,95.5615,4.198909,,9949.0,-2.02939,2.643941,99.7448,2.8001657865463985
4693,0.963728,2.543501,95.5716,4.199219,,9950.0,-2.028832,2.644505,99.7661,2.789746243711265
4694,0.963728,2.543769,95.5816,4.199219,,9951.0,-2.029018,2.645068,99.7874,2.757893228702647
4695,0.96131,2.544036,95.5917,4.199219,,9952.0,-2.029018,2.645632,99.8086,2.77185069714658
4696,0.957403,2.544302,95.6016,4.199219,,9953.0,-2.028832,2.646195,99.8299,2.7181407417025865
4697,0.957031,2.544568,95.6116,4.199219,,9954.0,-2.028832,2.646759,99.8512,2.8080159630871546
4698,0.957031,2.544833,95.6216,4.198909,,9955.0,-2.028832,2.647322,99.8724,2.783572639821226
4699,0.956659,2.545099,95.6316,4.198909,,9956.0,-2.028832,2.647886,99.8937,2.6642539875051914
4700,0.955543,2.545365,95.6416,4.198909,,9957.0,-2.02939,2.64845,99.9149,2.806519799988162
4701,0.955543,2.54563,95.6516,4.198909,,9958.0,-2.02939,2.649014,99.9362,2.658621955924144
4702,0.954985,2.545895,95.6615,4.199219,,9959.0,-2.02939,2.649577,99.9575,2.7633477289950483
4703,0.951079,2.54616,95.6715,4.199219,,9960.0,-2.028832,2.650141,99.9787,2.7110234315196053
4704,0.948847,2.546423,95.6814,4.199219,,9961.0,-2.028832,2.650704,100.0,2.7538852588148344
4705,0.948847,2.546687,95.6913,4.199219,,9961.0,-2.028832,2.650704,100.0,2.722989072158379
4706,0.948475,2.54695,95.7012,4.199219,,,,,,
4707,0.948475,2.547214,95.7111,4.199219,,,,,,
4708,0.948475,2.547477,95.721,4.199219,,,,,,
4709,0.946243,2.54774,95.7308,4.199219,,,,,,
4710,0.946243,2.548003,95.7407,4.199219,,,,,,
4711,0.946057,2.548265,95.7506,4.199219,,,,,,
4712,0.94308,2.548527,95.7604,4.199219,,,,,,
4713,0.94308,2.548789,95.7703,4.199219,,,,,,
4714,0.94308,2.549051,95.7801,4.199219,,,,,,
4715,0.942708,2.549313,95.79,4.199219,,,,,,
4716,0.942708,2.549575,95.7998,4.199219,,,,,,
4717,0.940848,2.549836,95.8096,4.199219,,,,,,
4718,0.93936,2.550097,95.8194,4.198909,,,,,,
4719,0.93936,2.550358,95.8292,4.198909,,,,,,
4720,0.937686,2.550619,95.839,4.199219,,,,,,
4721,0.935082,2.550879,95.8488,4.199219,,,,,,
4722,0.933408,2.551138,95.8585,4.199219,,,,,,
4723,0.933408,2.551397,95.8683,4.199219,,,,,,
4724,0.933222,2.551656,95.878,4.199219,,,,,,
4725,0.932106,2.551915,95.8877,4.198909,,,,,,
4726,0.932106,2.552174,95.8974,4.198909,,,,,,
4727,0.93099,2.552433,95.9072,4.199219,,,,,,
4728,0.92913,2.552691,95.9169,4.199219,,,,,,
4729,0.92913,2.552949,95.9266,4.199219,,,,,,
4730,0.928013,2.553207,95.9362,4.199219,,,,,,
4731,0.926339,2.553464,95.9459,4.199219,,,,,,
4732,0.926339,2.553721,95.9556,4.199219,,,,,,
4733,0.926339,2.553979,95.9653,4.198909,,,,,,
4734,0.923735,2.554235,95.9749,4.198909,,,,,,
4735,0.922061,2.554491,95.9845,4.199219,,,,,,
4736,0.922061,2.554748,95.9941,4.199219,,,,,,
4737,0.921875,2.555004,96.0038,4.199219,,,,,,
4738,0.919271,2.555259,96.0134,4.199219,,,,,,
4739,0.919271,2.555514,96.023,4.199219,,,,,,
4740,0.918713,2.555769,96.0325,4.199219,,,,,,
4741,0.915737,2.556024,96.0421,4.199219,,,,,,
4742,0.915737,2.556278,96.0517,4.198909,,,,,,
4743,0.915737,2.556533,96.0612,4.198909,,,,,,
4744,0.915737,2.556787,96.0708,4.198909,,,,,,
4745,0.915737,2.557041,96.0803,4.198909,,,,,,
4746,0.914063,2.557295,96.0899,4.199219,,,,,,
4747,0.912202,2.557549,96.0994,4.199219,,,,,,
4748,0.912202,2.557802,96.1089,4.199219,,,,,,
4749,0.910156,2.558055,96.1184,4.199219,,,,,,
4750,0.909412,2.558307,96.1279,4.199219,,,,,,
4751,0.909412,2.55856,96.1374,4.199219,,,,,,
4752,0.907738,2.558812,96.1469,4.198909,,,,,,
4753,0.907366,2.559064,96.1563,4.199219,,,,,,
4754,0.906994,2.559316,96.1658,4.199219,,,,,,
4755,0.906994,2.559568,96.1753,4.199219,,,,,,
4756,0.904018,2.559819,96.1847,4.199219,,,,,,
4757,0.902902,2.56007,96.1941,4.199219,,,,,,
4758,0.902902,2.560321,96.2036,4.199219,,,,,,
4759,0.90253,2.560572,96.213,4.199219,,,,,,
4760,0.902344,2.560822,96.2224,4.199219,,,,,,
4761,0.902344,2.561073,96.2318,4.199219,,,,,,
4762,0.899182,2.561323,96.2412,4.199219,,,,,,
4763,0.89881,2.561572,96.2506,4.199219,,,,,,
4764,0.89881,2.561822,96.26,4.199219,,,,,,
4765,0.89788,2.562071,96.2693,4.199219,,,,,,
4766,0.89788,2.562321,96.2787,4.199219,,,,,,
4767,0.896019,2.56257,96.2881,4.199219,,,,,,
4768,0.895461,2.562819,96.2974,4.198909,,,,,,
4769,0.892113,2.563066,96.3067,4.198909,,,,,,
4770,0.892113,2.563314,96.316,4.198909,,,,,,
4771,0.891741,2.563562,96.3253,4.199219,,,,,,
4772,0.891741,2.563809,96.3346,4.199219,,,,,,
4773,0.891741,2.564057,96.3439,4.199219,,,,,,
4774,0.890253,2.564304,96.3532,4.199219,,,,,,
4775,0.887649,2.564551,96.3625,4.199219,,,,,,
4776,0.887649,2.564798,96.3718,4.199219,,,,,,
4777,0.886905,2.565044,96.381,4.199219,,,,,,
4778,0.885417,2.56529,96.3903,4.199219,,,,,,
4779,0.885417,2.565536,96.3995,4.199219,,,,,,
4780,0.884301,2.565782,96.4087,4.199219,,,,,,
4781,0.883743,2.566027,96.418,4.198909,,,,,,
4782,0.883743,2.566272,96.4272,4.198909,,,,,,
4783,0.882069,2.566518,96.4364,4.198909,,,,,,
4784,0.881138,2.566762,96.4456,4.198909,,,,,,
4785,0.881138,2.567007,96.4548,4.198909,,,,,,
4786,0.880394,2.567252,96.464,4.199219,,,,,,
4787,0.878162,2.567496,96.4732,4.199219,,,,,,
4788,0.878162,2.567739,96.4823,4.199219,,,,,,
4789,0.876674,2.567983,96.4915,4.199219,,,,,,
4790,0.876674,2.568227,96.5006,4.199219,,,,,,
4791,0.876674,2.56847,96.5098,4.199219,,,,,,
4792,0.875372,2.568713,96.5189,4.199219,,,,,,
4793,0.87407,2.568956,96.528,4.198909,,,,,,
4794,0.872582,2.569198,96.5371,4.198909,,,,,,
4795,0.872582,2.569441,96.5462,4.198909,,,,,,
4796,0.870536,2.569683,96.5553,4.198909,,,,,,
4797,0.870536,2.569924,96.5644,4.198909,,,,,,
4798,0.870536,2.570166,96.5735,4.199219,,,,,,
4799,0.870536,2.570408,96.5826,4.199219,,,,,,
4800,0.867188,2.570649,96.5916,4.199219,,,,,,
4801,0.867188,2.57089,96.6007,4.199219,,,,,,
4802,0.86663,2.571131,96.6097,4.198909,,,,,,
4803,0.864583,2.571371,96.6188,4.198909,,,,,,
4804,0.864583,2.571611,96.6278,4.198909,,,,,,
4805,0.864397,2.571851,96.6368,4.199219,,,,,,
4806,0.862909,2.572091,96.6458,4.199219,,,,,,
4807,0.862909,2.57233,96.6548,4.199219,,,,,,
4808,0.862537,2.57257,96.6638,4.199219,,,,,,
4809,0.860677,2.572809,96.6728,4.199219,,,,,,
4810,0.860677,2.573048,96.6818,4.199219,,,,,,
4811,0.858631,2.573287,96.6907,4.199219,,,,,,
4812,0.857515,2.573525,96.6997,4.199219,,,,,,
4813,0.857515,2.573763,96.7086,4.199219,,,,,,
4814,0.856771,2.574001,96.7176,4.199219,,,,,,
4815,0.855841,2.574239,96.7265,4.199219,,,,,,
4816,0.855841,2.574476,96.7355,4.199219,,,,,,
4817,0.853795,2.574714,96.7444,4.198909,,,,,,
4818,0.853237,2.574951,96.7533,4.198909,,,,,,
4819,0.853237,2.575188,96.7622,4.198909,,,,,,
4820,0.853423,2.575425,96.7711,4.198909,,,,,,
4821,0.852679,2.575661,96.78,4.198909,,,,,,
4822,0.852679,2.575898,96.7889,4.198909,,,,,,
4823,0.851749,2.576135,96.7978,4.199219,,,,,,
4824,0.849144,2.576371,96.8066,4.199219,,,,,,
4825,0.849144,2.576607,96.8155,4.199219,,,,,,
4826,0.848958,2.576843,96.8244,4.199219,,,,,,
4827,0.846354,2.577078,96.8332,4.199219,,,,,,
4828,0.84561,2.577312,96.842,4.199219,,,,,,
4829,0.84561,2.577548,96.8509,4.199219,,,,,,
4830,0.84468,2.577782,96.8597,4.199219,,,,,,
4831,0.843192,2.578016,96.8685,4.199219,,,,,,
4832,0.843192,2.57825,96.8773,4.199219,,,,,,
4833,0.84189,2.578484,96.886,4.199219,,,,,,
4834,0.841518,2.578718,96.8948,4.199219,,,,,,
4835,0.841518,2.578952,96.9036,4.199219,,,,,,
4836,0.839658,2.579185,96.9124,4.199219,,,,,,
4837,0.838728,2.579418,96.9211,4.199219,,,,,,
4838,0.838728,2.579651,96.9299,4.199219,,,,,,
4839,0.83724,2.579884,96.9386,4.199219,,,,,,
4840,0.836682,2.580116,96.9474,4.199219,,,,,,
4841,0.836682,2.580348,96.9561,4.199219,,,,,,
4842,0.835566,2.58058,96.9648,4.199219,,,,,,
4843,0.834635,2.580812,96.9735,4.199219,,,,,,
4844,0.834635,2.581044,96.9822,4.198909,,,,,,
4845,0.832217,2.581275,96.9909,4.198909,,,,,,
4846,0.832217,2.581506,96.9996,4.198909,,,,,,
4847,0.831473,2.581738,97.0083,4.199219,,,,,,
4848,0.830357,2.581968,97.017,4.199219,,,,,,
4849,0.830357,2.582199,97.0256,4.199219,,,,,,
4850,0.830357,2.582429,97.0343,4.199219,,,,,,
4851,0.830357,2.58266,97.043,4.199219,,,,,,
4852,0.828311,2.58289,97.0516,4.199219,,,,,,
4853,0.828311,2.58312,97.0602,4.199219,,,,,,
4854,0.827567,2.58335,97.0689,4.199219,,,,,,
4855,0.825335,2.58358,97.0775,4.199219,,,,,,
4856,0.825335,2.583809,97.0861,4.199219,,,,,,
4857,0.824963,2.584038,97.0947,4.199219,,,,,,
4858,0.821801,2.584266,97.1033,4.199219,,,,,,
4859,0.821801,2.584494,97.1119,4.199219,,,,,,
4860,0.821801,2.584723,97.1205,4.199219,,,,,,
4861,0.821243,2.584951,97.129,4.199219,,,,,,
4862,0.821243,2.585179,97.1376,4.199219,,,,,,
4863,0.818452,2.585406,97.1461,4.199219,,,,,,
4864,0.818452,2.585634,97.1547,4.199219,,,,,,
4865,0.818452,2.585861,97.1632,4.199219,,,,,,
4866,0.818452,2.586088,97.1718,4.199219,,,,,,
4867,0.816592,2.586315,97.1803,4.199219,,,,,,
4868,0.816592,2.586542,97.1888,4.199219,,,,,,
4869,0.814546,2.586768,97.1973,4.199219,,,,,,
4870,0.814546,2.586995,97.2058,4.199219,,,,,,
4871,0.814546,2.587221,97.2143,4.199219,,,,,,
4872,0.814546,2.587447,97.2228,4.199219,,,,,,
4873,0.814546,2.587673,97.2313,4.199219,,,,,,
4874,0.814546,2.5879,97.2398,4.199219,,,,,,
4875,0.812128,2.588125,97.2483,4.199219,,,,,,
4876,0.809896,2.58835,97.2568,4.199219,,,,,,
4877,0.808408,2.588575,97.2652,4.199219,,,,,,
4878,0.808408,2.588799,97.2736,4.199219,,,,,,
4879,0.808222,2.589024,97.2821,4.199219,,,,,,
4880,0.807664,2.589248,97.2905,4.199219,,,,,,
4881,0.807664,2.589473,97.2989,4.199219,,,,,,
4882,0.806734,2.589697,97.3074,4.199219,,,,,,
4883,0.805246,2.58992,97.3158,4.199219,,,,,,
4884,0.805246,2.590144,97.3242,4.199219,,,,,,
4885,0.80413,2.590367,97.3326,4.199219,,,,,,
4886,0.803571,2.59059,97.3409,4.199219,,,,,,
4887,0.803571,2.590814,97.3493,4.199219,,,,,,
4888,0.801897,2.591037,97.3577,4.198909,,,,,,
4889,0.800595,2.591259,97.3661,4.198909,,,,,,
4890,0.800595,2.591481,97.3744,4.198909,,,,,,
4891,0.799293,2.591703,97.3828,4.199219,,,,,,
4892,0.799293,2.591925,97.3911,4.199219,,,,,,
4893,0.799293,2.592147,97.3994,4.199219,,,,,,
4894,0.798363,2.592369,97.4078,4.199219,,,,,,
4895,0.797247,2.592591,97.4161,4.199219,,,,,,
4896,0.797247,2.592812,97.4244,4.199219,,,,,,
4897,0.795015,2.593033,97.4327,4.199219,,,,,,
4898,0.794457,2.593254,97.441,4.199219,,,,,,
4899,0.794457,2.593474,97.4493,4.199219,,,,,,
4900,0.793527,2.593695,97.4576,4.199219,,,,,,
4901,0.792969,2.593915,97.4659,4.199219,,,,,,
4902,0.792969,2.594135,97.4741,4.199219,,,,,,
4903,0.790365,2.594355,97.4824,4.199219,,,,,,
4904,0.789621,2.594574,97.4906,4.199219,,,,,,
4905,0.789621,2.594793,97.4989,4.199219,,,,,,
4906,0.789621,2.595013,97.5071,4.199219,,,,,,
4907,0.787388,2.595232,97.5153,4.199219,,,,,,
4908,0.787016,2.59545,97.5235,4.199219,,,,,,
4909,0.787016,2.595669,97.5318,4.199219,,,,,,
4910,0.7859,2.595887,97.5399,4.199219,,,,,,
4911,0.7859,2.596105,97.5482,4.199219,,,,,,
4912,0.785528,2.596323,97.5564,4.199219,,,,,,
4913,0.785528,2.596542,97.5646,4.199219,,,,,,
4914,0.781808,2.596759,97.5727,4.199219,,,,,,
4915,0.781808,2.596976,97.5809,4.199219,,,,,,
4916,0.781808,2.597193,97.589,4.199219,,,,,,
4917,0.781808,2.59741,97.5972,4.199219,,,,,,
4918,0.781808,2.597628,97.6054,4.199219,,,,,,
4919,0.779948,2.597844,97.6135,4.199219,,,,,,
4920,0.77753,2.59806,97.6216,4.199219,,,,,,
4921,0.77753,2.598276,97.6297,4.199219,,,,,,
4922,0.777344,2.598492,97.6378,4.199219,,,,,,
4923,0.77567,2.598708,97.6459,4.199219,,,,,,
4924,0.77567,2.598923,97.654,4.199219,,,,,,
4925,0.77474,2.599138,97.6621,4.199219,,,,,,
4926,0.774182,2.599353,97.6702,4.199219,,,,,,
4927,0.774182,2.599568,97.6783,4.199219,,,,,,
4928,0.774182,2.599783,97.6864,4.199219,,,,,,
4929,0.774182,2.599998,97.6944,4.199219,,,,,,
4930,0.774182,2.600214,97.7025,4.199219,,,,,,
4931,0.770275,2.600427,97.7106,4.199219,,,,,,
4932,0.770275,2.600641,97.7186,4.199219,,,,,,
4933,0.770275,2.600855,97.7266,4.199219,,,,,,
4934,0.770089,2.601069,97.7347,4.199219,,,,,,
4935,0.770089,2.601283,97.7427,4.199219,,,,,,
4936,0.768229,2.601497,97.7507,4.199219,,,,,,
4937,0.768229,2.60171,97.7588,4.199219,,,,,,
4938,0.765439,2.601923,97.7667,4.199219,,,,,,
4939,0.764323,2.602135,97.7747,4.199219,,,,,,
4940,0.764323,2.602347,97.7827,4.198909,,,,,,
4941,0.763951,2.60256,97.7907,4.198909,,,,,,
4942,0.763951,2.602772,97.7986,4.198909,,,,,,
4943,0.763207,2.602984,97.8066,4.199219,,,,,,
4944,0.762277,2.603195,97.8146,4.199219,,,,,,
4945,0.762277,2.603407,97.8225,4.199219,,,,,,
4946,0.762277,2.603619,97.8305,4.199219,,,,,,
4947,0.760975,2.60383,97.8384,4.199219,,,,,,
4948,0.760975,2.604042,97.8464,4.199219,,,,,,
4949,0.760975,2.604253,97.8543,4.199219,,,,,,
4950,0.757999,2.604464,97.8622,4.199219,,,,,,
4951,0.757255,2.604674,97.8701,4.199219,,,,,,
4952,0.757255,2.604884,97.878,4.199219,,,,,,
4953,0.755766,2.605094,97.8859,4.198909,,,,,,
4954,0.754836,2.605304,97.8938,4.198909,,,,,,
4955,0.754836,2.605514,97.9017,4.198909,,,,,,
4956,0.753534,2.605723,97.9095,4.199219,,,,,,
4957,0.752976,2.605932,97.9174,4.199219,,,,,,
4958,0.752976,2.606141,97.9253,4.199219,,,,,,
4959,0.752976,2.60635,97.9331,4.199219,,,,,,
4960,0.752976,2.60656,97.941,4.199219,,,,,,
4961,0.752976,2.606769,97.9488,4.199219,,,,,,
4962,0.750186,2.606977,97.9567,4.199219,,,,,,
4963,0.747954,2.607185,97.9645,4.199219,,,,,,
4964,0.747954,2.607393,97.9723,4.199219,,,,,,
4965,0.747954,2.6076,97.9801,4.199219,,,,,,
4966,0.747768,2.607808,97.9879,4.199219,,,,,,
4967,0.747768,2.608016,97.9957,4.199219,,,,,,
4968,0.747582,2.608223,98.0035,4.199219,,,,,,
4969,0.746652,2.608431,98.0113,4.199219,,,,,,
4970,0.746652,2.608638,98.0191,4.199219,,,,,,
4971,0.743304,2.608845,98.0268,4.199219,,,,,,
4972,0.742746,2.609051,98.0346,4.199219,,,,,,
4973,0.742746,2.609257,98.0423,4.199219,,,,,,
4974,0.74163,2.609463,98.0501,4.199219,,,,,,
4975,0.740513,2.609669,98.0578,4.199219,,,,,,
4976,0.740513,2.609875,98.0655,4.199219,,,,,,
4977,0.740327,2.61008,98.0733,4.198909,,,,,,
4978,0.739769,2.610286,98.081,4.198909,,,,,,
4979,0.739769,2.610492,98.0887,4.198909,,,,,,
4980,0.738653,2.610697,98.0964,4.199219,,,,,,
4981,0.737537,2.610902,98.1041,4.199219,,,,,,
4982,0.737537,2.611106,98.1118,4.199219,,,,,,
4983,0.736793,2.611311,98.1195,4.198909,,,,,,
4984,0.735863,2.611516,98.1272,4.198909,,,,,,
4985,0.735863,2.61172,98.1349,4.198909,,,,,,
4986,0.735863,2.611924,98.1425,4.199219,,,,,,
4987,0.734747,2.612128,98.1502,4.199219,,,,,,
4988,0.733817,2.612332,98.1579,4.199219,,,,,,
4989,0.733817,2.612536,98.1655,4.199219,,,,,,
4990,0.731399,2.612739,98.1732,4.199219,,,,,,
4991,0.731399,2.612942,98.1808,4.199219,,,,,,
4992,0.731399,2.613146,98.1884,4.199219,,,,,,
4993,0.731027,2.613348,98.1961,4.198909,,,,,,
4994,0.731027,2.613552,98.2037,4.198909,,,,,,
4995,0.728981,2.613754,98.2113,4.198909,,,,,,
4996,0.728051,2.613956,98.2189,4.198909,,,,,,
4997,0.726749,2.614158,98.2265,4.198909,,,,,,
4998,0.726749,2.61436,98.2341,4.198909,,,,,,
4999,0.726377,2.614562,98.2417,4.199219,,,,,,
5000,0.725446,2.614763,98.2492,4.199219,,,,,,
5001,0.725446,2.614965,98.2568,4.199219,,,,,,
5002,0.723586,2.615166,98.2644,4.199219,,,,,,
5003,0.723586,2.615367,98.2719,4.199219,,,,,,
5004,0.723028,2.615568,98.2794,4.199219,,,,,,
5005,0.723028,2.615769,98.287,4.199219,,,,,,
5006,0.723028,2.615969,98.2945,4.199219,,,,,,
5007,0.723028,2.61617,98.3021,4.199219,,,,,,
5008,0.719494,2.61637,98.3096,4.199219,,,,,,
5009,0.719494,2.61657,98.3171,4.199219,,,,,,
5010,0.719494,2.61677,98.3246,4.199219,,,,,,
5011,0.71782,2.616969,98.3321,4.199219,,,,,,
5012,0.716332,2.617168,98.3396,4.199219,,,,,,
5013,0.716332,2.617367,98.3471,4.199219,,,,,,
5014,0.715588,2.617566,98.3545,4.199219,,,,,,
5015,0.715588,2.617765,98.362,4.199219,,,,,,
5016,0.715588,2.617964,98.3695,4.199219,,,,,,
5017,0.716704,2.618163,98.377,4.199219,,,,,,
5018,0.716704,2.618362,98.3844,4.199219,,,,,,
5019,0.713728,2.61856,98.3919,4.199219,,,,,,
5020,0.713728,2.618758,98.3993,4.199219,,,,,,
5021,0.712054,2.618956,98.4068,4.199219,,,,,,
5022,0.711496,2.619154,98.4142,4.199219,,,,,,
5023,0.711496,2.619351,98.4216,4.199219,,,,,,
5024,0.711124,2.619549,98.429,4.199219,,,,,,
5025,0.709821,2.619746,98.4364,4.199219,,,,,,
5026,0.709821,2.619943,98.4439,4.198909,,,,,,
5027,0.709635,2.62014,98.4513,4.198909,,,,,,
5028,0.709635,2.620337,98.4587,4.198909,,,,,,
5029,0.706845,2.620534,98.466,4.198909,,,,,,
5030,0.705543,2.62073,98.4734,4.199219,,,,,,
5031,0.705543,2.620926,98.4808,4.199219,,,,,,
5032,0.705543,2.621122,98.4881,4.199219,,,,,,
5033,0.705171,2.621318,98.4955,4.199219,,,,,,
5034,0.704985,2.621513,98.5029,4.199219,,,,,,
5035,0.704985,2.621709,98.5102,4.199219,,,,,,
5036,0.704799,2.621905,98.5176,4.199219,,,,,,
5037,0.702381,2.6221,98.5249,4.199219,,,,,,
5038,0.702381,2.622295,98.5322,4.199219,,,,,,
5039,0.701265,2.62249,98.5396,4.199219,,,,,,
5040,0.700521,2.622685,98.5469,4.199219,,,,,,
5041,0.700521,2.622879,98.5542,4.198909,,,,,,
5042,0.699033,2.623073,98.5615,4.199219,,,,,,
5043,0.698661,2.623267,98.5688,4.199219,,,,,,
5044,0.698661,2.623461,98.5761,4.199219,,,,,,
5045,0.698103,2.623656,98.5834,4.199219,,,,,,
5046,0.698103,2.623849,98.5906,4.199219,,,,,,
5047,0.698103,2.624043,98.5979,4.199219,,,,,,
5048,0.695871,2.624237,98.6052,4.199219,,,,,,
5049,0.695871,2.62443,98.6124,4.199219,,,,,,
5050,0.695871,2.624623,98.6197,4.199219,,,,,,
5051,0.695871,2.624816,98.627,4.199219,,,,,,
5052,0.69401,2.625009,98.6342,4.199219,,,,,,
5053,0.69401,2.625202,98.6415,4.199219,,,,,,
5054,0.692708,2.625394,98.6487,4.198909,,,,,,
5055,0.691406,2.625587,98.6559,4.198909,,,,,,
5056,0.691406,2.625779,98.6631,4.198909,,,,,,
5057,0.69122,2.625971,98.6703,4.198909,,,,,,
5058,0.690476,2.626162,98.6775,4.198909,,,,,,
5059,0.690476,2.626354,98.6848,4.198909,,,,,,
5060,0.688988,2.626546,98.6919,4.199219,,,,,,
5061,0.688802,2.626737,98.6991,4.199219,,,,,,
5062,0.68657,2.626928,98.7063,4.199219,,,,,,
5063,0.68657,2.627118,98.7135,4.199219,,,,,,
5064,0.68657,2.627309,98.7206,4.199219,,,,,,
5065,0.683966,2.627499,98.7278,4.199219,,,,,,
5066,0.683966,2.627689,98.7349,4.199219,,,,,,
5067,0.68378,2.627879,98.742,4.199219,,,,,,
5068,0.68378,2.628069,98.7492,4.199219,,,,,,
5069,0.682478,2.628258,98.7563,4.199219,,,,,,
5070,0.682106,2.628448,98.7634,4.199219,,,,,,
5071,0.682478,2.628638,98.7705,4.199219,,,,,,
5072,0.682478,2.628827,98.7777,4.199219,,,,,,
5073,0.682106,2.629017,98.7848,4.199219,,,,,,
5074,0.680804,2.629206,98.7919,4.199219,,,,,,
5075,0.680804,2.629395,98.799,4.199219,,,,,,
5076,0.679688,2.629584,98.8061,4.199219,,,,,,
5077,0.679502,2.629772,98.8132,4.199219,,,,,,
5078,0.679502,2.629961,98.8203,4.199219,,,,,,
5079,0.677455,2.630149,98.8274,4.199219,,,,,,
5080,0.676897,2.630337,98.8344,4.199219,,,,,,
5081,0.676897,2.630525,98.8415,4.199219,,,,,,
5082,0.675409,2.630713,98.8485,4.199219,,,,,,
5083,0.675037,2.6309,98.8556,4.199219,,,,,,
5084,0.675037,2.631088,98.8626,4.199219,,,,,,
5085,0.675223,2.631275,98.8697,4.199219,,,,,,
5086,0.675037,2.631463,98.8767,4.199219,,,,,,
5087,0.675037,2.63165,98.8838,4.199219,,,,,,
5088,0.671689,2.631837,98.8908,4.199219,,,,,,
5089,0.671689,2.632024,98.8978,4.199219,,,,,,
5090,0.671689,2.63221,98.9048,4.199219,,,,,,
5091,0.670759,2.632397,98.9118,4.199219,,,,,,
5092,0.668899,2.632582,98.9188,4.199219,,,,,,
5093,0.668899,2.632768,98.9258,4.199219,,,,,,
5094,0.668341,2.632954,98.9327,4.199219,,,,,,
5095,0.668155,2.633139,98.9397,4.199219,,,,,,
5096,0.668155,2.633325,98.9467,4.199219,,,,,,
5097,0.668155,2.633511,98.9537,4.199219,,,,,,
5098,0.666853,2.633696,98.9606,4.199219,,,,,,
5099,0.666853,2.633881,98.9676,4.199219,,,,,,
5100,0.666295,2.634066,98.9745,4.199219,,,,,,
5101,0.665923,2.634251,98.9815,4.199219,,,,,,
5102,0.665923,2.634436,98.9884,4.199219,,,,,,
5103,0.664063,2.634621,98.9954,4.199219,,,,,,
5104,0.661644,2.634804,99.0023,4.199219,,,,,,
5105,0.661644,2.634988,99.0092,4.199219,,,,,,
5106,0.660342,2.635172,99.0161,4.199219,,,,,,
5107,0.660528,2.635355,99.023,4.199219,,,,,,
5108,0.660156,2.635539,99.0299,4.199219,,,,,,
5109,0.660156,2.635722,99.0367,4.199219,,,,,,
5110,0.659784,2.635905,99.0436,4.199219,,,,,,
5111,0.659784,2.636088,99.0505,4.199219,,,,,,
5112,0.659412,2.636272,99.0574,4.199219,,,,,,
5113,0.657924,2.636454,99.0643,4.199219,,,,,,
5114,0.657924,2.636637,99.0711,4.199219,,,,,,
5115,0.656808,2.63682,99.078,4.199219,,,,,,
5116,0.65625,2.637002,99.0848,4.199219,,,,,,
5117,0.65625,2.637184,99.0917,4.199219,,,,,,
5118,0.654948,2.637366,99.0985,4.199219,,,,,,
5119,0.65346,2.637547,99.1053,4.199219,,,,,,
5120,0.65346,2.637729,99.1122,4.199219,,,,,,
5121,0.65346,2.637911,99.119,4.199219,,,,,,
5122,0.652344,2.638092,99.1258,4.199219,,,,,,
5123,0.650856,2.638273,99.1326,4.199219,,,,,,
5124,0.650856,2.638453,99.1394,4.199219,,,,,,
5125,0.650856,2.638634,99.1462,4.198909,,,,,,
5126,0.650856,2.638815,99.153,4.199219,,,,,,
5127,0.650856,2.638996,99.1598,4.199219,,,,,,
5128,0.649182,2.639176,99.1665,4.198909,,,,,,
5129,0.647507,2.639356,99.1733,4.198909,,,,,,
5130,0.647507,2.639536,99.1801,4.199219,,,,,,
5131,0.647507,2.639716,99.1868,4.199219,,,,,,
5132,0.647135,2.639895,99.1936,4.199219,,,,,,
5133,0.647135,2.640075,99.2003,4.199219,,,,,,
5134,0.647135,2.640255,99.2071,4.199219,,,,,,
5135,0.644903,2.640434,99.2138,4.199219,,,,,,
5136,0.644903,2.640613,99.2205,4.199219,,,,,,
5137,0.643973,2.640792,99.2273,4.199219,,,,,,
5138,0.642857,2.640971,99.234,4.198909,,,,,,
5139,0.642857,2.641149,99.2407,4.198909,,,,,,
5140,0.641555,2.641328,99.2474,4.199219,,,,,,
5141,0.641555,2.641506,99.2541,4.199219,,,,,,
5142,0.641369,2.641684,99.2608,4.199219,,,,,,
5143,0.641369,2.641862,99.2674,4.199219,,,,,,
5144,0.641369,2.64204,99.2742,4.199219,,,,,,
5145,0.641369,2.642218,99.2808,4.199219,,,,,,
5146,0.640811,2.642396,99.2875,4.199219,,,,,,
5147,0.638021,2.642574,99.2942,4.199219,,,,,,
5148,0.638021,2.642751,99.3008,4.199219,,,,,,
5149,0.637463,2.642928,99.3075,4.199219,,,,,,
5150,0.637463,2.643105,99.3142,4.199219,,,,,,
5151,0.637463,2.643282,99.3208,4.199219,,,,,,
5152,0.636533,2.643459,99.3275,4.199219,,,,,,
5153,0.634673,2.643635,99.3341,4.199219,,,,,,
5154,0.634673,2.643811,99.3407,4.199219,,,,,,
5155,0.634487,2.643988,99.3473,4.199219,,,,,,
5156,0.634115,2.644164,99.3539,4.199219,,,,,,
5157,0.633185,2.64434,99.3606,4.199219,,,,,,
5158,0.633185,2.644516,99.3672,4.199219,,,,,,
5159,0.632255,2.644691,99.3738,4.199219,,,,,,
5160,0.630766,2.644866,99.3803,4.199219,,,,,,
5161,0.630766,2.645042,99.3869,4.199219,,,,,,
5162,0.630766,2.645217,99.3935,4.199219,,,,,,
5163,0.629836,2.645392,99.4001,4.199219,,,,,,
5164,0.629836,2.645567,99.4067,4.198909,,,,,,
5165,0.627418,2.645741,99.4132,4.198909,,,,,,
5166,0.627418,2.645915,99.4198,4.198909,,,,,,
5167,0.627418,2.64609,99.4263,4.198909,,,,,,
5168,0.62686,2.646264,99.4329,4.198909,,,,,,
5169,0.62593,2.646438,99.4394,4.198909,,,,,,
5170,0.62593,2.646611,99.4459,4.199219,,,,,,
5171,0.626674,2.646785,99.4525,4.199219,,,,,,
5172,0.625186,2.646959,99.459,4.199219,,,,,,
5173,0.625186,2.647133,99.4655,4.199219,,,,,,
5174,0.622954,2.647306,99.472,4.199219,,,,,,
5175,0.622954,2.647479,99.4785,4.199219,,,,,,
5176,0.622954,2.647652,99.485,4.199219,,,,,,
5177,0.622024,2.647825,99.4915,4.198909,,,,,,
5178,0.622396,2.647998,99.498,4.199219,,,,,,
5179,0.622396,2.64817,99.5045,4.199219,,,,,,
5180,0.622024,2.648343,99.511,4.199219,,,,,,
5181,0.620908,2.648516,99.5175,4.199219,,,,,,
5182,0.620908,2.648688,99.524,4.199219,,,,,,
5183,0.620536,2.648861,99.5304,4.199219,,,,,,
5184,0.618304,2.649032,99.5369,4.199219,,,,,,
5185,0.618304,2.649204,99.5433,4.199219,,,,,,
5186,0.617746,2.649376,99.5498,4.199219,,,,,,
5187,0.61663,2.649547,99.5562,4.199219,,,,,,
5188,0.61663,2.649718,99.5627,4.199219,,,,,,
5189,0.614955,2.649889,99.5691,4.198909,,,,,,
5190,0.614583,2.65006,99.5755,4.198909,,,,,,
5191,0.614583,2.650231,99.5819,4.198909,,,,,,
5192,0.614583,2.650401,99.5883,4.198909,,,,,,
5193,0.614583,2.650572,99.5947,4.198909,,,,,,
5194,0.614583,2.650743,99.6012,4.198909,,,,,,
5195,0.614211,2.650913,99.6076,4.198909,,,,,,
5196,0.611793,2.651083,99.6139,4.198909,,,,,,
5197,0.611793,2.651253,99.6203,4.198909,,,,,,
5198,0.611979,2.651423,99.6267,4.199219,,,,,,
5199,0.610863,2.651593,99.6331,4.199219,,,,,,
5200,0.610863,2.651763,99.6395,4.199219,,,,,,
5201,0.610677,2.651932,99.6458,4.199219,,,,,,
5202,0.610677,2.652102,99.6522,4.199219,,,,,,
5203,0.609933,2.652271,99.6586,4.199219,,,,,,
5204,0.609933,2.652441,99.6649,4.199219,,,,,,
5205,0.607515,2.65261,99.6713,4.199219,,,,,,
5206,0.607143,2.652778,99.6776,4.199219,,,,,,
5207,0.607143,2.652947,99.684,4.199219,,,,,,
5208,0.607143,2.653116,99.6903,4.198909,,,,,,
5209,0.606213,2.653284,99.6966,4.198909,,,,,,
5210,0.606213,2.653452,99.7029,4.198909,,,,,,
5211,0.604911,2.65362,99.7093,4.198909,,,,,,
5212,0.604911,2.653788,99.7156,4.198909,,,,,,
5213,0.604911,2.653956,99.7219,4.199219,,,,,,
5214,0.604167,2.654124,99.7282,4.199219,,,,,,
5215,0.602307,2.654291,99.7345,4.199219,,,,,,
5216,0.602307,2.654459,99.7408,4.199219,,,,,,
5217,0.602307,2.654626,99.7471,4.199219,,,,,,
5218,0.602307,2.654793,99.7533,4.198909,,,,,,
5219,0.601563,2.65496,99.7596,4.198909,,,,,,
5220,0.601563,2.655128,99.7659,4.199219,,,,,,
5221,0.60026,2.655294,99.7722,4.198909,,,,,,
5222,0.60026,2.655461,99.7784,4.198909,,,,,,
5223,0.5984,2.655627,99.7847,4.199219,,,,,,
5224,0.5984,2.655793,99.7909,4.199219,,,,,,
5225,0.5984,2.65596,99.7972,4.199219,,,,,,
5226,0.597284,2.656126,99.8034,4.199219,,,,,,
5227,0.59654,2.656291,99.8096,4.198909,,,,,,
5228,0.59654,2.656457,99.8159,4.198909,,,,,,
5229,0.595796,2.656623,99.8221,4.198909,,,,,,
5230,0.59561,2.656788,99.8283,4.199219,,,,,,
5231,0.59561,2.656953,99.8345,4.199219,,,,,,
5232,0.595238,2.657119,99.8407,4.199219,,,,,,
5233,0.594122,2.657284,99.8469,4.199219,,,,,,
5234,0.594122,2.657449,99.8531,4.199219,,,,,,
5235,0.593006,2.657614,99.8593,4.199219,,,,,,
5236,0.591704,2.657778,99.8655,4.199219,,,,,,
5237,0.591704,2.657942,99.8717,4.199219,,,,,,
5238,0.59096,2.658107,99.8778,4.199219,,,,,,
5239,0.589286,2.65827,99.884,4.199219,,,,,,
5240,0.589286,2.658434,99.8901,4.199219,,,,,,
5241,0.589286,2.658597,99.8963,4.199219,,,,,,
5242,0.58817,2.658761,99.9024,4.199219,,,,,,
5243,0.58817,2.658924,99.9086,4.199219,,,,,,
5244,0.58724,2.659087,99.9147,4.199219,,,,,,
5245,0.587054,2.65925,99.9208,4.199219,,,,,,
5246,0.586682,2.659413,99.9269,4.199219,,,,,,
5247,0.586682,2.659576,99.9331,4.198909,,,,,,
5248,0.585007,2.659739,99.9392,4.199219,,,,,,
5249,0.584821,2.659901,99.9453,4.198909,,,,,,
5250,0.584821,2.660064,99.9514,4.198909,,,,,,
5251,0.584263,2.660226,99.9575,4.198909,,,,,,
5252,0.583147,2.660388,99.9636,4.198909,,,,,,
5253,0.583147,2.66055,99.9697,4.198909,,,,,,
5254,0.582403,2.660712,99.9757,4.198909,,,,,,
5255,0.582217,2.660874,99.9818,4.199219,,,,,,
5256,0.582217,2.661035,99.9879,4.199219,,,,,,
5257,0.580729,2.661197,99.9939,4.199219,,,,,,
5258,0.579241,2.661358,100.0,4.199219,,,,,,
