测试时间/Sec,电流/A,容量/Ah,SOC|DOD/%,电压/V,Unnamed: 5,测试时间/Sec.1,电流/A.1,容量/Ah.1,SOC|DOD/%.1,电压/V.1
0.0,5.79799,0.0,0.0,3.366505,,3047,-1.45275,0.0,0.0,4.097460344303795
1.0,5.79799,0.00161,0.0563,3.387897,,3048,-1.45275,0.00045,0.0163,4.156459147753685
2.0,5.79985,0.0033,0.1153,3.406808,,3049,-1.45275,0.00086,0.031,4.160332399505824
3.0,5.79799,0.0048,0.1676,3.421069,,3050,-1.45275,0.00129,0.0464,4.126553073771923
4.0,5.79985,0.00656,0.229,3.43409,,3051,-1.45275,0.00171,0.0617,4.228302207864393
5.0,5.79985,0.00823,0.2875,3.446491,,3052,-1.45647,0.00214,0.0771,4.069556667833419
6.0,5.79985,0.00973,0.3398,3.457341,,3053,-1.45461,0.00251,0.0907,4.1020706355128365
7.0,5.79985,0.01144,0.3994,3.468192,,3054,-1.45275,0.00295,0.1063,4.1353666463777605
8.0,5.79985,0.01314,0.4591,3.478113,,3055,-1.45275,0.00338,0.1217,4.110307135957974
9.0,5.79799,0.01485,0.5187,3.487723,,3056,-1.45275,0.0038,0.1371,4.096414501207769
10.0,5.79799,0.01654,0.5778,3.497334,,3057,-1.45275,0.00423,0.1526,4.108609605888027
11.0,5.79799,0.01804,0.6301,3.505704,,3058,-1.45461,0.00466,0.168,4.041455073971375
13.0,5.79799,0.02033,0.71,3.516555,,3059,-1.45461,0.00509,0.1834,4.137561777582364
14.0,5.79985,0.02196,0.7668,3.524306,,3060,-1.45275,0.00551,0.1989,4.164700295639855
15.0,5.79985,0.02345,0.8191,3.531436,,3061,-1.45275,0.00594,0.2143,4.101294196102109
16.0,5.79613,0.02516,0.8788,3.539186,,3062,-1.45461,0.00637,0.2297,4.157967288283634
17.0,5.79799,0.02687,0.9384,3.545697,,3064,-1.45275,0.0068,0.2451,4.154726036608245
18.0,5.79985,0.02856,0.9975,3.552517,,3065,-1.45275,0.00723,0.2606,4.1623070328738105
19.0,5.79799,0.03006,1.0498,3.559028,,3066,-1.45275,0.00765,0.276,4.263057025015095
20.0,5.79799,0.03177,1.1094,3.565538,,3067,-1.45275,0.00808,0.2914,4.082153737306473
21.0,5.79985,0.03347,1.1691,3.571738,,3068,-1.45461,0.00851,0.3069,4.076543945617341
22.0,5.79985,0.03518,1.2287,3.577319,,3069,-1.45275,0.00894,0.3223,4.104340309541163
23.0,5.79985,0.03687,1.2878,3.583209,,3070,-1.45275,0.00937,0.3377,4.090983293327788
24.0,5.79985,0.03837,1.3401,3.58848,,3071,-1.45461,0.00979,0.3532,4.107181739234875
25.0,5.79985,0.04008,1.3997,3.59406,,3072,-1.45275,0.01022,0.3686,4.127067260940063
26.0,5.79985,0.04178,1.4594,3.59933,,3073,-1.45275,0.01061,0.3826,4.115007899527914
27.0,5.79799,0.04349,1.519,3.604291,,3074,-1.45275,0.01105,0.3986,4.0341370021083005
28.0,5.79985,0.04518,1.5781,3.609561,,3075,-1.45275,0.01143,0.4121,4.119107004447496
29.0,5.79799,0.04676,1.6332,3.614211,,3076,-1.45275,0.01186,0.4275,4.113077030275996
30.0,5.79799,0.04845,1.6923,3.618862,,3077,-1.45275,0.01228,0.4429,4.09174196866021
31.0,5.79985,0.05016,1.7519,3.623512,,3078,-1.45275,0.01271,0.4584,4.06437645915165
32.0,5.79799,0.05187,1.8115,3.627852,,3079,-1.45461,0.01314,0.4738,4.1037877681967
33.0,5.79799,0.05358,1.8712,3.631882,,3080,-1.45089,0.01357,0.4892,4.04181755868751
34.0,5.79799,0.05528,1.9308,3.635913,,3081,-1.45275,0.014,0.5047,4.099595701550657
35.0,5.79985,0.05699,1.9904,3.642113,,3082,-1.45275,0.01442,0.5201,4.075813024513613
37.0,5.79799,0.0587,2.0501,3.645213,,3083,-1.45275,0.01485,0.5355,4.186498932427362
38.0,5.79799,0.0604,2.1097,3.648934,,3085,-1.45461,0.01528,0.5509,4.0959836447678635
39.0,5.79799,0.06211,2.1694,3.652344,,3086,-1.45461,0.01571,0.5664,4.1806454849038195
40.0,5.79985,0.06382,2.229,3.655444,,3087,-1.45275,0.01613,0.5818,4.133736550937929
41.0,5.79985,0.06553,2.2886,3.658854,,3088,-1.45275,0.01654,0.5965,4.094291422670614
42.0,5.79799,0.06722,2.3477,3.661644,,3089,-1.45461,0.01699,0.6125,4.070041460420901
43.0,5.79799,0.06872,2.4,3.664434,,3090,-1.45461,0.01741,0.628,4.1407825205670585
44.0,5.79985,0.07039,2.4585,3.667535,,3091,-1.45275,0.01784,0.6434,4.105462000942759
45.0,5.79799,0.07215,2.5198,3.671565,,3092,-1.45275,0.01827,0.6588,4.1005391844419234
46.0,5.79985,0.07385,2.5795,3.674355,,3093,-1.45275,0.0187,0.6742,4.052308084988367
47.0,5.79985,0.07555,2.6385,3.676835,,3094,-1.45461,0.01913,0.6897,4.129961037867189
48.0,5.79799,0.07704,2.6909,3.678695,,3095,-1.45275,0.01955,0.7051,4.046181532940042
49.0,5.79985,0.07875,2.7505,3.681176,,3096,-1.45275,0.01997,0.7201,4.007551099212555
50.0,5.79799,0.08046,2.8101,3.684276,,3097,-1.45275,0.02036,0.7342,4.037111281007644
51.0,5.79985,0.08215,2.8692,3.686446,,3098,-1.45275,0.0208,0.7499,4.071433156012103
52.0,5.79985,0.08386,2.9288,3.688616,,3099,-1.45275,0.02122,0.7653,4.032443815401635
53.0,5.79985,0.08556,2.9884,3.690476,,3100,-1.45275,0.0216,0.7789,4.138026814629045
54.0,5.79799,0.08726,3.0475,3.692646,,3101,-1.45461,0.02203,0.7943,4.073459700266058
55.0,5.79985,0.08875,3.0998,3.694506,,3102,-1.45275,0.02246,0.8097,4.127598187367277
56.0,5.79985,0.09046,3.1595,3.696367,,3103,-1.45647,0.02288,0.8252,4.131112948549118
57.0,5.79799,0.09217,3.2191,3.698227,,3104,-1.45461,0.02331,0.8406,4.025663607752655
58.0,5.79799,0.09396,3.2816,3.699777,,3105,-1.45275,0.02374,0.856,4.142269821963715
59.0,5.79799,0.09547,3.3345,3.702257,,3106,-1.45275,0.02417,0.8714,4.117131259947008
60.0,5.79613,0.09718,3.3941,3.703187,,3108,-1.45275,0.02459,0.8869,4.131908418132426
61.0,5.79985,0.09889,3.4537,3.704427,,3109,-1.45275,0.02502,0.9023,4.085465973809389
63.0,5.79799,0.10059,3.5133,3.705977,,3110,-1.45275,0.02545,0.9177,4.082242516354583
64.0,5.79985,0.10232,3.5735,3.707527,,3111,-1.45647,0.02588,0.9332,4.046539533913739
65.0,5.79985,0.10385,3.627,3.709077,,3112,-1.45461,0.0263,0.9484,4.09812825323304
66.0,5.79985,0.10555,3.6866,3.710317,,3113,-1.45275,0.02673,0.9639,3.9905791617156328
67.0,5.79799,0.10726,3.7463,3.711247,,3114,-1.45461,0.02716,0.9793,4.066788658256683
68.0,5.79985,0.10897,3.8059,3.712488,,3115,-1.45275,0.02758,0.9946,3.9760577594864257
69.0,5.79985,0.11068,3.8655,3.713728,,3116,-1.45275,0.02796,1.0081,4.060128331687113
70.0,5.79799,0.11238,3.9252,3.714658,,3117,-1.45275,0.02838,1.0236,4.035626850009144
71.0,5.79799,0.11409,3.9848,3.715588,,3118,-1.45275,0.02882,1.0393,4.010368070541679
72.0,5.79799,0.11577,4.0433,3.716828,,3119,-1.45461,0.02924,1.0543,4.066229695574134
73.0,5.79985,0.11747,4.103,3.717448,,3120,-1.45089,0.02966,1.0696,4.053492335183123
74.0,5.79985,0.11918,4.1626,3.718378,,3121,-1.45461,0.03004,1.0831,4.091812041496796
75.0,5.79985,0.12089,4.2222,3.719308,,3122,-1.45461,0.03046,1.0985,4.08314720615717
76.0,5.79985,0.1226,4.2819,3.720238,,3123,-1.45089,0.03089,1.1139,4.101682195082383
77.0,5.79985,0.12429,4.3409,3.721168,,3124,-1.45275,0.03132,1.1294,4.0106866605376705
78.0,5.79985,0.126,4.4006,3.722098,,3125,-1.45461,0.03175,1.1448,4.172844439393904
79.0,5.79799,0.1277,4.4602,3.722718,,3126,-1.45275,0.03219,1.1607,4.021515752428998
80.0,5.79799,0.12941,4.5198,3.723338,,3127,-1.45275,0.03261,1.1758,4.087671272881853
81.0,5.79985,0.13112,4.5795,3.723958,,3128,-1.45275,0.03303,1.1912,4.133076495851603
83.0,5.79799,0.13283,4.6391,3.724888,,3130,-1.45275,0.03346,1.2065,4.060152468379528
84.0,5.79799,0.13453,4.6987,3.725508,,3131,-1.45089,0.03389,1.2219,4.053351978165292
85.0,5.79799,0.13624,4.7584,3.726129,,3132,-1.45089,0.03431,1.2374,4.105620883591963
86.0,5.79985,0.13795,4.818,3.726748,,3133,-1.45275,0.03474,1.2526,4.1703103173217535
87.0,5.80171,0.13969,4.8788,3.727369,,3134,-1.45275,0.03517,1.2681,4.085201667897726
88.0,5.79799,0.14123,4.9328,3.727988,,3135,-1.45275,0.03554,1.2816,4.1079130970136655
89.0,5.79985,0.14293,4.9919,3.728609,,3136,-1.45089,0.03597,1.297,4.049053214541688
90.0,5.79985,0.14463,5.0515,3.728919,,3137,-1.45461,0.0364,1.3125,4.077990022637023
91.0,5.79985,0.14634,5.1111,3.729539,,3138,-1.45461,0.03683,1.3279,4.19912242424358
92.0,5.79985,0.14805,5.1708,3.730159,,3139,-1.45461,0.03725,1.3434,4.128688195460859
93.0,5.79799,0.14968,5.2276,3.730779,,3140,-1.45275,0.03768,1.3588,4.173405250253194
94.0,5.79799,0.15145,5.2895,3.731399,,3141,-1.45461,0.03809,1.3736,4.144590768721962
95.0,5.79613,0.15315,5.3491,3.732019,,3142,-1.45275,0.0385,1.3882,4.053923078893869
96.0,5.79985,0.15486,5.4087,3.732639,,3143,-1.45461,0.03892,1.4036,3.9867791054827806
97.0,5.79799,0.15657,5.4684,3.732949,,3144,-1.45089,0.03938,1.4201,4.070326615023453
98.0,5.79799,0.15828,5.528,3.733569,,3145,-1.45275,0.03979,1.4349,4.13248308564813
99.0,5.79799,0.15998,5.5876,3.733879,,3146,-1.45275,0.04021,1.4499,4.067490043201413
100.0,5.79799,0.16168,5.6467,3.734499,,3147,-1.45275,0.04061,1.4643,4.02776056365989
101.0,5.79799,0.16317,5.699,3.734809,,3148,-1.45089,0.04104,1.4797,4.100251435437091
102.0,5.79985,0.16488,5.7587,3.735429,,3149,-1.45275,0.04146,1.4951,4.042513979522793
103.0,5.79799,0.16659,5.8183,3.735739,,3150,-1.45089,0.04189,1.5104,4.037023809147896
105.0,5.79985,0.1683,5.8779,3.736359,,3151,-1.45275,0.04226,1.524,4.077242197639732
106.0,5.79985,0.17,5.9376,3.736669,,3152,-1.45461,0.04269,1.5394,4.087341777518537
107.0,5.79985,0.17169,5.9967,3.736979,,3154,-1.45275,0.04312,1.5548,4.071172483776326
108.0,5.79985,0.17348,6.0591,3.737599,,3155,-1.45275,0.04355,1.5703,4.088840820841198
109.0,5.79799,0.17517,6.1182,3.737909,,3156,-1.45275,0.04397,1.5857,3.9816658026986755
110.0,5.79985,0.17688,6.1778,3.738529,,3157,-1.45461,0.0444,1.6011,4.084880453666338
111.0,5.79799,0.17859,6.2374,3.738839,,3158,-1.45275,0.04483,1.6165,4.059718621994043
112.0,5.79799,0.1803,6.2971,3.739149,,3159,-1.45275,0.04526,1.632,4.040198874151306
113.0,5.80171,0.18199,6.3561,3.739769,,3160,-1.45275,0.04569,1.6474,4.127486995808428
114.0,5.79985,0.1835,6.409,3.740079,,3161,-1.45461,0.04611,1.6628,4.097469818449707
115.0,5.79799,0.18519,6.4681,3.740699,,3162,-1.45275,0.04654,1.6782,4.082598724810076
116.0,5.80171,0.1869,6.5277,3.741009,,3163,-1.45275,0.04697,1.6937,4.017940611595585
117.0,5.79985,0.18861,6.5874,3.741629,,3164,-1.45275,0.0474,1.7091,4.034068461315733
118.0,5.79799,0.19032,6.647,3.74194,,3165,-1.45275,0.04782,1.7245,4.121574664092193
119.0,5.79985,0.19202,6.7067,3.742249,,3166,-1.45275,0.04825,1.74,4.107418192105965
120.0,5.79985,0.19373,6.7663,3.74287,,3167,-1.45275,0.04868,1.7554,4.147271741110112
121.0,5.79985,0.19544,6.8259,3.74349,,3168,-1.45461,0.04911,1.7708,4.040240987622176
122.0,5.79799,0.19713,6.885,3.7438,,3169,-1.45461,0.04954,1.7862,3.993704798951943
123.0,5.79985,0.19871,6.9401,3.74411,,3170,-1.45647,0.04996,1.8017,4.0905206238476195
124.0,5.79985,0.20032,6.9964,3.74442,,3171,-1.45647,0.05036,1.8159,3.992061457253206
125.0,5.79985,0.20201,7.0555,3.74473,,3172,-1.45275,0.05081,1.8321,4.0255883161793395
127.0,5.79799,0.20372,7.1151,3.74535,,3173,-1.45461,0.05118,1.8456,4.113353074959462
128.0,5.79985,0.20543,7.1747,3.74566,,3175,-1.45275,0.05161,1.8611,4.077731863389716
129.0,5.79985,0.20713,7.2344,3.74628,,3176,-1.45275,0.05204,1.8765,4.101508166838435
130.0,5.79985,0.20884,7.294,3.7469,,3177,-1.45089,0.05247,1.8919,4.06050428356581
131.0,5.79799,0.21055,7.3536,3.74721,,3178,-1.45089,0.05289,1.9073,3.9999252306408866
132.0,5.79985,0.21226,7.4133,3.74752,,3179,-1.45275,0.05332,1.9228,4.117968910406379
133.0,5.79985,0.21396,7.4729,3.74814,,3180,-1.45275,0.05375,1.9382,4.125688466625947
134.0,5.79985,0.21567,7.5325,3.74876,,3181,-1.45275,0.05412,1.9517,4.114118593785264
135.0,5.79799,0.21738,7.5922,3.74907,,3182,-1.45275,0.05455,1.9672,4.076132339249022
136.0,5.79799,0.21908,7.6518,3.74938,,3183,-1.44903,0.05498,1.9826,4.054552456219851
137.0,5.79799,0.22079,7.7114,3.75,,3184,-1.45461,0.05541,1.998,4.043614329880092
138.0,5.79799,0.22253,7.7722,3.75031,,3185,-1.45275,0.05584,2.0134,3.960983359627396
139.0,5.79799,0.22413,7.8279,3.75062,,3186,-1.45461,0.05628,2.0293,4.158053126972406
140.0,5.79985,0.22583,7.8875,3.75124,,3187,-1.45089,0.05669,2.0442,4.079865689380249
141.0,5.79985,0.22752,7.9466,3.75155,,3188,-1.45461,0.05706,2.0577,4.090849760795332
142.0,5.79985,0.22923,8.0062,3.75248,,3189,-1.45275,0.05749,2.0731,4.030787524023633
143.0,5.79799,0.23094,8.0659,3.75279,,3190,-1.45275,0.05792,2.0885,4.089826262485002
144.0,5.79985,0.23263,8.1249,3.75341,,3191,-1.45275,0.05835,2.104,4.078427433694009
145.0,5.79985,0.23413,8.1772,3.75372,,3192,-1.45461,0.05878,2.1194,4.074177986058187
146.0,5.79985,0.23584,8.2369,3.75434,,3193,-1.45275,0.0592,2.1348,4.1431637059864475
148.0,5.79985,0.23754,8.2965,3.75465,,3194,-1.45275,0.05963,2.1503,4.14179005169195
149.0,5.79985,0.23925,8.3561,3.75465,,3195,-1.45275,0.06006,2.1657,4.036945582298957
150.0,5.79985,0.24096,8.4158,3.75496,,3196,-1.45275,0.06049,2.1811,4.061187327515586
151.0,5.79985,0.24267,8.4754,3.75558,,3198,-1.45461,0.06091,2.1964,4.050100842182915
152.0,5.79799,0.24437,8.5351,3.75589,,3199,-1.45275,0.06129,2.21,4.12741150301219
153.0,5.79985,0.24608,8.5947,3.7562,,3200,-1.45275,0.06171,2.2254,3.9933524133448315
154.0,5.79985,0.24784,8.656,3.75682,,3201,-1.45461,0.06214,2.2408,4.055264668029388
155.0,5.79985,0.24934,8.7083,3.75713,,3202,-1.45461,0.06259,2.2568,4.039305704619707
156.0,5.79985,0.25104,8.768,3.758681,,3203,-1.45461,0.06301,2.2723,4.130138917091153
157.0,5.79985,0.25275,8.8276,3.758991,,3204,-1.45275,0.06344,2.2877,4.122775955714931
158.0,5.79799,0.25446,8.8873,3.758681,,3205,-1.45275,0.06387,2.3031,4.090240472225426
159.0,5.80171,0.25616,8.9469,3.758991,,3206,-1.45275,0.0643,2.3185,3.983212187154502
160.0,5.79799,0.25787,9.0065,3.759301,,3207,-1.45089,0.06467,2.3321,4.083181666430391
161.0,5.79985,0.25958,9.0662,3.759921,,3208,-1.45461,0.06508,2.3466,4.123932617351693
162.0,5.80171,0.26108,9.1185,3.760231,,3209,-1.45275,0.0655,2.3618,4.0934031607505155
163.0,5.79985,0.26279,9.1781,3.760851,,3210,-1.45461,0.06592,2.3772,4.080144795611316
164.0,5.79799,0.26449,9.2378,3.761471,,3211,-1.45089,0.06635,2.3926,4.072937566231196
165.0,5.79985,0.2662,9.2974,3.761781,,3212,-1.45275,0.06678,2.408,4.014069068661202
166.0,5.79985,0.26791,9.357,3.762091,,3213,-1.45275,0.06721,2.4235,4.070665365468656
167.0,5.79985,0.26962,9.4167,3.763021,,3214,-1.45275,0.06763,2.4389,3.9992401766892294
168.0,5.79985,0.27136,9.4774,3.763331,,3215,-1.45461,0.06806,2.4543,3.976868770849707
169.0,5.79985,0.27292,9.532,3.763641,,3216,-1.45275,0.06849,2.4698,4.029112242628907
170.0,5.79799,0.27463,9.5916,3.763951,,3217,-1.45275,0.06892,2.4852,3.9753065823921805
172.0,5.79985,0.27633,9.6513,3.764571,,3218,-1.45275,0.06935,2.5006,4.049383358206403
173.0,5.79613,0.27804,9.7109,3.765191,,3220,-1.45275,0.06977,2.516,3.976641790627932
174.0,5.79799,0.27975,9.7705,3.765811,,3221,-1.45461,0.0702,2.5315,4.087506749451784
175.0,5.79985,0.28145,9.8302,3.766121,,3222,-1.45275,0.07063,2.5469,4.054933608872674
176.0,5.79799,0.28316,9.8898,3.766741,,3223,-1.45089,0.07106,2.5623,4.076866273374667
177.0,5.79985,0.28487,9.9494,3.767051,,3224,-1.45275,0.07149,2.5777,4.036765483093813
178.0,5.79985,0.28658,10.0091,3.767361,,3225,-1.45461,0.07191,2.5932,4.035161830312786
179.0,5.79799,0.28828,10.0687,3.767981,,3226,-1.45461,0.07234,2.6086,4.040137389608673
180.0,5.79985,0.28999,10.1283,3.768291,,3227,-1.45461,0.07277,2.6241,4.10644546846489
181.0,5.79613,0.2917,10.188,3.768911,,3228,-1.45647,0.0732,2.6395,4.080672859387341
182.0,5.79985,0.29341,10.2476,3.769221,,3229,-1.45461,0.07363,2.6549,3.9929751276699452
183.0,5.79799,0.29494,10.3011,3.769531,,3230,-1.45275,0.07405,2.6704,4.103961608740337
184.0,5.79799,0.29661,10.3596,3.770151,,3231,-1.45275,0.07444,2.6843,4.088488628644323
185.0,5.79799,0.29832,10.4192,3.770461,,3232,-1.45275,0.07486,2.6993,3.996400477002711
186.0,5.79799,0.30003,10.4789,3.771081,,3233,-1.44903,0.07528,2.7147,3.982133843915379
187.0,5.79985,0.30174,10.5385,3.771391,,3234,-1.45089,0.07571,2.7302,4.071968272546834
188.0,5.79985,0.30344,10.5981,3.771701,,3235,-1.45275,0.07614,2.7456,4.097501493585491
190.0,5.79985,0.30513,10.6572,3.772321,,3236,-1.45275,0.07657,2.761,4.132979587415608
191.0,5.79985,0.30684,10.7168,3.772631,,3237,-1.45461,0.077,2.7765,4.136300734441874
192.0,5.79799,0.30855,10.7764,3.773252,,3238,-1.45461,0.07742,2.7919,4.058792500094574
193.0,5.79985,0.31021,10.8344,3.773561,,3240,-1.45461,0.07785,2.8073,3.9202367765283137
194.0,5.79985,0.31192,10.894,3.774182,,3241,-1.45275,0.07828,2.8227,4.097430274767728
195.0,5.79985,0.31362,10.9537,3.774801,,3242,-1.45275,0.07871,2.8382,4.160615401302442
196.0,5.79985,0.31531,11.0128,3.775112,,3243,-1.45275,0.07914,2.8536,4.0527834582092765
197.0,5.79985,0.31681,11.0651,3.775732,,3244,-1.45647,0.07956,2.869,4.114131474032022
198.0,5.79799,0.31852,11.1247,3.776042,,3245,-1.45089,0.07999,2.8844,4.06736484000248
199.0,5.79985,0.32023,11.1843,3.776662,,3246,-1.44717,0.08042,2.8999,4.059577250204186
200.0,5.79985,0.32193,11.244,3.776972,,3247,-1.45275,0.08087,2.9162,4.128213390843384
201.0,5.79613,0.32364,11.3036,3.777592,,3248,-1.45275,0.08127,2.9305,3.982604897824342
202.0,5.79799,0.32535,11.3633,3.777902,,3249,-1.45647,0.08169,2.9459,4.074387431612423
203.0,5.79799,0.32706,11.4229,3.778522,,3250,-1.45461,0.08212,2.9613,4.021030255808574
204.0,5.79985,0.32877,11.4825,3.778832,,3251,-1.45275,0.08255,2.9768,4.076826334666474
205.0,5.79985,0.33047,11.5422,3.779142,,3252,-1.45275,0.08298,2.9922,4.056292655914578
206.0,5.79799,0.33218,11.6018,3.779762,,3253,-1.45275,0.08341,3.0076,4.118418478006543
207.0,5.79799,0.33373,11.6558,3.780382,,3254,-1.45275,0.08384,3.0231,4.03731181921111
208.0,5.79799,0.33543,11.7155,3.780692,,3255,-1.45461,0.08426,3.0385,4.025375393485653
209.0,5.79985,0.33714,11.7751,3.781312,,3256,-1.45275,0.08469,3.0539,4.117292120434985
210.0,5.79613,0.33885,11.8347,3.781622,,3257,-1.45833,0.08512,3.0694,3.982322914084738
211.0,5.79799,0.34056,11.8943,3.782242,,3259,-1.45275,0.08555,3.0848,4.042716794047297
213.0,5.80171,0.34226,11.954,3.782552,,3260,-1.45461,0.08597,3.1002,4.035801640556555
214.0,5.79799,0.34397,12.0136,3.783172,,3261,-1.45089,0.0864,3.1156,4.078459806150509
215.0,5.79799,0.34568,12.0733,3.783482,,3262,-1.45275,0.08679,3.1295,4.106887005763494
216.0,5.79985,0.34739,12.1329,3.783792,,3263,-1.45461,0.08722,3.145,4.063961144126561
217.0,5.79799,0.34909,12.1925,3.784412,,3264,-1.45275,0.08759,3.1586,4.030229212966902
218.0,5.79799,0.3508,12.2522,3.784722,,3265,-1.45461,0.08802,3.174,4.12800308600472
219.0,5.79799,0.35251,12.3118,3.785342,,3266,-1.45461,0.08845,3.1894,4.030205448555952
220.0,5.79985,0.35422,12.3714,3.785652,,3267,-1.45461,0.08888,3.2049,3.971438530708396
221.0,5.79799,0.35592,12.4311,3.785962,,3268,-1.45275,0.08931,3.2203,4.120051605429007
222.0,5.79985,0.35749,12.4856,3.786582,,3269,-1.45461,0.08973,3.2357,4.043996639024083
223.0,5.79985,0.35924,12.547,3.786892,,3270,-1.45275,0.09016,3.2512,4.100000637794484
224.0,5.79799,0.36074,12.5993,3.787512,,3271,-1.45461,0.09059,3.2666,4.003996598957405
225.0,5.79613,0.36245,12.6589,3.787822,,3272,-1.45275,0.09101,3.2819,4.044009597278765
226.0,5.79799,0.36415,12.7185,3.788132,,3273,-1.45089,0.09139,3.2956,4.107116113021359
227.0,5.79799,0.36586,12.7781,3.788753,,3274,-1.45275,0.09182,3.3109,4.029478313238888
228.0,5.79985,0.36757,12.8378,3.789063,,3275,-1.45089,0.09224,3.3263,4.1226939076975615
229.0,5.79613,0.36928,12.8974,3.789372,,3276,-1.45275,0.09269,3.3423,4.029931798706562
230.0,5.79985,0.371,12.9576,3.789683,,3277,-1.45275,0.0931,3.3571,4.127553956699808
231.0,5.79799,0.37271,13.0173,3.790303,,3278,-1.45461,0.09347,3.3706,4.008749847697013
232.0,5.79799,0.37441,13.0769,3.790923,,3279,-1.45275,0.0939,3.3861,4.116971071704021
234.0,5.79799,0.37612,13.1365,3.791233,,3280,-1.45275,0.09433,3.4015,4.111846716403001
235.0,5.79985,0.37783,13.1962,3.791853,,3281,-1.45275,0.09476,3.4169,4.027048220304479
236.0,5.79985,0.37954,13.2558,3.792163,,3282,-1.45275,0.09519,3.4324,3.9764843200045266
237.0,5.79985,0.38124,13.3154,3.792473,,3284,-1.45647,0.09561,3.4478,4.012022434078453
238.0,5.79613,0.38289,13.3728,3.792783,,3285,-1.45275,0.09604,3.4632,4.070175012625754
239.0,5.79985,0.38458,13.4319,3.793403,,3286,-1.45275,0.09647,3.4787,4.045597047069161
240.0,5.79985,0.38608,13.4842,3.793713,,3287,-1.45089,0.0969,3.4941,4.068902858275867
241.0,5.79985,0.38778,13.5439,3.794333,,3288,-1.45275,0.09733,3.5095,4.2041396120804
242.0,5.79799,0.38949,13.6035,3.794953,,3289,-1.45461,0.09775,3.525,4.009041395704037
243.0,5.79985,0.3912,13.6631,3.794953,,3290,-1.45275,0.09818,3.5404,4.058128967737377
244.0,5.79985,0.39289,13.7222,3.795883,,3291,-1.45275,0.09861,3.5558,4.139632902844429
245.0,5.79985,0.39439,13.7745,3.796503,,3292,-1.45275,0.09902,3.5705,4.0822511990192485
246.0,5.79985,0.3961,13.8342,3.796813,,3293,-1.45461,0.09939,3.5841,4.014062583764823
247.0,5.79799,0.3978,13.8938,3.797123,,3294,-1.45275,0.09982,3.5995,4.096463458993498
248.0,5.79985,0.39951,13.9534,3.797433,,3295,-1.45275,0.10025,3.6149,4.0846813554519
249.0,5.79799,0.40122,14.0131,3.797743,,3296,-1.45089,0.10068,3.6303,4.093597582797415
250.0,5.79613,0.40293,14.0727,3.798053,,3297,-1.45275,0.1011,3.6458,4.080007378516596
251.0,5.79613,0.40463,14.1323,3.798363,,3298,-1.45461,0.10153,3.6612,4.044750463500962
252.0,5.79799,0.40639,14.1937,3.798673,,3299,-1.45275,0.10196,3.6766,4.017727755460221
253.0,5.79985,0.408,14.2499,3.798983,,3300,-1.45275,0.10239,3.6921,4.079185722140719
254.0,5.79613,0.40969,14.309,3.798983,,3301,-1.45275,0.10281,3.7075,4.0459154301696625
255.0,5.79799,0.41119,14.3613,3.799603,,3302,-1.45275,0.10324,3.7229,4.050858408296819
256.0,5.79985,0.4129,14.4209,3.799913,,3304,-1.45275,0.10367,3.7383,4.048869990319417
257.0,5.79799,0.4146,14.4806,3.800223,,3305,-1.45461,0.1041,3.7538,4.038458697425636
258.0,5.79985,0.4163,14.5396,3.800533,,3306,-1.45461,0.10453,3.7692,4.104897462323402
259.0,5.79613,0.41779,14.592,3.801153,,3307,-1.45461,0.10498,3.7854,4.066176820698591
261.0,5.79985,0.4195,14.6516,3.801463,,3308,-1.45275,0.10537,3.7998,4.023128250650083
262.0,5.79985,0.42121,14.7112,3.801773,,3309,-1.45275,0.1058,3.8152,4.111294862520596
263.0,5.79985,0.42292,14.7709,3.802083,,3310,-1.45275,0.10623,3.8306,4.035282368869983
264.0,5.79613,0.42462,14.8305,3.802703,,3311,-1.45275,0.10665,3.8459,4.050040065396199
265.0,5.79613,0.42633,14.8901,3.803013,,3312,-1.45461,0.10703,3.8595,4.025772823176155
266.0,5.79985,0.42804,14.9498,3.803324,,3313,-1.45275,0.10746,3.8749,4.050640681625891
267.0,5.79799,0.42978,15.0105,3.803633,,3314,-1.45275,0.10789,3.8903,4.023349581324701
268.0,5.79985,0.43147,15.0696,3.803943,,3315,-1.45461,0.10831,3.9058,4.05691834770724
269.0,5.79799,0.43297,15.1219,3.804254,,3316,-1.45275,0.10874,3.9212,4.016398726539381
270.0,5.79985,0.43467,15.1816,3.804564,,3317,-1.45089,0.10917,3.9366,4.04142648218939
271.0,5.79985,0.43638,15.2412,3.804873,,3318,-1.45275,0.1096,3.952,4.127424951573999
272.0,5.79985,0.43809,15.3008,3.805184,,3319,-1.45461,0.11003,3.9675,4.008989332897049
273.0,5.79799,0.4398,15.3604,3.805804,,3320,-1.45275,0.11045,3.9829,3.978003334128423
274.0,5.79613,0.44146,15.4184,3.806113,,3321,-1.45461,0.11088,3.9983,4.036128130672786
275.0,5.79799,0.44303,15.4735,3.806424,,3322,-1.45275,0.11129,4.0132,4.047725755005806
276.0,5.79799,0.44474,15.5331,3.806734,,3323,-1.45275,0.11172,4.0286,4.1666106088499255
277.0,5.80171,0.44645,15.5928,3.807044,,3324,-1.45461,0.11215,4.0441,4.1030882450257105
278.0,5.79613,0.44816,15.6524,3.807664,,3326,-1.45275,0.11258,4.0595,4.088977994385118
279.0,5.79985,0.44986,15.712,3.807664,,3327,-1.45461,0.11301,4.0749,4.022182684672748
280.0,5.79427,0.45157,15.7717,3.808284,,3328,-1.45461,0.11343,4.0904,4.084093316236853
281.0,5.79799,0.45328,15.8313,3.808594,,3329,-1.45275,0.11386,4.1058,4.072558215572818
283.0,5.79799,0.45499,15.8909,3.808904,,3330,-1.45461,0.11424,4.1193,4.019960792339222
284.0,5.79799,0.45669,15.9506,3.809214,,3331,-1.45275,0.11466,4.1348,4.007585426490285
285.0,5.79799,0.4584,16.0102,3.809524,,3332,-1.45275,0.11509,4.1502,4.128951309865644
286.0,5.79985,0.46011,16.0698,3.809834,,3333,-1.45275,0.11552,4.1656,3.9898713552955067
287.0,5.79799,0.46181,16.1295,3.810144,,3334,-1.45275,0.11595,4.181,4.0817455082907586
288.0,5.79799,0.46352,16.1891,3.810454,,3335,-1.44903,0.11638,4.1965,3.9846943711977185
289.0,5.79985,0.46525,16.2493,3.810764,,3336,-1.45275,0.1168,4.2119,4.017272482448218
290.0,5.79985,0.46695,16.3089,3.811074,,3337,-1.45275,0.11728,4.2292,3.9462640313579715
291.0,5.79613,0.46866,16.3686,3.811694,,3338,-1.45275,0.11768,4.2435,4.034050608952025
292.0,5.79985,0.47037,16.4282,3.811694,,3339,-1.45275,0.11811,4.2589,4.056360838888978
293.0,5.79985,0.47207,16.4878,3.812314,,3340,-1.45461,0.11854,4.2744,3.990357008947166
294.0,5.79799,0.47378,16.5474,3.812624,,3341,-1.45275,0.11897,4.2899,4.022014912613348
295.0,5.79799,0.47549,16.6071,3.812934,,3342,-1.45275,0.1194,4.3054,4.008507876869629
296.0,5.79985,0.4772,16.6667,3.813244,,3343,-1.45461,0.11982,4.3208,4.080343145996167
297.0,5.79985,0.47873,16.7202,3.813554,,3345,-1.45275,0.12025,4.3362,3.9768002338237936
298.0,5.79799,0.48039,16.7781,3.813864,,3346,-1.45275,0.12068,4.3515,4.1110005761534225
299.0,5.79799,0.48209,16.8378,3.814484,,3347,-1.45275,0.12105,4.365,4.061142067067814
300.0,5.79613,0.4838,16.8974,3.814794,,3348,-1.45275,0.12148,4.3805,4.010428848466595
301.0,5.79985,0.48553,16.9576,3.815104,,3349,-1.45275,0.12191,4.3959,4.081383654976626
302.0,5.79799,0.48723,17.0172,3.815414,,3350,-1.45275,0.12233,4.4113,4.077425115689174
304.0,5.79799,0.48894,17.0769,3.815724,,3351,-1.45275,0.12276,4.4268,4.075454148529034
305.0,5.79799,0.49065,17.1365,3.816034,,3352,-1.45275,0.1232,4.4425,4.056084997465337
306.0,5.79799,0.49235,17.1961,3.816344,,3353,-1.45275,0.12357,4.456,4.066189786533775
307.0,5.79613,0.49385,17.2484,3.816654,,3354,-1.45275,0.124,4.4714,4.048400893421251
308.0,5.79985,0.49556,17.3081,3.816964,,3355,-1.45275,0.12443,4.4869,4.071134577111923
309.0,5.79613,0.49727,17.3677,3.817584,,3356,-1.45275,0.12485,4.5021,4.057970406949076
310.0,5.79985,0.49897,17.4273,3.817894,,3357,-1.45275,0.12528,4.5177,4.069480280045941
311.0,5.79427,0.50068,17.487,3.818204,,3358,-1.45275,0.12571,4.5332,3.9434370629726656
312.0,5.79613,0.50255,17.5522,3.818514,,3359,-1.45275,0.12614,4.5486,4.040294755538
313.0,5.79985,0.50411,17.6068,3.818824,,3360,-1.45275,0.12657,4.564,3.9644894457869118
314.0,5.79799,0.50582,17.6664,3.819134,,3361,-1.45089,0.127,4.5794,4.036484059312561
315.0,5.79613,0.50753,17.7261,3.819444,,3362,-1.45275,0.12742,4.5949,4.020389184650224
316.0,5.80171,0.50924,17.7857,3.819444,,3363,-1.45275,0.12785,4.6103,3.964570902710234
317.0,5.79799,0.51094,17.8453,3.819754,,3364,-1.45275,0.12823,4.6238,4.0082358541016685
318.0,5.79799,0.51263,17.9044,3.820065,,3365,-1.45275,0.12866,4.6393,3.995099243603293
319.0,5.79985,0.51413,17.9567,3.820684,,3366,-1.45275,0.12908,4.6547,4.106600009106441
320.0,5.79985,0.51584,18.0164,3.820684,,3367,-1.45275,0.12949,4.6692,3.9744258423100898
321.0,5.79427,0.51755,18.076,3.820995,,3368,-1.45089,0.12988,4.6835,4.040609935014855
322.0,5.79613,0.51926,18.1357,3.821305,,3370,-1.45275,0.13031,4.6989,4.024194087411569
323.0,5.79985,0.52096,18.1953,3.821615,,3371,-1.45275,0.13074,4.7144,4.045409666701455
325.0,5.79985,0.52267,18.2549,3.821925,,3372,-1.45275,0.13117,4.7298,4.039392290472567
326.0,5.80171,0.52438,18.3145,3.822235,,3373,-1.45275,0.13159,4.7452,4.073011724606114
327.0,5.79985,0.5261,18.3747,3.822855,,3374,-1.45275,0.13202,4.7607,4.16685557143453
328.0,5.80171,0.52765,18.4288,3.822855,,3375,-1.45275,0.13245,4.7761,4.025534912225273
329.0,5.80171,0.52935,18.4884,3.823165,,3376,-1.45275,0.13288,4.7915,4.05990761171958
330.0,5.79985,0.53106,18.548,3.823475,,3377,-1.45461,0.1333,4.8069,4.065288443080115
331.0,5.79799,0.53277,18.6076,3.823785,,3378,-1.45275,0.13373,4.8224,4.045026251178756
332.0,5.79985,0.53448,18.6673,3.824095,,3379,-1.45275,0.13416,4.8378,4.048984786291424
333.0,5.79985,0.53619,18.7269,3.824405,,3380,-1.45275,0.13459,4.8532,4.017378106118852
334.0,5.79799,0.53789,18.7866,3.824715,,3381,-1.45089,0.13502,4.8686,4.011195442989852
335.0,5.79799,0.5396,18.8462,3.825025,,3382,-1.45275,0.1354,4.8824,4.041553129118269
336.0,5.80543,0.54131,18.9058,3.825025,,3383,-1.45275,0.13583,4.8979,4.064840486871197
337.0,5.79613,0.54301,18.9654,3.825645,,3384,-1.45275,0.13626,4.9133,4.051317679392688
338.0,5.80357,0.54472,19.0251,3.825955,,3385,-1.45461,0.13668,4.9287,4.142717671459167
339.0,5.80171,0.54643,19.0847,3.825955,,3386,-1.45275,0.13711,4.9442,4.1113559726135644
340.0,5.79799,0.54815,19.1449,3.826575,,3387,-1.45461,0.13754,4.9598,4.007097737594134
341.0,5.79799,0.54986,19.2046,3.826885,,3388,-1.45275,0.13797,4.9752,4.069231552678202
342.0,5.79799,0.55147,19.2608,3.826885,,3389,-1.45275,0.1384,4.9906,4.015067323501656
343.0,5.79985,0.55305,19.3159,3.827505,,3391,-1.45275,0.13883,5.0061,4.0527102883951125
344.0,5.79985,0.55474,19.375,3.827815,,3392,-1.45275,0.1392,5.0196,4.003798176334244
346.0,5.80171,0.55645,19.4347,3.828125,,3393,-1.45275,0.13963,5.035,3.975081919049768
347.0,5.79985,0.55816,19.4943,3.828435,,3394,-1.45275,0.14006,5.0504,4.042153679302285
348.0,5.79985,0.55986,19.5539,3.828745,,3395,-1.45275,0.14049,5.0659,4.044521810665679
349.0,5.79799,0.56157,19.6135,3.829055,,3396,-1.45275,0.14091,5.0813,3.9863088489315097
350.0,5.79799,0.56307,19.6659,3.829365,,3397,-1.45461,0.14132,5.096,4.014106143515975
351.0,5.79799,0.56478,19.7255,3.829675,,3398,-1.45275,0.14172,5.1103,4.061384520575884
352.0,5.79985,0.56648,19.7851,3.829985,,3399,-1.45275,0.14214,5.1257,4.022409217390098
353.0,5.79799,0.56819,19.8447,3.830295,,3400,-1.45275,0.14257,5.1411,4.044606534540783
354.0,5.79985,0.5699,19.9044,3.830605,,3401,-1.45275,0.143,5.1565,4.050927054343411
355.0,5.79613,0.5716,19.964,3.830915,,3402,-1.45275,0.14343,5.172,3.895327148261944
356.0,5.79799,0.57333,20.0242,3.831225,,3403,-1.45275,0.14386,5.1874,3.992764174725464
357.0,5.79613,0.57504,20.0838,3.831535,,3404,-1.45461,0.14428,5.2028,4.068448414856124
358.0,5.79613,0.5766,20.1384,3.831535,,3405,-1.45275,0.14471,5.2183,3.9649267648541917
359.0,5.79985,0.5783,20.198,3.832155,,3406,-1.45275,0.14514,5.2337,3.9518090336659717
360.0,5.80171,0.58001,20.2577,3.832155,,3407,-1.45275,0.14557,5.2491,4.063201607300906
361.0,5.79799,0.58172,20.3173,3.832465,,3408,-1.45275,0.146,5.2646,4.005883000703868
362.0,5.79613,0.58343,20.3769,3.833085,,3409,-1.45275,0.14642,5.28,4.084870281659841
363.0,5.79985,0.58513,20.4365,3.833085,,3410,-1.45275,0.14685,5.2954,3.984374029785154
364.0,5.79985,0.58684,20.4962,3.833395,,3411,-1.45275,0.14728,5.3108,4.0197888250826175
365.0,5.79799,0.58855,20.5558,3.833705,,3412,-1.45461,0.14765,5.3244,4.048504215251603
367.0,5.79799,0.59026,20.6154,3.834015,,3414,-1.45275,0.14808,5.3398,3.964899102609067
368.0,5.79427,0.59196,20.6751,3.834325,,3415,-1.45089,0.14851,5.3552,4.080063448195836
369.0,5.79985,0.59367,20.7347,3.834635,,3416,-1.45275,0.14894,5.3707,4.0446266210526955
370.0,5.79241,0.59538,20.7943,3.834945,,3417,-1.45275,0.14937,5.3862,3.9955114135820144
371.0,5.79613,0.5971,20.8545,3.834945,,3418,-1.45461,0.1498,5.4017,4.12043020535135
372.0,5.79985,0.59881,20.9142,3.835566,,3419,-1.45275,0.15023,5.4171,3.987239879603335
373.0,5.79613,0.60032,20.967,3.835876,,3420,-1.45461,0.15065,5.4325,4.123179228244831
374.0,5.79613,0.60203,21.0267,3.836185,,3421,-1.45461,0.15108,5.448,4.027887837930173
375.0,5.79427,0.60374,21.0863,3.836496,,3422,-1.45461,0.15151,5.4634,4.083202677381595
376.0,5.79799,0.60545,21.1459,3.836806,,3423,-1.45275,0.15194,5.4788,4.038025517069849
377.0,5.80357,0.60715,21.2056,3.837116,,3424,-1.45275,0.15237,5.4942,4.06665702801784
378.0,5.79985,0.60886,21.2652,3.837736,,3425,-1.45275,0.15279,5.5097,3.9578875694104725
379.0,5.79427,0.61036,21.3175,3.837736,,3426,-1.45461,0.15322,5.5251,4.033277781442705
380.0,5.79985,0.61206,21.3771,3.838046,,3427,-1.45461,0.15363,5.5398,4.02125161338437
381.0,5.79613,0.61377,21.4368,3.838046,,3428,-1.45275,0.15403,5.5542,4.0861805114557335
382.0,5.79799,0.61548,21.4964,3.838356,,3429,-1.45275,0.15446,5.5696,4.036434032878961
383.0,5.79799,0.61717,21.5555,3.838666,,3430,-1.45275,0.15488,5.5851,4.030052100023604
384.0,5.79985,0.61889,21.6157,3.839286,,3431,-1.45461,0.15531,5.6005,3.981999209519599
385.0,5.79985,0.6206,21.6753,3.839596,,3433,-1.45275,0.15574,5.6159,3.9866117957765344
386.0,5.79799,0.62231,21.7349,3.839906,,3434,-1.45275,0.15617,5.6313,4.0267830002675735
387.0,5.80357,0.62379,21.7867,3.840216,,3435,-1.45461,0.1566,5.6468,4.005668694337282
388.0,5.80171,0.62551,21.8469,3.840526,,3436,-1.45275,0.15702,5.6622,3.9727234836764995
389.0,5.79985,0.62722,21.9065,3.840836,,3437,-1.45461,0.15745,5.6777,3.969096778946536
390.0,5.79985,0.62895,21.9667,3.841146,,3438,-1.45275,0.15788,5.6932,3.9799758087634656
392.0,5.79985,0.63065,22.0264,3.841456,,3439,-1.45275,0.15831,5.7086,4.016784125470162
393.0,5.79985,0.63236,22.086,3.841456,,3440,-1.45275,0.15874,5.7241,3.989354502043512
394.0,5.79799,0.63407,22.1456,3.841766,,3441,-1.45275,0.15912,5.7378,3.9890259806957915
395.0,5.79613,0.63577,22.2052,3.842076,,3442,-1.45275,0.15955,5.7535,4.0988891890436125
396.0,5.79799,0.63748,22.2649,3.842696,,3443,-1.45275,0.15995,5.7679,4.0431968337741235
397.0,5.79985,0.63919,22.3245,3.842696,,3444,-1.45275,0.16038,5.7833,4.001278634198412
398.0,5.79985,0.6409,22.3842,3.843006,,3445,-1.45275,0.16081,5.7988,4.115751869870961
399.0,5.79427,0.64261,22.4438,3.843316,,3446,-1.45275,0.16124,5.8143,4.062492474859747
400.0,5.79799,0.64431,22.5034,3.843316,,3447,-1.45275,0.16167,5.8298,3.9905605489442966
401.0,5.79985,0.64602,22.5631,3.843936,,3448,-1.45461,0.16209,5.845,3.9920480509497955
402.0,5.80171,0.64773,22.6227,3.844246,,3449,-1.45275,0.16247,5.8586,4.0061312798872795
403.0,5.80357,0.64932,22.6784,3.844866,,3450,-1.45275,0.1629,5.874,3.985131003042752
404.0,5.80171,0.65103,22.738,3.844866,,3451,-1.45275,0.16332,5.8894,4.066477850469249
405.0,5.79613,0.65274,22.7976,3.845176,,3452,-1.45461,0.16375,5.9049,3.9710037823076103
406.0,5.79799,0.65444,22.8573,3.845486,,3453,-1.45275,0.16418,5.9203,4.139629951892389
407.0,5.80357,0.65615,22.9169,3.845796,,3454,-1.45275,0.16461,5.9357,4.077871705804191
408.0,5.79613,0.65786,22.9765,3.846106,,3456,-1.45461,0.16504,5.9511,4.078873283152132
409.0,5.79985,0.65936,23.0288,3.846106,,3457,-1.45275,0.16546,5.9666,3.991844963030157
410.0,5.79427,0.66106,23.0885,3.846416,,3458,-1.45275,0.16587,5.9813,4.009075385271335
412.0,5.79613,0.66277,23.1481,3.846726,,3459,-1.45275,0.1663,5.9968,4.027979862742445
413.0,5.80171,0.66448,23.2077,3.847036,,3460,-1.45275,0.16668,6.0104,3.999436192820687
414.0,5.79799,0.66619,23.2674,3.847346,,3461,-1.45275,0.16711,6.0258,4.020084801862934
415.0,5.79427,0.66789,23.327,3.847656,,3462,-1.45275,0.16753,6.0412,3.9818801349787085
416.0,5.80357,0.6696,23.3866,3.847966,,3463,-1.45275,0.16796,6.0567,4.062634797688729
417.0,5.79613,0.67131,23.4463,3.847966,,3464,-1.45461,0.16839,6.0721,4.025054569282398
418.0,5.79985,0.67306,23.5076,3.848276,,3465,-1.45275,0.16882,6.0875,4.026919702834567
419.0,5.79799,0.67458,23.5605,3.848586,,3466,-1.45275,0.16925,6.1029,3.982127699995659
420.0,5.79985,0.67628,23.6201,3.848896,,3467,-1.45275,0.16967,6.1184,4.048925960237416
421.0,5.79799,0.67799,23.6797,3.849206,,3468,-1.45275,0.1701,6.1338,4.097285641594176
422.0,5.79985,0.6797,23.7393,3.849516,,3469,-1.45275,0.17053,6.1492,4.04999330852996
423.0,5.80171,0.68141,23.799,3.849826,,3470,-1.45275,0.17096,6.1646,3.954879433229027
424.0,5.80357,0.68311,23.8586,3.850137,,3471,-1.45275,0.17138,6.1801,3.915021824964719
425.0,5.79799,0.68482,23.9183,3.850446,,3472,-1.45275,0.17182,6.1959,4.0700206126221
426.0,5.79613,0.68653,23.9779,3.850756,,3473,-1.45275,0.17223,6.2106,4.013167522172787
427.0,5.79799,0.68824,24.0375,3.850756,,3474,-1.45275,0.17261,6.2242,4.035793871508609
428.0,5.79985,0.68994,24.0972,3.851066,,3475,-1.45275,0.17304,6.2396,3.975388394699602
429.0,5.80357,0.69165,24.1568,3.851377,,3476,-1.45275,0.17346,6.255,4.057866724071353
431.0,5.80171,0.69336,24.2164,3.851686,,3477,-1.45275,0.17389,6.2705,4.148607494958058
432.0,5.80543,0.69508,24.2766,3.851996,,3478,-1.45275,0.17432,6.2861,4.064462180206906
433.0,5.79985,0.69674,24.3346,3.852307,,3480,-1.45275,0.17475,6.3013,3.992149939014031
434.0,5.79799,0.6984,24.3925,3.852617,,3481,-1.45461,0.17512,6.3149,4.107983440200166
435.0,5.80171,0.70011,24.4522,3.852926,,3482,-1.45275,0.17555,6.3303,3.965241710933516
436.0,5.79799,0.7018,24.5112,3.852926,,3483,-1.45275,0.17598,6.3457,3.990825342767725
437.0,5.79613,0.7033,24.5636,3.853237,,3484,-1.45461,0.17641,6.3612,4.0724189676078435
438.0,5.79985,0.70501,24.6232,3.853857,,3485,-1.45275,0.17683,6.3766,4.058001513957558
439.0,5.79799,0.70671,24.6828,3.854167,,3486,-1.45275,0.17726,6.392,4.065454851760574
440.0,5.79985,0.70842,24.7425,3.854477,,3487,-1.45461,0.17769,6.4074,3.950364778532975
441.0,5.79799,0.71014,24.8027,3.854787,,3488,-1.45275,0.17813,6.4232,4.024187586214112
442.0,5.79985,0.71184,24.8617,3.854787,,3489,-1.45461,0.17853,6.4376,3.985698862113486
443.0,5.79799,0.71333,24.9141,3.855097,,3490,-1.45275,0.17895,6.453,3.9952320372892984
444.0,5.79985,0.71506,24.9743,3.855407,,3491,-1.45461,0.17938,6.4684,4.084660818062276
445.0,5.79799,0.71676,25.0339,3.855717,,3492,-1.45275,0.17981,6.4839,3.9335646939549953
446.0,5.79613,0.71847,25.0935,3.855717,,3493,-1.45275,0.18024,6.4993,4.006059447801199
447.0,5.79613,0.72018,25.1531,3.856337,,3494,-1.45461,0.18061,6.5128,4.044384348650541
448.0,5.80171,0.72179,25.2094,3.856337,,3495,-1.45461,0.18104,6.5283,4.097196339372097
449.0,5.79985,0.72329,25.2617,3.856647,,3496,-1.45275,0.18147,6.5437,3.946671650997242
450.0,5.79799,0.72499,25.3214,3.856957,,3497,-1.45647,0.1819,6.5591,4.049646354470697
451.0,5.79985,0.7267,25.381,3.857267,,3498,-1.45275,0.18232,6.5746,4.050138613043575
452.0,5.79427,0.72841,25.4406,3.857577,,3499,-1.45275,0.18275,6.59,4.017233473457879
453.0,5.79799,0.73012,25.5003,3.857887,,3500,-1.45275,0.18318,6.6054,3.941711698176598
454.0,5.80357,0.73183,25.5599,3.858197,,3502,-1.45275,0.18361,6.6209,4.077495621612333
455.0,5.79985,0.73353,25.6196,3.858197,,3503,-1.45275,0.18403,6.636,4.055064943991902
456.0,5.79985,0.73524,25.6792,3.858507,,3504,-1.45089,0.18446,6.6514,4.005276376958374
458.0,5.79985,0.73695,25.7388,3.859127,,3505,-1.45275,0.18488,6.6669,4.046640938486377
459.0,5.79985,0.73865,25.7984,3.859437,,3506,-1.45275,0.18531,6.6823,3.9991460210882313
460.0,5.79427,0.74036,25.8581,3.859747,,3507,-1.45275,0.18574,6.6977,3.91312475603161
461.0,5.79985,0.74207,25.9177,3.859747,,3508,-1.44903,0.18617,6.7131,4.043947714027566
462.0,5.79985,0.74357,25.97,3.860057,,3509,-1.45275,0.18659,6.7285,3.9755506186571417
463.0,5.79985,0.74523,26.028,3.860367,,3510,-1.45461,0.18702,6.744,4.015137991473645
464.0,5.79799,0.747,26.0899,3.860987,,3511,-1.45275,0.18745,6.7594,3.985081961013874
465.0,5.79799,0.74851,26.1428,3.861297,,3512,-1.45275,0.18788,6.7748,4.045443111934294
466.0,5.79799,0.75022,26.2024,3.861607,,3513,-1.45275,0.18831,6.7903,3.9740069742717954
467.0,5.79799,0.75193,26.2621,3.861917,,3514,-1.45275,0.18873,6.8055,4.106777228328008
468.0,5.80357,0.75364,26.3217,3.862227,,3515,-1.45275,0.18916,6.821,4.025992520547561
469.0,5.79985,0.75534,26.3814,3.862537,,3516,-1.45275,0.18959,6.8364,3.9972420546425913
470.0,5.79799,0.75705,26.441,3.862847,,3517,-1.45275,0.19003,6.8523,4.101812460609678
471.0,5.79799,0.75876,26.5006,3.863157,,3518,-1.45275,0.19042,6.8664,4.066269971266556
472.0,5.79985,0.76047,26.5602,3.863157,,3519,-1.45275,0.19085,6.8818,4.036436870619323
473.0,5.79985,0.76217,26.6199,3.863467,,3521,-1.45461,0.19127,6.8972,3.998247045186955
474.0,5.79799,0.76367,26.6722,3.863777,,3522,-1.45275,0.1917,6.9126,3.9742719376646685
475.0,5.80171,0.76538,26.7318,3.864087,,3523,-1.45461,0.19213,6.9281,4.034639309818011
476.0,5.79799,0.76709,26.7915,3.864397,,3524,-1.45275,0.19256,6.9435,4.03543608107504
477.0,5.79985,0.76879,26.8511,3.864707,,3525,-1.45275,0.19298,6.9589,4.021069661101416
478.0,5.79799,0.77057,26.913,3.864707,,3526,-1.45089,0.19341,6.9744,4.049674767822187
479.0,5.79985,0.77227,26.9726,3.865017,,3527,-1.45461,0.19384,6.9898,4.040128710624424
480.0,5.79613,0.77377,27.0249,3.865327,,3528,-1.45275,0.19427,7.0052,4.053271059280412
482.0,5.79985,0.77548,27.0846,3.865637,,3529,-1.45461,0.1947,7.0206,3.905148201888908
483.0,5.79799,0.7772,27.1448,3.865947,,3530,-1.45089,0.19512,7.0361,4.014252162566432
484.0,5.79427,0.77891,27.2044,3.866257,,3531,-1.45461,0.19555,7.0515,3.956491829825559
485.0,5.79799,0.78062,27.264,3.866567,,3532,-1.45275,0.19598,7.0669,4.067181770829952
486.0,5.80171,0.78232,27.3237,3.866567,,3533,-1.45275,0.19636,7.0808,4.00333170902533
487.0,5.79613,0.78403,27.3833,3.866878,,3534,-1.45275,0.19679,7.0962,4.002156930611913
488.0,5.79613,0.78574,27.4429,3.867188,,3535,-1.45089,0.19722,7.1116,4.013798772441479
489.0,5.79613,0.78745,27.5026,3.867808,,3536,-1.45275,0.19765,7.127,4.055045541359313
490.0,5.79799,0.78915,27.5622,3.867808,,3537,-1.45275,0.19807,7.1425,4.070427688281256
491.0,5.79985,0.79065,27.6145,3.868118,,3538,-1.45275,0.1985,7.1579,3.978029201988728
492.0,5.79799,0.79236,27.6742,3.868428,,3539,-1.45461,0.19893,7.1732,4.011784435496507
493.0,5.79985,0.79413,27.736,3.868738,,3540,-1.45089,0.19935,7.1886,4.00096162788839
494.0,5.80171,0.79579,27.794,3.869048,,3541,-1.45275,0.19973,7.2022,3.920162091788745
495.0,5.79799,0.79729,27.8463,3.869358,,3543,-1.45275,0.20016,7.2176,4.014888097491396
496.0,5.80171,0.79899,27.9059,3.869668,,3544,-1.45275,0.20058,7.233,3.9606353364754256
497.0,5.79985,0.8007,27.9655,3.869978,,3545,-1.45461,0.20101,7.2484,4.086948306604172
498.0,5.79985,0.80241,28.0252,3.870288,,3546,-1.45461,0.20144,7.2637,4.082263502048086
499.0,5.79985,0.80412,28.0848,3.870598,,3547,-1.45275,0.20181,7.2773,3.978746308968608
500.0,5.79799,0.80582,28.1445,3.870908,,3548,-1.45461,0.20224,7.2928,4.033528166954748
501.0,5.79799,0.80753,28.2041,3.871218,,3549,-1.45461,0.20265,7.3075,4.017430016777659
502.0,5.79985,0.80924,28.2637,3.871528,,3550,-1.45275,0.20308,7.323,4.122241651710895
503.0,5.79799,0.81095,28.3234,3.871528,,3551,-1.45275,0.20351,7.3384,4.053024127655196
505.0,5.80171,0.81265,28.383,3.871838,,3552,-1.45275,0.20393,7.3538,4.079691708791269
506.0,5.79799,0.81436,28.4426,3.872458,,3553,-1.45275,0.20436,7.3692,4.007216370964706
507.0,5.79985,0.81586,28.495,3.872458,,3554,-1.45275,0.20479,7.3847,3.980086033641349
508.0,5.79985,0.81757,28.5546,3.872768,,3555,-1.45275,0.20522,7.4001,3.9332880592646045
509.0,5.79985,0.81918,28.6108,3.872768,,3556,-1.45461,0.20565,7.4155,4.046679004210403
510.0,5.79799,0.8209,28.671,3.873078,,3557,-1.45089,0.20607,7.431,3.9978787897013617
511.0,5.79985,0.82261,28.7307,3.873388,,3558,-1.45275,0.2065,7.4464,4.072141343989377
512.0,5.79985,0.82432,28.7903,3.873388,,3559,-1.45461,0.20688,7.4599,4.027452213176069
513.0,5.79799,0.82602,28.8499,3.873698,,3560,-1.45461,0.20731,7.4754,3.95560469566712
514.0,5.79985,0.82772,28.909,3.874008,,3561,-1.45461,0.20773,7.4908,4.034771049992141
515.0,5.79799,0.82921,28.9613,3.874318,,3562,-1.45461,0.20815,7.5058,3.9406328682056464
516.0,5.79427,0.83092,29.021,3.874628,,3563,-1.45275,0.20856,7.5208,4.03108667378119
517.0,5.79985,0.83263,29.0806,3.874938,,3564,-1.45461,0.20894,7.5343,4.026613549498403
518.0,5.80171,0.83434,29.1402,3.874938,,3565,-1.45275,0.20937,7.5498,3.947494124739132
519.0,5.79985,0.83604,29.1999,3.875248,,3566,-1.45275,0.2098,7.5652,3.909163554251468
520.0,5.79799,0.83775,29.2595,3.875558,,3567,-1.45275,0.21022,7.5806,3.98635846447182
521.0,5.79799,0.83925,29.3118,3.875558,,3568,-1.45275,0.21066,7.5962,3.9703786889981925
522.0,5.79985,0.84094,29.3709,3.876178,,3570,-1.45275,0.21108,7.6116,4.052248078904359
523.0,5.80171,0.84255,29.4271,3.876488,,3571,-1.45275,0.21151,7.6269,4.0021277298487306
524.0,5.79799,0.84431,29.4885,3.876488,,3572,-1.45275,0.21188,7.6404,3.966646371844929
525.0,5.79613,0.8458,29.5408,3.876798,,3573,-1.45275,0.21231,7.6559,3.985811866628743
526.0,5.79613,0.84751,29.6004,3.877108,,3574,-1.45275,0.21274,7.6713,4.015534486822733
527.0,5.79985,0.84922,29.66,3.877418,,3575,-1.45275,0.21317,7.6867,4.040866964698652
528.0,5.79613,0.85093,29.7197,3.877728,,3576,-1.45275,0.21359,7.7021,4.081820512752835
529.0,5.79985,0.85263,29.7793,3.878038,,3577,-1.45461,0.21402,7.7176,4.043060831863058
530.0,5.79427,0.85434,29.8389,3.878348,,3578,-1.45461,0.21443,7.7324,3.9625143238398075
531.0,5.79613,0.85584,29.8913,3.878658,,3579,-1.45275,0.21485,7.7476,3.918045846687332
532.0,5.79799,0.85755,29.9509,3.878968,,3580,-1.45461,0.21529,7.7631,4.069712096680049
533.0,5.80171,0.85925,30.0105,3.879278,,3581,-1.45275,0.21571,7.7784,4.005231576839805
534.0,5.79985,0.86075,30.0628,3.879588,,3582,-1.45461,0.21608,7.7919,4.054776193065338
536.0,5.79985,0.86246,30.1225,3.879898,,3583,-1.45275,0.21651,7.8074,4.066762161829878
537.0,5.79985,0.86417,30.1821,3.880208,,3584,-1.45275,0.21694,7.8228,4.119176123579969
538.0,5.79613,0.86587,30.2417,3.880208,,3585,-1.45275,0.21737,7.8382,4.0754355227333585
539.0,5.79985,0.8675,30.2985,3.880828,,3586,-1.45461,0.2178,7.8538,3.9594031608640767
540.0,5.79985,0.86922,30.3587,3.881138,,3587,-1.45089,0.21823,7.8692,3.970287658116081
541.0,5.79985,0.87093,30.4183,3.881449,,3588,-1.45275,0.21866,7.8846,4.053230767501359
542.0,5.79799,0.87264,30.478,3.881449,,3589,-1.45275,0.21908,7.9001,3.99596970801772
543.0,5.79613,0.87433,30.537,3.881758,,3590,-1.45275,0.21951,7.9155,4.0414883414298535
544.0,5.79799,0.87604,30.5967,3.882068,,3591,-1.45089,0.21989,7.929,4.048433234179818
545.0,5.79985,0.87774,30.6563,3.882689,,3592,-1.45275,0.22033,7.9449,3.9940810680872834
546.0,5.79799,0.87945,30.7159,3.882689,,3593,-1.45275,0.22075,7.96,3.984218619849521
547.0,5.79613,0.88095,30.7683,3.882998,,3595,-1.45461,0.22117,7.9755,4.037960765663271
548.0,5.79985,0.88266,30.8279,3.883309,,3596,-1.45461,0.2216,7.9909,3.9834600820185746
549.0,5.79613,0.88436,30.8875,3.883619,,3597,-1.45275,0.22203,8.0062,4.018158528282389
550.0,5.79985,0.88607,30.9472,3.883929,,3598,-1.45275,0.2224,8.0197,4.010737481971319
551.0,5.79613,0.88778,31.0068,3.883929,,3599,-1.45275,0.22283,8.0352,4.052073892390288
552.0,5.79613,0.88949,31.0664,3.884238,,3600,-1.45275,0.22326,8.0506,3.967807404919698
553.0,5.79985,0.89122,31.1272,3.884549,,3601,-1.45275,0.22369,8.066,3.9560190467050376
554.0,5.79985,0.8929,31.1857,3.884859,,3602,-1.45275,0.22411,8.0815,3.9247241377417597
555.0,5.80171,0.8944,31.238,3.885169,,3603,-1.45461,0.22454,8.0969,3.991962911330805
556.0,5.79985,0.89611,31.2976,3.885479,,3604,-1.45275,0.22497,8.1123,4.002098594346006
557.0,5.79985,0.89781,31.3572,3.885789,,3605,-1.45275,0.2254,8.1278,3.955680344400764
558.0,5.79799,0.89954,31.4174,3.886099,,3606,-1.45275,0.22583,8.1433,3.9979061939138516
560.0,5.79985,0.90124,31.4771,3.886409,,3607,-1.45275,0.22626,8.1588,4.064763186301391
561.0,5.79985,0.90295,31.5367,3.886719,,3608,-1.45275,0.22663,8.1723,4.114873189350526
562.0,5.79799,0.90466,31.5964,3.887029,,3609,-1.45461,0.22707,8.188,4.0168844159171995
563.0,5.79985,0.90637,31.656,3.887339,,3610,-1.45275,0.2275,8.2034,3.989996740212783
564.0,5.80171,0.90807,31.7156,3.887649,,3611,-1.45461,0.22787,8.217,4.036515925322143
565.0,5.79985,0.90978,31.7753,3.887649,,3612,-1.45275,0.2283,8.2323,4.013949812000987
566.0,5.79985,0.91149,31.8349,3.887959,,3613,-1.45275,0.22872,8.2477,4.055774837059721
567.0,5.79799,0.91299,31.8872,3.888269,,3614,-1.45275,0.22915,8.2631,4.086093596367467
568.0,5.79985,0.9147,31.9469,3.888579,,3615,-1.45275,0.22958,8.2786,3.9481023687625676
569.0,5.79799,0.91648,32.0093,3.888889,,3616,-1.45275,0.23001,8.294,3.9885657575033773
570.0,5.79799,0.91819,32.069,3.888889,,3618,-1.45275,0.23044,8.3094,3.9725283155424758
571.0,5.80171,0.91969,32.1213,3.889509,,3619,-1.45275,0.23086,8.3249,4.05577194946659
572.0,5.80171,0.9214,32.181,3.889509,,3620,-1.45275,0.23129,8.3403,4.003804805385844
573.0,5.79799,0.9231,32.2406,3.889819,,3621,-1.45275,0.23172,8.3557,3.998369739859405
574.0,5.79799,0.92481,32.3002,3.890129,,3622,-1.45275,0.23215,8.3711,4.009026274149147
575.0,5.79799,0.92652,32.3598,3.890439,,3623,-1.45275,0.23256,8.386,4.073931102943695
576.0,5.80171,0.92823,32.4195,3.890439,,3624,-1.45275,0.23295,8.4001,3.9555092411642008
577.0,5.79799,0.92993,32.4791,3.891059,,3625,-1.45275,0.23338,8.4155,3.9932265442595107
578.0,5.79985,0.93164,32.5387,3.891369,,3626,-1.45461,0.23381,8.431,4.044719630044973
579.0,5.79799,0.93314,32.5911,3.891679,,3627,-1.45275,0.23423,8.4464,3.96883763701272
580.0,5.79985,0.93485,32.6507,3.891989,,3628,-1.45275,0.23466,8.4618,3.956823064418964
582.0,5.79985,0.93655,32.7103,3.892299,,3629,-1.45089,0.23509,8.4772,4.051329001558164
583.0,5.79985,0.93826,32.77,3.892609,,3630,-1.45275,0.23552,8.4927,4.064923400714392
584.0,5.79799,0.94006,32.833,3.892919,,3631,-1.45275,0.23595,8.5082,4.091975522956319
585.0,5.79613,0.94172,32.8909,3.893229,,3632,-1.45275,0.23638,8.5237,4.048570064532699
586.0,5.80171,0.94322,32.9432,3.893539,,3633,-1.45275,0.2368,8.5389,3.937400361433934
587.0,5.79613,0.94493,33.0029,3.893849,,3634,-1.45275,0.23718,8.5525,4.025930579377461
588.0,5.79799,0.94664,33.0625,3.894159,,3635,-1.45275,0.2376,8.5679,3.944561753008571
589.0,5.79799,0.94835,33.1222,3.894469,,3636,-1.45275,0.23803,8.5833,3.9764520075404683
590.0,5.79799,0.95007,33.1823,3.894779,,3637,-1.45275,0.23846,8.5988,4.056085165575424
591.0,5.79799,0.95178,33.242,3.895089,,3638,-1.45275,0.23888,8.6139,4.040940450251149
592.0,5.79985,0.95348,33.3016,3.895089,,3639,-1.45089,0.23932,8.6298,4.005671424704767
593.0,5.79985,0.95519,33.3613,3.895709,,3640,-1.45275,0.23969,8.6433,3.9502595242343266
594.0,5.79985,0.9569,33.4209,3.896019,,3642,-1.45275,0.24012,8.6587,3.964206637392737
595.0,5.79985,0.95861,33.4805,3.896019,,3643,-1.45275,0.24055,8.6742,3.8783568690728267
596.0,5.79985,0.96031,33.5402,3.896639,,3644,-1.45461,0.24098,8.6897,4.015774499326333
597.0,5.79985,0.96202,33.5998,3.896639,,3645,-1.45275,0.24141,8.705,4.046028885990234
599.0,5.79985,0.96416,33.6747,3.896949,,3646,-1.45275,0.24178,8.7186,3.948994013293455
600.0,5.79799,0.96587,33.7343,3.897569,,3647,-1.45275,0.24221,8.734,4.08031331654625
601.0,5.79985,0.96758,33.7939,3.897879,,3648,-1.45275,0.24264,8.7494,3.952786272595648
602.0,5.79613,0.96929,33.8535,3.89819,,3649,-1.45461,0.24306,8.7648,3.9748538847203676
603.0,5.79985,0.97099,33.9132,3.898499,,3650,-1.45461,0.24349,8.7803,4.000528125522268
604.0,5.79985,0.9727,33.9728,3.898499,,3651,-1.45275,0.24392,8.7957,3.9214110330361214
605.0,5.79985,0.97441,34.0325,3.898809,,3652,-1.45461,0.24435,8.8111,3.945577758405269
606.0,5.79985,0.97612,34.0921,3.89943,,3653,-1.45089,0.24478,8.8268,4.011257144994863
607.0,5.79985,0.97761,34.1444,3.89974,,3654,-1.45275,0.24521,8.8421,4.015386447774205
608.0,5.79799,0.97932,34.2041,3.90005,,3655,-1.45275,0.24563,8.8574,3.9974658881432714
609.0,5.79985,0.98103,34.2637,3.90036,,3656,-1.45461,0.24601,8.871,4.1157213666004875
610.0,5.79985,0.98274,34.3234,3.90067,,3657,-1.45275,0.24644,8.8864,3.986564023504177
611.0,5.79985,0.98424,34.3757,3.90098,,3658,-1.45275,0.24686,8.9018,4.027601900654774
612.0,5.79985,0.98594,34.4353,3.90129,,3659,-1.45275,0.24729,8.9172,4.021292545774991
613.0,5.79985,0.98765,34.495,3.9016,,3660,-1.45275,0.24772,8.9327,3.959656587734945
614.0,5.79799,0.98937,34.5552,3.90191,,3661,-1.45461,0.24815,8.9481,4.0516183587163495
615.0,5.79985,0.99095,34.6103,3.90222,,3662,-1.45275,0.24857,8.9635,3.9748817545535693
616.0,5.80171,0.99266,34.6699,3.90253,,3664,-1.45275,0.249,8.9789,4.036429201945304
617.0,5.79985,0.99437,34.7296,3.90284,,3665,-1.45275,0.24943,8.9944,4.099401197515828
618.0,5.79985,0.99606,34.7886,3.90315,,3666,-1.45275,0.24986,9.0098,3.99734648947461
619.0,5.79799,0.99778,34.8488,3.90346,,3667,-1.45275,0.25029,9.0252,4.056121492929734
621.0,5.79985,0.99949,34.9085,3.90377,,3668,-1.45089,0.25071,9.0405,4.070224787138937
622.0,5.79799,1.0012,34.9681,3.90439,,3669,-1.45089,0.25113,9.0556,3.924794167832539
623.0,5.79799,1.0029,35.0277,3.9047,,3670,-1.45089,0.25154,9.0706,4.068252061318767
624.0,5.79799,1.00461,35.0874,3.90501,,3671,-1.45275,0.25197,9.0861,4.003853951793603
625.0,5.79613,1.00632,35.147,3.90532,,3672,-1.45275,0.2524,9.1015,4.018527865601351
626.0,5.79985,1.00803,35.2066,3.90563,,3673,-1.45275,0.25283,9.1169,4.045175297733574
627.0,5.80357,1.00973,35.2663,3.90594,,3674,-1.45275,0.25326,9.1324,4.0037701892185
628.0,5.79985,1.01144,35.3259,3.90625,,3675,-1.45275,0.25368,9.1478,4.014809320459733
629.0,5.79985,1.01304,35.3816,3.90656,,3676,-1.45275,0.25411,9.1632,4.007452751340355
630.0,5.79613,1.01474,35.4412,3.90687,,3677,-1.45275,0.25454,9.1786,3.9764771622156467
631.0,5.79799,1.01645,35.5009,3.90718,,3678,-1.45275,0.25497,9.1941,4.0972040059371295
632.0,5.79985,1.01816,35.5605,3.90749,,3679,-1.45461,0.2554,9.2095,3.9917717268679693
633.0,5.79799,1.01987,35.6202,3.90749,,3680,-1.45275,0.25582,9.2249,3.975931550269118
634.0,5.79613,1.02159,35.6804,3.9078,,3681,-1.45275,0.25625,9.2402,4.047297059693621
635.0,5.79985,1.0233,35.74,3.90842,,3682,-1.45461,0.25662,9.2537,3.976163126409177
636.0,5.79799,1.02501,35.7996,3.90873,,3683,-1.45275,0.25706,9.2696,4.094991935615987
637.0,5.79799,1.02671,35.8592,3.90873,,3684,-1.45275,0.25744,9.2831,4.020195767923982
638.0,5.79799,1.02842,35.9189,3.90904,,3686,-1.45275,0.25787,9.2986,4.060864262552159
640.0,5.79985,1.03013,35.9785,3.90935,,3687,-1.45275,0.25829,9.314,4.02525963723558
641.0,5.79799,1.03183,36.0382,3.90966,,3688,-1.45089,0.25873,9.3296,3.9644284673425063
642.0,5.79427,1.03333,36.0905,3.90997,,3689,-1.45275,0.2591,9.3431,3.9994665503251134
643.0,5.79613,1.03504,36.1501,3.91028,,3690,-1.45461,0.25953,9.3585,4.096332443997431
644.0,5.79799,1.0367,36.208,3.91059,,3691,-1.45275,0.25996,9.374,4.02704005485078
645.0,5.79985,1.03849,36.2705,3.91059,,3692,-1.45275,0.26039,9.3894,4.0067530232979855
646.0,5.79985,1.04019,36.3301,3.91121,,3693,-1.45461,0.26081,9.4049,3.9174684715927772
647.0,5.79985,1.0419,36.3898,3.91152,,3694,-1.45275,0.26124,9.4203,3.999011502819186
648.0,5.79799,1.04361,36.4494,3.91183,,3695,-1.45275,0.26167,9.4357,4.076737945627658
649.0,5.79799,1.04532,36.509,3.91214,,3696,-1.45275,0.2621,9.4511,3.9092814828923226
650.0,5.79799,1.04702,36.5687,3.91245,,3697,-1.45461,0.26252,9.4666,3.9157431458023324
651.0,5.79985,1.04873,36.6283,3.91276,,3698,-1.45461,0.26297,9.4824,3.9649184209866633
652.0,5.79985,1.05044,36.688,3.91307,,3699,-1.45275,0.26338,9.4973,3.9009139331551226
653.0,5.79985,1.05194,36.7403,3.91338,,3700,-1.45275,0.26375,9.5108,3.925940490198448
654.0,5.79799,1.05364,36.7999,3.913691,,3701,-1.45275,0.26418,9.5263,3.969770141800996
655.0,5.79613,1.05535,36.8595,3.91431,,3702,-1.45275,0.26461,9.5417,4.021554215559665
656.0,5.79985,1.05706,36.9192,3.914621,,3703,-1.45275,0.26504,9.5571,4.029854752169159
657.0,5.79799,1.05877,36.9788,3.914931,,3704,-1.45275,0.26546,9.5725,3.959041391119729
658.0,5.79985,1.06047,37.0384,3.915241,,3705,-1.45275,0.26589,9.588,4.082742898223644
659.0,5.79985,1.06209,37.0947,3.915551,,3706,-1.45461,0.26632,9.6034,3.9603943852145993
660.0,5.79985,1.06358,37.147,3.915551,,3708,-1.45461,0.26675,9.6188,3.981608386269138
661.0,5.79799,1.06529,37.2066,3.916171,,3709,-1.45461,0.26718,9.6344,3.877977446286641
662.0,5.79799,1.067,37.2663,3.916481,,3710,-1.45461,0.26761,9.6498,4.010514753725976
664.0,5.79799,1.06871,37.3259,3.916791,,3711,-1.45275,0.26803,9.6653,4.022640803308277
665.0,5.79985,1.07043,37.3861,3.917101,,3712,-1.45275,0.26846,9.6807,3.9928362083060964
666.0,5.79799,1.07212,37.4452,3.917411,,3713,-1.45461,0.26889,9.6961,4.029743545095934
667.0,5.79799,1.07362,37.4975,3.917411,,3714,-1.45461,0.26931,9.7113,4.012792630137283
668.0,5.80171,1.07533,37.5571,3.917721,,3715,-1.45275,0.26974,9.7267,3.9768326586101987
669.0,5.79985,1.07703,37.6168,3.918031,,3716,-1.45275,0.27017,9.7421,3.991699137919552
670.0,5.79985,1.07874,37.6764,3.918341,,3717,-1.45275,0.27059,9.7575,4.01326026251959
671.0,5.79799,1.08045,37.736,3.918651,,3718,-1.45461,0.27097,9.7711,3.95552458589753
672.0,5.79799,1.08216,37.7957,3.918961,,3719,-1.45461,0.2714,9.7865,4.00762436740067
673.0,5.79985,1.08386,37.8553,3.919271,,3720,-1.45275,0.27183,9.8019,4.068860857132739
674.0,5.79985,1.08541,37.9093,3.919891,,3721,-1.45461,0.27225,9.8174,4.10287160099162
675.0,5.79799,1.08718,37.9712,3.920201,,3722,-1.45461,0.27268,9.8328,4.051523345850351
676.0,5.79985,1.08868,38.0235,3.920511,,3723,-1.45275,0.27311,9.8482,4.040929479533016
677.0,5.79613,1.09039,38.0832,3.920821,,3724,-1.45275,0.27354,9.8636,3.9651224214910212
678.0,5.79799,1.09209,38.1428,3.921131,,3725,-1.45275,0.27396,9.8791,4.031772262816873
679.0,5.79985,1.0938,38.2024,3.921441,,3726,-1.45275,0.27439,9.8945,4.007183669392023
680.0,5.79985,1.09553,38.2626,3.921751,,3728,-1.45275,0.27482,9.9099,4.043359587867339
681.0,5.79985,1.09723,38.3223,3.922061,,3729,-1.45461,0.27527,9.9262,4.003204514398976
682.0,5.79985,1.09894,38.3819,3.922371,,3730,-1.45275,0.27569,9.9412,3.948747778885305
683.0,5.79799,1.10065,38.4416,3.922681,,3731,-1.45275,0.27612,9.9566,3.9196331871348953
684.0,5.79799,1.10236,38.5012,3.922991,,3732,-1.45275,0.27654,9.9721,3.993920133350249
685.0,5.79985,1.10406,38.5608,3.923611,,3733,-1.45275,0.27697,9.9875,3.928219277646595
686.0,5.79985,1.10577,38.6205,3.923611,,3734,-1.45461,0.2774,10.0029,3.9484713524882973
688.0,5.79427,1.10748,38.6801,3.924231,,3735,-1.45461,0.27783,10.0184,3.984604948739173
689.0,5.79799,1.10919,38.7397,3.924231,,3736,-1.45275,0.27826,10.0338,3.907352785692748
690.0,5.79799,1.11083,38.7971,3.924541,,3737,-1.45275,0.27863,10.0473,4.069539878962358
691.0,5.79799,1.11254,38.8567,3.925161,,3738,-1.45275,0.27906,10.0628,4.061421935660282
692.0,5.79985,1.11424,38.9164,3.925471,,3739,-1.45461,0.27949,10.0782,3.9845487721285653
693.0,5.79799,1.11595,38.976,3.926091,,3740,-1.45275,0.27992,10.0938,3.96142773487675
694.0,5.79985,1.11766,39.0356,3.926711,,3741,-1.45275,0.28035,10.1092,3.94872042159036
695.0,5.79799,1.11937,39.0953,3.927021,,3742,-1.45275,0.28077,10.1246,3.9806410212948276
696.0,5.79613,1.12086,39.1476,3.927331,,3743,-1.45275,0.28115,10.1382,3.983227037392993
697.0,5.79799,1.12257,39.2072,3.927641,,3744,-1.45089,0.28157,10.1532,4.0244967066526085
698.0,5.79985,1.12428,39.2668,3.927951,,3745,-1.45275,0.282,10.1687,4.0142385725520136
699.0,5.80171,1.12599,39.3265,3.928262,,3746,-1.45275,0.28243,10.1842,4.005823876965944
700.0,5.79985,1.12769,39.3861,3.928571,,3747,-1.45089,0.28285,10.1996,4.0638682255971625
701.0,5.79799,1.1294,39.4458,3.928881,,3748,-1.45461,0.28328,10.215,3.9800318470273224
702.0,5.79613,1.13111,39.5054,3.929191,,3749,-1.45461,0.28371,10.2305,3.999901776193121
703.0,5.79985,1.13282,39.565,3.929811,,3751,-1.45275,0.28414,10.2459,3.895746421857352
704.0,5.79799,1.13459,39.6269,3.930121,,3752,-1.45275,0.28456,10.2613,4.04857836959846
705.0,5.79985,1.13626,39.6854,3.930432,,3753,-1.45461,0.28494,10.2748,4.090149503183161
706.0,5.79427,1.13797,39.745,3.930742,,3754,-1.45461,0.28537,10.2903,3.9661026903559433
708.0,5.79985,1.13968,39.8047,3.931051,,3755,-1.45275,0.2858,10.3057,3.967557753820835
709.0,5.79985,1.14138,39.8643,3.931362,,3756,-1.45275,0.28622,10.3211,3.985663074222337
710.0,5.79799,1.14288,39.9166,3.931982,,3757,-1.45461,0.28665,10.3366,4.050926193930537
711.0,5.79985,1.14459,39.9763,3.931982,,3758,-1.45461,0.28708,10.352,4.02810103838929
712.0,5.79985,1.1463,40.0359,3.932292,,3759,-1.45461,0.28749,10.367,4.001559363930942
713.0,5.79799,1.148,40.0955,3.932912,,3760,-1.45461,0.28795,10.3833,4.01462263524692
714.0,5.79799,1.14973,40.1557,3.933222,,3761,-1.45461,0.28837,10.3987,4.008766202178285
715.0,5.79985,1.15143,40.2153,3.933532,,3762,-1.45275,0.2888,10.4141,4.02737564049208
716.0,5.79985,1.15314,40.275,3.933842,,3763,-1.45461,0.28923,10.4296,3.950056435073499
717.0,5.79613,1.15485,40.3346,3.934152,,3764,-1.45461,0.28966,10.445,3.9777225650227535
718.0,5.79985,1.15656,40.3942,3.934772,,3765,-1.45275,0.29009,10.4604,3.998528545554799
719.0,5.79985,1.1581,40.4482,3.935082,,3766,-1.45275,0.29051,10.4759,3.9188437027619014
720.0,5.79613,1.15978,40.5068,3.935392,,3767,-1.45275,0.29094,10.4913,4.002267384288737
721.0,5.79985,1.16149,40.5664,3.936012,,3768,-1.45275,0.29137,10.5067,4.092769525215714
722.0,5.79985,1.16319,40.626,3.936322,,3770,-1.45275,0.2918,10.5222,4.018378379566673
723.0,5.79799,1.1649,40.6857,3.936942,,3771,-1.45275,0.29223,10.5376,3.9429416510094075
724.0,5.80171,1.16661,40.7453,3.937252,,3772,-1.45275,0.29265,10.553,3.9803312646175724
725.0,5.79799,1.16832,40.8049,3.937562,,3773,-1.45275,0.29303,10.5666,4.0399872970029955
726.0,5.79613,1.17002,40.8646,3.937872,,3774,-1.45275,0.29347,10.5824,3.9532552395714227
728.0,5.80171,1.17173,40.9242,3.938492,,3775,-1.45089,0.29388,10.5971,3.9650779194678782
729.0,5.79613,1.17344,40.9838,3.938802,,3776,-1.45275,0.29425,10.6107,3.9833585404585174
730.0,5.79985,1.17516,41.044,3.939112,,3777,-1.45089,0.29468,10.6261,4.061655503628289
731.0,5.79985,1.17685,41.1031,3.939422,,3778,-1.45275,0.29511,10.6415,3.994123539297857
732.0,5.79985,1.17835,41.1554,3.939732,,3779,-1.45275,0.29554,10.6569,3.9196133890804004
733.0,5.79985,1.18006,41.215,3.940042,,3780,-1.45461,0.29596,10.6724,4.0397926961993385
734.0,5.79799,1.18177,41.2747,3.940352,,3781,-1.45275,0.29639,10.6878,4.078873279093582
735.0,5.79985,1.1835,41.3354,3.940972,,3782,-1.45275,0.29682,10.7032,3.983602987418356
736.0,5.79985,1.1852,41.3945,3.941282,,3783,-1.45275,0.29725,10.7188,3.8627981390467
737.0,5.79985,1.1869,41.4541,3.941592,,3784,-1.45275,0.29768,10.7342,3.9862605841592953
738.0,5.79985,1.18861,41.5138,3.941902,,3785,-1.45275,0.2981,10.7495,3.966453020009766
739.0,5.79613,1.19032,41.5734,3.942522,,3786,-1.45275,0.29848,10.7632,3.9829401960131654
740.0,5.79985,1.19203,41.633,3.942832,,3787,-1.45275,0.29891,10.7786,3.8886151154987036
741.0,5.80171,1.19352,41.6854,3.943142,,3788,-1.45275,0.29934,10.7941,3.8855497404068378
742.0,5.79799,1.19523,41.745,3.943762,,3789,-1.45275,0.29972,10.8079,4.048706346886356
743.0,5.79985,1.19694,41.8046,3.944072,,3790,-1.45275,0.30014,10.8229,3.9053237120757487
744.0,5.79985,1.19865,41.8643,3.944382,,3791,-1.45275,0.30057,10.8383,3.9227716915954742
745.0,5.79799,1.20035,41.9239,3.944692,,3792,-1.45089,0.301,10.8539,4.030379508455523
746.0,5.79613,1.20206,41.9835,3.945313,,3793,-1.45275,0.30143,10.8693,3.9662718853894208
747.0,5.79799,1.20377,42.0432,3.945622,,3794,-1.45275,0.30185,10.8847,3.984023161712896
748.0,5.79799,1.20548,42.1028,3.945933,,3795,-1.45275,0.30228,10.9001,3.8881941797935093
749.0,5.79799,1.20722,42.1636,3.946243,,3797,-1.45461,0.30271,10.9156,4.003527843464129
750.0,5.79985,1.20883,42.2198,3.946863,,3798,-1.45275,0.30314,10.931,3.9742635401582596
752.0,5.79985,1.21053,42.2794,3.947173,,3799,-1.45275,0.30356,10.9463,3.9777524130003092
753.0,5.79985,1.21224,42.3391,3.947793,,3800,-1.45275,0.30394,10.9598,3.9839454945504085
754.0,5.79799,1.21395,42.3987,3.948103,,3801,-1.45275,0.30436,10.9753,3.98951717252663
755.0,5.79613,1.21566,42.4583,3.948723,,3802,-1.45275,0.30479,10.9907,3.9946733493058653
756.0,5.79613,1.21736,42.518,3.949033,,3803,-1.45275,0.30522,11.0063,3.917809231034737
757.0,5.79985,1.21907,42.5776,3.949653,,3804,-1.45275,0.30561,11.0201,3.9330096576224425
758.0,5.79799,1.22057,42.6299,3.949963,,3805,-1.45275,0.30606,11.0364,3.99598007403468
759.0,5.80171,1.22228,42.6896,3.950273,,3806,-1.45275,0.30649,11.0518,3.925403528253371
760.0,5.80171,1.22398,42.7492,3.950583,,3807,-1.45461,0.30686,11.0654,4.019420513507613
761.0,5.79985,1.22569,42.8089,3.951203,,3808,-1.45275,0.30729,11.0808,3.9663073496214896
762.0,5.80171,1.2274,42.8685,3.951823,,3809,-1.45461,0.30772,11.0962,3.934146280666227
763.0,5.79799,1.22912,42.9287,3.952133,,3810,-1.45275,0.30815,11.1116,3.96143731662238
764.0,5.79985,1.23077,42.9861,3.952133,,3811,-1.45275,0.30857,11.1271,4.001964524990544
765.0,5.79799,1.23244,43.0446,3.952443,,3812,-1.45461,0.30898,11.1418,3.8987341546777334
766.0,5.79613,1.23394,43.0969,3.953063,,3813,-1.45461,0.30939,11.1563,3.9901597218914047
767.0,5.80171,1.23565,43.1565,3.953683,,3814,-1.45275,0.30981,11.1718,4.089977276823556
768.0,5.79613,1.23735,43.2162,3.953993,,3815,-1.45275,0.31024,11.1872,3.977239140091067
769.0,5.79985,1.23908,43.2764,3.954613,,3816,-1.45275,0.31067,11.2026,4.0917721616421545
770.0,5.79799,1.24079,43.336,3.954923,,3817,-1.45275,0.3111,11.218,3.9431265588613646
771.0,5.79799,1.24249,43.3956,3.955233,,3818,-1.45461,0.31152,11.2335,4.093758089216359
772.0,5.79799,1.24418,43.4547,3.955853,,3819,-1.45275,0.31195,11.2489,3.9929099790631115
773.0,5.79985,1.24589,43.5143,3.956163,,3820,-1.45461,0.31238,11.2643,3.934511565092171
775.0,5.79799,1.2476,43.5739,3.956473,,3822,-1.45089,0.31281,11.2798,3.910550579231336
776.0,5.79799,1.24931,43.6336,3.957093,,3823,-1.45089,0.31324,11.2952,3.9158585542468924
777.0,5.79799,1.25101,43.6932,3.957403,,3824,-1.45275,0.31366,11.3106,3.9654032069131584
778.0,5.79799,1.25272,43.7528,3.958023,,3825,-1.45275,0.31409,11.326,3.9382029189033294
779.0,5.79985,1.25443,43.8125,3.958333,,3826,-1.45275,0.31452,11.3415,4.109654045306736
780.0,5.79985,1.25607,43.8699,3.958953,,3827,-1.45275,0.31495,11.3569,3.974045244168316
781.0,5.79985,1.25778,43.9295,3.959574,,3828,-1.45461,0.31537,11.3723,4.040497919603021
782.0,5.79799,1.25949,43.9891,3.959883,,3829,-1.45275,0.3158,11.3876,3.908956854132822
783.0,5.79799,1.26119,44.0487,3.960504,,3830,-1.45461,0.31621,11.4024,3.9846618055295706
784.0,5.79799,1.26288,44.1078,3.960814,,3831,-1.45275,0.31664,11.4179,4.004083350357976
785.0,5.79985,1.26438,44.1601,3.961434,,3832,-1.45461,0.31707,11.4333,3.990880594155756
786.0,5.79799,1.26609,44.2198,3.961744,,3833,-1.45275,0.31749,11.4487,3.934204375053505
787.0,5.79985,1.2678,44.2794,3.962363,,3834,-1.45461,0.31792,11.4642,4.033923505032429
788.0,5.79985,1.2695,44.339,3.962674,,3835,-1.45275,0.31835,11.4796,3.9693320272945676
789.0,5.79985,1.27121,44.3987,3.962984,,3836,-1.45275,0.31873,11.4931,3.9831362157158265
790.0,5.79985,1.27292,44.4583,3.963604,,3837,-1.45275,0.31915,11.5086,3.9247366375425017
791.0,5.79799,1.27442,44.5106,3.963914,,3838,-1.45275,0.31958,11.524,3.9786020800558397
792.0,5.79613,1.27612,44.5703,3.964534,,3839,-1.45275,0.32001,11.5394,4.033559030683119
793.0,5.79985,1.27783,44.6299,3.964844,,3840,-1.45461,0.32044,11.5548,3.976149323591382
794.0,5.79985,1.27956,44.6901,3.965464,,3841,-1.45275,0.32081,11.5684,4.035676812525659
795.0,5.79985,1.28107,44.743,3.965774,,3843,-1.45089,0.32124,11.5838,3.979015407440808
796.0,5.79799,1.28278,44.8026,3.966084,,3844,-1.45275,0.32168,11.5995,3.953759469430942
797.0,5.79985,1.28448,44.8622,3.966704,,3845,-1.45275,0.32207,11.6138,4.034672752767318
798.0,5.80171,1.28619,44.9219,3.967014,,3846,-1.45461,0.3225,11.6292,3.967584972847892
800.0,5.79985,1.2879,44.9815,3.967324,,3847,-1.45275,0.32293,11.6446,4.0424708596878896
801.0,5.80171,1.28961,45.0412,3.967944,,3848,-1.45275,0.32335,11.6599,3.9317022445632026
802.0,5.79799,1.29131,45.1008,3.968564,,3849,-1.45461,0.32378,11.6753,4.088718474743747
803.0,5.79985,1.29302,45.1604,3.969494,,3850,-1.45275,0.32421,11.6908,3.942801018393546
804.0,5.79799,1.29473,45.2201,3.969804,,3851,-1.45275,0.32463,11.7062,4.069151058269675
805.0,5.79799,1.29623,45.2724,3.970424,,3852,-1.45275,0.32506,11.7216,3.9424176248257408
806.0,5.79799,1.29793,45.332,3.970734,,3853,-1.45461,0.32549,11.7371,3.9656694677741857
807.0,5.79799,1.29964,45.3917,3.971354,,3854,-1.45275,0.32592,11.7525,3.9999192170970623
808.0,5.79799,1.30135,45.4513,3.971974,,3855,-1.45275,0.32635,11.768,4.083180955864959
809.0,5.79985,1.30306,45.5109,3.972284,,3856,-1.45275,0.32682,11.7851,3.9629904373939397
810.0,5.79613,1.30472,45.5689,3.972594,,3857,-1.45275,0.32723,11.7998,3.9377005971278556
811.0,5.79613,1.30642,45.6285,3.973214,,3858,-1.45275,0.32765,11.8151,3.961875449647713
812.0,5.79799,1.30813,45.6881,3.973524,,3859,-1.45275,0.32803,11.8287,3.955458672059435
813.0,5.79985,1.30984,45.7478,3.974144,,3860,-1.45461,0.32846,11.8441,3.9301885539104395
814.0,5.79985,1.31155,45.8074,3.974764,,3861,-1.45461,0.32889,11.8595,3.9617572708101942
815.0,5.79985,1.31325,45.8671,3.975074,,3862,-1.45275,0.32931,11.8749,3.9911167708486133
816.0,5.79985,1.31496,45.9267,3.975694,,3863,-1.45275,0.32974,11.8902,4.023911215022052
817.0,5.79799,1.31667,45.9863,3.976004,,3864,-1.45275,0.33011,11.9038,3.9714663879253527
818.0,5.79985,1.31838,46.0459,3.976624,,3866,-1.45275,0.33054,11.9192,3.853183697608511
820.0,5.79985,1.32008,46.1056,3.976934,,3867,-1.45275,0.33097,11.9348,3.932824875569011
821.0,5.79799,1.32179,46.1652,3.977555,,3868,-1.45089,0.3314,11.95,3.97080652303126
822.0,5.79985,1.3235,46.2248,3.977865,,3869,-1.45275,0.33179,11.9643,4.025394262824359
823.0,5.79799,1.3252,46.2845,3.978485,,3870,-1.45275,0.33224,11.9806,3.926922257407928
824.0,5.79613,1.3267,46.3368,3.978795,,3871,-1.45275,0.33267,11.996,3.957118956385606
825.0,5.79427,1.32844,46.3975,3.979415,,3872,-1.45461,0.3331,12.0115,3.9986231058920754
826.0,5.79985,1.33013,46.4566,3.979725,,3873,-1.45089,0.33353,12.0269,4.001657243109837
827.0,5.79985,1.33184,46.5163,3.980345,,3874,-1.45275,0.33396,12.0423,3.995326917420429
828.0,5.79799,1.33355,46.5759,3.980655,,3875,-1.45275,0.33438,12.0578,4.015981879004129
829.0,5.79985,1.33505,46.6282,3.981275,,3876,-1.45275,0.33481,12.0732,3.902298523736866
830.0,5.79799,1.33675,46.6878,3.981585,,3877,-1.45461,0.33524,12.0886,3.988776516309402
831.0,5.79799,1.33846,46.7475,3.982205,,3878,-1.45275,0.33564,12.1032,3.9697626744027517
832.0,5.79799,1.34017,46.8071,3.982825,,3879,-1.45275,0.33602,12.1167,4.017252525928936
833.0,5.79613,1.34188,46.8667,3.983445,,3880,-1.45275,0.33645,12.1321,4.025766221117533
834.0,5.79799,1.34358,46.9264,3.983755,,3881,-1.45461,0.33687,12.1476,3.9612231976763383
835.0,5.79985,1.34531,46.9866,3.984375,,3882,-1.45275,0.33725,12.1611,3.9118665555825154
836.0,5.79799,1.34701,47.0462,3.984685,,3883,-1.45275,0.33768,12.1765,3.982197020935421
837.0,5.79985,1.34872,47.1058,3.985305,,3884,-1.45275,0.33811,12.192,3.933593723920413
838.0,5.79799,1.35043,47.1655,3.985615,,3885,-1.45461,0.33853,12.2073,4.011838714204492
839.0,5.79985,1.35191,47.2172,3.986235,,3886,-1.45461,0.33896,12.2227,3.965895036928537
840.0,5.79985,1.35364,47.2774,3.986855,,3887,-1.45461,0.33938,12.2381,3.996622623749522
841.0,5.79613,1.35534,47.3371,3.987475,,3889,-1.45461,0.33981,12.2535,4.0942696603892275
843.0,5.79985,1.35705,47.3967,3.988095,,3890,-1.45461,0.34024,12.269,4.0280230896826135
844.0,5.79799,1.35877,47.4569,3.988715,,3891,-1.45275,0.34067,12.2844,3.936296565237281
845.0,5.79799,1.36048,47.5165,3.989025,,3892,-1.45275,0.34111,12.3003,3.9896119414069497
846.0,5.79799,1.36219,47.5762,3.989645,,3893,-1.45275,0.34151,12.3147,3.9193568131973926
847.0,5.79799,1.3639,47.6358,3.990265,,3894,-1.45461,0.34193,12.3298,3.993788468407514
848.0,5.80171,1.3656,47.6954,3.991195,,3895,-1.45461,0.34236,12.3452,3.971003057131716
849.0,5.79985,1.3671,47.7477,3.991816,,3896,-1.45275,0.34278,12.3607,4.091996636380295
850.0,5.79613,1.36881,47.8074,3.992435,,3897,-1.45275,0.34316,12.3742,3.994182868070166
851.0,5.79613,1.37052,47.867,3.993056,,3898,-1.45275,0.34359,12.3896,3.9390285784778953
852.0,5.79799,1.37222,47.9266,3.993676,,3899,-1.45647,0.34402,12.4051,3.9430716047557115
853.0,5.79985,1.37393,47.9863,3.993986,,3900,-1.45647,0.34444,12.4205,3.9086997893568216
854.0,5.79799,1.37564,48.0459,3.994606,,3901,-1.45461,0.34487,12.4359,4.015639050752222
855.0,5.79985,1.37743,48.1084,3.994916,,3902,-1.45275,0.3453,12.4514,3.9470299861951696
856.0,5.79985,1.3791,48.1669,3.995536,,3903,-1.45461,0.34573,12.4668,3.9568673417550966
857.0,5.79799,1.3806,48.2192,3.995846,,3904,-1.45275,0.34615,12.4822,3.997618243536649
858.0,5.79985,1.38231,48.2788,3.996466,,3905,-1.45275,0.34658,12.4977,3.963893295582951
859.0,5.79799,1.38401,48.3384,3.997086,,3906,-1.45275,0.34701,12.5132,4.017368131314566
860.0,5.79985,1.38572,48.3981,3.997396,,3907,-1.45275,0.34744,12.5285,3.972264554038807
861.0,5.79799,1.38743,48.4577,3.998016,,3908,-1.45275,0.34781,12.5421,3.9075110139507596
862.0,5.79799,1.38914,48.5173,3.998636,,3909,-1.45275,0.34824,12.5575,4.003859811775835
864.0,5.79985,1.39084,48.577,3.999256,,3910,-1.45275,0.34867,12.5729,3.957214103012647
865.0,5.79985,1.39255,48.6366,3.999566,,3911,-1.45461,0.3491,12.5885,3.9697825395308888
866.0,5.79799,1.39426,48.6962,4.000496,,3913,-1.45275,0.34953,12.6038,3.9406356220632017
867.0,5.79985,1.39597,48.7559,4.001116,,3914,-1.45461,0.3499,12.6173,3.944487175521017
868.0,5.79799,1.39769,48.8161,4.001426,,3915,-1.45275,0.35033,12.6329,3.9776400895754906
869.0,5.79799,1.3994,48.8757,4.002046,,3916,-1.45275,0.35076,12.6481,3.9910527336874484
870.0,5.79985,1.40106,48.9337,4.002666,,3917,-1.45275,0.35118,12.6636,3.9653528901888477
871.0,5.79985,1.40263,48.9888,4.003286,,3918,-1.45275,0.35161,12.6789,3.915225470933983
872.0,5.79985,1.40434,49.0484,4.003596,,3919,-1.45275,0.35198,12.6924,3.9673617431730723
873.0,5.79985,1.40605,49.1081,4.004216,,3920,-1.45275,0.35241,12.7078,3.938800766427049
874.0,5.79799,1.40776,49.1677,4.004836,,3921,-1.45275,0.35284,12.7233,4.002785634219244
875.0,5.79799,1.40945,49.2268,4.005456,,3922,-1.45461,0.35332,12.7407,3.9865897684936678
876.0,5.79799,1.41116,49.2864,4.005766,,3923,-1.45275,0.3537,12.7543,3.8936984364904594
877.0,5.79985,1.41286,49.346,4.006386,,3924,-1.45275,0.35413,12.7697,3.9740509496447167
878.0,5.80171,1.41457,49.4057,4.007007,,3925,-1.45275,0.35456,12.7851,3.9839867966420672
879.0,5.79613,1.41628,49.4653,4.007627,,3926,-1.45275,0.35498,12.8006,3.9171460415752275
880.0,5.79985,1.41799,49.5249,4.008246,,3927,-1.45275,0.35541,12.816,3.999450461191648
881.0,5.79613,1.41969,49.5846,4.008867,,3928,-1.45461,0.35584,12.8314,3.9479630530673058
882.0,5.79799,1.4214,49.6442,4.009487,,3929,-1.45461,0.35627,12.8469,3.9140834813719816
883.0,5.79985,1.42311,49.7038,4.010107,,3930,-1.45089,0.35669,12.8623,3.9378868117169357
885.0,5.79985,1.42481,49.7635,4.010726,,3931,-1.45275,0.35712,12.8777,4.06120087518026
886.0,5.79985,1.42633,49.8163,4.011347,,3932,-1.45461,0.35755,12.8931,3.964752838666287
887.0,5.79985,1.42804,49.876,4.011967,,3933,-1.45461,0.35798,12.9086,3.946174870328683
888.0,5.79613,1.42974,49.9356,4.012897,,3935,-1.45275,0.35841,12.924,4.059563239607997
889.0,5.79985,1.43145,49.9953,4.013517,,3936,-1.45275,0.35883,12.9394,4.054510951903582
890.0,5.79985,1.43316,50.0549,4.014137,,3937,-1.45461,0.35927,12.9553,3.9421170029954853
891.0,5.79985,1.43487,50.1145,4.014757,,3938,-1.45275,0.35966,12.9693,3.9962664087090576
892.0,5.79613,1.43657,50.1741,4.015377,,3939,-1.45461,0.36009,12.9847,3.8719258705530617
893.0,5.80171,1.4383,50.2343,4.015997,,3940,-1.45461,0.36052,13.0001,4.027094860710666
894.0,5.79799,1.44,50.294,4.016617,,3941,-1.45275,0.36094,13.0155,3.9233864966580345
895.0,5.79799,1.44171,50.3536,4.017237,,3942,-1.45089,0.36137,13.031,3.9532493240910394
896.0,5.79799,1.44342,50.4133,4.017547,,3943,-1.45275,0.3618,13.0465,3.8671792412302004
897.0,5.79799,1.44513,50.4729,4.018167,,3944,-1.45275,0.36223,13.062,3.9193200158594044
898.0,5.80171,1.44683,50.5325,4.018787,,3945,-1.45275,0.36266,13.0774,3.9640912738230893
899.0,5.79985,1.44854,50.5922,4.019097,,3946,-1.45275,0.36309,13.0928,3.8742063696731837
900.0,5.80171,1.45007,50.6456,4.019717,,3947,-1.45275,0.36352,13.1082,3.948100049437453
901.0,5.80171,1.4518,50.7058,4.020337,,3948,-1.45275,0.36389,13.1218,3.9234058404035728
902.0,5.79799,1.4535,50.7654,4.020957,,3949,-1.45275,0.36432,13.1372,4.007006043064115
903.0,5.80171,1.45521,50.8251,4.021577,,3950,-1.45089,0.36475,13.1526,3.8689223617896693
904.0,5.79985,1.45692,50.8847,4.022197,,3951,-1.45275,0.36517,13.1681,3.9338469209526514
906.0,5.79799,1.45863,50.9443,4.022818,,3952,-1.45275,0.36562,13.1841,3.9519362447711566
907.0,5.79799,1.46033,51.004,4.023438,,3953,-1.45275,0.36605,13.1995,3.9384273443419358
908.0,5.79985,1.46204,51.0636,4.024057,,3955,-1.45275,0.36647,13.2149,3.9413980720318484
909.0,5.79799,1.46375,51.1232,4.024367,,3956,-1.45275,0.36685,13.2285,3.957480829876422
910.0,5.79799,1.46525,51.1756,4.024988,,3957,-1.45275,0.36728,13.2439,3.9718600311715493
911.0,5.79613,1.46695,51.2352,4.025608,,3958,-1.45275,0.36771,13.2593,3.98403371156738
912.0,5.79985,1.46866,51.2948,4.026227,,3959,-1.45461,0.36814,13.2749,3.9299607846683484
913.0,5.79799,1.47037,51.3545,4.026848,,3960,-1.45275,0.36851,13.2885,3.9469178078164195
914.0,5.79985,1.47207,51.4141,4.027158,,3961,-1.45461,0.36894,13.3039,3.931733236249928
915.0,5.79985,1.47357,51.4664,4.027778,,3962,-1.45275,0.36937,13.3193,3.976949283163151
916.0,5.79613,1.47536,51.5289,4.028398,,3963,-1.45275,0.3698,13.3347,3.9512899372942996
917.0,5.80171,1.47707,51.5885,4.029328,,3964,-1.45275,0.37022,13.3502,3.968073881884174
918.0,5.80171,1.47878,51.6481,4.029638,,3965,-1.45275,0.37065,13.3656,3.9952676709541333
919.0,5.79985,1.48048,51.7078,4.030568,,3966,-1.45461,0.37108,13.381,3.9907049428169903
920.0,5.79985,1.48219,51.7674,4.031188,,3967,-1.45275,0.37152,13.3967,3.966953081498378
921.0,5.79799,1.4839,51.827,4.031498,,3968,-1.45275,0.37194,13.4119,3.91282712305883
922.0,5.79985,1.48561,51.8867,4.032118,,3969,-1.45275,0.37231,13.4254,3.9326280919428123
923.0,5.79613,1.48731,51.9463,4.032738,,3970,-1.45275,0.37274,13.4409,3.964002740476093
924.0,5.79985,1.48881,51.9986,4.033358,,3971,-1.45275,0.37317,13.4563,3.951379425849448
925.0,5.79985,1.49052,52.0583,4.033978,,3972,-1.45275,0.3736,13.4717,3.993363073510893
926.0,5.79799,1.49223,52.1179,4.034908,,3973,-1.45275,0.37402,13.4871,3.9903026114042506
928.0,5.79985,1.49393,52.1775,4.035838,,3974,-1.45275,0.37445,13.5026,3.896942724797269
929.0,5.80171,1.49564,52.2372,4.036149,,3975,-1.45275,0.37485,13.5168,3.8580386165385554
930.0,5.79985,1.49735,52.2968,4.037078,,3976,-1.45275,0.37527,13.5323,3.8502262023206835
931.0,5.79799,1.49899,52.3542,4.037698,,3977,-1.45275,0.3757,13.5477,3.9525411089618667
932.0,5.79799,1.5007,52.4138,4.038319,,3978,-1.45275,0.37613,13.563,3.9434713380383473
933.0,5.79985,1.50241,52.4734,4.038939,,3979,-1.45275,0.37653,13.5774,3.9012368699295394
934.0,5.79799,1.50411,52.5331,4.039558,,3981,-1.45275,0.37697,13.5934,4.0460189680589815
935.0,5.79799,1.50582,52.5927,4.040179,,3982,-1.45461,0.3774,13.6088,4.030557981544381
936.0,5.79799,1.50753,52.6524,4.041109,,3983,-1.45275,0.37782,13.6242,3.9580166210838295
937.0,5.79799,1.50903,52.7047,4.041419,,3984,-1.45275,0.37825,13.6397,3.906603224336836
938.0,5.79799,1.51073,52.7643,4.042039,,3985,-1.45275,0.37868,13.6551,4.002944141895356
939.0,5.79799,1.51244,52.8239,4.042659,,3986,-1.45275,0.37911,13.6705,3.960082030398109
940.0,5.79799,1.51415,52.8836,4.043279,,3987,-1.45461,0.37954,13.686,3.8436280454859495
941.0,5.79613,1.51586,52.9432,4.043899,,3988,-1.45275,0.37996,13.7014,3.9627381282071044
942.0,5.80171,1.51756,53.0028,4.044519,,3989,-1.45461,0.38039,13.7168,3.8995594299330563
943.0,5.79799,1.51927,53.0625,4.045139,,3990,-1.45275,0.38082,13.7323,4.053797970813758
944.0,5.79985,1.52098,53.1221,4.045759,,3991,-1.45275,0.38125,13.7477,3.886983626271017
945.0,5.79985,1.52264,53.18,4.046379,,3992,-1.45275,0.38167,13.7628,3.973743877915174
946.0,5.79799,1.52446,53.2436,4.046999,,3993,-1.45275,0.38208,13.7777,3.921978476470653
947.0,5.79427,1.52616,53.3032,4.047619,,3994,-1.45275,0.38251,13.7931,3.895840195820758
949.0,5.79799,1.52787,53.3629,4.048239,,3995,-1.45275,0.38294,13.8085,3.908817711079728
950.0,5.79799,1.52956,53.422,4.048859,,3996,-1.45275,0.38336,13.824,3.9220435566734393
951.0,5.79799,1.53106,53.4743,4.049479,,3997,-1.45275,0.38379,13.8394,3.9023190887833725
952.0,5.79799,1.53277,53.5339,4.050099,,3998,-1.45275,0.38422,13.8548,3.9534205789659764
953.0,5.79985,1.53448,53.5936,4.051029,,4000,-1.45275,0.38461,13.8689,4.007912236397166
954.0,5.79799,1.53618,53.6532,4.051339,,4001,-1.45461,0.38505,13.8847,4.010425629080176
955.0,5.79985,1.53789,53.7128,4.052269,,4002,-1.45275,0.38542,13.8982,3.9846763611682543
956.0,5.79799,1.5396,53.7725,4.052889,,4003,-1.45275,0.38593,13.9165,3.991433817058396
957.0,5.79799,1.54131,53.8321,4.053509,,4004,-1.45461,0.38636,13.9319,3.960986256871776
958.0,5.79985,1.54301,53.8917,4.05413,,4005,-1.45647,0.38679,13.9474,3.9553886080132195
959.0,5.79799,1.54472,53.9514,4.054749,,4006,-1.45275,0.38721,13.9628,3.909163999905551
960.0,5.79613,1.54638,54.0093,4.055369,,4007,-1.45275,0.38764,13.9782,3.841408178145915
961.0,5.79985,1.54817,54.0717,4.0563,,4008,-1.45275,0.38807,13.9937,3.8320259596359967
962.0,5.79985,1.54988,54.1314,4.05692,,4009,-1.45275,0.3885,14.0091,4.026477604152486
963.0,5.79799,1.55158,54.191,4.057539,,4010,-1.45275,0.38893,14.0245,3.921736387165408
964.0,5.79799,1.55329,54.2506,4.05816,,4011,-1.45461,0.38935,14.04,3.951276093383225
965.0,5.79799,1.555,54.3103,4.05847,,4012,-1.45461,0.38973,14.0535,3.944491591967798
966.0,5.79799,1.55671,54.3699,4.05909,,4013,-1.45275,0.39016,14.0689,3.8998028080005143
967.0,5.79985,1.55841,54.4296,4.05971,,4014,-1.45275,0.39058,14.0843,4.026050250190372
969.0,5.79799,1.56012,54.4892,4.06033,,4015,-1.45275,0.39101,14.0998,3.899046058884111
970.0,5.79985,1.56183,54.5488,4.06095,,4016,-1.45275,0.39143,14.1148,3.887265265715642
971.0,5.79799,1.56354,54.6085,4.06157,,4017,-1.45461,0.39186,14.1303,3.8767064243906595
972.0,5.79985,1.56524,54.6681,4.06219,,4018,-1.45275,0.39229,14.1458,3.998726424192713
973.0,5.79799,1.56695,54.7277,4.06281,,4020,-1.45275,0.39272,14.1612,3.93892667829339
974.0,5.79613,1.56866,54.7873,4.06343,,4021,-1.45275,0.39312,14.1756,3.934635116011392
975.0,5.79985,1.57036,54.847,4.06405,,4022,-1.45461,0.39355,14.1912,4.009873831512666
976.0,5.79985,1.57189,54.9004,4.06467,,4023,-1.45275,0.39392,14.2047,3.97690310708077
977.0,5.79985,1.57351,54.9567,4.06529,,4024,-1.45275,0.39435,14.2202,4.012100238165492
978.0,5.79799,1.57521,55.0163,4.06591,,4025,-1.45275,0.39478,14.2356,4.038964735859817
979.0,5.79985,1.5769,55.0754,4.06653,,4026,-1.45275,0.39521,14.251,3.9546117540993215
980.0,5.79985,1.57861,55.135,4.06715,,4027,-1.45275,0.39563,14.2664,3.8832589533891793
981.0,5.79799,1.58011,55.1873,4.06777,,4028,-1.45275,0.39606,14.2819,3.910461180756859
982.0,5.79985,1.58182,55.247,4.06839,,4029,-1.45275,0.39649,14.2973,3.8722785452639057
983.0,5.80171,1.58352,55.3066,4.06932,,4030,-1.45275,0.39692,14.3127,3.822272606034407
984.0,5.79985,1.58523,55.3662,4.069631,,4031,-1.45461,0.39735,14.3282,3.881768686648093
985.0,5.79985,1.58694,55.4259,4.07056,,4032,-1.45275,0.39779,14.3443,3.967542050645102
986.0,5.79799,1.58865,55.4855,4.07118,,4033,-1.45461,0.39819,14.3587,4.054257483001179
987.0,5.79799,1.59035,55.5452,4.071491,,4034,-1.45275,0.39862,14.374,4.001646430053025
988.0,5.79799,1.59206,55.6048,4.072111,,4035,-1.45275,0.39904,14.3894,3.91795484731602
989.0,5.79985,1.59377,55.6644,4.07304,,4036,-1.45461,0.39947,14.4049,3.9032664382827713
990.0,5.79613,1.59535,55.7196,4.073351,,4037,-1.45275,0.3999,14.4203,4.020642299548711
991.0,5.79799,1.59696,55.7758,4.073971,,4038,-1.45461,0.40033,14.4357,3.87878522016286
992.0,5.79799,1.59867,55.8354,4.074591,,4040,-1.45275,0.40076,14.4511,3.833233430060305
994.0,5.79985,1.60037,55.8951,4.075211,,4041,-1.45275,0.40116,14.4657,3.9503213525630434
995.0,5.79799,1.60208,55.9547,4.075521,,4042,-1.45275,0.40161,14.4819,3.899840830769922
996.0,5.79985,1.60379,56.0143,4.076141,,4043,-1.45275,0.40204,14.4973,3.916401513838779
997.0,5.79799,1.6055,56.074,4.076761,,4044,-1.45275,0.40241,14.5108,3.9394341280645864
998.0,5.79799,1.6072,56.1336,4.077381,,4045,-1.45275,0.40284,14.5263,3.9889578542037296
999.0,5.79799,1.60891,56.1932,4.078311,,4046,-1.45275,0.40327,14.5417,3.9496350332038253
1000.0,5.79799,1.61041,56.2456,4.078931,,4047,-1.45275,0.40369,14.5571,4.081392266622123
1001.0,5.80171,1.61212,56.3052,4.079551,,4048,-1.45275,0.40412,14.5725,3.8896330824258256
1002.0,5.79985,1.61382,56.3648,4.080171,,4049,-1.45275,0.40455,14.588,3.931369352999154
1003.0,5.79985,1.61553,56.4245,4.080791,,4050,-1.45461,0.40498,14.6034,4.077150730268043
1004.0,5.79985,1.61724,56.4841,4.081101,,4051,-1.45275,0.40536,14.6172,3.838901302424443
1005.0,5.79799,1.61895,56.5438,4.081721,,4052,-1.45275,0.40581,14.6335,4.006319380132006
1006.0,5.79985,1.62065,56.6034,4.082341,,4053,-1.45275,0.40622,14.6481,4.059632955883948
1007.0,5.79799,1.62236,56.663,4.082961,,4054,-1.45275,0.40664,14.6633,4.015225649646325
1008.0,5.79613,1.62407,56.7226,4.083581,,4055,-1.45089,0.40702,14.6769,3.943076525062479
1009.0,5.79985,1.62578,56.7823,4.084511,,4056,-1.45275,0.40754,14.6957,3.9257355226740196
1010.0,5.79985,1.62748,56.8419,4.085132,,4057,-1.45275,0.40792,14.7096,3.886949187329395
1011.0,5.79799,1.62919,56.9015,4.085752,,4058,-1.45275,0.40835,14.7251,4.02353848163955
1012.0,5.79613,1.6309,56.9612,4.086371,,4059,-1.45275,0.40877,14.7401,3.9603328219404412
1014.0,5.79799,1.6326,57.0208,4.086992,,4060,-1.45647,0.40919,14.7553,3.885893092006052
1015.0,5.79985,1.63431,57.0804,4.087612,,4061,-1.45461,0.40962,14.7708,3.9139141035950016
1016.0,5.79613,1.63602,57.1401,4.088232,,4063,-1.45461,0.41005,14.7862,3.964939888791293
1017.0,5.79799,1.63773,57.1997,4.088851,,4064,-1.45275,0.41048,14.8016,3.958972025080984
1018.0,5.79985,1.63943,57.2593,4.089472,,4065,-1.45461,0.4109,14.817,3.924652841644346
1019.0,5.79799,1.64114,57.319,4.089782,,4066,-1.45461,0.41133,14.8325,3.9267080460315102
1020.0,5.79985,1.64285,57.3786,4.090402,,4067,-1.45461,0.41176,14.8479,3.941843281497591
1021.0,5.80171,1.6444,57.4326,4.091022,,4068,-1.45275,0.41219,14.8633,3.9354371465968296
1022.0,5.79799,1.6461,57.4922,4.091642,,4069,-1.45275,0.41262,14.8788,4.015533409089345
1023.0,5.79985,1.64781,57.5519,4.092262,,4070,-1.45275,0.41304,14.8942,3.9239821733999585
1024.0,5.79799,1.64952,57.6115,4.093192,,4071,-1.45089,0.41347,14.9096,3.881694057145027
1025.0,5.79799,1.65123,57.6712,4.094122,,4072,-1.45275,0.4139,14.9251,4.044823773732391
1026.0,5.79985,1.65293,57.7308,4.094742,,4073,-1.45275,0.41433,14.9405,3.8819438291836668
1027.0,5.80171,1.65464,57.7905,4.095362,,4074,-1.45275,0.41475,14.9558,3.9588211925155243
1028.0,5.79985,1.65635,57.8501,4.095672,,4075,-1.45275,0.41513,14.9693,3.9248969639103097
1029.0,5.79799,1.65806,57.9097,4.096602,,4076,-1.45461,0.41555,14.9847,3.956153472698641
1030.0,5.79799,1.65976,57.9693,4.097222,,4077,-1.45461,0.41598,15.0002,3.96642245540645
1031.0,5.79985,1.66142,58.0273,4.097842,,4078,-1.45275,0.41641,15.0156,3.958308601937198
1032.0,5.79799,1.66292,58.0796,4.098462,,4079,-1.45461,0.41684,15.031,3.9916263041622795
1033.0,5.79799,1.66464,58.1398,4.099082,,4080,-1.45275,0.41727,15.0464,3.8736854288869083
1035.0,5.79985,1.66635,58.1994,4.100012,,4081,-1.45275,0.41769,15.0618,3.9007262154178157
1036.0,5.79985,1.6679,58.2534,4.100633,,4082,-1.45275,0.41807,15.0754,3.860300832973413
1037.0,5.79613,1.66964,58.3142,4.100943,,4083,-1.45275,0.41849,15.0905,3.9323000071511034
1038.0,5.79985,1.67113,58.3665,4.101872,,4084,-1.45647,0.41892,15.106,3.949100099988474
1039.0,5.79613,1.67284,58.4262,4.102182,,4085,-1.45275,0.41934,15.1214,4.06694703945569
1040.0,5.79613,1.67455,58.4858,4.102803,,4087,-1.45275,0.41977,15.1368,3.904176094076267
1041.0,5.79799,1.67626,58.5454,4.103423,,4088,-1.45461,0.4202,15.1522,3.938223273935874
1042.0,5.79985,1.67796,58.605,4.104043,,4089,-1.45275,0.42063,15.1677,3.9919753329859406
1043.0,5.79985,1.67967,58.6647,4.104663,,4090,-1.45275,0.42105,15.1831,4.004963708227438
1044.0,5.79613,1.68138,58.7243,4.105283,,4091,-1.45275,0.42143,15.1968,3.923068224648884
1045.0,5.79613,1.68309,58.7839,4.106213,,4092,-1.45275,0.42184,15.2113,4.015129371454454
1046.0,5.80171,1.68479,58.8435,4.106833,,4093,-1.45275,0.42227,15.2268,3.9823331369071537
1047.0,5.79799,1.6865,58.9032,4.107143,,4094,-1.45461,0.4227,15.2423,3.994564759479433
1048.0,5.79613,1.68822,58.9634,4.107763,,4095,-1.45275,0.42313,15.2578,3.9631880646559
1049.0,5.79799,1.68993,59.023,4.108383,,4096,-1.45275,0.42355,15.2732,3.919007931622009
1050.0,5.79985,1.69164,59.0826,4.109003,,4097,-1.45275,0.42393,15.2867,4.022245448577864
1051.0,5.79613,1.6932,59.1372,4.109623,,4098,-1.45275,0.42436,15.3022,3.964536477315331
1052.0,5.79985,1.69491,59.1968,4.110243,,4099,-1.45275,0.42478,15.3174,3.9429377718500844
1053.0,5.79985,1.69662,59.2565,4.110863,,4100,-1.45275,0.42521,15.333,3.9314629560700065
1054.0,5.79985,1.69832,59.3161,4.111483,,4101,-1.45275,0.42564,15.3484,3.934441604715502
1055.0,5.79799,1.70003,59.3758,4.112103,,4102,-1.45275,0.42607,15.3639,4.104283215905006
1056.0,5.79799,1.70172,59.4348,4.112723,,4103,-1.45461,0.42649,15.3792,4.015504591283929
1057.0,5.79985,1.70322,59.4872,4.113343,,4104,-1.45275,0.42687,15.3927,3.864293608651519
1059.0,5.79799,1.70493,59.5468,4.113963,,4105,-1.45275,0.42729,15.4081,4.070778789690903
1060.0,5.79799,1.70665,59.607,4.114583,,4106,-1.45461,0.42772,15.4235,3.9501198917710267
1061.0,5.79799,1.70836,59.6666,4.115203,,4107,-1.45275,0.42815,15.439,3.831823898061785
1062.0,5.79799,1.71007,59.7262,4.115823,,4108,-1.45275,0.42858,15.4544,3.900524455371608
1063.0,5.79799,1.71177,59.7859,4.116444,,4109,-1.45461,0.42901,15.4698,3.908142191612821
1064.0,5.79613,1.71348,59.8455,4.116754,,4111,-1.45461,0.42943,15.4853,3.8772566968782076
1065.0,5.79985,1.71519,59.9051,4.117373,,4112,-1.45275,0.42987,15.5008,3.94855754251269
1066.0,5.79985,1.71686,59.9637,4.117993,,4113,-1.45461,0.43027,15.5154,3.8839088974054334
1067.0,5.79799,1.71843,60.0182,4.118614,,4114,-1.45275,0.4307,15.5308,3.993515169590202
1068.0,5.79985,1.72013,60.0779,4.119234,,4115,-1.45275,0.43112,15.5461,3.946708916191523
1069.0,5.79799,1.72184,60.1375,4.119853,,4116,-1.45275,0.4315,15.5596,3.8880394654093524
1070.0,5.79799,1.72355,60.1971,4.120474,,4117,-1.45275,0.43192,15.5751,3.951608708204697
1071.0,5.79985,1.72505,60.2495,4.121404,,4118,-1.45275,0.43236,15.5906,3.922358651530301
1072.0,5.79985,1.72675,60.3091,4.122024,,4119,-1.45275,0.43277,15.6055,3.875729042240677
1073.0,5.79799,1.72846,60.3687,4.122644,,4120,-1.45275,0.4332,15.6209,3.8730844000941667
1074.0,5.79985,1.73017,60.4284,4.123264,,4121,-1.45089,0.43362,15.6363,3.9878806310041406
1075.0,5.79613,1.73188,60.488,4.123884,,4122,-1.45275,0.43405,15.6518,3.9090849377359933
1076.0,5.79985,1.73358,60.5476,4.124504,,4123,-1.45461,0.43446,15.6666,3.894324982527474
1077.0,5.79613,1.73529,60.6072,4.125124,,4124,-1.45089,0.43488,15.6816,3.9448235104245706
1078.0,5.79799,1.737,60.6669,4.125744,,4125,-1.45275,0.43525,15.6951,3.906996500616755
1079.0,5.79799,1.73871,60.7265,4.126364,,4126,-1.45461,0.43568,15.7106,3.950468981773285
1080.0,5.79799,1.74043,60.7867,4.126984,,4127,-1.45461,0.43611,15.726,3.996028421142235
1081.0,5.79985,1.74193,60.8391,4.127294,,4128,-1.45461,0.43654,15.7414,3.866232599763013
1083.0,5.79799,1.74364,60.8987,4.127914,,4129,-1.45461,0.43697,15.7568,3.990325340713548
1084.0,5.79613,1.74536,60.9589,4.128534,,4130,-1.45461,0.43739,15.7723,3.9377999111392703
1085.0,5.79985,1.74707,61.0185,4.129154,,4131,-1.45275,0.43781,15.7871,3.88546199815315
1086.0,5.79985,1.74877,61.0781,4.129774,,4132,-1.45275,0.43824,15.8028,3.9982004804807554
1087.0,5.79613,1.75048,61.1378,4.130394,,4133,-1.45275,0.43862,15.8164,3.9472211955610583
1088.0,5.79799,1.75219,61.1974,4.131014,,4134,-1.45275,0.43904,15.8318,3.976405018592016
1089.0,5.79799,1.7539,61.257,4.131634,,4135,-1.45275,0.43947,15.8473,3.965377260499783
1090.0,5.79799,1.7556,61.3167,4.132255,,4136,-1.45461,0.4399,15.8627,3.94177127330304
1091.0,5.79985,1.75731,61.3763,4.133184,,4138,-1.45275,0.44033,15.8781,3.9156685475993944
1092.0,5.79799,1.75902,61.4359,4.133494,,4139,-1.45275,0.44076,15.8935,3.97896763082918
1093.0,5.79799,1.76052,61.4882,4.134115,,4140,-1.45461,0.44118,15.909,3.923373167629211
1094.0,5.79799,1.76222,61.5479,4.134735,,4141,-1.45461,0.44162,15.9245,3.9171327882333427
1095.0,5.79427,1.76393,61.6075,4.135355,,4142,-1.45275,0.44204,15.94,3.919630318767975
1096.0,5.79799,1.76561,61.666,4.135975,,4143,-1.45275,0.44247,15.9554,3.970932644480388
1097.0,5.79613,1.76738,61.7279,4.136285,,4144,-1.45275,0.44289,15.9705,3.8695886966023396
1098.0,5.79799,1.76908,61.7875,4.136905,,4145,-1.45275,0.44331,15.9855,3.986000938964353
1099.0,5.79613,1.77079,61.8472,4.137525,,4146,-1.45275,0.44374,16.001,3.8894101297906705
1100.0,5.79613,1.7725,61.9068,4.138145,,4147,-1.45275,0.44416,16.0164,3.8666439796550787
1101.0,5.79799,1.77421,61.9664,4.138455,,4148,-1.45275,0.44459,16.0318,3.886949714837568
1103.0,5.79985,1.77591,62.0261,4.139075,,4149,-1.45275,0.44497,16.0454,3.882333790054915
1104.0,5.80171,1.77762,62.0857,4.139385,,4150,-1.45275,0.44539,16.0608,3.983481170067244
1105.0,5.79985,1.77912,62.1381,4.140005,,4151,-1.45275,0.44582,16.0762,4.000599060799041
1106.0,5.79985,1.78083,62.1977,4.140315,,4152,-1.45461,0.44625,16.0916,3.97368814647771
1107.0,5.79799,1.78254,62.2573,4.140935,,4153,-1.45275,0.44668,16.1071,4.022050744726731
1108.0,5.79799,1.78424,62.317,4.141555,,4154,-1.45275,0.44711,16.1225,3.9135469622038404
1109.0,5.79799,1.78595,62.3766,4.141865,,4155,-1.45275,0.4475,16.1368,3.9310879998460235
1110.0,5.79985,1.78766,62.4362,4.142485,,4156,-1.45461,0.44793,16.1522,3.94290412148243
1111.0,5.80357,1.78943,62.4981,4.143415,,4157,-1.45275,0.44836,16.1676,3.955939744875368
1112.0,5.79799,1.79093,62.5504,4.144035,,4158,-1.45275,0.44878,16.1829,3.948589206647276
1113.0,5.79799,1.79264,62.6101,4.144345,,4159,-1.45275,0.44916,16.1964,3.916955134327801
1114.0,5.79613,1.79434,62.6697,4.144965,,4160,-1.45461,0.44958,16.2119,3.962354716090822
1115.0,5.80171,1.79605,62.7293,4.145586,,4162,-1.45275,0.45001,16.2273,3.9422875145611345
1116.0,5.79613,1.79776,62.789,4.146205,,4163,-1.45275,0.45044,16.2429,3.9262578983496157
1117.0,5.79799,1.79948,62.8492,4.146825,,4164,-1.45275,0.45084,16.2571,3.910792299677283
1118.0,5.79985,1.80119,62.9088,4.147135,,4165,-1.45275,0.45127,16.2727,3.9304475842590874
1119.0,5.79985,1.8029,62.9684,4.147756,,4166,-1.45461,0.4517,16.2881,3.982345656760126
1120.0,5.79799,1.8046,63.0281,4.148376,,4167,-1.45461,0.45213,16.3036,3.904469905014836
1121.0,5.79985,1.80631,63.0877,4.148995,,4168,-1.45275,0.45256,16.319,3.8766672346110957
1122.0,5.79985,1.80802,63.1473,4.149305,,4169,-1.45275,0.45299,16.3347,3.9320837657135397
1124.0,5.79985,1.80973,63.207,4.149926,,4170,-1.45275,0.45341,16.35,3.9787649250764434
1125.0,5.79985,1.81143,63.2666,4.150546,,4171,-1.45275,0.45379,16.3635,3.968326939498737
1126.0,5.79985,1.81314,63.3263,4.151165,,4172,-1.45275,0.45421,16.3788,4.038394543518992
1127.0,5.79799,1.8148,63.3842,4.151786,,4173,-1.45275,0.45464,16.3942,4.035913991792467
1128.0,5.79613,1.81633,63.4377,4.152096,,4174,-1.45461,0.45507,16.4097,3.9485298954760646
1129.0,5.79985,1.81804,63.4973,4.152716,,4175,-1.45461,0.45549,16.4249,3.971115370516487
1130.0,5.79613,1.81974,63.5569,4.153336,,4176,-1.45647,0.45587,16.4385,3.9869551754039128
1131.0,5.79985,1.82145,63.6165,4.153956,,4177,-1.45275,0.4563,16.4539,3.952299360645245
1132.0,5.79799,1.82295,63.6688,4.154266,,4178,-1.45461,0.45672,16.4694,3.8697797832114356
1133.0,5.79985,1.82466,63.7285,4.154886,,4179,-1.45275,0.45717,16.4855,3.88281304546769
1134.0,5.79985,1.82636,63.7881,4.155506,,4180,-1.45275,0.45758,16.5002,4.020456047397259
1135.0,5.79799,1.82807,63.8477,4.155816,,4181,-1.45275,0.45801,16.5156,3.9367052352258938
1136.0,5.80171,1.82978,63.9074,4.156436,,4182,-1.45275,0.45844,16.5311,3.938259071219262
1137.0,5.79799,1.83149,63.967,4.156746,,4183,-1.45275,0.45886,16.5465,3.9866741283200278
1138.0,5.79985,1.83319,64.0267,4.157366,,4184,-1.45461,0.45929,16.5618,3.944630772339635
1139.0,5.80171,1.8349,64.0863,4.157986,,4186,-1.45275,0.45972,16.5772,3.9218618937943877
1140.0,5.79799,1.83661,64.1459,4.158296,,4187,-1.45275,0.46013,16.5922,3.8916446951658408
1141.0,5.79985,1.8384,64.2084,4.158916,,4188,-1.45461,0.46053,16.6066,3.863772452819055
1142.0,5.79799,1.83993,64.2618,4.159536,,4189,-1.45275,0.46096,16.622,3.8852829374046864
1143.0,5.79799,1.84163,64.3214,4.159846,,4190,-1.45461,0.46138,16.6373,3.941172691477496
1144.0,5.80171,1.84334,64.3811,4.160466,,4191,-1.45275,0.46181,16.6527,3.903192026977035
1145.0,5.79799,1.84499,64.4385,4.160776,,4192,-1.45461,0.46224,16.6682,3.8694773385068495
1146.0,5.79799,1.84669,64.4981,4.161397,,4193,-1.45461,0.46267,16.6836,3.980353068383411
1148.0,5.79799,1.8484,64.5577,4.162016,,4194,-1.45275,0.46309,16.699,3.915591169002261
1149.0,5.79799,1.85011,64.6173,4.162326,,4195,-1.45275,0.46352,16.7145,3.9304755811422187
1150.0,5.79985,1.85181,64.677,4.162946,,4196,-1.45461,0.46395,16.7299,3.9883801629137086
1151.0,5.79799,1.85352,64.7366,4.163567,,4197,-1.45461,0.46438,16.7453,3.8932344358359714
1152.0,5.79427,1.85502,64.7889,4.163877,,4198,-1.45089,0.46481,16.7608,3.914566629842156
1153.0,5.79985,1.85673,64.8486,4.164806,,4199,-1.45275,0.46523,16.7762,3.8476335322250548
1154.0,5.80171,1.85844,64.9082,4.165117,,4200,-1.45275,0.46566,16.7916,4.052745786469995
1155.0,5.79799,1.86014,64.9679,4.165737,,4201,-1.45275,0.46611,16.8078,3.8344522628230036
1156.0,5.79985,1.86185,65.0275,4.166047,,4202,-1.45275,0.46654,16.8232,3.923099823859969
1157.0,5.79799,1.86341,65.0821,4.166667,,4203,-1.45275,0.46696,16.8385,3.906019528834998
1158.0,5.79985,1.86501,65.1377,4.166976,,4205,-1.45089,0.46739,16.8539,4.009029071699478
1159.0,5.79799,1.86671,65.1974,4.167597,,4206,-1.45461,0.46776,16.8674,3.9620829469556096
1160.0,5.79799,1.86842,65.257,4.167907,,4207,-1.45275,0.46819,16.8829,3.869710092182044
1161.0,5.79985,1.87013,65.3167,4.168217,,4208,-1.45275,0.46862,16.8983,3.8965002005826417
1162.0,5.79985,1.87184,65.3763,4.168837,,4209,-1.45461,0.46905,16.9137,3.8688866621718914
1163.0,5.79985,1.87354,65.4359,4.169457,,4210,-1.45275,0.46948,16.9292,3.9469851882722913
1164.0,5.79799,1.87525,65.4956,4.169767,,4211,-1.45461,0.4699,16.9446,3.957504844529283
1165.0,5.79985,1.87696,65.5552,4.170387,,4212,-1.45275,0.47033,16.96,3.894135073561734
1166.0,5.79985,1.87867,65.6148,4.170697,,4213,-1.45275,0.47076,16.9754,3.8707538607473584
1167.0,5.80171,1.88037,65.6745,4.171317,,4214,-1.45275,0.47115,16.9897,3.855022729857238
1168.0,5.79985,1.88208,65.7341,4.171937,,4215,-1.45275,0.47156,17.0044,4.027797444750962
1169.0,5.79985,1.88379,65.7938,4.172247,,4216,-1.45275,0.47199,17.02,3.9483371593759164
1171.0,5.79799,1.8855,65.8534,4.172867,,4217,-1.45275,0.47242,17.0354,3.875864056585316
1172.0,5.79613,1.88703,65.9068,4.173487,,4218,-1.45461,0.47285,17.0508,3.9734386447081556
1173.0,5.79799,1.88882,65.9693,4.173797,,4219,-1.45089,0.47328,17.0663,3.898162971815628
1174.0,5.79799,1.89051,66.0283,4.174417,,4220,-1.45275,0.4737,17.0815,3.9129721909001542
1175.0,5.80171,1.89221,66.088,4.174727,,4221,-1.45461,0.47408,17.0951,3.933484285006657
1176.0,5.79985,1.89392,66.1476,4.175347,,4222,-1.45275,0.47451,17.1108,4.056504879970943
1177.0,5.79985,1.89563,66.2072,4.175967,,4223,-1.45275,0.47491,17.1249,3.8604043250266717
1178.0,5.79799,1.89713,66.2596,4.176277,,4224,-1.45275,0.47534,17.1406,4.023493370194737
1179.0,5.79985,1.89883,66.3192,4.176898,,4225,-1.45275,0.47572,17.1542,3.9170246336793326
1180.0,5.79613,1.90054,66.3788,4.177207,,4226,-1.45275,0.47613,17.169,3.9688647514525393
1181.0,5.79985,1.90225,66.4385,4.177827,,4227,-1.45461,0.47657,17.185,3.966526670939509
1182.0,5.79985,1.90396,66.4981,4.178447,,4228,-1.45275,0.47695,17.1986,3.9508358393010266
1183.0,5.79985,1.90545,66.5504,4.178758,,4229,-1.45275,0.47738,17.214,3.8916361487030153
1184.0,5.79985,1.90716,66.61,4.179378,,4230,-1.45461,0.4778,17.2294,3.9933779563640237
1185.0,5.79985,1.90887,66.6697,4.179688,,4231,-1.45461,0.47823,17.2449,3.9230967125642717
1186.0,5.79613,1.91061,66.7304,4.180307,,4233,-1.45461,0.47866,17.2603,3.8934780022996183
1187.0,5.79985,1.91228,66.7889,4.180617,,4234,-1.45275,0.47909,17.2757,3.985809218837092
1188.0,5.79799,1.91378,66.8413,4.181238,,4235,-1.45275,0.4795,17.2907,4.02714505467259
1189.0,5.79985,1.91549,66.9009,4.181858,,4236,-1.45461,0.47994,17.3066,3.94078836692241
1190.0,5.79799,1.9172,66.9605,4.182477,,4237,-1.45275,0.48037,17.322,4.046079117077124
1191.0,5.79985,1.9189,67.0202,4.183098,,4238,-1.45461,0.4808,17.3374,3.956408648653564
1192.0,5.80171,1.92061,67.0798,4.183408,,4239,-1.45275,0.48123,17.3528,4.025686242313151
1193.0,5.79985,1.92232,67.1394,4.184028,,4240,-1.45275,0.48165,17.3683,3.9407510038842033
1195.0,5.79985,1.92403,67.1991,4.184648,,4241,-1.45089,0.48208,17.3837,3.8912497442393383
1196.0,5.79799,1.92573,67.2587,4.184958,,4242,-1.45461,0.48251,17.3991,3.931734821383981
1197.0,5.79985,1.92744,67.3184,4.185578,,4243,-1.45275,0.48294,17.4146,3.8760239929067857
1198.0,5.79985,1.92917,67.3786,4.186508,,4244,-1.45461,0.48337,17.43,3.97019887080182
1199.0,5.79985,1.93087,67.4382,4.186818,,4245,-1.45275,0.48379,17.4454,3.8974606564932603
1200.0,5.79985,1.93258,67.4978,4.187438,,4246,-1.45275,0.48422,17.4609,3.945348765553897
1201.0,5.80171,1.93429,67.5575,4.188058,,4247,-1.45275,0.48462,17.4753,3.9832843446693733
1202.0,5.79613,1.93596,67.616,4.188368,,4248,-1.45275,0.48504,17.4906,3.852912717014354
1203.0,5.79985,1.93767,67.6756,4.188988,,4249,-1.45461,0.48547,17.506,4.052375105227258
1204.0,5.79799,1.93938,67.7352,4.189298,,4250,-1.45461,0.4859,17.5213,3.886736388964559
1205.0,5.79613,1.94108,67.7949,4.189918,,4251,-1.45275,0.4863,17.536,3.827855074015375
1206.0,5.79985,1.94279,67.8545,4.190538,,4252,-1.45275,0.48675,17.5521,3.884890276569577
1207.0,5.79613,1.94429,67.9068,4.190848,,4254,-1.45275,0.48718,17.5675,3.849921896197783
1208.0,5.79985,1.946,67.9665,4.191468,,4255,-1.45461,0.48759,17.5824,3.9675358632484996
1209.0,5.79985,1.94771,68.0261,4.191778,,4256,-1.45461,0.48801,17.5974,4.033306698707799
1210.0,5.79799,1.94941,68.0857,4.192399,,4257,-1.45461,0.48844,17.6128,3.898078751666319
1211.0,5.79799,1.95112,68.1454,4.192708,,4258,-1.45275,0.48886,17.6282,3.904233053787684
1212.0,5.79799,1.95283,68.205,4.193328,,4259,-1.45275,0.48929,17.6437,3.945758947076853
1213.0,5.79799,1.95454,68.2646,4.193948,,4260,-1.45461,0.48972,17.6591,3.974581389821552
1215.0,5.79799,1.95624,68.3243,4.194258,,4261,-1.45275,0.49015,17.6745,3.880170865137141
1216.0,5.79985,1.95795,68.3839,4.194879,,4262,-1.45461,0.49057,17.69,3.8853289205652395
1217.0,5.79799,1.95971,68.4452,4.195189,,4263,-1.45275,0.491,17.7054,3.871656334881359
1218.0,5.79799,1.96138,68.5037,4.195808,,4264,-1.45461,0.49143,17.7208,3.9684109067113305
1219.0,5.79985,1.96309,68.5634,4.196429,,4265,-1.45461,0.49186,17.7363,3.8556040182593607
1220.0,5.79985,1.9648,68.623,4.197049,,4266,-1.45461,0.49229,17.7517,3.9112147741420578
1221.0,5.79985,1.9665,68.6827,4.197669,,4267,-1.45461,0.49271,17.7671,3.997656588642788
1222.0,5.79985,1.96821,68.7423,4.197978,,4268,-1.45275,0.49314,17.7825,3.885258521631282
1223.0,5.79985,1.96971,68.7946,4.198599,,4269,-1.45275,0.49357,17.798,3.9484652136920504
1224.0,5.79985,1.97142,68.8543,4.198909,,4270,-1.45275,0.49399,17.813,3.9328142341600865
1225.0,5.79985,1.97312,68.9139,4.199529,,4271,-1.45275,0.49441,17.8284,3.9526859798918874
1226.0,5.79985,1.97483,68.9735,4.200149,,4273,-1.45089,0.49484,17.8438,3.963074689318964
1226.0,5.79241,1.97483,68.9735,4.200149,,4274,-1.45275,0.49527,17.8592,3.889836243553064
1227.0,5.78125,1.97657,69.0342,4.199839,,4275,-1.45275,0.4957,17.8747,3.857844442188853
1228.0,5.76451,1.97819,69.0907,4.199839,,4276,-1.45275,0.49612,17.8901,3.8605777142441338
1229.0,5.74777,1.97988,69.1499,4.199839,,4277,-1.45275,0.49655,17.9055,4.026218280926761
1230.0,5.73103,1.98157,69.2089,4.199839,,4278,-1.45461,0.49698,17.9208,3.7990066169888452
1231.0,5.71429,1.98326,69.2678,4.199839,,4279,-1.45275,0.49735,17.9343,3.924875243798318
1232.0,5.69196,1.98493,69.3264,4.200149,,4280,-1.45275,0.49778,17.9498,3.913968082942064
1233.0,5.67708,1.98661,69.3849,4.199839,,4281,-1.45275,0.49823,17.9661,3.917024082629259
1234.0,5.6622,1.98828,69.4432,4.199839,,4282,-1.45275,0.49861,17.9798,4.02901481765508
1236.0,5.64546,1.98994,69.5013,4.199839,,4283,-1.45275,0.49904,17.9952,3.8631820270795902
1237.0,5.62872,1.9916,69.5592,4.199839,,4284,-1.45275,0.49947,18.0106,3.9485181566356076
1238.0,5.61012,1.99326,69.617,4.199839,,4285,-1.45275,0.49989,18.026,3.835739187148577
1239.0,5.59338,1.99489,69.674,4.199839,,4286,-1.45275,0.50032,18.0414,3.9099727074361303
1240.0,5.58222,1.99633,69.7244,4.199839,,4287,-1.45461,0.50076,18.0573,3.9651252287037524
1241.0,5.56734,1.99797,69.7818,4.199839,,4288,-1.45461,0.50116,18.0716,3.885756390746586
1242.0,5.5506,1.99967,69.8411,4.199839,,4289,-1.45275,0.50159,18.087,3.848766530286974
1243.0,5.53571,2.00112,69.8916,4.199839,,4290,-1.45275,0.50201,18.1024,3.946352790099026
1244.0,5.52455,2.00273,69.948,4.199839,,4291,-1.45275,0.50244,18.1179,3.986345942867181
1245.0,5.50781,2.00436,70.0047,4.199839,,4292,-1.45461,0.50287,18.1333,4.015018004127173
1246.0,5.49293,2.00598,70.0613,4.199839,,4294,-1.45461,0.5033,18.1487,3.910081666257578
1247.0,5.48177,2.00759,70.1177,4.199839,,4295,-1.45275,0.50375,18.1652,3.8784149793546785
1248.0,5.47061,2.0092,70.174,4.199839,,4296,-1.45275,0.50417,18.18,3.9051753929001354
1249.0,5.45573,2.01081,70.2302,4.199839,,4297,-1.45089,0.50454,18.1936,3.9551328687112433
1250.0,5.43713,2.01242,70.2862,4.199839,,4298,-1.45461,0.50497,18.209,3.8339383541364547
1251.0,5.42411,2.01403,70.3426,4.199839,,4299,-1.45275,0.5054,18.2244,3.9236521343558963
1252.0,5.41481,2.01563,70.3983,4.199839,,4300,-1.45461,0.50582,18.2399,3.8967683819128114
1253.0,5.39993,2.01722,70.4539,4.200149,,4301,-1.45461,0.50625,18.2553,3.9217832432857826
1254.0,5.38877,2.01881,70.5094,4.199839,,4302,-1.45275,0.50668,18.2707,3.9378809546520346
1255.0,5.3776,2.02039,70.5647,4.199839,,4303,-1.45275,0.50711,18.2861,3.8405826237656346
1256.0,5.36458,2.02194,70.6189,4.199839,,4304,-1.45275,0.50754,18.3017,3.941643874003929
1258.0,5.3497,2.02346,70.6719,4.199839,,4305,-1.45275,0.50797,18.3171,3.8821414635500555
1259.0,5.34412,2.02503,70.7269,4.199839,,4306,-1.45275,0.5084,18.3326,3.9266516823488846
1260.0,5.31994,2.0266,70.7816,4.199839,,4307,-1.45089,0.50882,18.348,4.0177311171959476
1261.0,5.31064,2.02816,70.8362,4.199839,,4308,-1.45461,0.50925,18.3634,3.929911401128668
1262.0,5.29018,2.02972,70.8907,4.199839,,4309,-1.45275,0.50968,18.3789,3.870179418153741
1263.0,5.2846,2.03128,70.9451,4.199839,,4310,-1.45275,0.51011,18.3943,3.9551547327150214
1264.0,5.26414,2.03283,70.9993,4.199839,,4311,-1.45089,0.51055,18.4102,3.7492903784370406
1265.0,5.24926,2.03437,71.0529,4.199839,,4312,-1.45275,0.51093,18.424,3.9162882706558357
1266.0,5.2381,2.03572,71.1002,4.199839,,4313,-1.45275,0.51136,18.4394,3.8356727664891697
1267.0,5.23066,2.03726,71.154,4.199839,,4315,-1.45275,0.51179,18.4548,3.9864580328747117
1268.0,5.21763,2.03881,71.2082,4.199839,,4316,-1.45461,0.51221,18.4703,3.873679649647803
1269.0,5.20275,2.04035,71.2618,4.199839,,4317,-1.45461,0.51264,18.4857,3.7157154904840355
1270.0,5.19345,2.04186,71.3147,4.199839,,4318,-1.45275,0.51307,18.5011,3.908496442646478
1271.0,5.17671,2.0432,71.3615,4.199839,,4319,-1.45089,0.51349,18.5164,3.8692566422183137
1272.0,5.16369,2.04481,71.4177,4.199839,,4320,-1.45275,0.51387,18.5299,3.854116699601921
1273.0,5.15067,2.04633,71.4707,4.199839,,4321,-1.45275,0.5143,18.5454,3.8665617254767746
1274.0,5.13393,2.04784,71.5236,4.199839,,4322,-1.45275,0.51473,18.5609,3.8854648897217703
1275.0,5.12463,2.04935,71.5763,4.199839,,4323,-1.45275,0.51516,18.5764,3.958767579927452
1276.0,5.10789,2.05086,71.6289,4.199839,,4324,-1.45089,0.51558,18.5916,3.8822004482957135
1277.0,5.08929,2.05236,71.6813,4.199839,,4325,-1.45275,0.51596,18.6052,3.89993402525533
1278.0,5.07627,2.05386,71.7337,4.199839,,4326,-1.45275,0.51638,18.6206,3.9278943972978833
1280.0,5.07068,2.05535,71.7858,4.199839,,4327,-1.45275,0.51682,18.6364,3.932568875363845
1281.0,5.05022,2.05684,71.8379,4.199839,,4328,-1.45275,0.51724,18.6516,3.8845327339743796
1282.0,5.04278,2.05833,71.8898,4.199839,,4329,-1.45461,0.51762,18.6652,3.823687978872921
1283.0,5.0279,2.05981,71.9415,4.199839,,4330,-1.45275,0.51805,18.6806,3.8017667472512704
1284.0,5.01302,2.06129,71.9931,4.199839,,4331,-1.45275,0.51847,18.696,4.003246710883861
1285.0,4.99442,2.06276,72.0446,4.199839,,4332,-1.45461,0.5189,18.7115,3.9318465579028032
1286.0,4.98512,2.06423,72.0959,4.199839,,4333,-1.45275,0.51933,18.7269,3.8222330235401474
1287.0,4.96838,2.06561,72.1442,4.199839,,4334,-1.45275,0.51976,18.7423,3.894828806526443
1288.0,4.95722,2.06702,72.1932,4.199839,,4335,-1.45275,0.52019,18.7579,3.857677386625966
1289.0,4.94048,2.0683,72.2379,4.199839,,4336,-1.45461,0.52061,18.7732,4.002377415800066
1290.0,4.92932,2.06975,72.2887,4.200149,,4337,-1.45275,0.52103,18.7883,3.8106408777625203
1291.0,4.91816,2.0712,72.3394,4.199839,,4338,-1.45089,0.52144,18.8029,3.9724015264078867
1292.0,4.90885,2.07265,72.3899,4.199839,,4339,-1.45275,0.52187,18.8183,3.936859372436861
1293.0,4.89397,2.07409,72.4403,4.199839,,4341,-1.45275,0.52229,18.8337,3.918412006447167
1294.0,4.88095,2.07553,72.4905,4.199839,,4342,-1.45275,0.52272,18.8491,3.943325455314284
1295.0,4.86979,2.07696,72.5406,4.199839,,4343,-1.45461,0.5231,18.8627,3.967756523202482
1296.0,4.85119,2.07839,72.5905,4.199839,,4344,-1.45275,0.52352,18.8781,3.909486631550519
1297.0,4.83817,2.07982,72.6404,4.199839,,4345,-1.45275,0.52395,18.8935,3.9042964585196147
1298.0,4.82701,2.08124,72.6901,4.199839,,4346,-1.45275,0.52438,18.909,3.9492433997021656
1299.0,4.80655,2.08249,72.7335,4.199839,,4347,-1.45461,0.52481,18.9244,3.877169707271502
1300.0,4.79725,2.0839,72.7829,4.199839,,4348,-1.45275,0.52524,18.9398,3.980691755733015
1302.0,4.78237,2.08546,72.8373,4.199839,,4349,-1.45275,0.52566,18.9551,3.8940016520398903
1303.0,4.76935,2.08687,72.8864,4.199839,,4350,-1.45461,0.52608,18.9703,3.936081705757406
1304.0,4.75446,2.08827,72.9354,4.199839,,4351,-1.45461,0.52653,18.9866,3.9003994148335903
1305.0,4.73772,2.08967,72.9842,4.199839,,4352,-1.45275,0.52696,19.002,3.856636460521541
1306.0,4.72842,2.09106,73.0329,4.199839,,4353,-1.45275,0.52738,19.0173,3.956098024705931
1307.0,4.7154,2.09228,73.0755,4.200149,,4354,-1.45275,0.52776,19.0308,3.906702244035768
1308.0,4.70238,2.09366,73.1239,4.199839,,4355,-1.45275,0.52819,19.0462,3.8871473163705264
1309.0,4.69122,2.09505,73.1722,4.199839,,4356,-1.45275,0.52861,19.0617,3.8800219756190177
1310.0,4.6782,2.09643,73.2204,4.199839,,4357,-1.45461,0.52902,19.0763,3.984815459903954
1311.0,4.66146,2.0978,73.2684,4.199839,,4358,-1.45275,0.52946,19.0921,3.9458687269716495
1312.0,4.64658,2.09917,73.3163,4.199839,,4359,-1.45275,0.52989,19.1075,3.919580897975919
1313.0,4.63914,2.10054,73.364,4.199839,,4360,-1.45275,0.53031,19.1229,3.833073518779985
1314.0,4.62426,2.1019,73.4116,4.199839,,4361,-1.45089,0.53074,19.1384,3.9018364603589064
1315.0,4.6131,2.10326,73.4591,4.199839,,4362,-1.45275,0.53115,19.1532,3.9523584983750197
1316.0,4.60193,2.10463,73.507,4.199839,,4364,-1.45275,0.53158,19.1686,3.9280363548709585
1317.0,4.58519,2.10595,73.5528,4.199839,,4365,-1.45275,0.53201,19.1841,3.858319245435243
1318.0,4.57217,2.10728,73.5995,4.199839,,4366,-1.45275,0.53244,19.1995,3.9173142994793158
1319.0,4.56473,2.10863,73.6464,4.199839,,4367,-1.45461,0.53286,19.2149,3.94365727188307
1320.0,4.54985,2.10997,73.6933,4.199839,,4368,-1.45275,0.53329,19.2303,3.8751701176471527
1322.0,4.53869,2.1113,73.74,4.199839,,4369,-1.45275,0.53372,19.2458,3.8658581326364363
1323.0,4.52381,2.11264,73.7865,4.199839,,4370,-1.45275,0.53415,19.2612,3.799852193677719
1324.0,4.50893,2.1138,73.8273,4.199839,,4371,-1.45275,0.53458,19.2766,3.8849170874498786
1325.0,4.49591,2.11513,73.8736,4.199839,,4372,-1.45275,0.535,19.2921,3.9466145582501353
1326.0,4.48475,2.11645,73.9198,4.199839,,4373,-1.44903,0.53538,19.3057,3.829816748205817
1327.0,4.47731,2.11777,73.9659,4.199839,,4374,-1.45275,0.53583,19.3219,3.771848679468295
1328.0,4.46057,2.11909,74.0118,4.199839,,4375,-1.45461,0.53626,19.3373,3.8440169802557715
1329.0,4.44568,2.1204,74.0576,4.199839,,4376,-1.45275,0.53669,19.3528,3.8560129547728246
1330.0,4.43452,2.12173,74.1042,4.199839,,4377,-1.45275,0.53712,19.3682,3.890044254710961
1331.0,4.42522,2.12297,74.1475,4.199839,,4378,-1.45275,0.5375,19.3822,3.9311816335455054
1332.0,4.41406,2.12411,74.1874,4.199839,,4379,-1.45461,0.53793,19.3977,3.9505081868873084
1333.0,4.39918,2.12541,74.2327,4.199839,,4380,-1.45461,0.53831,19.4113,3.923394041176551
1334.0,4.38802,2.1267,74.2779,4.199839,,4381,-1.45275,0.53874,19.4267,3.9062733800192424
1335.0,4.37686,2.128,74.3229,4.199839,,4382,-1.45461,0.53917,19.4421,3.910403286610789
1336.0,4.36012,2.12928,74.3679,4.199839,,4383,-1.45461,0.53959,19.4576,3.9088254999782803
1337.0,4.35082,2.13056,74.4126,4.199839,,4385,-1.45461,0.54002,19.473,3.9408412496944667
1338.0,4.33594,2.13184,74.4573,4.199839,,4386,-1.45275,0.54045,19.4884,3.9420118340385484
1339.0,4.32478,2.13312,74.5018,4.199839,,4387,-1.45275,0.54088,19.5039,3.9157763409200435
1340.0,4.31362,2.13439,74.5462,4.199839,,4388,-1.45275,0.54131,19.5193,3.8718612237469636
1341.0,4.29688,2.13566,74.5905,4.199839,,4389,-1.45275,0.54173,19.5347,3.8721744573836956
1342.0,4.28943,2.13692,74.6347,4.199839,,4390,-1.45275,0.54212,19.5486,3.867661550901398
1344.0,4.27641,2.13818,74.6787,4.199839,,4391,-1.45461,0.54256,19.5644,3.899006533091554
1345.0,4.26153,2.1394,74.7214,4.199839,,4392,-1.45275,0.54293,19.578,3.9450867514070698
1346.0,4.25037,2.14058,74.7627,4.199839,,4393,-1.45275,0.54336,19.5935,3.890898763658297
1347.0,4.23549,2.14183,74.8063,4.199839,,4394,-1.45275,0.54379,19.609,3.9093699593918894
1348.0,4.22805,2.14293,74.8445,4.199839,,4395,-1.45461,0.54422,19.6244,3.896493573852836
1349.0,4.21131,2.14417,74.8879,4.199839,,4396,-1.45089,0.54465,19.6398,3.9235025780462065
1350.0,4.20015,2.14541,74.9312,4.199839,,4397,-1.45275,0.54508,19.6553,3.83829421261195
1351.0,4.18713,2.14664,74.9743,4.199839,,4398,-1.45275,0.54549,19.6703,3.938947381344205
1352.0,4.17597,2.14788,75.0173,4.199839,,4399,-1.45275,0.5459,19.6848,3.855782107808068
1353.0,4.16481,2.1491,75.0602,4.199839,,4400,-1.45275,0.54627,19.6984,3.932792205589801
1354.0,4.14993,2.15033,75.1029,4.200149,,4401,-1.45275,0.5467,19.7138,3.839377903102484
1355.0,4.13691,2.15155,75.1455,4.199839,,4402,-1.45275,0.54713,19.7292,3.9061918035791092
1356.0,4.12574,2.15276,75.188,4.199839,,4403,-1.45461,0.54756,19.7447,3.976989034631461
1357.0,4.11458,2.15398,75.2304,4.199839,,4404,-1.45275,0.54798,19.7601,3.809959045452907
1358.0,4.10342,2.15519,75.2727,4.199839,,4405,-1.45275,0.54841,19.7755,3.9283837596565014
1359.0,4.09226,2.15639,75.3148,4.199839,,4406,-1.45275,0.54884,19.7909,3.864073259438698
1360.0,4.07924,2.15765,75.3588,4.199839,,4407,-1.45461,0.54927,19.8064,3.906628749184873
1361.0,4.06808,2.15878,75.3983,4.199839,,4408,-1.45461,0.54968,19.8214,3.7549412742238926
1362.0,4.05692,2.15983,75.435,4.199839,,4409,-1.45275,0.55011,19.8368,3.916682655779959
1363.0,4.04576,2.16103,75.4766,4.199839,,4410,-1.45461,0.55049,19.8504,3.88947710993323
1364.0,4.03274,2.16222,75.5182,4.199839,,4412,-1.45275,0.55095,19.8671,3.9154256207217135
1365.0,4.01786,2.1634,75.5596,4.199839,,4413,-1.45275,0.55138,19.8825,3.808528575183459
1367.0,4.00856,2.16458,75.6009,4.199839,,4414,-1.45461,0.55177,19.8968,3.899280541879151
1368.0,3.99926,2.16576,75.6421,4.199839,,4415,-1.45275,0.55222,19.9128,3.9377287868089907
1369.0,3.98624,2.16694,75.6831,4.199839,,4416,-1.45275,0.55265,19.9282,3.933798990931578
1370.0,3.97507,2.16809,75.7233,4.199839,,4417,-1.45461,0.55305,19.9428,3.9297840738616
1371.0,3.96577,2.16912,75.7591,4.199839,,4418,-1.45275,0.55345,19.9573,3.780683907079138
1372.0,3.95461,2.17028,75.7999,4.199839,,4419,-1.45275,0.55388,19.9727,3.9291872986971392
1373.0,3.94531,2.17146,75.8409,4.199839,,4420,-1.45275,0.55431,19.9882,3.8497946255176787
1374.0,3.93787,2.17262,75.8814,4.199839,,4421,-1.45275,0.55474,20.0036,3.916627708522213
1375.0,3.92485,2.17364,75.9172,4.199839,,4422,-1.45275,0.55516,20.019,3.9051765807340546
1376.0,3.91369,2.17485,75.9594,4.199839,,4423,-1.45275,0.55559,20.0345,3.977835366461597
1377.0,3.90439,2.176,75.9996,4.199839,,4424,-1.45275,0.55602,20.0499,3.8716400975639504
1378.0,3.89137,2.17715,76.0397,4.199839,,4425,-1.45275,0.55645,20.0653,3.984341656119516
1379.0,3.87835,2.17829,76.0796,4.199839,,4426,-1.45461,0.55688,20.0808,3.8982017383920593
1380.0,3.87091,2.17943,76.1195,4.199839,,4427,-1.45275,0.5573,20.0962,3.852871745355668
1381.0,3.85789,2.18043,76.1544,4.199839,,4428,-1.45461,0.55773,20.1116,3.97864074491168
1382.0,3.84859,2.18157,76.194,4.199839,,4429,-1.45275,0.55816,20.127,3.893853398981526
1383.0,3.83929,2.1827,76.2335,4.199839,,4430,-1.45275,0.55859,20.1425,3.9273374874442295
1384.0,3.82999,2.18383,76.2729,4.199839,,4432,-1.45461,0.55901,20.1579,3.784482098999894
1385.0,3.81696,2.18495,76.3122,4.199839,,4433,-1.45275,0.55944,20.1733,3.7845449418747643
1386.0,3.80952,2.18607,76.3514,4.199839,,4434,-1.45461,0.55987,20.1888,3.806479446897181
1387.0,3.79836,2.18706,76.3857,4.200149,,4435,-1.45647,0.5603,20.2042,3.961772994681321
1388.0,3.78534,2.18817,76.4247,4.199839,,4436,-1.45275,0.56072,20.2195,3.8351969979972256
1389.0,3.77604,2.18929,76.4636,4.199839,,4437,-1.45275,0.56115,20.2349,3.892965932081893
1390.0,3.76488,2.19046,76.5046,4.199839,,4438,-1.45461,0.56158,20.2503,3.8667957082446125
1391.0,3.75558,2.19151,76.5414,4.199839,,4439,-1.45275,0.56201,20.2658,3.9939689384777313
1393.0,3.74628,2.19262,76.5799,4.199839,,4440,-1.45275,0.56245,20.2819,3.9442548610341492
1394.0,3.73698,2.19372,76.6184,4.199839,,4441,-1.45275,0.56287,20.2971,3.825695540461092
1395.0,3.7314,2.19482,76.6568,4.199839,,4442,-1.45275,0.5633,20.3125,3.9327024313212005
1396.0,3.71466,2.19591,76.695,4.199839,,4443,-1.45275,0.56373,20.3279,3.8802739155121517
1397.0,3.70908,2.197,76.7331,4.199839,,4444,-1.45275,0.56416,20.3433,3.873627515708007
1398.0,3.69606,2.19809,76.7712,4.199839,,4445,-1.45275,0.56459,20.3588,4.002337349541259
1399.0,3.68304,2.19918,76.8091,4.199839,,4446,-1.45275,0.56501,20.3742,3.8259140750658265
1400.0,3.67188,2.20026,76.8469,4.199839,,4447,-1.45461,0.56544,20.3895,3.829053388503263
1401.0,3.66257,2.20134,76.8847,4.199839,,4448,-1.45461,0.56586,20.4048,3.8556808223683503
1402.0,3.65513,2.20242,76.9223,4.199839,,4450,-1.45275,0.56628,20.4199,3.850282936786721
1403.0,3.64211,2.20349,76.9598,4.199839,,4451,-1.45461,0.56671,20.4353,3.915247998372965
1404.0,3.63653,2.20455,76.9969,4.199839,,4452,-1.45461,0.56714,20.4508,3.885136618382744
1405.0,3.62351,2.20551,77.0303,4.199839,,4453,-1.45275,0.56757,20.4662,3.8764767272588925
1406.0,3.61607,2.20658,77.0675,4.199839,,4454,-1.45275,0.56799,20.4816,3.792838052476309
1407.0,3.60863,2.20751,77.1001,4.199839,,4455,-1.45275,0.56842,20.4971,3.878703241731932
1408.0,3.59375,2.20857,77.1371,4.199839,,4456,-1.45275,0.5688,20.5106,3.891176775513206
1409.0,3.58817,2.20963,77.174,4.199839,,4457,-1.45275,0.56922,20.526,3.935334000295984
1410.0,3.57515,2.21068,77.2108,4.199839,,4458,-1.45089,0.56965,20.5415,3.920236762093366
1411.0,3.56771,2.21173,77.2475,4.199839,,4459,-1.45275,0.57008,20.5569,3.905945810991447
1412.0,3.55655,2.21278,77.2841,4.199839,,4460,-1.45461,0.57051,20.5723,4.004787675307449
1414.0,3.54725,2.21382,77.3206,4.199839,,4461,-1.45275,0.57094,20.5877,3.9329058964982995
1415.0,3.53609,2.21487,77.357,4.199529,,4462,-1.45089,0.57139,20.604,3.8500680537278775
1416.0,3.52679,2.21591,77.3933,4.199839,,4463,-1.45275,0.57176,20.6176,3.8675832715045
1417.0,3.5119,2.21694,77.4295,4.199839,,4464,-1.45275,0.57219,20.633,3.930266699759494
1418.0,3.50632,2.21798,77.4656,4.200149,,4465,-1.45275,0.57262,20.6486,3.930438312416107
1419.0,3.49702,2.21901,77.5017,4.199839,,4466,-1.45275,0.57305,20.6638,3.830564782803823
1420.0,3.484,2.22004,77.5376,4.199839,,4467,-1.45461,0.57342,20.6774,3.7984191016021085
1421.0,3.47284,2.22102,77.572,4.199839,,4468,-1.45275,0.57385,20.6928,3.9857704477310896
1422.0,3.4654,2.22204,77.6077,4.199839,,4469,-1.45275,0.57428,20.7082,3.8925145804621857
1423.0,3.45424,2.22306,77.6433,4.199839,,4470,-1.45089,0.57471,20.7237,3.9089836226378285
1424.0,3.4468,2.22408,77.6788,4.199839,,4472,-1.45275,0.57513,20.7391,3.9130109891230243
1425.0,3.43936,2.22509,77.7142,4.199839,,4473,-1.45275,0.57556,20.7545,3.9151182589610283
1426.0,3.42634,2.2261,77.7495,4.199839,,4474,-1.45461,0.57599,20.77,3.948570682831098
1427.0,3.42076,2.22711,77.7847,4.199839,,4475,-1.45275,0.57642,20.7856,3.9379228830950472
1428.0,3.4096,2.22812,77.8198,4.199839,,4476,-1.45461,0.57685,20.801,3.840171653615126
1429.0,3.40216,2.22912,77.8549,4.199839,,4477,-1.45461,0.57728,20.8164,3.8655854054664647
1430.0,3.391,2.23012,77.8898,4.199839,,4478,-1.45275,0.5777,20.8319,3.8978758105532183
1431.0,3.38542,2.23112,77.9247,4.199839,,4479,-1.45275,0.57811,20.8464,3.779322502819478
1433.0,3.37612,2.23211,77.9594,4.199839,,4480,-1.45461,0.5785,20.8605,3.8903114557748575
1434.0,3.36682,2.23311,77.9941,4.199839,,4481,-1.45461,0.57896,20.877,3.9845353628978186
1435.0,3.35565,2.2341,78.0286,4.199839,,4482,-1.45461,0.57936,20.8914,3.87628549878924
1436.0,3.34821,2.23499,78.0599,4.199839,,4483,-1.45275,0.57978,20.9068,3.795906539563511
1437.0,3.34077,2.23593,78.0926,4.199839,,4484,-1.45089,0.58021,20.9222,3.794639273353455
1438.0,3.33147,2.23691,78.1269,4.199839,,4485,-1.45275,0.58064,20.9376,3.8095283678668728
1439.0,3.32031,2.23789,78.1612,4.199839,,4486,-1.45275,0.58107,20.9531,3.9444897780447823
1440.0,3.31473,2.23887,78.1953,4.199839,,4487,-1.45275,0.58149,20.9685,3.9299810847428245
1441.0,3.30543,2.23984,78.2293,4.199839,,4488,-1.45461,0.58187,20.9822,3.9188444839727206
1442.0,3.29613,2.24081,78.2632,4.199839,,4489,-1.45275,0.58229,20.9971,3.745861174316133
1443.0,3.28869,2.24178,78.2971,4.199839,,4490,-1.45089,0.58271,21.0125,3.9181324229874286
1444.0,3.28125,2.24275,78.3308,4.199839,,4491,-1.45275,0.58314,21.0279,3.92921513076157
1445.0,3.27009,2.24371,78.3645,4.199839,,4492,-1.45275,0.58357,21.0433,3.9322193873465974
1446.0,3.26265,2.24467,78.3981,4.199839,,4493,-1.45461,0.584,21.0588,3.85803538279617
1447.0,3.25521,2.24563,78.4316,4.199839,,4495,-1.45275,0.58443,21.0742,3.9325532601172775
1448.0,3.24219,2.24659,78.465,4.199839,,4496,-1.45461,0.58485,21.0896,3.868919873195275
1449.0,3.23847,2.24743,78.4942,4.199839,,4497,-1.45275,0.58528,21.1051,3.8974785829772975
1450.0,3.22731,2.24842,78.529,4.199839,,4498,-1.45275,0.58571,21.1205,3.856585765208809
1451.0,3.22173,2.24926,78.5584,4.199839,,4499,-1.45461,0.58614,21.1359,3.813748691331039
1452.0,3.20871,2.25021,78.5915,4.199839,,4500,-1.45275,0.58656,21.1513,3.793668333067835
1453.0,3.20499,2.25115,78.6245,4.199839,,4501,-1.45275,0.58696,21.1656,3.8510555493385303
1454.0,3.19382,2.2521,78.6573,4.199839,,4502,-1.45275,0.5874,21.1813,3.8511397791820863
1456.0,3.18824,2.25304,78.6901,4.199839,,4503,-1.45275,0.58782,21.1968,3.807573787279556
1457.0,3.17522,2.25398,78.7232,4.199839,,4504,-1.45275,0.58825,21.2122,3.8374872538459917
1458.0,3.16964,2.25491,78.7555,4.199839,,4505,-1.45275,0.58868,21.2276,3.917197672023796
1459.0,3.16406,2.25573,78.7841,4.199839,,4506,-1.45275,0.58911,21.243,3.9175096578805677
1460.0,3.1529,2.25665,78.8165,4.199839,,4507,-1.45461,0.58948,21.2566,3.8338152449559573
1461.0,3.14546,2.25759,78.8492,4.199839,,4508,-1.45275,0.58991,21.272,3.891038004052709
1462.0,3.13802,2.25852,78.8815,4.199839,,4509,-1.45275,0.59034,21.2874,4.01144300570571
1463.0,3.12872,2.25944,78.9137,4.199839,,4510,-1.45089,0.59077,21.3029,3.8740479580962637
1464.0,3.11756,2.26036,78.9459,4.199839,,4511,-1.45275,0.59125,21.3205,3.841605288116923
1465.0,3.11198,2.26128,78.9779,4.199839,,4512,-1.45461,0.59164,21.3343,3.9611531019605675
1466.0,3.10454,2.26208,79.006,4.199839,,4513,-1.45275,0.59205,21.3493,3.7817709350062247
1467.0,3.0971,2.26299,79.0379,4.199839,,4514,-1.45275,0.59248,21.3647,3.776932781101502
1468.0,3.09338,2.2639,79.0697,4.200149,,4516,-1.45275,0.59291,21.3801,3.967554056120987
1469.0,3.08222,2.26481,79.1014,4.199839,,4517,-1.45275,0.59334,21.3955,3.86174039840942
1470.0,3.07106,2.26572,79.133,4.199839,,4518,-1.45275,0.59377,21.411,3.8033744430970806
1471.0,3.06362,2.26662,79.1646,4.199839,,4519,-1.45275,0.59419,21.4263,3.929286306795517
1472.0,3.05618,2.26753,79.1964,4.199839,,4520,-1.45461,0.59456,21.4398,3.894286403388325
1473.0,3.04874,2.26842,79.2274,4.199839,,4521,-1.45089,0.59502,21.4561,3.893394652536674
1474.0,3.03943,2.26921,79.2549,4.199839,,4522,-1.45461,0.5954,21.4701,3.9224200683644743
1475.0,3.03013,2.2701,79.2861,4.199839,,4523,-1.45275,0.59583,21.4855,3.873465705940414
1476.0,3.02269,2.27099,79.3173,4.199839,,4524,-1.45275,0.59626,21.5009,3.905538986322889
1477.0,3.01525,2.27188,79.3483,4.199839,,4525,-1.45461,0.59669,21.5164,3.821399751024153
1478.0,3.00967,2.27277,79.3793,4.199839,,4526,-1.45275,0.59712,21.5318,3.8279547978330184
1480.0,3.00037,2.27365,79.4102,4.199839,,4527,-1.45275,0.59754,21.5472,3.8886275764797458
1481.0,2.99107,2.27449,79.4396,4.199839,,4528,-1.45275,0.59799,21.5632,3.931954724068228
1482.0,2.98735,2.27539,79.4709,4.199839,,4529,-1.45275,0.59839,21.5776,3.8734549299391428
1483.0,2.97991,2.27616,79.4978,4.199839,,4530,-1.45275,0.59881,21.5931,3.8863519868172176
1484.0,2.96689,2.27704,79.5284,4.199839,,4531,-1.45275,0.59924,21.6085,3.789763820209231
1485.0,2.96317,2.27791,79.5589,4.199839,,4532,-1.45461,0.59967,21.6239,3.8114608151114067
1486.0,2.95945,2.27878,79.5894,4.199839,,4533,-1.45089,0.6001,21.6393,3.77534346495152
1487.0,2.94643,2.27966,79.62,4.199839,,4534,-1.45275,0.60053,21.6548,3.972627863506896
1488.0,2.94271,2.28053,79.6503,4.199839,,4535,-1.45275,0.60095,21.6702,3.8804991574802825
1489.0,2.93155,2.28139,79.6805,4.199839,,4536,-1.45461,0.60138,21.6856,3.7985325508547154
1490.0,2.92225,2.28225,79.7106,4.199839,,4538,-1.45461,0.60178,21.6999,3.7970151905055713
1491.0,2.91667,2.28311,79.7407,4.199839,,4539,-1.45275,0.60221,21.7155,3.829655658411252
1492.0,2.90737,2.28397,79.7707,4.199839,,4540,-1.45275,0.60264,21.7309,3.849074036528534
1493.0,2.90365,2.28483,79.8005,4.199839,,4541,-1.45275,0.60301,21.7444,3.8868271984272993
1494.0,2.89435,2.28568,79.8303,4.199839,,4542,-1.45275,0.60344,21.7599,3.829944560888202
1495.0,2.89063,2.28643,79.8564,4.199839,,4543,-1.45275,0.60387,21.7753,3.9528302501059502
1496.0,2.87946,2.28725,79.8853,4.199839,,4544,-1.45275,0.6043,21.7907,3.839791936562239
1497.0,2.87388,2.28811,79.9152,4.199839,,4545,-1.45461,0.60472,21.8062,3.874064434342804
1498.0,2.87016,2.28896,79.9447,4.199839,,4546,-1.45275,0.60516,21.8217,3.870911739799096
1499.0,2.86272,2.2898,79.9742,4.199839,,4547,-1.45275,0.60553,21.8353,3.7764974035411227
1500.0,2.85156,2.29064,80.0035,4.199839,,4548,-1.45089,0.60596,21.8507,3.8201871231826767
1501.0,2.84412,2.29148,80.0329,4.199839,,4549,-1.45461,0.60639,21.8661,3.8694762516384227
1502.0,2.8404,2.29232,80.0621,4.199839,,4550,-1.45275,0.60682,21.8817,3.879404231787279
1504.0,2.83296,2.29315,80.0913,4.199839,,4551,-1.45275,0.60725,21.8971,3.9715436333758567
1505.0,2.82366,2.29398,80.1203,4.199839,,4552,-1.45275,0.60767,21.9125,3.9098568090572696
1506.0,2.81808,2.29481,80.1493,4.199839,,4553,-1.45275,0.6081,21.928,3.9329524735784718
1507.0,2.80878,2.29564,80.1783,4.200149,,4554,-1.45275,0.60853,21.9434,3.8705048651888543
1508.0,2.80134,2.29637,80.2036,4.199839,,4555,-1.45275,0.60895,21.9587,4.00629297320661
1509.0,2.79762,2.29723,80.2337,4.199839,,4556,-1.45275,0.60933,21.9722,3.894327171069987
1510.0,2.79018,2.29805,80.2624,4.199839,,4557,-1.45275,0.60976,21.9877,3.9675097322990194
1511.0,2.78274,2.2988,80.2887,4.199839,,4558,-1.45275,0.61019,22.0031,3.7959855118814474
1512.0,2.77716,2.29965,80.3183,4.199839,,4559,-1.45089,0.61066,22.0201,3.8440410921063513
1513.0,2.77158,2.30047,80.3468,4.199839,,4560,-1.45461,0.61103,22.0336,3.8656487782411943
1514.0,2.76042,2.30128,80.3753,4.199839,,4562,-1.45275,0.61146,22.0491,3.875719168630406
1515.0,2.7567,2.3021,80.4036,4.199839,,4563,-1.45275,0.61189,22.0645,3.877365025470507
1516.0,2.74926,2.30291,80.432,4.199839,,4564,-1.45275,0.61232,22.0799,3.8883030275720456
1517.0,2.74368,2.30371,80.4599,4.199839,,4565,-1.45275,0.61274,22.0953,3.8265875059691448
1518.0,2.7381,2.30442,80.4846,4.199839,,4566,-1.45275,0.61317,22.1108,3.8324250039423204
1519.0,2.72693,2.30522,80.5127,4.199839,,4567,-1.45275,0.6136,22.1262,3.898850053091385
1520.0,2.72507,2.30602,80.5408,4.199839,,4568,-1.45275,0.61403,22.1416,3.919162192862925
1521.0,2.71205,2.30682,80.5687,4.199839,,4569,-1.45461,0.61446,22.1571,3.774044090446913
1522.0,2.70833,2.30762,80.5966,4.199839,,4570,-1.45461,0.61488,22.1725,3.8935008075016793
1523.0,2.70275,2.30842,80.6245,4.199839,,4571,-1.45275,0.61531,22.1879,3.852047261118991
1525.0,2.69531,2.30921,80.6523,4.199839,,4572,-1.45461,0.61578,22.2047,3.8601757004685693
1526.0,2.68787,2.30998,80.6792,4.199839,,4573,-1.45275,0.61617,22.2188,3.842120983626153
1527.0,2.68601,2.31073,80.7052,4.199839,,4574,-1.45089,0.61659,22.2339,3.864055418787374
1528.0,2.67857,2.31151,80.7325,4.199839,,4575,-1.45275,0.61701,22.2493,3.8585836544693777
1529.0,2.67113,2.3123,80.76,4.199839,,4576,-1.45275,0.61744,22.2648,3.8727426084103684
1530.0,2.66555,2.31309,80.7875,4.199839,,4577,-1.45461,0.61787,22.2802,3.89197787529657
1531.0,2.65997,2.31387,80.8149,4.199839,,4578,-1.45275,0.61829,22.2955,3.991818998596523
1532.0,2.65625,2.31465,80.8422,4.199839,,4579,-1.45275,0.61867,22.309,3.878785657606701
1533.0,2.65067,2.31543,80.8695,4.199839,,4580,-1.45275,0.6191,22.3246,3.8677218550041097
1534.0,2.64137,2.31621,80.8967,4.199839,,4581,-1.45275,0.61951,22.3393,3.819728658563733
1535.0,2.63579,2.31699,80.9238,4.199839,,4582,-1.45275,0.61994,22.3547,3.934008263360711
1536.0,2.63207,2.31776,80.9509,4.199839,,4583,-1.45275,0.62031,22.3683,3.896669961561765
1537.0,2.62277,2.31854,80.9779,4.199839,,4584,-1.45089,0.62076,22.3846,3.8726543795032744
1538.0,2.62091,2.31931,81.0048,4.199839,,4586,-1.45461,0.62118,22.3995,3.8390169814947592
1539.0,2.61161,2.32008,81.0317,4.199839,,4587,-1.45275,0.62156,22.4131,3.8322808087929694
1540.0,2.60417,2.32085,81.0585,4.199839,,4588,-1.45275,0.62198,22.4285,3.7662488417658686
1541.0,2.59859,2.32165,81.0865,4.199839,,4589,-1.45275,0.62241,22.444,3.9281010186419083
1542.0,2.59115,2.32236,81.1115,4.199839,,4590,-1.45461,0.62284,22.4594,3.8929812547502185
1543.0,2.58743,2.32312,81.1381,4.199839,,4591,-1.45275,0.62327,22.4748,3.856724382673261
1545.0,2.58371,2.32388,81.1646,4.199839,,4592,-1.45275,0.62369,22.4902,3.931668052602555
1546.0,2.57627,2.32455,81.1879,4.199839,,4593,-1.45275,0.62411,22.5051,3.8177368993307925
1547.0,2.57068,2.32531,81.2143,4.199839,,4594,-1.45275,0.62455,22.5209,3.8393263827906448
1548.0,2.56324,2.32606,81.2407,4.199839,,4595,-1.45461,0.62492,22.5345,3.793154444579036
1549.0,2.5558,2.32684,81.2678,4.199839,,4596,-1.45275,0.62535,22.5499,3.9932156068620297
1550.0,2.54836,2.32758,81.2938,4.199839,,4597,-1.45275,0.62578,22.5653,3.7635582974547024
1551.0,2.55208,2.32824,81.3168,4.199839,,4598,-1.45275,0.62621,22.5808,3.881978415013457
1552.0,2.54092,2.32899,81.3429,4.199839,,4599,-1.45461,0.62663,22.5962,3.9224346102534806
1553.0,2.53534,2.32974,81.3693,4.199839,,4600,-1.45461,0.62706,22.6116,3.9241651073578865
1554.0,2.53162,2.33048,81.3951,4.199839,,4601,-1.45461,0.62749,22.627,3.9059959140256395
1555.0,2.52418,2.33114,81.4179,4.199839,,4602,-1.45461,0.62792,22.6425,3.8518971790886503
1556.0,2.51674,2.33186,81.4433,4.199839,,4603,-1.45089,0.62834,22.6579,3.851375123209607
1557.0,2.51116,2.33257,81.4679,4.199839,,4604,-1.45275,0.62879,22.6741,3.827835558729835
1558.0,2.5093,2.33331,81.4937,4.199839,,4605,-1.45089,0.62921,22.6891,3.8840026589467853
1559.0,2.49814,2.33404,81.5195,4.199839,,4606,-1.45275,0.62964,22.7045,3.9193804571514477
1560.0,2.49442,2.33478,81.5452,4.199839,,4607,-1.45275,0.63001,22.718,3.8122404598630917
1561.0,2.4907,2.33551,81.5708,4.199839,,4608,-1.45461,0.63042,22.7327,3.8837054496886303
1562.0,2.4814,2.33625,81.5964,4.199839,,4609,-1.45275,0.63085,22.7483,3.8439183814527644
1563.0,2.47582,2.33698,81.6221,4.199839,,4610,-1.45461,0.63125,22.7628,3.7999234813952305
1564.0,2.4721,2.33771,81.6473,4.199839,,4611,-1.45275,0.63163,22.7764,3.7867422963396846
1565.0,2.46652,2.33834,81.6696,4.199839,,4613,-1.45461,0.63205,22.7917,3.7684200009160116
1566.0,2.45908,2.33907,81.695,4.199839,,4614,-1.45275,0.63248,22.8071,3.970465214887035
1567.0,2.45536,2.33979,81.7202,4.199839,,4615,-1.45275,0.63291,22.8225,3.812236855187923
1568.0,2.45164,2.34052,81.7455,4.199839,,4616,-1.45275,0.63334,22.838,3.855040042489204
1569.0,2.44606,2.34124,81.7707,4.199839,,4617,-1.45275,0.63377,22.8534,3.910881201843654
1571.0,2.43676,2.34196,81.7958,4.199839,,4618,-1.45275,0.63419,22.8688,3.866295754312176
1572.0,2.43304,2.34269,81.8214,4.199839,,4619,-1.45461,0.63462,22.8842,3.825436828638101
1573.0,2.42746,2.34336,81.8447,4.199839,,4620,-1.45461,0.63505,22.8997,3.8653838714911384
1574.0,2.4256,2.34407,81.8697,4.199839,,4621,-1.45461,0.63548,22.9151,3.8653180043879685
1575.0,2.42002,2.34479,81.8946,4.199839,,4622,-1.45275,0.6359,22.9305,3.916098909004679
1576.0,2.41815,2.3455,81.9195,4.199839,,4623,-1.45275,0.63628,22.9441,3.7992958759430646
1577.0,2.41071,2.34621,81.9443,4.199839,,4624,-1.45461,0.63671,22.9595,3.845979765283257
1578.0,2.40699,2.34692,81.969,4.199839,,4625,-1.45275,0.63714,22.9749,3.809595852366919
1579.0,2.39769,2.34762,81.9937,4.199839,,4626,-1.45275,0.63756,22.9904,3.937376700443952
1580.0,2.39397,2.34833,82.0184,4.199839,,4627,-1.45089,0.63799,23.0058,3.872379933499785
1581.0,2.38839,2.34903,82.0429,4.199839,,4628,-1.45461,0.63842,23.0212,3.975139722700137
1582.0,2.38095,2.34973,82.0672,4.199839,,4629,-1.45275,0.63885,23.0366,3.8493236072558346
1583.0,2.37723,2.35034,82.0887,4.199839,,4630,-1.45461,0.63928,23.0521,3.7589617255359644
1584.0,2.37537,2.35104,82.1132,4.199839,,4631,-1.45461,0.6397,23.0675,3.831849883186775
1585.0,2.37165,2.35174,82.1375,4.199839,,4632,-1.45275,0.64013,23.0828,3.991401877189375
1586.0,2.36235,2.35241,82.1608,4.199839,,4633,-1.45275,0.6405,23.0963,3.838880535058225
1587.0,2.36049,2.3531,82.1851,4.199839,,4635,-1.45089,0.64093,23.1118,3.814961565067992
1588.0,2.35305,2.3538,82.2095,4.199839,,4636,-1.45275,0.64136,23.1272,3.8744981278380957
1589.0,2.34933,2.35449,82.2337,4.199839,,4637,-1.45275,0.64179,23.1426,3.8175273319675815
1590.0,2.34747,2.35519,82.2579,4.199839,,4638,-1.45275,0.64221,23.158,3.912605844406004
1591.0,2.34189,2.35588,82.282,4.199839,,4639,-1.45275,0.64264,23.1735,3.927577907029683
1592.0,2.33259,2.35656,82.306,4.199839,,4640,-1.45275,0.64308,23.1893,3.8633685518380028
1594.0,2.33259,2.35725,82.3298,4.199839,,4641,-1.45089,0.64348,23.2037,3.8985393135044575
1595.0,2.32515,2.35785,82.3508,4.199839,,4642,-1.45275,0.64391,23.2192,3.8847054796877463
1596.0,2.32143,2.35854,82.3749,4.199839,,4643,-1.45275,0.64434,23.2346,3.834311704756881
1597.0,2.31585,2.35922,82.3988,4.199839,,4644,-1.45275,0.64474,23.249,3.834305562815288
1598.0,2.31585,2.3599,82.4226,4.199839,,4645,-1.45275,0.64518,23.2649,3.8422443308358636
1599.0,2.30655,2.36058,82.4463,4.199839,,4646,-1.45461,0.64555,23.2784,3.9367831319885185
1600.0,2.30283,2.36126,82.47,4.199839,,4647,-1.45275,0.64598,23.2938,3.954129725048957
1601.0,2.29911,2.36195,82.4941,4.199839,,4648,-1.45461,0.64641,23.3092,3.8280578352228876
1602.0,2.29353,2.36261,82.5171,4.199839,,4649,-1.45275,0.64684,23.3247,3.763455296627252
1603.0,2.28981,2.3632,82.5377,4.199839,,4650,-1.45275,0.64726,23.3401,3.8544498475428624
1604.0,2.28237,2.36387,82.5613,4.199839,,4651,-1.45461,0.64769,23.3555,3.8911042829974423
1605.0,2.28051,2.36454,82.5847,4.199839,,4652,-1.45275,0.64815,23.3721,3.9019447978613875
1606.0,2.27679,2.36522,82.6082,4.199839,,4653,-1.45461,0.64853,23.3858,3.915583930760452
1607.0,2.27307,2.36589,82.6318,4.199839,,4654,-1.45275,0.64896,23.4012,3.8615917674525084
1608.0,2.26935,2.36656,82.6551,4.199839,,4655,-1.45275,0.64939,23.4167,3.9133787563917743
1609.0,2.26004,2.36723,82.6784,4.199839,,4656,-1.45275,0.64982,23.4322,3.8224751153420593
1610.0,2.25446,2.36789,82.7016,4.199839,,4658,-1.45275,0.65025,23.4477,3.7701743288683
1611.0,2.2526,2.36856,82.7248,4.199839,,4659,-1.45461,0.65067,23.4631,3.8350113932338865
1612.0,2.24702,2.36922,82.748,4.199839,,4660,-1.45275,0.65105,23.4767,3.8221712153770104
1613.0,2.24144,2.3698,82.7682,4.199839,,4661,-1.45275,0.65148,23.4921,3.8542931734709063
1614.0,2.23958,2.37046,82.7913,4.199839,,4662,-1.45275,0.65191,23.5075,3.918335898139158
1615.0,2.234,2.37112,82.8143,4.199839,,4663,-1.45275,0.65233,23.5229,3.850614987611895
1616.0,2.23214,2.37179,82.8379,4.199839,,4664,-1.45275,0.65276,23.5384,3.909639155346669
1617.0,2.22842,2.37237,82.8581,4.199839,,4665,-1.45275,0.65319,23.5538,3.8697226630516766
1619.0,2.22098,2.37303,82.881,4.199839,,4666,-1.45275,0.65362,23.5692,3.8063037409113
1620.0,2.21912,2.37368,82.9038,4.199839,,4667,-1.45275,0.65404,23.5846,3.849681283184086
1621.0,2.2154,2.37433,82.9266,4.199839,,4668,-1.45461,0.65442,23.5982,3.8162866440113574
1622.0,2.21354,2.37501,82.9502,4.199839,,4669,-1.45275,0.65485,23.6136,3.8059581543183176
1623.0,2.20982,2.37566,82.973,4.199839,,4670,-1.45275,0.65526,23.6286,3.824675517455691
1624.0,2.20424,2.37631,82.9956,4.199839,,4671,-1.45275,0.65569,23.644,3.782119988948114
1625.0,2.20052,2.37696,83.0183,4.199839,,4672,-1.45461,0.65612,23.6594,3.792176858698616
1626.0,2.1968,2.3776,83.0408,4.199839,,4673,-1.45275,0.65655,23.6749,3.8504461137844412
1627.0,2.18564,2.37825,83.0634,4.199839,,4674,-1.45275,0.65698,23.6903,3.93147126254468
1628.0,2.1875,2.37889,83.0859,4.199839,,4675,-1.45275,0.6574,23.7057,3.8627773247713426
1629.0,2.1782,2.37953,83.1081,4.199839,,4676,-1.45275,0.65783,23.7212,3.9097256535502947
1630.0,2.18192,2.38009,83.1278,4.199839,,4677,-1.45275,0.65826,23.7366,3.8769602123376825
1631.0,2.17448,2.38076,83.151,4.199839,,4678,-1.45275,0.65869,23.752,3.7457723127861935
1632.0,2.17076,2.38139,83.1729,4.199839,,4679,-1.45461,0.65912,23.7675,3.887483232022207
1633.0,2.16518,2.38195,83.1925,4.199839,,4681,-1.45275,0.65954,23.7829,3.8601298765079726
1634.0,2.16518,2.38258,83.2148,4.199839,,4682,-1.45275,0.65997,23.7983,3.747066337677254
1635.0,2.16146,2.38322,83.237,4.199839,,4683,-1.45275,0.66035,23.8119,3.814767395230283
1636.0,2.15588,2.38385,83.2592,4.199839,,4684,-1.45461,0.66077,23.8273,3.862120922770082
1637.0,2.15402,2.38449,83.2813,4.199839,,4685,-1.45275,0.66122,23.8435,3.886954865424038
1638.0,2.14472,2.38512,83.3034,4.199839,,4686,-1.45275,0.66163,23.8581,3.846650955129407
1640.0,2.14286,2.38575,83.3255,4.199839,,4687,-1.45275,0.66201,23.8717,3.831254920132305
1641.0,2.13914,2.38638,83.3475,4.199839,,4688,-1.45275,0.66243,23.8871,3.816081520098425
1642.0,2.13542,2.38702,83.3697,4.199839,,4689,-1.45275,0.66286,23.9025,3.8219091547918347
1643.0,2.1317,2.38765,83.3916,4.199839,,4690,-1.45275,0.66329,23.9179,3.8012342020295953
1644.0,2.12612,2.38827,83.4135,4.199839,,4691,-1.45275,0.66374,23.9343,3.8912421657987615
1645.0,2.1224,2.3889,83.4354,4.199839,,4692,-1.45275,0.66415,23.9491,3.8095855391048277
1646.0,2.11868,2.38952,83.4572,4.199839,,4693,-1.45275,0.66458,23.9645,3.843424035228834
1647.0,2.11496,2.39012,83.478,4.199839,,4694,-1.45275,0.66501,23.98,3.8411148960661063
1648.0,2.11496,2.39067,83.4971,4.199839,,4695,-1.45275,0.66544,23.9954,3.848229090137939
1649.0,2.10938,2.39129,83.5188,4.199839,,4696,-1.45461,0.66586,24.0107,3.8860957904887274
1650.0,2.10379,2.3919,83.5402,4.200149,,4697,-1.45275,0.66625,24.0248,3.869256569900737
1651.0,2.10193,2.39252,83.5619,4.199839,,4698,-1.45461,0.66668,24.0402,3.851140836074605
1652.0,2.09635,2.39314,83.5835,4.199839,,4699,-1.45089,0.66711,24.0557,3.8457013443042167
1653.0,2.09263,2.39376,83.605,4.199839,,4700,-1.45647,0.66753,24.0711,3.8490675733377393
1654.0,2.09263,2.39437,83.6264,4.199839,,4701,-1.45275,0.66796,24.0865,3.8484064178937327
1655.0,2.09077,2.39491,83.6452,4.199839,,4703,-1.45275,0.66839,24.1019,3.787029222216979
1656.0,2.08519,2.39553,83.6669,4.199839,,4704,-1.45275,0.66882,24.1174,3.873363102695004
1657.0,2.08519,2.39614,83.6883,4.199839,,4705,-1.45275,0.66925,24.1328,3.9057970166706912
1658.0,2.07775,2.39675,83.7097,4.199839,,4706,-1.45275,0.66967,24.1482,3.875023508203697
1659.0,2.07775,2.39737,83.731,4.199839,,4707,-1.45275,0.6701,24.1637,3.93790567982894
1660.0,2.06845,2.39797,83.7521,4.199839,,4708,-1.45275,0.67051,24.1782,3.8814280144175615
1661.0,2.06659,2.39852,83.7712,4.199839,,4709,-1.45089,0.67095,24.1941,3.8435324787185805
1662.0,2.06473,2.39916,83.7937,4.199839,,4710,-1.45461,0.67135,24.2085,3.7807145743749557
1663.0,2.05915,2.39977,83.8149,4.199839,,4711,-1.45275,0.67177,24.2239,3.8761947295505395
1665.0,2.05729,2.40037,83.8361,4.199839,,4712,-1.45275,0.6722,24.2394,3.8557411321712896
1666.0,2.05543,2.40098,83.8572,4.199839,,4713,-1.45461,0.67263,24.2548,3.700290251828017
1667.0,2.05171,2.40158,83.8783,4.199839,,4714,-1.45275,0.67305,24.2701,3.939472859686707
1668.0,2.04799,2.40218,83.8994,4.199839,,4715,-1.45461,0.67343,24.2836,3.825733948443041
1669.0,2.04241,2.40279,83.9204,4.199839,,4716,-1.45275,0.67386,24.2993,3.8033093582532365
1670.0,2.03869,2.40339,83.9414,4.199839,,4717,-1.45275,0.67428,24.3142,3.831147467805661
1671.0,2.03683,2.40391,83.9598,4.199839,,4718,-1.45461,0.67465,24.3277,3.8559700845561893
1672.0,2.03311,2.40451,83.9807,4.199839,,4719,-1.45275,0.67508,24.3431,3.9250013443005525
1673.0,2.03497,2.40511,84.0016,4.199839,,4720,-1.45275,0.67552,24.359,3.815457510073239
1674.0,2.02381,2.40571,84.0225,4.199839,,4721,-1.45275,0.67592,24.3736,3.8481451932012
1675.0,2.02381,2.40623,84.0407,4.199839,,4722,-1.45275,0.6763,24.3871,3.8797314683363573
1676.0,2.02195,2.40683,84.0615,4.199839,,4723,-1.45275,0.67673,24.4025,3.747740320617562
1677.0,2.01451,2.40744,84.0831,4.199839,,4724,-1.45461,0.67715,24.4179,3.799594863765697
1678.0,2.01079,2.40797,84.1012,4.199839,,4725,-1.45461,0.67758,24.4334,3.829066351335192
1679.0,2.01265,2.40856,84.122,4.199839,,4726,-1.45275,0.67801,24.4488,3.9220621806747187
1680.0,2.00893,2.40915,84.1426,4.199839,,4727,-1.45275,0.67844,24.4642,3.878540095958857
1681.0,2.00521,2.40974,84.1633,4.199839,,4728,-1.45275,0.67887,24.4797,3.8649992830847095
1682.0,2.00149,2.41033,84.1839,4.199839,,4729,-1.45275,0.6793,24.4952,3.8237656945967786
1683.0,1.99591,2.41092,84.2044,4.199839,,4731,-1.45275,0.67972,24.5107,3.872657944969075
1684.0,1.99591,2.41151,84.2249,4.199839,,4732,-1.45461,0.68012,24.5251,3.8825893166740313
1685.0,1.99219,2.41209,84.2454,4.199839,,4733,-1.45461,0.68056,24.5409,3.7968263962931648
1687.0,1.99033,2.41268,84.2659,4.199839,,4734,-1.45275,0.68099,24.5564,3.7486417270608396
1688.0,1.98475,2.41326,84.2863,4.199839,,4735,-1.45275,0.68142,24.5718,3.905904884311854
1689.0,1.98475,2.41385,84.3067,4.199839,,4736,-1.45275,0.68185,24.5872,3.818513137901303
1690.0,1.97917,2.41443,84.3271,4.199839,,4737,-1.45089,0.68226,24.6021,3.8292360705023367
1691.0,1.97545,2.41502,84.3476,4.199839,,4738,-1.45461,0.68267,24.6168,3.8146905301430185
1692.0,1.97359,2.41554,84.3659,4.199839,,4739,-1.45089,0.6831,24.6322,3.8426612069486454
1693.0,1.97731,2.41616,84.3873,4.199839,,4740,-1.45275,0.68352,24.6476,3.777707020457073
1694.0,1.96615,2.41673,84.4075,4.199839,,4741,-1.45275,0.68395,24.6629,3.8502762681068234
1695.0,1.96615,2.41731,84.4278,4.199839,,4742,-1.45275,0.68433,24.6767,3.889385966877264
1696.0,1.96429,2.41789,84.448,4.199839,,4743,-1.45275,0.68475,24.692,3.861225465303423
1697.0,1.96243,2.41847,84.4682,4.199839,,4744,-1.45275,0.68518,24.7074,3.814551498269664
1698.0,1.96057,2.41905,84.4883,4.199839,,4745,-1.45275,0.68561,24.7229,3.8200359666474175
1699.0,1.95313,2.41962,84.5084,4.199839,,4746,-1.45275,0.68603,24.7381,3.785817247899778
1700.0,1.95126,2.4202,84.5285,4.199839,,4747,-1.45461,0.68641,24.7517,3.778141244229253
1701.0,1.9494,2.42077,84.5486,4.199839,,4748,-1.45461,0.68683,24.767,3.8347173952492177
1702.0,1.94382,2.42128,84.5661,4.199839,,4749,-1.45647,0.68729,24.7833,3.8926091635684736
1703.0,1.94754,2.42185,84.5861,4.199839,,4750,-1.45089,0.68766,24.7968,3.872481704302415
1704.0,1.93824,2.42242,84.6061,4.199839,,4751,-1.45275,0.68809,24.8122,3.8609420519191873
1705.0,1.93266,2.42299,84.626,4.199839,,4752,-1.45275,0.68852,24.8277,3.87481654482836
1706.0,1.9308,2.42354,84.6451,4.199839,,4753,-1.45275,0.68894,24.8431,3.900646722255057
1707.0,1.93266,2.4241,84.6648,4.199839,,4755,-1.45275,0.68937,24.8585,3.81173525052496
1708.0,1.92894,2.4246,84.6823,4.199839,,4756,-1.45089,0.6898,24.8739,3.8734206582650796
1709.0,1.92522,2.42517,84.7021,4.199839,,4757,-1.45275,0.69022,24.8892,3.9100098828225867
1711.0,1.92336,2.42573,84.7219,4.199839,,4758,-1.45275,0.69065,24.9045,3.966225015224692
1712.0,1.92336,2.4263,84.7416,4.199839,,4759,-1.45275,0.69108,24.9199,3.9011611645641677
1713.0,1.91592,2.42687,84.7614,4.199839,,4760,-1.45275,0.6915,24.9354,3.799876354309141
1714.0,1.9122,2.42743,84.7811,4.199839,,4761,-1.45275,0.69193,24.9508,3.8053873350106686
1715.0,1.91034,2.42799,84.8008,4.199839,,4762,-1.45275,0.69236,24.9662,3.7593285037672173
1716.0,1.91406,2.42856,84.8204,4.199839,,4763,-1.45275,0.69279,24.9817,3.8884658657179356
1717.0,1.9029,2.42912,84.84,4.199839,,4764,-1.45275,0.69321,24.9971,3.8698261274396293
1718.0,1.9029,2.42968,84.8596,4.199839,,4765,-1.45461,0.69364,25.0125,3.882193354326225
1719.0,1.90104,2.43024,84.8792,4.199839,,4766,-1.45275,0.69407,25.028,3.907762803939251
1720.0,1.9029,2.4308,84.8988,4.199839,,4767,-1.45461,0.69452,25.0443,3.831788433544844
1721.0,1.89918,2.43136,84.9183,4.199839,,4768,-1.45275,0.69492,25.0587,3.7855129197504147
1722.0,1.89546,2.43185,84.9356,4.199839,,4769,-1.45275,0.69535,25.0741,3.7855732614773054
1723.0,1.89732,2.43244,84.956,4.199839,,4770,-1.45275,0.69578,25.0895,3.854001972750319
1724.0,1.88988,2.433,84.9755,4.199839,,4771,-1.45275,0.69621,25.1049,3.8494827189547305
1725.0,1.89174,2.43355,84.9949,4.199839,,4773,-1.45461,0.69666,25.1212,3.8554917606260677
1726.0,1.88616,2.43411,85.0143,4.199839,,4774,-1.45275,0.69705,25.1352,3.8591816538421746
1727.0,1.88058,2.43466,85.0337,4.199839,,4775,-1.45275,0.69747,25.1506,3.8601338725209673
1728.0,1.88244,2.43522,85.053,4.199839,,4776,-1.45275,0.69789,25.1656,3.778075233776699
1729.0,1.87872,2.43577,85.0724,4.199839,,4777,-1.45089,0.69832,25.1811,3.8672640010698176
1731.0,1.875,2.43632,85.0915,4.199839,,4778,-1.45275,0.69874,25.1965,3.8429720373939675
1732.0,1.87314,2.4368,85.1084,4.199839,,4779,-1.45275,0.69917,25.2119,3.8562006168282914
1733.0,1.86942,2.43735,85.1276,4.199839,,4780,-1.45461,0.6996,25.2274,3.8791119971382964
1734.0,1.86942,2.4379,85.1469,4.199839,,4781,-1.45275,0.70003,25.2428,3.9346592930797026
1735.0,1.86756,2.43846,85.1662,4.199839,,4782,-1.45275,0.70046,25.2582,3.789249885470599
1736.0,1.8657,2.439,85.1852,4.199839,,4783,-1.45275,0.70088,25.2736,3.8728751609414607
1737.0,1.86198,2.4395,85.2028,4.199839,,4784,-1.45461,0.70131,25.2891,3.8647957266856223
1738.0,1.86012,2.44005,85.2219,4.199839,,4785,-1.45275,0.70174,25.3045,3.8843195071671173
1739.0,1.85454,2.4406,85.241,4.199839,,4786,-1.45275,0.70217,25.3199,3.837008001548826
1740.0,1.85082,2.44114,85.2601,4.199839,,4787,-1.45461,0.70259,25.3353,3.6851942019194204
1741.0,1.85268,2.44169,85.2792,4.199839,,4788,-1.45275,0.70302,25.3508,3.9019450111138156
1742.0,1.84896,2.44224,85.2982,4.199839,,4789,-1.45275,0.70345,25.3662,3.8831603994975237
1743.0,1.85082,2.44278,85.3172,4.199839,,4790,-1.45275,0.70387,25.3813,3.838899959840419
1744.0,1.8471,2.44332,85.3362,4.199839,,4791,-1.45275,0.70429,25.3965,3.843524588024346
1745.0,1.84338,2.44387,85.3554,4.199839,,4792,-1.45275,0.70472,25.4119,3.789516086838807
1746.0,1.84338,2.44442,85.3744,4.199839,,4794,-1.45461,0.70515,25.4273,3.7684700131998827
1747.0,1.8378,2.44496,85.3933,4.199839,,4795,-1.45275,0.70557,25.4428,3.7759896278689564
1748.0,1.83966,2.4455,85.4122,4.199839,,4796,-1.45461,0.706,25.4582,3.867774128752278
1749.0,1.83594,2.44604,85.431,4.199839,,4797,-1.45461,0.70643,25.4736,3.8043776672157312
1750.0,1.83408,2.44658,85.4499,4.199839,,4798,-1.45275,0.70686,25.4891,3.8138528976271022
1751.0,1.83036,2.44707,85.4669,4.199839,,4799,-1.45275,0.70728,25.5043,3.8850483454746647
1752.0,1.8285,2.44761,85.486,4.199839,,4800,-1.45275,0.70768,25.5188,3.828200919695394
1754.0,1.82664,2.44815,85.5048,4.199839,,4801,-1.45275,0.70811,25.5342,3.8619182240829937
1755.0,1.82478,2.44869,85.5235,4.199839,,4802,-1.45275,0.70854,25.5496,3.8112546606663735
1756.0,1.82292,2.44916,85.54,4.199839,,4803,-1.45275,0.70896,25.565,3.9465431755908362
1757.0,1.8192,2.44969,85.5587,4.199839,,4804,-1.45461,0.70939,25.5805,3.8943631745464344
1758.0,1.81734,2.45023,85.5774,4.199839,,4805,-1.45275,0.70982,25.5959,3.8244179840272823
1759.0,1.81362,2.45076,85.5961,4.199839,,4806,-1.45275,0.71025,25.6113,3.8426186740756
1760.0,1.81362,2.4513,85.6147,4.199839,,4807,-1.45461,0.71064,25.6254,3.8175291957353097
1761.0,1.81176,2.45183,85.6334,4.199839,,4808,-1.45461,0.71107,25.6409,3.86193779672464
1762.0,1.81176,2.45237,85.652,4.199839,,4809,-1.45275,0.71149,25.6562,3.8308030993085143
1763.0,1.80432,2.4529,85.6706,4.199839,,4810,-1.45275,0.71192,25.6716,3.859079778356243
1764.0,1.80432,2.45343,85.6892,4.199839,,4811,-1.45275,0.71235,25.687,3.8386514996830234
1765.0,1.80246,2.4539,85.7054,4.199839,,4812,-1.45275,0.71277,25.7024,3.921310894647939
1766.0,1.80432,2.45443,85.724,4.199839,,4814,-1.45089,0.71323,25.7187,3.8579575743861927
1767.0,1.8006,2.45499,85.7437,4.199839,,4815,-1.45275,0.71365,25.7341,3.797134810552091
1768.0,1.79874,2.45552,85.7621,4.199839,,4816,-1.45461,0.71408,25.7496,3.8459170957672777
1769.0,1.79688,2.45598,85.7783,4.199839,,4817,-1.45275,0.71451,25.765,3.7965722829451845
1770.0,1.79315,2.45651,85.7967,4.199839,,4818,-1.45089,0.71494,25.7804,3.7825134443927664
1771.0,1.78943,2.45704,85.8153,4.199839,,4819,-1.45461,0.71537,25.7959,3.8398839317672926
1772.0,1.79315,2.45757,85.8337,4.199839,,4820,-1.45275,0.71579,25.8113,3.801766515971062
1773.0,1.78943,2.45809,85.8519,4.199839,,4821,-1.45275,0.71622,25.8267,3.940257758118181
1774.0,1.78757,2.45855,85.8681,4.199839,,4822,-1.45275,0.71665,25.8421,3.844916766434672
1775.0,1.78199,2.45908,85.8864,4.199839,,4823,-1.45461,0.71708,25.8576,3.843066227044598
1776.0,1.78013,2.4596,85.9048,4.199839,,4824,-1.45275,0.7175,25.873,3.8308331756650382
1778.0,1.77641,2.46013,85.9231,4.199839,,4825,-1.45275,0.71793,25.8884,3.7884989426685114
1779.0,1.77827,2.46065,85.9412,4.199839,,4826,-1.45275,0.71836,25.9038,3.854831273361079
1780.0,1.77827,2.46117,85.9595,4.199839,,4827,-1.45275,0.71879,25.9193,3.843975742132999
1781.0,1.77269,2.46169,85.9778,4.199839,,4828,-1.45275,0.71921,25.9346,3.862751478438949
1782.0,1.77269,2.46221,85.9958,4.199839,,4829,-1.45089,0.71959,25.9481,3.763269603651103
1783.0,1.77269,2.46275,86.0147,4.199839,,4830,-1.45461,0.72002,25.9635,3.898643273160149
1784.0,1.77269,2.46327,86.033,4.199839,,4831,-1.45275,0.72044,25.9788,3.7332464729243457
1785.0,1.76711,2.46373,86.0489,4.199839,,4832,-1.45275,0.72087,25.9944,3.8852920216269813
1786.0,1.76711,2.46425,86.0671,4.199839,,4834,-1.45275,0.72129,26.0097,3.869592769374973
1787.0,1.76525,2.46477,86.0852,4.199839,,4835,-1.45275,0.72167,26.0232,3.810253197727645
1788.0,1.76339,2.46529,86.1034,4.199839,,4836,-1.45275,0.7221,26.0386,3.8618963076186223
1789.0,1.75967,2.46581,86.1215,4.199839,,4837,-1.45275,0.72254,26.0546,3.839936731348662
1790.0,1.75781,2.46633,86.1396,4.199839,,4838,-1.45275,0.72295,26.0695,3.875216841331909
1791.0,1.75781,2.46684,86.1577,4.199839,,4839,-1.45461,0.72337,26.0846,3.800640873271566
1792.0,1.75781,2.46736,86.1757,4.199839,,4840,-1.45275,0.72377,26.0987,3.72379272227043
1793.0,1.75223,2.46788,86.1938,4.199839,,4841,-1.45461,0.72419,26.1142,3.774738715308294
1794.0,1.74665,2.46839,86.2118,4.199839,,4842,-1.45275,0.72462,26.1296,3.813527355240733
1795.0,1.75409,2.46885,86.2276,4.199839,,4843,-1.45461,0.72505,26.145,3.8593525097892876
1796.0,1.75037,2.46936,86.2456,4.199839,,4844,-1.45461,0.72548,26.1604,3.956713599276349
1797.0,1.74851,2.4699,86.2642,4.199839,,4845,-1.45275,0.7259,26.1759,3.9173631519452714
1798.0,1.74665,2.47035,86.28,4.199839,,4846,-1.45275,0.72633,26.1913,3.8381693470905254
1799.0,1.74293,2.47086,86.2979,4.199839,,4847,-1.45275,0.72671,26.205,3.8682058867987923
1800.0,1.74479,2.47137,86.3158,4.199839,,4848,-1.45275,0.72713,26.2201,3.8013490850258105
1802.0,1.74107,2.47189,86.3337,4.199839,,4849,-1.45275,0.72756,26.2355,3.8207604594570967
1803.0,1.73363,2.4724,86.3516,4.199839,,4850,-1.45275,0.72799,26.251,3.8458039512514812
1804.0,1.73735,2.47291,86.3695,4.199839,,4851,-1.45461,0.72842,26.2664,3.8300216798103865
1805.0,1.73177,2.47336,86.3852,4.199839,,4852,-1.45275,0.72884,26.2819,3.845005515001756
1806.0,1.73177,2.47387,86.403,4.199839,,4853,-1.45275,0.72927,26.2973,3.8416724936039466
1807.0,1.73177,2.47438,86.4208,4.199839,,4854,-1.45461,0.7297,26.3127,3.7980567098305746
1808.0,1.72991,2.47489,86.4386,4.199839,,4855,-1.45275,0.73013,26.3281,3.853397736814595
1809.0,1.72619,2.4754,86.4564,4.199839,,4857,-1.45275,0.73055,26.3436,3.9051940468879893
1810.0,1.72619,2.4759,86.4741,4.199839,,4858,-1.45275,0.73098,26.359,3.7663647547696217
1811.0,1.72433,2.47641,86.4919,4.199839,,4859,-1.45275,0.73141,26.3744,3.824977296390892
1812.0,1.72247,2.47687,86.5079,4.199839,,4860,-1.45275,0.73183,26.3897,3.799722065874888
1813.0,1.72433,2.47741,86.5267,4.199839,,4861,-1.45275,0.73225,26.4048,3.8205759214157387
1814.0,1.72247,2.47792,86.5443,4.199839,,4862,-1.45275,0.73268,26.4203,3.8180315613257707
1815.0,1.72061,2.47842,86.562,4.199839,,4863,-1.45461,0.73309,26.435,3.892003681509815
1816.0,1.71689,2.47893,86.5797,4.199839,,4864,-1.45461,0.73351,26.4503,3.9238172544262446
1817.0,1.71503,2.47943,86.5974,4.199839,,4865,-1.45275,0.73394,26.4657,3.8195720520055483
1818.0,1.71131,2.47994,86.615,4.199839,,4866,-1.45275,0.73437,26.4811,3.8007912511107222
1819.0,1.71131,2.48044,86.6326,4.199839,,4867,-1.45275,0.7348,26.4965,3.8439011564528207
1820.0,1.71131,2.48095,86.6502,4.199839,,4868,-1.45275,0.73523,26.512,3.848189618532968
1821.0,1.71131,2.48145,86.6678,4.199839,,4869,-1.45275,0.73565,26.5274,3.871328238317207
1823.0,1.70945,2.48195,86.6854,4.199839,,4870,-1.45089,0.73608,26.5428,3.8181245802084973
1824.0,1.70387,2.48246,86.7029,4.199839,,4871,-1.45275,0.73651,26.5582,3.8157730303163397
1825.0,1.70387,2.48296,86.7205,4.199839,,4872,-1.45275,0.73696,26.5744,3.8119918580470933
1826.0,1.70201,2.48346,86.738,4.199839,,4873,-1.45275,0.73733,26.588,3.7884404513128342
1827.0,1.70015,2.4839,86.7533,4.199839,,4874,-1.45275,0.73776,26.6034,3.7841734302960743
1828.0,1.70015,2.48444,86.7723,4.199839,,4875,-1.45275,0.73819,26.6188,3.826230624745987
1829.0,1.70387,2.48494,86.7898,4.200149,,4876,-1.45275,0.73862,26.6342,3.784369426274691
1830.0,1.69829,2.48544,86.8072,4.199839,,4878,-1.45461,0.73904,26.6497,3.9644255306756904
1831.0,1.69829,2.48594,86.8247,4.199839,,4879,-1.45461,0.73947,26.6649,3.836100475231634
1832.0,1.69271,2.48644,86.8419,4.199839,,4880,-1.45461,0.73985,26.6788,3.838086548005697
1833.0,1.69457,2.48693,86.8593,4.199839,,4881,-1.45275,0.74029,26.6945,3.8602540124310516
1834.0,1.69271,2.48743,86.8767,4.199839,,4882,-1.45275,0.74071,26.7099,3.867524328068234
1835.0,1.68899,2.48793,86.8941,4.199839,,4883,-1.45275,0.74114,26.7253,3.855317482298267
1836.0,1.68899,2.48843,86.9115,4.199839,,4884,-1.45275,0.74157,26.7408,3.830827362723965
1837.0,1.68713,2.48892,86.9287,4.199839,,4885,-1.45461,0.74195,26.7543,3.803537941357383
1838.0,1.68713,2.48936,86.9439,4.199839,,4886,-1.45461,0.74237,26.7697,3.8026421538243906
1839.0,1.68527,2.48985,86.9613,4.199839,,4887,-1.45275,0.7428,26.7852,3.8510283699951793
1840.0,1.68527,2.49035,86.9786,4.199839,,4888,-1.45275,0.74323,26.8006,3.8215002857326406
1842.0,1.68155,2.49084,86.9959,4.199839,,4889,-1.45461,0.74366,26.816,3.8689002353346487
1843.0,1.68155,2.49135,87.0135,4.199839,,4890,-1.45089,0.74408,26.8315,3.794088088042939
1844.0,1.67969,2.49182,87.0302,4.199839,,4891,-1.45275,0.74451,26.8469,3.737918717336022
1845.0,1.67969,2.49232,87.0474,4.199839,,4892,-1.45275,0.74494,26.8623,3.8065656873223803
1846.0,1.67411,2.49281,87.0647,4.199839,,4893,-1.45275,0.74537,26.8777,3.8453274162689834
1847.0,1.67597,2.49325,87.0798,4.199839,,4894,-1.45275,0.74574,26.8911,3.844999458169898
1848.0,1.66853,2.49374,87.097,4.199839,,4895,-1.45461,0.7462,26.9076,3.8679915313486295
1849.0,1.67225,2.49423,87.1142,4.199839,,4896,-1.45089,0.74658,26.9214,3.8366877784533755
1850.0,1.67039,2.49472,87.1314,4.199839,,4897,-1.45275,0.74701,26.9368,3.883733970684959
1851.0,1.67411,2.49521,87.1486,4.199839,,4898,-1.45461,0.74743,26.9522,3.7662919456233936
1852.0,1.66853,2.49571,87.1657,4.199839,,4899,-1.45089,0.74786,26.9677,3.8311489401121794
1853.0,1.66853,2.4962,87.1829,4.199839,,4900,-1.45275,0.74829,26.9831,3.890798732648519
1854.0,1.66667,2.49669,87.2,4.199839,,4901,-1.45275,0.74872,26.9985,3.801796034508634
1855.0,1.66481,2.49718,87.2172,4.199839,,4903,-1.45461,0.74911,27.0125,3.829797450368877
1856.0,1.66295,2.49767,87.2343,4.199839,,4904,-1.45275,0.74953,27.0279,3.8590931578326355
1857.0,1.66109,2.49811,87.2496,4.199839,,4905,-1.45275,0.74996,27.0434,3.7899665234211346
1858.0,1.66109,2.4986,87.2669,4.199839,,4906,-1.45275,0.75034,27.0569,3.865233920230261
1859.0,1.65923,2.49909,87.2839,4.199839,,4907,-1.45275,0.75077,27.0723,3.887235843243654
1860.0,1.65737,2.49958,87.301,4.199839,,4908,-1.45275,0.75119,27.0878,3.853220886998086
1861.0,1.65737,2.50007,87.318,4.199839,,4909,-1.45275,0.75163,27.1034,3.7782254474214945
1862.0,1.65551,2.50055,87.3351,4.199839,,4910,-1.45275,0.75205,27.1186,3.848192334985567
1863.0,1.65365,2.50098,87.35,4.199839,,4911,-1.45275,0.75242,27.1322,3.7699377790728876
1864.0,1.65179,2.50147,87.367,4.199839,,4912,-1.45275,0.75286,27.1477,3.8028026469446985
1866.0,1.64993,2.50195,87.384,4.199839,,4913,-1.45275,0.75328,27.1632,3.892435570330678
1867.0,1.64621,2.50244,87.4009,4.199839,,4914,-1.45275,0.75371,27.1786,3.8668103879250344
1868.0,1.64993,2.50293,87.4179,4.199839,,4915,-1.45275,0.75414,27.194,3.846435664460748
1869.0,1.64807,2.50341,87.4349,4.199839,,4916,-1.45275,0.75457,27.2094,3.7419803035760326
1870.0,1.64435,2.5039,87.4518,4.199839,,4917,-1.45275,0.75499,27.2249,3.86734468738021
1871.0,1.64621,2.50438,87.4687,4.199839,,4918,-1.45275,0.75537,27.2384,3.8352922460037013
1872.0,1.64249,2.50487,87.4858,4.199839,,4919,-1.45275,0.7558,27.2538,3.825238784627966
1873.0,1.64063,2.50535,87.5025,4.199529,,4920,-1.45461,0.75623,27.2693,3.8619960081026963
1874.0,1.64621,2.50583,87.5194,4.199839,,4921,-1.45089,0.75665,27.2847,3.832261136262285
1875.0,1.64063,2.50632,87.5363,4.199839,,4922,-1.45461,0.75708,27.3001,3.8530744523436424
1876.0,1.6369,2.50674,87.5511,4.199839,,4923,-1.45275,0.75751,27.3156,3.8333749703812545
1877.0,1.6369,2.50722,87.5679,4.199839,,4924,-1.44903,0.75794,27.331,3.7855072009837056
1878.0,1.63504,2.5077,87.5847,4.199839,,4925,-1.45461,0.75837,27.3464,3.7524313390102
1879.0,1.63504,2.50819,87.6016,4.199839,,4926,-1.45461,0.75881,27.3626,3.925147995431051
1880.0,1.63318,2.50866,87.6182,4.199839,,4927,-1.45461,0.75922,27.3771,3.878171591031178
1881.0,1.63318,2.50914,87.635,4.199839,,4928,-1.45275,0.75959,27.3907,3.9168910453755075
1882.0,1.63132,2.50962,87.6518,4.199839,,4930,-1.45461,0.76007,27.4078,3.77366362522782
1883.0,1.63132,2.51011,87.6687,4.199839,,4931,-1.45275,0.76045,27.4217,3.773883238235582
1884.0,1.62946,2.51059,87.6855,4.199839,,4932,-1.45275,0.76088,27.4371,3.83559333021805
1885.0,1.62946,2.51107,87.7022,4.199839,,4933,-1.45275,0.76131,27.4525,3.7535568456756296
1887.0,1.62574,2.51155,87.719,4.199839,,4934,-1.45275,0.76174,27.468,3.799305110917348
1888.0,1.62574,2.51197,87.7338,4.199839,,4935,-1.45275,0.76216,27.4834,3.922498069920923
1889.0,1.62388,2.51246,87.751,4.199839,,4936,-1.45275,0.76259,27.4988,3.7959717088454656
1890.0,1.62016,2.51288,87.7656,4.199839,,4937,-1.45461,0.76302,27.5143,3.7666231980232387
1891.0,1.62016,2.51336,87.7823,4.199839,,4938,-1.45089,0.76345,27.5297,3.8773016791163495
1892.0,1.6183,2.51384,87.799,4.199839,,4939,-1.45275,0.76387,27.5448,3.830418058999103
1893.0,1.6183,2.51431,87.8156,4.199839,,4940,-1.45275,0.76429,27.56,3.7838099901942632
1894.0,1.61644,2.51479,87.8321,4.199839,,4941,-1.45461,0.76472,27.5754,3.7562044829086534
1895.0,1.61458,2.5152,87.8467,4.199839,,4942,-1.45275,0.76515,27.591,3.829336229305973
1896.0,1.61458,2.51568,87.8633,4.199839,,4943,-1.45275,0.76555,27.6057,3.860714777422176
1897.0,1.61272,2.51615,87.8799,4.199839,,4944,-1.45461,0.766,27.6218,3.762503469644189
1898.0,1.61458,2.51663,87.8965,4.199839,,4945,-1.45275,0.76639,27.6359,3.7500051661794274
1899.0,1.609,2.5171,87.913,4.199839,,4946,-1.45275,0.76682,27.6514,3.8075285641933734
1900.0,1.61458,2.51758,87.9296,4.199839,,4947,-1.45275,0.76725,27.6668,3.7506628645780595
1901.0,1.60714,2.51806,87.9463,4.199839,,4949,-1.45275,0.76768,27.6822,3.8408230296774306
1902.0,1.61086,2.51847,87.9607,4.199839,,4950,-1.45275,0.76815,27.6993,3.89865317866967
1903.0,1.60528,2.51897,87.9783,4.199839,,4951,-1.45275,0.76854,27.7134,3.8959388426083166
1904.0,1.609,2.51944,87.9948,4.199839,,4952,-1.45275,0.76897,27.7287,3.8730999009182328
1905.0,1.60714,2.51992,88.0113,4.199839,,4953,-1.45275,0.7694,27.7442,3.845693041715037
1906.0,1.60342,2.52039,88.0278,4.199839,,4954,-1.45275,0.76982,27.7595,3.816710997730864
1907.0,1.60156,2.52086,88.0443,4.199839,,4955,-1.45275,0.7702,27.773,3.895256875433069
1908.0,1.5997,2.52133,88.0608,4.199839,,4956,-1.45461,0.77062,27.7885,3.82541504065092
1909.0,1.5997,2.5218,88.0772,4.199839,,4957,-1.45461,0.77105,27.8039,3.815209633485313
1910.0,1.5997,2.52222,88.0917,4.199839,,4958,-1.45461,0.77148,27.8193,3.739315495599396
1911.0,1.5997,2.52269,88.1081,4.199839,,4959,-1.45275,0.77191,27.8348,3.7291944219236997
1913.0,1.59784,2.52316,88.1246,4.199839,,4960,-1.45275,0.77234,27.8502,3.8174687409246912
1914.0,1.59784,2.52363,88.141,4.199839,,4961,-1.45275,0.77276,27.8656,3.749221116631227
1915.0,1.59784,2.5241,88.1574,4.199839,,4962,-1.45275,0.77319,27.881,3.788052807504736
1916.0,1.59226,2.52457,88.1738,4.199839,,4963,-1.45275,0.77362,27.8965,3.7792250441562962
1917.0,1.59226,2.52504,88.1901,4.199839,,4964,-1.45275,0.77402,27.911,3.860878334168012
1918.0,1.59226,2.52551,88.2067,4.199839,,4965,-1.45275,0.7744,27.9246,3.7956431951505154
1919.0,1.59226,2.52592,88.221,4.199839,,4966,-1.45461,0.77485,27.941,3.84659777415918
1920.0,1.58854,2.52639,88.2374,4.199839,,4967,-1.45461,0.77525,27.9553,3.835352583664234
1921.0,1.58854,2.52686,88.2537,4.199839,,4968,-1.45461,0.77568,27.9707,3.8170910320365876
1922.0,1.58668,2.52732,88.27,4.199839,,4969,-1.45275,0.77611,27.9861,3.715055404228693
1923.0,1.58854,2.52779,88.2863,4.199839,,4970,-1.45461,0.77656,28.0024,3.689636639796055
1924.0,1.58296,2.52826,88.3026,4.199839,,4971,-1.45275,0.77697,28.0173,3.8454613732459895
1925.0,1.58482,2.52872,88.3189,4.199839,,4973,-1.45461,0.7774,28.0327,3.7884648425726204
1926.0,1.5811,2.52919,88.3352,4.199839,,4974,-1.45275,0.77783,28.0481,3.739092848502337
1927.0,1.57738,2.52966,88.3514,4.199839,,4975,-1.45275,0.77825,28.0636,3.8503629435330278
1928.0,1.57924,2.53012,88.3678,4.199839,,4976,-1.45275,0.77862,28.077,3.7650492322662603
1929.0,1.57924,2.53059,88.3841,4.199839,,4977,-1.45275,0.77909,28.0936,3.7518635038734667
1930.0,1.57552,2.53105,88.4003,4.199839,,4978,-1.45275,0.77946,28.1071,3.786660568471441
1931.0,1.57924,2.53152,88.4165,4.199839,,4979,-1.45275,0.77989,28.1225,3.891472862023667
1932.0,1.57738,2.53193,88.431,4.199839,,4980,-1.45461,0.78032,28.1379,3.8847456331810593
1933.0,1.5718,2.53241,88.4477,4.199839,,4981,-1.45275,0.78074,28.1534,3.6950441696634946
1935.0,1.5718,2.53288,88.4639,4.199839,,4982,-1.45461,0.78117,28.1688,3.773566295421296
1936.0,1.57366,2.53334,88.4801,4.199839,,4983,-1.45275,0.7816,28.1842,3.851296299725317
1937.0,1.57366,2.5338,88.4961,4.199839,,4984,-1.45275,0.78203,28.1997,3.8441969453513973
1938.0,1.5718,2.5342,88.5103,4.199839,,4985,-1.45275,0.78246,28.2151,3.7644206380956726
1939.0,1.56808,2.53467,88.5264,4.199839,,4986,-1.45275,0.78288,28.2304,3.8720052346357843
1940.0,1.56808,2.53513,88.5425,4.199839,,4987,-1.45275,0.78325,28.2439,3.77983321286914
1941.0,1.56994,2.53559,88.5586,4.199839,,4988,-1.45275,0.78368,28.2593,3.812610514248627
1942.0,1.56622,2.53605,88.5748,4.199839,,4989,-1.45089,0.78411,28.2749,3.8080613286997447
1943.0,1.56622,2.53651,88.5909,4.199839,,4990,-1.45647,0.78454,28.2903,3.787687205429054
1944.0,1.56622,2.53697,88.607,4.199839,,4991,-1.45275,0.78497,28.3056,3.9133323486389133
1945.0,1.56064,2.53743,88.623,4.199839,,4992,-1.45461,0.78539,28.321,3.823929163995727
1946.0,1.55878,2.5379,88.6392,4.199529,,4993,-1.45275,0.78582,28.3365,3.8630171293480107
1947.0,1.55878,2.53834,88.6547,4.199839,,4994,-1.45275,0.78625,28.3519,3.8421768637975635
1948.0,1.55878,2.53876,88.6695,4.199839,,4996,-1.45275,0.78668,28.3673,3.8167767853734653
1949.0,1.55506,2.53923,88.6857,4.199839,,4997,-1.45275,0.78711,28.3828,3.683880824438406
1950.0,1.55878,2.53968,88.7016,4.199839,,4998,-1.45461,0.78753,28.3982,3.7511021297028098
1951.0,1.55506,2.54008,88.7156,4.199839,,4999,-1.45461,0.78791,28.4117,3.7977778187380675
1952.0,1.55134,2.54054,88.7316,4.199839,,5000,-1.45275,0.78834,28.4272,3.9225321346296287
1953.0,1.55134,2.541,88.7476,4.199839,,5001,-1.45275,0.78874,28.4417,3.8135997288304244
1954.0,1.54948,2.54146,88.7636,4.199839,,5002,-1.45461,0.78917,28.4572,3.7829908053906034
1955.0,1.5532,2.54187,88.7779,4.199839,,5003,-1.45275,0.7896,28.4727,3.8153754911338096
1956.0,1.54948,2.54232,88.7939,4.199839,,5004,-1.45275,0.79001,28.4876,3.793546210742221
1957.0,1.54762,2.54278,88.8098,4.199839,,5005,-1.45647,0.79044,28.503,3.834543641799812
1958.0,1.54948,2.54324,88.8257,4.199839,,5006,-1.45275,0.79087,28.5184,3.8400385357691555
1960.0,1.5439,2.54369,88.8417,4.199839,,5007,-1.45461,0.7913,28.5338,3.7978459281141532
1961.0,1.54762,2.54415,88.8576,4.199839,,5008,-1.45275,0.7917,28.5483,3.744654722983518
1962.0,1.54948,2.5446,88.8735,4.199839,,5009,-1.45461,0.79215,28.5647,3.7771720491795553
1963.0,1.54576,2.54507,88.8899,4.199839,,5010,-1.45647,0.79253,28.5782,3.7875972034856646
1964.0,1.54576,2.54552,88.9056,4.199839,,5011,-1.45275,0.79295,28.5937,3.803907469232044
1965.0,1.5439,2.54598,88.9215,4.199839,,5012,-1.45275,0.79341,28.61,3.8080549949903273
1966.0,1.54018,2.54643,88.9373,4.199839,,5013,-1.45461,0.79383,28.6253,3.7507410520712385
1967.0,1.54204,2.54683,88.9512,4.199839,,5014,-1.45461,0.79421,28.6388,3.8207971703862866
1968.0,1.54018,2.54728,88.9671,4.199839,,5015,-1.45275,0.79463,28.6542,3.809882035275862
1969.0,1.54204,2.54774,88.9829,4.199839,,5016,-1.45275,0.79506,28.6696,3.7245392380225724
1970.0,1.53646,2.54819,88.9988,4.199839,,5017,-1.45647,0.79549,28.6849,3.8387873804984287
1971.0,1.53832,2.54864,89.0146,4.199839,,5018,-1.45275,0.79591,28.7004,3.8311553801557867
1972.0,1.5346,2.54909,89.0304,4.199839,,5020,-1.45275,0.79634,28.7158,3.7597806749520544
1973.0,1.53832,2.54949,89.0442,4.199839,,5021,-1.45461,0.79677,28.7312,3.728851798990036
1974.0,1.53646,2.54994,89.06,4.199839,,5022,-1.45275,0.7972,28.7466,3.8839994412278616
1975.0,1.53646,2.5504,89.0758,4.199839,,5023,-1.45275,0.79762,28.7621,3.759168800431568
1976.0,1.53088,2.55085,89.0916,4.199839,,5024,-1.45089,0.79805,28.7775,3.786502538269441
1977.0,1.53088,2.55132,89.1079,4.199839,,5025,-1.45275,0.79848,28.7929,3.779779493042363
1978.0,1.53088,2.55171,89.1217,4.199839,,5026,-1.45275,0.7989,28.8081,3.81511926866774
1979.0,1.52902,2.55216,89.1375,4.199839,,5027,-1.45275,0.79936,28.8245,3.802182403304164
1980.0,1.52902,2.55261,89.1532,4.199839,,5028,-1.45275,0.79978,28.84,3.7333360093853387
1981.0,1.52902,2.55306,89.169,4.199839,,5029,-1.45089,0.80021,28.8554,3.8502171068813924
1982.0,1.5253,2.55351,89.1846,4.199839,,5030,-1.45461,0.80064,28.8708,3.8332879110125098
1984.0,1.52902,2.55396,89.2004,4.199839,,5031,-1.45275,0.80107,28.8863,3.7501555028571727
1985.0,1.5253,2.55441,89.216,4.199839,,5032,-1.45461,0.8015,28.9017,3.847243800053333
1986.0,1.52344,2.55486,89.2317,4.199839,,5033,-1.45275,0.80192,28.9171,3.7496632370792002
1987.0,1.52344,2.55531,89.2474,4.199839,,5034,-1.45275,0.80235,28.9324,3.852666011763654
1988.0,1.52158,2.55575,89.2629,4.199839,,5035,-1.45275,0.80272,28.9459,3.8349705552592033
1989.0,1.51786,2.55614,89.2766,4.199839,,5036,-1.45647,0.80315,28.9614,3.807094861443789
1990.0,1.51972,2.55659,89.2922,4.199839,,5037,-1.45275,0.80358,28.9768,3.7844528540842335
1991.0,1.51786,2.55704,89.3078,4.199839,,5039,-1.45275,0.80401,28.9922,3.848672620097195
1992.0,1.516,2.55749,89.3234,4.199839,,5040,-1.45461,0.80443,29.0077,3.797769048723094
1993.0,1.516,2.55795,89.3398,4.199839,,5041,-1.45461,0.80488,29.0237,3.8615916443000615
1994.0,1.51414,2.5584,89.3552,4.199839,,5042,-1.45461,0.80527,29.0379,3.800371528768476
1995.0,1.51228,2.55879,89.3689,4.199839,,5043,-1.45275,0.8057,29.0534,3.8398521837582575
1996.0,1.51228,2.55923,89.3845,4.199839,,5044,-1.45275,0.80613,29.0688,3.831396488987461
1997.0,1.51042,2.55968,89.4,4.199839,,5045,-1.45461,0.80656,29.0842,3.844721228177428
1998.0,1.51414,2.56012,89.4156,4.199839,,5046,-1.45275,0.80699,29.0997,3.7314208452397657
1999.0,1.51228,2.56057,89.4311,4.199839,,5047,-1.45461,0.80741,29.1151,3.8618111602497613
2000.0,1.51228,2.56101,89.4467,4.199839,,5048,-1.45275,0.80779,29.1286,3.7688041926783846
2001.0,1.5067,2.56146,89.4622,4.199839,,5049,-1.45275,0.80822,29.1441,3.7792367211042404
2002.0,1.51042,2.5619,89.4777,4.199839,,5050,-1.45461,0.80865,29.1595,3.7849021871468707
2004.0,1.51042,2.56235,89.4932,4.199839,,5051,-1.45461,0.80907,29.1749,3.7663100446510565
2005.0,1.5067,2.56279,89.5089,4.199839,,5052,-1.45461,0.8095,29.1904,3.7647965603685227
2006.0,1.5067,2.56324,89.5244,4.199839,,5053,-1.45275,0.80992,29.2055,3.8740396063711984
2007.0,1.50484,2.56364,89.5384,4.199839,,5054,-1.45275,0.81035,29.2209,3.7512973172639943
2008.0,1.5067,2.56408,89.5539,4.199839,,5055,-1.45275,0.81078,29.2363,3.817565007354092
2009.0,1.50112,2.56453,89.5693,4.199839,,5056,-1.45461,0.8112,29.2518,3.7544545781980223
2010.0,1.50112,2.56497,89.5848,4.199839,,5057,-1.45275,0.81163,29.2672,3.8760587488186635
2011.0,1.50112,2.56541,89.6002,4.199839,,5058,-1.45275,0.81206,29.2826,3.912264494008335
2012.0,1.49926,2.56585,89.6156,4.199839,,5060,-1.45461,0.81249,29.2981,3.7135850545391627
2013.0,1.50112,2.56629,89.6311,4.199839,,5061,-1.45461,0.81292,29.3135,3.826356989388972
2014.0,1.4974,2.56673,89.6463,4.199839,,5062,-1.45275,0.81334,29.3289,3.8280300892812384
2015.0,1.49554,2.56712,89.6599,4.199839,,5063,-1.45089,0.81377,29.3444,3.8214601034645685
2016.0,1.49554,2.56756,89.6752,4.199839,,5064,-1.45275,0.8142,29.3598,3.850094048287469
2017.0,1.49368,2.568,89.6906,4.199839,,5065,-1.45089,0.81463,29.3753,3.7825376485243676
2018.0,1.49554,2.56844,89.7062,4.199839,,5066,-1.45461,0.81503,29.3896,3.7502523970055317
2019.0,1.49368,2.56888,89.7215,4.199839,,5067,-1.45461,0.81543,29.4042,3.830694852572337
2020.0,1.48996,2.56932,89.7369,4.199839,,5068,-1.45461,0.81586,29.4196,3.818968930212482
2021.0,1.49368,2.56976,89.7522,4.199839,,5069,-1.45461,0.81629,29.4352,3.7741195056481467
2022.0,1.49182,2.5702,89.7676,4.199839,,5070,-1.45089,0.81672,29.4505,3.8352045496776963
2023.0,1.49182,2.5706,89.7813,4.199839,,5071,-1.44903,0.81709,29.4641,3.8292438518571172
2024.0,1.48996,2.57103,89.7967,4.199839,,5072,-1.45461,0.81752,29.4795,3.718440330039195
2025.0,1.4881,2.57147,89.812,4.199839,,5073,-1.45461,0.81799,29.4965,3.929976954334565
2026.0,1.48996,2.57191,89.8273,4.199839,,5074,-1.45275,0.81838,29.5104,3.899429799972833
2027.0,1.4881,2.57235,89.8426,4.199839,,5075,-1.44903,0.8188,29.5258,3.8025122887885847
2029.0,1.48624,2.57279,89.8579,4.199839,,5076,-1.44903,0.8192,29.5402,3.8192727343931017
2030.0,1.48438,2.57322,89.873,4.199839,,5077,-1.45275,0.81963,29.5556,3.794469205907909
2031.0,1.48438,2.57361,89.8864,4.199839,,5078,-1.45461,0.82006,29.571,3.6324972958892907
2032.0,1.48251,2.57404,89.9017,4.199839,,5079,-1.45461,0.82049,29.5864,3.7976896876913857
2033.0,1.48251,2.57448,89.9169,4.199839,,5080,-1.44717,0.82091,29.6019,3.829863895357193
2034.0,1.48251,2.57491,89.9322,4.199839,,5081,-1.45275,0.82134,29.6173,3.9334825503535176
2035.0,1.47879,2.57535,89.9474,4.199839,,5082,-1.45647,0.82177,29.6326,3.8426630445641745
2036.0,1.47879,2.57579,89.9626,4.199839,,5083,-1.45461,0.82214,29.6461,3.77091458048823
2037.0,1.48065,2.57623,89.978,4.199839,,5085,-1.45275,0.82257,29.6616,3.8212841942669424
2038.0,1.47879,2.57662,89.9917,4.199839,,5086,-1.45461,0.823,29.677,3.758658451639104
2039.0,1.47879,2.57707,90.0073,4.199839,,5087,-1.45275,0.82342,29.6924,3.82276649307873
2040.0,1.47693,2.5775,90.0225,4.199839,,5088,-1.45647,0.82385,29.7079,3.810899279484463
2041.0,1.47507,2.57794,90.0377,4.199839,,5089,-1.45089,0.82428,29.7233,3.7355274154422116
2042.0,1.47135,2.57837,90.0529,4.199839,,5090,-1.45275,0.82469,29.738,3.8845142621563253
2043.0,1.47321,2.5788,90.068,4.199839,,5091,-1.45275,0.82508,29.7522,3.8706319461799965
2044.0,1.47507,2.57924,90.0832,4.199839,,5092,-1.45089,0.82551,29.7677,3.6840459065746054
2045.0,1.47507,2.57967,90.0983,4.199839,,5093,-1.45461,0.82594,29.7831,3.7327027961179016
2046.0,1.47135,2.5801,90.1133,4.199839,,5094,-1.45089,0.82636,29.7984,3.7817945141226894
2047.0,1.47135,2.58048,90.1266,4.199839,,5095,-1.45461,0.82679,29.8138,3.829051301396987
2048.0,1.46949,2.58091,90.1417,4.199839,,5096,-1.45089,0.82722,29.8294,3.847465111536845
2049.0,1.47135,2.58135,90.1568,4.199839,,5097,-1.45275,0.82765,29.8448,3.8380138513580304
2051.0,1.46577,2.58178,90.1719,4.199839,,5098,-1.44903,0.82807,29.8601,3.8187438898957633
2052.0,1.46577,2.58221,90.187,4.199839,,5099,-1.45089,0.82845,29.8736,3.8588553613358316
2053.0,1.46763,2.58265,90.2024,4.199839,,5100,-1.45275,0.82888,29.8891,3.771675040797366
2054.0,1.46205,2.58307,90.2172,4.199839,,5101,-1.45275,0.82931,29.9045,3.7500651080523966
2055.0,1.46577,2.58345,90.2304,4.199839,,5102,-1.45461,0.82973,29.9199,3.8232172726982507
2056.0,1.46391,2.58388,90.2454,4.199839,,5103,-1.45275,0.83016,29.9354,3.833263888453208
2057.0,1.46391,2.58431,90.2605,4.199839,,5104,-1.45461,0.83059,29.9508,3.7800822569054024
2058.0,1.46391,2.58475,90.2755,4.199839,,5105,-1.45275,0.83102,29.9662,3.735988057127827
2059.0,1.46205,2.58518,90.2906,4.199839,,5106,-1.45089,0.83143,29.9811,3.7879273080084612
2060.0,1.46391,2.58561,90.3056,4.199839,,5107,-1.45275,0.83187,29.9969,3.826353090803155
2061.0,1.46019,2.58604,90.3206,4.199839,,5109,-1.45275,0.8323,30.0124,3.6724924233905654
2062.0,1.46019,2.58641,90.3338,4.199839,,5110,-1.45275,0.83269,30.0264,3.8194689413300535
2063.0,1.45647,2.58684,90.3488,4.199839,,5111,-1.45275,0.83312,30.0419,3.813747187103926
2064.0,1.45647,2.58727,90.3637,4.199839,,5112,-1.45275,0.83355,30.0574,3.854238568566513
2065.0,1.45647,2.5877,90.3787,4.199839,,5113,-1.45089,0.83397,30.0728,3.806804020918976
2066.0,1.45275,2.58813,90.3937,4.199839,,5114,-1.45275,0.83437,30.087,3.7042355744356996
2067.0,1.45647,2.58856,90.4087,4.199839,,5115,-1.45275,0.83482,30.1034,3.7298915214086836
2068.0,1.45461,2.589,90.424,4.199839,,5116,-1.45275,0.83525,30.1188,3.882888265191745
2069.0,1.45089,2.58937,90.4371,4.199839,,5117,-1.45461,0.83568,30.1342,3.7691001866626648
2070.0,1.45461,2.5898,90.4521,4.199839,,5118,-1.45461,0.8361,30.1497,3.817985155858721
2071.0,1.45275,2.59023,90.467,4.199839,,5119,-1.45275,0.83653,30.1651,3.7489403554766363
2072.0,1.44717,2.59065,90.4819,4.199839,,5120,-1.45275,0.83696,30.1803,3.7774317473176757
2073.0,1.44903,2.59108,90.4968,4.199839,,5121,-1.45275,0.83738,30.1958,3.7011055993962443
2074.0,1.44903,2.59151,90.5117,4.199839,,5122,-1.45275,0.83781,30.2112,3.85076467895532
2076.0,1.44531,2.59193,90.5265,4.199839,,5123,-1.45647,0.83824,30.2266,3.781158066846705
2077.0,1.44159,2.5923,90.5395,4.199839,,5124,-1.45275,0.83862,30.2404,3.6825300903493705
2078.0,1.44531,2.59273,90.5545,4.199839,,5125,-1.44903,0.83905,30.2557,3.83716483840162
2079.0,1.44531,2.59316,90.5694,4.199839,,5126,-1.45089,0.83947,30.2709,3.7787599187120136
2080.0,1.44345,2.59358,90.5842,4.199839,,5127,-1.45275,0.83989,30.2861,3.7525077254400587
2081.0,1.44345,2.59401,90.599,4.199839,,5128,-1.45647,0.84032,30.3016,3.7893901702519215
2082.0,1.43973,2.59443,90.6139,4.199839,,5130,-1.45275,0.84074,30.317,3.8086119953651894
2083.0,1.43787,2.59481,90.6272,4.199839,,5131,-1.45461,0.84118,30.3327,3.81821428666471
2084.0,1.43973,2.59524,90.6421,4.199839,,5132,-1.45089,0.84158,30.3472,3.7992401932043283
2085.0,1.43973,2.59566,90.6569,4.199839,,5133,-1.45089,0.84199,30.3618,3.7937937022620383
2086.0,1.43787,2.59604,90.6699,4.199839,,5134,-1.45275,0.8424,30.3767,3.8139317458130333
2087.0,1.43973,2.59646,90.6847,4.199839,,5135,-1.45275,0.84278,30.3902,3.7320213462438216
2088.0,1.43601,2.59688,90.6994,4.199839,,5136,-1.45461,0.8432,30.4056,3.835278416144493
2089.0,1.43601,2.59731,90.7142,4.199839,,5137,-1.45275,0.84363,30.421,3.9125129042610602
2090.0,1.43415,2.59773,90.729,4.199839,,5138,-1.45275,0.84406,30.4365,3.8073894287363563
2091.0,1.43601,2.59815,90.7437,4.199839,,5139,-1.45275,0.84449,30.4519,3.7932115819114833
2092.0,1.43415,2.59857,90.7585,4.199839,,5140,-1.45275,0.84491,30.4673,3.8036679052804696
2093.0,1.43229,2.599,90.7732,4.199839,,5141,-1.45275,0.84534,30.4828,3.806927346687071
2094.0,1.42857,2.59942,90.7879,4.199839,,5142,-1.45275,0.84577,30.4982,3.757384210804873
2095.0,1.43229,2.59979,90.8008,4.199839,,5143,-1.45461,0.8462,30.5136,3.8212592324250374
2096.0,1.42671,2.60021,90.8156,4.200149,,5144,-1.45647,0.84663,30.5291,3.7613005857299724
2097.0,1.42857,2.60063,90.8303,4.199839,,5145,-1.45461,0.84705,30.5445,3.7396212035619136
2098.0,1.43043,2.60109,90.8462,4.199839,,5146,-1.45461,0.84748,30.5599,3.7710838945897516
2100.0,1.42671,2.60151,90.8609,4.199839,,5147,-1.45275,0.84791,30.5754,3.74356929735894
2101.0,1.42671,2.60193,90.8756,4.199839,,5148,-1.45275,0.84834,30.5908,3.868427626961237
2102.0,1.42671,2.60235,90.8903,4.199839,,5149,-1.45275,0.84877,30.6062,3.804491038592326
2103.0,1.42857,2.60271,90.9031,4.199839,,5150,-1.45275,0.84919,30.6216,3.7807266363214627
2104.0,1.42299,2.60313,90.9178,4.199839,,5152,-1.45275,0.84962,30.6371,3.743854157626234
2105.0,1.42299,2.60355,90.9324,4.199839,,5153,-1.45275,0.85005,30.6525,3.772540038361412
2106.0,1.42113,2.60397,90.947,4.199839,,5154,-1.45275,0.85048,30.6679,3.826388507985902
2107.0,1.41927,2.60439,90.9616,4.199839,,5155,-1.45275,0.85091,30.6834,3.7773910966658595
2108.0,1.42113,2.60481,90.9763,4.199839,,5156,-1.45461,0.85135,30.6992,3.838208637054859
2109.0,1.41927,2.60523,90.9909,4.199839,,5157,-1.45461,0.85175,30.7138,3.8313446419230073
2110.0,1.41927,2.60564,91.0054,4.199839,,5158,-1.45275,0.85214,30.7281,3.8749921493688704
2111.0,1.41183,2.60606,91.02,4.199839,,5159,-1.45275,0.85257,30.7435,3.8593727139364065
2112.0,1.41369,2.60648,91.0346,4.199839,,5160,-1.45647,0.853,30.7589,3.7625622272306356
2113.0,1.41369,2.60691,91.0495,4.199839,,5161,-1.45275,0.85343,30.7744,3.807546222700202
2114.0,1.41369,2.60732,91.0638,4.199839,,5162,-1.45647,0.85386,30.7898,3.7354036701376594
2115.0,1.41183,2.60773,91.0783,4.199839,,5163,-1.45275,0.85428,30.8051,3.718813786045972
2116.0,1.41183,2.60815,91.0929,4.199839,,5164,-1.45461,0.8547,30.8202,3.895250079680029
2117.0,1.41369,2.60856,91.1074,4.199839,,5165,-1.45461,0.85508,30.8338,3.823611843119233
2118.0,1.41555,2.60898,91.1219,4.199839,,5166,-1.45275,0.8555,30.8492,3.735131638059736
2120.0,1.40997,2.60939,91.1364,4.199839,,5167,-1.45461,0.85593,30.8646,3.7699686690167424
2121.0,1.41183,2.60981,91.1509,4.199839,,5168,-1.45461,0.85636,30.88,3.837015204063683
2122.0,1.40625,2.61022,91.1654,4.199839,,5169,-1.45275,0.85679,30.8955,3.8307674864715815
2123.0,1.40625,2.61064,91.1799,4.199839,,5170,-1.45461,0.85722,30.9111,3.748062099686207
2124.0,1.40625,2.61105,91.1944,4.199839,,5171,-1.45275,0.85765,30.9265,3.7713452261153564
2125.0,1.40625,2.61147,91.2088,4.199839,,5172,-1.45275,0.85807,30.9418,3.791585846117306
2126.0,1.40625,2.61188,91.2233,4.199839,,5173,-1.45275,0.85845,30.9553,3.7686993287900608
2127.0,1.40439,2.6123,91.2378,4.199839,,5174,-1.45275,0.85887,30.9707,3.8015747378513076
2128.0,1.40067,2.61269,91.2515,4.199839,,5176,-1.45275,0.8593,30.9862,3.862486409520286
2129.0,1.40253,2.61306,91.2646,4.199839,,5177,-1.45275,0.85973,31.0016,3.8254955609166283
2130.0,1.40439,2.61348,91.279,4.199839,,5178,-1.45275,0.86016,31.017,3.82668050526301
2131.0,1.40067,2.61389,91.2934,4.199839,,5179,-1.45275,0.86059,31.0325,3.7817467612633586
2132.0,1.39881,2.6143,91.3078,4.199839,,5180,-1.45461,0.86101,31.0479,3.807779788588693
2133.0,1.39881,2.61471,91.3221,4.199839,,5181,-1.45275,0.86144,31.0633,3.698682092176017
2134.0,1.39881,2.61512,91.3365,4.199839,,5182,-1.45461,0.86187,31.0789,3.745679122604141
2135.0,1.39881,2.61553,91.3509,4.199839,,5183,-1.45275,0.8623,31.0942,3.897606906279857
2136.0,1.40067,2.61595,91.3652,4.199839,,5184,-1.45275,0.86267,31.1077,3.8835200634990485
2137.0,1.39695,2.61636,91.3796,4.199839,,5185,-1.45275,0.8631,31.1231,3.8196949878374054
2138.0,1.39695,2.61677,91.3939,4.199839,,5186,-1.45461,0.86354,31.1389,3.805023511261687
2140.0,1.39323,2.61718,91.4083,4.199839,,5187,-1.45275,0.86394,31.1533,3.7292629596863947
2141.0,1.39137,2.61759,91.4226,4.199839,,5188,-1.45461,0.86436,31.1687,3.799097130484795
2142.0,1.39323,2.618,91.4369,4.199839,,5189,-1.45275,0.86479,31.1841,3.76618167419882
2143.0,1.39137,2.61841,91.4512,4.199839,,5190,-1.45275,0.86522,31.1996,3.73367434676574
2144.0,1.39695,2.61881,91.4653,4.199839,,5191,-1.45275,0.86565,31.215,3.7287357231964124
2145.0,1.38765,2.61917,91.4778,4.199839,,5192,-1.45275,0.86607,31.2303,3.7763111064716326
2146.0,1.38765,2.61958,91.4921,4.199839,,5193,-1.45647,0.8665,31.2457,3.7856483890950554
2147.0,1.38765,2.61999,91.5064,4.199839,,5194,-1.45275,0.86693,31.2611,3.7672360526983772
2148.0,1.38765,2.6204,91.5207,4.199839,,5195,-1.45275,0.86736,31.2766,3.7675437772365794
2149.0,1.38579,2.6208,91.5349,4.199839,,5196,-1.45275,0.86776,31.291,3.826307851148382
2150.0,1.38579,2.62121,91.5492,4.199839,,5197,-1.45275,0.8682,31.3072,3.837110120028252
2151.0,1.38393,2.62162,91.5634,4.199839,,5199,-1.45461,0.86863,31.3226,3.799171212700637
2152.0,1.38021,2.62203,91.5777,4.199839,,5200,-1.45089,0.86906,31.338,3.7838647679820165
2153.0,1.38021,2.62244,91.592,4.199839,,5201,-1.45275,0.86949,31.3534,3.7195117649849805
2154.0,1.37835,2.62285,91.6062,4.199839,,5202,-1.45275,0.86992,31.3689,3.7432360951629478
2155.0,1.38021,2.62325,91.6204,4.199839,,5203,-1.45275,0.87034,31.3843,3.895978552089323
2156.0,1.38021,2.62366,91.6346,4.199839,,5204,-1.45461,0.87077,31.3997,3.852193819896576
2157.0,1.38021,2.62407,91.6488,4.199839,,5205,-1.45461,0.87116,31.4136,3.769351104668193
2158.0,1.37835,2.62446,91.6625,4.199839,,5206,-1.45461,0.87159,31.4292,3.861044995803495
2159.0,1.37649,2.62485,91.6764,4.199839,,5207,-1.45275,0.87202,31.4446,3.7627439308937305
2161.0,1.38393,2.62526,91.6905,4.199839,,5208,-1.45275,0.87244,31.46,3.8372796443848545
2162.0,1.37649,2.62566,91.7046,4.199839,,5209,-1.45461,0.87287,31.4754,3.7785882515279123
2163.0,1.37649,2.62607,91.7188,4.199839,,5210,-1.45461,0.8733,31.4909,3.657051111432863
2164.0,1.37091,2.62647,91.7329,4.199839,,5211,-1.45461,0.87373,31.5063,3.75658635853539
2165.0,1.37463,2.62688,91.7471,4.199839,,5212,-1.45275,0.87415,31.5217,3.7480203181059792
2166.0,1.37277,2.62728,91.7612,4.199839,,5213,-1.45461,0.87458,31.5372,3.7584689387036887
2167.0,1.37091,2.62769,91.7753,4.199839,,5214,-1.45275,0.87501,31.5526,3.815354815917919
2168.0,1.37277,2.62809,91.7894,4.199839,,5215,-1.45275,0.87544,31.568,3.866598806103895
2169.0,1.37277,2.62849,91.8035,4.199839,,5216,-1.45275,0.87587,31.5834,3.8621636184111874
2170.0,1.36905,2.6289,91.8176,4.199839,,5217,-1.45275,0.87627,31.5981,3.850342916434149
2171.0,1.36533,2.6293,91.8316,4.199839,,5219,-1.45275,0.87669,31.6131,3.7750734322995925
2172.0,1.36161,2.6297,91.8457,4.199839,,5220,-1.45275,0.87712,31.6286,3.7736150698329585
2173.0,1.36347,2.63007,91.8584,4.199839,,5221,-1.45461,0.87754,31.644,3.702149689161538
2174.0,1.36905,2.63049,91.8731,4.199839,,5222,-1.45275,0.87797,31.6594,3.8284006687781647
2175.0,1.36347,2.63089,91.8872,4.199839,,5223,-1.45089,0.8784,31.6749,3.737802513913549
2176.0,1.36161,2.63129,91.9012,4.199839,,5224,-1.45275,0.87883,31.6903,3.8858089919792183
2177.0,1.36161,2.63169,91.9152,4.199839,,5225,-1.45461,0.87926,31.7057,3.8157311245766437
2178.0,1.36161,2.63209,91.9292,4.199839,,5226,-1.45461,0.87968,31.7211,3.900398157875981
2180.0,1.36347,2.63249,91.9432,4.199839,,5227,-1.45089,0.88011,31.7366,3.859293671865656
2181.0,1.36161,2.63289,91.9572,4.199839,,5228,-1.45089,0.88054,31.752,3.805686300813305
2182.0,1.35789,2.63329,91.9712,4.199839,,5229,-1.45275,0.88097,31.7674,3.7791424816974315
2183.0,1.35603,2.63369,91.9851,4.199839,,5230,-1.45089,0.88138,31.7823,3.707914711322303
2184.0,1.35603,2.63409,91.9991,4.199839,,5231,-1.45461,0.88175,31.7958,3.761750589803021
2185.0,1.35603,2.63449,92.0131,4.199839,,5232,-1.45461,0.88218,31.8112,3.8041611660937797
2186.0,1.35603,2.63489,92.027,4.199839,,5233,-1.45275,0.88261,31.8267,3.8077185304136214
2187.0,1.35603,2.63524,92.0392,4.199839,,5234,-1.45275,0.88304,31.8421,3.8340190405012042
2188.0,1.35975,2.63564,92.0532,4.199839,,5235,-1.45275,0.88347,31.8575,3.67357223439645
2189.0,1.35417,2.63605,92.0674,4.199839,,5236,-1.45275,0.88389,31.8727,3.7970751446576094
2190.0,1.35045,2.63645,92.0813,4.199839,,5237,-1.45275,0.88433,31.8885,3.8836983598516
2191.0,1.35417,2.63684,92.0952,4.199839,,5238,-1.45275,0.88473,31.9032,3.748399471244238
2192.0,1.35231,2.63724,92.1091,4.199839,,5239,-1.45275,0.88516,31.9187,3.750932429131801
2193.0,1.35231,2.63764,92.1228,4.199839,,5241,-1.44903,0.88559,31.9341,3.7137583063926978
2194.0,1.35231,2.63799,92.135,4.199839,,5242,-1.45089,0.88602,31.9495,3.818213982083138
2195.0,1.34673,2.63838,92.1489,4.199839,,5243,-1.45089,0.88644,31.9649,3.7142475122596883
2196.0,1.34487,2.63878,92.1627,4.199839,,5244,-1.45647,0.88685,31.9796,3.813082832581104
2197.0,1.34673,2.63918,92.1766,4.199839,,5245,-1.45461,0.88724,31.9936,3.7579242620122773
2198.0,1.34115,2.63957,92.1904,4.199839,,5246,-1.45647,0.88767,32.009,3.691860675568481
2200.0,1.34115,2.63997,92.2042,4.199839,,5247,-1.45275,0.8881,32.0245,3.876572916762364
2201.0,1.33929,2.64036,92.2181,4.199839,,5248,-1.45275,0.88847,32.038,3.766887675856361
2202.0,1.34301,2.64076,92.2319,4.199839,,5249,-1.45275,0.8889,32.0534,3.782017983484819
2203.0,1.33929,2.64116,92.2458,4.199839,,5250,-1.45275,0.88933,32.0689,3.763503199331305
2204.0,1.33929,2.64154,92.2591,4.199839,,5251,-1.45089,0.88976,32.0843,3.811948479613117
2205.0,1.34301,2.64192,92.2724,4.199839,,5252,-1.45461,0.89018,32.0997,3.6442143882414837
2206.0,1.33743,2.64231,92.2862,4.199839,,5253,-1.45089,0.89058,32.114,3.7252450753205832
2207.0,1.33929,2.64271,92.3,4.199839,,5254,-1.45275,0.89103,32.1303,3.7598523861338533
2208.0,1.33743,2.64305,92.312,4.199839,,5255,-1.45275,0.89146,32.1457,3.73106118129899
2209.0,1.33743,2.64345,92.3258,4.199839,,5256,-1.45275,0.89189,32.1612,3.867437553671447
2210.0,1.33557,2.64384,92.3395,4.199839,,5257,-1.45461,0.89232,32.1766,3.8590553958814935
2211.0,1.33743,2.64423,92.3533,4.199839,,5258,-1.45461,0.89274,32.192,3.777086170200392
2212.0,1.33185,2.64463,92.367,4.199839,,5259,-1.45275,0.89317,32.2074,3.689342135690608
2213.0,1.33185,2.64502,92.3807,4.199839,,5260,-1.45275,0.89359,32.2224,3.7930972443784388
2214.0,1.33185,2.64541,92.3944,4.199839,,5261,-1.45461,0.894,32.2374,3.7195950111751848
2215.0,1.32813,2.6458,92.4081,4.199839,,5262,-1.45461,0.89443,32.2529,3.803838107497948
2216.0,1.32626,2.64615,92.4201,4.199839,,5264,-1.45275,0.89486,32.2683,3.7496379868583647
2217.0,1.32813,2.64654,92.4337,4.199839,,5265,-1.45461,0.89529,32.2837,3.6874406178936785
2218.0,1.32626,2.64694,92.4478,4.199839,,5266,-1.45461,0.89571,32.2991,3.8343362381321704
2219.0,1.32626,2.64728,92.4597,4.199839,,5267,-1.45275,0.89614,32.3145,3.8458153177286287
2220.0,1.3244,2.64767,92.4734,4.199839,,5268,-1.45275,0.89657,32.33,3.76739117159588
2221.0,1.32626,2.64806,92.487,4.199839,,5269,-1.45089,0.897,32.3454,3.745708500631073
2222.0,1.32254,2.64845,92.5006,4.199839,,5270,-1.45275,0.89742,32.3608,3.8342722105114175
2223.0,1.31882,2.64884,92.5142,4.199839,,5271,-1.45461,0.89785,32.3763,3.7855070614445014
2225.0,1.32068,2.64923,92.5278,4.199839,,5272,-1.45089,0.89828,32.3917,3.730433253733266
2226.0,1.32068,2.64962,92.5414,4.199839,,5273,-1.45647,0.8987,32.407,3.807646339219373
2227.0,1.31882,2.65001,92.555,4.199839,,5274,-1.45275,0.89908,32.4205,3.73165186739363
2228.0,1.31882,2.6504,92.5685,4.199839,,5275,-1.45461,0.89955,32.4376,3.6974163111437446
2229.0,1.32254,2.65079,92.5822,4.199839,,5276,-1.45275,0.89994,32.4514,3.7203155988025567
2230.0,1.31696,2.65118,92.5958,4.199839,,5277,-1.45275,0.90036,32.4668,3.7145316018361907
2231.0,1.32068,2.65157,92.6093,4.199839,,5278,-1.45275,0.90079,32.4823,3.8335977806226627
2232.0,1.31696,2.65195,92.6228,4.199839,,5279,-1.45275,0.90122,32.4977,3.75916507308184
2233.0,1.3151,2.65234,92.6364,4.199839,,5280,-1.45275,0.90165,32.5131,3.6958853448267686
2234.0,1.31324,2.65269,92.6485,4.199839,,5281,-1.45461,0.90208,32.5286,3.735620653481872
2235.0,1.31324,2.65308,92.6621,4.199839,,5282,-1.45275,0.9025,32.544,3.828079317539017
2236.0,1.3151,2.65346,92.6756,4.199839,,5284,-1.45275,0.90293,32.5594,3.7022676972668864
2237.0,1.30952,2.65385,92.6891,4.199839,,5285,-1.45275,0.90336,32.5748,3.8263594564996697
2238.0,1.30766,2.65424,92.7026,4.199839,,5286,-1.45461,0.90379,32.5903,3.665917812369936
2239.0,1.3058,2.65462,92.716,4.199839,,5287,-1.45461,0.90421,32.6057,3.827089327554948
2240.0,1.31138,2.65496,92.7278,4.199839,,5288,-1.45461,0.90468,32.6224,3.7810322774730905
2241.0,1.30766,2.65534,92.7413,4.199839,,5289,-1.45275,0.90511,32.6379,3.763846755982289
2242.0,1.3058,2.65573,92.7547,4.199839,,5290,-1.45275,0.90551,32.6526,3.718068987319165
2243.0,1.30208,2.65611,92.7682,4.199839,,5291,-1.45275,0.90594,32.668,3.8553449024077153
2244.0,1.30394,2.6565,92.7816,4.199839,,5292,-1.45275,0.90632,32.6815,3.9162411704342106
2245.0,1.30394,2.65688,92.795,4.199839,,5293,-1.45275,0.90675,32.697,3.761127739670886
2247.0,1.30022,2.65727,92.8084,4.199839,,5294,-1.45089,0.90717,32.7124,3.699238153867179
2248.0,1.30208,2.65765,92.8218,4.199839,,5295,-1.45275,0.9076,32.7278,3.732281068176288
2249.0,1.2965,2.65803,92.8351,4.199839,,5296,-1.45275,0.90801,32.7427,3.7175462120713387
2250.0,1.2965,2.6584,92.8481,4.199839,,5297,-1.45275,0.90842,32.7575,3.7737782342926547
2251.0,1.30022,2.65874,92.8598,4.199839,,5298,-1.45275,0.9088,32.771,3.738382876769395
2252.0,1.29836,2.65912,92.8732,4.199839,,5299,-1.45275,0.90923,32.7865,3.781148132093139
2253.0,1.29464,2.6595,92.8865,4.199839,,5300,-1.45275,0.90965,32.8016,3.7519098163184084
2254.0,1.29278,2.65988,92.8999,4.199839,,5301,-1.45275,0.9101,32.8179,3.798702323805333
2255.0,1.29278,2.66027,92.9132,4.199839,,5302,-1.45275,0.91053,32.8333,3.795367601746147
2256.0,1.29278,2.66065,92.9265,4.199839,,5303,-1.45461,0.91096,32.8488,3.8250359604059567
2257.0,1.29278,2.66103,92.9398,4.199839,,5304,-1.45275,0.91134,32.8625,3.730539129123858
2258.0,1.29278,2.66141,92.9531,4.199839,,5305,-1.45275,0.91176,32.8779,3.850659738998343
2259.0,1.29092,2.66179,92.9664,4.199839,,5306,-1.45461,0.91219,32.8933,3.7369479851312364
2260.0,1.29092,2.66217,92.9797,4.199839,,5308,-1.45461,0.91262,32.9087,3.7683657814231513
2261.0,1.28906,2.66255,92.993,4.199839,,5309,-1.45275,0.91302,32.9232,3.7669167849418037
2262.0,1.2872,2.66293,93.0062,4.199839,,5310,-1.45275,0.91345,32.9386,3.720484241728072
2263.0,1.28906,2.66332,93.0199,4.199839,,5311,-1.45275,0.91382,32.9521,3.813696285943547
2264.0,1.28906,2.6637,93.033,4.199839,,5312,-1.45275,0.91425,32.9676,3.7532116900496337
2265.0,1.28348,2.66403,93.0446,4.199839,,5313,-1.45461,0.91468,32.983,3.706715480215761
2266.0,1.2872,2.66441,93.0578,4.199839,,5314,-1.45275,0.9151,32.9983,3.7643678221402093
2267.0,1.2872,2.66478,93.071,4.199839,,5315,-1.45461,0.91553,33.0137,3.816433345389564
2269.0,1.28162,2.66516,93.0842,4.199839,,5316,-1.45275,0.91596,33.0291,3.846550927327781
2270.0,1.28348,2.66554,93.0975,4.199529,,5317,-1.45275,0.91639,33.0446,3.6879263327321365
2271.0,1.28162,2.66592,93.1107,4.199839,,5318,-1.45275,0.91681,33.06,3.800222013551183
2272.0,1.28348,2.6663,93.1239,4.199529,,5319,-1.45275,0.91724,33.0754,3.7931697650332374
2273.0,1.27976,2.66668,93.1371,4.199839,,5320,-1.45275,0.91769,33.0916,3.7733830986819803
2274.0,1.27604,2.66705,93.1503,4.199839,,5321,-1.45275,0.91808,33.1055,3.7429875098715124
2275.0,1.27418,2.66743,93.1634,4.199839,,5322,-1.45275,0.9185,33.121,3.7098042301791048
2276.0,1.2779,2.66781,93.1765,4.199839,,5323,-1.45275,0.91893,33.1364,3.774131386579331
2277.0,1.27418,2.66814,93.188,4.199839,,5324,-1.45275,0.91936,33.1517,3.7606639580426053
2278.0,1.27046,2.66851,93.2011,4.199839,,5325,-1.45275,0.91979,33.1673,3.7546228139035493
2279.0,1.27418,2.66887,93.2136,4.199839,,5326,-1.45275,0.92019,33.1818,3.8077539273503223
2280.0,1.27046,2.66923,93.2262,4.199839,,5327,-1.45461,0.92062,33.1972,3.712088473412158
2281.0,1.27046,2.6696,93.2393,4.199839,,5328,-1.45275,0.92099,33.2105,3.7934274534371832
2282.0,1.27046,2.66998,93.2523,4.199839,,5329,-1.45089,0.92144,33.2269,3.7212731658705627
2283.0,1.27046,2.6703,93.2638,4.199839,,5330,-1.45461,0.92187,33.2422,3.727529007146407
2284.0,1.2686,2.67068,93.2768,4.199529,,5331,-1.45461,0.92224,33.2558,3.77355434901015
2285.0,1.2686,2.67105,93.2899,4.199839,,5332,-1.45275,0.92267,33.2712,3.7748568391372386
2286.0,1.27046,2.67143,93.3029,4.199839,,5334,-1.45461,0.9231,33.2866,3.7699973768891515
2287.0,1.26674,2.6718,93.316,4.199839,,5335,-1.45275,0.92353,33.302,3.830949227348383
2288.0,1.26674,2.67217,93.329,4.199839,,5336,-1.45461,0.92395,33.3175,3.842009739696906
2289.0,1.26302,2.67254,93.342,4.199839,,5337,-1.45461,0.92438,33.3329,3.7326333417816975
2290.0,1.26488,2.67292,93.355,4.199839,,5338,-1.45461,0.92481,33.3483,3.7848652233236417
2291.0,1.26488,2.67329,93.368,4.199839,,5339,-1.45275,0.92524,33.3639,3.702065810585921
2293.0,1.26674,2.67366,93.381,4.199839,,5340,-1.45275,0.92567,33.3793,3.708762353358205
2294.0,1.2593,2.67403,93.3938,4.199839,,5341,-1.45275,0.9261,33.3948,3.7899173291082064
2295.0,1.2593,2.67439,93.4065,4.199839,,5342,-1.45275,0.92653,33.4102,3.790154971646118
2296.0,1.25372,2.67476,93.4194,4.199839,,5343,-1.45461,0.92695,33.4256,3.81164386839706
2297.0,1.25558,2.67513,93.4324,4.199839,,5344,-1.45275,0.92738,33.4411,3.7115489816579386
2298.0,1.25558,2.6755,93.4453,4.199839,,5345,-1.45275,0.92781,33.4565,3.8005723547307873
2299.0,1.25558,2.67587,93.4582,4.199839,,5346,-1.45461,0.92824,33.4719,3.803758886914381
2300.0,1.2593,2.6762,93.4696,4.199839,,5347,-1.45275,0.92866,33.4874,3.707337720323479
2301.0,1.25372,2.67657,93.4825,4.199839,,5348,-1.45275,0.92909,33.5028,3.7051234918334104
2302.0,1.24814,2.67693,93.4954,4.199839,,5349,-1.45089,0.92952,33.5182,3.7631167146443953
2303.0,1.26488,2.6773,93.5082,4.199529,,5350,-1.45647,0.92995,33.5337,3.820031942557977
2304.0,1.24442,2.67767,93.521,4.199529,,5351,-1.45275,0.93032,33.5472,3.8062509301711933
2305.0,1.24442,2.67804,93.5339,4.200149,,5353,-1.45275,0.93075,33.5626,3.870079327197669
2306.0,1.25744,2.67841,93.5468,4.199529,,5354,-1.45275,0.93118,33.578,3.7410298842792105
2307.0,1.2593,2.67878,93.5597,4.199839,,5355,-1.45275,0.93161,33.5935,3.849829846338572
2308.0,1.23884,2.67915,93.5726,4.200149,,5356,-1.45275,0.93204,33.6092,3.710474047044361
2309.0,1.2407,2.6795,93.5851,4.199839,,5357,-1.45461,0.93247,33.6246,3.8126308632981916
2310.0,1.24442,2.67987,93.5978,4.200149,,5358,-1.45275,0.9329,33.6401,3.768957962368249
2311.0,1.25186,2.68024,93.6108,4.199839,,5359,-1.45089,0.93333,33.6555,3.756701114048759
2312.0,1.25558,2.68061,93.6236,4.199529,,5360,-1.45275,0.93376,33.6709,3.800276906828306
2314.0,1.23698,2.68097,93.6363,4.199839,,5361,-1.45275,0.93416,33.6853,3.8606606260496394
2315.0,1.2407,2.68134,93.6491,4.199529,,5362,-1.45461,0.93458,33.7008,3.866743909870387
2316.0,1.24814,2.6817,93.6617,4.199839,,5363,-1.45461,0.93502,33.7163,3.810515932087635
2317.0,1.2314,2.68202,93.6729,4.200149,,5364,-1.45275,0.93544,33.7318,3.7976897107359084
2318.0,1.23326,2.68238,93.6857,4.199839,,5365,-1.45461,0.93587,33.7472,3.769579870779195
2319.0,1.23884,2.68275,93.6984,4.199839,,5366,-1.45275,0.9363,33.7626,3.713061072717672
2320.0,1.23884,2.68311,93.7112,4.199529,,5367,-1.45275,0.93673,33.7781,3.7450718386664215
2321.0,1.24256,2.68348,93.7239,4.199839,,5368,-1.45275,0.93712,33.7922,3.729115371186314
2322.0,1.23698,2.68384,93.7366,4.199529,,5369,-1.45089,0.93755,33.8079,3.75983739446467
2323.0,1.22768,2.68421,93.7493,4.199839,,5370,-1.45461,0.93793,33.8214,3.73218368470385
2324.0,1.23884,2.68457,93.7622,4.200149,,5371,-1.45461,0.93836,33.8368,3.8132573792607523
2325.0,1.23698,2.68493,93.7746,4.199529,,5372,-1.45647,0.93878,33.8523,3.8372754954965353
2326.0,1.23326,2.68525,93.7856,4.200149,,5373,-1.45461,0.93921,33.8677,3.7300603246932647
2327.0,1.23326,2.68561,93.7984,4.199839,,5375,-1.45461,0.93964,33.8831,3.799504900611586
2328.0,1.22768,2.68597,93.811,4.199839,,5376,-1.45461,0.94007,33.8986,3.711269808374689
2329.0,1.22024,2.68633,93.8236,4.199839,,5377,-1.45275,0.9405,33.914,3.7004046946176583
2330.0,1.22768,2.6867,93.8363,4.199839,,5378,-1.45275,0.94092,33.9294,3.7807740823504203
2331.0,1.2314,2.68706,93.8489,4.199839,,5379,-1.45089,0.94135,33.9448,3.782164330374358
2332.0,1.21652,2.68742,93.8615,4.199839,,5380,-1.45275,0.94178,33.9603,3.770904731309731
2333.0,1.22396,2.68778,93.8741,4.199839,,5381,-1.45461,0.94221,33.9757,3.8086339246496927
2334.0,1.22954,2.68814,93.8867,4.199839,,5382,-1.45275,0.94263,33.9911,3.711630029850892
2336.0,1.21652,2.6885,93.8992,4.199839,,5383,-1.45089,0.94306,34.0065,3.8179336178678205
2337.0,1.20722,2.68886,93.9117,4.199529,,5384,-1.45275,0.94349,34.0219,3.7880835070462773
2338.0,1.21838,2.68922,93.9243,4.199839,,5385,-1.45461,0.94392,34.0374,3.6989122521216733
2339.0,1.2128,2.68957,93.9365,4.199529,,5386,-1.45647,0.94436,34.0534,3.8013019264167016
2340.0,1.22024,2.68992,93.9489,4.199839,,5387,-1.45275,0.94474,34.0669,3.7798727365415363
2341.0,1.21094,2.69028,93.9615,4.199839,,5388,-1.45647,0.94516,34.0823,3.7671586441089997
2342.0,1.21652,2.69064,93.974,4.199839,,5389,-1.45647,0.94559,34.0978,3.84611409327226
2343.0,1.2221,2.69096,93.9853,4.200149,,5390,-1.45275,0.94602,34.1132,3.693133203738089
2344.0,1.20722,2.69132,93.9978,4.199839,,5391,-1.45647,0.94645,34.1287,3.7720576897193068
2345.0,1.22396,2.69168,94.0103,4.200149,,5392,-1.45647,0.94688,34.1442,3.742876966235704
2346.0,1.21652,2.69203,94.0227,4.199839,,5393,-1.45461,0.94731,34.1595,3.712670792579146
2347.0,1.20722,2.69239,94.0351,4.199839,,5394,-1.45275,0.94768,34.1731,3.722774084983633
2348.0,1.21652,2.69275,94.0478,4.199839,,5396,-1.45461,0.94811,34.1885,3.737745744111969
2349.0,1.20164,2.69311,94.0602,4.199529,,5397,-1.45461,0.94854,34.2039,3.770168367888477
2350.0,1.20164,2.69346,94.0726,4.199839,,5398,-1.45461,0.94897,34.2194,3.7110551771632725
2351.0,1.22024,2.69382,94.0851,4.200149,,5399,-1.45275,0.94939,34.2348,3.809327675522272
2352.0,1.2128,2.69414,94.0963,4.199839,,5400,-1.45275,0.94982,34.2502,3.822013528814625
2353.0,1.21466,2.69451,94.1093,4.199839,,5401,-1.45461,0.95024,34.2655,3.734626544671279
2354.0,1.20536,2.69487,94.1217,4.200149,,5402,-1.45275,0.95066,34.2804,3.8223603512908495
2356.0,1.20908,2.69522,94.134,4.199529,,5403,-1.45275,0.95103,34.2939,3.7382762907316485
2357.0,1.20164,2.69558,94.1464,4.199839,,5404,-1.45275,0.95146,34.3093,3.728518010234603
2358.0,1.2035,2.69593,94.1587,4.199529,,5405,-1.45275,0.95189,34.3248,3.756906905230282
2359.0,1.19978,2.69628,94.1711,4.199839,,5406,-1.45275,0.95226,34.3383,3.768243991312588
2360.0,1.18862,2.69663,94.1833,4.199839,,5407,-1.45275,0.95278,34.357,3.723081397005013
2361.0,1.20164,2.69698,94.1956,4.199839,,5408,-1.45089,0.9532,34.3722,3.7825400095966053
2362.0,1.20536,2.69734,94.208,4.199839,,5409,-1.45461,0.95363,34.3877,3.8106918952776776
2363.0,1.19234,2.69769,94.2202,4.199839,,5410,-1.45275,0.95406,34.4031,3.7813256207244383
2364.0,1.19792,2.69804,94.2325,4.199529,,5411,-1.45461,0.95451,34.4192,3.735196763089167
2365.0,1.19978,2.69839,94.2448,4.199839,,5412,-1.45275,0.95491,34.4338,3.792439995318521
2366.0,1.18304,2.69874,94.257,4.199839,,5413,-1.45461,0.95529,34.4473,3.7008699509571983
2367.0,1.18862,2.69909,94.2692,4.200149,,5414,-1.45275,0.95572,34.4628,3.83385536403989
2368.0,1.19234,2.69944,94.2815,4.199839,,5415,-1.45275,0.95614,34.4782,3.7086751691638105
2369.0,1.1942,2.69979,94.2935,4.199839,,5416,-1.45089,0.95657,34.4936,3.707263425993214
2370.0,1.20164,2.7001,94.3045,4.199529,,5417,-1.45275,0.957,34.5091,3.68530561838817
2371.0,1.1942,2.70045,94.3167,4.199529,,5419,-1.45089,0.95743,34.5245,3.7782142202556703
2372.0,1.18676,2.7008,94.3289,4.199839,,5420,-1.45461,0.95785,34.5399,3.6612403506572044
2373.0,1.17746,2.70115,94.3411,4.199839,,5421,-1.45275,0.95828,34.5553,3.8612361892624105
2375.0,1.18304,2.7015,94.3533,4.200149,,5422,-1.45275,0.95871,34.5708,3.7581802284661414
2376.0,1.18862,2.70185,94.3655,4.199839,,5423,-1.45833,0.95914,34.5862,3.795940241124544
2377.0,1.17932,2.7022,94.3776,4.199529,,5424,-1.45275,0.95951,34.5997,3.832546110614912
2378.0,1.19048,2.70254,94.3898,4.199839,,5425,-1.45275,0.95993,34.6146,3.80201351659002
2379.0,1.18676,2.70289,94.4019,4.199839,,5426,-1.45089,0.96036,34.6302,3.7630405883445732
2380.0,1.1756,2.70324,94.4141,4.199839,,5427,-1.45461,0.96079,34.6456,3.7652667778162576
2381.0,1.1756,2.70359,94.4262,4.199839,,5428,-1.45275,0.96121,34.661,3.842771024515545
2382.0,1.17932,2.70393,94.4383,4.199839,,5429,-1.45089,0.96164,34.6765,3.71888685519436
2383.0,1.17932,2.70428,94.4504,4.199529,,5430,-1.45275,0.96207,34.6919,3.7135314279681277
2384.0,1.17746,2.70464,94.4631,4.199839,,5431,-1.45275,0.9625,34.7073,3.695455523553644
2385.0,1.17001,2.70496,94.4741,4.199839,,5432,-1.45461,0.96289,34.7216,3.6985778042449757
2386.0,1.17188,2.7053,94.4861,4.199839,,5433,-1.45275,0.96334,34.7378,3.824578720183532
2387.0,1.16815,2.70565,94.4982,4.200149,,5434,-1.45275,0.96377,34.7532,3.7449064786740904
2388.0,1.16071,2.70599,94.5102,4.199529,,5435,-1.45275,0.9642,34.7686,3.775924809210154
2389.0,1.1756,2.70633,94.5222,4.199839,,5436,-1.45461,0.9646,34.7832,3.8324367334209164
2390.0,1.15885,2.70668,94.5342,4.200149,,5437,-1.45275,0.96498,34.7967,3.6972555936154015
2391.0,1.16629,2.70702,94.5462,4.199529,,5438,-1.45089,0.9654,34.8121,3.812445589600347
2392.0,1.15885,2.70737,94.5582,4.200149,,5439,-1.45461,0.96583,34.8276,3.7267672752374317
2393.0,1.16815,2.70767,94.5687,4.199839,,5440,-1.45461,0.96626,34.843,3.831597537892214
2395.0,1.17374,2.70801,94.5807,4.199839,,5442,-1.45275,0.96669,34.8584,3.6806478230003155
2396.0,1.16257,2.70835,94.5926,4.199839,,5443,-1.45275,0.96711,34.8738,3.7159967493014245
2397.0,1.15699,2.70869,94.6045,4.200149,,5444,-1.45461,0.96754,34.8893,3.8158707077761176
2398.0,1.14955,2.70903,94.6165,4.199839,,5445,-1.45275,0.96797,34.9047,3.7407613653024465
2399.0,1.16257,2.70938,94.6284,4.199529,,5446,-1.45461,0.9684,34.9203,3.739946513724351
2400.0,1.15141,2.70973,94.6409,4.199529,,5447,-1.45275,0.96883,34.9357,3.7134137331406127
2401.0,1.15699,2.71008,94.6529,4.199839,,5448,-1.45275,0.96921,34.9494,3.7676049191892536
2402.0,1.15885,2.71042,94.6647,4.200149,,5449,-1.45461,0.96965,34.9652,3.749216983014975
2403.0,1.15699,2.71076,94.6766,4.200149,,5450,-1.45275,0.97003,34.9788,3.813732268820463
2404.0,1.16815,2.7111,94.6885,4.200149,,5451,-1.45275,0.97045,34.9942,3.7847001908388758
2405.0,1.15327,2.71143,94.7003,4.199839,,5452,-1.45275,0.97088,35.0096,3.71790775431064
2406.0,1.13653,2.71173,94.7107,4.199529,,5453,-1.45275,0.9713,35.0248,3.6489828760460217
2407.0,1.15327,2.71207,94.7225,4.199839,,5454,-1.45275,0.9717,35.0391,3.7531017172478465
2408.0,1.14583,2.71241,94.7343,4.199529,,5455,-1.45275,0.97212,35.0545,3.7329423178252474
2409.0,1.14955,2.71274,94.7461,4.199839,,5456,-1.45275,0.97255,35.0699,3.8182875969074437
2410.0,1.15141,2.71308,94.7579,4.199529,,5457,-1.45461,0.97298,35.0853,3.7486610145913626
2411.0,1.15141,2.71342,94.7697,4.199839,,5458,-1.45275,0.97341,35.1008,3.691253798250246
2412.0,1.14583,2.71376,94.7815,4.199529,,5459,-1.45275,0.97384,35.1162,3.7384735557233957
2414.0,1.14025,2.7141,94.7933,4.199839,,5460,-1.45461,0.97426,35.1316,3.741595288672723
2415.0,1.14397,2.71444,94.8054,4.199529,,5461,-1.45275,0.97469,35.1471,3.7844684207918657
2416.0,1.14769,2.71477,94.8168,4.200149,,5462,-1.45275,0.97512,35.1625,3.7275432163467643
2417.0,1.13653,2.71506,94.8271,4.199529,,5463,-1.45275,0.97554,35.1778,3.725017661195585
2418.0,1.14211,2.7154,94.8388,4.199839,,5464,-1.45461,0.97594,35.1922,3.870936653923972
2419.0,1.13281,2.71574,94.8506,4.199839,,5466,-1.45275,0.97639,35.2085,3.719019789867788
2420.0,1.13653,2.71607,94.8622,4.199839,,5467,-1.45461,0.97677,35.222,3.75365408792205
2421.0,1.14211,2.71636,94.8725,4.199839,,5468,-1.45461,0.9772,35.2374,3.779727469450375
2422.0,1.13467,2.7167,94.8842,4.199839,,5469,-1.45275,0.97763,35.2529,3.7133596220731526
2423.0,1.14955,2.71703,94.8958,4.200149,,5470,-1.45461,0.97805,35.2683,3.7697511460467865
2424.0,1.13839,2.71737,94.9075,4.199839,,5471,-1.45089,0.97848,35.2837,3.749949766000152
2425.0,1.12909,2.7177,94.9192,4.199839,,5472,-1.45089,0.97891,35.2991,3.71993191274625
2426.0,1.12537,2.71803,94.9308,4.199839,,5473,-1.45275,0.97934,35.3146,3.7572432373796243
2427.0,1.12165,2.71837,94.9425,4.199529,,5474,-1.45275,0.97973,35.3288,3.7660436497190766
2428.0,1.14025,2.7187,94.9541,4.199839,,5475,-1.45275,0.98016,35.3443,3.8446464710008303
2429.0,1.11979,2.71908,94.9672,4.199839,,5476,-1.45275,0.98059,35.3597,3.7685359792826962
2430.0,1.12909,2.71938,94.9778,4.199839,,5477,-1.45461,0.98102,35.3751,3.7433262321796126
2431.0,1.13095,2.71971,94.9894,4.199839,,5478,-1.45461,0.98144,35.3904,3.6994465320753918
2432.0,1.12909,2.72004,95.001,4.199839,,5479,-1.45275,0.98181,35.4039,3.6673840639289548
2433.0,1.13095,2.72038,95.0126,4.200149,,5480,-1.45647,0.98224,35.4193,3.7190132577958925
2434.0,1.12351,2.72071,95.0243,4.199839,,5481,-1.44903,0.98267,35.4348,3.7365031824121546
2436.0,1.12537,2.72104,95.0358,4.199839,,5482,-1.45275,0.9831,35.4502,3.7282263617318345
2437.0,1.12723,2.72137,95.0474,4.199839,,5483,-1.45461,0.9835,35.4648,3.781979942811567
2438.0,1.12351,2.7217,95.0589,4.199839,,5484,-1.45275,0.98393,35.4801,3.760570374802746
2439.0,1.12165,2.72199,95.069,4.199839,,5485,-1.45089,0.98435,35.4953,3.6546893937192513
2440.0,1.10491,2.72232,95.0805,4.199839,,5486,-1.45275,0.98478,35.5109,3.731680551988647
2441.0,1.12351,2.72265,95.092,4.199839,,5487,-1.45461,0.98516,35.5245,3.8182296050332503
2442.0,1.11049,2.72298,95.1035,4.200149,,5488,-1.45275,0.98559,35.54,3.7966123092186774
2443.0,1.11979,2.72331,95.1149,4.199839,,5489,-1.45275,0.98601,35.5553,3.612877367687052
2444.0,1.10863,2.72363,95.1264,4.199839,,5490,-1.45275,0.98642,35.57,3.7449164955832157
2445.0,1.10305,2.72397,95.1381,4.200149,,5491,-1.45647,0.98681,35.5841,3.66377306759281
2446.0,1.10491,2.72427,95.1487,4.199839,,5492,-1.45275,0.98724,35.5996,3.704656322973142
2447.0,1.11421,2.7246,95.1601,4.200149,,5493,-1.45275,0.98767,35.615,3.7951607315766442
2448.0,1.11607,2.72493,95.1715,4.200149,,5494,-1.45275,0.9881,35.6304,3.6846698730212926
2449.0,1.10305,2.72525,95.1829,4.200149,,5496,-1.45275,0.98852,35.6459,3.7399736966538963
2450.0,1.11049,2.72558,95.1944,4.200149,,5497,-1.45275,0.98895,35.6613,3.787101871323691
2451.0,1.10305,2.72591,95.2057,4.200149,,5498,-1.45461,0.98938,35.6767,3.719316311913077
2452.0,1.10305,2.72623,95.2171,4.199839,,5499,-1.45275,0.98981,35.6921,3.8445268517905076
2453.0,1.10677,2.72656,95.2285,4.199529,,5500,-1.45461,0.99024,35.7076,3.808610224089214
2454.0,1.09561,2.72688,95.2398,4.199839,,5501,-1.45461,0.99061,35.7211,3.8495056706710833
2456.0,1.10677,2.72721,95.2511,4.199839,,5502,-1.45275,0.99104,35.7365,3.67921263227981
2457.0,1.10305,2.72753,95.2625,4.199839,,5503,-1.45275,0.99147,35.752,3.755388126830631
2458.0,1.09375,2.72786,95.2738,4.199529,,5504,-1.45461,0.99189,35.7674,3.7202657979462477
2459.0,1.09747,2.72818,95.2853,4.199839,,5505,-1.45275,0.99232,35.7828,3.762057089009984
2460.0,1.10305,2.72848,95.2957,4.199839,,5506,-1.45275,0.99275,35.7982,3.7614262247128636
2461.0,1.09375,2.7288,95.3069,4.199529,,5507,-1.45275,0.99318,35.8137,3.7159163175394947
2462.0,1.09003,2.72913,95.3182,4.199839,,5508,-1.45461,0.99361,35.8291,3.694136697099591
2463.0,1.09375,2.72945,95.3295,4.199839,,5509,-1.45275,0.99403,35.8445,3.8199860272053026
2464.0,1.08259,2.72977,95.3407,4.199839,,5510,-1.45275,0.99446,35.86,3.7320946317649057
2465.0,1.09933,2.73009,95.352,4.199839,,5511,-1.45275,0.99489,35.8754,3.7459298428464174
2466.0,1.09003,2.73042,95.3633,4.199839,,5512,-1.45275,0.99532,35.8909,3.66653661578238
2467.0,1.09189,2.7307,95.3731,4.199529,,5513,-1.45275,0.99575,35.9063,3.7024646198795312
2468.0,1.09003,2.73102,95.3843,4.199839,,5514,-1.45461,0.99612,35.9197,3.7624173748324274
2469.0,1.08631,2.73134,95.3955,4.200149,,5515,-1.45275,0.99657,35.9358,3.7733778135897453
2470.0,1.09375,2.73166,95.4067,4.199839,,5517,-1.45275,0.99699,35.9513,3.7784798342225976
2471.0,1.08073,2.73198,95.418,4.199839,,5518,-1.45275,0.99742,35.9667,3.7189299761711845
2472.0,1.09003,2.7323,95.4291,4.199839,,5519,-1.45275,0.99785,35.9821,3.737327776094617
2473.0,1.09003,2.73263,95.4404,4.199839,,5520,-1.45275,0.99828,35.9975,3.701872227155574
2474.0,1.07329,2.73295,95.4518,4.200149,,5521,-1.45275,0.9987,36.013,3.783631464146263
2475.0,1.08631,2.73326,95.4626,4.199839,,5522,-1.45461,0.99913,36.0284,3.677074774076508
2476.0,1.07515,2.73354,95.4724,4.199839,,5523,-1.45461,0.99957,36.0441,3.801319745453696
2477.0,1.08073,2.73386,95.4835,4.200149,,5524,-1.45275,0.99998,36.0589,3.684564188591168
2478.0,1.08631,2.73418,95.4946,4.200149,,5525,-1.45461,1.00041,36.0744,3.721003468613351
2480.0,1.07329,2.7345,95.5058,4.199839,,5526,-1.45275,1.00084,36.0898,3.696196211294408
2481.0,1.08445,2.73481,95.5169,4.199839,,5527,-1.45461,1.00126,36.1052,3.6885918482834574
2482.0,1.07887,2.73513,95.528,4.199529,,5528,-1.45275,1.00169,36.1207,3.734121462591759
2483.0,1.08445,2.73545,95.539,4.199839,,5529,-1.45275,1.00212,36.1361,3.737204557845989
2484.0,1.07515,2.73577,95.5501,4.199529,,5530,-1.45461,1.00255,36.1515,3.772882180228062
2485.0,1.07329,2.73604,95.5598,4.199529,,5531,-1.45275,1.00297,36.1668,3.7176073621835553
2486.0,1.08073,2.73636,95.5709,4.199839,,5532,-1.45461,1.0034,36.1822,3.688386890807977
2487.0,1.07515,2.73668,95.582,4.200149,,5533,-1.45275,1.00383,36.1977,3.7925702275342648
2488.0,1.07887,2.73699,95.593,4.199839,,5535,-1.45275,1.00425,36.2131,3.764282988600169
2489.0,1.07887,2.73731,95.604,4.199839,,5536,-1.45461,1.00472,36.2298,3.7231898087847863
2490.0,1.07143,2.73762,95.6147,4.200149,,5537,-1.45275,1.00515,36.2453,3.6672245215286856
2491.0,1.06213,2.73793,95.6257,4.199839,,5538,-1.45275,1.00557,36.2605,3.724917053908304
2492.0,1.07515,2.73824,95.6367,4.199839,,5539,-1.45461,1.006,36.276,3.785200619533882
2493.0,1.07329,2.73856,95.6476,4.199529,,5540,-1.45275,1.00637,36.2895,3.784510952601982
2494.0,1.05469,2.73887,95.6586,4.199839,,5541,-1.45461,1.0068,36.3049,3.7418154837444804
2495.0,1.06585,2.73919,95.6695,4.199839,,5542,-1.45461,1.00723,36.3204,3.7225435779833136
2496.0,1.06213,2.7395,95.6805,4.199839,,5543,-1.45275,1.00766,36.3358,3.7250848528504132
2497.0,1.06213,2.73977,95.6901,4.199839,,5544,-1.45275,1.00809,36.3512,3.844529653681416
2498.0,1.06585,2.74009,95.701,4.199839,,5545,-1.45461,1.00851,36.3667,3.709556351970692
2499.0,1.06771,2.7404,95.7119,4.199839,,5546,-1.45275,1.00894,36.3821,3.7819019483734775
2500.0,1.06399,2.74071,95.7228,4.199839,,5547,-1.45275,1.00937,36.3975,3.8192343441385583
2502.0,1.06213,2.74102,95.7338,4.199839,,5548,-1.45275,1.0098,36.4129,3.620965945864144
2503.0,1.05655,2.74134,95.7447,4.199839,,5549,-1.45461,1.01022,36.4284,3.7613272906374418
2504.0,1.05283,2.74165,95.7555,4.199839,,5550,-1.45275,1.01065,36.4438,3.7093517404263388
2505.0,1.05841,2.74197,95.7667,4.200149,,5551,-1.45275,1.01108,36.4592,3.6718148180435115
2506.0,1.05097,2.74224,95.7762,4.199839,,5553,-1.45275,1.01155,36.4763,3.723010074177901
2507.0,1.04353,2.74255,95.787,4.199839,,5554,-1.45275,1.01197,36.4914,3.7874276807362524
2508.0,1.05655,2.74286,95.7978,4.199529,,5555,-1.45461,1.01238,36.506,3.7859133484047334
2509.0,1.05097,2.74317,95.8087,4.199529,,5556,-1.45275,1.01279,36.5208,3.8204936901029773
2510.0,1.04911,2.74348,95.8195,4.200149,,5557,-1.45275,1.01322,36.5362,3.7188075669048843
2511.0,1.04725,2.74379,95.8303,4.199839,,5558,-1.45275,1.01364,36.5517,3.7666981716344865
2512.0,1.04725,2.74406,95.8397,4.199529,,5559,-1.45461,1.01407,36.5669,3.7426053853928987
2513.0,1.05283,2.74437,95.8505,4.199839,,5560,-1.45275,1.01444,36.5805,3.7127543946690613
2514.0,1.05097,2.74468,95.8613,4.199839,,5561,-1.45275,1.01487,36.5959,3.7879286651131316
2515.0,1.03981,2.74499,95.8722,4.199839,,5562,-1.45275,1.0153,36.6113,3.7632024699013025
2516.0,1.04353,2.74529,95.8828,4.200149,,5563,-1.45275,1.01574,36.6272,3.713649473026539
2517.0,1.04911,2.74556,95.8922,4.199529,,5564,-1.45275,1.01616,36.6425,3.797549879744786
2518.0,1.04911,2.74587,95.903,4.199839,,5565,-1.45089,1.01659,36.6579,3.6983417877736264
2519.0,1.04725,2.74618,95.9137,4.199839,,5566,-1.45461,1.01702,36.6734,3.7105734245827096
2520.0,1.03981,2.74649,95.9247,4.199839,,5567,-1.45275,1.01745,36.6888,3.6152509451203647
2521.0,1.03609,2.74676,95.934,4.199839,,5568,-1.45275,1.01787,36.7042,3.7852928250750506
2522.0,1.03423,2.74706,95.9447,4.199839,,5569,-1.45461,1.0183,36.7196,3.8243263967246985
2523.0,1.03423,2.74737,95.9553,4.199839,,5570,-1.45275,1.01873,36.7351,3.6961993958777852
2524.0,1.03423,2.74767,95.966,4.200149,,5571,-1.45461,1.01916,36.7505,3.7461115473583924
2525.0,1.03981,2.74798,95.9766,4.199839,,5573,-1.45275,1.01959,36.7659,3.7116702773414185
2527.0,1.03795,2.74828,95.9873,4.199839,,5574,-1.45275,1.02001,36.7814,3.7878122743332554
2528.0,1.03423,2.74859,95.9979,4.199529,,5575,-1.45275,1.02044,36.7968,3.7326205797340775
2529.0,1.03609,2.7489,96.0087,4.199839,,5576,-1.45275,1.02083,36.8109,3.698177174187153
2530.0,1.03423,2.7492,96.0193,4.199839,,5577,-1.45275,1.02124,36.8257,3.713567342162409
2531.0,1.03237,2.7495,96.0299,4.199839,,5578,-1.45089,1.02167,36.8412,3.6834237519007775
2532.0,1.03237,2.74981,96.0405,4.199839,,5579,-1.45461,1.0221,36.8566,3.754558487478841
2533.0,1.03051,2.75011,96.0511,4.199839,,5580,-1.45275,1.02253,36.872,3.7746052342819927
2534.0,1.02121,2.75041,96.0616,4.199839,,5581,-1.45275,1.02296,36.8875,3.7843255014318227
2535.0,1.02865,2.75068,96.0711,4.199839,,5582,-1.45461,1.02338,36.9029,3.672473330047139
2536.0,1.02121,2.751,96.0822,4.199839,,5583,-1.45275,1.02381,36.9183,3.7333639131486405
2537.0,1.02679,2.7513,96.0927,4.199839,,5584,-1.45275,1.02424,36.9338,3.717278646803582
2538.0,1.02307,2.7516,96.1032,4.199839,,5585,-1.45275,1.02467,36.9492,3.7482057479857405
2539.0,1.02679,2.7519,96.1137,4.199529,,5586,-1.45275,1.02513,36.9658,3.76199662698471
2540.0,1.01749,2.75217,96.123,4.199839,,5587,-1.45461,1.02555,36.9811,3.8012761454857515
2541.0,1.01563,2.75247,96.1334,4.199839,,5588,-1.45275,1.02593,36.9948,3.640309685528429
2542.0,1.02121,2.75277,96.1439,4.199839,,5589,-1.45275,1.02636,37.0102,3.6724334690035523
2543.0,1.02307,2.75307,96.1544,4.199839,,5590,-1.45275,1.02679,37.0256,3.6638388037304166
2544.0,1.01376,2.75337,96.1648,4.199839,,5591,-1.45275,1.02722,37.041,3.7458492571610122
2545.0,1.01563,2.75367,96.1753,4.199839,,5593,-1.45275,1.02764,37.0565,3.7435590471487816
2546.0,1.01004,2.75397,96.1859,4.199839,,5594,-1.45275,1.02807,37.0719,3.786218670784053
2547.0,1.00818,2.75427,96.1963,4.199529,,5595,-1.45275,1.0285,37.0873,3.8523864898082145
2549.0,1.0119,2.75457,96.2067,4.199839,,5596,-1.45833,1.02891,37.1023,3.6985204054233924
2550.0,1.01004,2.75482,96.2158,4.199839,,5597,-1.45275,1.02932,37.1169,3.7525847742340437
2551.0,1.01004,2.75512,96.226,4.199839,,5598,-1.45275,1.02975,37.1323,3.6920697883814033
2552.0,1.00818,2.75541,96.2364,4.199529,,5599,-1.45089,1.03017,37.1477,3.7309588794860824
2553.0,1.0119,2.75571,96.2468,4.199839,,5600,-1.45647,1.0306,37.1632,3.722506539605328
2554.0,1.00632,2.75601,96.2571,4.199839,,5601,-1.45089,1.03103,37.1786,3.758983179876457
2555.0,1.01004,2.75631,96.2675,4.199839,,5602,-1.45461,1.03146,37.194,3.7524143348308265
2556.0,1.00818,2.7566,96.2778,4.199839,,5603,-1.45275,1.03189,37.2094,3.667236967081038
2557.0,1.0026,2.75689,96.2881,4.199839,,5604,-1.45089,1.03231,37.2249,3.714226487322642
2558.0,1.00074,2.75715,96.2971,4.199839,,5605,-1.45275,1.03274,37.2403,3.717152853257721
2559.0,0.99888,2.75745,96.3075,4.199839,,5606,-1.44903,1.03317,37.2557,3.6900465094301493
2560.0,1.0026,2.75775,96.3179,4.199839,,5607,-1.45089,1.0336,37.2711,3.7861255981477027
2561.0,0.99702,2.75804,96.3282,4.199839,,5608,-1.45275,1.03402,37.2866,3.7133058980693656
2562.0,1.00074,2.75834,96.3385,4.199839,,5609,-1.45089,1.03445,37.302,3.7440432106757764
2563.0,0.99702,2.75863,96.3487,4.199839,,5610,-1.45461,1.03488,37.3174,3.7218524345340556
2564.0,0.99702,2.75893,96.359,4.199839,,5611,-1.45275,1.0353,37.3327,3.696626549102451
2565.0,0.99516,2.75921,96.369,4.200149,,5612,-1.45275,1.03569,37.3465,3.817765742700949
2566.0,0.99702,2.75947,96.3781,4.200149,,5614,-1.45089,1.03612,37.362,3.7902345465908884
2567.0,0.99888,2.75977,96.3883,4.199839,,5615,-1.45089,1.03654,37.3774,3.696339843419747
2568.0,0.99144,2.76006,96.3985,4.199839,,5616,-1.45461,1.03697,37.3929,3.720089946655769
2569.0,0.99888,2.76035,96.4087,4.199839,,5617,-1.45275,1.0374,37.4083,3.7521310740633345
2570.0,0.99516,2.76064,96.4189,4.199529,,5618,-1.45089,1.03784,37.4243,3.6976572486716686
2571.0,0.98958,2.76093,96.4291,4.199839,,5619,-1.45461,1.03825,37.439,3.6760609433370663
2572.0,0.98586,2.76122,96.4393,4.199529,,5620,-1.45461,1.03868,37.4544,3.7287683087530126
2574.0,0.984,2.76152,96.4495,4.199839,,5621,-1.45089,1.03905,37.468,3.7139490610819657
2575.0,0.98958,2.76178,96.4587,4.199839,,5622,-1.45275,1.03948,37.4834,3.823984128917851
2576.0,0.984,2.76207,96.4688,4.199839,,5623,-1.45275,1.03991,37.4988,3.7034988413693153
2577.0,0.984,2.76236,96.479,4.199839,,5624,-1.45275,1.04034,37.5142,3.6268321004419897
2578.0,0.98586,2.76265,96.4891,4.199839,,5625,-1.45461,1.04077,37.5297,3.6631394781813444
2579.0,0.984,2.76294,96.4992,4.199839,,5626,-1.45275,1.04119,37.5451,3.7091762178722347
2580.0,0.98028,2.76321,96.5086,4.199529,,5627,-1.45461,1.04162,37.5605,3.746034918522195
2581.0,0.98586,2.76351,96.5191,4.199839,,5628,-1.45275,1.04205,37.576,3.801627264321726
2582.0,0.97842,2.76376,96.5279,4.199839,,5629,-1.45275,1.04248,37.5914,3.741549857438693
2583.0,0.97656,2.76405,96.538,4.199839,,5630,-1.45275,1.04291,37.6068,3.7508635791707143
2584.0,0.97842,2.76434,96.5481,4.199839,,5631,-1.45275,1.04333,37.6223,3.7082230649819534
2585.0,0.97284,2.76463,96.5581,4.199839,,5632,-1.45461,1.04376,37.6377,3.809205693005425
2586.0,0.98214,2.76491,96.5682,4.199839,,5633,-1.45461,1.04416,37.6521,3.7073806325904486
2587.0,0.97656,2.7652,96.5782,4.200149,,5634,-1.45461,1.04459,37.6676,3.7961568914305013
2588.0,0.97284,2.76549,96.5882,4.199839,,5636,-1.45275,1.04502,37.683,3.697573462213668
2589.0,0.9654,2.76577,96.5982,4.200149,,5637,-1.45461,1.04545,37.6984,3.7919219780559468
2590.0,0.96726,2.76606,96.6081,4.199839,,5638,-1.45275,1.04582,37.7121,3.759955975979413
2591.0,0.97098,2.76634,96.6181,4.199839,,5639,-1.45275,1.04625,37.7274,3.695001544197031
2592.0,0.96726,2.76663,96.6281,4.199529,,5640,-1.45275,1.04668,37.7428,3.6620903298423437
2593.0,0.96726,2.76691,96.6377,4.199839,,5641,-1.45461,1.0471,37.7582,3.642602315780811
2594.0,0.96726,2.76719,96.6477,4.199839,,5642,-1.45461,1.04753,37.7737,3.6643562933296057
2596.0,0.96354,2.76748,96.6577,4.199839,,5643,-1.45275,1.04796,37.7891,3.72793605802648
2597.0,0.96168,2.76776,96.6676,4.199839,,5644,-1.45461,1.04839,37.8045,3.779269106060057
2598.0,0.96726,2.76805,96.6776,4.199839,,5645,-1.45275,1.04882,37.82,3.747358726595909
2599.0,0.9654,2.76833,96.6875,4.199839,,5646,-1.45275,1.04924,37.8351,3.7543873259641325
2600.0,0.9561,2.76861,96.6973,4.199529,,5647,-1.45275,1.04964,37.8495,3.66113805058372
2601.0,0.96726,2.7689,96.7072,4.199839,,5648,-1.45461,1.05006,37.8648,3.7655982524785867
2602.0,0.95982,2.76918,96.7171,4.199839,,5649,-1.45275,1.05049,37.8802,3.7804925709190824
2603.0,0.95796,2.76943,96.7258,4.199839,,5650,-1.45275,1.05091,37.8956,3.6981053584683985
2604.0,0.95982,2.76971,96.7357,4.199839,,5651,-1.45275,1.05134,37.9111,3.749985213980426
2605.0,0.95982,2.76999,96.7455,4.199839,,5652,-1.45275,1.05177,37.9265,3.6253652841969553
2606.0,0.9561,2.77027,96.7553,4.199839,,5653,-1.45275,1.0522,37.9419,3.6068540834159752
2607.0,0.95982,2.77056,96.7652,4.199839,,5654,-1.45275,1.05265,37.9581,3.7114789598779865
2608.0,0.95796,2.77084,96.775,4.199839,,5655,-1.45461,1.05306,37.9731,3.763823180066124
2609.0,0.95982,2.77112,96.7848,4.199839,,5656,-1.45275,1.05349,37.9885,3.650928256741899
2610.0,0.95424,2.77141,96.7952,4.199839,,5658,-1.45275,1.05389,38.0028,3.7517692362453734
2611.0,0.95424,2.77166,96.8038,4.199839,,5659,-1.45461,1.05434,38.0191,3.6677523881361376
2612.0,0.95424,2.77194,96.8136,4.199839,,5660,-1.45275,1.05471,38.0326,3.6843665070892433
2613.0,0.94866,2.77222,96.8234,4.199839,,5661,-1.45461,1.05514,38.048,3.642725415911013
2614.0,0.94494,2.7725,96.8331,4.199839,,5662,-1.45089,1.05557,38.0635,3.7129434676145423
2616.0,0.94866,2.77278,96.8429,4.199839,,5663,-1.45275,1.056,38.0789,3.780472683111067
2617.0,0.94122,2.77306,96.8526,4.199839,,5664,-1.45089,1.05642,38.0943,3.844767495668379
2618.0,0.94308,2.77334,96.8623,4.199839,,5665,-1.45275,1.05685,38.1097,3.6596176201051387
2619.0,0.94308,2.77362,96.8721,4.199839,,5666,-1.45461,1.0573,38.1257,3.820203461713378
2620.0,0.94308,2.77389,96.8818,4.199839,,5667,-1.45275,1.05769,38.14,3.7035772709472576
2621.0,0.94308,2.77417,96.8915,4.199839,,5668,-1.45461,1.05812,38.1554,3.7226876288458803
2622.0,0.94122,2.77445,96.9012,4.199839,,5669,-1.45461,1.05855,38.1709,3.6989083410225114
2623.0,0.94122,2.77473,96.9108,4.199839,,5670,-1.45461,1.05898,38.1864,3.7238848891889487
2624.0,0.93378,2.775,96.9205,4.199839,,5671,-1.45275,1.0594,38.2017,3.7093737464080148
2625.0,0.94122,2.77527,96.9298,4.199839,,5672,-1.45275,1.05978,38.2153,3.7086221908326413
2626.0,0.94122,2.77556,96.9399,4.199839,,5673,-1.45275,1.06021,38.2307,3.7063086187102927
2627.0,0.93378,2.7758,96.9484,4.199839,,5674,-1.45461,1.06063,38.2461,3.7742914952680584
2628.0,0.93936,2.77608,96.958,4.199529,,5675,-1.45275,1.06106,38.2616,3.7287600163283385
2629.0,0.93564,2.77635,96.9676,4.199839,,5676,-1.45275,1.06149,38.2768,3.7360156211598294
2630.0,0.93378,2.77663,96.9772,4.199529,,5677,-1.45461,1.06191,38.2923,3.7280783633560874
2631.0,0.92634,2.7769,96.9869,4.199839,,5678,-1.45275,1.06235,38.3078,3.579689998361071
2632.0,0.93564,2.77718,96.9965,4.199839,,5679,-1.45275,1.06275,38.3224,3.73927115190316
2633.0,0.93006,2.77745,97.0061,4.199839,,5680,-1.45089,1.06313,38.3359,3.7008186713126254
2634.0,0.93192,2.77773,97.0156,4.199839,,5682,-1.45275,1.06359,38.3525,3.7012896040151553
2635.0,0.93006,2.778,97.0252,4.199839,,5683,-1.45275,1.064,38.3675,3.7253458377813398
2637.0,0.9282,2.77827,97.0347,4.199839,,5684,-1.45089,1.06442,38.3828,3.748131022863395
2638.0,0.9282,2.77855,97.0443,4.199839,,5685,-1.45275,1.0648,38.3964,3.646036528068679
2639.0,0.9282,2.77882,97.0538,4.199839,,5686,-1.45275,1.06523,38.4118,3.6534044748809293
2640.0,0.92262,2.77909,97.0633,4.199839,,5687,-1.45275,1.06563,38.4263,3.8320704044297638
2641.0,0.92262,2.77933,97.0718,4.199839,,5688,-1.45275,1.06607,38.4421,3.794608940388193
2642.0,0.92076,2.77961,97.0813,4.199839,,5689,-1.45275,1.0665,38.4575,3.7598183191818384
2643.0,0.9189,2.77988,97.0908,4.199839,,5690,-1.45461,1.06692,38.4729,3.677625353617042
2644.0,0.92448,2.78015,97.1003,4.199839,,5691,-1.45461,1.06735,38.4883,3.680132003976412
2645.0,0.9189,2.78042,97.1098,4.199839,,5692,-1.45275,1.06778,38.5038,3.8095070547821406
2646.0,0.91332,2.78069,97.1192,4.199839,,5693,-1.45089,1.06821,38.5192,3.695391239727923
2647.0,0.92076,2.78096,97.1287,4.199839,,5694,-1.45275,1.06863,38.5346,3.8168775681723925
2648.0,0.9189,2.78123,97.1381,4.199839,,5695,-1.45275,1.06906,38.5501,3.703107543074138
2649.0,0.91146,2.7815,97.1475,4.199839,,5696,-1.45461,1.06949,38.5655,3.799050154428903
2650.0,0.91518,2.78177,97.1569,4.199839,,5697,-1.45461,1.06992,38.5809,3.644121316520558
2651.0,0.91332,2.78204,97.1663,4.199839,,5698,-1.45461,1.07034,38.5962,3.7051025710718677
2652.0,0.92076,2.78231,97.1757,4.199839,,5699,-1.45461,1.07072,38.6097,3.81714069186533
2653.0,0.91332,2.78258,97.1851,4.199839,,5700,-1.45461,1.07115,38.6252,3.6801425051278733
2654.0,0.9096,2.78285,97.1945,4.199839,,5701,-1.45275,1.07157,38.6406,3.7371549433817286
2655.0,0.91146,2.78309,97.2029,4.199839,,5702,-1.45275,1.072,38.656,3.754817001211539
2656.0,0.90774,2.78334,97.2117,4.199839,,5703,-1.45275,1.07243,38.6715,3.7371490176110296
2658.0,0.90774,2.78361,97.221,4.199839,,5704,-1.45275,1.07286,38.6869,3.658616384157427
2659.0,0.90402,2.78387,97.2303,4.199839,,5706,-1.45275,1.07329,38.7023,3.62751030340482
2660.0,0.90216,2.78414,97.2396,4.199839,,5707,-1.45275,1.07371,38.7177,3.6932630089932528
2661.0,0.90402,2.78441,97.2489,4.199839,,5708,-1.45275,1.07414,38.7332,3.8445057341330036
2662.0,0.90402,2.78467,97.2582,4.200149,,5709,-1.45275,1.07457,38.7486,3.7511699244910575
2663.0,0.90402,2.78494,97.2675,4.199839,,5710,-1.45275,1.07499,38.7639,3.7518708604100737
2664.0,0.90216,2.7852,97.2768,4.199839,,5711,-1.45275,1.0754,38.7784,3.7558888382586253
2665.0,0.90216,2.78547,97.286,4.199839,,5712,-1.45275,1.07577,38.792,3.72590459767024
2666.0,0.89844,2.78573,97.2953,4.199839,,5713,-1.45275,1.07621,38.8078,3.8608662391039634
2667.0,0.9003,2.786,97.3045,4.199839,,5714,-1.45275,1.07664,38.8231,3.6735303980781713
2668.0,0.89472,2.78626,97.3138,4.199839,,5715,-1.45275,1.07706,38.8385,3.795581584210675
2669.0,0.89844,2.78653,97.323,4.199839,,5716,-1.45089,1.07749,38.854,3.685720691179163
2670.0,0.89658,2.78679,97.3323,4.199839,,5717,-1.45275,1.07792,38.8694,3.7665065214046813
2671.0,0.89472,2.78704,97.3409,4.199839,,5718,-1.45275,1.07829,38.8829,3.7049833234878915
2672.0,0.89472,2.7873,97.3501,4.199529,,5719,-1.45275,1.07873,38.8988,3.684893974500057
2673.0,0.891,2.78757,97.3593,4.199839,,5720,-1.45461,1.07913,38.9131,3.6797231950922473
2674.0,0.891,2.78783,97.3684,4.199839,,5721,-1.45275,1.07956,38.9285,3.7418383653798424
2675.0,0.891,2.78809,97.3776,4.199839,,5722,-1.45275,1.07999,38.944,3.7381980455356256
2676.0,0.891,2.78835,97.3868,4.199839,,5723,-1.45275,1.08041,38.9594,3.733639440308255
2678.0,0.88542,2.78862,97.396,4.199839,,5724,-1.45461,1.08084,38.9748,3.758433574065693
2679.0,0.88914,2.78888,97.4051,4.199839,,5725,-1.45275,1.08127,38.9901,3.7661537378197676
2680.0,0.891,2.78914,97.4142,4.199839,,5726,-1.45089,1.0817,39.0058,3.704795678150022
2681.0,0.8817,2.7894,97.4232,4.199529,,5727,-1.45089,1.08212,39.0209,3.678664483075192
2682.0,0.8817,2.78966,97.4323,4.199839,,5728,-1.45275,1.08255,39.0364,3.5883441890416696
2683.0,0.8817,2.78988,97.4403,4.199839,,5730,-1.45089,1.08298,39.0518,3.7645385639253335
2684.0,0.88356,2.79014,97.4494,4.199839,,5731,-1.45275,1.08341,39.0672,3.603008213528097
2685.0,0.8817,2.7904,97.4584,4.199839,,5732,-1.44903,1.08383,39.0827,3.8089776742175494
2686.0,0.88356,2.79066,97.4674,4.199839,,5733,-1.45089,1.08426,39.0981,3.744778114425741
2687.0,0.87984,2.79094,97.477,4.199839,,5734,-1.45461,1.08469,39.1135,3.6698071046633185
2688.0,0.88356,2.7912,97.4861,4.199839,,5735,-1.45275,1.08512,39.129,3.7665517179545667
2689.0,0.87798,2.79142,97.494,4.199839,,5736,-1.45461,1.08555,39.1444,3.71935050698911
2690.0,0.8724,2.79168,97.503,4.199839,,5737,-1.45089,1.08597,39.1598,3.8015083523132405
2691.0,0.87798,2.79194,97.512,4.199839,,5738,-1.45461,1.0864,39.1753,3.761431343825933
2692.0,0.87612,2.79219,97.5209,4.199839,,5739,-1.45275,1.08683,39.1907,3.6818065698801097
2693.0,0.8724,2.79245,97.5299,4.199839,,5740,-1.45461,1.08726,39.2061,3.7305699185456946
2694.0,0.87426,2.79271,97.5389,4.199839,,5741,-1.45461,1.08768,39.2215,3.6685476684152842
2695.0,0.87054,2.79296,97.5479,4.199839,,5742,-1.45647,1.08811,39.237,3.804177301979968
2696.0,0.86868,2.79322,97.5568,4.199839,,5743,-1.45275,1.08852,39.2518,3.66363355377519
2698.0,0.8724,2.79348,97.5658,4.199839,,5744,-1.45275,1.0889,39.2654,3.6766533963615826
2699.0,0.86682,2.79373,97.5747,4.199839,,5745,-1.45461,1.08933,39.2808,3.700473851147947
2700.0,0.8724,2.79399,97.5837,4.199839,,5746,-1.45089,1.08976,39.2962,3.7164296527723244
2701.0,0.8724,2.79422,97.5919,4.199839,,5747,-1.44903,1.09018,39.3117,3.6803504215207914
2702.0,0.86682,2.79448,97.6007,4.199839,,5749,-1.45089,1.09061,39.3271,3.674420776408427
2703.0,0.86682,2.79473,97.6096,4.199839,,5750,-1.45461,1.09104,39.3425,3.701769011646837
2704.0,0.87054,2.79499,97.6186,4.199839,,5751,-1.45461,1.09147,39.358,3.6978435017613682
2705.0,0.86124,2.79524,97.6275,4.199839,,5752,-1.45275,1.0919,39.3734,3.6737291560320147
2706.0,0.86496,2.7955,97.6364,4.199839,,5753,-1.45089,1.09232,39.3888,3.6880222730963466
2707.0,0.8631,2.79575,97.6453,4.199839,,5754,-1.45089,1.0927,39.4024,3.632032353686182
2708.0,0.86496,2.79601,97.6542,4.200149,,5755,-1.45089,1.09312,39.4177,3.694734463564052
2709.0,0.86124,2.79626,97.663,4.199839,,5756,-1.45833,1.09355,39.4331,3.706947347144698
2710.0,0.85938,2.79652,97.6719,4.199839,,5757,-1.45461,1.09398,39.4485,3.667255164645095
2711.0,0.8631,2.79677,97.6807,4.199839,,5758,-1.45461,1.09442,39.4644,3.789164634178579
2712.0,0.85565,2.79702,97.6896,4.199529,,5759,-1.45089,1.09481,39.4785,3.704241822553573
2713.0,0.85938,2.79727,97.6984,4.199839,,5760,-1.45275,1.09524,39.4941,3.801552124079685
2714.0,0.85379,2.79753,97.7072,4.199839,,5761,-1.45647,1.09567,39.5095,3.7123845681172254
2715.0,0.85379,2.79778,97.7161,4.199839,,5762,-1.45275,1.0961,39.525,3.7267487889906725
2716.0,0.85007,2.79803,97.7246,4.199839,,5763,-1.45461,1.09653,39.5404,3.6049401253900712
2717.0,0.85379,2.79825,97.7323,4.199839,,5764,-1.45461,1.09695,39.5558,3.707627762770138
2718.0,0.85751,2.7985,97.7411,4.199839,,5765,-1.45275,1.09738,39.5712,3.6906174324895256
2719.0,0.85751,2.79875,97.7498,4.199839,,5766,-1.45275,1.09776,39.5848,3.770480239064061
2721.0,0.84635,2.799,97.7586,4.200149,,5767,-1.45089,1.09818,39.6002,3.750970676714059
2722.0,0.85565,2.79925,97.7674,4.199839,,5768,-1.45275,1.09861,39.6156,3.668255126632635
2723.0,0.85379,2.79947,97.775,4.199839,,5769,-1.45461,1.09906,39.6318,3.6652228386559833
2724.0,0.84635,2.79972,97.7838,4.199839,,5770,-1.45647,1.09948,39.6469,3.6692447635359513
2725.0,0.85193,2.79997,97.7925,4.200149,,5771,-1.45275,1.09991,39.6623,3.6198767893511903
2726.0,0.84635,2.80022,97.8012,4.199839,,5773,-1.45089,1.10034,39.6778,3.7393415862750152
2727.0,0.84449,2.80047,97.8099,4.199839,,5774,-1.45461,1.10076,39.6932,3.691997610859869
2728.0,0.84263,2.80072,97.8186,4.199839,,5775,-1.44903,1.10119,39.7086,3.720083917574037
2729.0,0.84635,2.80096,97.8272,4.199839,,5776,-1.45461,1.10162,39.7241,3.692318462670355
2730.0,0.84077,2.80118,97.8348,4.199839,,5777,-1.45275,1.10204,39.7393,3.6585612876132814
2731.0,0.84263,2.80142,97.8432,4.199839,,5778,-1.45089,1.10242,39.7529,3.8042594033075177
2732.0,0.84635,2.80167,97.8519,4.199839,,5779,-1.45461,1.10285,39.7683,3.78364347285596
2733.0,0.84449,2.80192,97.8605,4.199529,,5780,-1.44903,1.10327,39.7837,3.657818691566712
2734.0,0.83705,2.80216,97.8692,4.199839,,5781,-1.45275,1.10367,39.7978,3.684918359726696
2735.0,0.83519,2.80241,97.8778,4.199839,,5782,-1.45089,1.10408,39.8129,3.79957420945559
2736.0,0.83891,2.80266,97.8864,4.199839,,5783,-1.45461,1.10453,39.8289,3.6432401651573425
2737.0,0.83705,2.8029,97.895,4.199839,,5784,-1.45275,1.10495,39.8441,3.7016699344766817
2738.0,0.84077,2.80315,97.9036,4.199839,,5785,-1.45275,1.10533,39.8577,3.658959061604316
2739.0,0.83333,2.8034,97.9122,4.199839,,5786,-1.45275,1.10575,39.8731,3.744920468946238
2740.0,0.83147,2.80364,97.9207,4.199839,,5787,-1.45275,1.10618,39.8885,3.733005632250704
2741.0,0.82403,2.80389,97.9293,4.199839,,5788,-1.45461,1.10661,39.904,3.7452925565980277
2743.0,0.83333,2.80413,97.9378,4.199839,,5789,-1.45275,1.10706,39.9201,3.661982430778759
2744.0,0.82961,2.80437,97.9463,4.199839,,5790,-1.45275,1.10746,39.9345,3.7103851811993724
2745.0,0.82589,2.80462,97.9549,4.199839,,5791,-1.45275,1.10788,39.95,3.7316874057229947
2746.0,0.82961,2.80485,97.9631,4.199839,,5792,-1.45461,1.10831,39.9652,3.7292183344244534
2747.0,0.82589,2.80509,97.9714,4.199839,,5793,-1.45461,1.10872,39.9802,3.675023451894129
2748.0,0.82403,2.80533,97.9799,4.199839,,5794,-1.45461,1.1091,39.9939,3.70804063242866
2749.0,0.82403,2.80558,97.9883,4.199839,,5795,-1.45275,1.10953,40.0092,3.61956000259048
2750.0,0.82403,2.80582,97.9968,4.199839,,5796,-1.45275,1.10996,40.0246,3.622972660441806
2751.0,0.82589,2.80606,98.0053,4.199839,,5797,-1.45461,1.11038,40.0401,3.7516556336100417
2752.0,0.82217,2.8063,98.0138,4.200149,,5798,-1.45275,1.11081,40.0555,3.631138139414425
2753.0,0.81845,2.80655,98.0222,4.199839,,5800,-1.45275,1.11124,40.0708,3.652668692631736
2754.0,0.81845,2.80679,98.0306,4.199839,,5801,-1.45089,1.11166,40.0862,3.6485262753380794
2755.0,0.81287,2.80703,98.039,4.199839,,5802,-1.45275,1.11209,40.1016,3.673858055737265
2756.0,0.82031,2.80727,98.0474,4.199839,,5803,-1.45461,1.11252,40.1171,3.6412803110710756
2757.0,0.81659,2.80751,98.0558,4.199839,,5804,-1.45461,1.11295,40.1325,3.6687500316360704
2758.0,0.81659,2.80775,98.0642,4.199839,,5805,-1.45275,1.11333,40.1462,3.649490633275106
2759.0,0.81845,2.80799,98.0726,4.199839,,5806,-1.45461,1.11378,40.1626,3.690530446678759
2760.0,0.81287,2.80823,98.081,4.199839,,5807,-1.45275,1.11421,40.178,3.7961986757462522
2761.0,0.80915,2.80844,98.0885,4.199839,,5808,-1.45275,1.11463,40.1933,3.7201963688453947
2762.0,0.81287,2.80868,98.0969,4.199839,,5809,-1.45275,1.11501,40.2069,3.6708335236403355
2764.0,0.81101,2.80892,98.1052,4.199839,,5810,-1.45461,1.11545,40.2229,3.7634622298554765
2765.0,0.81101,2.80916,98.1135,4.199839,,5811,-1.45275,1.11585,40.2373,3.6392442792632265
2766.0,0.80915,2.8094,98.1219,4.199839,,5812,-1.45275,1.11628,40.2527,3.6739688971702686
2767.0,0.81101,2.80964,98.1302,4.199839,,5813,-1.45275,1.11671,40.2682,3.756983851046862
2768.0,0.80357,2.80988,98.1385,4.199839,,5814,-1.45461,1.11714,40.2836,3.6886772988961516
2769.0,0.80915,2.81011,98.1468,4.199839,,5815,-1.45461,1.11756,40.299,3.712059721858315
2770.0,0.80543,2.81035,98.1551,4.199839,,5816,-1.45461,1.11799,40.3144,3.707653172122016
2771.0,0.80357,2.81059,98.1634,4.199839,,5817,-1.45275,1.11842,40.3299,3.718540549306051
2772.0,0.79985,2.81082,98.1716,4.199839,,5818,-1.45275,1.11884,40.3451,3.7625172457025733
2773.0,0.79985,2.81106,98.1798,4.199839,,5819,-1.45461,1.11927,40.3606,3.7178095828721878
2774.0,0.79799,2.8113,98.1881,4.199839,,5821,-1.45461,1.1197,40.376,3.675995015109399
2775.0,0.80543,2.81153,98.1963,4.199839,,5822,-1.45275,1.12012,40.3913,3.7406948652130967
2776.0,0.79427,2.81174,98.2035,4.199839,,5823,-1.45275,1.12054,40.4061,3.711065727510311
2777.0,0.80171,2.81198,98.2119,4.199839,,5824,-1.45275,1.12091,40.4197,3.6733759666550676
2778.0,0.79799,2.81218,98.2191,4.199839,,5825,-1.45275,1.12134,40.4351,3.731298571065129
2779.0,0.79799,2.81242,98.2273,4.199839,,5826,-1.45275,1.12177,40.4505,3.732299865820538
2780.0,0.79613,2.81265,98.2355,4.199839,,5827,-1.45275,1.12219,40.466,3.655449280322723
2781.0,0.79427,2.81289,98.2436,4.199839,,5828,-1.45461,1.12262,40.4814,3.699269547610906
2782.0,0.79241,2.81312,98.2518,4.199839,,5829,-1.45089,1.12305,40.4968,3.7337502721513154
2784.0,0.79241,2.81335,98.2599,4.199839,,5830,-1.45461,1.12349,40.5127,3.695465214207333
2785.0,0.78869,2.81359,98.2681,4.199839,,5831,-1.45461,1.12389,40.5272,3.639325652218839
2786.0,0.78683,2.81382,98.2763,4.199839,,5832,-1.45275,1.12432,40.5427,3.726201879587551
2787.0,0.78869,2.81405,98.2844,4.199839,,5833,-1.45647,1.12475,40.5581,3.604220063382883
2788.0,0.78683,2.81428,98.2925,4.199839,,5834,-1.45833,1.12518,40.5735,3.6348831567256665
2789.0,0.78869,2.81452,98.3006,4.199839,,5835,-1.45275,1.12561,40.589,3.62297950013192
2790.0,0.78311,2.81472,98.3077,4.199839,,5836,-1.45089,1.12603,40.6043,3.703972640209866
2791.0,0.78683,2.81496,98.3159,4.199839,,5837,-1.45461,1.12646,40.6197,3.722701419442718
2792.0,0.78683,2.81517,98.3234,4.199839,,5838,-1.45275,1.12688,40.6351,3.751773275835758
2793.0,0.78311,2.8154,98.3314,4.199839,,5839,-1.45275,1.12731,40.6505,3.780042042411625
2794.0,0.78311,2.81563,98.3394,4.199839,,5840,-1.45275,1.12774,40.6658,3.689318349773258
2795.0,0.78311,2.81583,98.3465,4.199839,,5841,-1.45647,1.12814,40.6803,3.6645208500278637
2796.0,0.78125,2.81606,98.3545,4.199839,,5842,-1.45275,1.12857,40.6958,3.759554270299557
2797.0,0.78125,2.81629,98.3626,4.199839,,5843,-1.45647,1.12898,40.7105,3.7976447600717904
2798.0,0.77753,2.81652,98.3706,4.199839,,5845,-1.45275,1.1294,40.7259,3.6941162152398843
2799.0,0.78125,2.81675,98.3786,4.199839,,5846,-1.45275,1.12981,40.7405,3.640164785927793
2800.0,0.77567,2.81695,98.3856,4.199839,,5847,-1.45275,1.13021,40.7552,3.612722371860901
2801.0,0.77567,2.81718,98.3936,4.199839,,5848,-1.45275,1.13064,40.7705,3.620435314652139
2802.0,0.77753,2.81741,98.4016,4.199839,,5849,-1.45461,1.13101,40.784,3.7648300494753784
2803.0,0.77381,2.81764,98.4096,4.199839,,5850,-1.45275,1.13144,40.7994,3.624023239280601
2804.0,0.77381,2.81787,98.4175,4.199839,,5851,-1.45461,1.13187,40.8149,3.778114835868418
2805.0,0.77381,2.81809,98.4255,4.199839,,5852,-1.45275,1.1323,40.8303,3.7774475164527814
2806.0,0.77567,2.8183,98.4326,4.199839,,5853,-1.45275,1.13273,40.8457,3.6885255835466766
2807.0,0.77009,2.81851,98.4402,4.199839,,5854,-1.45275,1.13315,40.8612,3.6577395417649523
2808.0,0.76823,2.81874,98.4481,4.199839,,5855,-1.45647,1.13358,40.8766,3.6706120694781266
2809.0,0.76823,2.81897,98.456,4.199839,,5856,-1.45275,1.13401,40.892,3.6118055826437474
2810.0,0.76823,2.81919,98.4639,4.199839,,5857,-1.45275,1.13444,40.9074,3.716155843801077
2811.0,0.77195,2.81942,98.4718,4.199839,,5858,-1.45089,1.13487,40.9229,3.789261777470119
2812.0,0.76637,2.81962,98.4787,4.199839,,5859,-1.45275,1.13529,40.9383,3.6920432846419557
2814.0,0.76451,2.81984,98.4866,4.199839,,5860,-1.45275,1.13572,40.9537,3.646718842449652
2815.0,0.76451,2.82007,98.4944,4.199839,,5861,-1.45461,1.13615,40.9692,3.6413005082034053
2816.0,0.76451,2.82029,98.5023,4.199839,,5862,-1.45461,1.13658,40.9846,3.654307401863752
2817.0,0.76079,2.82052,98.5101,4.199839,,5863,-1.45275,1.13701,41.0,3.706776388032153
2818.0,0.76079,2.82074,98.518,4.199839,,5865,-1.45275,1.13743,41.0155,3.702637845632847
2819.0,0.76079,2.82097,98.5258,4.199839,,5866,-1.45461,1.13786,41.031,3.676361684841385
2820.0,0.76079,2.82119,98.5336,4.199839,,5867,-1.45461,1.13829,41.0465,3.6234453598502614
2821.0,0.76079,2.82141,98.5412,4.199839,,5868,-1.45089,1.13872,41.0619,3.7772023348531674
2822.0,0.75893,2.82164,98.5494,4.199839,,5869,-1.45275,1.13914,41.0772,3.7258564886684353
2823.0,0.75707,2.82184,98.5562,4.199839,,5870,-1.45461,1.13957,41.0926,3.682978171161437
2824.0,0.75521,2.82206,98.564,4.199839,,5871,-1.45461,1.14,41.108,3.7323406314933516
2825.0,0.75521,2.82228,98.5719,4.199839,,5872,-1.45275,1.1404,41.1226,3.609534308906214
2826.0,0.75335,2.82251,98.5796,4.199839,,5873,-1.45461,1.14082,41.1375,3.6443281276681208
2827.0,0.75335,2.82273,98.5874,4.199839,,5874,-1.45461,1.14124,41.1529,3.673980567447092
2828.0,0.75149,2.82295,98.5951,4.199839,,5875,-1.45275,1.14167,41.1683,3.6762151683035915
2829.0,0.75335,2.82317,98.6029,4.199839,,5876,-1.45275,1.1421,41.1837,3.6126080074569886
2830.0,0.75149,2.82339,98.6106,4.199839,,5877,-1.45089,1.14253,41.1992,3.686753534428554
2831.0,0.75149,2.82362,98.6184,4.199839,,5878,-1.45275,1.14296,41.2146,3.734837676104728
2832.0,0.75149,2.82384,98.6261,4.199839,,5879,-1.45275,1.14338,41.23,3.648462594535535
2833.0,0.74777,2.82403,98.6328,4.199839,,5880,-1.45275,1.1438,41.2449,3.7227723308567384
2834.0,0.75149,2.82425,98.6405,4.199839,,5881,-1.45461,1.1442,41.2596,3.654413128438642
2836.0,0.74963,2.82447,98.6482,4.199839,,5882,-1.45275,1.14463,41.275,3.6740394998683765
2837.0,0.74591,2.8247,98.6561,4.199839,,5883,-1.45275,1.14506,41.2905,3.7095010213800914
2838.0,0.74777,2.8249,98.6634,4.199839,,5884,-1.45461,1.14548,41.3058,3.722995467233996
2839.0,0.74777,2.8251,98.6701,4.199839,,5885,-1.45275,1.14591,41.3212,3.73457251431412
2840.0,0.74219,2.82531,98.6777,4.199839,,5887,-1.45275,1.14634,41.3366,3.660381883441917
2841.0,0.74405,2.82553,98.6854,4.199839,,5888,-1.45647,1.14677,41.352,3.709714991880944
2842.0,0.74033,2.82575,98.693,4.199839,,5889,-1.45275,1.14719,41.3675,3.690371251510101
2843.0,0.74219,2.82597,98.7006,4.199839,,5890,-1.45461,1.14762,41.3829,3.5779056201860446
2844.0,0.73661,2.82619,98.7082,4.199839,,5891,-1.45275,1.14805,41.3983,3.6701378226209638
2845.0,0.74033,2.82641,98.7158,4.199839,,5892,-1.45275,1.14848,41.4138,3.684795577964139
2846.0,0.73847,2.82662,98.7234,4.199839,,5893,-1.45275,1.1489,41.4289,3.668208479099299
2847.0,0.73661,2.82684,98.731,4.199839,,5894,-1.45275,1.14928,41.4426,3.611785365752081
2848.0,0.73475,2.82706,98.7386,4.199839,,5895,-1.45089,1.14971,41.458,3.6566573666183637
2849.0,0.73661,2.82727,98.7461,4.199839,,5896,-1.45461,1.15013,41.4734,3.68478137636214
2850.0,0.73289,2.82749,98.7537,4.199839,,5897,-1.45275,1.15056,41.4889,3.7424246454354386
2851.0,0.73289,2.82771,98.7614,4.199839,,5898,-1.45275,1.15099,41.5043,3.6388242707301823
2852.0,0.73289,2.82792,98.7687,4.199839,,5899,-1.45275,1.15142,41.5197,3.6093660531394836
2853.0,0.73103,2.82813,98.7761,4.199839,,5900,-1.45275,1.15185,41.5352,3.784344713044628
2854.0,0.73103,2.82832,98.7827,4.199839,,5901,-1.45275,1.15227,41.5506,3.788986964070234
2855.0,0.72917,2.82854,98.7902,4.199839,,5902,-1.45275,1.1527,41.566,3.6926461669400306
2856.0,0.72917,2.82875,98.7977,4.199839,,5903,-1.45275,1.15313,41.5814,3.7212621919881377
2858.0,0.72917,2.82897,98.8053,4.199839,,5904,-1.45275,1.15356,41.5969,3.6825775295417955
2859.0,0.72731,2.82918,98.8127,4.199839,,5905,-1.45461,1.15398,41.6122,3.7455618096029184
2860.0,0.72731,2.8294,98.8202,4.199839,,5906,-1.45461,1.15436,41.6257,3.7147496874535393
2861.0,0.72731,2.82961,98.8277,4.199839,,5907,-1.45275,1.15478,41.6411,3.7187177440467267
2862.0,0.72731,2.82982,98.8352,4.199839,,5909,-1.45275,1.15521,41.6566,3.622632341598505
2863.0,0.72545,2.83004,98.8426,4.199839,,5910,-1.45461,1.15564,41.672,3.655281593652128
2864.0,0.72545,2.83025,98.8501,4.199839,,5911,-1.45275,1.15605,41.6867,3.609544161722389
2865.0,0.72173,2.83046,98.8575,4.199839,,5912,-1.45275,1.15645,41.7013,3.7136667511923545
2866.0,0.72359,2.83065,98.864,4.199839,,5913,-1.45089,1.15687,41.7164,3.646812400031877
2867.0,0.72173,2.83087,98.8718,4.199839,,5914,-1.45275,1.15727,41.7306,3.559232712890244
2868.0,0.71801,2.83106,98.8783,4.199839,,5915,-1.45461,1.15769,41.7461,3.671992119118996
2869.0,0.71987,2.83127,98.8857,4.199839,,5916,-1.45275,1.15812,41.7615,3.6757164392026778
2870.0,0.71801,2.83148,98.8931,4.199839,,5917,-1.45461,1.15855,41.7769,3.7189242406358156
2871.0,0.71801,2.83169,98.9005,4.199839,,5918,-1.45275,1.15898,41.7924,3.7756928100650624
2872.0,0.71615,2.8319,98.9079,4.199839,,5919,-1.45089,1.1594,41.8077,3.670522749385662
2873.0,0.71429,2.83211,98.9152,4.199839,,5920,-1.45275,1.15983,41.8229,3.640673807914269
2874.0,0.71429,2.83233,98.9226,4.199839,,5921,-1.45275,1.16022,41.8372,3.6747421258747064
2875.0,0.71429,2.83254,98.9299,4.199839,,5922,-1.45275,1.16065,41.8526,3.653653891123924
2876.0,0.71057,2.83272,98.9363,4.199839,,5923,-1.45275,1.16108,41.868,3.6506132424198543
2877.0,0.71057,2.83293,98.9436,4.199839,,5924,-1.45461,1.1615,41.8835,3.627103226159959
2878.0,0.70871,2.83314,98.951,4.199839,,5925,-1.45089,1.16193,41.8989,3.7468223802991036
2879.0,0.70871,2.83335,98.9583,4.199839,,5926,-1.45275,1.16236,41.9144,3.7283415324162728
2880.0,0.70871,2.83356,98.9656,4.199839,,5927,-1.45275,1.16279,41.9298,3.7149219850316983
2882.0,0.70685,2.83376,98.9726,4.199839,,5928,-1.45275,1.16322,41.9452,3.7311541675753026
2883.0,0.70685,2.83397,98.9799,4.199839,,5929,-1.45275,1.16364,41.9606,3.6918937517498396
2884.0,0.70499,2.83417,98.9872,4.199839,,5930,-1.45461,1.16407,41.9759,3.7451988589097356
2885.0,0.70499,2.83438,98.9944,4.199839,,5931,-1.45461,1.16444,41.9895,3.6502488339004087
2886.0,0.70499,2.83456,99.0008,4.199839,,5933,-1.45275,1.16491,42.0063,3.6428851714860517
2887.0,0.70126,2.83477,99.008,4.199839,,5934,-1.45275,1.16529,42.02,3.709795252748406
2888.0,0.70126,2.83498,99.0152,4.199839,,5935,-1.45275,1.16572,42.0355,3.7296241259542593
2889.0,0.70126,2.83519,99.0225,4.199839,,5936,-1.45275,1.16615,42.0509,3.6917296029981275
2890.0,0.70126,2.83539,99.0296,4.199839,,5937,-1.45275,1.16657,42.0663,3.789300721859134
2891.0,0.70126,2.83557,99.0359,4.199839,,5938,-1.45275,1.167,42.0817,3.5899278819830673
2892.0,0.69754,2.83578,99.0431,4.199839,,5939,-1.45275,1.16743,42.0972,3.685718478655203
2893.0,0.6994,2.83598,99.0503,4.199839,,5940,-1.45275,1.16786,42.1126,3.6541272717839246
2894.0,0.69754,2.83619,99.0575,4.199839,,5941,-1.45275,1.16829,42.128,3.6324584956652775
2895.0,0.69568,2.83639,99.0646,4.199839,,5942,-1.45275,1.16871,42.1434,3.6678204195603223
2896.0,0.69568,2.83661,99.0721,4.199839,,5943,-1.45275,1.1691,42.1573,3.740803575497674
2897.0,0.69196,2.8368,99.079,4.199839,,5944,-1.45275,1.16954,42.1733,3.7355828094420795
2898.0,0.69196,2.83698,99.0853,4.199839,,5945,-1.45275,1.16992,42.187,3.6671899096950726
2899.0,0.69196,2.83719,99.0924,4.199839,,5946,-1.45275,1.17032,42.2015,3.6061368590145624
2900.0,0.69196,2.83739,99.0995,4.199839,,5947,-1.45275,1.17075,42.217,3.7222637820096387
2901.0,0.69196,2.83759,99.1066,4.199839,,5948,-1.45275,1.17118,42.2324,3.670734835563561
2902.0,0.6901,2.8378,99.1137,4.199839,,5949,-1.45275,1.17161,42.2478,3.6312280190734776
2903.0,0.6901,2.838,99.1208,4.199839,,5950,-1.45461,1.17204,42.2632,3.613163585738274
2904.0,0.68638,2.8382,99.1279,4.199839,,5951,-1.45275,1.17246,42.2787,3.664103236391725
2905.0,0.68824,2.83841,99.135,4.199839,,5952,-1.45275,1.17289,42.2941,3.683222204255526
2907.0,0.68638,2.83861,99.142,4.199839,,5953,-1.45461,1.17331,42.3092,3.688318274220921
2908.0,0.68638,2.83881,99.1491,4.199839,,5954,-1.45089,1.17371,42.3236,3.6393098561559363
2909.0,0.68452,2.83901,99.1561,4.199839,,5955,-1.45647,1.17414,42.3391,3.765353854753078
2910.0,0.68452,2.83921,99.1631,4.199839,,5956,-1.45461,1.17457,42.3545,3.6866353713530384
2911.0,0.68266,2.83939,99.1693,4.199839,,5957,-1.45275,1.175,42.37,3.65170344260858
2912.0,0.68266,2.83959,99.1763,4.199839,,5959,-1.45647,1.17542,42.3853,3.6756275006625567
2913.0,0.6808,2.83979,99.1833,4.199839,,5960,-1.45461,1.1758,42.3991,3.8282658914079124
2914.0,0.67894,2.83999,99.1903,4.199839,,5961,-1.45275,1.17625,42.4151,3.6357725905761527
2915.0,0.6808,2.84019,99.1973,4.199839,,5962,-1.45275,1.17667,42.4305,3.700106988926735
2916.0,0.67894,2.84039,99.2043,4.199839,,5963,-1.44903,1.1771,42.4459,3.730439322015868
2917.0,0.67894,2.84059,99.2112,4.199839,,5964,-1.45275,1.17753,42.4613,3.732933777183332
2918.0,0.67708,2.84079,99.2182,4.199839,,5965,-1.45275,1.17796,42.4768,3.683807054845746
2919.0,0.67522,2.84096,99.2242,4.199839,,5966,-1.45647,1.17839,42.4922,3.6775814798789463
2920.0,0.67336,2.84116,99.2312,4.199839,,5967,-1.45461,1.17876,42.5057,3.6471570201552943
2921.0,0.67336,2.84136,99.2381,4.199839,,5968,-1.45647,1.17919,42.5212,3.7501957975045803
2922.0,0.67336,2.84156,99.245,4.199839,,5969,-1.45275,1.17962,42.5366,3.642963035045133
2923.0,0.6715,2.84176,99.2519,4.199839,,5970,-1.45275,1.18004,42.5517,3.666754845827297
2924.0,0.6715,2.84195,99.2589,4.199839,,5971,-1.45461,1.18046,42.5672,3.637887220620916
2925.0,0.66964,2.84215,99.2657,4.199839,,5972,-1.45275,1.18089,42.5826,3.6396312728525912
2926.0,0.66964,2.84232,99.2717,4.199839,,5973,-1.45275,1.18132,42.598,3.7367503850724164
2927.0,0.66778,2.84253,99.279,4.199839,,5974,-1.45275,1.18175,42.6134,3.66484597304469
2928.0,0.66778,2.84273,99.2858,4.199839,,5975,-1.45275,1.18218,42.6289,3.608407624972976
2929.0,0.66592,2.8429,99.2918,4.199839,,5976,-1.45089,1.18255,42.6424,3.603835633790205
2930.0,0.66592,2.84309,99.2987,4.199839,,5977,-1.45275,1.183,42.6586,3.666339342012174
2932.0,0.66592,2.84329,99.3055,4.199839,,5978,-1.45275,1.18343,42.674,3.664202531979639
2933.0,0.66406,2.84348,99.3123,4.199839,,5979,-1.45461,1.18385,42.6894,3.6792072337278863
2934.0,0.66406,2.84368,99.3192,4.199839,,5981,-1.45275,1.18428,42.7048,3.703696220191157
2935.0,0.66406,2.84388,99.326,4.199839,,5982,-1.45275,1.18471,42.7203,3.6502017371893194
2936.0,0.6622,2.84407,99.3328,4.199839,,5983,-1.45089,1.18514,42.7357,3.6538807821142636
2937.0,0.6622,2.84427,99.3396,4.199839,,5984,-1.45275,1.18557,42.7511,3.724856312797246
2938.0,0.66034,2.84446,99.3464,4.199839,,5985,-1.45275,1.18599,42.7666,3.5653523925841277
2939.0,0.65848,2.84466,99.3532,4.199839,,5986,-1.45461,1.18642,42.782,3.6449728424354912
2940.0,0.65848,2.84485,99.3599,4.199839,,5987,-1.45275,1.18685,42.7974,3.7157292144986216
2941.0,0.65662,2.84502,99.3659,4.199839,,5988,-1.45461,1.18728,42.8129,3.640782150004158
2942.0,0.65662,2.84522,99.3729,4.199839,,5989,-1.45647,1.18771,42.8283,3.6417831055522702
2943.0,0.65476,2.84541,99.3796,4.199839,,5990,-1.45461,1.18813,42.8437,3.609793221221549
2944.0,0.65476,2.8456,99.3863,4.199839,,5991,-1.45461,1.18855,42.8589,3.683461711022339
2945.0,0.65476,2.8458,99.393,4.199839,,5992,-1.45275,1.18898,42.8742,3.6752147054063964
2946.0,0.6529,2.84599,99.3997,4.199839,,5993,-1.45089,1.18935,42.8877,3.736743642801555
2947.0,0.6529,2.84618,99.4065,4.199839,,5994,-1.45089,1.18978,42.9031,3.70458013722794
2948.0,0.64918,2.84637,99.4131,4.199839,,5995,-1.45461,1.19021,42.9185,3.69875697854253
2949.0,0.65104,2.84656,99.4198,4.199839,,5996,-1.45275,1.19064,42.934,3.765898292175182
2950.0,0.65104,2.84675,99.4265,4.199839,,5997,-1.45275,1.19106,42.9494,3.5648254345301456
2951.0,0.64732,2.84695,99.4332,4.199839,,5998,-1.45275,1.19149,42.9648,3.648642068638977
2952.0,0.64732,2.84711,99.439,4.199839,,5999,-1.45275,1.19192,42.9802,3.598516272784988
2954.0,0.64732,2.8473,99.4457,4.199839,,6000,-1.45275,1.19235,42.9957,3.7229507473117365
2955.0,0.64546,2.84749,99.4524,4.199839,,6002,-1.45275,1.19278,43.0111,3.648104539813834
2956.0,0.64546,2.84768,99.459,4.199839,,6003,-1.45461,1.1932,43.0265,3.6603889970719576
2957.0,0.64546,2.84788,99.4658,4.199839,,6004,-1.45275,1.19362,43.0415,3.678848285924837
2958.0,0.6436,2.84806,99.4722,4.199839,,6005,-1.45275,1.194,43.0551,3.667768020498792
2959.0,0.6436,2.84823,99.478,4.199839,,6006,-1.45275,1.19442,43.0702,3.719261799763946
2960.0,0.64174,2.84842,99.4846,4.199839,,6007,-1.45089,1.19484,43.0856,3.680776141178158
2961.0,0.64174,2.84861,99.4912,4.199839,,6008,-1.45275,1.19527,43.1011,3.707500040887338
2962.0,0.63988,2.84879,99.4978,4.199839,,6009,-1.45275,1.1957,43.1165,3.612482509675034
2963.0,0.63988,2.84898,99.5044,4.199839,,6010,-1.45275,1.19613,43.1319,3.6962399952060965
2964.0,0.63802,2.84917,99.511,4.199839,,6011,-1.45275,1.19655,43.1474,3.695189051525449
2965.0,0.63988,2.84936,99.5176,4.199839,,6012,-1.45089,1.19696,43.1621,3.8073245575119308
2966.0,0.63802,2.84955,99.5241,4.199839,,6013,-1.45275,1.19736,43.1765,3.652601846108489
2967.0,0.63616,2.84974,99.5307,4.199839,,6014,-1.45461,1.19779,43.1919,3.720741959884332
2968.0,0.63616,2.84992,99.5372,4.199839,,6015,-1.45275,1.19822,43.2073,3.658040612298047
2969.0,0.63244,2.85011,99.5438,4.199839,,6016,-1.45461,1.19865,43.2228,3.675091381871606
2970.0,0.6343,2.8503,99.5503,4.199839,,6017,-1.45275,1.19906,43.2377,3.699094624451655
2971.0,0.63244,2.85048,99.5568,4.199839,,6018,-1.45275,1.19949,43.2532,3.665139687877659
2972.0,0.63244,2.85065,99.5625,4.199839,,6019,-1.45461,1.19992,43.2686,3.5292704210916273
2973.0,0.63244,2.85083,99.569,4.199839,,6020,-1.45275,1.20034,43.284,3.6426029846289874
2974.0,0.63058,2.85102,99.5755,4.199839,,6021,-1.45275,1.20077,43.2995,3.6683987733867234
2976.0,0.63058,2.85121,99.582,4.199839,,6022,-1.45275,1.2012,43.3147,3.6433096684935853
2977.0,0.63058,2.85139,99.5884,4.199839,,6023,-1.45275,1.20157,43.3283,3.676927774944471
2978.0,0.62872,2.85158,99.5949,4.199839,,6024,-1.45461,1.20201,43.3442,3.737687724360146
2979.0,0.62686,2.85176,99.6014,4.199839,,6025,-1.45275,1.20241,43.3586,3.6629605898521596
2980.0,0.62872,2.85195,99.6079,4.199839,,6027,-1.45089,1.20284,43.374,3.575638209089806
2981.0,0.62686,2.85213,99.6143,4.199839,,6028,-1.45275,1.20327,43.3894,3.6806769419719885
2982.0,0.625,2.85231,99.6207,4.199839,,6029,-1.45275,1.2037,43.4049,3.6893763175582386
2983.0,0.625,2.8525,99.6272,4.199839,,6030,-1.45089,1.20412,43.4203,3.685008689330509
2984.0,0.625,2.85268,99.6336,4.199839,,6031,-1.45461,1.20455,43.4357,3.652433283228573
2985.0,0.62314,2.85287,99.64,4.199839,,6032,-1.45275,1.20498,43.4511,3.8130974158218485
2986.0,0.62128,2.85305,99.6464,4.199839,,6033,-1.45461,1.20541,43.4666,3.725784303963125
2987.0,0.62128,2.85321,99.652,4.199839,,6034,-1.45275,1.20583,43.4819,3.670268268517206
2988.0,0.62128,2.8534,99.6585,4.199839,,6035,-1.45275,1.20626,43.4973,3.726519038124436
2989.0,0.61942,2.85358,99.6649,4.199839,,6036,-1.45461,1.20665,43.5116,3.674891147191846
2990.0,0.61942,2.85374,99.6705,4.199839,,6037,-1.45275,1.20709,43.5274,3.651086626739327
2991.0,0.61942,2.85392,99.6768,4.199839,,6038,-1.45275,1.20752,43.5427,3.752587773521621
2992.0,0.61756,2.8541,99.6832,4.199839,,6039,-1.45275,1.20789,43.5563,3.590201450642093
2993.0,0.61756,2.85429,99.6896,4.199839,,6040,-1.45275,1.20832,43.5717,3.6087713445369545
2994.0,0.61756,2.85447,99.6959,4.199839,,6041,-1.45275,1.20877,43.588,3.7138789265795142
2995.0,0.6157,2.85465,99.7023,4.199839,,6042,-1.45275,1.20915,43.6015,3.5965079959570763
2996.0,0.6157,2.85483,99.7086,4.199839,,6043,-1.45089,1.20958,43.617,3.6841290668314244
2997.0,0.6157,2.85501,99.7149,4.199839,,6044,-1.45461,1.21003,43.6333,3.679697689278074
2999.0,0.61384,2.85519,99.7212,4.199839,,6045,-1.45275,1.21044,43.648,3.7143957114961905
3000.0,0.61384,2.85537,99.7276,4.199839,,6046,-1.45275,1.21081,43.6615,3.666001495527654
3001.0,0.61384,2.85555,99.7339,4.199839,,6047,-1.45647,1.21124,43.6769,3.669943712213131
3002.0,0.61198,2.85573,99.7401,4.199839,,6048,-1.45275,1.21167,43.6924,3.757590774104643
3003.0,0.61198,2.85592,99.7466,4.199839,,6049,-1.45461,1.2121,43.7078,3.6905969390876177
3004.0,0.61012,2.8561,99.7529,4.199839,,6051,-1.45461,1.21252,43.7232,3.71272142132262
3005.0,0.61012,2.85628,99.7592,4.199839,,6052,-1.45275,1.21295,43.7387,3.6839119395337314
3006.0,0.61012,2.85646,99.7654,4.199839,,6053,-1.45275,1.21338,43.7541,3.620964825420864
3007.0,0.61012,2.85664,99.7717,4.199839,,6054,-1.45461,1.21376,43.7676,3.7234971212113273
3008.0,0.6064,2.85682,99.7779,4.199839,,6055,-1.45275,1.21418,43.7831,3.6959440181615832
3009.0,0.6064,2.85699,99.7842,4.199839,,6056,-1.45275,1.21461,43.7985,3.6784260879977997
3010.0,0.6064,2.85717,99.7904,4.199839,,6057,-1.45461,1.21504,43.8139,3.747963754656449
3011.0,0.6064,2.85733,99.7958,4.199839,,6058,-1.45275,1.21541,43.8275,3.628398415866317
3012.0,0.6064,2.85752,99.8025,4.199839,,6059,-1.45275,1.21584,43.8429,3.7264488682838977
3013.0,0.60454,2.8577,99.8087,4.199839,,6060,-1.45275,1.21627,43.8583,3.5936592418192626
3014.0,0.60454,2.85787,99.8149,4.199839,,6061,-1.45275,1.2167,43.8738,3.617833665833622
3015.0,0.60268,2.85805,99.8211,4.199839,,6062,-1.45461,1.21713,43.8892,3.630824447430304
3017.0,0.60082,2.85823,99.8273,4.199839,,6063,-1.45461,1.21755,43.9046,3.669443939177298
3018.0,0.60082,2.8584,99.8334,4.199839,,6064,-1.45275,1.21798,43.92,3.750672916796049
3019.0,0.60082,2.85856,99.8388,4.199839,,6065,-1.45275,1.21841,43.9355,3.646134693743342
3020.0,0.60082,2.85874,99.845,4.199839,,6066,-1.45461,1.21884,43.9509,3.604389290783646
3021.0,0.59896,2.85891,99.8512,4.199839,,6067,-1.45461,1.21927,43.9665,3.586602406276023
3022.0,0.5971,2.85909,99.8573,4.199839,,6068,-1.45461,1.2197,43.9819,3.650457258904505
3023.0,0.5971,2.85927,99.8635,4.199839,,6069,-1.45275,1.22013,43.9973,3.681235036647663
3024.0,0.5971,2.85944,99.8696,4.199839,,6070,-1.45461,1.22057,44.0135,3.665774100372551
3025.0,0.59524,2.85962,99.8758,4.199839,,6071,-1.45275,1.221,44.0288,3.6728675510955524
3026.0,0.59524,2.85979,99.8819,4.199839,,6073,-1.45275,1.22143,44.0442,3.620269700499445
3027.0,0.59524,2.85997,99.888,4.199839,,6074,-1.45461,1.22185,44.0597,3.6488489565259665
3028.0,0.59338,2.86014,99.8939,4.199839,,6075,-1.45089,1.22228,44.0751,3.637878923236689
3029.0,0.59338,2.86031,99.9,4.199839,,6076,-1.45275,1.22271,44.0904,3.6744982800383403
3030.0,0.59152,2.86049,99.9061,4.199839,,6077,-1.45275,1.2231,44.1046,3.70033586580102
3031.0,0.59152,2.86066,99.9122,4.199839,,6078,-1.45089,1.22353,44.1201,3.741053729364363
3032.0,0.59152,2.86083,99.9182,4.199839,,6079,-1.45275,1.22396,44.1355,3.586942882248511
3033.0,0.58966,2.86098,99.9235,4.199839,,6080,-1.45275,1.22438,44.1509,3.686065069301885
3034.0,0.58966,2.86116,99.9296,4.199839,,6081,-1.45275,1.22482,44.1665,3.747192864313078
3035.0,0.5878,2.86133,99.9356,4.199839,,6082,-1.45275,1.22524,44.1819,3.6950520947054017
3036.0,0.58966,2.8615,99.9417,4.199839,,6083,-1.45461,1.22567,44.1974,3.6411082379716433
3037.0,0.5878,2.86168,99.9477,4.199839,,6084,-1.45275,1.22608,44.2122,3.714269607784576
3038.0,0.58594,2.86185,99.9538,4.199839,,6085,-1.45275,1.22649,44.2268,3.7007131267147373
3040.0,0.58594,2.86202,99.9598,4.199839,,6086,-1.45275,1.22692,44.2422,3.632464167131963
3041.0,0.58408,2.86217,99.965,4.199839,,6087,-1.45089,1.22734,44.2576,3.6284265400071956
3042.0,0.58408,2.86234,99.971,4.199839,,6088,-1.45275,1.22773,44.2715,3.6735594691214413
3043.0,0.58408,2.86252,99.9773,4.199839,,6089,-1.45089,1.22816,44.2869,3.6392834503698643
3044.0,0.58408,2.86268,99.9828,4.199839,,6090,-1.45461,1.22858,44.3023,3.7260600198352862
3045.0,0.58222,2.86285,99.9888,4.199839,,6091,-1.45461,1.22901,44.3177,3.675252199561346
3046.0,0.58222,2.86302,99.9947,4.199839,,6092,-1.45275,1.22943,44.333,3.692366809124309
3047.0,0.58036,2.86317,100.0,4.199839,,6093,-1.45275,1.22981,44.3465,3.6396176349305907
,,,,,,6094,-1.45461,1.23024,44.362,3.6400612510141617
,,,,,,6095,-1.45089,1.23067,44.3774,3.6427222124772918
,,,,,,6096,-1.45089,1.23109,44.3928,3.6240254938091216
,,,,,,6098,-1.45275,1.23152,44.4083,3.626871910579547
,,,,,,6099,-1.45275,1.23195,44.4236,3.651533550459751
,,,,,,6100,-1.45089,1.23232,44.4371,3.6508195384932023
,,,,,,6101,-1.45461,1.23275,44.4525,3.7054452123255683
,,,,,,6102,-1.45275,1.23318,44.468,3.624702727226704
,,,,,,6103,-1.45461,1.23361,44.4834,3.7416617590941845
,,,,,,6104,-1.45089,1.23403,44.4988,3.603468857549273
,,,,,,6105,-1.45647,1.23446,44.5143,3.601940531545836
,,,,,,6106,-1.45647,1.23489,44.5297,3.6094031132841704
,,,,,,6107,-1.45647,1.23532,44.5451,3.68590573182608
,,,,,,6108,-1.45089,1.23575,44.5606,3.6123161093109055
,,,,,,6109,-1.45089,1.23617,44.576,3.7330994836677354
,,,,,,6110,-1.45275,1.2366,44.5914,3.651699859658649
,,,,,,6111,-1.45089,1.23703,44.6069,3.650673956178655
,,,,,,6112,-1.45275,1.23746,44.6223,3.6413850612919414
,,,,,,6113,-1.45089,1.23788,44.6377,3.652892829664436
,,,,,,6114,-1.45089,1.23828,44.6518,3.6708705862208006
,,,,,,6115,-1.45089,1.23871,44.6675,3.575467099217937
,,,,,,6116,-1.45275,1.2391,44.6815,3.634315298434059
,,,,,,6117,-1.44903,1.23953,44.697,3.7106005001356452
,,,,,,6118,-1.45461,1.23996,44.7124,3.640779470049832
,,,,,,6119,-1.45647,1.24038,44.7278,3.665508684027227
,,,,,,6121,-1.45275,1.24081,44.7433,3.7626752660946843
,,,,,,6122,-1.45461,1.24119,44.7568,3.6405470001093794
,,,,,,6123,-1.45461,1.24161,44.7722,3.65869812346777
,,,,,,6124,-1.45461,1.24202,44.7868,3.6544583525018948
,,,,,,6125,-1.45647,1.24245,44.8022,3.572776161452701
,,,,,,6126,-1.44903,1.24287,44.8177,3.6681745470084173
,,,,,,6127,-1.45275,1.2433,44.8331,3.6319873194331724
,,,,,,6128,-1.44903,1.24373,44.8484,3.681428131282432
,,,,,,6129,-1.45647,1.24418,44.8647,3.5517694352540605
,,,,,,6130,-1.45275,1.24461,44.8801,3.583412375365316
,,,,,,6131,-1.45275,1.24498,44.8936,3.636311443914218
,,,,,,6132,-1.45089,1.24541,44.9091,3.6255215140438803
,,,,,,6133,-1.45833,1.24584,44.9245,3.7077654616886084
,,,,,,6134,-1.45647,1.24627,44.9399,3.6210669273054346
,,,,,,6135,-1.45461,1.24669,44.9554,3.6577752876841094
,,,,,,6136,-1.45275,1.24715,44.9718,3.6137535385666095
,,,,,,6137,-1.45275,1.24755,44.9861,3.6668760214899248
,,,,,,6138,-1.45461,1.24797,45.0015,3.669501225377659
,,,,,,6139,-1.45647,1.24841,45.0172,3.6114946646127373
,,,,,,6140,-1.45275,1.2488,45.0312,3.596098748860184
,,,,,,6141,-1.45275,1.24922,45.0463,3.5184956249960493
,,,,,,6142,-1.45275,1.24965,45.0618,3.681100104681305
,,,,,,6144,-1.45275,1.25007,45.0772,3.651646491975443
,,,,,,6145,-1.45275,1.2505,45.0927,3.6850053022137876
,,,,,,6146,-1.45275,1.25093,45.1081,3.7467420182090163
,,,,,,6147,-1.45275,1.25136,45.1235,3.732719009796618
,,,,,,6148,-1.45275,1.25178,45.1389,3.733597595680525
,,,,,,6149,-1.45275,1.25218,45.1532,3.5758199424306176
,,,,,,6150,-1.45275,1.25261,45.1686,3.634099573262119
,,,,,,6151,-1.45089,1.25304,45.184,3.559324447719849
,,,,,,6152,-1.45089,1.25348,45.2,3.6561016697796354
,,,,,,6153,-1.45275,1.25389,45.2147,3.5729902376567475
,,,,,,6154,-1.45275,1.25431,45.23,3.635856643574712
,,,,,,6155,-1.45275,1.25469,45.2435,3.6692728961551198
,,,,,,6156,-1.45275,1.25511,45.259,3.6681102675609942
,,,,,,6157,-1.45647,1.25554,45.2744,3.585244604308511
,,,,,,6158,-1.45275,1.25597,45.2898,3.6505776578850937
,,,,,,6159,-1.45275,1.2564,45.3053,3.6941353552945597
,,,,,,6160,-1.45461,1.25682,45.3207,3.6314159284052896
,,,,,,6161,-1.45089,1.25725,45.3361,3.6829123408567446
,,,,,,6162,-1.45275,1.25768,45.3515,3.5676194908713565
,,,,,,6163,-1.45275,1.25808,45.3658,3.631248613212065
,,,,,,6164,-1.45275,1.25849,45.3807,3.5898965582698312
,,,,,,6165,-1.45275,1.25892,45.3961,3.54006691928044
,,,,,,6166,-1.45461,1.25934,45.4115,3.66398293142321
,,,,,,6168,-1.45275,1.25977,45.4269,3.605053254910044
,,,,,,6169,-1.45275,1.26019,45.4419,3.609388946718446
,,,,,,6170,-1.45647,1.26058,45.4561,3.6460907578124853
,,,,,,6171,-1.45275,1.26101,45.4715,3.7476715407755075
,,,,,,6172,-1.45275,1.26143,45.4869,3.68896396331498
,,,,,,6173,-1.45461,1.26186,45.5024,3.6748091296264764
,,,,,,6174,-1.45461,1.26229,45.5178,3.68582897887609
,,,,,,6175,-1.45461,1.26272,45.5332,3.7243324523565686
,,,,,,6176,-1.45461,1.26315,45.5489,3.6113305478372197
,,,,,,6177,-1.45461,1.26353,45.5625,3.6383652243281865
,,,,,,6178,-1.45275,1.26396,45.5779,3.709751298248573
,,,,,,6179,-1.45275,1.26439,45.5933,3.7572002243324185
,,,,,,6180,-1.45461,1.26479,45.6081,3.596607292453647
,,,,,,6181,-1.45275,1.26522,45.6233,3.5813202955269334
,,,,,,6182,-1.45275,1.26565,45.6388,3.6986156748170504
,,,,,,6183,-1.45089,1.26607,45.6542,3.6226671127779024
,,,,,,6184,-1.45275,1.2665,45.6696,3.6864876679687346
,,,,,,6185,-1.45275,1.26693,45.6849,3.639906248642104
,,,,,,6186,-1.45461,1.26735,45.7003,3.648638863659009
,,,,,,6187,-1.45461,1.26778,45.7158,3.601454568408221
,,,,,,6188,-1.45461,1.26821,45.7312,3.6811373484523204
,,,,,,6189,-1.45833,1.26861,45.7456,3.6467702437079343
,,,,,,6190,-1.45089,1.26904,45.7611,3.6634498002306524
,,,,,,6192,-1.45461,1.26946,45.7765,3.6408934422002415
,,,,,,6193,-1.45275,1.26989,45.7919,3.6708534030954114
,,,,,,6194,-1.45275,1.27032,45.8073,3.609070078527547
,,,,,,6195,-1.45461,1.27074,45.8226,3.6272179040777828
,,,,,,6196,-1.45461,1.27112,45.8361,3.6682546500634494
,,,,,,6197,-1.45275,1.27155,45.8516,3.5792098288810053
,,,,,,6198,-1.45275,1.27197,45.867,3.5753373236864423
,,,,,,6199,-1.45275,1.2724,45.8823,3.634048570302506
,,,,,,6200,-1.45275,1.27281,45.8973,3.648955042894988
,,,,,,6201,-1.45089,1.27324,45.9127,3.704005928830468
,,,,,,6202,-1.45461,1.27368,45.9286,3.609642849671257
,,,,,,6203,-1.45089,1.27407,45.9425,3.5829780140812093
,,,,,,6204,-1.45647,1.27449,45.9578,3.6537922603325472
,,,,,,6205,-1.45275,1.27493,45.9735,3.619885497485167
,,,,,,6206,-1.45275,1.2753,45.9871,3.631792696329945
,,,,,,6207,-1.45461,1.27573,46.0023,3.7054996976337735
,,,,,,6208,-1.45461,1.27615,46.0175,3.6119021060808247
,,,,,,6209,-1.45275,1.27658,46.0329,3.645816028134748
,,,,,,6210,-1.45461,1.277,46.0484,3.697300477985196
,,,,,,6211,-1.45275,1.27743,46.0638,3.699206226057059
,,,,,,6212,-1.45275,1.27786,46.0792,3.5729631194857965
,,,,,,6213,-1.45275,1.27829,46.0946,3.6674336661362377
,,,,,,6214,-1.45089,1.27872,46.1101,3.7052843008576533
,,,,,,6215,-1.45275,1.27914,46.1255,3.674708135436259
,,,,,,6217,-1.45461,1.27957,46.1408,3.6934014015529706
,,,,,,6218,-1.45461,1.27994,46.1543,3.627975004234336
,,,,,,6219,-1.45275,1.28037,46.1697,3.6365806719452243
,,,,,,6220,-1.45461,1.2808,46.1852,3.5833670963676973
,,,,,,6221,-1.45461,1.28123,46.2006,3.611457271760643
,,,,,,6222,-1.45461,1.28165,46.216,3.60533310289685
,,,,,,6223,-1.45461,1.28208,46.2315,3.665642183123307
,,,,,,6224,-1.45275,1.28251,46.2469,3.575612735619068
,,,,,,6225,-1.45461,1.28294,46.2623,3.6377778661097873
,,,,,,6226,-1.45461,1.28337,46.2778,3.7037740677878306
,,,,,,6227,-1.45275,1.28379,46.2932,3.6355557882096283
,,,,,,6228,-1.45461,1.28422,46.3086,3.660596243478784
,,,,,,6229,-1.45089,1.28465,46.3241,3.6140636404159037
,,,,,,6230,-1.45461,1.2851,46.3404,3.644154385302761
,,,,,,6231,-1.45275,1.28552,46.3554,3.5528567472458423
,,,,,,6232,-1.45275,1.28595,46.3708,3.602968498277263
,,,,,,6233,-1.45275,1.28637,46.3862,3.6374073094147015
,,,,,,6234,-1.45275,1.2868,46.4017,3.5347908065051636
,,,,,,6236,-1.45275,1.28723,46.4171,3.666197826984415
,,,,,,6237,-1.45275,1.28766,46.4325,3.6049167378874825
,,,,,,6238,-1.45461,1.28808,46.4478,3.695341916777151
,,,,,,6239,-1.45275,1.28847,46.4619,3.7054086691337043
,,,,,,6240,-1.45275,1.28893,46.4782,3.5739521015005833
,,,,,,6241,-1.45275,1.2893,46.4918,3.682191045151697
,,,,,,6242,-1.45275,1.28973,46.5072,3.643534950585099
,,,,,,6243,-1.45275,1.29016,46.5226,3.728035946070758
,,,,,,6244,-1.45275,1.29058,46.538,3.6200071932129965
,,,,,,6245,-1.45461,1.29101,46.5535,3.6591358809084893
,,,,,,6246,-1.45275,1.29144,46.5689,3.742526144042792
,,,,,,6247,-1.45275,1.29187,46.5843,3.6192882771261417
,,,,,,6248,-1.45275,1.2923,46.5998,3.643484663545314
,,,,,,6249,-1.45275,1.29272,46.6152,3.5839050734410804
,,,,,,6250,-1.45461,1.29315,46.6306,3.665025553899627
,,,,,,6251,-1.45461,1.29356,46.6455,3.6281870329171126
,,,,,,6252,-1.45461,1.29397,46.6602,3.6369615886057374
,,,,,,6253,-1.45275,1.2944,46.6756,3.5985331966223306
,,,,,,6254,-1.45275,1.29483,46.6912,3.631000297882582
,,,,,,6255,-1.45461,1.29526,46.7066,3.7374502851527427
,,,,,,6256,-1.45275,1.29569,46.722,3.6807104478908212
,,,,,,6258,-1.45275,1.29611,46.7375,3.580624165492273
,,,,,,6259,-1.45275,1.29657,46.7538,3.6065102743916215
,,,,,,6260,-1.45275,1.29699,46.7692,3.5613365036812747
,,,,,,6261,-1.45275,1.29742,46.7846,3.6168271464023385
,,,,,,6262,-1.45275,1.29785,46.8001,3.6659317129106737
,,,,,,6263,-1.45089,1.29828,46.8155,3.641754864614979
,,,,,,6264,-1.45275,1.2987,46.8308,3.560017800057779
,,,,,,6265,-1.45275,1.29908,46.8443,3.722069544959282
,,,,,,6266,-1.45275,1.2995,46.8597,3.59509830414119
,,,,,,6267,-1.45461,1.29993,46.8751,3.7227415837019997
,,,,,,6268,-1.45275,1.30036,46.8907,3.7358213766904727
,,,,,,6269,-1.45461,1.30079,46.906,3.6993932147968205
,,,,,,6270,-1.45461,1.30116,46.9195,3.6531585128295134
,,,,,,6271,-1.45275,1.30161,46.9356,3.610912112559251
,,,,,,6272,-1.45461,1.30202,46.9503,3.7454622016788397
,,,,,,6273,-1.45461,1.30239,46.9638,3.6658580017026177
,,,,,,6274,-1.45275,1.30282,46.9792,3.601469296295999
,,,,,,6275,-1.45461,1.30326,46.995,3.5856754726659363
,,,,,,6276,-1.45275,1.30368,47.0104,3.576455727731519
,,,,,,6277,-1.45275,1.30411,47.0258,3.5889552787040424
,,,,,,6278,-1.45275,1.30451,47.0401,3.512118491437472
,,,,,,6279,-1.45461,1.30494,47.0558,3.6088480708741204
,,,,,,6280,-1.45275,1.30532,47.0693,3.676355057520214
,,,,,,6281,-1.45275,1.30575,47.0848,3.606889654762694
,,,,,,6283,-1.45275,1.30617,47.1002,3.6534075459148734
,,,,,,6284,-1.45461,1.3066,47.1156,3.6057016105639046
,,,,,,6285,-1.45461,1.30703,47.131,3.718865413922605
,,,,,,6286,-1.45275,1.30746,47.1465,3.5665925589378014
,,,,,,6287,-1.45461,1.30789,47.1619,3.6067805328561238
,,,,,,6288,-1.45275,1.30831,47.1773,3.7082285550770453
,,,,,,6289,-1.45275,1.30874,47.1928,3.663012699994697
,,,,,,6290,-1.45275,1.30917,47.2082,3.6030859952408125
,,,,,,6291,-1.45275,1.30962,47.2245,3.6560168845133525
,,,,,,6292,-1.45275,1.31001,47.2385,3.6710239207460056
,,,,,,6293,-1.45275,1.31044,47.2539,3.5616835045109307
,,,,,,6294,-1.45275,1.31086,47.2694,3.642617057535184
,,,,,,6295,-1.45461,1.31129,47.2848,3.61326873793686
,,,,,,6296,-1.45275,1.31172,47.3002,3.652357718436602
,,,,,,6297,-1.45275,1.31215,47.3156,3.5194401266386994
,,,,,,6298,-1.45461,1.31258,47.3311,3.622877986955573
,,,,,,6299,-1.45275,1.313,47.3465,3.604472868852482
,,,,,,6300,-1.45275,1.31343,47.3619,3.7005813414674003
,,,,,,6301,-1.45275,1.31386,47.3773,3.6088176372961285
,,,,,,6303,-1.45275,1.31429,47.3928,3.6291656239442465
,,,,,,6304,-1.45275,1.31466,47.4063,3.638039956721236
,,,,,,6305,-1.45089,1.31509,47.4216,3.573515331183583
,,,,,,6306,-1.45275,1.31551,47.437,3.5397398054311098
,,,,,,6307,-1.45461,1.31595,47.4526,3.6644745581638483
,,,,,,6308,-1.45275,1.31637,47.468,3.6559265905766973
,,,,,,6309,-1.45275,1.3168,47.4835,3.5806342489893432
,,,,,,6310,-1.45275,1.31722,47.4986,3.5444023878135336
,,,,,,6311,-1.45461,1.31766,47.5144,3.5526001428838216
,,,,,,6312,-1.45275,1.31808,47.5294,3.55768320570012
,,,,,,6313,-1.45089,1.31845,47.543,3.543357817553277
,,,,,,6314,-1.45275,1.31888,47.5584,3.5795038717109917
,,,,,,6315,-1.45275,1.31931,47.5738,3.645918022022265
,,,,,,6316,-1.45461,1.31974,47.5893,3.658835181690657
,,,,,,6317,-1.45275,1.32016,47.6047,3.612416805492727
,,,,,,6318,-1.45275,1.32058,47.6197,3.5626677537197393
,,,,,,6319,-1.45461,1.321,47.6347,3.6176105086157686
,,,,,,6320,-1.45833,1.32142,47.6501,3.6537870055926915
,,,,,,6321,-1.45089,1.32185,47.6655,3.6653113080569146
,,,,,,6322,-1.45089,1.32228,47.681,3.648671817271676
,,,,,,6323,-1.45275,1.32271,47.6964,3.6214844909916413
,,,,,,6325,-1.45275,1.32314,47.7118,3.6290230026564427
,,,,,,6326,-1.45461,1.32356,47.7273,3.655065894359159
,,,,,,6327,-1.45275,1.32399,47.7427,3.643808969125378
,,,,,,6328,-1.45275,1.32441,47.7578,3.6281834760247427
,,,,,,6329,-1.45461,1.32484,47.7734,3.6405238614981963
,,,,,,6330,-1.45275,1.32527,47.7888,3.6114817311459952
,,,,,,6331,-1.45275,1.3257,47.8043,3.574756708378839
,,,,,,6332,-1.45275,1.32613,47.8197,3.6594700675154024
,,,,,,6333,-1.45275,1.32655,47.8351,3.6546948176046627
,,,,,,6334,-1.45461,1.32693,47.8487,3.5926204967676005
,,,,,,6335,-1.45461,1.32734,47.8634,3.598298580045072
,,,,,,6336,-1.45647,1.32777,47.8788,3.619510658018997
,,,,,,6337,-1.45461,1.32819,47.8941,3.7087839063138186
,,,,,,6338,-1.45275,1.32856,47.9076,3.5993840718901695
,,,,,,6339,-1.45275,1.32899,47.923,3.6293713627944797
,,,,,,6340,-1.45275,1.32942,47.9385,3.5119728105276393
,,,,,,6341,-1.45275,1.32985,47.9539,3.5336403347025507
,,,,,,6342,-1.45461,1.33028,47.9696,3.619222966152586
,,,,,,6343,-1.45461,1.33067,47.9836,3.5677915790291754
,,,,,,6344,-1.45275,1.3311,47.999,3.6739805385197126
,,,,,,6345,-1.45275,1.33153,48.0145,3.728635373497828
,,,,,,6346,-1.45275,1.33196,48.0299,3.5929565912147097
,,,,,,6347,-1.45275,1.33238,48.0453,3.6794484872317974
,,,,,,6349,-1.45275,1.33281,48.0607,3.5090897588187833
,,,,,,6350,-1.45275,1.33324,48.0762,3.6373491812004923
,,,,,,6351,-1.45275,1.33368,48.0922,3.660151967349419
,,,,,,6352,-1.45275,1.33411,48.1076,3.6376399283528404
,,,,,,6353,-1.45275,1.33454,48.123,3.5267465467478694
,,,,,,6354,-1.45461,1.33497,48.1385,3.562215579477031
,,,,,,6355,-1.45275,1.33539,48.1539,3.7369641858847946
,,,,,,6356,-1.45275,1.33582,48.1693,3.562834133062459
,,,,,,6357,-1.45275,1.33625,48.1847,3.607082871032873
,,,,,,6358,-1.45461,1.33668,48.2002,3.593614848595583
,,,,,,6359,-1.45461,1.33711,48.2156,3.6944704001954247
,,,,,,6360,-1.45089,1.33753,48.2309,3.6117414379457298
,,,,,,6361,-1.45461,1.33791,48.2444,3.551889712780388
,,,,,,6362,-1.45275,1.33831,48.2591,3.6202408346681705
,,,,,,6363,-1.45275,1.33875,48.2748,3.6122423324469604
,,,,,,6364,-1.45275,1.33918,48.2903,3.593186559011511
,,,,,,6365,-1.45275,1.3396,48.3057,3.6159923276174664
,,,,,,6366,-1.45461,1.34003,48.3211,3.558608923400479
,,,,,,6367,-1.45275,1.34046,48.3366,3.653742934953403
,,,,,,6368,-1.45275,1.34089,48.352,3.6707757123054567
,,,,,,6370,-1.45275,1.34132,48.3674,3.6510864956620677
,,,,,,6371,-1.45461,1.3417,48.3811,3.6174048344304706
,,,,,,6372,-1.45275,1.34213,48.3968,3.6539092293407376
,,,,,,6373,-1.45089,1.34256,48.4122,3.55470770834851
,,,,,,6374,-1.45461,1.34298,48.4275,3.634690835632731
,,,,,,6375,-1.45275,1.3434,48.4427,3.5910952544101535
,,,,,,6376,-1.45275,1.34383,48.4581,3.5959437274458455
,,,,,,6377,-1.45461,1.34426,48.4735,3.5715528543313098
,,,,,,6378,-1.45461,1.34469,48.489,3.6101873689060637
,,,,,,6379,-1.45275,1.34511,48.5042,3.5917700753033577
,,,,,,6380,-1.45275,1.34549,48.5178,3.594859007517635
,,,,,,6381,-1.45461,1.34591,48.5332,3.594778879052029
,,,,,,6382,-1.45275,1.34632,48.5479,3.632216697886042
,,,,,,6383,-1.45089,1.34673,48.5625,3.714432404922726
,,,,,,6384,-1.45461,1.34715,48.5779,3.559241398016557
,,,,,,6385,-1.45275,1.34758,48.5933,3.6314788808467515
,,,,,,6386,-1.45275,1.34801,48.6088,3.571573827019835
,,,,,,6387,-1.45461,1.34844,48.6242,3.64701041817018
,,,,,,6388,-1.45275,1.34886,48.6396,3.6316350320004176
,,,,,,6389,-1.45647,1.34929,48.6551,3.6387759267014164
,,,,,,6390,-1.45461,1.34968,48.6692,3.612151888905728
,,,,,,6391,-1.45275,1.35011,48.6846,3.6913180179123093
,,,,,,6392,-1.45461,1.35054,48.7,3.5695303885656093
,,,,,,6393,-1.45089,1.35097,48.7155,3.590592876163689
,,,,,,6394,-1.45275,1.35137,48.73,3.5875516736489677
,,,,,,6395,-1.45461,1.3518,48.7453,3.5260984619284184
,,,,,,6397,-1.45461,1.35222,48.7607,3.5400361580876316
,,,,,,6398,-1.45275,1.35264,48.7757,3.643316680749915
,,,,,,6399,-1.45275,1.35303,48.7898,3.5636088240891812
,,,,,,6400,-1.45089,1.35346,48.8053,3.575940707794737
,,,,,,6401,-1.45461,1.35389,48.8207,3.7143481443480155
,,,,,,6402,-1.45275,1.35431,48.8361,3.595390621198577
,,,,,,6403,-1.45275,1.35473,48.8513,3.739368428353261
,,,,,,6404,-1.45275,1.35516,48.8665,3.5911770386709794
,,,,,,6405,-1.45275,1.35559,48.882,3.596585644275269
,,,,,,6406,-1.45275,1.35601,48.8974,3.6935069971596386
,,,,,,6407,-1.45461,1.35644,48.9128,3.613679723225726
,,,,,,6408,-1.45275,1.35687,48.9283,3.6679445184441115
,,,,,,6409,-1.45275,1.3573,48.9437,3.5179975406938215
,,,,,,6410,-1.45461,1.35772,48.9591,3.645751503864582
,,,,,,6411,-1.45275,1.35815,48.9745,3.5834206874503423
,,,,,,6412,-1.45275,1.35858,48.99,3.626551521142201
,,,,,,6413,-1.45275,1.35901,49.0054,3.5592405127087554
,,,,,,6414,-1.45461,1.35944,49.0208,3.5484403940695177
,,,,,,6415,-1.45275,1.35986,49.0363,3.662465298703034
,,,,,,6417,-1.45275,1.36029,49.0517,3.592384974118475
,,,,,,6418,-1.45275,1.36072,49.0671,3.6013552509529183
,,,,,,6419,-1.45275,1.36115,49.0826,3.5798717134996747
,,,,,,6420,-1.45461,1.36158,49.098,3.521082480350981
,,,,,,6421,-1.45275,1.36198,49.1124,3.5955999163636663
,,,,,,6422,-1.45275,1.3624,49.1278,3.5877700831320394
,,,,,,6423,-1.45275,1.36283,49.1433,3.5708817803023396
,,,,,,6424,-1.45275,1.36326,49.1587,3.600832506587499
,,,,,,6425,-1.45461,1.36369,49.1741,3.5811160702079925
,,,,,,6426,-1.45275,1.36412,49.1895,3.6689301502880216
,,,,,,6427,-1.45275,1.36454,49.205,3.585393556460157
,,,,,,6428,-1.45647,1.36497,49.2204,3.6140202643828983
,,,,,,6429,-1.45275,1.3654,49.2357,3.6335765347925997
,,,,,,6430,-1.45275,1.36577,49.2492,3.596556232962418
,,,,,,6431,-1.45275,1.3662,49.2647,3.706965728211881
,,,,,,6432,-1.45275,1.36663,49.2801,3.5892331789467518
,,,,,,6433,-1.45461,1.36705,49.2955,3.5555208258318993
,,,,,,6434,-1.45275,1.36749,49.3111,3.620407595439878
,,,,,,6435,-1.45275,1.36788,49.3254,3.5598670624324145
,,,,,,6436,-1.45275,1.36831,49.3408,3.618862119704121
,,,,,,6438,-1.45461,1.36874,49.3562,3.643388600911946
,,,,,,6439,-1.45275,1.36917,49.3717,3.6009024765087223
,,,,,,6440,-1.45275,1.36959,49.3871,3.632664267875326
,,,,,,6441,-1.45275,1.37002,49.4025,3.651367405820041
,,,,,,6442,-1.45275,1.37045,49.4179,3.5649111079282054
,,,,,,6443,-1.45833,1.37085,49.4325,3.63228928438718
,,,,,,6444,-1.45089,1.37128,49.4479,3.6492362629810335
,,,,,,6445,-1.45647,1.37171,49.4633,3.608759149183487
,,,,,,6446,-1.45275,1.3721,49.4776,3.5944673940387926
,,,,,,6447,-1.45647,1.37253,49.493,3.619505226668749
,,,,,,6448,-1.45647,1.37296,49.5084,3.57600646254318
,,,,,,6449,-1.45275,1.37339,49.5239,3.6067240186496785
,,,,,,6450,-1.45647,1.37381,49.5393,3.5588885229635774
,,,,,,6451,-1.45275,1.37424,49.5547,3.703454881419462
,,,,,,6452,-1.45275,1.37467,49.5702,3.572641770617405
,,,,,,6453,-1.45275,1.3751,49.5856,3.5961394948818266
,,,,,,6454,-1.45275,1.37553,49.6011,3.5924116245377924
,,,,,,6455,-1.44903,1.37595,49.6165,3.563779856834349
,,,,,,6456,-1.45461,1.37638,49.6318,3.5941904942856655
,,,,,,6457,-1.45089,1.37675,49.6453,3.5616071057354657
,,,,,,6458,-1.45461,1.37718,49.6607,3.674593540735266
,,,,,,6459,-1.45461,1.37761,49.6762,3.6318409675834755
,,,,,,6461,-1.45461,1.37804,49.6916,3.60012905417025
,,,,,,6462,-1.45275,1.37847,49.707,3.5117636352573696
,,,,,,6463,-1.45461,1.37889,49.7224,3.506905560828567
,,,,,,6464,-1.45647,1.37932,49.7379,3.6166619375763185
,,,,,,6465,-1.45461,1.37975,49.7533,3.620410324892883
,,,,,,6466,-1.45461,1.38018,49.7687,3.5525303885108794
,,,,,,6467,-1.45647,1.3806,49.7841,3.4926171429121693
,,,,,,6468,-1.45089,1.38098,49.7977,3.58707422651064
,,,,,,6469,-1.45461,1.38141,49.8131,3.6024667083108737
,,,,,,6470,-1.45275,1.38184,49.8285,3.5270348973566
,,,,,,6471,-1.45647,1.38226,49.844,3.480374626183111
,,,,,,6472,-1.45647,1.38264,49.8575,3.6016596566004133
,,,,,,6473,-1.45461,1.38304,49.8721,3.6093625498036257
,,,,,,6474,-1.45275,1.38345,49.8869,3.6242379424225546
,,,,,,6475,-1.45275,1.38388,49.9024,3.607295635887113
,,,,,,6476,-1.45275,1.38431,49.9178,3.607203044313149
,,,,,,6477,-1.45275,1.38474,49.9332,3.573876001764571
,,,,,,6478,-1.45089,1.38517,49.9487,3.5946527160697275
,,,,,,6479,-1.45089,1.38559,49.9641,3.6548505148059776
,,,,,,6480,-1.44903,1.38602,49.9794,3.607266264161777
,,,,,,6481,-1.45275,1.38639,49.9929,3.5791371666948693
,,,,,,6482,-1.45461,1.38682,50.0083,3.5925571724583345
,,,,,,6483,-1.45833,1.38725,50.0239,3.545884738978963
,,,,,,6484,-1.45089,1.38768,50.0392,3.607807182395535
,,,,,,6485,-1.45089,1.38808,50.0538,3.55431638711758
,,,,,,6486,-1.45461,1.38849,50.0685,3.6579821389662888
,,,,,,6487,-1.45089,1.38892,50.0839,3.652753096041085
,,,,,,6488,-1.45833,1.38935,50.0993,3.6080431093422494
,,,,,,6490,-1.45461,1.38977,50.1147,3.6138463739794453
,,,,,,6491,-1.45275,1.3902,50.1302,3.639041589217215
,,,,,,6492,-1.45275,1.39058,50.1437,3.5072834762823955
,,,,,,6493,-1.45275,1.391,50.1591,3.50961193445579
,,,,,,6494,-1.45275,1.39152,50.1778,3.6120601075877246
,,,,,,6495,-1.45089,1.39195,50.1932,3.582914703492949
,,,,,,6496,-1.45461,1.39238,50.2086,3.661355766150987
,,,,,,6497,-1.45275,1.39275,50.2222,3.636084191543972
,,,,,,6498,-1.45275,1.39319,50.2379,3.5724005799378364
,,,,,,6499,-1.45275,1.39359,50.2523,3.5294036457414926
,,,,,,6500,-1.45461,1.39402,50.2677,3.481774577240427
,,,,,,6501,-1.45275,1.39444,50.2832,3.552181283487102
,,,,,,6502,-1.45275,1.39487,50.2985,3.6348607352857556
,,,,,,6503,-1.45461,1.39524,50.312,3.488012339744554
,,,,,,6504,-1.45275,1.39567,50.3274,3.63226093748628
,,,,,,6505,-1.45275,1.39611,50.3434,3.676513163361389
,,,,,,6506,-1.45461,1.39652,50.358,3.6208780191039462
,,,,,,6507,-1.45089,1.39695,50.3734,3.5846762152194276
,,,,,,6508,-1.45647,1.39737,50.3888,3.447574242666009
,,,,,,6510,-1.45461,1.39788,50.4072,3.585447943840282
,,,,,,6511,-1.45275,1.39826,50.4207,3.5598848154833362
,,,,,,6512,-1.45275,1.39869,50.4361,3.544862867897483
,,,,,,6513,-1.45275,1.39909,50.4508,3.5858727624751836
,,,,,,6514,-1.45275,1.39952,50.4663,3.6376512723681156
,,,,,,6515,-1.45275,1.39995,50.4817,3.580241146433241
,,,,,,6516,-1.45275,1.40038,50.4971,3.625066622203757
,,,,,,6517,-1.45461,1.4008,50.5126,3.6199869869941437
,,,,,,6518,-1.45275,1.40123,50.528,3.5617173000545295
,,,,,,6519,-1.45461,1.40166,50.5434,3.65062345979517
,,,,,,6520,-1.45647,1.40209,50.5588,3.5806568778443553
,,,,,,6521,-1.45461,1.40253,50.5747,3.645116719078275
,,,,,,6522,-1.45461,1.40294,50.5897,3.644824751383316
,,,,,,6523,-1.45275,1.40337,50.6051,3.5332797145011674
,,,,,,6524,-1.45275,1.4038,50.6206,3.6174793879293428
,,,,,,6525,-1.45275,1.40421,50.6353,3.5502681993007723
,,,,,,6526,-1.45275,1.40463,50.6504,3.625806405886181
,,,,,,6527,-1.45275,1.40506,50.6659,3.5440019642476055
,,,,,,6528,-1.45275,1.40548,50.6813,3.548885755186363
,,,,,,6530,-1.45461,1.40591,50.6967,3.616884150434296
,,,,,,6531,-1.45275,1.40634,50.712,3.6326500092283984
,,,,,,6532,-1.45275,1.40671,50.7255,3.596045474239347
,,,,,,6533,-1.45461,1.40714,50.741,3.57987760096691
,,,,,,6534,-1.45275,1.40757,50.7564,3.580355019463951
,,,,,,6535,-1.45461,1.40799,50.7718,3.49717615322005
,,,,,,6536,-1.45275,1.40842,50.7873,3.6216294454425584
,,,,,,6537,-1.45461,1.40885,50.8027,3.629516521691943
,,,,,,6538,-1.45461,1.40924,50.8167,3.5160881546428904
,,,,,,6539,-1.45461,1.40969,50.8328,3.608639590828698
,,,,,,6540,-1.45275,1.41011,50.8482,3.5798186986650165
,,,,,,6541,-1.45275,1.41054,50.8637,3.613324562771048
,,,,,,6542,-1.45461,1.41097,50.8791,3.6263576309697654
,,,,,,6543,-1.45275,1.4114,50.8945,3.5963570267652916
,,,,,,6544,-1.45275,1.41183,50.91,3.572153651991881
,,,,,,6545,-1.45461,1.41225,50.9252,3.660232146099675
,,,,,,6546,-1.45275,1.41267,50.9403,3.571069357461906
,,,,,,6547,-1.45461,1.41304,50.9538,3.5386541920173604
,,,,,,6548,-1.44903,1.4135,50.9702,3.574080284163459
,,,,,,6549,-1.45275,1.41389,50.9843,3.6250688979150385
,,,,,,6550,-1.45089,1.41431,50.9996,3.5041981361645593
,,,,,,6551,-1.44903,1.41474,51.015,3.6400358187680384
,,,,,,6553,-1.45461,1.41517,51.0304,3.6022175584363594
,,,,,,6554,-1.45089,1.4156,51.046,3.6515134665626254
,,,,,,6555,-1.45461,1.41603,51.0615,3.5731675543030064
,,,,,,6556,-1.45461,1.41649,51.0782,3.5886301302375334
,,,,,,6557,-1.45089,1.41692,51.0937,3.5083275784049928
,,,,,,6558,-1.45461,1.41735,51.1091,3.651566005398027
,,,,,,6559,-1.45647,1.41777,51.1244,3.6318795576436798
,,,,,,6560,-1.45461,1.41818,51.1392,3.5537208039655805
,,,,,,6561,-1.45275,1.41861,51.1547,3.576264998910717
,,,,,,6562,-1.45461,1.41901,51.1689,3.6216495488822273
,,,,,,6563,-1.45275,1.41943,51.1843,3.586355228705299
,,,,,,6564,-1.45275,1.41987,51.2001,3.5357286473604734
,,,,,,6565,-1.45461,1.42029,51.2152,3.4506836760052795
,,,,,,6566,-1.45275,1.42072,51.2306,3.590418575542798
,,,,,,6567,-1.45275,1.42115,51.2461,3.663262207982508
,,,,,,6568,-1.45461,1.42157,51.2615,3.5859269973100645
,,,,,,6569,-1.45089,1.422,51.2769,3.638058181089223
,,,,,,6570,-1.45275,1.42243,51.2923,3.6036909439253058
,,,,,,6572,-1.45461,1.42286,51.3078,3.5602810349263923
,,,,,,6573,-1.45461,1.42329,51.3232,3.6747360212837505
,,,,,,6574,-1.45461,1.42371,51.3386,3.549215415867146
,,,,,,6575,-1.45461,1.42414,51.3541,3.5881254071771096
,,,,,,6576,-1.45275,1.42457,51.3695,3.595636672882047
,,,,,,6577,-1.45275,1.425,51.3849,3.577510067474981
,,,,,,6578,-1.45089,1.42542,51.4003,3.5214600593387155
,,,,,,6579,-1.45275,1.42585,51.4158,3.6316681832423856
,,,,,,6580,-1.45275,1.42628,51.431,3.549217842471785
,,,,,,6581,-1.45275,1.42665,51.4446,3.5359728395689674
,,,,,,6582,-1.45275,1.42708,51.46,3.5892291445381814
,,,,,,6583,-1.45275,1.42751,51.4754,3.513200165617965
,,,,,,6584,-1.45275,1.42794,51.4909,3.6609524692167152
,,,,,,6585,-1.45275,1.42836,51.5063,3.6640582560770767
,,,,,,6586,-1.45275,1.42879,51.5217,3.646713494418976
,,,,,,6587,-1.45275,1.42922,51.5372,3.5888569238494172
,,,,,,6588,-1.45275,1.42962,51.5517,3.644992575345988
,,,,,,6589,-1.45275,1.43005,51.567,3.606558701572805
,,,,,,6590,-1.45647,1.43047,51.5824,3.63097179330849
,,,,,,6591,-1.45461,1.4309,51.5979,3.501303081854906
,,,,,,6593,-1.45461,1.43133,51.6133,3.6961884436441172
,,,,,,6594,-1.45089,1.43176,51.6287,3.5929843086612796
,,,,,,6595,-1.45275,1.43219,51.6441,3.622172592555033
,,,,,,6596,-1.45275,1.43264,51.6606,3.481104999537944
,,,,,,6597,-1.45089,1.43304,51.6749,3.503699077767148
,,,,,,6598,-1.45089,1.43347,51.6903,3.614838731360933
,,,,,,6599,-1.45089,1.43389,51.7057,3.594477757213331
,,,,,,6600,-1.45275,1.43432,51.7211,3.5446435978198876
,,,,,,6601,-1.45275,1.43475,51.7366,3.601346164939936
,,,,,,6602,-1.45275,1.43518,51.752,3.6036598590370645
,,,,,,6603,-1.45461,1.4356,51.7674,3.4909114645684447
,,,,,,6604,-1.45461,1.43603,51.7829,3.6188622982929237
,,,,,,6605,-1.45461,1.43646,51.7983,3.590257443140227
,,,,,,6606,-1.45089,1.43689,51.8137,3.639023524215992
,,,,,,6607,-1.45275,1.43732,51.8291,3.662688238695441
,,,,,,6608,-1.45461,1.43773,51.8441,3.553997707911496
,,,,,,6609,-1.45461,1.43816,51.8597,3.6014795624189917
,,,,,,6610,-1.45275,1.43859,51.8751,3.6329626624607703
,,,,,,6612,-1.45275,1.43902,51.8906,3.578391388142381
,,,,,,6613,-1.45275,1.43945,51.906,3.4695085979068
,,,,,,6614,-1.45275,1.43987,51.9214,3.5102333684251206
,,,,,,6615,-1.45461,1.4403,51.9369,3.6493876217866625
,,,,,,6616,-1.45275,1.44073,51.9523,3.6319820167684624
,,,,,,6617,-1.45275,1.44115,51.9673,3.579393554952864
,,,,,,6618,-1.45461,1.44158,51.9827,3.6371690501642635
,,,,,,6619,-1.45275,1.442,51.9982,3.4924012073337725
,,,,,,6620,-1.45461,1.44243,52.0136,3.5614680978702977
,,,,,,6621,-1.45089,1.44285,52.0289,3.562614287168087
,,,,,,6622,-1.45461,1.44323,52.0424,3.594877302627597
,,,,,,6623,-1.45275,1.44366,52.0578,3.586693696785828
,,,,,,6624,-1.45275,1.44409,52.0733,3.6340197295102303
,,,,,,6625,-1.45275,1.44451,52.0887,3.520752070944515
,,,,,,6626,-1.45275,1.44494,52.1041,3.5548694640193217
,,,,,,6627,-1.45275,1.44537,52.1196,3.6304961642215035
,,,,,,6628,-1.45275,1.44583,52.136,3.5436922496232706
,,,,,,6629,-1.45275,1.44624,52.1508,3.6718931304966858
,,,,,,6630,-1.45275,1.44667,52.1663,3.672065350525298
,,,,,,6632,-1.45275,1.44709,52.1817,3.6184919057860907
,,,,,,6633,-1.45461,1.44748,52.1958,3.620186935016837
,,,,,,6634,-1.45275,1.44793,52.212,3.585888952237635
,,,,,,6635,-1.45275,1.44831,52.2255,3.554029141581799
,,,,,,6636,-1.45275,1.44879,52.243,3.550668956378704
,,,,,,6637,-1.45461,1.44922,52.2583,3.5380263453954144
,,,,,,6638,-1.45089,1.44964,52.2737,3.470088189426714
,,,,,,6639,-1.45461,1.45007,52.2891,3.7095134148297277
,,,,,,6640,-1.45275,1.4505,52.3046,3.583247890282312
,,,,,,6641,-1.45275,1.45093,52.32,3.612606922425747
,,,,,,6642,-1.45275,1.45136,52.3354,3.5456003750025684
,,,,,,6643,-1.45089,1.45178,52.3508,3.6277140268932997
,,,,,,6644,-1.45461,1.45216,52.3644,3.658190622655402
,,,,,,6645,-1.45461,1.45259,52.3798,3.497245345446265
,,,,,,6646,-1.45275,1.45301,52.3952,3.5732108933277877
,,,,,,6647,-1.45275,1.45344,52.4107,3.5841338294340286
,,,,,,6648,-1.45275,1.45384,52.4251,3.5296769951461155
,,,,,,6649,-1.45275,1.45429,52.4411,3.547793026781242
,,,,,,6650,-1.45461,1.45466,52.4546,3.705689362567513
,,,,,,6651,-1.45275,1.45509,52.4701,3.6383199239845903
,,,,,,6652,-1.45275,1.45552,52.4855,3.5277116931207346
,,,,,,6654,-1.45275,1.45595,52.5009,3.610759126673231
,,,,,,6655,-1.45275,1.45637,52.5164,3.545046261846548
,,,,,,6656,-1.45275,1.45681,52.5319,3.607615507188424
,,,,,,6657,-1.45275,1.45723,52.5474,3.5578368736716217
,,,,,,6658,-1.45275,1.45766,52.5628,3.564498414028999
,,,,,,6659,-1.45275,1.45809,52.5781,3.5719860150361495
,,,,,,6660,-1.45089,1.45846,52.5916,3.5051347014831444
,,,,,,6661,-1.45275,1.45886,52.6062,3.659878227491068
,,,,,,6662,-1.45275,1.45932,52.6225,3.5289007621856703
,,,,,,6663,-1.45275,1.45969,52.636,3.6060721316427076
,,,,,,6664,-1.45275,1.46012,52.6514,3.4786000880143004
,,,,,,6665,-1.45275,1.46055,52.6669,3.6559757017496692
,,,,,,6666,-1.45089,1.46098,52.6823,3.5863266289308506
,,,,,,6667,-1.45275,1.4614,52.6977,3.546372022524381
,,,,,,6668,-1.45461,1.4618,52.712,3.6054561666638554
,,,,,,6669,-1.44717,1.46224,52.7278,3.610486854095519
,,,,,,6670,-1.44903,1.46265,52.7428,3.5849631132247675
,,,,,,6671,-1.45275,1.46308,52.7583,3.6743087767456086
,,,,,,6672,-1.45461,1.46351,52.7737,3.5755051901958046
,,,,,,6673,-1.44903,1.46394,52.7891,3.598216241260949
,,,,,,6674,-1.45275,1.46437,52.8046,3.5744427295063357
,,,,,,6675,-1.45089,1.46478,52.8194,3.6193858583329983
,,,,,,6676,-1.45461,1.46516,52.8331,3.597006954314038
,,,,,,6677,-1.45275,1.46558,52.8485,3.5403768688578374
,,,,,,6678,-1.45833,1.46601,52.8639,3.5828107742028084
,,,,,,6680,-1.45275,1.46644,52.8794,3.5816946797703118
,,,,,,6681,-1.45461,1.46686,52.8947,3.6126099398883644
,,,,,,6682,-1.45461,1.46729,52.9101,3.646255580147713
,,,,,,6683,-1.45275,1.46772,52.9255,3.562450717392824
,,,,,,6684,-1.45275,1.46815,52.9409,3.646720056986223
,,,,,,6685,-1.45461,1.46861,52.9575,3.5508078574354904
,,,,,,6686,-1.45275,1.46903,52.9727,3.607114210322753
,,,,,,6687,-1.45275,1.46946,52.9881,3.656020875861244
,,,,,,6688,-1.45275,1.46988,53.0035,3.5442093154970182
,,,,,,6689,-1.45275,1.47031,53.019,3.537620228650994
,,,,,,6690,-1.45461,1.47074,53.0344,3.5796388264308856
,,,,,,6691,-1.45461,1.47117,53.0498,3.6154888126373663
,,,,,,6692,-1.45461,1.47159,53.0651,3.5420041447238484
,,,,,,6693,-1.45275,1.47199,53.0794,3.636929289277135
,,,,,,6694,-1.45275,1.47241,53.0948,3.485249180184436
,,,,,,6695,-1.45275,1.47284,53.1101,3.5520065178843114
,,,,,,6696,-1.45461,1.47327,53.1255,3.56517855033939
,,,,,,6698,-1.45275,1.47369,53.1409,3.5964328093765587
,,,,,,6699,-1.45275,1.47412,53.1564,3.580209736489457
,,,,,,6700,-1.45461,1.4745,53.17,3.6149000084811425
,,,,,,6701,-1.45461,1.47493,53.1853,3.600828617547632
,,,,,,6702,-1.45461,1.47535,53.2008,3.55718172236621
,,,,,,6703,-1.45275,1.47578,53.2162,3.473339661610221
,,,,,,6704,-1.45275,1.47621,53.2316,3.609448502532544
,,,,,,6705,-1.45275,1.47664,53.247,3.6339826591615307
,,,,,,6706,-1.45275,1.47707,53.2625,3.5881824420195967
,,,,,,6707,-1.45275,1.47749,53.2779,3.637904949790422
,,,,,,6708,-1.45461,1.47793,53.2936,3.6747901204167075
,,,,,,6709,-1.45275,1.47832,53.3076,3.5248739216654905
,,,,,,6710,-1.45461,1.47875,53.3232,3.604242453914754
,,,,,,6711,-1.45275,1.47918,53.3386,3.666288148081439
,,,,,,6712,-1.45275,1.4796,53.354,3.617028153417436
,,,,,,6713,-1.45275,1.48003,53.3695,3.6764574562042154
,,,,,,6714,-1.45275,1.48046,53.3849,3.6347632670028527
,,,,,,6715,-1.45275,1.48089,53.4003,3.5878967675470426
,,,,,,6716,-1.45275,1.48132,53.4157,3.648973817030353
,,,,,,6717,-1.45275,1.48174,53.4312,3.6283093247773803
,,,,,,6718,-1.45275,1.48217,53.4466,3.570575427248394
,,,,,,6720,-1.45275,1.48257,53.4609,3.5520081296405186
,,,,,,6721,-1.45275,1.48298,53.4757,3.5634170712507505
,,,,,,6722,-1.45275,1.48341,53.4914,3.5326782194496626
,,,,,,6723,-1.45461,1.48384,53.5069,3.69132554477175
,,,,,,6724,-1.45275,1.48427,53.5223,3.5230907766626194
,,,,,,6725,-1.45275,1.4847,53.5377,3.541403040001662
,,,,,,6726,-1.45461,1.48513,53.5532,3.603427291936101
,,,,,,6727,-1.45275,1.48555,53.5686,3.4795937100762626
,,,,,,6728,-1.45275,1.48598,53.584,3.676384383460789
,,,,,,6729,-1.45461,1.48639,53.5989,3.4647202458303177
,,,,,,6730,-1.45275,1.48682,53.6143,3.6972157525004072
,,,,,,6731,-1.45275,1.4872,53.6278,3.5304944884193907
,,,,,,6732,-1.45275,1.48764,53.6439,3.52977861526058
,,,,,,6733,-1.45275,1.48804,53.6583,3.6015352266498555
,,,,,,6734,-1.45461,1.48847,53.6737,3.572965503602582
,,,,,,6735,-1.45461,1.4889,53.6893,3.619054292026615
,,,,,,6736,-1.45275,1.48933,53.7047,3.4925548091228222
,,,,,,6737,-1.45275,1.48976,53.7202,3.5541668457122917
,,,,,,6738,-1.45461,1.49018,53.7356,3.620930005375508
,,,,,,6739,-1.45461,1.49062,53.7512,3.580090775061443
,,,,,,6740,-1.45275,1.49102,53.7659,3.5740074382198777
,,,,,,6741,-1.45647,1.49143,53.7806,3.535393169889628
,,,,,,6742,-1.45461,1.49186,53.796,3.5970358204572332
,,,,,,6744,-1.45461,1.49229,53.8114,3.595443206344131
,,,,,,6745,-1.45275,1.49272,53.8269,3.64536764931121
,,,,,,6746,-1.45647,1.49314,53.8423,3.498549260615908
,,,,,,6747,-1.45275,1.49357,53.8577,3.5376792451595382
,,,,,,6748,-1.45275,1.494,53.873,3.5393587133242472
,,,,,,6749,-1.44903,1.4944,53.8874,3.552611542919924
,,,,,,6750,-1.45275,1.49482,53.9028,3.588465920543033
,,,,,,6751,-1.45275,1.49525,53.9183,3.5435329014672496
,,,,,,6752,-1.45275,1.49564,53.9324,3.5518001697179455
,,,,,,6753,-1.45275,1.49609,53.9484,3.5303754120282527
,,,,,,6754,-1.45275,1.49651,53.9638,3.6045545831230554
,,,,,,6755,-1.45275,1.49694,53.9791,3.5447672981960525
,,,,,,6756,-1.45461,1.49732,53.9928,3.5356733410878
,,,,,,6757,-1.45461,1.49777,54.0092,3.568859657183491
,,,,,,6758,-1.45089,1.4982,54.0247,3.5546073399653575
,,,,,,6759,-1.45089,1.49863,54.0401,3.6356302238828007
,,,,,,6760,-1.45461,1.49901,54.0538,3.6606261083880147
,,,,,,6761,-1.45275,1.49944,54.0692,3.5230384222763136
,,,,,,6762,-1.45275,1.49986,54.0846,3.5530908726898716
,,,,,,6763,-1.45461,1.50029,54.1001,3.592536988830532
,,,,,,6764,-1.45275,1.50072,54.1155,3.579771337219462
,,,,,,6766,-1.45089,1.50115,54.1309,3.5822250908441093
,,,,,,6767,-1.45461,1.50158,54.1464,3.5564772894734724
,,,,,,6768,-1.45275,1.502,54.1618,3.5859153758705946
,,,,,,6769,-1.45275,1.50243,54.1772,3.5743688850909723
,,,,,,6770,-1.45275,1.50286,54.1926,3.6499748621061414
,,,,,,6771,-1.45275,1.50329,54.2081,3.5139653142670437
,,,,,,6772,-1.45461,1.50372,54.2235,3.5584880297918264
,,,,,,6773,-1.45275,1.50414,54.2389,3.6319541612394963
,,,,,,6774,-1.45275,1.50457,54.2544,3.5211513520373687
,,,,,,6775,-1.45275,1.505,54.2698,3.625530905684935
,,,,,,6776,-1.45275,1.50543,54.2854,3.598641831448233
,,,,,,6777,-1.45461,1.50586,54.3008,3.629645469448631
,,,,,,6778,-1.45275,1.50627,54.3158,3.5678037130514078
,,,,,,6779,-1.45275,1.50665,54.3293,3.68405062004285
,,,,,,6780,-1.45275,1.50708,54.3448,3.624994582213632
,,,,,,6781,-1.45275,1.50751,54.3602,3.6033010835353725
,,,,,,6782,-1.45275,1.50793,54.3756,3.57300416576417
,,,,,,6783,-1.45275,1.50836,54.391,3.5298236190304815
,,,,,,6784,-1.45089,1.50879,54.4064,3.5097417278617895
,,,,,,6785,-1.45275,1.50922,54.4219,3.5644119525038995
,,,,,,6786,-1.45461,1.50964,54.437,3.553790883134287
,,,,,,6788,-1.45275,1.51002,54.451,3.667756467119757
,,,,,,6789,-1.45275,1.51046,54.4666,3.583425316107894
,,,,,,6790,-1.45461,1.51088,54.482,3.5983249613255905
,,,,,,6791,-1.45275,1.51131,54.4973,3.5851840476092978
,,,,,,6792,-1.45275,1.51172,54.512,3.5761698263993638
,,,,,,6793,-1.45275,1.51214,54.5273,3.5696120174311963
,,,,,,6794,-1.45275,1.51257,54.5427,3.645798591688821
,,,,,,6795,-1.45461,1.513,54.5581,3.6092003251356264
,,,,,,6796,-1.45275,1.51342,54.5736,3.5585353790672696
,,,,,,6797,-1.45275,1.51385,54.5888,3.524407187971462
,,,,,,6798,-1.45275,1.51422,54.6024,3.6234355253407906
,,,,,,6799,-1.45275,1.51465,54.6178,3.622351954650467
,,,,,,6800,-1.45647,1.51508,54.6334,3.636057590333979
,,,,,,6801,-1.45275,1.51548,54.6478,3.6488888580842707
,,,,,,6802,-1.45461,1.51591,54.6632,3.6571953127948524
,,,,,,6803,-1.45275,1.51634,54.6787,3.533333354117706
,,,,,,6804,-1.45461,1.51677,54.6941,3.629578702918051
,,,,,,6805,-1.45275,1.51719,54.7095,3.5944944890708825
,,,,,,6806,-1.45275,1.51762,54.7249,3.5406258899151455
,,,,,,6807,-1.45461,1.51805,54.7404,3.596029645439008
,,,,,,6808,-1.45461,1.51848,54.7558,3.6220935578683813
,,,,,,6809,-1.45461,1.5189,54.7711,3.552220412177528
,,,,,,6810,-1.45461,1.51928,54.7846,3.546083692403787
,,,,,,6812,-1.45461,1.5197,54.8001,3.570770578778412
,,,,,,6813,-1.45461,1.52013,54.8155,3.609446430273361
,,,,,,6814,-1.45647,1.52056,54.8309,3.5526331691499284
,,,,,,6815,-1.45275,1.52099,54.8463,3.5535193440735373
,,,,,,6816,-1.45461,1.52142,54.8618,3.635476195626544
,,,,,,6817,-1.45275,1.52184,54.8772,3.450632476332057
,,,,,,6818,-1.44903,1.52227,54.8926,3.579781144800486
,,,,,,6819,-1.45275,1.5227,54.9081,3.569766356078226
,,,,,,6820,-1.45461,1.52313,54.9235,3.5385492146371065
,,,,,,6821,-1.45089,1.52355,54.9389,3.5889358484559506
,,,,,,6822,-1.45275,1.52398,54.9543,3.5850498512666915
,,,,,,6823,-1.45275,1.52441,54.9697,3.558547654826239
,,,,,,6824,-1.45461,1.52484,54.9852,3.5661986336644405
,,,,,,6825,-1.45461,1.52527,55.0006,3.5986333592995705
,,,,,,6826,-1.45275,1.5257,55.0161,3.641008256653816
,,,,,,6827,-1.45275,1.52612,55.0315,3.571239920761803
,,,,,,6828,-1.45275,1.52655,55.0469,3.500022079822047
,,,,,,6829,-1.45275,1.52698,55.0623,3.4782540682524323
,,,,,,6830,-1.45461,1.52739,55.077,3.4891532927598017
,,,,,,6832,-1.45089,1.52778,55.0913,3.6297011876582777
,,,,,,6833,-1.45461,1.52823,55.1075,3.538779191300052
,,,,,,6834,-1.45275,1.52861,55.121,3.5179482466386913
,,,,,,6835,-1.45461,1.52903,55.1364,3.6310453238622897
,,,,,,6836,-1.45647,1.52946,55.1519,3.575610065097659
,,,,,,6837,-1.45461,1.52989,55.1673,3.574859566635317
,,,,,,6838,-1.45275,1.53032,55.1827,3.5580878808064567
,,,,,,6839,-1.45461,1.53075,55.1983,3.60861606225959
,,,,,,6840,-1.45275,1.53116,55.2133,3.6017380469062967
,,,,,,6841,-1.45647,1.53159,55.2287,3.558780124945317
,,,,,,6842,-1.45275,1.53202,55.2441,3.5109287848273847
,,,,,,6843,-1.45089,1.53245,55.2596,3.560722376437342
,,,,,,6844,-1.45275,1.53286,55.2743,3.6041976607307165
,,,,,,6845,-1.45461,1.53325,55.2884,3.5474647964751025
,,,,,,6846,-1.45275,1.53367,55.3038,3.522354890248658
,,,,,,6847,-1.45275,1.5341,55.3192,3.617147861194408
,,,,,,6848,-1.45089,1.53453,55.3347,3.574344199816875
,,,,,,6849,-1.45275,1.53495,55.35,3.5573290528767094
,,,,,,6850,-1.45647,1.53533,55.3635,3.578417153475741
,,,,,,6851,-1.45089,1.53576,55.3789,3.624226534526637
,,,,,,6852,-1.45275,1.53618,55.3942,3.534555560957051
,,,,,,6853,-1.45461,1.53661,55.4096,3.6084929043408365
,,,,,,6854,-1.45275,1.53704,55.4251,3.5203236611012625
,,,,,,6855,-1.45647,1.53748,55.4411,3.603341955552858
,,,,,,6856,-1.45275,1.53789,55.4557,3.63012133882948
,,,,,,6857,-1.45275,1.53826,55.4692,3.5673731229503667
,,,,,,6859,-1.45275,1.53869,55.4846,3.545783773095766
,,,,,,6860,-1.45275,1.53912,55.5,3.5458135467004848
,,,,,,6861,-1.45275,1.53954,55.5155,3.5552570501441627
,,,,,,6862,-1.45275,1.53997,55.5309,3.541577446151723
,,,,,,6863,-1.45275,1.5404,55.5463,3.6326914826901677
,,,,,,6864,-1.45089,1.54081,55.561,3.5494086731129704
,,,,,,6865,-1.45275,1.54123,55.5762,3.5082624299361176
,,,,,,6866,-1.45461,1.54166,55.5916,3.5636605375442025
,,,,,,6867,-1.45275,1.54208,55.607,3.6216233628458876
,,,,,,6868,-1.45275,1.54248,55.6214,3.5403550841235027
,,,,,,6869,-1.45461,1.54289,55.6361,3.573333969775787
,,,,,,6870,-1.45275,1.54332,55.6516,3.606027298614621
,,,,,,6871,-1.45275,1.54375,55.667,3.605702397833591
,,,,,,6872,-1.45275,1.54417,55.6824,3.5509241344769396
,,,,,,6873,-1.45275,1.5446,55.6979,3.6052219131789243
,,,,,,6874,-1.45461,1.54503,55.7133,3.517711442742487
,,,,,,6875,-1.45275,1.54546,55.7287,3.476261607396073
,,,,,,6876,-1.45275,1.54589,55.7441,3.5662306807963198
,,,,,,6877,-1.45275,1.54631,55.7596,3.5308732171279598
,,,,,,6878,-1.45275,1.54674,55.775,3.6006275343254726
,,,,,,6879,-1.45275,1.54717,55.7903,3.521588678477722
,,,,,,6881,-1.45461,1.54759,55.8054,3.586823874208211
,,,,,,6882,-1.45275,1.54796,55.819,3.571781093986763
,,,,,,6883,-1.45275,1.54839,55.8344,3.5054000208681892
,,,,,,6884,-1.45275,1.54884,55.8507,3.4438084041014347
,,,,,,6885,-1.45461,1.54925,55.8654,3.5689685582721027
,,,,,,6886,-1.45275,1.54962,55.879,3.504459428727248
,,,,,,6887,-1.45275,1.55005,55.8944,3.5397432696333575
,,,,,,6888,-1.45275,1.55048,55.9098,3.53058096081356
,,,,,,6889,-1.45275,1.55091,55.9252,3.612589021180975
,,,,,,6890,-1.45461,1.55134,55.9407,3.602758475997042
,,,,,,6891,-1.45275,1.55176,55.9561,3.5510761156764463
,,,,,,6892,-1.45275,1.55219,55.9715,3.609593622268401
,,,,,,6893,-1.45275,1.55262,55.9869,3.5161168046245836
,,,,,,6894,-1.45275,1.55305,56.0024,3.4771874941344016
,,,,,,6895,-1.45275,1.55348,56.0178,3.4844577363224927
,,,,,,6896,-1.45275,1.55392,56.034,3.5643948308797277
,,,,,,6897,-1.45461,1.55432,56.0482,3.6050601911145974
,,,,,,6898,-1.45275,1.55475,56.0637,3.5812215784188517
,,,,,,6899,-1.45275,1.55517,56.0791,3.6000997735677487
,,,,,,6900,-1.45275,1.5556,56.0945,3.5579922228806558
,,,,,,6901,-1.45275,1.55603,56.11,3.6002978461957436
,,,,,,6902,-1.45275,1.55645,56.1252,3.518856079639045
,,,,,,6904,-1.45461,1.55688,56.1405,3.6003505354880407
,,,,,,6905,-1.45461,1.5573,56.1557,3.5280249789346367
,,,,,,6906,-1.45275,1.55773,56.1711,3.5844703781083243
,,,,,,6907,-1.45275,1.55815,56.1865,3.6119971670353723
,,,,,,6908,-1.45275,1.55858,56.2019,3.525543165813349
,,,,,,6909,-1.45275,1.55901,56.2174,3.568870251758386
,,,,,,6910,-1.45275,1.55944,56.2328,3.5088682682091235
,,,,,,6911,-1.44903,1.55981,56.2463,3.572922254452024
,,,,,,6912,-1.45461,1.56024,56.2618,3.516270080719583
,,,,,,6913,-1.45461,1.56067,56.2772,3.604919071892277
,,,,,,6914,-1.45275,1.5611,56.2926,3.516954915826379
,,,,,,6915,-1.45461,1.56147,56.3062,3.506841457956761
,,,,,,6916,-1.45461,1.56191,56.322,3.5658615323027956
,,,,,,6917,-1.45461,1.56234,56.3375,3.556751378927228
,,,,,,6918,-1.45089,1.56275,56.3523,3.5353740210810964
,,,,,,6919,-1.45275,1.56313,56.3658,3.525171340096157
,,,,,,6920,-1.45275,1.56352,56.3801,3.550110566779545
,,,,,,6921,-1.45275,1.56397,56.3961,3.5724059106386665
,,,,,,6922,-1.45089,1.5644,56.4117,3.497563787300973
,,,,,,6923,-1.45275,1.5648,56.4261,3.558516061159799
,,,,,,6924,-1.45089,1.56523,56.4415,3.4790898963928423
,,,,,,6925,-1.45275,1.56565,56.4568,3.548337859057347
,,,,,,6926,-1.45461,1.56603,56.4704,3.471809449677552
,,,,,,6927,-1.45275,1.56645,56.4858,3.525267929099715
,,,,,,6928,-1.45275,1.56688,56.5012,3.5603805359995735
,,,,,,6929,-1.45461,1.56732,56.5171,3.53192498719216
,,,,,,6930,-1.45461,1.56775,56.5325,3.561203136461235
,,,,,,6932,-1.45275,1.56817,56.5478,3.61096458272592
,,,,,,6933,-1.45461,1.56855,56.5613,3.543946348797325
,,,,,,6934,-1.45461,1.56898,56.5768,3.5540326537253315
,,,,,,6935,-1.45275,1.5694,56.5922,3.5515492076100386
,,,,,,6936,-1.45275,1.56983,56.6076,3.635588677807853
,,,,,,6937,-1.45275,1.57026,56.6232,3.5664124276299627
,,,,,,6938,-1.45275,1.57069,56.6386,3.577159839166341
,,,,,,6939,-1.45275,1.57112,56.654,3.6212220405950046
,,,,,,6940,-1.45275,1.57155,56.6695,3.512871350834718
,,,,,,6941,-1.45275,1.57197,56.6849,3.5763871789912094
,,,,,,6942,-1.45461,1.5724,56.7003,3.4827303879292835
,,,,,,6943,-1.45461,1.57283,56.7158,3.5501394891390694
,,,,,,6944,-1.45275,1.57321,56.7293,3.572606329396971
,,,,,,6945,-1.45089,1.57362,56.7441,3.5311569402296503
,,,,,,6946,-1.45275,1.5741,56.7615,3.5978308850919856
,,,,,,6947,-1.45275,1.5745,56.776,3.583384136365291
,,,,,,6948,-1.45275,1.57493,56.7915,3.4678921905082882
,,,,,,6949,-1.45275,1.57536,56.8069,3.5616340732933716
,,,,,,6950,-1.45647,1.57579,56.8223,3.5414635403778623
,,,,,,6951,-1.45275,1.57621,56.8378,3.5727996037575607
,,,,,,6952,-1.45461,1.57664,56.8532,3.511791595794991
,,,,,,6954,-1.45275,1.57707,56.8686,3.5974922644104135
,,,,,,6955,-1.45275,1.57746,56.8827,3.582795332973705
,,,,,,6956,-1.45275,1.5779,56.8984,3.598417312759305
,,,,,,6957,-1.45461,1.57833,56.9139,3.5856257837646504
,,,,,,6958,-1.45275,1.57875,56.9293,3.4806705305874504
,,,,,,6959,-1.45275,1.57918,56.9447,3.542633328318553
,,,,,,6960,-1.45461,1.57961,56.9602,3.5704942119571577
,,,,,,6961,-1.45461,1.58004,56.9756,3.6400043075630775
,,,,,,6962,-1.45275,1.58046,56.991,3.535597909167777
,,,,,,6963,-1.45461,1.58089,57.0065,3.4411516876345765
,,,,,,6964,-1.45275,1.58132,57.0219,3.5602344501671763
,,,,,,6965,-1.45275,1.58175,57.0373,3.5324109414939184
,,,,,,6966,-1.45461,1.58218,57.0527,3.5732682055734015
,,,,,,6967,-1.45461,1.58258,57.0673,3.5462086717882384
,,,,,,6968,-1.45275,1.58301,57.0827,3.5483816010081517
,,,,,,6969,-1.45461,1.58344,57.0982,3.597417735587137
,,,,,,6970,-1.45461,1.58386,57.1136,3.495663664186844
,,,,,,6971,-1.45275,1.58429,57.129,3.5492780168410762
,,,,,,6972,-1.45275,1.58472,57.1444,3.5050462625173853
,,,,,,6974,-1.45089,1.58515,57.1599,3.5569717209773932
,,,,,,6975,-1.45647,1.58554,57.1741,3.517748752294547
,,,,,,6976,-1.45461,1.58597,57.1897,3.462625083495691
,,,,,,6977,-1.45275,1.5864,57.205,3.5831260205045816
,,,,,,6978,-1.45275,1.58677,57.2185,3.5283718237142963
,,,,,,6979,-1.45461,1.5872,57.2339,3.5557442718275443
,,,,,,6980,-1.45461,1.58763,57.2494,3.5853386699460112
,,,,,,6981,-1.45275,1.58806,57.2648,3.586527118895972
,,,,,,6982,-1.45089,1.58848,57.2802,3.623138227069162
,,,,,,6983,-1.45647,1.58891,57.2957,3.52027791479449
,,,,,,6984,-1.45275,1.58934,57.3111,3.5493605704516997
,,,,,,6985,-1.45461,1.58977,57.3265,3.5444139996536133
,,,,,,6986,-1.45275,1.5902,57.342,3.5380158414269363
,,,,,,6987,-1.45461,1.59061,57.357,3.657204664779652
,,,,,,6988,-1.45275,1.59104,57.3722,3.5029587926687165
,,,,,,6989,-1.45275,1.59146,57.3877,3.52634745300275
,,,,,,6990,-1.45275,1.59189,57.4031,3.502418046673409
,,,,,,6991,-1.45275,1.59231,57.4182,3.48473397258187
,,,,,,6992,-1.45275,1.59274,57.4337,3.550998988499503
,,,,,,6993,-1.45275,1.59317,57.4491,3.508928431213427
,,,,,,6995,-1.45275,1.59364,57.466,3.529333716397261
,,,,,,6996,-1.45275,1.59404,57.4807,3.555456426029147
,,,,,,6997,-1.45089,1.59442,57.4942,3.5202907909554337
,,,,,,6998,-1.45275,1.59485,57.5096,3.6221061457855392
,,,,,,6999,-1.45461,1.59527,57.5251,3.5403377355804273
,,,,,,7000,-1.45275,1.5957,57.5405,3.514394728717205
,,,,,,7001,-1.45275,1.59613,57.5559,3.620308914902566
,,,,,,7002,-1.45275,1.59656,57.5714,3.616610474797529
,,,,,,7003,-1.45275,1.59699,57.5868,3.544187237548001
,,,,,,7004,-1.45275,1.59741,57.6022,3.520890773465466
,,,,,,7005,-1.45461,1.59784,57.6177,3.679831067151877
,,,,,,7006,-1.45275,1.59827,57.6331,3.547265555111861
,,,,,,7007,-1.45275,1.59866,57.6472,3.561599797274191
,,,,,,7008,-1.45461,1.59909,57.6626,3.5583148297912253
,,,,,,7009,-1.45275,1.59952,57.6781,3.551033466590281
,,,,,,7010,-1.45275,1.59994,57.6935,3.5242014165854636
,,,,,,7011,-1.45461,1.60037,57.7089,3.5445619262022507
,,,,,,7012,-1.45275,1.6008,57.7244,3.5248424611235345
,,,,,,7013,-1.45461,1.60123,57.7398,3.512775074487903
,,,,,,7014,-1.45275,1.60166,57.7552,3.519495074946423
,,,,,,7016,-1.45275,1.60208,57.7706,3.5860186127299913
,,,,,,7017,-1.45275,1.60251,57.7861,3.445922920942043
,,,,,,7018,-1.45275,1.60294,57.8015,3.5157777481731913
,,,,,,7019,-1.45275,1.60334,57.8159,3.544589951226501
,,,,,,7020,-1.45275,1.60378,57.8319,3.642890114015454
,,,,,,7021,-1.45275,1.60416,57.8455,3.5809972936701167
,,,,,,7022,-1.45461,1.60459,57.8609,3.5400928859404726
,,,,,,7023,-1.45275,1.60502,57.8763,3.497021693187002
,,,,,,7024,-1.45275,1.60544,57.8918,3.518240258936384
,,,,,,7025,-1.45275,1.60587,57.9072,3.505623327960095
,,,,,,7026,-1.45275,1.60629,57.9223,3.483806452506543
,,,,,,7027,-1.45275,1.6067,57.9372,3.5708776302584115
,,,,,,7028,-1.45089,1.60713,57.9525,3.662375475361998
,,,,,,7029,-1.45275,1.60755,57.9679,3.597066832264246
,,,,,,7030,-1.45275,1.60798,57.9833,3.503348314583561
,,,,,,7031,-1.45275,1.60841,57.9988,3.5296400389468316
,,,,,,7032,-1.45461,1.60884,58.0142,3.5355613813405
,,,,,,7033,-1.45275,1.60927,58.0296,3.608386537862177
,,,,,,7034,-1.44903,1.60969,58.045,3.559612276857721
,,,,,,7035,-1.45275,1.61013,58.0606,3.5724568161792147
,,,,,,7036,-1.44903,1.61055,58.076,3.574806507995565
,,,,,,7038,-1.45461,1.61098,58.0915,3.57582502189192
,,,,,,7039,-1.45461,1.61141,58.1067,3.5420005422966647
,,,,,,7040,-1.45275,1.61183,58.1222,3.4963481252437356
,,,,,,7041,-1.45089,1.61226,58.1376,3.5228812615504586
,,,,,,7042,-1.45461,1.61269,58.153,3.5926743916567467
,,,,,,7043,-1.45461,1.61309,58.1674,3.5356365801580556
,,,,,,7044,-1.45275,1.61354,58.1836,3.541930334085813
,,,,,,7045,-1.45461,1.61396,58.199,3.4930424756643257
,,,,,,7046,-1.45461,1.61439,58.2145,3.604046191240506
,,,,,,7047,-1.45461,1.61482,58.2299,3.507385409681535
,,,,,,7048,-1.45461,1.61525,58.2453,3.5265565604985216
,,,,,,7049,-1.45461,1.61567,58.2606,3.6027488991124255
,,,,,,7050,-1.45275,1.61606,58.2747,3.511110382686008
,,,,,,7051,-1.45275,1.6165,58.2903,3.633347405848312
,,,,,,7052,-1.45275,1.61687,58.3039,3.4762000310234176
,,,,,,7053,-1.45461,1.6173,58.3193,3.5615331339145664
,,,,,,7054,-1.45275,1.61772,58.3343,3.629883800950946
,,,,,,7055,-1.45275,1.61815,58.3498,3.6258985596753788
,,,,,,7056,-1.45275,1.61857,58.3653,3.5873559666554065
,,,,,,7057,-1.45275,1.619,58.3807,3.4736135508826256
,,,,,,7058,-1.45461,1.61939,58.3948,3.5622492545111997
,,,,,,7059,-1.45275,1.61982,58.4103,3.5462147497846384
,,,,,,7061,-1.45461,1.62025,58.4257,3.5702604592975304
,,,,,,7062,-1.45275,1.62067,58.441,3.5923751878326717
,,,,,,7063,-1.45275,1.62105,58.4545,3.540272367156272
,,,,,,7064,-1.45275,1.62148,58.4699,3.5470486788332645
,,,,,,7065,-1.45461,1.62191,58.4854,3.4097354848846404
,,,,,,7066,-1.45275,1.62235,58.5015,3.4661768300275773
,,,,,,7067,-1.45275,1.62278,58.5168,3.614080498282642
,,,,,,7068,-1.45089,1.6232,58.5322,3.5580750833893116
,,,,,,7069,-1.45275,1.62363,58.5477,3.610213385913315
,,,,,,7070,-1.45275,1.62406,58.5631,3.5742374577844127
,,,,,,7071,-1.45647,1.62449,58.5785,3.5572285336967764
,,,,,,7072,-1.45275,1.62492,58.594,3.4729172948483416
,,,,,,7073,-1.45275,1.62534,58.6094,3.6046877199575387
,,,,,,7074,-1.45461,1.62577,58.6248,3.6476382740154074
,,,,,,7075,-1.45275,1.6262,58.6401,3.5704451509946544
,,,,,,7076,-1.45275,1.62657,58.6536,3.513910698735845
,,,,,,7077,-1.45461,1.62703,58.6701,3.538270902479349
,,,,,,7078,-1.45275,1.6274,58.6836,3.559052853415316
,,,,,,7079,-1.45461,1.62784,58.6993,3.64122553211984
,,,,,,7080,-1.45461,1.62827,58.7148,3.5047264604703603
,,,,,,7081,-1.45275,1.62869,58.7302,3.529518694731147
,,,,,,7082,-1.45275,1.62912,58.7456,3.546904291255296
,,,,,,7084,-1.45275,1.62955,58.7609,3.501233594845803
,,,,,,7085,-1.45275,1.62992,58.7745,3.565417305722095
,,,,,,7086,-1.45461,1.63035,58.7899,3.556240900692487
,,,,,,7087,-1.45461,1.63079,58.8059,3.5147044653727155
,,,,,,7088,-1.45275,1.63119,58.8202,3.5882211741413403
,,,,,,7089,-1.45275,1.63162,58.8356,3.6234408841313908
,,,,,,7090,-1.45275,1.632,58.8494,3.575392223486207
,,,,,,7091,-1.45275,1.63244,58.8653,3.6527840631616635
,,,,,,7092,-1.45275,1.63287,58.8807,3.5112577002242262
,,,,,,7093,-1.45461,1.6333,58.8961,3.6294856494925765
,,,,,,7094,-1.45461,1.63373,58.9116,3.512611158530429
,,,,,,7095,-1.45275,1.63415,58.927,3.454873631978767
,,,,,,7096,-1.45461,1.63458,58.9423,3.569080292282178
,,,,,,7097,-1.45461,1.63495,58.9558,3.5102407085665814
,,,,,,7098,-1.45089,1.63538,58.9714,3.6158215056012923
,,,,,,7099,-1.45275,1.63579,58.9861,3.493496482013578
,,,,,,7100,-1.45275,1.63622,59.0015,3.4957760060337755
,,,,,,7101,-1.45275,1.63665,59.017,3.5067249515745407
,,,,,,7102,-1.45275,1.63708,59.0324,3.567534913906299
,,,,,,7103,-1.45275,1.6375,59.0478,3.4945515183533153
,,,,,,7104,-1.45089,1.63793,59.0633,3.537528993922503
,,,,,,7105,-1.45275,1.63836,59.0787,3.448233531518763
,,,,,,7106,-1.45461,1.63874,59.0925,3.510982451955377
,,,,,,7107,-1.45275,1.63919,59.1085,3.583701275208696
,,,,,,7108,-1.45461,1.63961,59.124,3.475452196209578
,,,,,,7110,-1.45275,1.64004,59.1394,3.4723829697998245
,,,,,,7111,-1.45275,1.64043,59.1535,3.628391951213719
,,,,,,7112,-1.45461,1.64086,59.169,3.590563108042016
,,,,,,7113,-1.45461,1.64129,59.1844,3.510985177490905
,,,,,,7114,-1.45461,1.64171,59.1996,3.5399281381133623
,,,,,,7115,-1.45275,1.64211,59.2141,3.5587678579699804
,,,,,,7116,-1.45089,1.64254,59.2295,3.501513215824325
,,,,,,7117,-1.45461,1.64297,59.2449,3.5217070467373235
,,,,,,7118,-1.45275,1.6434,59.2605,3.5107152122861343
,,,,,,7119,-1.45275,1.64382,59.2758,3.6017524588378325
,,,,,,7120,-1.45275,1.64425,59.2912,3.516647596388021
,,,,,,7121,-1.45275,1.64468,59.3066,3.438992978043789
,,,,,,7122,-1.45275,1.64511,59.3221,3.54525738358975
,,,,,,7123,-1.45461,1.64554,59.3375,3.5746190404491163
,,,,,,7124,-1.45461,1.64596,59.3529,3.3813215223375805
,,,,,,7125,-1.45461,1.64639,59.3682,3.562013620670269
,,,,,,7126,-1.45275,1.64676,59.3818,3.5390649852595395
,,,,,,7127,-1.45089,1.64719,59.3972,3.4892238693949857
,,,,,,7128,-1.45275,1.64762,59.4126,3.6099388025072026
,,,,,,7129,-1.45275,1.64805,59.428,3.6194666978490715
,,,,,,7131,-1.45275,1.64847,59.4435,3.560901674843106
,,,,,,7132,-1.45461,1.6489,59.4589,3.5702994764106735
,,,,,,7133,-1.45461,1.64933,59.4743,3.5154125023775444
,,,,,,7134,-1.45275,1.64976,59.4898,3.5663315259876565
,,,,,,7135,-1.45275,1.65018,59.505,3.526026574586192
,,,,,,7136,-1.45275,1.65065,59.5219,3.5636517686900975
,,,,,,7137,-1.45275,1.65103,59.5355,3.532995823129679
,,,,,,7138,-1.45275,1.65145,59.5509,3.561810080774585
,,,,,,7139,-1.45275,1.65188,59.5663,3.5894672144992943
,,,,,,7140,-1.45275,1.65231,59.5818,3.541304606551163
,,,,,,7141,-1.45275,1.65274,59.5972,3.534163299184726
,,,,,,7142,-1.45461,1.65317,59.6126,3.5492136799940104
,,,,,,7143,-1.45275,1.65359,59.6281,3.509778049140984
,,,,,,7144,-1.45275,1.65402,59.6435,3.5646152506929005
,,,,,,7145,-1.45461,1.65445,59.6589,3.5299151527275026
,,,,,,7146,-1.45275,1.65488,59.6743,3.600262793262811
,,,,,,7147,-1.45275,1.65531,59.6898,3.4705622741221607
,,,,,,7148,-1.45275,1.65573,59.7052,3.4765609566831217
,,,,,,7150,-1.45275,1.65616,59.7206,3.527546307785183
,,,,,,7151,-1.45275,1.65662,59.7371,3.5859065875335734
,,,,,,7152,-1.45275,1.65701,59.7513,3.644931245109921
,,,,,,7153,-1.45275,1.65744,59.7668,3.478074941600243
,,,,,,7154,-1.45647,1.65787,59.7822,3.457799802457177
,,,,,,7155,-1.45461,1.6583,59.7976,3.513636036720003
,,,,,,7156,-1.45275,1.65872,59.8131,3.4870706415675583
,,,,,,7157,-1.45275,1.65915,59.8285,3.5962899977246874
,,,,,,7158,-1.45461,1.65958,59.8438,3.583295491755206
,,,,,,7159,-1.45275,1.65996,59.8577,3.508351712265759
,,,,,,7160,-1.45275,1.66039,59.8732,3.4798451700567616
,,,,,,7161,-1.45275,1.66084,59.8892,3.535821668384786
,,,,,,7162,-1.45461,1.66124,59.9036,3.5383643275499086
,,,,,,7163,-1.45461,1.66166,59.919,3.493175271396279
,,,,,,7164,-1.45089,1.66209,59.9345,3.6037353580184197
,,,,,,7165,-1.45275,1.66252,59.9499,3.578681054668562
,,,,,,7166,-1.45275,1.66295,59.9653,3.475726168195818
,,,,,,7167,-1.45461,1.66337,59.9807,3.615842812638165
,,,,,,7168,-1.45275,1.6638,59.9962,3.497804594456497
,,,,,,7170,-1.45089,1.66423,60.0116,3.585372010647505
,,,,,,7171,-1.45461,1.66466,60.027,3.497636209507728
,,,,,,7172,-1.45461,1.66509,60.0426,3.58838908253303
,,,,,,7173,-1.45275,1.66551,60.0579,3.6367458712593885
,,,,,,7174,-1.45275,1.66594,60.0733,3.525620387915289
,,,,,,7175,-1.45275,1.66637,60.0888,3.5978227317229634
,,,,,,7176,-1.45275,1.6668,60.1042,3.5823085393844925
,,,,,,7177,-1.45275,1.66723,60.1196,3.5413210520094887
,,,,,,7178,-1.45089,1.66765,60.1351,3.5445176146141617
,,,,,,7179,-1.45275,1.66808,60.1505,3.514039105878597
,,,,,,7180,-1.45275,1.66851,60.1659,3.486873395615816
,,,,,,7181,-1.45275,1.66894,60.1813,3.5158371779554964
,,,,,,7182,-1.45275,1.66936,60.1968,3.498068642601205
,,,,,,7183,-1.45089,1.66979,60.2122,3.5015625099090384
,,,,,,7184,-1.45275,1.67022,60.2276,3.539204571207927
,,,,,,7185,-1.45647,1.67065,60.243,3.5114536358240866
,,,,,,7186,-1.45461,1.67108,60.2585,3.4274791417868045
,,,,,,7187,-1.45275,1.6715,60.2739,3.5336729843663934
,,,,,,7189,-1.45275,1.67195,60.2899,3.4557427247765924
,,,,,,7190,-1.45275,1.67235,60.3043,3.54255523455333
,,,,,,7191,-1.45275,1.67276,60.3193,3.654844969573046
,,,,,,7192,-1.45275,1.67319,60.3347,3.4808736534600366
,,,,,,7193,-1.45275,1.67362,60.3502,3.5010987418662953
,,,,,,7194,-1.45461,1.67405,60.3656,3.4668258204704845
,,,,,,7195,-1.45461,1.67448,60.3811,3.5888293906387707
,,,,,,7196,-1.45275,1.6749,60.3965,3.553321756222753
,,,,,,7197,-1.45275,1.67533,60.4118,3.6162892495812686
,,,,,,7198,-1.45275,1.6757,60.4253,3.4891854194577525
,,,,,,7199,-1.45275,1.67613,60.4407,3.56597487917733
,,,,,,7200,-1.44903,1.67656,60.4562,3.497077412487434
,,,,,,7201,-1.45275,1.67699,60.4716,3.513417127766635
,,,,,,7202,-1.45461,1.67743,60.4876,3.5481803970904155
,,,,,,7203,-1.45275,1.67781,60.5011,3.4834997467235476
,,,,,,7204,-1.45275,1.67823,60.5166,3.564518437057612
,,,,,,7205,-1.45647,1.67866,60.532,3.52995455427604
,,,,,,7206,-1.45275,1.67909,60.5474,3.578633532887168
,,,,,,7207,-1.45461,1.67952,60.5629,3.513176659062744
,,,,,,7208,-1.45461,1.67995,60.5783,3.4822633005051262
,,,,,,7209,-1.45461,1.68035,60.5929,3.460310693557135
,,,,,,7210,-1.45275,1.68079,60.6089,3.5842820805433084
,,,,,,7212,-1.45275,1.68122,60.6243,3.471255551454248
,,,,,,7213,-1.45461,1.68163,60.6392,3.5630284464347923
,,,,,,7214,-1.45089,1.68205,60.6543,3.5747101571106925
,,,,,,7215,-1.45275,1.68245,60.6687,3.5944256863205784
,,,,,,7216,-1.45275,1.68288,60.6841,3.554158568854284
,,,,,,7217,-1.45275,1.68331,60.6996,3.495306566380529
,,,,,,7218,-1.45461,1.68374,60.715,3.5638653922188017
,,,,,,7219,-1.45275,1.68416,60.7304,3.5984363044262304
,,,,,,7220,-1.45275,1.68459,60.7459,3.4487969311430553
,,,,,,7221,-1.45275,1.68505,60.7623,3.615616507055558
,,,,,,7222,-1.45275,1.68545,60.7767,3.6032088158322395
,,,,,,7223,-1.45275,1.68588,60.7922,3.517167374259765
,,,,,,7224,-1.45275,1.6863,60.8076,3.4966736589718495
,,,,,,7225,-1.45275,1.68676,60.8239,3.367070176836713
,,,,,,7226,-1.45275,1.68718,60.8392,3.503965574964746
,,,,,,7227,-1.45275,1.68756,60.8527,3.44787120129698
,,,,,,7228,-1.45275,1.68798,60.8681,3.527601328226344
,,,,,,7229,-1.45275,1.68841,60.8836,3.5661466182344452
,,,,,,7230,-1.45275,1.68884,60.899,3.476773636309126
,,,,,,7232,-1.45089,1.68927,60.9144,3.5681178921505676
,,,,,,7233,-1.45461,1.6897,60.9299,3.563538126851481
,,,,,,7234,-1.45275,1.69012,60.9453,3.566438080834911
,,,,,,7235,-1.45275,1.69055,60.9607,3.436477606895538
,,,,,,7236,-1.45275,1.69098,60.9761,3.5366893188564967
,,,,,,7237,-1.45461,1.69138,60.9906,3.5433047188042983
,,,,,,7238,-1.45275,1.6918,61.0057,3.4427514463301874
,,,,,,7239,-1.45275,1.69223,61.0211,3.4836399086432848
,,,,,,7240,-1.45275,1.69265,61.0365,3.548704540639852
,,,,,,7241,-1.45275,1.69308,61.0518,3.5859117244756282
,,,,,,7242,-1.45461,1.69353,61.068,3.5996694118296255
,,,,,,7243,-1.45089,1.69395,61.0834,3.527127688493232
,,,,,,7244,-1.45275,1.69438,61.0987,3.5320617814464206
,,,,,,7245,-1.45089,1.69475,61.1122,3.51450835371924
,,,,,,7246,-1.45275,1.69518,61.1276,3.477376784199954
,,,,,,7247,-1.45275,1.69561,61.1431,3.5286745715856713
,,,,,,7248,-1.45275,1.69604,61.1585,3.5483273590687907
,,,,,,7249,-1.45275,1.69646,61.174,3.508588073052636
,,,,,,7250,-1.45275,1.69688,61.1888,3.5521292736920556
,,,,,,7251,-1.45461,1.6973,61.2042,3.4417743125033944
,,,,,,7252,-1.45275,1.69773,61.2197,3.611231923774768
,,,,,,7254,-1.45275,1.69822,61.2371,3.5680003504643754
,,,,,,7255,-1.45275,1.69861,61.2514,3.525496185369444
,,,,,,7256,-1.45089,1.69904,61.2668,3.5183867948651075
,,,,,,7257,-1.45275,1.69947,61.2822,3.536051481129927
,,,,,,7258,-1.45461,1.6999,61.2978,3.4814377532073686
,,,,,,7259,-1.45275,1.70033,61.3133,3.488142084021331
,,,,,,7260,-1.45275,1.70076,61.3287,3.5165035658588213
,,,,,,7261,-1.45275,1.70118,61.344,3.598035444634654
,,,,,,7262,-1.45089,1.7016,61.3592,3.5202630128938575
,,,,,,7263,-1.45089,1.70203,61.3747,3.5422213078804803
,,,,,,7264,-1.45461,1.70241,61.3882,3.518216437848969
,,,,,,7265,-1.45275,1.70283,61.4036,3.492847374377394
,,,,,,7266,-1.45461,1.70326,61.4191,3.5202196708463087
,,,,,,7267,-1.45647,1.70369,61.4345,3.5684379924420875
,,,,,,7268,-1.45275,1.70412,61.4499,3.485262002403385
,,,,,,7269,-1.45461,1.70455,61.4653,3.5279909544582257
,,,,,,7270,-1.45461,1.70497,61.4808,3.462093848074365
,,,,,,7272,-1.45833,1.70542,61.497,3.6136580175548465
,,,,,,7273,-1.45089,1.70581,61.5109,3.489697812143038
,,,,,,7274,-1.45461,1.70623,61.5262,3.572209929309792
,,,,,,7275,-1.45089,1.70667,61.5418,3.5042518711563533
,,,,,,7276,-1.45275,1.70704,61.5555,3.579088299069175
,,,,,,7277,-1.44903,1.70745,61.57,3.500156950559045
,,,,,,7278,-1.45275,1.70786,61.585,3.580946132161009
,,,,,,7279,-1.45275,1.7083,61.6007,3.4692752833439595
,,,,,,7280,-1.45275,1.70875,61.6169,3.4585679124187507
,,,,,,7281,-1.45461,1.70913,61.6307,3.4710143586966042
,,,,,,7282,-1.45461,1.70956,61.6462,3.571650712772788
,,,,,,7283,-1.45275,1.70999,61.6616,3.6152973163592144
,,,,,,7284,-1.45275,1.71042,61.677,3.581373565991381
,,,,,,7285,-1.45275,1.71084,61.6924,3.474160409474623
,,,,,,7286,-1.45275,1.71127,61.7079,3.5652448509566144
,,,,,,7287,-1.45275,1.7117,61.7233,3.518348603284026
,,,,,,7288,-1.45461,1.71213,61.7387,3.5329314402122467
,,,,,,7289,-1.45461,1.71255,61.7542,3.5172193287946953
,,,,,,7290,-1.45275,1.71298,61.7696,3.5057421443450174
,,,,,,7291,-1.45275,1.71341,61.785,3.4906593817601688
,,,,,,7292,-1.45275,1.71384,61.8004,3.459989280128707
,,,,,,7293,-1.45461,1.71426,61.8157,3.549375384093304
,,,,,,7294,-1.45275,1.71469,61.8312,3.5130527905866393
,,,,,,7296,-1.45275,1.71511,61.8465,3.5096829631310356
,,,,,,7297,-1.45089,1.71549,61.86,3.5516119980245335
,,,,,,7298,-1.45275,1.71592,61.8754,3.5810823756837102
,,,,,,7299,-1.45275,1.71635,61.8909,3.5222326165772015
,,,,,,7300,-1.45275,1.71677,61.9063,3.508690710908504
,,,,,,7301,-1.45275,1.7172,61.9217,3.55500491611694
,,,,,,7302,-1.45461,1.71763,61.9371,3.4632623042107427
,,,,,,7303,-1.45275,1.71806,61.9526,3.585483664197393
,,,,,,7304,-1.45461,1.71851,61.9687,3.5727290100348257
,,,,,,7305,-1.45275,1.71893,61.984,3.5167517404511903
,,,,,,7306,-1.45275,1.71936,61.9994,3.4495526816606614
,,,,,,7307,-1.45275,1.71978,62.0149,3.5276397278001403
,,,,,,7308,-1.45275,1.72021,62.0303,3.4395290980123328
,,,,,,7309,-1.45461,1.72064,62.0457,3.488649015653798
,,,,,,7310,-1.45461,1.72107,62.0612,3.5622840152684434
,,,,,,7311,-1.45461,1.72146,62.0751,3.583779988052578
,,,,,,7312,-1.45461,1.7219,62.0911,3.566849271584803
,,,,,,7313,-1.45275,1.72231,62.106,3.6164361354118912
,,,,,,7314,-1.45461,1.72269,62.1195,3.4662573002222996
,,,,,,7315,-1.45275,1.72311,62.135,3.5563720613161647
,,,,,,7316,-1.45275,1.72354,62.1504,3.5000253956973846
,,,,,,7318,-1.45089,1.72397,62.1658,3.469139423716525
,,,,,,7319,-1.45275,1.7244,62.1812,3.5069196988024363
,,,,,,7320,-1.45461,1.72483,62.1967,3.4552187951274544
,,,,,,7321,-1.45275,1.72525,62.2121,3.573225885959956
,,,,,,7322,-1.45461,1.72568,62.2275,3.5752154515690426
,,,,,,7323,-1.45461,1.72611,62.243,3.5181153765269375
,,,,,,7324,-1.45275,1.72655,62.2588,3.5339592782264164
,,,,,,7325,-1.45461,1.72694,62.2728,3.4323836580256515
,,,,,,7326,-1.45275,1.72737,62.2882,3.524116823395127
,,,,,,7327,-1.45461,1.72779,62.3036,3.5341667909809815
,,,,,,7328,-1.45275,1.72822,62.3191,3.4738715142074637
,,,,,,7329,-1.45275,1.72865,62.3345,3.4995849580695846
,,,,,,7330,-1.45275,1.72908,62.3499,3.504973953801471
,,,,,,7331,-1.45275,1.7295,62.3654,3.486152522204138
,,,,,,7332,-1.45275,1.72996,62.3818,3.5299488622041886
,,,,,,7333,-1.45089,1.73034,62.3955,3.499399939237226
,,,,,,7334,-1.45275,1.73077,62.4109,3.5046102629323497
,,,,,,7335,-1.45461,1.7312,62.4264,3.5225300832472413
,,,,,,7336,-1.45275,1.73162,62.4418,3.5393723634042784
,,,,,,7338,-1.45461,1.73205,62.4572,3.4483202652244476
,,,,,,7339,-1.45275,1.73248,62.4726,3.5723502154162725
,,,,,,7340,-1.45461,1.73291,62.4881,3.63584697446652
,,,,,,7341,-1.45275,1.73334,62.5035,3.525134487805804
,,,,,,7342,-1.45461,1.73376,62.5189,3.5315971367890633
,,,,,,7343,-1.45275,1.73419,62.5344,3.5250969873895284
,,,,,,7344,-1.45461,1.73461,62.5493,3.472803623793444
,,,,,,7345,-1.45275,1.73502,62.5642,3.5687584386541413
,,,,,,7346,-1.45275,1.73545,62.5796,3.5652958938628685
,,,,,,7347,-1.45275,1.73588,62.5952,3.4342181961846565
,,,,,,7348,-1.45275,1.73631,62.6106,3.4942690137136343
,,,,,,7349,-1.45275,1.73671,62.625,3.5168172396589266
,,,,,,7350,-1.45461,1.73713,62.6405,3.5379315065645724
,,,,,,7351,-1.45461,1.73756,62.6559,3.457101900867344
,,,,,,7352,-1.45275,1.73797,62.6706,3.563337332547552
,,,,,,7353,-1.45275,1.7384,62.6862,3.5319625597521487
,,,,,,7354,-1.45461,1.73883,62.7016,3.5624839337224325
,,,,,,7355,-1.45461,1.73926,62.7171,3.51370732104026
,,,,,,7356,-1.45275,1.73963,62.7306,3.4582076461069895
,,,,,,7357,-1.45275,1.74006,62.746,3.5359973767076402
,,,,,,7358,-1.45275,1.74049,62.7614,3.4639162082933272
,,,,,,7359,-1.45089,1.74092,62.7769,3.416063974820056
,,,,,,7360,-1.45461,1.74134,62.7923,3.519830899228797
,,,,,,7362,-1.45275,1.74177,62.8077,3.464892584215041
,,,,,,7363,-1.45275,1.74215,62.8212,3.576713482262835
,,,,,,7364,-1.45275,1.74258,62.8367,3.5034416771524115
,,,,,,7365,-1.45461,1.74301,62.8524,3.556490297083772
,,,,,,7366,-1.45275,1.74341,62.8668,3.444006985917688
,,,,,,7367,-1.45275,1.74384,62.8822,3.5792911501888587
,,,,,,7368,-1.45461,1.74427,62.8977,3.5838972764708728
,,,,,,7369,-1.45275,1.74469,62.9131,3.498714765514193
,,,,,,7370,-1.45461,1.74512,62.9285,3.4139828906973615
,,,,,,7371,-1.45275,1.74555,62.944,3.4896314452237487
,,,,,,7372,-1.45275,1.74598,62.9594,3.577512033087913
,,,,,,7373,-1.45275,1.74641,62.9748,3.476509050624181
,,,,,,7374,-1.45275,1.74683,62.9902,3.61450176231327
,,,,,,7375,-1.45461,1.74726,63.0057,3.5887046362512725
,,,,,,7376,-1.45461,1.74768,63.0209,3.5194865318050823
,,,,,,7377,-1.45275,1.74814,63.0372,3.515904307021658
,,,,,,7378,-1.45275,1.74856,63.0527,3.546367230027305
,,,,,,7379,-1.45461,1.74899,63.068,3.5395613450295893
,,,,,,7380,-1.45275,1.74936,63.0815,3.4771017977204504
,,,,,,7381,-1.45275,1.74979,63.0969,3.4527478828320612
,,,,,,7383,-1.45275,1.75022,63.1124,3.454531071326285
,,,,,,7384,-1.45461,1.75063,63.1272,3.5635934214154044
,,,,,,7385,-1.45275,1.75107,63.1431,3.562331511994872
,,,,,,7386,-1.45275,1.75145,63.1569,3.5299548354949275
,,,,,,7387,-1.45275,1.75188,63.1723,3.547032648015195
,,,,,,7388,-1.45089,1.75231,63.1878,3.590520700542315
,,,,,,7389,-1.45275,1.75274,63.2032,3.4599574826804447
,,,,,,7390,-1.45461,1.75317,63.2186,3.5228732657506083
,,,,,,7391,-1.45275,1.75357,63.233,3.5733564643322757
,,,,,,7392,-1.45461,1.75398,63.2479,3.5104686943435928
,,,,,,7393,-1.45461,1.75441,63.2633,3.5603406831662245
,,,,,,7394,-1.45461,1.75483,63.2787,3.473393318856991
,,,,,,7395,-1.45275,1.75526,63.2942,3.496250269414195
,,,,,,7396,-1.45275,1.75569,63.3096,3.520889196594029
,,,,,,7397,-1.45275,1.75612,63.325,3.4698913020830284
,,,,,,7398,-1.45461,1.75655,63.3405,3.5901458398938497
,,,,,,7399,-1.45275,1.75697,63.3559,3.4685158045627658
,,,,,,7400,-1.45275,1.75739,63.371,3.5219829863282106
,,,,,,7401,-1.45275,1.75782,63.3863,3.47677408976948
,,,,,,7402,-1.45275,1.75824,63.4017,3.556892796254166
,,,,,,7403,-1.45275,1.75867,63.4172,3.5182429065624876
,,,,,,7404,-1.45275,1.75905,63.4307,3.5066334829329695
,,,,,,7405,-1.45275,1.75948,63.4461,3.4617603699392943
,,,,,,7407,-1.45275,1.7599,63.4616,3.439877837884694
,,,,,,7408,-1.45275,1.7604,63.4796,3.5386230399096172
,,,,,,7409,-1.45275,1.76082,63.4948,3.4906689863196814
,,,,,,7410,-1.45461,1.7612,63.5083,3.497158364408305
,,,,,,7411,-1.45275,1.76163,63.5237,3.6188453530801836
,,,,,,7412,-1.45461,1.76206,63.5391,3.5143032130623575
,,,,,,7413,-1.45089,1.76248,63.5546,3.4596751008991813
,,,,,,7414,-1.45275,1.76291,63.57,3.5088061729853033
,,,,,,7415,-1.45275,1.76334,63.5854,3.599169344079373
,,,,,,7416,-1.45461,1.76376,63.6004,3.5335412607536956
,,,,,,7417,-1.45275,1.76413,63.614,3.4955901483818077
,,,,,,7418,-1.45275,1.76456,63.6294,3.476006536522204
,,,,,,7419,-1.45275,1.76499,63.6448,3.5483744476108305
,,,,,,7420,-1.45089,1.76541,63.6602,3.49635625477004
,,,,,,7421,-1.45275,1.76584,63.6757,3.47823612765825
,,,,,,7422,-1.45275,1.76627,63.6911,3.497120186111837
,,,,,,7423,-1.45275,1.76672,63.7073,3.538297065292127
,,,,,,7424,-1.45275,1.76713,63.722,3.5726136145510603
,,,,,,7425,-1.45461,1.76755,63.7374,3.599215116588644
,,,,,,7426,-1.45275,1.76798,63.7528,3.4104688532852494
,,,,,,7428,-1.45275,1.76841,63.7682,3.5079040087501365
,,,,,,7429,-1.45275,1.76884,63.7837,3.5906382202311464
,,,,,,7430,-1.45275,1.76926,63.7991,3.5169060465373914
,,,,,,7431,-1.45275,1.76964,63.8126,3.470266890550476
,,,,,,7432,-1.45275,1.77007,63.8281,3.5996614766002266
,,,,,,7433,-1.45275,1.7705,63.8435,3.4594951149652973
,,,,,,7434,-1.45461,1.77092,63.8589,3.4881263704987955
,,,,,,7435,-1.45275,1.77135,63.8744,3.5233807861832123
,,,,,,7436,-1.45275,1.77176,63.889,3.5277915794024413
,,,,,,7437,-1.45275,1.77221,63.9052,3.4754574671748917
,,,,,,7438,-1.45275,1.77264,63.9206,3.428515353332532
,,,,,,7439,-1.45647,1.77306,63.9361,3.4733649047331276
,,,,,,7440,-1.45275,1.77349,63.9515,3.5048358955015453
,,,,,,7441,-1.45275,1.77392,63.9669,3.3935683438145574
,,,,,,7442,-1.45275,1.77435,63.9824,3.548268457575358
,,,,,,7443,-1.45275,1.77476,63.9974,3.5120542097689467
,,,,,,7444,-1.45461,1.77514,64.0109,3.40646397453986
,,,,,,7445,-1.45461,1.77557,64.0263,3.539741277539183
,,,,,,7446,-1.45089,1.77599,64.0418,3.4948459183476723
,,,,,,7447,-1.45089,1.77642,64.0572,3.524363403123133
,,,,,,7448,-1.45275,1.77683,64.072,3.5477658246022523
,,,,,,7450,-1.45275,1.77729,64.0883,3.4537412396375786
,,,,,,7451,-1.45461,1.77771,64.1038,3.486926874051772
,,,,,,7452,-1.45275,1.77809,64.1173,3.49613248172261
,,,,,,7453,-1.45275,1.77852,64.1327,3.512927881902033
,,,,,,7454,-1.45275,1.77894,64.1482,3.5302131273579644
,,,,,,7455,-1.45275,1.77937,64.1636,3.5331353449891707
,,,,,,7456,-1.45275,1.77979,64.1786,3.472186799770505
,,,,,,7457,-1.45275,1.7802,64.1936,3.5287204147427005
,,,,,,7458,-1.45461,1.78063,64.209,3.558202181355727
,,,,,,7459,-1.45275,1.78106,64.2245,3.5553835211974363
,,,,,,7460,-1.45461,1.78149,64.2399,3.4253730088766527
,,,,,,7461,-1.45275,1.78192,64.2553,3.5742257713772365
,,,,,,7462,-1.45275,1.78234,64.2708,3.5196916774682414
,,,,,,7463,-1.45275,1.78277,64.2862,3.529680255845489
,,,,,,7464,-1.45275,1.7832,64.3015,3.4898483563423746
,,,,,,7465,-1.45275,1.78362,64.3169,3.4024929909910373
,,,,,,7466,-1.45275,1.78405,64.3323,3.488447496018182
,,,,,,7467,-1.45461,1.78442,64.3456,3.5096949337578627
,,,,,,7468,-1.45461,1.78486,64.3616,3.509228672497338
,,,,,,7469,-1.45461,1.78529,64.377,3.559793637254782
,,,,,,7470,-1.45275,1.78572,64.3924,3.415923259003887
,,,,,,7471,-1.45275,1.78615,64.4079,3.422190887399762
,,,,,,7473,-1.45275,1.78656,64.4229,3.4945504913915704
,,,,,,7474,-1.45275,1.78696,64.4373,3.438414317458033
,,,,,,7475,-1.45275,1.78739,64.4527,3.4712498235149467
,,,,,,7476,-1.45461,1.78781,64.468,3.4566978900690892
,,,,,,7477,-1.45275,1.78822,64.4825,3.491220202299725
,,,,,,7478,-1.45275,1.78865,64.498,3.4814878116696013
,,,,,,7479,-1.45275,1.78907,64.5134,3.448777149101824
,,,,,,7480,-1.45275,1.7895,64.5288,3.528328107913024
,,,,,,7481,-1.45461,1.78993,64.5442,3.454488229972039
,,,,,,7482,-1.45275,1.79036,64.5597,3.415247350157177
,,,,,,7483,-1.45275,1.79078,64.5751,3.3535281546969835
,,,,,,7484,-1.45089,1.79121,64.5905,3.5520838699281643
,,,,,,7485,-1.45275,1.79164,64.606,3.5823242274901608
,,,,,,7486,-1.45461,1.79207,64.6214,3.426494568972793
,,,,,,7487,-1.45461,1.7925,64.6368,3.564091669159659
,,,,,,7488,-1.45089,1.79292,64.6523,3.572918514527059
,,,,,,7489,-1.45275,1.79335,64.6677,3.571625104381637
,,,,,,7490,-1.45275,1.79378,64.6831,3.4087696899924556
,,,,,,7491,-1.45275,1.7942,64.6984,3.456484669809513
,,,,,,7492,-1.45275,1.79458,64.7121,3.5072030164097105
,,,,,,7493,-1.45461,1.79501,64.7275,3.494446592415685
,,,,,,7494,-1.45275,1.79539,64.741,3.4521872449439526
,,,,,,7496,-1.45461,1.79581,64.7565,3.536630295456057
,,,,,,7497,-1.45275,1.79624,64.7719,3.5024958486374875
,,,,,,7498,-1.45275,1.79667,64.7873,3.5758490847257716
,,,,,,7499,-1.45461,1.7971,64.8028,3.495863896755889
,,,,,,7500,-1.45461,1.79747,64.8163,3.4395137081135356
,,,,,,7501,-1.45275,1.7979,64.8317,3.516751790858249
,,,,,,7502,-1.45461,1.79833,64.8472,3.5322266856559903
,,,,,,7503,-1.45275,1.79876,64.8627,3.52095374034077
,,,,,,7504,-1.45275,1.79917,64.8776,3.5060680925768692
,,,,,,7505,-1.45089,1.7996,64.8928,3.5457625976757448
,,,,,,7506,-1.45275,1.79997,64.9064,3.4552496537500494
,,,,,,7507,-1.45461,1.8004,64.9218,3.445363220429981
,,,,,,7508,-1.45275,1.80083,64.9372,3.5519332290734944
,,,,,,7509,-1.45275,1.80126,64.9527,3.5656207630992087
,,,,,,7510,-1.45275,1.80168,64.9681,3.5338068316436155
,,,,,,7511,-1.45275,1.80211,64.9836,3.4831460545485173
,,,,,,7512,-1.45461,1.80254,64.999,3.592449884692524
,,,,,,7513,-1.45275,1.80297,65.0144,3.484205449623353
,,,,,,7514,-1.45461,1.80339,65.0298,3.516352045900931
,,,,,,7515,-1.45275,1.80387,65.0471,3.5326158036850286
,,,,,,7516,-1.45275,1.80427,65.0614,3.557811555465901
,,,,,,7518,-1.44903,1.8047,65.0769,3.444118872732962
,,,,,,7519,-1.45275,1.80513,65.0923,3.5414893404307435
,,,,,,7520,-1.45275,1.80557,65.1084,3.5126518795742565
,,,,,,7521,-1.45089,1.80599,65.1236,3.479567605017109
,,,,,,7522,-1.45089,1.80637,65.1371,3.5078622864945763
,,,,,,7523,-1.45275,1.8068,65.1525,3.486516316250273
,,,,,,7524,-1.45275,1.80723,65.1679,3.448986005479051
,,,,,,7525,-1.45089,1.80765,65.1834,3.530607003233777
,,,,,,7526,-1.45833,1.80808,65.1988,3.475573462317928
,,,,,,7527,-1.45833,1.80851,65.2142,3.442058567629737
,,,,,,7528,-1.45647,1.80894,65.2297,3.4109010472147894
,,,,,,7529,-1.45461,1.80936,65.2451,3.5128396427752056
,,,,,,7530,-1.45089,1.80979,65.2605,3.5018015662565016
,,,,,,7531,-1.45461,1.81022,65.276,3.5261309567355155
,,,,,,7532,-1.45275,1.81065,65.2914,3.5246583182106135
,,,,,,7533,-1.45275,1.81108,65.3068,3.408229764609668
,,,,,,7534,-1.45275,1.8115,65.3223,3.458373298846832
,,,,,,7535,-1.45089,1.81193,65.3377,3.5044117411001614
,,,,,,7536,-1.45275,1.81236,65.3531,3.565270388849323
,,,,,,7537,-1.45275,1.81279,65.3685,3.467871680840192
,,,,,,7539,-1.45089,1.81322,65.3839,3.578804435490825
,,,,,,7540,-1.45275,1.81364,65.3992,3.4440178553656056
,,,,,,7541,-1.45275,1.81401,65.4128,3.6308651922499284
,,,,,,7542,-1.45275,1.81444,65.4282,3.559677473730746
,,,,,,7543,-1.45461,1.81487,65.4436,3.511827619276209
,,,,,,7544,-1.45461,1.8153,65.4591,3.426212701923416
,,,,,,7545,-1.45461,1.81573,65.4745,3.5224245463744763
,,,,,,7546,-1.45275,1.81618,65.4908,3.496576887804868
,,,,,,7547,-1.45275,1.81659,65.5056,3.5189823276649506
,,,,,,7548,-1.45461,1.81696,65.5192,3.507978342790101
,,,,,,7549,-1.45275,1.81737,65.5339,3.5079703727959792
,,,,,,7550,-1.45275,1.8178,65.5493,3.5182502518518968
,,,,,,7551,-1.44903,1.81822,65.5646,3.511599065516754
,,,,,,7552,-1.45089,1.81866,65.5801,3.43169838642319
,,,,,,7553,-1.45275,1.81908,65.5956,3.487772126443452
,,,,,,7554,-1.45275,1.81951,65.611,3.538467580643758
,,,,,,7555,-1.45275,1.8199,65.6251,3.4947448142604385
,,,,,,7556,-1.45275,1.82033,65.6404,3.5356084759960744
,,,,,,7557,-1.45089,1.82075,65.6558,3.5921666745859313
,,,,,,7558,-1.45461,1.82118,65.6713,3.477164584575799
,,,,,,7559,-1.45647,1.82159,65.6858,3.5630521728569797
,,,,,,7560,-1.45275,1.822,65.7008,3.512555611828901
,,,,,,7561,-1.45275,1.82243,65.7163,3.532747917967445
,,,,,,7562,-1.45275,1.82286,65.7317,3.43782805258183
,,,,,,7563,-1.45461,1.82329,65.7471,3.4975628099315283
,,,,,,7565,-1.45275,1.82371,65.7626,3.542882646152634
,,,,,,7566,-1.44903,1.82409,65.7761,3.4734519638520944
,,,,,,7567,-1.45275,1.82452,65.7915,3.4469684082095955
,,,,,,7568,-1.45275,1.82494,65.8067,3.4655509652506185
,,,,,,7569,-1.45089,1.82539,65.8228,3.536849400630181
,,,,,,7570,-1.45275,1.82576,65.8363,3.5496521602046394
,,,,,,7571,-1.45275,1.82624,65.8536,3.5603698609353094
,,,,,,7572,-1.45461,1.82667,65.8691,3.5142225990845324
,,,,,,7573,-1.45275,1.82707,65.8835,3.492921132024535
,,,,,,7574,-1.45275,1.8275,65.8989,3.495622303064264
,,,,,,7575,-1.45089,1.82792,65.9143,3.487240144766209
,,,,,,7576,-1.45461,1.82835,65.9298,3.512277839501509
,,,,,,7577,-1.45275,1.82873,65.9433,3.525213653279267
,,,,,,7578,-1.45275,1.82916,65.9587,3.4716745540843545
,,,,,,7579,-1.45275,1.82957,65.9736,3.475058267365516
,,,,,,7580,-1.45275,1.83002,65.9898,3.526725663243175
,,,,,,7581,-1.45461,1.83039,66.0033,3.4721071538918395
,,,,,,7582,-1.45275,1.83082,66.0187,3.4692082072572803
,,,,,,7583,-1.45275,1.83125,66.0341,3.474749321546905
,,,,,,7584,-1.45461,1.83169,66.05,3.491417523293846
,,,,,,7585,-1.45275,1.83206,66.0636,3.5146736087367
,,,,,,7586,-1.45275,1.83249,66.079,3.5413303392755737
,,,,,,7587,-1.45275,1.83292,66.0944,3.5072422580418223
,,,,,,7588,-1.45461,1.83335,66.1098,3.53730945782678
,,,,,,7590,-1.45275,1.83377,66.1253,3.52574200232403
,,,,,,7591,-1.45275,1.8342,66.1407,3.5343719721553617
,,,,,,7592,-1.45275,1.83463,66.1561,3.589019889018832
,,,,,,7593,-1.45275,1.83506,66.1716,3.485731578989469
,,,,,,7594,-1.45275,1.83548,66.187,3.5781804252035867
,,,,,,7595,-1.45275,1.83591,66.2023,3.51063132951373
,,,,,,7596,-1.45461,1.83635,66.2181,3.4530572784319884
,,,,,,7597,-1.45461,1.83678,66.2336,3.4288544866563537
,,,,,,7598,-1.45275,1.8372,66.249,3.4754264679976834
,,,,,,7599,-1.45275,1.83763,66.2644,3.492045371796264
,,,,,,7600,-1.45275,1.83804,66.2793,3.4473009573736086
,,,,,,7601,-1.45461,1.83844,66.2935,3.392096373110735
,,,,,,7602,-1.45461,1.83887,66.309,3.4564772308189577
,,,,,,7603,-1.45461,1.8393,66.3244,3.5176774192271645
,,,,,,7604,-1.45275,1.83972,66.3398,3.524687444370442
,,,,,,7605,-1.45275,1.84015,66.3553,3.5014995033400433
,,,,,,7606,-1.45461,1.84058,66.3707,3.5221599207371757
,,,,,,7607,-1.45275,1.84101,66.3861,3.4690856518117696
,,,,,,7609,-1.45275,1.84144,66.4016,3.533432650747344
,,,,,,7610,-1.45275,1.84186,66.4168,3.530072994751431
,,,,,,7611,-1.45275,1.84229,66.4323,3.4864055362847624
,,,,,,7612,-1.45089,1.8427,66.4471,3.5208830696884843
,,,,,,7613,-1.45275,1.84313,66.4628,3.6023404728235375
,,,,,,7614,-1.45275,1.84356,66.4783,3.443349705646143
,,,,,,7615,-1.45275,1.84399,66.4937,3.4499312859320574
,,,,,,7616,-1.45275,1.84442,66.5091,3.4746032873364996
,,,,,,7617,-1.45275,1.84485,66.5246,3.46293184702169
,,,,,,7618,-1.45275,1.84527,66.5398,3.4558918004222656
,,,,,,7619,-1.45275,1.84565,66.5534,3.4968351740877006
,,,,,,7620,-1.45089,1.84609,66.5692,3.450487423969047
,,,,,,7621,-1.45275,1.84648,66.5835,3.4750406553873665
,,,,,,7622,-1.45461,1.84691,66.5989,3.4821525318249473
,,,,,,7623,-1.45647,1.84734,66.6144,3.4890555712779547
,,,,,,7624,-1.45275,1.84777,66.6298,3.456450866664008
,,,,,,7625,-1.45461,1.84819,66.6452,3.437330608771365
,,,,,,7626,-1.45461,1.84862,66.6607,3.5189724630565684
,,,,,,7627,-1.45275,1.84905,66.6761,3.4053571697186853
,,,,,,7628,-1.45275,1.84948,66.6915,3.4488490964022276
,,,,,,7629,-1.45275,1.8499,66.707,3.508881609804215
,,,,,,7630,-1.45275,1.85033,66.7224,3.506247994235005
,,,,,,7632,-1.45275,1.85072,66.7364,3.53455136504072
,,,,,,7633,-1.45089,1.85115,66.7518,3.450115050550946
,,,,,,7634,-1.45275,1.85158,66.7672,3.4523015585194705
,,,,,,7635,-1.45275,1.85195,66.7809,3.4278772080411315
,,,,,,7636,-1.45461,1.85238,66.7962,3.4893360995242997
,,,,,,7637,-1.45275,1.85282,66.812,3.4930478007938293
,,,,,,7638,-1.45275,1.85319,66.8256,3.5080440389359593
,,,,,,7639,-1.45461,1.85362,66.841,3.4784448366495018
,,,,,,7640,-1.45275,1.85404,66.8561,3.4757278818259256
,,,,,,7641,-1.45275,1.85447,66.8717,3.481899388123604
,,,,,,7642,-1.45461,1.8549,66.8871,3.5440450407445985
,,,,,,7643,-1.45461,1.85533,66.9026,3.444533985204665
,,,,,,7644,-1.45461,1.85575,66.9178,3.345587190774888
,,,,,,7645,-1.45461,1.85613,66.9314,3.6026125171034433
,,,,,,7646,-1.45461,1.85656,66.9468,3.4685172042122634
,,,,,,7647,-1.45089,1.85698,66.9622,3.4292309743891964
,,,,,,7648,-1.45275,1.85741,66.9777,3.617072660294168
,,,,,,7649,-1.45461,1.85784,66.9931,3.5769030847670824
,,,,,,7650,-1.45275,1.85827,67.0085,3.4480916165835844
,,,,,,7651,-1.45275,1.8587,67.024,3.4864585648466733
,,,,,,7652,-1.45275,1.85912,67.0392,3.435826299157177
,,,,,,7653,-1.45275,1.85955,67.0547,3.4691693971293027
,,,,,,7654,-1.45089,1.85997,67.0701,3.5352072538307944
,,,,,,7655,-1.45461,1.8604,67.0855,3.541593424732083
,,,,,,7657,-1.45275,1.86083,67.1009,3.5701146974257525
,,,,,,7658,-1.45275,1.86126,67.1164,3.5742758124125555
,,,,,,7659,-1.45275,1.86168,67.1317,3.4589260618830253
,,,,,,7660,-1.45275,1.86206,67.1452,3.47739968716055
,,,,,,7661,-1.45461,1.86249,67.1606,3.4729478583408735
,,,,,,7662,-1.45275,1.86291,67.1761,3.4315838631902866
,,,,,,7663,-1.45461,1.86332,67.1908,3.4502900395385674
,,,,,,7664,-1.45275,1.86375,67.2063,3.491044177866162
,,,,,,7665,-1.45275,1.86418,67.2218,3.4847249088310694
,,,,,,7666,-1.45275,1.86461,67.2372,3.4915050500515723
,,,,,,7667,-1.45461,1.86504,67.2526,3.5591605918878084
,,,,,,7668,-1.45647,1.86546,67.268,3.4707618643394125
,,,,,,7669,-1.45275,1.86589,67.2835,3.441405605584192
,,,,,,7670,-1.45275,1.86629,67.2979,3.4341820025780465
,,,,,,7671,-1.45461,1.86674,67.3142,3.535480505603432
,,,,,,7672,-1.45275,1.86717,67.3295,3.504405957577931
,,,,,,7673,-1.45275,1.86754,67.343,3.532208787365429
,,,,,,7674,-1.45275,1.86797,67.3585,3.4863653404894945
,,,,,,7675,-1.45461,1.8684,67.3739,3.4355421718151438
,,,,,,7676,-1.45089,1.86883,67.3893,3.456578974479825
,,,,,,7677,-1.45275,1.86926,67.4047,3.487397235459169
,,,,,,7678,-1.45275,1.86968,67.4202,3.433143891334461
,,,,,,7679,-1.45275,1.87011,67.4356,3.4671915529407076
,,,,,,7681,-1.45461,1.87054,67.451,3.5214981166098864
,,,,,,7682,-1.45461,1.87091,67.4646,3.4404941475734954
,,,,,,7683,-1.45089,1.8714,67.4819,3.484782610688877
,,,,,,7684,-1.45461,1.87181,67.497,3.4892384918333046
,,,,,,7685,-1.45275,1.87224,67.5125,3.4321740705402886
,,,,,,7686,-1.45275,1.87267,67.5279,3.4946332993487075
,,,,,,7687,-1.45461,1.8731,67.5433,3.495680186502655
,,,,,,7688,-1.45461,1.87353,67.5588,3.492332514962562
,,,,,,7689,-1.45275,1.87395,67.5742,3.4604653100929883
,,,,,,7690,-1.45461,1.87438,67.5896,3.4889861908228204
,,,,,,7691,-1.45275,1.87477,67.6034,3.432027343481223
,,,,,,7692,-1.45275,1.87518,67.6184,3.4828179901378946
,,,,,,7693,-1.45089,1.87561,67.6339,3.5077305443625053
,,,,,,7694,-1.45275,1.87604,67.6493,3.4914550193978506
,,,,,,7695,-1.45461,1.87646,67.6647,3.5618724584363064
,,,,,,7696,-1.45461,1.87689,67.6801,3.464759105381357
,,,,,,7697,-1.45089,1.87732,67.6956,3.3917466479806566
,,,,,,7698,-1.45275,1.87775,67.7111,3.4720907207768077
,,,,,,7699,-1.45461,1.87818,67.7264,3.5207696895546445
,,,,,,7700,-1.45275,1.87855,67.74,3.436412941262358
,,,,,,7702,-1.45461,1.87898,67.7554,3.466081181035531
,,,,,,7703,-1.45275,1.8794,67.7705,3.382549735325514
,,,,,,7704,-1.45275,1.87982,67.7858,3.4979982583494524
,,,,,,7705,-1.45275,1.88025,67.8012,3.513353913850927
,,,,,,7706,-1.45275,1.88068,67.8167,3.5440513761784005
,,,,,,7707,-1.45275,1.8811,67.832,3.432588541583736
,,,,,,7708,-1.45275,1.8815,67.8462,3.475763095989971
,,,,,,7709,-1.45461,1.88193,67.8617,3.4454143038389318
,,,,,,7710,-1.45275,1.88235,67.8771,3.4140382210562286
,,,,,,7711,-1.45275,1.88275,67.8914,3.446867072839612
,,,,,,7712,-1.45275,1.88317,67.9066,3.4427060389817266
,,,,,,7713,-1.45275,1.8836,67.9221,3.4513199613331516
,,,,,,7714,-1.45275,1.88403,67.9375,3.5531648029247247
,,,,,,7715,-1.45461,1.88448,67.9538,3.437962691824626
,,,,,,7716,-1.45275,1.88487,67.9679,3.556655076659038
,,,,,,7717,-1.45275,1.8853,67.9834,3.415284147636174
,,,,,,7718,-1.45461,1.88573,67.9988,3.5035985806592262
,,,,,,7719,-1.45275,1.88616,68.0142,3.3952462992487655
,,,,,,7720,-1.45275,1.88658,68.0296,3.490868681709697
,,,,,,7721,-1.45275,1.88701,68.0451,3.477489673107981
,,,,,,7723,-1.45461,1.88751,68.0631,3.5561941826149583
,,,,,,7724,-1.45275,1.88793,68.078,3.4060603033278305
,,,,,,7725,-1.45275,1.88835,68.0934,3.4354334461878198
,,,,,,7726,-1.45275,1.88878,68.1088,3.486847733497626
,,,,,,7727,-1.45275,1.88921,68.1243,3.4785981488509816
,,,,,,7728,-1.45275,1.88964,68.1397,3.4332181094714325
,,,,,,7729,-1.45461,1.89006,68.1551,3.4948850065338313
,,,,,,7730,-1.45275,1.89044,68.1687,3.4334799531752265
,,,,,,7731,-1.45275,1.89087,68.1841,3.5092666058655326
,,,,,,7732,-1.45089,1.8913,68.1995,3.52361114852465
,,,,,,7733,-1.45275,1.89172,68.2149,3.538534500496809
,,,,,,7734,-1.45275,1.89215,68.2303,3.4915207649019724
,,,,,,7735,-1.45275,1.89259,68.2462,3.555604926297297
,,,,,,7736,-1.45275,1.893,68.2611,3.5049150835106935
,,,,,,7737,-1.45275,1.89343,68.2765,3.493474043908664
,,,,,,7738,-1.45275,1.89386,68.2919,3.454615834636118
,,,,,,7739,-1.45275,1.89429,68.3074,3.5411277998490007
,,,,,,7740,-1.45461,1.89471,68.3228,3.488252971717473
,,,,,,7741,-1.45461,1.89509,68.3363,3.480413995168
,,,,,,7743,-1.45461,1.89555,68.3531,3.415735452229995
,,,,,,7744,-1.45089,1.89598,68.3683,3.5005723636995065
,,,,,,7745,-1.45275,1.89635,68.3819,3.5933913771590222
,,,,,,7746,-1.45275,1.89678,68.3973,3.5099359453982215
,,,,,,7747,-1.45089,1.89721,68.4127,3.5100714335477705
,,,,,,7748,-1.44903,1.89764,68.4283,3.4408524976958503
,,,,,,7749,-1.45275,1.89807,68.4437,3.4888581728936376
,,,,,,7750,-1.45461,1.89851,68.4596,3.5415236575507976
,,,,,,7751,-1.45275,1.89894,68.475,3.5645608199732686
,,,,,,7752,-1.45461,1.89931,68.4885,3.4403519934942173
,,,,,,7753,-1.45089,1.89974,68.504,3.508202284917628
,,,,,,7754,-1.45275,1.90017,68.5194,3.5981714335589063
,,,,,,7755,-1.45089,1.90059,68.5348,3.443856341353182
,,,,,,7756,-1.45275,1.90103,68.5504,3.5183145932437094
,,,,,,7757,-1.45647,1.90145,68.5658,3.5179077033418653
,,,,,,7758,-1.45089,1.90188,68.5812,3.5770403894063136
,,,,,,7759,-1.45275,1.90229,68.5959,3.4272098562847586
,,,,,,7760,-1.45461,1.9027,68.6106,3.4533620427879996
,,,,,,7761,-1.45461,1.90307,68.6242,3.4923756021877366
,,,,,,7762,-1.45275,1.9035,68.6396,3.5619413822250157
,,,,,,7763,-1.45461,1.90393,68.655,3.434779100458769
,,,,,,7764,-1.45275,1.90436,68.6705,3.423503716974471
,,,,,,7765,-1.45275,1.90478,68.6856,3.49187875107447
,,,,,,7766,-1.45461,1.90522,68.7016,3.5127257689907077
,,,,,,7768,-1.45275,1.90565,68.7171,3.519312164975984
,,,,,,7769,-1.45275,1.90608,68.7325,3.4506010421039024
,,,,,,7770,-1.45275,1.9065,68.7479,3.5017740327839384
,,,,,,7771,-1.45275,1.90693,68.7634,3.4160915001660963
,,,,,,7772,-1.45461,1.90736,68.7788,3.487221884862488
,,,,,,7773,-1.45461,1.90778,68.7941,3.481254501748958
,,,,,,7774,-1.45089,1.90818,68.8083,3.464898276336553
,,,,,,7775,-1.45275,1.90863,68.8245,3.471080992779846
,,,,,,7776,-1.45275,1.90906,68.8399,3.4076610428484693
,,,,,,7777,-1.45461,1.90948,68.8554,3.3865248105790093
,,,,,,7778,-1.45275,1.90991,68.8708,3.520299823772379
,,,,,,7779,-1.45461,1.91034,68.8862,3.4818411489177614
,,,,,,7780,-1.45461,1.91077,68.9016,3.5539482039473445
,,,,,,7781,-1.45275,1.9112,68.9171,3.4461088799516584
,,,,,,7782,-1.45089,1.9116,68.9318,3.4956516734853604
,,,,,,7783,-1.45275,1.91199,68.9457,3.50617247108405
,,,,,,7784,-1.45275,1.91242,68.9612,3.5053151514826912
,,,,,,7785,-1.45275,1.91284,68.9764,3.501203770053347
,,,,,,7786,-1.45275,1.91327,68.9919,3.497834641260983
,,,,,,7787,-1.45275,1.9137,69.0073,3.5091590880363097
,,,,,,7788,-1.45275,1.91407,69.0208,3.6105925211525327
,,,,,,7790,-1.45275,1.9145,69.0363,3.3826047028219905
,,,,,,7791,-1.45275,1.91493,69.0517,3.5916275767037398
,,,,,,7792,-1.45275,1.91536,69.0671,3.4855210999168467
,,,,,,7793,-1.45275,1.91578,69.0826,3.559016732558705
,,,,,,7794,-1.45647,1.91622,69.0983,3.490523592579303
,,,,,,7795,-1.45275,1.91663,69.1131,3.5629985763759247
,,,,,,7796,-1.45275,1.91701,69.1267,3.50101763020582
,,,,,,7797,-1.45275,1.91744,69.1421,3.382066639969422
,,,,,,7798,-1.45275,1.91786,69.1575,3.5207418774077994
,,,,,,7799,-1.45275,1.91829,69.1729,3.5303799009408565
,,,,,,7800,-1.45275,1.91872,69.1884,3.4969637301655307
,,,,,,7801,-1.45275,1.91915,69.2038,3.49511498363176
,,,,,,7802,-1.45275,1.91957,69.2189,3.4153096305272697
,,,,,,7803,-1.45275,1.92,69.2345,3.4311162261229198
,,,,,,7804,-1.45275,1.92043,69.2499,3.3700932785594677
,,,,,,7805,-1.45275,1.92085,69.2652,3.480750827697402
,,,,,,7806,-1.45275,1.92126,69.2801,3.5552170771682934
,,,,,,7807,-1.45275,1.92164,69.2936,3.4462498657469087
,,,,,,7808,-1.45275,1.92206,69.309,3.5006248158637843
,,,,,,7809,-1.45461,1.92249,69.3245,3.485414311069097
,,,,,,7810,-1.45275,1.92292,69.3399,3.468391668445278
,,,,,,7811,-1.45275,1.92335,69.3553,3.402027284059989
,,,,,,7813,-1.45461,1.92378,69.3707,3.3977325354999697
,,,,,,7814,-1.45275,1.92419,69.3857,3.389180487556617
,,,,,,7815,-1.45275,1.92463,69.4016,3.492297912958764
,,,,,,7816,-1.45275,1.92506,69.417,3.551399658919266
,,,,,,7817,-1.45275,1.92549,69.4325,3.536390867575327
,,,,,,7818,-1.45275,1.92592,69.4479,3.5468438271415854
,,,,,,7819,-1.45275,1.92634,69.4633,3.467032199447788
,,,,,,7820,-1.45275,1.92677,69.4787,3.4704403339094783
,,,,,,7821,-1.45461,1.9272,69.4942,3.55347186714201
,,,,,,7822,-1.45461,1.9276,69.5086,3.484768042014313
,,,,,,7823,-1.45275,1.92802,69.5237,3.417832845426323
,,,,,,7824,-1.45275,1.92845,69.5392,3.4095884048684275
,,,,,,7825,-1.45089,1.92887,69.5544,3.473980400617222
,,,,,,7826,-1.45275,1.92927,69.5689,3.542405816578615
,,,,,,7827,-1.45275,1.92971,69.5847,3.453050255853401
,,,,,,7828,-1.45275,1.93014,69.6002,3.5193297254533564
,,,,,,7829,-1.45089,1.93057,69.6156,3.497912052931781
,,,,,,7830,-1.45275,1.93095,69.6296,3.4270097674675966
,,,,,,7831,-1.45461,1.93138,69.645,3.621833766327588
,,,,,,7832,-1.45275,1.93181,69.6604,3.4340692744096155
,,,,,,7833,-1.45275,1.93223,69.6757,3.509660878249174
,,,,,,7834,-1.45461,1.93266,69.691,3.5212980092194415
,,,,,,7835,-1.45275,1.93306,69.7055,3.464023382652624
,,,,,,7837,-1.45275,1.93349,69.721,3.4852037925436194
,,,,,,7838,-1.45275,1.93392,69.7364,3.486646762441893
,,,,,,7839,-1.45461,1.93434,69.7518,3.4708145463833957
,,,,,,7840,-1.45275,1.93477,69.7673,3.4809486263119367
,,,,,,7841,-1.45275,1.9352,69.7827,3.4704290259125172
,,,,,,7842,-1.45275,1.93562,69.798,3.499216583306254
,,,,,,7843,-1.45275,1.936,69.8115,3.484620455200547
,,,,,,7844,-1.45275,1.93643,69.8269,3.516240012960582
,,,,,,7845,-1.45275,1.93686,69.8424,3.4186557078680018
,,,,,,7846,-1.45275,1.93728,69.8578,3.4812067816821224
,,,,,,7847,-1.45275,1.93771,69.8732,3.472408029847277
,,,,,,7848,-1.45461,1.93814,69.8887,3.503635513276458
,,,,,,7849,-1.45275,1.93857,69.9041,3.5719640279246416
,,,,,,7850,-1.45275,1.93899,69.9195,3.5063520891147504
,,,,,,7851,-1.45275,1.93942,69.935,3.4552301308083826
,,,,,,7852,-1.45275,1.93983,69.9497,3.408870801709664
,,,,,,7853,-1.45275,1.94026,69.9651,3.4949314654170838
,,,,,,7854,-1.45461,1.94069,69.9805,3.446435267541624
,,,,,,7855,-1.45275,1.94111,69.9959,3.475189569463696
,,,,,,7856,-1.45461,1.94154,70.0114,3.5892568046387985
,,,,,,7858,-1.45275,1.94197,70.0268,3.4285777325190745
,,,,,,7859,-1.45461,1.9424,70.0422,3.4751754969471413
,,,,,,7860,-1.45275,1.94277,70.0558,3.491001762817898
,,,,,,7861,-1.45461,1.9432,70.0712,3.4381469753423746
,,,,,,7862,-1.45461,1.94363,70.0866,3.441222675926219
,,,,,,7863,-1.45275,1.94406,70.1021,3.447272785343388
,,,,,,7864,-1.45275,1.94448,70.1175,3.45610815730362
,,,,,,7865,-1.45275,1.94494,70.1338,3.4656871625360055
,,,,,,7866,-1.45275,1.94534,70.1485,3.4324358843318796
,,,,,,7867,-1.45275,1.94575,70.1632,3.5359466956175716
,,,,,,7868,-1.45275,1.94613,70.1767,3.508649219862876
,,,,,,7869,-1.45275,1.94656,70.1922,3.3641554268018736
,,,,,,7870,-1.45089,1.94698,70.2076,3.4751953339364627
,,,,,,7871,-1.45089,1.94741,70.223,3.4973644417262064
,,,,,,7872,-1.45275,1.94784,70.2384,3.4849497216651377
,,,,,,7873,-1.45275,1.94827,70.2539,3.4556213536734797
,,,,,,7874,-1.45275,1.94869,70.269,3.483230711334099
,,,,,,7875,-1.45647,1.9491,70.2839,3.456508127196159
,,,,,,7876,-1.45461,1.94947,70.2974,3.464014747507709
,,,,,,7877,-1.45275,1.94992,70.3136,3.4960372162778026
,,,,,,7878,-1.45461,1.95034,70.3287,3.429153916821725
,,,,,,7879,-1.45089,1.95077,70.3441,3.4909789641810516
,,,,,,7880,-1.45275,1.9512,70.3595,3.4485274997825313
,,,,,,7881,-1.45089,1.95163,70.375,3.504587880149746
,,,,,,7882,-1.45461,1.95205,70.3904,3.5180085513276205
,,,,,,7884,-1.45275,1.95248,70.4058,3.4077861147517465
,,,,,,7885,-1.45089,1.95291,70.4213,3.518325903729803
,,,,,,7886,-1.45275,1.95334,70.4367,3.4721377614333013
,,,,,,7887,-1.45275,1.95376,70.4521,3.496253831125233
,,,,,,7888,-1.45647,1.95414,70.4656,3.539275204803443
,,,,,,7889,-1.45461,1.95457,70.4811,3.498146826147643
,,,,,,7890,-1.45275,1.955,70.4965,3.432998893406186
,,,,,,7891,-1.45275,1.95543,70.5121,3.39118719567771
,,,,,,7892,-1.45461,1.95586,70.5275,3.469580270536339
,,,,,,7893,-1.45647,1.95628,70.5429,3.546348403899056
,,,,,,7894,-1.45647,1.95671,70.5582,3.4399938632857987
,,,,,,7895,-1.45833,1.95713,70.5735,3.522471237363809
,,,,,,7896,-1.45089,1.95751,70.5871,3.4788529615412664
,,,,,,7897,-1.45089,1.95794,70.6025,3.516532255562655
,,,,,,7898,-1.45275,1.95836,70.6179,3.421151610513629
,,,,,,7899,-1.45275,1.9588,70.6338,3.427771203408262
,,,,,,7900,-1.45275,1.95918,70.6473,3.495920591027373
,,,,,,7901,-1.45461,1.95961,70.6628,3.471906040339093
,,,,,,7902,-1.45089,1.96003,70.6782,3.4665992343018583
,,,,,,7903,-1.45089,1.96046,70.6936,3.4569350376531847
,,,,,,7904,-1.45275,1.9609,70.7094,3.459201460687225
,,,,,,7906,-1.45275,1.96136,70.726,3.440567063207242
,,,,,,7907,-1.45275,1.96177,70.7408,3.408314910407478
,,,,,,7908,-1.45275,1.9622,70.7562,3.3458109746027134
,,,,,,7909,-1.45275,1.96263,70.7717,3.520869808142157
,,,,,,7910,-1.45461,1.96305,70.7871,3.412279285499907
,,,,,,7911,-1.45275,1.96348,70.8025,3.4363046600772176
,,,,,,7912,-1.45275,1.96386,70.8161,3.4485743432352978
,,,,,,7913,-1.45461,1.96428,70.8315,3.4170284412074867
,,,,,,7914,-1.45275,1.96471,70.8469,3.602216610221868
,,,,,,7915,-1.45089,1.96514,70.8623,3.489419493694754
,,,,,,7916,-1.45275,1.96557,70.8779,3.44014864617167
,,,,,,7917,-1.45275,1.96599,70.893,3.5332576346314997
,,,,,,7918,-1.45461,1.96638,70.9072,3.4619610515264214
,,,,,,7919,-1.45647,1.96681,70.9226,3.473142838749382
,,,,,,7920,-1.45275,1.96724,70.938,3.4613042996668293
,,,,,,7921,-1.45275,1.96767,70.9535,3.5310447713439195
,,,,,,7922,-1.45275,1.9681,70.9689,3.5143529395751414
,,,,,,7923,-1.45275,1.96852,70.9843,3.4828714573710173
,,,,,,7924,-1.45461,1.96895,70.9996,3.44702257573326
,,,,,,7925,-1.45461,1.96935,71.0142,3.4924935894290257
,,,,,,7926,-1.45647,1.96977,71.0293,3.4741811571437533
,,,,,,7927,-1.45275,1.97015,71.0429,3.541518695586293
,,,,,,7928,-1.45647,1.97056,71.0576,3.4604815578439996
,,,,,,7929,-1.45275,1.97099,71.0733,3.3536484381546936
,,,,,,7930,-1.45461,1.97137,71.0869,3.341914389409871
,,,,,,7931,-1.45089,1.9718,71.1023,3.4770565030243183
,,,,,,7933,-1.45275,1.97222,71.1177,3.5060740131949877
,,,,,,7934,-1.45275,1.97265,71.1331,3.3948549042642977
,,,,,,7935,-1.45275,1.97308,71.1486,3.4600446804043585
,,,,,,7936,-1.45275,1.9735,71.1638,3.4142398122181588
,,,,,,7937,-1.45275,1.97392,71.1788,3.405433555307239
,,,,,,7938,-1.45275,1.97433,71.1938,3.4242833280522524
,,,,,,7939,-1.45275,1.97476,71.2093,3.5004592364781306
,,,,,,7940,-1.45275,1.97519,71.2247,3.463864848740795
,,,,,,7941,-1.45275,1.97562,71.2401,3.5390367147678305
,,,,,,7942,-1.45275,1.97605,71.2556,3.3925429272237104
,,,,,,7943,-1.45275,1.97643,71.2695,3.4676985284966366
,,,,,,7944,-1.45275,1.97686,71.285,3.4481536942352067
,,,,,,7945,-1.45275,1.97729,71.3004,3.4313512540426463
,,,,,,7946,-1.45461,1.97772,71.3158,3.422125149228948
,,,,,,7947,-1.45275,1.97815,71.3313,3.4952558577314914
,,,,,,7948,-1.45275,1.97857,71.3467,3.4813026274923695
,,,,,,7949,-1.45275,1.979,71.3621,3.3966712843879185
,,,,,,7950,-1.45275,1.97943,71.3776,3.4916788372034726
,,,,,,7951,-1.45275,1.97986,71.393,3.4618036215143206
,,,,,,7952,-1.45461,1.98028,71.4081,3.3826972526201757
,,,,,,7954,-1.45275,1.9807,71.4234,3.4673684407864775
,,,,,,7955,-1.45275,1.98113,71.4389,3.449677907987491
,,,,,,7956,-1.45275,1.98155,71.4541,3.4906801498376967
,,,,,,7957,-1.45275,1.98198,71.4696,3.422979690676149
,,,,,,7958,-1.45275,1.9824,71.4848,3.420976760605492
,,,,,,7959,-1.45275,1.9828,71.4991,3.442523825853079
,,,,,,7960,-1.45461,1.98323,71.5145,3.4391363553387384
,,,,,,7961,-1.45461,1.98366,71.53,3.4209136019230266
,,,,,,7962,-1.45275,1.98408,71.5454,3.5036047333529985
,,,,,,7963,-1.45461,1.98451,71.5608,3.47037124293312
,,,,,,7964,-1.45275,1.98494,71.5762,3.4735769692222522
,,,,,,7965,-1.45461,1.98537,71.5917,3.5147014972109534
,,,,,,7966,-1.45275,1.9858,71.6071,3.5443279207823104
,,,,,,7967,-1.45275,1.98622,71.6226,3.42264562860022
,,,,,,7968,-1.45461,1.98665,71.638,3.431978558630923
,,,,,,7969,-1.45275,1.98705,71.6525,3.5029363283642336
,,,,,,7970,-1.45275,1.98744,71.6664,3.5169481938641334
,,,,,,7971,-1.45461,1.98787,71.6818,3.4605212342823495
,,,,,,7972,-1.45275,1.98829,71.6972,3.4374097874644662
,,,,,,7973,-1.45461,1.98872,71.7127,3.489554163997272
,,,,,,7974,-1.45275,1.98915,71.7281,3.4479208462128343
,,,,,,7975,-1.45275,1.98958,71.7435,3.495791643906668
,,,,,,7977,-1.45461,1.99001,71.7589,3.5112094739022424
,,,,,,7978,-1.45275,1.9904,71.7731,3.528383323036335
,,,,,,7979,-1.45461,1.99082,71.7885,3.451230941272913
,,,,,,7980,-1.45275,1.99125,71.8039,3.435792791945854
,,,,,,7981,-1.45089,1.99168,71.8193,3.4005033525250763
,,,,,,7982,-1.45089,1.99211,71.8348,3.5138510697593732
,,,,,,7983,-1.45833,1.99254,71.8502,3.426535479484427
,,,,,,7984,-1.45275,1.99296,71.8656,3.520904318117054
,,,,,,7985,-1.45275,1.99339,71.8811,3.4628139954644555
,,,,,,7986,-1.45461,1.99382,71.8965,3.5327868987526356
,,,,,,7987,-1.45461,1.99425,71.9119,3.364687597913886
,,,,,,7988,-1.45275,1.99464,71.9259,3.4534474765197376
,,,,,,7989,-1.45275,1.99508,71.9419,3.4385052416445987
,,,,,,7990,-1.45275,1.99551,71.9574,3.4576307020722514
,,,,,,7991,-1.45647,1.99588,71.9709,3.3449091672629674
,,,,,,7992,-1.45647,1.99632,71.9866,3.3769349430998323
,,,,,,7993,-1.45275,1.99674,72.0018,3.4784118686714867
,,,,,,7994,-1.45461,1.99713,72.0157,3.352597485046287
,,,,,,7995,-1.45275,1.99758,72.032,3.524637275643584
,,,,,,7996,-1.45461,1.998,72.0472,3.4372169433073334
,,,,,,7997,-1.45461,1.99842,72.0625,3.5036871926835063
,,,,,,7998,-1.45275,1.9988,72.076,3.438574397151062
,,,,,,7999,-1.45275,1.99923,72.0914,3.427289058645838
,,,,,,8000,-1.45275,1.99965,72.1069,3.5563391866096317
,,,,,,8001,-1.45461,2.00008,72.1223,3.437823727513024
,,,,,,8003,-1.45275,2.00051,72.1377,3.4422641235325155
,,,,,,8004,-1.45275,2.00094,72.1532,3.4344300588199657
,,,,,,8005,-1.45275,2.00137,72.1686,3.510172816042136
,,,,,,8006,-1.45275,2.00179,72.184,3.469536027019784
,,,,,,8007,-1.45275,2.00222,72.1994,3.443537362011694
,,,,,,8008,-1.45275,2.00265,72.2149,3.5129336986010347
,,,,,,8009,-1.45461,2.00308,72.2303,3.4496950383362326
,,,,,,8010,-1.45461,2.0035,72.2457,3.4702824331220388
,,,,,,8011,-1.45461,2.00393,72.2612,3.5354787759859194
,,,,,,8012,-1.45275,2.00436,72.2766,3.4585924605939016
,,,,,,8013,-1.45275,2.00479,72.292,3.483729130782723
,,,,,,8014,-1.45275,2.00522,72.3074,3.4667429776724465
,,,,,,8015,-1.45461,2.00564,72.3227,3.3823078970619536
,,,,,,8016,-1.45275,2.00607,72.3382,3.4496009157542598
,,,,,,8017,-1.45275,2.0065,72.3536,3.515978147073064
,,,,,,8018,-1.45089,2.00692,72.369,3.5169113209695047
,,,,,,8019,-1.45275,2.00732,72.3833,3.3915355310736364
,,,,,,8020,-1.45647,2.00772,72.3977,3.491972458814342
,,,,,,8022,-1.45089,2.00815,72.4131,3.4999846373470547
,,,,,,8023,-1.45461,2.00857,72.4285,3.4768182768388387
,,,,,,8024,-1.45461,2.009,72.444,3.469565596075494
,,,,,,8025,-1.45461,2.00943,72.4594,3.488131908303073
,,,,,,8026,-1.45275,2.00986,72.4749,3.42254053366289
,,,,,,8027,-1.45461,2.01029,72.4903,3.4093801853243098
,,,,,,8028,-1.45461,2.01076,72.5075,3.473613683323571
,,,,,,8029,-1.45275,2.01115,72.5216,3.46311405731502
,,,,,,8030,-1.45461,2.01157,72.5364,3.501368612374537
,,,,,,8031,-1.45275,2.01199,72.5517,3.5412546476717592
,,,,,,8032,-1.45275,2.01242,72.5671,3.4436167462713057
,,,,,,8033,-1.45461,2.01285,72.5826,3.4401681352986446
,,,,,,8034,-1.45461,2.01327,72.598,3.4433010595072973
,,,,,,8035,-1.45275,2.0137,72.6134,3.526605523509906
,,,,,,8036,-1.45275,2.01413,72.6288,3.4948689656412864
,,,,,,8037,-1.45275,2.01456,72.6443,3.454113958170884
,,,,,,8038,-1.45461,2.01498,72.6597,3.4147337830864055
,,,,,,8040,-1.45275,2.01541,72.6751,3.4856009765973694
,,,,,,8041,-1.45275,2.01583,72.6903,3.5675816459047307
,,,,,,8042,-1.45275,2.01626,72.7058,3.4681908519029343
,,,,,,8043,-1.45275,2.01667,72.7205,3.442446957614445
,,,,,,8044,-1.45461,2.01705,72.7341,3.5423684775889708
,,,,,,8045,-1.45275,2.01747,72.7495,3.460701667851028
,,,,,,8046,-1.45275,2.0179,72.7649,3.4832987413629724
,,,,,,8047,-1.45461,2.01833,72.7804,3.5252304146415465
,,,,,,8048,-1.45275,2.01876,72.7958,3.43756151589942
,,,,,,8049,-1.45275,2.01921,72.8119,3.3423299940811364
,,,,,,8050,-1.45275,2.01961,72.8266,3.465743682072845
,,,,,,8051,-1.45461,2.01999,72.8402,3.637869026835613
,,,,,,8052,-1.45461,2.02042,72.8556,3.484517648382683
,,,,,,8053,-1.45275,2.02085,72.8712,3.444265665441768
,,,,,,8054,-1.45089,2.02128,72.8866,3.4361414892502653
,,,,,,8055,-1.45275,2.02171,72.902,3.4679090441749443
,,,,,,8056,-1.45461,2.02213,72.9174,3.4451885818285977
,,,,,,8057,-1.45275,2.02256,72.9329,3.4475258994619673
,,,,,,8058,-1.45461,2.02299,72.9483,3.4220186949686884
,,,,,,8059,-1.45461,2.02344,72.9645,3.5007014486434875
,,,,,,8060,-1.45461,2.02383,72.9786,3.460337259653587
,,,,,,8061,-1.45461,2.02426,72.994,3.414267734709509
,,,,,,8062,-1.45275,2.02468,73.0093,3.3978524195222084
,,,,,,8063,-1.45275,2.02506,73.0229,3.457692331676074
,,,,,,8064,-1.45275,2.02548,73.0381,3.4846134708400127
,,,,,,8065,-1.45275,2.0259,73.0533,3.562709405311202
,,,,,,8067,-1.45461,2.02632,73.0685,3.4525035928590984
,,,,,,8068,-1.45647,2.02675,73.0841,3.4329587657017084
,,,,,,8069,-1.45647,2.02714,73.0981,3.4493641951401393
,,,,,,8070,-1.45275,2.02757,73.1135,3.4912960641142146
,,,,,,8071,-1.45275,2.028,73.129,3.400496718408728
,,,,,,8072,-1.45275,2.02843,73.1444,3.4271710953757837
,,,,,,8073,-1.45275,2.02885,73.1598,3.3591403632854955
,,,,,,8074,-1.45461,2.02928,73.1751,3.4058498909946016
,,,,,,8075,-1.45275,2.02971,73.1905,3.434130260497506
,,,,,,8076,-1.45275,2.03013,73.2059,3.533683258336536
,,,,,,8077,-1.45461,2.03056,73.2214,3.41112883258434
,,,,,,8078,-1.45461,2.03099,73.2368,3.427200653050264
,,,,,,8079,-1.45275,2.03142,73.2522,3.5097534399289505
,,,,,,8080,-1.45275,2.03181,73.2665,3.4978416489515007
,,,,,,8081,-1.45275,2.03226,73.2825,3.457414461246493
,,,,,,8082,-1.45089,2.03263,73.2961,3.4299120406983596
,,,,,,8083,-1.45275,2.03306,73.3115,3.3944954219445003
,,,,,,8084,-1.45275,2.03349,73.3269,3.474315275901131
,,,,,,8085,-1.45275,2.03392,73.3423,3.4558480191823984
,,,,,,8086,-1.45275,2.03434,73.3578,3.4896827577059795
,,,,,,8087,-1.45275,2.03477,73.3732,3.372911358038914
,,,,,,8089,-1.45275,2.0352,73.3886,3.5288630627620567
,,,,,,8090,-1.45275,2.03563,73.4041,3.417219287857117
,,,,,,8091,-1.45275,2.03605,73.4195,3.4103512399674267
,,,,,,8092,-1.45275,2.03648,73.4349,3.4957381090636446
,,,,,,8093,-1.45275,2.0369,73.4501,3.3888861591027037
,,,,,,8094,-1.45461,2.03733,73.4653,3.3665679529313994
,,,,,,8095,-1.45461,2.03775,73.4808,3.4375526212195764
,,,,,,8096,-1.45275,2.03818,73.4962,3.5426253548723374
,,,,,,8097,-1.45275,2.03861,73.5116,3.489950642247595
,,,,,,8098,-1.45275,2.03904,73.5271,3.4178988503089682
,,,,,,8099,-1.45275,2.03947,73.5425,3.4762322841839084
,,,,,,8100,-1.45647,2.0399,73.5582,3.4791468035535
,,,,,,8101,-1.45647,2.04029,73.5723,3.542540941452388
,,,,,,8102,-1.45275,2.04072,73.5878,3.471048842669693
,,,,,,8103,-1.45461,2.04115,73.6032,3.3692978539611924
,,,,,,8104,-1.45089,2.04158,73.6187,3.3944397096243373
,,,,,,8105,-1.45275,2.042,73.634,3.481643394090213
,,,,,,8106,-1.45647,2.04243,73.6493,3.499106305917957
,,,,,,8107,-1.45089,2.04282,73.6633,3.3901920749659453
,,,,,,8108,-1.45089,2.04326,73.6793,3.5226895334998276
,,,,,,8109,-1.45275,2.04369,73.6947,3.470314637583855
,,,,,,8110,-1.45461,2.04406,73.7083,3.4467259845382623
,,,,,,8112,-1.45833,2.04449,73.7237,3.475101215688405
,,,,,,8113,-1.45461,2.04492,73.7391,3.3722238469468473
,,,,,,8114,-1.45275,2.04535,73.7546,3.4755417562590685
,,,,,,8115,-1.45275,2.04578,73.77,3.4401319249287226
,,,,,,8116,-1.45461,2.0462,73.7854,3.54508940250548
,,,,,,8117,-1.45461,2.04659,73.7992,3.5260206643489607
,,,,,,8118,-1.45275,2.04703,73.8151,3.396077445626978
,,,,,,8119,-1.45275,2.04745,73.8304,3.5022686752479086
,,,,,,8120,-1.45275,2.04783,73.8439,3.4107863105080427
,,,,,,8121,-1.45275,2.04825,73.8593,3.382381973402885
,,,,,,8122,-1.45275,2.04868,73.8748,3.4967950859724906
,,,,,,8123,-1.45461,2.04911,73.8902,3.4883065384581227
,,,,,,8124,-1.45275,2.04954,73.9056,3.4727712170778204
,,,,,,8125,-1.45275,2.04999,73.9218,3.5668428529967127
,,,,,,8126,-1.45275,2.05041,73.9372,3.4516147152707988
,,,,,,8127,-1.45275,2.05084,73.9527,3.3588060720803044
,,,,,,8128,-1.45275,2.05122,73.9662,3.376684693558757
,,,,,,8129,-1.45461,2.05164,73.9816,3.464045080806307
,,,,,,8130,-1.45461,2.05207,73.997,3.417894091737051
,,,,,,8131,-1.45461,2.05254,74.0141,3.429448585777449
,,,,,,8132,-1.45275,2.05292,74.0278,3.446379335664064
,,,,,,8133,-1.45089,2.05335,74.0432,3.413047201002367
,,,,,,8134,-1.45275,2.05378,74.0586,3.4219719839112557
,,,,,,8136,-1.45275,2.05421,74.074,3.4473303464520955
,,,,,,8137,-1.45275,2.05463,74.0895,3.481942141723534
,,,,,,8138,-1.45275,2.05506,74.1049,3.454612357566798
,,,,,,8139,-1.45089,2.05549,74.1203,3.3654808215898657
,,,,,,8140,-1.45461,2.05587,74.1339,3.4054275349196024
,,,,,,8141,-1.45275,2.05629,74.1491,3.423195957819079
,,,,,,8142,-1.45461,2.05672,74.1646,3.446996692062771
,,,,,,8143,-1.45275,2.05715,74.18,3.5284061309292767
,,,,,,8144,-1.45275,2.05757,74.1954,3.445134346603818
,,,,,,8145,-1.45275,2.058,74.2109,3.4770925638702317
,,,,,,8146,-1.45461,2.05843,74.2264,3.416382955685597
,,,,,,8147,-1.45275,2.05886,74.2419,3.4409511261218606
,,,,,,8148,-1.45275,2.05929,74.2573,3.4046240860415335
,,,,,,8149,-1.45275,2.05972,74.2727,3.4772013796872887
,,,,,,8150,-1.45461,2.06014,74.288,3.5194209391539824
,,,,,,8152,-1.45275,2.06069,74.3079,3.461522946131846
,,,,,,8153,-1.45089,2.06111,74.3228,3.5669579311250046
,,,,,,8154,-1.45461,2.06151,74.3372,3.528911555635058
,,,,,,8155,-1.45275,2.06194,74.3528,3.4570167238501
,,,,,,8156,-1.45275,2.06237,74.3682,3.358357236686485
,,,,,,8157,-1.45275,2.06279,74.3837,3.466239346240116
,,,,,,8158,-1.45461,2.06322,74.3991,3.3597154671523115
,,,,,,8159,-1.45275,2.06367,74.4152,3.3354567373842117
,,,,,,8160,-1.45275,2.06409,74.4304,3.4022661649889763
,,,,,,8161,-1.45461,2.06452,74.4458,3.432299013843284
,,,,,,8162,-1.45275,2.06495,74.4613,3.369315037089699
,,,,,,8163,-1.45461,2.06537,74.4767,3.4547896108407303
,,,,,,8164,-1.45461,2.06576,74.4906,3.4730940991592205
,,,,,,8165,-1.45275,2.0662,74.5065,3.4524898959269605
,,,,,,8166,-1.45275,2.06663,74.5219,3.4041650443014704
,,,,,,8167,-1.45461,2.06706,74.5374,3.4189043351218693
,,,,,,8168,-1.45275,2.06748,74.5528,3.4892414914421583
,,,,,,8170,-1.45275,2.06791,74.5682,3.488764576514438
,,,,,,8171,-1.45275,2.06834,74.5835,3.4813496307268603
,,,,,,8172,-1.45275,2.06874,74.5982,3.4454329565401745
,,,,,,8173,-1.45275,2.06913,74.612,3.4339930136493186
,,,,,,8174,-1.45461,2.06955,74.6273,3.4546290638309634
,,,,,,8175,-1.45275,2.06998,74.6427,3.4840400440370582
,,,,,,8176,-1.45275,2.07041,74.6582,3.410151003427557
,,,,,,8177,-1.45461,2.07083,74.6736,3.4709886983582354
,,,,,,8178,-1.45275,2.07126,74.689,3.4260402267533703
,,,,,,8179,-1.45275,2.07169,74.7045,3.424610994676191
,,,,,,8180,-1.45461,2.0721,74.7192,3.418327470149363
,,,,,,8181,-1.45461,2.07247,74.7327,3.43100182813763
,,,,,,8182,-1.45275,2.0729,74.7481,3.352562976976988
,,,,,,8183,-1.45275,2.07333,74.7636,3.4044784076692687
,,,,,,8184,-1.45275,2.07372,74.7778,3.479334079091725
,,,,,,8185,-1.45275,2.07415,74.7931,3.392454496629578
,,,,,,8186,-1.45461,2.07458,74.8085,3.396875015938484
,,,,,,8187,-1.45275,2.075,74.824,3.4246435284716377
,,,,,,8188,-1.45275,2.07544,74.8397,3.3930473481453274
,,,,,,8189,-1.45275,2.07582,74.8534,3.3916916184486303
,,,,,,8190,-1.45275,2.07625,74.8688,3.505896771752105
,,,,,,8191,-1.45275,2.07667,74.8842,3.4639646488632
,,,,,,8192,-1.45275,2.07709,74.8992,3.4860363704721404
,,,,,,8193,-1.45461,2.07752,74.9146,3.445737668122977
,,,,,,8194,-1.45275,2.07795,74.9301,3.5210811284910566
,,,,,,8195,-1.45275,2.07837,74.9455,3.4739448590374926
,,,,,,8197,-1.45275,2.0788,74.9609,3.4471429392218487
,,,,,,8198,-1.45461,2.07923,74.9763,3.4198469850621813
,,,,,,8199,-1.45461,2.07966,74.9918,3.3369375810523394
,,,,,,8200,-1.45275,2.08009,75.0072,3.432878697244029
,,,,,,8201,-1.45275,2.08051,75.0226,3.5159748193749225
,,,,,,8202,-1.45461,2.08094,75.0381,3.4232386020328884
,,,,,,8203,-1.45461,2.08137,75.0535,3.4531387089149925
,,,,,,8204,-1.45089,2.0818,75.0689,3.3517802285672693
,,,,,,8205,-1.45275,2.08223,75.0844,3.456111687238899
,,,,,,8206,-1.45275,2.08265,75.0998,3.51315708901948
,,,,,,8207,-1.45275,2.08308,75.1152,3.4006174625364145
,,,,,,8208,-1.45275,2.08346,75.1288,3.356639436831151
,,,,,,8209,-1.45275,2.08388,75.1442,3.428112028226546
,,,,,,8210,-1.45275,2.08436,75.1614,3.4781363702602315
,,,,,,8211,-1.45275,2.08479,75.1768,3.478419122186697
,,,,,,8212,-1.45275,2.08522,75.1922,3.4078229140193477
,,,,,,8213,-1.45275,2.08564,75.2075,3.3698656435454195
,,,,,,8214,-1.45275,2.08607,75.2229,3.4976360846131906
,,,,,,8216,-1.45275,2.0865,75.2384,3.354832303256669
,,,,,,8217,-1.45275,2.08692,75.2538,3.4346094004159244
,,,,,,8218,-1.45275,2.08735,75.2692,3.423693404705041
,,,,,,8219,-1.45275,2.08782,75.2861,3.4022339769468166
,,,,,,8220,-1.45461,2.08824,75.3014,3.407188467964345
,,,,,,8221,-1.45275,2.08862,75.3149,3.4346234328895697
,,,,,,8222,-1.45275,2.08905,75.3304,3.5066499716481347
,,,,,,8223,-1.45275,2.08947,75.3458,3.5014929398132844
,,,,,,8224,-1.45275,2.08992,75.3618,3.484201003317152
,,,,,,8225,-1.45647,2.09032,75.3762,3.4825362189368594
,,,,,,8226,-1.45461,2.09075,75.3916,3.331102617121343
,,,,,,8227,-1.45461,2.09117,75.4071,3.451904121609534
,,,,,,8228,-1.45461,2.0916,75.4225,3.390863226080893
,,,,,,8229,-1.45275,2.09203,75.4381,3.3935615011418134
,,,,,,8230,-1.45275,2.09246,75.4535,3.3881302791344856
,,,,,,8231,-1.45275,2.09283,75.4669,3.4371435636055274
,,,,,,8232,-1.45461,2.09328,75.4829,3.4511113910634927
,,,,,,8233,-1.45647,2.09371,75.4983,3.4499688964759754
,,,,,,8234,-1.45089,2.09413,75.5136,3.39462569439173
,,,,,,8235,-1.45275,2.09452,75.5279,3.394108228973357
,,,,,,8237,-1.45275,2.09493,75.5426,3.4637245589513985
,,,,,,8238,-1.45275,2.09536,75.558,3.4375594065644837
,,,,,,8239,-1.45089,2.09579,75.5734,3.4911073976207225
,,,,,,8240,-1.45647,2.09622,75.5889,3.35023576856973
,,,,,,8241,-1.45089,2.09664,75.6043,3.376956673951318
,,,,,,8242,-1.45461,2.09707,75.6197,3.3620122570905964
,,,,,,8243,-1.45275,2.0975,75.6352,3.462711466885727
,,,,,,8244,-1.45089,2.09793,75.6506,3.3882411717807677
,,,,,,8245,-1.45647,2.09836,75.666,3.374760618534353
,,,,,,8246,-1.44903,2.09878,75.6814,3.50079063227132
,,,,,,8247,-1.45275,2.09922,75.697,3.4764295624102672
,,,,,,8248,-1.45461,2.09964,75.7124,3.4622977174969765
,,,,,,8249,-1.45275,2.10007,75.7279,3.4717141270638576
,,,,,,8250,-1.45089,2.1005,75.7433,3.3772978680855177
,,,,,,8251,-1.45461,2.10087,75.7568,3.5214873134244224
,,,,,,8252,-1.45275,2.1013,75.7723,3.39174565478677
,,,,,,8253,-1.45461,2.10173,75.7877,3.444035243672781
,,,,,,8254,-1.45275,2.10216,75.8031,3.4591663491133655
,,,,,,8255,-1.45275,2.10259,75.8186,3.501933473145474
,,,,,,8256,-1.45275,2.10301,75.834,3.350521605855791
,,,,,,8258,-1.45275,2.10344,75.8494,3.4412263815290407
,,,,,,8259,-1.45275,2.10387,75.8648,3.399855154411719
,,,,,,8260,-1.45461,2.1043,75.8803,3.3743436767958292
,,,,,,8261,-1.45275,2.10472,75.8955,3.3807521371293325
,,,,,,8262,-1.45461,2.10515,75.911,3.364091442409893
,,,,,,8263,-1.45461,2.10556,75.9257,3.403381196410175
,,,,,,8264,-1.45275,2.10599,75.9414,3.418840698839865
,,,,,,8265,-1.45461,2.10642,75.9568,3.4408320036606814
,,,,,,8266,-1.45275,2.10685,75.9723,3.5604972368884833
,,,,,,8267,-1.45275,2.10722,75.9858,3.3820254821036824
,,,,,,8268,-1.45275,2.10765,76.0012,3.4091216462997136
,,,,,,8269,-1.44903,2.10808,76.0166,3.4755565328648537
,,,,,,8270,-1.45275,2.10854,76.0331,3.4574065831603042
,,,,,,8271,-1.45461,2.10894,76.0478,3.515061679874105
,,,,,,8272,-1.45089,2.10932,76.0615,3.316152671882518
,,,,,,8273,-1.45275,2.10975,76.0769,3.468079574625087
,,,,,,8274,-1.45275,2.11018,76.0924,3.4102289606614633
,,,,,,8275,-1.45461,2.11056,76.106,3.423885467266133
,,,,,,8276,-1.45461,2.11098,76.1212,3.4490521016742126
,,,,,,8277,-1.45275,2.11141,76.1366,3.3626513095829886
,,,,,,8278,-1.45461,2.11183,76.1521,3.4877146774973005
,,,,,,8279,-1.45647,2.11226,76.1675,3.459085362588476
,,,,,,8281,-1.45461,2.11269,76.1829,3.5173426696975145
,,,,,,8282,-1.45275,2.11312,76.1984,3.395586378930517
,,,,,,8283,-1.45089,2.11355,76.2138,3.4949998392853843
,,,,,,8284,-1.44903,2.11395,76.2284,3.435247917474994
,,,,,,8285,-1.45275,2.1144,76.2445,3.4573868698919923
,,,,,,8286,-1.45461,2.11477,76.2581,3.4245847309889452
,,,,,,8287,-1.45089,2.1152,76.2735,3.3777812849497084
,,,,,,8288,-1.45275,2.1156,76.2877,3.5197305759192465
,,,,,,8289,-1.45461,2.11605,76.304,3.419682222651839
,,,,,,8290,-1.45461,2.11648,76.3195,3.443065303609315
,,,,,,8291,-1.45275,2.1169,76.3349,3.4053515655786195
,,,,,,8292,-1.45275,2.11733,76.3502,3.451131487472954
,,,,,,8293,-1.45275,2.1177,76.3637,3.4204090607737596
,,,,,,8294,-1.45275,2.11813,76.3791,3.49736219097303
,,,,,,8295,-1.45089,2.11856,76.3947,3.4657300488331435
,,,,,,8296,-1.45275,2.11898,76.4096,3.4800165982301414
,,,,,,8297,-1.45275,2.1194,76.425,3.487459794344804
,,,,,,8298,-1.45461,2.11978,76.4386,3.461259659329253
,,,,,,8299,-1.45461,2.12021,76.454,3.5239499225224837
,,,,,,8300,-1.45275,2.12065,76.4698,3.497853896582445
,,,,,,8301,-1.45089,2.12107,76.4853,3.42706661676051
,,,,,,8302,-1.45461,2.1215,76.5006,3.440129618784385
,,,,,,8303,-1.45275,2.12193,76.516,3.3321551567402037
,,,,,,8304,-1.45275,2.12235,76.5314,3.406139102354196
,,,,,,8305,-1.45275,2.12278,76.5468,3.3639498375856554
,,,,,,8306,-1.45275,2.12321,76.5623,3.399358619850274
,,,,,,8308,-1.45275,2.12364,76.5777,3.3724973254784456
,,,,,,8309,-1.45275,2.12406,76.593,3.3994155781822966
,,,,,,8310,-1.45461,2.12449,76.6084,3.43414711693905
,,,,,,8311,-1.45461,2.12492,76.6238,3.411793510789498
,,,,,,8312,-1.45461,2.12531,76.638,3.4871878118385293
,,,,,,8313,-1.45461,2.12574,76.6534,3.292492269525056
,,,,,,8314,-1.45275,2.12616,76.6687,3.3682231247020766
,,,,,,8315,-1.45275,2.12659,76.6842,3.4130545513536856
,,,,,,8316,-1.45275,2.127,76.6988,3.3636854146495154
,,,,,,8317,-1.45461,2.1274,76.7135,3.4437809906212324
,,,,,,8318,-1.45461,2.12783,76.729,3.4627822202662473
,,,,,,8319,-1.45275,2.12826,76.7444,3.4233525380789214
,,,,,,8320,-1.45461,2.12869,76.7598,3.3859264165402605
,,,,,,8321,-1.45275,2.12912,76.7753,3.4293504877871737
,,,,,,8322,-1.45275,2.12954,76.7907,3.501686937670649
,,,,,,8323,-1.45461,2.12997,76.8061,3.35710456606459
,,,,,,8324,-1.45275,2.1304,76.8215,3.4624952288899213
,,,,,,8325,-1.45089,2.13083,76.8369,3.475895576988263
,,,,,,8326,-1.45275,2.13126,76.8524,3.401960679359992
,,,,,,8327,-1.45461,2.13168,76.8675,3.3950879689869335
,,,,,,8329,-1.45461,2.13207,76.8818,3.3522386373967885
,,,,,,8330,-1.45461,2.1325,76.8972,3.465678174498509
,,,,,,8331,-1.45275,2.13293,76.9127,3.3970988914231537
,,,,,,8332,-1.45275,2.13336,76.9281,3.479655045351834
,,,,,,8333,-1.45461,2.13378,76.9435,3.427811329197019
,,,,,,8334,-1.45275,2.13421,76.959,3.3863778112108975
,,,,,,8335,-1.45275,2.13464,76.9744,3.451711334967832
,,,,,,8336,-1.45089,2.13506,76.9897,3.4838743172493323
,,,,,,8337,-1.45461,2.13551,77.0057,3.3473462180786338
,,,,,,8338,-1.45461,2.13588,77.0192,3.3596222947239704
,,,,,,8339,-1.45275,2.13631,77.0347,3.4406915433104577
,,,,,,8340,-1.45275,2.13674,77.0501,3.3836257025754017
,,,,,,8341,-1.45275,2.13717,77.0655,3.440883337784656
,,,,,,8342,-1.45647,2.13759,77.0809,3.424283928748573
,,,,,,8343,-1.45461,2.13802,77.0964,3.4248866701305314
,,,,,,8344,-1.45275,2.13845,77.1118,3.447310243007891
,,,,,,8345,-1.45461,2.13888,77.1272,3.4093896265370702
,,,,,,8346,-1.45275,2.13928,77.1419,3.431496323063557
,,,,,,8347,-1.45275,2.13969,77.1566,3.445066664891246
,,,,,,8348,-1.45089,2.14012,77.1721,3.4714826334045243
,,,,,,8349,-1.45275,2.14054,77.1873,3.481537089891016
,,,,,,8350,-1.45275,2.14095,77.2019,3.3640436262931415
,,,,,,8351,-1.45647,2.14135,77.2163,3.3699269258563103
,,,,,,8353,-1.45461,2.14179,77.2323,3.503243248814889
,,,,,,8354,-1.45275,2.14222,77.2477,3.3417773730437874
,,,,,,8355,-1.45275,2.14264,77.2627,3.3982621060359732
,,,,,,8356,-1.45461,2.14303,77.2771,3.487732222673769
,,,,,,8357,-1.45275,2.14346,77.2924,3.3848733878241886
,,,,,,8358,-1.45461,2.14389,77.3079,3.31439075824261
,,,,,,8359,-1.45275,2.14432,77.3233,3.3806098384544008
,,,,,,8360,-1.45275,2.14474,77.3387,3.416306067723457
,,,,,,8361,-1.45275,2.14517,77.3541,3.386061524148322
,,,,,,8362,-1.45275,2.1456,77.3696,3.4314496923136084
,,,,,,8363,-1.45275,2.14603,77.385,3.427547548234132
,,,,,,8364,-1.45275,2.14645,77.4004,3.350023312208932
,,,,,,8365,-1.45089,2.14688,77.4159,3.406280563231261
,,,,,,8366,-1.45461,2.14731,77.4313,3.405874986842864
,,,,,,8367,-1.45275,2.14774,77.4467,3.3614729475490424
,,,,,,8368,-1.45275,2.14817,77.4621,3.4208736130096042
,,,,,,8369,-1.45275,2.14859,77.4776,3.3933040395226546
,,,,,,8370,-1.45275,2.14902,77.4928,3.3126817134789204
,,,,,,8371,-1.45275,2.14939,77.5064,3.3918782697427994
,,,,,,8372,-1.45275,2.14982,77.5218,3.389282421671322
,,,,,,8374,-1.45275,2.15025,77.5373,3.4075290391367905
,,,,,,8375,-1.45275,2.15068,77.5527,3.34331027848032
,,,,,,8376,-1.45461,2.1511,77.5681,3.439409865860068
,,,,,,8377,-1.45275,2.15153,77.5835,3.468801308903384
,,,,,,8378,-1.45275,2.15196,77.599,3.3734322625264745
,,,,,,8379,-1.45461,2.15238,77.6143,3.437567268545648
,,,,,,8380,-1.45275,2.15278,77.6285,3.4501499402832474
,,,,,,8381,-1.45275,2.15321,77.644,3.3925492951011766
,,,,,,8382,-1.45461,2.15364,77.6594,3.4348959588191685
,,,,,,8383,-1.45275,2.15406,77.6748,3.424020205475635
,,,,,,8384,-1.45461,2.15449,77.6902,3.497014863255899
,,,,,,8385,-1.45275,2.15492,77.7057,3.3823007040849533
,,,,,,8386,-1.45275,2.15535,77.7213,3.3806801976415466
,,,,,,8387,-1.45275,2.15577,77.7363,3.4060780350774684
,,,,,,8388,-1.45275,2.15614,77.7498,3.4572878819425825
,,,,,,8389,-1.45275,2.15657,77.7652,3.410639303412657
,,,,,,8390,-1.45275,2.157,77.7806,3.457762975001142
,,,,,,8391,-1.45275,2.15743,77.7961,3.42179572103236
,,,,,,8392,-1.45275,2.15785,77.8115,3.4290379970243507
,,,,,,8393,-1.45275,2.15828,77.8269,3.319679521643259
,,,,,,8394,-1.45275,2.15871,77.8423,3.38258377873142
,,,,,,8395,-1.45275,2.15914,77.8578,3.3964751011945133
,,,,,,8397,-1.45461,2.15956,77.8732,3.3885561862027704
,,,,,,8398,-1.45275,2.15999,77.8886,3.458702853598152
,,,,,,8399,-1.45275,2.16042,77.9042,3.4301379463637356
,,,,,,8400,-1.45461,2.16082,77.9186,3.3585472675979218
,,,,,,8401,-1.45275,2.16125,77.934,3.4174538674958987
,,,,,,8402,-1.45461,2.16168,77.9495,3.4041429147278333
,,,,,,8403,-1.45275,2.16211,77.9649,3.3982734864611768
,,,,,,8404,-1.45275,2.16254,77.9803,3.336055853117573
,,,,,,8405,-1.45461,2.16296,77.9957,3.3443088024150187
,,,,,,8406,-1.45275,2.16339,78.0112,3.415344801199055
,,,,,,8407,-1.45275,2.16382,78.0266,3.406093339317368
,,,,,,8408,-1.45461,2.16425,78.042,3.431250901687844
,,,,,,8409,-1.45275,2.16467,78.0575,3.3974413434190867
,,,,,,8410,-1.45461,2.1651,78.0729,3.440850554813868
,,,,,,8411,-1.45461,2.16553,78.0883,3.413683527831134
,,,,,,8412,-1.45461,2.16596,78.1038,3.3735478053785495
,,,,,,8413,-1.45461,2.16638,78.119,3.4006091512854515
,,,,,,8414,-1.45275,2.16676,78.1326,3.432228388925641
,,,,,,8416,-1.45089,2.16719,78.148,3.3868976568929363
,,,,,,8417,-1.45275,2.16761,78.1634,3.4135978690398456
,,,,,,8418,-1.45461,2.16804,78.1789,3.391508759557369
,,,,,,8419,-1.45275,2.16845,78.1936,3.4438050469973027
,,,,,,8420,-1.45461,2.16887,78.2088,3.4601625860780323
,,,,,,8421,-1.45275,2.1693,78.2243,3.461051256325646
,,,,,,8422,-1.45275,2.16973,78.2397,3.4540644739671387
,,,,,,8423,-1.45275,2.17016,78.2553,3.4487911297585354
,,,,,,8424,-1.45275,2.17054,78.2688,3.3425733722452957
,,,,,,8425,-1.45275,2.17096,78.2842,3.450522034833174
,,,,,,8426,-1.45275,2.17139,78.2997,3.433309464872817
,,,,,,8427,-1.45461,2.17181,78.3147,3.404406582452636
,,,,,,8428,-1.45275,2.17222,78.3297,3.3956400580734822
,,,,,,8429,-1.45275,2.17265,78.3451,3.372684498968048
,,,,,,8430,-1.45461,2.17308,78.3605,3.518276886301852
,,,,,,8431,-1.45275,2.17351,78.376,3.4040381474133254
,,,,,,8432,-1.45461,2.17394,78.3914,3.321221793287285
,,,,,,8433,-1.45275,2.17436,78.4068,3.379715690107687
,,,,,,8434,-1.45461,2.17479,78.4222,3.4139272164840673
,,,,,,8435,-1.45275,2.17522,78.4377,3.4128380289247744
,,,,,,8436,-1.45275,2.17565,78.4531,3.3727831156376196
,,,,,,8437,-1.45275,2.17607,78.4685,3.3652041536667383
,,,,,,8438,-1.45275,2.17647,78.4827,3.4353915079311172
,,,,,,8440,-1.45461,2.17692,78.499,3.4157629757275405
,,,,,,8441,-1.45275,2.17729,78.5125,3.4091470034875644
,,,,,,8442,-1.45275,2.17772,78.5279,3.428825021927408
,,,,,,8443,-1.45275,2.17815,78.5434,3.4570344837703426
,,,,,,8444,-1.45275,2.17858,78.5588,3.474739625612645
,,,,,,8445,-1.45461,2.17901,78.5742,3.3379303936699447
,,,,,,8446,-1.45461,2.17943,78.5896,3.419245682662045
,,,,,,8447,-1.45461,2.17986,78.6051,3.422199909219614
,,,,,,8448,-1.45461,2.18029,78.6205,3.404624137679752
,,,,,,8449,-1.45089,2.18072,78.6359,3.4765008969844526
,,,,,,8450,-1.45461,2.18114,78.6514,3.4389037669331706
,,,,,,8451,-1.45275,2.18152,78.6649,3.3394412389395156
,,,,,,8452,-1.45275,2.18195,78.6803,3.4364012708514693
,,,,,,8453,-1.45275,2.18238,78.6957,3.373533798087358
,,,,,,8454,-1.45461,2.1828,78.7112,3.423451554918731
,,,,,,8455,-1.45461,2.18323,78.7266,3.343963233530758
,,,,,,8456,-1.45275,2.18366,78.742,3.3865431861390043
,,,,,,8457,-1.45089,2.18409,78.7575,3.4505103654606764
,,,,,,8458,-1.45461,2.18452,78.7732,3.4958926605359526
,,,,,,8459,-1.44903,2.18494,78.7882,3.3686249876885768
,,,,,,8460,-1.45275,2.18537,78.8036,3.4190132298853224
,,,,,,8462,-1.45275,2.18579,78.819,3.4253015172227217
,,,,,,8463,-1.45461,2.18622,78.8344,3.4150436097180696
,,,,,,8464,-1.45275,2.18665,78.8499,3.4507150308215935
,,,,,,8465,-1.45461,2.18708,78.8653,3.3658785403628926
,,,,,,8466,-1.45089,2.18748,78.8797,3.384321290019497
,,,,,,8467,-1.45275,2.18793,78.896,3.3719937121991816
,,,,,,8468,-1.45275,2.18836,78.9115,3.442507922057064
,,,,,,8469,-1.45461,2.18879,78.9269,3.3212149343781676
,,,,,,8470,-1.45275,2.18921,78.9423,3.4755153126232328
,,,,,,8471,-1.45089,2.18964,78.9577,3.316367346121694
,,,,,,8472,-1.45275,2.19007,78.9732,3.4098890648727593
,,,,,,8473,-1.45461,2.1905,78.9886,3.3821083582447677
,,,,,,8474,-1.45275,2.19093,79.0041,3.414780391795364
,,,,,,8475,-1.45275,2.19135,79.0195,3.468495064184379
,,,,,,8476,-1.45275,2.19175,79.0337,3.4181791862318227
,,,,,,8477,-1.45275,2.19218,79.0492,3.407406668832334
,,,,,,8478,-1.45275,2.19261,79.0646,3.4554156719524958
,,,,,,8480,-1.45275,2.19303,79.0801,3.266411948728932
,,,,,,8481,-1.45275,2.19346,79.0955,3.338394500606261
,,,,,,8482,-1.45275,2.1939,79.1113,3.3711975378775265
,,,,,,8483,-1.45461,2.19431,79.1261,3.555032595106825
,,,,,,8484,-1.45275,2.19468,79.1396,3.418042830922333
,,,,,,8485,-1.45275,2.19511,79.155,3.324946647097873
,,,,,,8486,-1.45461,2.19554,79.1705,3.3636251711633385
,,,,,,8487,-1.45461,2.19597,79.1859,3.347818953846092
,,,,,,8488,-1.45275,2.1964,79.2013,3.376283974831791
,,,,,,8489,-1.45461,2.19682,79.2167,3.4589823198752865
,,,,,,8490,-1.45461,2.19727,79.2329,3.362760977972484
,,,,,,8491,-1.45461,2.19768,79.2478,3.44570523927189
,,,,,,8492,-1.45275,2.19806,79.2613,3.3813058104649203
,,,,,,8493,-1.45275,2.19849,79.2767,3.373391757488603
,,,,,,8494,-1.45275,2.19892,79.2922,3.4215050348697513
,,,,,,8495,-1.45275,2.19934,79.3076,3.352405929905197
,,,,,,8496,-1.45461,2.19977,79.323,3.34111951607813
,,,,,,8497,-1.45275,2.2002,79.3384,3.4976295384141376
,,,,,,8498,-1.45275,2.20062,79.3537,3.3923231365508055
,,,,,,8499,-1.45461,2.20105,79.3692,3.4135706260036556
,,,,,,8500,-1.45647,2.20148,79.3846,3.4504346107759383
,,,,,,8501,-1.45461,2.20191,79.4,3.36133473319327
,,,,,,8503,-1.45461,2.20233,79.4155,3.394229934038079
,,,,,,8504,-1.45461,2.20276,79.4309,3.431842788153386
,,,,,,8505,-1.45275,2.20319,79.4463,3.401030451938296
,,,,,,8506,-1.45275,2.20362,79.4617,3.3558338896621325
,,,,,,8507,-1.45275,2.20405,79.4772,3.423534305805381
,,,,,,8508,-1.45275,2.20442,79.4907,3.4349466577705026
,,,,,,8509,-1.45275,2.20485,79.5061,3.354872393330006
,,,,,,8510,-1.45089,2.20526,79.5211,3.4177109940349037
,,,,,,8511,-1.45461,2.20569,79.5366,3.388132505390027
,,,,,,8512,-1.45275,2.20612,79.552,3.4125309467316978
,,,,,,8513,-1.45275,2.20654,79.5673,3.480200500342311
,,,,,,8514,-1.45275,2.20692,79.5808,3.5014100176995453
,,,,,,8515,-1.45275,2.20735,79.5962,3.378666659896154
,,,,,,8516,-1.45275,2.20778,79.6117,3.316016532212378
,,,,,,8517,-1.45275,2.2082,79.6271,3.495687367604228
,,,,,,8518,-1.45275,2.20864,79.6427,3.4200269043114573
,,,,,,8519,-1.45275,2.20903,79.6569,3.398277754547003
,,,,,,8520,-1.45275,2.20946,79.6724,3.390207004774214
,,,,,,8521,-1.45461,2.20992,79.6888,3.371014392081959
,,,,,,8522,-1.45275,2.2103,79.7028,3.3581096529493886
,,,,,,8523,-1.45461,2.21073,79.7183,3.4322604776072794
,,,,,,8524,-1.45275,2.21116,79.7337,3.358709431269917
,,,,,,8525,-1.45461,2.21159,79.7491,3.3796402898030466
,,,,,,8527,-1.45461,2.21202,79.7645,3.328701668883599
,,,,,,8528,-1.45461,2.21244,79.78,3.308997461896457
,,,,,,8529,-1.45275,2.21287,79.7954,3.3828108816282856
,,,,,,8530,-1.45275,2.21327,79.81,3.4089094537088793
,,,,,,8531,-1.45275,2.21367,79.8242,3.4827686959750177
,,,,,,8532,-1.45275,2.2141,79.8396,3.3505759427160244
,,,,,,8533,-1.45275,2.21453,79.8551,3.4824713467480515
,,,,,,8534,-1.45461,2.21495,79.8705,3.3736747137520275
,,,,,,8535,-1.45461,2.21538,79.8859,3.376856751049103
,,,,,,8536,-1.45275,2.21581,79.9014,3.396510491328984
,,,,,,8537,-1.45275,2.21624,79.9168,3.381674618947367
,,,,,,8538,-1.45647,2.21661,79.9303,3.4250660737514753
,,,,,,8539,-1.44903,2.21704,79.9456,3.4072426351906016
,,,,,,8540,-1.45275,2.21746,79.9611,3.3070985284703562
,,,,,,8541,-1.45461,2.21789,79.9765,3.475504009353489
,,,,,,8542,-1.45275,2.21833,79.9923,3.3154120160783793
,,,,,,8543,-1.45275,2.21872,80.0065,3.451354393036782
,,,,,,8544,-1.45275,2.21915,80.0219,3.37604868594045
,,,,,,8545,-1.45275,2.21961,80.0385,3.3815363721935987
,,,,,,8546,-1.45461,2.21999,80.052,3.3481603084168805
,,,,,,8547,-1.45275,2.22041,80.0674,3.400702438673861
,,,,,,8548,-1.45275,2.22084,80.0829,3.440970225216079
,,,,,,8549,-1.45275,2.22129,80.099,3.386994967675403
,,,,,,8550,-1.45275,2.22169,80.1136,3.4083929436310223
,,,,,,8552,-1.45461,2.22212,80.129,3.4814668851208026
,,,,,,8553,-1.45275,2.22255,80.1444,3.3719678117334877
,,,,,,8554,-1.45275,2.22298,80.1599,3.3505522303729856
,,,,,,8555,-1.45275,2.22341,80.1753,3.3483995488392475
,,,,,,8556,-1.45275,2.22383,80.1907,3.41768275422348
,,,,,,8557,-1.45275,2.22426,80.2062,3.4097331761959637
,,,,,,8558,-1.45461,2.22469,80.2216,3.421347289552652
,,,,,,8559,-1.45275,2.22512,80.237,3.436495541966185
,,,,,,8560,-1.45275,2.22555,80.2525,3.4169823359363285
,,,,,,8561,-1.45275,2.22597,80.2679,3.405557383280397
,,,,,,8562,-1.45275,2.2264,80.2833,3.3470898359917496
,,,,,,8563,-1.45461,2.22683,80.2987,3.369521212114453
,,,,,,8564,-1.45275,2.22726,80.3142,3.283435115752785
,,,,,,8565,-1.45275,2.22763,80.3277,3.3922233941174906
,,,,,,8566,-1.44903,2.22806,80.3431,3.4019382843790424
,,,,,,8567,-1.45275,2.22849,80.3586,3.4539410016992296
,,,,,,8568,-1.45275,2.22888,80.3728,3.3331836088489615
,,,,,,8569,-1.45461,2.22933,80.3888,3.438223466340294
,,,,,,8570,-1.45275,2.2297,80.4024,3.317271540738422
,,,,,,8571,-1.45275,2.23013,80.4178,3.4283836163661743
,,,,,,8572,-1.45461,2.23056,80.4332,3.4253674308478703
,,,,,,8573,-1.45275,2.23099,80.4487,3.3015455551050796
,,,,,,8575,-1.45275,2.23142,80.4641,3.3308034792208274
,,,,,,8576,-1.45275,2.23184,80.4794,3.433688991233737
,,,,,,8577,-1.45089,2.23227,80.4948,3.382865279591956
,,,,,,8578,-1.45275,2.23269,80.5102,3.4380685448576105
,,,,,,8579,-1.45275,2.23312,80.5257,3.422090056932675
,,,,,,8580,-1.45275,2.23355,80.5411,3.3992751752861214
,,,,,,8581,-1.45275,2.23393,80.5546,3.378207064106294
,,,,,,8582,-1.45461,2.23438,80.5711,3.3533457404605267
,,,,,,8583,-1.45461,2.23479,80.586,3.4810195951202005
,,,,,,8584,-1.45089,2.23522,80.6014,3.402448821338998
,,,,,,8585,-1.45275,2.23565,80.6168,3.3986739271018767
,,,,,,8586,-1.45275,2.23607,80.6321,3.398980919809888
,,,,,,8587,-1.45275,2.23645,80.6456,3.4518977316056687
,,,,,,8588,-1.45275,2.23688,80.6611,3.332681300174285
,,,,,,8589,-1.45461,2.23731,80.6765,3.317800097186166
,,,,,,8590,-1.45275,2.23775,80.6925,3.3500938490170658
,,,,,,8591,-1.45275,2.23815,80.7071,3.363801066885342
,,,,,,8592,-1.45275,2.23858,80.7225,3.3564555540403354
,,,,,,8593,-1.45275,2.23898,80.7369,3.455200160894243
,,,,,,8594,-1.45647,2.23942,80.7528,3.298239278706103
,,,,,,8595,-1.44903,2.2398,80.7663,3.3656097999305286
,,,,,,8596,-1.45647,2.24022,80.7817,3.389290893261313
,,,,,,8597,-1.45461,2.24065,80.7972,3.416852810079528
,,,,,,8598,-1.45275,2.24108,80.8126,3.390249532080106
,,,,,,8600,-1.45275,2.24151,80.828,3.4550601701474877
,,,,,,8601,-1.45275,2.24194,80.8435,3.3849346849486213
,,,,,,8602,-1.45089,2.24236,80.8589,3.454241289460985
,,,,,,8603,-1.45275,2.24279,80.8743,3.4019032989740143
,,,,,,8604,-1.45275,2.24322,80.8897,3.4740465352922643
,,,,,,8605,-1.45275,2.24359,80.9033,3.3670404460175183
,,,,,,8606,-1.45275,2.24402,80.9187,3.434705858703492
,,,,,,8607,-1.45275,2.24445,80.9342,3.3657855516246937
,,,,,,8608,-1.45275,2.24488,80.9496,3.3967894496254916
,,,,,,8609,-1.45089,2.24531,80.965,3.316117641683237
,,,,,,8610,-1.45275,2.24574,80.9806,3.4029164285377598
,,,,,,8611,-1.44903,2.24617,80.996,3.3442252179765077
,,,,,,8612,-1.45275,2.24659,81.0114,3.4402211673313543
,,,,,,8613,-1.45461,2.24702,81.0269,3.4047632345352583
,,,,,,8614,-1.45089,2.24745,81.0423,3.3160506164821717
,,,,,,8615,-1.45275,2.24788,81.0577,3.3434913355789377
,,,,,,8616,-1.45461,2.24831,81.0732,3.3975364704813753
,,,,,,8617,-1.45275,2.24873,81.0886,3.4766231635893683
,,,,,,8619,-1.45089,2.24916,81.104,3.4401248559107316
,,,,,,8620,-1.45275,2.24963,81.1208,3.2843083239994333
,,,,,,8621,-1.45275,2.25004,81.1358,3.336883849106097
,,,,,,8622,-1.45089,2.25043,81.1496,3.455982363604538
,,,,,,8623,-1.45275,2.25084,81.1644,3.36947474672937
,,,,,,8624,-1.45461,2.25127,81.1799,3.3631699584991477
,,,,,,8625,-1.45275,2.25169,81.1953,3.366845627280809
,,,,,,8626,-1.45275,2.25212,81.2108,3.434371995528901
,,,,,,8627,-1.45089,2.25255,81.2262,3.359950910420861
,,,,,,8628,-1.45275,2.25298,81.2416,3.4312844476999973
,,,,,,8629,-1.45275,2.25335,81.2551,3.466082957534904
,,,,,,8630,-1.45647,2.25378,81.2706,3.464649488137429
,,,,,,8631,-1.45461,2.25421,81.286,3.3483529633366835
,,,,,,8632,-1.45275,2.25464,81.3014,3.372721995396853
,,,,,,8633,-1.45089,2.25504,81.3161,3.3670982610259634
,,,,,,8634,-1.45089,2.25547,81.3314,3.336372836143365
,,,,,,8635,-1.45275,2.2559,81.3468,3.4706786056891255
,,,,,,8636,-1.45461,2.25632,81.3623,3.3283337066487872
,,,,,,8637,-1.45461,2.25675,81.3777,3.5002368962461023
,,,,,,8638,-1.45275,2.25718,81.3932,3.3482386080376347
,,,,,,8639,-1.45461,2.25761,81.4086,3.3979954095302083
,,,,,,8641,-1.45275,2.25804,81.424,3.4769888164651537
,,,,,,8642,-1.45461,2.25847,81.4397,3.3852906546894035
,,,,,,8643,-1.44903,2.25887,81.4543,3.3967837033852804
,,,,,,8644,-1.45275,2.25925,81.4678,3.3035779669232967
,,,,,,8645,-1.45275,2.25968,81.4833,3.4212902541392793
,,,,,,8646,-1.45461,2.26013,81.4994,3.471288275614502
,,,,,,8647,-1.45275,2.26055,81.5149,3.3561833752420247
,,,,,,8648,-1.45089,2.26098,81.5303,3.35864981327942
,,,,,,8649,-1.45275,2.26141,81.5457,3.36190466644597
,,,,,,8650,-1.45275,2.26184,81.5612,3.2618780835122956
,,,,,,8651,-1.45275,2.26221,81.5747,3.39428033454828
,,,,,,8652,-1.45275,2.26264,81.5901,3.3939014118859947
,,,,,,8653,-1.45275,2.2631,81.6066,3.4255814021555295
,,,,,,8654,-1.45461,2.2635,81.621,3.3825518614717325
,,,,,,8655,-1.45275,2.26393,81.6364,3.3162049721153255
,,,,,,8656,-1.45275,2.26435,81.6518,3.320223712925576
,,,,,,8657,-1.45275,2.2648,81.668,3.346880484811776
,,,,,,8658,-1.45275,2.26522,81.683,3.320288431884108
,,,,,,8659,-1.45461,2.26565,81.6984,3.389359247926375
,,,,,,8660,-1.45275,2.26607,81.7139,3.437454809258485
,,,,,,8661,-1.45275,2.2665,81.7293,3.4111760235583812
,,,,,,8663,-1.45089,2.26693,81.7447,3.34644294531066
,,,,,,8664,-1.45275,2.26736,81.7601,3.33774582237996
,,,,,,8665,-1.45275,2.26778,81.7756,3.402604642868691
,,,,,,8666,-1.45275,2.2682,81.7907,3.345845997112571
,,,,,,8667,-1.45275,2.26859,81.8045,3.3507609868218764
,,,,,,8668,-1.45089,2.26902,81.82,3.2433991956971804
,,,,,,8669,-1.45275,2.26947,81.8363,3.484887441720655
,,,,,,8670,-1.45461,2.26989,81.8514,3.414948245969922
,,,,,,8671,-1.45275,2.27032,81.8668,3.324186860381771
,,,,,,8672,-1.45461,2.27074,81.8823,3.3961120842167865
,,,,,,8673,-1.45089,2.27114,81.8967,3.3888646286472293
,,,,,,8674,-1.45275,2.2716,81.913,3.3968616725426166
,,,,,,8675,-1.45461,2.27202,81.9284,3.406928444182046
,,,,,,8676,-1.45461,2.27245,81.9438,3.390915176321841
,,,,,,8677,-1.45275,2.27288,81.9593,3.386374225874202
,,,,,,8678,-1.45461,2.27331,81.9747,3.3194558174078024
,,,,,,8679,-1.45275,2.27373,81.9901,3.2367119859019047
,,,,,,8680,-1.45461,2.27416,82.0056,3.293949128501608
,,,,,,8681,-1.45275,2.27459,82.021,3.367523456911651
,,,,,,8683,-1.45275,2.27502,82.0364,3.393281381418728
,,,,,,8684,-1.45275,2.27545,82.0518,3.3336550703164503
,,,,,,8685,-1.45275,2.27584,82.0659,3.376292032371896
,,,,,,8686,-1.45275,2.27629,82.0821,3.314987687812712
,,,,,,8687,-1.45275,2.27666,82.0956,3.3597651140647034
,,,,,,8688,-1.45275,2.27709,82.1111,3.3016631192013173
,,,,,,8689,-1.45275,2.27752,82.1265,3.4391745086660226
,,,,,,8690,-1.45461,2.27794,82.1419,3.4367624898351092
,,,,,,8691,-1.45461,2.27837,82.1573,3.3512272639414764
,,,,,,8692,-1.45275,2.2788,82.1728,3.345433887943699
,,,,,,8693,-1.45275,2.2792,82.1872,3.4118356061112856
,,,,,,8694,-1.45461,2.27963,82.2029,3.34366022462281
,,,,,,8695,-1.45275,2.28001,82.2164,3.414050995985896
,,,,,,8696,-1.45275,2.28044,82.2319,3.3560293861396624
,,,,,,8697,-1.45461,2.28087,82.2473,3.3891182642398947
,,,,,,8698,-1.45275,2.28129,82.2627,3.4674925430765082
,,,,,,8699,-1.45089,2.28172,82.2781,3.417154849514992
,,,,,,8700,-1.45275,2.28215,82.2936,3.392924722659468
,,,,,,8701,-1.45275,2.28258,82.309,3.352063261975075
,,,,,,8702,-1.45089,2.28301,82.3244,3.4106431908029093
,,,,,,8703,-1.45089,2.28346,82.3409,3.3186853850689557
,,,,,,8705,-1.44903,2.28385,82.3549,3.341074087271572
,,,,,,8706,-1.45275,2.28428,82.3703,3.457962315616832
,,,,,,8707,-1.45275,2.28471,82.3858,3.424133311435402
,,,,,,8708,-1.45461,2.28513,82.4011,3.4116797660763547
,,,,,,8709,-1.45089,2.28556,82.4166,3.414494290570484
,,,,,,8710,-1.45275,2.28595,82.4307,3.359236214776882
,,,,,,8711,-1.45275,2.28638,82.4463,3.3903820824655293
,,,,,,8712,-1.45089,2.28679,82.461,3.3857925150428154
,,,,,,8713,-1.45275,2.2872,82.4758,3.3842705646676388
,,,,,,8714,-1.45275,2.28763,82.4912,3.4262720249855403
,,,,,,8715,-1.45461,2.28806,82.5067,3.3681140147268622
,,,,,,8716,-1.45461,2.28849,82.5221,3.381335770346396
,,,,,,8717,-1.45275,2.28891,82.5375,3.360332774369336
,,,,,,8718,-1.45275,2.28934,82.5529,3.35622782297119
,,,,,,8719,-1.45275,2.28977,82.5684,3.408140964373234
,,,,,,8720,-1.45275,2.2902,82.5838,3.3702116310617627
,,,,,,8721,-1.45461,2.29062,82.5991,3.442033890015036
,,,,,,8722,-1.45275,2.291,82.6126,3.3611323387450827
,,,,,,8723,-1.45275,2.29143,82.6281,3.3508523544288704
,,,,,,8724,-1.45275,2.29185,82.6435,3.3521629921650797
,,,,,,8725,-1.45275,2.29228,82.6589,3.3727226692758676
,,,,,,8726,-1.45275,2.29271,82.6743,3.341695831939346
,,,,,,8728,-1.45089,2.29314,82.6898,3.3549248496738477
,,,,,,8729,-1.45275,2.29356,82.7052,3.331178307252412
,,,,,,8730,-1.45089,2.29399,82.7206,3.252508165807972
,,,,,,8731,-1.45461,2.29442,82.7361,3.354173380631789
,,,,,,8732,-1.45461,2.29485,82.7515,3.263537918218136
,,,,,,8733,-1.45461,2.29528,82.7669,3.2828886449705377
,,,,,,8734,-1.45461,2.2957,82.7822,3.3945168741647245
,,,,,,8735,-1.45461,2.29608,82.7957,3.272410325905851
,,,,,,8736,-1.45461,2.2965,82.8112,3.3687838532516614
,,,,,,8737,-1.45089,2.29694,82.8269,3.364951601928514
,,,,,,8738,-1.45275,2.29732,82.8404,3.467825508640436
,,,,,,8739,-1.45275,2.29774,82.8559,3.2859253707725973
,,,,,,8740,-1.45461,2.29817,82.8713,3.370528235693735
,,,,,,8741,-1.45275,2.2986,82.8867,3.4443328338405212
,,,,,,8742,-1.45461,2.29903,82.9022,3.327021309711838
,,,,,,8743,-1.45275,2.29945,82.9176,3.2839659091115467
,,,,,,8744,-1.45275,2.29989,82.9333,3.3682421113886374
,,,,,,8745,-1.45275,2.3003,82.948,3.327891094872234
,,,,,,8746,-1.45275,2.30067,82.9616,3.3850390498815797
,,,,,,8747,-1.45275,2.3011,82.977,3.343661837476491
,,,,,,8748,-1.45275,2.30153,82.9924,3.26764148538097
,,,,,,8749,-1.45275,2.30196,83.0078,3.408993706043096
,,,,,,8750,-1.45275,2.30239,83.0233,3.32555923029017
,,,,,,8751,-1.45275,2.30281,83.0387,3.3731039338121604
,,,,,,8752,-1.45275,2.30324,83.0541,3.351094510265202
,,,,,,8754,-1.45275,2.30367,83.0695,3.3074697218008544
,,,,,,8755,-1.45275,2.3041,83.085,3.3721833555809995
,,,,,,8756,-1.45275,2.30452,83.1004,3.4368620977567708
,,,,,,8757,-1.45275,2.30493,83.1151,3.429111876047929
,,,,,,8758,-1.45275,2.30535,83.1302,3.4101947385899116
,,,,,,8759,-1.45461,2.30578,83.1457,3.4178090640616743
,,,,,,8760,-1.45275,2.30621,83.1611,3.4528909767798197
,,,,,,8761,-1.45275,2.30664,83.1765,3.4038326140627837
,,,,,,8762,-1.45275,2.30706,83.1919,3.3823448365803617
,,,,,,8763,-1.45461,2.30749,83.2074,3.3181315000979255
,,,,,,8764,-1.45461,2.30791,83.2227,3.304465903057042
,,,,,,8765,-1.45461,2.30834,83.2378,3.372122870675966
,,,,,,8766,-1.45275,2.30871,83.2513,3.3924015807130674
,,,,,,8767,-1.45275,2.30914,83.2668,3.340060007388215
,,,,,,8768,-1.45275,2.30957,83.2822,3.1994926197835123
,,,,,,8769,-1.45275,2.30999,83.2976,3.3589315291028163
,,,,,,8770,-1.45275,2.31042,83.313,3.2950553352993106
,,,,,,8771,-1.45275,2.31085,83.3285,3.2622619450779884
,,,,,,8772,-1.45647,2.31122,83.342,3.391846038951153
,,,,,,8773,-1.45275,2.31165,83.3574,3.299799664981588
,,,,,,8774,-1.45461,2.31208,83.3727,3.3885104089424067
,,,,,,8775,-1.45275,2.31251,83.3883,3.386265204514003
,,,,,,8776,-1.45461,2.31293,83.4034,3.33208688234181
,,,,,,8777,-1.45275,2.31333,83.418,3.4256893063245197
,,,,,,8778,-1.45275,2.31371,83.4315,3.3599049193875956
,,,,,,8780,-1.45275,2.31413,83.4469,3.3098212251025063
,,,,,,8781,-1.45089,2.31459,83.4635,3.3883066205707535
,,,,,,8782,-1.45275,2.31502,83.479,3.285783549567419
,,,,,,8783,-1.45275,2.31545,83.4944,3.3845463041849615
,,,,,,8784,-1.45275,2.31585,83.5087,3.3019751500722183
,,,,,,8785,-1.45461,2.31628,83.5244,3.434757434969968
,,,,,,8786,-1.45275,2.31666,83.5379,3.3503875547059065
,,,,,,8787,-1.45275,2.31709,83.5533,3.3521599752715883
,,,,,,8788,-1.45275,2.31751,83.5688,3.45523548377189
,,,,,,8789,-1.45461,2.31794,83.5842,3.3650183004949175
,,,,,,8790,-1.45275,2.31837,83.5996,3.362340113523068
,,,,,,8791,-1.45275,2.3188,83.6151,3.4156465144573365
,,,,,,8792,-1.45275,2.31922,83.6305,3.2678641244839457
,,,,,,8793,-1.45461,2.31965,83.6459,3.3279673843831286
,,,,,,8794,-1.45461,2.32008,83.6613,3.443554757686501
,,,,,,8795,-1.45275,2.32051,83.6769,3.371132230795555
,,,,,,8796,-1.45275,2.32093,83.692,3.3796767605761233
,,,,,,8797,-1.45275,2.32132,83.706,3.3221251993924548
,,,,,,8798,-1.45275,2.32175,83.7216,3.2800313696061063
,,,,,,8799,-1.45461,2.32218,83.737,3.423602196091126
,,,,,,8800,-1.45089,2.3226,83.7523,3.333632692181913
,,,,,,8801,-1.45461,2.32298,83.7658,3.361959624143466
,,,,,,8803,-1.45461,2.32341,83.7813,3.3299772065933495
,,,,,,8804,-1.45275,2.32383,83.7967,3.2977120357190004
,,,,,,8805,-1.45275,2.32426,83.8121,3.3202129463660195
,,,,,,8806,-1.45275,2.32469,83.8276,3.349678365850612
,,,,,,8807,-1.45275,2.32512,83.843,3.3256171574832973
,,,,,,8808,-1.45275,2.32555,83.8584,3.3133439706142993
,,,,,,8809,-1.45089,2.32598,83.874,3.252131328740314
,,,,,,8810,-1.45275,2.32641,83.8894,3.3816653561812005
,,,,,,8811,-1.45275,2.32683,83.9049,3.348061476534143
,,,,,,8812,-1.45275,2.32722,83.9187,3.456305355254262
,,,,,,8813,-1.45275,2.32764,83.9341,3.441089705311969
,,,,,,8814,-1.45275,2.32807,83.9495,3.3062070883724
,,,,,,8815,-1.45275,2.32855,83.9669,3.3578846574073853
,,,,,,8816,-1.45461,2.32898,83.9822,3.380206673098524
,,,,,,8817,-1.45461,2.32936,83.9961,3.363224629088074
,,,,,,8818,-1.45275,2.32979,84.0116,3.373694855480579
,,,,,,8819,-1.45275,2.33022,84.027,3.399499474529713
,,,,,,8820,-1.45275,2.33065,84.0424,3.3900454831413986
,,,,,,8822,-1.45461,2.33108,84.0578,3.4485653750703538
,,,,,,8823,-1.45461,2.33158,84.0762,3.377180476646949
,,,,,,8824,-1.45275,2.33198,84.0905,3.3751084562139484
,,,,,,8825,-1.45461,2.33242,84.1062,3.33900450401077
,,,,,,8826,-1.45461,2.33284,84.1216,3.3681122631308313
,,,,,,8827,-1.45275,2.33327,84.137,3.2998817276142325
,,,,,,8828,-1.45461,2.33365,84.1506,3.307601246722101
,,,,,,8829,-1.45461,2.33408,84.166,3.4150142284803042
,,,,,,8830,-1.45461,2.3345,84.1814,3.3463609235232177
,,,,,,8831,-1.45647,2.33493,84.1969,3.359377743084973
,,,,,,8832,-1.45275,2.33534,84.2117,3.2890424617394136
,,,,,,8833,-1.45461,2.33578,84.2273,3.2989569898077966
,,,,,,8834,-1.45275,2.3362,84.2427,3.399595101629889
,,,,,,8835,-1.45275,2.33663,84.2582,3.3461246504883633
,,,,,,8836,-1.45275,2.33706,84.2736,3.332403443922855
,,,,,,8837,-1.45647,2.33749,84.289,3.2388867961922543
,,,,,,8838,-1.45275,2.33791,84.3044,3.3116092064290137
,,,,,,8839,-1.45275,2.33834,84.3199,3.365717794468401
,,,,,,8840,-1.45275,2.33876,84.3349,3.3664005719853627
,,,,,,8842,-1.45461,2.33915,84.349,3.3508301558932483
,,,,,,8843,-1.45461,2.33958,84.3644,3.4157972072707494
,,,,,,8844,-1.45275,2.34001,84.3798,3.401160777157386
,,,,,,8845,-1.45461,2.34043,84.3953,3.4555802310030046
,,,,,,8846,-1.45275,2.34087,84.411,3.3499627881208487
,,,,,,8847,-1.45275,2.34129,84.4263,3.2637922821532928
,,,,,,8848,-1.45275,2.34169,84.4407,3.3119575127757623
,,,,,,8849,-1.45461,2.34213,84.4564,3.255097670280104
,,,,,,8850,-1.45275,2.34256,84.4718,3.2713236769839815
,,,,,,8851,-1.45275,2.34298,84.4873,3.457179345315446
,,,,,,8852,-1.45275,2.34341,84.5027,3.3891293513829295
,,,,,,8853,-1.45089,2.34384,84.5181,3.4306076501554785
,,,,,,8854,-1.45275,2.34426,84.5334,3.3240815174493585
,,,,,,8855,-1.45089,2.34476,84.5513,3.3443584716929795
,,,,,,8856,-1.45275,2.34518,84.5666,3.2792123300114135
,,,,,,8857,-1.45461,2.34556,84.5801,3.406048316980777
,,,,,,8858,-1.45461,2.34599,84.5955,3.3483592365883914
,,,,,,8859,-1.45461,2.34642,84.611,3.2970371619824945
,,,,,,8860,-1.45275,2.34684,84.6264,3.3434038942056605
,,,,,,8862,-1.45461,2.34727,84.6418,3.371964693519584
,,,,,,8863,-1.45461,2.3477,84.6572,3.4064070589952737
,,,,,,8864,-1.45275,2.34813,84.6727,3.304296700680742
,,,,,,8865,-1.45275,2.34855,84.6881,3.272397426713845
,,,,,,8866,-1.45275,2.34898,84.7036,3.3594606827678364
,,,,,,8867,-1.45833,2.34937,84.7177,3.408547283835317
,,,,,,8868,-1.45275,2.34979,84.7328,3.286121753872208
,,,,,,8869,-1.45275,2.35021,84.7477,3.3163259926077524
,,,,,,8870,-1.45275,2.35063,84.7631,3.299521865158025
,,,,,,8871,-1.45089,2.35101,84.7766,3.385432151105723
,,,,,,8872,-1.45275,2.35144,84.7921,3.3724235550193833
,,,,,,8873,-1.45461,2.35187,84.8075,3.2505831947612176
,,,,,,8874,-1.45089,2.35229,84.8229,3.3613592705635544
,,,,,,8875,-1.45089,2.35267,84.8365,3.3983828837831345
,,,,,,8876,-1.45275,2.35311,84.8523,3.3668557717409775
,,,,,,8877,-1.45275,2.35354,84.8678,3.346375770378445
,,,,,,8878,-1.45461,2.35396,84.8832,3.3434486007505053
,,,,,,8879,-1.45275,2.35435,84.8972,3.3379839748515385
,,,,,,8880,-1.45275,2.35476,84.9117,3.2710226764351567
,,,,,,8881,-1.45647,2.35518,84.9272,3.306112219987157
,,,,,,8882,-1.45275,2.35561,84.9426,3.332042266616159
,,,,,,8883,-1.45275,2.35604,84.958,3.288953003209786
,,,,,,8884,-1.45275,2.35647,84.9735,3.311277980085461
,,,,,,8885,-1.45647,2.3569,84.9889,3.2690269825045886
,,,,,,8886,-1.45461,2.35732,85.0043,3.3947337236258073
,,,,,,8888,-1.45275,2.35772,85.0187,3.263736541420834
,,,,,,8889,-1.45275,2.35814,85.0336,3.3580070337724015
,,,,,,8890,-1.45275,2.35856,85.0489,3.3765675180775863
,,,,,,8891,-1.45461,2.35899,85.0643,3.4495739777673085
,,,,,,8892,-1.45275,2.35942,85.0797,3.3240033718939817
,,,,,,8893,-1.45275,2.3598,85.0936,3.2558783395945055
,,,,,,8894,-1.45275,2.36023,85.109,3.328235171314423
,,,,,,8895,-1.45275,2.36065,85.1244,3.3125712432391294
,,,,,,8896,-1.45275,2.36107,85.1393,3.372807415680263
,,,,,,8897,-1.45275,2.36148,85.1543,3.332626068013213
,,,,,,8898,-1.45461,2.36191,85.1697,3.3777044495970756
,,,,,,8899,-1.45275,2.36231,85.184,3.4073481003138903
,,,,,,8900,-1.45275,2.36274,85.1997,3.329424024435085
,,,,,,8901,-1.45275,2.36312,85.2132,3.2845842945074124
,,,,,,8902,-1.45275,2.36354,85.2287,3.362894733041273
,,,,,,8903,-1.45275,2.36397,85.2441,3.3851323148635846
,,,,,,8904,-1.45275,2.36442,85.2604,3.3272608676509803
,,,,,,8905,-1.45275,2.36484,85.2752,3.3067476374362728
,,,,,,8906,-1.45275,2.36526,85.2905,3.3624562635398494
,,,,,,8907,-1.45275,2.36568,85.3056,3.3804052197158527
,,,,,,8908,-1.45461,2.3661,85.3206,3.4090639151177182
,,,,,,8909,-1.45275,2.36647,85.3342,3.2192908246059457
,,,,,,8910,-1.45275,2.3669,85.3496,3.3298028290696036
,,,,,,8911,-1.45275,2.36733,85.365,3.263117600057255
,,,,,,8912,-1.45275,2.36775,85.3805,3.300323904604162
,,,,,,8913,-1.45275,2.36818,85.3959,3.30723408049212
,,,,,,8914,-1.45461,2.36861,85.4113,3.3768339452697886
,,,,,,8915,-1.45461,2.36904,85.4268,3.3581287339611414
,,,,,,8917,-1.45275,2.36947,85.4422,3.339890736630108
,,,,,,8918,-1.45275,2.36989,85.4576,3.2229802730648958
,,,,,,8919,-1.45461,2.37032,85.473,3.3727280606006342
,,,,,,8920,-1.45275,2.3707,85.4866,3.4476865743118106
,,,,,,8921,-1.45275,2.37113,85.502,3.2928517152967927
,,,,,,8922,-1.45275,2.37155,85.5174,3.465103450459017
,,,,,,8923,-1.45461,2.37198,85.5329,3.42613325214307
,,,,,,8924,-1.45089,2.3724,85.5481,3.290141418701462
,,,,,,8925,-1.45461,2.37283,85.5636,3.382897398067216
,,,,,,8926,-1.45461,2.37326,85.579,3.331592750542118
,,,,,,8927,-1.45461,2.37369,85.5944,3.368626879230352
,,,,,,8928,-1.45275,2.37412,85.6099,3.433493868290015
,,,,,,8929,-1.45461,2.37454,85.6253,3.3358236324054817
,,,,,,8930,-1.45275,2.37497,85.6407,3.34970460815834
,,,,,,8931,-1.45275,2.3754,85.6562,3.3509874678857057
,,,,,,8932,-1.45461,2.37583,85.6716,3.313647826077785
,,,,,,8933,-1.45275,2.37626,85.687,3.3971953702393645
,,,,,,8934,-1.45461,2.37667,85.7019,3.2582242193614377
,,,,,,8935,-1.45275,2.37708,85.7167,3.299985561819551
,,,,,,8936,-1.45275,2.37748,85.731,3.386605594849314
,,,,,,8938,-1.45275,2.3779,85.7464,3.3179776410015624
,,,,,,8939,-1.45275,2.37833,85.7618,3.3136809600569865
,,,,,,8940,-1.45461,2.37878,85.778,3.3005254721250905
,,,,,,8941,-1.45275,2.37915,85.7915,3.276116441966463
,,,,,,8942,-1.45275,2.37958,85.807,3.3733486553447523
,,,,,,8943,-1.45275,2.38001,85.8224,3.3336631261799017
,,,,,,8944,-1.45275,2.38046,85.8384,3.2809352895282933
,,,,,,8945,-1.45275,2.38088,85.8537,3.2751162357857533
,,,,,,8946,-1.45647,2.38125,85.8672,3.2837819966444846
,,,,,,8947,-1.45089,2.38173,85.8845,3.4173979979090294
,,,,,,8948,-1.45647,2.38215,85.8995,3.312787950056844
,,,,,,8949,-1.45089,2.38252,85.9131,3.2487813126928176
,,,,,,8950,-1.45089,2.38295,85.9285,3.3816030176744554
,,,,,,8951,-1.45647,2.38338,85.9439,3.3467829570976173
,,,,,,8952,-1.45275,2.38382,85.9599,3.2308086927354283
,,,,,,8953,-1.45461,2.3842,85.9735,3.320122113682368
,,,,,,8954,-1.45461,2.38463,85.9889,3.3071072583529615
,,,,,,8955,-1.45461,2.38506,86.0043,3.3593417815381357
,,,,,,8956,-1.45275,2.38548,86.0198,3.3951553149336267
,,,,,,8957,-1.45461,2.38591,86.0352,3.3669848488387326
,,,,,,8958,-1.45275,2.38629,86.0487,3.386188350129752
,,,,,,8959,-1.45461,2.38672,86.0642,3.2958056184760474
,,,,,,8960,-1.45275,2.38714,86.0796,3.243954621392229
,,,,,,8961,-1.45089,2.38757,86.0951,3.4274747705939994
,,,,,,8963,-1.45275,2.388,86.1105,3.3070291067878683
,,,,,,8964,-1.45089,2.38843,86.1259,3.186159002734651
,,,,,,8965,-1.45275,2.38885,86.1413,3.36339214157456
,,,,,,8966,-1.45461,2.38928,86.1568,3.3595315421402985
,,,,,,8967,-1.45089,2.38971,86.1722,3.245463776511143
,,,,,,8968,-1.45461,2.39014,86.1876,3.3541469241847044
,,,,,,8969,-1.45089,2.39057,86.203,3.406568965509902
,,,,,,8970,-1.45275,2.39099,86.2185,3.314349500627964
,,,,,,8971,-1.44903,2.39142,86.2339,3.3116366119749765
,,,,,,8972,-1.45275,2.39185,86.2493,3.3498950523605324
,,,,,,8973,-1.45275,2.39228,86.2648,3.301623582132702
,,,,,,8974,-1.45275,2.3927,86.28,3.3277886693703014
,,,,,,8975,-1.45089,2.39313,86.2955,3.360027350136784
,,,,,,8976,-1.45461,2.39355,86.3107,3.2390869995481406
,,,,,,8977,-1.45275,2.39398,86.326,3.426290490154768
,,,,,,8978,-1.45275,2.39438,86.3407,3.4158577059217183
,,,,,,8979,-1.45275,2.39476,86.3543,3.356031518569596
,,,,,,8980,-1.45275,2.39518,86.3694,3.2343051867592876
,,,,,,8981,-1.45647,2.39561,86.3848,3.3371601418117165
,,,,,,8982,-1.44903,2.39604,86.4003,3.3769859600988603
,,,,,,8983,-1.45089,2.39646,86.4157,3.3702737981851447
,,,,,,8985,-1.45461,2.39689,86.4311,3.3128065528431705
,,,,,,8986,-1.45275,2.39732,86.4466,3.3485880970849244
,,,,,,8987,-1.45461,2.39775,86.462,3.3546284353050715
,,,,,,8988,-1.44903,2.39818,86.4774,3.275961497026973
,,,,,,8989,-1.45275,2.3986,86.4928,3.3402786826806796
,,,,,,8990,-1.45647,2.39903,86.5083,3.2316582478416653
,,,,,,8991,-1.45647,2.39943,86.5225,3.3060042779339978
,,,,,,8992,-1.45275,2.39988,86.539,3.287506209105754
,,,,,,8993,-1.44903,2.40031,86.5543,3.329386929162556
,,,,,,8994,-1.45461,2.40068,86.5678,3.3392386769228426
,,,,,,8995,-1.44903,2.40111,86.5832,3.2525735230167583
,,,,,,8996,-1.45461,2.40154,86.5986,3.324678577642505
,,,,,,8997,-1.44903,2.40197,86.6141,3.303208167927309
,,,,,,8998,-1.45275,2.40239,86.6295,3.328230015467722
,,,,,,8999,-1.45275,2.40282,86.6449,3.2896041082453795
,,,,,,9000,-1.45833,2.40324,86.6602,3.3072164123502756
,,,,,,9001,-1.45275,2.40367,86.6755,3.2538370649312234
,,,,,,9002,-1.45275,2.4041,86.6909,3.2474600711773194
,,,,,,9003,-1.45275,2.40447,86.7043,3.27849734140152
,,,,,,9004,-1.45275,2.40491,86.7203,3.3285450856660592
,,,,,,9005,-1.45275,2.40534,86.7358,3.315246068204308
,,,,,,9006,-1.45275,2.40577,86.7512,3.339276237517978
,,,,,,9008,-1.45275,2.4062,86.7666,3.3593433833083797
,,,,,,9009,-1.45275,2.40662,86.782,3.2725082173113664
,,,,,,9010,-1.45461,2.40705,86.7975,3.3534222707175445
,,,,,,9011,-1.45461,2.40748,86.8128,3.292403306623491
,,,,,,9012,-1.45275,2.40787,86.8269,3.380837773628742
,,,,,,9013,-1.45461,2.40829,86.842,3.329467588346779
,,,,,,9014,-1.45275,2.40871,86.8575,3.345101023619383
,,,,,,9015,-1.45461,2.40914,86.8729,3.368665951200437
,,,,,,9016,-1.45647,2.40955,86.8876,3.3174197060543116
,,,,,,9017,-1.45275,2.41001,86.904,3.2734929496756697
,,,,,,9018,-1.45461,2.41043,86.9195,3.3730798677387184
,,,,,,9019,-1.45275,2.41086,86.9349,3.2892005031136526
,,,,,,9020,-1.45275,2.41129,86.9503,3.3468516730996236
,,,,,,9021,-1.45275,2.41166,86.9638,3.361144117125272
,,,,,,9022,-1.45461,2.41209,86.9793,3.3132540021826555
,,,,,,9023,-1.45275,2.41252,86.9947,3.2119720908495233
,,,,,,9024,-1.45275,2.41294,87.01,3.3529007894686007
,,,,,,9025,-1.45275,2.41332,87.0235,3.2765600328752766
,,,,,,9026,-1.45461,2.41375,87.039,3.4217982197774344
,,,,,,9027,-1.45275,2.41416,87.0538,3.4268683789390524
,,,,,,9028,-1.45461,2.4146,87.0697,3.3919048125385203
,,,,,,9029,-1.45461,2.41503,87.0851,3.273293656042235
,,,,,,9030,-1.45275,2.41546,87.1005,3.269076241532084
,,,,,,9032,-1.45275,2.41588,87.116,3.320698839984692
,,,,,,9033,-1.45461,2.41629,87.1305,3.329961502114457
,,,,,,9034,-1.45275,2.41671,87.1458,3.353909635838827
,,,,,,9035,-1.45275,2.41709,87.1593,3.3374648369449913
,,,,,,9036,-1.45275,2.41751,87.1748,3.4017270211106263
,,,,,,9037,-1.45461,2.41794,87.1902,3.381070254604892
,,,,,,9038,-1.45461,2.41837,87.2057,3.284158893146109
,,,,,,9039,-1.45275,2.4188,87.2211,3.3617248762005705
,,,,,,9040,-1.45275,2.41922,87.2364,3.3574638782825543
,,,,,,9041,-1.45461,2.41965,87.2518,3.338257282813302
,,,,,,9042,-1.45461,2.42008,87.2672,3.2859024556496745
,,,,,,9043,-1.45275,2.42055,87.2844,3.296570904639276
,,,,,,9044,-1.45461,2.42096,87.299,3.234971218959051
,,,,,,9045,-1.45461,2.42139,87.3144,3.272084611355932
,,,,,,9046,-1.45275,2.42181,87.3298,3.3367975886791426
,,,,,,9047,-1.45461,2.42221,87.344,3.3162649298059317
,,,,,,9048,-1.45275,2.42263,87.3594,3.289339126469375
,,,,,,9049,-1.45461,2.42306,87.3748,3.1936961464778646
,,,,,,9050,-1.45461,2.42349,87.3901,3.2927074414311863
,,,,,,9051,-1.45461,2.4239,87.4051,3.3234223473278663
,,,,,,9052,-1.45461,2.4243,87.4195,3.3183447563613253
,,,,,,9054,-1.45089,2.42473,87.4349,3.3181707494981727
,,,,,,9055,-1.45275,2.42516,87.4504,3.2897895060656817
,,,,,,9056,-1.45461,2.42559,87.4658,3.305116423789055
,,,,,,9057,-1.45275,2.42601,87.4812,3.312588131274457
,,,,,,9058,-1.45275,2.42644,87.4967,3.394095617286549
,,,,,,9059,-1.45461,2.42686,87.5118,3.3730534374341716
,,,,,,9060,-1.45089,2.42728,87.5271,3.2607834280865275
,,,,,,9061,-1.45275,2.42771,87.5425,3.2935647755760646
,,,,,,9062,-1.45089,2.42813,87.5576,3.238574014903813
,,,,,,9063,-1.45461,2.42853,87.572,3.2794077796842616
,,,,,,9064,-1.45275,2.42896,87.5875,3.3283687034993505
,,,,,,9065,-1.45089,2.42939,87.6029,3.308831034960117
,,,,,,9066,-1.45461,2.42981,87.6183,3.276667962632389
,,,,,,9067,-1.45275,2.43025,87.6339,3.2971528568995585
,,,,,,9068,-1.45275,2.43066,87.6486,3.421903580354547
,,,,,,9069,-1.45275,2.43108,87.664,3.2831309293439146
,,,,,,9070,-1.45275,2.43148,87.6783,3.340748322356919
,,,,,,9071,-1.45275,2.43191,87.6937,3.2804424126206153
,,,,,,9072,-1.45461,2.43233,87.709,3.368199084582954
,,,,,,9073,-1.45089,2.43276,87.7245,3.3029933649321466
,,,,,,9074,-1.45275,2.43319,87.7399,3.2848647430987024
,,,,,,9076,-1.45275,2.43361,87.7553,3.287070913994928
,,,,,,9077,-1.45275,2.43404,87.7707,3.382308714917606
,,,,,,9078,-1.45461,2.43447,87.7862,3.3431562994214583
,,,,,,9079,-1.45275,2.4349,87.8016,3.3972275445947635
,,,,,,9080,-1.45275,2.43532,87.817,3.267243701809674
,,,,,,9081,-1.45089,2.43575,87.8324,3.1922797662606257
,,,,,,9082,-1.45275,2.43618,87.848,3.3189861696489587
,,,,,,9083,-1.45275,2.43659,87.8627,3.3618644598251213
,,,,,,9084,-1.45461,2.437,87.8773,3.314291448038821
,,,,,,9085,-1.45461,2.43742,87.8927,3.3290546533120673
,,,,,,9086,-1.45275,2.43785,87.9081,3.424942414042623
,,,,,,9087,-1.45461,2.43828,87.9234,3.3253916183759036
,,,,,,9088,-1.45461,2.4387,87.9389,3.3253009392722843
,,,,,,9089,-1.45275,2.43913,87.9543,3.2682730436609595
,,,,,,9090,-1.45275,2.43951,87.9678,3.310454613486986
,,,,,,9091,-1.45461,2.43993,87.9833,3.320819581689091
,,,,,,9092,-1.45275,2.44036,87.9987,3.2765346930796007
,,,,,,9093,-1.45275,2.44079,88.0141,3.2696948957975867
,,,,,,9094,-1.45275,2.4412,88.0288,3.309463910067097
,,,,,,9095,-1.45275,2.44163,88.0445,3.2755654196933075
,,,,,,9096,-1.45275,2.44201,88.0581,3.2337040869121543
,,,,,,9097,-1.45461,2.44244,88.0735,3.291762044212936
,,,,,,9098,-1.45275,2.44287,88.0889,3.235867502546057
,,,,,,9099,-1.45275,2.44329,88.1044,3.340713594345661
,,,,,,9100,-1.45461,2.44372,88.1198,3.2422921817880033
,,,,,,9102,-1.45461,2.44415,88.1352,3.2942389675971335
,,,,,,9103,-1.45461,2.44458,88.1508,3.3648162963891535
,,,,,,9104,-1.45275,2.44498,88.1651,3.2410550367148154
,,,,,,9105,-1.45647,2.44541,88.1805,3.344598845545469
,,,,,,9106,-1.45275,2.44583,88.1959,3.1997800069587186
,,,,,,9107,-1.45275,2.44626,88.2114,3.358497698226324
,,,,,,9108,-1.45275,2.44669,88.2268,3.317431473619456
,,,,,,9109,-1.45275,2.44706,88.2403,3.2539874302105565
,,,,,,9110,-1.45275,2.44749,88.2558,3.3021553982301586
,,,,,,9111,-1.45089,2.44792,88.2712,3.2154175633128776
,,,,,,9112,-1.45275,2.44835,88.2866,3.1832399725699427
,,,,,,9113,-1.45089,2.44878,88.302,3.240829679887828
,,,,,,9114,-1.45275,2.4492,88.3175,3.2725190993316406
,,,,,,9115,-1.44903,2.44965,88.3335,3.3018786049302276
,,,,,,9116,-1.45461,2.45008,88.3489,3.2632194676514845
,,,,,,9117,-1.45461,2.4505,88.3643,3.2592678968011186
,,,,,,9118,-1.45461,2.45089,88.3785,3.3197716613195807
,,,,,,9119,-1.45461,2.45132,88.3939,3.22401504937607
,,,,,,9120,-1.45461,2.45175,88.4093,3.3124884397649597
,,,,,,9121,-1.45461,2.45218,88.4248,3.311307543150998
,,,,,,9123,-1.45275,2.45262,88.4408,3.3277157451718677
,,,,,,9124,-1.45275,2.45304,88.4559,3.300032945646448
,,,,,,9125,-1.45461,2.45342,88.4694,3.261522452003429
,,,,,,9126,-1.45461,2.45384,88.4847,3.285083364698359
,,,,,,9127,-1.45461,2.45429,88.501,3.2823037312614307
,,,,,,9128,-1.45461,2.45472,88.5165,3.336855422804072
,,,,,,9129,-1.45275,2.45515,88.5319,3.3017347374588994
,,,,,,9130,-1.45275,2.45558,88.5473,3.2808018075835212
,,,,,,9131,-1.45275,2.45601,88.5628,3.303169708084447
,,,,,,9132,-1.45089,2.45643,88.5782,3.369559061687395
,,,,,,9133,-1.45275,2.45686,88.5936,3.2560810032864103
,,,,,,9134,-1.45461,2.45728,88.6087,3.35789344847427
,,,,,,9135,-1.45089,2.4577,88.6239,3.3609163141440295
,,,,,,9136,-1.45461,2.45813,88.6393,3.2428491601096052
,,,,,,9137,-1.45275,2.45856,88.6547,3.2621038872158628
,,,,,,9138,-1.45089,2.45898,88.6702,3.3099389284607086
,,,,,,9139,-1.45275,2.4594,88.6852,3.295692368412168
,,,,,,9140,-1.45461,2.45983,88.7006,3.306507251195262
,,,,,,9141,-1.45275,2.46025,88.7159,3.238720463625374
,,,,,,9142,-1.45275,2.46063,88.7297,3.302677286741383
,,,,,,9143,-1.45275,2.46106,88.7451,3.3363951099264626
,,,,,,9144,-1.45275,2.46144,88.7587,3.3273467604700757
,,,,,,9146,-1.45275,2.46187,88.7741,3.3461882951798705
,,,,,,9147,-1.45275,2.46229,88.7895,3.2272668342555915
,,,,,,9148,-1.45461,2.46272,88.8049,3.3347033280575853
,,,,,,9149,-1.45089,2.46315,88.8204,3.2582582850085147
,,,,,,9150,-1.45275,2.4636,88.8365,3.2287174831439
,,,,,,9151,-1.45461,2.46399,88.8508,3.300127318211041
,,,,,,9152,-1.45461,2.46442,88.8662,3.2630892445744855
,,,,,,9153,-1.45461,2.46485,88.8817,3.2589363760600096
,,,,,,9154,-1.45461,2.46527,88.8969,3.3015252568834055
,,,,,,9155,-1.45275,2.46572,88.913,3.354330217457931
,,,,,,9156,-1.45275,2.46613,88.9278,3.310774439013305
,,,,,,9157,-1.45275,2.4665,88.9413,3.1636564424599416
,,,,,,9158,-1.45461,2.46691,88.9561,3.323958152015077
,,,,,,9159,-1.45275,2.46736,88.9722,3.375031321227954
,,,,,,9160,-1.45461,2.46779,88.9876,3.3392891532027504
,,,,,,9161,-1.45275,2.46822,89.0031,3.2096460215509612
,,,,,,9162,-1.45461,2.46864,89.0185,3.3357288910545777
,,,,,,9163,-1.45089,2.46907,89.0339,3.3109549280469817
,,,,,,9164,-1.45275,2.4695,89.0493,3.2725203793481246
,,,,,,9165,-1.45275,2.46993,89.0648,3.3818087598897684
,,,,,,9166,-1.45275,2.47035,89.0799,3.3464226003015334
,,,,,,9167,-1.45275,2.47077,89.095,3.2726538631353956
,,,,,,9168,-1.45275,2.47114,89.1086,3.3006309756194985
,,,,,,9170,-1.45461,2.47157,89.124,3.253826601513665
,,,,,,9171,-1.45275,2.472,89.1395,3.3210594886735905
,,,,,,9172,-1.45275,2.47243,89.1549,3.3383161712207916
,,,,,,9173,-1.45275,2.47285,89.1703,3.3773176232244393
,,,,,,9174,-1.45275,2.47328,89.1857,3.3090233078965383
,,,,,,9175,-1.44903,2.47371,89.201,3.266359298701498
,,,,,,9176,-1.45461,2.47414,89.2167,3.242252785001628
,,,,,,9177,-1.45275,2.47456,89.232,3.2205326213851344
,,,,,,9178,-1.45275,2.47494,89.2455,3.297859931396833
,,,,,,9179,-1.45461,2.47537,89.2609,3.3102350939873184
,,,,,,9180,-1.45275,2.4758,89.2764,3.2744959256852066
,,,,,,9181,-1.45275,2.47622,89.2918,3.283887769221039
,,,,,,9182,-1.45275,2.47668,89.3081,3.25788861531768
,,,,,,9183,-1.45647,2.47705,89.3216,3.2496446829582677
,,,,,,9184,-1.45275,2.47748,89.3371,3.4231150950856084
,,,,,,9185,-1.45275,2.47793,89.3535,3.241345730041739
,,,,,,9186,-1.45461,2.47836,89.3689,3.1984740248470644
,,,,,,9187,-1.45461,2.47879,89.3844,3.2805895454129197
,,,,,,9188,-1.45275,2.47922,89.3998,3.3033667545796157
,,,,,,9189,-1.45275,2.47965,89.4153,3.2623410006344646
,,,,,,9191,-1.45275,2.48005,89.4297,3.3267570160490885
,,,,,,9192,-1.45275,2.48045,89.4442,3.254126413715779
,,,,,,9193,-1.45275,2.48088,89.4597,3.31815494545672
,,,,,,9194,-1.45089,2.48131,89.4752,3.303263860165667
,,,,,,9195,-1.45275,2.48174,89.4907,3.32865533385872
,,,,,,9196,-1.45275,2.48217,89.5061,3.2397191547629567
,,,,,,9197,-1.45461,2.48259,89.5215,3.296416457350988
,,,,,,9198,-1.45461,2.48301,89.5364,3.2536146206061876
,,,,,,9199,-1.45275,2.48343,89.5517,3.3466145408830967
,,,,,,9200,-1.45461,2.48386,89.5671,3.2178889899202976
,,,,,,9201,-1.45275,2.48429,89.5825,3.2153778354488836
,,,,,,9202,-1.45275,2.48471,89.5977,3.3415481426832954
,,,,,,9203,-1.45275,2.4851,89.6119,3.2659270124562525
,,,,,,9204,-1.45275,2.48553,89.6274,3.1826964601928642
,,,,,,9205,-1.45275,2.48594,89.6422,3.2544786458899035
,,,,,,9206,-1.45275,2.48636,89.6574,3.3110080010430054
,,,,,,9207,-1.45461,2.4868,89.6734,3.261517389312271
,,,,,,9208,-1.45275,2.48723,89.6888,3.2476703473747133
,,,,,,9209,-1.45275,2.48766,89.7042,3.292921952191089
,,,,,,9210,-1.45089,2.48808,89.7195,3.3211142065065062
,,,,,,9211,-1.45647,2.48846,89.733,3.203429498332449
,,,,,,9212,-1.45089,2.48889,89.7485,3.219163250209486
,,,,,,9213,-1.45275,2.48932,89.7639,3.278549499149286
,,,,,,9214,-1.45461,2.48974,89.7793,3.2755277959866427
,,,,,,9216,-1.45275,2.49017,89.7948,3.144782574183065
,,,,,,9217,-1.45275,2.4906,89.8102,3.268924758979102
,,,,,,9218,-1.45275,2.49103,89.8256,3.167914337716651
,,,,,,9219,-1.45275,2.49145,89.8409,3.272076742219557
,,,,,,9220,-1.45275,2.49183,89.8545,3.3357670664308334
,,,,,,9221,-1.45275,2.49228,89.8707,3.179156420161323
,,,,,,9222,-1.45275,2.49271,89.8862,3.1966548944687916
,,,,,,9223,-1.45275,2.49313,89.9016,3.2675752440506574
,,,,,,9224,-1.45275,2.49356,89.917,3.254648911733045
,,,,,,9225,-1.45275,2.49399,89.9323,3.258144801635232
,,,,,,9226,-1.45275,2.4944,89.9473,3.2957604551197788
,,,,,,9227,-1.45275,2.4948,89.9616,3.320998099964481
,,,,,,9228,-1.45647,2.49523,89.977,3.310087791243401
,,,,,,9229,-1.45461,2.49565,89.9923,3.164569202310588
,,,,,,9230,-1.45275,2.49604,90.0063,3.295592025545711
,,,,,,9231,-1.45461,2.49644,90.0208,3.2284248908860946
,,,,,,9232,-1.45275,2.49687,90.0363,3.3229292009291584
,,,,,,9233,-1.45275,2.49734,90.0534,3.289595065364345
,,,,,,9234,-1.45275,2.49774,90.0676,3.267505579309496
,,,,,,9235,-1.45275,2.49816,90.083,3.354194503588529
,,,,,,9236,-1.45275,2.49859,90.0984,3.210492313463142
,,,,,,9238,-1.45275,2.49906,90.1153,3.2180281113043137
,,,,,,9239,-1.45275,2.49946,90.1295,3.2451951486334916
,,,,,,9240,-1.45275,2.49988,90.145,3.224776248855907
,,,,,,9241,-1.45275,2.50031,90.1604,3.2392555804373266
,,,,,,9242,-1.45461,2.50076,90.1766,3.237044087535877
,,,,,,9243,-1.45461,2.50115,90.1905,3.2401966453414497
,,,,,,9244,-1.45275,2.50157,90.206,3.3314507439645937
,,,,,,9245,-1.45275,2.50201,90.2215,3.2398898189507563
,,,,,,9246,-1.45461,2.50238,90.2351,3.2933484509609956
,,,,,,9247,-1.45275,2.50283,90.2512,3.2720392069220523
,,,,,,9248,-1.45275,2.50326,90.2667,3.2127257845488275
,,,,,,9249,-1.45275,2.50369,90.2821,3.16417477701823
,,,,,,9250,-1.45647,2.50407,90.2959,3.2648012847713193
,,,,,,9251,-1.45461,2.50449,90.3112,3.198969013853997
,,,,,,9252,-1.45461,2.50492,90.3267,3.2714461598410773
,,,,,,9253,-1.45275,2.50531,90.3408,3.3127996122986674
,,,,,,9254,-1.45275,2.50576,90.3569,3.2065492866207537
,,,,,,9255,-1.45275,2.50618,90.3719,3.3896869417377244
,,,,,,9256,-1.45461,2.50661,90.3874,3.2999725780922247
,,,,,,9258,-1.45647,2.50713,90.4061,3.2836613412454616
,,,,,,9259,-1.45275,2.50755,90.4213,3.2679556015223796
,,,,,,9260,-1.45461,2.50797,90.4366,3.2338954632153216
,,,,,,9261,-1.45461,2.5084,90.452,3.378058560595651
,,,,,,9262,-1.45275,2.50881,90.4668,3.2853347814585314
,,,,,,9263,-1.45275,2.50921,90.4811,3.275474598980059
,,,,,,9264,-1.45275,2.50963,90.4966,3.18209924906099
,,,,,,9265,-1.45461,2.51006,90.512,3.1850464963356817
,,,,,,9266,-1.44903,2.51048,90.527,3.2765028488838985
,,,,,,9267,-1.45275,2.5109,90.5421,3.157925117718566
,,,,,,9268,-1.45089,2.51132,90.5575,3.31160964188408
,,,,,,9269,-1.45461,2.51175,90.573,3.2473099516427593
,,,,,,9270,-1.45089,2.51218,90.5883,3.282098996590501
,,,,,,9271,-1.45089,2.51255,90.6018,3.27100397475432
,,,,,,9272,-1.45275,2.51298,90.6172,3.291352674563969
,,,,,,9273,-1.45275,2.51341,90.6327,3.253137895151535
,,,,,,9274,-1.45275,2.51384,90.6481,3.314061452131045
,,,,,,9275,-1.45461,2.51426,90.6635,3.1892873436181963
,,,,,,9276,-1.45461,2.51469,90.6789,3.235049447591307
,,,,,,9277,-1.45275,2.51511,90.6942,3.206601179424201
,,,,,,9278,-1.45275,2.51549,90.7078,3.2536734623415686
,,,,,,9279,-1.45461,2.51592,90.7232,3.1709841619668926
,,,,,,9280,-1.45461,2.51634,90.7385,3.273253579617471
,,,,,,9281,-1.45275,2.51675,90.7533,3.214284135119541
,,,,,,9282,-1.45461,2.51718,90.7688,3.23638243132689
,,,,,,9284,-1.45275,2.51761,90.784,3.23241188435208
,,,,,,9285,-1.45275,2.51798,90.7976,3.24377747884338
,,,,,,9286,-1.45089,2.51841,90.813,3.2101436743508303
,,,,,,9287,-1.45275,2.51884,90.8284,3.3393298457577836
,,,,,,9288,-1.45089,2.51926,90.8438,3.16797491827505
,,,,,,9289,-1.45461,2.51969,90.8593,3.1934793911787662
,,,,,,9290,-1.45275,2.52012,90.8747,3.1976123968745593
,,,,,,9291,-1.45275,2.52055,90.8901,3.24608540674478
,,,,,,9292,-1.45461,2.52098,90.9056,3.305795049974093
,,,,,,9293,-1.45461,2.52142,90.9214,3.3069896352900017
,,,,,,9294,-1.45461,2.52183,90.9363,3.1800978559625253
,,,,,,9295,-1.45461,2.5222,90.9498,3.217380473962524
,,,,,,9296,-1.45275,2.52263,90.9652,3.2794586766890803
,,,,,,9297,-1.45275,2.52306,90.9807,3.2776420024594026
,,,,,,9298,-1.45275,2.52347,90.9957,3.2676173467350034
,,,,,,9299,-1.45275,2.52393,91.012,3.2239997354214416
,,,,,,9300,-1.45275,2.52435,91.0274,3.2186965736531534
,,,,,,9301,-1.45275,2.52476,91.0421,3.3328645955666816
,,,,,,9302,-1.45275,2.52514,91.0556,3.226414891412984
,,,,,,9303,-1.45275,2.52557,91.0711,3.170740455156128
,,,,,,9304,-1.45275,2.52599,91.0865,3.303435807985128
,,,,,,9305,-1.45461,2.52647,91.1037,3.2300519451388072
,,,,,,9306,-1.45275,2.52688,91.1184,3.259571952028207
,,,,,,9307,-1.44903,2.52725,91.1319,3.2176636853945872
,,,,,,9309,-1.45461,2.52768,91.1473,3.317408407020175
,,,,,,9310,-1.45275,2.5281,91.1625,3.2098229172396
,,,,,,9311,-1.45275,2.52854,91.1783,3.2059775456440587
,,,,,,9312,-1.45275,2.52896,91.1936,3.219576460135411
,,,,,,9313,-1.45275,2.52934,91.2072,3.2390619269756815
,,,,,,9314,-1.45647,2.52977,91.2226,3.248274941403699
,,,,,,9315,-1.45275,2.53019,91.238,3.242916274296477
,,,,,,9316,-1.45461,2.53062,91.2535,3.204283711276054
,,,,,,9317,-1.45089,2.53108,91.2699,3.29334115193341
,,,,,,9318,-1.45275,2.53146,91.2836,3.22847489216506
,,,,,,9319,-1.45275,2.53189,91.299,3.30049363622503
,,,,,,9320,-1.45275,2.53231,91.3144,3.1998609409698116
,,,,,,9321,-1.45089,2.53274,91.3299,3.2243776870288476
,,,,,,9322,-1.45275,2.53317,91.3453,3.2751228784332858
,,,,,,9323,-1.45647,2.5336,91.3607,3.2580836072165305
,,,,,,9324,-1.45275,2.53403,91.3762,3.296562657120865
,,,,,,9325,-1.45461,2.53445,91.3916,3.154548337466288
,,,,,,9326,-1.45275,2.53488,91.407,3.2985447599361044
,,,,,,9327,-1.45461,2.53531,91.4223,3.277408920843259
,,,,,,9328,-1.45275,2.53568,91.4359,3.2627908946118764
,,,,,,9329,-1.45275,2.53611,91.4513,3.2673557646405142
,,,,,,9330,-1.45461,2.53654,91.4667,3.2753591232234935
,,,,,,9331,-1.45275,2.53697,91.4822,3.2207490175064533
,,,,,,9333,-1.45275,2.53739,91.4976,3.2216459540686055
,,,,,,9334,-1.45275,2.53782,91.5129,3.2576923114333804
,,,,,,9335,-1.45089,2.53819,91.5264,3.2430628672775637
,,,,,,9336,-1.45275,2.53863,91.5423,3.235318699360887
,,,,,,9337,-1.45275,2.53901,91.5559,3.2243193341859886
,,,,,,9338,-1.45461,2.53943,91.5711,3.1922808369513045
,,,,,,9339,-1.45461,2.53986,91.5864,3.2004218126124115
,,,,,,9340,-1.45833,2.54028,91.6018,3.232080340386246
,,,,,,9341,-1.45647,2.54071,91.6172,3.173401321226155
,,,,,,9342,-1.45275,2.54114,91.6327,3.2589044439916703
,,,,,,9343,-1.44903,2.54157,91.6481,3.256191161167101
,,,,,,9344,-1.45461,2.542,91.6635,3.165546927097885
,,,,,,9345,-1.45275,2.54242,91.679,3.2108240526390532
,,,,,,9346,-1.45461,2.54286,91.6945,3.2121618360711257
,,,,,,9347,-1.45461,2.54328,91.71,3.2762521686157755
,,,,,,9348,-1.45461,2.54368,91.7244,3.1879439286069093
,,,,,,9349,-1.45461,2.5441,91.7395,3.138454100560482
,,,,,,9350,-1.45275,2.54456,91.7558,3.2275093335266356
,,,,,,9351,-1.45275,2.54498,91.7713,3.20826816508053
,,,,,,9352,-1.45275,2.54541,91.7867,3.2144868850497175
,,,,,,9353,-1.45275,2.54581,91.8013,3.310711837108737
,,,,,,9354,-1.45275,2.54624,91.8167,3.2022106362821625
,,,,,,9355,-1.45461,2.54662,91.8302,3.233893223220609
,,,,,,9357,-1.45275,2.54705,91.8457,3.2392378461890083
,,,,,,9358,-1.45461,2.5475,91.862,3.234837781376784
,,,,,,9359,-1.45275,2.54787,91.8755,3.203670090686159
,,,,,,9360,-1.45833,2.5483,91.8909,3.235255364632222
,,,,,,9361,-1.45275,2.54873,91.9064,3.2203228008646265
,,,,,,9362,-1.45461,2.54918,91.9227,3.284637878271654
,,,,,,9363,-1.45461,2.54961,91.9381,3.250294287553632
,,,,,,9364,-1.45275,2.55004,91.9535,3.240834632929103
,,,,,,9365,-1.45275,2.55044,91.9679,3.231984661913835
,,,,,,9366,-1.45275,2.55088,91.9838,3.1003648478774855
,,,,,,9367,-1.45275,2.55131,91.9992,3.248018922503226
,,,,,,9368,-1.45461,2.55173,92.0147,3.165882632304262
,,,,,,9369,-1.45275,2.55212,92.0286,3.2416971601738243
,,,,,,9370,-1.45275,2.55256,92.0446,3.18795093992496
,,,,,,9371,-1.45461,2.55294,92.0582,3.1746233770236887
,,,,,,9372,-1.45275,2.55337,92.0736,3.2851078915673866
,,,,,,9373,-1.45461,2.55382,92.0898,3.1750890005587427
,,,,,,9374,-1.45275,2.5542,92.1036,3.2952887645619393
,,,,,,9375,-1.45461,2.55463,92.119,3.199502104572939
,,,,,,9376,-1.45275,2.55506,92.1345,3.21485501979078
,,,,,,9377,-1.45461,2.55548,92.1499,3.18937149480145
,,,,,,9378,-1.45461,2.55591,92.1653,3.295799340510302
,,,,,,9379,-1.45275,2.55634,92.1808,3.155662741335447
,,,,,,9381,-1.45275,2.55676,92.196,3.276314551296447
,,,,,,9382,-1.45275,2.55714,92.2096,3.236148531005479
,,,,,,9383,-1.45275,2.55757,92.225,3.2581129155559245
,,,,,,9384,-1.45275,2.55799,92.2404,3.207493440313567
,,,,,,9385,-1.45461,2.55845,92.2568,3.1817736958289666
,,,,,,9386,-1.45275,2.55886,92.2716,3.179449151876896
,,,,,,9387,-1.45275,2.55929,92.287,3.234078568881573
,,,,,,9388,-1.45461,2.55971,92.3025,3.2009551679432926
,,,,,,9389,-1.45275,2.56016,92.3186,3.231297184703469
,,,,,,9390,-1.45461,2.56058,92.3338,3.13769607043935
,,,,,,9391,-1.45461,2.56101,92.3492,3.158433118133605
,,,,,,9392,-1.45461,2.56144,92.3646,3.180209920819843
,,,,,,9393,-1.45461,2.56187,92.3801,3.120953979760836
,,,,,,9394,-1.45275,2.56229,92.3954,3.226788454977011
,,,,,,9395,-1.45275,2.56272,92.4108,3.1807995822005224
,,,,,,9396,-1.45275,2.56315,92.4262,3.2112983295327715
,,,,,,9397,-1.45275,2.56357,92.4417,3.189419550841312
,,,,,,9398,-1.45461,2.564,92.4571,3.24995851882454
,,,,,,9399,-1.45275,2.56443,92.4724,3.223290982858605
,,,,,,9401,-1.45089,2.56491,92.49,3.1556525937211983
,,,,,,9402,-1.45275,2.56531,92.5041,3.2080504419233584
,,,,,,9403,-1.45461,2.56573,92.5194,3.2323648796939226
,,,,,,9404,-1.45275,2.56621,92.5367,3.209403010404231
,,,,,,9405,-1.45647,2.56664,92.5521,3.1735259494451795
,,,,,,9406,-1.45461,2.56707,92.5676,3.183331123311686
,,,,,,9407,-1.45275,2.56749,92.583,3.128955456028749
,,,,,,9408,-1.45461,2.56792,92.5984,3.1425367259439168
,,,,,,9409,-1.45089,2.5683,92.6121,3.276997858227793
,,,,,,9410,-1.45275,2.56874,92.6278,3.1983505714382052
,,,,,,9411,-1.45089,2.56911,92.6413,3.301995509565878
,,,,,,9412,-1.45089,2.56954,92.6568,3.2045750419723102
,,,,,,9413,-1.45275,2.56997,92.6722,3.3273350231416057
,,,,,,9414,-1.45275,2.5704,92.6876,3.1727024028501165
,,,,,,9415,-1.45089,2.57082,92.703,3.2611552499437937
,,,,,,9416,-1.45275,2.57127,92.7193,3.2095051494737787
,,,,,,9417,-1.45275,2.57165,92.733,3.2372353725048937
,,,,,,9419,-1.45461,2.57208,92.7484,3.1183624055789623
,,,,,,9420,-1.45089,2.57251,92.764,3.121253458835033
,,,,,,9421,-1.45275,2.57294,92.7793,3.1337375677357615
,,,,,,9422,-1.45089,2.57337,92.7947,3.1602748724524425
,,,,,,9423,-1.45275,2.57379,92.8102,3.1586829678610573
,,,,,,9424,-1.45275,2.57422,92.8254,3.1955076177480137
,,,,,,9425,-1.45275,2.57459,92.839,3.121553111536465
,,,,,,9426,-1.45461,2.57503,92.8548,3.238677024902528
,,,,,,9427,-1.45275,2.57541,92.8683,3.114552843164374
,,,,,,9428,-1.45461,2.57585,92.8844,3.245521810110786
,,,,,,9429,-1.45275,2.57625,92.8986,3.1113585715822234
,,,,,,9430,-1.45275,2.57667,92.914,3.229878953873767
,,,,,,9431,-1.45275,2.5771,92.9295,3.1438761816320664
,,,,,,9432,-1.45275,2.57755,92.9456,3.1687661867705224
,,,,,,9433,-1.45275,2.57797,92.9609,3.2155408717888667
,,,,,,9434,-1.45275,2.5784,92.9764,3.127012728365423
,,,,,,9435,-1.45275,2.57883,92.9918,3.1158947650182083
,,,,,,9436,-1.45275,2.57926,93.0072,3.1546842750541724
,,,,,,9437,-1.45461,2.57969,93.0226,3.1885940726265845
,,,,,,9438,-1.45461,2.58011,93.0381,3.197158426719092
,,,,,,9439,-1.45275,2.58054,93.0535,3.1416979077956766
,,,,,,9440,-1.45647,2.58095,93.068,3.213582515683761
,,,,,,9441,-1.45275,2.58136,93.0829,3.2515922062094034
,,,,,,9443,-1.45275,2.58179,93.0983,3.1304545197816003
,,,,,,9444,-1.45461,2.58221,93.1138,3.165210117871687
,,,,,,9445,-1.45275,2.58264,93.1292,3.05386449051672
,,,,,,9446,-1.45089,2.58307,93.1446,3.249704330343686
,,,,,,9447,-1.45275,2.58349,93.1599,3.2127852217826915
,,,,,,9448,-1.45275,2.58387,93.1734,3.1128022183022637
,,,,,,9449,-1.45275,2.5843,93.1889,3.15996815222572
,,,,,,9450,-1.45275,2.58472,93.2043,3.161806454311999
,,,,,,9451,-1.45275,2.58515,93.2197,3.2179195449869944
,,,,,,9452,-1.45275,2.58556,93.2343,3.1404338558296527
,,,,,,9453,-1.45275,2.586,93.2502,3.1633959357830057
,,,,,,9454,-1.45275,2.58637,93.2637,3.110730776360762
,,,,,,9455,-1.45461,2.5868,93.2791,3.095951133144391
,,,,,,9456,-1.45461,2.58725,93.2954,3.0987573935429524
,,,,,,9457,-1.45089,2.58765,93.3099,3.172920844654118
,,,,,,9458,-1.45275,2.58808,93.3253,3.1720455038171353
,,,,,,9459,-1.45275,2.5885,93.3406,3.23339116719611
,,,,,,9460,-1.45275,2.58894,93.3562,3.186606295164102
,,,,,,9461,-1.45275,2.58934,93.3709,3.0977547876806377
,,,,,,9462,-1.45275,2.58977,93.3863,3.1487531852634167
,,,,,,9463,-1.45275,2.5902,93.4017,3.1172690181620215
,,,,,,9464,-1.45275,2.59061,93.4166,3.21021717959592
,,,,,,9465,-1.45275,2.59101,93.4311,3.2159328070087017
,,,,,,9466,-1.45275,2.59139,93.4447,3.1376368349803996
,,,,,,9467,-1.45275,2.59182,93.4601,3.1699943410953044
,,,,,,9468,-1.45461,2.59225,93.4755,3.162481836230075
,,,,,,9469,-1.45275,2.59267,93.4909,3.173935545788104
,,,,,,9470,-1.45461,2.59305,93.5045,3.152389837859472
,,,,,,9472,-1.45461,2.59348,93.5199,3.1328163373297646
,,,,,,9473,-1.45461,2.59389,93.5349,3.145892418416712
,,,,,,9474,-1.45461,2.59432,93.5503,3.0478498642249305
,,,,,,9475,-1.45461,2.59475,93.5658,3.1861926876735915
,,,,,,9476,-1.45275,2.59514,93.5799,3.2339658296361193
,,,,,,9477,-1.45275,2.59558,93.5956,3.1730210719751604
,,,,,,9478,-1.45461,2.596,93.611,3.1440770479383895
,,,,,,9479,-1.45461,2.59643,93.6263,3.1117154821409616
,,,,,,9480,-1.45275,2.5968,93.6399,3.2228139595430956
,,,,,,9481,-1.45647,2.59725,93.6559,3.0997227304113446
,,,,,,9482,-1.45461,2.59762,93.6694,3.0899667991159983
,,,,,,9483,-1.45089,2.59805,93.6848,3.194235094341764
,,,,,,9484,-1.45275,2.59846,93.6995,3.0957699302194324
,,,,,,9485,-1.45275,2.5989,93.7154,3.2329213072346077
,,,,,,9486,-1.45461,2.59933,93.7308,3.1570795292040925
,,,,,,9487,-1.45275,2.59975,93.7463,3.2018976919233966
,,,,,,9488,-1.45275,2.60018,93.7617,3.133439908032473
,,,,,,9489,-1.45275,2.60061,93.7771,3.1379628345765638
,,,,,,9490,-1.45275,2.60104,93.7926,3.1550436921300906
,,,,,,9491,-1.45461,2.60141,93.8061,3.131500438148304
,,,,,,9492,-1.45275,2.60186,93.8223,3.1415176698712672
,,,,,,9493,-1.45089,2.60226,93.8367,3.169700631395943
,,,,,,9494,-1.45089,2.60269,93.8522,3.142830750413388
,,,,,,9495,-1.45275,2.60312,93.8677,3.1657650775148145
,,,,,,9496,-1.45461,2.60351,93.8818,3.054455262907135
,,,,,,9497,-1.45461,2.60394,93.8972,3.170855615531251
,,,,,,9498,-1.45461,2.60437,93.9126,3.117063782750139
,,,,,,9499,-1.45275,2.60477,93.9273,3.1069482310018257
,,,,,,9500,-1.45275,2.60519,93.9422,3.157093180907872
,,,,,,9502,-1.45647,2.60561,93.9576,3.1600545002976945
,,,,,,9503,-1.45275,2.60604,93.973,3.1744885613001577
,,,,,,9504,-1.45275,2.60647,93.9885,3.0903748433609124
,,,,,,9505,-1.45275,2.6069,94.0039,3.18067670075773
,,,,,,9506,-1.45275,2.60728,94.0176,3.146618689980462
,,,,,,9507,-1.45275,2.6077,94.0329,3.1119839157189193
,,,,,,9508,-1.45275,2.60812,94.0479,3.132480096327772
,,,,,,9509,-1.45275,2.60855,94.0634,3.139972460318947
,,,,,,9510,-1.45461,2.60898,94.0788,3.10065894825111
,,,,,,9511,-1.45461,2.6094,94.0943,3.143351555898002
,,,,,,9512,-1.45275,2.60978,94.108,3.181308151201392
,,,,,,9513,-1.45275,2.61022,94.1236,3.11921570963606
,,,,,,9514,-1.45275,2.61064,94.1388,3.0689036285406406
,,,,,,9515,-1.45275,2.6111,94.1554,3.101373384627934
,,,,,,9516,-1.45275,2.61148,94.1691,3.1743012813375193
,,,,,,9517,-1.45275,2.6119,94.1844,3.1762478798280456
,,,,,,9518,-1.45275,2.61233,94.1998,3.076408236928811
,,,,,,9519,-1.45461,2.61276,94.2153,3.1778187887560443
,,,,,,9520,-1.45461,2.61319,94.2307,3.1952580075130848
,,,,,,9521,-1.45275,2.61362,94.2461,3.1133269248955395
,,,,,,9522,-1.45275,2.61404,94.2615,3.129120084284092
,,,,,,9523,-1.45275,2.61448,94.2771,3.16080654475562
,,,,,,9525,-1.45275,2.61492,94.293,3.1606309669458685
,,,,,,9526,-1.45461,2.61531,94.3071,3.1168929347067675
,,,,,,9527,-1.45089,2.61573,94.3225,3.0905164021377436
,,,,,,9528,-1.45275,2.61616,94.338,3.137643693679034
,,,,,,9529,-1.45461,2.61659,94.3534,3.148084873690194
,,,,,,9530,-1.45275,2.61702,94.369,3.1211919574610425
,,,,,,9531,-1.45275,2.61745,94.3842,3.119527380683217
,,,,,,9532,-1.45461,2.61788,94.4,3.1042603820258288
,,,,,,9533,-1.45089,2.61828,94.4144,3.0101474665776555
,,,,,,9534,-1.45461,2.61871,94.4297,3.0405829338853914
,,,,,,9535,-1.45275,2.61913,94.4451,3.1032417470625306
,,,,,,9536,-1.45461,2.61956,94.4605,3.11501020470956
,,,,,,9537,-1.45275,2.61999,94.476,3.0466754368739366
,,,,,,9538,-1.45461,2.62042,94.4914,3.0967031995517993
,,,,,,9539,-1.45089,2.62081,94.5057,3.1001080490683295
,,,,,,9540,-1.45461,2.62123,94.5208,3.1206154354022284
,,,,,,9541,-1.45275,2.62166,94.5361,3.141701499229481
,,,,,,9542,-1.45461,2.62208,94.5515,3.1086347728566426
,,,,,,9543,-1.45461,2.62251,94.5668,3.0608597032620923
,,,,,,9544,-1.45275,2.62288,94.5804,3.1844767337620628
,,,,,,9545,-1.45275,2.62331,94.5958,3.1016858927848956
,,,,,,9546,-1.45461,2.62374,94.6112,3.0691665426646777
,,,,,,9548,-1.44903,2.62419,94.6275,3.139121572943131
,,,,,,9549,-1.45461,2.6246,94.6422,3.1257180444803563
,,,,,,9550,-1.45461,2.625,94.6565,3.039379922907497
,,,,,,9551,-1.45275,2.62542,94.6719,3.0788471247493283
,,,,,,9552,-1.45275,2.62585,94.6874,3.1943085229079795
,,,,,,9553,-1.45275,2.62628,94.7028,3.0506499540616074
,,,,,,9554,-1.45461,2.62671,94.7182,2.9581417304717905
,,,,,,9555,-1.45275,2.62714,94.7336,3.0547500245877486
,,,,,,9556,-1.45275,2.62755,94.7485,3.0144208452259447
,,,,,,9557,-1.45275,2.62799,94.7645,3.123379163171455
,,,,,,9558,-1.45275,2.62837,94.778,3.056474248357156
,,,,,,9559,-1.45275,2.62879,94.7935,3.0795914795265675
,,,,,,9560,-1.45275,2.62925,94.81,3.0858145600552915
,,,,,,9561,-1.45275,2.62963,94.8236,3.108507925992669
,,,,,,9562,-1.45275,2.63006,94.839,3.088547570668669
,,,,,,9563,-1.45275,2.63051,94.8552,3.077792014165414
,,,,,,9564,-1.45461,2.63093,94.8706,3.088144938062198
,,,,,,9565,-1.45275,2.63136,94.886,3.0065892857854215
,,,,,,9566,-1.45275,2.63179,94.9015,3.0270970408570506
,,,,,,9567,-1.45275,2.63222,94.9169,3.119967088598428
,,,,,,9568,-1.45275,2.63264,94.9323,3.1457529662995056
,,,,,,9570,-1.45461,2.63307,94.9477,3.07409685071676
,,,,,,9571,-1.45275,2.6335,94.9632,3.1011657607695615
,,,,,,9572,-1.45089,2.63394,94.979,3.0784150424382988
,,,,,,9573,-1.45461,2.63437,94.9945,3.0651221911548068
,,,,,,9574,-1.45647,2.6348,95.0099,3.015106768747386
,,,,,,9575,-1.45461,2.63517,95.0234,2.972258650940459
,,,,,,9576,-1.45275,2.6356,95.0389,2.9742003526247296
,,,,,,9577,-1.45461,2.63603,95.0543,3.089246774880203
,,,,,,9578,-1.45461,2.63646,95.0699,3.121041897905059
,,,,,,9579,-1.45275,2.63689,95.0853,3.0975314353208834
,,,,,,9580,-1.44903,2.63732,95.1007,3.2143680592685597
,,,,,,9581,-1.45089,2.63774,95.1161,3.125623440406484
,,,,,,9582,-1.45461,2.63817,95.1316,3.012617700238383
,,,,,,9583,-1.45275,2.63857,95.146,3.1408135904663523
,,,,,,9584,-1.45275,2.63899,95.1613,3.1189174103020068
,,,,,,9585,-1.45461,2.63942,95.1766,3.133307231032233
,,,,,,9586,-1.45461,2.63985,95.192,2.9904971527524324
,,,,,,9587,-1.45275,2.64024,95.2063,3.0893893442148874
,,,,,,9588,-1.45089,2.64069,95.2225,3.1047328923872555
,,,,,,9589,-1.45275,2.64112,95.238,3.155919358050971
,,,,,,9591,-1.45461,2.64155,95.2534,3.0041207780775965
,,,,,,9592,-1.45275,2.64195,95.2678,3.0985822045641678
,,,,,,9593,-1.45461,2.64238,95.2832,3.0887634616388113
,,,,,,9594,-1.45275,2.6428,95.2987,3.0931949374531333
,,,,,,9595,-1.45275,2.64324,95.3142,3.1231513403535396
,,,,,,9596,-1.45275,2.64363,95.3284,3.0586192960990983
,,,,,,9597,-1.45275,2.64407,95.3444,3.09208693423484
,,,,,,9598,-1.45275,2.64445,95.3579,2.9481935673644326
,,,,,,9599,-1.45647,2.64488,95.3733,3.120982090733713
,,,,,,9600,-1.45461,2.64531,95.3891,3.096670656268024
,,,,,,9601,-1.45461,2.64569,95.4029,3.0299069392858917
,,,,,,9602,-1.45461,2.64612,95.4183,3.023878345923372
,,,,,,9603,-1.45461,2.64655,95.4338,3.1206625122517933
,,,,,,9604,-1.45275,2.64695,95.4482,3.055075412689886
,,,,,,9605,-1.45461,2.64739,95.4639,3.11035150326321
,,,,,,9606,-1.45089,2.64781,95.4793,3.0435918838077605
,,,,,,9607,-1.45461,2.64824,95.4948,3.0388529039459287
,,,,,,9608,-1.45275,2.64865,95.5093,3.0531425319497845
,,,,,,9609,-1.45275,2.64907,95.5247,3.055805018099277
,,,,,,9610,-1.45461,2.6495,95.5402,3.06175670354103
,,,,,,9611,-1.45461,2.64994,95.556,3.1330686255715734
,,,,,,9612,-1.45275,2.65033,95.5702,2.9782673044337282
,,,,,,9613,-1.45275,2.65076,95.5856,3.1383005761993763
,,,,,,9614,-1.45461,2.65119,95.601,3.0195220780459433
,,,,,,9615,-1.45275,2.6516,95.616,3.0205190242910054
,,,,,,9617,-1.45461,2.652,95.6302,3.0323155887210222
,,,,,,9618,-1.45275,2.65243,95.6457,3.0931578018812598
,,,,,,9619,-1.45089,2.65286,95.6611,3.048589305527965
,,,,,,9620,-1.45275,2.65328,95.6762,2.9935496702281004
,,,,,,9621,-1.45275,2.65368,95.6909,3.025319898069001
,,,,,,9622,-1.45089,2.65411,95.7062,3.028187812593457
,,,,,,9623,-1.45275,2.65457,95.723,3.004880982629165
,,,,,,9624,-1.45647,2.65496,95.7371,3.0578437639978335
,,,,,,9625,-1.45461,2.6554,95.7529,3.0596671271107065
,,,,,,9626,-1.45461,2.65583,95.7684,3.085050170423649
,,,,,,9627,-1.45275,2.65626,95.7838,3.0928939995931137
,,,,,,9628,-1.45275,2.65669,95.7992,3.045921135965308
,,,,,,9629,-1.45275,2.65711,95.8147,3.017211216937399
,,,,,,9630,-1.45275,2.65754,95.8301,3.030189504932211
,,,,,,9631,-1.45461,2.65797,95.8455,3.052457476416362
,,,,,,9632,-1.45275,2.65839,95.8608,3.041458829384852
,,,,,,9633,-1.45461,2.65882,95.8761,2.962809550860878
,,,,,,9634,-1.45461,2.65919,95.8896,3.046549987605417
,,,,,,9635,-1.45275,2.65962,95.905,3.0993518092713384
,,,,,,9636,-1.45275,2.66005,95.9205,3.0254304119357216
,,,,,,9638,-1.45089,2.66048,95.9359,3.1116980637551372
,,,,,,9639,-1.44903,2.6609,95.9513,3.035364478824257
,,,,,,9640,-1.45275,2.66136,95.9679,3.088926902673067
,,,,,,9641,-1.45275,2.66176,95.9823,3.084222217913276
,,,,,,9642,-1.45275,2.66219,95.9978,3.0617750955467726
,,,,,,9643,-1.45275,2.66262,96.0132,3.0680399518977897
,,,,,,9644,-1.45461,2.66305,96.0286,3.0815636388185363
,,,,,,9645,-1.45461,2.66348,96.0441,3.0424757266973854
,,,,,,9646,-1.45461,2.6639,96.0595,3.0126972758859076
,,,,,,9647,-1.45275,2.66433,96.0749,3.0589147849761766
,,,,,,9648,-1.45275,2.66476,96.0903,3.0454257514778433
,,,,,,9649,-1.45275,2.66519,96.1058,3.0030912508022314
,,,,,,9650,-1.45275,2.66563,96.1219,3.033552011327361
,,,,,,9651,-1.45275,2.66603,96.1362,3.0183965828947956
,,,,,,9652,-1.45275,2.66647,96.1519,3.0490603985734657
,,,,,,9653,-1.45275,2.66689,96.1673,2.9894709891713735
,,,,,,9654,-1.45275,2.66732,96.1828,3.025000377478801
,,,,,,9656,-1.45275,2.66777,96.1988,3.0204077435573917
,,,,,,9657,-1.45275,2.66816,96.2131,3.0780625988830326
,,,,,,9658,-1.45275,2.66859,96.2285,3.109873825525222
,,,,,,9659,-1.45461,2.66902,96.2439,3.078617818407071
,,,,,,9660,-1.45275,2.66939,96.2574,3.071500692129953
,,,,,,9661,-1.45461,2.66981,96.2726,2.9667334923719224
,,,,,,9662,-1.45275,2.67024,96.288,3.0315791271441475
,,,,,,9663,-1.44903,2.67073,96.3055,3.0074903584418835
,,,,,,9664,-1.45461,2.67112,96.3196,2.9681182658194087
,,,,,,9665,-1.45275,2.67154,96.3349,3.09408785260831
,,,,,,9666,-1.45647,2.67197,96.3503,2.996428098195419
,,,,,,9667,-1.45461,2.6724,96.3657,3.030670045954572
,,,,,,9668,-1.45461,2.67284,96.3819,3.0388820476051244
,,,,,,9669,-1.45647,2.67327,96.3973,3.0367992550916325
,,,,,,9670,-1.45461,2.6737,96.4127,3.041260817190408
,,,,,,9671,-1.45461,2.67413,96.4282,2.9629711003351296
,,,,,,9672,-1.45461,2.67456,96.4436,2.9846828739467615
,,,,,,9673,-1.45647,2.67498,96.459,3.007859406716155
,,,,,,9674,-1.45461,2.67541,96.4744,3.0132936353243625
,,,,,,9675,-1.45275,2.67583,96.4896,3.052892578811519
,,,,,,9677,-1.45275,2.67623,96.5039,3.0045139894033723
,,,,,,9678,-1.45275,2.67665,96.5193,3.062193286931003
,,,,,,9679,-1.45647,2.67708,96.5347,3.066372717111997
,,,,,,9680,-1.45275,2.67751,96.5501,3.03139257293182
,,,,,,9681,-1.44903,2.67794,96.5656,3.0320917022365084
,,,,,,9682,-1.45275,2.67837,96.581,2.988970241719516
,,,,,,9683,-1.44717,2.67879,96.5964,3.0954898383137137
,,,,,,9684,-1.45275,2.67922,96.6119,3.0374258281027897
,,,,,,9685,-1.45461,2.67965,96.6273,3.0716254760226103
,,,,,,9686,-1.45461,2.68008,96.6427,3.050763995661496
,,,,,,9687,-1.45461,2.68051,96.6583,3.0117080425352603
,,,,,,9688,-1.45275,2.68093,96.6736,3.0169774942514205
,,,,,,9689,-1.45647,2.68131,96.6871,3.0718149192113415
,,,,,,9690,-1.45461,2.68174,96.7025,3.0126840342383985
,,,,,,9691,-1.45089,2.68216,96.718,2.988819939973462
,,,,,,9692,-1.45461,2.68259,96.7334,3.014087622815918
,,,,,,9693,-1.45275,2.68303,96.7491,3.1004416943670208
,,,,,,9694,-1.45275,2.68342,96.7632,3.047666288999894
,,,,,,9695,-1.45275,2.68382,96.7776,3.1226842276378823
,,,,,,9696,-1.45275,2.68425,96.7931,3.0544608998999534
,,,,,,9697,-1.45275,2.68467,96.8083,3.023828397756526
,,,,,,9699,-1.45461,2.6851,96.8238,3.049434928775285
,,,,,,9700,-1.45461,2.68553,96.8392,3.0256985081395578
,,,,,,9701,-1.45275,2.68598,96.8555,3.0037779311219253
,,,,,,9702,-1.45089,2.68641,96.8709,3.061841701485174
,,,,,,9703,-1.45461,2.68682,96.8859,3.0214747401632103
,,,,,,9704,-1.45275,2.68722,96.9003,3.0345366723977607
,,,,,,9705,-1.45275,2.68765,96.9158,2.9977102222631813
,,,,,,9706,-1.45461,2.68808,96.9312,3.007111519709536
,,,,,,9707,-1.45275,2.68851,96.9468,2.934074321595216
,,,,,,9708,-1.45089,2.68896,96.9629,2.9799381002850707
,,,,,,9709,-1.45275,2.68939,96.9784,2.942650723242793
,,,,,,9710,-1.45275,2.68981,96.9938,3.059818516754183
,,,,,,9711,-1.45275,2.69021,97.0081,2.9633037448471318
,,,,,,9712,-1.45461,2.69064,97.0235,2.9930055057269542
,,,,,,9713,-1.45461,2.69107,97.0389,3.0527313731806363
,,,,,,9714,-1.45647,2.69149,97.0544,2.972417250990968
,,,,,,9716,-1.45275,2.69199,97.0723,2.954663704551616
,,,,,,9717,-1.45275,2.69241,97.0874,3.0038165242489225
,,,,,,9718,-1.45461,2.69279,97.101,2.8922396707677582
,,,,,,9719,-1.45461,2.69324,97.1172,2.9606383247304677
,,,,,,9720,-1.45461,2.69364,97.1318,2.9679706159044357
,,,,,,9721,-1.45461,2.69404,97.1461,2.9322632930174675
,,,,,,9722,-1.45275,2.69446,97.1615,3.0846359633818845
,,,,,,9723,-1.45275,2.69491,97.1775,3.007600879064883
,,,,,,9724,-1.45275,2.69534,97.1929,2.907313725169542
,,,,,,9725,-1.45275,2.69576,97.2084,2.985173015791619
,,,,,,9726,-1.45275,2.69619,97.2238,3.043974241586806
,,,,,,9727,-1.45275,2.6966,97.2383,2.9979732263826153
,,,,,,9728,-1.45275,2.697,97.2529,2.942805613644379
,,,,,,9729,-1.45461,2.69737,97.2664,2.9547591929975563
,,,,,,9730,-1.45275,2.6978,97.2819,2.9293885055016435
,,,,,,9731,-1.45275,2.69823,97.2972,2.975152592051569
,,,,,,9732,-1.45461,2.69865,97.3125,3.012723861437352
,,,,,,9733,-1.45461,2.69908,97.3279,2.962320978183474
,,,,,,9734,-1.45461,2.69951,97.3433,3.0109490291936853
,,,,,,9735,-1.45275,2.69994,97.3589,2.935936195017025
,,,,,,9736,-1.45461,2.70037,97.3743,3.0711070070660442
,,,,,,9737,-1.45275,2.70079,97.3898,3.059188139538321
,,,,,,9738,-1.45275,2.70122,97.4052,3.068855428386123
,,,,,,9739,-1.45275,2.70165,97.4206,2.9913331964923384
,,,,,,9740,-1.45275,2.70207,97.4359,2.923537895769178
,,,,,,9741,-1.45275,2.70245,97.4494,2.9957505707747067
,,,,,,9743,-1.45275,2.70288,97.4649,2.96763656671127
,,,,,,9744,-1.45275,2.70332,97.4807,2.9416404512784444
,,,,,,9745,-1.45275,2.70371,97.495,3.051217472293119
,,,,,,9746,-1.45275,2.70414,97.5104,2.98988058430042
,,,,,,9747,-1.45647,2.70452,97.5242,3.0523723242235996
,,,,,,9748,-1.45275,2.70495,97.5397,3.0195539403928366
,,,,,,9749,-1.45647,2.70539,97.5554,2.993166248175789
,,,,,,9750,-1.45275,2.70582,97.5708,3.003600620937953
,,,,,,9751,-1.45089,2.70624,97.5863,2.944411765866215
,,,,,,9752,-1.45461,2.70667,97.6017,2.9716428677790847
,,,,,,9753,-1.45275,2.7071,97.6171,2.978458150715339
,,,,,,9754,-1.45275,2.70752,97.6324,2.965231130673067
,,,,,,9755,-1.45275,2.7079,97.6459,2.951365090081859
,,,,,,9756,-1.45275,2.70833,97.6614,2.9406323803521013
,,,,,,9757,-1.45461,2.70875,97.6768,2.9437987973518767
,,,,,,9758,-1.45275,2.70918,97.6922,2.862189426117604
,,,,,,9759,-1.45275,2.70963,97.7084,3.033790790458915
,,,,,,9760,-1.45461,2.71003,97.7226,2.9503676700876276
,,,,,,9761,-1.45275,2.71045,97.7381,2.8823504106205116
,,,,,,9762,-1.45275,2.71088,97.7535,2.978843789572046
,,,,,,9763,-1.45275,2.71128,97.7679,2.9855988503487874
,,,,,,9764,-1.45275,2.71171,97.7833,2.9451493587540747
,,,,,,9765,-1.45275,2.71214,97.7988,2.89112975660778
,,,,,,9767,-1.45275,2.71257,97.8142,2.967779678717012
,,,,,,9768,-1.45275,2.71301,97.8301,2.9426812582870343
,,,,,,9769,-1.45461,2.7134,97.8445,2.914055113873623
,,,,,,9770,-1.45461,2.71383,97.8599,2.97140186357351
,,,,,,9771,-1.45275,2.71426,97.8754,3.015301729468155
,,,,,,9772,-1.45089,2.71469,97.8908,3.0914104506758395
,,,,,,9773,-1.45275,2.71512,97.9062,2.969713555818482
,,,,,,9774,-1.44903,2.71555,97.9218,3.0236349623416503
,,,,,,9775,-1.45461,2.71593,97.9356,3.0265922098147144
,,,,,,9776,-1.45461,2.71634,97.9505,2.917129807829113
,,,,,,9777,-1.45275,2.71677,97.9659,2.947736630800337
,,,,,,9778,-1.45275,2.71721,97.9818,2.9424578821987306
,,,,,,9779,-1.45275,2.71763,97.9968,2.916783763360338
,,,,,,9780,-1.45275,2.71801,98.0106,3.019496253577528
,,,,,,9781,-1.45275,2.71844,98.026,3.0132679580800654
,,,,,,9782,-1.45275,2.71888,98.042,2.9663449133196265
,,,,,,9783,-1.45461,2.71929,98.0569,2.9426755047292636
,,,,,,9784,-1.45089,2.71971,98.0719,2.969824881238015
,,,,,,9785,-1.45275,2.72014,98.0873,2.889864921546291
,,,,,,9786,-1.45275,2.72057,98.1027,3.0301493239987454
,,,,,,9787,-1.45089,2.72096,98.1168,2.9515803576824764
,,,,,,9788,-1.45275,2.72139,98.1323,2.892891215178583
,,,,,,9789,-1.45275,2.72183,98.1484,2.9585666238647286
,,,,,,9790,-1.45461,2.72225,98.1636,2.947330888751386
,,,,,,9792,-1.45275,2.72268,98.1788,2.8855880691702778
,,,,,,9793,-1.45461,2.7231,98.1943,2.9649167602446544
,,,,,,9794,-1.45461,2.72353,98.2097,2.991951324234912
,,,,,,9795,-1.45275,2.72396,98.2252,2.86128083575799
,,,,,,9796,-1.45275,2.72439,98.2406,2.878091481367898
,,,,,,9797,-1.45275,2.72482,98.256,2.8937369842831653
,,,,,,9798,-1.45275,2.7252,98.2698,2.9231986576428297
,,,,,,9799,-1.45275,2.72565,98.286,3.0008980977168593
,,,,,,9800,-1.45461,2.72606,98.3007,2.9734978780900785
,,,,,,9801,-1.45275,2.72643,98.3142,2.8989315576364807
,,,,,,9802,-1.45275,2.72686,98.3297,2.974370537943573
,,,,,,9803,-1.45275,2.72729,98.3451,2.9173824776284203
,,,,,,9804,-1.45275,2.72772,98.3605,2.917282475039623
,,,,,,9805,-1.45461,2.72814,98.3759,2.9369459694271054
,,,,,,9806,-1.45461,2.72857,98.3914,2.8752823070621822
,,,,,,9807,-1.45275,2.729,98.4068,2.9219609911107565
,,,,,,9808,-1.45275,2.72943,98.4222,2.9568297189184243
,,,,,,9809,-1.45275,2.72985,98.4376,2.8494369224777953
,,,,,,9810,-1.45275,2.73031,98.4539,2.9419251890003797
,,,,,,9811,-1.45275,2.73069,98.4676,2.951718369807165
,,,,,,9813,-1.45647,2.73111,98.483,2.9381481547786956
,,,,,,9814,-1.45647,2.73154,98.4985,2.7982074969928488
,,,,,,9815,-1.45275,2.73196,98.5136,2.9303496188984806
,,,,,,9816,-1.45275,2.73239,98.5291,2.783585412031621
,,,,,,9817,-1.45461,2.73282,98.5445,2.8633768166387115
,,,,,,9818,-1.45461,2.73324,98.5598,3.0196212541538756
,,,,,,9819,-1.45461,2.73369,98.576,2.914211283294316
,,,,,,9820,-1.45461,2.73406,98.5895,2.898360843360595
,,,,,,9821,-1.45461,2.73449,98.6049,2.899936905856239
,,,,,,9822,-1.45275,2.7349,98.6195,2.889995562468895
,,,,,,9823,-1.45275,2.73532,98.6346,2.8933825537340843
,,,,,,9824,-1.45461,2.73574,98.6501,2.8377831824560813
,,,,,,9825,-1.45461,2.73618,98.6656,2.8830188635677962
,,,,,,9826,-1.45275,2.73656,98.6793,2.9381026770755354
,,,,,,9827,-1.45275,2.73698,98.6946,2.9010127421580396
,,,,,,9828,-1.45275,2.73741,98.71,2.849131826831755
,,,,,,9829,-1.45461,2.73783,98.7254,2.962799244880806
,,,,,,9830,-1.45461,2.73826,98.7409,2.8953061545762626
,,,,,,9831,-1.45275,2.73869,98.7564,2.8559451652537007
,,,,,,9832,-1.45275,2.73912,98.7719,2.8511228532279658
,,,,,,9833,-1.45461,2.73955,98.7873,2.843295438667268
,,,,,,9834,-1.45461,2.73996,98.802,2.8603175344966933
,,,,,,9835,-1.45275,2.74034,98.8158,2.8533555355232036
,,,,,,9836,-1.45461,2.74074,98.8301,2.8832570287886004
,,,,,,9837,-1.45275,2.74119,98.8462,2.77462915925766
,,,,,,9838,-1.45275,2.74156,98.8599,2.8666007156610696
,,,,,,9839,-1.45275,2.74202,98.8764,2.860599506864007
,,,,,,9841,-1.45275,2.74245,98.8918,2.8437908173627924
,,,,,,9842,-1.45461,2.7429,98.9083,2.9131585346060023
,,,,,,9843,-1.45461,2.7433,98.9224,2.826018360143639
,,,,,,9844,-1.45275,2.74373,98.9381,2.962310981246275
,,,,,,9845,-1.45275,2.74413,98.9524,2.8787301787437105
,,,,,,9846,-1.45275,2.74456,98.9681,2.897569398476615
,,,,,,9847,-1.45275,2.74499,98.9835,2.854027734453814
,,,,,,9848,-1.45275,2.74542,98.999,2.838722819950001
,,,,,,9849,-1.45275,2.74585,99.0144,2.7967132724108756
,,,,,,9850,-1.45089,2.74627,99.0296,2.8494602169463183
,,,,,,9851,-1.45275,2.74672,99.0459,2.8560659864119047
,,,,,,9852,-1.45275,2.74715,99.0612,2.729037321660202
,,,,,,9853,-1.45461,2.74752,99.0748,2.8176912252854294
,,,,,,9854,-1.45275,2.74797,99.0911,2.8700641431135816
,,,,,,9855,-1.45461,2.74835,99.1048,2.8661990174293845
,,,,,,9856,-1.45089,2.74878,99.1202,2.794122874874551
,,,,,,9857,-1.45275,2.74921,99.1358,2.759711884558937
,,,,,,9858,-1.45089,2.74961,99.1502,2.985456850997449
,,,,,,9859,-1.45275,2.75003,99.165,2.879106761242483
,,,,,,9860,-1.45647,2.75044,99.18,2.7219412531359857
,,,,,,9861,-1.45275,2.75088,99.1959,2.9031551783020246
,,,,,,9862,-1.45275,2.7513,99.211,2.8531647226883825
,,,,,,9864,-1.45275,2.75173,99.2265,2.828332292918605
,,,,,,9865,-1.45275,2.75215,99.2418,2.7381510174558557
,,,,,,9866,-1.45275,2.75253,99.2553,2.8356770831958586
,,,,,,9867,-1.45275,2.75295,99.2706,2.863803898709043
,,,,,,9868,-1.45275,2.75338,99.286,2.810848123020931
,,,,,,9869,-1.45275,2.75381,99.3014,2.849226123132835
,,,,,,9870,-1.45461,2.75424,99.3169,2.7700837296975407
,,,,,,9871,-1.45461,2.75464,99.3316,2.836251310118373
,,,,,,9872,-1.45275,2.75506,99.3464,2.842114858538964
,,,,,,9873,-1.45275,2.75548,99.3618,2.7773902795444325
,,,,,,9874,-1.45275,2.7559,99.377,2.74317561906529
,,,,,,9875,-1.45275,2.75634,99.3926,2.897266737154717
,,,,,,9876,-1.45275,2.75676,99.408,2.799281744951016
,,,,,,9877,-1.45275,2.75719,99.4234,2.859045538809007
,,,,,,9878,-1.45275,2.75762,99.4389,2.805248313796607
,,,,,,9879,-1.45275,2.75805,99.4543,2.9178717419503974
,,,,,,9880,-1.45275,2.75848,99.4697,2.8300317561548542
,,,,,,9881,-1.45461,2.7589,99.4851,2.8119309452505794
,,,,,,9882,-1.45275,2.75932,99.5003,2.884014971420762
,,,,,,9883,-1.45275,2.75975,99.5156,2.918214729838219
,,,,,,9884,-1.45275,2.76017,99.531,2.7650923433263195
,,,,,,9885,-1.45461,2.7606,99.5464,2.7496598362246867
,,,,,,9887,-1.45275,2.76103,99.5618,2.8006388091234595
,,,,,,9888,-1.45461,2.76146,99.5773,2.780958714322742
,,,,,,9889,-1.45275,2.76189,99.5927,2.821735959055253
,,,,,,9890,-1.45275,2.76231,99.6078,2.8205904317494346
,,,,,,9891,-1.45461,2.76271,99.6226,2.7903651664957407
,,,,,,9892,-1.45461,2.7631,99.6365,2.7475998308209446
,,,,,,9893,-1.45275,2.76353,99.6518,2.7676345907083952
,,,,,,9894,-1.45461,2.76395,99.6673,2.702058314591675
,,,,,,9895,-1.45461,2.76438,99.6827,2.7977356955859594
,,,,,,9896,-1.45275,2.76481,99.6981,2.8264656596384214
,,,,,,9897,-1.45461,2.76524,99.7135,2.752965913699925
,,,,,,9898,-1.45647,2.76566,99.7287,2.783429271803362
,,,,,,9899,-1.45275,2.7661,99.7448,2.763088875724083
,,,,,,9900,-1.45647,2.76648,99.7584,2.7110445331605986
,,,,,,9901,-1.45461,2.76692,99.7744,2.818431575496108
,,,,,,9902,-1.45275,2.7673,99.7881,2.807493543330495
,,,,,,9903,-1.45089,2.76774,99.8036,2.859797910013718
,,,,,,9904,-1.45089,2.76816,99.8191,2.813765062802386
,,,,,,9905,-1.45275,2.76859,99.8345,2.794876444247287
,,,,,,9906,-1.45461,2.76903,99.8502,2.77539697850592
,,,,,,9907,-1.45275,2.76941,99.8642,2.6976532692464885
,,,,,,9908,-1.45275,2.76984,99.8796,2.814800660862624
,,,,,,9909,-1.45275,2.77027,99.8949,2.7970650948531928
,,,,,,9910,-1.45275,2.77064,99.9084,2.8077423273616393
,,,,,,9911,-1.45275,2.77107,99.9239,2.7745137478667923
,,,,,,9913,-1.45275,2.7715,99.9393,2.7295560754803923
,,,,,,9914,-1.45275,2.77195,99.9557,2.835245603241242
,,,,,,9915,-1.45461,2.77238,99.971,2.7498051309054343
,,,,,,9916,-1.45275,2.77275,99.9846,2.796469654652584
,,,,,,9917,-1.45275,2.77318,100.0,2.679457358286559
